arm_internal,attempt_number,completion_output_token_count,execution_index,finish_reason,latency_ms,output_termination_class,parse_status,prompt_input_token_count,provider_error_message,provider_error_type,provider_response_id,provider_returned_model_identity,provider_status,raw_response_path,real_api_attempted,request_finished_at,request_id,request_payload_hash,request_scope,request_started_at,retry_count,schema_status,task_id,total_token_count,transport_status,transport_success,truncation_exposed
A3_NO_FACTLOCK,1,111,0,completed,1661,NORMAL_COMPLETION,NOT_PARSED_RAW_FIRST,510,,,8531428f-15be-4a45-970a-7bb29c8e6ed2,deepseek-v4-flash,completed,raw_responses/A3/stage7e_v1_2_request_6226475487dd94a5b1048e79.json,True,2026-08-25T16:38:52.250183+00:00,stage7e_v1_2_request_6226475487dd94a5b1048e79,6226475487dd94a5b1048e79529e0b90d0cfaf0fcbb086184f0c38330db3b50b,chunk_001,2026-08-25T16:38:50.588170+00:00,0,NOT_VALIDATED_RAW_FIRST,stage7_main_task_008,621,SUCCESS,True,False
A3_NO_FACTLOCK,1,566,1,completed,3228,NORMAL_COMPLETION,NOT_PARSED_RAW_FIRST,2816,,,0947c07c-2450-4534-87ec-5771e738df1c,deepseek-v4-flash,completed,raw_responses/A3/stage7e_v1_2_request_55604f7cd6aec774abfb49a2.json,True,2026-08-25T16:38:55.479623+00:00,stage7e_v1_2_request_55604f7cd6aec774abfb49a2,55604f7cd6aec774abfb49a2b809d8b6e64478afa5ffe12332a80b074d779b47,chunk_004,2026-08-25T16:38:52.250978+00:00,0,NOT_VALIDATED_RAW_FIRST,stage7_main_task_033,3382,SUCCESS,True,False
A3_NO_FACTLOCK,1,498,2,completed,2865,NORMAL_COMPLETION,NOT_PARSED_RAW_FIRST,2249,,,302faae1-7f3e-4719-a48f-d9416e0cc9a0,deepseek-v4-flash,completed,raw_responses/A3/stage7e_v1_2_request_ed20683c324cea6b3e8431b8.json,True,2026-08-25T16:38:58.347544+00:00,stage7e_v1_2_request_ed20683c324cea6b3e8431b8,ed20683c324cea6b3e8431b8150acec289f4aa3bd27a9b370f8d9e2bf9acb427,chunk_006,2026-08-25T16:38:55.482023+00:00,0,NOT_VALIDATED_RAW_FIRST,stage7_main_task_047,2747,SUCCESS,True,False
A3_NO_FACTLOCK,1,504,3,completed,3305,NORMAL_COMPLETION,NOT_PARSED_RAW_FIRST,2553,,,5145ecfc-74c1-45e5-8604-374ecb71754f,deepseek-v4-flash,completed,raw_responses/A3/stage7e_v1_2_request_084a2f6fa6bccbf4f22f4666.json,True,2026-08-25T16:39:01.654519+00:00,stage7e_v1_2_request_084a2f6fa6bccbf4f22f4666,084a2f6fa6bccbf4f22f466646bebd2dbbe1cc6e100fc75d7c4693eb1a09183c,chunk_000,2026-08-25T16:38:58.349194+00:00,0,NOT_VALIDATED_RAW_FIRST,stage7_main_task_013,3057,SUCCESS,True,False
A4_FREE_FINAL_REALIZATION,1,473,4,completed,3960,NORMAL_COMPLETION,NOT_PARSED_RAW_FIRST,1166,,,7bf93a07-f739-410a-9cb3-5a715b4d519d,deepseek-v4-flash,completed,raw_responses/A4/stage7e_v1_2_request_84cc32b41a6d88ec170af245.json,True,2026-08-25T16:39:05.616834+00:00,stage7e_v1_2_request_84cc32b41a6d88ec170af245,84cc32b41a6d88ec170af245de30b6764f220ce14777b11fc8e7c635f5207ce6,task,2026-08-25T16:39:01.656283+00:00,0,NOT_VALIDATED_RAW_FIRST,stage7_main_task_005,1639,SUCCESS,True,False
A3_NO_FACTLOCK,1,503,5,completed,3477,NORMAL_COMPLETION,NOT_PARSED_RAW_FIRST,2513,,,4360c9f9-bc56-4cf1-bc21-1d8e6bcaef10,deepseek-v4-flash,completed,raw_responses/A3/stage7e_v1_2_request_cff6466ae161381c58a1b045.json,True,2026-08-25T16:39:09.097178+00:00,stage7e_v1_2_request_cff6466ae161381c58a1b045,cff6466ae161381c58a1b0456986460f4ae4afd991b13d5ddfed2fdccb03a42f,chunk_001,2026-08-25T16:39:05.619107+00:00,0,NOT_VALIDATED_RAW_FIRST,stage7_main_task_044,3016,SUCCESS,True,False
A3_NO_FACTLOCK,1,501,6,completed,3482,NORMAL_COMPLETION,NOT_PARSED_RAW_FIRST,2266,,,ef9aa5cf-bb11-47bd-bf88-885fb92a20a9,deepseek-v4-flash,completed,raw_responses/A3/stage7e_v1_2_request_e1182555d1a9e5ee7c303a6f.json,True,2026-08-25T16:39:12.580720+00:00,stage7e_v1_2_request_e1182555d1a9e5ee7c303a6f,e1182555d1a9e5ee7c303a6f514f63501b04ab555a7d1fc138b6adcc8350a215,chunk_001,2026-08-25T16:39:09.098622+00:00,0,NOT_VALIDATED_RAW_FIRST,stage7_main_task_019,2767,SUCCESS,True,False
A3_NO_FACTLOCK,1,129,7,completed,1515,NORMAL_COMPLETION,NOT_PARSED_RAW_FIRST,505,,,d50b5d0f-2ebf-48f0-b9d7-ca696cd9aa90,deepseek-v4-flash,completed,raw_responses/A3/stage7e_v1_2_request_c4880c7ed81c75c4b2a608e8.json,True,2026-08-25T16:39:14.098634+00:00,stage7e_v1_2_request_c4880c7ed81c75c4b2a608e8,c4880c7ed81c75c4b2a608e867703a9e5d305a22e0a32ca91501a7d7b3f15b17,chunk_001,2026-08-25T16:39:12.583319+00:00,0,NOT_VALIDATED_RAW_FIRST,stage7_main_task_034,634,SUCCESS,True,False
A4_FREE_FINAL_REALIZATION,1,864,8,completed,5319,NORMAL_COMPLETION,NOT_PARSED_RAW_FIRST,2813,,,c4a17404-1672-477e-953c-c25db0bce15c,deepseek-v4-flash,completed,raw_responses/A4/stage7e_v1_2_request_4b393710a1864b2cf27ea4bd.json,True,2026-08-25T16:39:19.420233+00:00,stage7e_v1_2_request_4b393710a1864b2cf27ea4bd,4b393710a1864b2cf27ea4bd56686a95ed0dafc5aad8e01db0dc0722d92f8f05,task,2026-08-25T16:39:14.100633+00:00,0,NOT_VALIDATED_RAW_FIRST,stage7_main_task_041,3677,SUCCESS,True,False
A4_FREE_FINAL_REALIZATION,1,238,9,completed,2782,NORMAL_COMPLETION,NOT_PARSED_RAW_FIRST,706,,,b801f6a7-4b76-4fcd-b7f0-39d97322dea1,deepseek-v4-flash,completed,raw_responses/A4/stage7e_v1_2_request_fcad5c388d870ed63ac4a6d8.json,True,2026-08-25T16:39:22.204972+00:00,stage7e_v1_2_request_fcad5c388d870ed63ac4a6d8,fcad5c388d870ed63ac4a6d8cdc781b07e5cec995b835356c31f358597657ff5,task,2026-08-25T16:39:19.421946+00:00,0,NOT_VALIDATED_RAW_FIRST,stage7_main_task_007,944,SUCCESS,True,False
A3_NO_FACTLOCK,1,264,10,completed,2251,NORMAL_COMPLETION,NOT_PARSED_RAW_FIRST,1391,,,6bf23338-b21e-4d26-a629-ac78601d6c06,deepseek-v4-flash,completed,raw_responses/A3/stage7e_v1_2_request_1a62226611f035a8c25212e5.json,True,2026-08-25T16:39:24.458354+00:00,stage7e_v1_2_request_1a62226611f035a8c25212e5,1a62226611f035a8c25212e5cc4edee5e7994e9f4e6ebec3cb7ca421532b455a,chunk_003,2026-08-25T16:39:22.206768+00:00,0,NOT_VALIDATED_RAW_FIRST,stage7_main_task_012,1655,SUCCESS,True,False
A2_NO_ARCHITECTURAL_ABSTENTION,1,77,11,completed,1337,NORMAL_COMPLETION,NOT_PARSED_RAW_FIRST,394,,,9ae0d9e4-aee4-475c-be34-edc1ae0e91e9,deepseek-v4-flash,completed,raw_responses/A2/stage7e_v1_2_request_36f99be7956fc8c627092b5c.json,True,2026-08-25T16:39:25.797805+00:00,stage7e_v1_2_request_36f99be7956fc8c627092b5c,36f99be7956fc8c627092b5c282f701ceacda147d396f780e40076804993decf,operational_attention,2026-08-25T16:39:24.460058+00:00,0,NOT_VALIDATED_RAW_FIRST,stage7_main_task_024,471,SUCCESS,True,False
A3_NO_FACTLOCK,1,335,12,completed,2446,NORMAL_COMPLETION,NOT_PARSED_RAW_FIRST,1523,,,70aa85ac-8752-4ac4-a127-a664cb7062b6,deepseek-v4-flash,completed,raw_responses/A3/stage7e_v1_2_request_20c29033346af0ad21a68fdf.json,True,2026-08-25T16:39:28.246303+00:00,stage7e_v1_2_request_20c29033346af0ad21a68fdf,20c29033346af0ad21a68fdf69edbb6649a6acfba0715b361d3833c0e182e649,chunk_002,2026-08-25T16:39:25.799814+00:00,0,NOT_VALIDATED_RAW_FIRST,stage7_main_task_001,1858,SUCCESS,True,False
A3_NO_FACTLOCK,1,297,13,completed,2604,NORMAL_COMPLETION,NOT_PARSED_RAW_FIRST,875,,,751e950a-68fb-429b-b970-b53026129454,deepseek-v4-flash,completed,raw_responses/A3/stage7e_v1_2_request_3681c5b4b9982865974e1987.json,True,2026-08-25T16:39:30.854849+00:00,stage7e_v1_2_request_3681c5b4b9982865974e1987,3681c5b4b9982865974e1987f6e303d500e3c0ea9cae4b0f0bc9e4b32d7aace9,chunk_001,2026-08-25T16:39:28.250147+00:00,0,NOT_VALIDATED_RAW_FIRST,stage7_main_task_041,1172,SUCCESS,True,False
A3_NO_FACTLOCK,1,479,14,completed,3121,NORMAL_COMPLETION,NOT_PARSED_RAW_FIRST,2446,,,5892affc-6635-40a9-84f2-03d7bdb86aa7,deepseek-v4-flash,completed,raw_responses/A3/stage7e_v1_2_request_f6654b85209459ac65262d61.json,True,2026-08-25T16:39:33.977892+00:00,stage7e_v1_2_request_f6654b85209459ac65262d61,f6654b85209459ac65262d612b426988fb6d7fc49851317be14b9c07ffa09542,chunk_006,2026-08-25T16:39:30.856661+00:00,0,NOT_VALIDATED_RAW_FIRST,stage7_main_task_032,2925,SUCCESS,True,False
A3_NO_FACTLOCK,1,492,15,completed,3305,NORMAL_COMPLETION,NOT_PARSED_RAW_FIRST,2451,,,dd970ac9-68d3-41cc-8725-730a8bb20960,deepseek-v4-flash,completed,raw_responses/A3/stage7e_v1_2_request_6b54c704b5026716a2064ebf.json,True,2026-08-25T16:39:37.285745+00:00,stage7e_v1_2_request_6b54c704b5026716a2064ebf,6b54c704b5026716a2064ebf98c186f087093b4ace125d20cf7e1c3b5d7691bc,chunk_000,2026-08-25T16:39:33.980246+00:00,0,NOT_VALIDATED_RAW_FIRST,stage7_main_task_011,2943,SUCCESS,True,False
A3_NO_FACTLOCK,1,469,16,completed,3476,NORMAL_COMPLETION,NOT_PARSED_RAW_FIRST,2443,,,e3ca5359-a6fd-4558-86e1-3bdcfb207263,deepseek-v4-flash,completed,raw_responses/A3/stage7e_v1_2_request_f1c528ab105e3a201113a834.json,True,2026-08-25T16:39:40.763624+00:00,stage7e_v1_2_request_f1c528ab105e3a201113a834,f1c528ab105e3a201113a834f721963bf6a870e0707940ceb1d6a2f07b1d4706,chunk_001,2026-08-25T16:39:37.287042+00:00,0,NOT_VALIDATED_RAW_FIRST,stage7_main_task_001,2912,SUCCESS,True,False
A3_NO_FACTLOCK,1,433,17,completed,2536,NORMAL_COMPLETION,NOT_PARSED_RAW_FIRST,2095,,,45659160-bd0e-48af-8b32-96ed4be1191d,deepseek-v4-flash,completed,raw_responses/A3/stage7e_v1_2_request_4af8a672ef582a2da24c1b48.json,True,2026-08-25T16:39:43.302740+00:00,stage7e_v1_2_request_4af8a672ef582a2da24c1b48,4af8a672ef582a2da24c1b48cd9980c800e41a5b14c1c92a04a909df1a43530d,chunk_002,2026-08-25T16:39:40.766338+00:00,0,NOT_VALIDATED_RAW_FIRST,stage7_main_task_038,2528,SUCCESS,True,False
A3_NO_FACTLOCK,1,528,18,completed,3681,NORMAL_COMPLETION,NOT_PARSED_RAW_FIRST,2517,,,11f5fa6a-0f28-477d-a99a-3c6b9c9fcd83,deepseek-v4-flash,completed,raw_responses/A3/stage7e_v1_2_request_0225b4853138633b995d5511.json,True,2026-08-25T16:39:46.986168+00:00,stage7e_v1_2_request_0225b4853138633b995d5511,0225b4853138633b995d5511e4cc785963f9cdce46c57d4bc1891e6399efe8c1,chunk_002,2026-08-25T16:39:43.304861+00:00,0,NOT_VALIDATED_RAW_FIRST,stage7_main_task_043,3045,SUCCESS,True,False
A3_NO_FACTLOCK,1,528,19,completed,3651,NORMAL_COMPLETION,NOT_PARSED_RAW_FIRST,2495,,,37c8f109-c469-4e8c-bd44-863c5abe532b,deepseek-v4-flash,completed,raw_responses/A3/stage7e_v1_2_request_b3c3237a94ae7d2f34ad88db.json,True,2026-08-25T16:39:50.640320+00:00,stage7e_v1_2_request_b3c3237a94ae7d2f34ad88db,b3c3237a94ae7d2f34ad88dbd8c1a03aea67671c12963465e77707d186a795e2,chunk_001,2026-08-25T16:39:46.988766+00:00,0,NOT_VALIDATED_RAW_FIRST,stage7_main_task_037,3023,SUCCESS,True,False
A4_FREE_FINAL_REALIZATION,1,563,20,completed,4610,NORMAL_COMPLETION,NOT_PARSED_RAW_FIRST,3818,,,ea08fdc2-68d4-4dc5-8af2-8f093d25e5ff,deepseek-v4-flash,completed,raw_responses/A4/stage7e_v1_2_request_f4443cc492d9538bf6435aa4.json,True,2026-08-25T16:39:55.253067+00:00,stage7e_v1_2_request_f4443cc492d9538bf6435aa4,f4443cc492d9538bf6435aa4f93d4d605f415c87cfae645ec8cb2137c80c1113,task,2026-08-25T16:39:50.642298+00:00,0,NOT_VALIDATED_RAW_FIRST,stage7_main_task_030,4381,SUCCESS,True,False
A4_FREE_FINAL_REALIZATION,1,295,21,completed,2345,NORMAL_COMPLETION,NOT_PARSED_RAW_FIRST,2056,,,5c02f8a1-a922-4569-a1ae-298e525c8fd3,deepseek-v4-flash,completed,raw_responses/A4/stage7e_v1_2_request_48e4ec452417e907fa110659.json,True,2026-08-25T16:39:57.600400+00:00,stage7e_v1_2_request_48e4ec452417e907fa110659,48e4ec452417e907fa110659fa1af9a306de7132d8688bcd7e25b746683f5e89,task,2026-08-25T16:39:55.254751+00:00,0,NOT_VALIDATED_RAW_FIRST,stage7_main_task_035,2351,SUCCESS,True,False
A3_NO_FACTLOCK,1,574,22,completed,4233,NORMAL_COMPLETION,NOT_PARSED_RAW_FIRST,2619,,,ba439991-c455-4bd3-bd92-7ec0a5099ebc,deepseek-v4-flash,completed,raw_responses/A3/stage7e_v1_2_request_f9a1bd4f9d6d7f13acc810a6.json,True,2026-08-25T16:40:01.835928+00:00,stage7e_v1_2_request_f9a1bd4f9d6d7f13acc810a6,f9a1bd4f9d6d7f13acc810a67bd44212df98ceb264ec3e23db63575d096e1577,chunk_000,2026-08-25T16:39:57.602707+00:00,0,NOT_VALIDATED_RAW_FIRST,stage7_main_task_000,3193,SUCCESS,True,False
A3_NO_FACTLOCK,1,406,23,completed,3479,NORMAL_COMPLETION,NOT_PARSED_RAW_FIRST,1523,,,3c4f6128-5478-4de6-bd69-b5e350a3ff55,deepseek-v4-flash,completed,raw_responses/A3/stage7e_v1_2_request_1163982282430aed7e4ff717.json,True,2026-08-25T16:40:05.317918+00:00,stage7e_v1_2_request_1163982282430aed7e4ff717,1163982282430aed7e4ff717fcb97430421649a6d0b60eae118fec4a72b5dbab,chunk_005,2026-08-25T16:40:01.838149+00:00,0,NOT_VALIDATED_RAW_FIRST,stage7_main_task_010,1929,SUCCESS,True,False
A3_NO_FACTLOCK,1,452,24,completed,2485,NORMAL_COMPLETION,NOT_PARSED_RAW_FIRST,2408,,,898cd641-22c0-4550-a1b9-955ab32fb13e,deepseek-v4-flash,completed,raw_responses/A3/stage7e_v1_2_request_d34432ca5ea701c8c47db148.json,True,2026-08-25T16:40:07.805573+00:00,stage7e_v1_2_request_d34432ca5ea701c8c47db148,d34432ca5ea701c8c47db148b50698d909f87714efb14045d1e28aebbd18ec8c,chunk_007,2026-08-25T16:40:05.320208+00:00,0,NOT_VALIDATED_RAW_FIRST,stage7_main_task_047,2860,SUCCESS,True,False
A3_NO_FACTLOCK,1,473,25,completed,2999,NORMAL_COMPLETION,NOT_PARSED_RAW_FIRST,2273,,,40d80b86-e4d4-4000-b283-09834b78ea57,deepseek-v4-flash,completed,raw_responses/A3/stage7e_v1_2_request_41d21d97f892dd2f78cb50e4.json,True,2026-08-25T16:40:10.809550+00:00,stage7e_v1_2_request_41d21d97f892dd2f78cb50e4,41d21d97f892dd2f78cb50e4077e6ab80316c85a8367473b86f618a545bad982,chunk_001,2026-08-25T16:40:07.810158+00:00,0,NOT_VALIDATED_RAW_FIRST,stage7_main_task_016,2746,SUCCESS,True,False
A3_NO_FACTLOCK,1,326,26,completed,2170,NORMAL_COMPLETION,NOT_PARSED_RAW_FIRST,1232,,,8fbcb39f-4dcc-4ff8-9831-82238cfb388d,deepseek-v4-flash,completed,raw_responses/A3/stage7e_v1_2_request_0936acecec7af9443a59aed7.json,True,2026-08-25T16:40:12.981673+00:00,stage7e_v1_2_request_0936acecec7af9443a59aed7,0936acecec7af9443a59aed7ab41616fedb85131db29f72b1b40c5a088327261,chunk_000,2026-08-25T16:40:10.811602+00:00,0,NOT_VALIDATED_RAW_FIRST,stage7_main_task_036,1558,SUCCESS,True,False
A3_NO_FACTLOCK,1,542,27,completed,3188,NORMAL_COMPLETION,NOT_PARSED_RAW_FIRST,2481,,,66bd959c-e285-488e-85ca-ba67ec6aae98,deepseek-v4-flash,completed,raw_responses/A3/stage7e_v1_2_request_3c403c415c8b3bdb2430ef0a.json,True,2026-08-25T16:40:16.172072+00:00,stage7e_v1_2_request_3c403c415c8b3bdb2430ef0a,3c403c415c8b3bdb2430ef0a5240264eaf14f85c9b253674108bfac56e977610,chunk_008,2026-08-25T16:40:12.983723+00:00,0,NOT_VALIDATED_RAW_FIRST,stage7_main_task_011,3023,SUCCESS,True,False
A3_NO_FACTLOCK,1,433,28,completed,3069,NORMAL_COMPLETION,NOT_PARSED_RAW_FIRST,1606,,,394de64c-984b-41fc-827a-ddd3ddd79f56,deepseek-v4-flash,completed,raw_responses/A3/stage7e_v1_2_request_4b37bc96883cdeda9d7cd588.json,True,2026-08-25T16:40:19.243867+00:00,stage7e_v1_2_request_4b37bc96883cdeda9d7cd588,4b37bc96883cdeda9d7cd588623594cbb5d63f94dfc57d91cc912308c334ad9b,chunk_014,2026-08-25T16:40:16.174360+00:00,0,NOT_VALIDATED_RAW_FIRST,stage7_main_task_021,2039,SUCCESS,True,False
A3_NO_FACTLOCK,1,468,29,completed,3624,NORMAL_COMPLETION,NOT_PARSED_RAW_FIRST,2535,,,1dfc992c-ea4f-4e6a-9a24-15cc7b161e6f,deepseek-v4-flash,completed,raw_responses/A3/stage7e_v1_2_request_48faf870ed6f9b711fe4c904.json,True,2026-08-25T16:40:22.871248+00:00,stage7e_v1_2_request_48faf870ed6f9b711fe4c904,48faf870ed6f9b711fe4c904663a90377f558b3a065b98fbd634dce8626e2145,chunk_001,2026-08-25T16:40:19.246417+00:00,0,NOT_VALIDATED_RAW_FIRST,stage7_main_task_030,3003,SUCCESS,True,False
A3_NO_FACTLOCK,1,438,30,completed,3046,NORMAL_COMPLETION,NOT_PARSED_RAW_FIRST,2490,,,6f297f18-f3eb-4f5b-bb74-deff9a8c612d,deepseek-v4-flash,completed,raw_responses/A3/stage7e_v1_2_request_291067ef7be73871da4344fa.json,True,2026-08-25T16:40:25.919961+00:00,stage7e_v1_2_request_291067ef7be73871da4344fa,291067ef7be73871da4344fa2e38cc506bb5b1b56990ab53155033da87a50b78,chunk_000,2026-08-25T16:40:22.873744+00:00,0,NOT_VALIDATED_RAW_FIRST,stage7_main_task_012,2928,SUCCESS,True,False
A3_NO_FACTLOCK,1,536,31,completed,3234,NORMAL_COMPLETION,NOT_PARSED_RAW_FIRST,2320,,,8a544b9b-aa68-4a25-91f3-065e2b8dce88,deepseek-v4-flash,completed,raw_responses/A3/stage7e_v1_2_request_b379fd4475cec0425313a5c9.json,True,2026-08-25T16:40:29.156872+00:00,stage7e_v1_2_request_b379fd4475cec0425313a5c9,b379fd4475cec0425313a5c908b3cc8f1fba957f8d92763ac19bf7e7cd91ad51,chunk_001,2026-08-25T16:40:25.922503+00:00,0,NOT_VALIDATED_RAW_FIRST,stage7_main_task_002,2856,SUCCESS,True,False
A4_FREE_FINAL_REALIZATION,1,673,32,completed,5678,NORMAL_COMPLETION,NOT_PARSED_RAW_FIRST,4432,,,edc9d660-64b9-4618-a040-40f846510971,deepseek-v4-flash,completed,raw_responses/A4/stage7e_v1_2_request_a22746a5fb3ac344d6093455.json,True,2026-08-25T16:40:34.837521+00:00,stage7e_v1_2_request_a22746a5fb3ac344d6093455,a22746a5fb3ac344d6093455cd0a19053e3cf49ef317a486c724bb0e591f779a,task,2026-08-25T16:40:29.159362+00:00,0,NOT_VALIDATED_RAW_FIRST,stage7_main_task_003,5105,SUCCESS,True,False
A3_NO_FACTLOCK,1,514,33,completed,3144,NORMAL_COMPLETION,NOT_PARSED_RAW_FIRST,1950,,,c9c0a1d3-0bf7-4cd4-af50-27fe63ea421c,deepseek-v4-flash,completed,raw_responses/A3/stage7e_v1_2_request_a9eb87e4d9d7d9e491b2293b.json,True,2026-08-25T16:40:37.984900+00:00,stage7e_v1_2_request_a9eb87e4d9d7d9e491b2293b,a9eb87e4d9d7d9e491b2293bea70dfa0d8971d3edff7ef60192d348979757b58,chunk_000,2026-08-25T16:40:34.839958+00:00,0,NOT_VALIDATED_RAW_FIRST,stage7_main_task_020,2464,SUCCESS,True,False
A3_NO_FACTLOCK,1,121,34,completed,1773,NORMAL_COMPLETION,NOT_PARSED_RAW_FIRST,507,,,298be375-1e73-4f4e-9b84-7d48f344f69e,deepseek-v4-flash,completed,raw_responses/A3/stage7e_v1_2_request_5faabfe2f1c501d2e13f96b6.json,True,2026-08-25T16:40:39.761071+00:00,stage7e_v1_2_request_5faabfe2f1c501d2e13f96b6,5faabfe2f1c501d2e13f96b6dd92238574a8e1ca74beedc23731ab5ce36c3af3,chunk_001,2026-08-25T16:40:37.987496+00:00,0,NOT_VALIDATED_RAW_FIRST,stage7_main_task_013,628,SUCCESS,True,False
A3_NO_FACTLOCK,1,494,35,completed,3545,NORMAL_COMPLETION,NOT_PARSED_RAW_FIRST,2449,,,a40283f7-39fe-45e8-89c2-cf8561f73a7d,deepseek-v4-flash,completed,raw_responses/A3/stage7e_v1_2_request_ea51a2a342e6c4e1d5a35ddb.json,True,2026-08-25T16:40:43.309282+00:00,stage7e_v1_2_request_ea51a2a342e6c4e1d5a35ddb,ea51a2a342e6c4e1d5a35ddbbc4de7c12a884f5c2c0c3e77c7d18f9e1e4e95b7,chunk_000,2026-08-25T16:40:39.763614+00:00,0,NOT_VALIDATED_RAW_FIRST,stage7_main_task_003,2943,SUCCESS,True,False
A4_FREE_FINAL_REALIZATION,1,540,36,completed,3376,NORMAL_COMPLETION,NOT_PARSED_RAW_FIRST,3697,,,17805537-17ca-4253-bb5a-5bd0669ab858,deepseek-v4-flash,completed,raw_responses/A4/stage7e_v1_2_request_261176e1f05ab63228f34c58.json,True,2026-08-25T16:40:46.690147+00:00,stage7e_v1_2_request_261176e1f05ab63228f34c58,261176e1f05ab63228f34c586bf203e4834faf70050df41b9bd811f06fbab3a9,task,2026-08-25T16:40:43.313767+00:00,0,NOT_VALIDATED_RAW_FIRST,stage7_main_task_029,4237,SUCCESS,True,False
A4_FREE_FINAL_REALIZATION,1,724,37,completed,5014,NORMAL_COMPLETION,NOT_PARSED_RAW_FIRST,4727,,,91fe572b-beb1-4ca2-a467-a030c1b2efd2,deepseek-v4-flash,completed,raw_responses/A4/stage7e_v1_2_request_25a3f8b7452c564863c6faa7.json,True,2026-08-25T16:40:51.706936+00:00,stage7e_v1_2_request_25a3f8b7452c564863c6faa7,25a3f8b7452c564863c6faa77277808a3f680a907be07f48b9de1ba1b0707033,task,2026-08-25T16:40:46.692553+00:00,0,NOT_VALIDATED_RAW_FIRST,stage7_main_task_001,5451,SUCCESS,True,False
A4_FREE_FINAL_REALIZATION,1,611,38,completed,4340,NORMAL_COMPLETION,NOT_PARSED_RAW_FIRST,6631,,,28afc593-d516-44d0-89d6-4a9c24af0a7a,deepseek-v4-flash,completed,raw_responses/A4/stage7e_v1_2_request_74dc77bf382386366a8ec537.json,True,2026-08-25T16:40:56.050127+00:00,stage7e_v1_2_request_74dc77bf382386366a8ec537,74dc77bf382386366a8ec537137b5cc2f4f55c0229e5807b639b0a55c29d6544,task,2026-08-25T16:40:51.709391+00:00,0,NOT_VALIDATED_RAW_FIRST,stage7_main_task_002,7242,SUCCESS,True,False
A3_NO_FACTLOCK,1,419,39,completed,3334,NORMAL_COMPLETION,NOT_PARSED_RAW_FIRST,1610,,,95b39dc5-2ff2-4a3e-a6c8-9ef68a20d4d0,deepseek-v4-flash,completed,raw_responses/A3/stage7e_v1_2_request_d5d9803c673ed497d3abf2f4.json,True,2026-08-25T16:40:59.386780+00:00,stage7e_v1_2_request_d5d9803c673ed497d3abf2f4,d5d9803c673ed497d3abf2f47cccdf5fc881df3ac0d55fc7112f9846b344e53b,chunk_001,2026-08-25T16:40:56.052705+00:00,0,NOT_VALIDATED_RAW_FIRST,stage7_main_task_014,2029,SUCCESS,True,False
A3_NO_FACTLOCK,1,460,40,completed,3641,NORMAL_COMPLETION,NOT_PARSED_RAW_FIRST,2485,,,80c06aa8-90f5-4607-9f08-547e886b8f19,deepseek-v4-flash,completed,raw_responses/A3/stage7e_v1_2_request_b8d924eaaa46a395bfbd93c8.json,True,2026-08-25T16:41:03.031386+00:00,stage7e_v1_2_request_b8d924eaaa46a395bfbd93c8,b8d924eaaa46a395bfbd93c84a3e6fc541c1a491a40af775c11d9e71f6974555,chunk_002,2026-08-25T16:40:59.389645+00:00,0,NOT_VALIDATED_RAW_FIRST,stage7_main_task_010,2945,SUCCESS,True,False
A2_NO_ARCHITECTURAL_ABSTENTION,1,78,41,completed,1225,NORMAL_COMPLETION,NOT_PARSED_RAW_FIRST,398,,,0c5414ad-b3d5-4cef-b1d2-c2781f883ddd,deepseek-v4-flash,completed,raw_responses/A2/stage7e_v1_2_request_7abf35a93cf85ac68ad9728f.json,True,2026-08-25T16:41:04.259421+00:00,stage7e_v1_2_request_7abf35a93cf85ac68ad9728f,7abf35a93cf85ac68ad9728fca19ca1128673bdeaee231421e61250cbfc907a3,operational_attention,2026-08-25T16:41:03.033682+00:00,0,NOT_VALIDATED_RAW_FIRST,stage7_main_task_012,476,SUCCESS,True,False
A2_NO_ARCHITECTURAL_ABSTENTION,1,79,42,completed,984,NORMAL_COMPLETION,NOT_PARSED_RAW_FIRST,385,,,38859dec-2647-43b1-a88f-0b8245a2aa76,deepseek-v4-flash,completed,raw_responses/A2/stage7e_v1_2_request_d45636cdf9b5dd514d16e761.json,True,2026-08-25T16:41:05.245857+00:00,stage7e_v1_2_request_d45636cdf9b5dd514d16e761,d45636cdf9b5dd514d16e7615e942f4c8a8b50feb7e698e175ffc18dcea7a48d,coupled_attention,2026-08-25T16:41:04.261710+00:00,0,NOT_VALIDATED_RAW_FIRST,stage7_main_task_003,464,SUCCESS,True,False
A3_NO_FACTLOCK,1,482,43,completed,2841,NORMAL_COMPLETION,NOT_PARSED_RAW_FIRST,2515,,,cdce35e5-3c88-4e5b-a6f0-1fbd42c866cc,deepseek-v4-flash,completed,raw_responses/A3/stage7e_v1_2_request_c272ddf4f081bebf8cc0e47c.json,True,2026-08-25T16:41:08.090401+00:00,stage7e_v1_2_request_c272ddf4f081bebf8cc0e47c,c272ddf4f081bebf8cc0e47cd5358a1772f65fa2b1fd415126b837b69aef14e3,chunk_012,2026-08-25T16:41:05.248365+00:00,0,NOT_VALIDATED_RAW_FIRST,stage7_main_task_021,2997,SUCCESS,True,False
A3_NO_FACTLOCK,1,450,44,completed,2968,NORMAL_COMPLETION,NOT_PARSED_RAW_FIRST,2420,,,57603943-98b9-41ac-bf77-894514c2ba53,deepseek-v4-flash,completed,raw_responses/A3/stage7e_v1_2_request_60da54aafd8714befa5e8d0b.json,True,2026-08-25T16:41:11.061768+00:00,stage7e_v1_2_request_60da54aafd8714befa5e8d0b,60da54aafd8714befa5e8d0bdc6bcbe26cacca1afa31aaf602b59c4d24ac1492,chunk_009,2026-08-25T16:41:08.093019+00:00,0,NOT_VALIDATED_RAW_FIRST,stage7_main_task_011,2870,SUCCESS,True,False
A3_NO_FACTLOCK,1,480,45,completed,3172,NORMAL_COMPLETION,NOT_PARSED_RAW_FIRST,2450,,,3fde57d9-2563-4d36-b683-95804398b7a1,deepseek-v4-flash,completed,raw_responses/A3/stage7e_v1_2_request_997dfaffa2c7d01238156870.json,True,2026-08-25T16:41:14.237806+00:00,stage7e_v1_2_request_997dfaffa2c7d01238156870,997dfaffa2c7d012381568703819721b8fad75bda524a453f51efa28dcccf1e1,chunk_003,2026-08-25T16:41:11.065543+00:00,0,NOT_VALIDATED_RAW_FIRST,stage7_main_task_021,2930,SUCCESS,True,False
A3_NO_FACTLOCK,1,613,46,completed,3759,NORMAL_COMPLETION,NOT_PARSED_RAW_FIRST,2505,,,44b81f6f-5d76-4773-8797-b4197589847d,deepseek-v4-flash,completed,raw_responses/A3/stage7e_v1_2_request_d76b38465990f5423dbf4d2e.json,True,2026-08-25T16:41:18.000034+00:00,stage7e_v1_2_request_d76b38465990f5423dbf4d2e,d76b38465990f5423dbf4d2e83e681d31697a10e5002184e736afc04b438291c,chunk_001,2026-08-25T16:41:14.240731+00:00,0,NOT_VALIDATED_RAW_FIRST,stage7_main_task_021,3118,SUCCESS,True,False
A2_NO_ARCHITECTURAL_ABSTENTION,1,190,47,completed,1967,NORMAL_COMPLETION,NOT_PARSED_RAW_FIRST,839,,,2e9e8521-494c-4a26-89a8-1a1ee291f7c8,deepseek-v4-flash,completed,raw_responses/A2/stage7e_v1_2_request_87a19f629a670f3650097e2f.json,True,2026-08-25T16:41:19.969820+00:00,stage7e_v1_2_request_87a19f629a670f3650097e2f,87a19f629a670f3650097e2ffaca2f849f051a3305fed18419a34b6d5445f2ee,operational_attention,2026-08-25T16:41:18.002266+00:00,0,NOT_VALIDATED_RAW_FIRST,stage7_main_task_002,1029,SUCCESS,True,False
A3_NO_FACTLOCK,1,481,48,completed,3231,NORMAL_COMPLETION,NOT_PARSED_RAW_FIRST,2482,,,4911e092-7151-48a8-a6b6-52070ae30d5c,deepseek-v4-flash,completed,raw_responses/A3/stage7e_v1_2_request_f5c05dc35b4760014550ec48.json,True,2026-08-25T16:41:23.203948+00:00,stage7e_v1_2_request_f5c05dc35b4760014550ec48,f5c05dc35b4760014550ec480fceb9e0eb892ba5b37ec7aa762d8890e6919d45,chunk_000,2026-08-25T16:41:19.972658+00:00,0,NOT_VALIDATED_RAW_FIRST,stage7_main_task_001,2963,SUCCESS,True,False
A4_FREE_FINAL_REALIZATION,1,2089,49,completed,11406,NORMAL_COMPLETION,NOT_PARSED_RAW_FIRST,15750,,,f538fc47-36ae-41a2-9529-b8ab19d369f5,deepseek-v4-flash,completed,raw_responses/A4/stage7e_v1_2_request_69863eca62c98ae240053192.json,True,2026-08-25T16:41:34.613433+00:00,stage7e_v1_2_request_69863eca62c98ae240053192,69863eca62c98ae240053192d86b018a7333bb73fe3365adec5713fae07c991e,task,2026-08-25T16:41:23.206353+00:00,0,NOT_VALIDATED_RAW_FIRST,stage7_main_task_047,17839,SUCCESS,True,False
A3_NO_FACTLOCK,1,600,50,completed,4000,NORMAL_COMPLETION,NOT_PARSED_RAW_FIRST,2796,,,86eb4eb0-cbcd-42ce-ac36-f891f1ee4f42,deepseek-v4-flash,completed,raw_responses/A3/stage7e_v1_2_request_e791668fc362b0c93465cc1c.json,True,2026-08-25T16:41:38.617419+00:00,stage7e_v1_2_request_e791668fc362b0c93465cc1c,e791668fc362b0c93465cc1cb9f2c0ed45f3c0927a2a15a98916a64e5c059c22,chunk_013,2026-08-25T16:41:34.616877+00:00,0,NOT_VALIDATED_RAW_FIRST,stage7_main_task_021,3396,SUCCESS,True,False
A3_NO_FACTLOCK,1,512,51,completed,3331,NORMAL_COMPLETION,NOT_PARSED_RAW_FIRST,2549,,,7d37cff6-0bef-4f61-b53e-732096b538fe,deepseek-v4-flash,completed,raw_responses/A3/stage7e_v1_2_request_a60178702cc3d98105072ec5.json,True,2026-08-25T16:41:41.951664+00:00,stage7e_v1_2_request_a60178702cc3d98105072ec5,a60178702cc3d98105072ec562238e0038ff9706812448ae8661effeb222f565,chunk_002,2026-08-25T16:41:38.620066+00:00,0,NOT_VALIDATED_RAW_FIRST,stage7_main_task_012,3061,SUCCESS,True,False
A3_NO_FACTLOCK,1,502,52,completed,3409,NORMAL_COMPLETION,NOT_PARSED_RAW_FIRST,2469,,,040f7919-d5c9-4899-92ea-0c4ab485affb,deepseek-v4-flash,completed,raw_responses/A3/stage7e_v1_2_request_3c8f8f76e1143d370b194f32.json,True,2026-08-25T16:41:45.364073+00:00,stage7e_v1_2_request_3c8f8f76e1143d370b194f32,3c8f8f76e1143d370b194f32b0d2953859e3de39b4c52ceccf3250e24ddadcd3,chunk_002,2026-08-25T16:41:41.954363+00:00,0,NOT_VALIDATED_RAW_FIRST,stage7_main_task_017,2971,SUCCESS,True,False
A3_NO_FACTLOCK,1,447,53,completed,3176,NORMAL_COMPLETION,NOT_PARSED_RAW_FIRST,2436,,,94a6b373-7bac-4ca9-a4b2-3bc8395acf3d,deepseek-v4-flash,completed,raw_responses/A3/stage7e_v1_2_request_1821215329baa4cf9c47630a.json,True,2026-08-25T16:41:48.542168+00:00,stage7e_v1_2_request_1821215329baa4cf9c47630a,1821215329baa4cf9c47630abff9af05cac3aace244d9611fa5b474bb51a6da5,chunk_001,2026-08-25T16:41:45.365814+00:00,0,NOT_VALIDATED_RAW_FIRST,stage7_main_task_003,2883,SUCCESS,True,False
A3_NO_FACTLOCK,1,583,54,completed,3701,NORMAL_COMPLETION,NOT_PARSED_RAW_FIRST,2552,,,a16098dd-804e-4372-a3f1-30f8b23fa72d,deepseek-v4-flash,completed,raw_responses/A3/stage7e_v1_2_request_f8779910006e13ae25877cf1.json,True,2026-08-25T16:41:52.246297+00:00,stage7e_v1_2_request_f8779910006e13ae25877cf1,f8779910006e13ae25877cf18f4285197fa6480d4356f88129881fb563478257,chunk_000,2026-08-25T16:41:48.544933+00:00,0,NOT_VALIDATED_RAW_FIRST,stage7_main_task_047,3135,SUCCESS,True,False
A3_NO_FACTLOCK,1,471,55,completed,2915,NORMAL_COMPLETION,NOT_PARSED_RAW_FIRST,2515,,,1efac385-d0e7-411b-867e-ae26e961f82a,deepseek-v4-flash,completed,raw_responses/A3/stage7e_v1_2_request_0bebae04d3b4ba0f078f6b52.json,True,2026-08-25T16:41:55.164603+00:00,stage7e_v1_2_request_0bebae04d3b4ba0f078f6b52,0bebae04d3b4ba0f078f6b52813834de94d6dba3c0eec417e8858bec8fe02704,chunk_000,2026-08-25T16:41:52.248852+00:00,0,NOT_VALIDATED_RAW_FIRST,stage7_main_task_010,2986,SUCCESS,True,False
A2_NO_ARCHITECTURAL_ABSTENTION,1,78,56,completed,1325,NORMAL_COMPLETION,NOT_PARSED_RAW_FIRST,393,,,1082837c-73e5-467e-8d10-47df544f411a,deepseek-v4-flash,completed,raw_responses/A2/stage7e_v1_2_request_01c16c9d26128bbf9a64a9e0.json,True,2026-08-25T16:41:56.491339+00:00,stage7e_v1_2_request_01c16c9d26128bbf9a64a9e0,01c16c9d26128bbf9a64a9e09cd08ff11f342be9ae53ae3db3a2913d35316367,operational_attention,2026-08-25T16:41:55.166069+00:00,0,NOT_VALIDATED_RAW_FIRST,stage7_main_task_023,471,SUCCESS,True,False
A3_NO_FACTLOCK,1,522,57,completed,3809,NORMAL_COMPLETION,NOT_PARSED_RAW_FIRST,2431,,,cb2f7691-69e3-4864-94db-a39a74714237,deepseek-v4-flash,completed,raw_responses/A3/stage7e_v1_2_request_12e20a11ffb6d2b54c8f2725.json,True,2026-08-25T16:42:00.303874+00:00,stage7e_v1_2_request_12e20a11ffb6d2b54c8f2725,12e20a11ffb6d2b54c8f2725548b9c8e4639384c44f8b1e8d2a8af534176cfed,chunk_001,2026-08-25T16:41:56.494285+00:00,0,NOT_VALIDATED_RAW_FIRST,stage7_main_task_017,2953,SUCCESS,True,False
A2_NO_ARCHITECTURAL_ABSTENTION,1,179,58,completed,2139,NORMAL_COMPLETION,NOT_PARSED_RAW_FIRST,832,,,5a427600-994a-4150-a0a1-aed0c3637c03,deepseek-v4-flash,completed,raw_responses/A2/stage7e_v1_2_request_8aeb7595163fbb8d54c06bd6.json,True,2026-08-25T16:42:02.446342+00:00,stage7e_v1_2_request_8aeb7595163fbb8d54c06bd6,8aeb7595163fbb8d54c06bd628142d710cc225e17fcbccb2d63a9795436a8098,operational_attention,2026-08-25T16:42:00.307000+00:00,0,NOT_VALIDATED_RAW_FIRST,stage7_main_task_038,1011,SUCCESS,True,False
A3_NO_FACTLOCK,1,469,59,completed,3092,NORMAL_COMPLETION,NOT_PARSED_RAW_FIRST,2488,,,ef0f63ab-29a3-4286-bb7e-06c9a285ba62,deepseek-v4-flash,completed,raw_responses/A3/stage7e_v1_2_request_3c83f182696eaf26ae36e4bb.json,True,2026-08-25T16:42:05.541465+00:00,stage7e_v1_2_request_3c83f182696eaf26ae36e4bb,3c83f182696eaf26ae36e4bb2332a5fca6fa8f5b1a6c11e8d7f165234521f142,chunk_001,2026-08-25T16:42:02.448971+00:00,0,NOT_VALIDATED_RAW_FIRST,stage7_main_task_032,2957,SUCCESS,True,False
A3_NO_FACTLOCK,1,550,60,completed,3672,NORMAL_COMPLETION,NOT_PARSED_RAW_FIRST,2506,,,eb12ee20-b41c-45fe-9ab8-a0438ab4cb5c,deepseek-v4-flash,completed,raw_responses/A3/stage7e_v1_2_request_daa50994ef1a770b399eed3f.json,True,2026-08-25T16:42:09.216857+00:00,stage7e_v1_2_request_daa50994ef1a770b399eed3f,daa50994ef1a770b399eed3f341b0e8efdbdae71524ab31ec046ab7441b4b8b2,chunk_000,2026-08-25T16:42:05.544317+00:00,0,NOT_VALIDATED_RAW_FIRST,stage7_main_task_043,3056,SUCCESS,True,False
A3_NO_FACTLOCK,1,115,61,completed,2155,NORMAL_COMPLETION,NOT_PARSED_RAW_FIRST,500,,,32e306ae-885b-4957-93c6-0e0ebf1f3815,deepseek-v4-flash,completed,raw_responses/A3/stage7e_v1_2_request_dd59551424abc0631e2e16df.json,True,2026-08-25T16:42:11.375787+00:00,stage7e_v1_2_request_dd59551424abc0631e2e16df,dd59551424abc0631e2e16df5f3ff8b82a739aea9ebfe15c817451ce94878062,chunk_000,2026-08-25T16:42:09.219818+00:00,0,NOT_VALIDATED_RAW_FIRST,stage7_main_task_007,615,SUCCESS,True,False
A4_FREE_FINAL_REALIZATION,1,970,62,completed,6141,NORMAL_COMPLETION,NOT_PARSED_RAW_FIRST,5497,,,7d1ac4e3-2e98-401a-8837-bd875084a304,deepseek-v4-flash,completed,raw_responses/A4/stage7e_v1_2_request_c4cf438fa1c3d36baa12a70e.json,True,2026-08-25T16:42:17.520060+00:00,stage7e_v1_2_request_c4cf438fa1c3d36baa12a70e,c4cf438fa1c3d36baa12a70ebc2fc1215901c117ecbf44b423b76ef10d62b73f,task,2026-08-25T16:42:11.378718+00:00,0,NOT_VALIDATED_RAW_FIRST,stage7_main_task_045,6467,SUCCESS,True,False
A3_NO_FACTLOCK,1,115,63,completed,2556,NORMAL_COMPLETION,NOT_PARSED_RAW_FIRST,501,,,0edfbe06-57bb-49ff-a65a-d40228675505,deepseek-v4-flash,completed,raw_responses/A3/stage7e_v1_2_request_ed5b5dcf31c36d09470e585d.json,True,2026-08-25T16:42:20.079503+00:00,stage7e_v1_2_request_ed5b5dcf31c36d09470e585d,ed5b5dcf31c36d09470e585d0acaecb3e8e0bb14985441060bb36c86f320f3a4,chunk_000,2026-08-25T16:42:17.522944+00:00,0,NOT_VALIDATED_RAW_FIRST,stage7_main_task_027,616,SUCCESS,True,False
A3_NO_FACTLOCK,1,453,64,completed,3172,NORMAL_COMPLETION,NOT_PARSED_RAW_FIRST,2458,,,53c96d4f-528e-4b6f-90d8-8dbac713d9c0,deepseek-v4-flash,completed,raw_responses/A3/stage7e_v1_2_request_3caefe571036b6364755e199.json,True,2026-08-25T16:42:23.255380+00:00,stage7e_v1_2_request_3caefe571036b6364755e199,3caefe571036b6364755e199a49d691f008286a478facad6f7b18551bcb4766d,chunk_004,2026-08-25T16:42:20.082989+00:00,0,NOT_VALIDATED_RAW_FIRST,stage7_main_task_021,2911,SUCCESS,True,False
A3_NO_FACTLOCK,1,425,65,completed,2981,NORMAL_COMPLETION,NOT_PARSED_RAW_FIRST,2578,,,666d7302-42bc-4afd-b56b-f5d246253fb6,deepseek-v4-flash,completed,raw_responses/A3/stage7e_v1_2_request_f48a633b184fba8589e5c129.json,True,2026-08-25T16:42:26.239662+00:00,stage7e_v1_2_request_f48a633b184fba8589e5c129,f48a633b184fba8589e5c12916cdc028e1294a57164d1e759ac6b561c2158a82,chunk_000,2026-08-25T16:42:23.258546+00:00,0,NOT_VALIDATED_RAW_FIRST,stage7_main_task_018,3003,SUCCESS,True,False
A2_NO_ARCHITECTURAL_ABSTENTION,1,274,66,completed,2589,NORMAL_COMPLETION,NOT_PARSED_RAW_FIRST,3236,,,1d8d3c07-ea7b-4e42-9593-ba93285b1d6b,deepseek-v4-flash,completed,raw_responses/A2/stage7e_v1_2_request_02ac00c151d8929e7bd56763.json,True,2026-08-25T16:42:28.832095+00:00,stage7e_v1_2_request_02ac00c151d8929e7bd56763,02ac00c151d8929e7bd567634031628452bf3bd49d70cb645ce2e02f90fbe0e8,operational_attention,2026-08-25T16:42:26.242905+00:00,0,NOT_VALIDATED_RAW_FIRST,stage7_main_task_032,3510,SUCCESS,True,False
A3_NO_FACTLOCK,1,444,67,completed,3126,NORMAL_COMPLETION,NOT_PARSED_RAW_FIRST,2487,,,672081c4-6c4e-4149-baf9-ba3a11677fb1,deepseek-v4-flash,completed,raw_responses/A3/stage7e_v1_2_request_09daa1df742b5d18b4aa76a2.json,True,2026-08-25T16:42:31.961301+00:00,stage7e_v1_2_request_09daa1df742b5d18b4aa76a2,09daa1df742b5d18b4aa76a2d75674406bc8c364002839b1896f30992b5fd653,chunk_007,2026-08-25T16:42:28.835204+00:00,0,NOT_VALIDATED_RAW_FIRST,stage7_main_task_021,2931,SUCCESS,True,False
A3_NO_FACTLOCK,1,739,68,completed,4091,NORMAL_COMPLETION,NOT_PARSED_RAW_FIRST,3043,,,76f8f57a-57a8-4e35-bab7-705c26947c94,deepseek-v4-flash,completed,raw_responses/A3/stage7e_v1_2_request_38a8e67c37feb1e3a8b4073f.json,True,2026-08-25T16:42:36.055946+00:00,stage7e_v1_2_request_38a8e67c37feb1e3a8b4073f,38a8e67c37feb1e3a8b4073f653f28d9b53e8bbe257bd11410aef17d7051e0b4,chunk_000,2026-08-25T16:42:31.964566+00:00,0,NOT_VALIDATED_RAW_FIRST,stage7_main_task_046,3782,SUCCESS,True,False
A4_FREE_FINAL_REALIZATION,1,905,69,completed,5525,NORMAL_COMPLETION,NOT_PARSED_RAW_FIRST,3824,,,452678d5-e232-4982-a83b-c08738aa6512,deepseek-v4-flash,completed,raw_responses/A4/stage7e_v1_2_request_b542e3f33c282fba427da7b4.json,True,2026-08-25T16:42:41.584763+00:00,stage7e_v1_2_request_b542e3f33c282fba427da7b4,b542e3f33c282fba427da7b4bd7a9fa7cd34c6f9c99e0b6cab5a2d481af7b06a,task,2026-08-25T16:42:36.059130+00:00,0,NOT_VALIDATED_RAW_FIRST,stage7_main_task_024,4729,SUCCESS,True,False
A4_FREE_FINAL_REALIZATION,1,1020,70,completed,5763,NORMAL_COMPLETION,NOT_PARSED_RAW_FIRST,6603,,,3fe63ed7-aedb-480d-9c55-8d34f0697164,deepseek-v4-flash,completed,raw_responses/A4/stage7e_v1_2_request_a27376519ae1d5eafd179a4e.json,True,2026-08-25T16:42:47.351888+00:00,stage7e_v1_2_request_a27376519ae1d5eafd179a4e,a27376519ae1d5eafd179a4ef774eef6204f788a1c82fb521c55c57a30e83eed,task,2026-08-25T16:42:41.587857+00:00,0,NOT_VALIDATED_RAW_FIRST,stage7_main_task_004,7623,SUCCESS,True,False
A2_NO_ARCHITECTURAL_ABSTENTION,1,76,71,completed,1599,NORMAL_COMPLETION,NOT_PARSED_RAW_FIRST,391,,,c72bf4a9-5aaf-4027-a18c-4a20c00178d3,deepseek-v4-flash,completed,raw_responses/A2/stage7e_v1_2_request_ea42f77fca8d80680cd7fb64.json,True,2026-08-25T16:42:48.954229+00:00,stage7e_v1_2_request_ea42f77fca8d80680cd7fb64,ea42f77fca8d80680cd7fb6480181b03273539ac1871f808eef72ce4882c6ceb,operational_attention,2026-08-25T16:42:47.355003+00:00,0,NOT_VALIDATED_RAW_FIRST,stage7_main_task_004,467,SUCCESS,True,False
A3_NO_FACTLOCK,1,536,72,completed,3583,NORMAL_COMPLETION,NOT_PARSED_RAW_FIRST,2523,,,cbd90e17-7deb-48e5-9258-89930ae0cbe9,deepseek-v4-flash,completed,raw_responses/A3/stage7e_v1_2_request_7aaa43f8805130f766ff3cac.json,True,2026-08-25T16:42:52.541457+00:00,stage7e_v1_2_request_7aaa43f8805130f766ff3cac,7aaa43f8805130f766ff3cac9dc262f033043c43b901b73d17debcb9d784b07c,chunk_000,2026-08-25T16:42:48.957654+00:00,0,NOT_VALIDATED_RAW_FIRST,stage7_main_task_037,3059,SUCCESS,True,False
A3_NO_FACTLOCK,1,546,73,completed,3456,NORMAL_COMPLETION,NOT_PARSED_RAW_FIRST,2475,,,fd0f5e9b-9916-4749-8b5c-cad3c958bcf6,deepseek-v4-flash,completed,raw_responses/A3/stage7e_v1_2_request_22d069161cc6499bcc4c10be.json,True,2026-08-25T16:42:56.001422+00:00,stage7e_v1_2_request_22d069161cc6499bcc4c10be,22d069161cc6499bcc4c10be1e2946f203ef46916ff6a1f66cab0f4771662bec,chunk_004,2026-08-25T16:42:52.544549+00:00,0,NOT_VALIDATED_RAW_FIRST,stage7_main_task_011,3021,SUCCESS,True,False
A3_NO_FACTLOCK,1,318,74,completed,2681,NORMAL_COMPLETION,NOT_PARSED_RAW_FIRST,1368,,,52c2fa97-218f-435c-be84-722a976e3bbe,deepseek-v4-flash,completed,raw_responses/A3/stage7e_v1_2_request_7d161efcb10851cfbff2501e.json,True,2026-08-25T16:42:58.686418+00:00,stage7e_v1_2_request_7d161efcb10851cfbff2501e,7d161efcb10851cfbff2501e233766b5e702884aebbc6799f64afd394a10da42,chunk_002,2026-08-25T16:42:56.004495+00:00,0,NOT_VALIDATED_RAW_FIRST,stage7_main_task_003,1686,SUCCESS,True,False
A4_FREE_FINAL_REALIZATION,1,835,75,completed,5584,NORMAL_COMPLETION,NOT_PARSED_RAW_FIRST,1931,,,ac33be9c-9ce5-4cdd-93b7-d0d44de2e349,deepseek-v4-flash,completed,raw_responses/A4/stage7e_v1_2_request_42d0a8be00445efe1fec3a6a.json,True,2026-08-25T16:43:04.273718+00:00,stage7e_v1_2_request_42d0a8be00445efe1fec3a6a,42d0a8be00445efe1fec3a6aafecbbf50d20e77dfe53357fac5f7df99c1550cc,task,2026-08-25T16:42:58.689537+00:00,0,NOT_VALIDATED_RAW_FIRST,stage7_main_task_015,2766,SUCCESS,True,False
A3_NO_FACTLOCK,1,507,76,completed,3135,NORMAL_COMPLETION,NOT_PARSED_RAW_FIRST,2515,,,3185d032-5430-4cad-b7da-a9c325a3cb05,deepseek-v4-flash,completed,raw_responses/A3/stage7e_v1_2_request_99b0a39dd02e71df0c5a7862.json,True,2026-08-25T16:43:07.413210+00:00,stage7e_v1_2_request_99b0a39dd02e71df0c5a7862,99b0a39dd02e71df0c5a78625333cf8924e202a347a35c4678974c531fbaa491,chunk_001,2026-08-25T16:43:04.277279+00:00,0,NOT_VALIDATED_RAW_FIRST,stage7_main_task_045,3022,SUCCESS,True,False
A3_NO_FACTLOCK,1,771,77,completed,4582,NORMAL_COMPLETION,NOT_PARSED_RAW_FIRST,3031,,,b1abf3e0-9bd7-4e0c-8ec7-b72b35078f85,deepseek-v4-flash,completed,raw_responses/A3/stage7e_v1_2_request_9cecf96a6ca29a80596764c5.json,True,2026-08-25T16:43:11.999019+00:00,stage7e_v1_2_request_9cecf96a6ca29a80596764c5,9cecf96a6ca29a80596764c5910c0ba61ce9dfd480e3018103059a66a5b4ab5a,chunk_000,2026-08-25T16:43:07.416040+00:00,0,NOT_VALIDATED_RAW_FIRST,stage7_main_task_028,3802,SUCCESS,True,False
A3_NO_FACTLOCK,1,529,78,completed,4034,NORMAL_COMPLETION,NOT_PARSED_RAW_FIRST,2545,,,d202c3ec-4d93-4122-be2c-e5940316fa2f,deepseek-v4-flash,completed,raw_responses/A3/stage7e_v1_2_request_08c1f7dbc3da3a4d57cb584a.json,True,2026-08-25T16:43:16.036535+00:00,stage7e_v1_2_request_08c1f7dbc3da3a4d57cb584a,08c1f7dbc3da3a4d57cb584a3595836963f83a971238f3f4a57b25216cfcb726,chunk_000,2026-08-25T16:43:12.002418+00:00,0,NOT_VALIDATED_RAW_FIRST,stage7_main_task_019,3074,SUCCESS,True,False
A3_NO_FACTLOCK,1,507,79,completed,3200,NORMAL_COMPLETION,NOT_PARSED_RAW_FIRST,2293,,,0959e7fd-0c33-4536-8527-da880720eefc,deepseek-v4-flash,completed,raw_responses/A3/stage7e_v1_2_request_d1c12947c3027f443a0b1b47.json,True,2026-08-25T16:43:19.240933+00:00,stage7e_v1_2_request_d1c12947c3027f443a0b1b47,d1c12947c3027f443a0b1b47c62424fbda2edd024a7a34fe82ccf706ca790a3b,chunk_000,2026-08-25T16:43:16.039860+00:00,0,NOT_VALIDATED_RAW_FIRST,stage7_main_task_045,2800,SUCCESS,True,False
A4_FREE_FINAL_REALIZATION,1,375,80,completed,3180,NORMAL_COMPLETION,NOT_PARSED_RAW_FIRST,2444,,,2780a048-e566-474c-b377-45c974849362,deepseek-v4-flash,completed,raw_responses/A4/stage7e_v1_2_request_d9714a9586bf892d45f96a1b.json,True,2026-08-25T16:43:22.423408+00:00,stage7e_v1_2_request_d9714a9586bf892d45f96a1b,d9714a9586bf892d45f96a1bb5a3831c62554f434ae278cc0395ae6cec92883c,task,2026-08-25T16:43:19.242885+00:00,0,NOT_VALIDATED_RAW_FIRST,stage7_main_task_013,2819,SUCCESS,True,False
A3_NO_FACTLOCK,1,504,81,completed,2988,NORMAL_COMPLETION,NOT_PARSED_RAW_FIRST,2490,,,dae9dec7-23ba-4a70-ba0e-cf95627520ee,deepseek-v4-flash,completed,raw_responses/A3/stage7e_v1_2_request_dedb34de3fd716ca71cf7871.json,True,2026-08-25T16:43:25.415910+00:00,stage7e_v1_2_request_dedb34de3fd716ca71cf7871,dedb34de3fd716ca71cf78710c027c91442bceb1e99a70aa71681e26204f25af,chunk_004,2026-08-25T16:43:22.427175+00:00,0,NOT_VALIDATED_RAW_FIRST,stage7_main_task_010,2994,SUCCESS,True,False
A3_NO_FACTLOCK,1,484,82,completed,3126,NORMAL_COMPLETION,NOT_PARSED_RAW_FIRST,2436,,,60d6e39b-ed9b-4134-adef-0a25795b3e84,deepseek-v4-flash,completed,raw_responses/A3/stage7e_v1_2_request_2dc668106cc2dd3efc174e86.json,True,2026-08-25T16:43:28.546226+00:00,stage7e_v1_2_request_2dc668106cc2dd3efc174e86,2dc668106cc2dd3efc174e861d39217a6bce21e0ccf2fd36fc6164bafc0cdd75,chunk_000,2026-08-25T16:43:25.419268+00:00,0,NOT_VALIDATED_RAW_FIRST,stage7_main_task_017,2920,SUCCESS,True,False
A2_NO_ARCHITECTURAL_ABSTENTION,1,176,83,completed,1678,NORMAL_COMPLETION,NOT_PARSED_RAW_FIRST,853,,,1af85652-a010-4bd6-a678-100d029ec435,deepseek-v4-flash,completed,raw_responses/A2/stage7e_v1_2_request_ff03f3385ab46fe89bde2bf9.json,True,2026-08-25T16:43:30.228188+00:00,stage7e_v1_2_request_ff03f3385ab46fe89bde2bf9,ff03f3385ab46fe89bde2bf94ed6e8157c9b4d88fd74c7b1951c5253f5ecade0,forward_attention,2026-08-25T16:43:28.549900+00:00,0,NOT_VALIDATED_RAW_FIRST,stage7_main_task_028,1029,SUCCESS,True,False
A4_FREE_FINAL_REALIZATION,1,590,84,completed,4102,NORMAL_COMPLETION,NOT_PARSED_RAW_FIRST,3912,,,7224592f-17e2-45d9-8c86-6931ceccf382,deepseek-v4-flash,completed,raw_responses/A4/stage7e_v1_2_request_056a44f9c6cf5f5ce4284f5d.json,True,2026-08-25T16:43:34.334506+00:00,stage7e_v1_2_request_056a44f9c6cf5f5ce4284f5d,056a44f9c6cf5f5ce4284f5d6292c0693be0661ea6a2233c521644f54ca728cd,task,2026-08-25T16:43:30.231985+00:00,0,NOT_VALIDATED_RAW_FIRST,stage7_main_task_014,4502,SUCCESS,True,False
A3_NO_FACTLOCK,1,473,85,completed,3649,NORMAL_COMPLETION,NOT_PARSED_RAW_FIRST,2309,,,7d4fde91-bc1c-4938-a507-473e002c4930,deepseek-v4-flash,completed,raw_responses/A3/stage7e_v1_2_request_fcf69c6809e7dcd8d4e8dfa3.json,True,2026-08-25T16:43:37.987790+00:00,stage7e_v1_2_request_fcf69c6809e7dcd8d4e8dfa3,fcf69c6809e7dcd8d4e8dfa37be802e804f2c2bd9d7dc350eb4206e040849eaa,chunk_000,2026-08-25T16:43:34.337881+00:00,0,NOT_VALIDATED_RAW_FIRST,stage7_main_task_035,2782,SUCCESS,True,False
A3_NO_FACTLOCK,1,454,86,completed,2782,NORMAL_COMPLETION,NOT_PARSED_RAW_FIRST,2410,,,85ed9c3e-c70c-4c9a-9f2a-4fd41b952f27,deepseek-v4-flash,completed,raw_responses/A3/stage7e_v1_2_request_0df953e1953580320322cdda.json,True,2026-08-25T16:43:40.773734+00:00,stage7e_v1_2_request_0df953e1953580320322cdda,0df953e1953580320322cdda5262464dc1dd3efd7e6ce65ae4c322d616b37ab1,chunk_002,2026-08-25T16:43:37.991065+00:00,0,NOT_VALIDATED_RAW_FIRST,stage7_main_task_002,2864,SUCCESS,True,False
A4_FREE_FINAL_REALIZATION,1,1003,87,completed,5983,NORMAL_COMPLETION,NOT_PARSED_RAW_FIRST,6636,,,d045883a-8c16-4d33-9b4e-40ad5f57d8a0,deepseek-v4-flash,completed,raw_responses/A4/stage7e_v1_2_request_31595c068e6652de79a5bfd2.json,True,2026-08-25T16:43:46.760707+00:00,stage7e_v1_2_request_31595c068e6652de79a5bfd2,31595c068e6652de79a5bfd28dec279fc3f68fda65a0d9c36e30077f5c1db51b,task,2026-08-25T16:43:40.777350+00:00,0,NOT_VALIDATED_RAW_FIRST,stage7_main_task_043,7639,SUCCESS,True,False
A3_NO_FACTLOCK,1,506,88,completed,3021,NORMAL_COMPLETION,NOT_PARSED_RAW_FIRST,2429,,,da4ff634-5b72-40a6-8634-9d63185dcff3,deepseek-v4-flash,completed,raw_responses/A3/stage7e_v1_2_request_db120ffe90a00e1be2f5736e.json,True,2026-08-25T16:43:49.785831+00:00,stage7e_v1_2_request_db120ffe90a00e1be2f5736e,db120ffe90a00e1be2f5736efffc79c5b49adfc9db513314ec20b920c89846ee,chunk_000,2026-08-25T16:43:46.764389+00:00,0,NOT_VALIDATED_RAW_FIRST,stage7_main_task_038,2935,SUCCESS,True,False
A2_NO_ARCHITECTURAL_ABSTENTION,1,77,89,completed,919,NORMAL_COMPLETION,NOT_PARSED_RAW_FIRST,390,,,25ef8774-02d9-41aa-bb86-6b8cb242b053,deepseek-v4-flash,completed,raw_responses/A2/stage7e_v1_2_request_fc57c4e8705d592eb93a18c3.json,True,2026-08-25T16:43:50.707022+00:00,stage7e_v1_2_request_fc57c4e8705d592eb93a18c3,fc57c4e8705d592eb93a18c3b9a35f16b7fda4cd608a3dfc5771587b9c5c831f,operational_attention,2026-08-25T16:43:49.788834+00:00,0,NOT_VALIDATED_RAW_FIRST,stage7_main_task_016,467,SUCCESS,True,False
A3_NO_FACTLOCK,1,497,90,completed,3585,NORMAL_COMPLETION,NOT_PARSED_RAW_FIRST,2538,,,d6f46f7b-dc32-406c-90f9-5145d2e9ea38,deepseek-v4-flash,completed,raw_responses/A3/stage7e_v1_2_request_045e00d4d4dff9b386b0a547.json,True,2026-08-25T16:43:54.291103+00:00,stage7e_v1_2_request_045e00d4d4dff9b386b0a547,045e00d4d4dff9b386b0a547ec165570979b7885ce20951672f8ee750b0580f4,chunk_000,2026-08-25T16:43:50.710600+00:00,0,NOT_VALIDATED_RAW_FIRST,stage7_main_task_023,3035,SUCCESS,True,False
A3_NO_FACTLOCK,1,408,91,completed,2951,NORMAL_COMPLETION,NOT_PARSED_RAW_FIRST,1757,,,79de6053-11fa-4144-ae86-897566a85cf0,deepseek-v4-flash,completed,raw_responses/A3/stage7e_v1_2_request_fa7ef127ef1a6b4530a15a33.json,True,2026-08-25T16:43:57.242139+00:00,stage7e_v1_2_request_fa7ef127ef1a6b4530a15a33,fa7ef127ef1a6b4530a15a331ca5c9b8169ef401de2466bd2715fe4d2f5cb395,chunk_003,2026-08-25T16:43:54.294293+00:00,0,NOT_VALIDATED_RAW_FIRST,stage7_main_task_004,2165,SUCCESS,True,False
A3_NO_FACTLOCK,1,600,92,completed,3693,NORMAL_COMPLETION,NOT_PARSED_RAW_FIRST,2597,,,bce8555f-16c5-4f5f-9809-5200b966c276,deepseek-v4-flash,completed,raw_responses/A3/stage7e_v1_2_request_fd9672ec2af9b3b8aa5dc9de.json,True,2026-08-25T16:44:00.936546+00:00,stage7e_v1_2_request_fd9672ec2af9b3b8aa5dc9de,fd9672ec2af9b3b8aa5dc9de592afcd725a1e89c2fee7c1d27443c97b74dcbb1,chunk_000,2026-08-25T16:43:57.246445+00:00,0,NOT_VALIDATED_RAW_FIRST,stage7_main_task_041,3197,SUCCESS,True,False
A3_NO_FACTLOCK,1,514,93,completed,3271,NORMAL_COMPLETION,NOT_PARSED_RAW_FIRST,2551,,,7c0bc407-7a62-476b-9a92-e0e43ac45a4b,deepseek-v4-flash,completed,raw_responses/A3/stage7e_v1_2_request_893a1fd047a58f4ab174592e.json,True,2026-08-25T16:44:04.209728+00:00,stage7e_v1_2_request_893a1fd047a58f4ab174592e,893a1fd047a58f4ab174592ea14d24fdab6f8db01dc5990f608792edfc2b69e6,chunk_001,2026-08-25T16:44:00.939981+00:00,0,NOT_VALIDATED_RAW_FIRST,stage7_main_task_023,3065,SUCCESS,True,False
A4_FREE_FINAL_REALIZATION,1,2343,94,completed,13822,NORMAL_COMPLETION,NOT_PARSED_RAW_FIRST,21600,,,58e7b184-40d2-4709-a774-64436e5db82a,deepseek-v4-flash,completed,raw_responses/A4/stage7e_v1_2_request_6750e48f3b7360a4f72f8431.json,True,2026-08-25T16:44:18.029994+00:00,stage7e_v1_2_request_6750e48f3b7360a4f72f8431,6750e48f3b7360a4f72f8431cf646b67664c4881a2689b07261d64123f02ad0a,task,2026-08-25T16:44:04.213529+00:00,0,NOT_VALIDATED_RAW_FIRST,stage7_main_task_011,23943,SUCCESS,True,False
A3_NO_FACTLOCK,1,251,95,completed,2350,NORMAL_COMPLETION,NOT_PARSED_RAW_FIRST,1125,,,0a8f3e89-848b-41e7-beed-aeb36f477afd,deepseek-v4-flash,completed,raw_responses/A3/stage7e_v1_2_request_bd0e2bfa5dbb82f74e01f6b6.json,True,2026-08-25T16:44:20.384329+00:00,stage7e_v1_2_request_bd0e2bfa5dbb82f74e01f6b6,bd0e2bfa5dbb82f74e01f6b6a3eb4d06113f2133f646e1933c1313af5fbd355f,chunk_002,2026-08-25T16:44:18.034212+00:00,0,NOT_VALIDATED_RAW_FIRST,stage7_main_task_019,1376,SUCCESS,True,False
A4_FREE_FINAL_REALIZATION,1,450,96,completed,3649,NORMAL_COMPLETION,NOT_PARSED_RAW_FIRST,2879,,,ac0f2af7-5eec-4fc1-8e36-a3e3c7b4f4db,deepseek-v4-flash,completed,raw_responses/A4/stage7e_v1_2_request_f4c2e7071ffed6499be294ea.json,True,2026-08-25T16:44:24.036183+00:00,stage7e_v1_2_request_f4c2e7071ffed6499be294ea,f4c2e7071ffed6499be294ea83bdd074a39fcdba2164aa6f0c6103bed3c4377b,task,2026-08-25T16:44:20.387809+00:00,0,NOT_VALIDATED_RAW_FIRST,stage7_main_task_026,3329,SUCCESS,True,False
A3_NO_FACTLOCK,1,263,97,completed,2572,NORMAL_COMPLETION,NOT_PARSED_RAW_FIRST,1123,,,85930a98-b286-4ba0-be9c-7e6512ea3e29,deepseek-v4-flash,completed,raw_responses/A3/stage7e_v1_2_request_652cce6a5f14d6bcf1c56e91.json,True,2026-08-25T16:44:26.612145+00:00,stage7e_v1_2_request_652cce6a5f14d6bcf1c56e91,652cce6a5f14d6bcf1c56e91f4d378baa96466c41af995224e4d26d3c54ef7c3,chunk_002,2026-08-25T16:44:24.040008+00:00,0,NOT_VALIDATED_RAW_FIRST,stage7_main_task_037,1386,SUCCESS,True,False
A3_NO_FACTLOCK,1,124,98,completed,1431,NORMAL_COMPLETION,NOT_PARSED_RAW_FIRST,501,,,f25d0b2d-e9e9-4d48-9af1-aa7eea287ec8,deepseek-v4-flash,completed,raw_responses/A3/stage7e_v1_2_request_2b94a40fd32c9cd2383dae84.json,True,2026-08-25T16:44:28.047228+00:00,stage7e_v1_2_request_2b94a40fd32c9cd2383dae84,2b94a40fd32c9cd2383dae84256582325c9fb5128d51fab82c8cb6a3fa2674f3,chunk_010,2026-08-25T16:44:26.615620+00:00,0,NOT_VALIDATED_RAW_FIRST,stage7_main_task_032,625,SUCCESS,True,False
A4_FREE_FINAL_REALIZATION,1,274,99,completed,3448,NORMAL_COMPLETION,NOT_PARSED_RAW_FIRST,712,,,c015c5fb-91cd-4fcb-9851-523c6c74a3b3,deepseek-v4-flash,completed,raw_responses/A4/stage7e_v1_2_request_ef6771a6cd38027be53ebe76.json,True,2026-08-25T16:44:31.498830+00:00,stage7e_v1_2_request_ef6771a6cd38027be53ebe76,ef6771a6cd38027be53ebe769a2a9e7b4a6f459819c544928d3f917522401625,task,2026-08-25T16:44:28.050590+00:00,0,NOT_VALIDATED_RAW_FIRST,stage7_main_task_027,986,SUCCESS,True,False
A3_NO_FACTLOCK,1,531,100,completed,3726,NORMAL_COMPLETION,NOT_PARSED_RAW_FIRST,2525,,,984a8d6e-9447-4c31-882c-3f238b623350,deepseek-v4-flash,completed,raw_responses/A3/stage7e_v1_2_request_4432dbe6744321fff70de49c.json,True,2026-08-25T16:44:35.228556+00:00,stage7e_v1_2_request_4432dbe6744321fff70de49c,4432dbe6744321fff70de49c13c74430a9196a0aa5fb46cffc7e965d7adc7075,chunk_001,2026-08-25T16:44:31.502620+00:00,0,NOT_VALIDATED_RAW_FIRST,stage7_main_task_011,3056,SUCCESS,True,False
A3_NO_FACTLOCK,1,501,101,completed,3569,NORMAL_COMPLETION,NOT_PARSED_RAW_FIRST,2175,,,aaf46b9e-95a0-46bf-904b-4797cdfa2012,deepseek-v4-flash,completed,raw_responses/A3/stage7e_v1_2_request_045305e2f9df9d69bc537ead.json,True,2026-08-25T16:44:38.802418+00:00,stage7e_v1_2_request_045305e2f9df9d69bc537ead,045305e2f9df9d69bc537ead5088d9cfde2d3a58384d5878e3cb82075e201660,chunk_003,2026-08-25T16:44:35.232875+00:00,0,NOT_VALIDATED_RAW_FIRST,stage7_main_task_017,2676,SUCCESS,True,False
A4_FREE_FINAL_REALIZATION,1,730,102,completed,5367,NORMAL_COMPLETION,NOT_PARSED_RAW_FIRST,4471,,,2a0e1653-7bd6-4d23-b483-505ee986f8ee,deepseek-v4-flash,completed,raw_responses/A4/stage7e_v1_2_request_c11f9119ae16090d8bdfc01c.json,True,2026-08-25T16:44:44.173489+00:00,stage7e_v1_2_request_c11f9119ae16090d8bdfc01c,c11f9119ae16090d8bdfc01cd028f9245c89e94652a717b94ee1fd05c05233f2,task,2026-08-25T16:44:38.806268+00:00,0,NOT_VALIDATED_RAW_FIRST,stage7_main_task_019,5201,SUCCESS,True,False
A2_NO_ARCHITECTURAL_ABSTENTION,1,76,103,completed,1597,NORMAL_COMPLETION,NOT_PARSED_RAW_FIRST,390,,,c07d27dc-9657-41a3-97dc-4d5e03f4059e,deepseek-v4-flash,completed,raw_responses/A2/stage7e_v1_2_request_ba0f602d5e2a0d1a7b391ee3.json,True,2026-08-25T16:44:45.774653+00:00,stage7e_v1_2_request_ba0f602d5e2a0d1a7b391ee3,ba0f602d5e2a0d1a7b391ee369062cd9d8ca03780e372f45d4c209b632d3de24,operational_attention,2026-08-25T16:44:44.177663+00:00,0,NOT_VALIDATED_RAW_FIRST,stage7_main_task_030,466,SUCCESS,True,False
A3_NO_FACTLOCK,1,557,104,completed,4077,NORMAL_COMPLETION,NOT_PARSED_RAW_FIRST,2530,,,b5647964-8607-4360-b3b1-779fe236c76f,deepseek-v4-flash,completed,raw_responses/A3/stage7e_v1_2_request_11b54f3a7b204fa8980a5a07.json,True,2026-08-25T16:44:49.856260+00:00,stage7e_v1_2_request_11b54f3a7b204fa8980a5a07,11b54f3a7b204fa8980a5a07d9e2e23d7362cb699c22eaa9c6a69eb5d2457e3e,chunk_003,2026-08-25T16:44:45.778748+00:00,0,NOT_VALIDATED_RAW_FIRST,stage7_main_task_047,3087,SUCCESS,True,False
A3_NO_FACTLOCK,1,505,105,completed,3648,NORMAL_COMPLETION,NOT_PARSED_RAW_FIRST,2529,,,234706a9-3706-4dc3-a512-537c6ba4c3bf,deepseek-v4-flash,completed,raw_responses/A3/stage7e_v1_2_request_a0f65547612b3e8b472af417.json,True,2026-08-25T16:44:53.508772+00:00,stage7e_v1_2_request_a0f65547612b3e8b472af417,a0f65547612b3e8b472af417590da4710433a2dec25f0190211fb4011530cc70,chunk_005,2026-08-25T16:44:49.860686+00:00,0,NOT_VALIDATED_RAW_FIRST,stage7_main_task_021,3034,SUCCESS,True,False
A3_NO_FACTLOCK,1,469,106,completed,3220,NORMAL_COMPLETION,NOT_PARSED_RAW_FIRST,2459,,,dacbc3cb-f635-4f6e-874b-f19fd30eb1b5,deepseek-v4-flash,completed,raw_responses/A3/stage7e_v1_2_request_5da000bb6643a0e84be81589.json,True,2026-08-25T16:44:56.734230+00:00,stage7e_v1_2_request_5da000bb6643a0e84be81589,5da000bb6643a0e84be81589861e37a02857d8ef889b931c904af7c72098e4e0,chunk_010,2026-08-25T16:44:53.513643+00:00,0,NOT_VALIDATED_RAW_FIRST,stage7_main_task_021,2928,SUCCESS,True,False
A4_FREE_FINAL_REALIZATION,1,739,107,completed,5525,NORMAL_COMPLETION,NOT_PARSED_RAW_FIRST,4550,,,ad2a0e08-e304-41dc-a2a6-7d9e1846116f,deepseek-v4-flash,completed,raw_responses/A4/stage7e_v1_2_request_3ea0f5500cf4957401cbeec4.json,True,2026-08-25T16:45:02.263359+00:00,stage7e_v1_2_request_3ea0f5500cf4957401cbeec4,3ea0f5500cf4957401cbeec452faa8e16c32a29b868f533e9ec13282ff0f7bdb,task,2026-08-25T16:44:56.738183+00:00,0,NOT_VALIDATED_RAW_FIRST,stage7_main_task_037,5289,SUCCESS,True,False
A3_NO_FACTLOCK,1,469,108,completed,3408,NORMAL_COMPLETION,NOT_PARSED_RAW_FIRST,2470,,,c55ca22b-05cd-4af1-8742-000c70909b7a,deepseek-v4-flash,completed,raw_responses/A3/stage7e_v1_2_request_f4cb99efef56f05d3aa9dc15.json,True,2026-08-25T16:45:05.677327+00:00,stage7e_v1_2_request_f4cb99efef56f05d3aa9dc15,f4cb99efef56f05d3aa9dc1598db77aa8129d2b448e88a233ef5be5ec13c0be1,chunk_000,2026-08-25T16:45:02.269122+00:00,0,NOT_VALIDATED_RAW_FIRST,stage7_main_task_024,2939,SUCCESS,True,False
A4_FREE_FINAL_REALIZATION,1,939,109,completed,6617,NORMAL_COMPLETION,NOT_PARSED_RAW_FIRST,5495,,,9b757679-cbb7-47be-893b-c5048b56c055,deepseek-v4-flash,completed,raw_responses/A4/stage7e_v1_2_request_e06c69295b2b6099dc1d9ac9.json,True,2026-08-25T16:45:12.298785+00:00,stage7e_v1_2_request_e06c69295b2b6099dc1d9ac9,e06c69295b2b6099dc1d9ac98bcc4704bd3abbefcf1802b66a74139d3cf15331,task,2026-08-25T16:45:05.681058+00:00,0,NOT_VALIDATED_RAW_FIRST,stage7_main_task_044,6434,SUCCESS,True,False
A3_NO_FACTLOCK,1,642,110,completed,3970,NORMAL_COMPLETION,NOT_PARSED_RAW_FIRST,2322,,,f356584f-e543-42f8-882e-0b15c237ae50,deepseek-v4-flash,completed,raw_responses/A3/stage7e_v1_2_request_165ed5b7b62854835523622a.json,True,2026-08-25T16:45:16.273415+00:00,stage7e_v1_2_request_165ed5b7b62854835523622a,165ed5b7b62854835523622afa5815437cda3b1b992659f68712ac013ff83aa6,chunk_000,2026-08-25T16:45:12.302945+00:00,0,NOT_VALIDATED_RAW_FIRST,stage7_main_task_025,2964,SUCCESS,True,False
A2_NO_ARCHITECTURAL_ABSTENTION,1,77,111,completed,1245,NORMAL_COMPLETION,NOT_PARSED_RAW_FIRST,396,,,15101b82-918b-45a2-a00b-510cc5352f0a,deepseek-v4-flash,completed,raw_responses/A2/stage7e_v1_2_request_fa9e4c0c541ffd679a3d0025.json,True,2026-08-25T16:45:17.523642+00:00,stage7e_v1_2_request_fa9e4c0c541ffd679a3d0025,fa9e4c0c541ffd679a3d0025533a8e064ad035ac3c492066eb11c2b662635b82,operational_attention,2026-08-25T16:45:16.277788+00:00,0,NOT_VALIDATED_RAW_FIRST,stage7_main_task_006,473,SUCCESS,True,False
A3_NO_FACTLOCK,1,577,112,completed,4252,NORMAL_COMPLETION,NOT_PARSED_RAW_FIRST,2363,,,bb26bded-d6ef-48f3-9f65-63ddc2ca5c6b,deepseek-v4-flash,completed,raw_responses/A3/stage7e_v1_2_request_0188b8a84174f6db855bf6e1.json,True,2026-08-25T16:45:21.780045+00:00,stage7e_v1_2_request_0188b8a84174f6db855bf6e1,0188b8a84174f6db855bf6e13b3c5643e983e49682ffb43debe670411dfde087,chunk_003,2026-08-25T16:45:17.527785+00:00,0,NOT_VALIDATED_RAW_FIRST,stage7_main_task_033,2940,SUCCESS,True,False
A3_NO_FACTLOCK,1,521,113,completed,3928,NORMAL_COMPLETION,NOT_PARSED_RAW_FIRST,2562,,,7d4a9cc3-dcbc-45bb-8385-54e0b54e5add,deepseek-v4-flash,completed,raw_responses/A3/stage7e_v1_2_request_c514adb0efb4d55397b3aad5.json,True,2026-08-25T16:45:25.712923+00:00,stage7e_v1_2_request_c514adb0efb4d55397b3aad5,c514adb0efb4d55397b3aad5fcb2e3d5881fd96b6635a35ed0217d6206ceb6c5,chunk_000,2026-08-25T16:45:21.784121+00:00,0,NOT_VALIDATED_RAW_FIRST,stage7_main_task_016,3083,SUCCESS,True,False
A3_NO_FACTLOCK,1,472,114,completed,3129,NORMAL_COMPLETION,NOT_PARSED_RAW_FIRST,2450,,,f7fbeead-5220-42c5-a3c7-baf8f765a658,deepseek-v4-flash,completed,raw_responses/A3/stage7e_v1_2_request_17eacdd6612f216aa3e5e09c.json,True,2026-08-25T16:45:28.845347+00:00,stage7e_v1_2_request_17eacdd6612f216aa3e5e09c,17eacdd6612f216aa3e5e09c48224a019d68f306103a3bb4dbaba279510a1066,chunk_009,2026-08-25T16:45:25.715444+00:00,0,NOT_VALIDATED_RAW_FIRST,stage7_main_task_021,2922,SUCCESS,True,False
A4_FREE_FINAL_REALIZATION,1,2278,115,completed,13044,NORMAL_COMPLETION,NOT_PARSED_RAW_FIRST,24447,,,eaac0da0-1636-4b69-a880-7e1753488ee5,deepseek-v4-flash,completed,raw_responses/A4/stage7e_v1_2_request_64240c33215ecc5a8cea2a64.json,True,2026-08-25T16:45:41.893227+00:00,stage7e_v1_2_request_64240c33215ecc5a8cea2a64,64240c33215ecc5a8cea2a6407a269a18f3514f4517a17f6156014b9da334121,task,2026-08-25T16:45:28.848313+00:00,0,NOT_VALIDATED_RAW_FIRST,stage7_main_task_021,26725,SUCCESS,True,False
A3_NO_FACTLOCK,1,479,116,completed,3076,NORMAL_COMPLETION,NOT_PARSED_RAW_FIRST,2496,,,52059a79-c40e-421b-91fe-ed7e628d5857,deepseek-v4-flash,completed,raw_responses/A3/stage7e_v1_2_request_dfdb5d4b891d91f50fe65451.json,True,2026-08-25T16:45:44.973938+00:00,stage7e_v1_2_request_dfdb5d4b891d91f50fe65451,dfdb5d4b891d91f50fe6545102dccb97df4a40f2c8761553d937970045221dc2,chunk_008,2026-08-25T16:45:41.897369+00:00,0,NOT_VALIDATED_RAW_FIRST,stage7_main_task_032,2975,SUCCESS,True,False
A3_NO_FACTLOCK,1,511,117,completed,3058,NORMAL_COMPLETION,NOT_PARSED_RAW_FIRST,2531,,,323da610-6e69-4223-8af8-f056d743c91c,deepseek-v4-flash,completed,raw_responses/A3/stage7e_v1_2_request_d67d87995e2c25a656ba0e52.json,True,2026-08-25T16:45:48.037016+00:00,stage7e_v1_2_request_d67d87995e2c25a656ba0e52,d67d87995e2c25a656ba0e5220edec8434dcdfae94d5873b9c0c0775718ce894,chunk_011,2026-08-25T16:45:44.978098+00:00,0,NOT_VALIDATED_RAW_FIRST,stage7_main_task_021,3042,SUCCESS,True,False
A3_NO_FACTLOCK,1,456,118,completed,3589,NORMAL_COMPLETION,NOT_PARSED_RAW_FIRST,2439,,,0a663364-de5e-43a8-b5e8-1a12e248c935,deepseek-v4-flash,completed,raw_responses/A3/stage7e_v1_2_request_7e3e0055526b470a624cf26b.json,True,2026-08-25T16:45:51.630160+00:00,stage7e_v1_2_request_7e3e0055526b470a624cf26b,7e3e0055526b470a624cf26b3da0756000cf7dbef981cbb27d1619cacd94bf8d,chunk_005,2026-08-25T16:45:48.040898+00:00,0,NOT_VALIDATED_RAW_FIRST,stage7_main_task_047,2895,SUCCESS,True,False
A3_NO_FACTLOCK,1,540,119,completed,4083,NORMAL_COMPLETION,NOT_PARSED_RAW_FIRST,2642,,,9414c0b5-1ea0-4987-a92a-803473890faa,deepseek-v4-flash,completed,raw_responses/A3/stage7e_v1_2_request_e91a9fca0fa026830f82b19a.json,True,2026-08-25T16:45:55.718387+00:00,stage7e_v1_2_request_e91a9fca0fa026830f82b19a,e91a9fca0fa026830f82b19a2b6f4367627a956cd351aa1b86d18f6e73fcef66,chunk_000,2026-08-25T16:45:51.634390+00:00,0,NOT_VALIDATED_RAW_FIRST,stage7_main_task_008,3182,SUCCESS,True,False
A3_NO_FACTLOCK,1,117,120,completed,1939,NORMAL_COMPLETION,NOT_PARSED_RAW_FIRST,497,,,b2d494dc-436b-442e-a9b7-6e9ba353f775,deepseek-v4-flash,completed,raw_responses/A3/stage7e_v1_2_request_3ec112cd7b34e551b3237d6b.json,True,2026-08-25T16:45:57.662636+00:00,stage7e_v1_2_request_3ec112cd7b34e551b3237d6b,3ec112cd7b34e551b3237d6bd9ed65a9f27100cfa0c5db096d782425dd11d076,chunk_001,2026-08-25T16:45:55.722707+00:00,0,NOT_VALIDATED_RAW_FIRST,stage7_main_task_009,614,SUCCESS,True,False
A3_NO_FACTLOCK,1,496,121,completed,5629,NORMAL_COMPLETION,NOT_PARSED_RAW_FIRST,2448,,,c382d150-f433-45b6-a62a-7e8f14f1adc5,deepseek-v4-flash,completed,raw_responses/A3/stage7e_v1_2_request_8931bc3cd0286877c8c8623d.json,True,2026-08-25T16:46:03.295917+00:00,stage7e_v1_2_request_8931bc3cd0286877c8c8623d,8931bc3cd0286877c8c8623d2e7c77524d9bd9621a552ad63955eca26ea15858,chunk_002,2026-08-25T16:45:57.666378+00:00,0,NOT_VALIDATED_RAW_FIRST,stage7_main_task_021,2944,SUCCESS,True,False
A3_NO_FACTLOCK,1,537,122,completed,3935,NORMAL_COMPLETION,NOT_PARSED_RAW_FIRST,2527,,,3b01d185-1817-4864-b33e-42214db53a51,deepseek-v4-flash,completed,raw_responses/A3/stage7e_v1_2_request_2e1beca2d7e8e7010ee93ad9.json,True,2026-08-25T16:46:07.235242+00:00,stage7e_v1_2_request_2e1beca2d7e8e7010ee93ad9,2e1beca2d7e8e7010ee93ad93e332e1616f331b952279684bfa97d69acc5ef6d,chunk_000,2026-08-25T16:46:03.300035+00:00,0,NOT_VALIDATED_RAW_FIRST,stage7_main_task_032,3064,SUCCESS,True,False
A4_FREE_FINAL_REALIZATION,1,748,123,completed,5373,NORMAL_COMPLETION,NOT_PARSED_RAW_FIRST,4548,,,c15f34c8-8530-4dad-9414-211420581b64,deepseek-v4-flash,completed,raw_responses/A4/stage7e_v1_2_request_4efca5180359b8d595144766.json,True,2026-08-25T16:46:12.613032+00:00,stage7e_v1_2_request_4efca5180359b8d595144766,4efca5180359b8d595144766047bde9370b15060f34d5a990b4e051568009f4b,task,2026-08-25T16:46:07.239725+00:00,0,NOT_VALIDATED_RAW_FIRST,stage7_main_task_042,5296,SUCCESS,True,False
A3_NO_FACTLOCK,1,467,124,completed,3579,NORMAL_COMPLETION,NOT_PARSED_RAW_FIRST,2444,,,fdcd83eb-d307-458c-b0a0-a0636d7957ac,deepseek-v4-flash,completed,raw_responses/A3/stage7e_v1_2_request_4d5e6c96326a09dee6d8be2f.json,True,2026-08-25T16:46:16.197611+00:00,stage7e_v1_2_request_4d5e6c96326a09dee6d8be2f,4d5e6c96326a09dee6d8be2f9191d8bd55764f2a3ff9a99f9820b069bdfe231a,chunk_007,2026-08-25T16:46:12.617868+00:00,0,NOT_VALIDATED_RAW_FIRST,stage7_main_task_011,2911,SUCCESS,True,False
A3_NO_FACTLOCK,1,467,125,completed,3468,NORMAL_COMPLETION,NOT_PARSED_RAW_FIRST,1605,,,0d366505-3814-4013-833a-4b2f15cbf34e,deepseek-v4-flash,completed,raw_responses/A3/stage7e_v1_2_request_5617ea5df31d007090f72723.json,True,2026-08-25T16:46:19.670515+00:00,stage7e_v1_2_request_5617ea5df31d007090f72723,5617ea5df31d007090f72723b0d309535372dc2ae65d9e36a1198f86b2914a9b,chunk_001,2026-08-25T16:46:16.201938+00:00,0,NOT_VALIDATED_RAW_FIRST,stage7_main_task_028,2072,SUCCESS,True,False
A3_NO_FACTLOCK,1,471,126,completed,3465,NORMAL_COMPLETION,NOT_PARSED_RAW_FIRST,2373,,,eb698292-5e29-40aa-ba0d-777638fec368,deepseek-v4-flash,completed,raw_responses/A3/stage7e_v1_2_request_b05e22a0272ee70bc52f6624.json,True,2026-08-25T16:46:23.139882+00:00,stage7e_v1_2_request_b05e22a0272ee70bc52f6624,b05e22a0272ee70bc52f6624a5a64cf2e1f49005892ed3f662874f208582fc1a,chunk_001,2026-08-25T16:46:19.674539+00:00,0,NOT_VALIDATED_RAW_FIRST,stage7_main_task_029,2844,SUCCESS,True,False
A3_NO_FACTLOCK,1,569,127,completed,4215,NORMAL_COMPLETION,NOT_PARSED_RAW_FIRST,2328,,,1ad3c2c3-20fc-4816-b207-81d91489d357,deepseek-v4-flash,completed,raw_responses/A3/stage7e_v1_2_request_216adb0f26a02840abf1c677.json,True,2026-08-25T16:46:27.360033+00:00,stage7e_v1_2_request_216adb0f26a02840abf1c677,216adb0f26a02840abf1c6778f1ea54a08c43b52619ddd4e24bc603994dc124c,chunk_005,2026-08-25T16:46:23.144396+00:00,0,NOT_VALIDATED_RAW_FIRST,stage7_main_task_032,2897,SUCCESS,True,False
A3_NO_FACTLOCK,1,558,128,completed,3734,NORMAL_COMPLETION,NOT_PARSED_RAW_FIRST,2507,,,545062c7-6296-442a-92af-4c45e24e9550,deepseek-v4-flash,completed,raw_responses/A3/stage7e_v1_2_request_5cf0bf51217c78e5ebf891fe.json,True,2026-08-25T16:46:31.099022+00:00,stage7e_v1_2_request_5cf0bf51217c78e5ebf891fe,5cf0bf51217c78e5ebf891fedf3683e88b7ffe7d4ad9bf7a878382939de78b70,chunk_004,2026-08-25T16:46:27.364240+00:00,0,NOT_VALIDATED_RAW_FIRST,stage7_main_task_032,3065,SUCCESS,True,False
A3_NO_FACTLOCK,1,498,129,completed,3606,NORMAL_COMPLETION,NOT_PARSED_RAW_FIRST,2524,,,fa697ea4-6448-49da-9860-a5511076face,deepseek-v4-flash,completed,raw_responses/A3/stage7e_v1_2_request_b8e707322c37f287baf1139e.json,True,2026-08-25T16:46:34.709534+00:00,stage7e_v1_2_request_b8e707322c37f287baf1139e,b8e707322c37f287baf1139efb3549c60edec8a2d7a4b9aa5d17922fa8d8eee5,chunk_002,2026-08-25T16:46:31.103200+00:00,0,NOT_VALIDATED_RAW_FIRST,stage7_main_task_033,3022,SUCCESS,True,False
A2_NO_ARCHITECTURAL_ABSTENTION,1,174,130,completed,2039,NORMAL_COMPLETION,NOT_PARSED_RAW_FIRST,851,,,457c41ae-7108-42b9-9f57-af891ac4d1c4,deepseek-v4-flash,completed,raw_responses/A2/stage7e_v1_2_request_58f0ca081d2b634473a0a255.json,True,2026-08-25T16:46:36.753947+00:00,stage7e_v1_2_request_58f0ca081d2b634473a0a255,58f0ca081d2b634473a0a255146a4042ad255101d41277480ca502d7cfd8c39b,forward_attention,2026-08-25T16:46:34.714340+00:00,0,NOT_VALIDATED_RAW_FIRST,stage7_main_task_025,1025,SUCCESS,True,False
A3_NO_FACTLOCK,1,547,131,completed,4322,NORMAL_COMPLETION,NOT_PARSED_RAW_FIRST,2529,,,d01ea479-fe78-471e-b92b-2186b5c06da0,deepseek-v4-flash,completed,raw_responses/A3/stage7e_v1_2_request_3d635fd2357f50fc8e1ea6b8.json,True,2026-08-25T16:46:41.080888+00:00,stage7e_v1_2_request_3d635fd2357f50fc8e1ea6b8,3d635fd2357f50fc8e1ea6b8143a864e526ae6064633c32f6b7ee9ef8d5f53d4,chunk_003,2026-08-25T16:46:36.758143+00:00,0,NOT_VALIDATED_RAW_FIRST,stage7_main_task_011,3076,SUCCESS,True,False
A2_NO_ARCHITECTURAL_ABSTENTION,1,102,132,completed,1635,NORMAL_COMPLETION,NOT_PARSED_RAW_FIRST,396,,,19027bb7-9d5f-4885-aaf5-d5cb94ae3590,deepseek-v4-flash,completed,raw_responses/A2/stage7e_v1_2_request_e344b12ddc0137090b5edca7.json,True,2026-08-25T16:46:42.720262+00:00,stage7e_v1_2_request_e344b12ddc0137090b5edca7,e344b12ddc0137090b5edca741198b32f84c153dd03b903178af23a7d1fe5aba,operational_attention,2026-08-25T16:46:41.084375+00:00,0,NOT_VALIDATED_RAW_FIRST,stage7_main_task_035,498,SUCCESS,True,False
A3_NO_FACTLOCK,1,537,133,completed,3580,NORMAL_COMPLETION,NOT_PARSED_RAW_FIRST,2504,,,d961d8aa-b662-48e9-969c-c9008bee113f,deepseek-v4-flash,completed,raw_responses/A3/stage7e_v1_2_request_156afa3a5a351660d279bfe8.json,True,2026-08-25T16:46:46.304677+00:00,stage7e_v1_2_request_156afa3a5a351660d279bfe8,156afa3a5a351660d279bfe84853cb91f67d8cfbab8290fcb091ab9ead4ffff6,chunk_006,2026-08-25T16:46:42.724589+00:00,0,NOT_VALIDATED_RAW_FIRST,stage7_main_task_011,3041,SUCCESS,True,False
A2_NO_ARCHITECTURAL_ABSTENTION,1,98,134,completed,1712,NORMAL_COMPLETION,NOT_PARSED_RAW_FIRST,390,,,56e48b74-b292-46e0-b832-bd983b4b55ab,deepseek-v4-flash,completed,raw_responses/A2/stage7e_v1_2_request_af72c2a2d7b596810ac41235.json,True,2026-08-25T16:46:48.022084+00:00,stage7e_v1_2_request_af72c2a2d7b596810ac41235,af72c2a2d7b596810ac41235a65538b1b259b02a79f064f115a1c31a99f8f266,operational_attention,2026-08-25T16:46:46.309062+00:00,0,NOT_VALIDATED_RAW_FIRST,stage7_main_task_007,488,SUCCESS,True,False
A3_NO_FACTLOCK,1,522,135,completed,3473,NORMAL_COMPLETION,NOT_PARSED_RAW_FIRST,2493,,,4b794f40-8a4d-4ee7-8e15-ae088ae27b05,deepseek-v4-flash,completed,raw_responses/A3/stage7e_v1_2_request_995c0e008046af83f2624652.json,True,2026-08-25T16:46:51.499539+00:00,stage7e_v1_2_request_995c0e008046af83f2624652,995c0e008046af83f262465217de3e4684af16aee1025499faf2a9e53412a443,chunk_004,2026-08-25T16:46:48.026203+00:00,0,NOT_VALIDATED_RAW_FIRST,stage7_main_task_047,3015,SUCCESS,True,False
A2_NO_ARCHITECTURAL_ABSTENTION,1,78,136,completed,1459,NORMAL_COMPLETION,NOT_PARSED_RAW_FIRST,384,,,43936bb6-38bb-4331-b68f-22cd23008630,deepseek-v4-flash,completed,raw_responses/A2/stage7e_v1_2_request_52f52038acef934148f46726.json,True,2026-08-25T16:46:52.964011+00:00,stage7e_v1_2_request_52f52038acef934148f46726,52f52038acef934148f46726da7d5004ab5acaed400ea5ea5cc5320b097c859d,coupled_attention,2026-08-25T16:46:51.504701+00:00,0,NOT_VALIDATED_RAW_FIRST,stage7_main_task_031,462,SUCCESS,True,False
A4_FREE_FINAL_REALIZATION,1,1286,137,completed,7262,NORMAL_COMPLETION,NOT_PARSED_RAW_FIRST,9968,,,39ca648e-02ae-40e6-8101-87c297b1c5e3,deepseek-v4-flash,completed,raw_responses/A4/stage7e_v1_2_request_84239df1af6498304e4d2f5a.json,True,2026-08-25T16:47:00.230340+00:00,stage7e_v1_2_request_84239df1af6498304e4d2f5a,84239df1af6498304e4d2f5a8bdc02ba1373916b59e55f98cad957e3b8c1a025,task,2026-08-25T16:46:52.968079+00:00,0,NOT_VALIDATED_RAW_FIRST,stage7_main_task_033,11254,SUCCESS,True,False
A3_NO_FACTLOCK,1,108,138,completed,2660,NORMAL_COMPLETION,NOT_PARSED_RAW_FIRST,504,,,d6d141aa-2f96-4a48-bdc3-8cc8b492e547,deepseek-v4-flash,completed,raw_responses/A3/stage7e_v1_2_request_593b2d7b0fcc0bf35307c863.json,True,2026-08-25T16:47:02.893965+00:00,stage7e_v1_2_request_593b2d7b0fcc0bf35307c863,593b2d7b0fcc0bf35307c863940d7b4bad2a382ddfeb468e140d83a42ea0e410,chunk_002,2026-08-25T16:47:00.233429+00:00,0,NOT_VALIDATED_RAW_FIRST,stage7_main_task_023,612,SUCCESS,True,False
A2_NO_ARCHITECTURAL_ABSTENTION,1,94,139,completed,1605,NORMAL_COMPLETION,NOT_PARSED_RAW_FIRST,387,,,0d8b24f5-f66f-4f08-b3e3-d4ce7d5f3f06,deepseek-v4-flash,completed,raw_responses/A2/stage7e_v1_2_request_c0e2ba5808c3c3f525ac9e0b.json,True,2026-08-25T16:47:04.504223+00:00,stage7e_v1_2_request_c0e2ba5808c3c3f525ac9e0b,c0e2ba5808c3c3f525ac9e0b9a36fd98485c4f6e13742e893403a0acbe35a793,operational_attention,2026-08-25T16:47:02.899151+00:00,0,NOT_VALIDATED_RAW_FIRST,stage7_main_task_031,481,SUCCESS,True,False
A3_NO_FACTLOCK,1,541,140,completed,3607,NORMAL_COMPLETION,NOT_PARSED_RAW_FIRST,2692,,,1067c7fa-1826-46fa-b070-62534c4a172f,deepseek-v4-flash,completed,raw_responses/A3/stage7e_v1_2_request_fbc1dcc96bd099c66c0e250a.json,True,2026-08-25T16:47:08.115891+00:00,stage7e_v1_2_request_fbc1dcc96bd099c66c0e250a,fbc1dcc96bd099c66c0e250aa8eea5f3c3f91e104762f31dbc5def0dc81a9b6b,chunk_009,2026-08-25T16:47:04.508598+00:00,0,NOT_VALIDATED_RAW_FIRST,stage7_main_task_032,3233,SUCCESS,True,False
A3_NO_FACTLOCK,1,481,141,completed,3682,NORMAL_COMPLETION,NOT_PARSED_RAW_FIRST,2459,,,d3116400-0797-4905-a271-e5b7587c45bc,deepseek-v4-flash,completed,raw_responses/A3/stage7e_v1_2_request_badb0b1d7d544efd79f2bf7e.json,True,2026-08-25T16:47:11.803415+00:00,stage7e_v1_2_request_badb0b1d7d544efd79f2bf7e,badb0b1d7d544efd79f2bf7e624a047ee4addf18e36f1b096b17ff683cf977c9,chunk_002,2026-08-25T16:47:08.120546+00:00,0,NOT_VALIDATED_RAW_FIRST,stage7_main_task_011,2940,SUCCESS,True,False
A3_NO_FACTLOCK,1,938,142,completed,6036,NORMAL_COMPLETION,NOT_PARSED_RAW_FIRST,3046,,,c2096ad5-f577-4b41-b5ec-699145dd10b3,deepseek-v4-flash,completed,raw_responses/A3/stage7e_v1_2_request_455192a394ffde6814adf2e5.json,True,2026-08-25T16:47:17.844659+00:00,stage7e_v1_2_request_455192a394ffde6814adf2e5,455192a394ffde6814adf2e5bcd84a2ad52933c564990f21676850b1b6687a59,chunk_000,2026-08-25T16:47:11.808004+00:00,0,NOT_VALIDATED_RAW_FIRST,stage7_main_task_034,3984,SUCCESS,True,False
A4_FREE_FINAL_REALIZATION,1,1180,143,completed,6852,NORMAL_COMPLETION,NOT_PARSED_RAW_FIRST,6440,,,47a370aa-39e7-46f1-9127-b4c1b64d0a5a,deepseek-v4-flash,completed,raw_responses/A4/stage7e_v1_2_request_685010e36ede803c481331f6.json,True,2026-08-25T16:47:24.701724+00:00,stage7e_v1_2_request_685010e36ede803c481331f6,685010e36ede803c481331f6e96d79f3c8b4140b567189d5fc52beee8f796212,task,2026-08-25T16:47:17.849389+00:00,0,NOT_VALIDATED_RAW_FIRST,stage7_main_task_012,7620,SUCCESS,True,False
A4_FREE_FINAL_REALIZATION,1,794,144,completed,6450,NORMAL_COMPLETION,NOT_PARSED_RAW_FIRST,3105,,,1745d313-2bbe-412b-9077-1c44aa74966f,deepseek-v4-flash,completed,raw_responses/A4/stage7e_v1_2_request_ac3ed9808b09aabef0d75ee9.json,True,2026-08-25T16:47:31.157030+00:00,stage7e_v1_2_request_ac3ed9808b09aabef0d75ee9,ac3ed9808b09aabef0d75ee9ea6904c1a2348863ed0e293113989588ccb994fd,task,2026-08-25T16:47:24.706836+00:00,0,NOT_VALIDATED_RAW_FIRST,stage7_main_task_034,3899,SUCCESS,True,False
A2_NO_ARCHITECTURAL_ABSTENTION,1,176,145,completed,2350,NORMAL_COMPLETION,NOT_PARSED_RAW_FIRST,829,,,c1c3c2dc-446b-4572-8c6c-cfef198b65e6,deepseek-v4-flash,completed,raw_responses/A2/stage7e_v1_2_request_bb9d0ca400ec41af54c8b3a7.json,True,2026-08-25T16:47:33.512042+00:00,stage7e_v1_2_request_bb9d0ca400ec41af54c8b3a7,bb9d0ca400ec41af54c8b3a7713c826c7273c97319399f9da14f8bb396999d0a,operational_attention,2026-08-25T16:47:31.161993+00:00,0,NOT_VALIDATED_RAW_FIRST,stage7_main_task_018,1005,SUCCESS,True,False
A2_NO_ARCHITECTURAL_ABSTENTION,1,74,146,completed,1545,NORMAL_COMPLETION,NOT_PARSED_RAW_FIRST,389,,,d6b66e6d-0cc4-4ee1-9aff-f78212053010,deepseek-v4-flash,completed,raw_responses/A2/stage7e_v1_2_request_a591dbd590798b732d52cd6c.json,True,2026-08-25T16:47:35.062616+00:00,stage7e_v1_2_request_a591dbd590798b732d52cd6c,a591dbd590798b732d52cd6c4f03ef0f31b8291b63ce75d57c11f65c0c06c593,operational_attention,2026-08-25T16:47:33.517093+00:00,0,NOT_VALIDATED_RAW_FIRST,stage7_main_task_009,463,SUCCESS,True,False
A4_FREE_FINAL_REALIZATION,1,379,147,completed,3129,NORMAL_COMPLETION,NOT_PARSED_RAW_FIRST,2454,,,83667f71-58d1-4338-80b4-e635220df27c,deepseek-v4-flash,completed,raw_responses/A4/stage7e_v1_2_request_f9671bb7f6a3e26fe918942e.json,True,2026-08-25T16:47:38.196719+00:00,stage7e_v1_2_request_f9671bb7f6a3e26fe918942e,f9671bb7f6a3e26fe918942ee52ffd0129178a2c7e6932e24d0b5583e7f106ef,task,2026-08-25T16:47:35.067253+00:00,0,NOT_VALIDATED_RAW_FIRST,stage7_main_task_018,2833,SUCCESS,True,False
A3_NO_FACTLOCK,1,815,148,completed,5039,NORMAL_COMPLETION,NOT_PARSED_RAW_FIRST,2698,,,3c1c8a49-3ecf-4dac-ab4b-9438d4b29b81,deepseek-v4-flash,completed,raw_responses/A3/stage7e_v1_2_request_b3dbf97feb0cb7cd772cdfc8.json,True,2026-08-25T16:47:43.241264+00:00,stage7e_v1_2_request_b3dbf97feb0cb7cd772cdfc8,b3dbf97feb0cb7cd772cdfc8b84ebd43be191eb4e0daed90a0e866794dbd2ad6,chunk_012,2026-08-25T16:47:38.201399+00:00,0,NOT_VALIDATED_RAW_FIRST,stage7_main_task_011,3513,SUCCESS,True,False
A3_NO_FACTLOCK,1,576,149,completed,3609,NORMAL_COMPLETION,NOT_PARSED_RAW_FIRST,2433,,,13e8fdd2-56cf-4362-b5f1-6005564b2924,deepseek-v4-flash,completed,raw_responses/A3/stage7e_v1_2_request_5cec319e6268294a0c1a3a41.json,True,2026-08-25T16:47:46.856018+00:00,stage7e_v1_2_request_5cec319e6268294a0c1a3a41,5cec319e6268294a0c1a3a418a59b5501da4697bdba51a9f817e91de33205561,chunk_011,2026-08-25T16:47:43.246490+00:00,0,NOT_VALIDATED_RAW_FIRST,stage7_main_task_011,3009,SUCCESS,True,False
A3_NO_FACTLOCK,1,455,150,completed,5501,NORMAL_COMPLETION,NOT_PARSED_RAW_FIRST,2462,,,c8276d00-6a7f-45d6-8ccd-c379ad97cc26,deepseek-v4-flash,completed,raw_responses/A3/stage7e_v1_2_request_f98e513ffd1d5d224f1ff9f4.json,True,2026-08-25T16:47:52.362787+00:00,stage7e_v1_2_request_f98e513ffd1d5d224f1ff9f4,f98e513ffd1d5d224f1ff9f4d2d813dcbc920406f4f7e6bd71d796e1810ff4bd,chunk_001,2026-08-25T16:47:46.860885+00:00,0,NOT_VALIDATED_RAW_FIRST,stage7_main_task_033,2917,SUCCESS,True,False
A3_NO_FACTLOCK,1,542,151,completed,4492,NORMAL_COMPLETION,NOT_PARSED_RAW_FIRST,2584,,,40969dbc-abee-4e26-aabc-053468a84cd9,deepseek-v4-flash,completed,raw_responses/A3/stage7e_v1_2_request_d3074a7f3a29bce75e47594a.json,True,2026-08-25T16:47:56.860847+00:00,stage7e_v1_2_request_d3074a7f3a29bce75e47594a,d3074a7f3a29bce75e47594a82986d98b8b8f0c65a8852f2792aa09edab5b8db,chunk_001,2026-08-25T16:47:52.368125+00:00,0,NOT_VALIDATED_RAW_FIRST,stage7_main_task_024,3126,SUCCESS,True,False
A4_FREE_FINAL_REALIZATION,1,662,152,completed,6039,NORMAL_COMPLETION,NOT_PARSED_RAW_FIRST,17050,,,c98f7ff8-fcd6-473d-a6e4-d22ced73b301,deepseek-v4-flash,completed,raw_responses/A4/stage7e_v1_2_request_7d9df47f48b788098ffbfe0d.json,True,2026-08-25T16:48:02.905898+00:00,stage7e_v1_2_request_7d9df47f48b788098ffbfe0d,7d9df47f48b788098ffbfe0d855b02debf4ca8ea44a96f3ffcb13569f9ae6a7b,task,2026-08-25T16:47:56.866350+00:00,0,NOT_VALIDATED_RAW_FIRST,stage7_main_task_032,17712,SUCCESS,True,False
A3_NO_FACTLOCK,1,575,153,completed,3719,NORMAL_COMPLETION,NOT_PARSED_RAW_FIRST,2518,,,213c4cfc-30ca-48d9-bb39-423e4b92ef71,deepseek-v4-flash,completed,raw_responses/A3/stage7e_v1_2_request_dab2b01a46d2bb5deb40e758.json,True,2026-08-25T16:48:06.630789+00:00,stage7e_v1_2_request_dab2b01a46d2bb5deb40e758,dab2b01a46d2bb5deb40e7589e5ac154b80882f95cc34148de3eec25f36334d6,chunk_000,2026-08-25T16:48:02.910817+00:00,0,NOT_VALIDATED_RAW_FIRST,stage7_main_task_029,3093,SUCCESS,True,False
A4_FREE_FINAL_REALIZATION,1,360,154,completed,3332,NORMAL_COMPLETION,NOT_PARSED_RAW_FIRST,2225,,,72cd4f23-8e7a-4f8b-aa70-e8423bfe17d6,deepseek-v4-flash,completed,raw_responses/A4/stage7e_v1_2_request_f480ebcc3f118ec56ceff148.json,True,2026-08-25T16:48:09.967876+00:00,stage7e_v1_2_request_f480ebcc3f118ec56ceff148,f480ebcc3f118ec56ceff148e26d21b55cea3d640010a1d7c52aea210d8c9045,task,2026-08-25T16:48:06.635753+00:00,0,NOT_VALIDATED_RAW_FIRST,stage7_main_task_031,2585,SUCCESS,True,False
A2_NO_ARCHITECTURAL_ABSTENTION,1,81,155,completed,1628,NORMAL_COMPLETION,NOT_PARSED_RAW_FIRST,390,,,c281512a-62d3-48b5-ba4e-2d4ecee6e04c,deepseek-v4-flash,completed,raw_responses/A2/stage7e_v1_2_request_638214c7231844754f9974e7.json,True,2026-08-25T16:48:11.601459+00:00,stage7e_v1_2_request_638214c7231844754f9974e7,638214c7231844754f9974e76536f116106d6a32da206ae5a5ede3d0f150db9e,coupled_attention,2026-08-25T16:48:09.972726+00:00,0,NOT_VALIDATED_RAW_FIRST,stage7_main_task_037,471,SUCCESS,True,False
A3_NO_FACTLOCK,1,328,156,completed,3209,NORMAL_COMPLETION,NOT_PARSED_RAW_FIRST,1213,,,8ca90e28-df0a-46c0-b7d9-ccb30a914eeb,deepseek-v4-flash,completed,raw_responses/A3/stage7e_v1_2_request_dbd5748b7076985d2c424db9.json,True,2026-08-25T16:48:14.815769+00:00,stage7e_v1_2_request_dbd5748b7076985d2c424db9,dbd5748b7076985d2c424db9b301c1f9bd856aca5a3edf18168858e6178727c5,chunk_000,2026-08-25T16:48:11.606126+00:00,0,NOT_VALIDATED_RAW_FIRST,stage7_main_task_005,1541,SUCCESS,True,False
A4_FREE_FINAL_REALIZATION,1,637,157,completed,4134,NORMAL_COMPLETION,NOT_PARSED_RAW_FIRST,3653,,,bdb60d13-8078-442e-8858-2426c0805b44,deepseek-v4-flash,completed,raw_responses/A4/stage7e_v1_2_request_ad4cb7e491512a7a12792d14.json,True,2026-08-25T16:48:18.954912+00:00,stage7e_v1_2_request_ad4cb7e491512a7a12792d14,ad4cb7e491512a7a12792d14f305cf69683f1a6f1560feb049db41e1a21f9c20,task,2026-08-25T16:48:14.820041+00:00,0,NOT_VALIDATED_RAW_FIRST,stage7_main_task_028,4290,SUCCESS,True,False
A3_NO_FACTLOCK,1,545,158,completed,3615,NORMAL_COMPLETION,NOT_PARSED_RAW_FIRST,2270,,,d47f6e77-828a-4f5a-b7de-2a3575a16b58,deepseek-v4-flash,completed,raw_responses/A3/stage7e_v1_2_request_2ee454bb9fbffb489b758a08.json,True,2026-08-25T16:48:22.574114+00:00,stage7e_v1_2_request_2ee454bb9fbffb489b758a08,2ee454bb9fbffb489b758a0800b93783236cb38d74d03595ca3a4784be8a663d,chunk_001,2026-08-25T16:48:18.958273+00:00,0,NOT_VALIDATED_RAW_FIRST,stage7_main_task_038,2815,SUCCESS,True,False
A3_NO_FACTLOCK,1,494,159,completed,3670,NORMAL_COMPLETION,NOT_PARSED_RAW_FIRST,2489,,,5af40f81-59a2-4b86-88b9-fc74ac1be20c,deepseek-v4-flash,completed,raw_responses/A3/stage7e_v1_2_request_33ec6644151ada7abf05b88a.json,True,2026-08-25T16:48:26.249564+00:00,stage7e_v1_2_request_33ec6644151ada7abf05b88a,33ec6644151ada7abf05b88a65ab84b7abe036e46a6a245db42737c1bb0ce0c8,chunk_002,2026-08-25T16:48:22.579146+00:00,0,NOT_VALIDATED_RAW_FIRST,stage7_main_task_004,2983,SUCCESS,True,False
A4_FREE_FINAL_REALIZATION,1,583,160,completed,4813,NORMAL_COMPLETION,NOT_PARSED_RAW_FIRST,2815,,,1557462c-f33d-4312-a2fb-509d03fcc675,deepseek-v4-flash,completed,raw_responses/A4/stage7e_v1_2_request_17570f56cc413be57d246824.json,True,2026-08-25T16:48:31.067940+00:00,stage7e_v1_2_request_17570f56cc413be57d246824,17570f56cc413be57d2468246ed92738c0c5faffa3a6c9666e4ae26bc938c1d2,task,2026-08-25T16:48:26.254484+00:00,0,NOT_VALIDATED_RAW_FIRST,stage7_main_task_040,3398,SUCCESS,True,False
A4_FREE_FINAL_REALIZATION,1,361,161,completed,3032,NORMAL_COMPLETION,NOT_PARSED_RAW_FIRST,2477,,,23ba8e3f-1157-44e2-877c-1f4e61ca530c,deepseek-v4-flash,completed,raw_responses/A4/stage7e_v1_2_request_223db1657c12a06d050c4b8e.json,True,2026-08-25T16:48:34.105204+00:00,stage7e_v1_2_request_223db1657c12a06d050c4b8e,223db1657c12a06d050c4b8e1f85800c3543866ad542a93b4eedca57c0fb6948,task,2026-08-25T16:48:31.073014+00:00,0,NOT_VALIDATED_RAW_FIRST,stage7_main_task_008,2838,SUCCESS,True,False
A3_NO_FACTLOCK,1,487,162,completed,3607,NORMAL_COMPLETION,NOT_PARSED_RAW_FIRST,2510,,,957d34ab-0a6d-40d7-84ba-f00e9e6846fc,deepseek-v4-flash,completed,raw_responses/A3/stage7e_v1_2_request_a6098053505fff9648d58a69.json,True,2026-08-25T16:48:37.717899+00:00,stage7e_v1_2_request_a6098053505fff9648d58a69,a6098053505fff9648d58a691afc4f5a4a084826951110afc11cdbe64fef9ffa,chunk_008,2026-08-25T16:48:34.110396+00:00,0,NOT_VALIDATED_RAW_FIRST,stage7_main_task_021,2997,SUCCESS,True,False
A3_NO_FACTLOCK,1,568,163,completed,3950,NORMAL_COMPLETION,NOT_PARSED_RAW_FIRST,2731,,,27637ebf-0340-4cce-a00c-a2648eed7171,deepseek-v4-flash,completed,raw_responses/A3/stage7e_v1_2_request_ceef796313f810751eaeda53.json,True,2026-08-25T16:48:41.673074+00:00,stage7e_v1_2_request_ceef796313f810751eaeda53,ceef796313f810751eaeda5326b5bae7801bc054be4e3b1f1821f53c5539b121,chunk_002,2026-08-25T16:48:37.722883+00:00,0,NOT_VALIDATED_RAW_FIRST,stage7_main_task_045,3299,SUCCESS,True,False
A3_NO_FACTLOCK,1,469,164,completed,3372,NORMAL_COMPLETION,NOT_PARSED_RAW_FIRST,2445,,,8b171413-faf5-4eb2-8b6f-6ce778fa8070,deepseek-v4-flash,completed,raw_responses/A3/stage7e_v1_2_request_d873a7a5837551a4278b7639.json,True,2026-08-25T16:48:45.050300+00:00,stage7e_v1_2_request_d873a7a5837551a4278b7639,d873a7a5837551a4278b76396e5bc8eb1633c2a24419f80eb61afc1f3392520e,chunk_010,2026-08-25T16:48:41.677988+00:00,0,NOT_VALIDATED_RAW_FIRST,stage7_main_task_011,2914,SUCCESS,True,False
A2_NO_ARCHITECTURAL_ABSTENTION,1,81,165,completed,1675,NORMAL_COMPLETION,NOT_PARSED_RAW_FIRST,387,,,f8d88689-d997-4528-8e89-e1575120ffa5,deepseek-v4-flash,completed,raw_responses/A2/stage7e_v1_2_request_f957d236080fa6bb02f661ec.json,True,2026-08-25T16:48:46.730401+00:00,stage7e_v1_2_request_f957d236080fa6bb02f661ec,f957d236080fa6bb02f661ec5b61a6e1346d50f14c3c678c448f900a5b38d097,coupled_attention,2026-08-25T16:48:45.055204+00:00,0,NOT_VALIDATED_RAW_FIRST,stage7_main_task_016,468,SUCCESS,True,False
A3_NO_FACTLOCK,1,490,166,completed,3039,NORMAL_COMPLETION,NOT_PARSED_RAW_FIRST,2320,,,1d348bb9-0c29-4798-b6c5-5badb321ab48,deepseek-v4-flash,completed,raw_responses/A3/stage7e_v1_2_request_f389e4932d2a62f6517e4e30.json,True,2026-08-25T16:48:49.775724+00:00,stage7e_v1_2_request_f389e4932d2a62f6517e4e30,f389e4932d2a62f6517e4e30cf9d6be16eff9de6074ad27f3f1a35b39c787baa,chunk_000,2026-08-25T16:48:46.736145+00:00,0,NOT_VALIDATED_RAW_FIRST,stage7_main_task_039,2810,SUCCESS,True,False
A4_FREE_FINAL_REALIZATION,1,379,167,completed,3195,NORMAL_COMPLETION,NOT_PARSED_RAW_FIRST,2451,,,df02791e-0398-4c89-8075-92026309c582,deepseek-v4-flash,completed,raw_responses/A4/stage7e_v1_2_request_10587852b530beeffeae43ea.json,True,2026-08-25T16:48:52.976247+00:00,stage7e_v1_2_request_10587852b530beeffeae43ea,10587852b530beeffeae43ea1c035ac23e2318772160bda5168376bd426b3d64,task,2026-08-25T16:48:49.780851+00:00,0,NOT_VALIDATED_RAW_FIRST,stage7_main_task_006,2830,SUCCESS,True,False
A4_FREE_FINAL_REALIZATION,1,665,168,completed,4651,NORMAL_COMPLETION,NOT_PARSED_RAW_FIRST,2006,,,f780d3d4-8aa7-4cf0-b986-e30d04a2b972,deepseek-v4-flash,completed,raw_responses/A4/stage7e_v1_2_request_d77afbc53a2f7308311428de.json,True,2026-08-25T16:48:57.633623+00:00,stage7e_v1_2_request_d77afbc53a2f7308311428de,d77afbc53a2f7308311428debba6567b82847dd4d9079764d328e31a231959ed,task,2026-08-25T16:48:52.982151+00:00,0,NOT_VALIDATED_RAW_FIRST,stage7_main_task_025,2671,SUCCESS,True,False
A3_NO_FACTLOCK,1,471,169,completed,3146,NORMAL_COMPLETION,NOT_PARSED_RAW_FIRST,2493,,,ae6ac3eb-2569-4c5c-a86f-357a110afd55,deepseek-v4-flash,completed,raw_responses/A3/stage7e_v1_2_request_784f6eb17804449ab06c98e2.json,True,2026-08-25T16:49:00.784773+00:00,stage7e_v1_2_request_784f6eb17804449ab06c98e2,784f6eb17804449ab06c98e2b1e86f913ebc45fe31211f7630aa56baedf71a0f,chunk_000,2026-08-25T16:48:57.638695+00:00,0,NOT_VALIDATED_RAW_FIRST,stage7_main_task_004,2964,SUCCESS,True,False
A4_FREE_FINAL_REALIZATION,1,497,170,completed,4015,NORMAL_COMPLETION,NOT_PARSED_RAW_FIRST,1192,,,3bf64425-ead8-4b8a-90fe-143850fe2ab9,deepseek-v4-flash,completed,raw_responses/A4/stage7e_v1_2_request_af6eac12864806e5b232989a.json,True,2026-08-25T16:49:04.804947+00:00,stage7e_v1_2_request_af6eac12864806e5b232989a,af6eac12864806e5b232989a33a39a900d6a8002282035295f0c41b75101a97b,task,2026-08-25T16:49:00.789858+00:00,0,NOT_VALIDATED_RAW_FIRST,stage7_main_task_036,1689,SUCCESS,True,False
A3_NO_FACTLOCK,1,450,171,completed,3937,NORMAL_COMPLETION,NOT_PARSED_RAW_FIRST,2107,,,d9a7cb7c-ae9c-45e2-a706-8b8d94bc887d,deepseek-v4-flash,completed,raw_responses/A3/stage7e_v1_2_request_4452cf3fc8981487fb93b209.json,True,2026-08-25T16:49:08.747501+00:00,stage7e_v1_2_request_4452cf3fc8981487fb93b209,4452cf3fc8981487fb93b209c6c3d06967584f960f081ca1132103c4b3146710,chunk_003,2026-08-25T16:49:04.809990+00:00,0,NOT_VALIDATED_RAW_FIRST,stage7_main_task_002,2557,SUCCESS,True,False
A4_FREE_FINAL_REALIZATION,1,662,172,completed,6035,NORMAL_COMPLETION,NOT_PARSED_RAW_FIRST,4104,,,cbf94f90-e8de-4d20-a3c1-0f9c6b03e237,deepseek-v4-flash,completed,raw_responses/A4/stage7e_v1_2_request_4f8882e352813d47ae686231.json,True,2026-08-25T16:49:14.788553+00:00,stage7e_v1_2_request_4f8882e352813d47ae686231,4f8882e352813d47ae6862315194c6d8a35c913c1580dbbe946b2c7abee967e3,task,2026-08-25T16:49:08.752630+00:00,0,NOT_VALIDATED_RAW_FIRST,stage7_main_task_023,4766,SUCCESS,True,False
A3_NO_FACTLOCK,1,547,173,completed,3886,NORMAL_COMPLETION,NOT_PARSED_RAW_FIRST,2301,,,8d6e70bb-d609-4224-9404-df0124264f19,deepseek-v4-flash,completed,raw_responses/A3/stage7e_v1_2_request_ff69cdc0309cc8e7c7015505.json,True,2026-08-25T16:49:18.680340+00:00,stage7e_v1_2_request_ff69cdc0309cc8e7c7015505,ff69cdc0309cc8e7c7015505f4c78cea75f0808681bb4fdd521ce42596acc0ad,chunk_006,2026-08-25T16:49:14.793696+00:00,0,NOT_VALIDATED_RAW_FIRST,stage7_main_task_021,2848,SUCCESS,True,False
A3_NO_FACTLOCK,1,464,174,completed,3373,NORMAL_COMPLETION,NOT_PARSED_RAW_FIRST,2439,,,74558783-672c-409c-9cd1-20e480b0e9dc,deepseek-v4-flash,completed,raw_responses/A3/stage7e_v1_2_request_923a101d446ed20629e94b89.json,True,2026-08-25T16:49:22.059265+00:00,stage7e_v1_2_request_923a101d446ed20629e94b89,923a101d446ed20629e94b898bcea94c73759d47f6bfc8735af6a6ba43865424,chunk_003,2026-08-25T16:49:18.685721+00:00,0,NOT_VALIDATED_RAW_FIRST,stage7_main_task_032,2903,SUCCESS,True,False
A3_NO_FACTLOCK,1,540,175,completed,3666,NORMAL_COMPLETION,NOT_PARSED_RAW_FIRST,2555,,,2d39c84d-cd4f-4050-8977-d38b4c49d97a,deepseek-v4-flash,completed,raw_responses/A3/stage7e_v1_2_request_c297740850df31489f8c8f27.json,True,2026-08-25T16:49:25.730954+00:00,stage7e_v1_2_request_c297740850df31489f8c8f27,c297740850df31489f8c8f27fb31bb44e47313c6a4385eaaae6c78746db37ed4,chunk_000,2026-08-25T16:49:22.064748+00:00,0,NOT_VALIDATED_RAW_FIRST,stage7_main_task_033,3095,SUCCESS,True,False
A4_FREE_FINAL_REALIZATION,1,382,176,completed,2970,NORMAL_COMPLETION,NOT_PARSED_RAW_FIRST,2379,,,a01f3fdb-490d-48d5-a298-05ca9338223c,deepseek-v4-flash,completed,raw_responses/A4/stage7e_v1_2_request_a10da078962180c141a3aefc.json,True,2026-08-25T16:49:28.706866+00:00,stage7e_v1_2_request_a10da078962180c141a3aefc,a10da078962180c141a3aefc7037dcc93166ca63803413a852aa257449277005,task,2026-08-25T16:49:25.736233+00:00,0,NOT_VALIDATED_RAW_FIRST,stage7_main_task_009,2761,SUCCESS,True,False
A3_NO_FACTLOCK,1,116,177,completed,1959,NORMAL_COMPLETION,NOT_PARSED_RAW_FIRST,499,,,c0082360-7692-439f-9448-f45726871add,deepseek-v4-flash,completed,raw_responses/A3/stage7e_v1_2_request_b7f24527bf502f276303aa1a.json,True,2026-08-25T16:49:30.671359+00:00,stage7e_v1_2_request_b7f24527bf502f276303aa1a,b7f24527bf502f276303aa1ade6c48b71dafbbcacf2b95b1abbdb85adf7b62ab,chunk_001,2026-08-25T16:49:28.711780+00:00,0,NOT_VALIDATED_RAW_FIRST,stage7_main_task_018,615,SUCCESS,True,False
A4_FREE_FINAL_REALIZATION,1,2186,178,completed,12273,NORMAL_COMPLETION,NOT_PARSED_RAW_FIRST,9551,,,3ab7e4cc-41f0-4c1d-9cdd-348cc8403295,deepseek-v4-flash,completed,raw_responses/A4/stage7e_v1_2_request_aa4c8adc284f40360172c246.json,True,2026-08-25T16:49:42.950962+00:00,stage7e_v1_2_request_aa4c8adc284f40360172c246,aa4c8adc284f40360172c2466cef71176cc2fe03b3878918a29d89dcd3ce72a8,task,2026-08-25T16:49:30.676914+00:00,0,NOT_VALIDATED_RAW_FIRST,stage7_main_task_010,11737,SUCCESS,True,False
A3_NO_FACTLOCK,1,573,179,completed,3553,NORMAL_COMPLETION,NOT_PARSED_RAW_FIRST,2537,,,961d2fd4-a815-48a2-b3da-ba4029088050,deepseek-v4-flash,completed,raw_responses/A3/stage7e_v1_2_request_c3a8a929e7ffe425c84267c5.json,True,2026-08-25T16:49:46.510238+00:00,stage7e_v1_2_request_c3a8a929e7ffe425c84267c5,c3a8a929e7ffe425c84267c541ce469becf0dc9b6a70b73f5883630dd474d67c,chunk_001,2026-08-25T16:49:42.956381+00:00,0,NOT_VALIDATED_RAW_FIRST,stage7_main_task_004,3110,SUCCESS,True,False
A4_FREE_FINAL_REALIZATION,1,924,180,completed,5907,NORMAL_COMPLETION,NOT_PARSED_RAW_FIRST,3920,,,6b35b171-1cf5-45da-8099-9379d2c46eb4,deepseek-v4-flash,completed,raw_responses/A4/stage7e_v1_2_request_34c1f03f5bd6c1988b172c3f.json,True,2026-08-25T16:49:52.422794+00:00,stage7e_v1_2_request_34c1f03f5bd6c1988b172c3f,34c1f03f5bd6c1988b172c3f83284652e07b9b5e09e79e4a076c2be2e93c9dd7,task,2026-08-25T16:49:46.515087+00:00,0,NOT_VALIDATED_RAW_FIRST,stage7_main_task_046,4844,SUCCESS,True,False
A3_NO_FACTLOCK,1,511,181,completed,3729,NORMAL_COMPLETION,NOT_PARSED_RAW_FIRST,2559,,,b884f15c-2693-4047-a9cd-21606246dc9f,deepseek-v4-flash,completed,raw_responses/A3/stage7e_v1_2_request_535bceab108ab84da319eca3.json,True,2026-08-25T16:49:56.157552+00:00,stage7e_v1_2_request_535bceab108ab84da319eca3,535bceab108ab84da319eca3fc55efff8680a93fdea3df52d034eaaecb2dbf65,chunk_000,2026-08-25T16:49:52.428283+00:00,0,NOT_VALIDATED_RAW_FIRST,stage7_main_task_006,3070,SUCCESS,True,False
A2_NO_ARCHITECTURAL_ABSTENTION,1,72,182,completed,1634,NORMAL_COMPLETION,NOT_PARSED_RAW_FIRST,395,,,ab00c2ac-cab0-4124-890f-5183e500a0a2,deepseek-v4-flash,completed,raw_responses/A2/stage7e_v1_2_request_f74ad9244151d4593eda1899.json,True,2026-08-25T16:49:57.796949+00:00,stage7e_v1_2_request_f74ad9244151d4593eda1899,f74ad9244151d4593eda1899f26478e7154be5b096dcfc455914aa137dc45f46,operational_attention,2026-08-25T16:49:56.162642+00:00,0,NOT_VALIDATED_RAW_FIRST,stage7_main_task_013,467,SUCCESS,True,False
A4_FREE_FINAL_REALIZATION,1,481,183,completed,3645,NORMAL_COMPLETION,NOT_PARSED_RAW_FIRST,4973,,,1a43a91c-9f1f-40a3-8bd7-363dd6c7830c,deepseek-v4-flash,completed,raw_responses/A4/stage7e_v1_2_request_37d70aef7a254d251389bfae.json,True,2026-08-25T16:50:01.446025+00:00,stage7e_v1_2_request_37d70aef7a254d251389bfae,37d70aef7a254d251389bfae9f402664ca6962e2ff594ba875a59c806b6818df,task,2026-08-25T16:49:57.800566+00:00,0,NOT_VALIDATED_RAW_FIRST,stage7_main_task_038,5454,SUCCESS,True,False
A3_NO_FACTLOCK,1,460,184,completed,3080,NORMAL_COMPLETION,NOT_PARSED_RAW_FIRST,2505,,,dfa25051-07d8-4a76-98fe-97fb2dd95d69,deepseek-v4-flash,completed,raw_responses/A3/stage7e_v1_2_request_d8370d188570b10f7a38c543.json,True,2026-08-25T16:50:04.528180+00:00,stage7e_v1_2_request_d8370d188570b10f7a38c543,d8370d188570b10f7a38c543f82c794a39cdebe1f908b2766feadea17fec115f,chunk_007,2026-08-25T16:50:01.447855+00:00,0,NOT_VALIDATED_RAW_FIRST,stage7_main_task_032,2965,SUCCESS,True,False
A2_NO_ARCHITECTURAL_ABSTENTION,1,96,185,completed,1966,NORMAL_COMPLETION,NOT_PARSED_RAW_FIRST,388,,,fdf1431a-68bc-4ee1-9f50-f7fca61f4095,deepseek-v4-flash,completed,raw_responses/A2/stage7e_v1_2_request_9da6a0d099e5f65939f2a3b9.json,True,2026-08-25T16:50:06.501444+00:00,stage7e_v1_2_request_9da6a0d099e5f65939f2a3b9,9da6a0d099e5f65939f2a3b948e2c8e621e1dcfef412edb4d9820ce94c3bacde,operational_attention,2026-08-25T16:50:04.534522+00:00,0,NOT_VALIDATED_RAW_FIRST,stage7_main_task_003,484,SUCCESS,True,False
A2_NO_ARCHITECTURAL_ABSTENTION,1,80,186,completed,2043,NORMAL_COMPLETION,NOT_PARSED_RAW_FIRST,387,,,95283b1a-2494-4b68-9414-82bf78c9b0ec,deepseek-v4-flash,completed,raw_responses/A2/stage7e_v1_2_request_d54d9e57d9c85e3f9ac0c9db.json,True,2026-08-25T16:50:08.550778+00:00,stage7e_v1_2_request_d54d9e57d9c85e3f9ac0c9db,d54d9e57d9c85e3f9ac0c9dbb62984658e42ec26dd0135d68caea5efbaa473e8,coupled_attention,2026-08-25T16:50:06.506917+00:00,0,NOT_VALIDATED_RAW_FIRST,stage7_main_task_007,467,SUCCESS,True,False
A3_NO_FACTLOCK,1,460,187,completed,3528,NORMAL_COMPLETION,NOT_PARSED_RAW_FIRST,2358,,,29501f7c-7779-4631-9bfb-91c15547514b,deepseek-v4-flash,completed,raw_responses/A3/stage7e_v1_2_request_a8b56c1452ca8972ab9cc1f8.json,True,2026-08-25T16:50:12.085608+00:00,stage7e_v1_2_request_a8b56c1452ca8972ab9cc1f8,a8b56c1452ca8972ab9cc1f8227df5187179934fc40620c2473e06701f56fe4c,chunk_001,2026-08-25T16:50:08.556586+00:00,0,NOT_VALIDATED_RAW_FIRST,stage7_main_task_010,2818,SUCCESS,True,False
A2_NO_ARCHITECTURAL_ABSTENTION,1,85,188,completed,1475,NORMAL_COMPLETION,NOT_PARSED_RAW_FIRST,388,,,72419df3-c1f0-4e41-b038-2343589022a5,deepseek-v4-flash,completed,raw_responses/A2/stage7e_v1_2_request_6cdace8857427756a7ebfb64.json,True,2026-08-25T16:50:13.567134+00:00,stage7e_v1_2_request_6cdace8857427756a7ebfb64,6cdace8857427756a7ebfb6458ded2fb262d9b1c6f8598c020a2fdf6ec1bf4b9,coupled_attention,2026-08-25T16:50:12.091393+00:00,0,NOT_VALIDATED_RAW_FIRST,stage7_main_task_032,473,SUCCESS,True,False
A2_NO_ARCHITECTURAL_ABSTENTION,1,72,189,completed,1531,NORMAL_COMPLETION,NOT_PARSED_RAW_FIRST,392,,,80dd0394-4a20-4a4e-b7b9-ea05be6d15ff,deepseek-v4-flash,completed,raw_responses/A2/stage7e_v1_2_request_968ee858c724d831a4c4ce23.json,True,2026-08-25T16:50:15.104257+00:00,stage7e_v1_2_request_968ee858c724d831a4c4ce23,968ee858c724d831a4c4ce230cbd04914ab0196a1d17a27a65152f35cc153de4,operational_attention,2026-08-25T16:50:13.573111+00:00,0,NOT_VALIDATED_RAW_FIRST,stage7_main_task_019,464,SUCCESS,True,False
A3_NO_FACTLOCK,1,687,190,completed,4191,NORMAL_COMPLETION,NOT_PARSED_RAW_FIRST,2967,,,44e8238c-cc28-4f45-a550-0f026860e854,deepseek-v4-flash,completed,raw_responses/A3/stage7e_v1_2_request_4e8a04b7059fa683f5ab2a90.json,True,2026-08-25T16:50:19.301385+00:00,stage7e_v1_2_request_4e8a04b7059fa683f5ab2a90,4e8a04b7059fa683f5ab2a905b3e91d4a67886a4061df4d22bdcce66de6e26e2,chunk_008,2026-08-25T16:50:15.109905+00:00,0,NOT_VALIDATED_RAW_FIRST,stage7_main_task_047,3654,SUCCESS,True,False
A2_NO_ARCHITECTURAL_ABSTENTION,1,72,191,completed,1223,NORMAL_COMPLETION,NOT_PARSED_RAW_FIRST,389,,,48295f69-f3fb-46db-ac3b-789814bbd9a3,deepseek-v4-flash,completed,raw_responses/A2/stage7e_v1_2_request_91559ecad0e4ee4362333b9a.json,True,2026-08-25T16:50:20.531322+00:00,stage7e_v1_2_request_91559ecad0e4ee4362333b9a,91559ecad0e4ee4362333b9a4d55279fae8d9b86357d13d1d240ffc4ff7cfdfc,coupled_attention,2026-08-25T16:50:19.307328+00:00,0,NOT_VALIDATED_RAW_FIRST,stage7_main_task_019,461,SUCCESS,True,False
A3_NO_FACTLOCK,1,539,192,completed,3680,NORMAL_COMPLETION,NOT_PARSED_RAW_FIRST,2515,,,99d4ad8e-6008-4f57-8df6-9f2f9d0afec2,deepseek-v4-flash,completed,raw_responses/A3/stage7e_v1_2_request_e7d1c3cc14e238ec52849f90.json,True,2026-08-25T16:50:24.217823+00:00,stage7e_v1_2_request_e7d1c3cc14e238ec52849f90,e7d1c3cc14e238ec52849f90a904c9ccbd61633a5afe7760d07a29920e5851ec,chunk_000,2026-08-25T16:50:20.537313+00:00,0,NOT_VALIDATED_RAW_FIRST,stage7_main_task_030,3054,SUCCESS,True,False
A3_NO_FACTLOCK,1,399,193,completed,3594,NORMAL_COMPLETION,NOT_PARSED_RAW_FIRST,1802,,,009d6e46-4c35-4fea-aa45-6f6ae9559fbb,deepseek-v4-flash,completed,raw_responses/A3/stage7e_v1_2_request_478364734ecce26d0dacd759.json,True,2026-08-25T16:50:27.818607+00:00,stage7e_v1_2_request_478364734ecce26d0dacd759,478364734ecce26d0dacd759298e5c92445a4c88e2b8d6b710dc4d5581b6d579,chunk_003,2026-08-25T16:50:24.223593+00:00,0,NOT_VALIDATED_RAW_FIRST,stage7_main_task_043,2201,SUCCESS,True,False
A2_NO_ARCHITECTURAL_ABSTENTION,1,96,194,completed,1933,NORMAL_COMPLETION,NOT_PARSED_RAW_FIRST,391,,,4181e254-078f-4abf-98b1-5b539e35aa6c,deepseek-v4-flash,completed,raw_responses/A2/stage7e_v1_2_request_0db1bac6d2bdc52756cf2b8b.json,True,2026-08-25T16:50:29.755663+00:00,stage7e_v1_2_request_0db1bac6d2bdc52756cf2b8b,0db1bac6d2bdc52756cf2b8b3e9e6aab9f7399dbbd4645109b4a6da60451bed9,operational_attention,2026-08-25T16:50:27.821671+00:00,0,NOT_VALIDATED_RAW_FIRST,stage7_main_task_027,487,SUCCESS,True,False
A2_NO_ARCHITECTURAL_ABSTENTION,1,71,195,completed,1317,NORMAL_COMPLETION,NOT_PARSED_RAW_FIRST,393,,,e81dcc0b-52f3-44d3-b8d8-b5b930df7347,deepseek-v4-flash,completed,raw_responses/A2/stage7e_v1_2_request_095564ea9646c3d528f89e38.json,True,2026-08-25T16:50:31.079414+00:00,stage7e_v1_2_request_095564ea9646c3d528f89e38,095564ea9646c3d528f89e381cd933a03f4f7e2ef7fe3594163e6456fa7f8092,operational_attention,2026-08-25T16:50:29.761692+00:00,0,NOT_VALIDATED_RAW_FIRST,stage7_main_task_037,464,SUCCESS,True,False
A2_NO_ARCHITECTURAL_ABSTENTION,1,175,196,completed,2276,NORMAL_COMPLETION,NOT_PARSED_RAW_FIRST,833,,,0c3c83b1-fcec-4741-8912-509710cf0c8e,deepseek-v4-flash,completed,raw_responses/A2/stage7e_v1_2_request_f57ffbd6d2cce618049d2520.json,True,2026-08-25T16:50:33.362159+00:00,stage7e_v1_2_request_f57ffbd6d2cce618049d2520,f57ffbd6d2cce618049d25208a55719bc8c9461953caec51b23901d56302cb05,operational_attention,2026-08-25T16:50:31.085371+00:00,0,NOT_VALIDATED_RAW_FIRST,stage7_main_task_010,1008,SUCCESS,True,False
A3_NO_FACTLOCK,1,254,197,completed,2449,NORMAL_COMPLETION,NOT_PARSED_RAW_FIRST,877,,,3591db89-e13b-478b-8f18-aa4cc66aba41,deepseek-v4-flash,completed,raw_responses/A3/stage7e_v1_2_request_a9f2f97a36ded6d178345163.json,True,2026-08-25T16:50:35.818698+00:00,stage7e_v1_2_request_a9f2f97a36ded6d178345163,a9f2f97a36ded6d178345163d71d3abfcd8d4bff792324c0a95b06b0c06dcb47,chunk_001,2026-08-25T16:50:33.368936+00:00,0,NOT_VALIDATED_RAW_FIRST,stage7_main_task_040,1131,SUCCESS,True,False
A3_NO_FACTLOCK,1,590,198,completed,4055,NORMAL_COMPLETION,NOT_PARSED_RAW_FIRST,2599,,,d6229ba3-d2b4-44e4-94d1-e083385b7de7,deepseek-v4-flash,completed,raw_responses/A3/stage7e_v1_2_request_ed232354d70a07549c7c798f.json,True,2026-08-25T16:50:39.879956+00:00,stage7e_v1_2_request_ed232354d70a07549c7c798f,ed232354d70a07549c7c798fbba5bfabd251d5ff2faa8288a991ed5a2bb098c1,chunk_000,2026-08-25T16:50:35.824746+00:00,0,NOT_VALIDATED_RAW_FIRST,stage7_main_task_040,3189,SUCCESS,True,False
A4_FREE_FINAL_REALIZATION,1,576,199,completed,4716,NORMAL_COMPLETION,NOT_PARSED_RAW_FIRST,1909,,,1097ada4-9109-494f-ba50-9f6552271ffb,deepseek-v4-flash,completed,raw_responses/A4/stage7e_v1_2_request_b43c239d4576d0dbb19354dd.json,True,2026-08-25T16:50:44.602573+00:00,stage7e_v1_2_request_b43c239d4576d0dbb19354dd,b43c239d4576d0dbb19354ddac9d04924bc86914f519f7c5201d6547843cf3ca,task,2026-08-25T16:50:39.886252+00:00,0,NOT_VALIDATED_RAW_FIRST,stage7_main_task_020,2485,SUCCESS,True,False
A3_NO_FACTLOCK,1,471,200,completed,3449,NORMAL_COMPLETION,NOT_PARSED_RAW_FIRST,2454,,,1bed4dbc-2196-442c-ad7f-124323e74744,deepseek-v4-flash,completed,raw_responses/A3/stage7e_v1_2_request_5b2c1f2e2791aae5cb59fd1e.json,True,2026-08-25T16:50:48.058304+00:00,stage7e_v1_2_request_5b2c1f2e2791aae5cb59fd1e,5b2c1f2e2791aae5cb59fd1e0b513a49fbf8973ff7ef0f0db8d0309cafbe5122,chunk_000,2026-08-25T16:50:44.608947+00:00,0,NOT_VALIDATED_RAW_FIRST,stage7_main_task_002,2925,SUCCESS,True,False
A3_NO_FACTLOCK,1,506,201,completed,3393,NORMAL_COMPLETION,NOT_PARSED_RAW_FIRST,2483,,,25eb2270-480a-4573-8789-e4d224c45d78,deepseek-v4-flash,completed,raw_responses/A3/stage7e_v1_2_request_c2a1283869341402e3d405dc.json,True,2026-08-25T16:50:51.457808+00:00,stage7e_v1_2_request_c2a1283869341402e3d405dc,c2a1283869341402e3d405dc8be9de46fa466cd0d6c9d52e6e697e4baf8c5559,chunk_001,2026-08-25T16:50:48.064057+00:00,0,NOT_VALIDATED_RAW_FIRST,stage7_main_task_043,2989,SUCCESS,True,False
A3_NO_FACTLOCK,1,558,202,completed,3865,NORMAL_COMPLETION,NOT_PARSED_RAW_FIRST,2568,,,49fdb9a7-3fe8-410c-b4d7-163b2fc2444d,deepseek-v4-flash,completed,raw_responses/A3/stage7e_v1_2_request_566777c015b2d197ebdbe62f.json,True,2026-08-25T16:50:55.328572+00:00,stage7e_v1_2_request_566777c015b2d197ebdbe62f,566777c015b2d197ebdbe62f9390ddab607cb3cf8ada6ae7ef0c90d2ca1a7245,chunk_003,2026-08-25T16:50:51.463353+00:00,0,NOT_VALIDATED_RAW_FIRST,stage7_main_task_010,3126,SUCCESS,True,False
A4_FREE_FINAL_REALIZATION,1,569,203,completed,4020,NORMAL_COMPLETION,NOT_PARSED_RAW_FIRST,3688,,,844d3f55-1171-45b7-aabf-52d61797c723,deepseek-v4-flash,completed,raw_responses/A4/stage7e_v1_2_request_6b4c037044ae204933865d08.json,True,2026-08-25T16:50:59.354785+00:00,stage7e_v1_2_request_6b4c037044ae204933865d08,6b4c037044ae204933865d08b4f4d235c63cad73481e78df2139aaf54af876f3,task,2026-08-25T16:50:55.334710+00:00,0,NOT_VALIDATED_RAW_FIRST,stage7_main_task_016,4257,SUCCESS,True,False
A4_FREE_FINAL_REALIZATION,1,310,204,completed,2788,NORMAL_COMPLETION,NOT_PARSED_RAW_FIRST,2051,,,414c7aec-e3b6-4385-99ce-8fc63c759683,deepseek-v4-flash,completed,raw_responses/A4/stage7e_v1_2_request_68bd73d3df825fd74a7ecc20.json,True,2026-08-25T16:51:02.149831+00:00,stage7e_v1_2_request_68bd73d3df825fd74a7ecc20,68bd73d3df825fd74a7ecc2044e0d83607c89350c0ca5170b1120fc7af503fa6,task,2026-08-25T16:50:59.361470+00:00,0,NOT_VALIDATED_RAW_FIRST,stage7_main_task_039,2361,SUCCESS,True,False
A3_NO_FACTLOCK,1,121,205,completed,1612,NORMAL_COMPLETION,NOT_PARSED_RAW_FIRST,507,,,0d50dc0e-33ca-46c5-97ee-e0e614951874,deepseek-v4-flash,completed,raw_responses/A3/stage7e_v1_2_request_4694557fba77f6a252e6fc1e.json,True,2026-08-25T16:51:03.766324+00:00,stage7e_v1_2_request_4694557fba77f6a252e6fc1e,4694557fba77f6a252e6fc1e06873d7bf6c890734a6d9bb3d6e4f09eeed04512,chunk_001,2026-08-25T16:51:02.153835+00:00,0,NOT_VALIDATED_RAW_FIRST,stage7_main_task_006,628,SUCCESS,True,False
A3_NO_FACTLOCK,1,234,206,completed,2225,NORMAL_COMPLETION,NOT_PARSED_RAW_FIRST,869,,,0e3f6615-f709-45ba-9afd-c12668cfb1ff,deepseek-v4-flash,completed,raw_responses/A3/stage7e_v1_2_request_ed1c3829e82e3e7804631645.json,True,2026-08-25T16:51:05.998017+00:00,stage7e_v1_2_request_ed1c3829e82e3e7804631645,ed1c3829e82e3e7804631645b0d4e771d70c2807a9523dfc271f99f8327740e9,chunk_001,2026-08-25T16:51:03.772209+00:00,0,NOT_VALIDATED_RAW_FIRST,stage7_main_task_000,1103,SUCCESS,True,False
A2_NO_ARCHITECTURAL_ABSTENTION,1,78,207,completed,2245,NORMAL_COMPLETION,NOT_PARSED_RAW_FIRST,391,,,4a80525e-37d8-4294-a77b-988d1d309e31,deepseek-v4-flash,completed,raw_responses/A2/stage7e_v1_2_request_f22d4cbc9f3148096bc84fb8.json,True,2026-08-25T16:51:08.251038+00:00,stage7e_v1_2_request_f22d4cbc9f3148096bc84fb8,f22d4cbc9f3148096bc84fb8c0b2cc1ba4165342bac3a3c2d7e95bf47e0e9651,operational_attention,2026-08-25T16:51:06.005739+00:00,0,NOT_VALIDATED_RAW_FIRST,stage7_main_task_039,469,SUCCESS,True,False
A3_NO_FACTLOCK,1,603,208,completed,3764,NORMAL_COMPLETION,NOT_PARSED_RAW_FIRST,2729,,,7a661a5a-e0f6-4120-a253-137edcd15de8,deepseek-v4-flash,completed,raw_responses/A3/stage7e_v1_2_request_0fa7680508a697a38f688e55.json,True,2026-08-25T16:51:12.022771+00:00,stage7e_v1_2_request_0fa7680508a697a38f688e55,0fa7680508a697a38f688e55ac62b77063b81a09ad224118bd73e56f4ab1329f,chunk_002,2026-08-25T16:51:08.258067+00:00,0,NOT_VALIDATED_RAW_FIRST,stage7_main_task_044,3332,SUCCESS,True,False
A3_NO_FACTLOCK,1,508,209,completed,3390,NORMAL_COMPLETION,NOT_PARSED_RAW_FIRST,2291,,,caac1b8f-d3fa-4c38-a2ea-ebbd7426ceef,deepseek-v4-flash,completed,raw_responses/A3/stage7e_v1_2_request_526311ee605b7dd7953ff0fe.json,True,2026-08-25T16:51:15.419492+00:00,stage7e_v1_2_request_526311ee605b7dd7953ff0fe,526311ee605b7dd7953ff0fee15135cc55a52f3603ea76fc47a9bde2da6bb0de,chunk_000,2026-08-25T16:51:12.029211+00:00,0,NOT_VALIDATED_RAW_FIRST,stage7_main_task_044,2799,SUCCESS,True,False
A3_NO_FACTLOCK,1,589,210,completed,4090,NORMAL_COMPLETION,NOT_PARSED_RAW_FIRST,1598,,,e5cb9892-053b-4e9a-87da-60ecab5eaa56,deepseek-v4-flash,completed,raw_responses/A3/stage7e_v1_2_request_9a2043b0d64d64bf3154ca5f.json,True,2026-08-25T16:51:19.516389+00:00,stage7e_v1_2_request_9a2043b0d64d64bf3154ca5f,9a2043b0d64d64bf3154ca5f1d5efdce6dc496ccec16526b8c810608a21b8407,chunk_001,2026-08-25T16:51:15.425438+00:00,0,NOT_VALIDATED_RAW_FIRST,stage7_main_task_046,2187,SUCCESS,True,False
A3_NO_FACTLOCK,1,240,211,completed,2065,NORMAL_COMPLETION,NOT_PARSED_RAW_FIRST,876,,,83c0ce7c-0558-4b57-8f30-8c20a01d8a68,deepseek-v4-flash,completed,raw_responses/A3/stage7e_v1_2_request_5d48fbd39c2b22705e7242a5.json,True,2026-08-25T16:51:21.588547+00:00,stage7e_v1_2_request_5d48fbd39c2b22705e7242a5,5d48fbd39c2b22705e7242a5fe46a097647e41c80b4cca5f7575bb174febbfca,chunk_009,2026-08-25T16:51:19.523224+00:00,0,NOT_VALIDATED_RAW_FIRST,stage7_main_task_047,1116,SUCCESS,True,False
A3_NO_FACTLOCK,1,464,212,completed,2586,NORMAL_COMPLETION,NOT_PARSED_RAW_FIRST,2469,,,71fe9b38-48f1-4ccf-8ca7-d9a65e7195f4,deepseek-v4-flash,completed,raw_responses/A3/stage7e_v1_2_request_b58913db3ef0e1fa75a9764e.json,True,2026-08-25T16:51:24.181913+00:00,stage7e_v1_2_request_b58913db3ef0e1fa75a9764e,b58913db3ef0e1fa75a9764e378e1c46aabc7b9bb583fb624dcaba370877e860,chunk_001,2026-08-25T16:51:21.595107+00:00,0,NOT_VALIDATED_RAW_FIRST,stage7_main_task_047,2933,SUCCESS,True,False
A3_NO_FACTLOCK,1,532,213,completed,3316,NORMAL_COMPLETION,NOT_PARSED_RAW_FIRST,2500,,,d71291d6-dfc9-44f6-a5e6-de2febe31a8c,deepseek-v4-flash,completed,raw_responses/A3/stage7e_v1_2_request_4cb8298472fac6cedef8b622.json,True,2026-08-25T16:51:27.503822+00:00,stage7e_v1_2_request_4cb8298472fac6cedef8b622,4cb8298472fac6cedef8b622d9620cfe38a53bf2686626118d4ded9801ff2225,chunk_000,2026-08-25T16:51:24.187493+00:00,0,NOT_VALIDATED_RAW_FIRST,stage7_main_task_009,3032,SUCCESS,True,False
A3_NO_FACTLOCK,1,576,214,completed,3212,NORMAL_COMPLETION,NOT_PARSED_RAW_FIRST,2576,,,77c2cd03-6107-4aa7-8e67-7dd30f3dbb3d,deepseek-v4-flash,completed,raw_responses/A3/stage7e_v1_2_request_48107c047d75ea1f829e8f4b.json,True,2026-08-25T16:51:30.722698+00:00,stage7e_v1_2_request_48107c047d75ea1f829e8f4b,48107c047d75ea1f829e8f4b521cda55f791187d065bd01e4f39175e066ffb3a,chunk_001,2026-08-25T16:51:27.510276+00:00,0,NOT_VALIDATED_RAW_FIRST,stage7_main_task_012,3152,SUCCESS,True,False
A4_FREE_FINAL_REALIZATION,1,376,215,completed,2814,NORMAL_COMPLETION,NOT_PARSED_RAW_FIRST,2712,,,3d017585-7b9c-4916-8e2e-347a662e8495,deepseek-v4-flash,completed,raw_responses/A4/stage7e_v1_2_request_ca55f0558d477ef578e70d71.json,True,2026-08-25T16:51:33.543201+00:00,stage7e_v1_2_request_ca55f0558d477ef578e70d71,ca55f0558d477ef578e70d71a831b3b6bea287aee865eb93d8c4491e5dd8a95a,task,2026-08-25T16:51:30.728952+00:00,0,NOT_VALIDATED_RAW_FIRST,stage7_main_task_000,3088,SUCCESS,True,False
A3_NO_FACTLOCK,1,464,216,completed,3453,NORMAL_COMPLETION,NOT_PARSED_RAW_FIRST,2410,,,8a1a928c-40ee-425e-956b-0d1bb53f099e,deepseek-v4-flash,completed,raw_responses/A3/stage7e_v1_2_request_57f22bd6fc600d8555cc6dd7.json,True,2026-08-25T16:51:37.002994+00:00,stage7e_v1_2_request_57f22bd6fc600d8555cc6dd7,57f22bd6fc600d8555cc6dd7c1c2619f430fea709ae8d7df80d6755ff7b0bde6,chunk_000,2026-08-25T16:51:33.549193+00:00,0,NOT_VALIDATED_RAW_FIRST,stage7_main_task_021,2874,SUCCESS,True,False
A4_FREE_FINAL_REALIZATION,1,530,217,completed,3601,NORMAL_COMPLETION,NOT_PARSED_RAW_FIRST,1168,,,9b109f80-4c3b-4181-b1ee-8c0655246770,deepseek-v4-flash,completed,raw_responses/A4/stage7e_v1_2_request_b203a12f964d09c5b4d5407a.json,True,2026-08-25T16:51:40.611257+00:00,stage7e_v1_2_request_b203a12f964d09c5b4d5407a,b203a12f964d09c5b4d5407a2228da1db96aaab1d0054b9032e422091015e3db,task,2026-08-25T16:51:37.009431+00:00,0,NOT_VALIDATED_RAW_FIRST,stage7_main_task_022,1698,SUCCESS,True,False
A3_NO_FACTLOCK,1,527,218,completed,3927,NORMAL_COMPLETION,NOT_PARSED_RAW_FIRST,2603,,,cfc8ae81-5694-4986-baba-fae9fd40a4bf,deepseek-v4-flash,completed,raw_responses/A3/stage7e_v1_2_request_6304717364810ca8d2111e0d.json,True,2026-08-25T16:51:44.544856+00:00,stage7e_v1_2_request_6304717364810ca8d2111e0d,6304717364810ca8d2111e0df4df33a165034cd0eb2a68c634c8c38bb72effb7,chunk_000,2026-08-25T16:51:40.617735+00:00,0,NOT_VALIDATED_RAW_FIRST,stage7_main_task_031,3130,SUCCESS,True,False
A3_NO_FACTLOCK,1,472,219,completed,3361,NORMAL_COMPLETION,NOT_PARSED_RAW_FIRST,1601,,,ba4293e4-06e2-4c89-a6e6-dc7bd5a1faf3,deepseek-v4-flash,completed,raw_responses/A3/stage7e_v1_2_request_e47b6e1f5e6ff415274cf63b.json,True,2026-08-25T16:51:47.911083+00:00,stage7e_v1_2_request_e47b6e1f5e6ff415274cf63b,e47b6e1f5e6ff415274cf63b63d598955021781adfa36e4f177d07491e001f34,chunk_005,2026-08-25T16:51:44.549875+00:00,0,NOT_VALIDATED_RAW_FIRST,stage7_main_task_033,2073,SUCCESS,True,False
A3_NO_FACTLOCK,1,528,220,completed,3343,NORMAL_COMPLETION,NOT_PARSED_RAW_FIRST,2242,,,3abb9288-2226-4a51-a602-f3123e9278dc,deepseek-v4-flash,completed,raw_responses/A3/stage7e_v1_2_request_c4e42381df3f536c83ce39e9.json,True,2026-08-25T16:51:51.261191+00:00,stage7e_v1_2_request_c4e42381df3f536c83ce39e9,c4e42381df3f536c83ce39e9e273331bbffc7d21e8d878a7a92caec5e7ce63e0,chunk_005,2026-08-25T16:51:47.917212+00:00,0,NOT_VALIDATED_RAW_FIRST,stage7_main_task_011,2770,SUCCESS,True,False
A3_NO_FACTLOCK,1,449,221,completed,3161,NORMAL_COMPLETION,NOT_PARSED_RAW_FIRST,2449,,,51fb660e-4a35-4349-af44-4af9bd56d142,deepseek-v4-flash,completed,raw_responses/A3/stage7e_v1_2_request_92bd58ca0f379496bea6b0e6.json,True,2026-08-25T16:51:54.428792+00:00,stage7e_v1_2_request_92bd58ca0f379496bea6b0e6,92bd58ca0f379496bea6b0e6432961ad1dca379cc77c3b02bcc6613d21708251,chunk_002,2026-08-25T16:51:51.267437+00:00,0,NOT_VALIDATED_RAW_FIRST,stage7_main_task_047,2898,SUCCESS,True,False
A3_NO_FACTLOCK,1,745,222,completed,4326,NORMAL_COMPLETION,NOT_PARSED_RAW_FIRST,3021,,,abf8a53d-e948-4fef-b0cd-070d596d4dc1,deepseek-v4-flash,completed,raw_responses/A3/stage7e_v1_2_request_dea3284ba02d148263b8444c.json,True,2026-08-25T16:51:58.762596+00:00,stage7e_v1_2_request_dea3284ba02d148263b8444c,dea3284ba02d148263b8444cd28bf78946da67862ad3fb9600102da66a29a76e,chunk_000,2026-08-25T16:51:54.436159+00:00,0,NOT_VALIDATED_RAW_FIRST,stage7_main_task_014,3766,SUCCESS,True,False
A4_FREE_FINAL_REALIZATION,1,1709,223,completed,9798,NORMAL_COMPLETION,NOT_PARSED_RAW_FIRST,6613,,,1a08192e-87f5-4391-8c45-8ea7e85c0927,deepseek-v4-flash,completed,raw_responses/A4/stage7e_v1_2_request_eda8df55ae599d023da33781.json,True,2026-08-25T16:52:08.567490+00:00,stage7e_v1_2_request_eda8df55ae599d023da33781,eda8df55ae599d023da3378165df1cf3c38d6766c479d2466b08db8dfcaaca6d,task,2026-08-25T16:51:58.769036+00:00,0,NOT_VALIDATED_RAW_FIRST,stage7_main_task_017,8322,SUCCESS,True,False
A3_NO_FACTLOCK,1,529,224,completed,3766,NORMAL_COMPLETION,NOT_PARSED_RAW_FIRST,1962,,,7d7d8a51-61f6-4875-8337-b58fdbbcfde1,deepseek-v4-flash,completed,raw_responses/A3/stage7e_v1_2_request_c54870444cc1d477c74e9736.json,True,2026-08-25T16:52:12.339430+00:00,stage7e_v1_2_request_c54870444cc1d477c74e9736,c54870444cc1d477c74e9736cf5ffa18a56b5ebae0b501f797cada45f8e8f189,chunk_000,2026-08-25T16:52:08.573032+00:00,0,NOT_VALIDATED_RAW_FIRST,stage7_main_task_015,2491,SUCCESS,True,False
A3_NO_FACTLOCK,1,460,225,completed,4002,NORMAL_COMPLETION,NOT_PARSED_RAW_FIRST,2465,,,1caa1133-4915-46ac-981f-e6949fc8946b,deepseek-v4-flash,completed,raw_responses/A3/stage7e_v1_2_request_61ff71077e51f52bda7b0946.json,True,2026-08-25T16:52:16.347694+00:00,stage7e_v1_2_request_61ff71077e51f52bda7b0946,61ff71077e51f52bda7b0946b7085d070f0694627ac9f2cb39a35f98ff19f71c,chunk_002,2026-08-25T16:52:12.345457+00:00,0,NOT_VALIDATED_RAW_FIRST,stage7_main_task_032,2925,SUCCESS,True,False
