arm_internal,issue_codes,recomputed_payload_hash,recomputed_system_prompt_hash,recomputed_user_prompt_hash,request_id,status,stored_payload_hash,stored_system_prompt_hash,stored_user_prompt_hash,task_id
A2_NO_ARCHITECTURAL_ABSTENTION,,01c16c9d26128bbf9a64a9e09cd08ff11f342be9ae53ae3db3a2913d35316367,98cc70dede21aadc76a6300e5e2abe44c4fbfcd17d59f0d8e802f2acf7b23c5a,8cc6c839246f2aa5104a15394bf9bd86238c54457477f3207efcce6698652989,stage7e_v1_2_request_01c16c9d26128bbf9a64a9e0,PASS,01c16c9d26128bbf9a64a9e09cd08ff11f342be9ae53ae3db3a2913d35316367,98cc70dede21aadc76a6300e5e2abe44c4fbfcd17d59f0d8e802f2acf7b23c5a,8cc6c839246f2aa5104a15394bf9bd86238c54457477f3207efcce6698652989,stage7_main_task_023
A2_NO_ARCHITECTURAL_ABSTENTION,,02ac00c151d8929e7bd567634031628452bf3bd49d70cb645ce2e02f90fbe0e8,98cc70dede21aadc76a6300e5e2abe44c4fbfcd17d59f0d8e802f2acf7b23c5a,9ebd7160276b9552ba8289040e9a677b0257a290c1d8d976fb3c4e662aada8bd,stage7e_v1_2_request_02ac00c151d8929e7bd56763,PASS,02ac00c151d8929e7bd567634031628452bf3bd49d70cb645ce2e02f90fbe0e8,98cc70dede21aadc76a6300e5e2abe44c4fbfcd17d59f0d8e802f2acf7b23c5a,9ebd7160276b9552ba8289040e9a677b0257a290c1d8d976fb3c4e662aada8bd,stage7_main_task_032
A2_NO_ARCHITECTURAL_ABSTENTION,,095564ea9646c3d528f89e381cd933a03f4f7e2ef7fe3594163e6456fa7f8092,98cc70dede21aadc76a6300e5e2abe44c4fbfcd17d59f0d8e802f2acf7b23c5a,ec1b5cb0d7accfb8e26d284dabcda41b9d5b2659bda84702b4fb16cb36508707,stage7e_v1_2_request_095564ea9646c3d528f89e38,PASS,095564ea9646c3d528f89e381cd933a03f4f7e2ef7fe3594163e6456fa7f8092,98cc70dede21aadc76a6300e5e2abe44c4fbfcd17d59f0d8e802f2acf7b23c5a,ec1b5cb0d7accfb8e26d284dabcda41b9d5b2659bda84702b4fb16cb36508707,stage7_main_task_037
A2_NO_ARCHITECTURAL_ABSTENTION,,0db1bac6d2bdc52756cf2b8b3e9e6aab9f7399dbbd4645109b4a6da60451bed9,98cc70dede21aadc76a6300e5e2abe44c4fbfcd17d59f0d8e802f2acf7b23c5a,211f793eefdc0df86cc92056427a774670ff089b2fcc62d8d482b757dafa6c51,stage7e_v1_2_request_0db1bac6d2bdc52756cf2b8b,PASS,0db1bac6d2bdc52756cf2b8b3e9e6aab9f7399dbbd4645109b4a6da60451bed9,98cc70dede21aadc76a6300e5e2abe44c4fbfcd17d59f0d8e802f2acf7b23c5a,211f793eefdc0df86cc92056427a774670ff089b2fcc62d8d482b757dafa6c51,stage7_main_task_027
A2_NO_ARCHITECTURAL_ABSTENTION,,36f99be7956fc8c627092b5c282f701ceacda147d396f780e40076804993decf,98cc70dede21aadc76a6300e5e2abe44c4fbfcd17d59f0d8e802f2acf7b23c5a,a452dff33d51e860a71613b71d15016e83fc2afda9f627692740fb3c24d1b0bd,stage7e_v1_2_request_36f99be7956fc8c627092b5c,PASS,36f99be7956fc8c627092b5c282f701ceacda147d396f780e40076804993decf,98cc70dede21aadc76a6300e5e2abe44c4fbfcd17d59f0d8e802f2acf7b23c5a,a452dff33d51e860a71613b71d15016e83fc2afda9f627692740fb3c24d1b0bd,stage7_main_task_024
A2_NO_ARCHITECTURAL_ABSTENTION,,52f52038acef934148f46726da7d5004ab5acaed400ea5ea5cc5320b097c859d,98cc70dede21aadc76a6300e5e2abe44c4fbfcd17d59f0d8e802f2acf7b23c5a,bbe85fa8265ce412ae2b4ff951c106f379c111c07e67a2eda18f3c7f8171ecb6,stage7e_v1_2_request_52f52038acef934148f46726,PASS,52f52038acef934148f46726da7d5004ab5acaed400ea5ea5cc5320b097c859d,98cc70dede21aadc76a6300e5e2abe44c4fbfcd17d59f0d8e802f2acf7b23c5a,bbe85fa8265ce412ae2b4ff951c106f379c111c07e67a2eda18f3c7f8171ecb6,stage7_main_task_031
A2_NO_ARCHITECTURAL_ABSTENTION,,58f0ca081d2b634473a0a255146a4042ad255101d41277480ca502d7cfd8c39b,98cc70dede21aadc76a6300e5e2abe44c4fbfcd17d59f0d8e802f2acf7b23c5a,32d6bb18e0752fc888ed985e81afb675f25e5de051f47e63514366b8210919d7,stage7e_v1_2_request_58f0ca081d2b634473a0a255,PASS,58f0ca081d2b634473a0a255146a4042ad255101d41277480ca502d7cfd8c39b,98cc70dede21aadc76a6300e5e2abe44c4fbfcd17d59f0d8e802f2acf7b23c5a,32d6bb18e0752fc888ed985e81afb675f25e5de051f47e63514366b8210919d7,stage7_main_task_025
A2_NO_ARCHITECTURAL_ABSTENTION,,638214c7231844754f9974e76536f116106d6a32da206ae5a5ede3d0f150db9e,98cc70dede21aadc76a6300e5e2abe44c4fbfcd17d59f0d8e802f2acf7b23c5a,1536aa97f18c0318dad84783a6daa105974b9692fa1c2df1cb542a2aaca124e6,stage7e_v1_2_request_638214c7231844754f9974e7,PASS,638214c7231844754f9974e76536f116106d6a32da206ae5a5ede3d0f150db9e,98cc70dede21aadc76a6300e5e2abe44c4fbfcd17d59f0d8e802f2acf7b23c5a,1536aa97f18c0318dad84783a6daa105974b9692fa1c2df1cb542a2aaca124e6,stage7_main_task_037
A2_NO_ARCHITECTURAL_ABSTENTION,,6cdace8857427756a7ebfb6458ded2fb262d9b1c6f8598c020a2fdf6ec1bf4b9,98cc70dede21aadc76a6300e5e2abe44c4fbfcd17d59f0d8e802f2acf7b23c5a,ee0d842440d5d34474405aba8ba93f854f456e8b931aad2a4a93e68f2f01c751,stage7e_v1_2_request_6cdace8857427756a7ebfb64,PASS,6cdace8857427756a7ebfb6458ded2fb262d9b1c6f8598c020a2fdf6ec1bf4b9,98cc70dede21aadc76a6300e5e2abe44c4fbfcd17d59f0d8e802f2acf7b23c5a,ee0d842440d5d34474405aba8ba93f854f456e8b931aad2a4a93e68f2f01c751,stage7_main_task_032
A2_NO_ARCHITECTURAL_ABSTENTION,,7abf35a93cf85ac68ad9728fca19ca1128673bdeaee231421e61250cbfc907a3,98cc70dede21aadc76a6300e5e2abe44c4fbfcd17d59f0d8e802f2acf7b23c5a,ca858064c0ea6be12df834905f994d63c6bf07c39bdc7abdb9150a8f52e90a5c,stage7e_v1_2_request_7abf35a93cf85ac68ad9728f,PASS,7abf35a93cf85ac68ad9728fca19ca1128673bdeaee231421e61250cbfc907a3,98cc70dede21aadc76a6300e5e2abe44c4fbfcd17d59f0d8e802f2acf7b23c5a,ca858064c0ea6be12df834905f994d63c6bf07c39bdc7abdb9150a8f52e90a5c,stage7_main_task_012
A2_NO_ARCHITECTURAL_ABSTENTION,,87a19f629a670f3650097e2ffaca2f849f051a3305fed18419a34b6d5445f2ee,98cc70dede21aadc76a6300e5e2abe44c4fbfcd17d59f0d8e802f2acf7b23c5a,4c0bcbfa8f9fb4462c954df1edd4f33f13e05a7aa1b69d2d9da50ea83508243f,stage7e_v1_2_request_87a19f629a670f3650097e2f,PASS,87a19f629a670f3650097e2ffaca2f849f051a3305fed18419a34b6d5445f2ee,98cc70dede21aadc76a6300e5e2abe44c4fbfcd17d59f0d8e802f2acf7b23c5a,4c0bcbfa8f9fb4462c954df1edd4f33f13e05a7aa1b69d2d9da50ea83508243f,stage7_main_task_002
A2_NO_ARCHITECTURAL_ABSTENTION,,8aeb7595163fbb8d54c06bd628142d710cc225e17fcbccb2d63a9795436a8098,98cc70dede21aadc76a6300e5e2abe44c4fbfcd17d59f0d8e802f2acf7b23c5a,e3dc82efea7d459c0522e988c994c8ecccf0939bd454df8bc612cb1fdee96f34,stage7e_v1_2_request_8aeb7595163fbb8d54c06bd6,PASS,8aeb7595163fbb8d54c06bd628142d710cc225e17fcbccb2d63a9795436a8098,98cc70dede21aadc76a6300e5e2abe44c4fbfcd17d59f0d8e802f2acf7b23c5a,e3dc82efea7d459c0522e988c994c8ecccf0939bd454df8bc612cb1fdee96f34,stage7_main_task_038
A2_NO_ARCHITECTURAL_ABSTENTION,,91559ecad0e4ee4362333b9a4d55279fae8d9b86357d13d1d240ffc4ff7cfdfc,98cc70dede21aadc76a6300e5e2abe44c4fbfcd17d59f0d8e802f2acf7b23c5a,eaec56e7a5c2a58069172897df68297264a8ed74c40b56b7ae5d48d1cc485ea3,stage7e_v1_2_request_91559ecad0e4ee4362333b9a,PASS,91559ecad0e4ee4362333b9a4d55279fae8d9b86357d13d1d240ffc4ff7cfdfc,98cc70dede21aadc76a6300e5e2abe44c4fbfcd17d59f0d8e802f2acf7b23c5a,eaec56e7a5c2a58069172897df68297264a8ed74c40b56b7ae5d48d1cc485ea3,stage7_main_task_019
A2_NO_ARCHITECTURAL_ABSTENTION,,968ee858c724d831a4c4ce230cbd04914ab0196a1d17a27a65152f35cc153de4,98cc70dede21aadc76a6300e5e2abe44c4fbfcd17d59f0d8e802f2acf7b23c5a,43a667cd59f249565a091f659c411f2c5986317cce6c7c086eb0dacfbd2125a2,stage7e_v1_2_request_968ee858c724d831a4c4ce23,PASS,968ee858c724d831a4c4ce230cbd04914ab0196a1d17a27a65152f35cc153de4,98cc70dede21aadc76a6300e5e2abe44c4fbfcd17d59f0d8e802f2acf7b23c5a,43a667cd59f249565a091f659c411f2c5986317cce6c7c086eb0dacfbd2125a2,stage7_main_task_019
A2_NO_ARCHITECTURAL_ABSTENTION,,9da6a0d099e5f65939f2a3b948e2c8e621e1dcfef412edb4d9820ce94c3bacde,98cc70dede21aadc76a6300e5e2abe44c4fbfcd17d59f0d8e802f2acf7b23c5a,f55d38cd3f76a57b1ef331393aef3f1aab03a851463f1d987804904150bdfccf,stage7e_v1_2_request_9da6a0d099e5f65939f2a3b9,PASS,9da6a0d099e5f65939f2a3b948e2c8e621e1dcfef412edb4d9820ce94c3bacde,98cc70dede21aadc76a6300e5e2abe44c4fbfcd17d59f0d8e802f2acf7b23c5a,f55d38cd3f76a57b1ef331393aef3f1aab03a851463f1d987804904150bdfccf,stage7_main_task_003
A2_NO_ARCHITECTURAL_ABSTENTION,,a591dbd590798b732d52cd6c4f03ef0f31b8291b63ce75d57c11f65c0c06c593,98cc70dede21aadc76a6300e5e2abe44c4fbfcd17d59f0d8e802f2acf7b23c5a,a04305ecbf39645fde11dd1414c7afce5ae32e323481f98446c0f52409106f99,stage7e_v1_2_request_a591dbd590798b732d52cd6c,PASS,a591dbd590798b732d52cd6c4f03ef0f31b8291b63ce75d57c11f65c0c06c593,98cc70dede21aadc76a6300e5e2abe44c4fbfcd17d59f0d8e802f2acf7b23c5a,a04305ecbf39645fde11dd1414c7afce5ae32e323481f98446c0f52409106f99,stage7_main_task_009
A2_NO_ARCHITECTURAL_ABSTENTION,,af72c2a2d7b596810ac41235a65538b1b259b02a79f064f115a1c31a99f8f266,98cc70dede21aadc76a6300e5e2abe44c4fbfcd17d59f0d8e802f2acf7b23c5a,b7d12f9cd950ba9b9d68f81de02e8c1405ef206dd92d88995f5a7460a8f4a26e,stage7e_v1_2_request_af72c2a2d7b596810ac41235,PASS,af72c2a2d7b596810ac41235a65538b1b259b02a79f064f115a1c31a99f8f266,98cc70dede21aadc76a6300e5e2abe44c4fbfcd17d59f0d8e802f2acf7b23c5a,b7d12f9cd950ba9b9d68f81de02e8c1405ef206dd92d88995f5a7460a8f4a26e,stage7_main_task_007
A2_NO_ARCHITECTURAL_ABSTENTION,,ba0f602d5e2a0d1a7b391ee369062cd9d8ca03780e372f45d4c209b632d3de24,98cc70dede21aadc76a6300e5e2abe44c4fbfcd17d59f0d8e802f2acf7b23c5a,1b0d7c98040ad9aba29b706f9518ee6f68b33c9b8d1ef9721f77ec3cd233a76f,stage7e_v1_2_request_ba0f602d5e2a0d1a7b391ee3,PASS,ba0f602d5e2a0d1a7b391ee369062cd9d8ca03780e372f45d4c209b632d3de24,98cc70dede21aadc76a6300e5e2abe44c4fbfcd17d59f0d8e802f2acf7b23c5a,1b0d7c98040ad9aba29b706f9518ee6f68b33c9b8d1ef9721f77ec3cd233a76f,stage7_main_task_030
A2_NO_ARCHITECTURAL_ABSTENTION,,bb9d0ca400ec41af54c8b3a7713c826c7273c97319399f9da14f8bb396999d0a,98cc70dede21aadc76a6300e5e2abe44c4fbfcd17d59f0d8e802f2acf7b23c5a,009a0ddfd7a2494b7f46b11448fba7b52a241da87dd30941c83fb9fbc72243c6,stage7e_v1_2_request_bb9d0ca400ec41af54c8b3a7,PASS,bb9d0ca400ec41af54c8b3a7713c826c7273c97319399f9da14f8bb396999d0a,98cc70dede21aadc76a6300e5e2abe44c4fbfcd17d59f0d8e802f2acf7b23c5a,009a0ddfd7a2494b7f46b11448fba7b52a241da87dd30941c83fb9fbc72243c6,stage7_main_task_018
A2_NO_ARCHITECTURAL_ABSTENTION,,c0e2ba5808c3c3f525ac9e0b9a36fd98485c4f6e13742e893403a0acbe35a793,98cc70dede21aadc76a6300e5e2abe44c4fbfcd17d59f0d8e802f2acf7b23c5a,171519c4d74b2c86690502c3a8364804518e3f0d643bcbd39517ff87ceeaf5ac,stage7e_v1_2_request_c0e2ba5808c3c3f525ac9e0b,PASS,c0e2ba5808c3c3f525ac9e0b9a36fd98485c4f6e13742e893403a0acbe35a793,98cc70dede21aadc76a6300e5e2abe44c4fbfcd17d59f0d8e802f2acf7b23c5a,171519c4d74b2c86690502c3a8364804518e3f0d643bcbd39517ff87ceeaf5ac,stage7_main_task_031
A2_NO_ARCHITECTURAL_ABSTENTION,,d45636cdf9b5dd514d16e7615e942f4c8a8b50feb7e698e175ffc18dcea7a48d,98cc70dede21aadc76a6300e5e2abe44c4fbfcd17d59f0d8e802f2acf7b23c5a,f916416378601f3b035c058e4bcdfb8b7b4c67de805c3f455a66efeaa2622199,stage7e_v1_2_request_d45636cdf9b5dd514d16e761,PASS,d45636cdf9b5dd514d16e7615e942f4c8a8b50feb7e698e175ffc18dcea7a48d,98cc70dede21aadc76a6300e5e2abe44c4fbfcd17d59f0d8e802f2acf7b23c5a,f916416378601f3b035c058e4bcdfb8b7b4c67de805c3f455a66efeaa2622199,stage7_main_task_003
A2_NO_ARCHITECTURAL_ABSTENTION,,d54d9e57d9c85e3f9ac0c9dbb62984658e42ec26dd0135d68caea5efbaa473e8,98cc70dede21aadc76a6300e5e2abe44c4fbfcd17d59f0d8e802f2acf7b23c5a,9c594d7b6a4120af7fc89de37ba26bfa4a5aecf729358124e0d9f22fc2b9830e,stage7e_v1_2_request_d54d9e57d9c85e3f9ac0c9db,PASS,d54d9e57d9c85e3f9ac0c9dbb62984658e42ec26dd0135d68caea5efbaa473e8,98cc70dede21aadc76a6300e5e2abe44c4fbfcd17d59f0d8e802f2acf7b23c5a,9c594d7b6a4120af7fc89de37ba26bfa4a5aecf729358124e0d9f22fc2b9830e,stage7_main_task_007
A2_NO_ARCHITECTURAL_ABSTENTION,,e344b12ddc0137090b5edca741198b32f84c153dd03b903178af23a7d1fe5aba,98cc70dede21aadc76a6300e5e2abe44c4fbfcd17d59f0d8e802f2acf7b23c5a,a62da79d45871960c3dd11f1f4d3bad621a9273fa82efb7bf7950e9c218a6dc6,stage7e_v1_2_request_e344b12ddc0137090b5edca7,PASS,e344b12ddc0137090b5edca741198b32f84c153dd03b903178af23a7d1fe5aba,98cc70dede21aadc76a6300e5e2abe44c4fbfcd17d59f0d8e802f2acf7b23c5a,a62da79d45871960c3dd11f1f4d3bad621a9273fa82efb7bf7950e9c218a6dc6,stage7_main_task_035
A2_NO_ARCHITECTURAL_ABSTENTION,,ea42f77fca8d80680cd7fb6480181b03273539ac1871f808eef72ce4882c6ceb,98cc70dede21aadc76a6300e5e2abe44c4fbfcd17d59f0d8e802f2acf7b23c5a,fe3fa0bda61c54aad23858099a7b23bed3a664b60f7a48bc111f80593264eef5,stage7e_v1_2_request_ea42f77fca8d80680cd7fb64,PASS,ea42f77fca8d80680cd7fb6480181b03273539ac1871f808eef72ce4882c6ceb,98cc70dede21aadc76a6300e5e2abe44c4fbfcd17d59f0d8e802f2acf7b23c5a,fe3fa0bda61c54aad23858099a7b23bed3a664b60f7a48bc111f80593264eef5,stage7_main_task_004
A2_NO_ARCHITECTURAL_ABSTENTION,,f22d4cbc9f3148096bc84fb8c0b2cc1ba4165342bac3a3c2d7e95bf47e0e9651,98cc70dede21aadc76a6300e5e2abe44c4fbfcd17d59f0d8e802f2acf7b23c5a,2b3fa31a5b0e3586b5c2207ec8cc14ed17ec034fe240988cf9eeca9e36e8fe58,stage7e_v1_2_request_f22d4cbc9f3148096bc84fb8,PASS,f22d4cbc9f3148096bc84fb8c0b2cc1ba4165342bac3a3c2d7e95bf47e0e9651,98cc70dede21aadc76a6300e5e2abe44c4fbfcd17d59f0d8e802f2acf7b23c5a,2b3fa31a5b0e3586b5c2207ec8cc14ed17ec034fe240988cf9eeca9e36e8fe58,stage7_main_task_039
A2_NO_ARCHITECTURAL_ABSTENTION,,f57ffbd6d2cce618049d25208a55719bc8c9461953caec51b23901d56302cb05,98cc70dede21aadc76a6300e5e2abe44c4fbfcd17d59f0d8e802f2acf7b23c5a,446fdb5ba8e66744fb32dc4c6f35a6cd8f1a67b410652f7098ae4861ed76c77c,stage7e_v1_2_request_f57ffbd6d2cce618049d2520,PASS,f57ffbd6d2cce618049d25208a55719bc8c9461953caec51b23901d56302cb05,98cc70dede21aadc76a6300e5e2abe44c4fbfcd17d59f0d8e802f2acf7b23c5a,446fdb5ba8e66744fb32dc4c6f35a6cd8f1a67b410652f7098ae4861ed76c77c,stage7_main_task_010
A2_NO_ARCHITECTURAL_ABSTENTION,,f74ad9244151d4593eda1899f26478e7154be5b096dcfc455914aa137dc45f46,98cc70dede21aadc76a6300e5e2abe44c4fbfcd17d59f0d8e802f2acf7b23c5a,97f2664ee23b58cfd41d5d70e5bbfabc45489596a89566e81495c6c87a8e5798,stage7e_v1_2_request_f74ad9244151d4593eda1899,PASS,f74ad9244151d4593eda1899f26478e7154be5b096dcfc455914aa137dc45f46,98cc70dede21aadc76a6300e5e2abe44c4fbfcd17d59f0d8e802f2acf7b23c5a,97f2664ee23b58cfd41d5d70e5bbfabc45489596a89566e81495c6c87a8e5798,stage7_main_task_013
A2_NO_ARCHITECTURAL_ABSTENTION,,f957d236080fa6bb02f661ec5b61a6e1346d50f14c3c678c448f900a5b38d097,98cc70dede21aadc76a6300e5e2abe44c4fbfcd17d59f0d8e802f2acf7b23c5a,45f3157ce2f188d50793a4f2aa292c1fe481869e98458971c93a8b8e671945fb,stage7e_v1_2_request_f957d236080fa6bb02f661ec,PASS,f957d236080fa6bb02f661ec5b61a6e1346d50f14c3c678c448f900a5b38d097,98cc70dede21aadc76a6300e5e2abe44c4fbfcd17d59f0d8e802f2acf7b23c5a,45f3157ce2f188d50793a4f2aa292c1fe481869e98458971c93a8b8e671945fb,stage7_main_task_016
A2_NO_ARCHITECTURAL_ABSTENTION,,fa9e4c0c541ffd679a3d0025533a8e064ad035ac3c492066eb11c2b662635b82,98cc70dede21aadc76a6300e5e2abe44c4fbfcd17d59f0d8e802f2acf7b23c5a,ad0974821d1c2c59c429151a72c567c0b8e55d6f4e1bc425a039fd532d6c5abc,stage7e_v1_2_request_fa9e4c0c541ffd679a3d0025,PASS,fa9e4c0c541ffd679a3d0025533a8e064ad035ac3c492066eb11c2b662635b82,98cc70dede21aadc76a6300e5e2abe44c4fbfcd17d59f0d8e802f2acf7b23c5a,ad0974821d1c2c59c429151a72c567c0b8e55d6f4e1bc425a039fd532d6c5abc,stage7_main_task_006
A2_NO_ARCHITECTURAL_ABSTENTION,,fc57c4e8705d592eb93a18c3b9a35f16b7fda4cd608a3dfc5771587b9c5c831f,98cc70dede21aadc76a6300e5e2abe44c4fbfcd17d59f0d8e802f2acf7b23c5a,9dc8c0b81ac69b25da083f5aa6eb1359b81a7dc1d73029e08f9ac6a03d1ba440,stage7e_v1_2_request_fc57c4e8705d592eb93a18c3,PASS,fc57c4e8705d592eb93a18c3b9a35f16b7fda4cd608a3dfc5771587b9c5c831f,98cc70dede21aadc76a6300e5e2abe44c4fbfcd17d59f0d8e802f2acf7b23c5a,9dc8c0b81ac69b25da083f5aa6eb1359b81a7dc1d73029e08f9ac6a03d1ba440,stage7_main_task_016
A2_NO_ARCHITECTURAL_ABSTENTION,,ff03f3385ab46fe89bde2bf94ed6e8157c9b4d88fd74c7b1951c5253f5ecade0,98cc70dede21aadc76a6300e5e2abe44c4fbfcd17d59f0d8e802f2acf7b23c5a,3c95d79cbd0bdacbdb0618d22bd8108d8395e4964de0efe32fb1241b426f6a9b,stage7e_v1_2_request_ff03f3385ab46fe89bde2bf9,PASS,ff03f3385ab46fe89bde2bf94ed6e8157c9b4d88fd74c7b1951c5253f5ecade0,98cc70dede21aadc76a6300e5e2abe44c4fbfcd17d59f0d8e802f2acf7b23c5a,3c95d79cbd0bdacbdb0618d22bd8108d8395e4964de0efe32fb1241b426f6a9b,stage7_main_task_028
A3_NO_FACTLOCK,,0188b8a84174f6db855bf6e13b3c5643e983e49682ffb43debe670411dfde087,061f8dd0116a0b38c0bec8107bddf6ca718709eeb899cdeed733989bc1d810d2,ed16452aac5f2ecd80b101e0c24ee279a297add64593f2faa5308cce08a3e7fa,stage7e_v1_2_request_0188b8a84174f6db855bf6e1,PASS,0188b8a84174f6db855bf6e13b3c5643e983e49682ffb43debe670411dfde087,061f8dd0116a0b38c0bec8107bddf6ca718709eeb899cdeed733989bc1d810d2,ed16452aac5f2ecd80b101e0c24ee279a297add64593f2faa5308cce08a3e7fa,stage7_main_task_033
A3_NO_FACTLOCK,,0225b4853138633b995d5511e4cc785963f9cdce46c57d4bc1891e6399efe8c1,061f8dd0116a0b38c0bec8107bddf6ca718709eeb899cdeed733989bc1d810d2,963400be9827089198f55fb833c83d4bd7f5e0bce27bc9650541740da216eb1c,stage7e_v1_2_request_0225b4853138633b995d5511,PASS,0225b4853138633b995d5511e4cc785963f9cdce46c57d4bc1891e6399efe8c1,061f8dd0116a0b38c0bec8107bddf6ca718709eeb899cdeed733989bc1d810d2,963400be9827089198f55fb833c83d4bd7f5e0bce27bc9650541740da216eb1c,stage7_main_task_043
A3_NO_FACTLOCK,,045305e2f9df9d69bc537ead5088d9cfde2d3a58384d5878e3cb82075e201660,061f8dd0116a0b38c0bec8107bddf6ca718709eeb899cdeed733989bc1d810d2,c763100cb045d015446104cd48488a90da12a745afc49626594f7c8d5afed290,stage7e_v1_2_request_045305e2f9df9d69bc537ead,PASS,045305e2f9df9d69bc537ead5088d9cfde2d3a58384d5878e3cb82075e201660,061f8dd0116a0b38c0bec8107bddf6ca718709eeb899cdeed733989bc1d810d2,c763100cb045d015446104cd48488a90da12a745afc49626594f7c8d5afed290,stage7_main_task_017
A3_NO_FACTLOCK,,045e00d4d4dff9b386b0a547ec165570979b7885ce20951672f8ee750b0580f4,061f8dd0116a0b38c0bec8107bddf6ca718709eeb899cdeed733989bc1d810d2,faaa532c4f313acb9cf3faee59d23b5e78308204c4637b1bb32d30c28e207cca,stage7e_v1_2_request_045e00d4d4dff9b386b0a547,PASS,045e00d4d4dff9b386b0a547ec165570979b7885ce20951672f8ee750b0580f4,061f8dd0116a0b38c0bec8107bddf6ca718709eeb899cdeed733989bc1d810d2,faaa532c4f313acb9cf3faee59d23b5e78308204c4637b1bb32d30c28e207cca,stage7_main_task_023
A3_NO_FACTLOCK,,084a2f6fa6bccbf4f22f466646bebd2dbbe1cc6e100fc75d7c4693eb1a09183c,061f8dd0116a0b38c0bec8107bddf6ca718709eeb899cdeed733989bc1d810d2,41ffbd223257ef183846a427ee4dc0717a3e0b4e4c3d223e5fbbe70e9dd13974,stage7e_v1_2_request_084a2f6fa6bccbf4f22f4666,PASS,084a2f6fa6bccbf4f22f466646bebd2dbbe1cc6e100fc75d7c4693eb1a09183c,061f8dd0116a0b38c0bec8107bddf6ca718709eeb899cdeed733989bc1d810d2,41ffbd223257ef183846a427ee4dc0717a3e0b4e4c3d223e5fbbe70e9dd13974,stage7_main_task_013
A3_NO_FACTLOCK,,08c1f7dbc3da3a4d57cb584a3595836963f83a971238f3f4a57b25216cfcb726,061f8dd0116a0b38c0bec8107bddf6ca718709eeb899cdeed733989bc1d810d2,4e0dada2f35519946c38966fbf82083539f81aa0be5aaf0d24fb2a5453ca8343,stage7e_v1_2_request_08c1f7dbc3da3a4d57cb584a,PASS,08c1f7dbc3da3a4d57cb584a3595836963f83a971238f3f4a57b25216cfcb726,061f8dd0116a0b38c0bec8107bddf6ca718709eeb899cdeed733989bc1d810d2,4e0dada2f35519946c38966fbf82083539f81aa0be5aaf0d24fb2a5453ca8343,stage7_main_task_019
A3_NO_FACTLOCK,,0936acecec7af9443a59aed7ab41616fedb85131db29f72b1b40c5a088327261,061f8dd0116a0b38c0bec8107bddf6ca718709eeb899cdeed733989bc1d810d2,ec4bf151e7629d879a9105b8c3d4e5cb7a58d44a9d3c039436a2efc234d77f51,stage7e_v1_2_request_0936acecec7af9443a59aed7,PASS,0936acecec7af9443a59aed7ab41616fedb85131db29f72b1b40c5a088327261,061f8dd0116a0b38c0bec8107bddf6ca718709eeb899cdeed733989bc1d810d2,ec4bf151e7629d879a9105b8c3d4e5cb7a58d44a9d3c039436a2efc234d77f51,stage7_main_task_036
A3_NO_FACTLOCK,,09daa1df742b5d18b4aa76a2d75674406bc8c364002839b1896f30992b5fd653,061f8dd0116a0b38c0bec8107bddf6ca718709eeb899cdeed733989bc1d810d2,5584b4602552f8e6e411d1547714a3d978a56f2bdead029376f96584c8fecfae,stage7e_v1_2_request_09daa1df742b5d18b4aa76a2,PASS,09daa1df742b5d18b4aa76a2d75674406bc8c364002839b1896f30992b5fd653,061f8dd0116a0b38c0bec8107bddf6ca718709eeb899cdeed733989bc1d810d2,5584b4602552f8e6e411d1547714a3d978a56f2bdead029376f96584c8fecfae,stage7_main_task_021
A3_NO_FACTLOCK,,0bebae04d3b4ba0f078f6b52813834de94d6dba3c0eec417e8858bec8fe02704,061f8dd0116a0b38c0bec8107bddf6ca718709eeb899cdeed733989bc1d810d2,a57a496d7d00de8cbfd14703f65fafe8d4a3dbd88f5f4aabae041061fb2f905a,stage7e_v1_2_request_0bebae04d3b4ba0f078f6b52,PASS,0bebae04d3b4ba0f078f6b52813834de94d6dba3c0eec417e8858bec8fe02704,061f8dd0116a0b38c0bec8107bddf6ca718709eeb899cdeed733989bc1d810d2,a57a496d7d00de8cbfd14703f65fafe8d4a3dbd88f5f4aabae041061fb2f905a,stage7_main_task_010
A3_NO_FACTLOCK,,0df953e1953580320322cdda5262464dc1dd3efd7e6ce65ae4c322d616b37ab1,061f8dd0116a0b38c0bec8107bddf6ca718709eeb899cdeed733989bc1d810d2,e6b516ef68fd18dda1e427103635addd407c6dbc8c2d0bb1f04d9748c37dc29d,stage7e_v1_2_request_0df953e1953580320322cdda,PASS,0df953e1953580320322cdda5262464dc1dd3efd7e6ce65ae4c322d616b37ab1,061f8dd0116a0b38c0bec8107bddf6ca718709eeb899cdeed733989bc1d810d2,e6b516ef68fd18dda1e427103635addd407c6dbc8c2d0bb1f04d9748c37dc29d,stage7_main_task_002
A3_NO_FACTLOCK,,0fa7680508a697a38f688e55ac62b77063b81a09ad224118bd73e56f4ab1329f,061f8dd0116a0b38c0bec8107bddf6ca718709eeb899cdeed733989bc1d810d2,88e0ac8580e46b1ea0fc7241a98d09b5710cff18c3ca6018106db54f9fcca3ce,stage7e_v1_2_request_0fa7680508a697a38f688e55,PASS,0fa7680508a697a38f688e55ac62b77063b81a09ad224118bd73e56f4ab1329f,061f8dd0116a0b38c0bec8107bddf6ca718709eeb899cdeed733989bc1d810d2,88e0ac8580e46b1ea0fc7241a98d09b5710cff18c3ca6018106db54f9fcca3ce,stage7_main_task_044
A3_NO_FACTLOCK,,1163982282430aed7e4ff717fcb97430421649a6d0b60eae118fec4a72b5dbab,061f8dd0116a0b38c0bec8107bddf6ca718709eeb899cdeed733989bc1d810d2,c225daea27e803b6cc35e8f18b212b6ef607b0ceb8a8e089dadde215eab0ebc1,stage7e_v1_2_request_1163982282430aed7e4ff717,PASS,1163982282430aed7e4ff717fcb97430421649a6d0b60eae118fec4a72b5dbab,061f8dd0116a0b38c0bec8107bddf6ca718709eeb899cdeed733989bc1d810d2,c225daea27e803b6cc35e8f18b212b6ef607b0ceb8a8e089dadde215eab0ebc1,stage7_main_task_010
A3_NO_FACTLOCK,,11b54f3a7b204fa8980a5a07d9e2e23d7362cb699c22eaa9c6a69eb5d2457e3e,061f8dd0116a0b38c0bec8107bddf6ca718709eeb899cdeed733989bc1d810d2,932cb7facbdcb52c682e6755ca22ed3fa9ecc8c32a459813303a6a1f598c4668,stage7e_v1_2_request_11b54f3a7b204fa8980a5a07,PASS,11b54f3a7b204fa8980a5a07d9e2e23d7362cb699c22eaa9c6a69eb5d2457e3e,061f8dd0116a0b38c0bec8107bddf6ca718709eeb899cdeed733989bc1d810d2,932cb7facbdcb52c682e6755ca22ed3fa9ecc8c32a459813303a6a1f598c4668,stage7_main_task_047
A3_NO_FACTLOCK,,12e20a11ffb6d2b54c8f2725548b9c8e4639384c44f8b1e8d2a8af534176cfed,061f8dd0116a0b38c0bec8107bddf6ca718709eeb899cdeed733989bc1d810d2,03b4a5e5bf17bd5b59d8d3b9b72bb8ec839e51e687da745c3679034e1241f39c,stage7e_v1_2_request_12e20a11ffb6d2b54c8f2725,PASS,12e20a11ffb6d2b54c8f2725548b9c8e4639384c44f8b1e8d2a8af534176cfed,061f8dd0116a0b38c0bec8107bddf6ca718709eeb899cdeed733989bc1d810d2,03b4a5e5bf17bd5b59d8d3b9b72bb8ec839e51e687da745c3679034e1241f39c,stage7_main_task_017
A3_NO_FACTLOCK,,156afa3a5a351660d279bfe84853cb91f67d8cfbab8290fcb091ab9ead4ffff6,061f8dd0116a0b38c0bec8107bddf6ca718709eeb899cdeed733989bc1d810d2,b093c0bcaa84754c02f6e1bd18e53a81fc6019e97c51c2bf8bb61c8566507387,stage7e_v1_2_request_156afa3a5a351660d279bfe8,PASS,156afa3a5a351660d279bfe84853cb91f67d8cfbab8290fcb091ab9ead4ffff6,061f8dd0116a0b38c0bec8107bddf6ca718709eeb899cdeed733989bc1d810d2,b093c0bcaa84754c02f6e1bd18e53a81fc6019e97c51c2bf8bb61c8566507387,stage7_main_task_011
A3_NO_FACTLOCK,,165ed5b7b62854835523622afa5815437cda3b1b992659f68712ac013ff83aa6,061f8dd0116a0b38c0bec8107bddf6ca718709eeb899cdeed733989bc1d810d2,264a7ce63adcf5d10b13cad9c67a88ee7ab4e5aefde333200151c5de40b958d0,stage7e_v1_2_request_165ed5b7b62854835523622a,PASS,165ed5b7b62854835523622afa5815437cda3b1b992659f68712ac013ff83aa6,061f8dd0116a0b38c0bec8107bddf6ca718709eeb899cdeed733989bc1d810d2,264a7ce63adcf5d10b13cad9c67a88ee7ab4e5aefde333200151c5de40b958d0,stage7_main_task_025
A3_NO_FACTLOCK,,17eacdd6612f216aa3e5e09c48224a019d68f306103a3bb4dbaba279510a1066,061f8dd0116a0b38c0bec8107bddf6ca718709eeb899cdeed733989bc1d810d2,502f68f3b7e6f246b6860c05322193fece2a76f275155ae3cba69b5589430c94,stage7e_v1_2_request_17eacdd6612f216aa3e5e09c,PASS,17eacdd6612f216aa3e5e09c48224a019d68f306103a3bb4dbaba279510a1066,061f8dd0116a0b38c0bec8107bddf6ca718709eeb899cdeed733989bc1d810d2,502f68f3b7e6f246b6860c05322193fece2a76f275155ae3cba69b5589430c94,stage7_main_task_021
A3_NO_FACTLOCK,,1821215329baa4cf9c47630abff9af05cac3aace244d9611fa5b474bb51a6da5,061f8dd0116a0b38c0bec8107bddf6ca718709eeb899cdeed733989bc1d810d2,dd460b7b1190c26627f1b86fdb47cb52c2a723380236abec450a4331e9911ae3,stage7e_v1_2_request_1821215329baa4cf9c47630a,PASS,1821215329baa4cf9c47630abff9af05cac3aace244d9611fa5b474bb51a6da5,061f8dd0116a0b38c0bec8107bddf6ca718709eeb899cdeed733989bc1d810d2,dd460b7b1190c26627f1b86fdb47cb52c2a723380236abec450a4331e9911ae3,stage7_main_task_003
A3_NO_FACTLOCK,,1a62226611f035a8c25212e5cc4edee5e7994e9f4e6ebec3cb7ca421532b455a,061f8dd0116a0b38c0bec8107bddf6ca718709eeb899cdeed733989bc1d810d2,622df0379f67f237e68fe5c2228cb50c3f33ff7c57567afd9e6f1c7217886266,stage7e_v1_2_request_1a62226611f035a8c25212e5,PASS,1a62226611f035a8c25212e5cc4edee5e7994e9f4e6ebec3cb7ca421532b455a,061f8dd0116a0b38c0bec8107bddf6ca718709eeb899cdeed733989bc1d810d2,622df0379f67f237e68fe5c2228cb50c3f33ff7c57567afd9e6f1c7217886266,stage7_main_task_012
A3_NO_FACTLOCK,,20c29033346af0ad21a68fdf69edbb6649a6acfba0715b361d3833c0e182e649,061f8dd0116a0b38c0bec8107bddf6ca718709eeb899cdeed733989bc1d810d2,7dcef5de0c005e531a1051ee1f1004d4ca0e12b96723588367156b05d9896b0a,stage7e_v1_2_request_20c29033346af0ad21a68fdf,PASS,20c29033346af0ad21a68fdf69edbb6649a6acfba0715b361d3833c0e182e649,061f8dd0116a0b38c0bec8107bddf6ca718709eeb899cdeed733989bc1d810d2,7dcef5de0c005e531a1051ee1f1004d4ca0e12b96723588367156b05d9896b0a,stage7_main_task_001
A3_NO_FACTLOCK,,216adb0f26a02840abf1c6778f1ea54a08c43b52619ddd4e24bc603994dc124c,061f8dd0116a0b38c0bec8107bddf6ca718709eeb899cdeed733989bc1d810d2,284d3ff080787ad0764e12d31c4af652f878e9e31a10061ea854bfa1ac11463a,stage7e_v1_2_request_216adb0f26a02840abf1c677,PASS,216adb0f26a02840abf1c6778f1ea54a08c43b52619ddd4e24bc603994dc124c,061f8dd0116a0b38c0bec8107bddf6ca718709eeb899cdeed733989bc1d810d2,284d3ff080787ad0764e12d31c4af652f878e9e31a10061ea854bfa1ac11463a,stage7_main_task_032
A3_NO_FACTLOCK,,22d069161cc6499bcc4c10be1e2946f203ef46916ff6a1f66cab0f4771662bec,061f8dd0116a0b38c0bec8107bddf6ca718709eeb899cdeed733989bc1d810d2,fc4a9d3c9d7e0bf892c7bf6ba320c5cca8fde1e66ba550e9a95d6cb89cd9e254,stage7e_v1_2_request_22d069161cc6499bcc4c10be,PASS,22d069161cc6499bcc4c10be1e2946f203ef46916ff6a1f66cab0f4771662bec,061f8dd0116a0b38c0bec8107bddf6ca718709eeb899cdeed733989bc1d810d2,fc4a9d3c9d7e0bf892c7bf6ba320c5cca8fde1e66ba550e9a95d6cb89cd9e254,stage7_main_task_011
A3_NO_FACTLOCK,,291067ef7be73871da4344fa2e38cc506bb5b1b56990ab53155033da87a50b78,061f8dd0116a0b38c0bec8107bddf6ca718709eeb899cdeed733989bc1d810d2,e2f261d30bfa300b4002d4a7b8060b353eae00fe017d21e0074588efa7d99476,stage7e_v1_2_request_291067ef7be73871da4344fa,PASS,291067ef7be73871da4344fa2e38cc506bb5b1b56990ab53155033da87a50b78,061f8dd0116a0b38c0bec8107bddf6ca718709eeb899cdeed733989bc1d810d2,e2f261d30bfa300b4002d4a7b8060b353eae00fe017d21e0074588efa7d99476,stage7_main_task_012
A3_NO_FACTLOCK,,2b94a40fd32c9cd2383dae84256582325c9fb5128d51fab82c8cb6a3fa2674f3,061f8dd0116a0b38c0bec8107bddf6ca718709eeb899cdeed733989bc1d810d2,99cd1472f225fa29873e52858fef90401e71ff259c8a172bcc860a790925b31f,stage7e_v1_2_request_2b94a40fd32c9cd2383dae84,PASS,2b94a40fd32c9cd2383dae84256582325c9fb5128d51fab82c8cb6a3fa2674f3,061f8dd0116a0b38c0bec8107bddf6ca718709eeb899cdeed733989bc1d810d2,99cd1472f225fa29873e52858fef90401e71ff259c8a172bcc860a790925b31f,stage7_main_task_032
A3_NO_FACTLOCK,,2dc668106cc2dd3efc174e861d39217a6bce21e0ccf2fd36fc6164bafc0cdd75,061f8dd0116a0b38c0bec8107bddf6ca718709eeb899cdeed733989bc1d810d2,1508d82809dbe149c541567266e66511bc60c1b4936721203f23163532357e71,stage7e_v1_2_request_2dc668106cc2dd3efc174e86,PASS,2dc668106cc2dd3efc174e861d39217a6bce21e0ccf2fd36fc6164bafc0cdd75,061f8dd0116a0b38c0bec8107bddf6ca718709eeb899cdeed733989bc1d810d2,1508d82809dbe149c541567266e66511bc60c1b4936721203f23163532357e71,stage7_main_task_017
A3_NO_FACTLOCK,,2e1beca2d7e8e7010ee93ad93e332e1616f331b952279684bfa97d69acc5ef6d,061f8dd0116a0b38c0bec8107bddf6ca718709eeb899cdeed733989bc1d810d2,382bc3810e150263a6938f63a815c6ac3b266c49702b260ff077bc0405a5a1b0,stage7e_v1_2_request_2e1beca2d7e8e7010ee93ad9,PASS,2e1beca2d7e8e7010ee93ad93e332e1616f331b952279684bfa97d69acc5ef6d,061f8dd0116a0b38c0bec8107bddf6ca718709eeb899cdeed733989bc1d810d2,382bc3810e150263a6938f63a815c6ac3b266c49702b260ff077bc0405a5a1b0,stage7_main_task_032
A3_NO_FACTLOCK,,2ee454bb9fbffb489b758a0800b93783236cb38d74d03595ca3a4784be8a663d,061f8dd0116a0b38c0bec8107bddf6ca718709eeb899cdeed733989bc1d810d2,9ec3374d17d86993e6bd26dfcf1604b622f6e02040c17fe96a5220973c4754a2,stage7e_v1_2_request_2ee454bb9fbffb489b758a08,PASS,2ee454bb9fbffb489b758a0800b93783236cb38d74d03595ca3a4784be8a663d,061f8dd0116a0b38c0bec8107bddf6ca718709eeb899cdeed733989bc1d810d2,9ec3374d17d86993e6bd26dfcf1604b622f6e02040c17fe96a5220973c4754a2,stage7_main_task_038
A3_NO_FACTLOCK,,33ec6644151ada7abf05b88a65ab84b7abe036e46a6a245db42737c1bb0ce0c8,061f8dd0116a0b38c0bec8107bddf6ca718709eeb899cdeed733989bc1d810d2,1e88d13767a002e37bbfa7408dd0a91d813e7541a1223605a2c8c5b3f8b19e57,stage7e_v1_2_request_33ec6644151ada7abf05b88a,PASS,33ec6644151ada7abf05b88a65ab84b7abe036e46a6a245db42737c1bb0ce0c8,061f8dd0116a0b38c0bec8107bddf6ca718709eeb899cdeed733989bc1d810d2,1e88d13767a002e37bbfa7408dd0a91d813e7541a1223605a2c8c5b3f8b19e57,stage7_main_task_004
A3_NO_FACTLOCK,,3681c5b4b9982865974e1987f6e303d500e3c0ea9cae4b0f0bc9e4b32d7aace9,061f8dd0116a0b38c0bec8107bddf6ca718709eeb899cdeed733989bc1d810d2,86a4b75a7118f13cc2e23401014e29ffd9e09bb93d5ef71046f9fb7cab8a423f,stage7e_v1_2_request_3681c5b4b9982865974e1987,PASS,3681c5b4b9982865974e1987f6e303d500e3c0ea9cae4b0f0bc9e4b32d7aace9,061f8dd0116a0b38c0bec8107bddf6ca718709eeb899cdeed733989bc1d810d2,86a4b75a7118f13cc2e23401014e29ffd9e09bb93d5ef71046f9fb7cab8a423f,stage7_main_task_041
A3_NO_FACTLOCK,,38a8e67c37feb1e3a8b4073f653f28d9b53e8bbe257bd11410aef17d7051e0b4,061f8dd0116a0b38c0bec8107bddf6ca718709eeb899cdeed733989bc1d810d2,5dcb7b02f020ad03178a7bfedeb4f61510942ce39356db1ead04d2d71a531186,stage7e_v1_2_request_38a8e67c37feb1e3a8b4073f,PASS,38a8e67c37feb1e3a8b4073f653f28d9b53e8bbe257bd11410aef17d7051e0b4,061f8dd0116a0b38c0bec8107bddf6ca718709eeb899cdeed733989bc1d810d2,5dcb7b02f020ad03178a7bfedeb4f61510942ce39356db1ead04d2d71a531186,stage7_main_task_046
A3_NO_FACTLOCK,,3c403c415c8b3bdb2430ef0a5240264eaf14f85c9b253674108bfac56e977610,061f8dd0116a0b38c0bec8107bddf6ca718709eeb899cdeed733989bc1d810d2,d0105889632f2b78e10d7e6ced893c58e7aebbc45687bff25b60c0cfeb9ac219,stage7e_v1_2_request_3c403c415c8b3bdb2430ef0a,PASS,3c403c415c8b3bdb2430ef0a5240264eaf14f85c9b253674108bfac56e977610,061f8dd0116a0b38c0bec8107bddf6ca718709eeb899cdeed733989bc1d810d2,d0105889632f2b78e10d7e6ced893c58e7aebbc45687bff25b60c0cfeb9ac219,stage7_main_task_011
A3_NO_FACTLOCK,,3c83f182696eaf26ae36e4bb2332a5fca6fa8f5b1a6c11e8d7f165234521f142,061f8dd0116a0b38c0bec8107bddf6ca718709eeb899cdeed733989bc1d810d2,1415b80da6d6e2505d93c06601a8de509495eb3f7c841d6e739e511a82917439,stage7e_v1_2_request_3c83f182696eaf26ae36e4bb,PASS,3c83f182696eaf26ae36e4bb2332a5fca6fa8f5b1a6c11e8d7f165234521f142,061f8dd0116a0b38c0bec8107bddf6ca718709eeb899cdeed733989bc1d810d2,1415b80da6d6e2505d93c06601a8de509495eb3f7c841d6e739e511a82917439,stage7_main_task_032
A3_NO_FACTLOCK,,3c8f8f76e1143d370b194f32b0d2953859e3de39b4c52ceccf3250e24ddadcd3,061f8dd0116a0b38c0bec8107bddf6ca718709eeb899cdeed733989bc1d810d2,67430758faa30d95778553ba33f8190b4aa80b235314a79ac6f6d2aea0c7531d,stage7e_v1_2_request_3c8f8f76e1143d370b194f32,PASS,3c8f8f76e1143d370b194f32b0d2953859e3de39b4c52ceccf3250e24ddadcd3,061f8dd0116a0b38c0bec8107bddf6ca718709eeb899cdeed733989bc1d810d2,67430758faa30d95778553ba33f8190b4aa80b235314a79ac6f6d2aea0c7531d,stage7_main_task_017
A3_NO_FACTLOCK,,3caefe571036b6364755e199a49d691f008286a478facad6f7b18551bcb4766d,061f8dd0116a0b38c0bec8107bddf6ca718709eeb899cdeed733989bc1d810d2,1a98bfbcdf7e00c7d4f7ceafaab66be5360eaed1e31bf9c57f570a8d8059f257,stage7e_v1_2_request_3caefe571036b6364755e199,PASS,3caefe571036b6364755e199a49d691f008286a478facad6f7b18551bcb4766d,061f8dd0116a0b38c0bec8107bddf6ca718709eeb899cdeed733989bc1d810d2,1a98bfbcdf7e00c7d4f7ceafaab66be5360eaed1e31bf9c57f570a8d8059f257,stage7_main_task_021
A3_NO_FACTLOCK,,3d635fd2357f50fc8e1ea6b8143a864e526ae6064633c32f6b7ee9ef8d5f53d4,061f8dd0116a0b38c0bec8107bddf6ca718709eeb899cdeed733989bc1d810d2,2bbd0d39efe132065862eb35c729870a550b6355ca145779a0167892af8369af,stage7e_v1_2_request_3d635fd2357f50fc8e1ea6b8,PASS,3d635fd2357f50fc8e1ea6b8143a864e526ae6064633c32f6b7ee9ef8d5f53d4,061f8dd0116a0b38c0bec8107bddf6ca718709eeb899cdeed733989bc1d810d2,2bbd0d39efe132065862eb35c729870a550b6355ca145779a0167892af8369af,stage7_main_task_011
A3_NO_FACTLOCK,,3ec112cd7b34e551b3237d6bd9ed65a9f27100cfa0c5db096d782425dd11d076,061f8dd0116a0b38c0bec8107bddf6ca718709eeb899cdeed733989bc1d810d2,b7e77b1fe51f8272ec9debc420afb7efcbe616bf97d1c1511c5bbbc218c81320,stage7e_v1_2_request_3ec112cd7b34e551b3237d6b,PASS,3ec112cd7b34e551b3237d6bd9ed65a9f27100cfa0c5db096d782425dd11d076,061f8dd0116a0b38c0bec8107bddf6ca718709eeb899cdeed733989bc1d810d2,b7e77b1fe51f8272ec9debc420afb7efcbe616bf97d1c1511c5bbbc218c81320,stage7_main_task_009
A3_NO_FACTLOCK,,41d21d97f892dd2f78cb50e4077e6ab80316c85a8367473b86f618a545bad982,061f8dd0116a0b38c0bec8107bddf6ca718709eeb899cdeed733989bc1d810d2,a5137fba4ff3e15a2f2b4989626f34f7ca09c2ccf2cd131e77356c22facb08e1,stage7e_v1_2_request_41d21d97f892dd2f78cb50e4,PASS,41d21d97f892dd2f78cb50e4077e6ab80316c85a8367473b86f618a545bad982,061f8dd0116a0b38c0bec8107bddf6ca718709eeb899cdeed733989bc1d810d2,a5137fba4ff3e15a2f2b4989626f34f7ca09c2ccf2cd131e77356c22facb08e1,stage7_main_task_016
A3_NO_FACTLOCK,,4432dbe6744321fff70de49c13c74430a9196a0aa5fb46cffc7e965d7adc7075,061f8dd0116a0b38c0bec8107bddf6ca718709eeb899cdeed733989bc1d810d2,4417201bee7ad8aedf9d2147d28e048928d82de22cbc531cc2a0f4213a8d01a5,stage7e_v1_2_request_4432dbe6744321fff70de49c,PASS,4432dbe6744321fff70de49c13c74430a9196a0aa5fb46cffc7e965d7adc7075,061f8dd0116a0b38c0bec8107bddf6ca718709eeb899cdeed733989bc1d810d2,4417201bee7ad8aedf9d2147d28e048928d82de22cbc531cc2a0f4213a8d01a5,stage7_main_task_011
A3_NO_FACTLOCK,,4452cf3fc8981487fb93b209c6c3d06967584f960f081ca1132103c4b3146710,061f8dd0116a0b38c0bec8107bddf6ca718709eeb899cdeed733989bc1d810d2,2b85a3c1bdf3d010cdab958f2791f6866792890faedcb90ad2ec125367b53454,stage7e_v1_2_request_4452cf3fc8981487fb93b209,PASS,4452cf3fc8981487fb93b209c6c3d06967584f960f081ca1132103c4b3146710,061f8dd0116a0b38c0bec8107bddf6ca718709eeb899cdeed733989bc1d810d2,2b85a3c1bdf3d010cdab958f2791f6866792890faedcb90ad2ec125367b53454,stage7_main_task_002
A3_NO_FACTLOCK,,455192a394ffde6814adf2e5bcd84a2ad52933c564990f21676850b1b6687a59,061f8dd0116a0b38c0bec8107bddf6ca718709eeb899cdeed733989bc1d810d2,5469eff81b61778204bb6278a2e2e01a36caaf3205b99dc84b13e54f85e8fa08,stage7e_v1_2_request_455192a394ffde6814adf2e5,PASS,455192a394ffde6814adf2e5bcd84a2ad52933c564990f21676850b1b6687a59,061f8dd0116a0b38c0bec8107bddf6ca718709eeb899cdeed733989bc1d810d2,5469eff81b61778204bb6278a2e2e01a36caaf3205b99dc84b13e54f85e8fa08,stage7_main_task_034
A3_NO_FACTLOCK,,4694557fba77f6a252e6fc1e06873d7bf6c890734a6d9bb3d6e4f09eeed04512,061f8dd0116a0b38c0bec8107bddf6ca718709eeb899cdeed733989bc1d810d2,d88653aef718582531429b38f435541d78dbae26fc47d4d95fbccf2169c0db05,stage7e_v1_2_request_4694557fba77f6a252e6fc1e,PASS,4694557fba77f6a252e6fc1e06873d7bf6c890734a6d9bb3d6e4f09eeed04512,061f8dd0116a0b38c0bec8107bddf6ca718709eeb899cdeed733989bc1d810d2,d88653aef718582531429b38f435541d78dbae26fc47d4d95fbccf2169c0db05,stage7_main_task_006
A3_NO_FACTLOCK,,478364734ecce26d0dacd759298e5c92445a4c88e2b8d6b710dc4d5581b6d579,061f8dd0116a0b38c0bec8107bddf6ca718709eeb899cdeed733989bc1d810d2,61df5c2a0316c19b5101f35b25a2e0e3afb2e776580225ee69eef4edffdc3177,stage7e_v1_2_request_478364734ecce26d0dacd759,PASS,478364734ecce26d0dacd759298e5c92445a4c88e2b8d6b710dc4d5581b6d579,061f8dd0116a0b38c0bec8107bddf6ca718709eeb899cdeed733989bc1d810d2,61df5c2a0316c19b5101f35b25a2e0e3afb2e776580225ee69eef4edffdc3177,stage7_main_task_043
A3_NO_FACTLOCK,,48107c047d75ea1f829e8f4b521cda55f791187d065bd01e4f39175e066ffb3a,061f8dd0116a0b38c0bec8107bddf6ca718709eeb899cdeed733989bc1d810d2,888dc0d722f46fc0c37274a41be3a197a40d24c76a1791d6d72eb5bb39ab3fb6,stage7e_v1_2_request_48107c047d75ea1f829e8f4b,PASS,48107c047d75ea1f829e8f4b521cda55f791187d065bd01e4f39175e066ffb3a,061f8dd0116a0b38c0bec8107bddf6ca718709eeb899cdeed733989bc1d810d2,888dc0d722f46fc0c37274a41be3a197a40d24c76a1791d6d72eb5bb39ab3fb6,stage7_main_task_012
A3_NO_FACTLOCK,,48faf870ed6f9b711fe4c904663a90377f558b3a065b98fbd634dce8626e2145,061f8dd0116a0b38c0bec8107bddf6ca718709eeb899cdeed733989bc1d810d2,6c4c861ac78726ce37ab71337a569de8ad63578eaafe13a5fd9eb8b908672cab,stage7e_v1_2_request_48faf870ed6f9b711fe4c904,PASS,48faf870ed6f9b711fe4c904663a90377f558b3a065b98fbd634dce8626e2145,061f8dd0116a0b38c0bec8107bddf6ca718709eeb899cdeed733989bc1d810d2,6c4c861ac78726ce37ab71337a569de8ad63578eaafe13a5fd9eb8b908672cab,stage7_main_task_030
A3_NO_FACTLOCK,,4af8a672ef582a2da24c1b48cd9980c800e41a5b14c1c92a04a909df1a43530d,061f8dd0116a0b38c0bec8107bddf6ca718709eeb899cdeed733989bc1d810d2,9366b9de316866d61ba2efed62cb29d3c74d177e8f604544b6b0a9691a51b949,stage7e_v1_2_request_4af8a672ef582a2da24c1b48,PASS,4af8a672ef582a2da24c1b48cd9980c800e41a5b14c1c92a04a909df1a43530d,061f8dd0116a0b38c0bec8107bddf6ca718709eeb899cdeed733989bc1d810d2,9366b9de316866d61ba2efed62cb29d3c74d177e8f604544b6b0a9691a51b949,stage7_main_task_038
A3_NO_FACTLOCK,,4b37bc96883cdeda9d7cd588623594cbb5d63f94dfc57d91cc912308c334ad9b,061f8dd0116a0b38c0bec8107bddf6ca718709eeb899cdeed733989bc1d810d2,96029cd64901db8333f161ce56a996de8c1a45a408152a00bd432fe0d520f238,stage7e_v1_2_request_4b37bc96883cdeda9d7cd588,PASS,4b37bc96883cdeda9d7cd588623594cbb5d63f94dfc57d91cc912308c334ad9b,061f8dd0116a0b38c0bec8107bddf6ca718709eeb899cdeed733989bc1d810d2,96029cd64901db8333f161ce56a996de8c1a45a408152a00bd432fe0d520f238,stage7_main_task_021
A3_NO_FACTLOCK,,4cb8298472fac6cedef8b622d9620cfe38a53bf2686626118d4ded9801ff2225,061f8dd0116a0b38c0bec8107bddf6ca718709eeb899cdeed733989bc1d810d2,8f140de8c9041c70f422b4f9df86b43034537ad229257467a44a44715b51bd41,stage7e_v1_2_request_4cb8298472fac6cedef8b622,PASS,4cb8298472fac6cedef8b622d9620cfe38a53bf2686626118d4ded9801ff2225,061f8dd0116a0b38c0bec8107bddf6ca718709eeb899cdeed733989bc1d810d2,8f140de8c9041c70f422b4f9df86b43034537ad229257467a44a44715b51bd41,stage7_main_task_009
A3_NO_FACTLOCK,,4d5e6c96326a09dee6d8be2f9191d8bd55764f2a3ff9a99f9820b069bdfe231a,061f8dd0116a0b38c0bec8107bddf6ca718709eeb899cdeed733989bc1d810d2,cf82450a9d632b519b10fe39c92a5f1080795d76873ffbd0bcea24d4b8ee4370,stage7e_v1_2_request_4d5e6c96326a09dee6d8be2f,PASS,4d5e6c96326a09dee6d8be2f9191d8bd55764f2a3ff9a99f9820b069bdfe231a,061f8dd0116a0b38c0bec8107bddf6ca718709eeb899cdeed733989bc1d810d2,cf82450a9d632b519b10fe39c92a5f1080795d76873ffbd0bcea24d4b8ee4370,stage7_main_task_011
A3_NO_FACTLOCK,,4e8a04b7059fa683f5ab2a905b3e91d4a67886a4061df4d22bdcce66de6e26e2,061f8dd0116a0b38c0bec8107bddf6ca718709eeb899cdeed733989bc1d810d2,37e0099baa91d08d93c956d9c0ce09de34ce9640fd98f3b6f4e25ce90ac70b25,stage7e_v1_2_request_4e8a04b7059fa683f5ab2a90,PASS,4e8a04b7059fa683f5ab2a905b3e91d4a67886a4061df4d22bdcce66de6e26e2,061f8dd0116a0b38c0bec8107bddf6ca718709eeb899cdeed733989bc1d810d2,37e0099baa91d08d93c956d9c0ce09de34ce9640fd98f3b6f4e25ce90ac70b25,stage7_main_task_047
A3_NO_FACTLOCK,,526311ee605b7dd7953ff0fee15135cc55a52f3603ea76fc47a9bde2da6bb0de,061f8dd0116a0b38c0bec8107bddf6ca718709eeb899cdeed733989bc1d810d2,d0696df63f67927c6ceff6052f127b890e759565ca2e11cd381f716a9f29b85c,stage7e_v1_2_request_526311ee605b7dd7953ff0fe,PASS,526311ee605b7dd7953ff0fee15135cc55a52f3603ea76fc47a9bde2da6bb0de,061f8dd0116a0b38c0bec8107bddf6ca718709eeb899cdeed733989bc1d810d2,d0696df63f67927c6ceff6052f127b890e759565ca2e11cd381f716a9f29b85c,stage7_main_task_044
A3_NO_FACTLOCK,,535bceab108ab84da319eca3fc55efff8680a93fdea3df52d034eaaecb2dbf65,061f8dd0116a0b38c0bec8107bddf6ca718709eeb899cdeed733989bc1d810d2,d42df2741c377cf7ffbef2f7ee92e31845d931602cafad98e44651e4a6c8d16f,stage7e_v1_2_request_535bceab108ab84da319eca3,PASS,535bceab108ab84da319eca3fc55efff8680a93fdea3df52d034eaaecb2dbf65,061f8dd0116a0b38c0bec8107bddf6ca718709eeb899cdeed733989bc1d810d2,d42df2741c377cf7ffbef2f7ee92e31845d931602cafad98e44651e4a6c8d16f,stage7_main_task_006
A3_NO_FACTLOCK,,55604f7cd6aec774abfb49a2b809d8b6e64478afa5ffe12332a80b074d779b47,061f8dd0116a0b38c0bec8107bddf6ca718709eeb899cdeed733989bc1d810d2,59963331e06567e82a91bc0307ab61230b767906923c4afd71724e292ce6b1a4,stage7e_v1_2_request_55604f7cd6aec774abfb49a2,PASS,55604f7cd6aec774abfb49a2b809d8b6e64478afa5ffe12332a80b074d779b47,061f8dd0116a0b38c0bec8107bddf6ca718709eeb899cdeed733989bc1d810d2,59963331e06567e82a91bc0307ab61230b767906923c4afd71724e292ce6b1a4,stage7_main_task_033
A3_NO_FACTLOCK,,5617ea5df31d007090f72723b0d309535372dc2ae65d9e36a1198f86b2914a9b,061f8dd0116a0b38c0bec8107bddf6ca718709eeb899cdeed733989bc1d810d2,8b8cd46a951de91705ca1a5067a130e725ca960932e23384e50997853818b5cd,stage7e_v1_2_request_5617ea5df31d007090f72723,PASS,5617ea5df31d007090f72723b0d309535372dc2ae65d9e36a1198f86b2914a9b,061f8dd0116a0b38c0bec8107bddf6ca718709eeb899cdeed733989bc1d810d2,8b8cd46a951de91705ca1a5067a130e725ca960932e23384e50997853818b5cd,stage7_main_task_028
A3_NO_FACTLOCK,,566777c015b2d197ebdbe62f9390ddab607cb3cf8ada6ae7ef0c90d2ca1a7245,061f8dd0116a0b38c0bec8107bddf6ca718709eeb899cdeed733989bc1d810d2,80757b43ce7dbe457859923887fed8c0ad6da3808e388236c60dcf8d6c84e874,stage7e_v1_2_request_566777c015b2d197ebdbe62f,PASS,566777c015b2d197ebdbe62f9390ddab607cb3cf8ada6ae7ef0c90d2ca1a7245,061f8dd0116a0b38c0bec8107bddf6ca718709eeb899cdeed733989bc1d810d2,80757b43ce7dbe457859923887fed8c0ad6da3808e388236c60dcf8d6c84e874,stage7_main_task_010
A3_NO_FACTLOCK,,57f22bd6fc600d8555cc6dd7c1c2619f430fea709ae8d7df80d6755ff7b0bde6,061f8dd0116a0b38c0bec8107bddf6ca718709eeb899cdeed733989bc1d810d2,9a43e4c244a11084dfd9da810d061e32205c007965ad5586d81c6161d03c6b72,stage7e_v1_2_request_57f22bd6fc600d8555cc6dd7,PASS,57f22bd6fc600d8555cc6dd7c1c2619f430fea709ae8d7df80d6755ff7b0bde6,061f8dd0116a0b38c0bec8107bddf6ca718709eeb899cdeed733989bc1d810d2,9a43e4c244a11084dfd9da810d061e32205c007965ad5586d81c6161d03c6b72,stage7_main_task_021
A3_NO_FACTLOCK,,593b2d7b0fcc0bf35307c863940d7b4bad2a382ddfeb468e140d83a42ea0e410,061f8dd0116a0b38c0bec8107bddf6ca718709eeb899cdeed733989bc1d810d2,031fb488f91770bf4252f781155e59285c03410b64daca0edc6a586a1dfe6ced,stage7e_v1_2_request_593b2d7b0fcc0bf35307c863,PASS,593b2d7b0fcc0bf35307c863940d7b4bad2a382ddfeb468e140d83a42ea0e410,061f8dd0116a0b38c0bec8107bddf6ca718709eeb899cdeed733989bc1d810d2,031fb488f91770bf4252f781155e59285c03410b64daca0edc6a586a1dfe6ced,stage7_main_task_023
A3_NO_FACTLOCK,,5b2c1f2e2791aae5cb59fd1e0b513a49fbf8973ff7ef0f0db8d0309cafbe5122,061f8dd0116a0b38c0bec8107bddf6ca718709eeb899cdeed733989bc1d810d2,f4c4571f6d9d493602fcd29a460bcbaa7e1e1b31f71fb911d258c0c9d49856a8,stage7e_v1_2_request_5b2c1f2e2791aae5cb59fd1e,PASS,5b2c1f2e2791aae5cb59fd1e0b513a49fbf8973ff7ef0f0db8d0309cafbe5122,061f8dd0116a0b38c0bec8107bddf6ca718709eeb899cdeed733989bc1d810d2,f4c4571f6d9d493602fcd29a460bcbaa7e1e1b31f71fb911d258c0c9d49856a8,stage7_main_task_002
A3_NO_FACTLOCK,,5cec319e6268294a0c1a3a418a59b5501da4697bdba51a9f817e91de33205561,061f8dd0116a0b38c0bec8107bddf6ca718709eeb899cdeed733989bc1d810d2,d0cc38b346bab9c6090818a116ee3219b27afe2b141547c100f59faa78c83d72,stage7e_v1_2_request_5cec319e6268294a0c1a3a41,PASS,5cec319e6268294a0c1a3a418a59b5501da4697bdba51a9f817e91de33205561,061f8dd0116a0b38c0bec8107bddf6ca718709eeb899cdeed733989bc1d810d2,d0cc38b346bab9c6090818a116ee3219b27afe2b141547c100f59faa78c83d72,stage7_main_task_011
A3_NO_FACTLOCK,,5cf0bf51217c78e5ebf891fedf3683e88b7ffe7d4ad9bf7a878382939de78b70,061f8dd0116a0b38c0bec8107bddf6ca718709eeb899cdeed733989bc1d810d2,874d70b973d3870233ccbc55193ee55ec6381f6d51908eeda4e8ff92e94bc478,stage7e_v1_2_request_5cf0bf51217c78e5ebf891fe,PASS,5cf0bf51217c78e5ebf891fedf3683e88b7ffe7d4ad9bf7a878382939de78b70,061f8dd0116a0b38c0bec8107bddf6ca718709eeb899cdeed733989bc1d810d2,874d70b973d3870233ccbc55193ee55ec6381f6d51908eeda4e8ff92e94bc478,stage7_main_task_032
A3_NO_FACTLOCK,,5d48fbd39c2b22705e7242a5fe46a097647e41c80b4cca5f7575bb174febbfca,061f8dd0116a0b38c0bec8107bddf6ca718709eeb899cdeed733989bc1d810d2,592c7e5d5747b49dd7a032cb7ff5357213b5ef8c2269deaccca2f9369c5fbb83,stage7e_v1_2_request_5d48fbd39c2b22705e7242a5,PASS,5d48fbd39c2b22705e7242a5fe46a097647e41c80b4cca5f7575bb174febbfca,061f8dd0116a0b38c0bec8107bddf6ca718709eeb899cdeed733989bc1d810d2,592c7e5d5747b49dd7a032cb7ff5357213b5ef8c2269deaccca2f9369c5fbb83,stage7_main_task_047
A3_NO_FACTLOCK,,5da000bb6643a0e84be81589861e37a02857d8ef889b931c904af7c72098e4e0,061f8dd0116a0b38c0bec8107bddf6ca718709eeb899cdeed733989bc1d810d2,5e975e10e48965df3b10f3f5fe2a54bf293a7ea5b5e17e5749b36648fb534bef,stage7e_v1_2_request_5da000bb6643a0e84be81589,PASS,5da000bb6643a0e84be81589861e37a02857d8ef889b931c904af7c72098e4e0,061f8dd0116a0b38c0bec8107bddf6ca718709eeb899cdeed733989bc1d810d2,5e975e10e48965df3b10f3f5fe2a54bf293a7ea5b5e17e5749b36648fb534bef,stage7_main_task_021
A3_NO_FACTLOCK,,5faabfe2f1c501d2e13f96b6dd92238574a8e1ca74beedc23731ab5ce36c3af3,061f8dd0116a0b38c0bec8107bddf6ca718709eeb899cdeed733989bc1d810d2,bf77ed89b7fd09bd80683c06302104b7cf42f539bd4a8c47d3b7116b834a357f,stage7e_v1_2_request_5faabfe2f1c501d2e13f96b6,PASS,5faabfe2f1c501d2e13f96b6dd92238574a8e1ca74beedc23731ab5ce36c3af3,061f8dd0116a0b38c0bec8107bddf6ca718709eeb899cdeed733989bc1d810d2,bf77ed89b7fd09bd80683c06302104b7cf42f539bd4a8c47d3b7116b834a357f,stage7_main_task_013
A3_NO_FACTLOCK,,60da54aafd8714befa5e8d0bdc6bcbe26cacca1afa31aaf602b59c4d24ac1492,061f8dd0116a0b38c0bec8107bddf6ca718709eeb899cdeed733989bc1d810d2,1fa820b850e66e2777cdeaa604a914c9b2c33b22d169658b007813c8494edc70,stage7e_v1_2_request_60da54aafd8714befa5e8d0b,PASS,60da54aafd8714befa5e8d0bdc6bcbe26cacca1afa31aaf602b59c4d24ac1492,061f8dd0116a0b38c0bec8107bddf6ca718709eeb899cdeed733989bc1d810d2,1fa820b850e66e2777cdeaa604a914c9b2c33b22d169658b007813c8494edc70,stage7_main_task_011
A3_NO_FACTLOCK,,61ff71077e51f52bda7b0946b7085d070f0694627ac9f2cb39a35f98ff19f71c,061f8dd0116a0b38c0bec8107bddf6ca718709eeb899cdeed733989bc1d810d2,49d9caade186898238dba0153f25f319865b3cb8a14ce609c4f6429cc7c99013,stage7e_v1_2_request_61ff71077e51f52bda7b0946,PASS,61ff71077e51f52bda7b0946b7085d070f0694627ac9f2cb39a35f98ff19f71c,061f8dd0116a0b38c0bec8107bddf6ca718709eeb899cdeed733989bc1d810d2,49d9caade186898238dba0153f25f319865b3cb8a14ce609c4f6429cc7c99013,stage7_main_task_032
A3_NO_FACTLOCK,,6226475487dd94a5b1048e79529e0b90d0cfaf0fcbb086184f0c38330db3b50b,061f8dd0116a0b38c0bec8107bddf6ca718709eeb899cdeed733989bc1d810d2,ce1e5d61801ad3927d10641862d0a7bb0dd7cc99a5c0faf6fdcb1ec48412636c,stage7e_v1_2_request_6226475487dd94a5b1048e79,PASS,6226475487dd94a5b1048e79529e0b90d0cfaf0fcbb086184f0c38330db3b50b,061f8dd0116a0b38c0bec8107bddf6ca718709eeb899cdeed733989bc1d810d2,ce1e5d61801ad3927d10641862d0a7bb0dd7cc99a5c0faf6fdcb1ec48412636c,stage7_main_task_008
A3_NO_FACTLOCK,,6304717364810ca8d2111e0df4df33a165034cd0eb2a68c634c8c38bb72effb7,061f8dd0116a0b38c0bec8107bddf6ca718709eeb899cdeed733989bc1d810d2,c9490ac891c3d2078f4d69642295c9233c42ae75a5370316f058286e075893e8,stage7e_v1_2_request_6304717364810ca8d2111e0d,PASS,6304717364810ca8d2111e0df4df33a165034cd0eb2a68c634c8c38bb72effb7,061f8dd0116a0b38c0bec8107bddf6ca718709eeb899cdeed733989bc1d810d2,c9490ac891c3d2078f4d69642295c9233c42ae75a5370316f058286e075893e8,stage7_main_task_031
A3_NO_FACTLOCK,,652cce6a5f14d6bcf1c56e91f4d378baa96466c41af995224e4d26d3c54ef7c3,061f8dd0116a0b38c0bec8107bddf6ca718709eeb899cdeed733989bc1d810d2,e4c326b954da83c81ff0eb1b7511f21c838c9a00067f02e591f09a21d6a4b9ac,stage7e_v1_2_request_652cce6a5f14d6bcf1c56e91,PASS,652cce6a5f14d6bcf1c56e91f4d378baa96466c41af995224e4d26d3c54ef7c3,061f8dd0116a0b38c0bec8107bddf6ca718709eeb899cdeed733989bc1d810d2,e4c326b954da83c81ff0eb1b7511f21c838c9a00067f02e591f09a21d6a4b9ac,stage7_main_task_037
A3_NO_FACTLOCK,,6b54c704b5026716a2064ebf98c186f087093b4ace125d20cf7e1c3b5d7691bc,061f8dd0116a0b38c0bec8107bddf6ca718709eeb899cdeed733989bc1d810d2,a76a3ca95f6d35ecb197d01d470d59c5c8807582744a7a0e7e36f7c722362acf,stage7e_v1_2_request_6b54c704b5026716a2064ebf,PASS,6b54c704b5026716a2064ebf98c186f087093b4ace125d20cf7e1c3b5d7691bc,061f8dd0116a0b38c0bec8107bddf6ca718709eeb899cdeed733989bc1d810d2,a76a3ca95f6d35ecb197d01d470d59c5c8807582744a7a0e7e36f7c722362acf,stage7_main_task_011
A3_NO_FACTLOCK,,784f6eb17804449ab06c98e2b1e86f913ebc45fe31211f7630aa56baedf71a0f,061f8dd0116a0b38c0bec8107bddf6ca718709eeb899cdeed733989bc1d810d2,82c855c9ff5a9990df26a5d575d2972b1095b1d335e65f07217b845242cd5d5f,stage7e_v1_2_request_784f6eb17804449ab06c98e2,PASS,784f6eb17804449ab06c98e2b1e86f913ebc45fe31211f7630aa56baedf71a0f,061f8dd0116a0b38c0bec8107bddf6ca718709eeb899cdeed733989bc1d810d2,82c855c9ff5a9990df26a5d575d2972b1095b1d335e65f07217b845242cd5d5f,stage7_main_task_004
A3_NO_FACTLOCK,,7aaa43f8805130f766ff3cac9dc262f033043c43b901b73d17debcb9d784b07c,061f8dd0116a0b38c0bec8107bddf6ca718709eeb899cdeed733989bc1d810d2,69f7f23c354f3fe258b2a65186ed68dce9b4532769d1fd54eafe066cf8a320a3,stage7e_v1_2_request_7aaa43f8805130f766ff3cac,PASS,7aaa43f8805130f766ff3cac9dc262f033043c43b901b73d17debcb9d784b07c,061f8dd0116a0b38c0bec8107bddf6ca718709eeb899cdeed733989bc1d810d2,69f7f23c354f3fe258b2a65186ed68dce9b4532769d1fd54eafe066cf8a320a3,stage7_main_task_037
A3_NO_FACTLOCK,,7d161efcb10851cfbff2501e233766b5e702884aebbc6799f64afd394a10da42,061f8dd0116a0b38c0bec8107bddf6ca718709eeb899cdeed733989bc1d810d2,1d1fec1fc5e0eca4f7fa830fc511f2af61c53b12753b08b321a12ac30478afb0,stage7e_v1_2_request_7d161efcb10851cfbff2501e,PASS,7d161efcb10851cfbff2501e233766b5e702884aebbc6799f64afd394a10da42,061f8dd0116a0b38c0bec8107bddf6ca718709eeb899cdeed733989bc1d810d2,1d1fec1fc5e0eca4f7fa830fc511f2af61c53b12753b08b321a12ac30478afb0,stage7_main_task_003
A3_NO_FACTLOCK,,7e3e0055526b470a624cf26b3da0756000cf7dbef981cbb27d1619cacd94bf8d,061f8dd0116a0b38c0bec8107bddf6ca718709eeb899cdeed733989bc1d810d2,152dfe2bc2f9bb51b29fd26ecc398d2ef7c51606fed272ba41742004199afc48,stage7e_v1_2_request_7e3e0055526b470a624cf26b,PASS,7e3e0055526b470a624cf26b3da0756000cf7dbef981cbb27d1619cacd94bf8d,061f8dd0116a0b38c0bec8107bddf6ca718709eeb899cdeed733989bc1d810d2,152dfe2bc2f9bb51b29fd26ecc398d2ef7c51606fed272ba41742004199afc48,stage7_main_task_047
A3_NO_FACTLOCK,,8931bc3cd0286877c8c8623d2e7c77524d9bd9621a552ad63955eca26ea15858,061f8dd0116a0b38c0bec8107bddf6ca718709eeb899cdeed733989bc1d810d2,ce2f08cd54e51a390b4ba6aade2f1041045db3974f9262e2dff59b1aada5d02d,stage7e_v1_2_request_8931bc3cd0286877c8c8623d,PASS,8931bc3cd0286877c8c8623d2e7c77524d9bd9621a552ad63955eca26ea15858,061f8dd0116a0b38c0bec8107bddf6ca718709eeb899cdeed733989bc1d810d2,ce2f08cd54e51a390b4ba6aade2f1041045db3974f9262e2dff59b1aada5d02d,stage7_main_task_021
A3_NO_FACTLOCK,,893a1fd047a58f4ab174592ea14d24fdab6f8db01dc5990f608792edfc2b69e6,061f8dd0116a0b38c0bec8107bddf6ca718709eeb899cdeed733989bc1d810d2,e289b4c709d1beb5e3a11f48beed2a00a6d04ffe7bdc7d089aa67a39acffefc4,stage7e_v1_2_request_893a1fd047a58f4ab174592e,PASS,893a1fd047a58f4ab174592ea14d24fdab6f8db01dc5990f608792edfc2b69e6,061f8dd0116a0b38c0bec8107bddf6ca718709eeb899cdeed733989bc1d810d2,e289b4c709d1beb5e3a11f48beed2a00a6d04ffe7bdc7d089aa67a39acffefc4,stage7_main_task_023
A3_NO_FACTLOCK,,923a101d446ed20629e94b898bcea94c73759d47f6bfc8735af6a6ba43865424,061f8dd0116a0b38c0bec8107bddf6ca718709eeb899cdeed733989bc1d810d2,7835fa674907bd22fbb54f45b968d375e176a55e077f9411eb9a973454772ec7,stage7e_v1_2_request_923a101d446ed20629e94b89,PASS,923a101d446ed20629e94b898bcea94c73759d47f6bfc8735af6a6ba43865424,061f8dd0116a0b38c0bec8107bddf6ca718709eeb899cdeed733989bc1d810d2,7835fa674907bd22fbb54f45b968d375e176a55e077f9411eb9a973454772ec7,stage7_main_task_032
A3_NO_FACTLOCK,,92bd58ca0f379496bea6b0e6432961ad1dca379cc77c3b02bcc6613d21708251,061f8dd0116a0b38c0bec8107bddf6ca718709eeb899cdeed733989bc1d810d2,a4b4fdf7510bf1a082596ef1eec58b228862d16016873323a00e014b11b7adff,stage7e_v1_2_request_92bd58ca0f379496bea6b0e6,PASS,92bd58ca0f379496bea6b0e6432961ad1dca379cc77c3b02bcc6613d21708251,061f8dd0116a0b38c0bec8107bddf6ca718709eeb899cdeed733989bc1d810d2,a4b4fdf7510bf1a082596ef1eec58b228862d16016873323a00e014b11b7adff,stage7_main_task_047
A3_NO_FACTLOCK,,995c0e008046af83f262465217de3e4684af16aee1025499faf2a9e53412a443,061f8dd0116a0b38c0bec8107bddf6ca718709eeb899cdeed733989bc1d810d2,230fbd073f827c23b1afddbcaac31c15558d61fb6b387b8939649bc8184c3c93,stage7e_v1_2_request_995c0e008046af83f2624652,PASS,995c0e008046af83f262465217de3e4684af16aee1025499faf2a9e53412a443,061f8dd0116a0b38c0bec8107bddf6ca718709eeb899cdeed733989bc1d810d2,230fbd073f827c23b1afddbcaac31c15558d61fb6b387b8939649bc8184c3c93,stage7_main_task_047
A3_NO_FACTLOCK,,997dfaffa2c7d012381568703819721b8fad75bda524a453f51efa28dcccf1e1,061f8dd0116a0b38c0bec8107bddf6ca718709eeb899cdeed733989bc1d810d2,6b5804dff9e846fcc61077b7c7d2af16789736620473653cd150dd5f0fdd0cfc,stage7e_v1_2_request_997dfaffa2c7d01238156870,PASS,997dfaffa2c7d012381568703819721b8fad75bda524a453f51efa28dcccf1e1,061f8dd0116a0b38c0bec8107bddf6ca718709eeb899cdeed733989bc1d810d2,6b5804dff9e846fcc61077b7c7d2af16789736620473653cd150dd5f0fdd0cfc,stage7_main_task_021
A3_NO_FACTLOCK,,99b0a39dd02e71df0c5a78625333cf8924e202a347a35c4678974c531fbaa491,061f8dd0116a0b38c0bec8107bddf6ca718709eeb899cdeed733989bc1d810d2,10704020d18cfac456fb5d5177260b0396b162293fb8f6ca6d593699f1cd74b2,stage7e_v1_2_request_99b0a39dd02e71df0c5a7862,PASS,99b0a39dd02e71df0c5a78625333cf8924e202a347a35c4678974c531fbaa491,061f8dd0116a0b38c0bec8107bddf6ca718709eeb899cdeed733989bc1d810d2,10704020d18cfac456fb5d5177260b0396b162293fb8f6ca6d593699f1cd74b2,stage7_main_task_045
A3_NO_FACTLOCK,,9a2043b0d64d64bf3154ca5f1d5efdce6dc496ccec16526b8c810608a21b8407,061f8dd0116a0b38c0bec8107bddf6ca718709eeb899cdeed733989bc1d810d2,09cdadaebf9d60ee46ab385c9d6a058ec1e3649b767e374c2aa0552cfa2bc27b,stage7e_v1_2_request_9a2043b0d64d64bf3154ca5f,PASS,9a2043b0d64d64bf3154ca5f1d5efdce6dc496ccec16526b8c810608a21b8407,061f8dd0116a0b38c0bec8107bddf6ca718709eeb899cdeed733989bc1d810d2,09cdadaebf9d60ee46ab385c9d6a058ec1e3649b767e374c2aa0552cfa2bc27b,stage7_main_task_046
A3_NO_FACTLOCK,,9cecf96a6ca29a80596764c5910c0ba61ce9dfd480e3018103059a66a5b4ab5a,061f8dd0116a0b38c0bec8107bddf6ca718709eeb899cdeed733989bc1d810d2,acda62f9afaf95a2b5a7eae5b3167ba8a9efd976131a5518e2d36bfd36336431,stage7e_v1_2_request_9cecf96a6ca29a80596764c5,PASS,9cecf96a6ca29a80596764c5910c0ba61ce9dfd480e3018103059a66a5b4ab5a,061f8dd0116a0b38c0bec8107bddf6ca718709eeb899cdeed733989bc1d810d2,acda62f9afaf95a2b5a7eae5b3167ba8a9efd976131a5518e2d36bfd36336431,stage7_main_task_028
A3_NO_FACTLOCK,,a0f65547612b3e8b472af417590da4710433a2dec25f0190211fb4011530cc70,061f8dd0116a0b38c0bec8107bddf6ca718709eeb899cdeed733989bc1d810d2,2fbe8e4416d95add3922d2409a3d0519c80efdd6d55f2e2f71f8d223672ef903,stage7e_v1_2_request_a0f65547612b3e8b472af417,PASS,a0f65547612b3e8b472af417590da4710433a2dec25f0190211fb4011530cc70,061f8dd0116a0b38c0bec8107bddf6ca718709eeb899cdeed733989bc1d810d2,2fbe8e4416d95add3922d2409a3d0519c80efdd6d55f2e2f71f8d223672ef903,stage7_main_task_021
A3_NO_FACTLOCK,,a60178702cc3d98105072ec562238e0038ff9706812448ae8661effeb222f565,061f8dd0116a0b38c0bec8107bddf6ca718709eeb899cdeed733989bc1d810d2,32c64f7a351eb2f7c6b01deb7988583f15923ee3eadc0b046976bb4e87fd29ae,stage7e_v1_2_request_a60178702cc3d98105072ec5,PASS,a60178702cc3d98105072ec562238e0038ff9706812448ae8661effeb222f565,061f8dd0116a0b38c0bec8107bddf6ca718709eeb899cdeed733989bc1d810d2,32c64f7a351eb2f7c6b01deb7988583f15923ee3eadc0b046976bb4e87fd29ae,stage7_main_task_012
A3_NO_FACTLOCK,,a6098053505fff9648d58a691afc4f5a4a084826951110afc11cdbe64fef9ffa,061f8dd0116a0b38c0bec8107bddf6ca718709eeb899cdeed733989bc1d810d2,818c7f32c8b2c8003fab531a430ab5a312406a385f6d372d2e43d52be6cf8088,stage7e_v1_2_request_a6098053505fff9648d58a69,PASS,a6098053505fff9648d58a691afc4f5a4a084826951110afc11cdbe64fef9ffa,061f8dd0116a0b38c0bec8107bddf6ca718709eeb899cdeed733989bc1d810d2,818c7f32c8b2c8003fab531a430ab5a312406a385f6d372d2e43d52be6cf8088,stage7_main_task_021
A3_NO_FACTLOCK,,a8b56c1452ca8972ab9cc1f8227df5187179934fc40620c2473e06701f56fe4c,061f8dd0116a0b38c0bec8107bddf6ca718709eeb899cdeed733989bc1d810d2,ddbfae66e3b33b9675c983a9d0b8fa716f221f1bac148c551bab2864de554c09,stage7e_v1_2_request_a8b56c1452ca8972ab9cc1f8,PASS,a8b56c1452ca8972ab9cc1f8227df5187179934fc40620c2473e06701f56fe4c,061f8dd0116a0b38c0bec8107bddf6ca718709eeb899cdeed733989bc1d810d2,ddbfae66e3b33b9675c983a9d0b8fa716f221f1bac148c551bab2864de554c09,stage7_main_task_010
A3_NO_FACTLOCK,,a9eb87e4d9d7d9e491b2293bea70dfa0d8971d3edff7ef60192d348979757b58,061f8dd0116a0b38c0bec8107bddf6ca718709eeb899cdeed733989bc1d810d2,49154c9e8ea1529917126e0a72618e1ddf6d16bddd042fde851e77b41c90d174,stage7e_v1_2_request_a9eb87e4d9d7d9e491b2293b,PASS,a9eb87e4d9d7d9e491b2293bea70dfa0d8971d3edff7ef60192d348979757b58,061f8dd0116a0b38c0bec8107bddf6ca718709eeb899cdeed733989bc1d810d2,49154c9e8ea1529917126e0a72618e1ddf6d16bddd042fde851e77b41c90d174,stage7_main_task_020
A3_NO_FACTLOCK,,a9f2f97a36ded6d178345163d71d3abfcd8d4bff792324c0a95b06b0c06dcb47,061f8dd0116a0b38c0bec8107bddf6ca718709eeb899cdeed733989bc1d810d2,fa25e95f9ca2d87a348a6ff969956ac0794cbf136342ff5a39946f3f5269639a,stage7e_v1_2_request_a9f2f97a36ded6d178345163,PASS,a9f2f97a36ded6d178345163d71d3abfcd8d4bff792324c0a95b06b0c06dcb47,061f8dd0116a0b38c0bec8107bddf6ca718709eeb899cdeed733989bc1d810d2,fa25e95f9ca2d87a348a6ff969956ac0794cbf136342ff5a39946f3f5269639a,stage7_main_task_040
A3_NO_FACTLOCK,,b05e22a0272ee70bc52f6624a5a64cf2e1f49005892ed3f662874f208582fc1a,061f8dd0116a0b38c0bec8107bddf6ca718709eeb899cdeed733989bc1d810d2,ee140130e14af07e22f4bf9addf30ca779bb22f547ef546990e8fcdc7168b38d,stage7e_v1_2_request_b05e22a0272ee70bc52f6624,PASS,b05e22a0272ee70bc52f6624a5a64cf2e1f49005892ed3f662874f208582fc1a,061f8dd0116a0b38c0bec8107bddf6ca718709eeb899cdeed733989bc1d810d2,ee140130e14af07e22f4bf9addf30ca779bb22f547ef546990e8fcdc7168b38d,stage7_main_task_029
A3_NO_FACTLOCK,,b379fd4475cec0425313a5c908b3cc8f1fba957f8d92763ac19bf7e7cd91ad51,061f8dd0116a0b38c0bec8107bddf6ca718709eeb899cdeed733989bc1d810d2,e76a63f4222349285ce2a1547a17a7f9f725cadf1961d749290791a9495bbc1e,stage7e_v1_2_request_b379fd4475cec0425313a5c9,PASS,b379fd4475cec0425313a5c908b3cc8f1fba957f8d92763ac19bf7e7cd91ad51,061f8dd0116a0b38c0bec8107bddf6ca718709eeb899cdeed733989bc1d810d2,e76a63f4222349285ce2a1547a17a7f9f725cadf1961d749290791a9495bbc1e,stage7_main_task_002
A3_NO_FACTLOCK,,b3c3237a94ae7d2f34ad88dbd8c1a03aea67671c12963465e77707d186a795e2,061f8dd0116a0b38c0bec8107bddf6ca718709eeb899cdeed733989bc1d810d2,69c183222e80cea4f941204235066854cc3189541844cf309f955892ef7113e7,stage7e_v1_2_request_b3c3237a94ae7d2f34ad88db,PASS,b3c3237a94ae7d2f34ad88dbd8c1a03aea67671c12963465e77707d186a795e2,061f8dd0116a0b38c0bec8107bddf6ca718709eeb899cdeed733989bc1d810d2,69c183222e80cea4f941204235066854cc3189541844cf309f955892ef7113e7,stage7_main_task_037
A3_NO_FACTLOCK,,b3dbf97feb0cb7cd772cdfc8b84ebd43be191eb4e0daed90a0e866794dbd2ad6,061f8dd0116a0b38c0bec8107bddf6ca718709eeb899cdeed733989bc1d810d2,2071a6d4db039a0b93a4f52409f687738bdad4efbc70363034c07cd1389eeecb,stage7e_v1_2_request_b3dbf97feb0cb7cd772cdfc8,PASS,b3dbf97feb0cb7cd772cdfc8b84ebd43be191eb4e0daed90a0e866794dbd2ad6,061f8dd0116a0b38c0bec8107bddf6ca718709eeb899cdeed733989bc1d810d2,2071a6d4db039a0b93a4f52409f687738bdad4efbc70363034c07cd1389eeecb,stage7_main_task_011
A3_NO_FACTLOCK,,b58913db3ef0e1fa75a9764e378e1c46aabc7b9bb583fb624dcaba370877e860,061f8dd0116a0b38c0bec8107bddf6ca718709eeb899cdeed733989bc1d810d2,f6d85ca75035c2a3a8ed8693b8c29b9c3c0e5db0aed08bb503be32f5f9894397,stage7e_v1_2_request_b58913db3ef0e1fa75a9764e,PASS,b58913db3ef0e1fa75a9764e378e1c46aabc7b9bb583fb624dcaba370877e860,061f8dd0116a0b38c0bec8107bddf6ca718709eeb899cdeed733989bc1d810d2,f6d85ca75035c2a3a8ed8693b8c29b9c3c0e5db0aed08bb503be32f5f9894397,stage7_main_task_047
A3_NO_FACTLOCK,,b7f24527bf502f276303aa1ade6c48b71dafbbcacf2b95b1abbdb85adf7b62ab,061f8dd0116a0b38c0bec8107bddf6ca718709eeb899cdeed733989bc1d810d2,7cc4abf26005e066dfd19bc8000bb671bb5f9a23496ffe357637ed6f6c817d53,stage7e_v1_2_request_b7f24527bf502f276303aa1a,PASS,b7f24527bf502f276303aa1ade6c48b71dafbbcacf2b95b1abbdb85adf7b62ab,061f8dd0116a0b38c0bec8107bddf6ca718709eeb899cdeed733989bc1d810d2,7cc4abf26005e066dfd19bc8000bb671bb5f9a23496ffe357637ed6f6c817d53,stage7_main_task_018
A3_NO_FACTLOCK,,b8d924eaaa46a395bfbd93c84a3e6fc541c1a491a40af775c11d9e71f6974555,061f8dd0116a0b38c0bec8107bddf6ca718709eeb899cdeed733989bc1d810d2,965eeb7d8bf736d48019f5f79ca6e7513181bc829e35df9400c45ed1c8076458,stage7e_v1_2_request_b8d924eaaa46a395bfbd93c8,PASS,b8d924eaaa46a395bfbd93c84a3e6fc541c1a491a40af775c11d9e71f6974555,061f8dd0116a0b38c0bec8107bddf6ca718709eeb899cdeed733989bc1d810d2,965eeb7d8bf736d48019f5f79ca6e7513181bc829e35df9400c45ed1c8076458,stage7_main_task_010
A3_NO_FACTLOCK,,b8e707322c37f287baf1139efb3549c60edec8a2d7a4b9aa5d17922fa8d8eee5,061f8dd0116a0b38c0bec8107bddf6ca718709eeb899cdeed733989bc1d810d2,6b766d8500dd58858a4ba6ee35f37ed0aaf984e39685bec25501bda07472046e,stage7e_v1_2_request_b8e707322c37f287baf1139e,PASS,b8e707322c37f287baf1139efb3549c60edec8a2d7a4b9aa5d17922fa8d8eee5,061f8dd0116a0b38c0bec8107bddf6ca718709eeb899cdeed733989bc1d810d2,6b766d8500dd58858a4ba6ee35f37ed0aaf984e39685bec25501bda07472046e,stage7_main_task_033
A3_NO_FACTLOCK,,badb0b1d7d544efd79f2bf7e624a047ee4addf18e36f1b096b17ff683cf977c9,061f8dd0116a0b38c0bec8107bddf6ca718709eeb899cdeed733989bc1d810d2,4ae7688bc57adf70b135090f31c13deb08f83a0b3292a212c11a9ceb963c3d9c,stage7e_v1_2_request_badb0b1d7d544efd79f2bf7e,PASS,badb0b1d7d544efd79f2bf7e624a047ee4addf18e36f1b096b17ff683cf977c9,061f8dd0116a0b38c0bec8107bddf6ca718709eeb899cdeed733989bc1d810d2,4ae7688bc57adf70b135090f31c13deb08f83a0b3292a212c11a9ceb963c3d9c,stage7_main_task_011
A3_NO_FACTLOCK,,bd0e2bfa5dbb82f74e01f6b6a3eb4d06113f2133f646e1933c1313af5fbd355f,061f8dd0116a0b38c0bec8107bddf6ca718709eeb899cdeed733989bc1d810d2,1a4f78c8daac3e76833d8ef809c7458eccef7d85e63e6b1fead2c6d77732dd05,stage7e_v1_2_request_bd0e2bfa5dbb82f74e01f6b6,PASS,bd0e2bfa5dbb82f74e01f6b6a3eb4d06113f2133f646e1933c1313af5fbd355f,061f8dd0116a0b38c0bec8107bddf6ca718709eeb899cdeed733989bc1d810d2,1a4f78c8daac3e76833d8ef809c7458eccef7d85e63e6b1fead2c6d77732dd05,stage7_main_task_019
A3_NO_FACTLOCK,,c272ddf4f081bebf8cc0e47cd5358a1772f65fa2b1fd415126b837b69aef14e3,061f8dd0116a0b38c0bec8107bddf6ca718709eeb899cdeed733989bc1d810d2,834b31810ac13eff456f503127f5f8f87cb211cb7142a64a60d931a8a66224b6,stage7e_v1_2_request_c272ddf4f081bebf8cc0e47c,PASS,c272ddf4f081bebf8cc0e47cd5358a1772f65fa2b1fd415126b837b69aef14e3,061f8dd0116a0b38c0bec8107bddf6ca718709eeb899cdeed733989bc1d810d2,834b31810ac13eff456f503127f5f8f87cb211cb7142a64a60d931a8a66224b6,stage7_main_task_021
A3_NO_FACTLOCK,,c297740850df31489f8c8f27fb31bb44e47313c6a4385eaaae6c78746db37ed4,061f8dd0116a0b38c0bec8107bddf6ca718709eeb899cdeed733989bc1d810d2,c0488f748a9a58b74c5c47ef7729c6ef9173d51d264281433716d8fb42fff49f,stage7e_v1_2_request_c297740850df31489f8c8f27,PASS,c297740850df31489f8c8f27fb31bb44e47313c6a4385eaaae6c78746db37ed4,061f8dd0116a0b38c0bec8107bddf6ca718709eeb899cdeed733989bc1d810d2,c0488f748a9a58b74c5c47ef7729c6ef9173d51d264281433716d8fb42fff49f,stage7_main_task_033
A3_NO_FACTLOCK,,c2a1283869341402e3d405dc8be9de46fa466cd0d6c9d52e6e697e4baf8c5559,061f8dd0116a0b38c0bec8107bddf6ca718709eeb899cdeed733989bc1d810d2,d34d17b75f4408706888e4d906cc99c2324bf2f5b6da30f59bc8d775f4b3314a,stage7e_v1_2_request_c2a1283869341402e3d405dc,PASS,c2a1283869341402e3d405dc8be9de46fa466cd0d6c9d52e6e697e4baf8c5559,061f8dd0116a0b38c0bec8107bddf6ca718709eeb899cdeed733989bc1d810d2,d34d17b75f4408706888e4d906cc99c2324bf2f5b6da30f59bc8d775f4b3314a,stage7_main_task_043
A3_NO_FACTLOCK,,c3a8a929e7ffe425c84267c541ce469becf0dc9b6a70b73f5883630dd474d67c,061f8dd0116a0b38c0bec8107bddf6ca718709eeb899cdeed733989bc1d810d2,cb5eeac2a2730164af74d6a048a762e33d998319702b58de30066c9f4877c5dc,stage7e_v1_2_request_c3a8a929e7ffe425c84267c5,PASS,c3a8a929e7ffe425c84267c541ce469becf0dc9b6a70b73f5883630dd474d67c,061f8dd0116a0b38c0bec8107bddf6ca718709eeb899cdeed733989bc1d810d2,cb5eeac2a2730164af74d6a048a762e33d998319702b58de30066c9f4877c5dc,stage7_main_task_004
A3_NO_FACTLOCK,,c4880c7ed81c75c4b2a608e867703a9e5d305a22e0a32ca91501a7d7b3f15b17,061f8dd0116a0b38c0bec8107bddf6ca718709eeb899cdeed733989bc1d810d2,86eba7727f20b583699cc1e7745a4bddfa1e00e0a045cb8046945e0d9721bffa,stage7e_v1_2_request_c4880c7ed81c75c4b2a608e8,PASS,c4880c7ed81c75c4b2a608e867703a9e5d305a22e0a32ca91501a7d7b3f15b17,061f8dd0116a0b38c0bec8107bddf6ca718709eeb899cdeed733989bc1d810d2,86eba7727f20b583699cc1e7745a4bddfa1e00e0a045cb8046945e0d9721bffa,stage7_main_task_034
A3_NO_FACTLOCK,,c4e42381df3f536c83ce39e9e273331bbffc7d21e8d878a7a92caec5e7ce63e0,061f8dd0116a0b38c0bec8107bddf6ca718709eeb899cdeed733989bc1d810d2,12d2f4dd9f3af23295da2fa2fe40feff34cbbef361334d202665201b045bd029,stage7e_v1_2_request_c4e42381df3f536c83ce39e9,PASS,c4e42381df3f536c83ce39e9e273331bbffc7d21e8d878a7a92caec5e7ce63e0,061f8dd0116a0b38c0bec8107bddf6ca718709eeb899cdeed733989bc1d810d2,12d2f4dd9f3af23295da2fa2fe40feff34cbbef361334d202665201b045bd029,stage7_main_task_011
A3_NO_FACTLOCK,,c514adb0efb4d55397b3aad5fcb2e3d5881fd96b6635a35ed0217d6206ceb6c5,061f8dd0116a0b38c0bec8107bddf6ca718709eeb899cdeed733989bc1d810d2,9dce6863b78111c6a45470d5dbb9874742021c83fc627ac2253641bb390f4901,stage7e_v1_2_request_c514adb0efb4d55397b3aad5,PASS,c514adb0efb4d55397b3aad5fcb2e3d5881fd96b6635a35ed0217d6206ceb6c5,061f8dd0116a0b38c0bec8107bddf6ca718709eeb899cdeed733989bc1d810d2,9dce6863b78111c6a45470d5dbb9874742021c83fc627ac2253641bb390f4901,stage7_main_task_016
A3_NO_FACTLOCK,,c54870444cc1d477c74e9736cf5ffa18a56b5ebae0b501f797cada45f8e8f189,061f8dd0116a0b38c0bec8107bddf6ca718709eeb899cdeed733989bc1d810d2,6c02dc7d9fdff570e609dd8ca05ba124d982796755171ce92c01026e4d76cc00,stage7e_v1_2_request_c54870444cc1d477c74e9736,PASS,c54870444cc1d477c74e9736cf5ffa18a56b5ebae0b501f797cada45f8e8f189,061f8dd0116a0b38c0bec8107bddf6ca718709eeb899cdeed733989bc1d810d2,6c02dc7d9fdff570e609dd8ca05ba124d982796755171ce92c01026e4d76cc00,stage7_main_task_015
A3_NO_FACTLOCK,,ceef796313f810751eaeda5326b5bae7801bc054be4e3b1f1821f53c5539b121,061f8dd0116a0b38c0bec8107bddf6ca718709eeb899cdeed733989bc1d810d2,1503bae7d498eb78626b33bdcdee81f6435205ee485fd816df1a28e01eae2784,stage7e_v1_2_request_ceef796313f810751eaeda53,PASS,ceef796313f810751eaeda5326b5bae7801bc054be4e3b1f1821f53c5539b121,061f8dd0116a0b38c0bec8107bddf6ca718709eeb899cdeed733989bc1d810d2,1503bae7d498eb78626b33bdcdee81f6435205ee485fd816df1a28e01eae2784,stage7_main_task_045
A3_NO_FACTLOCK,,cff6466ae161381c58a1b0456986460f4ae4afd991b13d5ddfed2fdccb03a42f,061f8dd0116a0b38c0bec8107bddf6ca718709eeb899cdeed733989bc1d810d2,8140b6432455cee41ee93688af4811690c98092627982ee7a6c2ac7763c4b1b7,stage7e_v1_2_request_cff6466ae161381c58a1b045,PASS,cff6466ae161381c58a1b0456986460f4ae4afd991b13d5ddfed2fdccb03a42f,061f8dd0116a0b38c0bec8107bddf6ca718709eeb899cdeed733989bc1d810d2,8140b6432455cee41ee93688af4811690c98092627982ee7a6c2ac7763c4b1b7,stage7_main_task_044
A3_NO_FACTLOCK,,d1c12947c3027f443a0b1b47c62424fbda2edd024a7a34fe82ccf706ca790a3b,061f8dd0116a0b38c0bec8107bddf6ca718709eeb899cdeed733989bc1d810d2,2df3976da4a19f966d8fe3223b4ed04372efb7030268bb85573af555c9999ca6,stage7e_v1_2_request_d1c12947c3027f443a0b1b47,PASS,d1c12947c3027f443a0b1b47c62424fbda2edd024a7a34fe82ccf706ca790a3b,061f8dd0116a0b38c0bec8107bddf6ca718709eeb899cdeed733989bc1d810d2,2df3976da4a19f966d8fe3223b4ed04372efb7030268bb85573af555c9999ca6,stage7_main_task_045
A3_NO_FACTLOCK,,d3074a7f3a29bce75e47594a82986d98b8b8f0c65a8852f2792aa09edab5b8db,061f8dd0116a0b38c0bec8107bddf6ca718709eeb899cdeed733989bc1d810d2,78d0bc0356cf0dbf39edd4658726005b3e827507dc513e08ce4bd45cd3f5df51,stage7e_v1_2_request_d3074a7f3a29bce75e47594a,PASS,d3074a7f3a29bce75e47594a82986d98b8b8f0c65a8852f2792aa09edab5b8db,061f8dd0116a0b38c0bec8107bddf6ca718709eeb899cdeed733989bc1d810d2,78d0bc0356cf0dbf39edd4658726005b3e827507dc513e08ce4bd45cd3f5df51,stage7_main_task_024
A3_NO_FACTLOCK,,d34432ca5ea701c8c47db148b50698d909f87714efb14045d1e28aebbd18ec8c,061f8dd0116a0b38c0bec8107bddf6ca718709eeb899cdeed733989bc1d810d2,4b65af90f77b5cfe2b0beecd0f06fefce0b21d4a063db2c0fee9dbf13faddf84,stage7e_v1_2_request_d34432ca5ea701c8c47db148,PASS,d34432ca5ea701c8c47db148b50698d909f87714efb14045d1e28aebbd18ec8c,061f8dd0116a0b38c0bec8107bddf6ca718709eeb899cdeed733989bc1d810d2,4b65af90f77b5cfe2b0beecd0f06fefce0b21d4a063db2c0fee9dbf13faddf84,stage7_main_task_047
A3_NO_FACTLOCK,,d5d9803c673ed497d3abf2f47cccdf5fc881df3ac0d55fc7112f9846b344e53b,061f8dd0116a0b38c0bec8107bddf6ca718709eeb899cdeed733989bc1d810d2,67449228b0b03bbb8a4f09acdfee023d75e39663a431a0d733779675af957f01,stage7e_v1_2_request_d5d9803c673ed497d3abf2f4,PASS,d5d9803c673ed497d3abf2f47cccdf5fc881df3ac0d55fc7112f9846b344e53b,061f8dd0116a0b38c0bec8107bddf6ca718709eeb899cdeed733989bc1d810d2,67449228b0b03bbb8a4f09acdfee023d75e39663a431a0d733779675af957f01,stage7_main_task_014
A3_NO_FACTLOCK,,d67d87995e2c25a656ba0e5220edec8434dcdfae94d5873b9c0c0775718ce894,061f8dd0116a0b38c0bec8107bddf6ca718709eeb899cdeed733989bc1d810d2,2b6c35a218b1f02fcea895dc2c2b438fb807287a618e5f086818b1524f07e7ad,stage7e_v1_2_request_d67d87995e2c25a656ba0e52,PASS,d67d87995e2c25a656ba0e5220edec8434dcdfae94d5873b9c0c0775718ce894,061f8dd0116a0b38c0bec8107bddf6ca718709eeb899cdeed733989bc1d810d2,2b6c35a218b1f02fcea895dc2c2b438fb807287a618e5f086818b1524f07e7ad,stage7_main_task_021
A3_NO_FACTLOCK,,d76b38465990f5423dbf4d2e83e681d31697a10e5002184e736afc04b438291c,061f8dd0116a0b38c0bec8107bddf6ca718709eeb899cdeed733989bc1d810d2,43d0a20b772b05970da22de36bd85a306470c5c3c5f1f8456f37c22557c2010f,stage7e_v1_2_request_d76b38465990f5423dbf4d2e,PASS,d76b38465990f5423dbf4d2e83e681d31697a10e5002184e736afc04b438291c,061f8dd0116a0b38c0bec8107bddf6ca718709eeb899cdeed733989bc1d810d2,43d0a20b772b05970da22de36bd85a306470c5c3c5f1f8456f37c22557c2010f,stage7_main_task_021
A3_NO_FACTLOCK,,d8370d188570b10f7a38c543f82c794a39cdebe1f908b2766feadea17fec115f,061f8dd0116a0b38c0bec8107bddf6ca718709eeb899cdeed733989bc1d810d2,5eef14fe199008397bdf65870d70b53ed41800dea5c114ba76990d24683487cf,stage7e_v1_2_request_d8370d188570b10f7a38c543,PASS,d8370d188570b10f7a38c543f82c794a39cdebe1f908b2766feadea17fec115f,061f8dd0116a0b38c0bec8107bddf6ca718709eeb899cdeed733989bc1d810d2,5eef14fe199008397bdf65870d70b53ed41800dea5c114ba76990d24683487cf,stage7_main_task_032
A3_NO_FACTLOCK,,d873a7a5837551a4278b76396e5bc8eb1633c2a24419f80eb61afc1f3392520e,061f8dd0116a0b38c0bec8107bddf6ca718709eeb899cdeed733989bc1d810d2,b92e3dc41a419059ab8e2f19cbc3e979f8f675a78821451ef999d96736c94657,stage7e_v1_2_request_d873a7a5837551a4278b7639,PASS,d873a7a5837551a4278b76396e5bc8eb1633c2a24419f80eb61afc1f3392520e,061f8dd0116a0b38c0bec8107bddf6ca718709eeb899cdeed733989bc1d810d2,b92e3dc41a419059ab8e2f19cbc3e979f8f675a78821451ef999d96736c94657,stage7_main_task_011
A3_NO_FACTLOCK,,daa50994ef1a770b399eed3f341b0e8efdbdae71524ab31ec046ab7441b4b8b2,061f8dd0116a0b38c0bec8107bddf6ca718709eeb899cdeed733989bc1d810d2,a1da8b234ae0beb63a9d39670c36a10c03634a163a8017561f7edf15cf99e9e0,stage7e_v1_2_request_daa50994ef1a770b399eed3f,PASS,daa50994ef1a770b399eed3f341b0e8efdbdae71524ab31ec046ab7441b4b8b2,061f8dd0116a0b38c0bec8107bddf6ca718709eeb899cdeed733989bc1d810d2,a1da8b234ae0beb63a9d39670c36a10c03634a163a8017561f7edf15cf99e9e0,stage7_main_task_043
A3_NO_FACTLOCK,,dab2b01a46d2bb5deb40e7589e5ac154b80882f95cc34148de3eec25f36334d6,061f8dd0116a0b38c0bec8107bddf6ca718709eeb899cdeed733989bc1d810d2,fcb1faae1747d39eff6485d1373997776ade14688ef98318c6390b60deee0546,stage7e_v1_2_request_dab2b01a46d2bb5deb40e758,PASS,dab2b01a46d2bb5deb40e7589e5ac154b80882f95cc34148de3eec25f36334d6,061f8dd0116a0b38c0bec8107bddf6ca718709eeb899cdeed733989bc1d810d2,fcb1faae1747d39eff6485d1373997776ade14688ef98318c6390b60deee0546,stage7_main_task_029
A3_NO_FACTLOCK,,db120ffe90a00e1be2f5736efffc79c5b49adfc9db513314ec20b920c89846ee,061f8dd0116a0b38c0bec8107bddf6ca718709eeb899cdeed733989bc1d810d2,ebba1c17fce3dd8bcb7a818be1b032c5f03c6e35b4259917a72c7620b1ee8a5a,stage7e_v1_2_request_db120ffe90a00e1be2f5736e,PASS,db120ffe90a00e1be2f5736efffc79c5b49adfc9db513314ec20b920c89846ee,061f8dd0116a0b38c0bec8107bddf6ca718709eeb899cdeed733989bc1d810d2,ebba1c17fce3dd8bcb7a818be1b032c5f03c6e35b4259917a72c7620b1ee8a5a,stage7_main_task_038
A3_NO_FACTLOCK,,dbd5748b7076985d2c424db9b301c1f9bd856aca5a3edf18168858e6178727c5,061f8dd0116a0b38c0bec8107bddf6ca718709eeb899cdeed733989bc1d810d2,bd3559624d06858216a9e5a0ab8684a668b82c30f54cc26d1d677df3e40589a2,stage7e_v1_2_request_dbd5748b7076985d2c424db9,PASS,dbd5748b7076985d2c424db9b301c1f9bd856aca5a3edf18168858e6178727c5,061f8dd0116a0b38c0bec8107bddf6ca718709eeb899cdeed733989bc1d810d2,bd3559624d06858216a9e5a0ab8684a668b82c30f54cc26d1d677df3e40589a2,stage7_main_task_005
A3_NO_FACTLOCK,,dd59551424abc0631e2e16df5f3ff8b82a739aea9ebfe15c817451ce94878062,061f8dd0116a0b38c0bec8107bddf6ca718709eeb899cdeed733989bc1d810d2,ec3c981c0aad9fefec781f5cb1b3659534bcaaa4cc9ef2771d44f389673fd121,stage7e_v1_2_request_dd59551424abc0631e2e16df,PASS,dd59551424abc0631e2e16df5f3ff8b82a739aea9ebfe15c817451ce94878062,061f8dd0116a0b38c0bec8107bddf6ca718709eeb899cdeed733989bc1d810d2,ec3c981c0aad9fefec781f5cb1b3659534bcaaa4cc9ef2771d44f389673fd121,stage7_main_task_007
A3_NO_FACTLOCK,,dea3284ba02d148263b8444cd28bf78946da67862ad3fb9600102da66a29a76e,061f8dd0116a0b38c0bec8107bddf6ca718709eeb899cdeed733989bc1d810d2,88fa42ec9c40af0993a50db1fcf87334dede62217541655aeb08a4cfd539e2b4,stage7e_v1_2_request_dea3284ba02d148263b8444c,PASS,dea3284ba02d148263b8444cd28bf78946da67862ad3fb9600102da66a29a76e,061f8dd0116a0b38c0bec8107bddf6ca718709eeb899cdeed733989bc1d810d2,88fa42ec9c40af0993a50db1fcf87334dede62217541655aeb08a4cfd539e2b4,stage7_main_task_014
A3_NO_FACTLOCK,,dedb34de3fd716ca71cf78710c027c91442bceb1e99a70aa71681e26204f25af,061f8dd0116a0b38c0bec8107bddf6ca718709eeb899cdeed733989bc1d810d2,e5d206e9aa5bb541bfc11f4e0e2d8ebae0fb85bcc1741872d6f0c4bc1bec6f6d,stage7e_v1_2_request_dedb34de3fd716ca71cf7871,PASS,dedb34de3fd716ca71cf78710c027c91442bceb1e99a70aa71681e26204f25af,061f8dd0116a0b38c0bec8107bddf6ca718709eeb899cdeed733989bc1d810d2,e5d206e9aa5bb541bfc11f4e0e2d8ebae0fb85bcc1741872d6f0c4bc1bec6f6d,stage7_main_task_010
A3_NO_FACTLOCK,,dfdb5d4b891d91f50fe6545102dccb97df4a40f2c8761553d937970045221dc2,061f8dd0116a0b38c0bec8107bddf6ca718709eeb899cdeed733989bc1d810d2,3d78395b69d6e81fabed10084f872846fb2bb2e1de995131c42d70b9d974336b,stage7e_v1_2_request_dfdb5d4b891d91f50fe65451,PASS,dfdb5d4b891d91f50fe6545102dccb97df4a40f2c8761553d937970045221dc2,061f8dd0116a0b38c0bec8107bddf6ca718709eeb899cdeed733989bc1d810d2,3d78395b69d6e81fabed10084f872846fb2bb2e1de995131c42d70b9d974336b,stage7_main_task_032
A3_NO_FACTLOCK,,e1182555d1a9e5ee7c303a6f514f63501b04ab555a7d1fc138b6adcc8350a215,061f8dd0116a0b38c0bec8107bddf6ca718709eeb899cdeed733989bc1d810d2,ce95a2c6c32f1ff5a4c5382045ad4bad406ab613f9ec23d61e757df83dc141d5,stage7e_v1_2_request_e1182555d1a9e5ee7c303a6f,PASS,e1182555d1a9e5ee7c303a6f514f63501b04ab555a7d1fc138b6adcc8350a215,061f8dd0116a0b38c0bec8107bddf6ca718709eeb899cdeed733989bc1d810d2,ce95a2c6c32f1ff5a4c5382045ad4bad406ab613f9ec23d61e757df83dc141d5,stage7_main_task_019
A3_NO_FACTLOCK,,e47b6e1f5e6ff415274cf63b63d598955021781adfa36e4f177d07491e001f34,061f8dd0116a0b38c0bec8107bddf6ca718709eeb899cdeed733989bc1d810d2,9cf62a2bfc375abc7758dfadf9b5dfda336c11df5478c0f14a60a34892c3c248,stage7e_v1_2_request_e47b6e1f5e6ff415274cf63b,PASS,e47b6e1f5e6ff415274cf63b63d598955021781adfa36e4f177d07491e001f34,061f8dd0116a0b38c0bec8107bddf6ca718709eeb899cdeed733989bc1d810d2,9cf62a2bfc375abc7758dfadf9b5dfda336c11df5478c0f14a60a34892c3c248,stage7_main_task_033
A3_NO_FACTLOCK,,e791668fc362b0c93465cc1cb9f2c0ed45f3c0927a2a15a98916a64e5c059c22,061f8dd0116a0b38c0bec8107bddf6ca718709eeb899cdeed733989bc1d810d2,799f5cc2bebb99ff6b38eb6fe752689ad9706583a7c915052db48c484f31a4a6,stage7e_v1_2_request_e791668fc362b0c93465cc1c,PASS,e791668fc362b0c93465cc1cb9f2c0ed45f3c0927a2a15a98916a64e5c059c22,061f8dd0116a0b38c0bec8107bddf6ca718709eeb899cdeed733989bc1d810d2,799f5cc2bebb99ff6b38eb6fe752689ad9706583a7c915052db48c484f31a4a6,stage7_main_task_021
A3_NO_FACTLOCK,,e7d1c3cc14e238ec52849f90a904c9ccbd61633a5afe7760d07a29920e5851ec,061f8dd0116a0b38c0bec8107bddf6ca718709eeb899cdeed733989bc1d810d2,4db86b0dd2b38d7287feb5dcc368cfeeea455f73d1f00a75bea89a2b588ad669,stage7e_v1_2_request_e7d1c3cc14e238ec52849f90,PASS,e7d1c3cc14e238ec52849f90a904c9ccbd61633a5afe7760d07a29920e5851ec,061f8dd0116a0b38c0bec8107bddf6ca718709eeb899cdeed733989bc1d810d2,4db86b0dd2b38d7287feb5dcc368cfeeea455f73d1f00a75bea89a2b588ad669,stage7_main_task_030
A3_NO_FACTLOCK,,e91a9fca0fa026830f82b19a2b6f4367627a956cd351aa1b86d18f6e73fcef66,061f8dd0116a0b38c0bec8107bddf6ca718709eeb899cdeed733989bc1d810d2,b8388446106f4ea69d61fb2b18a8b326b6f677f3d1d0053ed8978c1aba01889f,stage7e_v1_2_request_e91a9fca0fa026830f82b19a,PASS,e91a9fca0fa026830f82b19a2b6f4367627a956cd351aa1b86d18f6e73fcef66,061f8dd0116a0b38c0bec8107bddf6ca718709eeb899cdeed733989bc1d810d2,b8388446106f4ea69d61fb2b18a8b326b6f677f3d1d0053ed8978c1aba01889f,stage7_main_task_008
A3_NO_FACTLOCK,,ea51a2a342e6c4e1d5a35ddbbc4de7c12a884f5c2c0c3e77c7d18f9e1e4e95b7,061f8dd0116a0b38c0bec8107bddf6ca718709eeb899cdeed733989bc1d810d2,e6457b18ceefe2720987d6e597289662b385e1588fea0618aa9b0b416f4360f6,stage7e_v1_2_request_ea51a2a342e6c4e1d5a35ddb,PASS,ea51a2a342e6c4e1d5a35ddbbc4de7c12a884f5c2c0c3e77c7d18f9e1e4e95b7,061f8dd0116a0b38c0bec8107bddf6ca718709eeb899cdeed733989bc1d810d2,e6457b18ceefe2720987d6e597289662b385e1588fea0618aa9b0b416f4360f6,stage7_main_task_003
A3_NO_FACTLOCK,,ed1c3829e82e3e7804631645b0d4e771d70c2807a9523dfc271f99f8327740e9,061f8dd0116a0b38c0bec8107bddf6ca718709eeb899cdeed733989bc1d810d2,9b371e342f598e9d2c52558578b7f4184d968271224cf6d8be05297c4fbde37f,stage7e_v1_2_request_ed1c3829e82e3e7804631645,PASS,ed1c3829e82e3e7804631645b0d4e771d70c2807a9523dfc271f99f8327740e9,061f8dd0116a0b38c0bec8107bddf6ca718709eeb899cdeed733989bc1d810d2,9b371e342f598e9d2c52558578b7f4184d968271224cf6d8be05297c4fbde37f,stage7_main_task_000
A3_NO_FACTLOCK,,ed20683c324cea6b3e8431b8150acec289f4aa3bd27a9b370f8d9e2bf9acb427,061f8dd0116a0b38c0bec8107bddf6ca718709eeb899cdeed733989bc1d810d2,1805f3be39a1519aa0cb85ae7bbad73a0a3fc3383b72a47b539f7e29fc6a8bbd,stage7e_v1_2_request_ed20683c324cea6b3e8431b8,PASS,ed20683c324cea6b3e8431b8150acec289f4aa3bd27a9b370f8d9e2bf9acb427,061f8dd0116a0b38c0bec8107bddf6ca718709eeb899cdeed733989bc1d810d2,1805f3be39a1519aa0cb85ae7bbad73a0a3fc3383b72a47b539f7e29fc6a8bbd,stage7_main_task_047
A3_NO_FACTLOCK,,ed232354d70a07549c7c798fbba5bfabd251d5ff2faa8288a991ed5a2bb098c1,061f8dd0116a0b38c0bec8107bddf6ca718709eeb899cdeed733989bc1d810d2,105f98e2b7c4f5cb0834872d35e48a49369f78422554b692fbcd2814d2da968a,stage7e_v1_2_request_ed232354d70a07549c7c798f,PASS,ed232354d70a07549c7c798fbba5bfabd251d5ff2faa8288a991ed5a2bb098c1,061f8dd0116a0b38c0bec8107bddf6ca718709eeb899cdeed733989bc1d810d2,105f98e2b7c4f5cb0834872d35e48a49369f78422554b692fbcd2814d2da968a,stage7_main_task_040
A3_NO_FACTLOCK,,ed5b5dcf31c36d09470e585d0acaecb3e8e0bb14985441060bb36c86f320f3a4,061f8dd0116a0b38c0bec8107bddf6ca718709eeb899cdeed733989bc1d810d2,4a9efa9393264da5c51f7b4d132942a4c37726e7231ea6db506c0366db6a8ad8,stage7e_v1_2_request_ed5b5dcf31c36d09470e585d,PASS,ed5b5dcf31c36d09470e585d0acaecb3e8e0bb14985441060bb36c86f320f3a4,061f8dd0116a0b38c0bec8107bddf6ca718709eeb899cdeed733989bc1d810d2,4a9efa9393264da5c51f7b4d132942a4c37726e7231ea6db506c0366db6a8ad8,stage7_main_task_027
A3_NO_FACTLOCK,,f1c528ab105e3a201113a834f721963bf6a870e0707940ceb1d6a2f07b1d4706,061f8dd0116a0b38c0bec8107bddf6ca718709eeb899cdeed733989bc1d810d2,80a73543d3e494db0b2b347404414cef705a1a3b60ef74bdccc77ce7b0bc9b3c,stage7e_v1_2_request_f1c528ab105e3a201113a834,PASS,f1c528ab105e3a201113a834f721963bf6a870e0707940ceb1d6a2f07b1d4706,061f8dd0116a0b38c0bec8107bddf6ca718709eeb899cdeed733989bc1d810d2,80a73543d3e494db0b2b347404414cef705a1a3b60ef74bdccc77ce7b0bc9b3c,stage7_main_task_001
A3_NO_FACTLOCK,,f389e4932d2a62f6517e4e30cf9d6be16eff9de6074ad27f3f1a35b39c787baa,061f8dd0116a0b38c0bec8107bddf6ca718709eeb899cdeed733989bc1d810d2,20554888439774e99f0d8898a5aa534d907cdc4874779e7f0110f3565f3ec27d,stage7e_v1_2_request_f389e4932d2a62f6517e4e30,PASS,f389e4932d2a62f6517e4e30cf9d6be16eff9de6074ad27f3f1a35b39c787baa,061f8dd0116a0b38c0bec8107bddf6ca718709eeb899cdeed733989bc1d810d2,20554888439774e99f0d8898a5aa534d907cdc4874779e7f0110f3565f3ec27d,stage7_main_task_039
A3_NO_FACTLOCK,,f48a633b184fba8589e5c12916cdc028e1294a57164d1e759ac6b561c2158a82,061f8dd0116a0b38c0bec8107bddf6ca718709eeb899cdeed733989bc1d810d2,6f24bb269dd75003e80e55f68e5849c4b9722d86d9b3fbdd2486bf2e45b59466,stage7e_v1_2_request_f48a633b184fba8589e5c129,PASS,f48a633b184fba8589e5c12916cdc028e1294a57164d1e759ac6b561c2158a82,061f8dd0116a0b38c0bec8107bddf6ca718709eeb899cdeed733989bc1d810d2,6f24bb269dd75003e80e55f68e5849c4b9722d86d9b3fbdd2486bf2e45b59466,stage7_main_task_018
A3_NO_FACTLOCK,,f4cb99efef56f05d3aa9dc1598db77aa8129d2b448e88a233ef5be5ec13c0be1,061f8dd0116a0b38c0bec8107bddf6ca718709eeb899cdeed733989bc1d810d2,667647735a1db294de9c18b160cfa6f0211803315f50958fde226c3939b5673a,stage7e_v1_2_request_f4cb99efef56f05d3aa9dc15,PASS,f4cb99efef56f05d3aa9dc1598db77aa8129d2b448e88a233ef5be5ec13c0be1,061f8dd0116a0b38c0bec8107bddf6ca718709eeb899cdeed733989bc1d810d2,667647735a1db294de9c18b160cfa6f0211803315f50958fde226c3939b5673a,stage7_main_task_024
A3_NO_FACTLOCK,,f5c05dc35b4760014550ec480fceb9e0eb892ba5b37ec7aa762d8890e6919d45,061f8dd0116a0b38c0bec8107bddf6ca718709eeb899cdeed733989bc1d810d2,b5d0758f9d258471b528baeb2e2c479e1902a7802c64d826f51fc18b372ad003,stage7e_v1_2_request_f5c05dc35b4760014550ec48,PASS,f5c05dc35b4760014550ec480fceb9e0eb892ba5b37ec7aa762d8890e6919d45,061f8dd0116a0b38c0bec8107bddf6ca718709eeb899cdeed733989bc1d810d2,b5d0758f9d258471b528baeb2e2c479e1902a7802c64d826f51fc18b372ad003,stage7_main_task_001
A3_NO_FACTLOCK,,f6654b85209459ac65262d612b426988fb6d7fc49851317be14b9c07ffa09542,061f8dd0116a0b38c0bec8107bddf6ca718709eeb899cdeed733989bc1d810d2,f8f824e7f5bec1bd3773a25b486448aa17341052fa8e034bf56982a5add7edb5,stage7e_v1_2_request_f6654b85209459ac65262d61,PASS,f6654b85209459ac65262d612b426988fb6d7fc49851317be14b9c07ffa09542,061f8dd0116a0b38c0bec8107bddf6ca718709eeb899cdeed733989bc1d810d2,f8f824e7f5bec1bd3773a25b486448aa17341052fa8e034bf56982a5add7edb5,stage7_main_task_032
A3_NO_FACTLOCK,,f8779910006e13ae25877cf18f4285197fa6480d4356f88129881fb563478257,061f8dd0116a0b38c0bec8107bddf6ca718709eeb899cdeed733989bc1d810d2,b6e91ad977a97ad82d08421433c72572d4cdc625b51ff3654ab3f04999c35543,stage7e_v1_2_request_f8779910006e13ae25877cf1,PASS,f8779910006e13ae25877cf18f4285197fa6480d4356f88129881fb563478257,061f8dd0116a0b38c0bec8107bddf6ca718709eeb899cdeed733989bc1d810d2,b6e91ad977a97ad82d08421433c72572d4cdc625b51ff3654ab3f04999c35543,stage7_main_task_047
A3_NO_FACTLOCK,,f98e513ffd1d5d224f1ff9f4d2d813dcbc920406f4f7e6bd71d796e1810ff4bd,061f8dd0116a0b38c0bec8107bddf6ca718709eeb899cdeed733989bc1d810d2,58ba2c723a39a66758cc319ce09632cb4421d64480d6bdb153c226cea74f0407,stage7e_v1_2_request_f98e513ffd1d5d224f1ff9f4,PASS,f98e513ffd1d5d224f1ff9f4d2d813dcbc920406f4f7e6bd71d796e1810ff4bd,061f8dd0116a0b38c0bec8107bddf6ca718709eeb899cdeed733989bc1d810d2,58ba2c723a39a66758cc319ce09632cb4421d64480d6bdb153c226cea74f0407,stage7_main_task_033
A3_NO_FACTLOCK,,f9a1bd4f9d6d7f13acc810a67bd44212df98ceb264ec3e23db63575d096e1577,061f8dd0116a0b38c0bec8107bddf6ca718709eeb899cdeed733989bc1d810d2,0667fca9f6ea39f418f92e211be7f11e09dcf30d74f194bc53e7c6717b4508ea,stage7e_v1_2_request_f9a1bd4f9d6d7f13acc810a6,PASS,f9a1bd4f9d6d7f13acc810a67bd44212df98ceb264ec3e23db63575d096e1577,061f8dd0116a0b38c0bec8107bddf6ca718709eeb899cdeed733989bc1d810d2,0667fca9f6ea39f418f92e211be7f11e09dcf30d74f194bc53e7c6717b4508ea,stage7_main_task_000
A3_NO_FACTLOCK,,fa7ef127ef1a6b4530a15a331ca5c9b8169ef401de2466bd2715fe4d2f5cb395,061f8dd0116a0b38c0bec8107bddf6ca718709eeb899cdeed733989bc1d810d2,ee245aa3194d774ed320fde513d0dd80bdc72e90fae59c303f9e9e3778e3ca50,stage7e_v1_2_request_fa7ef127ef1a6b4530a15a33,PASS,fa7ef127ef1a6b4530a15a331ca5c9b8169ef401de2466bd2715fe4d2f5cb395,061f8dd0116a0b38c0bec8107bddf6ca718709eeb899cdeed733989bc1d810d2,ee245aa3194d774ed320fde513d0dd80bdc72e90fae59c303f9e9e3778e3ca50,stage7_main_task_004
A3_NO_FACTLOCK,,fbc1dcc96bd099c66c0e250aa8eea5f3c3f91e104762f31dbc5def0dc81a9b6b,061f8dd0116a0b38c0bec8107bddf6ca718709eeb899cdeed733989bc1d810d2,178c1d7c452f056455361503921e085fd101beff1fe6c913aa0dc701c4f8cb3f,stage7e_v1_2_request_fbc1dcc96bd099c66c0e250a,PASS,fbc1dcc96bd099c66c0e250aa8eea5f3c3f91e104762f31dbc5def0dc81a9b6b,061f8dd0116a0b38c0bec8107bddf6ca718709eeb899cdeed733989bc1d810d2,178c1d7c452f056455361503921e085fd101beff1fe6c913aa0dc701c4f8cb3f,stage7_main_task_032
A3_NO_FACTLOCK,,fcf69c6809e7dcd8d4e8dfa37be802e804f2c2bd9d7dc350eb4206e040849eaa,061f8dd0116a0b38c0bec8107bddf6ca718709eeb899cdeed733989bc1d810d2,5b03fbb364d5c1c2abadf0e953fec640ff7734d46a581b74b5a881164c45b2b6,stage7e_v1_2_request_fcf69c6809e7dcd8d4e8dfa3,PASS,fcf69c6809e7dcd8d4e8dfa37be802e804f2c2bd9d7dc350eb4206e040849eaa,061f8dd0116a0b38c0bec8107bddf6ca718709eeb899cdeed733989bc1d810d2,5b03fbb364d5c1c2abadf0e953fec640ff7734d46a581b74b5a881164c45b2b6,stage7_main_task_035
A3_NO_FACTLOCK,,fd9672ec2af9b3b8aa5dc9de592afcd725a1e89c2fee7c1d27443c97b74dcbb1,061f8dd0116a0b38c0bec8107bddf6ca718709eeb899cdeed733989bc1d810d2,a559775c738dc50a6a7ad15964c29be8745df0d2bed1d8d92358828edd755679,stage7e_v1_2_request_fd9672ec2af9b3b8aa5dc9de,PASS,fd9672ec2af9b3b8aa5dc9de592afcd725a1e89c2fee7c1d27443c97b74dcbb1,061f8dd0116a0b38c0bec8107bddf6ca718709eeb899cdeed733989bc1d810d2,a559775c738dc50a6a7ad15964c29be8745df0d2bed1d8d92358828edd755679,stage7_main_task_041
A3_NO_FACTLOCK,,ff69cdc0309cc8e7c7015505f4c78cea75f0808681bb4fdd521ce42596acc0ad,061f8dd0116a0b38c0bec8107bddf6ca718709eeb899cdeed733989bc1d810d2,58e1dbfd8b07152f82e36312cc2603f43d4c619e7a57430d181dddb9fdc74281,stage7e_v1_2_request_ff69cdc0309cc8e7c7015505,PASS,ff69cdc0309cc8e7c7015505f4c78cea75f0808681bb4fdd521ce42596acc0ad,061f8dd0116a0b38c0bec8107bddf6ca718709eeb899cdeed733989bc1d810d2,58e1dbfd8b07152f82e36312cc2603f43d4c619e7a57430d181dddb9fdc74281,stage7_main_task_021
A4_FREE_FINAL_REALIZATION,,056a44f9c6cf5f5ce4284f5d6292c0693be0661ea6a2233c521644f54ca728cd,b4a2c5ce8122e161881357f9e2118fd82cf856113837338e18500e625dc1a939,c6dd5ecda3aad15246d2e24542c4f8f2db34434405fa11c386daac7a65c14ff5,stage7e_v1_2_request_056a44f9c6cf5f5ce4284f5d,PASS,056a44f9c6cf5f5ce4284f5d6292c0693be0661ea6a2233c521644f54ca728cd,b4a2c5ce8122e161881357f9e2118fd82cf856113837338e18500e625dc1a939,c6dd5ecda3aad15246d2e24542c4f8f2db34434405fa11c386daac7a65c14ff5,stage7_main_task_014
A4_FREE_FINAL_REALIZATION,,10587852b530beeffeae43ea1c035ac23e2318772160bda5168376bd426b3d64,b4a2c5ce8122e161881357f9e2118fd82cf856113837338e18500e625dc1a939,08746231d7938b2e76c5212b25bf791573fc3a0f3f3f63d08aebf98064ada868,stage7e_v1_2_request_10587852b530beeffeae43ea,PASS,10587852b530beeffeae43ea1c035ac23e2318772160bda5168376bd426b3d64,b4a2c5ce8122e161881357f9e2118fd82cf856113837338e18500e625dc1a939,08746231d7938b2e76c5212b25bf791573fc3a0f3f3f63d08aebf98064ada868,stage7_main_task_006
A4_FREE_FINAL_REALIZATION,,17570f56cc413be57d2468246ed92738c0c5faffa3a6c9666e4ae26bc938c1d2,b4a2c5ce8122e161881357f9e2118fd82cf856113837338e18500e625dc1a939,c302c426cee96db0cf6e3f5b7f3e454b3a4b77a8273b6f75339f90a5650494b3,stage7e_v1_2_request_17570f56cc413be57d246824,PASS,17570f56cc413be57d2468246ed92738c0c5faffa3a6c9666e4ae26bc938c1d2,b4a2c5ce8122e161881357f9e2118fd82cf856113837338e18500e625dc1a939,c302c426cee96db0cf6e3f5b7f3e454b3a4b77a8273b6f75339f90a5650494b3,stage7_main_task_040
A4_FREE_FINAL_REALIZATION,,223db1657c12a06d050c4b8e1f85800c3543866ad542a93b4eedca57c0fb6948,b4a2c5ce8122e161881357f9e2118fd82cf856113837338e18500e625dc1a939,9d5208ca4bd216d45d542fa9bff880d3acd3b9c610d10aa7f45acc5a8aa48a19,stage7e_v1_2_request_223db1657c12a06d050c4b8e,PASS,223db1657c12a06d050c4b8e1f85800c3543866ad542a93b4eedca57c0fb6948,b4a2c5ce8122e161881357f9e2118fd82cf856113837338e18500e625dc1a939,9d5208ca4bd216d45d542fa9bff880d3acd3b9c610d10aa7f45acc5a8aa48a19,stage7_main_task_008
A4_FREE_FINAL_REALIZATION,,25a3f8b7452c564863c6faa77277808a3f680a907be07f48b9de1ba1b0707033,b4a2c5ce8122e161881357f9e2118fd82cf856113837338e18500e625dc1a939,113afd62095cea1345df462af7a5f9499011e9e533fd6692b683b4945a3c44ca,stage7e_v1_2_request_25a3f8b7452c564863c6faa7,PASS,25a3f8b7452c564863c6faa77277808a3f680a907be07f48b9de1ba1b0707033,b4a2c5ce8122e161881357f9e2118fd82cf856113837338e18500e625dc1a939,113afd62095cea1345df462af7a5f9499011e9e533fd6692b683b4945a3c44ca,stage7_main_task_001
A4_FREE_FINAL_REALIZATION,,261176e1f05ab63228f34c586bf203e4834faf70050df41b9bd811f06fbab3a9,b4a2c5ce8122e161881357f9e2118fd82cf856113837338e18500e625dc1a939,e1e865899cef91a73d1fda98b2db1e68b5a06f6dd8421bd55472f700d1f81729,stage7e_v1_2_request_261176e1f05ab63228f34c58,PASS,261176e1f05ab63228f34c586bf203e4834faf70050df41b9bd811f06fbab3a9,b4a2c5ce8122e161881357f9e2118fd82cf856113837338e18500e625dc1a939,e1e865899cef91a73d1fda98b2db1e68b5a06f6dd8421bd55472f700d1f81729,stage7_main_task_029
A4_FREE_FINAL_REALIZATION,,31595c068e6652de79a5bfd28dec279fc3f68fda65a0d9c36e30077f5c1db51b,b4a2c5ce8122e161881357f9e2118fd82cf856113837338e18500e625dc1a939,4b66d346cfc5a68a5fde7c97e94e6022577010f7ba5ae100514cafcac1849009,stage7e_v1_2_request_31595c068e6652de79a5bfd2,PASS,31595c068e6652de79a5bfd28dec279fc3f68fda65a0d9c36e30077f5c1db51b,b4a2c5ce8122e161881357f9e2118fd82cf856113837338e18500e625dc1a939,4b66d346cfc5a68a5fde7c97e94e6022577010f7ba5ae100514cafcac1849009,stage7_main_task_043
A4_FREE_FINAL_REALIZATION,,34c1f03f5bd6c1988b172c3f83284652e07b9b5e09e79e4a076c2be2e93c9dd7,b4a2c5ce8122e161881357f9e2118fd82cf856113837338e18500e625dc1a939,4f1771a01c7f013ca2bb96c59d744b23f3680e366ad2d78e8df5e13cdaf87bd1,stage7e_v1_2_request_34c1f03f5bd6c1988b172c3f,PASS,34c1f03f5bd6c1988b172c3f83284652e07b9b5e09e79e4a076c2be2e93c9dd7,b4a2c5ce8122e161881357f9e2118fd82cf856113837338e18500e625dc1a939,4f1771a01c7f013ca2bb96c59d744b23f3680e366ad2d78e8df5e13cdaf87bd1,stage7_main_task_046
A4_FREE_FINAL_REALIZATION,,37d70aef7a254d251389bfae9f402664ca6962e2ff594ba875a59c806b6818df,b4a2c5ce8122e161881357f9e2118fd82cf856113837338e18500e625dc1a939,a7a629e97e0006aeb41279f3510b47d5e763ad425d98cd338aa8c0a6b52c0db0,stage7e_v1_2_request_37d70aef7a254d251389bfae,PASS,37d70aef7a254d251389bfae9f402664ca6962e2ff594ba875a59c806b6818df,b4a2c5ce8122e161881357f9e2118fd82cf856113837338e18500e625dc1a939,a7a629e97e0006aeb41279f3510b47d5e763ad425d98cd338aa8c0a6b52c0db0,stage7_main_task_038
A4_FREE_FINAL_REALIZATION,,3ea0f5500cf4957401cbeec452faa8e16c32a29b868f533e9ec13282ff0f7bdb,b4a2c5ce8122e161881357f9e2118fd82cf856113837338e18500e625dc1a939,ca95300a84483a86de2c01405e2e933d9b4be81072a1f528c0567df10b598ee6,stage7e_v1_2_request_3ea0f5500cf4957401cbeec4,PASS,3ea0f5500cf4957401cbeec452faa8e16c32a29b868f533e9ec13282ff0f7bdb,b4a2c5ce8122e161881357f9e2118fd82cf856113837338e18500e625dc1a939,ca95300a84483a86de2c01405e2e933d9b4be81072a1f528c0567df10b598ee6,stage7_main_task_037
A4_FREE_FINAL_REALIZATION,,42d0a8be00445efe1fec3a6aafecbbf50d20e77dfe53357fac5f7df99c1550cc,b4a2c5ce8122e161881357f9e2118fd82cf856113837338e18500e625dc1a939,df186719cd838a7f09fe36c2b149829826ebeff6ff5520f45dbebe0d9dd2c336,stage7e_v1_2_request_42d0a8be00445efe1fec3a6a,PASS,42d0a8be00445efe1fec3a6aafecbbf50d20e77dfe53357fac5f7df99c1550cc,b4a2c5ce8122e161881357f9e2118fd82cf856113837338e18500e625dc1a939,df186719cd838a7f09fe36c2b149829826ebeff6ff5520f45dbebe0d9dd2c336,stage7_main_task_015
A4_FREE_FINAL_REALIZATION,,48e4ec452417e907fa110659fa1af9a306de7132d8688bcd7e25b746683f5e89,b4a2c5ce8122e161881357f9e2118fd82cf856113837338e18500e625dc1a939,ad92779dacd77655020a938a0677abe4d7a5ce917988753cd027d667ffd3c461,stage7e_v1_2_request_48e4ec452417e907fa110659,PASS,48e4ec452417e907fa110659fa1af9a306de7132d8688bcd7e25b746683f5e89,b4a2c5ce8122e161881357f9e2118fd82cf856113837338e18500e625dc1a939,ad92779dacd77655020a938a0677abe4d7a5ce917988753cd027d667ffd3c461,stage7_main_task_035
A4_FREE_FINAL_REALIZATION,,4b393710a1864b2cf27ea4bd56686a95ed0dafc5aad8e01db0dc0722d92f8f05,b4a2c5ce8122e161881357f9e2118fd82cf856113837338e18500e625dc1a939,347b7c9cf6332955ac734679d255ae823bdadcec9ca42aebb4acf2bdc587d0da,stage7e_v1_2_request_4b393710a1864b2cf27ea4bd,PASS,4b393710a1864b2cf27ea4bd56686a95ed0dafc5aad8e01db0dc0722d92f8f05,b4a2c5ce8122e161881357f9e2118fd82cf856113837338e18500e625dc1a939,347b7c9cf6332955ac734679d255ae823bdadcec9ca42aebb4acf2bdc587d0da,stage7_main_task_041
A4_FREE_FINAL_REALIZATION,,4efca5180359b8d595144766047bde9370b15060f34d5a990b4e051568009f4b,b4a2c5ce8122e161881357f9e2118fd82cf856113837338e18500e625dc1a939,16dd29c8ba77c7160b87374153a3c1c18b545bba170b464ba939b9dfb413479a,stage7e_v1_2_request_4efca5180359b8d595144766,PASS,4efca5180359b8d595144766047bde9370b15060f34d5a990b4e051568009f4b,b4a2c5ce8122e161881357f9e2118fd82cf856113837338e18500e625dc1a939,16dd29c8ba77c7160b87374153a3c1c18b545bba170b464ba939b9dfb413479a,stage7_main_task_042
A4_FREE_FINAL_REALIZATION,,4f8882e352813d47ae6862315194c6d8a35c913c1580dbbe946b2c7abee967e3,b4a2c5ce8122e161881357f9e2118fd82cf856113837338e18500e625dc1a939,a6529268d8e414559ce05988eef45c7477d5bc4bf429d134ac0f592ce75caba8,stage7e_v1_2_request_4f8882e352813d47ae686231,PASS,4f8882e352813d47ae6862315194c6d8a35c913c1580dbbe946b2c7abee967e3,b4a2c5ce8122e161881357f9e2118fd82cf856113837338e18500e625dc1a939,a6529268d8e414559ce05988eef45c7477d5bc4bf429d134ac0f592ce75caba8,stage7_main_task_023
A4_FREE_FINAL_REALIZATION,,64240c33215ecc5a8cea2a6407a269a18f3514f4517a17f6156014b9da334121,b4a2c5ce8122e161881357f9e2118fd82cf856113837338e18500e625dc1a939,f72a8ecf81a9fa4cbd3ee6454d9395e66e2e02e50c62a7f1b5b891944e8877c3,stage7e_v1_2_request_64240c33215ecc5a8cea2a64,PASS,64240c33215ecc5a8cea2a6407a269a18f3514f4517a17f6156014b9da334121,b4a2c5ce8122e161881357f9e2118fd82cf856113837338e18500e625dc1a939,f72a8ecf81a9fa4cbd3ee6454d9395e66e2e02e50c62a7f1b5b891944e8877c3,stage7_main_task_021
A4_FREE_FINAL_REALIZATION,,6750e48f3b7360a4f72f8431cf646b67664c4881a2689b07261d64123f02ad0a,b4a2c5ce8122e161881357f9e2118fd82cf856113837338e18500e625dc1a939,c796fb494ad4f67f4463f36193c7e26f698bea258ee8dd60401056aaa5bc2b96,stage7e_v1_2_request_6750e48f3b7360a4f72f8431,PASS,6750e48f3b7360a4f72f8431cf646b67664c4881a2689b07261d64123f02ad0a,b4a2c5ce8122e161881357f9e2118fd82cf856113837338e18500e625dc1a939,c796fb494ad4f67f4463f36193c7e26f698bea258ee8dd60401056aaa5bc2b96,stage7_main_task_011
A4_FREE_FINAL_REALIZATION,,685010e36ede803c481331f6e96d79f3c8b4140b567189d5fc52beee8f796212,b4a2c5ce8122e161881357f9e2118fd82cf856113837338e18500e625dc1a939,a31aeabf0a327a6972dfcb7c27d14d610bf947793e4ac0981e716a6438a1261f,stage7e_v1_2_request_685010e36ede803c481331f6,PASS,685010e36ede803c481331f6e96d79f3c8b4140b567189d5fc52beee8f796212,b4a2c5ce8122e161881357f9e2118fd82cf856113837338e18500e625dc1a939,a31aeabf0a327a6972dfcb7c27d14d610bf947793e4ac0981e716a6438a1261f,stage7_main_task_012
A4_FREE_FINAL_REALIZATION,,68bd73d3df825fd74a7ecc2044e0d83607c89350c0ca5170b1120fc7af503fa6,b4a2c5ce8122e161881357f9e2118fd82cf856113837338e18500e625dc1a939,fff6a3be4a31c5afe618ba9ce3ccdf16dbfcfd57ee7bf01c3a08feb5766b4b58,stage7e_v1_2_request_68bd73d3df825fd74a7ecc20,PASS,68bd73d3df825fd74a7ecc2044e0d83607c89350c0ca5170b1120fc7af503fa6,b4a2c5ce8122e161881357f9e2118fd82cf856113837338e18500e625dc1a939,fff6a3be4a31c5afe618ba9ce3ccdf16dbfcfd57ee7bf01c3a08feb5766b4b58,stage7_main_task_039
A4_FREE_FINAL_REALIZATION,,69863eca62c98ae240053192d86b018a7333bb73fe3365adec5713fae07c991e,b4a2c5ce8122e161881357f9e2118fd82cf856113837338e18500e625dc1a939,bbaa46e1a1d65adb988d64d86dd19e8ccdc906bfa8cf69b2728855ac2f2ed6c9,stage7e_v1_2_request_69863eca62c98ae240053192,PASS,69863eca62c98ae240053192d86b018a7333bb73fe3365adec5713fae07c991e,b4a2c5ce8122e161881357f9e2118fd82cf856113837338e18500e625dc1a939,bbaa46e1a1d65adb988d64d86dd19e8ccdc906bfa8cf69b2728855ac2f2ed6c9,stage7_main_task_047
A4_FREE_FINAL_REALIZATION,,6b4c037044ae204933865d08b4f4d235c63cad73481e78df2139aaf54af876f3,b4a2c5ce8122e161881357f9e2118fd82cf856113837338e18500e625dc1a939,083f06e9115c213fac71091e3c558cf809cdef29e57671d0243fb25e2971f3c8,stage7e_v1_2_request_6b4c037044ae204933865d08,PASS,6b4c037044ae204933865d08b4f4d235c63cad73481e78df2139aaf54af876f3,b4a2c5ce8122e161881357f9e2118fd82cf856113837338e18500e625dc1a939,083f06e9115c213fac71091e3c558cf809cdef29e57671d0243fb25e2971f3c8,stage7_main_task_016
A4_FREE_FINAL_REALIZATION,,74dc77bf382386366a8ec537137b5cc2f4f55c0229e5807b639b0a55c29d6544,b4a2c5ce8122e161881357f9e2118fd82cf856113837338e18500e625dc1a939,69883497139f22e220010e98903a15ff2fd0fd8f5c4dc6b10bc2d7acd746a03a,stage7e_v1_2_request_74dc77bf382386366a8ec537,PASS,74dc77bf382386366a8ec537137b5cc2f4f55c0229e5807b639b0a55c29d6544,b4a2c5ce8122e161881357f9e2118fd82cf856113837338e18500e625dc1a939,69883497139f22e220010e98903a15ff2fd0fd8f5c4dc6b10bc2d7acd746a03a,stage7_main_task_002
A4_FREE_FINAL_REALIZATION,,7d9df47f48b788098ffbfe0d855b02debf4ca8ea44a96f3ffcb13569f9ae6a7b,b4a2c5ce8122e161881357f9e2118fd82cf856113837338e18500e625dc1a939,e3ac8d37ece7178b4c60b84da02aa6d1247218a3a837a93954760dbee3cdc7f9,stage7e_v1_2_request_7d9df47f48b788098ffbfe0d,PASS,7d9df47f48b788098ffbfe0d855b02debf4ca8ea44a96f3ffcb13569f9ae6a7b,b4a2c5ce8122e161881357f9e2118fd82cf856113837338e18500e625dc1a939,e3ac8d37ece7178b4c60b84da02aa6d1247218a3a837a93954760dbee3cdc7f9,stage7_main_task_032
A4_FREE_FINAL_REALIZATION,,84239df1af6498304e4d2f5a8bdc02ba1373916b59e55f98cad957e3b8c1a025,b4a2c5ce8122e161881357f9e2118fd82cf856113837338e18500e625dc1a939,39b351b36617420581cf496f553446e19b11bc29ec86efa765d92c1f9791c683,stage7e_v1_2_request_84239df1af6498304e4d2f5a,PASS,84239df1af6498304e4d2f5a8bdc02ba1373916b59e55f98cad957e3b8c1a025,b4a2c5ce8122e161881357f9e2118fd82cf856113837338e18500e625dc1a939,39b351b36617420581cf496f553446e19b11bc29ec86efa765d92c1f9791c683,stage7_main_task_033
A4_FREE_FINAL_REALIZATION,,84cc32b41a6d88ec170af245de30b6764f220ce14777b11fc8e7c635f5207ce6,b4a2c5ce8122e161881357f9e2118fd82cf856113837338e18500e625dc1a939,55b0490a1fa852b4d8d9acf8cf8bd353c3086ce385c8555380df0b1964490358,stage7e_v1_2_request_84cc32b41a6d88ec170af245,PASS,84cc32b41a6d88ec170af245de30b6764f220ce14777b11fc8e7c635f5207ce6,b4a2c5ce8122e161881357f9e2118fd82cf856113837338e18500e625dc1a939,55b0490a1fa852b4d8d9acf8cf8bd353c3086ce385c8555380df0b1964490358,stage7_main_task_005
A4_FREE_FINAL_REALIZATION,,a10da078962180c141a3aefc7037dcc93166ca63803413a852aa257449277005,b4a2c5ce8122e161881357f9e2118fd82cf856113837338e18500e625dc1a939,e4b3ae751225ed68564be47a70989a5cc12d84ad2ed7d41545c86ea6ba73b622,stage7e_v1_2_request_a10da078962180c141a3aefc,PASS,a10da078962180c141a3aefc7037dcc93166ca63803413a852aa257449277005,b4a2c5ce8122e161881357f9e2118fd82cf856113837338e18500e625dc1a939,e4b3ae751225ed68564be47a70989a5cc12d84ad2ed7d41545c86ea6ba73b622,stage7_main_task_009
A4_FREE_FINAL_REALIZATION,,a22746a5fb3ac344d6093455cd0a19053e3cf49ef317a486c724bb0e591f779a,b4a2c5ce8122e161881357f9e2118fd82cf856113837338e18500e625dc1a939,88b97121de4aa04f731d2a4d14da2a7bc35a9779c12e8280f3efbc4d6fcbaafa,stage7e_v1_2_request_a22746a5fb3ac344d6093455,PASS,a22746a5fb3ac344d6093455cd0a19053e3cf49ef317a486c724bb0e591f779a,b4a2c5ce8122e161881357f9e2118fd82cf856113837338e18500e625dc1a939,88b97121de4aa04f731d2a4d14da2a7bc35a9779c12e8280f3efbc4d6fcbaafa,stage7_main_task_003
A4_FREE_FINAL_REALIZATION,,a27376519ae1d5eafd179a4ef774eef6204f788a1c82fb521c55c57a30e83eed,b4a2c5ce8122e161881357f9e2118fd82cf856113837338e18500e625dc1a939,5f967a56b43cb57f51378cffa8155131687b468424b7cb9738d58735460f07ca,stage7e_v1_2_request_a27376519ae1d5eafd179a4e,PASS,a27376519ae1d5eafd179a4ef774eef6204f788a1c82fb521c55c57a30e83eed,b4a2c5ce8122e161881357f9e2118fd82cf856113837338e18500e625dc1a939,5f967a56b43cb57f51378cffa8155131687b468424b7cb9738d58735460f07ca,stage7_main_task_004
A4_FREE_FINAL_REALIZATION,,aa4c8adc284f40360172c2466cef71176cc2fe03b3878918a29d89dcd3ce72a8,b4a2c5ce8122e161881357f9e2118fd82cf856113837338e18500e625dc1a939,76f00cdbe284536f2a58e9295883f1574addd89202e37e16ae4278866204e80b,stage7e_v1_2_request_aa4c8adc284f40360172c246,PASS,aa4c8adc284f40360172c2466cef71176cc2fe03b3878918a29d89dcd3ce72a8,b4a2c5ce8122e161881357f9e2118fd82cf856113837338e18500e625dc1a939,76f00cdbe284536f2a58e9295883f1574addd89202e37e16ae4278866204e80b,stage7_main_task_010
A4_FREE_FINAL_REALIZATION,,ac3ed9808b09aabef0d75ee9ea6904c1a2348863ed0e293113989588ccb994fd,b4a2c5ce8122e161881357f9e2118fd82cf856113837338e18500e625dc1a939,14088dd5bc2e232a6f40ad063f210fb3aa2126da81a9802ad627f30ab352aa04,stage7e_v1_2_request_ac3ed9808b09aabef0d75ee9,PASS,ac3ed9808b09aabef0d75ee9ea6904c1a2348863ed0e293113989588ccb994fd,b4a2c5ce8122e161881357f9e2118fd82cf856113837338e18500e625dc1a939,14088dd5bc2e232a6f40ad063f210fb3aa2126da81a9802ad627f30ab352aa04,stage7_main_task_034
A4_FREE_FINAL_REALIZATION,,ad4cb7e491512a7a12792d14f305cf69683f1a6f1560feb049db41e1a21f9c20,b4a2c5ce8122e161881357f9e2118fd82cf856113837338e18500e625dc1a939,d553921a4dab99b5d0dba51d3754a63af65ce46f670201d8ac868d7366d3e2d9,stage7e_v1_2_request_ad4cb7e491512a7a12792d14,PASS,ad4cb7e491512a7a12792d14f305cf69683f1a6f1560feb049db41e1a21f9c20,b4a2c5ce8122e161881357f9e2118fd82cf856113837338e18500e625dc1a939,d553921a4dab99b5d0dba51d3754a63af65ce46f670201d8ac868d7366d3e2d9,stage7_main_task_028
A4_FREE_FINAL_REALIZATION,,af6eac12864806e5b232989a33a39a900d6a8002282035295f0c41b75101a97b,b4a2c5ce8122e161881357f9e2118fd82cf856113837338e18500e625dc1a939,fa58b5d199aaa2c0b2d4675c77fb199075235730bc42c0f3836968ec2da08779,stage7e_v1_2_request_af6eac12864806e5b232989a,PASS,af6eac12864806e5b232989a33a39a900d6a8002282035295f0c41b75101a97b,b4a2c5ce8122e161881357f9e2118fd82cf856113837338e18500e625dc1a939,fa58b5d199aaa2c0b2d4675c77fb199075235730bc42c0f3836968ec2da08779,stage7_main_task_036
A4_FREE_FINAL_REALIZATION,,b203a12f964d09c5b4d5407a2228da1db96aaab1d0054b9032e422091015e3db,b4a2c5ce8122e161881357f9e2118fd82cf856113837338e18500e625dc1a939,f5ade683e0bbc0524f415e0e67dbb061ff34ef2442346cd7efbaa5bb1be98146,stage7e_v1_2_request_b203a12f964d09c5b4d5407a,PASS,b203a12f964d09c5b4d5407a2228da1db96aaab1d0054b9032e422091015e3db,b4a2c5ce8122e161881357f9e2118fd82cf856113837338e18500e625dc1a939,f5ade683e0bbc0524f415e0e67dbb061ff34ef2442346cd7efbaa5bb1be98146,stage7_main_task_022
A4_FREE_FINAL_REALIZATION,,b43c239d4576d0dbb19354ddac9d04924bc86914f519f7c5201d6547843cf3ca,b4a2c5ce8122e161881357f9e2118fd82cf856113837338e18500e625dc1a939,f2a34ec98fee0966267eeb1ab22d205a3001e4a96f390088835f9d0f51e712f2,stage7e_v1_2_request_b43c239d4576d0dbb19354dd,PASS,b43c239d4576d0dbb19354ddac9d04924bc86914f519f7c5201d6547843cf3ca,b4a2c5ce8122e161881357f9e2118fd82cf856113837338e18500e625dc1a939,f2a34ec98fee0966267eeb1ab22d205a3001e4a96f390088835f9d0f51e712f2,stage7_main_task_020
A4_FREE_FINAL_REALIZATION,,b542e3f33c282fba427da7b4bd7a9fa7cd34c6f9c99e0b6cab5a2d481af7b06a,b4a2c5ce8122e161881357f9e2118fd82cf856113837338e18500e625dc1a939,44ef756271fef40c309dd40ba4a4aef017bfc4b4ef2ba6dbcadfad8e0a6d3e04,stage7e_v1_2_request_b542e3f33c282fba427da7b4,PASS,b542e3f33c282fba427da7b4bd7a9fa7cd34c6f9c99e0b6cab5a2d481af7b06a,b4a2c5ce8122e161881357f9e2118fd82cf856113837338e18500e625dc1a939,44ef756271fef40c309dd40ba4a4aef017bfc4b4ef2ba6dbcadfad8e0a6d3e04,stage7_main_task_024
A4_FREE_FINAL_REALIZATION,,c11f9119ae16090d8bdfc01cd028f9245c89e94652a717b94ee1fd05c05233f2,b4a2c5ce8122e161881357f9e2118fd82cf856113837338e18500e625dc1a939,9b2e6d7a1c9f47f7c2baf35cede292fe028a8766c260de5f61ee4926d21392a1,stage7e_v1_2_request_c11f9119ae16090d8bdfc01c,PASS,c11f9119ae16090d8bdfc01cd028f9245c89e94652a717b94ee1fd05c05233f2,b4a2c5ce8122e161881357f9e2118fd82cf856113837338e18500e625dc1a939,9b2e6d7a1c9f47f7c2baf35cede292fe028a8766c260de5f61ee4926d21392a1,stage7_main_task_019
A4_FREE_FINAL_REALIZATION,,c4cf438fa1c3d36baa12a70ebc2fc1215901c117ecbf44b423b76ef10d62b73f,b4a2c5ce8122e161881357f9e2118fd82cf856113837338e18500e625dc1a939,824366a2318e6b2f6970a7dbc0c937adccb060121293c837b34028073ad532a1,stage7e_v1_2_request_c4cf438fa1c3d36baa12a70e,PASS,c4cf438fa1c3d36baa12a70ebc2fc1215901c117ecbf44b423b76ef10d62b73f,b4a2c5ce8122e161881357f9e2118fd82cf856113837338e18500e625dc1a939,824366a2318e6b2f6970a7dbc0c937adccb060121293c837b34028073ad532a1,stage7_main_task_045
A4_FREE_FINAL_REALIZATION,,ca55f0558d477ef578e70d71a831b3b6bea287aee865eb93d8c4491e5dd8a95a,b4a2c5ce8122e161881357f9e2118fd82cf856113837338e18500e625dc1a939,f68441b0d70d7e74aa5f7018f1499cbea1382ccbb996195645fe7869b231eb68,stage7e_v1_2_request_ca55f0558d477ef578e70d71,PASS,ca55f0558d477ef578e70d71a831b3b6bea287aee865eb93d8c4491e5dd8a95a,b4a2c5ce8122e161881357f9e2118fd82cf856113837338e18500e625dc1a939,f68441b0d70d7e74aa5f7018f1499cbea1382ccbb996195645fe7869b231eb68,stage7_main_task_000
A4_FREE_FINAL_REALIZATION,,d77afbc53a2f7308311428debba6567b82847dd4d9079764d328e31a231959ed,b4a2c5ce8122e161881357f9e2118fd82cf856113837338e18500e625dc1a939,f22e360b295e1d0242f87f68e4f36326608116ae21d7b577e1ba71f358276e43,stage7e_v1_2_request_d77afbc53a2f7308311428de,PASS,d77afbc53a2f7308311428debba6567b82847dd4d9079764d328e31a231959ed,b4a2c5ce8122e161881357f9e2118fd82cf856113837338e18500e625dc1a939,f22e360b295e1d0242f87f68e4f36326608116ae21d7b577e1ba71f358276e43,stage7_main_task_025
A4_FREE_FINAL_REALIZATION,,d9714a9586bf892d45f96a1bb5a3831c62554f434ae278cc0395ae6cec92883c,b4a2c5ce8122e161881357f9e2118fd82cf856113837338e18500e625dc1a939,e858b7799e8f3aa7a17cc35b0d67e53b39eb0d63df4abc3cffbcd2e23357ab3d,stage7e_v1_2_request_d9714a9586bf892d45f96a1b,PASS,d9714a9586bf892d45f96a1bb5a3831c62554f434ae278cc0395ae6cec92883c,b4a2c5ce8122e161881357f9e2118fd82cf856113837338e18500e625dc1a939,e858b7799e8f3aa7a17cc35b0d67e53b39eb0d63df4abc3cffbcd2e23357ab3d,stage7_main_task_013
A4_FREE_FINAL_REALIZATION,,e06c69295b2b6099dc1d9ac98bcc4704bd3abbefcf1802b66a74139d3cf15331,b4a2c5ce8122e161881357f9e2118fd82cf856113837338e18500e625dc1a939,0625e155cc3e7b8d818f5f06719c7a0998a633570cb7ffa6d9f8cdaf4171bf68,stage7e_v1_2_request_e06c69295b2b6099dc1d9ac9,PASS,e06c69295b2b6099dc1d9ac98bcc4704bd3abbefcf1802b66a74139d3cf15331,b4a2c5ce8122e161881357f9e2118fd82cf856113837338e18500e625dc1a939,0625e155cc3e7b8d818f5f06719c7a0998a633570cb7ffa6d9f8cdaf4171bf68,stage7_main_task_044
A4_FREE_FINAL_REALIZATION,,eda8df55ae599d023da3378165df1cf3c38d6766c479d2466b08db8dfcaaca6d,b4a2c5ce8122e161881357f9e2118fd82cf856113837338e18500e625dc1a939,0b1f35a2a885248018612f718d3b0406fa23208c19ed1579605248f336913b86,stage7e_v1_2_request_eda8df55ae599d023da33781,PASS,eda8df55ae599d023da3378165df1cf3c38d6766c479d2466b08db8dfcaaca6d,b4a2c5ce8122e161881357f9e2118fd82cf856113837338e18500e625dc1a939,0b1f35a2a885248018612f718d3b0406fa23208c19ed1579605248f336913b86,stage7_main_task_017
A4_FREE_FINAL_REALIZATION,,ef6771a6cd38027be53ebe769a2a9e7b4a6f459819c544928d3f917522401625,b4a2c5ce8122e161881357f9e2118fd82cf856113837338e18500e625dc1a939,dd99f2aa9a857ff4c76e970d4ac4f639c703d05ec8e86ec65ddc49d3e42aebf2,stage7e_v1_2_request_ef6771a6cd38027be53ebe76,PASS,ef6771a6cd38027be53ebe769a2a9e7b4a6f459819c544928d3f917522401625,b4a2c5ce8122e161881357f9e2118fd82cf856113837338e18500e625dc1a939,dd99f2aa9a857ff4c76e970d4ac4f639c703d05ec8e86ec65ddc49d3e42aebf2,stage7_main_task_027
A4_FREE_FINAL_REALIZATION,,f4443cc492d9538bf6435aa4f93d4d605f415c87cfae645ec8cb2137c80c1113,b4a2c5ce8122e161881357f9e2118fd82cf856113837338e18500e625dc1a939,74fb4ccbec8adf43dd861d27d04d139ea11fa0988d7ac2a8b4848323b93318f3,stage7e_v1_2_request_f4443cc492d9538bf6435aa4,PASS,f4443cc492d9538bf6435aa4f93d4d605f415c87cfae645ec8cb2137c80c1113,b4a2c5ce8122e161881357f9e2118fd82cf856113837338e18500e625dc1a939,74fb4ccbec8adf43dd861d27d04d139ea11fa0988d7ac2a8b4848323b93318f3,stage7_main_task_030
A4_FREE_FINAL_REALIZATION,,f480ebcc3f118ec56ceff148e26d21b55cea3d640010a1d7c52aea210d8c9045,b4a2c5ce8122e161881357f9e2118fd82cf856113837338e18500e625dc1a939,d0727fa2a7d7619acf44eab11b445ce00aee6c44a2c60affe5ab5d1c3278c5d4,stage7e_v1_2_request_f480ebcc3f118ec56ceff148,PASS,f480ebcc3f118ec56ceff148e26d21b55cea3d640010a1d7c52aea210d8c9045,b4a2c5ce8122e161881357f9e2118fd82cf856113837338e18500e625dc1a939,d0727fa2a7d7619acf44eab11b445ce00aee6c44a2c60affe5ab5d1c3278c5d4,stage7_main_task_031
A4_FREE_FINAL_REALIZATION,,f4c2e7071ffed6499be294ea83bdd074a39fcdba2164aa6f0c6103bed3c4377b,b4a2c5ce8122e161881357f9e2118fd82cf856113837338e18500e625dc1a939,f9c89fd78a009735f0210db2f77f73035509a1113a32c7789be69e154f03d7af,stage7e_v1_2_request_f4c2e7071ffed6499be294ea,PASS,f4c2e7071ffed6499be294ea83bdd074a39fcdba2164aa6f0c6103bed3c4377b,b4a2c5ce8122e161881357f9e2118fd82cf856113837338e18500e625dc1a939,f9c89fd78a009735f0210db2f77f73035509a1113a32c7789be69e154f03d7af,stage7_main_task_026
A4_FREE_FINAL_REALIZATION,,f9671bb7f6a3e26fe918942ee52ffd0129178a2c7e6932e24d0b5583e7f106ef,b4a2c5ce8122e161881357f9e2118fd82cf856113837338e18500e625dc1a939,1f7649eaf29beea316ccc2528b55efa7f2cd6fd2eba34d7931988a7b4902a7c2,stage7e_v1_2_request_f9671bb7f6a3e26fe918942e,PASS,f9671bb7f6a3e26fe918942ee52ffd0129178a2c7e6932e24d0b5583e7f106ef,b4a2c5ce8122e161881357f9e2118fd82cf856113837338e18500e625dc1a939,1f7649eaf29beea316ccc2528b55efa7f2cd6fd2eba34d7931988a7b4902a7c2,stage7_main_task_018
A4_FREE_FINAL_REALIZATION,,fcad5c388d870ed63ac4a6d8cdc781b07e5cec995b835356c31f358597657ff5,b4a2c5ce8122e161881357f9e2118fd82cf856113837338e18500e625dc1a939,636459f4ebce0320a0608c232867f6f1d6557ecece960d350af4ca3a967820d7,stage7e_v1_2_request_fcad5c388d870ed63ac4a6d8,PASS,fcad5c388d870ed63ac4a6d8cdc781b07e5cec995b835356c31f358597657ff5,b4a2c5ce8122e161881357f9e2118fd82cf856113837338e18500e625dc1a939,636459f4ebce0320a0608c232867f6f1d6557ecece960d350af4ca3a967820d7,stage7_main_task_007
