abstention_reason_changed,business_claim_value_changed,cell_id,claim_logical_key,claim_type,decision_changed,opportunity_added,opportunity_removed,post_abstain_reason,post_decision,post_support_ids,post_value,pre_abstain_reason,pre_decision,pre_support_ids,pre_value,revision_event_id,state_role,support_semantics_changed,transition_class,valid_date,wrapper_identity_only_support_change
false,false,cell_bf64fbf6243db5ccc68f8d6e,"{""attribute_name"":""anomaly_level"",""base_stage3a_state_version_id"":""state_version_bd8351d6c8d81fd1641244d7"",""cell_id"":""cell_bf64fbf6243db5ccc68f8d6e"",""claim_type"":""FORECAST_GEOLOGICAL_CONDITION"",""source_evidence_id"":""doc_1bccaf9b3397c0d25601b19d_e0002"",""source_kind"":""GEOLOGICAL_EVIDENCE"",""state_role"":""FORWARD_ATTENTION_CELL"",""valid_date"":""2023-11-28""}",FORECAST_GEOLOGICAL_CONDITION,true,true,false,UNKNOWN_SOURCE_VALUE,ABSTAIN,,"{""attribute_name"":""anomaly_level"",""normalized_value"":""NONE"",""source_evidence_id"":""doc_1bccaf9b3397c0d25601b19d_e0002""}",,,,null,knowledge_revision_event_0107dcf53392c843140a9758,FORWARD_ATTENTION_CELL,false,OPPORTUNITY_ADDED,2023-11-28,false
false,false,cell_bf64fbf6243db5ccc68f8d6e,"{""attribute_name"":""geological_conclusion"",""base_stage3a_state_version_id"":""state_version_bd8351d6c8d81fd1641244d7"",""cell_id"":""cell_bf64fbf6243db5ccc68f8d6e"",""claim_type"":""FORECAST_GEOLOGICAL_CONDITION"",""source_evidence_id"":""doc_1bccaf9b3397c0d25601b19d_e0002"",""source_kind"":""GEOLOGICAL_EVIDENCE"",""state_role"":""FORWARD_ATTENTION_CELL"",""valid_date"":""2023-11-28""}",FORECAST_GEOLOGICAL_CONDITION,true,true,false,,EXPRESSIBLE,doc_1bccaf9b3397c0d25601b19d_e0002,"{""attribute_name"":""geological_conclusion"",""normalized_value"":""该段围岩与当前掌子面相当。岩 性为板岩夹变质砂岩，围岩整体 弱风化，岩质硬，节理裂隙发育， 岩体破碎。"",""source_evidence_id"":""doc_1bccaf9b3397c0d25601b19d_e0002""}",,,,null,knowledge_revision_event_0107dcf53392c843140a9758,FORWARD_ATTENTION_CELL,false,OPPORTUNITY_ADDED,2023-11-28,false
false,false,cell_bf64fbf6243db5ccc68f8d6e,"{""attribute_name"":""joint_development"",""base_stage3a_state_version_id"":""state_version_bd8351d6c8d81fd1641244d7"",""cell_id"":""cell_bf64fbf6243db5ccc68f8d6e"",""claim_type"":""FORECAST_GEOLOGICAL_CONDITION"",""source_evidence_id"":""doc_1bccaf9b3397c0d25601b19d_e0002"",""source_kind"":""GEOLOGICAL_EVIDENCE"",""state_role"":""FORWARD_ATTENTION_CELL"",""valid_date"":""2023-11-28""}",FORECAST_GEOLOGICAL_CONDITION,true,true,false,,EXPRESSIBLE,doc_1bccaf9b3397c0d25601b19d_e0002,"{""attribute_name"":""joint_development"",""normalized_value"":""节理裂隙发育"",""source_evidence_id"":""doc_1bccaf9b3397c0d25601b19d_e0002""}",,,,null,knowledge_revision_event_0107dcf53392c843140a9758,FORWARD_ATTENTION_CELL,false,OPPORTUNITY_ADDED,2023-11-28,false
false,false,cell_bf64fbf6243db5ccc68f8d6e,"{""attribute_name"":""lithology"",""base_stage3a_state_version_id"":""state_version_bd8351d6c8d81fd1641244d7"",""cell_id"":""cell_bf64fbf6243db5ccc68f8d6e"",""claim_type"":""FORECAST_GEOLOGICAL_CONDITION"",""source_evidence_id"":""doc_1bccaf9b3397c0d25601b19d_e0002"",""source_kind"":""GEOLOGICAL_EVIDENCE"",""state_role"":""FORWARD_ATTENTION_CELL"",""valid_date"":""2023-11-28""}",FORECAST_GEOLOGICAL_CONDITION,true,true,false,,EXPRESSIBLE,doc_1bccaf9b3397c0d25601b19d_e0002,"{""attribute_name"":""lithology"",""normalized_value"":""板岩夹变质砂岩"",""source_evidence_id"":""doc_1bccaf9b3397c0d25601b19d_e0002""}",,,,null,knowledge_revision_event_0107dcf53392c843140a9758,FORWARD_ATTENTION_CELL,false,OPPORTUNITY_ADDED,2023-11-28,false
false,false,cell_bf64fbf6243db5ccc68f8d6e,"{""attribute_name"":""risk_hint"",""base_stage3a_state_version_id"":""state_version_bd8351d6c8d81fd1641244d7"",""cell_id"":""cell_bf64fbf6243db5ccc68f8d6e"",""claim_type"":""FORECAST_GEOLOGICAL_CONDITION"",""source_evidence_id"":""doc_1bccaf9b3397c0d25601b19d_e0002"",""source_kind"":""GEOLOGICAL_EVIDENCE"",""state_role"":""FORWARD_ATTENTION_CELL"",""valid_date"":""2023-11-28""}",FORECAST_GEOLOGICAL_CONDITION,true,true,false,UNKNOWN_SOURCE_VALUE,ABSTAIN,,"{""attribute_name"":""risk_hint"",""normalized_value"":""UNKNOWN"",""source_evidence_id"":""doc_1bccaf9b3397c0d25601b19d_e0002""}",,,,null,knowledge_revision_event_0107dcf53392c843140a9758,FORWARD_ATTENTION_CELL,false,OPPORTUNITY_ADDED,2023-11-28,false
false,false,cell_bf64fbf6243db5ccc68f8d6e,"{""attribute_name"":""rock_mass_state"",""base_stage3a_state_version_id"":""state_version_bd8351d6c8d81fd1641244d7"",""cell_id"":""cell_bf64fbf6243db5ccc68f8d6e"",""claim_type"":""FORECAST_GEOLOGICAL_CONDITION"",""source_evidence_id"":""doc_1bccaf9b3397c0d25601b19d_e0002"",""source_kind"":""GEOLOGICAL_EVIDENCE"",""state_role"":""FORWARD_ATTENTION_CELL"",""valid_date"":""2023-11-28""}",FORECAST_GEOLOGICAL_CONDITION,true,true,false,,EXPRESSIBLE,doc_1bccaf9b3397c0d25601b19d_e0002,"{""attribute_name"":""rock_mass_state"",""normalized_value"":""岩体破碎"",""source_evidence_id"":""doc_1bccaf9b3397c0d25601b19d_e0002""}",,,,null,knowledge_revision_event_0107dcf53392c843140a9758,FORWARD_ATTENTION_CELL,false,OPPORTUNITY_ADDED,2023-11-28,false
false,false,cell_bf64fbf6243db5ccc68f8d6e,"{""attribute_name"":""suggested_grade"",""base_stage3a_state_version_id"":""state_version_bd8351d6c8d81fd1641244d7"",""cell_id"":""cell_bf64fbf6243db5ccc68f8d6e"",""claim_type"":""FORECAST_GEOLOGICAL_CONDITION"",""source_evidence_id"":""doc_1bccaf9b3397c0d25601b19d_e0002"",""source_kind"":""GEOLOGICAL_EVIDENCE"",""state_role"":""FORWARD_ATTENTION_CELL"",""valid_date"":""2023-11-28""}",FORECAST_GEOLOGICAL_CONDITION,true,true,false,,EXPRESSIBLE,doc_1bccaf9b3397c0d25601b19d_e0002,"{""attribute_name"":""suggested_grade"",""normalized_value"":""Ⅳ级"",""source_evidence_id"":""doc_1bccaf9b3397c0d25601b19d_e0002""}",,,,null,knowledge_revision_event_0107dcf53392c843140a9758,FORWARD_ATTENTION_CELL,false,OPPORTUNITY_ADDED,2023-11-28,false
false,false,cell_bf64fbf6243db5ccc68f8d6e,"{""attribute_name"":""weathering"",""base_stage3a_state_version_id"":""state_version_bd8351d6c8d81fd1641244d7"",""cell_id"":""cell_bf64fbf6243db5ccc68f8d6e"",""claim_type"":""FORECAST_GEOLOGICAL_CONDITION"",""source_evidence_id"":""doc_1bccaf9b3397c0d25601b19d_e0002"",""source_kind"":""GEOLOGICAL_EVIDENCE"",""state_role"":""FORWARD_ATTENTION_CELL"",""valid_date"":""2023-11-28""}",FORECAST_GEOLOGICAL_CONDITION,true,true,false,,EXPRESSIBLE,doc_1bccaf9b3397c0d25601b19d_e0002,"{""attribute_name"":""weathering"",""normalized_value"":""弱风化"",""source_evidence_id"":""doc_1bccaf9b3397c0d25601b19d_e0002""}",,,,null,knowledge_revision_event_0107dcf53392c843140a9758,FORWARD_ATTENTION_CELL,false,OPPORTUNITY_ADDED,2023-11-28,false
true,true,cell_bf64fbf6243db5ccc68f8d6e,"{""base_stage3a_state_version_id"":""state_version_bd8351d6c8d81fd1641244d7"",""cell_id"":""cell_bf64fbf6243db5ccc68f8d6e"",""claim_type"":""FORWARD_GEOLOGICAL_ATTENTION"",""metric_name"":""GRS"",""source_kind"":""STATE_GRS"",""state_role"":""FORWARD_ATTENTION_CELL"",""valid_date"":""2023-11-28""}",FORWARD_GEOLOGICAL_ATTENTION,true,false,false,,EXPRESSIBLE,state_grs_be33543f7ef820ee0b01b3c6,"{""is_causal_estimate"":false,""is_hazard_probability"":false,""is_probability"":false,""metric_name"":""GRS"",""metric_semantics"":""FORWARD_GEOLOGICAL_EVIDENCE_ATTENTION_INDEX"",""metric_status"":""AVAILABLE"",""metric_value"":0.5416666666666666}",REQUIRED_EPISTEMIC_STATUS_MISSING,ABSTAIN,,null,knowledge_revision_event_0107dcf53392c843140a9758,FORWARD_ATTENTION_CELL,true,ABSTAIN_TO_EXPRESSIBLE,2023-11-28,false
false,false,cell_bf64fbf6243db5ccc68f8d6e,"{""base_stage3a_state_version_id"":""state_version_bd8351d6c8d81fd1641244d7"",""cell_id"":""cell_bf64fbf6243db5ccc68f8d6e"",""claim_type"":""OPERATIONAL_RESPONSE_ATTENTION"",""metric_name"":""RAI"",""source_kind"":""STATE_RAI"",""state_role"":""FORWARD_ATTENTION_CELL"",""valid_date"":""2023-11-28""}",OPERATIONAL_RESPONSE_ATTENTION,false,false,false,STATE_ROLE_NOT_ALLOWED,ABSTAIN,,null,STATE_ROLE_NOT_ALLOWED,ABSTAIN,,null,knowledge_revision_event_0107dcf53392c843140a9758,FORWARD_ATTENTION_CELL,false,UNCHANGED_ABSTAIN,2023-11-28,false
false,false,cell_cbe6f12faedc4a536f287879,"{""attribute_name"":""anomaly_level"",""base_stage3a_state_version_id"":""state_version_c4391388ac5801846a589d53"",""cell_id"":""cell_cbe6f12faedc4a536f287879"",""claim_type"":""FORECAST_GEOLOGICAL_CONDITION"",""source_evidence_id"":""doc_1bccaf9b3397c0d25601b19d_e0005"",""source_kind"":""GEOLOGICAL_EVIDENCE"",""state_role"":""FORWARD_ATTENTION_CELL"",""valid_date"":""2023-12-02""}",FORECAST_GEOLOGICAL_CONDITION,false,false,false,,EXPRESSIBLE,doc_1bccaf9b3397c0d25601b19d_e0005,"{""attribute_name"":""anomaly_level"",""normalized_value"":""MODERATE"",""source_evidence_id"":""doc_1bccaf9b3397c0d25601b19d_e0005""}",,EXPRESSIBLE,doc_1bccaf9b3397c0d25601b19d_e0005,"{""attribute_name"":""anomaly_level"",""normalized_value"":""MODERATE"",""source_evidence_id"":""doc_1bccaf9b3397c0d25601b19d_e0005""}",knowledge_revision_event_013f0fb538ad5132504542d9,FORWARD_ATTENTION_CELL,false,UNCHANGED_EXPRESSIBLE,2023-12-02,true
false,false,cell_cbe6f12faedc4a536f287879,"{""attribute_name"":""anomaly_level"",""base_stage3a_state_version_id"":""state_version_c4391388ac5801846a589d53"",""cell_id"":""cell_cbe6f12faedc4a536f287879"",""claim_type"":""FORECAST_GEOLOGICAL_CONDITION"",""source_evidence_id"":""doc_1bccaf9b3397c0d25601b19d_e0006"",""source_kind"":""GEOLOGICAL_EVIDENCE"",""state_role"":""FORWARD_ATTENTION_CELL"",""valid_date"":""2023-12-02""}",FORECAST_GEOLOGICAL_CONDITION,false,false,false,UNKNOWN_SOURCE_VALUE,ABSTAIN,,"{""attribute_name"":""anomaly_level"",""normalized_value"":""NONE"",""source_evidence_id"":""doc_1bccaf9b3397c0d25601b19d_e0006""}",UNKNOWN_SOURCE_VALUE,ABSTAIN,,"{""attribute_name"":""anomaly_level"",""normalized_value"":""NONE"",""source_evidence_id"":""doc_1bccaf9b3397c0d25601b19d_e0006""}",knowledge_revision_event_013f0fb538ad5132504542d9,FORWARD_ATTENTION_CELL,false,UNCHANGED_ABSTAIN,2023-12-02,false
false,false,cell_cbe6f12faedc4a536f287879,"{""attribute_name"":""anomaly_level"",""base_stage3a_state_version_id"":""state_version_c4391388ac5801846a589d53"",""cell_id"":""cell_cbe6f12faedc4a536f287879"",""claim_type"":""FORECAST_GEOLOGICAL_CONDITION"",""source_evidence_id"":""doc_c19c0e4b52882f445108f4a0_e0002"",""source_kind"":""GEOLOGICAL_EVIDENCE"",""state_role"":""FORWARD_ATTENTION_CELL"",""valid_date"":""2023-12-02""}",FORECAST_GEOLOGICAL_CONDITION,true,true,false,UNKNOWN_SOURCE_VALUE,ABSTAIN,,"{""attribute_name"":""anomaly_level"",""normalized_value"":""NONE"",""source_evidence_id"":""doc_c19c0e4b52882f445108f4a0_e0002""}",,,,null,knowledge_revision_event_013f0fb538ad5132504542d9,FORWARD_ATTENTION_CELL,false,OPPORTUNITY_ADDED,2023-12-02,false
false,false,cell_cbe6f12faedc4a536f287879,"{""attribute_name"":""geological_conclusion"",""base_stage3a_state_version_id"":""state_version_c4391388ac5801846a589d53"",""cell_id"":""cell_cbe6f12faedc4a536f287879"",""claim_type"":""FORECAST_GEOLOGICAL_CONDITION"",""source_evidence_id"":""doc_1bccaf9b3397c0d25601b19d_e0005"",""source_kind"":""GEOLOGICAL_EVIDENCE"",""state_role"":""FORWARD_ATTENTION_CELL"",""valid_date"":""2023-12-02""}",FORECAST_GEOLOGICAL_CONDITION,false,false,false,,EXPRESSIBLE,doc_1bccaf9b3397c0d25601b19d_e0005,"{""attribute_name"":""geological_conclusion"",""normalized_value"":""该段围岩较前段稍变差。岩性为 板岩夹变质砂岩，围岩整体弱风 化，岩质软硬不均，节理裂隙发 育，岩体破碎，层间结合差。"",""source_evidence_id"":""doc_1bccaf9b3397c0d25601b19d_e0005""}",,EXPRESSIBLE,doc_1bccaf9b3397c0d25601b19d_e0005,"{""attribute_name"":""geological_conclusion"",""normalized_value"":""该段围岩较前段稍变差。岩性为 板岩夹变质砂岩，围岩整体弱风 化，岩质软硬不均，节理裂隙发 育，岩体破碎，层间结合差。"",""source_evidence_id"":""doc_1bccaf9b3397c0d25601b19d_e0005""}",knowledge_revision_event_013f0fb538ad5132504542d9,FORWARD_ATTENTION_CELL,false,UNCHANGED_EXPRESSIBLE,2023-12-02,true
false,false,cell_cbe6f12faedc4a536f287879,"{""attribute_name"":""geological_conclusion"",""base_stage3a_state_version_id"":""state_version_c4391388ac5801846a589d53"",""cell_id"":""cell_cbe6f12faedc4a536f287879"",""claim_type"":""FORECAST_GEOLOGICAL_CONDITION"",""source_evidence_id"":""doc_1bccaf9b3397c0d25601b19d_e0006"",""source_kind"":""GEOLOGICAL_EVIDENCE"",""state_role"":""FORWARD_ATTENTION_CELL"",""valid_date"":""2023-12-02""}",FORECAST_GEOLOGICAL_CONDITION,false,false,false,,EXPRESSIBLE,doc_1bccaf9b3397c0d25601b19d_e0006,"{""attribute_name"":""geological_conclusion"",""normalized_value"":""该段围岩较前段稍变好。岩性为 板岩夹变质砂岩，弱风化，岩质 硬，节理裂隙发育，岩体破碎。"",""source_evidence_id"":""doc_1bccaf9b3397c0d25601b19d_e0006""}",,EXPRESSIBLE,doc_1bccaf9b3397c0d25601b19d_e0006,"{""attribute_name"":""geological_conclusion"",""normalized_value"":""该段围岩较前段稍变好。岩性为 板岩夹变质砂岩，弱风化，岩质 硬，节理裂隙发育，岩体破碎。"",""source_evidence_id"":""doc_1bccaf9b3397c0d25601b19d_e0006""}",knowledge_revision_event_013f0fb538ad5132504542d9,FORWARD_ATTENTION_CELL,false,UNCHANGED_EXPRESSIBLE,2023-12-02,true
false,false,cell_cbe6f12faedc4a536f287879,"{""attribute_name"":""geological_conclusion"",""base_stage3a_state_version_id"":""state_version_c4391388ac5801846a589d53"",""cell_id"":""cell_cbe6f12faedc4a536f287879"",""claim_type"":""FORECAST_GEOLOGICAL_CONDITION"",""source_evidence_id"":""doc_c19c0e4b52882f445108f4a0_e0002"",""source_kind"":""GEOLOGICAL_EVIDENCE"",""state_role"":""FORWARD_ATTENTION_CELL"",""valid_date"":""2023-12-02""}",FORECAST_GEOLOGICAL_CONDITION,true,true,false,,EXPRESSIBLE,doc_c19c0e4b52882f445108f4a0_e0002,"{""attribute_name"":""geological_conclusion"",""normalized_value"":""该段围岩与当前掌子面相当。岩 性为板岩夹变质砂岩，围岩整体 弱风化，岩质硬，节理裂隙发育， 岩体破碎。"",""source_evidence_id"":""doc_c19c0e4b52882f445108f4a0_e0002""}",,,,null,knowledge_revision_event_013f0fb538ad5132504542d9,FORWARD_ATTENTION_CELL,false,OPPORTUNITY_ADDED,2023-12-02,false
false,false,cell_cbe6f12faedc4a536f287879,"{""attribute_name"":""joint_development"",""base_stage3a_state_version_id"":""state_version_c4391388ac5801846a589d53"",""cell_id"":""cell_cbe6f12faedc4a536f287879"",""claim_type"":""FORECAST_GEOLOGICAL_CONDITION"",""source_evidence_id"":""doc_1bccaf9b3397c0d25601b19d_e0005"",""source_kind"":""GEOLOGICAL_EVIDENCE"",""state_role"":""FORWARD_ATTENTION_CELL"",""valid_date"":""2023-12-02""}",FORECAST_GEOLOGICAL_CONDITION,false,false,false,,EXPRESSIBLE,doc_1bccaf9b3397c0d25601b19d_e0005,"{""attribute_name"":""joint_development"",""normalized_value"":""节理裂隙发育"",""source_evidence_id"":""doc_1bccaf9b3397c0d25601b19d_e0005""}",,EXPRESSIBLE,doc_1bccaf9b3397c0d25601b19d_e0005,"{""attribute_name"":""joint_development"",""normalized_value"":""节理裂隙发育"",""source_evidence_id"":""doc_1bccaf9b3397c0d25601b19d_e0005""}",knowledge_revision_event_013f0fb538ad5132504542d9,FORWARD_ATTENTION_CELL,false,UNCHANGED_EXPRESSIBLE,2023-12-02,true
false,false,cell_cbe6f12faedc4a536f287879,"{""attribute_name"":""joint_development"",""base_stage3a_state_version_id"":""state_version_c4391388ac5801846a589d53"",""cell_id"":""cell_cbe6f12faedc4a536f287879"",""claim_type"":""FORECAST_GEOLOGICAL_CONDITION"",""source_evidence_id"":""doc_1bccaf9b3397c0d25601b19d_e0006"",""source_kind"":""GEOLOGICAL_EVIDENCE"",""state_role"":""FORWARD_ATTENTION_CELL"",""valid_date"":""2023-12-02""}",FORECAST_GEOLOGICAL_CONDITION,false,false,false,,EXPRESSIBLE,doc_1bccaf9b3397c0d25601b19d_e0006,"{""attribute_name"":""joint_development"",""normalized_value"":""节理裂隙发育"",""source_evidence_id"":""doc_1bccaf9b3397c0d25601b19d_e0006""}",,EXPRESSIBLE,doc_1bccaf9b3397c0d25601b19d_e0006,"{""attribute_name"":""joint_development"",""normalized_value"":""节理裂隙发育"",""source_evidence_id"":""doc_1bccaf9b3397c0d25601b19d_e0006""}",knowledge_revision_event_013f0fb538ad5132504542d9,FORWARD_ATTENTION_CELL,false,UNCHANGED_EXPRESSIBLE,2023-12-02,true
false,false,cell_cbe6f12faedc4a536f287879,"{""attribute_name"":""joint_development"",""base_stage3a_state_version_id"":""state_version_c4391388ac5801846a589d53"",""cell_id"":""cell_cbe6f12faedc4a536f287879"",""claim_type"":""FORECAST_GEOLOGICAL_CONDITION"",""source_evidence_id"":""doc_c19c0e4b52882f445108f4a0_e0002"",""source_kind"":""GEOLOGICAL_EVIDENCE"",""state_role"":""FORWARD_ATTENTION_CELL"",""valid_date"":""2023-12-02""}",FORECAST_GEOLOGICAL_CONDITION,true,true,false,,EXPRESSIBLE,doc_c19c0e4b52882f445108f4a0_e0002,"{""attribute_name"":""joint_development"",""normalized_value"":""节理裂隙发育"",""source_evidence_id"":""doc_c19c0e4b52882f445108f4a0_e0002""}",,,,null,knowledge_revision_event_013f0fb538ad5132504542d9,FORWARD_ATTENTION_CELL,false,OPPORTUNITY_ADDED,2023-12-02,false
false,false,cell_cbe6f12faedc4a536f287879,"{""attribute_name"":""lithology"",""base_stage3a_state_version_id"":""state_version_c4391388ac5801846a589d53"",""cell_id"":""cell_cbe6f12faedc4a536f287879"",""claim_type"":""FORECAST_GEOLOGICAL_CONDITION"",""source_evidence_id"":""doc_1bccaf9b3397c0d25601b19d_e0005"",""source_kind"":""GEOLOGICAL_EVIDENCE"",""state_role"":""FORWARD_ATTENTION_CELL"",""valid_date"":""2023-12-02""}",FORECAST_GEOLOGICAL_CONDITION,false,false,false,,EXPRESSIBLE,doc_1bccaf9b3397c0d25601b19d_e0005,"{""attribute_name"":""lithology"",""normalized_value"":""板岩夹变质砂岩"",""source_evidence_id"":""doc_1bccaf9b3397c0d25601b19d_e0005""}",,EXPRESSIBLE,doc_1bccaf9b3397c0d25601b19d_e0005,"{""attribute_name"":""lithology"",""normalized_value"":""板岩夹变质砂岩"",""source_evidence_id"":""doc_1bccaf9b3397c0d25601b19d_e0005""}",knowledge_revision_event_013f0fb538ad5132504542d9,FORWARD_ATTENTION_CELL,false,UNCHANGED_EXPRESSIBLE,2023-12-02,true
false,false,cell_cbe6f12faedc4a536f287879,"{""attribute_name"":""lithology"",""base_stage3a_state_version_id"":""state_version_c4391388ac5801846a589d53"",""cell_id"":""cell_cbe6f12faedc4a536f287879"",""claim_type"":""FORECAST_GEOLOGICAL_CONDITION"",""source_evidence_id"":""doc_1bccaf9b3397c0d25601b19d_e0006"",""source_kind"":""GEOLOGICAL_EVIDENCE"",""state_role"":""FORWARD_ATTENTION_CELL"",""valid_date"":""2023-12-02""}",FORECAST_GEOLOGICAL_CONDITION,false,false,false,,EXPRESSIBLE,doc_1bccaf9b3397c0d25601b19d_e0006,"{""attribute_name"":""lithology"",""normalized_value"":""板岩夹变质砂岩"",""source_evidence_id"":""doc_1bccaf9b3397c0d25601b19d_e0006""}",,EXPRESSIBLE,doc_1bccaf9b3397c0d25601b19d_e0006,"{""attribute_name"":""lithology"",""normalized_value"":""板岩夹变质砂岩"",""source_evidence_id"":""doc_1bccaf9b3397c0d25601b19d_e0006""}",knowledge_revision_event_013f0fb538ad5132504542d9,FORWARD_ATTENTION_CELL,false,UNCHANGED_EXPRESSIBLE,2023-12-02,true
false,false,cell_cbe6f12faedc4a536f287879,"{""attribute_name"":""lithology"",""base_stage3a_state_version_id"":""state_version_c4391388ac5801846a589d53"",""cell_id"":""cell_cbe6f12faedc4a536f287879"",""claim_type"":""FORECAST_GEOLOGICAL_CONDITION"",""source_evidence_id"":""doc_c19c0e4b52882f445108f4a0_e0002"",""source_kind"":""GEOLOGICAL_EVIDENCE"",""state_role"":""FORWARD_ATTENTION_CELL"",""valid_date"":""2023-12-02""}",FORECAST_GEOLOGICAL_CONDITION,true,true,false,,EXPRESSIBLE,doc_c19c0e4b52882f445108f4a0_e0002,"{""attribute_name"":""lithology"",""normalized_value"":""板岩夹变质砂岩"",""source_evidence_id"":""doc_c19c0e4b52882f445108f4a0_e0002""}",,,,null,knowledge_revision_event_013f0fb538ad5132504542d9,FORWARD_ATTENTION_CELL,false,OPPORTUNITY_ADDED,2023-12-02,false
false,false,cell_cbe6f12faedc4a536f287879,"{""attribute_name"":""risk_hint"",""base_stage3a_state_version_id"":""state_version_c4391388ac5801846a589d53"",""cell_id"":""cell_cbe6f12faedc4a536f287879"",""claim_type"":""FORECAST_GEOLOGICAL_CONDITION"",""source_evidence_id"":""doc_1bccaf9b3397c0d25601b19d_e0005"",""source_kind"":""GEOLOGICAL_EVIDENCE"",""state_role"":""FORWARD_ATTENTION_CELL"",""valid_date"":""2023-12-02""}",FORECAST_GEOLOGICAL_CONDITION,false,false,false,,EXPRESSIBLE,doc_1bccaf9b3397c0d25601b19d_e0005,"{""attribute_name"":""risk_hint"",""normalized_value"":""里程+262 附 近有掉块风 险"",""source_evidence_id"":""doc_1bccaf9b3397c0d25601b19d_e0005""}",,EXPRESSIBLE,doc_1bccaf9b3397c0d25601b19d_e0005,"{""attribute_name"":""risk_hint"",""normalized_value"":""里程+262 附 近有掉块风 险"",""source_evidence_id"":""doc_1bccaf9b3397c0d25601b19d_e0005""}",knowledge_revision_event_013f0fb538ad5132504542d9,FORWARD_ATTENTION_CELL,false,UNCHANGED_EXPRESSIBLE,2023-12-02,true
false,false,cell_cbe6f12faedc4a536f287879,"{""attribute_name"":""risk_hint"",""base_stage3a_state_version_id"":""state_version_c4391388ac5801846a589d53"",""cell_id"":""cell_cbe6f12faedc4a536f287879"",""claim_type"":""FORECAST_GEOLOGICAL_CONDITION"",""source_evidence_id"":""doc_1bccaf9b3397c0d25601b19d_e0006"",""source_kind"":""GEOLOGICAL_EVIDENCE"",""state_role"":""FORWARD_ATTENTION_CELL"",""valid_date"":""2023-12-02""}",FORECAST_GEOLOGICAL_CONDITION,false,false,false,UNKNOWN_SOURCE_VALUE,ABSTAIN,,"{""attribute_name"":""risk_hint"",""normalized_value"":""UNKNOWN"",""source_evidence_id"":""doc_1bccaf9b3397c0d25601b19d_e0006""}",UNKNOWN_SOURCE_VALUE,ABSTAIN,,"{""attribute_name"":""risk_hint"",""normalized_value"":""UNKNOWN"",""source_evidence_id"":""doc_1bccaf9b3397c0d25601b19d_e0006""}",knowledge_revision_event_013f0fb538ad5132504542d9,FORWARD_ATTENTION_CELL,false,UNCHANGED_ABSTAIN,2023-12-02,false
false,false,cell_cbe6f12faedc4a536f287879,"{""attribute_name"":""risk_hint"",""base_stage3a_state_version_id"":""state_version_c4391388ac5801846a589d53"",""cell_id"":""cell_cbe6f12faedc4a536f287879"",""claim_type"":""FORECAST_GEOLOGICAL_CONDITION"",""source_evidence_id"":""doc_c19c0e4b52882f445108f4a0_e0002"",""source_kind"":""GEOLOGICAL_EVIDENCE"",""state_role"":""FORWARD_ATTENTION_CELL"",""valid_date"":""2023-12-02""}",FORECAST_GEOLOGICAL_CONDITION,true,true,false,UNKNOWN_SOURCE_VALUE,ABSTAIN,,"{""attribute_name"":""risk_hint"",""normalized_value"":""UNKNOWN"",""source_evidence_id"":""doc_c19c0e4b52882f445108f4a0_e0002""}",,,,null,knowledge_revision_event_013f0fb538ad5132504542d9,FORWARD_ATTENTION_CELL,false,OPPORTUNITY_ADDED,2023-12-02,false
false,false,cell_cbe6f12faedc4a536f287879,"{""attribute_name"":""rock_mass_state"",""base_stage3a_state_version_id"":""state_version_c4391388ac5801846a589d53"",""cell_id"":""cell_cbe6f12faedc4a536f287879"",""claim_type"":""FORECAST_GEOLOGICAL_CONDITION"",""source_evidence_id"":""doc_1bccaf9b3397c0d25601b19d_e0005"",""source_kind"":""GEOLOGICAL_EVIDENCE"",""state_role"":""FORWARD_ATTENTION_CELL"",""valid_date"":""2023-12-02""}",FORECAST_GEOLOGICAL_CONDITION,false,false,false,,EXPRESSIBLE,doc_1bccaf9b3397c0d25601b19d_e0005,"{""attribute_name"":""rock_mass_state"",""normalized_value"":""岩体破碎"",""source_evidence_id"":""doc_1bccaf9b3397c0d25601b19d_e0005""}",,EXPRESSIBLE,doc_1bccaf9b3397c0d25601b19d_e0005,"{""attribute_name"":""rock_mass_state"",""normalized_value"":""岩体破碎"",""source_evidence_id"":""doc_1bccaf9b3397c0d25601b19d_e0005""}",knowledge_revision_event_013f0fb538ad5132504542d9,FORWARD_ATTENTION_CELL,false,UNCHANGED_EXPRESSIBLE,2023-12-02,true
false,false,cell_cbe6f12faedc4a536f287879,"{""attribute_name"":""rock_mass_state"",""base_stage3a_state_version_id"":""state_version_c4391388ac5801846a589d53"",""cell_id"":""cell_cbe6f12faedc4a536f287879"",""claim_type"":""FORECAST_GEOLOGICAL_CONDITION"",""source_evidence_id"":""doc_1bccaf9b3397c0d25601b19d_e0006"",""source_kind"":""GEOLOGICAL_EVIDENCE"",""state_role"":""FORWARD_ATTENTION_CELL"",""valid_date"":""2023-12-02""}",FORECAST_GEOLOGICAL_CONDITION,false,false,false,,EXPRESSIBLE,doc_1bccaf9b3397c0d25601b19d_e0006,"{""attribute_name"":""rock_mass_state"",""normalized_value"":""岩体破碎"",""source_evidence_id"":""doc_1bccaf9b3397c0d25601b19d_e0006""}",,EXPRESSIBLE,doc_1bccaf9b3397c0d25601b19d_e0006,"{""attribute_name"":""rock_mass_state"",""normalized_value"":""岩体破碎"",""source_evidence_id"":""doc_1bccaf9b3397c0d25601b19d_e0006""}",knowledge_revision_event_013f0fb538ad5132504542d9,FORWARD_ATTENTION_CELL,false,UNCHANGED_EXPRESSIBLE,2023-12-02,true
false,false,cell_cbe6f12faedc4a536f287879,"{""attribute_name"":""rock_mass_state"",""base_stage3a_state_version_id"":""state_version_c4391388ac5801846a589d53"",""cell_id"":""cell_cbe6f12faedc4a536f287879"",""claim_type"":""FORECAST_GEOLOGICAL_CONDITION"",""source_evidence_id"":""doc_c19c0e4b52882f445108f4a0_e0002"",""source_kind"":""GEOLOGICAL_EVIDENCE"",""state_role"":""FORWARD_ATTENTION_CELL"",""valid_date"":""2023-12-02""}",FORECAST_GEOLOGICAL_CONDITION,true,true,false,,EXPRESSIBLE,doc_c19c0e4b52882f445108f4a0_e0002,"{""attribute_name"":""rock_mass_state"",""normalized_value"":""岩体破碎"",""source_evidence_id"":""doc_c19c0e4b52882f445108f4a0_e0002""}",,,,null,knowledge_revision_event_013f0fb538ad5132504542d9,FORWARD_ATTENTION_CELL,false,OPPORTUNITY_ADDED,2023-12-02,false
false,false,cell_cbe6f12faedc4a536f287879,"{""attribute_name"":""suggested_grade"",""base_stage3a_state_version_id"":""state_version_c4391388ac5801846a589d53"",""cell_id"":""cell_cbe6f12faedc4a536f287879"",""claim_type"":""FORECAST_GEOLOGICAL_CONDITION"",""source_evidence_id"":""doc_1bccaf9b3397c0d25601b19d_e0005"",""source_kind"":""GEOLOGICAL_EVIDENCE"",""state_role"":""FORWARD_ATTENTION_CELL"",""valid_date"":""2023-12-02""}",FORECAST_GEOLOGICAL_CONDITION,false,false,false,,EXPRESSIBLE,doc_1bccaf9b3397c0d25601b19d_e0005,"{""attribute_name"":""suggested_grade"",""normalized_value"":""Ⅳ级"",""source_evidence_id"":""doc_1bccaf9b3397c0d25601b19d_e0005""}",,EXPRESSIBLE,doc_1bccaf9b3397c0d25601b19d_e0005,"{""attribute_name"":""suggested_grade"",""normalized_value"":""Ⅳ级"",""source_evidence_id"":""doc_1bccaf9b3397c0d25601b19d_e0005""}",knowledge_revision_event_013f0fb538ad5132504542d9,FORWARD_ATTENTION_CELL,false,UNCHANGED_EXPRESSIBLE,2023-12-02,true
false,false,cell_cbe6f12faedc4a536f287879,"{""attribute_name"":""suggested_grade"",""base_stage3a_state_version_id"":""state_version_c4391388ac5801846a589d53"",""cell_id"":""cell_cbe6f12faedc4a536f287879"",""claim_type"":""FORECAST_GEOLOGICAL_CONDITION"",""source_evidence_id"":""doc_1bccaf9b3397c0d25601b19d_e0006"",""source_kind"":""GEOLOGICAL_EVIDENCE"",""state_role"":""FORWARD_ATTENTION_CELL"",""valid_date"":""2023-12-02""}",FORECAST_GEOLOGICAL_CONDITION,false,false,false,,EXPRESSIBLE,doc_1bccaf9b3397c0d25601b19d_e0006,"{""attribute_name"":""suggested_grade"",""normalized_value"":""Ⅳ级"",""source_evidence_id"":""doc_1bccaf9b3397c0d25601b19d_e0006""}",,EXPRESSIBLE,doc_1bccaf9b3397c0d25601b19d_e0006,"{""attribute_name"":""suggested_grade"",""normalized_value"":""Ⅳ级"",""source_evidence_id"":""doc_1bccaf9b3397c0d25601b19d_e0006""}",knowledge_revision_event_013f0fb538ad5132504542d9,FORWARD_ATTENTION_CELL,false,UNCHANGED_EXPRESSIBLE,2023-12-02,true
false,false,cell_cbe6f12faedc4a536f287879,"{""attribute_name"":""suggested_grade"",""base_stage3a_state_version_id"":""state_version_c4391388ac5801846a589d53"",""cell_id"":""cell_cbe6f12faedc4a536f287879"",""claim_type"":""FORECAST_GEOLOGICAL_CONDITION"",""source_evidence_id"":""doc_c19c0e4b52882f445108f4a0_e0002"",""source_kind"":""GEOLOGICAL_EVIDENCE"",""state_role"":""FORWARD_ATTENTION_CELL"",""valid_date"":""2023-12-02""}",FORECAST_GEOLOGICAL_CONDITION,true,true,false,,EXPRESSIBLE,doc_c19c0e4b52882f445108f4a0_e0002,"{""attribute_name"":""suggested_grade"",""normalized_value"":""Ⅳ级"",""source_evidence_id"":""doc_c19c0e4b52882f445108f4a0_e0002""}",,,,null,knowledge_revision_event_013f0fb538ad5132504542d9,FORWARD_ATTENTION_CELL,false,OPPORTUNITY_ADDED,2023-12-02,false
false,false,cell_cbe6f12faedc4a536f287879,"{""attribute_name"":""weathering"",""base_stage3a_state_version_id"":""state_version_c4391388ac5801846a589d53"",""cell_id"":""cell_cbe6f12faedc4a536f287879"",""claim_type"":""FORECAST_GEOLOGICAL_CONDITION"",""source_evidence_id"":""doc_1bccaf9b3397c0d25601b19d_e0005"",""source_kind"":""GEOLOGICAL_EVIDENCE"",""state_role"":""FORWARD_ATTENTION_CELL"",""valid_date"":""2023-12-02""}",FORECAST_GEOLOGICAL_CONDITION,false,false,false,,EXPRESSIBLE,doc_1bccaf9b3397c0d25601b19d_e0005,"{""attribute_name"":""weathering"",""normalized_value"":""弱风化"",""source_evidence_id"":""doc_1bccaf9b3397c0d25601b19d_e0005""}",,EXPRESSIBLE,doc_1bccaf9b3397c0d25601b19d_e0005,"{""attribute_name"":""weathering"",""normalized_value"":""弱风化"",""source_evidence_id"":""doc_1bccaf9b3397c0d25601b19d_e0005""}",knowledge_revision_event_013f0fb538ad5132504542d9,FORWARD_ATTENTION_CELL,false,UNCHANGED_EXPRESSIBLE,2023-12-02,true
false,false,cell_cbe6f12faedc4a536f287879,"{""attribute_name"":""weathering"",""base_stage3a_state_version_id"":""state_version_c4391388ac5801846a589d53"",""cell_id"":""cell_cbe6f12faedc4a536f287879"",""claim_type"":""FORECAST_GEOLOGICAL_CONDITION"",""source_evidence_id"":""doc_1bccaf9b3397c0d25601b19d_e0006"",""source_kind"":""GEOLOGICAL_EVIDENCE"",""state_role"":""FORWARD_ATTENTION_CELL"",""valid_date"":""2023-12-02""}",FORECAST_GEOLOGICAL_CONDITION,false,false,false,,EXPRESSIBLE,doc_1bccaf9b3397c0d25601b19d_e0006,"{""attribute_name"":""weathering"",""normalized_value"":""弱风化"",""source_evidence_id"":""doc_1bccaf9b3397c0d25601b19d_e0006""}",,EXPRESSIBLE,doc_1bccaf9b3397c0d25601b19d_e0006,"{""attribute_name"":""weathering"",""normalized_value"":""弱风化"",""source_evidence_id"":""doc_1bccaf9b3397c0d25601b19d_e0006""}",knowledge_revision_event_013f0fb538ad5132504542d9,FORWARD_ATTENTION_CELL,false,UNCHANGED_EXPRESSIBLE,2023-12-02,true
false,false,cell_cbe6f12faedc4a536f287879,"{""attribute_name"":""weathering"",""base_stage3a_state_version_id"":""state_version_c4391388ac5801846a589d53"",""cell_id"":""cell_cbe6f12faedc4a536f287879"",""claim_type"":""FORECAST_GEOLOGICAL_CONDITION"",""source_evidence_id"":""doc_c19c0e4b52882f445108f4a0_e0002"",""source_kind"":""GEOLOGICAL_EVIDENCE"",""state_role"":""FORWARD_ATTENTION_CELL"",""valid_date"":""2023-12-02""}",FORECAST_GEOLOGICAL_CONDITION,true,true,false,,EXPRESSIBLE,doc_c19c0e4b52882f445108f4a0_e0002,"{""attribute_name"":""weathering"",""normalized_value"":""弱风化"",""source_evidence_id"":""doc_c19c0e4b52882f445108f4a0_e0002""}",,,,null,knowledge_revision_event_013f0fb538ad5132504542d9,FORWARD_ATTENTION_CELL,false,OPPORTUNITY_ADDED,2023-12-02,false
false,false,cell_cbe6f12faedc4a536f287879,"{""base_stage3a_state_version_id"":""state_version_c4391388ac5801846a589d53"",""cell_id"":""cell_cbe6f12faedc4a536f287879"",""claim_type"":""FORWARD_GEOLOGICAL_ATTENTION"",""metric_name"":""GRS"",""source_kind"":""STATE_GRS"",""state_role"":""FORWARD_ATTENTION_CELL"",""valid_date"":""2023-12-02""}",FORWARD_GEOLOGICAL_ATTENTION,false,false,false,,EXPRESSIBLE,state_grs_4ef62a62260c7e27112b35af,"{""is_causal_estimate"":false,""is_hazard_probability"":false,""is_probability"":false,""metric_name"":""GRS"",""metric_semantics"":""FORWARD_GEOLOGICAL_EVIDENCE_ATTENTION_INDEX"",""metric_status"":""AVAILABLE"",""metric_value"":0.7083333333333333}",,EXPRESSIBLE,state_grs_64d00477a7dc2965285eadef,"{""is_causal_estimate"":false,""is_hazard_probability"":false,""is_probability"":false,""metric_name"":""GRS"",""metric_semantics"":""FORWARD_GEOLOGICAL_EVIDENCE_ATTENTION_INDEX"",""metric_status"":""AVAILABLE"",""metric_value"":0.7083333333333333}",knowledge_revision_event_013f0fb538ad5132504542d9,FORWARD_ATTENTION_CELL,true,RESOLVED_SUPPORT_CHANGED,2023-12-02,false
false,false,cell_cbe6f12faedc4a536f287879,"{""base_stage3a_state_version_id"":""state_version_c4391388ac5801846a589d53"",""cell_id"":""cell_cbe6f12faedc4a536f287879"",""claim_type"":""OPERATIONAL_RESPONSE_ATTENTION"",""metric_name"":""RAI"",""source_kind"":""STATE_RAI"",""state_role"":""FORWARD_ATTENTION_CELL"",""valid_date"":""2023-12-02""}",OPERATIONAL_RESPONSE_ATTENTION,false,false,false,STATE_ROLE_NOT_ALLOWED,ABSTAIN,,null,STATE_ROLE_NOT_ALLOWED,ABSTAIN,,null,knowledge_revision_event_013f0fb538ad5132504542d9,FORWARD_ATTENTION_CELL,false,UNCHANGED_ABSTAIN,2023-12-02,false
false,false,cell_96b4757cd7a8528a4fb821e7,"{""attribute_name"":""anomaly_level"",""base_stage3a_state_version_id"":""state_version_565c27f9a479f4365f786049"",""cell_id"":""cell_96b4757cd7a8528a4fb821e7"",""claim_type"":""FORECAST_GEOLOGICAL_CONDITION"",""source_evidence_id"":""doc_09e89a967279537d5c9bb8d7_e0002"",""source_kind"":""GEOLOGICAL_EVIDENCE"",""state_role"":""FORWARD_ATTENTION_CELL"",""valid_date"":""2023-10-21""}",FORECAST_GEOLOGICAL_CONDITION,true,true,false,UNKNOWN_SOURCE_VALUE,ABSTAIN,,"{""attribute_name"":""anomaly_level"",""normalized_value"":""NONE"",""source_evidence_id"":""doc_09e89a967279537d5c9bb8d7_e0002""}",,,,null,knowledge_revision_event_04aff7f160ec89f31aee0af8,FORWARD_ATTENTION_CELL,false,OPPORTUNITY_ADDED,2023-10-21,false
false,false,cell_96b4757cd7a8528a4fb821e7,"{""attribute_name"":""geological_conclusion"",""base_stage3a_state_version_id"":""state_version_565c27f9a479f4365f786049"",""cell_id"":""cell_96b4757cd7a8528a4fb821e7"",""claim_type"":""FORECAST_GEOLOGICAL_CONDITION"",""source_evidence_id"":""doc_09e89a967279537d5c9bb8d7_e0002"",""source_kind"":""GEOLOGICAL_EVIDENCE"",""state_role"":""FORWARD_ATTENTION_CELL"",""valid_date"":""2023-10-21""}",FORECAST_GEOLOGICAL_CONDITION,true,true,false,,EXPRESSIBLE,doc_09e89a967279537d5c9bb8d7_e0002,"{""attribute_name"":""geological_conclusion"",""normalized_value"":""该段围岩与当前掌子面相当。岩 性为板岩夹变质砂岩，弱风化， 岩质软硬不均，节理裂隙发育， 岩体破碎，围岩整体稳定性较差"",""source_evidence_id"":""doc_09e89a967279537d5c9bb8d7_e0002""}",,,,null,knowledge_revision_event_04aff7f160ec89f31aee0af8,FORWARD_ATTENTION_CELL,false,OPPORTUNITY_ADDED,2023-10-21,false
false,false,cell_96b4757cd7a8528a4fb821e7,"{""attribute_name"":""joint_development"",""base_stage3a_state_version_id"":""state_version_565c27f9a479f4365f786049"",""cell_id"":""cell_96b4757cd7a8528a4fb821e7"",""claim_type"":""FORECAST_GEOLOGICAL_CONDITION"",""source_evidence_id"":""doc_09e89a967279537d5c9bb8d7_e0002"",""source_kind"":""GEOLOGICAL_EVIDENCE"",""state_role"":""FORWARD_ATTENTION_CELL"",""valid_date"":""2023-10-21""}",FORECAST_GEOLOGICAL_CONDITION,true,true,false,,EXPRESSIBLE,doc_09e89a967279537d5c9bb8d7_e0002,"{""attribute_name"":""joint_development"",""normalized_value"":""节理裂隙发育"",""source_evidence_id"":""doc_09e89a967279537d5c9bb8d7_e0002""}",,,,null,knowledge_revision_event_04aff7f160ec89f31aee0af8,FORWARD_ATTENTION_CELL,false,OPPORTUNITY_ADDED,2023-10-21,false
false,false,cell_96b4757cd7a8528a4fb821e7,"{""attribute_name"":""lithology"",""base_stage3a_state_version_id"":""state_version_565c27f9a479f4365f786049"",""cell_id"":""cell_96b4757cd7a8528a4fb821e7"",""claim_type"":""FORECAST_GEOLOGICAL_CONDITION"",""source_evidence_id"":""doc_09e89a967279537d5c9bb8d7_e0002"",""source_kind"":""GEOLOGICAL_EVIDENCE"",""state_role"":""FORWARD_ATTENTION_CELL"",""valid_date"":""2023-10-21""}",FORECAST_GEOLOGICAL_CONDITION,true,true,false,,EXPRESSIBLE,doc_09e89a967279537d5c9bb8d7_e0002,"{""attribute_name"":""lithology"",""normalized_value"":""板岩夹变质砂岩"",""source_evidence_id"":""doc_09e89a967279537d5c9bb8d7_e0002""}",,,,null,knowledge_revision_event_04aff7f160ec89f31aee0af8,FORWARD_ATTENTION_CELL,false,OPPORTUNITY_ADDED,2023-10-21,false
false,false,cell_96b4757cd7a8528a4fb821e7,"{""attribute_name"":""risk_hint"",""base_stage3a_state_version_id"":""state_version_565c27f9a479f4365f786049"",""cell_id"":""cell_96b4757cd7a8528a4fb821e7"",""claim_type"":""FORECAST_GEOLOGICAL_CONDITION"",""source_evidence_id"":""doc_09e89a967279537d5c9bb8d7_e0002"",""source_kind"":""GEOLOGICAL_EVIDENCE"",""state_role"":""FORWARD_ATTENTION_CELL"",""valid_date"":""2023-10-21""}",FORECAST_GEOLOGICAL_CONDITION,true,true,false,UNKNOWN_SOURCE_VALUE,ABSTAIN,,"{""attribute_name"":""risk_hint"",""normalized_value"":""UNKNOWN"",""source_evidence_id"":""doc_09e89a967279537d5c9bb8d7_e0002""}",,,,null,knowledge_revision_event_04aff7f160ec89f31aee0af8,FORWARD_ATTENTION_CELL,false,OPPORTUNITY_ADDED,2023-10-21,false
false,false,cell_96b4757cd7a8528a4fb821e7,"{""attribute_name"":""rock_mass_state"",""base_stage3a_state_version_id"":""state_version_565c27f9a479f4365f786049"",""cell_id"":""cell_96b4757cd7a8528a4fb821e7"",""claim_type"":""FORECAST_GEOLOGICAL_CONDITION"",""source_evidence_id"":""doc_09e89a967279537d5c9bb8d7_e0002"",""source_kind"":""GEOLOGICAL_EVIDENCE"",""state_role"":""FORWARD_ATTENTION_CELL"",""valid_date"":""2023-10-21""}",FORECAST_GEOLOGICAL_CONDITION,true,true,false,,EXPRESSIBLE,doc_09e89a967279537d5c9bb8d7_e0002,"{""attribute_name"":""rock_mass_state"",""normalized_value"":""岩体破碎"",""source_evidence_id"":""doc_09e89a967279537d5c9bb8d7_e0002""}",,,,null,knowledge_revision_event_04aff7f160ec89f31aee0af8,FORWARD_ATTENTION_CELL,false,OPPORTUNITY_ADDED,2023-10-21,false
false,false,cell_96b4757cd7a8528a4fb821e7,"{""attribute_name"":""suggested_grade"",""base_stage3a_state_version_id"":""state_version_565c27f9a479f4365f786049"",""cell_id"":""cell_96b4757cd7a8528a4fb821e7"",""claim_type"":""FORECAST_GEOLOGICAL_CONDITION"",""source_evidence_id"":""doc_09e89a967279537d5c9bb8d7_e0002"",""source_kind"":""GEOLOGICAL_EVIDENCE"",""state_role"":""FORWARD_ATTENTION_CELL"",""valid_date"":""2023-10-21""}",FORECAST_GEOLOGICAL_CONDITION,true,true,false,,EXPRESSIBLE,doc_09e89a967279537d5c9bb8d7_e0002,"{""attribute_name"":""suggested_grade"",""normalized_value"":""Ⅳ级"",""source_evidence_id"":""doc_09e89a967279537d5c9bb8d7_e0002""}",,,,null,knowledge_revision_event_04aff7f160ec89f31aee0af8,FORWARD_ATTENTION_CELL,false,OPPORTUNITY_ADDED,2023-10-21,false
false,false,cell_96b4757cd7a8528a4fb821e7,"{""attribute_name"":""weathering"",""base_stage3a_state_version_id"":""state_version_565c27f9a479f4365f786049"",""cell_id"":""cell_96b4757cd7a8528a4fb821e7"",""claim_type"":""FORECAST_GEOLOGICAL_CONDITION"",""source_evidence_id"":""doc_09e89a967279537d5c9bb8d7_e0002"",""source_kind"":""GEOLOGICAL_EVIDENCE"",""state_role"":""FORWARD_ATTENTION_CELL"",""valid_date"":""2023-10-21""}",FORECAST_GEOLOGICAL_CONDITION,true,true,false,,EXPRESSIBLE,doc_09e89a967279537d5c9bb8d7_e0002,"{""attribute_name"":""weathering"",""normalized_value"":""弱风化"",""source_evidence_id"":""doc_09e89a967279537d5c9bb8d7_e0002""}",,,,null,knowledge_revision_event_04aff7f160ec89f31aee0af8,FORWARD_ATTENTION_CELL,false,OPPORTUNITY_ADDED,2023-10-21,false
true,true,cell_96b4757cd7a8528a4fb821e7,"{""base_stage3a_state_version_id"":""state_version_565c27f9a479f4365f786049"",""cell_id"":""cell_96b4757cd7a8528a4fb821e7"",""claim_type"":""FORWARD_GEOLOGICAL_ATTENTION"",""metric_name"":""GRS"",""source_kind"":""STATE_GRS"",""state_role"":""FORWARD_ATTENTION_CELL"",""valid_date"":""2023-10-21""}",FORWARD_GEOLOGICAL_ATTENTION,true,false,false,,EXPRESSIBLE,state_grs_db60bd98a0a3424d2c4e04a3,"{""is_causal_estimate"":false,""is_hazard_probability"":false,""is_probability"":false,""metric_name"":""GRS"",""metric_semantics"":""FORWARD_GEOLOGICAL_EVIDENCE_ATTENTION_INDEX"",""metric_status"":""AVAILABLE"",""metric_value"":0.5416666666666666}",REQUIRED_EPISTEMIC_STATUS_MISSING,ABSTAIN,,null,knowledge_revision_event_04aff7f160ec89f31aee0af8,FORWARD_ATTENTION_CELL,true,ABSTAIN_TO_EXPRESSIBLE,2023-10-21,false
false,false,cell_96b4757cd7a8528a4fb821e7,"{""base_stage3a_state_version_id"":""state_version_565c27f9a479f4365f786049"",""cell_id"":""cell_96b4757cd7a8528a4fb821e7"",""claim_type"":""OPERATIONAL_RESPONSE_ATTENTION"",""metric_name"":""RAI"",""source_kind"":""STATE_RAI"",""state_role"":""FORWARD_ATTENTION_CELL"",""valid_date"":""2023-10-21""}",OPERATIONAL_RESPONSE_ATTENTION,false,false,false,STATE_ROLE_NOT_ALLOWED,ABSTAIN,,null,STATE_ROLE_NOT_ALLOWED,ABSTAIN,,null,knowledge_revision_event_04aff7f160ec89f31aee0af8,FORWARD_ATTENTION_CELL,false,UNCHANGED_ABSTAIN,2023-10-21,false
false,false,cell_8d1c49d3e1718f64fcb81f76,"{""attribute_name"":""anomaly_level"",""base_stage3a_state_version_id"":""state_version_84692d3acad16df6e34c0192"",""cell_id"":""cell_8d1c49d3e1718f64fcb81f76"",""claim_type"":""FORECAST_GEOLOGICAL_CONDITION"",""source_evidence_id"":""doc_a1ca08b3f141763f45863a07_e0006"",""source_kind"":""GEOLOGICAL_EVIDENCE"",""state_role"":""DAILY_REVIEW_CELL"",""valid_date"":""2023-11-17""}",FORECAST_GEOLOGICAL_CONDITION,false,false,false,UNKNOWN_SOURCE_VALUE,ABSTAIN,,"{""attribute_name"":""anomaly_level"",""normalized_value"":""NONE"",""source_evidence_id"":""doc_a1ca08b3f141763f45863a07_e0006""}",UNKNOWN_SOURCE_VALUE,ABSTAIN,,"{""attribute_name"":""anomaly_level"",""normalized_value"":""NONE"",""source_evidence_id"":""doc_a1ca08b3f141763f45863a07_e0006""}",knowledge_revision_event_0b36f4b2852ca06c71cd6ab4,DAILY_REVIEW_CELL,false,UNCHANGED_ABSTAIN,2023-11-17,false
false,false,cell_8d1c49d3e1718f64fcb81f76,"{""attribute_name"":""anomaly_level"",""base_stage3a_state_version_id"":""state_version_84692d3acad16df6e34c0192"",""cell_id"":""cell_8d1c49d3e1718f64fcb81f76"",""claim_type"":""FORECAST_GEOLOGICAL_CONDITION"",""source_evidence_id"":""doc_a1ca08b3f141763f45863a07_e0007"",""source_kind"":""GEOLOGICAL_EVIDENCE"",""state_role"":""DAILY_REVIEW_CELL"",""valid_date"":""2023-11-17""}",FORECAST_GEOLOGICAL_CONDITION,false,false,false,,EXPRESSIBLE,doc_a1ca08b3f141763f45863a07_e0007,"{""attribute_name"":""anomaly_level"",""normalized_value"":""MODERATE"",""source_evidence_id"":""doc_a1ca08b3f141763f45863a07_e0007""}",,EXPRESSIBLE,doc_a1ca08b3f141763f45863a07_e0007,"{""attribute_name"":""anomaly_level"",""normalized_value"":""MODERATE"",""source_evidence_id"":""doc_a1ca08b3f141763f45863a07_e0007""}",knowledge_revision_event_0b36f4b2852ca06c71cd6ab4,DAILY_REVIEW_CELL,false,UNCHANGED_EXPRESSIBLE,2023-11-17,true
false,false,cell_8d1c49d3e1718f64fcb81f76,"{""attribute_name"":""anomaly_level"",""base_stage3a_state_version_id"":""state_version_84692d3acad16df6e34c0192"",""cell_id"":""cell_8d1c49d3e1718f64fcb81f76"",""claim_type"":""FORECAST_GEOLOGICAL_CONDITION"",""source_evidence_id"":""doc_d0afc25463d4776277ebb952_e0002"",""source_kind"":""GEOLOGICAL_EVIDENCE"",""state_role"":""DAILY_REVIEW_CELL"",""valid_date"":""2023-11-17""}",FORECAST_GEOLOGICAL_CONDITION,true,true,false,UNKNOWN_SOURCE_VALUE,ABSTAIN,,"{""attribute_name"":""anomaly_level"",""normalized_value"":""NONE"",""source_evidence_id"":""doc_d0afc25463d4776277ebb952_e0002""}",,,,null,knowledge_revision_event_0b36f4b2852ca06c71cd6ab4,DAILY_REVIEW_CELL,false,OPPORTUNITY_ADDED,2023-11-17,false
false,false,cell_8d1c49d3e1718f64fcb81f76,"{""attribute_name"":""anomaly_level"",""base_stage3a_state_version_id"":""state_version_84692d3acad16df6e34c0192"",""cell_id"":""cell_8d1c49d3e1718f64fcb81f76"",""claim_type"":""OBSERVED_GEOLOGICAL_CONDITION"",""source_evidence_id"":""doc_f35a75c4f6674700c040b8a2_e0001"",""source_kind"":""GEOLOGICAL_EVIDENCE"",""state_role"":""DAILY_REVIEW_CELL"",""valid_date"":""2023-11-17""}",OBSERVED_GEOLOGICAL_CONDITION,false,false,false,UNKNOWN_SOURCE_VALUE,ABSTAIN,,"{""attribute_name"":""anomaly_level"",""normalized_value"":""NONE"",""source_evidence_id"":""doc_f35a75c4f6674700c040b8a2_e0001""}",UNKNOWN_SOURCE_VALUE,ABSTAIN,,"{""attribute_name"":""anomaly_level"",""normalized_value"":""NONE"",""source_evidence_id"":""doc_f35a75c4f6674700c040b8a2_e0001""}",knowledge_revision_event_0b36f4b2852ca06c71cd6ab4,DAILY_REVIEW_CELL,false,UNCHANGED_ABSTAIN,2023-11-17,false
false,false,cell_8d1c49d3e1718f64fcb81f76,"{""attribute_name"":""block_fall_or_collapse"",""base_stage3a_state_version_id"":""state_version_84692d3acad16df6e34c0192"",""cell_id"":""cell_8d1c49d3e1718f64fcb81f76"",""claim_type"":""OBSERVED_GEOLOGICAL_CONDITION"",""source_evidence_id"":""doc_f35a75c4f6674700c040b8a2_e0001"",""source_kind"":""GEOLOGICAL_EVIDENCE"",""state_role"":""DAILY_REVIEW_CELL"",""valid_date"":""2023-11-17""}",OBSERVED_GEOLOGICAL_CONDITION,false,false,false,,EXPRESSIBLE,doc_f35a75c4f6674700c040b8a2_e0001,"{""attribute_name"":""block_fall_or_collapse"",""normalized_value"":""轻微掉块"",""source_evidence_id"":""doc_f35a75c4f6674700c040b8a2_e0001""}",,EXPRESSIBLE,doc_f35a75c4f6674700c040b8a2_e0001,"{""attribute_name"":""block_fall_or_collapse"",""normalized_value"":""轻微掉块"",""source_evidence_id"":""doc_f35a75c4f6674700c040b8a2_e0001""}",knowledge_revision_event_0b36f4b2852ca06c71cd6ab4,DAILY_REVIEW_CELL,false,UNCHANGED_EXPRESSIBLE,2023-11-17,true
false,false,cell_8d1c49d3e1718f64fcb81f76,"{""attribute_name"":""design_surrounding_rock_grade"",""base_stage3a_state_version_id"":""state_version_84692d3acad16df6e34c0192"",""cell_id"":""cell_8d1c49d3e1718f64fcb81f76"",""claim_type"":""OBSERVED_GEOLOGICAL_CONDITION"",""source_evidence_id"":""doc_f35a75c4f6674700c040b8a2_e0001"",""source_kind"":""GEOLOGICAL_EVIDENCE"",""state_role"":""DAILY_REVIEW_CELL"",""valid_date"":""2023-11-17""}",OBSERVED_GEOLOGICAL_CONDITION,false,false,false,,EXPRESSIBLE,doc_f35a75c4f6674700c040b8a2_e0001,"{""attribute_name"":""design_surrounding_rock_grade"",""normalized_value"":""Ⅲ级"",""source_evidence_id"":""doc_f35a75c4f6674700c040b8a2_e0001""}",,EXPRESSIBLE,doc_f35a75c4f6674700c040b8a2_e0001,"{""attribute_name"":""design_surrounding_rock_grade"",""normalized_value"":""Ⅲ级"",""source_evidence_id"":""doc_f35a75c4f6674700c040b8a2_e0001""}",knowledge_revision_event_0b36f4b2852ca06c71cd6ab4,DAILY_REVIEW_CELL,false,UNCHANGED_EXPRESSIBLE,2023-11-17,true
false,false,cell_8d1c49d3e1718f64fcb81f76,"{""attribute_name"":""excavated_face_state"",""base_stage3a_state_version_id"":""state_version_84692d3acad16df6e34c0192"",""cell_id"":""cell_8d1c49d3e1718f64fcb81f76"",""claim_type"":""OBSERVED_GEOLOGICAL_CONDITION"",""source_evidence_id"":""doc_f35a75c4f6674700c040b8a2_e0001"",""source_kind"":""GEOLOGICAL_EVIDENCE"",""state_role"":""DAILY_REVIEW_CELL"",""valid_date"":""2023-11-17""}",OBSERVED_GEOLOGICAL_CONDITION,false,false,false,,EXPRESSIBLE,doc_f35a75c4f6674700c040b8a2_e0001,"{""attribute_name"":""excavated_face_state"",""normalized_value"":""随时间松弛、掉块"",""source_evidence_id"":""doc_f35a75c4f6674700c040b8a2_e0001""}",,EXPRESSIBLE,doc_f35a75c4f6674700c040b8a2_e0001,"{""attribute_name"":""excavated_face_state"",""normalized_value"":""随时间松弛、掉块"",""source_evidence_id"":""doc_f35a75c4f6674700c040b8a2_e0001""}",knowledge_revision_event_0b36f4b2852ca06c71cd6ab4,DAILY_REVIEW_CELL,false,UNCHANGED_EXPRESSIBLE,2023-11-17,true
false,false,cell_8d1c49d3e1718f64fcb81f76,"{""attribute_name"":""face_state"",""base_stage3a_state_version_id"":""state_version_84692d3acad16df6e34c0192"",""cell_id"":""cell_8d1c49d3e1718f64fcb81f76"",""claim_type"":""OBSERVED_GEOLOGICAL_CONDITION"",""source_evidence_id"":""doc_f35a75c4f6674700c040b8a2_e0001"",""source_kind"":""GEOLOGICAL_EVIDENCE"",""state_role"":""DAILY_REVIEW_CELL"",""valid_date"":""2023-11-17""}",OBSERVED_GEOLOGICAL_CONDITION,false,false,false,,EXPRESSIBLE,doc_f35a75c4f6674700c040b8a2_e0001,"{""attribute_name"":""face_state"",""normalized_value"":""正面掉块"",""source_evidence_id"":""doc_f35a75c4f6674700c040b8a2_e0001""}",,EXPRESSIBLE,doc_f35a75c4f6674700c040b8a2_e0001,"{""attribute_name"":""face_state"",""normalized_value"":""正面掉块"",""source_evidence_id"":""doc_f35a75c4f6674700c040b8a2_e0001""}",knowledge_revision_event_0b36f4b2852ca06c71cd6ab4,DAILY_REVIEW_CELL,false,UNCHANGED_EXPRESSIBLE,2023-11-17,true
false,false,cell_8d1c49d3e1718f64fcb81f76,"{""attribute_name"":""form_water_status"",""base_stage3a_state_version_id"":""state_version_84692d3acad16df6e34c0192"",""cell_id"":""cell_8d1c49d3e1718f64fcb81f76"",""claim_type"":""OBSERVED_GEOLOGICAL_CONDITION"",""source_evidence_id"":""doc_f35a75c4f6674700c040b8a2_e0001"",""source_kind"":""GEOLOGICAL_EVIDENCE"",""state_role"":""DAILY_REVIEW_CELL"",""valid_date"":""2023-11-17""}",OBSERVED_GEOLOGICAL_CONDITION,false,false,false,,EXPRESSIBLE,doc_f35a75c4f6674700c040b8a2_e0001,"{""attribute_name"":""form_water_status"",""normalized_value"":""其它500"",""source_evidence_id"":""doc_f35a75c4f6674700c040b8a2_e0001""}",,EXPRESSIBLE,doc_f35a75c4f6674700c040b8a2_e0001,"{""attribute_name"":""form_water_status"",""normalized_value"":""其它500"",""source_evidence_id"":""doc_f35a75c4f6674700c040b8a2_e0001""}",knowledge_revision_event_0b36f4b2852ca06c71cd6ab4,DAILY_REVIEW_CELL,false,UNCHANGED_EXPRESSIBLE,2023-11-17,true
false,false,cell_8d1c49d3e1718f64fcb81f76,"{""attribute_name"":""geological_conclusion"",""base_stage3a_state_version_id"":""state_version_84692d3acad16df6e34c0192"",""cell_id"":""cell_8d1c49d3e1718f64fcb81f76"",""claim_type"":""FORECAST_GEOLOGICAL_CONDITION"",""source_evidence_id"":""doc_a1ca08b3f141763f45863a07_e0006"",""source_kind"":""GEOLOGICAL_EVIDENCE"",""state_role"":""DAILY_REVIEW_CELL"",""valid_date"":""2023-11-17""}",FORECAST_GEOLOGICAL_CONDITION,false,false,false,,EXPRESSIBLE,doc_a1ca08b3f141763f45863a07_e0006,"{""attribute_name"":""geological_conclusion"",""normalized_value"":""该段围岩较前段稍变好。岩性为 板岩夹变质砂岩，弱风化，岩质 软硬不均，节理裂隙较发育，岩 体较破碎。"",""source_evidence_id"":""doc_a1ca08b3f141763f45863a07_e0006""}",,EXPRESSIBLE,doc_a1ca08b3f141763f45863a07_e0006,"{""attribute_name"":""geological_conclusion"",""normalized_value"":""该段围岩较前段稍变好。岩性为 板岩夹变质砂岩，弱风化，岩质 软硬不均，节理裂隙较发育，岩 体较破碎。"",""source_evidence_id"":""doc_a1ca08b3f141763f45863a07_e0006""}",knowledge_revision_event_0b36f4b2852ca06c71cd6ab4,DAILY_REVIEW_CELL,false,UNCHANGED_EXPRESSIBLE,2023-11-17,true
false,false,cell_8d1c49d3e1718f64fcb81f76,"{""attribute_name"":""geological_conclusion"",""base_stage3a_state_version_id"":""state_version_84692d3acad16df6e34c0192"",""cell_id"":""cell_8d1c49d3e1718f64fcb81f76"",""claim_type"":""FORECAST_GEOLOGICAL_CONDITION"",""source_evidence_id"":""doc_a1ca08b3f141763f45863a07_e0007"",""source_kind"":""GEOLOGICAL_EVIDENCE"",""state_role"":""DAILY_REVIEW_CELL"",""valid_date"":""2023-11-17""}",FORECAST_GEOLOGICAL_CONDITION,false,false,false,,EXPRESSIBLE,doc_a1ca08b3f141763f45863a07_e0007,"{""attribute_name"":""geological_conclusion"",""normalized_value"":""该段围岩较前段变差。岩性为板 岩夹变质砂岩，弱风化，岩质软 硬不均，节理裂隙较发育-发育， 岩体较破碎-破碎，层间结合差。"",""source_evidence_id"":""doc_a1ca08b3f141763f45863a07_e0007""}",,EXPRESSIBLE,doc_a1ca08b3f141763f45863a07_e0007,"{""attribute_name"":""geological_conclusion"",""normalized_value"":""该段围岩较前段变差。岩性为板 岩夹变质砂岩，弱风化，岩质软 硬不均，节理裂隙较发育-发育， 岩体较破碎-破碎，层间结合差。"",""source_evidence_id"":""doc_a1ca08b3f141763f45863a07_e0007""}",knowledge_revision_event_0b36f4b2852ca06c71cd6ab4,DAILY_REVIEW_CELL,false,UNCHANGED_EXPRESSIBLE,2023-11-17,true
false,false,cell_8d1c49d3e1718f64fcb81f76,"{""attribute_name"":""geological_conclusion"",""base_stage3a_state_version_id"":""state_version_84692d3acad16df6e34c0192"",""cell_id"":""cell_8d1c49d3e1718f64fcb81f76"",""claim_type"":""FORECAST_GEOLOGICAL_CONDITION"",""source_evidence_id"":""doc_d0afc25463d4776277ebb952_e0002"",""source_kind"":""GEOLOGICAL_EVIDENCE"",""state_role"":""DAILY_REVIEW_CELL"",""valid_date"":""2023-11-17""}",FORECAST_GEOLOGICAL_CONDITION,true,true,false,,EXPRESSIBLE,doc_d0afc25463d4776277ebb952_e0002,"{""attribute_name"":""geological_conclusion"",""normalized_value"":""该段围岩与当前掌子面相当。岩 性为板岩夹变质砂岩，弱风化， 岩质软硬不均，节理裂隙较发育， 岩体较破碎。"",""source_evidence_id"":""doc_d0afc25463d4776277ebb952_e0002""}",,,,null,knowledge_revision_event_0b36f4b2852ca06c71cd6ab4,DAILY_REVIEW_CELL,false,OPPORTUNITY_ADDED,2023-11-17,false
false,false,cell_8d1c49d3e1718f64fcb81f76,"{""attribute_name"":""geological_description"",""base_stage3a_state_version_id"":""state_version_84692d3acad16df6e34c0192"",""cell_id"":""cell_8d1c49d3e1718f64fcb81f76"",""claim_type"":""OBSERVED_GEOLOGICAL_CONDITION"",""source_evidence_id"":""doc_d0afc25463d4776277ebb952_e0001"",""source_kind"":""GEOLOGICAL_EVIDENCE"",""state_role"":""DAILY_REVIEW_CELL"",""valid_date"":""2023-11-17""}",OBSERVED_GEOLOGICAL_CONDITION,true,true,false,,EXPRESSIBLE,doc_d0afc25463d4776277ebb952_e0001,"{""attribute_name"":""geological_description"",""normalized_value"":""开挖面 地质概况 当前掌子面地层岩性为石炭二叠系板岩夹变质砂岩，围岩整体弱风化，节 理裂隙较发育，岩体较破碎，裂隙层间结合度差，有滴渗水~线状出水。"",""source_evidence_id"":""doc_d0afc25463d4776277ebb952_e0001""}",,,,null,knowledge_revision_event_0b36f4b2852ca06c71cd6ab4,DAILY_REVIEW_CELL,false,OPPORTUNITY_ADDED,2023-11-17,false
false,false,cell_8d1c49d3e1718f64fcb81f76,"{""attribute_name"":""joint_aperture"",""base_stage3a_state_version_id"":""state_version_84692d3acad16df6e34c0192"",""cell_id"":""cell_8d1c49d3e1718f64fcb81f76"",""claim_type"":""OBSERVED_GEOLOGICAL_CONDITION"",""source_evidence_id"":""doc_f35a75c4f6674700c040b8a2_e0001"",""source_kind"":""GEOLOGICAL_EVIDENCE"",""state_role"":""DAILY_REVIEW_CELL"",""valid_date"":""2023-11-17""}",OBSERVED_GEOLOGICAL_CONDITION,false,false,false,,EXPRESSIBLE,doc_f35a75c4f6674700c040b8a2_e0001,"{""attribute_name"":""joint_aperture"",""normalized_value"":""部分张开0.1～0.5"",""source_evidence_id"":""doc_f35a75c4f6674700c040b8a2_e0001""}",,EXPRESSIBLE,doc_f35a75c4f6674700c040b8a2_e0001,"{""attribute_name"":""joint_aperture"",""normalized_value"":""部分张开0.1～0.5"",""source_evidence_id"":""doc_f35a75c4f6674700c040b8a2_e0001""}",knowledge_revision_event_0b36f4b2852ca06c71cd6ab4,DAILY_REVIEW_CELL,false,UNCHANGED_EXPRESSIBLE,2023-11-17,true
false,false,cell_8d1c49d3e1718f64fcb81f76,"{""attribute_name"":""joint_development"",""base_stage3a_state_version_id"":""state_version_84692d3acad16df6e34c0192"",""cell_id"":""cell_8d1c49d3e1718f64fcb81f76"",""claim_type"":""FORECAST_GEOLOGICAL_CONDITION"",""source_evidence_id"":""doc_a1ca08b3f141763f45863a07_e0006"",""source_kind"":""GEOLOGICAL_EVIDENCE"",""state_role"":""DAILY_REVIEW_CELL"",""valid_date"":""2023-11-17""}",FORECAST_GEOLOGICAL_CONDITION,false,false,false,,EXPRESSIBLE,doc_a1ca08b3f141763f45863a07_e0006,"{""attribute_name"":""joint_development"",""normalized_value"":""节理裂隙较发育"",""source_evidence_id"":""doc_a1ca08b3f141763f45863a07_e0006""}",,EXPRESSIBLE,doc_a1ca08b3f141763f45863a07_e0006,"{""attribute_name"":""joint_development"",""normalized_value"":""节理裂隙较发育"",""source_evidence_id"":""doc_a1ca08b3f141763f45863a07_e0006""}",knowledge_revision_event_0b36f4b2852ca06c71cd6ab4,DAILY_REVIEW_CELL,false,UNCHANGED_EXPRESSIBLE,2023-11-17,true
false,false,cell_8d1c49d3e1718f64fcb81f76,"{""attribute_name"":""joint_development"",""base_stage3a_state_version_id"":""state_version_84692d3acad16df6e34c0192"",""cell_id"":""cell_8d1c49d3e1718f64fcb81f76"",""claim_type"":""FORECAST_GEOLOGICAL_CONDITION"",""source_evidence_id"":""doc_a1ca08b3f141763f45863a07_e0007"",""source_kind"":""GEOLOGICAL_EVIDENCE"",""state_role"":""DAILY_REVIEW_CELL"",""valid_date"":""2023-11-17""}",FORECAST_GEOLOGICAL_CONDITION,false,false,false,,EXPRESSIBLE,doc_a1ca08b3f141763f45863a07_e0007,"{""attribute_name"":""joint_development"",""normalized_value"":""节理裂隙较发育-发育"",""source_evidence_id"":""doc_a1ca08b3f141763f45863a07_e0007""}",,EXPRESSIBLE,doc_a1ca08b3f141763f45863a07_e0007,"{""attribute_name"":""joint_development"",""normalized_value"":""节理裂隙较发育-发育"",""source_evidence_id"":""doc_a1ca08b3f141763f45863a07_e0007""}",knowledge_revision_event_0b36f4b2852ca06c71cd6ab4,DAILY_REVIEW_CELL,false,UNCHANGED_EXPRESSIBLE,2023-11-17,true
false,false,cell_8d1c49d3e1718f64fcb81f76,"{""attribute_name"":""joint_development"",""base_stage3a_state_version_id"":""state_version_84692d3acad16df6e34c0192"",""cell_id"":""cell_8d1c49d3e1718f64fcb81f76"",""claim_type"":""FORECAST_GEOLOGICAL_CONDITION"",""source_evidence_id"":""doc_d0afc25463d4776277ebb952_e0002"",""source_kind"":""GEOLOGICAL_EVIDENCE"",""state_role"":""DAILY_REVIEW_CELL"",""valid_date"":""2023-11-17""}",FORECAST_GEOLOGICAL_CONDITION,true,true,false,,EXPRESSIBLE,doc_d0afc25463d4776277ebb952_e0002,"{""attribute_name"":""joint_development"",""normalized_value"":""节理裂隙较发育"",""source_evidence_id"":""doc_d0afc25463d4776277ebb952_e0002""}",,,,null,knowledge_revision_event_0b36f4b2852ca06c71cd6ab4,DAILY_REVIEW_CELL,false,OPPORTUNITY_ADDED,2023-11-17,false
false,false,cell_8d1c49d3e1718f64fcb81f76,"{""attribute_name"":""joint_development"",""base_stage3a_state_version_id"":""state_version_84692d3acad16df6e34c0192"",""cell_id"":""cell_8d1c49d3e1718f64fcb81f76"",""claim_type"":""OBSERVED_GEOLOGICAL_CONDITION"",""source_evidence_id"":""doc_f35a75c4f6674700c040b8a2_e0001"",""source_kind"":""GEOLOGICAL_EVIDENCE"",""state_role"":""DAILY_REVIEW_CELL"",""valid_date"":""2023-11-17""}",OBSERVED_GEOLOGICAL_CONDITION,false,false,false,,EXPRESSIBLE,doc_f35a75c4f6674700c040b8a2_e0001,"{""attribute_name"":""joint_development"",""normalized_value"":""节理裂隙较发育"",""source_evidence_id"":""doc_f35a75c4f6674700c040b8a2_e0001""}",,EXPRESSIBLE,doc_f35a75c4f6674700c040b8a2_e0001,"{""attribute_name"":""joint_development"",""normalized_value"":""节理裂隙较发育"",""source_evidence_id"":""doc_f35a75c4f6674700c040b8a2_e0001""}",knowledge_revision_event_0b36f4b2852ca06c71cd6ab4,DAILY_REVIEW_CELL,false,UNCHANGED_EXPRESSIBLE,2023-11-17,true
false,false,cell_8d1c49d3e1718f64fcb81f76,"{""attribute_name"":""joint_extension"",""base_stage3a_state_version_id"":""state_version_84692d3acad16df6e34c0192"",""cell_id"":""cell_8d1c49d3e1718f64fcb81f76"",""claim_type"":""OBSERVED_GEOLOGICAL_CONDITION"",""source_evidence_id"":""doc_f35a75c4f6674700c040b8a2_e0001"",""source_kind"":""GEOLOGICAL_EVIDENCE"",""state_role"":""DAILY_REVIEW_CELL"",""valid_date"":""2023-11-17""}",OBSERVED_GEOLOGICAL_CONDITION,false,false,false,,EXPRESSIBLE,doc_f35a75c4f6674700c040b8a2_e0001,"{""attribute_name"":""joint_extension"",""normalized_value"":""中等"",""source_evidence_id"":""doc_f35a75c4f6674700c040b8a2_e0001""}",,EXPRESSIBLE,doc_f35a75c4f6674700c040b8a2_e0001,"{""attribute_name"":""joint_extension"",""normalized_value"":""中等"",""source_evidence_id"":""doc_f35a75c4f6674700c040b8a2_e0001""}",knowledge_revision_event_0b36f4b2852ca06c71cd6ab4,DAILY_REVIEW_CELL,false,UNCHANGED_EXPRESSIBLE,2023-11-17,true
false,false,cell_8d1c49d3e1718f64fcb81f76,"{""attribute_name"":""joint_roughness"",""base_stage3a_state_version_id"":""state_version_84692d3acad16df6e34c0192"",""cell_id"":""cell_8d1c49d3e1718f64fcb81f76"",""claim_type"":""OBSERVED_GEOLOGICAL_CONDITION"",""source_evidence_id"":""doc_f35a75c4f6674700c040b8a2_e0001"",""source_kind"":""GEOLOGICAL_EVIDENCE"",""state_role"":""DAILY_REVIEW_CELL"",""valid_date"":""2023-11-17""}",OBSERVED_GEOLOGICAL_CONDITION,false,false,false,,EXPRESSIBLE,doc_f35a75c4f6674700c040b8a2_e0001,"{""attribute_name"":""joint_roughness"",""normalized_value"":""平整光滑有擦痕"",""source_evidence_id"":""doc_f35a75c4f6674700c040b8a2_e0001""}",,EXPRESSIBLE,doc_f35a75c4f6674700c040b8a2_e0001,"{""attribute_name"":""joint_roughness"",""normalized_value"":""平整光滑有擦痕"",""source_evidence_id"":""doc_f35a75c4f6674700c040b8a2_e0001""}",knowledge_revision_event_0b36f4b2852ca06c71cd6ab4,DAILY_REVIEW_CELL,false,UNCHANGED_EXPRESSIBLE,2023-11-17,true
false,false,cell_8d1c49d3e1718f64fcb81f76,"{""attribute_name"":""joint_spacing"",""base_stage3a_state_version_id"":""state_version_84692d3acad16df6e34c0192"",""cell_id"":""cell_8d1c49d3e1718f64fcb81f76"",""claim_type"":""OBSERVED_GEOLOGICAL_CONDITION"",""source_evidence_id"":""doc_f35a75c4f6674700c040b8a2_e0001"",""source_kind"":""GEOLOGICAL_EVIDENCE"",""state_role"":""DAILY_REVIEW_CELL"",""valid_date"":""2023-11-17""}",OBSERVED_GEOLOGICAL_CONDITION,false,false,false,,EXPRESSIBLE,doc_f35a75c4f6674700c040b8a2_e0001,"{""attribute_name"":""joint_spacing"",""normalized_value"":""0.2～0.6"",""source_evidence_id"":""doc_f35a75c4f6674700c040b8a2_e0001""}",,EXPRESSIBLE,doc_f35a75c4f6674700c040b8a2_e0001,"{""attribute_name"":""joint_spacing"",""normalized_value"":""0.2～0.6"",""source_evidence_id"":""doc_f35a75c4f6674700c040b8a2_e0001""}",knowledge_revision_event_0b36f4b2852ca06c71cd6ab4,DAILY_REVIEW_CELL,false,UNCHANGED_EXPRESSIBLE,2023-11-17,true
false,false,cell_8d1c49d3e1718f64fcb81f76,"{""attribute_name"":""karst_development"",""base_stage3a_state_version_id"":""state_version_84692d3acad16df6e34c0192"",""cell_id"":""cell_8d1c49d3e1718f64fcb81f76"",""claim_type"":""OBSERVED_GEOLOGICAL_CONDITION"",""source_evidence_id"":""doc_f35a75c4f6674700c040b8a2_e0001"",""source_kind"":""GEOLOGICAL_EVIDENCE"",""state_role"":""DAILY_REVIEW_CELL"",""valid_date"":""2023-11-17""}",OBSERVED_GEOLOGICAL_CONDITION,false,false,false,,EXPRESSIBLE,doc_f35a75c4f6674700c040b8a2_e0001,"{""attribute_name"":""karst_development"",""normalized_value"":""无"",""source_evidence_id"":""doc_f35a75c4f6674700c040b8a2_e0001""}",,EXPRESSIBLE,doc_f35a75c4f6674700c040b8a2_e0001,"{""attribute_name"":""karst_development"",""normalized_value"":""无"",""source_evidence_id"":""doc_f35a75c4f6674700c040b8a2_e0001""}",knowledge_revision_event_0b36f4b2852ca06c71cd6ab4,DAILY_REVIEW_CELL,false,UNCHANGED_EXPRESSIBLE,2023-11-17,true
false,false,cell_8d1c49d3e1718f64fcb81f76,"{""attribute_name"":""lithology"",""base_stage3a_state_version_id"":""state_version_84692d3acad16df6e34c0192"",""cell_id"":""cell_8d1c49d3e1718f64fcb81f76"",""claim_type"":""FORECAST_GEOLOGICAL_CONDITION"",""source_evidence_id"":""doc_a1ca08b3f141763f45863a07_e0006"",""source_kind"":""GEOLOGICAL_EVIDENCE"",""state_role"":""DAILY_REVIEW_CELL"",""valid_date"":""2023-11-17""}",FORECAST_GEOLOGICAL_CONDITION,false,false,false,,EXPRESSIBLE,doc_a1ca08b3f141763f45863a07_e0006,"{""attribute_name"":""lithology"",""normalized_value"":""板岩夹变质砂岩"",""source_evidence_id"":""doc_a1ca08b3f141763f45863a07_e0006""}",,EXPRESSIBLE,doc_a1ca08b3f141763f45863a07_e0006,"{""attribute_name"":""lithology"",""normalized_value"":""板岩夹变质砂岩"",""source_evidence_id"":""doc_a1ca08b3f141763f45863a07_e0006""}",knowledge_revision_event_0b36f4b2852ca06c71cd6ab4,DAILY_REVIEW_CELL,false,UNCHANGED_EXPRESSIBLE,2023-11-17,true
false,false,cell_8d1c49d3e1718f64fcb81f76,"{""attribute_name"":""lithology"",""base_stage3a_state_version_id"":""state_version_84692d3acad16df6e34c0192"",""cell_id"":""cell_8d1c49d3e1718f64fcb81f76"",""claim_type"":""FORECAST_GEOLOGICAL_CONDITION"",""source_evidence_id"":""doc_a1ca08b3f141763f45863a07_e0007"",""source_kind"":""GEOLOGICAL_EVIDENCE"",""state_role"":""DAILY_REVIEW_CELL"",""valid_date"":""2023-11-17""}",FORECAST_GEOLOGICAL_CONDITION,false,false,false,,EXPRESSIBLE,doc_a1ca08b3f141763f45863a07_e0007,"{""attribute_name"":""lithology"",""normalized_value"":""板岩夹变质砂岩"",""source_evidence_id"":""doc_a1ca08b3f141763f45863a07_e0007""}",,EXPRESSIBLE,doc_a1ca08b3f141763f45863a07_e0007,"{""attribute_name"":""lithology"",""normalized_value"":""板岩夹变质砂岩"",""source_evidence_id"":""doc_a1ca08b3f141763f45863a07_e0007""}",knowledge_revision_event_0b36f4b2852ca06c71cd6ab4,DAILY_REVIEW_CELL,false,UNCHANGED_EXPRESSIBLE,2023-11-17,true
false,false,cell_8d1c49d3e1718f64fcb81f76,"{""attribute_name"":""lithology"",""base_stage3a_state_version_id"":""state_version_84692d3acad16df6e34c0192"",""cell_id"":""cell_8d1c49d3e1718f64fcb81f76"",""claim_type"":""FORECAST_GEOLOGICAL_CONDITION"",""source_evidence_id"":""doc_d0afc25463d4776277ebb952_e0002"",""source_kind"":""GEOLOGICAL_EVIDENCE"",""state_role"":""DAILY_REVIEW_CELL"",""valid_date"":""2023-11-17""}",FORECAST_GEOLOGICAL_CONDITION,true,true,false,,EXPRESSIBLE,doc_d0afc25463d4776277ebb952_e0002,"{""attribute_name"":""lithology"",""normalized_value"":""板岩夹变质砂岩"",""source_evidence_id"":""doc_d0afc25463d4776277ebb952_e0002""}",,,,null,knowledge_revision_event_0b36f4b2852ca06c71cd6ab4,DAILY_REVIEW_CELL,false,OPPORTUNITY_ADDED,2023-11-17,false
false,false,cell_8d1c49d3e1718f64fcb81f76,"{""attribute_name"":""lithology"",""base_stage3a_state_version_id"":""state_version_84692d3acad16df6e34c0192"",""cell_id"":""cell_8d1c49d3e1718f64fcb81f76"",""claim_type"":""OBSERVED_GEOLOGICAL_CONDITION"",""source_evidence_id"":""doc_d0afc25463d4776277ebb952_e0001"",""source_kind"":""GEOLOGICAL_EVIDENCE"",""state_role"":""DAILY_REVIEW_CELL"",""valid_date"":""2023-11-17""}",OBSERVED_GEOLOGICAL_CONDITION,true,true,false,,EXPRESSIBLE,doc_d0afc25463d4776277ebb952_e0001,"{""attribute_name"":""lithology"",""normalized_value"":""板岩夹变质砂岩"",""source_evidence_id"":""doc_d0afc25463d4776277ebb952_e0001""}",,,,null,knowledge_revision_event_0b36f4b2852ca06c71cd6ab4,DAILY_REVIEW_CELL,false,OPPORTUNITY_ADDED,2023-11-17,false
false,false,cell_8d1c49d3e1718f64fcb81f76,"{""attribute_name"":""lithology"",""base_stage3a_state_version_id"":""state_version_84692d3acad16df6e34c0192"",""cell_id"":""cell_8d1c49d3e1718f64fcb81f76"",""claim_type"":""OBSERVED_GEOLOGICAL_CONDITION"",""source_evidence_id"":""doc_f35a75c4f6674700c040b8a2_e0001"",""source_kind"":""GEOLOGICAL_EVIDENCE"",""state_role"":""DAILY_REVIEW_CELL"",""valid_date"":""2023-11-17""}",OBSERVED_GEOLOGICAL_CONDITION,false,false,false,,EXPRESSIBLE,doc_f35a75c4f6674700c040b8a2_e0001,"{""attribute_name"":""lithology"",""normalized_value"":""板岩夹变质砂岩"",""source_evidence_id"":""doc_f35a75c4f6674700c040b8a2_e0001""}",,EXPRESSIBLE,doc_f35a75c4f6674700c040b8a2_e0001,"{""attribute_name"":""lithology"",""normalized_value"":""板岩夹变质砂岩"",""source_evidence_id"":""doc_f35a75c4f6674700c040b8a2_e0001""}",knowledge_revision_event_0b36f4b2852ca06c71cd6ab4,DAILY_REVIEW_CELL,false,UNCHANGED_EXPRESSIBLE,2023-11-17,true
false,false,cell_8d1c49d3e1718f64fcb81f76,"{""attribute_name"":""narrative_water_observation"",""base_stage3a_state_version_id"":""state_version_84692d3acad16df6e34c0192"",""cell_id"":""cell_8d1c49d3e1718f64fcb81f76"",""claim_type"":""OBSERVED_GEOLOGICAL_CONDITION"",""source_evidence_id"":""doc_f35a75c4f6674700c040b8a2_e0001"",""source_kind"":""GEOLOGICAL_EVIDENCE"",""state_role"":""DAILY_REVIEW_CELL"",""valid_date"":""2023-11-17""}",OBSERVED_GEOLOGICAL_CONDITION,false,false,false,,EXPRESSIBLE,doc_f35a75c4f6674700c040b8a2_e0001,"{""attribute_name"":""narrative_water_observation"",""normalized_value"":""滴渗水；线状出水"",""source_evidence_id"":""doc_f35a75c4f6674700c040b8a2_e0001""}",,EXPRESSIBLE,doc_f35a75c4f6674700c040b8a2_e0001,"{""attribute_name"":""narrative_water_observation"",""normalized_value"":""滴渗水；线状出水"",""source_evidence_id"":""doc_f35a75c4f6674700c040b8a2_e0001""}",knowledge_revision_event_0b36f4b2852ca06c71cd6ab4,DAILY_REVIEW_CELL,false,UNCHANGED_EXPRESSIBLE,2023-11-17,true
false,false,cell_8d1c49d3e1718f64fcb81f76,"{""attribute_name"":""risk_hint"",""base_stage3a_state_version_id"":""state_version_84692d3acad16df6e34c0192"",""cell_id"":""cell_8d1c49d3e1718f64fcb81f76"",""claim_type"":""FORECAST_GEOLOGICAL_CONDITION"",""source_evidence_id"":""doc_a1ca08b3f141763f45863a07_e0006"",""source_kind"":""GEOLOGICAL_EVIDENCE"",""state_role"":""DAILY_REVIEW_CELL"",""valid_date"":""2023-11-17""}",FORECAST_GEOLOGICAL_CONDITION,false,false,false,UNKNOWN_SOURCE_VALUE,ABSTAIN,,"{""attribute_name"":""risk_hint"",""normalized_value"":""UNKNOWN"",""source_evidence_id"":""doc_a1ca08b3f141763f45863a07_e0006""}",UNKNOWN_SOURCE_VALUE,ABSTAIN,,"{""attribute_name"":""risk_hint"",""normalized_value"":""UNKNOWN"",""source_evidence_id"":""doc_a1ca08b3f141763f45863a07_e0006""}",knowledge_revision_event_0b36f4b2852ca06c71cd6ab4,DAILY_REVIEW_CELL,false,UNCHANGED_ABSTAIN,2023-11-17,false
false,false,cell_8d1c49d3e1718f64fcb81f76,"{""attribute_name"":""risk_hint"",""base_stage3a_state_version_id"":""state_version_84692d3acad16df6e34c0192"",""cell_id"":""cell_8d1c49d3e1718f64fcb81f76"",""claim_type"":""FORECAST_GEOLOGICAL_CONDITION"",""source_evidence_id"":""doc_a1ca08b3f141763f45863a07_e0007"",""source_kind"":""GEOLOGICAL_EVIDENCE"",""state_role"":""DAILY_REVIEW_CELL"",""valid_date"":""2023-11-17""}",FORECAST_GEOLOGICAL_CONDITION,false,false,false,,EXPRESSIBLE,doc_a1ca08b3f141763f45863a07_e0007,"{""attribute_name"":""risk_hint"",""normalized_value"":""里程+014 附 近有掉块风 险"",""source_evidence_id"":""doc_a1ca08b3f141763f45863a07_e0007""}",,EXPRESSIBLE,doc_a1ca08b3f141763f45863a07_e0007,"{""attribute_name"":""risk_hint"",""normalized_value"":""里程+014 附 近有掉块风 险"",""source_evidence_id"":""doc_a1ca08b3f141763f45863a07_e0007""}",knowledge_revision_event_0b36f4b2852ca06c71cd6ab4,DAILY_REVIEW_CELL,false,UNCHANGED_EXPRESSIBLE,2023-11-17,true
false,false,cell_8d1c49d3e1718f64fcb81f76,"{""attribute_name"":""risk_hint"",""base_stage3a_state_version_id"":""state_version_84692d3acad16df6e34c0192"",""cell_id"":""cell_8d1c49d3e1718f64fcb81f76"",""claim_type"":""FORECAST_GEOLOGICAL_CONDITION"",""source_evidence_id"":""doc_d0afc25463d4776277ebb952_e0002"",""source_kind"":""GEOLOGICAL_EVIDENCE"",""state_role"":""DAILY_REVIEW_CELL"",""valid_date"":""2023-11-17""}",FORECAST_GEOLOGICAL_CONDITION,true,true,false,UNKNOWN_SOURCE_VALUE,ABSTAIN,,"{""attribute_name"":""risk_hint"",""normalized_value"":""UNKNOWN"",""source_evidence_id"":""doc_d0afc25463d4776277ebb952_e0002""}",,,,null,knowledge_revision_event_0b36f4b2852ca06c71cd6ab4,DAILY_REVIEW_CELL,false,OPPORTUNITY_ADDED,2023-11-17,false
false,false,cell_8d1c49d3e1718f64fcb81f76,"{""attribute_name"":""rock_mass_state"",""base_stage3a_state_version_id"":""state_version_84692d3acad16df6e34c0192"",""cell_id"":""cell_8d1c49d3e1718f64fcb81f76"",""claim_type"":""FORECAST_GEOLOGICAL_CONDITION"",""source_evidence_id"":""doc_a1ca08b3f141763f45863a07_e0006"",""source_kind"":""GEOLOGICAL_EVIDENCE"",""state_role"":""DAILY_REVIEW_CELL"",""valid_date"":""2023-11-17""}",FORECAST_GEOLOGICAL_CONDITION,false,false,false,,EXPRESSIBLE,doc_a1ca08b3f141763f45863a07_e0006,"{""attribute_name"":""rock_mass_state"",""normalized_value"":""岩体较破碎"",""source_evidence_id"":""doc_a1ca08b3f141763f45863a07_e0006""}",,EXPRESSIBLE,doc_a1ca08b3f141763f45863a07_e0006,"{""attribute_name"":""rock_mass_state"",""normalized_value"":""岩体较破碎"",""source_evidence_id"":""doc_a1ca08b3f141763f45863a07_e0006""}",knowledge_revision_event_0b36f4b2852ca06c71cd6ab4,DAILY_REVIEW_CELL,false,UNCHANGED_EXPRESSIBLE,2023-11-17,true
false,false,cell_8d1c49d3e1718f64fcb81f76,"{""attribute_name"":""rock_mass_state"",""base_stage3a_state_version_id"":""state_version_84692d3acad16df6e34c0192"",""cell_id"":""cell_8d1c49d3e1718f64fcb81f76"",""claim_type"":""FORECAST_GEOLOGICAL_CONDITION"",""source_evidence_id"":""doc_a1ca08b3f141763f45863a07_e0007"",""source_kind"":""GEOLOGICAL_EVIDENCE"",""state_role"":""DAILY_REVIEW_CELL"",""valid_date"":""2023-11-17""}",FORECAST_GEOLOGICAL_CONDITION,false,false,false,,EXPRESSIBLE,doc_a1ca08b3f141763f45863a07_e0007,"{""attribute_name"":""rock_mass_state"",""normalized_value"":""岩体较破碎-破碎"",""source_evidence_id"":""doc_a1ca08b3f141763f45863a07_e0007""}",,EXPRESSIBLE,doc_a1ca08b3f141763f45863a07_e0007,"{""attribute_name"":""rock_mass_state"",""normalized_value"":""岩体较破碎-破碎"",""source_evidence_id"":""doc_a1ca08b3f141763f45863a07_e0007""}",knowledge_revision_event_0b36f4b2852ca06c71cd6ab4,DAILY_REVIEW_CELL,false,UNCHANGED_EXPRESSIBLE,2023-11-17,true
false,false,cell_8d1c49d3e1718f64fcb81f76,"{""attribute_name"":""rock_mass_state"",""base_stage3a_state_version_id"":""state_version_84692d3acad16df6e34c0192"",""cell_id"":""cell_8d1c49d3e1718f64fcb81f76"",""claim_type"":""FORECAST_GEOLOGICAL_CONDITION"",""source_evidence_id"":""doc_d0afc25463d4776277ebb952_e0002"",""source_kind"":""GEOLOGICAL_EVIDENCE"",""state_role"":""DAILY_REVIEW_CELL"",""valid_date"":""2023-11-17""}",FORECAST_GEOLOGICAL_CONDITION,true,true,false,,EXPRESSIBLE,doc_d0afc25463d4776277ebb952_e0002,"{""attribute_name"":""rock_mass_state"",""normalized_value"":""岩体较破碎"",""source_evidence_id"":""doc_d0afc25463d4776277ebb952_e0002""}",,,,null,knowledge_revision_event_0b36f4b2852ca06c71cd6ab4,DAILY_REVIEW_CELL,false,OPPORTUNITY_ADDED,2023-11-17,false
false,false,cell_8d1c49d3e1718f64fcb81f76,"{""attribute_name"":""rock_mass_state"",""base_stage3a_state_version_id"":""state_version_84692d3acad16df6e34c0192"",""cell_id"":""cell_8d1c49d3e1718f64fcb81f76"",""claim_type"":""OBSERVED_GEOLOGICAL_CONDITION"",""source_evidence_id"":""doc_d0afc25463d4776277ebb952_e0001"",""source_kind"":""GEOLOGICAL_EVIDENCE"",""state_role"":""DAILY_REVIEW_CELL"",""valid_date"":""2023-11-17""}",OBSERVED_GEOLOGICAL_CONDITION,true,true,false,,EXPRESSIBLE,doc_d0afc25463d4776277ebb952_e0001,"{""attribute_name"":""rock_mass_state"",""normalized_value"":""岩体较破碎"",""source_evidence_id"":""doc_d0afc25463d4776277ebb952_e0001""}",,,,null,knowledge_revision_event_0b36f4b2852ca06c71cd6ab4,DAILY_REVIEW_CELL,false,OPPORTUNITY_ADDED,2023-11-17,false
false,false,cell_8d1c49d3e1718f64fcb81f76,"{""attribute_name"":""rock_mass_state"",""base_stage3a_state_version_id"":""state_version_84692d3acad16df6e34c0192"",""cell_id"":""cell_8d1c49d3e1718f64fcb81f76"",""claim_type"":""OBSERVED_GEOLOGICAL_CONDITION"",""source_evidence_id"":""doc_f35a75c4f6674700c040b8a2_e0001"",""source_kind"":""GEOLOGICAL_EVIDENCE"",""state_role"":""DAILY_REVIEW_CELL"",""valid_date"":""2023-11-17""}",OBSERVED_GEOLOGICAL_CONDITION,false,false,false,,EXPRESSIBLE,doc_f35a75c4f6674700c040b8a2_e0001,"{""attribute_name"":""rock_mass_state"",""normalized_value"":""岩体较破碎"",""source_evidence_id"":""doc_f35a75c4f6674700c040b8a2_e0001""}",,EXPRESSIBLE,doc_f35a75c4f6674700c040b8a2_e0001,"{""attribute_name"":""rock_mass_state"",""normalized_value"":""岩体较破碎"",""source_evidence_id"":""doc_f35a75c4f6674700c040b8a2_e0001""}",knowledge_revision_event_0b36f4b2852ca06c71cd6ab4,DAILY_REVIEW_CELL,false,UNCHANGED_EXPRESSIBLE,2023-11-17,true
false,false,cell_8d1c49d3e1718f64fcb81f76,"{""attribute_name"":""rock_strength"",""base_stage3a_state_version_id"":""state_version_84692d3acad16df6e34c0192"",""cell_id"":""cell_8d1c49d3e1718f64fcb81f76"",""claim_type"":""OBSERVED_GEOLOGICAL_CONDITION"",""source_evidence_id"":""doc_f35a75c4f6674700c040b8a2_e0001"",""source_kind"":""GEOLOGICAL_EVIDENCE"",""state_role"":""DAILY_REVIEW_CELL"",""valid_date"":""2023-11-17""}",OBSERVED_GEOLOGICAL_CONDITION,false,false,false,,EXPRESSIBLE,doc_f35a75c4f6674700c040b8a2_e0001,"{""attribute_name"":""rock_strength"",""normalized_value"":""30＜R≤60"",""source_evidence_id"":""doc_f35a75c4f6674700c040b8a2_e0001""}",,EXPRESSIBLE,doc_f35a75c4f6674700c040b8a2_e0001,"{""attribute_name"":""rock_strength"",""normalized_value"":""30＜R≤60"",""source_evidence_id"":""doc_f35a75c4f6674700c040b8a2_e0001""}",knowledge_revision_event_0b36f4b2852ca06c71cd6ab4,DAILY_REVIEW_CELL,false,UNCHANGED_EXPRESSIBLE,2023-11-17,true
false,false,cell_8d1c49d3e1718f64fcb81f76,"{""attribute_name"":""stability"",""base_stage3a_state_version_id"":""state_version_84692d3acad16df6e34c0192"",""cell_id"":""cell_8d1c49d3e1718f64fcb81f76"",""claim_type"":""OBSERVED_GEOLOGICAL_CONDITION"",""source_evidence_id"":""doc_f35a75c4f6674700c040b8a2_e0001"",""source_kind"":""GEOLOGICAL_EVIDENCE"",""state_role"":""DAILY_REVIEW_CELL"",""valid_date"":""2023-11-17""}",OBSERVED_GEOLOGICAL_CONDITION,false,false,false,UNKNOWN_SOURCE_VALUE,ABSTAIN,,"{""attribute_name"":""stability"",""normalized_value"":""UNKNOWN"",""source_evidence_id"":""doc_f35a75c4f6674700c040b8a2_e0001""}",UNKNOWN_SOURCE_VALUE,ABSTAIN,,"{""attribute_name"":""stability"",""normalized_value"":""UNKNOWN"",""source_evidence_id"":""doc_f35a75c4f6674700c040b8a2_e0001""}",knowledge_revision_event_0b36f4b2852ca06c71cd6ab4,DAILY_REVIEW_CELL,false,UNCHANGED_ABSTAIN,2023-11-17,false
false,false,cell_8d1c49d3e1718f64fcb81f76,"{""attribute_name"":""suggested_grade"",""base_stage3a_state_version_id"":""state_version_84692d3acad16df6e34c0192"",""cell_id"":""cell_8d1c49d3e1718f64fcb81f76"",""claim_type"":""FORECAST_GEOLOGICAL_CONDITION"",""source_evidence_id"":""doc_a1ca08b3f141763f45863a07_e0006"",""source_kind"":""GEOLOGICAL_EVIDENCE"",""state_role"":""DAILY_REVIEW_CELL"",""valid_date"":""2023-11-17""}",FORECAST_GEOLOGICAL_CONDITION,false,false,false,,EXPRESSIBLE,doc_a1ca08b3f141763f45863a07_e0006,"{""attribute_name"":""suggested_grade"",""normalized_value"":""Ⅲ级"",""source_evidence_id"":""doc_a1ca08b3f141763f45863a07_e0006""}",,EXPRESSIBLE,doc_a1ca08b3f141763f45863a07_e0006,"{""attribute_name"":""suggested_grade"",""normalized_value"":""Ⅲ级"",""source_evidence_id"":""doc_a1ca08b3f141763f45863a07_e0006""}",knowledge_revision_event_0b36f4b2852ca06c71cd6ab4,DAILY_REVIEW_CELL,false,UNCHANGED_EXPRESSIBLE,2023-11-17,true
false,false,cell_8d1c49d3e1718f64fcb81f76,"{""attribute_name"":""suggested_grade"",""base_stage3a_state_version_id"":""state_version_84692d3acad16df6e34c0192"",""cell_id"":""cell_8d1c49d3e1718f64fcb81f76"",""claim_type"":""FORECAST_GEOLOGICAL_CONDITION"",""source_evidence_id"":""doc_a1ca08b3f141763f45863a07_e0007"",""source_kind"":""GEOLOGICAL_EVIDENCE"",""state_role"":""DAILY_REVIEW_CELL"",""valid_date"":""2023-11-17""}",FORECAST_GEOLOGICAL_CONDITION,false,false,false,,EXPRESSIBLE,doc_a1ca08b3f141763f45863a07_e0007,"{""attribute_name"":""suggested_grade"",""normalized_value"":""Ⅳ级"",""source_evidence_id"":""doc_a1ca08b3f141763f45863a07_e0007""}",,EXPRESSIBLE,doc_a1ca08b3f141763f45863a07_e0007,"{""attribute_name"":""suggested_grade"",""normalized_value"":""Ⅳ级"",""source_evidence_id"":""doc_a1ca08b3f141763f45863a07_e0007""}",knowledge_revision_event_0b36f4b2852ca06c71cd6ab4,DAILY_REVIEW_CELL,false,UNCHANGED_EXPRESSIBLE,2023-11-17,true
false,false,cell_8d1c49d3e1718f64fcb81f76,"{""attribute_name"":""suggested_grade"",""base_stage3a_state_version_id"":""state_version_84692d3acad16df6e34c0192"",""cell_id"":""cell_8d1c49d3e1718f64fcb81f76"",""claim_type"":""FORECAST_GEOLOGICAL_CONDITION"",""source_evidence_id"":""doc_d0afc25463d4776277ebb952_e0002"",""source_kind"":""GEOLOGICAL_EVIDENCE"",""state_role"":""DAILY_REVIEW_CELL"",""valid_date"":""2023-11-17""}",FORECAST_GEOLOGICAL_CONDITION,true,true,false,,EXPRESSIBLE,doc_d0afc25463d4776277ebb952_e0002,"{""attribute_name"":""suggested_grade"",""normalized_value"":""Ⅲ级"",""source_evidence_id"":""doc_d0afc25463d4776277ebb952_e0002""}",,,,null,knowledge_revision_event_0b36f4b2852ca06c71cd6ab4,DAILY_REVIEW_CELL,false,OPPORTUNITY_ADDED,2023-11-17,false
false,false,cell_8d1c49d3e1718f64fcb81f76,"{""attribute_name"":""suggested_surrounding_rock_grade"",""base_stage3a_state_version_id"":""state_version_84692d3acad16df6e34c0192"",""cell_id"":""cell_8d1c49d3e1718f64fcb81f76"",""claim_type"":""OBSERVED_GEOLOGICAL_CONDITION"",""source_evidence_id"":""doc_f35a75c4f6674700c040b8a2_e0001"",""source_kind"":""GEOLOGICAL_EVIDENCE"",""state_role"":""DAILY_REVIEW_CELL"",""valid_date"":""2023-11-17""}",OBSERVED_GEOLOGICAL_CONDITION,false,false,false,,EXPRESSIBLE,doc_f35a75c4f6674700c040b8a2_e0001,"{""attribute_name"":""suggested_surrounding_rock_grade"",""normalized_value"":""Ⅲ级"",""source_evidence_id"":""doc_f35a75c4f6674700c040b8a2_e0001""}",,EXPRESSIBLE,doc_f35a75c4f6674700c040b8a2_e0001,"{""attribute_name"":""suggested_surrounding_rock_grade"",""normalized_value"":""Ⅲ级"",""source_evidence_id"":""doc_f35a75c4f6674700c040b8a2_e0001""}",knowledge_revision_event_0b36f4b2852ca06c71cd6ab4,DAILY_REVIEW_CELL,false,UNCHANGED_EXPRESSIBLE,2023-11-17,true
false,false,cell_8d1c49d3e1718f64fcb81f76,"{""attribute_name"":""water_type"",""base_stage3a_state_version_id"":""state_version_84692d3acad16df6e34c0192"",""cell_id"":""cell_8d1c49d3e1718f64fcb81f76"",""claim_type"":""OBSERVED_GEOLOGICAL_CONDITION"",""source_evidence_id"":""doc_f35a75c4f6674700c040b8a2_e0001"",""source_kind"":""GEOLOGICAL_EVIDENCE"",""state_role"":""DAILY_REVIEW_CELL"",""valid_date"":""2023-11-17""}",OBSERVED_GEOLOGICAL_CONDITION,false,false,false,,EXPRESSIBLE,doc_f35a75c4f6674700c040b8a2_e0001,"{""attribute_name"":""water_type"",""normalized_value"":""滴渗水；线状出水"",""source_evidence_id"":""doc_f35a75c4f6674700c040b8a2_e0001""}",,EXPRESSIBLE,doc_f35a75c4f6674700c040b8a2_e0001,"{""attribute_name"":""water_type"",""normalized_value"":""滴渗水；线状出水"",""source_evidence_id"":""doc_f35a75c4f6674700c040b8a2_e0001""}",knowledge_revision_event_0b36f4b2852ca06c71cd6ab4,DAILY_REVIEW_CELL,false,UNCHANGED_EXPRESSIBLE,2023-11-17,true
false,false,cell_8d1c49d3e1718f64fcb81f76,"{""attribute_name"":""weathering"",""base_stage3a_state_version_id"":""state_version_84692d3acad16df6e34c0192"",""cell_id"":""cell_8d1c49d3e1718f64fcb81f76"",""claim_type"":""FORECAST_GEOLOGICAL_CONDITION"",""source_evidence_id"":""doc_a1ca08b3f141763f45863a07_e0006"",""source_kind"":""GEOLOGICAL_EVIDENCE"",""state_role"":""DAILY_REVIEW_CELL"",""valid_date"":""2023-11-17""}",FORECAST_GEOLOGICAL_CONDITION,false,false,false,,EXPRESSIBLE,doc_a1ca08b3f141763f45863a07_e0006,"{""attribute_name"":""weathering"",""normalized_value"":""弱风化"",""source_evidence_id"":""doc_a1ca08b3f141763f45863a07_e0006""}",,EXPRESSIBLE,doc_a1ca08b3f141763f45863a07_e0006,"{""attribute_name"":""weathering"",""normalized_value"":""弱风化"",""source_evidence_id"":""doc_a1ca08b3f141763f45863a07_e0006""}",knowledge_revision_event_0b36f4b2852ca06c71cd6ab4,DAILY_REVIEW_CELL,false,UNCHANGED_EXPRESSIBLE,2023-11-17,true
false,false,cell_8d1c49d3e1718f64fcb81f76,"{""attribute_name"":""weathering"",""base_stage3a_state_version_id"":""state_version_84692d3acad16df6e34c0192"",""cell_id"":""cell_8d1c49d3e1718f64fcb81f76"",""claim_type"":""FORECAST_GEOLOGICAL_CONDITION"",""source_evidence_id"":""doc_a1ca08b3f141763f45863a07_e0007"",""source_kind"":""GEOLOGICAL_EVIDENCE"",""state_role"":""DAILY_REVIEW_CELL"",""valid_date"":""2023-11-17""}",FORECAST_GEOLOGICAL_CONDITION,false,false,false,,EXPRESSIBLE,doc_a1ca08b3f141763f45863a07_e0007,"{""attribute_name"":""weathering"",""normalized_value"":""弱风化"",""source_evidence_id"":""doc_a1ca08b3f141763f45863a07_e0007""}",,EXPRESSIBLE,doc_a1ca08b3f141763f45863a07_e0007,"{""attribute_name"":""weathering"",""normalized_value"":""弱风化"",""source_evidence_id"":""doc_a1ca08b3f141763f45863a07_e0007""}",knowledge_revision_event_0b36f4b2852ca06c71cd6ab4,DAILY_REVIEW_CELL,false,UNCHANGED_EXPRESSIBLE,2023-11-17,true
false,false,cell_8d1c49d3e1718f64fcb81f76,"{""attribute_name"":""weathering"",""base_stage3a_state_version_id"":""state_version_84692d3acad16df6e34c0192"",""cell_id"":""cell_8d1c49d3e1718f64fcb81f76"",""claim_type"":""FORECAST_GEOLOGICAL_CONDITION"",""source_evidence_id"":""doc_d0afc25463d4776277ebb952_e0002"",""source_kind"":""GEOLOGICAL_EVIDENCE"",""state_role"":""DAILY_REVIEW_CELL"",""valid_date"":""2023-11-17""}",FORECAST_GEOLOGICAL_CONDITION,true,true,false,,EXPRESSIBLE,doc_d0afc25463d4776277ebb952_e0002,"{""attribute_name"":""weathering"",""normalized_value"":""弱风化"",""source_evidence_id"":""doc_d0afc25463d4776277ebb952_e0002""}",,,,null,knowledge_revision_event_0b36f4b2852ca06c71cd6ab4,DAILY_REVIEW_CELL,false,OPPORTUNITY_ADDED,2023-11-17,false
false,false,cell_8d1c49d3e1718f64fcb81f76,"{""attribute_name"":""weathering"",""base_stage3a_state_version_id"":""state_version_84692d3acad16df6e34c0192"",""cell_id"":""cell_8d1c49d3e1718f64fcb81f76"",""claim_type"":""OBSERVED_GEOLOGICAL_CONDITION"",""source_evidence_id"":""doc_d0afc25463d4776277ebb952_e0001"",""source_kind"":""GEOLOGICAL_EVIDENCE"",""state_role"":""DAILY_REVIEW_CELL"",""valid_date"":""2023-11-17""}",OBSERVED_GEOLOGICAL_CONDITION,true,true,false,,EXPRESSIBLE,doc_d0afc25463d4776277ebb952_e0001,"{""attribute_name"":""weathering"",""normalized_value"":""弱风化"",""source_evidence_id"":""doc_d0afc25463d4776277ebb952_e0001""}",,,,null,knowledge_revision_event_0b36f4b2852ca06c71cd6ab4,DAILY_REVIEW_CELL,false,OPPORTUNITY_ADDED,2023-11-17,false
false,false,cell_8d1c49d3e1718f64fcb81f76,"{""attribute_name"":""weathering"",""base_stage3a_state_version_id"":""state_version_84692d3acad16df6e34c0192"",""cell_id"":""cell_8d1c49d3e1718f64fcb81f76"",""claim_type"":""OBSERVED_GEOLOGICAL_CONDITION"",""source_evidence_id"":""doc_f35a75c4f6674700c040b8a2_e0001"",""source_kind"":""GEOLOGICAL_EVIDENCE"",""state_role"":""DAILY_REVIEW_CELL"",""valid_date"":""2023-11-17""}",OBSERVED_GEOLOGICAL_CONDITION,false,false,false,,EXPRESSIBLE,doc_f35a75c4f6674700c040b8a2_e0001,"{""attribute_name"":""weathering"",""normalized_value"":""弱风化"",""source_evidence_id"":""doc_f35a75c4f6674700c040b8a2_e0001""}",,EXPRESSIBLE,doc_f35a75c4f6674700c040b8a2_e0001,"{""attribute_name"":""weathering"",""normalized_value"":""弱风化"",""source_evidence_id"":""doc_f35a75c4f6674700c040b8a2_e0001""}",knowledge_revision_event_0b36f4b2852ca06c71cd6ab4,DAILY_REVIEW_CELL,false,UNCHANGED_EXPRESSIBLE,2023-11-17,true
false,false,cell_8d1c49d3e1718f64fcb81f76,"{""base_stage3a_state_version_id"":""state_version_84692d3acad16df6e34c0192"",""cell_id"":""cell_8d1c49d3e1718f64fcb81f76"",""claim_type"":""COUPLED_ATTENTION_REVIEW"",""metric_name"":""GRCI"",""source_kind"":""STATE_GRCI"",""state_role"":""DAILY_REVIEW_CELL"",""valid_date"":""2023-11-17""}",COUPLED_ATTENTION_REVIEW,false,false,false,,EXPRESSIBLE,state_grci_a42f903f020866c6ddea94c5,"{""is_causal_estimate"":false,""is_hazard_probability"":false,""is_probability"":false,""metric_name"":""GRCI"",""metric_semantics"":""NONPROBABILISTIC_CONJUNCTIVE_PRODUCT"",""metric_status"":""AVAILABLE"",""metric_value"":0.2383629140531512}",,EXPRESSIBLE,state_grci_2582b2b12e906bd1b722614e,"{""is_causal_estimate"":false,""is_hazard_probability"":false,""is_probability"":false,""metric_name"":""GRCI"",""metric_semantics"":""NONPROBABILISTIC_CONJUNCTIVE_PRODUCT"",""metric_status"":""AVAILABLE"",""metric_value"":0.2383629140531512}",knowledge_revision_event_0b36f4b2852ca06c71cd6ab4,DAILY_REVIEW_CELL,true,RESOLVED_SUPPORT_CHANGED,2023-11-17,false
false,false,cell_8d1c49d3e1718f64fcb81f76,"{""base_stage3a_state_version_id"":""state_version_84692d3acad16df6e34c0192"",""cell_id"":""cell_8d1c49d3e1718f64fcb81f76"",""claim_type"":""GEOLOGICAL_EVIDENCE_ATTENTION_REVIEW"",""metric_name"":""GRS"",""source_kind"":""STATE_GRS"",""state_role"":""DAILY_REVIEW_CELL"",""valid_date"":""2023-11-17""}",GEOLOGICAL_EVIDENCE_ATTENTION_REVIEW,false,false,false,,EXPRESSIBLE,state_grs_a42f903f020866c6ddea94c5,"{""is_causal_estimate"":false,""is_hazard_probability"":false,""is_probability"":false,""metric_name"":""GRS"",""metric_semantics"":""GEOLOGICAL_EVIDENCE_ATTENTION_INDEX"",""metric_status"":""AVAILABLE"",""metric_value"":0.5722222222222222}",,EXPRESSIBLE,state_grs_2582b2b12e906bd1b722614e,"{""is_causal_estimate"":false,""is_hazard_probability"":false,""is_probability"":false,""metric_name"":""GRS"",""metric_semantics"":""GEOLOGICAL_EVIDENCE_ATTENTION_INDEX"",""metric_status"":""AVAILABLE"",""metric_value"":0.5722222222222222}",knowledge_revision_event_0b36f4b2852ca06c71cd6ab4,DAILY_REVIEW_CELL,true,RESOLVED_SUPPORT_CHANGED,2023-11-17,false
false,false,cell_8d1c49d3e1718f64fcb81f76,"{""base_stage3a_state_version_id"":""state_version_84692d3acad16df6e34c0192"",""cell_id"":""cell_8d1c49d3e1718f64fcb81f76"",""claim_type"":""OPERATIONAL_RESPONSE_ATTENTION"",""metric_name"":""RAI"",""source_kind"":""STATE_RAI"",""state_role"":""DAILY_REVIEW_CELL"",""valid_date"":""2023-11-17""}",OPERATIONAL_RESPONSE_ATTENTION,false,false,false,,EXPRESSIBLE,state_rai_a42f903f020866c6ddea94c5,"{""is_causal_estimate"":false,""is_hazard_probability"":false,""is_probability"":false,""metric_name"":""RAI"",""metric_semantics"":""OPERATIONAL_RESPONSE_ATTENTION_INDEX"",""metric_status"":""AVAILABLE"",""metric_value"":0.41655654883074966}",,EXPRESSIBLE,state_rai_2582b2b12e906bd1b722614e,"{""is_causal_estimate"":false,""is_hazard_probability"":false,""is_probability"":false,""metric_name"":""RAI"",""metric_semantics"":""OPERATIONAL_RESPONSE_ATTENTION_INDEX"",""metric_status"":""AVAILABLE"",""metric_value"":0.41655654883074966}",knowledge_revision_event_0b36f4b2852ca06c71cd6ab4,DAILY_REVIEW_CELL,false,UNCHANGED_EXPRESSIBLE,2023-11-17,true
false,false,cell_af293191decaff8df7b1d72b,"{""attribute_name"":""anomaly_level"",""base_stage3a_state_version_id"":""state_version_90132939564734086ffba720"",""cell_id"":""cell_af293191decaff8df7b1d72b"",""claim_type"":""FORECAST_GEOLOGICAL_CONDITION"",""source_evidence_id"":""doc_1bccaf9b3397c0d25601b19d_e0002"",""source_kind"":""GEOLOGICAL_EVIDENCE"",""state_role"":""DAILY_REVIEW_CELL"",""valid_date"":""2023-11-28""}",FORECAST_GEOLOGICAL_CONDITION,true,true,false,UNKNOWN_SOURCE_VALUE,ABSTAIN,,"{""attribute_name"":""anomaly_level"",""normalized_value"":""NONE"",""source_evidence_id"":""doc_1bccaf9b3397c0d25601b19d_e0002""}",,,,null,knowledge_revision_event_0c39df0e0cf206f7801f0246,DAILY_REVIEW_CELL,false,OPPORTUNITY_ADDED,2023-11-28,false
false,false,cell_af293191decaff8df7b1d72b,"{""attribute_name"":""anomaly_level"",""base_stage3a_state_version_id"":""state_version_90132939564734086ffba720"",""cell_id"":""cell_af293191decaff8df7b1d72b"",""claim_type"":""FORECAST_GEOLOGICAL_CONDITION"",""source_evidence_id"":""doc_62bf6495f3a27bc084947384_e0007"",""source_kind"":""GEOLOGICAL_EVIDENCE"",""state_role"":""DAILY_REVIEW_CELL"",""valid_date"":""2023-11-28""}",FORECAST_GEOLOGICAL_CONDITION,false,false,false,UNKNOWN_SOURCE_VALUE,ABSTAIN,,"{""attribute_name"":""anomaly_level"",""normalized_value"":""NONE"",""source_evidence_id"":""doc_62bf6495f3a27bc084947384_e0007""}",UNKNOWN_SOURCE_VALUE,ABSTAIN,,"{""attribute_name"":""anomaly_level"",""normalized_value"":""NONE"",""source_evidence_id"":""doc_62bf6495f3a27bc084947384_e0007""}",knowledge_revision_event_0c39df0e0cf206f7801f0246,DAILY_REVIEW_CELL,false,UNCHANGED_ABSTAIN,2023-11-28,false
false,false,cell_af293191decaff8df7b1d72b,"{""attribute_name"":""geological_conclusion"",""base_stage3a_state_version_id"":""state_version_90132939564734086ffba720"",""cell_id"":""cell_af293191decaff8df7b1d72b"",""claim_type"":""FORECAST_GEOLOGICAL_CONDITION"",""source_evidence_id"":""doc_1bccaf9b3397c0d25601b19d_e0002"",""source_kind"":""GEOLOGICAL_EVIDENCE"",""state_role"":""DAILY_REVIEW_CELL"",""valid_date"":""2023-11-28""}",FORECAST_GEOLOGICAL_CONDITION,true,true,false,,EXPRESSIBLE,doc_1bccaf9b3397c0d25601b19d_e0002,"{""attribute_name"":""geological_conclusion"",""normalized_value"":""该段围岩与当前掌子面相当。岩 性为板岩夹变质砂岩，围岩整体 弱风化，岩质硬，节理裂隙发育， 岩体破碎。"",""source_evidence_id"":""doc_1bccaf9b3397c0d25601b19d_e0002""}",,,,null,knowledge_revision_event_0c39df0e0cf206f7801f0246,DAILY_REVIEW_CELL,false,OPPORTUNITY_ADDED,2023-11-28,false
false,false,cell_af293191decaff8df7b1d72b,"{""attribute_name"":""geological_conclusion"",""base_stage3a_state_version_id"":""state_version_90132939564734086ffba720"",""cell_id"":""cell_af293191decaff8df7b1d72b"",""claim_type"":""FORECAST_GEOLOGICAL_CONDITION"",""source_evidence_id"":""doc_62bf6495f3a27bc084947384_e0007"",""source_kind"":""GEOLOGICAL_EVIDENCE"",""state_role"":""DAILY_REVIEW_CELL"",""valid_date"":""2023-11-28""}",FORECAST_GEOLOGICAL_CONDITION,false,false,false,,EXPRESSIBLE,doc_62bf6495f3a27bc084947384_e0007,"{""attribute_name"":""geological_conclusion"",""normalized_value"":""该段围岩较前段稍变好。岩性为 板岩夹变质砂岩，弱风化，岩质 硬，节理裂隙较发育，岩体较破 碎。"",""source_evidence_id"":""doc_62bf6495f3a27bc084947384_e0007""}",,EXPRESSIBLE,doc_62bf6495f3a27bc084947384_e0007,"{""attribute_name"":""geological_conclusion"",""normalized_value"":""该段围岩较前段稍变好。岩性为 板岩夹变质砂岩，弱风化，岩质 硬，节理裂隙较发育，岩体较破 碎。"",""source_evidence_id"":""doc_62bf6495f3a27bc084947384_e0007""}",knowledge_revision_event_0c39df0e0cf206f7801f0246,DAILY_REVIEW_CELL,false,UNCHANGED_EXPRESSIBLE,2023-11-28,true
false,false,cell_af293191decaff8df7b1d72b,"{""attribute_name"":""joint_development"",""base_stage3a_state_version_id"":""state_version_90132939564734086ffba720"",""cell_id"":""cell_af293191decaff8df7b1d72b"",""claim_type"":""FORECAST_GEOLOGICAL_CONDITION"",""source_evidence_id"":""doc_1bccaf9b3397c0d25601b19d_e0002"",""source_kind"":""GEOLOGICAL_EVIDENCE"",""state_role"":""DAILY_REVIEW_CELL"",""valid_date"":""2023-11-28""}",FORECAST_GEOLOGICAL_CONDITION,true,true,false,,EXPRESSIBLE,doc_1bccaf9b3397c0d25601b19d_e0002,"{""attribute_name"":""joint_development"",""normalized_value"":""节理裂隙发育"",""source_evidence_id"":""doc_1bccaf9b3397c0d25601b19d_e0002""}",,,,null,knowledge_revision_event_0c39df0e0cf206f7801f0246,DAILY_REVIEW_CELL,false,OPPORTUNITY_ADDED,2023-11-28,false
false,false,cell_af293191decaff8df7b1d72b,"{""attribute_name"":""joint_development"",""base_stage3a_state_version_id"":""state_version_90132939564734086ffba720"",""cell_id"":""cell_af293191decaff8df7b1d72b"",""claim_type"":""FORECAST_GEOLOGICAL_CONDITION"",""source_evidence_id"":""doc_62bf6495f3a27bc084947384_e0007"",""source_kind"":""GEOLOGICAL_EVIDENCE"",""state_role"":""DAILY_REVIEW_CELL"",""valid_date"":""2023-11-28""}",FORECAST_GEOLOGICAL_CONDITION,false,false,false,,EXPRESSIBLE,doc_62bf6495f3a27bc084947384_e0007,"{""attribute_name"":""joint_development"",""normalized_value"":""节理裂隙较发育"",""source_evidence_id"":""doc_62bf6495f3a27bc084947384_e0007""}",,EXPRESSIBLE,doc_62bf6495f3a27bc084947384_e0007,"{""attribute_name"":""joint_development"",""normalized_value"":""节理裂隙较发育"",""source_evidence_id"":""doc_62bf6495f3a27bc084947384_e0007""}",knowledge_revision_event_0c39df0e0cf206f7801f0246,DAILY_REVIEW_CELL,false,UNCHANGED_EXPRESSIBLE,2023-11-28,true
false,false,cell_af293191decaff8df7b1d72b,"{""attribute_name"":""lithology"",""base_stage3a_state_version_id"":""state_version_90132939564734086ffba720"",""cell_id"":""cell_af293191decaff8df7b1d72b"",""claim_type"":""FORECAST_GEOLOGICAL_CONDITION"",""source_evidence_id"":""doc_1bccaf9b3397c0d25601b19d_e0002"",""source_kind"":""GEOLOGICAL_EVIDENCE"",""state_role"":""DAILY_REVIEW_CELL"",""valid_date"":""2023-11-28""}",FORECAST_GEOLOGICAL_CONDITION,true,true,false,,EXPRESSIBLE,doc_1bccaf9b3397c0d25601b19d_e0002,"{""attribute_name"":""lithology"",""normalized_value"":""板岩夹变质砂岩"",""source_evidence_id"":""doc_1bccaf9b3397c0d25601b19d_e0002""}",,,,null,knowledge_revision_event_0c39df0e0cf206f7801f0246,DAILY_REVIEW_CELL,false,OPPORTUNITY_ADDED,2023-11-28,false
false,false,cell_af293191decaff8df7b1d72b,"{""attribute_name"":""lithology"",""base_stage3a_state_version_id"":""state_version_90132939564734086ffba720"",""cell_id"":""cell_af293191decaff8df7b1d72b"",""claim_type"":""FORECAST_GEOLOGICAL_CONDITION"",""source_evidence_id"":""doc_62bf6495f3a27bc084947384_e0007"",""source_kind"":""GEOLOGICAL_EVIDENCE"",""state_role"":""DAILY_REVIEW_CELL"",""valid_date"":""2023-11-28""}",FORECAST_GEOLOGICAL_CONDITION,false,false,false,,EXPRESSIBLE,doc_62bf6495f3a27bc084947384_e0007,"{""attribute_name"":""lithology"",""normalized_value"":""板岩夹变质砂岩"",""source_evidence_id"":""doc_62bf6495f3a27bc084947384_e0007""}",,EXPRESSIBLE,doc_62bf6495f3a27bc084947384_e0007,"{""attribute_name"":""lithology"",""normalized_value"":""板岩夹变质砂岩"",""source_evidence_id"":""doc_62bf6495f3a27bc084947384_e0007""}",knowledge_revision_event_0c39df0e0cf206f7801f0246,DAILY_REVIEW_CELL,false,UNCHANGED_EXPRESSIBLE,2023-11-28,true
false,false,cell_af293191decaff8df7b1d72b,"{""attribute_name"":""risk_hint"",""base_stage3a_state_version_id"":""state_version_90132939564734086ffba720"",""cell_id"":""cell_af293191decaff8df7b1d72b"",""claim_type"":""FORECAST_GEOLOGICAL_CONDITION"",""source_evidence_id"":""doc_1bccaf9b3397c0d25601b19d_e0002"",""source_kind"":""GEOLOGICAL_EVIDENCE"",""state_role"":""DAILY_REVIEW_CELL"",""valid_date"":""2023-11-28""}",FORECAST_GEOLOGICAL_CONDITION,true,true,false,UNKNOWN_SOURCE_VALUE,ABSTAIN,,"{""attribute_name"":""risk_hint"",""normalized_value"":""UNKNOWN"",""source_evidence_id"":""doc_1bccaf9b3397c0d25601b19d_e0002""}",,,,null,knowledge_revision_event_0c39df0e0cf206f7801f0246,DAILY_REVIEW_CELL,false,OPPORTUNITY_ADDED,2023-11-28,false
false,false,cell_af293191decaff8df7b1d72b,"{""attribute_name"":""risk_hint"",""base_stage3a_state_version_id"":""state_version_90132939564734086ffba720"",""cell_id"":""cell_af293191decaff8df7b1d72b"",""claim_type"":""FORECAST_GEOLOGICAL_CONDITION"",""source_evidence_id"":""doc_62bf6495f3a27bc084947384_e0007"",""source_kind"":""GEOLOGICAL_EVIDENCE"",""state_role"":""DAILY_REVIEW_CELL"",""valid_date"":""2023-11-28""}",FORECAST_GEOLOGICAL_CONDITION,false,false,false,UNKNOWN_SOURCE_VALUE,ABSTAIN,,"{""attribute_name"":""risk_hint"",""normalized_value"":""UNKNOWN"",""source_evidence_id"":""doc_62bf6495f3a27bc084947384_e0007""}",UNKNOWN_SOURCE_VALUE,ABSTAIN,,"{""attribute_name"":""risk_hint"",""normalized_value"":""UNKNOWN"",""source_evidence_id"":""doc_62bf6495f3a27bc084947384_e0007""}",knowledge_revision_event_0c39df0e0cf206f7801f0246,DAILY_REVIEW_CELL,false,UNCHANGED_ABSTAIN,2023-11-28,false
false,false,cell_af293191decaff8df7b1d72b,"{""attribute_name"":""rock_mass_state"",""base_stage3a_state_version_id"":""state_version_90132939564734086ffba720"",""cell_id"":""cell_af293191decaff8df7b1d72b"",""claim_type"":""FORECAST_GEOLOGICAL_CONDITION"",""source_evidence_id"":""doc_1bccaf9b3397c0d25601b19d_e0002"",""source_kind"":""GEOLOGICAL_EVIDENCE"",""state_role"":""DAILY_REVIEW_CELL"",""valid_date"":""2023-11-28""}",FORECAST_GEOLOGICAL_CONDITION,true,true,false,,EXPRESSIBLE,doc_1bccaf9b3397c0d25601b19d_e0002,"{""attribute_name"":""rock_mass_state"",""normalized_value"":""岩体破碎"",""source_evidence_id"":""doc_1bccaf9b3397c0d25601b19d_e0002""}",,,,null,knowledge_revision_event_0c39df0e0cf206f7801f0246,DAILY_REVIEW_CELL,false,OPPORTUNITY_ADDED,2023-11-28,false
false,false,cell_af293191decaff8df7b1d72b,"{""attribute_name"":""rock_mass_state"",""base_stage3a_state_version_id"":""state_version_90132939564734086ffba720"",""cell_id"":""cell_af293191decaff8df7b1d72b"",""claim_type"":""FORECAST_GEOLOGICAL_CONDITION"",""source_evidence_id"":""doc_62bf6495f3a27bc084947384_e0007"",""source_kind"":""GEOLOGICAL_EVIDENCE"",""state_role"":""DAILY_REVIEW_CELL"",""valid_date"":""2023-11-28""}",FORECAST_GEOLOGICAL_CONDITION,false,false,false,,EXPRESSIBLE,doc_62bf6495f3a27bc084947384_e0007,"{""attribute_name"":""rock_mass_state"",""normalized_value"":""岩体较破碎"",""source_evidence_id"":""doc_62bf6495f3a27bc084947384_e0007""}",,EXPRESSIBLE,doc_62bf6495f3a27bc084947384_e0007,"{""attribute_name"":""rock_mass_state"",""normalized_value"":""岩体较破碎"",""source_evidence_id"":""doc_62bf6495f3a27bc084947384_e0007""}",knowledge_revision_event_0c39df0e0cf206f7801f0246,DAILY_REVIEW_CELL,false,UNCHANGED_EXPRESSIBLE,2023-11-28,true
false,false,cell_af293191decaff8df7b1d72b,"{""attribute_name"":""suggested_grade"",""base_stage3a_state_version_id"":""state_version_90132939564734086ffba720"",""cell_id"":""cell_af293191decaff8df7b1d72b"",""claim_type"":""FORECAST_GEOLOGICAL_CONDITION"",""source_evidence_id"":""doc_1bccaf9b3397c0d25601b19d_e0002"",""source_kind"":""GEOLOGICAL_EVIDENCE"",""state_role"":""DAILY_REVIEW_CELL"",""valid_date"":""2023-11-28""}",FORECAST_GEOLOGICAL_CONDITION,true,true,false,,EXPRESSIBLE,doc_1bccaf9b3397c0d25601b19d_e0002,"{""attribute_name"":""suggested_grade"",""normalized_value"":""Ⅳ级"",""source_evidence_id"":""doc_1bccaf9b3397c0d25601b19d_e0002""}",,,,null,knowledge_revision_event_0c39df0e0cf206f7801f0246,DAILY_REVIEW_CELL,false,OPPORTUNITY_ADDED,2023-11-28,false
false,false,cell_af293191decaff8df7b1d72b,"{""attribute_name"":""suggested_grade"",""base_stage3a_state_version_id"":""state_version_90132939564734086ffba720"",""cell_id"":""cell_af293191decaff8df7b1d72b"",""claim_type"":""FORECAST_GEOLOGICAL_CONDITION"",""source_evidence_id"":""doc_62bf6495f3a27bc084947384_e0007"",""source_kind"":""GEOLOGICAL_EVIDENCE"",""state_role"":""DAILY_REVIEW_CELL"",""valid_date"":""2023-11-28""}",FORECAST_GEOLOGICAL_CONDITION,false,false,false,,EXPRESSIBLE,doc_62bf6495f3a27bc084947384_e0007,"{""attribute_name"":""suggested_grade"",""normalized_value"":""Ⅳ级"",""source_evidence_id"":""doc_62bf6495f3a27bc084947384_e0007""}",,EXPRESSIBLE,doc_62bf6495f3a27bc084947384_e0007,"{""attribute_name"":""suggested_grade"",""normalized_value"":""Ⅳ级"",""source_evidence_id"":""doc_62bf6495f3a27bc084947384_e0007""}",knowledge_revision_event_0c39df0e0cf206f7801f0246,DAILY_REVIEW_CELL,false,UNCHANGED_EXPRESSIBLE,2023-11-28,true
false,false,cell_af293191decaff8df7b1d72b,"{""attribute_name"":""weathering"",""base_stage3a_state_version_id"":""state_version_90132939564734086ffba720"",""cell_id"":""cell_af293191decaff8df7b1d72b"",""claim_type"":""FORECAST_GEOLOGICAL_CONDITION"",""source_evidence_id"":""doc_1bccaf9b3397c0d25601b19d_e0002"",""source_kind"":""GEOLOGICAL_EVIDENCE"",""state_role"":""DAILY_REVIEW_CELL"",""valid_date"":""2023-11-28""}",FORECAST_GEOLOGICAL_CONDITION,true,true,false,,EXPRESSIBLE,doc_1bccaf9b3397c0d25601b19d_e0002,"{""attribute_name"":""weathering"",""normalized_value"":""弱风化"",""source_evidence_id"":""doc_1bccaf9b3397c0d25601b19d_e0002""}",,,,null,knowledge_revision_event_0c39df0e0cf206f7801f0246,DAILY_REVIEW_CELL,false,OPPORTUNITY_ADDED,2023-11-28,false
false,false,cell_af293191decaff8df7b1d72b,"{""attribute_name"":""weathering"",""base_stage3a_state_version_id"":""state_version_90132939564734086ffba720"",""cell_id"":""cell_af293191decaff8df7b1d72b"",""claim_type"":""FORECAST_GEOLOGICAL_CONDITION"",""source_evidence_id"":""doc_62bf6495f3a27bc084947384_e0007"",""source_kind"":""GEOLOGICAL_EVIDENCE"",""state_role"":""DAILY_REVIEW_CELL"",""valid_date"":""2023-11-28""}",FORECAST_GEOLOGICAL_CONDITION,false,false,false,,EXPRESSIBLE,doc_62bf6495f3a27bc084947384_e0007,"{""attribute_name"":""weathering"",""normalized_value"":""弱风化"",""source_evidence_id"":""doc_62bf6495f3a27bc084947384_e0007""}",,EXPRESSIBLE,doc_62bf6495f3a27bc084947384_e0007,"{""attribute_name"":""weathering"",""normalized_value"":""弱风化"",""source_evidence_id"":""doc_62bf6495f3a27bc084947384_e0007""}",knowledge_revision_event_0c39df0e0cf206f7801f0246,DAILY_REVIEW_CELL,false,UNCHANGED_EXPRESSIBLE,2023-11-28,true
false,true,cell_af293191decaff8df7b1d72b,"{""base_stage3a_state_version_id"":""state_version_90132939564734086ffba720"",""cell_id"":""cell_af293191decaff8df7b1d72b"",""claim_type"":""COUPLED_ATTENTION_REVIEW"",""metric_name"":""GRCI"",""source_kind"":""STATE_GRCI"",""state_role"":""DAILY_REVIEW_CELL"",""valid_date"":""2023-11-28""}",COUPLED_ATTENTION_REVIEW,false,false,false,,EXPRESSIBLE,state_grci_493b65a28fe559c6d37c04d0,"{""is_causal_estimate"":false,""is_hazard_probability"":false,""is_probability"":false,""metric_name"":""GRCI"",""metric_semantics"":""NONPROBABILISTIC_CONJUNCTIVE_PRODUCT"",""metric_status"":""AVAILABLE"",""metric_value"":0.23887182010407082}",,EXPRESSIBLE,state_grci_ab10109f4cbfcb5ef6a3462b,"{""is_causal_estimate"":false,""is_hazard_probability"":false,""is_probability"":false,""metric_name"":""GRCI"",""metric_semantics"":""NONPROBABILISTIC_CONJUNCTIVE_PRODUCT"",""metric_status"":""AVAILABLE"",""metric_value"":0.1286232877483458}",knowledge_revision_event_0c39df0e0cf206f7801f0246,DAILY_REVIEW_CELL,true,CLAIM_VALUE_CHANGED,2023-11-28,false
false,true,cell_af293191decaff8df7b1d72b,"{""base_stage3a_state_version_id"":""state_version_90132939564734086ffba720"",""cell_id"":""cell_af293191decaff8df7b1d72b"",""claim_type"":""GEOLOGICAL_EVIDENCE_ATTENTION_REVIEW"",""metric_name"":""GRS"",""source_kind"":""STATE_GRS"",""state_role"":""DAILY_REVIEW_CELL"",""valid_date"":""2023-11-28""}",GEOLOGICAL_EVIDENCE_ATTENTION_REVIEW,false,false,false,,EXPRESSIBLE,state_grs_493b65a28fe559c6d37c04d0,"{""is_causal_estimate"":false,""is_hazard_probability"":false,""is_probability"":false,""metric_name"":""GRS"",""metric_semantics"":""GEOLOGICAL_EVIDENCE_ATTENTION_INDEX"",""metric_status"":""AVAILABLE"",""metric_value"":0.5416666666666666}",,EXPRESSIBLE,state_grs_ab10109f4cbfcb5ef6a3462b,"{""is_causal_estimate"":false,""is_hazard_probability"":false,""is_probability"":false,""metric_name"":""GRS"",""metric_semantics"":""GEOLOGICAL_EVIDENCE_ATTENTION_INDEX"",""metric_status"":""AVAILABLE"",""metric_value"":0.29166666666666663}",knowledge_revision_event_0c39df0e0cf206f7801f0246,DAILY_REVIEW_CELL,true,CLAIM_VALUE_CHANGED,2023-11-28,false
false,false,cell_af293191decaff8df7b1d72b,"{""base_stage3a_state_version_id"":""state_version_90132939564734086ffba720"",""cell_id"":""cell_af293191decaff8df7b1d72b"",""claim_type"":""OPERATIONAL_RESPONSE_ATTENTION"",""metric_name"":""RAI"",""source_kind"":""STATE_RAI"",""state_role"":""DAILY_REVIEW_CELL"",""valid_date"":""2023-11-28""}",OPERATIONAL_RESPONSE_ATTENTION,false,false,false,,EXPRESSIBLE,state_rai_493b65a28fe559c6d37c04d0,"{""is_causal_estimate"":false,""is_hazard_probability"":false,""is_probability"":false,""metric_name"":""RAI"",""metric_semantics"":""OPERATIONAL_RESPONSE_ATTENTION_INDEX"",""metric_status"":""AVAILABLE"",""metric_value"":0.4409941294229}",,EXPRESSIBLE,state_rai_ab10109f4cbfcb5ef6a3462b,"{""is_causal_estimate"":false,""is_hazard_probability"":false,""is_probability"":false,""metric_name"":""RAI"",""metric_semantics"":""OPERATIONAL_RESPONSE_ATTENTION_INDEX"",""metric_status"":""AVAILABLE"",""metric_value"":0.4409941294229}",knowledge_revision_event_0c39df0e0cf206f7801f0246,DAILY_REVIEW_CELL,false,UNCHANGED_EXPRESSIBLE,2023-11-28,true
false,false,cell_5f623d6b57b59266e65e7d26,"{""attribute_name"":""anomaly_level"",""base_stage3a_state_version_id"":""state_version_73d74d7a4d5dbdc69aa847ab"",""cell_id"":""cell_5f623d6b57b59266e65e7d26"",""claim_type"":""FORECAST_GEOLOGICAL_CONDITION"",""source_evidence_id"":""doc_042ef22be43ba006975946e2_e0002"",""source_kind"":""GEOLOGICAL_EVIDENCE"",""state_role"":""FORWARD_ATTENTION_CELL"",""valid_date"":""2023-09-22""}",FORECAST_GEOLOGICAL_CONDITION,true,true,false,UNKNOWN_SOURCE_VALUE,ABSTAIN,,"{""attribute_name"":""anomaly_level"",""normalized_value"":""NONE"",""source_evidence_id"":""doc_042ef22be43ba006975946e2_e0002""}",,,,null,knowledge_revision_event_10b94899e6ad3a8c8966a801,FORWARD_ATTENTION_CELL,false,OPPORTUNITY_ADDED,2023-09-22,false
false,false,cell_5f623d6b57b59266e65e7d26,"{""attribute_name"":""geological_conclusion"",""base_stage3a_state_version_id"":""state_version_73d74d7a4d5dbdc69aa847ab"",""cell_id"":""cell_5f623d6b57b59266e65e7d26"",""claim_type"":""FORECAST_GEOLOGICAL_CONDITION"",""source_evidence_id"":""doc_042ef22be43ba006975946e2_e0002"",""source_kind"":""GEOLOGICAL_EVIDENCE"",""state_role"":""FORWARD_ATTENTION_CELL"",""valid_date"":""2023-09-22""}",FORECAST_GEOLOGICAL_CONDITION,true,true,false,,EXPRESSIBLE,doc_042ef22be43ba006975946e2_e0002,"{""attribute_name"":""geological_conclusion"",""normalized_value"":""该段围岩与当前掌子面相当。岩 性为板岩夹变质砂岩，弱风化， 岩质软硬不均，节理裂隙发育， 岩体破碎，围岩整体稳定性差"",""source_evidence_id"":""doc_042ef22be43ba006975946e2_e0002""}",,,,null,knowledge_revision_event_10b94899e6ad3a8c8966a801,FORWARD_ATTENTION_CELL,false,OPPORTUNITY_ADDED,2023-09-22,false
false,false,cell_5f623d6b57b59266e65e7d26,"{""attribute_name"":""joint_development"",""base_stage3a_state_version_id"":""state_version_73d74d7a4d5dbdc69aa847ab"",""cell_id"":""cell_5f623d6b57b59266e65e7d26"",""claim_type"":""FORECAST_GEOLOGICAL_CONDITION"",""source_evidence_id"":""doc_042ef22be43ba006975946e2_e0002"",""source_kind"":""GEOLOGICAL_EVIDENCE"",""state_role"":""FORWARD_ATTENTION_CELL"",""valid_date"":""2023-09-22""}",FORECAST_GEOLOGICAL_CONDITION,true,true,false,,EXPRESSIBLE,doc_042ef22be43ba006975946e2_e0002,"{""attribute_name"":""joint_development"",""normalized_value"":""节理裂隙发育"",""source_evidence_id"":""doc_042ef22be43ba006975946e2_e0002""}",,,,null,knowledge_revision_event_10b94899e6ad3a8c8966a801,FORWARD_ATTENTION_CELL,false,OPPORTUNITY_ADDED,2023-09-22,false
false,false,cell_5f623d6b57b59266e65e7d26,"{""attribute_name"":""lithology"",""base_stage3a_state_version_id"":""state_version_73d74d7a4d5dbdc69aa847ab"",""cell_id"":""cell_5f623d6b57b59266e65e7d26"",""claim_type"":""FORECAST_GEOLOGICAL_CONDITION"",""source_evidence_id"":""doc_042ef22be43ba006975946e2_e0002"",""source_kind"":""GEOLOGICAL_EVIDENCE"",""state_role"":""FORWARD_ATTENTION_CELL"",""valid_date"":""2023-09-22""}",FORECAST_GEOLOGICAL_CONDITION,true,true,false,,EXPRESSIBLE,doc_042ef22be43ba006975946e2_e0002,"{""attribute_name"":""lithology"",""normalized_value"":""板岩夹变质砂岩"",""source_evidence_id"":""doc_042ef22be43ba006975946e2_e0002""}",,,,null,knowledge_revision_event_10b94899e6ad3a8c8966a801,FORWARD_ATTENTION_CELL,false,OPPORTUNITY_ADDED,2023-09-22,false
false,false,cell_5f623d6b57b59266e65e7d26,"{""attribute_name"":""risk_hint"",""base_stage3a_state_version_id"":""state_version_73d74d7a4d5dbdc69aa847ab"",""cell_id"":""cell_5f623d6b57b59266e65e7d26"",""claim_type"":""FORECAST_GEOLOGICAL_CONDITION"",""source_evidence_id"":""doc_042ef22be43ba006975946e2_e0002"",""source_kind"":""GEOLOGICAL_EVIDENCE"",""state_role"":""FORWARD_ATTENTION_CELL"",""valid_date"":""2023-09-22""}",FORECAST_GEOLOGICAL_CONDITION,true,true,false,UNKNOWN_SOURCE_VALUE,ABSTAIN,,"{""attribute_name"":""risk_hint"",""normalized_value"":""UNKNOWN"",""source_evidence_id"":""doc_042ef22be43ba006975946e2_e0002""}",,,,null,knowledge_revision_event_10b94899e6ad3a8c8966a801,FORWARD_ATTENTION_CELL,false,OPPORTUNITY_ADDED,2023-09-22,false
false,false,cell_5f623d6b57b59266e65e7d26,"{""attribute_name"":""rock_mass_state"",""base_stage3a_state_version_id"":""state_version_73d74d7a4d5dbdc69aa847ab"",""cell_id"":""cell_5f623d6b57b59266e65e7d26"",""claim_type"":""FORECAST_GEOLOGICAL_CONDITION"",""source_evidence_id"":""doc_042ef22be43ba006975946e2_e0002"",""source_kind"":""GEOLOGICAL_EVIDENCE"",""state_role"":""FORWARD_ATTENTION_CELL"",""valid_date"":""2023-09-22""}",FORECAST_GEOLOGICAL_CONDITION,true,true,false,,EXPRESSIBLE,doc_042ef22be43ba006975946e2_e0002,"{""attribute_name"":""rock_mass_state"",""normalized_value"":""岩体破碎"",""source_evidence_id"":""doc_042ef22be43ba006975946e2_e0002""}",,,,null,knowledge_revision_event_10b94899e6ad3a8c8966a801,FORWARD_ATTENTION_CELL,false,OPPORTUNITY_ADDED,2023-09-22,false
false,false,cell_5f623d6b57b59266e65e7d26,"{""attribute_name"":""suggested_grade"",""base_stage3a_state_version_id"":""state_version_73d74d7a4d5dbdc69aa847ab"",""cell_id"":""cell_5f623d6b57b59266e65e7d26"",""claim_type"":""FORECAST_GEOLOGICAL_CONDITION"",""source_evidence_id"":""doc_042ef22be43ba006975946e2_e0002"",""source_kind"":""GEOLOGICAL_EVIDENCE"",""state_role"":""FORWARD_ATTENTION_CELL"",""valid_date"":""2023-09-22""}",FORECAST_GEOLOGICAL_CONDITION,true,true,false,,EXPRESSIBLE,doc_042ef22be43ba006975946e2_e0002,"{""attribute_name"":""suggested_grade"",""normalized_value"":""Ⅳ级"",""source_evidence_id"":""doc_042ef22be43ba006975946e2_e0002""}",,,,null,knowledge_revision_event_10b94899e6ad3a8c8966a801,FORWARD_ATTENTION_CELL,false,OPPORTUNITY_ADDED,2023-09-22,false
false,false,cell_5f623d6b57b59266e65e7d26,"{""attribute_name"":""weathering"",""base_stage3a_state_version_id"":""state_version_73d74d7a4d5dbdc69aa847ab"",""cell_id"":""cell_5f623d6b57b59266e65e7d26"",""claim_type"":""FORECAST_GEOLOGICAL_CONDITION"",""source_evidence_id"":""doc_042ef22be43ba006975946e2_e0002"",""source_kind"":""GEOLOGICAL_EVIDENCE"",""state_role"":""FORWARD_ATTENTION_CELL"",""valid_date"":""2023-09-22""}",FORECAST_GEOLOGICAL_CONDITION,true,true,false,,EXPRESSIBLE,doc_042ef22be43ba006975946e2_e0002,"{""attribute_name"":""weathering"",""normalized_value"":""弱风化"",""source_evidence_id"":""doc_042ef22be43ba006975946e2_e0002""}",,,,null,knowledge_revision_event_10b94899e6ad3a8c8966a801,FORWARD_ATTENTION_CELL,false,OPPORTUNITY_ADDED,2023-09-22,false
true,true,cell_5f623d6b57b59266e65e7d26,"{""base_stage3a_state_version_id"":""state_version_73d74d7a4d5dbdc69aa847ab"",""cell_id"":""cell_5f623d6b57b59266e65e7d26"",""claim_type"":""FORWARD_GEOLOGICAL_ATTENTION"",""metric_name"":""GRS"",""source_kind"":""STATE_GRS"",""state_role"":""FORWARD_ATTENTION_CELL"",""valid_date"":""2023-09-22""}",FORWARD_GEOLOGICAL_ATTENTION,true,false,false,,EXPRESSIBLE,state_grs_e0d00a17528902fdbe0d2470,"{""is_causal_estimate"":false,""is_hazard_probability"":false,""is_probability"":false,""metric_name"":""GRS"",""metric_semantics"":""FORWARD_GEOLOGICAL_EVIDENCE_ATTENTION_INDEX"",""metric_status"":""AVAILABLE"",""metric_value"":0.5416666666666666}",REQUIRED_EPISTEMIC_STATUS_MISSING,ABSTAIN,,null,knowledge_revision_event_10b94899e6ad3a8c8966a801,FORWARD_ATTENTION_CELL,true,ABSTAIN_TO_EXPRESSIBLE,2023-09-22,false
false,false,cell_5f623d6b57b59266e65e7d26,"{""base_stage3a_state_version_id"":""state_version_73d74d7a4d5dbdc69aa847ab"",""cell_id"":""cell_5f623d6b57b59266e65e7d26"",""claim_type"":""OPERATIONAL_RESPONSE_ATTENTION"",""metric_name"":""RAI"",""source_kind"":""STATE_RAI"",""state_role"":""FORWARD_ATTENTION_CELL"",""valid_date"":""2023-09-22""}",OPERATIONAL_RESPONSE_ATTENTION,false,false,false,STATE_ROLE_NOT_ALLOWED,ABSTAIN,,null,STATE_ROLE_NOT_ALLOWED,ABSTAIN,,null,knowledge_revision_event_10b94899e6ad3a8c8966a801,FORWARD_ATTENTION_CELL,false,UNCHANGED_ABSTAIN,2023-09-22,false
false,false,cell_2dfc9a7f03542dcf190b7553,"{""attribute_name"":""anomaly_level"",""base_stage3a_state_version_id"":""state_version_fac6469ae42f9ece0dbfcc40"",""cell_id"":""cell_2dfc9a7f03542dcf190b7553"",""claim_type"":""FORECAST_GEOLOGICAL_CONDITION"",""source_evidence_id"":""doc_6af39821d5a37fd21b28de70_e0005"",""source_kind"":""GEOLOGICAL_EVIDENCE"",""state_role"":""DAILY_REVIEW_CELL"",""valid_date"":""2023-10-18""}",FORECAST_GEOLOGICAL_CONDITION,false,false,false,,EXPRESSIBLE,doc_6af39821d5a37fd21b28de70_e0005,"{""attribute_name"":""anomaly_level"",""normalized_value"":""MODERATE"",""source_evidence_id"":""doc_6af39821d5a37fd21b28de70_e0005""}",,EXPRESSIBLE,doc_6af39821d5a37fd21b28de70_e0005,"{""attribute_name"":""anomaly_level"",""normalized_value"":""MODERATE"",""source_evidence_id"":""doc_6af39821d5a37fd21b28de70_e0005""}",knowledge_revision_event_1e3138441b9da0b559b5cb0b,DAILY_REVIEW_CELL,false,UNCHANGED_EXPRESSIBLE,2023-10-18,true
false,false,cell_2dfc9a7f03542dcf190b7553,"{""attribute_name"":""anomaly_level"",""base_stage3a_state_version_id"":""state_version_fac6469ae42f9ece0dbfcc40"",""cell_id"":""cell_2dfc9a7f03542dcf190b7553"",""claim_type"":""FORECAST_GEOLOGICAL_CONDITION"",""source_evidence_id"":""doc_ce88b5055d612f9f8fb8012e_e0002"",""source_kind"":""GEOLOGICAL_EVIDENCE"",""state_role"":""DAILY_REVIEW_CELL"",""valid_date"":""2023-10-18""}",FORECAST_GEOLOGICAL_CONDITION,true,true,false,,EXPRESSIBLE,doc_ce88b5055d612f9f8fb8012e_e0002,"{""attribute_name"":""anomaly_level"",""normalized_value"":""MODERATE"",""source_evidence_id"":""doc_ce88b5055d612f9f8fb8012e_e0002""}",,,,null,knowledge_revision_event_1e3138441b9da0b559b5cb0b,DAILY_REVIEW_CELL,false,OPPORTUNITY_ADDED,2023-10-18,false
false,false,cell_2dfc9a7f03542dcf190b7553,"{""attribute_name"":""geological_conclusion"",""base_stage3a_state_version_id"":""state_version_fac6469ae42f9ece0dbfcc40"",""cell_id"":""cell_2dfc9a7f03542dcf190b7553"",""claim_type"":""FORECAST_GEOLOGICAL_CONDITION"",""source_evidence_id"":""doc_6af39821d5a37fd21b28de70_e0005"",""source_kind"":""GEOLOGICAL_EVIDENCE"",""state_role"":""DAILY_REVIEW_CELL"",""valid_date"":""2023-10-18""}",FORECAST_GEOLOGICAL_CONDITION,false,false,false,,EXPRESSIBLE,doc_6af39821d5a37fd21b28de70_e0005,"{""attribute_name"":""geological_conclusion"",""normalized_value"":""该段围岩较前段变差。岩性以板 岩为主，弱风化，岩质软，节理 裂隙发育密集，岩体破碎-极破 碎，围岩整体稳定性差"",""source_evidence_id"":""doc_6af39821d5a37fd21b28de70_e0005""}",,EXPRESSIBLE,doc_6af39821d5a37fd21b28de70_e0005,"{""attribute_name"":""geological_conclusion"",""normalized_value"":""该段围岩较前段变差。岩性以板 岩为主，弱风化，岩质软，节理 裂隙发育密集，岩体破碎-极破 碎，围岩整体稳定性差"",""source_evidence_id"":""doc_6af39821d5a37fd21b28de70_e0005""}",knowledge_revision_event_1e3138441b9da0b559b5cb0b,DAILY_REVIEW_CELL,false,UNCHANGED_EXPRESSIBLE,2023-10-18,true
false,false,cell_2dfc9a7f03542dcf190b7553,"{""attribute_name"":""geological_conclusion"",""base_stage3a_state_version_id"":""state_version_fac6469ae42f9ece0dbfcc40"",""cell_id"":""cell_2dfc9a7f03542dcf190b7553"",""claim_type"":""FORECAST_GEOLOGICAL_CONDITION"",""source_evidence_id"":""doc_ce88b5055d612f9f8fb8012e_e0002"",""source_kind"":""GEOLOGICAL_EVIDENCE"",""state_role"":""DAILY_REVIEW_CELL"",""valid_date"":""2023-10-18""}",FORECAST_GEOLOGICAL_CONDITION,true,true,false,,EXPRESSIBLE,doc_ce88b5055d612f9f8fb8012e_e0002,"{""attribute_name"":""geological_conclusion"",""normalized_value"":""该段围岩整体较当前掌子面变 差。岩性为板岩夹变质砂岩，弱 风化，岩质软硬不均，节理裂隙 发育，局部段落节理裂隙发育密 集，岩体破碎-极破碎，围岩整体 稳定性差"",""source_evidence_id"":""doc_ce88b5055d612f9f8fb8012e_e0002""}",,,,null,knowledge_revision_event_1e3138441b9da0b559b5cb0b,DAILY_REVIEW_CELL,false,OPPORTUNITY_ADDED,2023-10-18,false
false,false,cell_2dfc9a7f03542dcf190b7553,"{""attribute_name"":""geological_description"",""base_stage3a_state_version_id"":""state_version_fac6469ae42f9ece0dbfcc40"",""cell_id"":""cell_2dfc9a7f03542dcf190b7553"",""claim_type"":""OBSERVED_GEOLOGICAL_CONDITION"",""source_evidence_id"":""doc_ce88b5055d612f9f8fb8012e_e0001"",""source_kind"":""GEOLOGICAL_EVIDENCE"",""state_role"":""DAILY_REVIEW_CELL"",""valid_date"":""2023-10-18""}",OBSERVED_GEOLOGICAL_CONDITION,true,true,false,,EXPRESSIBLE,doc_ce88b5055d612f9f8fb8012e_e0001,"{""attribute_name"":""geological_description"",""normalized_value"":""开挖面 地质概况 掌子面地层岩性为石炭二叠系板岩夹变质砂岩，围岩整体弱风化，岩质软 硬不均，节理裂隙发育，岩体破碎，拱顶节理裂隙发育密集，存在掉块现象， 岩体相对破碎，拱顶见滴渗水，围岩自稳性较差。"",""source_evidence_id"":""doc_ce88b5055d612f9f8fb8012e_e0001""}",,,,null,knowledge_revision_event_1e3138441b9da0b559b5cb0b,DAILY_REVIEW_CELL,false,OPPORTUNITY_ADDED,2023-10-18,false
false,false,cell_2dfc9a7f03542dcf190b7553,"{""attribute_name"":""joint_development"",""base_stage3a_state_version_id"":""state_version_fac6469ae42f9ece0dbfcc40"",""cell_id"":""cell_2dfc9a7f03542dcf190b7553"",""claim_type"":""FORECAST_GEOLOGICAL_CONDITION"",""source_evidence_id"":""doc_6af39821d5a37fd21b28de70_e0005"",""source_kind"":""GEOLOGICAL_EVIDENCE"",""state_role"":""DAILY_REVIEW_CELL"",""valid_date"":""2023-10-18""}",FORECAST_GEOLOGICAL_CONDITION,false,false,false,,EXPRESSIBLE,doc_6af39821d5a37fd21b28de70_e0005,"{""attribute_name"":""joint_development"",""normalized_value"":""节理裂隙发育密集"",""source_evidence_id"":""doc_6af39821d5a37fd21b28de70_e0005""}",,EXPRESSIBLE,doc_6af39821d5a37fd21b28de70_e0005,"{""attribute_name"":""joint_development"",""normalized_value"":""节理裂隙发育密集"",""source_evidence_id"":""doc_6af39821d5a37fd21b28de70_e0005""}",knowledge_revision_event_1e3138441b9da0b559b5cb0b,DAILY_REVIEW_CELL,false,UNCHANGED_EXPRESSIBLE,2023-10-18,true
false,false,cell_2dfc9a7f03542dcf190b7553,"{""attribute_name"":""joint_development"",""base_stage3a_state_version_id"":""state_version_fac6469ae42f9ece0dbfcc40"",""cell_id"":""cell_2dfc9a7f03542dcf190b7553"",""claim_type"":""FORECAST_GEOLOGICAL_CONDITION"",""source_evidence_id"":""doc_ce88b5055d612f9f8fb8012e_e0002"",""source_kind"":""GEOLOGICAL_EVIDENCE"",""state_role"":""DAILY_REVIEW_CELL"",""valid_date"":""2023-10-18""}",FORECAST_GEOLOGICAL_CONDITION,true,true,false,,EXPRESSIBLE,doc_ce88b5055d612f9f8fb8012e_e0002,"{""attribute_name"":""joint_development"",""normalized_value"":""节理裂隙发育密集"",""source_evidence_id"":""doc_ce88b5055d612f9f8fb8012e_e0002""}",,,,null,knowledge_revision_event_1e3138441b9da0b559b5cb0b,DAILY_REVIEW_CELL,false,OPPORTUNITY_ADDED,2023-10-18,false
false,false,cell_2dfc9a7f03542dcf190b7553,"{""attribute_name"":""lithology"",""base_stage3a_state_version_id"":""state_version_fac6469ae42f9ece0dbfcc40"",""cell_id"":""cell_2dfc9a7f03542dcf190b7553"",""claim_type"":""FORECAST_GEOLOGICAL_CONDITION"",""source_evidence_id"":""doc_6af39821d5a37fd21b28de70_e0005"",""source_kind"":""GEOLOGICAL_EVIDENCE"",""state_role"":""DAILY_REVIEW_CELL"",""valid_date"":""2023-10-18""}",FORECAST_GEOLOGICAL_CONDITION,false,false,false,,EXPRESSIBLE,doc_6af39821d5a37fd21b28de70_e0005,"{""attribute_name"":""lithology"",""normalized_value"":""板岩"",""source_evidence_id"":""doc_6af39821d5a37fd21b28de70_e0005""}",,EXPRESSIBLE,doc_6af39821d5a37fd21b28de70_e0005,"{""attribute_name"":""lithology"",""normalized_value"":""板岩"",""source_evidence_id"":""doc_6af39821d5a37fd21b28de70_e0005""}",knowledge_revision_event_1e3138441b9da0b559b5cb0b,DAILY_REVIEW_CELL,false,UNCHANGED_EXPRESSIBLE,2023-10-18,true
false,false,cell_2dfc9a7f03542dcf190b7553,"{""attribute_name"":""lithology"",""base_stage3a_state_version_id"":""state_version_fac6469ae42f9ece0dbfcc40"",""cell_id"":""cell_2dfc9a7f03542dcf190b7553"",""claim_type"":""FORECAST_GEOLOGICAL_CONDITION"",""source_evidence_id"":""doc_ce88b5055d612f9f8fb8012e_e0002"",""source_kind"":""GEOLOGICAL_EVIDENCE"",""state_role"":""DAILY_REVIEW_CELL"",""valid_date"":""2023-10-18""}",FORECAST_GEOLOGICAL_CONDITION,true,true,false,,EXPRESSIBLE,doc_ce88b5055d612f9f8fb8012e_e0002,"{""attribute_name"":""lithology"",""normalized_value"":""板岩夹变质砂岩"",""source_evidence_id"":""doc_ce88b5055d612f9f8fb8012e_e0002""}",,,,null,knowledge_revision_event_1e3138441b9da0b559b5cb0b,DAILY_REVIEW_CELL,false,OPPORTUNITY_ADDED,2023-10-18,false
false,false,cell_2dfc9a7f03542dcf190b7553,"{""attribute_name"":""lithology"",""base_stage3a_state_version_id"":""state_version_fac6469ae42f9ece0dbfcc40"",""cell_id"":""cell_2dfc9a7f03542dcf190b7553"",""claim_type"":""OBSERVED_GEOLOGICAL_CONDITION"",""source_evidence_id"":""doc_ce88b5055d612f9f8fb8012e_e0001"",""source_kind"":""GEOLOGICAL_EVIDENCE"",""state_role"":""DAILY_REVIEW_CELL"",""valid_date"":""2023-10-18""}",OBSERVED_GEOLOGICAL_CONDITION,true,true,false,,EXPRESSIBLE,doc_ce88b5055d612f9f8fb8012e_e0001,"{""attribute_name"":""lithology"",""normalized_value"":""板岩夹变质砂岩"",""source_evidence_id"":""doc_ce88b5055d612f9f8fb8012e_e0001""}",,,,null,knowledge_revision_event_1e3138441b9da0b559b5cb0b,DAILY_REVIEW_CELL,false,OPPORTUNITY_ADDED,2023-10-18,false
false,false,cell_2dfc9a7f03542dcf190b7553,"{""attribute_name"":""risk_hint"",""base_stage3a_state_version_id"":""state_version_fac6469ae42f9ece0dbfcc40"",""cell_id"":""cell_2dfc9a7f03542dcf190b7553"",""claim_type"":""FORECAST_GEOLOGICAL_CONDITION"",""source_evidence_id"":""doc_6af39821d5a37fd21b28de70_e0005"",""source_kind"":""GEOLOGICAL_EVIDENCE"",""state_role"":""DAILY_REVIEW_CELL"",""valid_date"":""2023-10-18""}",FORECAST_GEOLOGICAL_CONDITION,false,false,false,,EXPRESSIBLE,doc_6af39821d5a37fd21b28de70_e0005,"{""attribute_name"":""risk_hint"",""normalized_value"":""里程+661、 +664、+668、 +674、+678、 +683 附近有 掉块风险"",""source_evidence_id"":""doc_6af39821d5a37fd21b28de70_e0005""}",,EXPRESSIBLE,doc_6af39821d5a37fd21b28de70_e0005,"{""attribute_name"":""risk_hint"",""normalized_value"":""里程+661、 +664、+668、 +674、+678、 +683 附近有 掉块风险"",""source_evidence_id"":""doc_6af39821d5a37fd21b28de70_e0005""}",knowledge_revision_event_1e3138441b9da0b559b5cb0b,DAILY_REVIEW_CELL,false,UNCHANGED_EXPRESSIBLE,2023-10-18,true
false,false,cell_2dfc9a7f03542dcf190b7553,"{""attribute_name"":""risk_hint"",""base_stage3a_state_version_id"":""state_version_fac6469ae42f9ece0dbfcc40"",""cell_id"":""cell_2dfc9a7f03542dcf190b7553"",""claim_type"":""FORECAST_GEOLOGICAL_CONDITION"",""source_evidence_id"":""doc_ce88b5055d612f9f8fb8012e_e0002"",""source_kind"":""GEOLOGICAL_EVIDENCE"",""state_role"":""DAILY_REVIEW_CELL"",""valid_date"":""2023-10-18""}",FORECAST_GEOLOGICAL_CONDITION,true,true,false,,EXPRESSIBLE,doc_ce88b5055d612f9f8fb8012e_e0002,"{""attribute_name"":""risk_hint"",""normalized_value"":""里程+680、 +706、+716、 +733附近有 掉块风险"",""source_evidence_id"":""doc_ce88b5055d612f9f8fb8012e_e0002""}",,,,null,knowledge_revision_event_1e3138441b9da0b559b5cb0b,DAILY_REVIEW_CELL,false,OPPORTUNITY_ADDED,2023-10-18,false
false,false,cell_2dfc9a7f03542dcf190b7553,"{""attribute_name"":""rock_mass_state"",""base_stage3a_state_version_id"":""state_version_fac6469ae42f9ece0dbfcc40"",""cell_id"":""cell_2dfc9a7f03542dcf190b7553"",""claim_type"":""FORECAST_GEOLOGICAL_CONDITION"",""source_evidence_id"":""doc_6af39821d5a37fd21b28de70_e0005"",""source_kind"":""GEOLOGICAL_EVIDENCE"",""state_role"":""DAILY_REVIEW_CELL"",""valid_date"":""2023-10-18""}",FORECAST_GEOLOGICAL_CONDITION,false,false,false,,EXPRESSIBLE,doc_6af39821d5a37fd21b28de70_e0005,"{""attribute_name"":""rock_mass_state"",""normalized_value"":""岩体破碎-极破碎"",""source_evidence_id"":""doc_6af39821d5a37fd21b28de70_e0005""}",,EXPRESSIBLE,doc_6af39821d5a37fd21b28de70_e0005,"{""attribute_name"":""rock_mass_state"",""normalized_value"":""岩体破碎-极破碎"",""source_evidence_id"":""doc_6af39821d5a37fd21b28de70_e0005""}",knowledge_revision_event_1e3138441b9da0b559b5cb0b,DAILY_REVIEW_CELL,false,UNCHANGED_EXPRESSIBLE,2023-10-18,true
false,false,cell_2dfc9a7f03542dcf190b7553,"{""attribute_name"":""rock_mass_state"",""base_stage3a_state_version_id"":""state_version_fac6469ae42f9ece0dbfcc40"",""cell_id"":""cell_2dfc9a7f03542dcf190b7553"",""claim_type"":""FORECAST_GEOLOGICAL_CONDITION"",""source_evidence_id"":""doc_ce88b5055d612f9f8fb8012e_e0002"",""source_kind"":""GEOLOGICAL_EVIDENCE"",""state_role"":""DAILY_REVIEW_CELL"",""valid_date"":""2023-10-18""}",FORECAST_GEOLOGICAL_CONDITION,true,true,false,,EXPRESSIBLE,doc_ce88b5055d612f9f8fb8012e_e0002,"{""attribute_name"":""rock_mass_state"",""normalized_value"":""岩体破碎-极破碎"",""source_evidence_id"":""doc_ce88b5055d612f9f8fb8012e_e0002""}",,,,null,knowledge_revision_event_1e3138441b9da0b559b5cb0b,DAILY_REVIEW_CELL,false,OPPORTUNITY_ADDED,2023-10-18,false
false,false,cell_2dfc9a7f03542dcf190b7553,"{""attribute_name"":""rock_mass_state"",""base_stage3a_state_version_id"":""state_version_fac6469ae42f9ece0dbfcc40"",""cell_id"":""cell_2dfc9a7f03542dcf190b7553"",""claim_type"":""OBSERVED_GEOLOGICAL_CONDITION"",""source_evidence_id"":""doc_ce88b5055d612f9f8fb8012e_e0001"",""source_kind"":""GEOLOGICAL_EVIDENCE"",""state_role"":""DAILY_REVIEW_CELL"",""valid_date"":""2023-10-18""}",OBSERVED_GEOLOGICAL_CONDITION,true,true,false,,EXPRESSIBLE,doc_ce88b5055d612f9f8fb8012e_e0001,"{""attribute_name"":""rock_mass_state"",""normalized_value"":""岩体破碎"",""source_evidence_id"":""doc_ce88b5055d612f9f8fb8012e_e0001""}",,,,null,knowledge_revision_event_1e3138441b9da0b559b5cb0b,DAILY_REVIEW_CELL,false,OPPORTUNITY_ADDED,2023-10-18,false
false,false,cell_2dfc9a7f03542dcf190b7553,"{""attribute_name"":""suggested_grade"",""base_stage3a_state_version_id"":""state_version_fac6469ae42f9ece0dbfcc40"",""cell_id"":""cell_2dfc9a7f03542dcf190b7553"",""claim_type"":""FORECAST_GEOLOGICAL_CONDITION"",""source_evidence_id"":""doc_6af39821d5a37fd21b28de70_e0005"",""source_kind"":""GEOLOGICAL_EVIDENCE"",""state_role"":""DAILY_REVIEW_CELL"",""valid_date"":""2023-10-18""}",FORECAST_GEOLOGICAL_CONDITION,false,false,false,,EXPRESSIBLE,doc_6af39821d5a37fd21b28de70_e0005,"{""attribute_name"":""suggested_grade"",""normalized_value"":""Ⅴ级"",""source_evidence_id"":""doc_6af39821d5a37fd21b28de70_e0005""}",,EXPRESSIBLE,doc_6af39821d5a37fd21b28de70_e0005,"{""attribute_name"":""suggested_grade"",""normalized_value"":""Ⅴ级"",""source_evidence_id"":""doc_6af39821d5a37fd21b28de70_e0005""}",knowledge_revision_event_1e3138441b9da0b559b5cb0b,DAILY_REVIEW_CELL,false,UNCHANGED_EXPRESSIBLE,2023-10-18,true
false,false,cell_2dfc9a7f03542dcf190b7553,"{""attribute_name"":""suggested_grade"",""base_stage3a_state_version_id"":""state_version_fac6469ae42f9ece0dbfcc40"",""cell_id"":""cell_2dfc9a7f03542dcf190b7553"",""claim_type"":""FORECAST_GEOLOGICAL_CONDITION"",""source_evidence_id"":""doc_ce88b5055d612f9f8fb8012e_e0002"",""source_kind"":""GEOLOGICAL_EVIDENCE"",""state_role"":""DAILY_REVIEW_CELL"",""valid_date"":""2023-10-18""}",FORECAST_GEOLOGICAL_CONDITION,true,true,false,,EXPRESSIBLE,doc_ce88b5055d612f9f8fb8012e_e0002,"{""attribute_name"":""suggested_grade"",""normalized_value"":""Ⅳ级"",""source_evidence_id"":""doc_ce88b5055d612f9f8fb8012e_e0002""}",,,,null,knowledge_revision_event_1e3138441b9da0b559b5cb0b,DAILY_REVIEW_CELL,false,OPPORTUNITY_ADDED,2023-10-18,false
false,false,cell_2dfc9a7f03542dcf190b7553,"{""attribute_name"":""weathering"",""base_stage3a_state_version_id"":""state_version_fac6469ae42f9ece0dbfcc40"",""cell_id"":""cell_2dfc9a7f03542dcf190b7553"",""claim_type"":""FORECAST_GEOLOGICAL_CONDITION"",""source_evidence_id"":""doc_6af39821d5a37fd21b28de70_e0005"",""source_kind"":""GEOLOGICAL_EVIDENCE"",""state_role"":""DAILY_REVIEW_CELL"",""valid_date"":""2023-10-18""}",FORECAST_GEOLOGICAL_CONDITION,false,false,false,,EXPRESSIBLE,doc_6af39821d5a37fd21b28de70_e0005,"{""attribute_name"":""weathering"",""normalized_value"":""弱风化"",""source_evidence_id"":""doc_6af39821d5a37fd21b28de70_e0005""}",,EXPRESSIBLE,doc_6af39821d5a37fd21b28de70_e0005,"{""attribute_name"":""weathering"",""normalized_value"":""弱风化"",""source_evidence_id"":""doc_6af39821d5a37fd21b28de70_e0005""}",knowledge_revision_event_1e3138441b9da0b559b5cb0b,DAILY_REVIEW_CELL,false,UNCHANGED_EXPRESSIBLE,2023-10-18,true
false,false,cell_2dfc9a7f03542dcf190b7553,"{""attribute_name"":""weathering"",""base_stage3a_state_version_id"":""state_version_fac6469ae42f9ece0dbfcc40"",""cell_id"":""cell_2dfc9a7f03542dcf190b7553"",""claim_type"":""FORECAST_GEOLOGICAL_CONDITION"",""source_evidence_id"":""doc_ce88b5055d612f9f8fb8012e_e0002"",""source_kind"":""GEOLOGICAL_EVIDENCE"",""state_role"":""DAILY_REVIEW_CELL"",""valid_date"":""2023-10-18""}",FORECAST_GEOLOGICAL_CONDITION,true,true,false,,EXPRESSIBLE,doc_ce88b5055d612f9f8fb8012e_e0002,"{""attribute_name"":""weathering"",""normalized_value"":""弱风化"",""source_evidence_id"":""doc_ce88b5055d612f9f8fb8012e_e0002""}",,,,null,knowledge_revision_event_1e3138441b9da0b559b5cb0b,DAILY_REVIEW_CELL,false,OPPORTUNITY_ADDED,2023-10-18,false
false,false,cell_2dfc9a7f03542dcf190b7553,"{""attribute_name"":""weathering"",""base_stage3a_state_version_id"":""state_version_fac6469ae42f9ece0dbfcc40"",""cell_id"":""cell_2dfc9a7f03542dcf190b7553"",""claim_type"":""OBSERVED_GEOLOGICAL_CONDITION"",""source_evidence_id"":""doc_ce88b5055d612f9f8fb8012e_e0001"",""source_kind"":""GEOLOGICAL_EVIDENCE"",""state_role"":""DAILY_REVIEW_CELL"",""valid_date"":""2023-10-18""}",OBSERVED_GEOLOGICAL_CONDITION,true,true,false,,EXPRESSIBLE,doc_ce88b5055d612f9f8fb8012e_e0001,"{""attribute_name"":""weathering"",""normalized_value"":""弱风化"",""source_evidence_id"":""doc_ce88b5055d612f9f8fb8012e_e0001""}",,,,null,knowledge_revision_event_1e3138441b9da0b559b5cb0b,DAILY_REVIEW_CELL,false,OPPORTUNITY_ADDED,2023-10-18,false
false,false,cell_2dfc9a7f03542dcf190b7553,"{""base_stage3a_state_version_id"":""state_version_fac6469ae42f9ece0dbfcc40"",""cell_id"":""cell_2dfc9a7f03542dcf190b7553"",""claim_type"":""COUPLED_ATTENTION_REVIEW"",""metric_name"":""GRCI"",""source_kind"":""STATE_GRCI"",""state_role"":""DAILY_REVIEW_CELL"",""valid_date"":""2023-10-18""}",COUPLED_ATTENTION_REVIEW,false,false,false,,EXPRESSIBLE,state_grci_39772fe30dde2192a0bad331,"{""is_causal_estimate"":false,""is_hazard_probability"":false,""is_probability"":false,""metric_name"":""GRCI"",""metric_semantics"":""NONPROBABILISTIC_CONJUNCTIVE_PRODUCT"",""metric_status"":""AVAILABLE"",""metric_value"":0.19361750557209936}",,EXPRESSIBLE,state_grci_3f36b39f194e988fdc5a756a,"{""is_causal_estimate"":false,""is_hazard_probability"":false,""is_probability"":false,""metric_name"":""GRCI"",""metric_semantics"":""NONPROBABILISTIC_CONJUNCTIVE_PRODUCT"",""metric_status"":""AVAILABLE"",""metric_value"":0.19361750557209936}",knowledge_revision_event_1e3138441b9da0b559b5cb0b,DAILY_REVIEW_CELL,true,RESOLVED_SUPPORT_CHANGED,2023-10-18,false
false,false,cell_2dfc9a7f03542dcf190b7553,"{""base_stage3a_state_version_id"":""state_version_fac6469ae42f9ece0dbfcc40"",""cell_id"":""cell_2dfc9a7f03542dcf190b7553"",""claim_type"":""GEOLOGICAL_EVIDENCE_ATTENTION_REVIEW"",""metric_name"":""GRS"",""source_kind"":""STATE_GRS"",""state_role"":""DAILY_REVIEW_CELL"",""valid_date"":""2023-10-18""}",GEOLOGICAL_EVIDENCE_ATTENTION_REVIEW,false,false,false,,EXPRESSIBLE,state_grs_39772fe30dde2192a0bad331,"{""is_causal_estimate"":false,""is_hazard_probability"":false,""is_probability"":false,""metric_name"":""GRS"",""metric_semantics"":""GEOLOGICAL_EVIDENCE_ATTENTION_INDEX"",""metric_status"":""AVAILABLE"",""metric_value"":0.9166666666666666}",,EXPRESSIBLE,state_grs_3f36b39f194e988fdc5a756a,"{""is_causal_estimate"":false,""is_hazard_probability"":false,""is_probability"":false,""metric_name"":""GRS"",""metric_semantics"":""GEOLOGICAL_EVIDENCE_ATTENTION_INDEX"",""metric_status"":""AVAILABLE"",""metric_value"":0.9166666666666666}",knowledge_revision_event_1e3138441b9da0b559b5cb0b,DAILY_REVIEW_CELL,true,RESOLVED_SUPPORT_CHANGED,2023-10-18,false
false,false,cell_2dfc9a7f03542dcf190b7553,"{""base_stage3a_state_version_id"":""state_version_fac6469ae42f9ece0dbfcc40"",""cell_id"":""cell_2dfc9a7f03542dcf190b7553"",""claim_type"":""OPERATIONAL_RESPONSE_ATTENTION"",""metric_name"":""RAI"",""source_kind"":""STATE_RAI"",""state_role"":""DAILY_REVIEW_CELL"",""valid_date"":""2023-10-18""}",OPERATIONAL_RESPONSE_ATTENTION,false,false,false,,EXPRESSIBLE,state_rai_39772fe30dde2192a0bad331,"{""is_causal_estimate"":false,""is_hazard_probability"":false,""is_probability"":false,""metric_name"":""RAI"",""metric_semantics"":""OPERATIONAL_RESPONSE_ATTENTION_INDEX"",""metric_status"":""AVAILABLE"",""metric_value"":0.21121909698774477}",,EXPRESSIBLE,state_rai_3f36b39f194e988fdc5a756a,"{""is_causal_estimate"":false,""is_hazard_probability"":false,""is_probability"":false,""metric_name"":""RAI"",""metric_semantics"":""OPERATIONAL_RESPONSE_ATTENTION_INDEX"",""metric_status"":""AVAILABLE"",""metric_value"":0.21121909698774477}",knowledge_revision_event_1e3138441b9da0b559b5cb0b,DAILY_REVIEW_CELL,false,UNCHANGED_EXPRESSIBLE,2023-10-18,true
false,false,cell_007ae6b7a81e2b90469a65fa,"{""attribute_name"":""anomaly_level"",""base_stage3a_state_version_id"":""state_version_b36a9551977f9e420e63011a"",""cell_id"":""cell_007ae6b7a81e2b90469a65fa"",""claim_type"":""FORECAST_GEOLOGICAL_CONDITION"",""source_evidence_id"":""doc_d0afc25463d4776277ebb952_e0002"",""source_kind"":""GEOLOGICAL_EVIDENCE"",""state_role"":""FORWARD_ATTENTION_CELL"",""valid_date"":""2023-11-17""}",FORECAST_GEOLOGICAL_CONDITION,true,true,false,UNKNOWN_SOURCE_VALUE,ABSTAIN,,"{""attribute_name"":""anomaly_level"",""normalized_value"":""NONE"",""source_evidence_id"":""doc_d0afc25463d4776277ebb952_e0002""}",,,,null,knowledge_revision_event_1f85ee0e219e765f42c15f5d,FORWARD_ATTENTION_CELL,false,OPPORTUNITY_ADDED,2023-11-17,false
false,false,cell_007ae6b7a81e2b90469a65fa,"{""attribute_name"":""geological_conclusion"",""base_stage3a_state_version_id"":""state_version_b36a9551977f9e420e63011a"",""cell_id"":""cell_007ae6b7a81e2b90469a65fa"",""claim_type"":""FORECAST_GEOLOGICAL_CONDITION"",""source_evidence_id"":""doc_d0afc25463d4776277ebb952_e0002"",""source_kind"":""GEOLOGICAL_EVIDENCE"",""state_role"":""FORWARD_ATTENTION_CELL"",""valid_date"":""2023-11-17""}",FORECAST_GEOLOGICAL_CONDITION,true,true,false,,EXPRESSIBLE,doc_d0afc25463d4776277ebb952_e0002,"{""attribute_name"":""geological_conclusion"",""normalized_value"":""该段围岩与当前掌子面相当。岩 性为板岩夹变质砂岩，弱风化， 岩质软硬不均，节理裂隙较发育， 岩体较破碎。"",""source_evidence_id"":""doc_d0afc25463d4776277ebb952_e0002""}",,,,null,knowledge_revision_event_1f85ee0e219e765f42c15f5d,FORWARD_ATTENTION_CELL,false,OPPORTUNITY_ADDED,2023-11-17,false
false,false,cell_007ae6b7a81e2b90469a65fa,"{""attribute_name"":""joint_development"",""base_stage3a_state_version_id"":""state_version_b36a9551977f9e420e63011a"",""cell_id"":""cell_007ae6b7a81e2b90469a65fa"",""claim_type"":""FORECAST_GEOLOGICAL_CONDITION"",""source_evidence_id"":""doc_d0afc25463d4776277ebb952_e0002"",""source_kind"":""GEOLOGICAL_EVIDENCE"",""state_role"":""FORWARD_ATTENTION_CELL"",""valid_date"":""2023-11-17""}",FORECAST_GEOLOGICAL_CONDITION,true,true,false,,EXPRESSIBLE,doc_d0afc25463d4776277ebb952_e0002,"{""attribute_name"":""joint_development"",""normalized_value"":""节理裂隙较发育"",""source_evidence_id"":""doc_d0afc25463d4776277ebb952_e0002""}",,,,null,knowledge_revision_event_1f85ee0e219e765f42c15f5d,FORWARD_ATTENTION_CELL,false,OPPORTUNITY_ADDED,2023-11-17,false
false,false,cell_007ae6b7a81e2b90469a65fa,"{""attribute_name"":""lithology"",""base_stage3a_state_version_id"":""state_version_b36a9551977f9e420e63011a"",""cell_id"":""cell_007ae6b7a81e2b90469a65fa"",""claim_type"":""FORECAST_GEOLOGICAL_CONDITION"",""source_evidence_id"":""doc_d0afc25463d4776277ebb952_e0002"",""source_kind"":""GEOLOGICAL_EVIDENCE"",""state_role"":""FORWARD_ATTENTION_CELL"",""valid_date"":""2023-11-17""}",FORECAST_GEOLOGICAL_CONDITION,true,true,false,,EXPRESSIBLE,doc_d0afc25463d4776277ebb952_e0002,"{""attribute_name"":""lithology"",""normalized_value"":""板岩夹变质砂岩"",""source_evidence_id"":""doc_d0afc25463d4776277ebb952_e0002""}",,,,null,knowledge_revision_event_1f85ee0e219e765f42c15f5d,FORWARD_ATTENTION_CELL,false,OPPORTUNITY_ADDED,2023-11-17,false
false,false,cell_007ae6b7a81e2b90469a65fa,"{""attribute_name"":""risk_hint"",""base_stage3a_state_version_id"":""state_version_b36a9551977f9e420e63011a"",""cell_id"":""cell_007ae6b7a81e2b90469a65fa"",""claim_type"":""FORECAST_GEOLOGICAL_CONDITION"",""source_evidence_id"":""doc_d0afc25463d4776277ebb952_e0002"",""source_kind"":""GEOLOGICAL_EVIDENCE"",""state_role"":""FORWARD_ATTENTION_CELL"",""valid_date"":""2023-11-17""}",FORECAST_GEOLOGICAL_CONDITION,true,true,false,UNKNOWN_SOURCE_VALUE,ABSTAIN,,"{""attribute_name"":""risk_hint"",""normalized_value"":""UNKNOWN"",""source_evidence_id"":""doc_d0afc25463d4776277ebb952_e0002""}",,,,null,knowledge_revision_event_1f85ee0e219e765f42c15f5d,FORWARD_ATTENTION_CELL,false,OPPORTUNITY_ADDED,2023-11-17,false
false,false,cell_007ae6b7a81e2b90469a65fa,"{""attribute_name"":""rock_mass_state"",""base_stage3a_state_version_id"":""state_version_b36a9551977f9e420e63011a"",""cell_id"":""cell_007ae6b7a81e2b90469a65fa"",""claim_type"":""FORECAST_GEOLOGICAL_CONDITION"",""source_evidence_id"":""doc_d0afc25463d4776277ebb952_e0002"",""source_kind"":""GEOLOGICAL_EVIDENCE"",""state_role"":""FORWARD_ATTENTION_CELL"",""valid_date"":""2023-11-17""}",FORECAST_GEOLOGICAL_CONDITION,true,true,false,,EXPRESSIBLE,doc_d0afc25463d4776277ebb952_e0002,"{""attribute_name"":""rock_mass_state"",""normalized_value"":""岩体较破碎"",""source_evidence_id"":""doc_d0afc25463d4776277ebb952_e0002""}",,,,null,knowledge_revision_event_1f85ee0e219e765f42c15f5d,FORWARD_ATTENTION_CELL,false,OPPORTUNITY_ADDED,2023-11-17,false
false,false,cell_007ae6b7a81e2b90469a65fa,"{""attribute_name"":""suggested_grade"",""base_stage3a_state_version_id"":""state_version_b36a9551977f9e420e63011a"",""cell_id"":""cell_007ae6b7a81e2b90469a65fa"",""claim_type"":""FORECAST_GEOLOGICAL_CONDITION"",""source_evidence_id"":""doc_d0afc25463d4776277ebb952_e0002"",""source_kind"":""GEOLOGICAL_EVIDENCE"",""state_role"":""FORWARD_ATTENTION_CELL"",""valid_date"":""2023-11-17""}",FORECAST_GEOLOGICAL_CONDITION,true,true,false,,EXPRESSIBLE,doc_d0afc25463d4776277ebb952_e0002,"{""attribute_name"":""suggested_grade"",""normalized_value"":""Ⅲ级"",""source_evidence_id"":""doc_d0afc25463d4776277ebb952_e0002""}",,,,null,knowledge_revision_event_1f85ee0e219e765f42c15f5d,FORWARD_ATTENTION_CELL,false,OPPORTUNITY_ADDED,2023-11-17,false
false,false,cell_007ae6b7a81e2b90469a65fa,"{""attribute_name"":""weathering"",""base_stage3a_state_version_id"":""state_version_b36a9551977f9e420e63011a"",""cell_id"":""cell_007ae6b7a81e2b90469a65fa"",""claim_type"":""FORECAST_GEOLOGICAL_CONDITION"",""source_evidence_id"":""doc_d0afc25463d4776277ebb952_e0002"",""source_kind"":""GEOLOGICAL_EVIDENCE"",""state_role"":""FORWARD_ATTENTION_CELL"",""valid_date"":""2023-11-17""}",FORECAST_GEOLOGICAL_CONDITION,true,true,false,,EXPRESSIBLE,doc_d0afc25463d4776277ebb952_e0002,"{""attribute_name"":""weathering"",""normalized_value"":""弱风化"",""source_evidence_id"":""doc_d0afc25463d4776277ebb952_e0002""}",,,,null,knowledge_revision_event_1f85ee0e219e765f42c15f5d,FORWARD_ATTENTION_CELL,false,OPPORTUNITY_ADDED,2023-11-17,false
true,true,cell_007ae6b7a81e2b90469a65fa,"{""base_stage3a_state_version_id"":""state_version_b36a9551977f9e420e63011a"",""cell_id"":""cell_007ae6b7a81e2b90469a65fa"",""claim_type"":""FORWARD_GEOLOGICAL_ATTENTION"",""metric_name"":""GRS"",""source_kind"":""STATE_GRS"",""state_role"":""FORWARD_ATTENTION_CELL"",""valid_date"":""2023-11-17""}",FORWARD_GEOLOGICAL_ATTENTION,true,false,false,,EXPRESSIBLE,state_grs_1667a287c53a0d6c8ab5ae22,"{""is_causal_estimate"":false,""is_hazard_probability"":false,""is_probability"":false,""metric_name"":""GRS"",""metric_semantics"":""FORWARD_GEOLOGICAL_EVIDENCE_ATTENTION_INDEX"",""metric_status"":""AVAILABLE"",""metric_value"":0.20833333333333331}",REQUIRED_EPISTEMIC_STATUS_MISSING,ABSTAIN,,null,knowledge_revision_event_1f85ee0e219e765f42c15f5d,FORWARD_ATTENTION_CELL,true,ABSTAIN_TO_EXPRESSIBLE,2023-11-17,false
false,false,cell_007ae6b7a81e2b90469a65fa,"{""base_stage3a_state_version_id"":""state_version_b36a9551977f9e420e63011a"",""cell_id"":""cell_007ae6b7a81e2b90469a65fa"",""claim_type"":""OPERATIONAL_RESPONSE_ATTENTION"",""metric_name"":""RAI"",""source_kind"":""STATE_RAI"",""state_role"":""FORWARD_ATTENTION_CELL"",""valid_date"":""2023-11-17""}",OPERATIONAL_RESPONSE_ATTENTION,false,false,false,STATE_ROLE_NOT_ALLOWED,ABSTAIN,,null,STATE_ROLE_NOT_ALLOWED,ABSTAIN,,null,knowledge_revision_event_1f85ee0e219e765f42c15f5d,FORWARD_ATTENTION_CELL,false,UNCHANGED_ABSTAIN,2023-11-17,false
false,false,cell_ca66aa453029b41218d86f55,"{""attribute_name"":""anomaly_level"",""base_stage3a_state_version_id"":""state_version_2daf8acff7d8b325d46952de"",""cell_id"":""cell_ca66aa453029b41218d86f55"",""claim_type"":""FORECAST_GEOLOGICAL_CONDITION"",""source_evidence_id"":""doc_c03e80c9fabf17e0b238ec9a_e0003"",""source_kind"":""GEOLOGICAL_EVIDENCE"",""state_role"":""FORWARD_ATTENTION_CELL"",""valid_date"":""2023-10-11""}",FORECAST_GEOLOGICAL_CONDITION,true,true,false,,EXPRESSIBLE,doc_c03e80c9fabf17e0b238ec9a_e0003,"{""attribute_name"":""anomaly_level"",""normalized_value"":""MODERATE"",""source_evidence_id"":""doc_c03e80c9fabf17e0b238ec9a_e0003""}",,,,null,knowledge_revision_event_22980bb6701cde99a2d8a6b7,FORWARD_ATTENTION_CELL,false,OPPORTUNITY_ADDED,2023-10-11,false
false,false,cell_ca66aa453029b41218d86f55,"{""attribute_name"":""geological_conclusion"",""base_stage3a_state_version_id"":""state_version_2daf8acff7d8b325d46952de"",""cell_id"":""cell_ca66aa453029b41218d86f55"",""claim_type"":""FORECAST_GEOLOGICAL_CONDITION"",""source_evidence_id"":""doc_c03e80c9fabf17e0b238ec9a_e0003"",""source_kind"":""GEOLOGICAL_EVIDENCE"",""state_role"":""FORWARD_ATTENTION_CELL"",""valid_date"":""2023-10-11""}",FORECAST_GEOLOGICAL_CONDITION,true,true,false,,EXPRESSIBLE,doc_c03e80c9fabf17e0b238ec9a_e0003,"{""attribute_name"":""geological_conclusion"",""normalized_value"":""该段围岩较前段变差。岩性以板 岩为主，弱风化，岩质软，节理 裂隙发育密集，岩体破碎-极破 碎，围岩整体稳定性差"",""source_evidence_id"":""doc_c03e80c9fabf17e0b238ec9a_e0003""}",,,,null,knowledge_revision_event_22980bb6701cde99a2d8a6b7,FORWARD_ATTENTION_CELL,false,OPPORTUNITY_ADDED,2023-10-11,false
false,false,cell_ca66aa453029b41218d86f55,"{""attribute_name"":""joint_development"",""base_stage3a_state_version_id"":""state_version_2daf8acff7d8b325d46952de"",""cell_id"":""cell_ca66aa453029b41218d86f55"",""claim_type"":""FORECAST_GEOLOGICAL_CONDITION"",""source_evidence_id"":""doc_c03e80c9fabf17e0b238ec9a_e0003"",""source_kind"":""GEOLOGICAL_EVIDENCE"",""state_role"":""FORWARD_ATTENTION_CELL"",""valid_date"":""2023-10-11""}",FORECAST_GEOLOGICAL_CONDITION,true,true,false,,EXPRESSIBLE,doc_c03e80c9fabf17e0b238ec9a_e0003,"{""attribute_name"":""joint_development"",""normalized_value"":""节理裂隙发育密集"",""source_evidence_id"":""doc_c03e80c9fabf17e0b238ec9a_e0003""}",,,,null,knowledge_revision_event_22980bb6701cde99a2d8a6b7,FORWARD_ATTENTION_CELL,false,OPPORTUNITY_ADDED,2023-10-11,false
false,false,cell_ca66aa453029b41218d86f55,"{""attribute_name"":""lithology"",""base_stage3a_state_version_id"":""state_version_2daf8acff7d8b325d46952de"",""cell_id"":""cell_ca66aa453029b41218d86f55"",""claim_type"":""FORECAST_GEOLOGICAL_CONDITION"",""source_evidence_id"":""doc_c03e80c9fabf17e0b238ec9a_e0003"",""source_kind"":""GEOLOGICAL_EVIDENCE"",""state_role"":""FORWARD_ATTENTION_CELL"",""valid_date"":""2023-10-11""}",FORECAST_GEOLOGICAL_CONDITION,true,true,false,,EXPRESSIBLE,doc_c03e80c9fabf17e0b238ec9a_e0003,"{""attribute_name"":""lithology"",""normalized_value"":""板岩"",""source_evidence_id"":""doc_c03e80c9fabf17e0b238ec9a_e0003""}",,,,null,knowledge_revision_event_22980bb6701cde99a2d8a6b7,FORWARD_ATTENTION_CELL,false,OPPORTUNITY_ADDED,2023-10-11,false
false,false,cell_ca66aa453029b41218d86f55,"{""attribute_name"":""risk_hint"",""base_stage3a_state_version_id"":""state_version_2daf8acff7d8b325d46952de"",""cell_id"":""cell_ca66aa453029b41218d86f55"",""claim_type"":""FORECAST_GEOLOGICAL_CONDITION"",""source_evidence_id"":""doc_c03e80c9fabf17e0b238ec9a_e0003"",""source_kind"":""GEOLOGICAL_EVIDENCE"",""state_role"":""FORWARD_ATTENTION_CELL"",""valid_date"":""2023-10-11""}",FORECAST_GEOLOGICAL_CONDITION,true,true,false,,EXPRESSIBLE,doc_c03e80c9fabf17e0b238ec9a_e0003,"{""attribute_name"":""risk_hint"",""normalized_value"":""里程+541、 +546、+552 附近有掉块 风险"",""source_evidence_id"":""doc_c03e80c9fabf17e0b238ec9a_e0003""}",,,,null,knowledge_revision_event_22980bb6701cde99a2d8a6b7,FORWARD_ATTENTION_CELL,false,OPPORTUNITY_ADDED,2023-10-11,false
false,false,cell_ca66aa453029b41218d86f55,"{""attribute_name"":""rock_mass_state"",""base_stage3a_state_version_id"":""state_version_2daf8acff7d8b325d46952de"",""cell_id"":""cell_ca66aa453029b41218d86f55"",""claim_type"":""FORECAST_GEOLOGICAL_CONDITION"",""source_evidence_id"":""doc_c03e80c9fabf17e0b238ec9a_e0003"",""source_kind"":""GEOLOGICAL_EVIDENCE"",""state_role"":""FORWARD_ATTENTION_CELL"",""valid_date"":""2023-10-11""}",FORECAST_GEOLOGICAL_CONDITION,true,true,false,,EXPRESSIBLE,doc_c03e80c9fabf17e0b238ec9a_e0003,"{""attribute_name"":""rock_mass_state"",""normalized_value"":""岩体破碎-极破碎"",""source_evidence_id"":""doc_c03e80c9fabf17e0b238ec9a_e0003""}",,,,null,knowledge_revision_event_22980bb6701cde99a2d8a6b7,FORWARD_ATTENTION_CELL,false,OPPORTUNITY_ADDED,2023-10-11,false
false,false,cell_ca66aa453029b41218d86f55,"{""attribute_name"":""suggested_grade"",""base_stage3a_state_version_id"":""state_version_2daf8acff7d8b325d46952de"",""cell_id"":""cell_ca66aa453029b41218d86f55"",""claim_type"":""FORECAST_GEOLOGICAL_CONDITION"",""source_evidence_id"":""doc_c03e80c9fabf17e0b238ec9a_e0003"",""source_kind"":""GEOLOGICAL_EVIDENCE"",""state_role"":""FORWARD_ATTENTION_CELL"",""valid_date"":""2023-10-11""}",FORECAST_GEOLOGICAL_CONDITION,true,true,false,,EXPRESSIBLE,doc_c03e80c9fabf17e0b238ec9a_e0003,"{""attribute_name"":""suggested_grade"",""normalized_value"":""Ⅴ级"",""source_evidence_id"":""doc_c03e80c9fabf17e0b238ec9a_e0003""}",,,,null,knowledge_revision_event_22980bb6701cde99a2d8a6b7,FORWARD_ATTENTION_CELL,false,OPPORTUNITY_ADDED,2023-10-11,false
false,false,cell_ca66aa453029b41218d86f55,"{""attribute_name"":""weathering"",""base_stage3a_state_version_id"":""state_version_2daf8acff7d8b325d46952de"",""cell_id"":""cell_ca66aa453029b41218d86f55"",""claim_type"":""FORECAST_GEOLOGICAL_CONDITION"",""source_evidence_id"":""doc_c03e80c9fabf17e0b238ec9a_e0003"",""source_kind"":""GEOLOGICAL_EVIDENCE"",""state_role"":""FORWARD_ATTENTION_CELL"",""valid_date"":""2023-10-11""}",FORECAST_GEOLOGICAL_CONDITION,true,true,false,,EXPRESSIBLE,doc_c03e80c9fabf17e0b238ec9a_e0003,"{""attribute_name"":""weathering"",""normalized_value"":""弱风化"",""source_evidence_id"":""doc_c03e80c9fabf17e0b238ec9a_e0003""}",,,,null,knowledge_revision_event_22980bb6701cde99a2d8a6b7,FORWARD_ATTENTION_CELL,false,OPPORTUNITY_ADDED,2023-10-11,false
true,true,cell_ca66aa453029b41218d86f55,"{""base_stage3a_state_version_id"":""state_version_2daf8acff7d8b325d46952de"",""cell_id"":""cell_ca66aa453029b41218d86f55"",""claim_type"":""FORWARD_GEOLOGICAL_ATTENTION"",""metric_name"":""GRS"",""source_kind"":""STATE_GRS"",""state_role"":""FORWARD_ATTENTION_CELL"",""valid_date"":""2023-10-11""}",FORWARD_GEOLOGICAL_ATTENTION,true,false,false,,EXPRESSIBLE,state_grs_517c6a87219fcdc38dc4e0a4,"{""is_causal_estimate"":false,""is_hazard_probability"":false,""is_probability"":false,""metric_name"":""GRS"",""metric_semantics"":""FORWARD_GEOLOGICAL_EVIDENCE_ATTENTION_INDEX"",""metric_status"":""AVAILABLE"",""metric_value"":0.9166666666666666}",REQUIRED_EPISTEMIC_STATUS_MISSING,ABSTAIN,,null,knowledge_revision_event_22980bb6701cde99a2d8a6b7,FORWARD_ATTENTION_CELL,true,ABSTAIN_TO_EXPRESSIBLE,2023-10-11,false
false,false,cell_ca66aa453029b41218d86f55,"{""base_stage3a_state_version_id"":""state_version_2daf8acff7d8b325d46952de"",""cell_id"":""cell_ca66aa453029b41218d86f55"",""claim_type"":""OPERATIONAL_RESPONSE_ATTENTION"",""metric_name"":""RAI"",""source_kind"":""STATE_RAI"",""state_role"":""FORWARD_ATTENTION_CELL"",""valid_date"":""2023-10-11""}",OPERATIONAL_RESPONSE_ATTENTION,false,false,false,STATE_ROLE_NOT_ALLOWED,ABSTAIN,,null,STATE_ROLE_NOT_ALLOWED,ABSTAIN,,null,knowledge_revision_event_22980bb6701cde99a2d8a6b7,FORWARD_ATTENTION_CELL,false,UNCHANGED_ABSTAIN,2023-10-11,false
false,false,cell_4d176d99ebe3ce580aa54210,"{""attribute_name"":""anomaly_level"",""base_stage3a_state_version_id"":""state_version_432731811eda74318de66763"",""cell_id"":""cell_4d176d99ebe3ce580aa54210"",""claim_type"":""FORECAST_GEOLOGICAL_CONDITION"",""source_evidence_id"":""doc_62bf6495f3a27bc084947384_e0002"",""source_kind"":""GEOLOGICAL_EVIDENCE"",""state_role"":""FORWARD_ATTENTION_CELL"",""valid_date"":""2023-11-21""}",FORECAST_GEOLOGICAL_CONDITION,true,true,false,,EXPRESSIBLE,doc_62bf6495f3a27bc084947384_e0002,"{""attribute_name"":""anomaly_level"",""normalized_value"":""LOW"",""source_evidence_id"":""doc_62bf6495f3a27bc084947384_e0002""}",,,,null,knowledge_revision_event_2e009d1ddc1dae12616ebb29,FORWARD_ATTENTION_CELL,false,OPPORTUNITY_ADDED,2023-11-21,false
false,false,cell_4d176d99ebe3ce580aa54210,"{""attribute_name"":""anomaly_level"",""base_stage3a_state_version_id"":""state_version_432731811eda74318de66763"",""cell_id"":""cell_4d176d99ebe3ce580aa54210"",""claim_type"":""FORECAST_GEOLOGICAL_CONDITION"",""source_evidence_id"":""doc_62bf6495f3a27bc084947384_e0003"",""source_kind"":""GEOLOGICAL_EVIDENCE"",""state_role"":""FORWARD_ATTENTION_CELL"",""valid_date"":""2023-11-21""}",FORECAST_GEOLOGICAL_CONDITION,true,true,false,UNKNOWN_SOURCE_VALUE,ABSTAIN,,"{""attribute_name"":""anomaly_level"",""normalized_value"":""NONE"",""source_evidence_id"":""doc_62bf6495f3a27bc084947384_e0003""}",,,,null,knowledge_revision_event_2e009d1ddc1dae12616ebb29,FORWARD_ATTENTION_CELL,false,OPPORTUNITY_ADDED,2023-11-21,false
false,false,cell_4d176d99ebe3ce580aa54210,"{""attribute_name"":""geological_conclusion"",""base_stage3a_state_version_id"":""state_version_432731811eda74318de66763"",""cell_id"":""cell_4d176d99ebe3ce580aa54210"",""claim_type"":""FORECAST_GEOLOGICAL_CONDITION"",""source_evidence_id"":""doc_62bf6495f3a27bc084947384_e0002"",""source_kind"":""GEOLOGICAL_EVIDENCE"",""state_role"":""FORWARD_ATTENTION_CELL"",""valid_date"":""2023-11-21""}",FORECAST_GEOLOGICAL_CONDITION,true,true,false,,EXPRESSIBLE,doc_62bf6495f3a27bc084947384_e0002,"{""attribute_name"":""geological_conclusion"",""normalized_value"":""该段围岩较当前掌子面稍变差。 岩性为板岩夹变质砂岩，弱风化， 岩质软硬不均，层间结合较差， 节理裂隙较发育-发育，岩体较破 碎-破碎。"",""source_evidence_id"":""doc_62bf6495f3a27bc084947384_e0002""}",,,,null,knowledge_revision_event_2e009d1ddc1dae12616ebb29,FORWARD_ATTENTION_CELL,false,OPPORTUNITY_ADDED,2023-11-21,false
false,false,cell_4d176d99ebe3ce580aa54210,"{""attribute_name"":""geological_conclusion"",""base_stage3a_state_version_id"":""state_version_432731811eda74318de66763"",""cell_id"":""cell_4d176d99ebe3ce580aa54210"",""claim_type"":""FORECAST_GEOLOGICAL_CONDITION"",""source_evidence_id"":""doc_62bf6495f3a27bc084947384_e0003"",""source_kind"":""GEOLOGICAL_EVIDENCE"",""state_role"":""FORWARD_ATTENTION_CELL"",""valid_date"":""2023-11-21""}",FORECAST_GEOLOGICAL_CONDITION,true,true,false,,EXPRESSIBLE,doc_62bf6495f3a27bc084947384_e0003,"{""attribute_name"":""geological_conclusion"",""normalized_value"":""该段围岩较前段稍变好。岩性为 板岩夹变质砂岩，弱风化，岩质 硬，节理裂隙较发育，岩体较破 碎。"",""source_evidence_id"":""doc_62bf6495f3a27bc084947384_e0003""}",,,,null,knowledge_revision_event_2e009d1ddc1dae12616ebb29,FORWARD_ATTENTION_CELL,false,OPPORTUNITY_ADDED,2023-11-21,false
false,false,cell_4d176d99ebe3ce580aa54210,"{""attribute_name"":""joint_development"",""base_stage3a_state_version_id"":""state_version_432731811eda74318de66763"",""cell_id"":""cell_4d176d99ebe3ce580aa54210"",""claim_type"":""FORECAST_GEOLOGICAL_CONDITION"",""source_evidence_id"":""doc_62bf6495f3a27bc084947384_e0002"",""source_kind"":""GEOLOGICAL_EVIDENCE"",""state_role"":""FORWARD_ATTENTION_CELL"",""valid_date"":""2023-11-21""}",FORECAST_GEOLOGICAL_CONDITION,true,true,false,,EXPRESSIBLE,doc_62bf6495f3a27bc084947384_e0002,"{""attribute_name"":""joint_development"",""normalized_value"":""节理裂隙较发育-发育"",""source_evidence_id"":""doc_62bf6495f3a27bc084947384_e0002""}",,,,null,knowledge_revision_event_2e009d1ddc1dae12616ebb29,FORWARD_ATTENTION_CELL,false,OPPORTUNITY_ADDED,2023-11-21,false
false,false,cell_4d176d99ebe3ce580aa54210,"{""attribute_name"":""joint_development"",""base_stage3a_state_version_id"":""state_version_432731811eda74318de66763"",""cell_id"":""cell_4d176d99ebe3ce580aa54210"",""claim_type"":""FORECAST_GEOLOGICAL_CONDITION"",""source_evidence_id"":""doc_62bf6495f3a27bc084947384_e0003"",""source_kind"":""GEOLOGICAL_EVIDENCE"",""state_role"":""FORWARD_ATTENTION_CELL"",""valid_date"":""2023-11-21""}",FORECAST_GEOLOGICAL_CONDITION,true,true,false,,EXPRESSIBLE,doc_62bf6495f3a27bc084947384_e0003,"{""attribute_name"":""joint_development"",""normalized_value"":""节理裂隙较发育"",""source_evidence_id"":""doc_62bf6495f3a27bc084947384_e0003""}",,,,null,knowledge_revision_event_2e009d1ddc1dae12616ebb29,FORWARD_ATTENTION_CELL,false,OPPORTUNITY_ADDED,2023-11-21,false
false,false,cell_4d176d99ebe3ce580aa54210,"{""attribute_name"":""lithology"",""base_stage3a_state_version_id"":""state_version_432731811eda74318de66763"",""cell_id"":""cell_4d176d99ebe3ce580aa54210"",""claim_type"":""FORECAST_GEOLOGICAL_CONDITION"",""source_evidence_id"":""doc_62bf6495f3a27bc084947384_e0002"",""source_kind"":""GEOLOGICAL_EVIDENCE"",""state_role"":""FORWARD_ATTENTION_CELL"",""valid_date"":""2023-11-21""}",FORECAST_GEOLOGICAL_CONDITION,true,true,false,,EXPRESSIBLE,doc_62bf6495f3a27bc084947384_e0002,"{""attribute_name"":""lithology"",""normalized_value"":""板岩夹变质砂岩"",""source_evidence_id"":""doc_62bf6495f3a27bc084947384_e0002""}",,,,null,knowledge_revision_event_2e009d1ddc1dae12616ebb29,FORWARD_ATTENTION_CELL,false,OPPORTUNITY_ADDED,2023-11-21,false
false,false,cell_4d176d99ebe3ce580aa54210,"{""attribute_name"":""lithology"",""base_stage3a_state_version_id"":""state_version_432731811eda74318de66763"",""cell_id"":""cell_4d176d99ebe3ce580aa54210"",""claim_type"":""FORECAST_GEOLOGICAL_CONDITION"",""source_evidence_id"":""doc_62bf6495f3a27bc084947384_e0003"",""source_kind"":""GEOLOGICAL_EVIDENCE"",""state_role"":""FORWARD_ATTENTION_CELL"",""valid_date"":""2023-11-21""}",FORECAST_GEOLOGICAL_CONDITION,true,true,false,,EXPRESSIBLE,doc_62bf6495f3a27bc084947384_e0003,"{""attribute_name"":""lithology"",""normalized_value"":""板岩夹变质砂岩"",""source_evidence_id"":""doc_62bf6495f3a27bc084947384_e0003""}",,,,null,knowledge_revision_event_2e009d1ddc1dae12616ebb29,FORWARD_ATTENTION_CELL,false,OPPORTUNITY_ADDED,2023-11-21,false
false,false,cell_4d176d99ebe3ce580aa54210,"{""attribute_name"":""risk_hint"",""base_stage3a_state_version_id"":""state_version_432731811eda74318de66763"",""cell_id"":""cell_4d176d99ebe3ce580aa54210"",""claim_type"":""FORECAST_GEOLOGICAL_CONDITION"",""source_evidence_id"":""doc_62bf6495f3a27bc084947384_e0002"",""source_kind"":""GEOLOGICAL_EVIDENCE"",""state_role"":""FORWARD_ATTENTION_CELL"",""valid_date"":""2023-11-21""}",FORECAST_GEOLOGICAL_CONDITION,true,true,false,,EXPRESSIBLE,doc_62bf6495f3a27bc084947384_e0002,"{""attribute_name"":""risk_hint"",""normalized_value"":""里程+115、 +118附近有 掉块风险"",""source_evidence_id"":""doc_62bf6495f3a27bc084947384_e0002""}",,,,null,knowledge_revision_event_2e009d1ddc1dae12616ebb29,FORWARD_ATTENTION_CELL,false,OPPORTUNITY_ADDED,2023-11-21,false
false,false,cell_4d176d99ebe3ce580aa54210,"{""attribute_name"":""risk_hint"",""base_stage3a_state_version_id"":""state_version_432731811eda74318de66763"",""cell_id"":""cell_4d176d99ebe3ce580aa54210"",""claim_type"":""FORECAST_GEOLOGICAL_CONDITION"",""source_evidence_id"":""doc_62bf6495f3a27bc084947384_e0003"",""source_kind"":""GEOLOGICAL_EVIDENCE"",""state_role"":""FORWARD_ATTENTION_CELL"",""valid_date"":""2023-11-21""}",FORECAST_GEOLOGICAL_CONDITION,true,true,false,UNKNOWN_SOURCE_VALUE,ABSTAIN,,"{""attribute_name"":""risk_hint"",""normalized_value"":""UNKNOWN"",""source_evidence_id"":""doc_62bf6495f3a27bc084947384_e0003""}",,,,null,knowledge_revision_event_2e009d1ddc1dae12616ebb29,FORWARD_ATTENTION_CELL,false,OPPORTUNITY_ADDED,2023-11-21,false
false,false,cell_4d176d99ebe3ce580aa54210,"{""attribute_name"":""rock_mass_state"",""base_stage3a_state_version_id"":""state_version_432731811eda74318de66763"",""cell_id"":""cell_4d176d99ebe3ce580aa54210"",""claim_type"":""FORECAST_GEOLOGICAL_CONDITION"",""source_evidence_id"":""doc_62bf6495f3a27bc084947384_e0002"",""source_kind"":""GEOLOGICAL_EVIDENCE"",""state_role"":""FORWARD_ATTENTION_CELL"",""valid_date"":""2023-11-21""}",FORECAST_GEOLOGICAL_CONDITION,true,true,false,,EXPRESSIBLE,doc_62bf6495f3a27bc084947384_e0002,"{""attribute_name"":""rock_mass_state"",""normalized_value"":""岩体较破碎-破碎"",""source_evidence_id"":""doc_62bf6495f3a27bc084947384_e0002""}",,,,null,knowledge_revision_event_2e009d1ddc1dae12616ebb29,FORWARD_ATTENTION_CELL,false,OPPORTUNITY_ADDED,2023-11-21,false
false,false,cell_4d176d99ebe3ce580aa54210,"{""attribute_name"":""rock_mass_state"",""base_stage3a_state_version_id"":""state_version_432731811eda74318de66763"",""cell_id"":""cell_4d176d99ebe3ce580aa54210"",""claim_type"":""FORECAST_GEOLOGICAL_CONDITION"",""source_evidence_id"":""doc_62bf6495f3a27bc084947384_e0003"",""source_kind"":""GEOLOGICAL_EVIDENCE"",""state_role"":""FORWARD_ATTENTION_CELL"",""valid_date"":""2023-11-21""}",FORECAST_GEOLOGICAL_CONDITION,true,true,false,,EXPRESSIBLE,doc_62bf6495f3a27bc084947384_e0003,"{""attribute_name"":""rock_mass_state"",""normalized_value"":""岩体较破碎"",""source_evidence_id"":""doc_62bf6495f3a27bc084947384_e0003""}",,,,null,knowledge_revision_event_2e009d1ddc1dae12616ebb29,FORWARD_ATTENTION_CELL,false,OPPORTUNITY_ADDED,2023-11-21,false
false,false,cell_4d176d99ebe3ce580aa54210,"{""attribute_name"":""suggested_grade"",""base_stage3a_state_version_id"":""state_version_432731811eda74318de66763"",""cell_id"":""cell_4d176d99ebe3ce580aa54210"",""claim_type"":""FORECAST_GEOLOGICAL_CONDITION"",""source_evidence_id"":""doc_62bf6495f3a27bc084947384_e0002"",""source_kind"":""GEOLOGICAL_EVIDENCE"",""state_role"":""FORWARD_ATTENTION_CELL"",""valid_date"":""2023-11-21""}",FORECAST_GEOLOGICAL_CONDITION,true,true,false,,EXPRESSIBLE,doc_62bf6495f3a27bc084947384_e0002,"{""attribute_name"":""suggested_grade"",""normalized_value"":""Ⅳ级"",""source_evidence_id"":""doc_62bf6495f3a27bc084947384_e0002""}",,,,null,knowledge_revision_event_2e009d1ddc1dae12616ebb29,FORWARD_ATTENTION_CELL,false,OPPORTUNITY_ADDED,2023-11-21,false
false,false,cell_4d176d99ebe3ce580aa54210,"{""attribute_name"":""suggested_grade"",""base_stage3a_state_version_id"":""state_version_432731811eda74318de66763"",""cell_id"":""cell_4d176d99ebe3ce580aa54210"",""claim_type"":""FORECAST_GEOLOGICAL_CONDITION"",""source_evidence_id"":""doc_62bf6495f3a27bc084947384_e0003"",""source_kind"":""GEOLOGICAL_EVIDENCE"",""state_role"":""FORWARD_ATTENTION_CELL"",""valid_date"":""2023-11-21""}",FORECAST_GEOLOGICAL_CONDITION,true,true,false,,EXPRESSIBLE,doc_62bf6495f3a27bc084947384_e0003,"{""attribute_name"":""suggested_grade"",""normalized_value"":""Ⅳ级"",""source_evidence_id"":""doc_62bf6495f3a27bc084947384_e0003""}",,,,null,knowledge_revision_event_2e009d1ddc1dae12616ebb29,FORWARD_ATTENTION_CELL,false,OPPORTUNITY_ADDED,2023-11-21,false
false,false,cell_4d176d99ebe3ce580aa54210,"{""attribute_name"":""weathering"",""base_stage3a_state_version_id"":""state_version_432731811eda74318de66763"",""cell_id"":""cell_4d176d99ebe3ce580aa54210"",""claim_type"":""FORECAST_GEOLOGICAL_CONDITION"",""source_evidence_id"":""doc_62bf6495f3a27bc084947384_e0002"",""source_kind"":""GEOLOGICAL_EVIDENCE"",""state_role"":""FORWARD_ATTENTION_CELL"",""valid_date"":""2023-11-21""}",FORECAST_GEOLOGICAL_CONDITION,true,true,false,,EXPRESSIBLE,doc_62bf6495f3a27bc084947384_e0002,"{""attribute_name"":""weathering"",""normalized_value"":""弱风化"",""source_evidence_id"":""doc_62bf6495f3a27bc084947384_e0002""}",,,,null,knowledge_revision_event_2e009d1ddc1dae12616ebb29,FORWARD_ATTENTION_CELL,false,OPPORTUNITY_ADDED,2023-11-21,false
false,false,cell_4d176d99ebe3ce580aa54210,"{""attribute_name"":""weathering"",""base_stage3a_state_version_id"":""state_version_432731811eda74318de66763"",""cell_id"":""cell_4d176d99ebe3ce580aa54210"",""claim_type"":""FORECAST_GEOLOGICAL_CONDITION"",""source_evidence_id"":""doc_62bf6495f3a27bc084947384_e0003"",""source_kind"":""GEOLOGICAL_EVIDENCE"",""state_role"":""FORWARD_ATTENTION_CELL"",""valid_date"":""2023-11-21""}",FORECAST_GEOLOGICAL_CONDITION,true,true,false,,EXPRESSIBLE,doc_62bf6495f3a27bc084947384_e0003,"{""attribute_name"":""weathering"",""normalized_value"":""弱风化"",""source_evidence_id"":""doc_62bf6495f3a27bc084947384_e0003""}",,,,null,knowledge_revision_event_2e009d1ddc1dae12616ebb29,FORWARD_ATTENTION_CELL,false,OPPORTUNITY_ADDED,2023-11-21,false
true,true,cell_4d176d99ebe3ce580aa54210,"{""base_stage3a_state_version_id"":""state_version_432731811eda74318de66763"",""cell_id"":""cell_4d176d99ebe3ce580aa54210"",""claim_type"":""FORWARD_GEOLOGICAL_ATTENTION"",""metric_name"":""GRS"",""source_kind"":""STATE_GRS"",""state_role"":""FORWARD_ATTENTION_CELL"",""valid_date"":""2023-11-21""}",FORWARD_GEOLOGICAL_ATTENTION,true,false,false,,EXPRESSIBLE,state_grs_8dc3b0d162b6cbbedf18f6c7,"{""is_causal_estimate"":false,""is_hazard_probability"":false,""is_probability"":false,""metric_name"":""GRS"",""metric_semantics"":""FORWARD_GEOLOGICAL_EVIDENCE_ATTENTION_INDEX"",""metric_status"":""AVAILABLE"",""metric_value"":0.5}",REQUIRED_EPISTEMIC_STATUS_MISSING,ABSTAIN,,null,knowledge_revision_event_2e009d1ddc1dae12616ebb29,FORWARD_ATTENTION_CELL,true,ABSTAIN_TO_EXPRESSIBLE,2023-11-21,false
false,false,cell_4d176d99ebe3ce580aa54210,"{""base_stage3a_state_version_id"":""state_version_432731811eda74318de66763"",""cell_id"":""cell_4d176d99ebe3ce580aa54210"",""claim_type"":""OPERATIONAL_RESPONSE_ATTENTION"",""metric_name"":""RAI"",""source_kind"":""STATE_RAI"",""state_role"":""FORWARD_ATTENTION_CELL"",""valid_date"":""2023-11-21""}",OPERATIONAL_RESPONSE_ATTENTION,false,false,false,STATE_ROLE_NOT_ALLOWED,ABSTAIN,,null,STATE_ROLE_NOT_ALLOWED,ABSTAIN,,null,knowledge_revision_event_2e009d1ddc1dae12616ebb29,FORWARD_ATTENTION_CELL,false,UNCHANGED_ABSTAIN,2023-11-21,false
false,false,cell_c8a195ce5490d52eac969260,"{""attribute_name"":""anomaly_level"",""base_stage3a_state_version_id"":""state_version_1e2aee5b194504702aa29a0f"",""cell_id"":""cell_c8a195ce5490d52eac969260"",""claim_type"":""FORECAST_GEOLOGICAL_CONDITION"",""source_evidence_id"":""doc_09e89a967279537d5c9bb8d7_e0002"",""source_kind"":""GEOLOGICAL_EVIDENCE"",""state_role"":""FORWARD_ATTENTION_CELL"",""valid_date"":""2023-10-21""}",FORECAST_GEOLOGICAL_CONDITION,true,true,false,UNKNOWN_SOURCE_VALUE,ABSTAIN,,"{""attribute_name"":""anomaly_level"",""normalized_value"":""NONE"",""source_evidence_id"":""doc_09e89a967279537d5c9bb8d7_e0002""}",,,,null,knowledge_revision_event_2fe1aa0e49d23ef090f4875c,FORWARD_ATTENTION_CELL,false,OPPORTUNITY_ADDED,2023-10-21,false
false,false,cell_c8a195ce5490d52eac969260,"{""attribute_name"":""geological_conclusion"",""base_stage3a_state_version_id"":""state_version_1e2aee5b194504702aa29a0f"",""cell_id"":""cell_c8a195ce5490d52eac969260"",""claim_type"":""FORECAST_GEOLOGICAL_CONDITION"",""source_evidence_id"":""doc_09e89a967279537d5c9bb8d7_e0002"",""source_kind"":""GEOLOGICAL_EVIDENCE"",""state_role"":""FORWARD_ATTENTION_CELL"",""valid_date"":""2023-10-21""}",FORECAST_GEOLOGICAL_CONDITION,true,true,false,,EXPRESSIBLE,doc_09e89a967279537d5c9bb8d7_e0002,"{""attribute_name"":""geological_conclusion"",""normalized_value"":""该段围岩与当前掌子面相当。岩 性为板岩夹变质砂岩，弱风化， 岩质软硬不均，节理裂隙发育， 岩体破碎，围岩整体稳定性较差"",""source_evidence_id"":""doc_09e89a967279537d5c9bb8d7_e0002""}",,,,null,knowledge_revision_event_2fe1aa0e49d23ef090f4875c,FORWARD_ATTENTION_CELL,false,OPPORTUNITY_ADDED,2023-10-21,false
false,false,cell_c8a195ce5490d52eac969260,"{""attribute_name"":""joint_development"",""base_stage3a_state_version_id"":""state_version_1e2aee5b194504702aa29a0f"",""cell_id"":""cell_c8a195ce5490d52eac969260"",""claim_type"":""FORECAST_GEOLOGICAL_CONDITION"",""source_evidence_id"":""doc_09e89a967279537d5c9bb8d7_e0002"",""source_kind"":""GEOLOGICAL_EVIDENCE"",""state_role"":""FORWARD_ATTENTION_CELL"",""valid_date"":""2023-10-21""}",FORECAST_GEOLOGICAL_CONDITION,true,true,false,,EXPRESSIBLE,doc_09e89a967279537d5c9bb8d7_e0002,"{""attribute_name"":""joint_development"",""normalized_value"":""节理裂隙发育"",""source_evidence_id"":""doc_09e89a967279537d5c9bb8d7_e0002""}",,,,null,knowledge_revision_event_2fe1aa0e49d23ef090f4875c,FORWARD_ATTENTION_CELL,false,OPPORTUNITY_ADDED,2023-10-21,false
false,false,cell_c8a195ce5490d52eac969260,"{""attribute_name"":""lithology"",""base_stage3a_state_version_id"":""state_version_1e2aee5b194504702aa29a0f"",""cell_id"":""cell_c8a195ce5490d52eac969260"",""claim_type"":""FORECAST_GEOLOGICAL_CONDITION"",""source_evidence_id"":""doc_09e89a967279537d5c9bb8d7_e0002"",""source_kind"":""GEOLOGICAL_EVIDENCE"",""state_role"":""FORWARD_ATTENTION_CELL"",""valid_date"":""2023-10-21""}",FORECAST_GEOLOGICAL_CONDITION,true,true,false,,EXPRESSIBLE,doc_09e89a967279537d5c9bb8d7_e0002,"{""attribute_name"":""lithology"",""normalized_value"":""板岩夹变质砂岩"",""source_evidence_id"":""doc_09e89a967279537d5c9bb8d7_e0002""}",,,,null,knowledge_revision_event_2fe1aa0e49d23ef090f4875c,FORWARD_ATTENTION_CELL,false,OPPORTUNITY_ADDED,2023-10-21,false
false,false,cell_c8a195ce5490d52eac969260,"{""attribute_name"":""risk_hint"",""base_stage3a_state_version_id"":""state_version_1e2aee5b194504702aa29a0f"",""cell_id"":""cell_c8a195ce5490d52eac969260"",""claim_type"":""FORECAST_GEOLOGICAL_CONDITION"",""source_evidence_id"":""doc_09e89a967279537d5c9bb8d7_e0002"",""source_kind"":""GEOLOGICAL_EVIDENCE"",""state_role"":""FORWARD_ATTENTION_CELL"",""valid_date"":""2023-10-21""}",FORECAST_GEOLOGICAL_CONDITION,true,true,false,UNKNOWN_SOURCE_VALUE,ABSTAIN,,"{""attribute_name"":""risk_hint"",""normalized_value"":""UNKNOWN"",""source_evidence_id"":""doc_09e89a967279537d5c9bb8d7_e0002""}",,,,null,knowledge_revision_event_2fe1aa0e49d23ef090f4875c,FORWARD_ATTENTION_CELL,false,OPPORTUNITY_ADDED,2023-10-21,false
false,false,cell_c8a195ce5490d52eac969260,"{""attribute_name"":""rock_mass_state"",""base_stage3a_state_version_id"":""state_version_1e2aee5b194504702aa29a0f"",""cell_id"":""cell_c8a195ce5490d52eac969260"",""claim_type"":""FORECAST_GEOLOGICAL_CONDITION"",""source_evidence_id"":""doc_09e89a967279537d5c9bb8d7_e0002"",""source_kind"":""GEOLOGICAL_EVIDENCE"",""state_role"":""FORWARD_ATTENTION_CELL"",""valid_date"":""2023-10-21""}",FORECAST_GEOLOGICAL_CONDITION,true,true,false,,EXPRESSIBLE,doc_09e89a967279537d5c9bb8d7_e0002,"{""attribute_name"":""rock_mass_state"",""normalized_value"":""岩体破碎"",""source_evidence_id"":""doc_09e89a967279537d5c9bb8d7_e0002""}",,,,null,knowledge_revision_event_2fe1aa0e49d23ef090f4875c,FORWARD_ATTENTION_CELL,false,OPPORTUNITY_ADDED,2023-10-21,false
false,false,cell_c8a195ce5490d52eac969260,"{""attribute_name"":""suggested_grade"",""base_stage3a_state_version_id"":""state_version_1e2aee5b194504702aa29a0f"",""cell_id"":""cell_c8a195ce5490d52eac969260"",""claim_type"":""FORECAST_GEOLOGICAL_CONDITION"",""source_evidence_id"":""doc_09e89a967279537d5c9bb8d7_e0002"",""source_kind"":""GEOLOGICAL_EVIDENCE"",""state_role"":""FORWARD_ATTENTION_CELL"",""valid_date"":""2023-10-21""}",FORECAST_GEOLOGICAL_CONDITION,true,true,false,,EXPRESSIBLE,doc_09e89a967279537d5c9bb8d7_e0002,"{""attribute_name"":""suggested_grade"",""normalized_value"":""Ⅳ级"",""source_evidence_id"":""doc_09e89a967279537d5c9bb8d7_e0002""}",,,,null,knowledge_revision_event_2fe1aa0e49d23ef090f4875c,FORWARD_ATTENTION_CELL,false,OPPORTUNITY_ADDED,2023-10-21,false
false,false,cell_c8a195ce5490d52eac969260,"{""attribute_name"":""weathering"",""base_stage3a_state_version_id"":""state_version_1e2aee5b194504702aa29a0f"",""cell_id"":""cell_c8a195ce5490d52eac969260"",""claim_type"":""FORECAST_GEOLOGICAL_CONDITION"",""source_evidence_id"":""doc_09e89a967279537d5c9bb8d7_e0002"",""source_kind"":""GEOLOGICAL_EVIDENCE"",""state_role"":""FORWARD_ATTENTION_CELL"",""valid_date"":""2023-10-21""}",FORECAST_GEOLOGICAL_CONDITION,true,true,false,,EXPRESSIBLE,doc_09e89a967279537d5c9bb8d7_e0002,"{""attribute_name"":""weathering"",""normalized_value"":""弱风化"",""source_evidence_id"":""doc_09e89a967279537d5c9bb8d7_e0002""}",,,,null,knowledge_revision_event_2fe1aa0e49d23ef090f4875c,FORWARD_ATTENTION_CELL,false,OPPORTUNITY_ADDED,2023-10-21,false
true,true,cell_c8a195ce5490d52eac969260,"{""base_stage3a_state_version_id"":""state_version_1e2aee5b194504702aa29a0f"",""cell_id"":""cell_c8a195ce5490d52eac969260"",""claim_type"":""FORWARD_GEOLOGICAL_ATTENTION"",""metric_name"":""GRS"",""source_kind"":""STATE_GRS"",""state_role"":""FORWARD_ATTENTION_CELL"",""valid_date"":""2023-10-21""}",FORWARD_GEOLOGICAL_ATTENTION,true,false,false,,EXPRESSIBLE,state_grs_a4148cb6e2ed805d0edb120d,"{""is_causal_estimate"":false,""is_hazard_probability"":false,""is_probability"":false,""metric_name"":""GRS"",""metric_semantics"":""FORWARD_GEOLOGICAL_EVIDENCE_ATTENTION_INDEX"",""metric_status"":""AVAILABLE"",""metric_value"":0.5416666666666666}",REQUIRED_EPISTEMIC_STATUS_MISSING,ABSTAIN,,null,knowledge_revision_event_2fe1aa0e49d23ef090f4875c,FORWARD_ATTENTION_CELL,true,ABSTAIN_TO_EXPRESSIBLE,2023-10-21,false
false,false,cell_c8a195ce5490d52eac969260,"{""base_stage3a_state_version_id"":""state_version_1e2aee5b194504702aa29a0f"",""cell_id"":""cell_c8a195ce5490d52eac969260"",""claim_type"":""OPERATIONAL_RESPONSE_ATTENTION"",""metric_name"":""RAI"",""source_kind"":""STATE_RAI"",""state_role"":""FORWARD_ATTENTION_CELL"",""valid_date"":""2023-10-21""}",OPERATIONAL_RESPONSE_ATTENTION,false,false,false,STATE_ROLE_NOT_ALLOWED,ABSTAIN,,null,STATE_ROLE_NOT_ALLOWED,ABSTAIN,,null,knowledge_revision_event_2fe1aa0e49d23ef090f4875c,FORWARD_ATTENTION_CELL,false,UNCHANGED_ABSTAIN,2023-10-21,false
false,false,cell_8f3c162903e22fbfe2cbba42,"{""attribute_name"":""anomaly_level"",""base_stage3a_state_version_id"":""state_version_ed221b03b2e40479c7ba42c2"",""cell_id"":""cell_8f3c162903e22fbfe2cbba42"",""claim_type"":""FORECAST_GEOLOGICAL_CONDITION"",""source_evidence_id"":""doc_042ef22be43ba006975946e2_e0002"",""source_kind"":""GEOLOGICAL_EVIDENCE"",""state_role"":""FORWARD_ATTENTION_CELL"",""valid_date"":""2023-09-22""}",FORECAST_GEOLOGICAL_CONDITION,true,true,false,UNKNOWN_SOURCE_VALUE,ABSTAIN,,"{""attribute_name"":""anomaly_level"",""normalized_value"":""NONE"",""source_evidence_id"":""doc_042ef22be43ba006975946e2_e0002""}",,,,null,knowledge_revision_event_341f4cc452843c3a3d91b6e8,FORWARD_ATTENTION_CELL,false,OPPORTUNITY_ADDED,2023-09-22,false
false,false,cell_8f3c162903e22fbfe2cbba42,"{""attribute_name"":""geological_conclusion"",""base_stage3a_state_version_id"":""state_version_ed221b03b2e40479c7ba42c2"",""cell_id"":""cell_8f3c162903e22fbfe2cbba42"",""claim_type"":""FORECAST_GEOLOGICAL_CONDITION"",""source_evidence_id"":""doc_042ef22be43ba006975946e2_e0002"",""source_kind"":""GEOLOGICAL_EVIDENCE"",""state_role"":""FORWARD_ATTENTION_CELL"",""valid_date"":""2023-09-22""}",FORECAST_GEOLOGICAL_CONDITION,true,true,false,,EXPRESSIBLE,doc_042ef22be43ba006975946e2_e0002,"{""attribute_name"":""geological_conclusion"",""normalized_value"":""该段围岩与当前掌子面相当。岩 性为板岩夹变质砂岩，弱风化， 岩质软硬不均，节理裂隙发育， 岩体破碎，围岩整体稳定性差"",""source_evidence_id"":""doc_042ef22be43ba006975946e2_e0002""}",,,,null,knowledge_revision_event_341f4cc452843c3a3d91b6e8,FORWARD_ATTENTION_CELL,false,OPPORTUNITY_ADDED,2023-09-22,false
false,false,cell_8f3c162903e22fbfe2cbba42,"{""attribute_name"":""joint_development"",""base_stage3a_state_version_id"":""state_version_ed221b03b2e40479c7ba42c2"",""cell_id"":""cell_8f3c162903e22fbfe2cbba42"",""claim_type"":""FORECAST_GEOLOGICAL_CONDITION"",""source_evidence_id"":""doc_042ef22be43ba006975946e2_e0002"",""source_kind"":""GEOLOGICAL_EVIDENCE"",""state_role"":""FORWARD_ATTENTION_CELL"",""valid_date"":""2023-09-22""}",FORECAST_GEOLOGICAL_CONDITION,true,true,false,,EXPRESSIBLE,doc_042ef22be43ba006975946e2_e0002,"{""attribute_name"":""joint_development"",""normalized_value"":""节理裂隙发育"",""source_evidence_id"":""doc_042ef22be43ba006975946e2_e0002""}",,,,null,knowledge_revision_event_341f4cc452843c3a3d91b6e8,FORWARD_ATTENTION_CELL,false,OPPORTUNITY_ADDED,2023-09-22,false
false,false,cell_8f3c162903e22fbfe2cbba42,"{""attribute_name"":""lithology"",""base_stage3a_state_version_id"":""state_version_ed221b03b2e40479c7ba42c2"",""cell_id"":""cell_8f3c162903e22fbfe2cbba42"",""claim_type"":""FORECAST_GEOLOGICAL_CONDITION"",""source_evidence_id"":""doc_042ef22be43ba006975946e2_e0002"",""source_kind"":""GEOLOGICAL_EVIDENCE"",""state_role"":""FORWARD_ATTENTION_CELL"",""valid_date"":""2023-09-22""}",FORECAST_GEOLOGICAL_CONDITION,true,true,false,,EXPRESSIBLE,doc_042ef22be43ba006975946e2_e0002,"{""attribute_name"":""lithology"",""normalized_value"":""板岩夹变质砂岩"",""source_evidence_id"":""doc_042ef22be43ba006975946e2_e0002""}",,,,null,knowledge_revision_event_341f4cc452843c3a3d91b6e8,FORWARD_ATTENTION_CELL,false,OPPORTUNITY_ADDED,2023-09-22,false
false,false,cell_8f3c162903e22fbfe2cbba42,"{""attribute_name"":""risk_hint"",""base_stage3a_state_version_id"":""state_version_ed221b03b2e40479c7ba42c2"",""cell_id"":""cell_8f3c162903e22fbfe2cbba42"",""claim_type"":""FORECAST_GEOLOGICAL_CONDITION"",""source_evidence_id"":""doc_042ef22be43ba006975946e2_e0002"",""source_kind"":""GEOLOGICAL_EVIDENCE"",""state_role"":""FORWARD_ATTENTION_CELL"",""valid_date"":""2023-09-22""}",FORECAST_GEOLOGICAL_CONDITION,true,true,false,UNKNOWN_SOURCE_VALUE,ABSTAIN,,"{""attribute_name"":""risk_hint"",""normalized_value"":""UNKNOWN"",""source_evidence_id"":""doc_042ef22be43ba006975946e2_e0002""}",,,,null,knowledge_revision_event_341f4cc452843c3a3d91b6e8,FORWARD_ATTENTION_CELL,false,OPPORTUNITY_ADDED,2023-09-22,false
false,false,cell_8f3c162903e22fbfe2cbba42,"{""attribute_name"":""rock_mass_state"",""base_stage3a_state_version_id"":""state_version_ed221b03b2e40479c7ba42c2"",""cell_id"":""cell_8f3c162903e22fbfe2cbba42"",""claim_type"":""FORECAST_GEOLOGICAL_CONDITION"",""source_evidence_id"":""doc_042ef22be43ba006975946e2_e0002"",""source_kind"":""GEOLOGICAL_EVIDENCE"",""state_role"":""FORWARD_ATTENTION_CELL"",""valid_date"":""2023-09-22""}",FORECAST_GEOLOGICAL_CONDITION,true,true,false,,EXPRESSIBLE,doc_042ef22be43ba006975946e2_e0002,"{""attribute_name"":""rock_mass_state"",""normalized_value"":""岩体破碎"",""source_evidence_id"":""doc_042ef22be43ba006975946e2_e0002""}",,,,null,knowledge_revision_event_341f4cc452843c3a3d91b6e8,FORWARD_ATTENTION_CELL,false,OPPORTUNITY_ADDED,2023-09-22,false
false,false,cell_8f3c162903e22fbfe2cbba42,"{""attribute_name"":""suggested_grade"",""base_stage3a_state_version_id"":""state_version_ed221b03b2e40479c7ba42c2"",""cell_id"":""cell_8f3c162903e22fbfe2cbba42"",""claim_type"":""FORECAST_GEOLOGICAL_CONDITION"",""source_evidence_id"":""doc_042ef22be43ba006975946e2_e0002"",""source_kind"":""GEOLOGICAL_EVIDENCE"",""state_role"":""FORWARD_ATTENTION_CELL"",""valid_date"":""2023-09-22""}",FORECAST_GEOLOGICAL_CONDITION,true,true,false,,EXPRESSIBLE,doc_042ef22be43ba006975946e2_e0002,"{""attribute_name"":""suggested_grade"",""normalized_value"":""Ⅳ级"",""source_evidence_id"":""doc_042ef22be43ba006975946e2_e0002""}",,,,null,knowledge_revision_event_341f4cc452843c3a3d91b6e8,FORWARD_ATTENTION_CELL,false,OPPORTUNITY_ADDED,2023-09-22,false
false,false,cell_8f3c162903e22fbfe2cbba42,"{""attribute_name"":""weathering"",""base_stage3a_state_version_id"":""state_version_ed221b03b2e40479c7ba42c2"",""cell_id"":""cell_8f3c162903e22fbfe2cbba42"",""claim_type"":""FORECAST_GEOLOGICAL_CONDITION"",""source_evidence_id"":""doc_042ef22be43ba006975946e2_e0002"",""source_kind"":""GEOLOGICAL_EVIDENCE"",""state_role"":""FORWARD_ATTENTION_CELL"",""valid_date"":""2023-09-22""}",FORECAST_GEOLOGICAL_CONDITION,true,true,false,,EXPRESSIBLE,doc_042ef22be43ba006975946e2_e0002,"{""attribute_name"":""weathering"",""normalized_value"":""弱风化"",""source_evidence_id"":""doc_042ef22be43ba006975946e2_e0002""}",,,,null,knowledge_revision_event_341f4cc452843c3a3d91b6e8,FORWARD_ATTENTION_CELL,false,OPPORTUNITY_ADDED,2023-09-22,false
true,true,cell_8f3c162903e22fbfe2cbba42,"{""base_stage3a_state_version_id"":""state_version_ed221b03b2e40479c7ba42c2"",""cell_id"":""cell_8f3c162903e22fbfe2cbba42"",""claim_type"":""FORWARD_GEOLOGICAL_ATTENTION"",""metric_name"":""GRS"",""source_kind"":""STATE_GRS"",""state_role"":""FORWARD_ATTENTION_CELL"",""valid_date"":""2023-09-22""}",FORWARD_GEOLOGICAL_ATTENTION,true,false,false,,EXPRESSIBLE,state_grs_201861382576d76354bc0af4,"{""is_causal_estimate"":false,""is_hazard_probability"":false,""is_probability"":false,""metric_name"":""GRS"",""metric_semantics"":""FORWARD_GEOLOGICAL_EVIDENCE_ATTENTION_INDEX"",""metric_status"":""AVAILABLE"",""metric_value"":0.5416666666666666}",REQUIRED_EPISTEMIC_STATUS_MISSING,ABSTAIN,,null,knowledge_revision_event_341f4cc452843c3a3d91b6e8,FORWARD_ATTENTION_CELL,true,ABSTAIN_TO_EXPRESSIBLE,2023-09-22,false
false,false,cell_8f3c162903e22fbfe2cbba42,"{""base_stage3a_state_version_id"":""state_version_ed221b03b2e40479c7ba42c2"",""cell_id"":""cell_8f3c162903e22fbfe2cbba42"",""claim_type"":""OPERATIONAL_RESPONSE_ATTENTION"",""metric_name"":""RAI"",""source_kind"":""STATE_RAI"",""state_role"":""FORWARD_ATTENTION_CELL"",""valid_date"":""2023-09-22""}",OPERATIONAL_RESPONSE_ATTENTION,false,false,false,STATE_ROLE_NOT_ALLOWED,ABSTAIN,,null,STATE_ROLE_NOT_ALLOWED,ABSTAIN,,null,knowledge_revision_event_341f4cc452843c3a3d91b6e8,FORWARD_ATTENTION_CELL,false,UNCHANGED_ABSTAIN,2023-09-22,false
false,false,cell_d8fa56c73ebc8ef37293fd07,"{""attribute_name"":""anomaly_level"",""base_stage3a_state_version_id"":""state_version_aca568e1dc43719beec3a8fa"",""cell_id"":""cell_d8fa56c73ebc8ef37293fd07"",""claim_type"":""FORECAST_GEOLOGICAL_CONDITION"",""source_evidence_id"":""doc_28d57b5baaf883772b83b6e8_e0002"",""source_kind"":""GEOLOGICAL_EVIDENCE"",""state_role"":""FORWARD_ATTENTION_CELL"",""valid_date"":""2023-10-26""}",FORECAST_GEOLOGICAL_CONDITION,true,true,false,UNKNOWN_SOURCE_VALUE,ABSTAIN,,"{""attribute_name"":""anomaly_level"",""normalized_value"":""NONE"",""source_evidence_id"":""doc_28d57b5baaf883772b83b6e8_e0002""}",,,,null,knowledge_revision_event_34a69e25f833b556ef8a0455,FORWARD_ATTENTION_CELL,false,OPPORTUNITY_ADDED,2023-10-26,false
false,false,cell_d8fa56c73ebc8ef37293fd07,"{""attribute_name"":""geological_conclusion"",""base_stage3a_state_version_id"":""state_version_aca568e1dc43719beec3a8fa"",""cell_id"":""cell_d8fa56c73ebc8ef37293fd07"",""claim_type"":""FORECAST_GEOLOGICAL_CONDITION"",""source_evidence_id"":""doc_28d57b5baaf883772b83b6e8_e0002"",""source_kind"":""GEOLOGICAL_EVIDENCE"",""state_role"":""FORWARD_ATTENTION_CELL"",""valid_date"":""2023-10-26""}",FORECAST_GEOLOGICAL_CONDITION,true,true,false,,EXPRESSIBLE,doc_28d57b5baaf883772b83b6e8_e0002,"{""attribute_name"":""geological_conclusion"",""normalized_value"":""该段围岩与当前掌子面相当。岩 性为板岩夹变质砂岩，弱风化， 岩质软硬不均，节理裂隙发育， 岩体破碎，围岩整体稳定性较差"",""source_evidence_id"":""doc_28d57b5baaf883772b83b6e8_e0002""}",,,,null,knowledge_revision_event_34a69e25f833b556ef8a0455,FORWARD_ATTENTION_CELL,false,OPPORTUNITY_ADDED,2023-10-26,false
false,false,cell_d8fa56c73ebc8ef37293fd07,"{""attribute_name"":""joint_development"",""base_stage3a_state_version_id"":""state_version_aca568e1dc43719beec3a8fa"",""cell_id"":""cell_d8fa56c73ebc8ef37293fd07"",""claim_type"":""FORECAST_GEOLOGICAL_CONDITION"",""source_evidence_id"":""doc_28d57b5baaf883772b83b6e8_e0002"",""source_kind"":""GEOLOGICAL_EVIDENCE"",""state_role"":""FORWARD_ATTENTION_CELL"",""valid_date"":""2023-10-26""}",FORECAST_GEOLOGICAL_CONDITION,true,true,false,,EXPRESSIBLE,doc_28d57b5baaf883772b83b6e8_e0002,"{""attribute_name"":""joint_development"",""normalized_value"":""节理裂隙发育"",""source_evidence_id"":""doc_28d57b5baaf883772b83b6e8_e0002""}",,,,null,knowledge_revision_event_34a69e25f833b556ef8a0455,FORWARD_ATTENTION_CELL,false,OPPORTUNITY_ADDED,2023-10-26,false
false,false,cell_d8fa56c73ebc8ef37293fd07,"{""attribute_name"":""lithology"",""base_stage3a_state_version_id"":""state_version_aca568e1dc43719beec3a8fa"",""cell_id"":""cell_d8fa56c73ebc8ef37293fd07"",""claim_type"":""FORECAST_GEOLOGICAL_CONDITION"",""source_evidence_id"":""doc_28d57b5baaf883772b83b6e8_e0002"",""source_kind"":""GEOLOGICAL_EVIDENCE"",""state_role"":""FORWARD_ATTENTION_CELL"",""valid_date"":""2023-10-26""}",FORECAST_GEOLOGICAL_CONDITION,true,true,false,,EXPRESSIBLE,doc_28d57b5baaf883772b83b6e8_e0002,"{""attribute_name"":""lithology"",""normalized_value"":""板岩夹变质砂岩"",""source_evidence_id"":""doc_28d57b5baaf883772b83b6e8_e0002""}",,,,null,knowledge_revision_event_34a69e25f833b556ef8a0455,FORWARD_ATTENTION_CELL,false,OPPORTUNITY_ADDED,2023-10-26,false
false,false,cell_d8fa56c73ebc8ef37293fd07,"{""attribute_name"":""risk_hint"",""base_stage3a_state_version_id"":""state_version_aca568e1dc43719beec3a8fa"",""cell_id"":""cell_d8fa56c73ebc8ef37293fd07"",""claim_type"":""FORECAST_GEOLOGICAL_CONDITION"",""source_evidence_id"":""doc_28d57b5baaf883772b83b6e8_e0002"",""source_kind"":""GEOLOGICAL_EVIDENCE"",""state_role"":""FORWARD_ATTENTION_CELL"",""valid_date"":""2023-10-26""}",FORECAST_GEOLOGICAL_CONDITION,true,true,false,UNKNOWN_SOURCE_VALUE,ABSTAIN,,"{""attribute_name"":""risk_hint"",""normalized_value"":""UNKNOWN"",""source_evidence_id"":""doc_28d57b5baaf883772b83b6e8_e0002""}",,,,null,knowledge_revision_event_34a69e25f833b556ef8a0455,FORWARD_ATTENTION_CELL,false,OPPORTUNITY_ADDED,2023-10-26,false
false,false,cell_d8fa56c73ebc8ef37293fd07,"{""attribute_name"":""rock_mass_state"",""base_stage3a_state_version_id"":""state_version_aca568e1dc43719beec3a8fa"",""cell_id"":""cell_d8fa56c73ebc8ef37293fd07"",""claim_type"":""FORECAST_GEOLOGICAL_CONDITION"",""source_evidence_id"":""doc_28d57b5baaf883772b83b6e8_e0002"",""source_kind"":""GEOLOGICAL_EVIDENCE"",""state_role"":""FORWARD_ATTENTION_CELL"",""valid_date"":""2023-10-26""}",FORECAST_GEOLOGICAL_CONDITION,true,true,false,,EXPRESSIBLE,doc_28d57b5baaf883772b83b6e8_e0002,"{""attribute_name"":""rock_mass_state"",""normalized_value"":""岩体破碎"",""source_evidence_id"":""doc_28d57b5baaf883772b83b6e8_e0002""}",,,,null,knowledge_revision_event_34a69e25f833b556ef8a0455,FORWARD_ATTENTION_CELL,false,OPPORTUNITY_ADDED,2023-10-26,false
false,false,cell_d8fa56c73ebc8ef37293fd07,"{""attribute_name"":""suggested_grade"",""base_stage3a_state_version_id"":""state_version_aca568e1dc43719beec3a8fa"",""cell_id"":""cell_d8fa56c73ebc8ef37293fd07"",""claim_type"":""FORECAST_GEOLOGICAL_CONDITION"",""source_evidence_id"":""doc_28d57b5baaf883772b83b6e8_e0002"",""source_kind"":""GEOLOGICAL_EVIDENCE"",""state_role"":""FORWARD_ATTENTION_CELL"",""valid_date"":""2023-10-26""}",FORECAST_GEOLOGICAL_CONDITION,true,true,false,,EXPRESSIBLE,doc_28d57b5baaf883772b83b6e8_e0002,"{""attribute_name"":""suggested_grade"",""normalized_value"":""Ⅳ级"",""source_evidence_id"":""doc_28d57b5baaf883772b83b6e8_e0002""}",,,,null,knowledge_revision_event_34a69e25f833b556ef8a0455,FORWARD_ATTENTION_CELL,false,OPPORTUNITY_ADDED,2023-10-26,false
false,false,cell_d8fa56c73ebc8ef37293fd07,"{""attribute_name"":""weathering"",""base_stage3a_state_version_id"":""state_version_aca568e1dc43719beec3a8fa"",""cell_id"":""cell_d8fa56c73ebc8ef37293fd07"",""claim_type"":""FORECAST_GEOLOGICAL_CONDITION"",""source_evidence_id"":""doc_28d57b5baaf883772b83b6e8_e0002"",""source_kind"":""GEOLOGICAL_EVIDENCE"",""state_role"":""FORWARD_ATTENTION_CELL"",""valid_date"":""2023-10-26""}",FORECAST_GEOLOGICAL_CONDITION,true,true,false,,EXPRESSIBLE,doc_28d57b5baaf883772b83b6e8_e0002,"{""attribute_name"":""weathering"",""normalized_value"":""弱风化"",""source_evidence_id"":""doc_28d57b5baaf883772b83b6e8_e0002""}",,,,null,knowledge_revision_event_34a69e25f833b556ef8a0455,FORWARD_ATTENTION_CELL,false,OPPORTUNITY_ADDED,2023-10-26,false
true,true,cell_d8fa56c73ebc8ef37293fd07,"{""base_stage3a_state_version_id"":""state_version_aca568e1dc43719beec3a8fa"",""cell_id"":""cell_d8fa56c73ebc8ef37293fd07"",""claim_type"":""FORWARD_GEOLOGICAL_ATTENTION"",""metric_name"":""GRS"",""source_kind"":""STATE_GRS"",""state_role"":""FORWARD_ATTENTION_CELL"",""valid_date"":""2023-10-26""}",FORWARD_GEOLOGICAL_ATTENTION,true,false,false,,EXPRESSIBLE,state_grs_49d373086596e2ec48704797,"{""is_causal_estimate"":false,""is_hazard_probability"":false,""is_probability"":false,""metric_name"":""GRS"",""metric_semantics"":""FORWARD_GEOLOGICAL_EVIDENCE_ATTENTION_INDEX"",""metric_status"":""AVAILABLE"",""metric_value"":0.5416666666666666}",REQUIRED_EPISTEMIC_STATUS_MISSING,ABSTAIN,,null,knowledge_revision_event_34a69e25f833b556ef8a0455,FORWARD_ATTENTION_CELL,true,ABSTAIN_TO_EXPRESSIBLE,2023-10-26,false
false,false,cell_d8fa56c73ebc8ef37293fd07,"{""base_stage3a_state_version_id"":""state_version_aca568e1dc43719beec3a8fa"",""cell_id"":""cell_d8fa56c73ebc8ef37293fd07"",""claim_type"":""OPERATIONAL_RESPONSE_ATTENTION"",""metric_name"":""RAI"",""source_kind"":""STATE_RAI"",""state_role"":""FORWARD_ATTENTION_CELL"",""valid_date"":""2023-10-26""}",OPERATIONAL_RESPONSE_ATTENTION,false,false,false,STATE_ROLE_NOT_ALLOWED,ABSTAIN,,null,STATE_ROLE_NOT_ALLOWED,ABSTAIN,,null,knowledge_revision_event_34a69e25f833b556ef8a0455,FORWARD_ATTENTION_CELL,false,UNCHANGED_ABSTAIN,2023-10-26,false
false,false,cell_23ac4564b0a3ce322fdb2bc1,"{""attribute_name"":""anomaly_level"",""base_stage3a_state_version_id"":""state_version_f4116f6474625147de260ef0"",""cell_id"":""cell_23ac4564b0a3ce322fdb2bc1"",""claim_type"":""FORECAST_GEOLOGICAL_CONDITION"",""source_evidence_id"":""doc_c03e80c9fabf17e0b238ec9a_e0002"",""source_kind"":""GEOLOGICAL_EVIDENCE"",""state_role"":""FORWARD_ATTENTION_CELL"",""valid_date"":""2023-10-11""}",FORECAST_GEOLOGICAL_CONDITION,true,true,false,UNKNOWN_SOURCE_VALUE,ABSTAIN,,"{""attribute_name"":""anomaly_level"",""normalized_value"":""NONE"",""source_evidence_id"":""doc_c03e80c9fabf17e0b238ec9a_e0002""}",,,,null,knowledge_revision_event_370bd8ab039e5e5223290f6d,FORWARD_ATTENTION_CELL,false,OPPORTUNITY_ADDED,2023-10-11,false
false,false,cell_23ac4564b0a3ce322fdb2bc1,"{""attribute_name"":""geological_conclusion"",""base_stage3a_state_version_id"":""state_version_f4116f6474625147de260ef0"",""cell_id"":""cell_23ac4564b0a3ce322fdb2bc1"",""claim_type"":""FORECAST_GEOLOGICAL_CONDITION"",""source_evidence_id"":""doc_c03e80c9fabf17e0b238ec9a_e0002"",""source_kind"":""GEOLOGICAL_EVIDENCE"",""state_role"":""FORWARD_ATTENTION_CELL"",""valid_date"":""2023-10-11""}",FORECAST_GEOLOGICAL_CONDITION,true,true,false,,EXPRESSIBLE,doc_c03e80c9fabf17e0b238ec9a_e0002,"{""attribute_name"":""geological_conclusion"",""normalized_value"":""该段围岩与当前掌子面相当。岩 性为板岩夹变质砂岩，弱风化， 岩质软硬不均，节理裂隙发育， 岩体破碎，围岩整体稳定性较差"",""source_evidence_id"":""doc_c03e80c9fabf17e0b238ec9a_e0002""}",,,,null,knowledge_revision_event_370bd8ab039e5e5223290f6d,FORWARD_ATTENTION_CELL,false,OPPORTUNITY_ADDED,2023-10-11,false
false,false,cell_23ac4564b0a3ce322fdb2bc1,"{""attribute_name"":""joint_development"",""base_stage3a_state_version_id"":""state_version_f4116f6474625147de260ef0"",""cell_id"":""cell_23ac4564b0a3ce322fdb2bc1"",""claim_type"":""FORECAST_GEOLOGICAL_CONDITION"",""source_evidence_id"":""doc_c03e80c9fabf17e0b238ec9a_e0002"",""source_kind"":""GEOLOGICAL_EVIDENCE"",""state_role"":""FORWARD_ATTENTION_CELL"",""valid_date"":""2023-10-11""}",FORECAST_GEOLOGICAL_CONDITION,true,true,false,,EXPRESSIBLE,doc_c03e80c9fabf17e0b238ec9a_e0002,"{""attribute_name"":""joint_development"",""normalized_value"":""节理裂隙发育"",""source_evidence_id"":""doc_c03e80c9fabf17e0b238ec9a_e0002""}",,,,null,knowledge_revision_event_370bd8ab039e5e5223290f6d,FORWARD_ATTENTION_CELL,false,OPPORTUNITY_ADDED,2023-10-11,false
false,false,cell_23ac4564b0a3ce322fdb2bc1,"{""attribute_name"":""lithology"",""base_stage3a_state_version_id"":""state_version_f4116f6474625147de260ef0"",""cell_id"":""cell_23ac4564b0a3ce322fdb2bc1"",""claim_type"":""FORECAST_GEOLOGICAL_CONDITION"",""source_evidence_id"":""doc_c03e80c9fabf17e0b238ec9a_e0002"",""source_kind"":""GEOLOGICAL_EVIDENCE"",""state_role"":""FORWARD_ATTENTION_CELL"",""valid_date"":""2023-10-11""}",FORECAST_GEOLOGICAL_CONDITION,true,true,false,,EXPRESSIBLE,doc_c03e80c9fabf17e0b238ec9a_e0002,"{""attribute_name"":""lithology"",""normalized_value"":""板岩夹变质砂岩"",""source_evidence_id"":""doc_c03e80c9fabf17e0b238ec9a_e0002""}",,,,null,knowledge_revision_event_370bd8ab039e5e5223290f6d,FORWARD_ATTENTION_CELL,false,OPPORTUNITY_ADDED,2023-10-11,false
false,false,cell_23ac4564b0a3ce322fdb2bc1,"{""attribute_name"":""risk_hint"",""base_stage3a_state_version_id"":""state_version_f4116f6474625147de260ef0"",""cell_id"":""cell_23ac4564b0a3ce322fdb2bc1"",""claim_type"":""FORECAST_GEOLOGICAL_CONDITION"",""source_evidence_id"":""doc_c03e80c9fabf17e0b238ec9a_e0002"",""source_kind"":""GEOLOGICAL_EVIDENCE"",""state_role"":""FORWARD_ATTENTION_CELL"",""valid_date"":""2023-10-11""}",FORECAST_GEOLOGICAL_CONDITION,true,true,false,UNKNOWN_SOURCE_VALUE,ABSTAIN,,"{""attribute_name"":""risk_hint"",""normalized_value"":""UNKNOWN"",""source_evidence_id"":""doc_c03e80c9fabf17e0b238ec9a_e0002""}",,,,null,knowledge_revision_event_370bd8ab039e5e5223290f6d,FORWARD_ATTENTION_CELL,false,OPPORTUNITY_ADDED,2023-10-11,false
false,false,cell_23ac4564b0a3ce322fdb2bc1,"{""attribute_name"":""rock_mass_state"",""base_stage3a_state_version_id"":""state_version_f4116f6474625147de260ef0"",""cell_id"":""cell_23ac4564b0a3ce322fdb2bc1"",""claim_type"":""FORECAST_GEOLOGICAL_CONDITION"",""source_evidence_id"":""doc_c03e80c9fabf17e0b238ec9a_e0002"",""source_kind"":""GEOLOGICAL_EVIDENCE"",""state_role"":""FORWARD_ATTENTION_CELL"",""valid_date"":""2023-10-11""}",FORECAST_GEOLOGICAL_CONDITION,true,true,false,,EXPRESSIBLE,doc_c03e80c9fabf17e0b238ec9a_e0002,"{""attribute_name"":""rock_mass_state"",""normalized_value"":""岩体破碎"",""source_evidence_id"":""doc_c03e80c9fabf17e0b238ec9a_e0002""}",,,,null,knowledge_revision_event_370bd8ab039e5e5223290f6d,FORWARD_ATTENTION_CELL,false,OPPORTUNITY_ADDED,2023-10-11,false
false,false,cell_23ac4564b0a3ce322fdb2bc1,"{""attribute_name"":""suggested_grade"",""base_stage3a_state_version_id"":""state_version_f4116f6474625147de260ef0"",""cell_id"":""cell_23ac4564b0a3ce322fdb2bc1"",""claim_type"":""FORECAST_GEOLOGICAL_CONDITION"",""source_evidence_id"":""doc_c03e80c9fabf17e0b238ec9a_e0002"",""source_kind"":""GEOLOGICAL_EVIDENCE"",""state_role"":""FORWARD_ATTENTION_CELL"",""valid_date"":""2023-10-11""}",FORECAST_GEOLOGICAL_CONDITION,true,true,false,,EXPRESSIBLE,doc_c03e80c9fabf17e0b238ec9a_e0002,"{""attribute_name"":""suggested_grade"",""normalized_value"":""Ⅳ级"",""source_evidence_id"":""doc_c03e80c9fabf17e0b238ec9a_e0002""}",,,,null,knowledge_revision_event_370bd8ab039e5e5223290f6d,FORWARD_ATTENTION_CELL,false,OPPORTUNITY_ADDED,2023-10-11,false
false,false,cell_23ac4564b0a3ce322fdb2bc1,"{""attribute_name"":""weathering"",""base_stage3a_state_version_id"":""state_version_f4116f6474625147de260ef0"",""cell_id"":""cell_23ac4564b0a3ce322fdb2bc1"",""claim_type"":""FORECAST_GEOLOGICAL_CONDITION"",""source_evidence_id"":""doc_c03e80c9fabf17e0b238ec9a_e0002"",""source_kind"":""GEOLOGICAL_EVIDENCE"",""state_role"":""FORWARD_ATTENTION_CELL"",""valid_date"":""2023-10-11""}",FORECAST_GEOLOGICAL_CONDITION,true,true,false,,EXPRESSIBLE,doc_c03e80c9fabf17e0b238ec9a_e0002,"{""attribute_name"":""weathering"",""normalized_value"":""弱风化"",""source_evidence_id"":""doc_c03e80c9fabf17e0b238ec9a_e0002""}",,,,null,knowledge_revision_event_370bd8ab039e5e5223290f6d,FORWARD_ATTENTION_CELL,false,OPPORTUNITY_ADDED,2023-10-11,false
true,true,cell_23ac4564b0a3ce322fdb2bc1,"{""base_stage3a_state_version_id"":""state_version_f4116f6474625147de260ef0"",""cell_id"":""cell_23ac4564b0a3ce322fdb2bc1"",""claim_type"":""FORWARD_GEOLOGICAL_ATTENTION"",""metric_name"":""GRS"",""source_kind"":""STATE_GRS"",""state_role"":""FORWARD_ATTENTION_CELL"",""valid_date"":""2023-10-11""}",FORWARD_GEOLOGICAL_ATTENTION,true,false,false,,EXPRESSIBLE,state_grs_0540ab39f36aa6250d8c3605,"{""is_causal_estimate"":false,""is_hazard_probability"":false,""is_probability"":false,""metric_name"":""GRS"",""metric_semantics"":""FORWARD_GEOLOGICAL_EVIDENCE_ATTENTION_INDEX"",""metric_status"":""AVAILABLE"",""metric_value"":0.5416666666666666}",REQUIRED_EPISTEMIC_STATUS_MISSING,ABSTAIN,,null,knowledge_revision_event_370bd8ab039e5e5223290f6d,FORWARD_ATTENTION_CELL,true,ABSTAIN_TO_EXPRESSIBLE,2023-10-11,false
false,false,cell_23ac4564b0a3ce322fdb2bc1,"{""base_stage3a_state_version_id"":""state_version_f4116f6474625147de260ef0"",""cell_id"":""cell_23ac4564b0a3ce322fdb2bc1"",""claim_type"":""OPERATIONAL_RESPONSE_ATTENTION"",""metric_name"":""RAI"",""source_kind"":""STATE_RAI"",""state_role"":""FORWARD_ATTENTION_CELL"",""valid_date"":""2023-10-11""}",OPERATIONAL_RESPONSE_ATTENTION,false,false,false,STATE_ROLE_NOT_ALLOWED,ABSTAIN,,null,STATE_ROLE_NOT_ALLOWED,ABSTAIN,,null,knowledge_revision_event_370bd8ab039e5e5223290f6d,FORWARD_ATTENTION_CELL,false,UNCHANGED_ABSTAIN,2023-10-11,false
false,false,cell_feb25603908516ff7807e05b,"{""attribute_name"":""anomaly_level"",""base_stage3a_state_version_id"":""state_version_0bf83acd13698e9f47b24d6d"",""cell_id"":""cell_feb25603908516ff7807e05b"",""claim_type"":""FORECAST_GEOLOGICAL_CONDITION"",""source_evidence_id"":""doc_6af39821d5a37fd21b28de70_e0006"",""source_kind"":""GEOLOGICAL_EVIDENCE"",""state_role"":""FORWARD_ATTENTION_CELL"",""valid_date"":""2023-10-18""}",FORECAST_GEOLOGICAL_CONDITION,false,false,false,UNKNOWN_SOURCE_VALUE,ABSTAIN,,"{""attribute_name"":""anomaly_level"",""normalized_value"":""NONE"",""source_evidence_id"":""doc_6af39821d5a37fd21b28de70_e0006""}",UNKNOWN_SOURCE_VALUE,ABSTAIN,,"{""attribute_name"":""anomaly_level"",""normalized_value"":""NONE"",""source_evidence_id"":""doc_6af39821d5a37fd21b28de70_e0006""}",knowledge_revision_event_3c3f2d803b6c2e78e3df85a7,FORWARD_ATTENTION_CELL,false,UNCHANGED_ABSTAIN,2023-10-18,false
false,false,cell_feb25603908516ff7807e05b,"{""attribute_name"":""anomaly_level"",""base_stage3a_state_version_id"":""state_version_0bf83acd13698e9f47b24d6d"",""cell_id"":""cell_feb25603908516ff7807e05b"",""claim_type"":""FORECAST_GEOLOGICAL_CONDITION"",""source_evidence_id"":""doc_ce88b5055d612f9f8fb8012e_e0002"",""source_kind"":""GEOLOGICAL_EVIDENCE"",""state_role"":""FORWARD_ATTENTION_CELL"",""valid_date"":""2023-10-18""}",FORECAST_GEOLOGICAL_CONDITION,true,true,false,,EXPRESSIBLE,doc_ce88b5055d612f9f8fb8012e_e0002,"{""attribute_name"":""anomaly_level"",""normalized_value"":""MODERATE"",""source_evidence_id"":""doc_ce88b5055d612f9f8fb8012e_e0002""}",,,,null,knowledge_revision_event_3c3f2d803b6c2e78e3df85a7,FORWARD_ATTENTION_CELL,false,OPPORTUNITY_ADDED,2023-10-18,false
false,false,cell_feb25603908516ff7807e05b,"{""attribute_name"":""geological_conclusion"",""base_stage3a_state_version_id"":""state_version_0bf83acd13698e9f47b24d6d"",""cell_id"":""cell_feb25603908516ff7807e05b"",""claim_type"":""FORECAST_GEOLOGICAL_CONDITION"",""source_evidence_id"":""doc_6af39821d5a37fd21b28de70_e0006"",""source_kind"":""GEOLOGICAL_EVIDENCE"",""state_role"":""FORWARD_ATTENTION_CELL"",""valid_date"":""2023-10-18""}",FORECAST_GEOLOGICAL_CONDITION,false,false,false,,EXPRESSIBLE,doc_6af39821d5a37fd21b28de70_e0006,"{""attribute_name"":""geological_conclusion"",""normalized_value"":""该段围岩较前段稍有变好。岩性 为板岩夹变质砂岩，弱风化，岩 质软硬不均，节理裂隙发育，岩 体破碎，围岩整体稳定性较差"",""source_evidence_id"":""doc_6af39821d5a37fd21b28de70_e0006""}",,EXPRESSIBLE,doc_6af39821d5a37fd21b28de70_e0006,"{""attribute_name"":""geological_conclusion"",""normalized_value"":""该段围岩较前段稍有变好。岩性 为板岩夹变质砂岩，弱风化，岩 质软硬不均，节理裂隙发育，岩 体破碎，围岩整体稳定性较差"",""source_evidence_id"":""doc_6af39821d5a37fd21b28de70_e0006""}",knowledge_revision_event_3c3f2d803b6c2e78e3df85a7,FORWARD_ATTENTION_CELL,false,UNCHANGED_EXPRESSIBLE,2023-10-18,true
false,false,cell_feb25603908516ff7807e05b,"{""attribute_name"":""geological_conclusion"",""base_stage3a_state_version_id"":""state_version_0bf83acd13698e9f47b24d6d"",""cell_id"":""cell_feb25603908516ff7807e05b"",""claim_type"":""FORECAST_GEOLOGICAL_CONDITION"",""source_evidence_id"":""doc_ce88b5055d612f9f8fb8012e_e0002"",""source_kind"":""GEOLOGICAL_EVIDENCE"",""state_role"":""FORWARD_ATTENTION_CELL"",""valid_date"":""2023-10-18""}",FORECAST_GEOLOGICAL_CONDITION,true,true,false,,EXPRESSIBLE,doc_ce88b5055d612f9f8fb8012e_e0002,"{""attribute_name"":""geological_conclusion"",""normalized_value"":""该段围岩整体较当前掌子面变 差。岩性为板岩夹变质砂岩，弱 风化，岩质软硬不均，节理裂隙 发育，局部段落节理裂隙发育密 集，岩体破碎-极破碎，围岩整体 稳定性差"",""source_evidence_id"":""doc_ce88b5055d612f9f8fb8012e_e0002""}",,,,null,knowledge_revision_event_3c3f2d803b6c2e78e3df85a7,FORWARD_ATTENTION_CELL,false,OPPORTUNITY_ADDED,2023-10-18,false
false,false,cell_feb25603908516ff7807e05b,"{""attribute_name"":""joint_development"",""base_stage3a_state_version_id"":""state_version_0bf83acd13698e9f47b24d6d"",""cell_id"":""cell_feb25603908516ff7807e05b"",""claim_type"":""FORECAST_GEOLOGICAL_CONDITION"",""source_evidence_id"":""doc_6af39821d5a37fd21b28de70_e0006"",""source_kind"":""GEOLOGICAL_EVIDENCE"",""state_role"":""FORWARD_ATTENTION_CELL"",""valid_date"":""2023-10-18""}",FORECAST_GEOLOGICAL_CONDITION,false,false,false,,EXPRESSIBLE,doc_6af39821d5a37fd21b28de70_e0006,"{""attribute_name"":""joint_development"",""normalized_value"":""节理裂隙发育"",""source_evidence_id"":""doc_6af39821d5a37fd21b28de70_e0006""}",,EXPRESSIBLE,doc_6af39821d5a37fd21b28de70_e0006,"{""attribute_name"":""joint_development"",""normalized_value"":""节理裂隙发育"",""source_evidence_id"":""doc_6af39821d5a37fd21b28de70_e0006""}",knowledge_revision_event_3c3f2d803b6c2e78e3df85a7,FORWARD_ATTENTION_CELL,false,UNCHANGED_EXPRESSIBLE,2023-10-18,true
false,false,cell_feb25603908516ff7807e05b,"{""attribute_name"":""joint_development"",""base_stage3a_state_version_id"":""state_version_0bf83acd13698e9f47b24d6d"",""cell_id"":""cell_feb25603908516ff7807e05b"",""claim_type"":""FORECAST_GEOLOGICAL_CONDITION"",""source_evidence_id"":""doc_ce88b5055d612f9f8fb8012e_e0002"",""source_kind"":""GEOLOGICAL_EVIDENCE"",""state_role"":""FORWARD_ATTENTION_CELL"",""valid_date"":""2023-10-18""}",FORECAST_GEOLOGICAL_CONDITION,true,true,false,,EXPRESSIBLE,doc_ce88b5055d612f9f8fb8012e_e0002,"{""attribute_name"":""joint_development"",""normalized_value"":""节理裂隙发育密集"",""source_evidence_id"":""doc_ce88b5055d612f9f8fb8012e_e0002""}",,,,null,knowledge_revision_event_3c3f2d803b6c2e78e3df85a7,FORWARD_ATTENTION_CELL,false,OPPORTUNITY_ADDED,2023-10-18,false
false,false,cell_feb25603908516ff7807e05b,"{""attribute_name"":""lithology"",""base_stage3a_state_version_id"":""state_version_0bf83acd13698e9f47b24d6d"",""cell_id"":""cell_feb25603908516ff7807e05b"",""claim_type"":""FORECAST_GEOLOGICAL_CONDITION"",""source_evidence_id"":""doc_6af39821d5a37fd21b28de70_e0006"",""source_kind"":""GEOLOGICAL_EVIDENCE"",""state_role"":""FORWARD_ATTENTION_CELL"",""valid_date"":""2023-10-18""}",FORECAST_GEOLOGICAL_CONDITION,false,false,false,,EXPRESSIBLE,doc_6af39821d5a37fd21b28de70_e0006,"{""attribute_name"":""lithology"",""normalized_value"":""板岩夹变质砂岩"",""source_evidence_id"":""doc_6af39821d5a37fd21b28de70_e0006""}",,EXPRESSIBLE,doc_6af39821d5a37fd21b28de70_e0006,"{""attribute_name"":""lithology"",""normalized_value"":""板岩夹变质砂岩"",""source_evidence_id"":""doc_6af39821d5a37fd21b28de70_e0006""}",knowledge_revision_event_3c3f2d803b6c2e78e3df85a7,FORWARD_ATTENTION_CELL,false,UNCHANGED_EXPRESSIBLE,2023-10-18,true
false,false,cell_feb25603908516ff7807e05b,"{""attribute_name"":""lithology"",""base_stage3a_state_version_id"":""state_version_0bf83acd13698e9f47b24d6d"",""cell_id"":""cell_feb25603908516ff7807e05b"",""claim_type"":""FORECAST_GEOLOGICAL_CONDITION"",""source_evidence_id"":""doc_ce88b5055d612f9f8fb8012e_e0002"",""source_kind"":""GEOLOGICAL_EVIDENCE"",""state_role"":""FORWARD_ATTENTION_CELL"",""valid_date"":""2023-10-18""}",FORECAST_GEOLOGICAL_CONDITION,true,true,false,,EXPRESSIBLE,doc_ce88b5055d612f9f8fb8012e_e0002,"{""attribute_name"":""lithology"",""normalized_value"":""板岩夹变质砂岩"",""source_evidence_id"":""doc_ce88b5055d612f9f8fb8012e_e0002""}",,,,null,knowledge_revision_event_3c3f2d803b6c2e78e3df85a7,FORWARD_ATTENTION_CELL,false,OPPORTUNITY_ADDED,2023-10-18,false
false,false,cell_feb25603908516ff7807e05b,"{""attribute_name"":""risk_hint"",""base_stage3a_state_version_id"":""state_version_0bf83acd13698e9f47b24d6d"",""cell_id"":""cell_feb25603908516ff7807e05b"",""claim_type"":""FORECAST_GEOLOGICAL_CONDITION"",""source_evidence_id"":""doc_6af39821d5a37fd21b28de70_e0006"",""source_kind"":""GEOLOGICAL_EVIDENCE"",""state_role"":""FORWARD_ATTENTION_CELL"",""valid_date"":""2023-10-18""}",FORECAST_GEOLOGICAL_CONDITION,false,false,false,UNKNOWN_SOURCE_VALUE,ABSTAIN,,"{""attribute_name"":""risk_hint"",""normalized_value"":""UNKNOWN"",""source_evidence_id"":""doc_6af39821d5a37fd21b28de70_e0006""}",UNKNOWN_SOURCE_VALUE,ABSTAIN,,"{""attribute_name"":""risk_hint"",""normalized_value"":""UNKNOWN"",""source_evidence_id"":""doc_6af39821d5a37fd21b28de70_e0006""}",knowledge_revision_event_3c3f2d803b6c2e78e3df85a7,FORWARD_ATTENTION_CELL,false,UNCHANGED_ABSTAIN,2023-10-18,false
false,false,cell_feb25603908516ff7807e05b,"{""attribute_name"":""risk_hint"",""base_stage3a_state_version_id"":""state_version_0bf83acd13698e9f47b24d6d"",""cell_id"":""cell_feb25603908516ff7807e05b"",""claim_type"":""FORECAST_GEOLOGICAL_CONDITION"",""source_evidence_id"":""doc_ce88b5055d612f9f8fb8012e_e0002"",""source_kind"":""GEOLOGICAL_EVIDENCE"",""state_role"":""FORWARD_ATTENTION_CELL"",""valid_date"":""2023-10-18""}",FORECAST_GEOLOGICAL_CONDITION,true,true,false,,EXPRESSIBLE,doc_ce88b5055d612f9f8fb8012e_e0002,"{""attribute_name"":""risk_hint"",""normalized_value"":""里程+680、 +706、+716、 +733附近有 掉块风险"",""source_evidence_id"":""doc_ce88b5055d612f9f8fb8012e_e0002""}",,,,null,knowledge_revision_event_3c3f2d803b6c2e78e3df85a7,FORWARD_ATTENTION_CELL,false,OPPORTUNITY_ADDED,2023-10-18,false
false,false,cell_feb25603908516ff7807e05b,"{""attribute_name"":""rock_mass_state"",""base_stage3a_state_version_id"":""state_version_0bf83acd13698e9f47b24d6d"",""cell_id"":""cell_feb25603908516ff7807e05b"",""claim_type"":""FORECAST_GEOLOGICAL_CONDITION"",""source_evidence_id"":""doc_6af39821d5a37fd21b28de70_e0006"",""source_kind"":""GEOLOGICAL_EVIDENCE"",""state_role"":""FORWARD_ATTENTION_CELL"",""valid_date"":""2023-10-18""}",FORECAST_GEOLOGICAL_CONDITION,false,false,false,,EXPRESSIBLE,doc_6af39821d5a37fd21b28de70_e0006,"{""attribute_name"":""rock_mass_state"",""normalized_value"":""岩体破碎"",""source_evidence_id"":""doc_6af39821d5a37fd21b28de70_e0006""}",,EXPRESSIBLE,doc_6af39821d5a37fd21b28de70_e0006,"{""attribute_name"":""rock_mass_state"",""normalized_value"":""岩体破碎"",""source_evidence_id"":""doc_6af39821d5a37fd21b28de70_e0006""}",knowledge_revision_event_3c3f2d803b6c2e78e3df85a7,FORWARD_ATTENTION_CELL,false,UNCHANGED_EXPRESSIBLE,2023-10-18,true
false,false,cell_feb25603908516ff7807e05b,"{""attribute_name"":""rock_mass_state"",""base_stage3a_state_version_id"":""state_version_0bf83acd13698e9f47b24d6d"",""cell_id"":""cell_feb25603908516ff7807e05b"",""claim_type"":""FORECAST_GEOLOGICAL_CONDITION"",""source_evidence_id"":""doc_ce88b5055d612f9f8fb8012e_e0002"",""source_kind"":""GEOLOGICAL_EVIDENCE"",""state_role"":""FORWARD_ATTENTION_CELL"",""valid_date"":""2023-10-18""}",FORECAST_GEOLOGICAL_CONDITION,true,true,false,,EXPRESSIBLE,doc_ce88b5055d612f9f8fb8012e_e0002,"{""attribute_name"":""rock_mass_state"",""normalized_value"":""岩体破碎-极破碎"",""source_evidence_id"":""doc_ce88b5055d612f9f8fb8012e_e0002""}",,,,null,knowledge_revision_event_3c3f2d803b6c2e78e3df85a7,FORWARD_ATTENTION_CELL,false,OPPORTUNITY_ADDED,2023-10-18,false
false,false,cell_feb25603908516ff7807e05b,"{""attribute_name"":""suggested_grade"",""base_stage3a_state_version_id"":""state_version_0bf83acd13698e9f47b24d6d"",""cell_id"":""cell_feb25603908516ff7807e05b"",""claim_type"":""FORECAST_GEOLOGICAL_CONDITION"",""source_evidence_id"":""doc_6af39821d5a37fd21b28de70_e0006"",""source_kind"":""GEOLOGICAL_EVIDENCE"",""state_role"":""FORWARD_ATTENTION_CELL"",""valid_date"":""2023-10-18""}",FORECAST_GEOLOGICAL_CONDITION,false,false,false,,EXPRESSIBLE,doc_6af39821d5a37fd21b28de70_e0006,"{""attribute_name"":""suggested_grade"",""normalized_value"":""Ⅳ级"",""source_evidence_id"":""doc_6af39821d5a37fd21b28de70_e0006""}",,EXPRESSIBLE,doc_6af39821d5a37fd21b28de70_e0006,"{""attribute_name"":""suggested_grade"",""normalized_value"":""Ⅳ级"",""source_evidence_id"":""doc_6af39821d5a37fd21b28de70_e0006""}",knowledge_revision_event_3c3f2d803b6c2e78e3df85a7,FORWARD_ATTENTION_CELL,false,UNCHANGED_EXPRESSIBLE,2023-10-18,true
false,false,cell_feb25603908516ff7807e05b,"{""attribute_name"":""suggested_grade"",""base_stage3a_state_version_id"":""state_version_0bf83acd13698e9f47b24d6d"",""cell_id"":""cell_feb25603908516ff7807e05b"",""claim_type"":""FORECAST_GEOLOGICAL_CONDITION"",""source_evidence_id"":""doc_ce88b5055d612f9f8fb8012e_e0002"",""source_kind"":""GEOLOGICAL_EVIDENCE"",""state_role"":""FORWARD_ATTENTION_CELL"",""valid_date"":""2023-10-18""}",FORECAST_GEOLOGICAL_CONDITION,true,true,false,,EXPRESSIBLE,doc_ce88b5055d612f9f8fb8012e_e0002,"{""attribute_name"":""suggested_grade"",""normalized_value"":""Ⅳ级"",""source_evidence_id"":""doc_ce88b5055d612f9f8fb8012e_e0002""}",,,,null,knowledge_revision_event_3c3f2d803b6c2e78e3df85a7,FORWARD_ATTENTION_CELL,false,OPPORTUNITY_ADDED,2023-10-18,false
false,false,cell_feb25603908516ff7807e05b,"{""attribute_name"":""weathering"",""base_stage3a_state_version_id"":""state_version_0bf83acd13698e9f47b24d6d"",""cell_id"":""cell_feb25603908516ff7807e05b"",""claim_type"":""FORECAST_GEOLOGICAL_CONDITION"",""source_evidence_id"":""doc_6af39821d5a37fd21b28de70_e0006"",""source_kind"":""GEOLOGICAL_EVIDENCE"",""state_role"":""FORWARD_ATTENTION_CELL"",""valid_date"":""2023-10-18""}",FORECAST_GEOLOGICAL_CONDITION,false,false,false,,EXPRESSIBLE,doc_6af39821d5a37fd21b28de70_e0006,"{""attribute_name"":""weathering"",""normalized_value"":""弱风化"",""source_evidence_id"":""doc_6af39821d5a37fd21b28de70_e0006""}",,EXPRESSIBLE,doc_6af39821d5a37fd21b28de70_e0006,"{""attribute_name"":""weathering"",""normalized_value"":""弱风化"",""source_evidence_id"":""doc_6af39821d5a37fd21b28de70_e0006""}",knowledge_revision_event_3c3f2d803b6c2e78e3df85a7,FORWARD_ATTENTION_CELL,false,UNCHANGED_EXPRESSIBLE,2023-10-18,true
false,false,cell_feb25603908516ff7807e05b,"{""attribute_name"":""weathering"",""base_stage3a_state_version_id"":""state_version_0bf83acd13698e9f47b24d6d"",""cell_id"":""cell_feb25603908516ff7807e05b"",""claim_type"":""FORECAST_GEOLOGICAL_CONDITION"",""source_evidence_id"":""doc_ce88b5055d612f9f8fb8012e_e0002"",""source_kind"":""GEOLOGICAL_EVIDENCE"",""state_role"":""FORWARD_ATTENTION_CELL"",""valid_date"":""2023-10-18""}",FORECAST_GEOLOGICAL_CONDITION,true,true,false,,EXPRESSIBLE,doc_ce88b5055d612f9f8fb8012e_e0002,"{""attribute_name"":""weathering"",""normalized_value"":""弱风化"",""source_evidence_id"":""doc_ce88b5055d612f9f8fb8012e_e0002""}",,,,null,knowledge_revision_event_3c3f2d803b6c2e78e3df85a7,FORWARD_ATTENTION_CELL,false,OPPORTUNITY_ADDED,2023-10-18,false
false,true,cell_feb25603908516ff7807e05b,"{""base_stage3a_state_version_id"":""state_version_0bf83acd13698e9f47b24d6d"",""cell_id"":""cell_feb25603908516ff7807e05b"",""claim_type"":""FORWARD_GEOLOGICAL_ATTENTION"",""metric_name"":""GRS"",""source_kind"":""STATE_GRS"",""state_role"":""FORWARD_ATTENTION_CELL"",""valid_date"":""2023-10-18""}",FORWARD_GEOLOGICAL_ATTENTION,false,false,false,,EXPRESSIBLE,state_grs_e7a4515cd812b863eae37044,"{""is_causal_estimate"":false,""is_hazard_probability"":false,""is_probability"":false,""metric_name"":""GRS"",""metric_semantics"":""FORWARD_GEOLOGICAL_EVIDENCE_ATTENTION_INDEX"",""metric_status"":""AVAILABLE"",""metric_value"":0.8333333333333333}",,EXPRESSIBLE,state_grs_df4ab82ac488b01d0356224f,"{""is_causal_estimate"":false,""is_hazard_probability"":false,""is_probability"":false,""metric_name"":""GRS"",""metric_semantics"":""FORWARD_GEOLOGICAL_EVIDENCE_ATTENTION_INDEX"",""metric_status"":""AVAILABLE"",""metric_value"":0.5416666666666666}",knowledge_revision_event_3c3f2d803b6c2e78e3df85a7,FORWARD_ATTENTION_CELL,true,CLAIM_VALUE_CHANGED,2023-10-18,false
false,false,cell_feb25603908516ff7807e05b,"{""base_stage3a_state_version_id"":""state_version_0bf83acd13698e9f47b24d6d"",""cell_id"":""cell_feb25603908516ff7807e05b"",""claim_type"":""OPERATIONAL_RESPONSE_ATTENTION"",""metric_name"":""RAI"",""source_kind"":""STATE_RAI"",""state_role"":""FORWARD_ATTENTION_CELL"",""valid_date"":""2023-10-18""}",OPERATIONAL_RESPONSE_ATTENTION,false,false,false,STATE_ROLE_NOT_ALLOWED,ABSTAIN,,null,STATE_ROLE_NOT_ALLOWED,ABSTAIN,,null,knowledge_revision_event_3c3f2d803b6c2e78e3df85a7,FORWARD_ATTENTION_CELL,false,UNCHANGED_ABSTAIN,2023-10-18,false
false,false,cell_aa9a31d2a4df8d15e2b4d46f,"{""attribute_name"":""anomaly_level"",""base_stage3a_state_version_id"":""state_version_869afd364c22832ede13dcc4"",""cell_id"":""cell_aa9a31d2a4df8d15e2b4d46f"",""claim_type"":""FORECAST_GEOLOGICAL_CONDITION"",""source_evidence_id"":""doc_62bf6495f3a27bc084947384_e0002"",""source_kind"":""GEOLOGICAL_EVIDENCE"",""state_role"":""FORWARD_ATTENTION_CELL"",""valid_date"":""2023-11-21""}",FORECAST_GEOLOGICAL_CONDITION,true,true,false,,EXPRESSIBLE,doc_62bf6495f3a27bc084947384_e0002,"{""attribute_name"":""anomaly_level"",""normalized_value"":""LOW"",""source_evidence_id"":""doc_62bf6495f3a27bc084947384_e0002""}",,,,null,knowledge_revision_event_47ac62e642b422715513a9f1,FORWARD_ATTENTION_CELL,false,OPPORTUNITY_ADDED,2023-11-21,false
false,false,cell_aa9a31d2a4df8d15e2b4d46f,"{""attribute_name"":""anomaly_level"",""base_stage3a_state_version_id"":""state_version_869afd364c22832ede13dcc4"",""cell_id"":""cell_aa9a31d2a4df8d15e2b4d46f"",""claim_type"":""FORECAST_GEOLOGICAL_CONDITION"",""source_evidence_id"":""doc_d0afc25463d4776277ebb952_e0009"",""source_kind"":""GEOLOGICAL_EVIDENCE"",""state_role"":""FORWARD_ATTENTION_CELL"",""valid_date"":""2023-11-21""}",FORECAST_GEOLOGICAL_CONDITION,false,false,false,,EXPRESSIBLE,doc_d0afc25463d4776277ebb952_e0009,"{""attribute_name"":""anomaly_level"",""normalized_value"":""MODERATE"",""source_evidence_id"":""doc_d0afc25463d4776277ebb952_e0009""}",,EXPRESSIBLE,doc_d0afc25463d4776277ebb952_e0009,"{""attribute_name"":""anomaly_level"",""normalized_value"":""MODERATE"",""source_evidence_id"":""doc_d0afc25463d4776277ebb952_e0009""}",knowledge_revision_event_47ac62e642b422715513a9f1,FORWARD_ATTENTION_CELL,false,UNCHANGED_EXPRESSIBLE,2023-11-21,true
false,false,cell_aa9a31d2a4df8d15e2b4d46f,"{""attribute_name"":""geological_conclusion"",""base_stage3a_state_version_id"":""state_version_869afd364c22832ede13dcc4"",""cell_id"":""cell_aa9a31d2a4df8d15e2b4d46f"",""claim_type"":""FORECAST_GEOLOGICAL_CONDITION"",""source_evidence_id"":""doc_62bf6495f3a27bc084947384_e0002"",""source_kind"":""GEOLOGICAL_EVIDENCE"",""state_role"":""FORWARD_ATTENTION_CELL"",""valid_date"":""2023-11-21""}",FORECAST_GEOLOGICAL_CONDITION,true,true,false,,EXPRESSIBLE,doc_62bf6495f3a27bc084947384_e0002,"{""attribute_name"":""geological_conclusion"",""normalized_value"":""该段围岩较当前掌子面稍变差。 岩性为板岩夹变质砂岩，弱风化， 岩质软硬不均，层间结合较差， 节理裂隙较发育-发育，岩体较破 碎-破碎。"",""source_evidence_id"":""doc_62bf6495f3a27bc084947384_e0002""}",,,,null,knowledge_revision_event_47ac62e642b422715513a9f1,FORWARD_ATTENTION_CELL,false,OPPORTUNITY_ADDED,2023-11-21,false
false,false,cell_aa9a31d2a4df8d15e2b4d46f,"{""attribute_name"":""geological_conclusion"",""base_stage3a_state_version_id"":""state_version_869afd364c22832ede13dcc4"",""cell_id"":""cell_aa9a31d2a4df8d15e2b4d46f"",""claim_type"":""FORECAST_GEOLOGICAL_CONDITION"",""source_evidence_id"":""doc_d0afc25463d4776277ebb952_e0009"",""source_kind"":""GEOLOGICAL_EVIDENCE"",""state_role"":""FORWARD_ATTENTION_CELL"",""valid_date"":""2023-11-21""}",FORECAST_GEOLOGICAL_CONDITION,false,false,false,,EXPRESSIBLE,doc_d0afc25463d4776277ebb952_e0009,"{""attribute_name"":""geological_conclusion"",""normalized_value"":""该段围岩较前段变差。岩性为板 岩夹变质砂岩，弱风化，岩质软 硬不均，节理裂隙较发育-发育， 岩体较破碎-破碎，层间结合差。"",""source_evidence_id"":""doc_d0afc25463d4776277ebb952_e0009""}",,EXPRESSIBLE,doc_d0afc25463d4776277ebb952_e0009,"{""attribute_name"":""geological_conclusion"",""normalized_value"":""该段围岩较前段变差。岩性为板 岩夹变质砂岩，弱风化，岩质软 硬不均，节理裂隙较发育-发育， 岩体较破碎-破碎，层间结合差。"",""source_evidence_id"":""doc_d0afc25463d4776277ebb952_e0009""}",knowledge_revision_event_47ac62e642b422715513a9f1,FORWARD_ATTENTION_CELL,false,UNCHANGED_EXPRESSIBLE,2023-11-21,true
false,false,cell_aa9a31d2a4df8d15e2b4d46f,"{""attribute_name"":""joint_development"",""base_stage3a_state_version_id"":""state_version_869afd364c22832ede13dcc4"",""cell_id"":""cell_aa9a31d2a4df8d15e2b4d46f"",""claim_type"":""FORECAST_GEOLOGICAL_CONDITION"",""source_evidence_id"":""doc_62bf6495f3a27bc084947384_e0002"",""source_kind"":""GEOLOGICAL_EVIDENCE"",""state_role"":""FORWARD_ATTENTION_CELL"",""valid_date"":""2023-11-21""}",FORECAST_GEOLOGICAL_CONDITION,true,true,false,,EXPRESSIBLE,doc_62bf6495f3a27bc084947384_e0002,"{""attribute_name"":""joint_development"",""normalized_value"":""节理裂隙较发育-发育"",""source_evidence_id"":""doc_62bf6495f3a27bc084947384_e0002""}",,,,null,knowledge_revision_event_47ac62e642b422715513a9f1,FORWARD_ATTENTION_CELL,false,OPPORTUNITY_ADDED,2023-11-21,false
false,false,cell_aa9a31d2a4df8d15e2b4d46f,"{""attribute_name"":""joint_development"",""base_stage3a_state_version_id"":""state_version_869afd364c22832ede13dcc4"",""cell_id"":""cell_aa9a31d2a4df8d15e2b4d46f"",""claim_type"":""FORECAST_GEOLOGICAL_CONDITION"",""source_evidence_id"":""doc_d0afc25463d4776277ebb952_e0009"",""source_kind"":""GEOLOGICAL_EVIDENCE"",""state_role"":""FORWARD_ATTENTION_CELL"",""valid_date"":""2023-11-21""}",FORECAST_GEOLOGICAL_CONDITION,false,false,false,,EXPRESSIBLE,doc_d0afc25463d4776277ebb952_e0009,"{""attribute_name"":""joint_development"",""normalized_value"":""节理裂隙较发育-发育"",""source_evidence_id"":""doc_d0afc25463d4776277ebb952_e0009""}",,EXPRESSIBLE,doc_d0afc25463d4776277ebb952_e0009,"{""attribute_name"":""joint_development"",""normalized_value"":""节理裂隙较发育-发育"",""source_evidence_id"":""doc_d0afc25463d4776277ebb952_e0009""}",knowledge_revision_event_47ac62e642b422715513a9f1,FORWARD_ATTENTION_CELL,false,UNCHANGED_EXPRESSIBLE,2023-11-21,true
false,false,cell_aa9a31d2a4df8d15e2b4d46f,"{""attribute_name"":""lithology"",""base_stage3a_state_version_id"":""state_version_869afd364c22832ede13dcc4"",""cell_id"":""cell_aa9a31d2a4df8d15e2b4d46f"",""claim_type"":""FORECAST_GEOLOGICAL_CONDITION"",""source_evidence_id"":""doc_62bf6495f3a27bc084947384_e0002"",""source_kind"":""GEOLOGICAL_EVIDENCE"",""state_role"":""FORWARD_ATTENTION_CELL"",""valid_date"":""2023-11-21""}",FORECAST_GEOLOGICAL_CONDITION,true,true,false,,EXPRESSIBLE,doc_62bf6495f3a27bc084947384_e0002,"{""attribute_name"":""lithology"",""normalized_value"":""板岩夹变质砂岩"",""source_evidence_id"":""doc_62bf6495f3a27bc084947384_e0002""}",,,,null,knowledge_revision_event_47ac62e642b422715513a9f1,FORWARD_ATTENTION_CELL,false,OPPORTUNITY_ADDED,2023-11-21,false
false,false,cell_aa9a31d2a4df8d15e2b4d46f,"{""attribute_name"":""lithology"",""base_stage3a_state_version_id"":""state_version_869afd364c22832ede13dcc4"",""cell_id"":""cell_aa9a31d2a4df8d15e2b4d46f"",""claim_type"":""FORECAST_GEOLOGICAL_CONDITION"",""source_evidence_id"":""doc_d0afc25463d4776277ebb952_e0009"",""source_kind"":""GEOLOGICAL_EVIDENCE"",""state_role"":""FORWARD_ATTENTION_CELL"",""valid_date"":""2023-11-21""}",FORECAST_GEOLOGICAL_CONDITION,false,false,false,,EXPRESSIBLE,doc_d0afc25463d4776277ebb952_e0009,"{""attribute_name"":""lithology"",""normalized_value"":""板岩夹变质砂岩"",""source_evidence_id"":""doc_d0afc25463d4776277ebb952_e0009""}",,EXPRESSIBLE,doc_d0afc25463d4776277ebb952_e0009,"{""attribute_name"":""lithology"",""normalized_value"":""板岩夹变质砂岩"",""source_evidence_id"":""doc_d0afc25463d4776277ebb952_e0009""}",knowledge_revision_event_47ac62e642b422715513a9f1,FORWARD_ATTENTION_CELL,false,UNCHANGED_EXPRESSIBLE,2023-11-21,true
false,false,cell_aa9a31d2a4df8d15e2b4d46f,"{""attribute_name"":""risk_hint"",""base_stage3a_state_version_id"":""state_version_869afd364c22832ede13dcc4"",""cell_id"":""cell_aa9a31d2a4df8d15e2b4d46f"",""claim_type"":""FORECAST_GEOLOGICAL_CONDITION"",""source_evidence_id"":""doc_62bf6495f3a27bc084947384_e0002"",""source_kind"":""GEOLOGICAL_EVIDENCE"",""state_role"":""FORWARD_ATTENTION_CELL"",""valid_date"":""2023-11-21""}",FORECAST_GEOLOGICAL_CONDITION,true,true,false,,EXPRESSIBLE,doc_62bf6495f3a27bc084947384_e0002,"{""attribute_name"":""risk_hint"",""normalized_value"":""里程+115、 +118附近有 掉块风险"",""source_evidence_id"":""doc_62bf6495f3a27bc084947384_e0002""}",,,,null,knowledge_revision_event_47ac62e642b422715513a9f1,FORWARD_ATTENTION_CELL,false,OPPORTUNITY_ADDED,2023-11-21,false
false,false,cell_aa9a31d2a4df8d15e2b4d46f,"{""attribute_name"":""risk_hint"",""base_stage3a_state_version_id"":""state_version_869afd364c22832ede13dcc4"",""cell_id"":""cell_aa9a31d2a4df8d15e2b4d46f"",""claim_type"":""FORECAST_GEOLOGICAL_CONDITION"",""source_evidence_id"":""doc_d0afc25463d4776277ebb952_e0009"",""source_kind"":""GEOLOGICAL_EVIDENCE"",""state_role"":""FORWARD_ATTENTION_CELL"",""valid_date"":""2023-11-21""}",FORECAST_GEOLOGICAL_CONDITION,false,false,false,,EXPRESSIBLE,doc_d0afc25463d4776277ebb952_e0009,"{""attribute_name"":""risk_hint"",""normalized_value"":""里程+115 附 近有掉块风 险"",""source_evidence_id"":""doc_d0afc25463d4776277ebb952_e0009""}",,EXPRESSIBLE,doc_d0afc25463d4776277ebb952_e0009,"{""attribute_name"":""risk_hint"",""normalized_value"":""里程+115 附 近有掉块风 险"",""source_evidence_id"":""doc_d0afc25463d4776277ebb952_e0009""}",knowledge_revision_event_47ac62e642b422715513a9f1,FORWARD_ATTENTION_CELL,false,UNCHANGED_EXPRESSIBLE,2023-11-21,true
false,false,cell_aa9a31d2a4df8d15e2b4d46f,"{""attribute_name"":""rock_mass_state"",""base_stage3a_state_version_id"":""state_version_869afd364c22832ede13dcc4"",""cell_id"":""cell_aa9a31d2a4df8d15e2b4d46f"",""claim_type"":""FORECAST_GEOLOGICAL_CONDITION"",""source_evidence_id"":""doc_62bf6495f3a27bc084947384_e0002"",""source_kind"":""GEOLOGICAL_EVIDENCE"",""state_role"":""FORWARD_ATTENTION_CELL"",""valid_date"":""2023-11-21""}",FORECAST_GEOLOGICAL_CONDITION,true,true,false,,EXPRESSIBLE,doc_62bf6495f3a27bc084947384_e0002,"{""attribute_name"":""rock_mass_state"",""normalized_value"":""岩体较破碎-破碎"",""source_evidence_id"":""doc_62bf6495f3a27bc084947384_e0002""}",,,,null,knowledge_revision_event_47ac62e642b422715513a9f1,FORWARD_ATTENTION_CELL,false,OPPORTUNITY_ADDED,2023-11-21,false
false,false,cell_aa9a31d2a4df8d15e2b4d46f,"{""attribute_name"":""rock_mass_state"",""base_stage3a_state_version_id"":""state_version_869afd364c22832ede13dcc4"",""cell_id"":""cell_aa9a31d2a4df8d15e2b4d46f"",""claim_type"":""FORECAST_GEOLOGICAL_CONDITION"",""source_evidence_id"":""doc_d0afc25463d4776277ebb952_e0009"",""source_kind"":""GEOLOGICAL_EVIDENCE"",""state_role"":""FORWARD_ATTENTION_CELL"",""valid_date"":""2023-11-21""}",FORECAST_GEOLOGICAL_CONDITION,false,false,false,,EXPRESSIBLE,doc_d0afc25463d4776277ebb952_e0009,"{""attribute_name"":""rock_mass_state"",""normalized_value"":""岩体较破碎-破碎"",""source_evidence_id"":""doc_d0afc25463d4776277ebb952_e0009""}",,EXPRESSIBLE,doc_d0afc25463d4776277ebb952_e0009,"{""attribute_name"":""rock_mass_state"",""normalized_value"":""岩体较破碎-破碎"",""source_evidence_id"":""doc_d0afc25463d4776277ebb952_e0009""}",knowledge_revision_event_47ac62e642b422715513a9f1,FORWARD_ATTENTION_CELL,false,UNCHANGED_EXPRESSIBLE,2023-11-21,true
false,false,cell_aa9a31d2a4df8d15e2b4d46f,"{""attribute_name"":""suggested_grade"",""base_stage3a_state_version_id"":""state_version_869afd364c22832ede13dcc4"",""cell_id"":""cell_aa9a31d2a4df8d15e2b4d46f"",""claim_type"":""FORECAST_GEOLOGICAL_CONDITION"",""source_evidence_id"":""doc_62bf6495f3a27bc084947384_e0002"",""source_kind"":""GEOLOGICAL_EVIDENCE"",""state_role"":""FORWARD_ATTENTION_CELL"",""valid_date"":""2023-11-21""}",FORECAST_GEOLOGICAL_CONDITION,true,true,false,,EXPRESSIBLE,doc_62bf6495f3a27bc084947384_e0002,"{""attribute_name"":""suggested_grade"",""normalized_value"":""Ⅳ级"",""source_evidence_id"":""doc_62bf6495f3a27bc084947384_e0002""}",,,,null,knowledge_revision_event_47ac62e642b422715513a9f1,FORWARD_ATTENTION_CELL,false,OPPORTUNITY_ADDED,2023-11-21,false
false,false,cell_aa9a31d2a4df8d15e2b4d46f,"{""attribute_name"":""suggested_grade"",""base_stage3a_state_version_id"":""state_version_869afd364c22832ede13dcc4"",""cell_id"":""cell_aa9a31d2a4df8d15e2b4d46f"",""claim_type"":""FORECAST_GEOLOGICAL_CONDITION"",""source_evidence_id"":""doc_d0afc25463d4776277ebb952_e0009"",""source_kind"":""GEOLOGICAL_EVIDENCE"",""state_role"":""FORWARD_ATTENTION_CELL"",""valid_date"":""2023-11-21""}",FORECAST_GEOLOGICAL_CONDITION,false,false,false,,EXPRESSIBLE,doc_d0afc25463d4776277ebb952_e0009,"{""attribute_name"":""suggested_grade"",""normalized_value"":""Ⅳ级"",""source_evidence_id"":""doc_d0afc25463d4776277ebb952_e0009""}",,EXPRESSIBLE,doc_d0afc25463d4776277ebb952_e0009,"{""attribute_name"":""suggested_grade"",""normalized_value"":""Ⅳ级"",""source_evidence_id"":""doc_d0afc25463d4776277ebb952_e0009""}",knowledge_revision_event_47ac62e642b422715513a9f1,FORWARD_ATTENTION_CELL,false,UNCHANGED_EXPRESSIBLE,2023-11-21,true
false,false,cell_aa9a31d2a4df8d15e2b4d46f,"{""attribute_name"":""weathering"",""base_stage3a_state_version_id"":""state_version_869afd364c22832ede13dcc4"",""cell_id"":""cell_aa9a31d2a4df8d15e2b4d46f"",""claim_type"":""FORECAST_GEOLOGICAL_CONDITION"",""source_evidence_id"":""doc_62bf6495f3a27bc084947384_e0002"",""source_kind"":""GEOLOGICAL_EVIDENCE"",""state_role"":""FORWARD_ATTENTION_CELL"",""valid_date"":""2023-11-21""}",FORECAST_GEOLOGICAL_CONDITION,true,true,false,,EXPRESSIBLE,doc_62bf6495f3a27bc084947384_e0002,"{""attribute_name"":""weathering"",""normalized_value"":""弱风化"",""source_evidence_id"":""doc_62bf6495f3a27bc084947384_e0002""}",,,,null,knowledge_revision_event_47ac62e642b422715513a9f1,FORWARD_ATTENTION_CELL,false,OPPORTUNITY_ADDED,2023-11-21,false
false,false,cell_aa9a31d2a4df8d15e2b4d46f,"{""attribute_name"":""weathering"",""base_stage3a_state_version_id"":""state_version_869afd364c22832ede13dcc4"",""cell_id"":""cell_aa9a31d2a4df8d15e2b4d46f"",""claim_type"":""FORECAST_GEOLOGICAL_CONDITION"",""source_evidence_id"":""doc_d0afc25463d4776277ebb952_e0009"",""source_kind"":""GEOLOGICAL_EVIDENCE"",""state_role"":""FORWARD_ATTENTION_CELL"",""valid_date"":""2023-11-21""}",FORECAST_GEOLOGICAL_CONDITION,false,false,false,,EXPRESSIBLE,doc_d0afc25463d4776277ebb952_e0009,"{""attribute_name"":""weathering"",""normalized_value"":""弱风化"",""source_evidence_id"":""doc_d0afc25463d4776277ebb952_e0009""}",,EXPRESSIBLE,doc_d0afc25463d4776277ebb952_e0009,"{""attribute_name"":""weathering"",""normalized_value"":""弱风化"",""source_evidence_id"":""doc_d0afc25463d4776277ebb952_e0009""}",knowledge_revision_event_47ac62e642b422715513a9f1,FORWARD_ATTENTION_CELL,false,UNCHANGED_EXPRESSIBLE,2023-11-21,true
false,false,cell_aa9a31d2a4df8d15e2b4d46f,"{""base_stage3a_state_version_id"":""state_version_869afd364c22832ede13dcc4"",""cell_id"":""cell_aa9a31d2a4df8d15e2b4d46f"",""claim_type"":""FORWARD_GEOLOGICAL_ATTENTION"",""metric_name"":""GRS"",""source_kind"":""STATE_GRS"",""state_role"":""FORWARD_ATTENTION_CELL"",""valid_date"":""2023-11-21""}",FORWARD_GEOLOGICAL_ATTENTION,false,false,false,,EXPRESSIBLE,state_grs_56348c2e1c8df3ceb0c92def,"{""is_causal_estimate"":false,""is_hazard_probability"":false,""is_probability"":false,""metric_name"":""GRS"",""metric_semantics"":""FORWARD_GEOLOGICAL_EVIDENCE_ATTENTION_INDEX"",""metric_status"":""AVAILABLE"",""metric_value"":0.5833333333333333}",,EXPRESSIBLE,state_grs_be20f07c00b7359c1e7d33e8,"{""is_causal_estimate"":false,""is_hazard_probability"":false,""is_probability"":false,""metric_name"":""GRS"",""metric_semantics"":""FORWARD_GEOLOGICAL_EVIDENCE_ATTENTION_INDEX"",""metric_status"":""AVAILABLE"",""metric_value"":0.5833333333333333}",knowledge_revision_event_47ac62e642b422715513a9f1,FORWARD_ATTENTION_CELL,true,RESOLVED_SUPPORT_CHANGED,2023-11-21,false
false,false,cell_aa9a31d2a4df8d15e2b4d46f,"{""base_stage3a_state_version_id"":""state_version_869afd364c22832ede13dcc4"",""cell_id"":""cell_aa9a31d2a4df8d15e2b4d46f"",""claim_type"":""OPERATIONAL_RESPONSE_ATTENTION"",""metric_name"":""RAI"",""source_kind"":""STATE_RAI"",""state_role"":""FORWARD_ATTENTION_CELL"",""valid_date"":""2023-11-21""}",OPERATIONAL_RESPONSE_ATTENTION,false,false,false,STATE_ROLE_NOT_ALLOWED,ABSTAIN,,null,STATE_ROLE_NOT_ALLOWED,ABSTAIN,,null,knowledge_revision_event_47ac62e642b422715513a9f1,FORWARD_ATTENTION_CELL,false,UNCHANGED_ABSTAIN,2023-11-21,false
false,false,cell_d0aaf3ebeddde7e26d32be3b,"{""attribute_name"":""anomaly_level"",""base_stage3a_state_version_id"":""state_version_2e0046a83b71327e2ff19a2f"",""cell_id"":""cell_d0aaf3ebeddde7e26d32be3b"",""claim_type"":""FORECAST_GEOLOGICAL_CONDITION"",""source_evidence_id"":""doc_6af39821d5a37fd21b28de70_e0002"",""source_kind"":""GEOLOGICAL_EVIDENCE"",""state_role"":""DAILY_REVIEW_CELL"",""valid_date"":""2023-10-15""}",FORECAST_GEOLOGICAL_CONDITION,true,true,false,UNKNOWN_SOURCE_VALUE,ABSTAIN,,"{""attribute_name"":""anomaly_level"",""normalized_value"":""NONE"",""source_evidence_id"":""doc_6af39821d5a37fd21b28de70_e0002""}",,,,null,knowledge_revision_event_4c6a44899b2ad911a1d7ca78,DAILY_REVIEW_CELL,false,OPPORTUNITY_ADDED,2023-10-15,false
false,false,cell_d0aaf3ebeddde7e26d32be3b,"{""attribute_name"":""anomaly_level"",""base_stage3a_state_version_id"":""state_version_2e0046a83b71327e2ff19a2f"",""cell_id"":""cell_d0aaf3ebeddde7e26d32be3b"",""claim_type"":""FORECAST_GEOLOGICAL_CONDITION"",""source_evidence_id"":""doc_c03e80c9fabf17e0b238ec9a_e0006"",""source_kind"":""GEOLOGICAL_EVIDENCE"",""state_role"":""DAILY_REVIEW_CELL"",""valid_date"":""2023-10-15""}",FORECAST_GEOLOGICAL_CONDITION,false,false,false,,EXPRESSIBLE,doc_c03e80c9fabf17e0b238ec9a_e0006,"{""attribute_name"":""anomaly_level"",""normalized_value"":""LOW"",""source_evidence_id"":""doc_c03e80c9fabf17e0b238ec9a_e0006""}",,EXPRESSIBLE,doc_c03e80c9fabf17e0b238ec9a_e0006,"{""attribute_name"":""anomaly_level"",""normalized_value"":""LOW"",""source_evidence_id"":""doc_c03e80c9fabf17e0b238ec9a_e0006""}",knowledge_revision_event_4c6a44899b2ad911a1d7ca78,DAILY_REVIEW_CELL,false,UNCHANGED_EXPRESSIBLE,2023-10-15,true
false,false,cell_d0aaf3ebeddde7e26d32be3b,"{""attribute_name"":""geological_conclusion"",""base_stage3a_state_version_id"":""state_version_2e0046a83b71327e2ff19a2f"",""cell_id"":""cell_d0aaf3ebeddde7e26d32be3b"",""claim_type"":""FORECAST_GEOLOGICAL_CONDITION"",""source_evidence_id"":""doc_6af39821d5a37fd21b28de70_e0002"",""source_kind"":""GEOLOGICAL_EVIDENCE"",""state_role"":""DAILY_REVIEW_CELL"",""valid_date"":""2023-10-15""}",FORECAST_GEOLOGICAL_CONDITION,true,true,false,,EXPRESSIBLE,doc_6af39821d5a37fd21b28de70_e0002,"{""attribute_name"":""geological_conclusion"",""normalized_value"":""该段围岩与当前掌子面相当。岩 性为板岩夹变质砂岩，弱风化， 岩质软硬不均，节理裂隙发育， 岩体破碎，围岩整体稳定性较差"",""source_evidence_id"":""doc_6af39821d5a37fd21b28de70_e0002""}",,,,null,knowledge_revision_event_4c6a44899b2ad911a1d7ca78,DAILY_REVIEW_CELL,false,OPPORTUNITY_ADDED,2023-10-15,false
false,false,cell_d0aaf3ebeddde7e26d32be3b,"{""attribute_name"":""geological_conclusion"",""base_stage3a_state_version_id"":""state_version_2e0046a83b71327e2ff19a2f"",""cell_id"":""cell_d0aaf3ebeddde7e26d32be3b"",""claim_type"":""FORECAST_GEOLOGICAL_CONDITION"",""source_evidence_id"":""doc_c03e80c9fabf17e0b238ec9a_e0006"",""source_kind"":""GEOLOGICAL_EVIDENCE"",""state_role"":""DAILY_REVIEW_CELL"",""valid_date"":""2023-10-15""}",FORECAST_GEOLOGICAL_CONDITION,false,false,false,,EXPRESSIBLE,doc_c03e80c9fabf17e0b238ec9a_e0006,"{""attribute_name"":""geological_conclusion"",""normalized_value"":""该段围岩较前段稍有变好。岩性 为板岩夹变质砂岩，弱风化，岩 质软硬不均，节理裂隙发育，岩 体破碎，围岩整体稳定性较差"",""source_evidence_id"":""doc_c03e80c9fabf17e0b238ec9a_e0006""}",,EXPRESSIBLE,doc_c03e80c9fabf17e0b238ec9a_e0006,"{""attribute_name"":""geological_conclusion"",""normalized_value"":""该段围岩较前段稍有变好。岩性 为板岩夹变质砂岩，弱风化，岩 质软硬不均，节理裂隙发育，岩 体破碎，围岩整体稳定性较差"",""source_evidence_id"":""doc_c03e80c9fabf17e0b238ec9a_e0006""}",knowledge_revision_event_4c6a44899b2ad911a1d7ca78,DAILY_REVIEW_CELL,false,UNCHANGED_EXPRESSIBLE,2023-10-15,true
false,false,cell_d0aaf3ebeddde7e26d32be3b,"{""attribute_name"":""joint_development"",""base_stage3a_state_version_id"":""state_version_2e0046a83b71327e2ff19a2f"",""cell_id"":""cell_d0aaf3ebeddde7e26d32be3b"",""claim_type"":""FORECAST_GEOLOGICAL_CONDITION"",""source_evidence_id"":""doc_6af39821d5a37fd21b28de70_e0002"",""source_kind"":""GEOLOGICAL_EVIDENCE"",""state_role"":""DAILY_REVIEW_CELL"",""valid_date"":""2023-10-15""}",FORECAST_GEOLOGICAL_CONDITION,true,true,false,,EXPRESSIBLE,doc_6af39821d5a37fd21b28de70_e0002,"{""attribute_name"":""joint_development"",""normalized_value"":""节理裂隙发育"",""source_evidence_id"":""doc_6af39821d5a37fd21b28de70_e0002""}",,,,null,knowledge_revision_event_4c6a44899b2ad911a1d7ca78,DAILY_REVIEW_CELL,false,OPPORTUNITY_ADDED,2023-10-15,false
false,false,cell_d0aaf3ebeddde7e26d32be3b,"{""attribute_name"":""joint_development"",""base_stage3a_state_version_id"":""state_version_2e0046a83b71327e2ff19a2f"",""cell_id"":""cell_d0aaf3ebeddde7e26d32be3b"",""claim_type"":""FORECAST_GEOLOGICAL_CONDITION"",""source_evidence_id"":""doc_c03e80c9fabf17e0b238ec9a_e0006"",""source_kind"":""GEOLOGICAL_EVIDENCE"",""state_role"":""DAILY_REVIEW_CELL"",""valid_date"":""2023-10-15""}",FORECAST_GEOLOGICAL_CONDITION,false,false,false,,EXPRESSIBLE,doc_c03e80c9fabf17e0b238ec9a_e0006,"{""attribute_name"":""joint_development"",""normalized_value"":""节理裂隙发育"",""source_evidence_id"":""doc_c03e80c9fabf17e0b238ec9a_e0006""}",,EXPRESSIBLE,doc_c03e80c9fabf17e0b238ec9a_e0006,"{""attribute_name"":""joint_development"",""normalized_value"":""节理裂隙发育"",""source_evidence_id"":""doc_c03e80c9fabf17e0b238ec9a_e0006""}",knowledge_revision_event_4c6a44899b2ad911a1d7ca78,DAILY_REVIEW_CELL,false,UNCHANGED_EXPRESSIBLE,2023-10-15,true
false,false,cell_d0aaf3ebeddde7e26d32be3b,"{""attribute_name"":""lithology"",""base_stage3a_state_version_id"":""state_version_2e0046a83b71327e2ff19a2f"",""cell_id"":""cell_d0aaf3ebeddde7e26d32be3b"",""claim_type"":""FORECAST_GEOLOGICAL_CONDITION"",""source_evidence_id"":""doc_6af39821d5a37fd21b28de70_e0002"",""source_kind"":""GEOLOGICAL_EVIDENCE"",""state_role"":""DAILY_REVIEW_CELL"",""valid_date"":""2023-10-15""}",FORECAST_GEOLOGICAL_CONDITION,true,true,false,,EXPRESSIBLE,doc_6af39821d5a37fd21b28de70_e0002,"{""attribute_name"":""lithology"",""normalized_value"":""板岩夹变质砂岩"",""source_evidence_id"":""doc_6af39821d5a37fd21b28de70_e0002""}",,,,null,knowledge_revision_event_4c6a44899b2ad911a1d7ca78,DAILY_REVIEW_CELL,false,OPPORTUNITY_ADDED,2023-10-15,false
false,false,cell_d0aaf3ebeddde7e26d32be3b,"{""attribute_name"":""lithology"",""base_stage3a_state_version_id"":""state_version_2e0046a83b71327e2ff19a2f"",""cell_id"":""cell_d0aaf3ebeddde7e26d32be3b"",""claim_type"":""FORECAST_GEOLOGICAL_CONDITION"",""source_evidence_id"":""doc_c03e80c9fabf17e0b238ec9a_e0006"",""source_kind"":""GEOLOGICAL_EVIDENCE"",""state_role"":""DAILY_REVIEW_CELL"",""valid_date"":""2023-10-15""}",FORECAST_GEOLOGICAL_CONDITION,false,false,false,,EXPRESSIBLE,doc_c03e80c9fabf17e0b238ec9a_e0006,"{""attribute_name"":""lithology"",""normalized_value"":""板岩夹变质砂岩"",""source_evidence_id"":""doc_c03e80c9fabf17e0b238ec9a_e0006""}",,EXPRESSIBLE,doc_c03e80c9fabf17e0b238ec9a_e0006,"{""attribute_name"":""lithology"",""normalized_value"":""板岩夹变质砂岩"",""source_evidence_id"":""doc_c03e80c9fabf17e0b238ec9a_e0006""}",knowledge_revision_event_4c6a44899b2ad911a1d7ca78,DAILY_REVIEW_CELL,false,UNCHANGED_EXPRESSIBLE,2023-10-15,true
false,false,cell_d0aaf3ebeddde7e26d32be3b,"{""attribute_name"":""risk_hint"",""base_stage3a_state_version_id"":""state_version_2e0046a83b71327e2ff19a2f"",""cell_id"":""cell_d0aaf3ebeddde7e26d32be3b"",""claim_type"":""FORECAST_GEOLOGICAL_CONDITION"",""source_evidence_id"":""doc_6af39821d5a37fd21b28de70_e0002"",""source_kind"":""GEOLOGICAL_EVIDENCE"",""state_role"":""DAILY_REVIEW_CELL"",""valid_date"":""2023-10-15""}",FORECAST_GEOLOGICAL_CONDITION,true,true,false,UNKNOWN_SOURCE_VALUE,ABSTAIN,,"{""attribute_name"":""risk_hint"",""normalized_value"":""UNKNOWN"",""source_evidence_id"":""doc_6af39821d5a37fd21b28de70_e0002""}",,,,null,knowledge_revision_event_4c6a44899b2ad911a1d7ca78,DAILY_REVIEW_CELL,false,OPPORTUNITY_ADDED,2023-10-15,false
false,false,cell_d0aaf3ebeddde7e26d32be3b,"{""attribute_name"":""risk_hint"",""base_stage3a_state_version_id"":""state_version_2e0046a83b71327e2ff19a2f"",""cell_id"":""cell_d0aaf3ebeddde7e26d32be3b"",""claim_type"":""FORECAST_GEOLOGICAL_CONDITION"",""source_evidence_id"":""doc_c03e80c9fabf17e0b238ec9a_e0006"",""source_kind"":""GEOLOGICAL_EVIDENCE"",""state_role"":""DAILY_REVIEW_CELL"",""valid_date"":""2023-10-15""}",FORECAST_GEOLOGICAL_CONDITION,false,false,false,,EXPRESSIBLE,doc_c03e80c9fabf17e0b238ec9a_e0006,"{""attribute_name"":""risk_hint"",""normalized_value"":""里程+602、 +612 附近有 掉块风险"",""source_evidence_id"":""doc_c03e80c9fabf17e0b238ec9a_e0006""}",,EXPRESSIBLE,doc_c03e80c9fabf17e0b238ec9a_e0006,"{""attribute_name"":""risk_hint"",""normalized_value"":""里程+602、 +612 附近有 掉块风险"",""source_evidence_id"":""doc_c03e80c9fabf17e0b238ec9a_e0006""}",knowledge_revision_event_4c6a44899b2ad911a1d7ca78,DAILY_REVIEW_CELL,false,UNCHANGED_EXPRESSIBLE,2023-10-15,true
false,false,cell_d0aaf3ebeddde7e26d32be3b,"{""attribute_name"":""rock_mass_state"",""base_stage3a_state_version_id"":""state_version_2e0046a83b71327e2ff19a2f"",""cell_id"":""cell_d0aaf3ebeddde7e26d32be3b"",""claim_type"":""FORECAST_GEOLOGICAL_CONDITION"",""source_evidence_id"":""doc_6af39821d5a37fd21b28de70_e0002"",""source_kind"":""GEOLOGICAL_EVIDENCE"",""state_role"":""DAILY_REVIEW_CELL"",""valid_date"":""2023-10-15""}",FORECAST_GEOLOGICAL_CONDITION,true,true,false,,EXPRESSIBLE,doc_6af39821d5a37fd21b28de70_e0002,"{""attribute_name"":""rock_mass_state"",""normalized_value"":""岩体破碎"",""source_evidence_id"":""doc_6af39821d5a37fd21b28de70_e0002""}",,,,null,knowledge_revision_event_4c6a44899b2ad911a1d7ca78,DAILY_REVIEW_CELL,false,OPPORTUNITY_ADDED,2023-10-15,false
false,false,cell_d0aaf3ebeddde7e26d32be3b,"{""attribute_name"":""rock_mass_state"",""base_stage3a_state_version_id"":""state_version_2e0046a83b71327e2ff19a2f"",""cell_id"":""cell_d0aaf3ebeddde7e26d32be3b"",""claim_type"":""FORECAST_GEOLOGICAL_CONDITION"",""source_evidence_id"":""doc_c03e80c9fabf17e0b238ec9a_e0006"",""source_kind"":""GEOLOGICAL_EVIDENCE"",""state_role"":""DAILY_REVIEW_CELL"",""valid_date"":""2023-10-15""}",FORECAST_GEOLOGICAL_CONDITION,false,false,false,,EXPRESSIBLE,doc_c03e80c9fabf17e0b238ec9a_e0006,"{""attribute_name"":""rock_mass_state"",""normalized_value"":""岩体破碎"",""source_evidence_id"":""doc_c03e80c9fabf17e0b238ec9a_e0006""}",,EXPRESSIBLE,doc_c03e80c9fabf17e0b238ec9a_e0006,"{""attribute_name"":""rock_mass_state"",""normalized_value"":""岩体破碎"",""source_evidence_id"":""doc_c03e80c9fabf17e0b238ec9a_e0006""}",knowledge_revision_event_4c6a44899b2ad911a1d7ca78,DAILY_REVIEW_CELL,false,UNCHANGED_EXPRESSIBLE,2023-10-15,true
false,false,cell_d0aaf3ebeddde7e26d32be3b,"{""attribute_name"":""suggested_grade"",""base_stage3a_state_version_id"":""state_version_2e0046a83b71327e2ff19a2f"",""cell_id"":""cell_d0aaf3ebeddde7e26d32be3b"",""claim_type"":""FORECAST_GEOLOGICAL_CONDITION"",""source_evidence_id"":""doc_6af39821d5a37fd21b28de70_e0002"",""source_kind"":""GEOLOGICAL_EVIDENCE"",""state_role"":""DAILY_REVIEW_CELL"",""valid_date"":""2023-10-15""}",FORECAST_GEOLOGICAL_CONDITION,true,true,false,,EXPRESSIBLE,doc_6af39821d5a37fd21b28de70_e0002,"{""attribute_name"":""suggested_grade"",""normalized_value"":""Ⅳ级"",""source_evidence_id"":""doc_6af39821d5a37fd21b28de70_e0002""}",,,,null,knowledge_revision_event_4c6a44899b2ad911a1d7ca78,DAILY_REVIEW_CELL,false,OPPORTUNITY_ADDED,2023-10-15,false
false,false,cell_d0aaf3ebeddde7e26d32be3b,"{""attribute_name"":""suggested_grade"",""base_stage3a_state_version_id"":""state_version_2e0046a83b71327e2ff19a2f"",""cell_id"":""cell_d0aaf3ebeddde7e26d32be3b"",""claim_type"":""FORECAST_GEOLOGICAL_CONDITION"",""source_evidence_id"":""doc_c03e80c9fabf17e0b238ec9a_e0006"",""source_kind"":""GEOLOGICAL_EVIDENCE"",""state_role"":""DAILY_REVIEW_CELL"",""valid_date"":""2023-10-15""}",FORECAST_GEOLOGICAL_CONDITION,false,false,false,,EXPRESSIBLE,doc_c03e80c9fabf17e0b238ec9a_e0006,"{""attribute_name"":""suggested_grade"",""normalized_value"":""Ⅳ级"",""source_evidence_id"":""doc_c03e80c9fabf17e0b238ec9a_e0006""}",,EXPRESSIBLE,doc_c03e80c9fabf17e0b238ec9a_e0006,"{""attribute_name"":""suggested_grade"",""normalized_value"":""Ⅳ级"",""source_evidence_id"":""doc_c03e80c9fabf17e0b238ec9a_e0006""}",knowledge_revision_event_4c6a44899b2ad911a1d7ca78,DAILY_REVIEW_CELL,false,UNCHANGED_EXPRESSIBLE,2023-10-15,true
false,false,cell_d0aaf3ebeddde7e26d32be3b,"{""attribute_name"":""weathering"",""base_stage3a_state_version_id"":""state_version_2e0046a83b71327e2ff19a2f"",""cell_id"":""cell_d0aaf3ebeddde7e26d32be3b"",""claim_type"":""FORECAST_GEOLOGICAL_CONDITION"",""source_evidence_id"":""doc_6af39821d5a37fd21b28de70_e0002"",""source_kind"":""GEOLOGICAL_EVIDENCE"",""state_role"":""DAILY_REVIEW_CELL"",""valid_date"":""2023-10-15""}",FORECAST_GEOLOGICAL_CONDITION,true,true,false,,EXPRESSIBLE,doc_6af39821d5a37fd21b28de70_e0002,"{""attribute_name"":""weathering"",""normalized_value"":""弱风化"",""source_evidence_id"":""doc_6af39821d5a37fd21b28de70_e0002""}",,,,null,knowledge_revision_event_4c6a44899b2ad911a1d7ca78,DAILY_REVIEW_CELL,false,OPPORTUNITY_ADDED,2023-10-15,false
false,false,cell_d0aaf3ebeddde7e26d32be3b,"{""attribute_name"":""weathering"",""base_stage3a_state_version_id"":""state_version_2e0046a83b71327e2ff19a2f"",""cell_id"":""cell_d0aaf3ebeddde7e26d32be3b"",""claim_type"":""FORECAST_GEOLOGICAL_CONDITION"",""source_evidence_id"":""doc_c03e80c9fabf17e0b238ec9a_e0006"",""source_kind"":""GEOLOGICAL_EVIDENCE"",""state_role"":""DAILY_REVIEW_CELL"",""valid_date"":""2023-10-15""}",FORECAST_GEOLOGICAL_CONDITION,false,false,false,,EXPRESSIBLE,doc_c03e80c9fabf17e0b238ec9a_e0006,"{""attribute_name"":""weathering"",""normalized_value"":""弱风化"",""source_evidence_id"":""doc_c03e80c9fabf17e0b238ec9a_e0006""}",,EXPRESSIBLE,doc_c03e80c9fabf17e0b238ec9a_e0006,"{""attribute_name"":""weathering"",""normalized_value"":""弱风化"",""source_evidence_id"":""doc_c03e80c9fabf17e0b238ec9a_e0006""}",knowledge_revision_event_4c6a44899b2ad911a1d7ca78,DAILY_REVIEW_CELL,false,UNCHANGED_EXPRESSIBLE,2023-10-15,true
false,false,cell_d0aaf3ebeddde7e26d32be3b,"{""base_stage3a_state_version_id"":""state_version_2e0046a83b71327e2ff19a2f"",""cell_id"":""cell_d0aaf3ebeddde7e26d32be3b"",""claim_type"":""COUPLED_ATTENTION_REVIEW"",""metric_name"":""GRCI"",""source_kind"":""STATE_GRCI"",""state_role"":""DAILY_REVIEW_CELL"",""valid_date"":""2023-10-15""}",COUPLED_ATTENTION_REVIEW,false,false,false,,EXPRESSIBLE,state_grci_9d6ee1136966451dd6bee70c,"{""is_causal_estimate"":false,""is_hazard_probability"":false,""is_probability"":false,""metric_name"":""GRCI"",""metric_semantics"":""NONPROBABILISTIC_CONJUNCTIVE_PRODUCT"",""metric_status"":""AVAILABLE"",""metric_value"":0.392937318035215}",,EXPRESSIBLE,state_grci_310c279ae7d5835bd7ddee5e,"{""is_causal_estimate"":false,""is_hazard_probability"":false,""is_probability"":false,""metric_name"":""GRCI"",""metric_semantics"":""NONPROBABILISTIC_CONJUNCTIVE_PRODUCT"",""metric_status"":""AVAILABLE"",""metric_value"":0.392937318035215}",knowledge_revision_event_4c6a44899b2ad911a1d7ca78,DAILY_REVIEW_CELL,true,RESOLVED_SUPPORT_CHANGED,2023-10-15,false
false,false,cell_d0aaf3ebeddde7e26d32be3b,"{""base_stage3a_state_version_id"":""state_version_2e0046a83b71327e2ff19a2f"",""cell_id"":""cell_d0aaf3ebeddde7e26d32be3b"",""claim_type"":""GEOLOGICAL_EVIDENCE_ATTENTION_REVIEW"",""metric_name"":""GRS"",""source_kind"":""STATE_GRS"",""state_role"":""DAILY_REVIEW_CELL"",""valid_date"":""2023-10-15""}",GEOLOGICAL_EVIDENCE_ATTENTION_REVIEW,false,false,false,,EXPRESSIBLE,state_grs_9d6ee1136966451dd6bee70c,"{""is_causal_estimate"":false,""is_hazard_probability"":false,""is_probability"":false,""metric_name"":""GRS"",""metric_semantics"":""GEOLOGICAL_EVIDENCE_ATTENTION_INDEX"",""metric_status"":""AVAILABLE"",""metric_value"":0.625}",,EXPRESSIBLE,state_grs_310c279ae7d5835bd7ddee5e,"{""is_causal_estimate"":false,""is_hazard_probability"":false,""is_probability"":false,""metric_name"":""GRS"",""metric_semantics"":""GEOLOGICAL_EVIDENCE_ATTENTION_INDEX"",""metric_status"":""AVAILABLE"",""metric_value"":0.625}",knowledge_revision_event_4c6a44899b2ad911a1d7ca78,DAILY_REVIEW_CELL,true,RESOLVED_SUPPORT_CHANGED,2023-10-15,false
false,false,cell_d0aaf3ebeddde7e26d32be3b,"{""base_stage3a_state_version_id"":""state_version_2e0046a83b71327e2ff19a2f"",""cell_id"":""cell_d0aaf3ebeddde7e26d32be3b"",""claim_type"":""OPERATIONAL_RESPONSE_ATTENTION"",""metric_name"":""RAI"",""source_kind"":""STATE_RAI"",""state_role"":""DAILY_REVIEW_CELL"",""valid_date"":""2023-10-15""}",OPERATIONAL_RESPONSE_ATTENTION,false,false,false,,EXPRESSIBLE,state_rai_9d6ee1136966451dd6bee70c,"{""is_causal_estimate"":false,""is_hazard_probability"":false,""is_probability"":false,""metric_name"":""RAI"",""metric_semantics"":""OPERATIONAL_RESPONSE_ATTENTION_INDEX"",""metric_status"":""AVAILABLE"",""metric_value"":0.628699708856344}",,EXPRESSIBLE,state_rai_310c279ae7d5835bd7ddee5e,"{""is_causal_estimate"":false,""is_hazard_probability"":false,""is_probability"":false,""metric_name"":""RAI"",""metric_semantics"":""OPERATIONAL_RESPONSE_ATTENTION_INDEX"",""metric_status"":""AVAILABLE"",""metric_value"":0.628699708856344}",knowledge_revision_event_4c6a44899b2ad911a1d7ca78,DAILY_REVIEW_CELL,false,UNCHANGED_EXPRESSIBLE,2023-10-15,true
false,false,cell_ba71aad8523a714a32b0c788,"{""attribute_name"":""anomaly_level"",""base_stage3a_state_version_id"":""state_version_a952c061167a69f67e87d250"",""cell_id"":""cell_ba71aad8523a714a32b0c788"",""claim_type"":""FORECAST_GEOLOGICAL_CONDITION"",""source_evidence_id"":""doc_62bf6495f3a27bc084947384_e0003"",""source_kind"":""GEOLOGICAL_EVIDENCE"",""state_role"":""FORWARD_ATTENTION_CELL"",""valid_date"":""2023-11-21""}",FORECAST_GEOLOGICAL_CONDITION,true,true,false,UNKNOWN_SOURCE_VALUE,ABSTAIN,,"{""attribute_name"":""anomaly_level"",""normalized_value"":""NONE"",""source_evidence_id"":""doc_62bf6495f3a27bc084947384_e0003""}",,,,null,knowledge_revision_event_4cc75b2b34159aa1ce19f6c2,FORWARD_ATTENTION_CELL,false,OPPORTUNITY_ADDED,2023-11-21,false
false,false,cell_ba71aad8523a714a32b0c788,"{""attribute_name"":""geological_conclusion"",""base_stage3a_state_version_id"":""state_version_a952c061167a69f67e87d250"",""cell_id"":""cell_ba71aad8523a714a32b0c788"",""claim_type"":""FORECAST_GEOLOGICAL_CONDITION"",""source_evidence_id"":""doc_62bf6495f3a27bc084947384_e0003"",""source_kind"":""GEOLOGICAL_EVIDENCE"",""state_role"":""FORWARD_ATTENTION_CELL"",""valid_date"":""2023-11-21""}",FORECAST_GEOLOGICAL_CONDITION,true,true,false,,EXPRESSIBLE,doc_62bf6495f3a27bc084947384_e0003,"{""attribute_name"":""geological_conclusion"",""normalized_value"":""该段围岩较前段稍变好。岩性为 板岩夹变质砂岩，弱风化，岩质 硬，节理裂隙较发育，岩体较破 碎。"",""source_evidence_id"":""doc_62bf6495f3a27bc084947384_e0003""}",,,,null,knowledge_revision_event_4cc75b2b34159aa1ce19f6c2,FORWARD_ATTENTION_CELL,false,OPPORTUNITY_ADDED,2023-11-21,false
false,false,cell_ba71aad8523a714a32b0c788,"{""attribute_name"":""joint_development"",""base_stage3a_state_version_id"":""state_version_a952c061167a69f67e87d250"",""cell_id"":""cell_ba71aad8523a714a32b0c788"",""claim_type"":""FORECAST_GEOLOGICAL_CONDITION"",""source_evidence_id"":""doc_62bf6495f3a27bc084947384_e0003"",""source_kind"":""GEOLOGICAL_EVIDENCE"",""state_role"":""FORWARD_ATTENTION_CELL"",""valid_date"":""2023-11-21""}",FORECAST_GEOLOGICAL_CONDITION,true,true,false,,EXPRESSIBLE,doc_62bf6495f3a27bc084947384_e0003,"{""attribute_name"":""joint_development"",""normalized_value"":""节理裂隙较发育"",""source_evidence_id"":""doc_62bf6495f3a27bc084947384_e0003""}",,,,null,knowledge_revision_event_4cc75b2b34159aa1ce19f6c2,FORWARD_ATTENTION_CELL,false,OPPORTUNITY_ADDED,2023-11-21,false
false,false,cell_ba71aad8523a714a32b0c788,"{""attribute_name"":""lithology"",""base_stage3a_state_version_id"":""state_version_a952c061167a69f67e87d250"",""cell_id"":""cell_ba71aad8523a714a32b0c788"",""claim_type"":""FORECAST_GEOLOGICAL_CONDITION"",""source_evidence_id"":""doc_62bf6495f3a27bc084947384_e0003"",""source_kind"":""GEOLOGICAL_EVIDENCE"",""state_role"":""FORWARD_ATTENTION_CELL"",""valid_date"":""2023-11-21""}",FORECAST_GEOLOGICAL_CONDITION,true,true,false,,EXPRESSIBLE,doc_62bf6495f3a27bc084947384_e0003,"{""attribute_name"":""lithology"",""normalized_value"":""板岩夹变质砂岩"",""source_evidence_id"":""doc_62bf6495f3a27bc084947384_e0003""}",,,,null,knowledge_revision_event_4cc75b2b34159aa1ce19f6c2,FORWARD_ATTENTION_CELL,false,OPPORTUNITY_ADDED,2023-11-21,false
false,false,cell_ba71aad8523a714a32b0c788,"{""attribute_name"":""risk_hint"",""base_stage3a_state_version_id"":""state_version_a952c061167a69f67e87d250"",""cell_id"":""cell_ba71aad8523a714a32b0c788"",""claim_type"":""FORECAST_GEOLOGICAL_CONDITION"",""source_evidence_id"":""doc_62bf6495f3a27bc084947384_e0003"",""source_kind"":""GEOLOGICAL_EVIDENCE"",""state_role"":""FORWARD_ATTENTION_CELL"",""valid_date"":""2023-11-21""}",FORECAST_GEOLOGICAL_CONDITION,true,true,false,UNKNOWN_SOURCE_VALUE,ABSTAIN,,"{""attribute_name"":""risk_hint"",""normalized_value"":""UNKNOWN"",""source_evidence_id"":""doc_62bf6495f3a27bc084947384_e0003""}",,,,null,knowledge_revision_event_4cc75b2b34159aa1ce19f6c2,FORWARD_ATTENTION_CELL,false,OPPORTUNITY_ADDED,2023-11-21,false
false,false,cell_ba71aad8523a714a32b0c788,"{""attribute_name"":""rock_mass_state"",""base_stage3a_state_version_id"":""state_version_a952c061167a69f67e87d250"",""cell_id"":""cell_ba71aad8523a714a32b0c788"",""claim_type"":""FORECAST_GEOLOGICAL_CONDITION"",""source_evidence_id"":""doc_62bf6495f3a27bc084947384_e0003"",""source_kind"":""GEOLOGICAL_EVIDENCE"",""state_role"":""FORWARD_ATTENTION_CELL"",""valid_date"":""2023-11-21""}",FORECAST_GEOLOGICAL_CONDITION,true,true,false,,EXPRESSIBLE,doc_62bf6495f3a27bc084947384_e0003,"{""attribute_name"":""rock_mass_state"",""normalized_value"":""岩体较破碎"",""source_evidence_id"":""doc_62bf6495f3a27bc084947384_e0003""}",,,,null,knowledge_revision_event_4cc75b2b34159aa1ce19f6c2,FORWARD_ATTENTION_CELL,false,OPPORTUNITY_ADDED,2023-11-21,false
false,false,cell_ba71aad8523a714a32b0c788,"{""attribute_name"":""suggested_grade"",""base_stage3a_state_version_id"":""state_version_a952c061167a69f67e87d250"",""cell_id"":""cell_ba71aad8523a714a32b0c788"",""claim_type"":""FORECAST_GEOLOGICAL_CONDITION"",""source_evidence_id"":""doc_62bf6495f3a27bc084947384_e0003"",""source_kind"":""GEOLOGICAL_EVIDENCE"",""state_role"":""FORWARD_ATTENTION_CELL"",""valid_date"":""2023-11-21""}",FORECAST_GEOLOGICAL_CONDITION,true,true,false,,EXPRESSIBLE,doc_62bf6495f3a27bc084947384_e0003,"{""attribute_name"":""suggested_grade"",""normalized_value"":""Ⅳ级"",""source_evidence_id"":""doc_62bf6495f3a27bc084947384_e0003""}",,,,null,knowledge_revision_event_4cc75b2b34159aa1ce19f6c2,FORWARD_ATTENTION_CELL,false,OPPORTUNITY_ADDED,2023-11-21,false
false,false,cell_ba71aad8523a714a32b0c788,"{""attribute_name"":""weathering"",""base_stage3a_state_version_id"":""state_version_a952c061167a69f67e87d250"",""cell_id"":""cell_ba71aad8523a714a32b0c788"",""claim_type"":""FORECAST_GEOLOGICAL_CONDITION"",""source_evidence_id"":""doc_62bf6495f3a27bc084947384_e0003"",""source_kind"":""GEOLOGICAL_EVIDENCE"",""state_role"":""FORWARD_ATTENTION_CELL"",""valid_date"":""2023-11-21""}",FORECAST_GEOLOGICAL_CONDITION,true,true,false,,EXPRESSIBLE,doc_62bf6495f3a27bc084947384_e0003,"{""attribute_name"":""weathering"",""normalized_value"":""弱风化"",""source_evidence_id"":""doc_62bf6495f3a27bc084947384_e0003""}",,,,null,knowledge_revision_event_4cc75b2b34159aa1ce19f6c2,FORWARD_ATTENTION_CELL,false,OPPORTUNITY_ADDED,2023-11-21,false
true,true,cell_ba71aad8523a714a32b0c788,"{""base_stage3a_state_version_id"":""state_version_a952c061167a69f67e87d250"",""cell_id"":""cell_ba71aad8523a714a32b0c788"",""claim_type"":""FORWARD_GEOLOGICAL_ATTENTION"",""metric_name"":""GRS"",""source_kind"":""STATE_GRS"",""state_role"":""FORWARD_ATTENTION_CELL"",""valid_date"":""2023-11-21""}",FORWARD_GEOLOGICAL_ATTENTION,true,false,false,,EXPRESSIBLE,state_grs_57d8a7124c193892c266fd6f,"{""is_causal_estimate"":false,""is_hazard_probability"":false,""is_probability"":false,""metric_name"":""GRS"",""metric_semantics"":""FORWARD_GEOLOGICAL_EVIDENCE_ATTENTION_INDEX"",""metric_status"":""AVAILABLE"",""metric_value"":0.29166666666666663}",REQUIRED_EPISTEMIC_STATUS_MISSING,ABSTAIN,,null,knowledge_revision_event_4cc75b2b34159aa1ce19f6c2,FORWARD_ATTENTION_CELL,true,ABSTAIN_TO_EXPRESSIBLE,2023-11-21,false
false,false,cell_ba71aad8523a714a32b0c788,"{""base_stage3a_state_version_id"":""state_version_a952c061167a69f67e87d250"",""cell_id"":""cell_ba71aad8523a714a32b0c788"",""claim_type"":""OPERATIONAL_RESPONSE_ATTENTION"",""metric_name"":""RAI"",""source_kind"":""STATE_RAI"",""state_role"":""FORWARD_ATTENTION_CELL"",""valid_date"":""2023-11-21""}",OPERATIONAL_RESPONSE_ATTENTION,false,false,false,STATE_ROLE_NOT_ALLOWED,ABSTAIN,,null,STATE_ROLE_NOT_ALLOWED,ABSTAIN,,null,knowledge_revision_event_4cc75b2b34159aa1ce19f6c2,FORWARD_ATTENTION_CELL,false,UNCHANGED_ABSTAIN,2023-11-21,false
false,false,cell_0c7c18a1ffef6d9e83e69815,"{""attribute_name"":""anomaly_level"",""base_stage3a_state_version_id"":""state_version_63477a985a762b821a76b94a"",""cell_id"":""cell_0c7c18a1ffef6d9e83e69815"",""claim_type"":""FORECAST_GEOLOGICAL_CONDITION"",""source_evidence_id"":""doc_c03e80c9fabf17e0b238ec9a_e0002"",""source_kind"":""GEOLOGICAL_EVIDENCE"",""state_role"":""FORWARD_ATTENTION_CELL"",""valid_date"":""2023-10-11""}",FORECAST_GEOLOGICAL_CONDITION,true,true,false,UNKNOWN_SOURCE_VALUE,ABSTAIN,,"{""attribute_name"":""anomaly_level"",""normalized_value"":""NONE"",""source_evidence_id"":""doc_c03e80c9fabf17e0b238ec9a_e0002""}",,,,null,knowledge_revision_event_527f4b015126e688f15b718a,FORWARD_ATTENTION_CELL,false,OPPORTUNITY_ADDED,2023-10-11,false
false,false,cell_0c7c18a1ffef6d9e83e69815,"{""attribute_name"":""geological_conclusion"",""base_stage3a_state_version_id"":""state_version_63477a985a762b821a76b94a"",""cell_id"":""cell_0c7c18a1ffef6d9e83e69815"",""claim_type"":""FORECAST_GEOLOGICAL_CONDITION"",""source_evidence_id"":""doc_c03e80c9fabf17e0b238ec9a_e0002"",""source_kind"":""GEOLOGICAL_EVIDENCE"",""state_role"":""FORWARD_ATTENTION_CELL"",""valid_date"":""2023-10-11""}",FORECAST_GEOLOGICAL_CONDITION,true,true,false,,EXPRESSIBLE,doc_c03e80c9fabf17e0b238ec9a_e0002,"{""attribute_name"":""geological_conclusion"",""normalized_value"":""该段围岩与当前掌子面相当。岩 性为板岩夹变质砂岩，弱风化， 岩质软硬不均，节理裂隙发育， 岩体破碎，围岩整体稳定性较差"",""source_evidence_id"":""doc_c03e80c9fabf17e0b238ec9a_e0002""}",,,,null,knowledge_revision_event_527f4b015126e688f15b718a,FORWARD_ATTENTION_CELL,false,OPPORTUNITY_ADDED,2023-10-11,false
false,false,cell_0c7c18a1ffef6d9e83e69815,"{""attribute_name"":""joint_development"",""base_stage3a_state_version_id"":""state_version_63477a985a762b821a76b94a"",""cell_id"":""cell_0c7c18a1ffef6d9e83e69815"",""claim_type"":""FORECAST_GEOLOGICAL_CONDITION"",""source_evidence_id"":""doc_c03e80c9fabf17e0b238ec9a_e0002"",""source_kind"":""GEOLOGICAL_EVIDENCE"",""state_role"":""FORWARD_ATTENTION_CELL"",""valid_date"":""2023-10-11""}",FORECAST_GEOLOGICAL_CONDITION,true,true,false,,EXPRESSIBLE,doc_c03e80c9fabf17e0b238ec9a_e0002,"{""attribute_name"":""joint_development"",""normalized_value"":""节理裂隙发育"",""source_evidence_id"":""doc_c03e80c9fabf17e0b238ec9a_e0002""}",,,,null,knowledge_revision_event_527f4b015126e688f15b718a,FORWARD_ATTENTION_CELL,false,OPPORTUNITY_ADDED,2023-10-11,false
false,false,cell_0c7c18a1ffef6d9e83e69815,"{""attribute_name"":""lithology"",""base_stage3a_state_version_id"":""state_version_63477a985a762b821a76b94a"",""cell_id"":""cell_0c7c18a1ffef6d9e83e69815"",""claim_type"":""FORECAST_GEOLOGICAL_CONDITION"",""source_evidence_id"":""doc_c03e80c9fabf17e0b238ec9a_e0002"",""source_kind"":""GEOLOGICAL_EVIDENCE"",""state_role"":""FORWARD_ATTENTION_CELL"",""valid_date"":""2023-10-11""}",FORECAST_GEOLOGICAL_CONDITION,true,true,false,,EXPRESSIBLE,doc_c03e80c9fabf17e0b238ec9a_e0002,"{""attribute_name"":""lithology"",""normalized_value"":""板岩夹变质砂岩"",""source_evidence_id"":""doc_c03e80c9fabf17e0b238ec9a_e0002""}",,,,null,knowledge_revision_event_527f4b015126e688f15b718a,FORWARD_ATTENTION_CELL,false,OPPORTUNITY_ADDED,2023-10-11,false
false,false,cell_0c7c18a1ffef6d9e83e69815,"{""attribute_name"":""risk_hint"",""base_stage3a_state_version_id"":""state_version_63477a985a762b821a76b94a"",""cell_id"":""cell_0c7c18a1ffef6d9e83e69815"",""claim_type"":""FORECAST_GEOLOGICAL_CONDITION"",""source_evidence_id"":""doc_c03e80c9fabf17e0b238ec9a_e0002"",""source_kind"":""GEOLOGICAL_EVIDENCE"",""state_role"":""FORWARD_ATTENTION_CELL"",""valid_date"":""2023-10-11""}",FORECAST_GEOLOGICAL_CONDITION,true,true,false,UNKNOWN_SOURCE_VALUE,ABSTAIN,,"{""attribute_name"":""risk_hint"",""normalized_value"":""UNKNOWN"",""source_evidence_id"":""doc_c03e80c9fabf17e0b238ec9a_e0002""}",,,,null,knowledge_revision_event_527f4b015126e688f15b718a,FORWARD_ATTENTION_CELL,false,OPPORTUNITY_ADDED,2023-10-11,false
false,false,cell_0c7c18a1ffef6d9e83e69815,"{""attribute_name"":""rock_mass_state"",""base_stage3a_state_version_id"":""state_version_63477a985a762b821a76b94a"",""cell_id"":""cell_0c7c18a1ffef6d9e83e69815"",""claim_type"":""FORECAST_GEOLOGICAL_CONDITION"",""source_evidence_id"":""doc_c03e80c9fabf17e0b238ec9a_e0002"",""source_kind"":""GEOLOGICAL_EVIDENCE"",""state_role"":""FORWARD_ATTENTION_CELL"",""valid_date"":""2023-10-11""}",FORECAST_GEOLOGICAL_CONDITION,true,true,false,,EXPRESSIBLE,doc_c03e80c9fabf17e0b238ec9a_e0002,"{""attribute_name"":""rock_mass_state"",""normalized_value"":""岩体破碎"",""source_evidence_id"":""doc_c03e80c9fabf17e0b238ec9a_e0002""}",,,,null,knowledge_revision_event_527f4b015126e688f15b718a,FORWARD_ATTENTION_CELL,false,OPPORTUNITY_ADDED,2023-10-11,false
false,false,cell_0c7c18a1ffef6d9e83e69815,"{""attribute_name"":""suggested_grade"",""base_stage3a_state_version_id"":""state_version_63477a985a762b821a76b94a"",""cell_id"":""cell_0c7c18a1ffef6d9e83e69815"",""claim_type"":""FORECAST_GEOLOGICAL_CONDITION"",""source_evidence_id"":""doc_c03e80c9fabf17e0b238ec9a_e0002"",""source_kind"":""GEOLOGICAL_EVIDENCE"",""state_role"":""FORWARD_ATTENTION_CELL"",""valid_date"":""2023-10-11""}",FORECAST_GEOLOGICAL_CONDITION,true,true,false,,EXPRESSIBLE,doc_c03e80c9fabf17e0b238ec9a_e0002,"{""attribute_name"":""suggested_grade"",""normalized_value"":""Ⅳ级"",""source_evidence_id"":""doc_c03e80c9fabf17e0b238ec9a_e0002""}",,,,null,knowledge_revision_event_527f4b015126e688f15b718a,FORWARD_ATTENTION_CELL,false,OPPORTUNITY_ADDED,2023-10-11,false
false,false,cell_0c7c18a1ffef6d9e83e69815,"{""attribute_name"":""weathering"",""base_stage3a_state_version_id"":""state_version_63477a985a762b821a76b94a"",""cell_id"":""cell_0c7c18a1ffef6d9e83e69815"",""claim_type"":""FORECAST_GEOLOGICAL_CONDITION"",""source_evidence_id"":""doc_c03e80c9fabf17e0b238ec9a_e0002"",""source_kind"":""GEOLOGICAL_EVIDENCE"",""state_role"":""FORWARD_ATTENTION_CELL"",""valid_date"":""2023-10-11""}",FORECAST_GEOLOGICAL_CONDITION,true,true,false,,EXPRESSIBLE,doc_c03e80c9fabf17e0b238ec9a_e0002,"{""attribute_name"":""weathering"",""normalized_value"":""弱风化"",""source_evidence_id"":""doc_c03e80c9fabf17e0b238ec9a_e0002""}",,,,null,knowledge_revision_event_527f4b015126e688f15b718a,FORWARD_ATTENTION_CELL,false,OPPORTUNITY_ADDED,2023-10-11,false
true,true,cell_0c7c18a1ffef6d9e83e69815,"{""base_stage3a_state_version_id"":""state_version_63477a985a762b821a76b94a"",""cell_id"":""cell_0c7c18a1ffef6d9e83e69815"",""claim_type"":""FORWARD_GEOLOGICAL_ATTENTION"",""metric_name"":""GRS"",""source_kind"":""STATE_GRS"",""state_role"":""FORWARD_ATTENTION_CELL"",""valid_date"":""2023-10-11""}",FORWARD_GEOLOGICAL_ATTENTION,true,false,false,,EXPRESSIBLE,state_grs_b57a8b444010f9b87547eae0,"{""is_causal_estimate"":false,""is_hazard_probability"":false,""is_probability"":false,""metric_name"":""GRS"",""metric_semantics"":""FORWARD_GEOLOGICAL_EVIDENCE_ATTENTION_INDEX"",""metric_status"":""AVAILABLE"",""metric_value"":0.5416666666666666}",REQUIRED_EPISTEMIC_STATUS_MISSING,ABSTAIN,,null,knowledge_revision_event_527f4b015126e688f15b718a,FORWARD_ATTENTION_CELL,true,ABSTAIN_TO_EXPRESSIBLE,2023-10-11,false
false,false,cell_0c7c18a1ffef6d9e83e69815,"{""base_stage3a_state_version_id"":""state_version_63477a985a762b821a76b94a"",""cell_id"":""cell_0c7c18a1ffef6d9e83e69815"",""claim_type"":""OPERATIONAL_RESPONSE_ATTENTION"",""metric_name"":""RAI"",""source_kind"":""STATE_RAI"",""state_role"":""FORWARD_ATTENTION_CELL"",""valid_date"":""2023-10-11""}",OPERATIONAL_RESPONSE_ATTENTION,false,false,false,STATE_ROLE_NOT_ALLOWED,ABSTAIN,,null,STATE_ROLE_NOT_ALLOWED,ABSTAIN,,null,knowledge_revision_event_527f4b015126e688f15b718a,FORWARD_ATTENTION_CELL,false,UNCHANGED_ABSTAIN,2023-10-11,false
false,false,cell_64ff35e15826ff3f4f73e53f,"{""attribute_name"":""anomaly_level"",""base_stage3a_state_version_id"":""state_version_c1cec495263fc0dbc1e9c1fa"",""cell_id"":""cell_64ff35e15826ff3f4f73e53f"",""claim_type"":""FORECAST_GEOLOGICAL_CONDITION"",""source_evidence_id"":""doc_99cb24b0b45c767bece0fac1_e0003"",""source_kind"":""GEOLOGICAL_EVIDENCE"",""state_role"":""FORWARD_ATTENTION_CELL"",""valid_date"":""2023-12-16""}",FORECAST_GEOLOGICAL_CONDITION,true,true,false,,EXPRESSIBLE,doc_99cb24b0b45c767bece0fac1_e0003,"{""attribute_name"":""anomaly_level"",""normalized_value"":""MODERATE"",""source_evidence_id"":""doc_99cb24b0b45c767bece0fac1_e0003""}",,,,null,knowledge_revision_event_539a7e6bc65efb253a177cdf,FORWARD_ATTENTION_CELL,false,OPPORTUNITY_ADDED,2023-12-16,false
false,false,cell_64ff35e15826ff3f4f73e53f,"{""attribute_name"":""anomaly_level"",""base_stage3a_state_version_id"":""state_version_c1cec495263fc0dbc1e9c1fa"",""cell_id"":""cell_64ff35e15826ff3f4f73e53f"",""claim_type"":""FORECAST_GEOLOGICAL_CONDITION"",""source_evidence_id"":""doc_c6033d47fac60b63875a730d_e0002"",""source_kind"":""GEOLOGICAL_EVIDENCE"",""state_role"":""FORWARD_ATTENTION_CELL"",""valid_date"":""2023-12-16""}",FORECAST_GEOLOGICAL_CONDITION,false,false,false,UNKNOWN_SOURCE_VALUE,ABSTAIN,,"{""attribute_name"":""anomaly_level"",""normalized_value"":""NONE"",""source_evidence_id"":""doc_c6033d47fac60b63875a730d_e0002""}",UNKNOWN_SOURCE_VALUE,ABSTAIN,,"{""attribute_name"":""anomaly_level"",""normalized_value"":""NONE"",""source_evidence_id"":""doc_c6033d47fac60b63875a730d_e0002""}",knowledge_revision_event_539a7e6bc65efb253a177cdf,FORWARD_ATTENTION_CELL,false,UNCHANGED_ABSTAIN,2023-12-16,false
false,false,cell_64ff35e15826ff3f4f73e53f,"{""attribute_name"":""block_fall_or_collapse"",""base_stage3a_state_version_id"":""state_version_c1cec495263fc0dbc1e9c1fa"",""cell_id"":""cell_64ff35e15826ff3f4f73e53f"",""claim_type"":""FORECAST_GEOLOGICAL_CONDITION"",""source_evidence_id"":""doc_c6033d47fac60b63875a730d_e0002"",""source_kind"":""GEOLOGICAL_EVIDENCE"",""state_role"":""FORWARD_ATTENTION_CELL"",""valid_date"":""2023-12-16""}",FORECAST_GEOLOGICAL_CONDITION,false,false,false,,EXPRESSIBLE,doc_c6033d47fac60b63875a730d_e0002,"{""attribute_name"":""block_fall_or_collapse"",""normalized_value"":""掉块"",""source_evidence_id"":""doc_c6033d47fac60b63875a730d_e0002""}",,EXPRESSIBLE,doc_c6033d47fac60b63875a730d_e0002,"{""attribute_name"":""block_fall_or_collapse"",""normalized_value"":""掉块"",""source_evidence_id"":""doc_c6033d47fac60b63875a730d_e0002""}",knowledge_revision_event_539a7e6bc65efb253a177cdf,FORWARD_ATTENTION_CELL,false,UNCHANGED_EXPRESSIBLE,2023-12-16,true
false,false,cell_64ff35e15826ff3f4f73e53f,"{""attribute_name"":""geological_conclusion"",""base_stage3a_state_version_id"":""state_version_c1cec495263fc0dbc1e9c1fa"",""cell_id"":""cell_64ff35e15826ff3f4f73e53f"",""claim_type"":""FORECAST_GEOLOGICAL_CONDITION"",""source_evidence_id"":""doc_99cb24b0b45c767bece0fac1_e0003"",""source_kind"":""GEOLOGICAL_EVIDENCE"",""state_role"":""FORWARD_ATTENTION_CELL"",""valid_date"":""2023-12-16""}",FORECAST_GEOLOGICAL_CONDITION,true,true,false,,EXPRESSIBLE,doc_99cb24b0b45c767bece0fac1_e0003,"{""attribute_name"":""geological_conclusion"",""normalized_value"":""该段围岩较前段变差。岩性为板 岩夹变质砂岩，弱风化，岩质软 硬不均，节理裂隙发育密集，岩 体破碎，裂隙层间结合度差。"",""source_evidence_id"":""doc_99cb24b0b45c767bece0fac1_e0003""}",,,,null,knowledge_revision_event_539a7e6bc65efb253a177cdf,FORWARD_ATTENTION_CELL,false,OPPORTUNITY_ADDED,2023-12-16,false
false,false,cell_64ff35e15826ff3f4f73e53f,"{""attribute_name"":""joint_development"",""base_stage3a_state_version_id"":""state_version_c1cec495263fc0dbc1e9c1fa"",""cell_id"":""cell_64ff35e15826ff3f4f73e53f"",""claim_type"":""FORECAST_GEOLOGICAL_CONDITION"",""source_evidence_id"":""doc_99cb24b0b45c767bece0fac1_e0003"",""source_kind"":""GEOLOGICAL_EVIDENCE"",""state_role"":""FORWARD_ATTENTION_CELL"",""valid_date"":""2023-12-16""}",FORECAST_GEOLOGICAL_CONDITION,true,true,false,,EXPRESSIBLE,doc_99cb24b0b45c767bece0fac1_e0003,"{""attribute_name"":""joint_development"",""normalized_value"":""节理裂隙发育密集"",""source_evidence_id"":""doc_99cb24b0b45c767bece0fac1_e0003""}",,,,null,knowledge_revision_event_539a7e6bc65efb253a177cdf,FORWARD_ATTENTION_CELL,false,OPPORTUNITY_ADDED,2023-12-16,false
false,false,cell_64ff35e15826ff3f4f73e53f,"{""attribute_name"":""joint_development"",""base_stage3a_state_version_id"":""state_version_c1cec495263fc0dbc1e9c1fa"",""cell_id"":""cell_64ff35e15826ff3f4f73e53f"",""claim_type"":""FORECAST_GEOLOGICAL_CONDITION"",""source_evidence_id"":""doc_c6033d47fac60b63875a730d_e0002"",""source_kind"":""GEOLOGICAL_EVIDENCE"",""state_role"":""FORWARD_ATTENTION_CELL"",""valid_date"":""2023-12-16""}",FORECAST_GEOLOGICAL_CONDITION,false,false,false,,EXPRESSIBLE,doc_c6033d47fac60b63875a730d_e0002,"{""attribute_name"":""joint_development"",""normalized_value"":""节理裂隙发育"",""source_evidence_id"":""doc_c6033d47fac60b63875a730d_e0002""}",,EXPRESSIBLE,doc_c6033d47fac60b63875a730d_e0002,"{""attribute_name"":""joint_development"",""normalized_value"":""节理裂隙发育"",""source_evidence_id"":""doc_c6033d47fac60b63875a730d_e0002""}",knowledge_revision_event_539a7e6bc65efb253a177cdf,FORWARD_ATTENTION_CELL,false,UNCHANGED_EXPRESSIBLE,2023-12-16,true
false,false,cell_64ff35e15826ff3f4f73e53f,"{""attribute_name"":""lithology"",""base_stage3a_state_version_id"":""state_version_c1cec495263fc0dbc1e9c1fa"",""cell_id"":""cell_64ff35e15826ff3f4f73e53f"",""claim_type"":""FORECAST_GEOLOGICAL_CONDITION"",""source_evidence_id"":""doc_99cb24b0b45c767bece0fac1_e0003"",""source_kind"":""GEOLOGICAL_EVIDENCE"",""state_role"":""FORWARD_ATTENTION_CELL"",""valid_date"":""2023-12-16""}",FORECAST_GEOLOGICAL_CONDITION,true,true,false,,EXPRESSIBLE,doc_99cb24b0b45c767bece0fac1_e0003,"{""attribute_name"":""lithology"",""normalized_value"":""板岩夹变质砂岩"",""source_evidence_id"":""doc_99cb24b0b45c767bece0fac1_e0003""}",,,,null,knowledge_revision_event_539a7e6bc65efb253a177cdf,FORWARD_ATTENTION_CELL,false,OPPORTUNITY_ADDED,2023-12-16,false
false,false,cell_64ff35e15826ff3f4f73e53f,"{""attribute_name"":""lithology"",""base_stage3a_state_version_id"":""state_version_c1cec495263fc0dbc1e9c1fa"",""cell_id"":""cell_64ff35e15826ff3f4f73e53f"",""claim_type"":""FORECAST_GEOLOGICAL_CONDITION"",""source_evidence_id"":""doc_c6033d47fac60b63875a730d_e0002"",""source_kind"":""GEOLOGICAL_EVIDENCE"",""state_role"":""FORWARD_ATTENTION_CELL"",""valid_date"":""2023-12-16""}",FORECAST_GEOLOGICAL_CONDITION,false,false,false,,EXPRESSIBLE,doc_c6033d47fac60b63875a730d_e0002,"{""attribute_name"":""lithology"",""normalized_value"":""板岩夹变质砂岩"",""source_evidence_id"":""doc_c6033d47fac60b63875a730d_e0002""}",,EXPRESSIBLE,doc_c6033d47fac60b63875a730d_e0002,"{""attribute_name"":""lithology"",""normalized_value"":""板岩夹变质砂岩"",""source_evidence_id"":""doc_c6033d47fac60b63875a730d_e0002""}",knowledge_revision_event_539a7e6bc65efb253a177cdf,FORWARD_ATTENTION_CELL,false,UNCHANGED_EXPRESSIBLE,2023-12-16,true
false,false,cell_64ff35e15826ff3f4f73e53f,"{""attribute_name"":""narrative_water_observation"",""base_stage3a_state_version_id"":""state_version_c1cec495263fc0dbc1e9c1fa"",""cell_id"":""cell_64ff35e15826ff3f4f73e53f"",""claim_type"":""FORECAST_GEOLOGICAL_CONDITION"",""source_evidence_id"":""doc_c6033d47fac60b63875a730d_e0002"",""source_kind"":""GEOLOGICAL_EVIDENCE"",""state_role"":""FORWARD_ATTENTION_CELL"",""valid_date"":""2023-12-16""}",FORECAST_GEOLOGICAL_CONDITION,false,false,false,,EXPRESSIBLE,doc_c6033d47fac60b63875a730d_e0002,"{""attribute_name"":""narrative_water_observation"",""normalized_value"":""滴渗水"",""source_evidence_id"":""doc_c6033d47fac60b63875a730d_e0002""}",,EXPRESSIBLE,doc_c6033d47fac60b63875a730d_e0002,"{""attribute_name"":""narrative_water_observation"",""normalized_value"":""滴渗水"",""source_evidence_id"":""doc_c6033d47fac60b63875a730d_e0002""}",knowledge_revision_event_539a7e6bc65efb253a177cdf,FORWARD_ATTENTION_CELL,false,UNCHANGED_EXPRESSIBLE,2023-12-16,true
false,false,cell_64ff35e15826ff3f4f73e53f,"{""attribute_name"":""risk_hint"",""base_stage3a_state_version_id"":""state_version_c1cec495263fc0dbc1e9c1fa"",""cell_id"":""cell_64ff35e15826ff3f4f73e53f"",""claim_type"":""FORECAST_GEOLOGICAL_CONDITION"",""source_evidence_id"":""doc_99cb24b0b45c767bece0fac1_e0003"",""source_kind"":""GEOLOGICAL_EVIDENCE"",""state_role"":""FORWARD_ATTENTION_CELL"",""valid_date"":""2023-12-16""}",FORECAST_GEOLOGICAL_CONDITION,true,true,false,,EXPRESSIBLE,doc_99cb24b0b45c767bece0fac1_e0003,"{""attribute_name"":""risk_hint"",""normalized_value"":""里程+448、 +458、+470 附近有掉块 风险"",""source_evidence_id"":""doc_99cb24b0b45c767bece0fac1_e0003""}",,,,null,knowledge_revision_event_539a7e6bc65efb253a177cdf,FORWARD_ATTENTION_CELL,false,OPPORTUNITY_ADDED,2023-12-16,false
false,false,cell_64ff35e15826ff3f4f73e53f,"{""attribute_name"":""rock_mass_state"",""base_stage3a_state_version_id"":""state_version_c1cec495263fc0dbc1e9c1fa"",""cell_id"":""cell_64ff35e15826ff3f4f73e53f"",""claim_type"":""FORECAST_GEOLOGICAL_CONDITION"",""source_evidence_id"":""doc_99cb24b0b45c767bece0fac1_e0003"",""source_kind"":""GEOLOGICAL_EVIDENCE"",""state_role"":""FORWARD_ATTENTION_CELL"",""valid_date"":""2023-12-16""}",FORECAST_GEOLOGICAL_CONDITION,true,true,false,,EXPRESSIBLE,doc_99cb24b0b45c767bece0fac1_e0003,"{""attribute_name"":""rock_mass_state"",""normalized_value"":""岩体破碎"",""source_evidence_id"":""doc_99cb24b0b45c767bece0fac1_e0003""}",,,,null,knowledge_revision_event_539a7e6bc65efb253a177cdf,FORWARD_ATTENTION_CELL,false,OPPORTUNITY_ADDED,2023-12-16,false
false,false,cell_64ff35e15826ff3f4f73e53f,"{""attribute_name"":""rock_mass_state"",""base_stage3a_state_version_id"":""state_version_c1cec495263fc0dbc1e9c1fa"",""cell_id"":""cell_64ff35e15826ff3f4f73e53f"",""claim_type"":""FORECAST_GEOLOGICAL_CONDITION"",""source_evidence_id"":""doc_c6033d47fac60b63875a730d_e0002"",""source_kind"":""GEOLOGICAL_EVIDENCE"",""state_role"":""FORWARD_ATTENTION_CELL"",""valid_date"":""2023-12-16""}",FORECAST_GEOLOGICAL_CONDITION,false,false,false,,EXPRESSIBLE,doc_c6033d47fac60b63875a730d_e0002,"{""attribute_name"":""rock_mass_state"",""normalized_value"":""岩体破碎"",""source_evidence_id"":""doc_c6033d47fac60b63875a730d_e0002""}",,EXPRESSIBLE,doc_c6033d47fac60b63875a730d_e0002,"{""attribute_name"":""rock_mass_state"",""normalized_value"":""岩体破碎"",""source_evidence_id"":""doc_c6033d47fac60b63875a730d_e0002""}",knowledge_revision_event_539a7e6bc65efb253a177cdf,FORWARD_ATTENTION_CELL,false,UNCHANGED_EXPRESSIBLE,2023-12-16,true
false,false,cell_64ff35e15826ff3f4f73e53f,"{""attribute_name"":""stability"",""base_stage3a_state_version_id"":""state_version_c1cec495263fc0dbc1e9c1fa"",""cell_id"":""cell_64ff35e15826ff3f4f73e53f"",""claim_type"":""FORECAST_GEOLOGICAL_CONDITION"",""source_evidence_id"":""doc_c6033d47fac60b63875a730d_e0002"",""source_kind"":""GEOLOGICAL_EVIDENCE"",""state_role"":""FORWARD_ATTENTION_CELL"",""valid_date"":""2023-12-16""}",FORECAST_GEOLOGICAL_CONDITION,false,false,false,UNKNOWN_SOURCE_VALUE,ABSTAIN,,"{""attribute_name"":""stability"",""normalized_value"":""UNKNOWN"",""source_evidence_id"":""doc_c6033d47fac60b63875a730d_e0002""}",UNKNOWN_SOURCE_VALUE,ABSTAIN,,"{""attribute_name"":""stability"",""normalized_value"":""UNKNOWN"",""source_evidence_id"":""doc_c6033d47fac60b63875a730d_e0002""}",knowledge_revision_event_539a7e6bc65efb253a177cdf,FORWARD_ATTENTION_CELL,false,UNCHANGED_ABSTAIN,2023-12-16,false
false,false,cell_64ff35e15826ff3f4f73e53f,"{""attribute_name"":""suggested_grade"",""base_stage3a_state_version_id"":""state_version_c1cec495263fc0dbc1e9c1fa"",""cell_id"":""cell_64ff35e15826ff3f4f73e53f"",""claim_type"":""FORECAST_GEOLOGICAL_CONDITION"",""source_evidence_id"":""doc_99cb24b0b45c767bece0fac1_e0003"",""source_kind"":""GEOLOGICAL_EVIDENCE"",""state_role"":""FORWARD_ATTENTION_CELL"",""valid_date"":""2023-12-16""}",FORECAST_GEOLOGICAL_CONDITION,true,true,false,,EXPRESSIBLE,doc_99cb24b0b45c767bece0fac1_e0003,"{""attribute_name"":""suggested_grade"",""normalized_value"":""Ⅳ级"",""source_evidence_id"":""doc_99cb24b0b45c767bece0fac1_e0003""}",,,,null,knowledge_revision_event_539a7e6bc65efb253a177cdf,FORWARD_ATTENTION_CELL,false,OPPORTUNITY_ADDED,2023-12-16,false
false,false,cell_64ff35e15826ff3f4f73e53f,"{""attribute_name"":""water_type"",""base_stage3a_state_version_id"":""state_version_c1cec495263fc0dbc1e9c1fa"",""cell_id"":""cell_64ff35e15826ff3f4f73e53f"",""claim_type"":""FORECAST_GEOLOGICAL_CONDITION"",""source_evidence_id"":""doc_c6033d47fac60b63875a730d_e0002"",""source_kind"":""GEOLOGICAL_EVIDENCE"",""state_role"":""FORWARD_ATTENTION_CELL"",""valid_date"":""2023-12-16""}",FORECAST_GEOLOGICAL_CONDITION,false,false,false,,EXPRESSIBLE,doc_c6033d47fac60b63875a730d_e0002,"{""attribute_name"":""water_type"",""normalized_value"":""滴渗水"",""source_evidence_id"":""doc_c6033d47fac60b63875a730d_e0002""}",,EXPRESSIBLE,doc_c6033d47fac60b63875a730d_e0002,"{""attribute_name"":""water_type"",""normalized_value"":""滴渗水"",""source_evidence_id"":""doc_c6033d47fac60b63875a730d_e0002""}",knowledge_revision_event_539a7e6bc65efb253a177cdf,FORWARD_ATTENTION_CELL,false,UNCHANGED_EXPRESSIBLE,2023-12-16,true
false,false,cell_64ff35e15826ff3f4f73e53f,"{""attribute_name"":""weathering"",""base_stage3a_state_version_id"":""state_version_c1cec495263fc0dbc1e9c1fa"",""cell_id"":""cell_64ff35e15826ff3f4f73e53f"",""claim_type"":""FORECAST_GEOLOGICAL_CONDITION"",""source_evidence_id"":""doc_99cb24b0b45c767bece0fac1_e0003"",""source_kind"":""GEOLOGICAL_EVIDENCE"",""state_role"":""FORWARD_ATTENTION_CELL"",""valid_date"":""2023-12-16""}",FORECAST_GEOLOGICAL_CONDITION,true,true,false,,EXPRESSIBLE,doc_99cb24b0b45c767bece0fac1_e0003,"{""attribute_name"":""weathering"",""normalized_value"":""弱风化"",""source_evidence_id"":""doc_99cb24b0b45c767bece0fac1_e0003""}",,,,null,knowledge_revision_event_539a7e6bc65efb253a177cdf,FORWARD_ATTENTION_CELL,false,OPPORTUNITY_ADDED,2023-12-16,false
false,false,cell_64ff35e15826ff3f4f73e53f,"{""attribute_name"":""weathering"",""base_stage3a_state_version_id"":""state_version_c1cec495263fc0dbc1e9c1fa"",""cell_id"":""cell_64ff35e15826ff3f4f73e53f"",""claim_type"":""FORECAST_GEOLOGICAL_CONDITION"",""source_evidence_id"":""doc_c6033d47fac60b63875a730d_e0002"",""source_kind"":""GEOLOGICAL_EVIDENCE"",""state_role"":""FORWARD_ATTENTION_CELL"",""valid_date"":""2023-12-16""}",FORECAST_GEOLOGICAL_CONDITION,false,false,false,,EXPRESSIBLE,doc_c6033d47fac60b63875a730d_e0002,"{""attribute_name"":""weathering"",""normalized_value"":""弱风化"",""source_evidence_id"":""doc_c6033d47fac60b63875a730d_e0002""}",,EXPRESSIBLE,doc_c6033d47fac60b63875a730d_e0002,"{""attribute_name"":""weathering"",""normalized_value"":""弱风化"",""source_evidence_id"":""doc_c6033d47fac60b63875a730d_e0002""}",knowledge_revision_event_539a7e6bc65efb253a177cdf,FORWARD_ATTENTION_CELL,false,UNCHANGED_EXPRESSIBLE,2023-12-16,true
false,true,cell_64ff35e15826ff3f4f73e53f,"{""base_stage3a_state_version_id"":""state_version_c1cec495263fc0dbc1e9c1fa"",""cell_id"":""cell_64ff35e15826ff3f4f73e53f"",""claim_type"":""FORWARD_GEOLOGICAL_ATTENTION"",""metric_name"":""GRS"",""source_kind"":""STATE_GRS"",""state_role"":""FORWARD_ATTENTION_CELL"",""valid_date"":""2023-12-16""}",FORWARD_GEOLOGICAL_ATTENTION,false,false,false,,EXPRESSIBLE,state_grs_8f040d30d1258ed597b24b67,"{""is_causal_estimate"":false,""is_hazard_probability"":false,""is_probability"":false,""metric_name"":""GRS"",""metric_semantics"":""FORWARD_GEOLOGICAL_EVIDENCE_ATTENTION_INDEX"",""metric_status"":""AVAILABLE"",""metric_value"":0.7472222222222222}",,EXPRESSIBLE,state_grs_d609239ce213e011fccc53d4,"{""is_causal_estimate"":false,""is_hazard_probability"":false,""is_probability"":false,""metric_name"":""GRS"",""metric_semantics"":""FORWARD_GEOLOGICAL_EVIDENCE_ATTENTION_INDEX"",""metric_status"":""AVAILABLE"",""metric_value"":0.58}",knowledge_revision_event_539a7e6bc65efb253a177cdf,FORWARD_ATTENTION_CELL,true,CLAIM_VALUE_CHANGED,2023-12-16,false
false,false,cell_64ff35e15826ff3f4f73e53f,"{""base_stage3a_state_version_id"":""state_version_c1cec495263fc0dbc1e9c1fa"",""cell_id"":""cell_64ff35e15826ff3f4f73e53f"",""claim_type"":""OPERATIONAL_RESPONSE_ATTENTION"",""metric_name"":""RAI"",""source_kind"":""STATE_RAI"",""state_role"":""FORWARD_ATTENTION_CELL"",""valid_date"":""2023-12-16""}",OPERATIONAL_RESPONSE_ATTENTION,false,false,false,STATE_ROLE_NOT_ALLOWED,ABSTAIN,,null,STATE_ROLE_NOT_ALLOWED,ABSTAIN,,null,knowledge_revision_event_539a7e6bc65efb253a177cdf,FORWARD_ATTENTION_CELL,false,UNCHANGED_ABSTAIN,2023-12-16,false
false,false,cell_a988b2656051f7e18ac637e4,"{""attribute_name"":""anomaly_level"",""base_stage3a_state_version_id"":""state_version_7707fd8b10a68be5641d1449"",""cell_id"":""cell_a988b2656051f7e18ac637e4"",""claim_type"":""FORECAST_GEOLOGICAL_CONDITION"",""source_evidence_id"":""doc_99cb24b0b45c767bece0fac1_e0003"",""source_kind"":""GEOLOGICAL_EVIDENCE"",""state_role"":""FORWARD_ATTENTION_CELL"",""valid_date"":""2023-12-16""}",FORECAST_GEOLOGICAL_CONDITION,true,true,false,,EXPRESSIBLE,doc_99cb24b0b45c767bece0fac1_e0003,"{""attribute_name"":""anomaly_level"",""normalized_value"":""MODERATE"",""source_evidence_id"":""doc_99cb24b0b45c767bece0fac1_e0003""}",,,,null,knowledge_revision_event_5d8c97e8e8151b58246faca1,FORWARD_ATTENTION_CELL,false,OPPORTUNITY_ADDED,2023-12-16,false
false,false,cell_a988b2656051f7e18ac637e4,"{""attribute_name"":""anomaly_level"",""base_stage3a_state_version_id"":""state_version_7707fd8b10a68be5641d1449"",""cell_id"":""cell_a988b2656051f7e18ac637e4"",""claim_type"":""FORECAST_GEOLOGICAL_CONDITION"",""source_evidence_id"":""doc_c6033d47fac60b63875a730d_e0002"",""source_kind"":""GEOLOGICAL_EVIDENCE"",""state_role"":""FORWARD_ATTENTION_CELL"",""valid_date"":""2023-12-16""}",FORECAST_GEOLOGICAL_CONDITION,false,false,false,UNKNOWN_SOURCE_VALUE,ABSTAIN,,"{""attribute_name"":""anomaly_level"",""normalized_value"":""NONE"",""source_evidence_id"":""doc_c6033d47fac60b63875a730d_e0002""}",UNKNOWN_SOURCE_VALUE,ABSTAIN,,"{""attribute_name"":""anomaly_level"",""normalized_value"":""NONE"",""source_evidence_id"":""doc_c6033d47fac60b63875a730d_e0002""}",knowledge_revision_event_5d8c97e8e8151b58246faca1,FORWARD_ATTENTION_CELL,false,UNCHANGED_ABSTAIN,2023-12-16,false
false,false,cell_a988b2656051f7e18ac637e4,"{""attribute_name"":""block_fall_or_collapse"",""base_stage3a_state_version_id"":""state_version_7707fd8b10a68be5641d1449"",""cell_id"":""cell_a988b2656051f7e18ac637e4"",""claim_type"":""FORECAST_GEOLOGICAL_CONDITION"",""source_evidence_id"":""doc_c6033d47fac60b63875a730d_e0002"",""source_kind"":""GEOLOGICAL_EVIDENCE"",""state_role"":""FORWARD_ATTENTION_CELL"",""valid_date"":""2023-12-16""}",FORECAST_GEOLOGICAL_CONDITION,false,false,false,,EXPRESSIBLE,doc_c6033d47fac60b63875a730d_e0002,"{""attribute_name"":""block_fall_or_collapse"",""normalized_value"":""掉块"",""source_evidence_id"":""doc_c6033d47fac60b63875a730d_e0002""}",,EXPRESSIBLE,doc_c6033d47fac60b63875a730d_e0002,"{""attribute_name"":""block_fall_or_collapse"",""normalized_value"":""掉块"",""source_evidence_id"":""doc_c6033d47fac60b63875a730d_e0002""}",knowledge_revision_event_5d8c97e8e8151b58246faca1,FORWARD_ATTENTION_CELL,false,UNCHANGED_EXPRESSIBLE,2023-12-16,true
false,false,cell_a988b2656051f7e18ac637e4,"{""attribute_name"":""geological_conclusion"",""base_stage3a_state_version_id"":""state_version_7707fd8b10a68be5641d1449"",""cell_id"":""cell_a988b2656051f7e18ac637e4"",""claim_type"":""FORECAST_GEOLOGICAL_CONDITION"",""source_evidence_id"":""doc_99cb24b0b45c767bece0fac1_e0003"",""source_kind"":""GEOLOGICAL_EVIDENCE"",""state_role"":""FORWARD_ATTENTION_CELL"",""valid_date"":""2023-12-16""}",FORECAST_GEOLOGICAL_CONDITION,true,true,false,,EXPRESSIBLE,doc_99cb24b0b45c767bece0fac1_e0003,"{""attribute_name"":""geological_conclusion"",""normalized_value"":""该段围岩较前段变差。岩性为板 岩夹变质砂岩，弱风化，岩质软 硬不均，节理裂隙发育密集，岩 体破碎，裂隙层间结合度差。"",""source_evidence_id"":""doc_99cb24b0b45c767bece0fac1_e0003""}",,,,null,knowledge_revision_event_5d8c97e8e8151b58246faca1,FORWARD_ATTENTION_CELL,false,OPPORTUNITY_ADDED,2023-12-16,false
false,false,cell_a988b2656051f7e18ac637e4,"{""attribute_name"":""joint_development"",""base_stage3a_state_version_id"":""state_version_7707fd8b10a68be5641d1449"",""cell_id"":""cell_a988b2656051f7e18ac637e4"",""claim_type"":""FORECAST_GEOLOGICAL_CONDITION"",""source_evidence_id"":""doc_99cb24b0b45c767bece0fac1_e0003"",""source_kind"":""GEOLOGICAL_EVIDENCE"",""state_role"":""FORWARD_ATTENTION_CELL"",""valid_date"":""2023-12-16""}",FORECAST_GEOLOGICAL_CONDITION,true,true,false,,EXPRESSIBLE,doc_99cb24b0b45c767bece0fac1_e0003,"{""attribute_name"":""joint_development"",""normalized_value"":""节理裂隙发育密集"",""source_evidence_id"":""doc_99cb24b0b45c767bece0fac1_e0003""}",,,,null,knowledge_revision_event_5d8c97e8e8151b58246faca1,FORWARD_ATTENTION_CELL,false,OPPORTUNITY_ADDED,2023-12-16,false
false,false,cell_a988b2656051f7e18ac637e4,"{""attribute_name"":""joint_development"",""base_stage3a_state_version_id"":""state_version_7707fd8b10a68be5641d1449"",""cell_id"":""cell_a988b2656051f7e18ac637e4"",""claim_type"":""FORECAST_GEOLOGICAL_CONDITION"",""source_evidence_id"":""doc_c6033d47fac60b63875a730d_e0002"",""source_kind"":""GEOLOGICAL_EVIDENCE"",""state_role"":""FORWARD_ATTENTION_CELL"",""valid_date"":""2023-12-16""}",FORECAST_GEOLOGICAL_CONDITION,false,false,false,,EXPRESSIBLE,doc_c6033d47fac60b63875a730d_e0002,"{""attribute_name"":""joint_development"",""normalized_value"":""节理裂隙发育"",""source_evidence_id"":""doc_c6033d47fac60b63875a730d_e0002""}",,EXPRESSIBLE,doc_c6033d47fac60b63875a730d_e0002,"{""attribute_name"":""joint_development"",""normalized_value"":""节理裂隙发育"",""source_evidence_id"":""doc_c6033d47fac60b63875a730d_e0002""}",knowledge_revision_event_5d8c97e8e8151b58246faca1,FORWARD_ATTENTION_CELL,false,UNCHANGED_EXPRESSIBLE,2023-12-16,true
false,false,cell_a988b2656051f7e18ac637e4,"{""attribute_name"":""lithology"",""base_stage3a_state_version_id"":""state_version_7707fd8b10a68be5641d1449"",""cell_id"":""cell_a988b2656051f7e18ac637e4"",""claim_type"":""FORECAST_GEOLOGICAL_CONDITION"",""source_evidence_id"":""doc_99cb24b0b45c767bece0fac1_e0003"",""source_kind"":""GEOLOGICAL_EVIDENCE"",""state_role"":""FORWARD_ATTENTION_CELL"",""valid_date"":""2023-12-16""}",FORECAST_GEOLOGICAL_CONDITION,true,true,false,,EXPRESSIBLE,doc_99cb24b0b45c767bece0fac1_e0003,"{""attribute_name"":""lithology"",""normalized_value"":""板岩夹变质砂岩"",""source_evidence_id"":""doc_99cb24b0b45c767bece0fac1_e0003""}",,,,null,knowledge_revision_event_5d8c97e8e8151b58246faca1,FORWARD_ATTENTION_CELL,false,OPPORTUNITY_ADDED,2023-12-16,false
false,false,cell_a988b2656051f7e18ac637e4,"{""attribute_name"":""lithology"",""base_stage3a_state_version_id"":""state_version_7707fd8b10a68be5641d1449"",""cell_id"":""cell_a988b2656051f7e18ac637e4"",""claim_type"":""FORECAST_GEOLOGICAL_CONDITION"",""source_evidence_id"":""doc_c6033d47fac60b63875a730d_e0002"",""source_kind"":""GEOLOGICAL_EVIDENCE"",""state_role"":""FORWARD_ATTENTION_CELL"",""valid_date"":""2023-12-16""}",FORECAST_GEOLOGICAL_CONDITION,false,false,false,,EXPRESSIBLE,doc_c6033d47fac60b63875a730d_e0002,"{""attribute_name"":""lithology"",""normalized_value"":""板岩夹变质砂岩"",""source_evidence_id"":""doc_c6033d47fac60b63875a730d_e0002""}",,EXPRESSIBLE,doc_c6033d47fac60b63875a730d_e0002,"{""attribute_name"":""lithology"",""normalized_value"":""板岩夹变质砂岩"",""source_evidence_id"":""doc_c6033d47fac60b63875a730d_e0002""}",knowledge_revision_event_5d8c97e8e8151b58246faca1,FORWARD_ATTENTION_CELL,false,UNCHANGED_EXPRESSIBLE,2023-12-16,true
false,false,cell_a988b2656051f7e18ac637e4,"{""attribute_name"":""narrative_water_observation"",""base_stage3a_state_version_id"":""state_version_7707fd8b10a68be5641d1449"",""cell_id"":""cell_a988b2656051f7e18ac637e4"",""claim_type"":""FORECAST_GEOLOGICAL_CONDITION"",""source_evidence_id"":""doc_c6033d47fac60b63875a730d_e0002"",""source_kind"":""GEOLOGICAL_EVIDENCE"",""state_role"":""FORWARD_ATTENTION_CELL"",""valid_date"":""2023-12-16""}",FORECAST_GEOLOGICAL_CONDITION,false,false,false,,EXPRESSIBLE,doc_c6033d47fac60b63875a730d_e0002,"{""attribute_name"":""narrative_water_observation"",""normalized_value"":""滴渗水"",""source_evidence_id"":""doc_c6033d47fac60b63875a730d_e0002""}",,EXPRESSIBLE,doc_c6033d47fac60b63875a730d_e0002,"{""attribute_name"":""narrative_water_observation"",""normalized_value"":""滴渗水"",""source_evidence_id"":""doc_c6033d47fac60b63875a730d_e0002""}",knowledge_revision_event_5d8c97e8e8151b58246faca1,FORWARD_ATTENTION_CELL,false,UNCHANGED_EXPRESSIBLE,2023-12-16,true
false,false,cell_a988b2656051f7e18ac637e4,"{""attribute_name"":""risk_hint"",""base_stage3a_state_version_id"":""state_version_7707fd8b10a68be5641d1449"",""cell_id"":""cell_a988b2656051f7e18ac637e4"",""claim_type"":""FORECAST_GEOLOGICAL_CONDITION"",""source_evidence_id"":""doc_99cb24b0b45c767bece0fac1_e0003"",""source_kind"":""GEOLOGICAL_EVIDENCE"",""state_role"":""FORWARD_ATTENTION_CELL"",""valid_date"":""2023-12-16""}",FORECAST_GEOLOGICAL_CONDITION,true,true,false,,EXPRESSIBLE,doc_99cb24b0b45c767bece0fac1_e0003,"{""attribute_name"":""risk_hint"",""normalized_value"":""里程+448、 +458、+470 附近有掉块 风险"",""source_evidence_id"":""doc_99cb24b0b45c767bece0fac1_e0003""}",,,,null,knowledge_revision_event_5d8c97e8e8151b58246faca1,FORWARD_ATTENTION_CELL,false,OPPORTUNITY_ADDED,2023-12-16,false
false,false,cell_a988b2656051f7e18ac637e4,"{""attribute_name"":""rock_mass_state"",""base_stage3a_state_version_id"":""state_version_7707fd8b10a68be5641d1449"",""cell_id"":""cell_a988b2656051f7e18ac637e4"",""claim_type"":""FORECAST_GEOLOGICAL_CONDITION"",""source_evidence_id"":""doc_99cb24b0b45c767bece0fac1_e0003"",""source_kind"":""GEOLOGICAL_EVIDENCE"",""state_role"":""FORWARD_ATTENTION_CELL"",""valid_date"":""2023-12-16""}",FORECAST_GEOLOGICAL_CONDITION,true,true,false,,EXPRESSIBLE,doc_99cb24b0b45c767bece0fac1_e0003,"{""attribute_name"":""rock_mass_state"",""normalized_value"":""岩体破碎"",""source_evidence_id"":""doc_99cb24b0b45c767bece0fac1_e0003""}",,,,null,knowledge_revision_event_5d8c97e8e8151b58246faca1,FORWARD_ATTENTION_CELL,false,OPPORTUNITY_ADDED,2023-12-16,false
false,false,cell_a988b2656051f7e18ac637e4,"{""attribute_name"":""rock_mass_state"",""base_stage3a_state_version_id"":""state_version_7707fd8b10a68be5641d1449"",""cell_id"":""cell_a988b2656051f7e18ac637e4"",""claim_type"":""FORECAST_GEOLOGICAL_CONDITION"",""source_evidence_id"":""doc_c6033d47fac60b63875a730d_e0002"",""source_kind"":""GEOLOGICAL_EVIDENCE"",""state_role"":""FORWARD_ATTENTION_CELL"",""valid_date"":""2023-12-16""}",FORECAST_GEOLOGICAL_CONDITION,false,false,false,,EXPRESSIBLE,doc_c6033d47fac60b63875a730d_e0002,"{""attribute_name"":""rock_mass_state"",""normalized_value"":""岩体破碎"",""source_evidence_id"":""doc_c6033d47fac60b63875a730d_e0002""}",,EXPRESSIBLE,doc_c6033d47fac60b63875a730d_e0002,"{""attribute_name"":""rock_mass_state"",""normalized_value"":""岩体破碎"",""source_evidence_id"":""doc_c6033d47fac60b63875a730d_e0002""}",knowledge_revision_event_5d8c97e8e8151b58246faca1,FORWARD_ATTENTION_CELL,false,UNCHANGED_EXPRESSIBLE,2023-12-16,true
false,false,cell_a988b2656051f7e18ac637e4,"{""attribute_name"":""stability"",""base_stage3a_state_version_id"":""state_version_7707fd8b10a68be5641d1449"",""cell_id"":""cell_a988b2656051f7e18ac637e4"",""claim_type"":""FORECAST_GEOLOGICAL_CONDITION"",""source_evidence_id"":""doc_c6033d47fac60b63875a730d_e0002"",""source_kind"":""GEOLOGICAL_EVIDENCE"",""state_role"":""FORWARD_ATTENTION_CELL"",""valid_date"":""2023-12-16""}",FORECAST_GEOLOGICAL_CONDITION,false,false,false,UNKNOWN_SOURCE_VALUE,ABSTAIN,,"{""attribute_name"":""stability"",""normalized_value"":""UNKNOWN"",""source_evidence_id"":""doc_c6033d47fac60b63875a730d_e0002""}",UNKNOWN_SOURCE_VALUE,ABSTAIN,,"{""attribute_name"":""stability"",""normalized_value"":""UNKNOWN"",""source_evidence_id"":""doc_c6033d47fac60b63875a730d_e0002""}",knowledge_revision_event_5d8c97e8e8151b58246faca1,FORWARD_ATTENTION_CELL,false,UNCHANGED_ABSTAIN,2023-12-16,false
false,false,cell_a988b2656051f7e18ac637e4,"{""attribute_name"":""suggested_grade"",""base_stage3a_state_version_id"":""state_version_7707fd8b10a68be5641d1449"",""cell_id"":""cell_a988b2656051f7e18ac637e4"",""claim_type"":""FORECAST_GEOLOGICAL_CONDITION"",""source_evidence_id"":""doc_99cb24b0b45c767bece0fac1_e0003"",""source_kind"":""GEOLOGICAL_EVIDENCE"",""state_role"":""FORWARD_ATTENTION_CELL"",""valid_date"":""2023-12-16""}",FORECAST_GEOLOGICAL_CONDITION,true,true,false,,EXPRESSIBLE,doc_99cb24b0b45c767bece0fac1_e0003,"{""attribute_name"":""suggested_grade"",""normalized_value"":""Ⅳ级"",""source_evidence_id"":""doc_99cb24b0b45c767bece0fac1_e0003""}",,,,null,knowledge_revision_event_5d8c97e8e8151b58246faca1,FORWARD_ATTENTION_CELL,false,OPPORTUNITY_ADDED,2023-12-16,false
false,false,cell_a988b2656051f7e18ac637e4,"{""attribute_name"":""water_type"",""base_stage3a_state_version_id"":""state_version_7707fd8b10a68be5641d1449"",""cell_id"":""cell_a988b2656051f7e18ac637e4"",""claim_type"":""FORECAST_GEOLOGICAL_CONDITION"",""source_evidence_id"":""doc_c6033d47fac60b63875a730d_e0002"",""source_kind"":""GEOLOGICAL_EVIDENCE"",""state_role"":""FORWARD_ATTENTION_CELL"",""valid_date"":""2023-12-16""}",FORECAST_GEOLOGICAL_CONDITION,false,false,false,,EXPRESSIBLE,doc_c6033d47fac60b63875a730d_e0002,"{""attribute_name"":""water_type"",""normalized_value"":""滴渗水"",""source_evidence_id"":""doc_c6033d47fac60b63875a730d_e0002""}",,EXPRESSIBLE,doc_c6033d47fac60b63875a730d_e0002,"{""attribute_name"":""water_type"",""normalized_value"":""滴渗水"",""source_evidence_id"":""doc_c6033d47fac60b63875a730d_e0002""}",knowledge_revision_event_5d8c97e8e8151b58246faca1,FORWARD_ATTENTION_CELL,false,UNCHANGED_EXPRESSIBLE,2023-12-16,true
false,false,cell_a988b2656051f7e18ac637e4,"{""attribute_name"":""weathering"",""base_stage3a_state_version_id"":""state_version_7707fd8b10a68be5641d1449"",""cell_id"":""cell_a988b2656051f7e18ac637e4"",""claim_type"":""FORECAST_GEOLOGICAL_CONDITION"",""source_evidence_id"":""doc_99cb24b0b45c767bece0fac1_e0003"",""source_kind"":""GEOLOGICAL_EVIDENCE"",""state_role"":""FORWARD_ATTENTION_CELL"",""valid_date"":""2023-12-16""}",FORECAST_GEOLOGICAL_CONDITION,true,true,false,,EXPRESSIBLE,doc_99cb24b0b45c767bece0fac1_e0003,"{""attribute_name"":""weathering"",""normalized_value"":""弱风化"",""source_evidence_id"":""doc_99cb24b0b45c767bece0fac1_e0003""}",,,,null,knowledge_revision_event_5d8c97e8e8151b58246faca1,FORWARD_ATTENTION_CELL,false,OPPORTUNITY_ADDED,2023-12-16,false
false,false,cell_a988b2656051f7e18ac637e4,"{""attribute_name"":""weathering"",""base_stage3a_state_version_id"":""state_version_7707fd8b10a68be5641d1449"",""cell_id"":""cell_a988b2656051f7e18ac637e4"",""claim_type"":""FORECAST_GEOLOGICAL_CONDITION"",""source_evidence_id"":""doc_c6033d47fac60b63875a730d_e0002"",""source_kind"":""GEOLOGICAL_EVIDENCE"",""state_role"":""FORWARD_ATTENTION_CELL"",""valid_date"":""2023-12-16""}",FORECAST_GEOLOGICAL_CONDITION,false,false,false,,EXPRESSIBLE,doc_c6033d47fac60b63875a730d_e0002,"{""attribute_name"":""weathering"",""normalized_value"":""弱风化"",""source_evidence_id"":""doc_c6033d47fac60b63875a730d_e0002""}",,EXPRESSIBLE,doc_c6033d47fac60b63875a730d_e0002,"{""attribute_name"":""weathering"",""normalized_value"":""弱风化"",""source_evidence_id"":""doc_c6033d47fac60b63875a730d_e0002""}",knowledge_revision_event_5d8c97e8e8151b58246faca1,FORWARD_ATTENTION_CELL,false,UNCHANGED_EXPRESSIBLE,2023-12-16,true
false,true,cell_a988b2656051f7e18ac637e4,"{""base_stage3a_state_version_id"":""state_version_7707fd8b10a68be5641d1449"",""cell_id"":""cell_a988b2656051f7e18ac637e4"",""claim_type"":""FORWARD_GEOLOGICAL_ATTENTION"",""metric_name"":""GRS"",""source_kind"":""STATE_GRS"",""state_role"":""FORWARD_ATTENTION_CELL"",""valid_date"":""2023-12-16""}",FORWARD_GEOLOGICAL_ATTENTION,false,false,false,,EXPRESSIBLE,state_grs_b0b9ceedddbd917c9837db04,"{""is_causal_estimate"":false,""is_hazard_probability"":false,""is_probability"":false,""metric_name"":""GRS"",""metric_semantics"":""FORWARD_GEOLOGICAL_EVIDENCE_ATTENTION_INDEX"",""metric_status"":""AVAILABLE"",""metric_value"":0.7472222222222222}",,EXPRESSIBLE,state_grs_1751875d4a3d45571e9cabf2,"{""is_causal_estimate"":false,""is_hazard_probability"":false,""is_probability"":false,""metric_name"":""GRS"",""metric_semantics"":""FORWARD_GEOLOGICAL_EVIDENCE_ATTENTION_INDEX"",""metric_status"":""AVAILABLE"",""metric_value"":0.58}",knowledge_revision_event_5d8c97e8e8151b58246faca1,FORWARD_ATTENTION_CELL,true,CLAIM_VALUE_CHANGED,2023-12-16,false
false,false,cell_a988b2656051f7e18ac637e4,"{""base_stage3a_state_version_id"":""state_version_7707fd8b10a68be5641d1449"",""cell_id"":""cell_a988b2656051f7e18ac637e4"",""claim_type"":""OPERATIONAL_RESPONSE_ATTENTION"",""metric_name"":""RAI"",""source_kind"":""STATE_RAI"",""state_role"":""FORWARD_ATTENTION_CELL"",""valid_date"":""2023-12-16""}",OPERATIONAL_RESPONSE_ATTENTION,false,false,false,STATE_ROLE_NOT_ALLOWED,ABSTAIN,,null,STATE_ROLE_NOT_ALLOWED,ABSTAIN,,null,knowledge_revision_event_5d8c97e8e8151b58246faca1,FORWARD_ATTENTION_CELL,false,UNCHANGED_ABSTAIN,2023-12-16,false
false,false,cell_e610b4ce3922994ac4da48cb,"{""attribute_name"":""anomaly_level"",""base_stage3a_state_version_id"":""state_version_97f796bb2fb7be192c012dc9"",""cell_id"":""cell_e610b4ce3922994ac4da48cb"",""claim_type"":""FORECAST_GEOLOGICAL_CONDITION"",""source_evidence_id"":""doc_ce88b5055d612f9f8fb8012e_e0002"",""source_kind"":""GEOLOGICAL_EVIDENCE"",""state_role"":""FORWARD_ATTENTION_CELL"",""valid_date"":""2023-10-18""}",FORECAST_GEOLOGICAL_CONDITION,true,true,false,,EXPRESSIBLE,doc_ce88b5055d612f9f8fb8012e_e0002,"{""attribute_name"":""anomaly_level"",""normalized_value"":""MODERATE"",""source_evidence_id"":""doc_ce88b5055d612f9f8fb8012e_e0002""}",,,,null,knowledge_revision_event_61b6b8545015e0bb65a5970d,FORWARD_ATTENTION_CELL,false,OPPORTUNITY_ADDED,2023-10-18,false
false,false,cell_e610b4ce3922994ac4da48cb,"{""attribute_name"":""geological_conclusion"",""base_stage3a_state_version_id"":""state_version_97f796bb2fb7be192c012dc9"",""cell_id"":""cell_e610b4ce3922994ac4da48cb"",""claim_type"":""FORECAST_GEOLOGICAL_CONDITION"",""source_evidence_id"":""doc_ce88b5055d612f9f8fb8012e_e0002"",""source_kind"":""GEOLOGICAL_EVIDENCE"",""state_role"":""FORWARD_ATTENTION_CELL"",""valid_date"":""2023-10-18""}",FORECAST_GEOLOGICAL_CONDITION,true,true,false,,EXPRESSIBLE,doc_ce88b5055d612f9f8fb8012e_e0002,"{""attribute_name"":""geological_conclusion"",""normalized_value"":""该段围岩整体较当前掌子面变 差。岩性为板岩夹变质砂岩，弱 风化，岩质软硬不均，节理裂隙 发育，局部段落节理裂隙发育密 集，岩体破碎-极破碎，围岩整体 稳定性差"",""source_evidence_id"":""doc_ce88b5055d612f9f8fb8012e_e0002""}",,,,null,knowledge_revision_event_61b6b8545015e0bb65a5970d,FORWARD_ATTENTION_CELL,false,OPPORTUNITY_ADDED,2023-10-18,false
false,false,cell_e610b4ce3922994ac4da48cb,"{""attribute_name"":""joint_development"",""base_stage3a_state_version_id"":""state_version_97f796bb2fb7be192c012dc9"",""cell_id"":""cell_e610b4ce3922994ac4da48cb"",""claim_type"":""FORECAST_GEOLOGICAL_CONDITION"",""source_evidence_id"":""doc_ce88b5055d612f9f8fb8012e_e0002"",""source_kind"":""GEOLOGICAL_EVIDENCE"",""state_role"":""FORWARD_ATTENTION_CELL"",""valid_date"":""2023-10-18""}",FORECAST_GEOLOGICAL_CONDITION,true,true,false,,EXPRESSIBLE,doc_ce88b5055d612f9f8fb8012e_e0002,"{""attribute_name"":""joint_development"",""normalized_value"":""节理裂隙发育密集"",""source_evidence_id"":""doc_ce88b5055d612f9f8fb8012e_e0002""}",,,,null,knowledge_revision_event_61b6b8545015e0bb65a5970d,FORWARD_ATTENTION_CELL,false,OPPORTUNITY_ADDED,2023-10-18,false
false,false,cell_e610b4ce3922994ac4da48cb,"{""attribute_name"":""lithology"",""base_stage3a_state_version_id"":""state_version_97f796bb2fb7be192c012dc9"",""cell_id"":""cell_e610b4ce3922994ac4da48cb"",""claim_type"":""FORECAST_GEOLOGICAL_CONDITION"",""source_evidence_id"":""doc_ce88b5055d612f9f8fb8012e_e0002"",""source_kind"":""GEOLOGICAL_EVIDENCE"",""state_role"":""FORWARD_ATTENTION_CELL"",""valid_date"":""2023-10-18""}",FORECAST_GEOLOGICAL_CONDITION,true,true,false,,EXPRESSIBLE,doc_ce88b5055d612f9f8fb8012e_e0002,"{""attribute_name"":""lithology"",""normalized_value"":""板岩夹变质砂岩"",""source_evidence_id"":""doc_ce88b5055d612f9f8fb8012e_e0002""}",,,,null,knowledge_revision_event_61b6b8545015e0bb65a5970d,FORWARD_ATTENTION_CELL,false,OPPORTUNITY_ADDED,2023-10-18,false
false,false,cell_e610b4ce3922994ac4da48cb,"{""attribute_name"":""risk_hint"",""base_stage3a_state_version_id"":""state_version_97f796bb2fb7be192c012dc9"",""cell_id"":""cell_e610b4ce3922994ac4da48cb"",""claim_type"":""FORECAST_GEOLOGICAL_CONDITION"",""source_evidence_id"":""doc_ce88b5055d612f9f8fb8012e_e0002"",""source_kind"":""GEOLOGICAL_EVIDENCE"",""state_role"":""FORWARD_ATTENTION_CELL"",""valid_date"":""2023-10-18""}",FORECAST_GEOLOGICAL_CONDITION,true,true,false,,EXPRESSIBLE,doc_ce88b5055d612f9f8fb8012e_e0002,"{""attribute_name"":""risk_hint"",""normalized_value"":""里程+680、 +706、+716、 +733附近有 掉块风险"",""source_evidence_id"":""doc_ce88b5055d612f9f8fb8012e_e0002""}",,,,null,knowledge_revision_event_61b6b8545015e0bb65a5970d,FORWARD_ATTENTION_CELL,false,OPPORTUNITY_ADDED,2023-10-18,false
false,false,cell_e610b4ce3922994ac4da48cb,"{""attribute_name"":""rock_mass_state"",""base_stage3a_state_version_id"":""state_version_97f796bb2fb7be192c012dc9"",""cell_id"":""cell_e610b4ce3922994ac4da48cb"",""claim_type"":""FORECAST_GEOLOGICAL_CONDITION"",""source_evidence_id"":""doc_ce88b5055d612f9f8fb8012e_e0002"",""source_kind"":""GEOLOGICAL_EVIDENCE"",""state_role"":""FORWARD_ATTENTION_CELL"",""valid_date"":""2023-10-18""}",FORECAST_GEOLOGICAL_CONDITION,true,true,false,,EXPRESSIBLE,doc_ce88b5055d612f9f8fb8012e_e0002,"{""attribute_name"":""rock_mass_state"",""normalized_value"":""岩体破碎-极破碎"",""source_evidence_id"":""doc_ce88b5055d612f9f8fb8012e_e0002""}",,,,null,knowledge_revision_event_61b6b8545015e0bb65a5970d,FORWARD_ATTENTION_CELL,false,OPPORTUNITY_ADDED,2023-10-18,false
false,false,cell_e610b4ce3922994ac4da48cb,"{""attribute_name"":""suggested_grade"",""base_stage3a_state_version_id"":""state_version_97f796bb2fb7be192c012dc9"",""cell_id"":""cell_e610b4ce3922994ac4da48cb"",""claim_type"":""FORECAST_GEOLOGICAL_CONDITION"",""source_evidence_id"":""doc_ce88b5055d612f9f8fb8012e_e0002"",""source_kind"":""GEOLOGICAL_EVIDENCE"",""state_role"":""FORWARD_ATTENTION_CELL"",""valid_date"":""2023-10-18""}",FORECAST_GEOLOGICAL_CONDITION,true,true,false,,EXPRESSIBLE,doc_ce88b5055d612f9f8fb8012e_e0002,"{""attribute_name"":""suggested_grade"",""normalized_value"":""Ⅳ级"",""source_evidence_id"":""doc_ce88b5055d612f9f8fb8012e_e0002""}",,,,null,knowledge_revision_event_61b6b8545015e0bb65a5970d,FORWARD_ATTENTION_CELL,false,OPPORTUNITY_ADDED,2023-10-18,false
false,false,cell_e610b4ce3922994ac4da48cb,"{""attribute_name"":""weathering"",""base_stage3a_state_version_id"":""state_version_97f796bb2fb7be192c012dc9"",""cell_id"":""cell_e610b4ce3922994ac4da48cb"",""claim_type"":""FORECAST_GEOLOGICAL_CONDITION"",""source_evidence_id"":""doc_ce88b5055d612f9f8fb8012e_e0002"",""source_kind"":""GEOLOGICAL_EVIDENCE"",""state_role"":""FORWARD_ATTENTION_CELL"",""valid_date"":""2023-10-18""}",FORECAST_GEOLOGICAL_CONDITION,true,true,false,,EXPRESSIBLE,doc_ce88b5055d612f9f8fb8012e_e0002,"{""attribute_name"":""weathering"",""normalized_value"":""弱风化"",""source_evidence_id"":""doc_ce88b5055d612f9f8fb8012e_e0002""}",,,,null,knowledge_revision_event_61b6b8545015e0bb65a5970d,FORWARD_ATTENTION_CELL,false,OPPORTUNITY_ADDED,2023-10-18,false
true,true,cell_e610b4ce3922994ac4da48cb,"{""base_stage3a_state_version_id"":""state_version_97f796bb2fb7be192c012dc9"",""cell_id"":""cell_e610b4ce3922994ac4da48cb"",""claim_type"":""FORWARD_GEOLOGICAL_ATTENTION"",""metric_name"":""GRS"",""source_kind"":""STATE_GRS"",""state_role"":""FORWARD_ATTENTION_CELL"",""valid_date"":""2023-10-18""}",FORWARD_GEOLOGICAL_ATTENTION,true,false,false,,EXPRESSIBLE,state_grs_ecf3501edda2757c936f3e6c,"{""is_causal_estimate"":false,""is_hazard_probability"":false,""is_probability"":false,""metric_name"":""GRS"",""metric_semantics"":""FORWARD_GEOLOGICAL_EVIDENCE_ATTENTION_INDEX"",""metric_status"":""AVAILABLE"",""metric_value"":0.8333333333333333}",REQUIRED_EPISTEMIC_STATUS_MISSING,ABSTAIN,,null,knowledge_revision_event_61b6b8545015e0bb65a5970d,FORWARD_ATTENTION_CELL,true,ABSTAIN_TO_EXPRESSIBLE,2023-10-18,false
false,false,cell_e610b4ce3922994ac4da48cb,"{""base_stage3a_state_version_id"":""state_version_97f796bb2fb7be192c012dc9"",""cell_id"":""cell_e610b4ce3922994ac4da48cb"",""claim_type"":""OPERATIONAL_RESPONSE_ATTENTION"",""metric_name"":""RAI"",""source_kind"":""STATE_RAI"",""state_role"":""FORWARD_ATTENTION_CELL"",""valid_date"":""2023-10-18""}",OPERATIONAL_RESPONSE_ATTENTION,false,false,false,STATE_ROLE_NOT_ALLOWED,ABSTAIN,,null,STATE_ROLE_NOT_ALLOWED,ABSTAIN,,null,knowledge_revision_event_61b6b8545015e0bb65a5970d,FORWARD_ATTENTION_CELL,false,UNCHANGED_ABSTAIN,2023-10-18,false
false,false,cell_63d1e25f2b61b93ebb0d39c0,"{""attribute_name"":""anomaly_level"",""base_stage3a_state_version_id"":""state_version_3acb402029957453ac2d1faf"",""cell_id"":""cell_63d1e25f2b61b93ebb0d39c0"",""claim_type"":""FORECAST_GEOLOGICAL_CONDITION"",""source_evidence_id"":""doc_6af39821d5a37fd21b28de70_e0002"",""source_kind"":""GEOLOGICAL_EVIDENCE"",""state_role"":""DAILY_REVIEW_CELL"",""valid_date"":""2023-10-15""}",FORECAST_GEOLOGICAL_CONDITION,true,true,false,UNKNOWN_SOURCE_VALUE,ABSTAIN,,"{""attribute_name"":""anomaly_level"",""normalized_value"":""NONE"",""source_evidence_id"":""doc_6af39821d5a37fd21b28de70_e0002""}",,,,null,knowledge_revision_event_6ab0ab029667d4ef325fbcf3,DAILY_REVIEW_CELL,false,OPPORTUNITY_ADDED,2023-10-15,false
false,false,cell_63d1e25f2b61b93ebb0d39c0,"{""attribute_name"":""anomaly_level"",""base_stage3a_state_version_id"":""state_version_3acb402029957453ac2d1faf"",""cell_id"":""cell_63d1e25f2b61b93ebb0d39c0"",""claim_type"":""FORECAST_GEOLOGICAL_CONDITION"",""source_evidence_id"":""doc_c03e80c9fabf17e0b238ec9a_e0006"",""source_kind"":""GEOLOGICAL_EVIDENCE"",""state_role"":""DAILY_REVIEW_CELL"",""valid_date"":""2023-10-15""}",FORECAST_GEOLOGICAL_CONDITION,false,false,false,,EXPRESSIBLE,doc_c03e80c9fabf17e0b238ec9a_e0006,"{""attribute_name"":""anomaly_level"",""normalized_value"":""LOW"",""source_evidence_id"":""doc_c03e80c9fabf17e0b238ec9a_e0006""}",,EXPRESSIBLE,doc_c03e80c9fabf17e0b238ec9a_e0006,"{""attribute_name"":""anomaly_level"",""normalized_value"":""LOW"",""source_evidence_id"":""doc_c03e80c9fabf17e0b238ec9a_e0006""}",knowledge_revision_event_6ab0ab029667d4ef325fbcf3,DAILY_REVIEW_CELL,false,UNCHANGED_EXPRESSIBLE,2023-10-15,true
false,false,cell_63d1e25f2b61b93ebb0d39c0,"{""attribute_name"":""anomaly_level"",""base_stage3a_state_version_id"":""state_version_3acb402029957453ac2d1faf"",""cell_id"":""cell_63d1e25f2b61b93ebb0d39c0"",""claim_type"":""OBSERVED_GEOLOGICAL_CONDITION"",""source_evidence_id"":""doc_ec175e09cec4dd7f79757054_e0001"",""source_kind"":""GEOLOGICAL_EVIDENCE"",""state_role"":""DAILY_REVIEW_CELL"",""valid_date"":""2023-10-15""}",OBSERVED_GEOLOGICAL_CONDITION,false,false,false,UNKNOWN_SOURCE_VALUE,ABSTAIN,,"{""attribute_name"":""anomaly_level"",""normalized_value"":""NONE"",""source_evidence_id"":""doc_ec175e09cec4dd7f79757054_e0001""}",UNKNOWN_SOURCE_VALUE,ABSTAIN,,"{""attribute_name"":""anomaly_level"",""normalized_value"":""NONE"",""source_evidence_id"":""doc_ec175e09cec4dd7f79757054_e0001""}",knowledge_revision_event_6ab0ab029667d4ef325fbcf3,DAILY_REVIEW_CELL,false,UNCHANGED_ABSTAIN,2023-10-15,false
false,false,cell_63d1e25f2b61b93ebb0d39c0,"{""attribute_name"":""block_fall_or_collapse"",""base_stage3a_state_version_id"":""state_version_3acb402029957453ac2d1faf"",""cell_id"":""cell_63d1e25f2b61b93ebb0d39c0"",""claim_type"":""OBSERVED_GEOLOGICAL_CONDITION"",""source_evidence_id"":""doc_ec175e09cec4dd7f79757054_e0001"",""source_kind"":""GEOLOGICAL_EVIDENCE"",""state_role"":""DAILY_REVIEW_CELL"",""valid_date"":""2023-10-15""}",OBSERVED_GEOLOGICAL_CONDITION,false,false,false,,EXPRESSIBLE,doc_ec175e09cec4dd7f79757054_e0001,"{""attribute_name"":""block_fall_or_collapse"",""normalized_value"":""掉块"",""source_evidence_id"":""doc_ec175e09cec4dd7f79757054_e0001""}",,EXPRESSIBLE,doc_ec175e09cec4dd7f79757054_e0001,"{""attribute_name"":""block_fall_or_collapse"",""normalized_value"":""掉块"",""source_evidence_id"":""doc_ec175e09cec4dd7f79757054_e0001""}",knowledge_revision_event_6ab0ab029667d4ef325fbcf3,DAILY_REVIEW_CELL,false,UNCHANGED_EXPRESSIBLE,2023-10-15,true
false,false,cell_63d1e25f2b61b93ebb0d39c0,"{""attribute_name"":""design_surrounding_rock_grade"",""base_stage3a_state_version_id"":""state_version_3acb402029957453ac2d1faf"",""cell_id"":""cell_63d1e25f2b61b93ebb0d39c0"",""claim_type"":""OBSERVED_GEOLOGICAL_CONDITION"",""source_evidence_id"":""doc_ec175e09cec4dd7f79757054_e0001"",""source_kind"":""GEOLOGICAL_EVIDENCE"",""state_role"":""DAILY_REVIEW_CELL"",""valid_date"":""2023-10-15""}",OBSERVED_GEOLOGICAL_CONDITION,false,false,false,,EXPRESSIBLE,doc_ec175e09cec4dd7f79757054_e0001,"{""attribute_name"":""design_surrounding_rock_grade"",""normalized_value"":""Ⅳ级"",""source_evidence_id"":""doc_ec175e09cec4dd7f79757054_e0001""}",,EXPRESSIBLE,doc_ec175e09cec4dd7f79757054_e0001,"{""attribute_name"":""design_surrounding_rock_grade"",""normalized_value"":""Ⅳ级"",""source_evidence_id"":""doc_ec175e09cec4dd7f79757054_e0001""}",knowledge_revision_event_6ab0ab029667d4ef325fbcf3,DAILY_REVIEW_CELL,false,UNCHANGED_EXPRESSIBLE,2023-10-15,true
false,false,cell_63d1e25f2b61b93ebb0d39c0,"{""attribute_name"":""excavated_face_state"",""base_stage3a_state_version_id"":""state_version_3acb402029957453ac2d1faf"",""cell_id"":""cell_63d1e25f2b61b93ebb0d39c0"",""claim_type"":""OBSERVED_GEOLOGICAL_CONDITION"",""source_evidence_id"":""doc_ec175e09cec4dd7f79757054_e0001"",""source_kind"":""GEOLOGICAL_EVIDENCE"",""state_role"":""DAILY_REVIEW_CELL"",""valid_date"":""2023-10-15""}",OBSERVED_GEOLOGICAL_CONDITION,false,false,false,,EXPRESSIBLE,doc_ec175e09cec4dd7f79757054_e0001,"{""attribute_name"":""excavated_face_state"",""normalized_value"":""随时间松弛、掉块"",""source_evidence_id"":""doc_ec175e09cec4dd7f79757054_e0001""}",,EXPRESSIBLE,doc_ec175e09cec4dd7f79757054_e0001,"{""attribute_name"":""excavated_face_state"",""normalized_value"":""随时间松弛、掉块"",""source_evidence_id"":""doc_ec175e09cec4dd7f79757054_e0001""}",knowledge_revision_event_6ab0ab029667d4ef325fbcf3,DAILY_REVIEW_CELL,false,UNCHANGED_EXPRESSIBLE,2023-10-15,true
false,false,cell_63d1e25f2b61b93ebb0d39c0,"{""attribute_name"":""face_state"",""base_stage3a_state_version_id"":""state_version_3acb402029957453ac2d1faf"",""cell_id"":""cell_63d1e25f2b61b93ebb0d39c0"",""claim_type"":""OBSERVED_GEOLOGICAL_CONDITION"",""source_evidence_id"":""doc_ec175e09cec4dd7f79757054_e0001"",""source_kind"":""GEOLOGICAL_EVIDENCE"",""state_role"":""DAILY_REVIEW_CELL"",""valid_date"":""2023-10-15""}",OBSERVED_GEOLOGICAL_CONDITION,false,false,false,,EXPRESSIBLE,doc_ec175e09cec4dd7f79757054_e0001,"{""attribute_name"":""face_state"",""normalized_value"":""正面掉块"",""source_evidence_id"":""doc_ec175e09cec4dd7f79757054_e0001""}",,EXPRESSIBLE,doc_ec175e09cec4dd7f79757054_e0001,"{""attribute_name"":""face_state"",""normalized_value"":""正面掉块"",""source_evidence_id"":""doc_ec175e09cec4dd7f79757054_e0001""}",knowledge_revision_event_6ab0ab029667d4ef325fbcf3,DAILY_REVIEW_CELL,false,UNCHANGED_EXPRESSIBLE,2023-10-15,true
false,false,cell_63d1e25f2b61b93ebb0d39c0,"{""attribute_name"":""form_water_status"",""base_stage3a_state_version_id"":""state_version_3acb402029957453ac2d1faf"",""cell_id"":""cell_63d1e25f2b61b93ebb0d39c0"",""claim_type"":""OBSERVED_GEOLOGICAL_CONDITION"",""source_evidence_id"":""doc_ec175e09cec4dd7f79757054_e0001"",""source_kind"":""GEOLOGICAL_EVIDENCE"",""state_role"":""DAILY_REVIEW_CELL"",""valid_date"":""2023-10-15""}",OBSERVED_GEOLOGICAL_CONDITION,false,false,false,,EXPRESSIBLE,doc_ec175e09cec4dd7f79757054_e0001,"{""attribute_name"":""form_water_status"",""normalized_value"":""25～125涌出或喷出"",""source_evidence_id"":""doc_ec175e09cec4dd7f79757054_e0001""}",,EXPRESSIBLE,doc_ec175e09cec4dd7f79757054_e0001,"{""attribute_name"":""form_water_status"",""normalized_value"":""25～125涌出或喷出"",""source_evidence_id"":""doc_ec175e09cec4dd7f79757054_e0001""}",knowledge_revision_event_6ab0ab029667d4ef325fbcf3,DAILY_REVIEW_CELL,false,UNCHANGED_EXPRESSIBLE,2023-10-15,true
false,false,cell_63d1e25f2b61b93ebb0d39c0,"{""attribute_name"":""geological_conclusion"",""base_stage3a_state_version_id"":""state_version_3acb402029957453ac2d1faf"",""cell_id"":""cell_63d1e25f2b61b93ebb0d39c0"",""claim_type"":""FORECAST_GEOLOGICAL_CONDITION"",""source_evidence_id"":""doc_6af39821d5a37fd21b28de70_e0002"",""source_kind"":""GEOLOGICAL_EVIDENCE"",""state_role"":""DAILY_REVIEW_CELL"",""valid_date"":""2023-10-15""}",FORECAST_GEOLOGICAL_CONDITION,true,true,false,,EXPRESSIBLE,doc_6af39821d5a37fd21b28de70_e0002,"{""attribute_name"":""geological_conclusion"",""normalized_value"":""该段围岩与当前掌子面相当。岩 性为板岩夹变质砂岩，弱风化， 岩质软硬不均，节理裂隙发育， 岩体破碎，围岩整体稳定性较差"",""source_evidence_id"":""doc_6af39821d5a37fd21b28de70_e0002""}",,,,null,knowledge_revision_event_6ab0ab029667d4ef325fbcf3,DAILY_REVIEW_CELL,false,OPPORTUNITY_ADDED,2023-10-15,false
false,false,cell_63d1e25f2b61b93ebb0d39c0,"{""attribute_name"":""geological_conclusion"",""base_stage3a_state_version_id"":""state_version_3acb402029957453ac2d1faf"",""cell_id"":""cell_63d1e25f2b61b93ebb0d39c0"",""claim_type"":""FORECAST_GEOLOGICAL_CONDITION"",""source_evidence_id"":""doc_c03e80c9fabf17e0b238ec9a_e0006"",""source_kind"":""GEOLOGICAL_EVIDENCE"",""state_role"":""DAILY_REVIEW_CELL"",""valid_date"":""2023-10-15""}",FORECAST_GEOLOGICAL_CONDITION,false,false,false,,EXPRESSIBLE,doc_c03e80c9fabf17e0b238ec9a_e0006,"{""attribute_name"":""geological_conclusion"",""normalized_value"":""该段围岩较前段稍有变好。岩性 为板岩夹变质砂岩，弱风化，岩 质软硬不均，节理裂隙发育，岩 体破碎，围岩整体稳定性较差"",""source_evidence_id"":""doc_c03e80c9fabf17e0b238ec9a_e0006""}",,EXPRESSIBLE,doc_c03e80c9fabf17e0b238ec9a_e0006,"{""attribute_name"":""geological_conclusion"",""normalized_value"":""该段围岩较前段稍有变好。岩性 为板岩夹变质砂岩，弱风化，岩 质软硬不均，节理裂隙发育，岩 体破碎，围岩整体稳定性较差"",""source_evidence_id"":""doc_c03e80c9fabf17e0b238ec9a_e0006""}",knowledge_revision_event_6ab0ab029667d4ef325fbcf3,DAILY_REVIEW_CELL,false,UNCHANGED_EXPRESSIBLE,2023-10-15,true
false,false,cell_63d1e25f2b61b93ebb0d39c0,"{""attribute_name"":""geological_description"",""base_stage3a_state_version_id"":""state_version_3acb402029957453ac2d1faf"",""cell_id"":""cell_63d1e25f2b61b93ebb0d39c0"",""claim_type"":""OBSERVED_GEOLOGICAL_CONDITION"",""source_evidence_id"":""doc_6af39821d5a37fd21b28de70_e0001"",""source_kind"":""GEOLOGICAL_EVIDENCE"",""state_role"":""DAILY_REVIEW_CELL"",""valid_date"":""2023-10-15""}",OBSERVED_GEOLOGICAL_CONDITION,true,true,false,,EXPRESSIBLE,doc_6af39821d5a37fd21b28de70_e0001,"{""attribute_name"":""geological_description"",""normalized_value"":""开挖面 地质概况 掌子面地层岩性为石炭二叠系板岩夹变质砂岩，围岩整体弱风化，岩质软 硬不均，节理裂隙发育，岩体破碎，拱顶节理裂隙发育密集，存在掉块现象， 岩体相对破碎，拱顶见滴渗水-线状出水，围岩自稳性较差。"",""source_evidence_id"":""doc_6af39821d5a37fd21b28de70_e0001""}",,,,null,knowledge_revision_event_6ab0ab029667d4ef325fbcf3,DAILY_REVIEW_CELL,false,OPPORTUNITY_ADDED,2023-10-15,false
false,false,cell_63d1e25f2b61b93ebb0d39c0,"{""attribute_name"":""joint_aperture"",""base_stage3a_state_version_id"":""state_version_3acb402029957453ac2d1faf"",""cell_id"":""cell_63d1e25f2b61b93ebb0d39c0"",""claim_type"":""OBSERVED_GEOLOGICAL_CONDITION"",""source_evidence_id"":""doc_ec175e09cec4dd7f79757054_e0001"",""source_kind"":""GEOLOGICAL_EVIDENCE"",""state_role"":""DAILY_REVIEW_CELL"",""valid_date"":""2023-10-15""}",OBSERVED_GEOLOGICAL_CONDITION,false,false,false,,EXPRESSIBLE,doc_ec175e09cec4dd7f79757054_e0001,"{""attribute_name"":""joint_aperture"",""normalized_value"":""部分张开0.1～0.5"",""source_evidence_id"":""doc_ec175e09cec4dd7f79757054_e0001""}",,EXPRESSIBLE,doc_ec175e09cec4dd7f79757054_e0001,"{""attribute_name"":""joint_aperture"",""normalized_value"":""部分张开0.1～0.5"",""source_evidence_id"":""doc_ec175e09cec4dd7f79757054_e0001""}",knowledge_revision_event_6ab0ab029667d4ef325fbcf3,DAILY_REVIEW_CELL,false,UNCHANGED_EXPRESSIBLE,2023-10-15,true
false,false,cell_63d1e25f2b61b93ebb0d39c0,"{""attribute_name"":""joint_development"",""base_stage3a_state_version_id"":""state_version_3acb402029957453ac2d1faf"",""cell_id"":""cell_63d1e25f2b61b93ebb0d39c0"",""claim_type"":""FORECAST_GEOLOGICAL_CONDITION"",""source_evidence_id"":""doc_6af39821d5a37fd21b28de70_e0002"",""source_kind"":""GEOLOGICAL_EVIDENCE"",""state_role"":""DAILY_REVIEW_CELL"",""valid_date"":""2023-10-15""}",FORECAST_GEOLOGICAL_CONDITION,true,true,false,,EXPRESSIBLE,doc_6af39821d5a37fd21b28de70_e0002,"{""attribute_name"":""joint_development"",""normalized_value"":""节理裂隙发育"",""source_evidence_id"":""doc_6af39821d5a37fd21b28de70_e0002""}",,,,null,knowledge_revision_event_6ab0ab029667d4ef325fbcf3,DAILY_REVIEW_CELL,false,OPPORTUNITY_ADDED,2023-10-15,false
false,false,cell_63d1e25f2b61b93ebb0d39c0,"{""attribute_name"":""joint_development"",""base_stage3a_state_version_id"":""state_version_3acb402029957453ac2d1faf"",""cell_id"":""cell_63d1e25f2b61b93ebb0d39c0"",""claim_type"":""FORECAST_GEOLOGICAL_CONDITION"",""source_evidence_id"":""doc_c03e80c9fabf17e0b238ec9a_e0006"",""source_kind"":""GEOLOGICAL_EVIDENCE"",""state_role"":""DAILY_REVIEW_CELL"",""valid_date"":""2023-10-15""}",FORECAST_GEOLOGICAL_CONDITION,false,false,false,,EXPRESSIBLE,doc_c03e80c9fabf17e0b238ec9a_e0006,"{""attribute_name"":""joint_development"",""normalized_value"":""节理裂隙发育"",""source_evidence_id"":""doc_c03e80c9fabf17e0b238ec9a_e0006""}",,EXPRESSIBLE,doc_c03e80c9fabf17e0b238ec9a_e0006,"{""attribute_name"":""joint_development"",""normalized_value"":""节理裂隙发育"",""source_evidence_id"":""doc_c03e80c9fabf17e0b238ec9a_e0006""}",knowledge_revision_event_6ab0ab029667d4ef325fbcf3,DAILY_REVIEW_CELL,false,UNCHANGED_EXPRESSIBLE,2023-10-15,true
false,false,cell_63d1e25f2b61b93ebb0d39c0,"{""attribute_name"":""joint_development"",""base_stage3a_state_version_id"":""state_version_3acb402029957453ac2d1faf"",""cell_id"":""cell_63d1e25f2b61b93ebb0d39c0"",""claim_type"":""OBSERVED_GEOLOGICAL_CONDITION"",""source_evidence_id"":""doc_ec175e09cec4dd7f79757054_e0001"",""source_kind"":""GEOLOGICAL_EVIDENCE"",""state_role"":""DAILY_REVIEW_CELL"",""valid_date"":""2023-10-15""}",OBSERVED_GEOLOGICAL_CONDITION,false,false,false,,EXPRESSIBLE,doc_ec175e09cec4dd7f79757054_e0001,"{""attribute_name"":""joint_development"",""normalized_value"":""节理裂隙发育密集"",""source_evidence_id"":""doc_ec175e09cec4dd7f79757054_e0001""}",,EXPRESSIBLE,doc_ec175e09cec4dd7f79757054_e0001,"{""attribute_name"":""joint_development"",""normalized_value"":""节理裂隙发育密集"",""source_evidence_id"":""doc_ec175e09cec4dd7f79757054_e0001""}",knowledge_revision_event_6ab0ab029667d4ef325fbcf3,DAILY_REVIEW_CELL,false,UNCHANGED_EXPRESSIBLE,2023-10-15,true
false,false,cell_63d1e25f2b61b93ebb0d39c0,"{""attribute_name"":""joint_extension"",""base_stage3a_state_version_id"":""state_version_3acb402029957453ac2d1faf"",""cell_id"":""cell_63d1e25f2b61b93ebb0d39c0"",""claim_type"":""OBSERVED_GEOLOGICAL_CONDITION"",""source_evidence_id"":""doc_ec175e09cec4dd7f79757054_e0001"",""source_kind"":""GEOLOGICAL_EVIDENCE"",""state_role"":""DAILY_REVIEW_CELL"",""valid_date"":""2023-10-15""}",OBSERVED_GEOLOGICAL_CONDITION,false,false,false,,EXPRESSIBLE,doc_ec175e09cec4dd7f79757054_e0001,"{""attribute_name"":""joint_extension"",""normalized_value"":""中等"",""source_evidence_id"":""doc_ec175e09cec4dd7f79757054_e0001""}",,EXPRESSIBLE,doc_ec175e09cec4dd7f79757054_e0001,"{""attribute_name"":""joint_extension"",""normalized_value"":""中等"",""source_evidence_id"":""doc_ec175e09cec4dd7f79757054_e0001""}",knowledge_revision_event_6ab0ab029667d4ef325fbcf3,DAILY_REVIEW_CELL,false,UNCHANGED_EXPRESSIBLE,2023-10-15,true
false,false,cell_63d1e25f2b61b93ebb0d39c0,"{""attribute_name"":""joint_roughness"",""base_stage3a_state_version_id"":""state_version_3acb402029957453ac2d1faf"",""cell_id"":""cell_63d1e25f2b61b93ebb0d39c0"",""claim_type"":""OBSERVED_GEOLOGICAL_CONDITION"",""source_evidence_id"":""doc_ec175e09cec4dd7f79757054_e0001"",""source_kind"":""GEOLOGICAL_EVIDENCE"",""state_role"":""DAILY_REVIEW_CELL"",""valid_date"":""2023-10-15""}",OBSERVED_GEOLOGICAL_CONDITION,false,false,false,,EXPRESSIBLE,doc_ec175e09cec4dd7f79757054_e0001,"{""attribute_name"":""joint_roughness"",""normalized_value"":""平整光滑有擦痕"",""source_evidence_id"":""doc_ec175e09cec4dd7f79757054_e0001""}",,EXPRESSIBLE,doc_ec175e09cec4dd7f79757054_e0001,"{""attribute_name"":""joint_roughness"",""normalized_value"":""平整光滑有擦痕"",""source_evidence_id"":""doc_ec175e09cec4dd7f79757054_e0001""}",knowledge_revision_event_6ab0ab029667d4ef325fbcf3,DAILY_REVIEW_CELL,false,UNCHANGED_EXPRESSIBLE,2023-10-15,true
false,false,cell_63d1e25f2b61b93ebb0d39c0,"{""attribute_name"":""joint_spacing"",""base_stage3a_state_version_id"":""state_version_3acb402029957453ac2d1faf"",""cell_id"":""cell_63d1e25f2b61b93ebb0d39c0"",""claim_type"":""OBSERVED_GEOLOGICAL_CONDITION"",""source_evidence_id"":""doc_ec175e09cec4dd7f79757054_e0001"",""source_kind"":""GEOLOGICAL_EVIDENCE"",""state_role"":""DAILY_REVIEW_CELL"",""valid_date"":""2023-10-15""}",OBSERVED_GEOLOGICAL_CONDITION,false,false,false,,EXPRESSIBLE,doc_ec175e09cec4dd7f79757054_e0001,"{""attribute_name"":""joint_spacing"",""normalized_value"":""0.2～0.6"",""source_evidence_id"":""doc_ec175e09cec4dd7f79757054_e0001""}",,EXPRESSIBLE,doc_ec175e09cec4dd7f79757054_e0001,"{""attribute_name"":""joint_spacing"",""normalized_value"":""0.2～0.6"",""source_evidence_id"":""doc_ec175e09cec4dd7f79757054_e0001""}",knowledge_revision_event_6ab0ab029667d4ef325fbcf3,DAILY_REVIEW_CELL,false,UNCHANGED_EXPRESSIBLE,2023-10-15,true
false,false,cell_63d1e25f2b61b93ebb0d39c0,"{""attribute_name"":""karst_development"",""base_stage3a_state_version_id"":""state_version_3acb402029957453ac2d1faf"",""cell_id"":""cell_63d1e25f2b61b93ebb0d39c0"",""claim_type"":""OBSERVED_GEOLOGICAL_CONDITION"",""source_evidence_id"":""doc_ec175e09cec4dd7f79757054_e0001"",""source_kind"":""GEOLOGICAL_EVIDENCE"",""state_role"":""DAILY_REVIEW_CELL"",""valid_date"":""2023-10-15""}",OBSERVED_GEOLOGICAL_CONDITION,false,false,false,,EXPRESSIBLE,doc_ec175e09cec4dd7f79757054_e0001,"{""attribute_name"":""karst_development"",""normalized_value"":""无"",""source_evidence_id"":""doc_ec175e09cec4dd7f79757054_e0001""}",,EXPRESSIBLE,doc_ec175e09cec4dd7f79757054_e0001,"{""attribute_name"":""karst_development"",""normalized_value"":""无"",""source_evidence_id"":""doc_ec175e09cec4dd7f79757054_e0001""}",knowledge_revision_event_6ab0ab029667d4ef325fbcf3,DAILY_REVIEW_CELL,false,UNCHANGED_EXPRESSIBLE,2023-10-15,true
false,false,cell_63d1e25f2b61b93ebb0d39c0,"{""attribute_name"":""lithology"",""base_stage3a_state_version_id"":""state_version_3acb402029957453ac2d1faf"",""cell_id"":""cell_63d1e25f2b61b93ebb0d39c0"",""claim_type"":""FORECAST_GEOLOGICAL_CONDITION"",""source_evidence_id"":""doc_6af39821d5a37fd21b28de70_e0002"",""source_kind"":""GEOLOGICAL_EVIDENCE"",""state_role"":""DAILY_REVIEW_CELL"",""valid_date"":""2023-10-15""}",FORECAST_GEOLOGICAL_CONDITION,true,true,false,,EXPRESSIBLE,doc_6af39821d5a37fd21b28de70_e0002,"{""attribute_name"":""lithology"",""normalized_value"":""板岩夹变质砂岩"",""source_evidence_id"":""doc_6af39821d5a37fd21b28de70_e0002""}",,,,null,knowledge_revision_event_6ab0ab029667d4ef325fbcf3,DAILY_REVIEW_CELL,false,OPPORTUNITY_ADDED,2023-10-15,false
false,false,cell_63d1e25f2b61b93ebb0d39c0,"{""attribute_name"":""lithology"",""base_stage3a_state_version_id"":""state_version_3acb402029957453ac2d1faf"",""cell_id"":""cell_63d1e25f2b61b93ebb0d39c0"",""claim_type"":""FORECAST_GEOLOGICAL_CONDITION"",""source_evidence_id"":""doc_c03e80c9fabf17e0b238ec9a_e0006"",""source_kind"":""GEOLOGICAL_EVIDENCE"",""state_role"":""DAILY_REVIEW_CELL"",""valid_date"":""2023-10-15""}",FORECAST_GEOLOGICAL_CONDITION,false,false,false,,EXPRESSIBLE,doc_c03e80c9fabf17e0b238ec9a_e0006,"{""attribute_name"":""lithology"",""normalized_value"":""板岩夹变质砂岩"",""source_evidence_id"":""doc_c03e80c9fabf17e0b238ec9a_e0006""}",,EXPRESSIBLE,doc_c03e80c9fabf17e0b238ec9a_e0006,"{""attribute_name"":""lithology"",""normalized_value"":""板岩夹变质砂岩"",""source_evidence_id"":""doc_c03e80c9fabf17e0b238ec9a_e0006""}",knowledge_revision_event_6ab0ab029667d4ef325fbcf3,DAILY_REVIEW_CELL,false,UNCHANGED_EXPRESSIBLE,2023-10-15,true
false,false,cell_63d1e25f2b61b93ebb0d39c0,"{""attribute_name"":""lithology"",""base_stage3a_state_version_id"":""state_version_3acb402029957453ac2d1faf"",""cell_id"":""cell_63d1e25f2b61b93ebb0d39c0"",""claim_type"":""OBSERVED_GEOLOGICAL_CONDITION"",""source_evidence_id"":""doc_6af39821d5a37fd21b28de70_e0001"",""source_kind"":""GEOLOGICAL_EVIDENCE"",""state_role"":""DAILY_REVIEW_CELL"",""valid_date"":""2023-10-15""}",OBSERVED_GEOLOGICAL_CONDITION,true,true,false,,EXPRESSIBLE,doc_6af39821d5a37fd21b28de70_e0001,"{""attribute_name"":""lithology"",""normalized_value"":""板岩夹变质砂岩"",""source_evidence_id"":""doc_6af39821d5a37fd21b28de70_e0001""}",,,,null,knowledge_revision_event_6ab0ab029667d4ef325fbcf3,DAILY_REVIEW_CELL,false,OPPORTUNITY_ADDED,2023-10-15,false
false,false,cell_63d1e25f2b61b93ebb0d39c0,"{""attribute_name"":""lithology"",""base_stage3a_state_version_id"":""state_version_3acb402029957453ac2d1faf"",""cell_id"":""cell_63d1e25f2b61b93ebb0d39c0"",""claim_type"":""OBSERVED_GEOLOGICAL_CONDITION"",""source_evidence_id"":""doc_ec175e09cec4dd7f79757054_e0001"",""source_kind"":""GEOLOGICAL_EVIDENCE"",""state_role"":""DAILY_REVIEW_CELL"",""valid_date"":""2023-10-15""}",OBSERVED_GEOLOGICAL_CONDITION,false,false,false,,EXPRESSIBLE,doc_ec175e09cec4dd7f79757054_e0001,"{""attribute_name"":""lithology"",""normalized_value"":""板岩夹变质砂岩"",""source_evidence_id"":""doc_ec175e09cec4dd7f79757054_e0001""}",,EXPRESSIBLE,doc_ec175e09cec4dd7f79757054_e0001,"{""attribute_name"":""lithology"",""normalized_value"":""板岩夹变质砂岩"",""source_evidence_id"":""doc_ec175e09cec4dd7f79757054_e0001""}",knowledge_revision_event_6ab0ab029667d4ef325fbcf3,DAILY_REVIEW_CELL,false,UNCHANGED_EXPRESSIBLE,2023-10-15,true
false,false,cell_63d1e25f2b61b93ebb0d39c0,"{""attribute_name"":""narrative_water_observation"",""base_stage3a_state_version_id"":""state_version_3acb402029957453ac2d1faf"",""cell_id"":""cell_63d1e25f2b61b93ebb0d39c0"",""claim_type"":""OBSERVED_GEOLOGICAL_CONDITION"",""source_evidence_id"":""doc_ec175e09cec4dd7f79757054_e0001"",""source_kind"":""GEOLOGICAL_EVIDENCE"",""state_role"":""DAILY_REVIEW_CELL"",""valid_date"":""2023-10-15""}",OBSERVED_GEOLOGICAL_CONDITION,false,false,false,,EXPRESSIBLE,doc_ec175e09cec4dd7f79757054_e0001,"{""attribute_name"":""narrative_water_observation"",""normalized_value"":""滴渗水；滴渗水-线状出水；线状出水"",""source_evidence_id"":""doc_ec175e09cec4dd7f79757054_e0001""}",,EXPRESSIBLE,doc_ec175e09cec4dd7f79757054_e0001,"{""attribute_name"":""narrative_water_observation"",""normalized_value"":""滴渗水；滴渗水-线状出水；线状出水"",""source_evidence_id"":""doc_ec175e09cec4dd7f79757054_e0001""}",knowledge_revision_event_6ab0ab029667d4ef325fbcf3,DAILY_REVIEW_CELL,false,UNCHANGED_EXPRESSIBLE,2023-10-15,true
false,false,cell_63d1e25f2b61b93ebb0d39c0,"{""attribute_name"":""risk_hint"",""base_stage3a_state_version_id"":""state_version_3acb402029957453ac2d1faf"",""cell_id"":""cell_63d1e25f2b61b93ebb0d39c0"",""claim_type"":""FORECAST_GEOLOGICAL_CONDITION"",""source_evidence_id"":""doc_6af39821d5a37fd21b28de70_e0002"",""source_kind"":""GEOLOGICAL_EVIDENCE"",""state_role"":""DAILY_REVIEW_CELL"",""valid_date"":""2023-10-15""}",FORECAST_GEOLOGICAL_CONDITION,true,true,false,UNKNOWN_SOURCE_VALUE,ABSTAIN,,"{""attribute_name"":""risk_hint"",""normalized_value"":""UNKNOWN"",""source_evidence_id"":""doc_6af39821d5a37fd21b28de70_e0002""}",,,,null,knowledge_revision_event_6ab0ab029667d4ef325fbcf3,DAILY_REVIEW_CELL,false,OPPORTUNITY_ADDED,2023-10-15,false
false,false,cell_63d1e25f2b61b93ebb0d39c0,"{""attribute_name"":""risk_hint"",""base_stage3a_state_version_id"":""state_version_3acb402029957453ac2d1faf"",""cell_id"":""cell_63d1e25f2b61b93ebb0d39c0"",""claim_type"":""FORECAST_GEOLOGICAL_CONDITION"",""source_evidence_id"":""doc_c03e80c9fabf17e0b238ec9a_e0006"",""source_kind"":""GEOLOGICAL_EVIDENCE"",""state_role"":""DAILY_REVIEW_CELL"",""valid_date"":""2023-10-15""}",FORECAST_GEOLOGICAL_CONDITION,false,false,false,,EXPRESSIBLE,doc_c03e80c9fabf17e0b238ec9a_e0006,"{""attribute_name"":""risk_hint"",""normalized_value"":""里程+602、 +612 附近有 掉块风险"",""source_evidence_id"":""doc_c03e80c9fabf17e0b238ec9a_e0006""}",,EXPRESSIBLE,doc_c03e80c9fabf17e0b238ec9a_e0006,"{""attribute_name"":""risk_hint"",""normalized_value"":""里程+602、 +612 附近有 掉块风险"",""source_evidence_id"":""doc_c03e80c9fabf17e0b238ec9a_e0006""}",knowledge_revision_event_6ab0ab029667d4ef325fbcf3,DAILY_REVIEW_CELL,false,UNCHANGED_EXPRESSIBLE,2023-10-15,true
false,false,cell_63d1e25f2b61b93ebb0d39c0,"{""attribute_name"":""rock_mass_state"",""base_stage3a_state_version_id"":""state_version_3acb402029957453ac2d1faf"",""cell_id"":""cell_63d1e25f2b61b93ebb0d39c0"",""claim_type"":""FORECAST_GEOLOGICAL_CONDITION"",""source_evidence_id"":""doc_6af39821d5a37fd21b28de70_e0002"",""source_kind"":""GEOLOGICAL_EVIDENCE"",""state_role"":""DAILY_REVIEW_CELL"",""valid_date"":""2023-10-15""}",FORECAST_GEOLOGICAL_CONDITION,true,true,false,,EXPRESSIBLE,doc_6af39821d5a37fd21b28de70_e0002,"{""attribute_name"":""rock_mass_state"",""normalized_value"":""岩体破碎"",""source_evidence_id"":""doc_6af39821d5a37fd21b28de70_e0002""}",,,,null,knowledge_revision_event_6ab0ab029667d4ef325fbcf3,DAILY_REVIEW_CELL,false,OPPORTUNITY_ADDED,2023-10-15,false
false,false,cell_63d1e25f2b61b93ebb0d39c0,"{""attribute_name"":""rock_mass_state"",""base_stage3a_state_version_id"":""state_version_3acb402029957453ac2d1faf"",""cell_id"":""cell_63d1e25f2b61b93ebb0d39c0"",""claim_type"":""FORECAST_GEOLOGICAL_CONDITION"",""source_evidence_id"":""doc_c03e80c9fabf17e0b238ec9a_e0006"",""source_kind"":""GEOLOGICAL_EVIDENCE"",""state_role"":""DAILY_REVIEW_CELL"",""valid_date"":""2023-10-15""}",FORECAST_GEOLOGICAL_CONDITION,false,false,false,,EXPRESSIBLE,doc_c03e80c9fabf17e0b238ec9a_e0006,"{""attribute_name"":""rock_mass_state"",""normalized_value"":""岩体破碎"",""source_evidence_id"":""doc_c03e80c9fabf17e0b238ec9a_e0006""}",,EXPRESSIBLE,doc_c03e80c9fabf17e0b238ec9a_e0006,"{""attribute_name"":""rock_mass_state"",""normalized_value"":""岩体破碎"",""source_evidence_id"":""doc_c03e80c9fabf17e0b238ec9a_e0006""}",knowledge_revision_event_6ab0ab029667d4ef325fbcf3,DAILY_REVIEW_CELL,false,UNCHANGED_EXPRESSIBLE,2023-10-15,true
false,false,cell_63d1e25f2b61b93ebb0d39c0,"{""attribute_name"":""rock_mass_state"",""base_stage3a_state_version_id"":""state_version_3acb402029957453ac2d1faf"",""cell_id"":""cell_63d1e25f2b61b93ebb0d39c0"",""claim_type"":""OBSERVED_GEOLOGICAL_CONDITION"",""source_evidence_id"":""doc_6af39821d5a37fd21b28de70_e0001"",""source_kind"":""GEOLOGICAL_EVIDENCE"",""state_role"":""DAILY_REVIEW_CELL"",""valid_date"":""2023-10-15""}",OBSERVED_GEOLOGICAL_CONDITION,true,true,false,,EXPRESSIBLE,doc_6af39821d5a37fd21b28de70_e0001,"{""attribute_name"":""rock_mass_state"",""normalized_value"":""岩体破碎"",""source_evidence_id"":""doc_6af39821d5a37fd21b28de70_e0001""}",,,,null,knowledge_revision_event_6ab0ab029667d4ef325fbcf3,DAILY_REVIEW_CELL,false,OPPORTUNITY_ADDED,2023-10-15,false
false,false,cell_63d1e25f2b61b93ebb0d39c0,"{""attribute_name"":""rock_mass_state"",""base_stage3a_state_version_id"":""state_version_3acb402029957453ac2d1faf"",""cell_id"":""cell_63d1e25f2b61b93ebb0d39c0"",""claim_type"":""OBSERVED_GEOLOGICAL_CONDITION"",""source_evidence_id"":""doc_ec175e09cec4dd7f79757054_e0001"",""source_kind"":""GEOLOGICAL_EVIDENCE"",""state_role"":""DAILY_REVIEW_CELL"",""valid_date"":""2023-10-15""}",OBSERVED_GEOLOGICAL_CONDITION,false,false,false,,EXPRESSIBLE,doc_ec175e09cec4dd7f79757054_e0001,"{""attribute_name"":""rock_mass_state"",""normalized_value"":""岩体破碎"",""source_evidence_id"":""doc_ec175e09cec4dd7f79757054_e0001""}",,EXPRESSIBLE,doc_ec175e09cec4dd7f79757054_e0001,"{""attribute_name"":""rock_mass_state"",""normalized_value"":""岩体破碎"",""source_evidence_id"":""doc_ec175e09cec4dd7f79757054_e0001""}",knowledge_revision_event_6ab0ab029667d4ef325fbcf3,DAILY_REVIEW_CELL,false,UNCHANGED_EXPRESSIBLE,2023-10-15,true
false,false,cell_63d1e25f2b61b93ebb0d39c0,"{""attribute_name"":""rock_strength"",""base_stage3a_state_version_id"":""state_version_3acb402029957453ac2d1faf"",""cell_id"":""cell_63d1e25f2b61b93ebb0d39c0"",""claim_type"":""OBSERVED_GEOLOGICAL_CONDITION"",""source_evidence_id"":""doc_ec175e09cec4dd7f79757054_e0001"",""source_kind"":""GEOLOGICAL_EVIDENCE"",""state_role"":""DAILY_REVIEW_CELL"",""valid_date"":""2023-10-15""}",OBSERVED_GEOLOGICAL_CONDITION,false,false,false,,EXPRESSIBLE,doc_ec175e09cec4dd7f79757054_e0001,"{""attribute_name"":""rock_strength"",""normalized_value"":""30＜R≤60"",""source_evidence_id"":""doc_ec175e09cec4dd7f79757054_e0001""}",,EXPRESSIBLE,doc_ec175e09cec4dd7f79757054_e0001,"{""attribute_name"":""rock_strength"",""normalized_value"":""30＜R≤60"",""source_evidence_id"":""doc_ec175e09cec4dd7f79757054_e0001""}",knowledge_revision_event_6ab0ab029667d4ef325fbcf3,DAILY_REVIEW_CELL,false,UNCHANGED_EXPRESSIBLE,2023-10-15,true
false,false,cell_63d1e25f2b61b93ebb0d39c0,"{""attribute_name"":""stability"",""base_stage3a_state_version_id"":""state_version_3acb402029957453ac2d1faf"",""cell_id"":""cell_63d1e25f2b61b93ebb0d39c0"",""claim_type"":""OBSERVED_GEOLOGICAL_CONDITION"",""source_evidence_id"":""doc_ec175e09cec4dd7f79757054_e0001"",""source_kind"":""GEOLOGICAL_EVIDENCE"",""state_role"":""DAILY_REVIEW_CELL"",""valid_date"":""2023-10-15""}",OBSERVED_GEOLOGICAL_CONDITION,false,false,false,,EXPRESSIBLE,doc_ec175e09cec4dd7f79757054_e0001,"{""attribute_name"":""stability"",""normalized_value"":""自稳性较差"",""source_evidence_id"":""doc_ec175e09cec4dd7f79757054_e0001""}",,EXPRESSIBLE,doc_ec175e09cec4dd7f79757054_e0001,"{""attribute_name"":""stability"",""normalized_value"":""自稳性较差"",""source_evidence_id"":""doc_ec175e09cec4dd7f79757054_e0001""}",knowledge_revision_event_6ab0ab029667d4ef325fbcf3,DAILY_REVIEW_CELL,false,UNCHANGED_EXPRESSIBLE,2023-10-15,true
false,false,cell_63d1e25f2b61b93ebb0d39c0,"{""attribute_name"":""suggested_grade"",""base_stage3a_state_version_id"":""state_version_3acb402029957453ac2d1faf"",""cell_id"":""cell_63d1e25f2b61b93ebb0d39c0"",""claim_type"":""FORECAST_GEOLOGICAL_CONDITION"",""source_evidence_id"":""doc_6af39821d5a37fd21b28de70_e0002"",""source_kind"":""GEOLOGICAL_EVIDENCE"",""state_role"":""DAILY_REVIEW_CELL"",""valid_date"":""2023-10-15""}",FORECAST_GEOLOGICAL_CONDITION,true,true,false,,EXPRESSIBLE,doc_6af39821d5a37fd21b28de70_e0002,"{""attribute_name"":""suggested_grade"",""normalized_value"":""Ⅳ级"",""source_evidence_id"":""doc_6af39821d5a37fd21b28de70_e0002""}",,,,null,knowledge_revision_event_6ab0ab029667d4ef325fbcf3,DAILY_REVIEW_CELL,false,OPPORTUNITY_ADDED,2023-10-15,false
false,false,cell_63d1e25f2b61b93ebb0d39c0,"{""attribute_name"":""suggested_grade"",""base_stage3a_state_version_id"":""state_version_3acb402029957453ac2d1faf"",""cell_id"":""cell_63d1e25f2b61b93ebb0d39c0"",""claim_type"":""FORECAST_GEOLOGICAL_CONDITION"",""source_evidence_id"":""doc_c03e80c9fabf17e0b238ec9a_e0006"",""source_kind"":""GEOLOGICAL_EVIDENCE"",""state_role"":""DAILY_REVIEW_CELL"",""valid_date"":""2023-10-15""}",FORECAST_GEOLOGICAL_CONDITION,false,false,false,,EXPRESSIBLE,doc_c03e80c9fabf17e0b238ec9a_e0006,"{""attribute_name"":""suggested_grade"",""normalized_value"":""Ⅳ级"",""source_evidence_id"":""doc_c03e80c9fabf17e0b238ec9a_e0006""}",,EXPRESSIBLE,doc_c03e80c9fabf17e0b238ec9a_e0006,"{""attribute_name"":""suggested_grade"",""normalized_value"":""Ⅳ级"",""source_evidence_id"":""doc_c03e80c9fabf17e0b238ec9a_e0006""}",knowledge_revision_event_6ab0ab029667d4ef325fbcf3,DAILY_REVIEW_CELL,false,UNCHANGED_EXPRESSIBLE,2023-10-15,true
false,false,cell_63d1e25f2b61b93ebb0d39c0,"{""attribute_name"":""suggested_surrounding_rock_grade"",""base_stage3a_state_version_id"":""state_version_3acb402029957453ac2d1faf"",""cell_id"":""cell_63d1e25f2b61b93ebb0d39c0"",""claim_type"":""OBSERVED_GEOLOGICAL_CONDITION"",""source_evidence_id"":""doc_ec175e09cec4dd7f79757054_e0001"",""source_kind"":""GEOLOGICAL_EVIDENCE"",""state_role"":""DAILY_REVIEW_CELL"",""valid_date"":""2023-10-15""}",OBSERVED_GEOLOGICAL_CONDITION,false,false,false,,EXPRESSIBLE,doc_ec175e09cec4dd7f79757054_e0001,"{""attribute_name"":""suggested_surrounding_rock_grade"",""normalized_value"":""Ⅳ级"",""source_evidence_id"":""doc_ec175e09cec4dd7f79757054_e0001""}",,EXPRESSIBLE,doc_ec175e09cec4dd7f79757054_e0001,"{""attribute_name"":""suggested_surrounding_rock_grade"",""normalized_value"":""Ⅳ级"",""source_evidence_id"":""doc_ec175e09cec4dd7f79757054_e0001""}",knowledge_revision_event_6ab0ab029667d4ef325fbcf3,DAILY_REVIEW_CELL,false,UNCHANGED_EXPRESSIBLE,2023-10-15,true
false,false,cell_63d1e25f2b61b93ebb0d39c0,"{""attribute_name"":""water_type"",""base_stage3a_state_version_id"":""state_version_3acb402029957453ac2d1faf"",""cell_id"":""cell_63d1e25f2b61b93ebb0d39c0"",""claim_type"":""OBSERVED_GEOLOGICAL_CONDITION"",""source_evidence_id"":""doc_ec175e09cec4dd7f79757054_e0001"",""source_kind"":""GEOLOGICAL_EVIDENCE"",""state_role"":""DAILY_REVIEW_CELL"",""valid_date"":""2023-10-15""}",OBSERVED_GEOLOGICAL_CONDITION,false,false,false,,EXPRESSIBLE,doc_ec175e09cec4dd7f79757054_e0001,"{""attribute_name"":""water_type"",""normalized_value"":""滴渗水；滴渗水-线状出水；线状出水"",""source_evidence_id"":""doc_ec175e09cec4dd7f79757054_e0001""}",,EXPRESSIBLE,doc_ec175e09cec4dd7f79757054_e0001,"{""attribute_name"":""water_type"",""normalized_value"":""滴渗水；滴渗水-线状出水；线状出水"",""source_evidence_id"":""doc_ec175e09cec4dd7f79757054_e0001""}",knowledge_revision_event_6ab0ab029667d4ef325fbcf3,DAILY_REVIEW_CELL,false,UNCHANGED_EXPRESSIBLE,2023-10-15,true
false,false,cell_63d1e25f2b61b93ebb0d39c0,"{""attribute_name"":""weathering"",""base_stage3a_state_version_id"":""state_version_3acb402029957453ac2d1faf"",""cell_id"":""cell_63d1e25f2b61b93ebb0d39c0"",""claim_type"":""FORECAST_GEOLOGICAL_CONDITION"",""source_evidence_id"":""doc_6af39821d5a37fd21b28de70_e0002"",""source_kind"":""GEOLOGICAL_EVIDENCE"",""state_role"":""DAILY_REVIEW_CELL"",""valid_date"":""2023-10-15""}",FORECAST_GEOLOGICAL_CONDITION,true,true,false,,EXPRESSIBLE,doc_6af39821d5a37fd21b28de70_e0002,"{""attribute_name"":""weathering"",""normalized_value"":""弱风化"",""source_evidence_id"":""doc_6af39821d5a37fd21b28de70_e0002""}",,,,null,knowledge_revision_event_6ab0ab029667d4ef325fbcf3,DAILY_REVIEW_CELL,false,OPPORTUNITY_ADDED,2023-10-15,false
false,false,cell_63d1e25f2b61b93ebb0d39c0,"{""attribute_name"":""weathering"",""base_stage3a_state_version_id"":""state_version_3acb402029957453ac2d1faf"",""cell_id"":""cell_63d1e25f2b61b93ebb0d39c0"",""claim_type"":""FORECAST_GEOLOGICAL_CONDITION"",""source_evidence_id"":""doc_c03e80c9fabf17e0b238ec9a_e0006"",""source_kind"":""GEOLOGICAL_EVIDENCE"",""state_role"":""DAILY_REVIEW_CELL"",""valid_date"":""2023-10-15""}",FORECAST_GEOLOGICAL_CONDITION,false,false,false,,EXPRESSIBLE,doc_c03e80c9fabf17e0b238ec9a_e0006,"{""attribute_name"":""weathering"",""normalized_value"":""弱风化"",""source_evidence_id"":""doc_c03e80c9fabf17e0b238ec9a_e0006""}",,EXPRESSIBLE,doc_c03e80c9fabf17e0b238ec9a_e0006,"{""attribute_name"":""weathering"",""normalized_value"":""弱风化"",""source_evidence_id"":""doc_c03e80c9fabf17e0b238ec9a_e0006""}",knowledge_revision_event_6ab0ab029667d4ef325fbcf3,DAILY_REVIEW_CELL,false,UNCHANGED_EXPRESSIBLE,2023-10-15,true
false,false,cell_63d1e25f2b61b93ebb0d39c0,"{""attribute_name"":""weathering"",""base_stage3a_state_version_id"":""state_version_3acb402029957453ac2d1faf"",""cell_id"":""cell_63d1e25f2b61b93ebb0d39c0"",""claim_type"":""OBSERVED_GEOLOGICAL_CONDITION"",""source_evidence_id"":""doc_6af39821d5a37fd21b28de70_e0001"",""source_kind"":""GEOLOGICAL_EVIDENCE"",""state_role"":""DAILY_REVIEW_CELL"",""valid_date"":""2023-10-15""}",OBSERVED_GEOLOGICAL_CONDITION,true,true,false,,EXPRESSIBLE,doc_6af39821d5a37fd21b28de70_e0001,"{""attribute_name"":""weathering"",""normalized_value"":""弱风化"",""source_evidence_id"":""doc_6af39821d5a37fd21b28de70_e0001""}",,,,null,knowledge_revision_event_6ab0ab029667d4ef325fbcf3,DAILY_REVIEW_CELL,false,OPPORTUNITY_ADDED,2023-10-15,false
false,false,cell_63d1e25f2b61b93ebb0d39c0,"{""attribute_name"":""weathering"",""base_stage3a_state_version_id"":""state_version_3acb402029957453ac2d1faf"",""cell_id"":""cell_63d1e25f2b61b93ebb0d39c0"",""claim_type"":""OBSERVED_GEOLOGICAL_CONDITION"",""source_evidence_id"":""doc_ec175e09cec4dd7f79757054_e0001"",""source_kind"":""GEOLOGICAL_EVIDENCE"",""state_role"":""DAILY_REVIEW_CELL"",""valid_date"":""2023-10-15""}",OBSERVED_GEOLOGICAL_CONDITION,false,false,false,,EXPRESSIBLE,doc_ec175e09cec4dd7f79757054_e0001,"{""attribute_name"":""weathering"",""normalized_value"":""弱风化"",""source_evidence_id"":""doc_ec175e09cec4dd7f79757054_e0001""}",,EXPRESSIBLE,doc_ec175e09cec4dd7f79757054_e0001,"{""attribute_name"":""weathering"",""normalized_value"":""弱风化"",""source_evidence_id"":""doc_ec175e09cec4dd7f79757054_e0001""}",knowledge_revision_event_6ab0ab029667d4ef325fbcf3,DAILY_REVIEW_CELL,false,UNCHANGED_EXPRESSIBLE,2023-10-15,true
false,false,cell_63d1e25f2b61b93ebb0d39c0,"{""base_stage3a_state_version_id"":""state_version_3acb402029957453ac2d1faf"",""cell_id"":""cell_63d1e25f2b61b93ebb0d39c0"",""claim_type"":""COUPLED_ATTENTION_REVIEW"",""metric_name"":""GRCI"",""source_kind"":""STATE_GRCI"",""state_role"":""DAILY_REVIEW_CELL"",""valid_date"":""2023-10-15""}",COUPLED_ATTENTION_REVIEW,false,false,false,,EXPRESSIBLE,state_grci_bcbaec0de60e4bb23848bde7,"{""is_causal_estimate"":false,""is_hazard_probability"":false,""is_probability"":false,""metric_name"":""GRCI"",""metric_semantics"":""NONPROBABILISTIC_CONJUNCTIVE_PRODUCT"",""metric_status"":""AVAILABLE"",""metric_value"":0.16165300266836377}",,EXPRESSIBLE,state_grci_dee4c56e81ef8e4959f3b2f2,"{""is_causal_estimate"":false,""is_hazard_probability"":false,""is_probability"":false,""metric_name"":""GRCI"",""metric_semantics"":""NONPROBABILISTIC_CONJUNCTIVE_PRODUCT"",""metric_status"":""AVAILABLE"",""metric_value"":0.16165300266836377}",knowledge_revision_event_6ab0ab029667d4ef325fbcf3,DAILY_REVIEW_CELL,true,RESOLVED_SUPPORT_CHANGED,2023-10-15,false
false,false,cell_63d1e25f2b61b93ebb0d39c0,"{""base_stage3a_state_version_id"":""state_version_3acb402029957453ac2d1faf"",""cell_id"":""cell_63d1e25f2b61b93ebb0d39c0"",""claim_type"":""GEOLOGICAL_EVIDENCE_ATTENTION_REVIEW"",""metric_name"":""GRS"",""source_kind"":""STATE_GRS"",""state_role"":""DAILY_REVIEW_CELL"",""valid_date"":""2023-10-15""}",GEOLOGICAL_EVIDENCE_ATTENTION_REVIEW,false,false,false,,EXPRESSIBLE,state_grs_bcbaec0de60e4bb23848bde7,"{""is_causal_estimate"":false,""is_hazard_probability"":false,""is_probability"":false,""metric_name"":""GRS"",""metric_semantics"":""GEOLOGICAL_EVIDENCE_ATTENTION_INDEX"",""metric_status"":""AVAILABLE"",""metric_value"":0.7916666666666666}",,EXPRESSIBLE,state_grs_dee4c56e81ef8e4959f3b2f2,"{""is_causal_estimate"":false,""is_hazard_probability"":false,""is_probability"":false,""metric_name"":""GRS"",""metric_semantics"":""GEOLOGICAL_EVIDENCE_ATTENTION_INDEX"",""metric_status"":""AVAILABLE"",""metric_value"":0.7916666666666666}",knowledge_revision_event_6ab0ab029667d4ef325fbcf3,DAILY_REVIEW_CELL,true,RESOLVED_SUPPORT_CHANGED,2023-10-15,false
false,false,cell_63d1e25f2b61b93ebb0d39c0,"{""base_stage3a_state_version_id"":""state_version_3acb402029957453ac2d1faf"",""cell_id"":""cell_63d1e25f2b61b93ebb0d39c0"",""claim_type"":""OPERATIONAL_RESPONSE_ATTENTION"",""metric_name"":""RAI"",""source_kind"":""STATE_RAI"",""state_role"":""DAILY_REVIEW_CELL"",""valid_date"":""2023-10-15""}",OPERATIONAL_RESPONSE_ATTENTION,false,false,false,,EXPRESSIBLE,state_rai_bcbaec0de60e4bb23848bde7,"{""is_causal_estimate"":false,""is_hazard_probability"":false,""is_probability"":false,""metric_name"":""RAI"",""metric_semantics"":""OPERATIONAL_RESPONSE_ATTENTION_INDEX"",""metric_status"":""AVAILABLE"",""metric_value"":0.2041932665284595}",,EXPRESSIBLE,state_rai_dee4c56e81ef8e4959f3b2f2,"{""is_causal_estimate"":false,""is_hazard_probability"":false,""is_probability"":false,""metric_name"":""RAI"",""metric_semantics"":""OPERATIONAL_RESPONSE_ATTENTION_INDEX"",""metric_status"":""AVAILABLE"",""metric_value"":0.2041932665284595}",knowledge_revision_event_6ab0ab029667d4ef325fbcf3,DAILY_REVIEW_CELL,false,UNCHANGED_EXPRESSIBLE,2023-10-15,true
false,false,cell_7f60fb415d2265a3f3a9e060,"{""attribute_name"":""anomaly_level"",""base_stage3a_state_version_id"":""state_version_da0a0a6866fd4081dfa4a029"",""cell_id"":""cell_7f60fb415d2265a3f3a9e060"",""claim_type"":""FORECAST_GEOLOGICAL_CONDITION"",""source_evidence_id"":""doc_1bccaf9b3397c0d25601b19d_e0002"",""source_kind"":""GEOLOGICAL_EVIDENCE"",""state_role"":""FORWARD_ATTENTION_CELL"",""valid_date"":""2023-11-28""}",FORECAST_GEOLOGICAL_CONDITION,true,true,false,UNKNOWN_SOURCE_VALUE,ABSTAIN,,"{""attribute_name"":""anomaly_level"",""normalized_value"":""NONE"",""source_evidence_id"":""doc_1bccaf9b3397c0d25601b19d_e0002""}",,,,null,knowledge_revision_event_6b0d8288fd43937664e27e4e,FORWARD_ATTENTION_CELL,false,OPPORTUNITY_ADDED,2023-11-28,false
false,false,cell_7f60fb415d2265a3f3a9e060,"{""attribute_name"":""anomaly_level"",""base_stage3a_state_version_id"":""state_version_da0a0a6866fd4081dfa4a029"",""cell_id"":""cell_7f60fb415d2265a3f3a9e060"",""claim_type"":""FORECAST_GEOLOGICAL_CONDITION"",""source_evidence_id"":""doc_1bccaf9b3397c0d25601b19d_e0003"",""source_kind"":""GEOLOGICAL_EVIDENCE"",""state_role"":""FORWARD_ATTENTION_CELL"",""valid_date"":""2023-11-28""}",FORECAST_GEOLOGICAL_CONDITION,true,true,false,,EXPRESSIBLE,doc_1bccaf9b3397c0d25601b19d_e0003,"{""attribute_name"":""anomaly_level"",""normalized_value"":""LOW"",""source_evidence_id"":""doc_1bccaf9b3397c0d25601b19d_e0003""}",,,,null,knowledge_revision_event_6b0d8288fd43937664e27e4e,FORWARD_ATTENTION_CELL,false,OPPORTUNITY_ADDED,2023-11-28,false
false,false,cell_7f60fb415d2265a3f3a9e060,"{""attribute_name"":""anomaly_level"",""base_stage3a_state_version_id"":""state_version_da0a0a6866fd4081dfa4a029"",""cell_id"":""cell_7f60fb415d2265a3f3a9e060"",""claim_type"":""FORECAST_GEOLOGICAL_CONDITION"",""source_evidence_id"":""doc_1bccaf9b3397c0d25601b19d_e0004"",""source_kind"":""GEOLOGICAL_EVIDENCE"",""state_role"":""FORWARD_ATTENTION_CELL"",""valid_date"":""2023-11-28""}",FORECAST_GEOLOGICAL_CONDITION,true,true,false,UNKNOWN_SOURCE_VALUE,ABSTAIN,,"{""attribute_name"":""anomaly_level"",""normalized_value"":""NONE"",""source_evidence_id"":""doc_1bccaf9b3397c0d25601b19d_e0004""}",,,,null,knowledge_revision_event_6b0d8288fd43937664e27e4e,FORWARD_ATTENTION_CELL,false,OPPORTUNITY_ADDED,2023-11-28,false
false,false,cell_7f60fb415d2265a3f3a9e060,"{""attribute_name"":""geological_conclusion"",""base_stage3a_state_version_id"":""state_version_da0a0a6866fd4081dfa4a029"",""cell_id"":""cell_7f60fb415d2265a3f3a9e060"",""claim_type"":""FORECAST_GEOLOGICAL_CONDITION"",""source_evidence_id"":""doc_1bccaf9b3397c0d25601b19d_e0002"",""source_kind"":""GEOLOGICAL_EVIDENCE"",""state_role"":""FORWARD_ATTENTION_CELL"",""valid_date"":""2023-11-28""}",FORECAST_GEOLOGICAL_CONDITION,true,true,false,,EXPRESSIBLE,doc_1bccaf9b3397c0d25601b19d_e0002,"{""attribute_name"":""geological_conclusion"",""normalized_value"":""该段围岩与当前掌子面相当。岩 性为板岩夹变质砂岩，围岩整体 弱风化，岩质硬，节理裂隙发育， 岩体破碎。"",""source_evidence_id"":""doc_1bccaf9b3397c0d25601b19d_e0002""}",,,,null,knowledge_revision_event_6b0d8288fd43937664e27e4e,FORWARD_ATTENTION_CELL,false,OPPORTUNITY_ADDED,2023-11-28,false
false,false,cell_7f60fb415d2265a3f3a9e060,"{""attribute_name"":""geological_conclusion"",""base_stage3a_state_version_id"":""state_version_da0a0a6866fd4081dfa4a029"",""cell_id"":""cell_7f60fb415d2265a3f3a9e060"",""claim_type"":""FORECAST_GEOLOGICAL_CONDITION"",""source_evidence_id"":""doc_1bccaf9b3397c0d25601b19d_e0003"",""source_kind"":""GEOLOGICAL_EVIDENCE"",""state_role"":""FORWARD_ATTENTION_CELL"",""valid_date"":""2023-11-28""}",FORECAST_GEOLOGICAL_CONDITION,true,true,false,,EXPRESSIBLE,doc_1bccaf9b3397c0d25601b19d_e0003,"{""attribute_name"":""geological_conclusion"",""normalized_value"":""该段围岩较前段稍变差。岩性为 板岩夹变质砂岩，围岩整体弱风 化，岩质软硬不均，节理裂隙发 育，岩体破碎。"",""source_evidence_id"":""doc_1bccaf9b3397c0d25601b19d_e0003""}",,,,null,knowledge_revision_event_6b0d8288fd43937664e27e4e,FORWARD_ATTENTION_CELL,false,OPPORTUNITY_ADDED,2023-11-28,false
false,false,cell_7f60fb415d2265a3f3a9e060,"{""attribute_name"":""geological_conclusion"",""base_stage3a_state_version_id"":""state_version_da0a0a6866fd4081dfa4a029"",""cell_id"":""cell_7f60fb415d2265a3f3a9e060"",""claim_type"":""FORECAST_GEOLOGICAL_CONDITION"",""source_evidence_id"":""doc_1bccaf9b3397c0d25601b19d_e0004"",""source_kind"":""GEOLOGICAL_EVIDENCE"",""state_role"":""FORWARD_ATTENTION_CELL"",""valid_date"":""2023-11-28""}",FORECAST_GEOLOGICAL_CONDITION,true,true,false,,EXPRESSIBLE,doc_1bccaf9b3397c0d25601b19d_e0004,"{""attribute_name"":""geological_conclusion"",""normalized_value"":""该段围岩较前段稍变好。岩性为 板岩夹变质砂岩，弱风化，岩质 硬，节理裂隙发育，岩体破碎。"",""source_evidence_id"":""doc_1bccaf9b3397c0d25601b19d_e0004""}",,,,null,knowledge_revision_event_6b0d8288fd43937664e27e4e,FORWARD_ATTENTION_CELL,false,OPPORTUNITY_ADDED,2023-11-28,false
false,false,cell_7f60fb415d2265a3f3a9e060,"{""attribute_name"":""joint_development"",""base_stage3a_state_version_id"":""state_version_da0a0a6866fd4081dfa4a029"",""cell_id"":""cell_7f60fb415d2265a3f3a9e060"",""claim_type"":""FORECAST_GEOLOGICAL_CONDITION"",""source_evidence_id"":""doc_1bccaf9b3397c0d25601b19d_e0002"",""source_kind"":""GEOLOGICAL_EVIDENCE"",""state_role"":""FORWARD_ATTENTION_CELL"",""valid_date"":""2023-11-28""}",FORECAST_GEOLOGICAL_CONDITION,true,true,false,,EXPRESSIBLE,doc_1bccaf9b3397c0d25601b19d_e0002,"{""attribute_name"":""joint_development"",""normalized_value"":""节理裂隙发育"",""source_evidence_id"":""doc_1bccaf9b3397c0d25601b19d_e0002""}",,,,null,knowledge_revision_event_6b0d8288fd43937664e27e4e,FORWARD_ATTENTION_CELL,false,OPPORTUNITY_ADDED,2023-11-28,false
false,false,cell_7f60fb415d2265a3f3a9e060,"{""attribute_name"":""joint_development"",""base_stage3a_state_version_id"":""state_version_da0a0a6866fd4081dfa4a029"",""cell_id"":""cell_7f60fb415d2265a3f3a9e060"",""claim_type"":""FORECAST_GEOLOGICAL_CONDITION"",""source_evidence_id"":""doc_1bccaf9b3397c0d25601b19d_e0003"",""source_kind"":""GEOLOGICAL_EVIDENCE"",""state_role"":""FORWARD_ATTENTION_CELL"",""valid_date"":""2023-11-28""}",FORECAST_GEOLOGICAL_CONDITION,true,true,false,,EXPRESSIBLE,doc_1bccaf9b3397c0d25601b19d_e0003,"{""attribute_name"":""joint_development"",""normalized_value"":""节理裂隙发育"",""source_evidence_id"":""doc_1bccaf9b3397c0d25601b19d_e0003""}",,,,null,knowledge_revision_event_6b0d8288fd43937664e27e4e,FORWARD_ATTENTION_CELL,false,OPPORTUNITY_ADDED,2023-11-28,false
false,false,cell_7f60fb415d2265a3f3a9e060,"{""attribute_name"":""joint_development"",""base_stage3a_state_version_id"":""state_version_da0a0a6866fd4081dfa4a029"",""cell_id"":""cell_7f60fb415d2265a3f3a9e060"",""claim_type"":""FORECAST_GEOLOGICAL_CONDITION"",""source_evidence_id"":""doc_1bccaf9b3397c0d25601b19d_e0004"",""source_kind"":""GEOLOGICAL_EVIDENCE"",""state_role"":""FORWARD_ATTENTION_CELL"",""valid_date"":""2023-11-28""}",FORECAST_GEOLOGICAL_CONDITION,true,true,false,,EXPRESSIBLE,doc_1bccaf9b3397c0d25601b19d_e0004,"{""attribute_name"":""joint_development"",""normalized_value"":""节理裂隙发育"",""source_evidence_id"":""doc_1bccaf9b3397c0d25601b19d_e0004""}",,,,null,knowledge_revision_event_6b0d8288fd43937664e27e4e,FORWARD_ATTENTION_CELL,false,OPPORTUNITY_ADDED,2023-11-28,false
false,false,cell_7f60fb415d2265a3f3a9e060,"{""attribute_name"":""lithology"",""base_stage3a_state_version_id"":""state_version_da0a0a6866fd4081dfa4a029"",""cell_id"":""cell_7f60fb415d2265a3f3a9e060"",""claim_type"":""FORECAST_GEOLOGICAL_CONDITION"",""source_evidence_id"":""doc_1bccaf9b3397c0d25601b19d_e0002"",""source_kind"":""GEOLOGICAL_EVIDENCE"",""state_role"":""FORWARD_ATTENTION_CELL"",""valid_date"":""2023-11-28""}",FORECAST_GEOLOGICAL_CONDITION,true,true,false,,EXPRESSIBLE,doc_1bccaf9b3397c0d25601b19d_e0002,"{""attribute_name"":""lithology"",""normalized_value"":""板岩夹变质砂岩"",""source_evidence_id"":""doc_1bccaf9b3397c0d25601b19d_e0002""}",,,,null,knowledge_revision_event_6b0d8288fd43937664e27e4e,FORWARD_ATTENTION_CELL,false,OPPORTUNITY_ADDED,2023-11-28,false
false,false,cell_7f60fb415d2265a3f3a9e060,"{""attribute_name"":""lithology"",""base_stage3a_state_version_id"":""state_version_da0a0a6866fd4081dfa4a029"",""cell_id"":""cell_7f60fb415d2265a3f3a9e060"",""claim_type"":""FORECAST_GEOLOGICAL_CONDITION"",""source_evidence_id"":""doc_1bccaf9b3397c0d25601b19d_e0003"",""source_kind"":""GEOLOGICAL_EVIDENCE"",""state_role"":""FORWARD_ATTENTION_CELL"",""valid_date"":""2023-11-28""}",FORECAST_GEOLOGICAL_CONDITION,true,true,false,,EXPRESSIBLE,doc_1bccaf9b3397c0d25601b19d_e0003,"{""attribute_name"":""lithology"",""normalized_value"":""板岩夹变质砂岩"",""source_evidence_id"":""doc_1bccaf9b3397c0d25601b19d_e0003""}",,,,null,knowledge_revision_event_6b0d8288fd43937664e27e4e,FORWARD_ATTENTION_CELL,false,OPPORTUNITY_ADDED,2023-11-28,false
false,false,cell_7f60fb415d2265a3f3a9e060,"{""attribute_name"":""lithology"",""base_stage3a_state_version_id"":""state_version_da0a0a6866fd4081dfa4a029"",""cell_id"":""cell_7f60fb415d2265a3f3a9e060"",""claim_type"":""FORECAST_GEOLOGICAL_CONDITION"",""source_evidence_id"":""doc_1bccaf9b3397c0d25601b19d_e0004"",""source_kind"":""GEOLOGICAL_EVIDENCE"",""state_role"":""FORWARD_ATTENTION_CELL"",""valid_date"":""2023-11-28""}",FORECAST_GEOLOGICAL_CONDITION,true,true,false,,EXPRESSIBLE,doc_1bccaf9b3397c0d25601b19d_e0004,"{""attribute_name"":""lithology"",""normalized_value"":""板岩夹变质砂岩"",""source_evidence_id"":""doc_1bccaf9b3397c0d25601b19d_e0004""}",,,,null,knowledge_revision_event_6b0d8288fd43937664e27e4e,FORWARD_ATTENTION_CELL,false,OPPORTUNITY_ADDED,2023-11-28,false
false,false,cell_7f60fb415d2265a3f3a9e060,"{""attribute_name"":""risk_hint"",""base_stage3a_state_version_id"":""state_version_da0a0a6866fd4081dfa4a029"",""cell_id"":""cell_7f60fb415d2265a3f3a9e060"",""claim_type"":""FORECAST_GEOLOGICAL_CONDITION"",""source_evidence_id"":""doc_1bccaf9b3397c0d25601b19d_e0002"",""source_kind"":""GEOLOGICAL_EVIDENCE"",""state_role"":""FORWARD_ATTENTION_CELL"",""valid_date"":""2023-11-28""}",FORECAST_GEOLOGICAL_CONDITION,true,true,false,UNKNOWN_SOURCE_VALUE,ABSTAIN,,"{""attribute_name"":""risk_hint"",""normalized_value"":""UNKNOWN"",""source_evidence_id"":""doc_1bccaf9b3397c0d25601b19d_e0002""}",,,,null,knowledge_revision_event_6b0d8288fd43937664e27e4e,FORWARD_ATTENTION_CELL,false,OPPORTUNITY_ADDED,2023-11-28,false
false,false,cell_7f60fb415d2265a3f3a9e060,"{""attribute_name"":""risk_hint"",""base_stage3a_state_version_id"":""state_version_da0a0a6866fd4081dfa4a029"",""cell_id"":""cell_7f60fb415d2265a3f3a9e060"",""claim_type"":""FORECAST_GEOLOGICAL_CONDITION"",""source_evidence_id"":""doc_1bccaf9b3397c0d25601b19d_e0003"",""source_kind"":""GEOLOGICAL_EVIDENCE"",""state_role"":""FORWARD_ATTENTION_CELL"",""valid_date"":""2023-11-28""}",FORECAST_GEOLOGICAL_CONDITION,true,true,false,,EXPRESSIBLE,doc_1bccaf9b3397c0d25601b19d_e0003,"{""attribute_name"":""risk_hint"",""normalized_value"":""里程+231 附 近有掉块风 险"",""source_evidence_id"":""doc_1bccaf9b3397c0d25601b19d_e0003""}",,,,null,knowledge_revision_event_6b0d8288fd43937664e27e4e,FORWARD_ATTENTION_CELL,false,OPPORTUNITY_ADDED,2023-11-28,false
false,false,cell_7f60fb415d2265a3f3a9e060,"{""attribute_name"":""risk_hint"",""base_stage3a_state_version_id"":""state_version_da0a0a6866fd4081dfa4a029"",""cell_id"":""cell_7f60fb415d2265a3f3a9e060"",""claim_type"":""FORECAST_GEOLOGICAL_CONDITION"",""source_evidence_id"":""doc_1bccaf9b3397c0d25601b19d_e0004"",""source_kind"":""GEOLOGICAL_EVIDENCE"",""state_role"":""FORWARD_ATTENTION_CELL"",""valid_date"":""2023-11-28""}",FORECAST_GEOLOGICAL_CONDITION,true,true,false,UNKNOWN_SOURCE_VALUE,ABSTAIN,,"{""attribute_name"":""risk_hint"",""normalized_value"":""UNKNOWN"",""source_evidence_id"":""doc_1bccaf9b3397c0d25601b19d_e0004""}",,,,null,knowledge_revision_event_6b0d8288fd43937664e27e4e,FORWARD_ATTENTION_CELL,false,OPPORTUNITY_ADDED,2023-11-28,false
false,false,cell_7f60fb415d2265a3f3a9e060,"{""attribute_name"":""rock_mass_state"",""base_stage3a_state_version_id"":""state_version_da0a0a6866fd4081dfa4a029"",""cell_id"":""cell_7f60fb415d2265a3f3a9e060"",""claim_type"":""FORECAST_GEOLOGICAL_CONDITION"",""source_evidence_id"":""doc_1bccaf9b3397c0d25601b19d_e0002"",""source_kind"":""GEOLOGICAL_EVIDENCE"",""state_role"":""FORWARD_ATTENTION_CELL"",""valid_date"":""2023-11-28""}",FORECAST_GEOLOGICAL_CONDITION,true,true,false,,EXPRESSIBLE,doc_1bccaf9b3397c0d25601b19d_e0002,"{""attribute_name"":""rock_mass_state"",""normalized_value"":""岩体破碎"",""source_evidence_id"":""doc_1bccaf9b3397c0d25601b19d_e0002""}",,,,null,knowledge_revision_event_6b0d8288fd43937664e27e4e,FORWARD_ATTENTION_CELL,false,OPPORTUNITY_ADDED,2023-11-28,false
false,false,cell_7f60fb415d2265a3f3a9e060,"{""attribute_name"":""rock_mass_state"",""base_stage3a_state_version_id"":""state_version_da0a0a6866fd4081dfa4a029"",""cell_id"":""cell_7f60fb415d2265a3f3a9e060"",""claim_type"":""FORECAST_GEOLOGICAL_CONDITION"",""source_evidence_id"":""doc_1bccaf9b3397c0d25601b19d_e0003"",""source_kind"":""GEOLOGICAL_EVIDENCE"",""state_role"":""FORWARD_ATTENTION_CELL"",""valid_date"":""2023-11-28""}",FORECAST_GEOLOGICAL_CONDITION,true,true,false,,EXPRESSIBLE,doc_1bccaf9b3397c0d25601b19d_e0003,"{""attribute_name"":""rock_mass_state"",""normalized_value"":""岩体破碎"",""source_evidence_id"":""doc_1bccaf9b3397c0d25601b19d_e0003""}",,,,null,knowledge_revision_event_6b0d8288fd43937664e27e4e,FORWARD_ATTENTION_CELL,false,OPPORTUNITY_ADDED,2023-11-28,false
false,false,cell_7f60fb415d2265a3f3a9e060,"{""attribute_name"":""rock_mass_state"",""base_stage3a_state_version_id"":""state_version_da0a0a6866fd4081dfa4a029"",""cell_id"":""cell_7f60fb415d2265a3f3a9e060"",""claim_type"":""FORECAST_GEOLOGICAL_CONDITION"",""source_evidence_id"":""doc_1bccaf9b3397c0d25601b19d_e0004"",""source_kind"":""GEOLOGICAL_EVIDENCE"",""state_role"":""FORWARD_ATTENTION_CELL"",""valid_date"":""2023-11-28""}",FORECAST_GEOLOGICAL_CONDITION,true,true,false,,EXPRESSIBLE,doc_1bccaf9b3397c0d25601b19d_e0004,"{""attribute_name"":""rock_mass_state"",""normalized_value"":""岩体破碎"",""source_evidence_id"":""doc_1bccaf9b3397c0d25601b19d_e0004""}",,,,null,knowledge_revision_event_6b0d8288fd43937664e27e4e,FORWARD_ATTENTION_CELL,false,OPPORTUNITY_ADDED,2023-11-28,false
false,false,cell_7f60fb415d2265a3f3a9e060,"{""attribute_name"":""suggested_grade"",""base_stage3a_state_version_id"":""state_version_da0a0a6866fd4081dfa4a029"",""cell_id"":""cell_7f60fb415d2265a3f3a9e060"",""claim_type"":""FORECAST_GEOLOGICAL_CONDITION"",""source_evidence_id"":""doc_1bccaf9b3397c0d25601b19d_e0002"",""source_kind"":""GEOLOGICAL_EVIDENCE"",""state_role"":""FORWARD_ATTENTION_CELL"",""valid_date"":""2023-11-28""}",FORECAST_GEOLOGICAL_CONDITION,true,true,false,,EXPRESSIBLE,doc_1bccaf9b3397c0d25601b19d_e0002,"{""attribute_name"":""suggested_grade"",""normalized_value"":""Ⅳ级"",""source_evidence_id"":""doc_1bccaf9b3397c0d25601b19d_e0002""}",,,,null,knowledge_revision_event_6b0d8288fd43937664e27e4e,FORWARD_ATTENTION_CELL,false,OPPORTUNITY_ADDED,2023-11-28,false
false,false,cell_7f60fb415d2265a3f3a9e060,"{""attribute_name"":""suggested_grade"",""base_stage3a_state_version_id"":""state_version_da0a0a6866fd4081dfa4a029"",""cell_id"":""cell_7f60fb415d2265a3f3a9e060"",""claim_type"":""FORECAST_GEOLOGICAL_CONDITION"",""source_evidence_id"":""doc_1bccaf9b3397c0d25601b19d_e0003"",""source_kind"":""GEOLOGICAL_EVIDENCE"",""state_role"":""FORWARD_ATTENTION_CELL"",""valid_date"":""2023-11-28""}",FORECAST_GEOLOGICAL_CONDITION,true,true,false,,EXPRESSIBLE,doc_1bccaf9b3397c0d25601b19d_e0003,"{""attribute_name"":""suggested_grade"",""normalized_value"":""Ⅳ级"",""source_evidence_id"":""doc_1bccaf9b3397c0d25601b19d_e0003""}",,,,null,knowledge_revision_event_6b0d8288fd43937664e27e4e,FORWARD_ATTENTION_CELL,false,OPPORTUNITY_ADDED,2023-11-28,false
false,false,cell_7f60fb415d2265a3f3a9e060,"{""attribute_name"":""suggested_grade"",""base_stage3a_state_version_id"":""state_version_da0a0a6866fd4081dfa4a029"",""cell_id"":""cell_7f60fb415d2265a3f3a9e060"",""claim_type"":""FORECAST_GEOLOGICAL_CONDITION"",""source_evidence_id"":""doc_1bccaf9b3397c0d25601b19d_e0004"",""source_kind"":""GEOLOGICAL_EVIDENCE"",""state_role"":""FORWARD_ATTENTION_CELL"",""valid_date"":""2023-11-28""}",FORECAST_GEOLOGICAL_CONDITION,true,true,false,,EXPRESSIBLE,doc_1bccaf9b3397c0d25601b19d_e0004,"{""attribute_name"":""suggested_grade"",""normalized_value"":""Ⅳ级"",""source_evidence_id"":""doc_1bccaf9b3397c0d25601b19d_e0004""}",,,,null,knowledge_revision_event_6b0d8288fd43937664e27e4e,FORWARD_ATTENTION_CELL,false,OPPORTUNITY_ADDED,2023-11-28,false
false,false,cell_7f60fb415d2265a3f3a9e060,"{""attribute_name"":""weathering"",""base_stage3a_state_version_id"":""state_version_da0a0a6866fd4081dfa4a029"",""cell_id"":""cell_7f60fb415d2265a3f3a9e060"",""claim_type"":""FORECAST_GEOLOGICAL_CONDITION"",""source_evidence_id"":""doc_1bccaf9b3397c0d25601b19d_e0002"",""source_kind"":""GEOLOGICAL_EVIDENCE"",""state_role"":""FORWARD_ATTENTION_CELL"",""valid_date"":""2023-11-28""}",FORECAST_GEOLOGICAL_CONDITION,true,true,false,,EXPRESSIBLE,doc_1bccaf9b3397c0d25601b19d_e0002,"{""attribute_name"":""weathering"",""normalized_value"":""弱风化"",""source_evidence_id"":""doc_1bccaf9b3397c0d25601b19d_e0002""}",,,,null,knowledge_revision_event_6b0d8288fd43937664e27e4e,FORWARD_ATTENTION_CELL,false,OPPORTUNITY_ADDED,2023-11-28,false
false,false,cell_7f60fb415d2265a3f3a9e060,"{""attribute_name"":""weathering"",""base_stage3a_state_version_id"":""state_version_da0a0a6866fd4081dfa4a029"",""cell_id"":""cell_7f60fb415d2265a3f3a9e060"",""claim_type"":""FORECAST_GEOLOGICAL_CONDITION"",""source_evidence_id"":""doc_1bccaf9b3397c0d25601b19d_e0003"",""source_kind"":""GEOLOGICAL_EVIDENCE"",""state_role"":""FORWARD_ATTENTION_CELL"",""valid_date"":""2023-11-28""}",FORECAST_GEOLOGICAL_CONDITION,true,true,false,,EXPRESSIBLE,doc_1bccaf9b3397c0d25601b19d_e0003,"{""attribute_name"":""weathering"",""normalized_value"":""弱风化"",""source_evidence_id"":""doc_1bccaf9b3397c0d25601b19d_e0003""}",,,,null,knowledge_revision_event_6b0d8288fd43937664e27e4e,FORWARD_ATTENTION_CELL,false,OPPORTUNITY_ADDED,2023-11-28,false
false,false,cell_7f60fb415d2265a3f3a9e060,"{""attribute_name"":""weathering"",""base_stage3a_state_version_id"":""state_version_da0a0a6866fd4081dfa4a029"",""cell_id"":""cell_7f60fb415d2265a3f3a9e060"",""claim_type"":""FORECAST_GEOLOGICAL_CONDITION"",""source_evidence_id"":""doc_1bccaf9b3397c0d25601b19d_e0004"",""source_kind"":""GEOLOGICAL_EVIDENCE"",""state_role"":""FORWARD_ATTENTION_CELL"",""valid_date"":""2023-11-28""}",FORECAST_GEOLOGICAL_CONDITION,true,true,false,,EXPRESSIBLE,doc_1bccaf9b3397c0d25601b19d_e0004,"{""attribute_name"":""weathering"",""normalized_value"":""弱风化"",""source_evidence_id"":""doc_1bccaf9b3397c0d25601b19d_e0004""}",,,,null,knowledge_revision_event_6b0d8288fd43937664e27e4e,FORWARD_ATTENTION_CELL,false,OPPORTUNITY_ADDED,2023-11-28,false
true,true,cell_7f60fb415d2265a3f3a9e060,"{""base_stage3a_state_version_id"":""state_version_da0a0a6866fd4081dfa4a029"",""cell_id"":""cell_7f60fb415d2265a3f3a9e060"",""claim_type"":""FORWARD_GEOLOGICAL_ATTENTION"",""metric_name"":""GRS"",""source_kind"":""STATE_GRS"",""state_role"":""FORWARD_ATTENTION_CELL"",""valid_date"":""2023-11-28""}",FORWARD_GEOLOGICAL_ATTENTION,true,false,false,,EXPRESSIBLE,state_grs_332965931b349937ae92e87c,"{""is_causal_estimate"":false,""is_hazard_probability"":false,""is_probability"":false,""metric_name"":""GRS"",""metric_semantics"":""FORWARD_GEOLOGICAL_EVIDENCE_ATTENTION_INDEX"",""metric_status"":""AVAILABLE"",""metric_value"":0.625}",REQUIRED_EPISTEMIC_STATUS_MISSING,ABSTAIN,,null,knowledge_revision_event_6b0d8288fd43937664e27e4e,FORWARD_ATTENTION_CELL,true,ABSTAIN_TO_EXPRESSIBLE,2023-11-28,false
false,false,cell_7f60fb415d2265a3f3a9e060,"{""base_stage3a_state_version_id"":""state_version_da0a0a6866fd4081dfa4a029"",""cell_id"":""cell_7f60fb415d2265a3f3a9e060"",""claim_type"":""OPERATIONAL_RESPONSE_ATTENTION"",""metric_name"":""RAI"",""source_kind"":""STATE_RAI"",""state_role"":""FORWARD_ATTENTION_CELL"",""valid_date"":""2023-11-28""}",OPERATIONAL_RESPONSE_ATTENTION,false,false,false,STATE_ROLE_NOT_ALLOWED,ABSTAIN,,null,STATE_ROLE_NOT_ALLOWED,ABSTAIN,,null,knowledge_revision_event_6b0d8288fd43937664e27e4e,FORWARD_ATTENTION_CELL,false,UNCHANGED_ABSTAIN,2023-11-28,false
false,false,cell_9014e249e35a590ee949d882,"{""attribute_name"":""anomaly_level"",""base_stage3a_state_version_id"":""state_version_be35b4524db89cec6e06598e"",""cell_id"":""cell_9014e249e35a590ee949d882"",""claim_type"":""FORECAST_GEOLOGICAL_CONDITION"",""source_evidence_id"":""doc_6af39821d5a37fd21b28de70_e0006"",""source_kind"":""GEOLOGICAL_EVIDENCE"",""state_role"":""FORWARD_ATTENTION_CELL"",""valid_date"":""2023-10-18""}",FORECAST_GEOLOGICAL_CONDITION,false,false,false,UNKNOWN_SOURCE_VALUE,ABSTAIN,,"{""attribute_name"":""anomaly_level"",""normalized_value"":""NONE"",""source_evidence_id"":""doc_6af39821d5a37fd21b28de70_e0006""}",UNKNOWN_SOURCE_VALUE,ABSTAIN,,"{""attribute_name"":""anomaly_level"",""normalized_value"":""NONE"",""source_evidence_id"":""doc_6af39821d5a37fd21b28de70_e0006""}",knowledge_revision_event_6daa76a55757c468be850f91,FORWARD_ATTENTION_CELL,false,UNCHANGED_ABSTAIN,2023-10-18,false
false,false,cell_9014e249e35a590ee949d882,"{""attribute_name"":""anomaly_level"",""base_stage3a_state_version_id"":""state_version_be35b4524db89cec6e06598e"",""cell_id"":""cell_9014e249e35a590ee949d882"",""claim_type"":""FORECAST_GEOLOGICAL_CONDITION"",""source_evidence_id"":""doc_ce88b5055d612f9f8fb8012e_e0002"",""source_kind"":""GEOLOGICAL_EVIDENCE"",""state_role"":""FORWARD_ATTENTION_CELL"",""valid_date"":""2023-10-18""}",FORECAST_GEOLOGICAL_CONDITION,true,true,false,,EXPRESSIBLE,doc_ce88b5055d612f9f8fb8012e_e0002,"{""attribute_name"":""anomaly_level"",""normalized_value"":""MODERATE"",""source_evidence_id"":""doc_ce88b5055d612f9f8fb8012e_e0002""}",,,,null,knowledge_revision_event_6daa76a55757c468be850f91,FORWARD_ATTENTION_CELL,false,OPPORTUNITY_ADDED,2023-10-18,false
false,false,cell_9014e249e35a590ee949d882,"{""attribute_name"":""geological_conclusion"",""base_stage3a_state_version_id"":""state_version_be35b4524db89cec6e06598e"",""cell_id"":""cell_9014e249e35a590ee949d882"",""claim_type"":""FORECAST_GEOLOGICAL_CONDITION"",""source_evidence_id"":""doc_6af39821d5a37fd21b28de70_e0006"",""source_kind"":""GEOLOGICAL_EVIDENCE"",""state_role"":""FORWARD_ATTENTION_CELL"",""valid_date"":""2023-10-18""}",FORECAST_GEOLOGICAL_CONDITION,false,false,false,,EXPRESSIBLE,doc_6af39821d5a37fd21b28de70_e0006,"{""attribute_name"":""geological_conclusion"",""normalized_value"":""该段围岩较前段稍有变好。岩性 为板岩夹变质砂岩，弱风化，岩 质软硬不均，节理裂隙发育，岩 体破碎，围岩整体稳定性较差"",""source_evidence_id"":""doc_6af39821d5a37fd21b28de70_e0006""}",,EXPRESSIBLE,doc_6af39821d5a37fd21b28de70_e0006,"{""attribute_name"":""geological_conclusion"",""normalized_value"":""该段围岩较前段稍有变好。岩性 为板岩夹变质砂岩，弱风化，岩 质软硬不均，节理裂隙发育，岩 体破碎，围岩整体稳定性较差"",""source_evidence_id"":""doc_6af39821d5a37fd21b28de70_e0006""}",knowledge_revision_event_6daa76a55757c468be850f91,FORWARD_ATTENTION_CELL,false,UNCHANGED_EXPRESSIBLE,2023-10-18,true
false,false,cell_9014e249e35a590ee949d882,"{""attribute_name"":""geological_conclusion"",""base_stage3a_state_version_id"":""state_version_be35b4524db89cec6e06598e"",""cell_id"":""cell_9014e249e35a590ee949d882"",""claim_type"":""FORECAST_GEOLOGICAL_CONDITION"",""source_evidence_id"":""doc_ce88b5055d612f9f8fb8012e_e0002"",""source_kind"":""GEOLOGICAL_EVIDENCE"",""state_role"":""FORWARD_ATTENTION_CELL"",""valid_date"":""2023-10-18""}",FORECAST_GEOLOGICAL_CONDITION,true,true,false,,EXPRESSIBLE,doc_ce88b5055d612f9f8fb8012e_e0002,"{""attribute_name"":""geological_conclusion"",""normalized_value"":""该段围岩整体较当前掌子面变 差。岩性为板岩夹变质砂岩，弱 风化，岩质软硬不均，节理裂隙 发育，局部段落节理裂隙发育密 集，岩体破碎-极破碎，围岩整体 稳定性差"",""source_evidence_id"":""doc_ce88b5055d612f9f8fb8012e_e0002""}",,,,null,knowledge_revision_event_6daa76a55757c468be850f91,FORWARD_ATTENTION_CELL,false,OPPORTUNITY_ADDED,2023-10-18,false
false,false,cell_9014e249e35a590ee949d882,"{""attribute_name"":""joint_development"",""base_stage3a_state_version_id"":""state_version_be35b4524db89cec6e06598e"",""cell_id"":""cell_9014e249e35a590ee949d882"",""claim_type"":""FORECAST_GEOLOGICAL_CONDITION"",""source_evidence_id"":""doc_6af39821d5a37fd21b28de70_e0006"",""source_kind"":""GEOLOGICAL_EVIDENCE"",""state_role"":""FORWARD_ATTENTION_CELL"",""valid_date"":""2023-10-18""}",FORECAST_GEOLOGICAL_CONDITION,false,false,false,,EXPRESSIBLE,doc_6af39821d5a37fd21b28de70_e0006,"{""attribute_name"":""joint_development"",""normalized_value"":""节理裂隙发育"",""source_evidence_id"":""doc_6af39821d5a37fd21b28de70_e0006""}",,EXPRESSIBLE,doc_6af39821d5a37fd21b28de70_e0006,"{""attribute_name"":""joint_development"",""normalized_value"":""节理裂隙发育"",""source_evidence_id"":""doc_6af39821d5a37fd21b28de70_e0006""}",knowledge_revision_event_6daa76a55757c468be850f91,FORWARD_ATTENTION_CELL,false,UNCHANGED_EXPRESSIBLE,2023-10-18,true
false,false,cell_9014e249e35a590ee949d882,"{""attribute_name"":""joint_development"",""base_stage3a_state_version_id"":""state_version_be35b4524db89cec6e06598e"",""cell_id"":""cell_9014e249e35a590ee949d882"",""claim_type"":""FORECAST_GEOLOGICAL_CONDITION"",""source_evidence_id"":""doc_ce88b5055d612f9f8fb8012e_e0002"",""source_kind"":""GEOLOGICAL_EVIDENCE"",""state_role"":""FORWARD_ATTENTION_CELL"",""valid_date"":""2023-10-18""}",FORECAST_GEOLOGICAL_CONDITION,true,true,false,,EXPRESSIBLE,doc_ce88b5055d612f9f8fb8012e_e0002,"{""attribute_name"":""joint_development"",""normalized_value"":""节理裂隙发育密集"",""source_evidence_id"":""doc_ce88b5055d612f9f8fb8012e_e0002""}",,,,null,knowledge_revision_event_6daa76a55757c468be850f91,FORWARD_ATTENTION_CELL,false,OPPORTUNITY_ADDED,2023-10-18,false
false,false,cell_9014e249e35a590ee949d882,"{""attribute_name"":""lithology"",""base_stage3a_state_version_id"":""state_version_be35b4524db89cec6e06598e"",""cell_id"":""cell_9014e249e35a590ee949d882"",""claim_type"":""FORECAST_GEOLOGICAL_CONDITION"",""source_evidence_id"":""doc_6af39821d5a37fd21b28de70_e0006"",""source_kind"":""GEOLOGICAL_EVIDENCE"",""state_role"":""FORWARD_ATTENTION_CELL"",""valid_date"":""2023-10-18""}",FORECAST_GEOLOGICAL_CONDITION,false,false,false,,EXPRESSIBLE,doc_6af39821d5a37fd21b28de70_e0006,"{""attribute_name"":""lithology"",""normalized_value"":""板岩夹变质砂岩"",""source_evidence_id"":""doc_6af39821d5a37fd21b28de70_e0006""}",,EXPRESSIBLE,doc_6af39821d5a37fd21b28de70_e0006,"{""attribute_name"":""lithology"",""normalized_value"":""板岩夹变质砂岩"",""source_evidence_id"":""doc_6af39821d5a37fd21b28de70_e0006""}",knowledge_revision_event_6daa76a55757c468be850f91,FORWARD_ATTENTION_CELL,false,UNCHANGED_EXPRESSIBLE,2023-10-18,true
false,false,cell_9014e249e35a590ee949d882,"{""attribute_name"":""lithology"",""base_stage3a_state_version_id"":""state_version_be35b4524db89cec6e06598e"",""cell_id"":""cell_9014e249e35a590ee949d882"",""claim_type"":""FORECAST_GEOLOGICAL_CONDITION"",""source_evidence_id"":""doc_ce88b5055d612f9f8fb8012e_e0002"",""source_kind"":""GEOLOGICAL_EVIDENCE"",""state_role"":""FORWARD_ATTENTION_CELL"",""valid_date"":""2023-10-18""}",FORECAST_GEOLOGICAL_CONDITION,true,true,false,,EXPRESSIBLE,doc_ce88b5055d612f9f8fb8012e_e0002,"{""attribute_name"":""lithology"",""normalized_value"":""板岩夹变质砂岩"",""source_evidence_id"":""doc_ce88b5055d612f9f8fb8012e_e0002""}",,,,null,knowledge_revision_event_6daa76a55757c468be850f91,FORWARD_ATTENTION_CELL,false,OPPORTUNITY_ADDED,2023-10-18,false
false,false,cell_9014e249e35a590ee949d882,"{""attribute_name"":""risk_hint"",""base_stage3a_state_version_id"":""state_version_be35b4524db89cec6e06598e"",""cell_id"":""cell_9014e249e35a590ee949d882"",""claim_type"":""FORECAST_GEOLOGICAL_CONDITION"",""source_evidence_id"":""doc_6af39821d5a37fd21b28de70_e0006"",""source_kind"":""GEOLOGICAL_EVIDENCE"",""state_role"":""FORWARD_ATTENTION_CELL"",""valid_date"":""2023-10-18""}",FORECAST_GEOLOGICAL_CONDITION,false,false,false,UNKNOWN_SOURCE_VALUE,ABSTAIN,,"{""attribute_name"":""risk_hint"",""normalized_value"":""UNKNOWN"",""source_evidence_id"":""doc_6af39821d5a37fd21b28de70_e0006""}",UNKNOWN_SOURCE_VALUE,ABSTAIN,,"{""attribute_name"":""risk_hint"",""normalized_value"":""UNKNOWN"",""source_evidence_id"":""doc_6af39821d5a37fd21b28de70_e0006""}",knowledge_revision_event_6daa76a55757c468be850f91,FORWARD_ATTENTION_CELL,false,UNCHANGED_ABSTAIN,2023-10-18,false
false,false,cell_9014e249e35a590ee949d882,"{""attribute_name"":""risk_hint"",""base_stage3a_state_version_id"":""state_version_be35b4524db89cec6e06598e"",""cell_id"":""cell_9014e249e35a590ee949d882"",""claim_type"":""FORECAST_GEOLOGICAL_CONDITION"",""source_evidence_id"":""doc_ce88b5055d612f9f8fb8012e_e0002"",""source_kind"":""GEOLOGICAL_EVIDENCE"",""state_role"":""FORWARD_ATTENTION_CELL"",""valid_date"":""2023-10-18""}",FORECAST_GEOLOGICAL_CONDITION,true,true,false,,EXPRESSIBLE,doc_ce88b5055d612f9f8fb8012e_e0002,"{""attribute_name"":""risk_hint"",""normalized_value"":""里程+680、 +706、+716、 +733附近有 掉块风险"",""source_evidence_id"":""doc_ce88b5055d612f9f8fb8012e_e0002""}",,,,null,knowledge_revision_event_6daa76a55757c468be850f91,FORWARD_ATTENTION_CELL,false,OPPORTUNITY_ADDED,2023-10-18,false
false,false,cell_9014e249e35a590ee949d882,"{""attribute_name"":""rock_mass_state"",""base_stage3a_state_version_id"":""state_version_be35b4524db89cec6e06598e"",""cell_id"":""cell_9014e249e35a590ee949d882"",""claim_type"":""FORECAST_GEOLOGICAL_CONDITION"",""source_evidence_id"":""doc_6af39821d5a37fd21b28de70_e0006"",""source_kind"":""GEOLOGICAL_EVIDENCE"",""state_role"":""FORWARD_ATTENTION_CELL"",""valid_date"":""2023-10-18""}",FORECAST_GEOLOGICAL_CONDITION,false,false,false,,EXPRESSIBLE,doc_6af39821d5a37fd21b28de70_e0006,"{""attribute_name"":""rock_mass_state"",""normalized_value"":""岩体破碎"",""source_evidence_id"":""doc_6af39821d5a37fd21b28de70_e0006""}",,EXPRESSIBLE,doc_6af39821d5a37fd21b28de70_e0006,"{""attribute_name"":""rock_mass_state"",""normalized_value"":""岩体破碎"",""source_evidence_id"":""doc_6af39821d5a37fd21b28de70_e0006""}",knowledge_revision_event_6daa76a55757c468be850f91,FORWARD_ATTENTION_CELL,false,UNCHANGED_EXPRESSIBLE,2023-10-18,true
false,false,cell_9014e249e35a590ee949d882,"{""attribute_name"":""rock_mass_state"",""base_stage3a_state_version_id"":""state_version_be35b4524db89cec6e06598e"",""cell_id"":""cell_9014e249e35a590ee949d882"",""claim_type"":""FORECAST_GEOLOGICAL_CONDITION"",""source_evidence_id"":""doc_ce88b5055d612f9f8fb8012e_e0002"",""source_kind"":""GEOLOGICAL_EVIDENCE"",""state_role"":""FORWARD_ATTENTION_CELL"",""valid_date"":""2023-10-18""}",FORECAST_GEOLOGICAL_CONDITION,true,true,false,,EXPRESSIBLE,doc_ce88b5055d612f9f8fb8012e_e0002,"{""attribute_name"":""rock_mass_state"",""normalized_value"":""岩体破碎-极破碎"",""source_evidence_id"":""doc_ce88b5055d612f9f8fb8012e_e0002""}",,,,null,knowledge_revision_event_6daa76a55757c468be850f91,FORWARD_ATTENTION_CELL,false,OPPORTUNITY_ADDED,2023-10-18,false
false,false,cell_9014e249e35a590ee949d882,"{""attribute_name"":""suggested_grade"",""base_stage3a_state_version_id"":""state_version_be35b4524db89cec6e06598e"",""cell_id"":""cell_9014e249e35a590ee949d882"",""claim_type"":""FORECAST_GEOLOGICAL_CONDITION"",""source_evidence_id"":""doc_6af39821d5a37fd21b28de70_e0006"",""source_kind"":""GEOLOGICAL_EVIDENCE"",""state_role"":""FORWARD_ATTENTION_CELL"",""valid_date"":""2023-10-18""}",FORECAST_GEOLOGICAL_CONDITION,false,false,false,,EXPRESSIBLE,doc_6af39821d5a37fd21b28de70_e0006,"{""attribute_name"":""suggested_grade"",""normalized_value"":""Ⅳ级"",""source_evidence_id"":""doc_6af39821d5a37fd21b28de70_e0006""}",,EXPRESSIBLE,doc_6af39821d5a37fd21b28de70_e0006,"{""attribute_name"":""suggested_grade"",""normalized_value"":""Ⅳ级"",""source_evidence_id"":""doc_6af39821d5a37fd21b28de70_e0006""}",knowledge_revision_event_6daa76a55757c468be850f91,FORWARD_ATTENTION_CELL,false,UNCHANGED_EXPRESSIBLE,2023-10-18,true
false,false,cell_9014e249e35a590ee949d882,"{""attribute_name"":""suggested_grade"",""base_stage3a_state_version_id"":""state_version_be35b4524db89cec6e06598e"",""cell_id"":""cell_9014e249e35a590ee949d882"",""claim_type"":""FORECAST_GEOLOGICAL_CONDITION"",""source_evidence_id"":""doc_ce88b5055d612f9f8fb8012e_e0002"",""source_kind"":""GEOLOGICAL_EVIDENCE"",""state_role"":""FORWARD_ATTENTION_CELL"",""valid_date"":""2023-10-18""}",FORECAST_GEOLOGICAL_CONDITION,true,true,false,,EXPRESSIBLE,doc_ce88b5055d612f9f8fb8012e_e0002,"{""attribute_name"":""suggested_grade"",""normalized_value"":""Ⅳ级"",""source_evidence_id"":""doc_ce88b5055d612f9f8fb8012e_e0002""}",,,,null,knowledge_revision_event_6daa76a55757c468be850f91,FORWARD_ATTENTION_CELL,false,OPPORTUNITY_ADDED,2023-10-18,false
false,false,cell_9014e249e35a590ee949d882,"{""attribute_name"":""weathering"",""base_stage3a_state_version_id"":""state_version_be35b4524db89cec6e06598e"",""cell_id"":""cell_9014e249e35a590ee949d882"",""claim_type"":""FORECAST_GEOLOGICAL_CONDITION"",""source_evidence_id"":""doc_6af39821d5a37fd21b28de70_e0006"",""source_kind"":""GEOLOGICAL_EVIDENCE"",""state_role"":""FORWARD_ATTENTION_CELL"",""valid_date"":""2023-10-18""}",FORECAST_GEOLOGICAL_CONDITION,false,false,false,,EXPRESSIBLE,doc_6af39821d5a37fd21b28de70_e0006,"{""attribute_name"":""weathering"",""normalized_value"":""弱风化"",""source_evidence_id"":""doc_6af39821d5a37fd21b28de70_e0006""}",,EXPRESSIBLE,doc_6af39821d5a37fd21b28de70_e0006,"{""attribute_name"":""weathering"",""normalized_value"":""弱风化"",""source_evidence_id"":""doc_6af39821d5a37fd21b28de70_e0006""}",knowledge_revision_event_6daa76a55757c468be850f91,FORWARD_ATTENTION_CELL,false,UNCHANGED_EXPRESSIBLE,2023-10-18,true
false,false,cell_9014e249e35a590ee949d882,"{""attribute_name"":""weathering"",""base_stage3a_state_version_id"":""state_version_be35b4524db89cec6e06598e"",""cell_id"":""cell_9014e249e35a590ee949d882"",""claim_type"":""FORECAST_GEOLOGICAL_CONDITION"",""source_evidence_id"":""doc_ce88b5055d612f9f8fb8012e_e0002"",""source_kind"":""GEOLOGICAL_EVIDENCE"",""state_role"":""FORWARD_ATTENTION_CELL"",""valid_date"":""2023-10-18""}",FORECAST_GEOLOGICAL_CONDITION,true,true,false,,EXPRESSIBLE,doc_ce88b5055d612f9f8fb8012e_e0002,"{""attribute_name"":""weathering"",""normalized_value"":""弱风化"",""source_evidence_id"":""doc_ce88b5055d612f9f8fb8012e_e0002""}",,,,null,knowledge_revision_event_6daa76a55757c468be850f91,FORWARD_ATTENTION_CELL,false,OPPORTUNITY_ADDED,2023-10-18,false
false,true,cell_9014e249e35a590ee949d882,"{""base_stage3a_state_version_id"":""state_version_be35b4524db89cec6e06598e"",""cell_id"":""cell_9014e249e35a590ee949d882"",""claim_type"":""FORWARD_GEOLOGICAL_ATTENTION"",""metric_name"":""GRS"",""source_kind"":""STATE_GRS"",""state_role"":""FORWARD_ATTENTION_CELL"",""valid_date"":""2023-10-18""}",FORWARD_GEOLOGICAL_ATTENTION,false,false,false,,EXPRESSIBLE,state_grs_5e34c835e08798e845e03f3d,"{""is_causal_estimate"":false,""is_hazard_probability"":false,""is_probability"":false,""metric_name"":""GRS"",""metric_semantics"":""FORWARD_GEOLOGICAL_EVIDENCE_ATTENTION_INDEX"",""metric_status"":""AVAILABLE"",""metric_value"":0.8333333333333333}",,EXPRESSIBLE,state_grs_9a1d20e1482d94c0fc9b0ca7,"{""is_causal_estimate"":false,""is_hazard_probability"":false,""is_probability"":false,""metric_name"":""GRS"",""metric_semantics"":""FORWARD_GEOLOGICAL_EVIDENCE_ATTENTION_INDEX"",""metric_status"":""AVAILABLE"",""metric_value"":0.5416666666666666}",knowledge_revision_event_6daa76a55757c468be850f91,FORWARD_ATTENTION_CELL,true,CLAIM_VALUE_CHANGED,2023-10-18,false
false,false,cell_9014e249e35a590ee949d882,"{""base_stage3a_state_version_id"":""state_version_be35b4524db89cec6e06598e"",""cell_id"":""cell_9014e249e35a590ee949d882"",""claim_type"":""OPERATIONAL_RESPONSE_ATTENTION"",""metric_name"":""RAI"",""source_kind"":""STATE_RAI"",""state_role"":""FORWARD_ATTENTION_CELL"",""valid_date"":""2023-10-18""}",OPERATIONAL_RESPONSE_ATTENTION,false,false,false,STATE_ROLE_NOT_ALLOWED,ABSTAIN,,null,STATE_ROLE_NOT_ALLOWED,ABSTAIN,,null,knowledge_revision_event_6daa76a55757c468be850f91,FORWARD_ATTENTION_CELL,false,UNCHANGED_ABSTAIN,2023-10-18,false
false,false,cell_15d2c322bb0814f83525b455,"{""attribute_name"":""anomaly_level"",""base_stage3a_state_version_id"":""state_version_4a637cd60b3f53c2427aaf46"",""cell_id"":""cell_15d2c322bb0814f83525b455"",""claim_type"":""FORECAST_GEOLOGICAL_CONDITION"",""source_evidence_id"":""doc_6af39821d5a37fd21b28de70_e0002"",""source_kind"":""GEOLOGICAL_EVIDENCE"",""state_role"":""FORWARD_ATTENTION_CELL"",""valid_date"":""2023-10-15""}",FORECAST_GEOLOGICAL_CONDITION,true,true,false,UNKNOWN_SOURCE_VALUE,ABSTAIN,,"{""attribute_name"":""anomaly_level"",""normalized_value"":""NONE"",""source_evidence_id"":""doc_6af39821d5a37fd21b28de70_e0002""}",,,,null,knowledge_revision_event_781f6262fb9d8c7ce08b25cb,FORWARD_ATTENTION_CELL,false,OPPORTUNITY_ADDED,2023-10-15,false
false,false,cell_15d2c322bb0814f83525b455,"{""attribute_name"":""anomaly_level"",""base_stage3a_state_version_id"":""state_version_4a637cd60b3f53c2427aaf46"",""cell_id"":""cell_15d2c322bb0814f83525b455"",""claim_type"":""FORECAST_GEOLOGICAL_CONDITION"",""source_evidence_id"":""doc_6af39821d5a37fd21b28de70_e0003"",""source_kind"":""GEOLOGICAL_EVIDENCE"",""state_role"":""FORWARD_ATTENTION_CELL"",""valid_date"":""2023-10-15""}",FORECAST_GEOLOGICAL_CONDITION,true,true,false,,EXPRESSIBLE,doc_6af39821d5a37fd21b28de70_e0003,"{""attribute_name"":""anomaly_level"",""normalized_value"":""MODERATE"",""source_evidence_id"":""doc_6af39821d5a37fd21b28de70_e0003""}",,,,null,knowledge_revision_event_781f6262fb9d8c7ce08b25cb,FORWARD_ATTENTION_CELL,false,OPPORTUNITY_ADDED,2023-10-15,false
false,false,cell_15d2c322bb0814f83525b455,"{""attribute_name"":""geological_conclusion"",""base_stage3a_state_version_id"":""state_version_4a637cd60b3f53c2427aaf46"",""cell_id"":""cell_15d2c322bb0814f83525b455"",""claim_type"":""FORECAST_GEOLOGICAL_CONDITION"",""source_evidence_id"":""doc_6af39821d5a37fd21b28de70_e0002"",""source_kind"":""GEOLOGICAL_EVIDENCE"",""state_role"":""FORWARD_ATTENTION_CELL"",""valid_date"":""2023-10-15""}",FORECAST_GEOLOGICAL_CONDITION,true,true,false,,EXPRESSIBLE,doc_6af39821d5a37fd21b28de70_e0002,"{""attribute_name"":""geological_conclusion"",""normalized_value"":""该段围岩与当前掌子面相当。岩 性为板岩夹变质砂岩，弱风化， 岩质软硬不均，节理裂隙发育， 岩体破碎，围岩整体稳定性较差"",""source_evidence_id"":""doc_6af39821d5a37fd21b28de70_e0002""}",,,,null,knowledge_revision_event_781f6262fb9d8c7ce08b25cb,FORWARD_ATTENTION_CELL,false,OPPORTUNITY_ADDED,2023-10-15,false
false,false,cell_15d2c322bb0814f83525b455,"{""attribute_name"":""geological_conclusion"",""base_stage3a_state_version_id"":""state_version_4a637cd60b3f53c2427aaf46"",""cell_id"":""cell_15d2c322bb0814f83525b455"",""claim_type"":""FORECAST_GEOLOGICAL_CONDITION"",""source_evidence_id"":""doc_6af39821d5a37fd21b28de70_e0003"",""source_kind"":""GEOLOGICAL_EVIDENCE"",""state_role"":""FORWARD_ATTENTION_CELL"",""valid_date"":""2023-10-15""}",FORECAST_GEOLOGICAL_CONDITION,true,true,false,,EXPRESSIBLE,doc_6af39821d5a37fd21b28de70_e0003,"{""attribute_name"":""geological_conclusion"",""normalized_value"":""该段围岩较前段变差。岩性以板 岩为主，弱风化，岩质软，节理 裂隙发育密集，岩体破碎-极破 碎，围岩整体稳定性差"",""source_evidence_id"":""doc_6af39821d5a37fd21b28de70_e0003""}",,,,null,knowledge_revision_event_781f6262fb9d8c7ce08b25cb,FORWARD_ATTENTION_CELL,false,OPPORTUNITY_ADDED,2023-10-15,false
false,false,cell_15d2c322bb0814f83525b455,"{""attribute_name"":""joint_development"",""base_stage3a_state_version_id"":""state_version_4a637cd60b3f53c2427aaf46"",""cell_id"":""cell_15d2c322bb0814f83525b455"",""claim_type"":""FORECAST_GEOLOGICAL_CONDITION"",""source_evidence_id"":""doc_6af39821d5a37fd21b28de70_e0002"",""source_kind"":""GEOLOGICAL_EVIDENCE"",""state_role"":""FORWARD_ATTENTION_CELL"",""valid_date"":""2023-10-15""}",FORECAST_GEOLOGICAL_CONDITION,true,true,false,,EXPRESSIBLE,doc_6af39821d5a37fd21b28de70_e0002,"{""attribute_name"":""joint_development"",""normalized_value"":""节理裂隙发育"",""source_evidence_id"":""doc_6af39821d5a37fd21b28de70_e0002""}",,,,null,knowledge_revision_event_781f6262fb9d8c7ce08b25cb,FORWARD_ATTENTION_CELL,false,OPPORTUNITY_ADDED,2023-10-15,false
false,false,cell_15d2c322bb0814f83525b455,"{""attribute_name"":""joint_development"",""base_stage3a_state_version_id"":""state_version_4a637cd60b3f53c2427aaf46"",""cell_id"":""cell_15d2c322bb0814f83525b455"",""claim_type"":""FORECAST_GEOLOGICAL_CONDITION"",""source_evidence_id"":""doc_6af39821d5a37fd21b28de70_e0003"",""source_kind"":""GEOLOGICAL_EVIDENCE"",""state_role"":""FORWARD_ATTENTION_CELL"",""valid_date"":""2023-10-15""}",FORECAST_GEOLOGICAL_CONDITION,true,true,false,,EXPRESSIBLE,doc_6af39821d5a37fd21b28de70_e0003,"{""attribute_name"":""joint_development"",""normalized_value"":""节理裂隙发育密集"",""source_evidence_id"":""doc_6af39821d5a37fd21b28de70_e0003""}",,,,null,knowledge_revision_event_781f6262fb9d8c7ce08b25cb,FORWARD_ATTENTION_CELL,false,OPPORTUNITY_ADDED,2023-10-15,false
false,false,cell_15d2c322bb0814f83525b455,"{""attribute_name"":""lithology"",""base_stage3a_state_version_id"":""state_version_4a637cd60b3f53c2427aaf46"",""cell_id"":""cell_15d2c322bb0814f83525b455"",""claim_type"":""FORECAST_GEOLOGICAL_CONDITION"",""source_evidence_id"":""doc_6af39821d5a37fd21b28de70_e0002"",""source_kind"":""GEOLOGICAL_EVIDENCE"",""state_role"":""FORWARD_ATTENTION_CELL"",""valid_date"":""2023-10-15""}",FORECAST_GEOLOGICAL_CONDITION,true,true,false,,EXPRESSIBLE,doc_6af39821d5a37fd21b28de70_e0002,"{""attribute_name"":""lithology"",""normalized_value"":""板岩夹变质砂岩"",""source_evidence_id"":""doc_6af39821d5a37fd21b28de70_e0002""}",,,,null,knowledge_revision_event_781f6262fb9d8c7ce08b25cb,FORWARD_ATTENTION_CELL,false,OPPORTUNITY_ADDED,2023-10-15,false
false,false,cell_15d2c322bb0814f83525b455,"{""attribute_name"":""lithology"",""base_stage3a_state_version_id"":""state_version_4a637cd60b3f53c2427aaf46"",""cell_id"":""cell_15d2c322bb0814f83525b455"",""claim_type"":""FORECAST_GEOLOGICAL_CONDITION"",""source_evidence_id"":""doc_6af39821d5a37fd21b28de70_e0003"",""source_kind"":""GEOLOGICAL_EVIDENCE"",""state_role"":""FORWARD_ATTENTION_CELL"",""valid_date"":""2023-10-15""}",FORECAST_GEOLOGICAL_CONDITION,true,true,false,,EXPRESSIBLE,doc_6af39821d5a37fd21b28de70_e0003,"{""attribute_name"":""lithology"",""normalized_value"":""板岩"",""source_evidence_id"":""doc_6af39821d5a37fd21b28de70_e0003""}",,,,null,knowledge_revision_event_781f6262fb9d8c7ce08b25cb,FORWARD_ATTENTION_CELL,false,OPPORTUNITY_ADDED,2023-10-15,false
false,false,cell_15d2c322bb0814f83525b455,"{""attribute_name"":""risk_hint"",""base_stage3a_state_version_id"":""state_version_4a637cd60b3f53c2427aaf46"",""cell_id"":""cell_15d2c322bb0814f83525b455"",""claim_type"":""FORECAST_GEOLOGICAL_CONDITION"",""source_evidence_id"":""doc_6af39821d5a37fd21b28de70_e0002"",""source_kind"":""GEOLOGICAL_EVIDENCE"",""state_role"":""FORWARD_ATTENTION_CELL"",""valid_date"":""2023-10-15""}",FORECAST_GEOLOGICAL_CONDITION,true,true,false,UNKNOWN_SOURCE_VALUE,ABSTAIN,,"{""attribute_name"":""risk_hint"",""normalized_value"":""UNKNOWN"",""source_evidence_id"":""doc_6af39821d5a37fd21b28de70_e0002""}",,,,null,knowledge_revision_event_781f6262fb9d8c7ce08b25cb,FORWARD_ATTENTION_CELL,false,OPPORTUNITY_ADDED,2023-10-15,false
false,false,cell_15d2c322bb0814f83525b455,"{""attribute_name"":""risk_hint"",""base_stage3a_state_version_id"":""state_version_4a637cd60b3f53c2427aaf46"",""cell_id"":""cell_15d2c322bb0814f83525b455"",""claim_type"":""FORECAST_GEOLOGICAL_CONDITION"",""source_evidence_id"":""doc_6af39821d5a37fd21b28de70_e0003"",""source_kind"":""GEOLOGICAL_EVIDENCE"",""state_role"":""FORWARD_ATTENTION_CELL"",""valid_date"":""2023-10-15""}",FORECAST_GEOLOGICAL_CONDITION,true,true,false,,EXPRESSIBLE,doc_6af39821d5a37fd21b28de70_e0003,"{""attribute_name"":""risk_hint"",""normalized_value"":""里程+629、 +634 附近有 掉块风险"",""source_evidence_id"":""doc_6af39821d5a37fd21b28de70_e0003""}",,,,null,knowledge_revision_event_781f6262fb9d8c7ce08b25cb,FORWARD_ATTENTION_CELL,false,OPPORTUNITY_ADDED,2023-10-15,false
false,false,cell_15d2c322bb0814f83525b455,"{""attribute_name"":""rock_mass_state"",""base_stage3a_state_version_id"":""state_version_4a637cd60b3f53c2427aaf46"",""cell_id"":""cell_15d2c322bb0814f83525b455"",""claim_type"":""FORECAST_GEOLOGICAL_CONDITION"",""source_evidence_id"":""doc_6af39821d5a37fd21b28de70_e0002"",""source_kind"":""GEOLOGICAL_EVIDENCE"",""state_role"":""FORWARD_ATTENTION_CELL"",""valid_date"":""2023-10-15""}",FORECAST_GEOLOGICAL_CONDITION,true,true,false,,EXPRESSIBLE,doc_6af39821d5a37fd21b28de70_e0002,"{""attribute_name"":""rock_mass_state"",""normalized_value"":""岩体破碎"",""source_evidence_id"":""doc_6af39821d5a37fd21b28de70_e0002""}",,,,null,knowledge_revision_event_781f6262fb9d8c7ce08b25cb,FORWARD_ATTENTION_CELL,false,OPPORTUNITY_ADDED,2023-10-15,false
false,false,cell_15d2c322bb0814f83525b455,"{""attribute_name"":""rock_mass_state"",""base_stage3a_state_version_id"":""state_version_4a637cd60b3f53c2427aaf46"",""cell_id"":""cell_15d2c322bb0814f83525b455"",""claim_type"":""FORECAST_GEOLOGICAL_CONDITION"",""source_evidence_id"":""doc_6af39821d5a37fd21b28de70_e0003"",""source_kind"":""GEOLOGICAL_EVIDENCE"",""state_role"":""FORWARD_ATTENTION_CELL"",""valid_date"":""2023-10-15""}",FORECAST_GEOLOGICAL_CONDITION,true,true,false,,EXPRESSIBLE,doc_6af39821d5a37fd21b28de70_e0003,"{""attribute_name"":""rock_mass_state"",""normalized_value"":""岩体破碎-极破碎"",""source_evidence_id"":""doc_6af39821d5a37fd21b28de70_e0003""}",,,,null,knowledge_revision_event_781f6262fb9d8c7ce08b25cb,FORWARD_ATTENTION_CELL,false,OPPORTUNITY_ADDED,2023-10-15,false
false,false,cell_15d2c322bb0814f83525b455,"{""attribute_name"":""suggested_grade"",""base_stage3a_state_version_id"":""state_version_4a637cd60b3f53c2427aaf46"",""cell_id"":""cell_15d2c322bb0814f83525b455"",""claim_type"":""FORECAST_GEOLOGICAL_CONDITION"",""source_evidence_id"":""doc_6af39821d5a37fd21b28de70_e0002"",""source_kind"":""GEOLOGICAL_EVIDENCE"",""state_role"":""FORWARD_ATTENTION_CELL"",""valid_date"":""2023-10-15""}",FORECAST_GEOLOGICAL_CONDITION,true,true,false,,EXPRESSIBLE,doc_6af39821d5a37fd21b28de70_e0002,"{""attribute_name"":""suggested_grade"",""normalized_value"":""Ⅳ级"",""source_evidence_id"":""doc_6af39821d5a37fd21b28de70_e0002""}",,,,null,knowledge_revision_event_781f6262fb9d8c7ce08b25cb,FORWARD_ATTENTION_CELL,false,OPPORTUNITY_ADDED,2023-10-15,false
false,false,cell_15d2c322bb0814f83525b455,"{""attribute_name"":""suggested_grade"",""base_stage3a_state_version_id"":""state_version_4a637cd60b3f53c2427aaf46"",""cell_id"":""cell_15d2c322bb0814f83525b455"",""claim_type"":""FORECAST_GEOLOGICAL_CONDITION"",""source_evidence_id"":""doc_6af39821d5a37fd21b28de70_e0003"",""source_kind"":""GEOLOGICAL_EVIDENCE"",""state_role"":""FORWARD_ATTENTION_CELL"",""valid_date"":""2023-10-15""}",FORECAST_GEOLOGICAL_CONDITION,true,true,false,,EXPRESSIBLE,doc_6af39821d5a37fd21b28de70_e0003,"{""attribute_name"":""suggested_grade"",""normalized_value"":""Ⅴ级"",""source_evidence_id"":""doc_6af39821d5a37fd21b28de70_e0003""}",,,,null,knowledge_revision_event_781f6262fb9d8c7ce08b25cb,FORWARD_ATTENTION_CELL,false,OPPORTUNITY_ADDED,2023-10-15,false
false,false,cell_15d2c322bb0814f83525b455,"{""attribute_name"":""weathering"",""base_stage3a_state_version_id"":""state_version_4a637cd60b3f53c2427aaf46"",""cell_id"":""cell_15d2c322bb0814f83525b455"",""claim_type"":""FORECAST_GEOLOGICAL_CONDITION"",""source_evidence_id"":""doc_6af39821d5a37fd21b28de70_e0002"",""source_kind"":""GEOLOGICAL_EVIDENCE"",""state_role"":""FORWARD_ATTENTION_CELL"",""valid_date"":""2023-10-15""}",FORECAST_GEOLOGICAL_CONDITION,true,true,false,,EXPRESSIBLE,doc_6af39821d5a37fd21b28de70_e0002,"{""attribute_name"":""weathering"",""normalized_value"":""弱风化"",""source_evidence_id"":""doc_6af39821d5a37fd21b28de70_e0002""}",,,,null,knowledge_revision_event_781f6262fb9d8c7ce08b25cb,FORWARD_ATTENTION_CELL,false,OPPORTUNITY_ADDED,2023-10-15,false
false,false,cell_15d2c322bb0814f83525b455,"{""attribute_name"":""weathering"",""base_stage3a_state_version_id"":""state_version_4a637cd60b3f53c2427aaf46"",""cell_id"":""cell_15d2c322bb0814f83525b455"",""claim_type"":""FORECAST_GEOLOGICAL_CONDITION"",""source_evidence_id"":""doc_6af39821d5a37fd21b28de70_e0003"",""source_kind"":""GEOLOGICAL_EVIDENCE"",""state_role"":""FORWARD_ATTENTION_CELL"",""valid_date"":""2023-10-15""}",FORECAST_GEOLOGICAL_CONDITION,true,true,false,,EXPRESSIBLE,doc_6af39821d5a37fd21b28de70_e0003,"{""attribute_name"":""weathering"",""normalized_value"":""弱风化"",""source_evidence_id"":""doc_6af39821d5a37fd21b28de70_e0003""}",,,,null,knowledge_revision_event_781f6262fb9d8c7ce08b25cb,FORWARD_ATTENTION_CELL,false,OPPORTUNITY_ADDED,2023-10-15,false
true,true,cell_15d2c322bb0814f83525b455,"{""base_stage3a_state_version_id"":""state_version_4a637cd60b3f53c2427aaf46"",""cell_id"":""cell_15d2c322bb0814f83525b455"",""claim_type"":""FORWARD_GEOLOGICAL_ATTENTION"",""metric_name"":""GRS"",""source_kind"":""STATE_GRS"",""state_role"":""FORWARD_ATTENTION_CELL"",""valid_date"":""2023-10-15""}",FORWARD_GEOLOGICAL_ATTENTION,true,false,false,,EXPRESSIBLE,state_grs_00e8fb7a2db16a190cc1ab1d,"{""is_causal_estimate"":false,""is_hazard_probability"":false,""is_probability"":false,""metric_name"":""GRS"",""metric_semantics"":""FORWARD_GEOLOGICAL_EVIDENCE_ATTENTION_INDEX"",""metric_status"":""AVAILABLE"",""metric_value"":0.9166666666666666}",REQUIRED_EPISTEMIC_STATUS_MISSING,ABSTAIN,,null,knowledge_revision_event_781f6262fb9d8c7ce08b25cb,FORWARD_ATTENTION_CELL,true,ABSTAIN_TO_EXPRESSIBLE,2023-10-15,false
false,false,cell_15d2c322bb0814f83525b455,"{""base_stage3a_state_version_id"":""state_version_4a637cd60b3f53c2427aaf46"",""cell_id"":""cell_15d2c322bb0814f83525b455"",""claim_type"":""OPERATIONAL_RESPONSE_ATTENTION"",""metric_name"":""RAI"",""source_kind"":""STATE_RAI"",""state_role"":""FORWARD_ATTENTION_CELL"",""valid_date"":""2023-10-15""}",OPERATIONAL_RESPONSE_ATTENTION,false,false,false,STATE_ROLE_NOT_ALLOWED,ABSTAIN,,null,STATE_ROLE_NOT_ALLOWED,ABSTAIN,,null,knowledge_revision_event_781f6262fb9d8c7ce08b25cb,FORWARD_ATTENTION_CELL,false,UNCHANGED_ABSTAIN,2023-10-15,false
false,false,cell_ee76ecb149a38cfe2eff82bf,"{""attribute_name"":""anomaly_level"",""base_stage3a_state_version_id"":""state_version_a087bcee7ad244843163ae34"",""cell_id"":""cell_ee76ecb149a38cfe2eff82bf"",""claim_type"":""FORECAST_GEOLOGICAL_CONDITION"",""source_evidence_id"":""doc_1bccaf9b3397c0d25601b19d_e0002"",""source_kind"":""GEOLOGICAL_EVIDENCE"",""state_role"":""FORWARD_ATTENTION_CELL"",""valid_date"":""2023-11-28""}",FORECAST_GEOLOGICAL_CONDITION,true,true,false,UNKNOWN_SOURCE_VALUE,ABSTAIN,,"{""attribute_name"":""anomaly_level"",""normalized_value"":""NONE"",""source_evidence_id"":""doc_1bccaf9b3397c0d25601b19d_e0002""}",,,,null,knowledge_revision_event_7ebb8f0e26115e72d00e5a45,FORWARD_ATTENTION_CELL,false,OPPORTUNITY_ADDED,2023-11-28,false
false,false,cell_ee76ecb149a38cfe2eff82bf,"{""attribute_name"":""geological_conclusion"",""base_stage3a_state_version_id"":""state_version_a087bcee7ad244843163ae34"",""cell_id"":""cell_ee76ecb149a38cfe2eff82bf"",""claim_type"":""FORECAST_GEOLOGICAL_CONDITION"",""source_evidence_id"":""doc_1bccaf9b3397c0d25601b19d_e0002"",""source_kind"":""GEOLOGICAL_EVIDENCE"",""state_role"":""FORWARD_ATTENTION_CELL"",""valid_date"":""2023-11-28""}",FORECAST_GEOLOGICAL_CONDITION,true,true,false,,EXPRESSIBLE,doc_1bccaf9b3397c0d25601b19d_e0002,"{""attribute_name"":""geological_conclusion"",""normalized_value"":""该段围岩与当前掌子面相当。岩 性为板岩夹变质砂岩，围岩整体 弱风化，岩质硬，节理裂隙发育， 岩体破碎。"",""source_evidence_id"":""doc_1bccaf9b3397c0d25601b19d_e0002""}",,,,null,knowledge_revision_event_7ebb8f0e26115e72d00e5a45,FORWARD_ATTENTION_CELL,false,OPPORTUNITY_ADDED,2023-11-28,false
false,false,cell_ee76ecb149a38cfe2eff82bf,"{""attribute_name"":""joint_development"",""base_stage3a_state_version_id"":""state_version_a087bcee7ad244843163ae34"",""cell_id"":""cell_ee76ecb149a38cfe2eff82bf"",""claim_type"":""FORECAST_GEOLOGICAL_CONDITION"",""source_evidence_id"":""doc_1bccaf9b3397c0d25601b19d_e0002"",""source_kind"":""GEOLOGICAL_EVIDENCE"",""state_role"":""FORWARD_ATTENTION_CELL"",""valid_date"":""2023-11-28""}",FORECAST_GEOLOGICAL_CONDITION,true,true,false,,EXPRESSIBLE,doc_1bccaf9b3397c0d25601b19d_e0002,"{""attribute_name"":""joint_development"",""normalized_value"":""节理裂隙发育"",""source_evidence_id"":""doc_1bccaf9b3397c0d25601b19d_e0002""}",,,,null,knowledge_revision_event_7ebb8f0e26115e72d00e5a45,FORWARD_ATTENTION_CELL,false,OPPORTUNITY_ADDED,2023-11-28,false
false,false,cell_ee76ecb149a38cfe2eff82bf,"{""attribute_name"":""lithology"",""base_stage3a_state_version_id"":""state_version_a087bcee7ad244843163ae34"",""cell_id"":""cell_ee76ecb149a38cfe2eff82bf"",""claim_type"":""FORECAST_GEOLOGICAL_CONDITION"",""source_evidence_id"":""doc_1bccaf9b3397c0d25601b19d_e0002"",""source_kind"":""GEOLOGICAL_EVIDENCE"",""state_role"":""FORWARD_ATTENTION_CELL"",""valid_date"":""2023-11-28""}",FORECAST_GEOLOGICAL_CONDITION,true,true,false,,EXPRESSIBLE,doc_1bccaf9b3397c0d25601b19d_e0002,"{""attribute_name"":""lithology"",""normalized_value"":""板岩夹变质砂岩"",""source_evidence_id"":""doc_1bccaf9b3397c0d25601b19d_e0002""}",,,,null,knowledge_revision_event_7ebb8f0e26115e72d00e5a45,FORWARD_ATTENTION_CELL,false,OPPORTUNITY_ADDED,2023-11-28,false
false,false,cell_ee76ecb149a38cfe2eff82bf,"{""attribute_name"":""risk_hint"",""base_stage3a_state_version_id"":""state_version_a087bcee7ad244843163ae34"",""cell_id"":""cell_ee76ecb149a38cfe2eff82bf"",""claim_type"":""FORECAST_GEOLOGICAL_CONDITION"",""source_evidence_id"":""doc_1bccaf9b3397c0d25601b19d_e0002"",""source_kind"":""GEOLOGICAL_EVIDENCE"",""state_role"":""FORWARD_ATTENTION_CELL"",""valid_date"":""2023-11-28""}",FORECAST_GEOLOGICAL_CONDITION,true,true,false,UNKNOWN_SOURCE_VALUE,ABSTAIN,,"{""attribute_name"":""risk_hint"",""normalized_value"":""UNKNOWN"",""source_evidence_id"":""doc_1bccaf9b3397c0d25601b19d_e0002""}",,,,null,knowledge_revision_event_7ebb8f0e26115e72d00e5a45,FORWARD_ATTENTION_CELL,false,OPPORTUNITY_ADDED,2023-11-28,false
false,false,cell_ee76ecb149a38cfe2eff82bf,"{""attribute_name"":""rock_mass_state"",""base_stage3a_state_version_id"":""state_version_a087bcee7ad244843163ae34"",""cell_id"":""cell_ee76ecb149a38cfe2eff82bf"",""claim_type"":""FORECAST_GEOLOGICAL_CONDITION"",""source_evidence_id"":""doc_1bccaf9b3397c0d25601b19d_e0002"",""source_kind"":""GEOLOGICAL_EVIDENCE"",""state_role"":""FORWARD_ATTENTION_CELL"",""valid_date"":""2023-11-28""}",FORECAST_GEOLOGICAL_CONDITION,true,true,false,,EXPRESSIBLE,doc_1bccaf9b3397c0d25601b19d_e0002,"{""attribute_name"":""rock_mass_state"",""normalized_value"":""岩体破碎"",""source_evidence_id"":""doc_1bccaf9b3397c0d25601b19d_e0002""}",,,,null,knowledge_revision_event_7ebb8f0e26115e72d00e5a45,FORWARD_ATTENTION_CELL,false,OPPORTUNITY_ADDED,2023-11-28,false
false,false,cell_ee76ecb149a38cfe2eff82bf,"{""attribute_name"":""suggested_grade"",""base_stage3a_state_version_id"":""state_version_a087bcee7ad244843163ae34"",""cell_id"":""cell_ee76ecb149a38cfe2eff82bf"",""claim_type"":""FORECAST_GEOLOGICAL_CONDITION"",""source_evidence_id"":""doc_1bccaf9b3397c0d25601b19d_e0002"",""source_kind"":""GEOLOGICAL_EVIDENCE"",""state_role"":""FORWARD_ATTENTION_CELL"",""valid_date"":""2023-11-28""}",FORECAST_GEOLOGICAL_CONDITION,true,true,false,,EXPRESSIBLE,doc_1bccaf9b3397c0d25601b19d_e0002,"{""attribute_name"":""suggested_grade"",""normalized_value"":""Ⅳ级"",""source_evidence_id"":""doc_1bccaf9b3397c0d25601b19d_e0002""}",,,,null,knowledge_revision_event_7ebb8f0e26115e72d00e5a45,FORWARD_ATTENTION_CELL,false,OPPORTUNITY_ADDED,2023-11-28,false
false,false,cell_ee76ecb149a38cfe2eff82bf,"{""attribute_name"":""weathering"",""base_stage3a_state_version_id"":""state_version_a087bcee7ad244843163ae34"",""cell_id"":""cell_ee76ecb149a38cfe2eff82bf"",""claim_type"":""FORECAST_GEOLOGICAL_CONDITION"",""source_evidence_id"":""doc_1bccaf9b3397c0d25601b19d_e0002"",""source_kind"":""GEOLOGICAL_EVIDENCE"",""state_role"":""FORWARD_ATTENTION_CELL"",""valid_date"":""2023-11-28""}",FORECAST_GEOLOGICAL_CONDITION,true,true,false,,EXPRESSIBLE,doc_1bccaf9b3397c0d25601b19d_e0002,"{""attribute_name"":""weathering"",""normalized_value"":""弱风化"",""source_evidence_id"":""doc_1bccaf9b3397c0d25601b19d_e0002""}",,,,null,knowledge_revision_event_7ebb8f0e26115e72d00e5a45,FORWARD_ATTENTION_CELL,false,OPPORTUNITY_ADDED,2023-11-28,false
true,true,cell_ee76ecb149a38cfe2eff82bf,"{""base_stage3a_state_version_id"":""state_version_a087bcee7ad244843163ae34"",""cell_id"":""cell_ee76ecb149a38cfe2eff82bf"",""claim_type"":""FORWARD_GEOLOGICAL_ATTENTION"",""metric_name"":""GRS"",""source_kind"":""STATE_GRS"",""state_role"":""FORWARD_ATTENTION_CELL"",""valid_date"":""2023-11-28""}",FORWARD_GEOLOGICAL_ATTENTION,true,false,false,,EXPRESSIBLE,state_grs_afbf604ac53e821b0a7076db,"{""is_causal_estimate"":false,""is_hazard_probability"":false,""is_probability"":false,""metric_name"":""GRS"",""metric_semantics"":""FORWARD_GEOLOGICAL_EVIDENCE_ATTENTION_INDEX"",""metric_status"":""AVAILABLE"",""metric_value"":0.5416666666666666}",REQUIRED_EPISTEMIC_STATUS_MISSING,ABSTAIN,,null,knowledge_revision_event_7ebb8f0e26115e72d00e5a45,FORWARD_ATTENTION_CELL,true,ABSTAIN_TO_EXPRESSIBLE,2023-11-28,false
false,false,cell_ee76ecb149a38cfe2eff82bf,"{""base_stage3a_state_version_id"":""state_version_a087bcee7ad244843163ae34"",""cell_id"":""cell_ee76ecb149a38cfe2eff82bf"",""claim_type"":""OPERATIONAL_RESPONSE_ATTENTION"",""metric_name"":""RAI"",""source_kind"":""STATE_RAI"",""state_role"":""FORWARD_ATTENTION_CELL"",""valid_date"":""2023-11-28""}",OPERATIONAL_RESPONSE_ATTENTION,false,false,false,STATE_ROLE_NOT_ALLOWED,ABSTAIN,,null,STATE_ROLE_NOT_ALLOWED,ABSTAIN,,null,knowledge_revision_event_7ebb8f0e26115e72d00e5a45,FORWARD_ATTENTION_CELL,false,UNCHANGED_ABSTAIN,2023-11-28,false
false,false,cell_9cfca22fbc766370829a5d1b,"{""attribute_name"":""anomaly_level"",""base_stage3a_state_version_id"":""state_version_29960e03c0ca6564444dc191"",""cell_id"":""cell_9cfca22fbc766370829a5d1b"",""claim_type"":""FORECAST_GEOLOGICAL_CONDITION"",""source_evidence_id"":""doc_665dc65538c9aec44e36752a_e0002"",""source_kind"":""GEOLOGICAL_EVIDENCE"",""state_role"":""DAILY_REVIEW_CELL"",""valid_date"":""2023-12-16""}",FORECAST_GEOLOGICAL_CONDITION,false,false,false,UNKNOWN_SOURCE_VALUE,ABSTAIN,,"{""attribute_name"":""anomaly_level"",""normalized_value"":""NONE"",""source_evidence_id"":""doc_665dc65538c9aec44e36752a_e0002""}",UNKNOWN_SOURCE_VALUE,ABSTAIN,,"{""attribute_name"":""anomaly_level"",""normalized_value"":""NONE"",""source_evidence_id"":""doc_665dc65538c9aec44e36752a_e0002""}",knowledge_revision_event_7fd3e562bf2fc09afce3cd04,DAILY_REVIEW_CELL,false,UNCHANGED_ABSTAIN,2023-12-16,false
false,false,cell_9cfca22fbc766370829a5d1b,"{""attribute_name"":""anomaly_level"",""base_stage3a_state_version_id"":""state_version_29960e03c0ca6564444dc191"",""cell_id"":""cell_9cfca22fbc766370829a5d1b"",""claim_type"":""FORECAST_GEOLOGICAL_CONDITION"",""source_evidence_id"":""doc_99cb24b0b45c767bece0fac1_e0002"",""source_kind"":""GEOLOGICAL_EVIDENCE"",""state_role"":""DAILY_REVIEW_CELL"",""valid_date"":""2023-12-16""}",FORECAST_GEOLOGICAL_CONDITION,true,true,false,UNKNOWN_SOURCE_VALUE,ABSTAIN,,"{""attribute_name"":""anomaly_level"",""normalized_value"":""NONE"",""source_evidence_id"":""doc_99cb24b0b45c767bece0fac1_e0002""}",,,,null,knowledge_revision_event_7fd3e562bf2fc09afce3cd04,DAILY_REVIEW_CELL,false,OPPORTUNITY_ADDED,2023-12-16,false
false,false,cell_9cfca22fbc766370829a5d1b,"{""attribute_name"":""anomaly_level"",""base_stage3a_state_version_id"":""state_version_29960e03c0ca6564444dc191"",""cell_id"":""cell_9cfca22fbc766370829a5d1b"",""claim_type"":""FORECAST_GEOLOGICAL_CONDITION"",""source_evidence_id"":""doc_b84482f2cbc3d64012d7baad_e0005"",""source_kind"":""GEOLOGICAL_EVIDENCE"",""state_role"":""DAILY_REVIEW_CELL"",""valid_date"":""2023-12-16""}",FORECAST_GEOLOGICAL_CONDITION,false,false,false,,EXPRESSIBLE,doc_b84482f2cbc3d64012d7baad_e0005,"{""attribute_name"":""anomaly_level"",""normalized_value"":""MODERATE"",""source_evidence_id"":""doc_b84482f2cbc3d64012d7baad_e0005""}",,EXPRESSIBLE,doc_b84482f2cbc3d64012d7baad_e0005,"{""attribute_name"":""anomaly_level"",""normalized_value"":""MODERATE"",""source_evidence_id"":""doc_b84482f2cbc3d64012d7baad_e0005""}",knowledge_revision_event_7fd3e562bf2fc09afce3cd04,DAILY_REVIEW_CELL,false,UNCHANGED_EXPRESSIBLE,2023-12-16,true
false,false,cell_9cfca22fbc766370829a5d1b,"{""attribute_name"":""block_fall_or_collapse"",""base_stage3a_state_version_id"":""state_version_29960e03c0ca6564444dc191"",""cell_id"":""cell_9cfca22fbc766370829a5d1b"",""claim_type"":""FORECAST_GEOLOGICAL_CONDITION"",""source_evidence_id"":""doc_665dc65538c9aec44e36752a_e0002"",""source_kind"":""GEOLOGICAL_EVIDENCE"",""state_role"":""DAILY_REVIEW_CELL"",""valid_date"":""2023-12-16""}",FORECAST_GEOLOGICAL_CONDITION,false,false,false,,EXPRESSIBLE,doc_665dc65538c9aec44e36752a_e0002,"{""attribute_name"":""block_fall_or_collapse"",""normalized_value"":""掉块"",""source_evidence_id"":""doc_665dc65538c9aec44e36752a_e0002""}",,EXPRESSIBLE,doc_665dc65538c9aec44e36752a_e0002,"{""attribute_name"":""block_fall_or_collapse"",""normalized_value"":""掉块"",""source_evidence_id"":""doc_665dc65538c9aec44e36752a_e0002""}",knowledge_revision_event_7fd3e562bf2fc09afce3cd04,DAILY_REVIEW_CELL,false,UNCHANGED_EXPRESSIBLE,2023-12-16,true
false,false,cell_9cfca22fbc766370829a5d1b,"{""attribute_name"":""geological_conclusion"",""base_stage3a_state_version_id"":""state_version_29960e03c0ca6564444dc191"",""cell_id"":""cell_9cfca22fbc766370829a5d1b"",""claim_type"":""FORECAST_GEOLOGICAL_CONDITION"",""source_evidence_id"":""doc_99cb24b0b45c767bece0fac1_e0002"",""source_kind"":""GEOLOGICAL_EVIDENCE"",""state_role"":""DAILY_REVIEW_CELL"",""valid_date"":""2023-12-16""}",FORECAST_GEOLOGICAL_CONDITION,true,true,false,,EXPRESSIBLE,doc_99cb24b0b45c767bece0fac1_e0002,"{""attribute_name"":""geological_conclusion"",""normalized_value"":""该段围岩与当前掌子面相当。岩 性为板岩夹变质砂岩，弱风化， 节理裂隙发育，岩体破碎。"",""source_evidence_id"":""doc_99cb24b0b45c767bece0fac1_e0002""}",,,,null,knowledge_revision_event_7fd3e562bf2fc09afce3cd04,DAILY_REVIEW_CELL,false,OPPORTUNITY_ADDED,2023-12-16,false
false,false,cell_9cfca22fbc766370829a5d1b,"{""attribute_name"":""geological_conclusion"",""base_stage3a_state_version_id"":""state_version_29960e03c0ca6564444dc191"",""cell_id"":""cell_9cfca22fbc766370829a5d1b"",""claim_type"":""FORECAST_GEOLOGICAL_CONDITION"",""source_evidence_id"":""doc_b84482f2cbc3d64012d7baad_e0005"",""source_kind"":""GEOLOGICAL_EVIDENCE"",""state_role"":""DAILY_REVIEW_CELL"",""valid_date"":""2023-12-16""}",FORECAST_GEOLOGICAL_CONDITION,false,false,false,,EXPRESSIBLE,doc_b84482f2cbc3d64012d7baad_e0005,"{""attribute_name"":""geological_conclusion"",""normalized_value"":""该段围岩较前段变差。岩性为板 岩夹变质砂岩，弱风化，岩质软 硬不均，节理裂隙发育密集，层 间结合差，岩体破碎-极破碎"",""source_evidence_id"":""doc_b84482f2cbc3d64012d7baad_e0005""}",,EXPRESSIBLE,doc_b84482f2cbc3d64012d7baad_e0005,"{""attribute_name"":""geological_conclusion"",""normalized_value"":""该段围岩较前段变差。岩性为板 岩夹变质砂岩，弱风化，岩质软 硬不均，节理裂隙发育密集，层 间结合差，岩体破碎-极破碎"",""source_evidence_id"":""doc_b84482f2cbc3d64012d7baad_e0005""}",knowledge_revision_event_7fd3e562bf2fc09afce3cd04,DAILY_REVIEW_CELL,false,UNCHANGED_EXPRESSIBLE,2023-12-16,true
false,false,cell_9cfca22fbc766370829a5d1b,"{""attribute_name"":""geological_description"",""base_stage3a_state_version_id"":""state_version_29960e03c0ca6564444dc191"",""cell_id"":""cell_9cfca22fbc766370829a5d1b"",""claim_type"":""OBSERVED_GEOLOGICAL_CONDITION"",""source_evidence_id"":""doc_99cb24b0b45c767bece0fac1_e0001"",""source_kind"":""GEOLOGICAL_EVIDENCE"",""state_role"":""DAILY_REVIEW_CELL"",""valid_date"":""2023-12-16""}",OBSERVED_GEOLOGICAL_CONDITION,true,true,false,,EXPRESSIBLE,doc_99cb24b0b45c767bece0fac1_e0001,"{""attribute_name"":""geological_description"",""normalized_value"":""开挖面 地质概况 当前掌子面地层岩性为石炭二叠系板岩夹变质砂岩，矿物成分以石英、长 石为主，钙质胶结。围岩整体弱风化，岩质硬，节理裂隙发育密集，岩体破碎, 层间结合差，掌子面滴渗水，存在掉块现象。"",""source_evidence_id"":""doc_99cb24b0b45c767bece0fac1_e0001""}",,,,null,knowledge_revision_event_7fd3e562bf2fc09afce3cd04,DAILY_REVIEW_CELL,false,OPPORTUNITY_ADDED,2023-12-16,false
false,false,cell_9cfca22fbc766370829a5d1b,"{""attribute_name"":""joint_development"",""base_stage3a_state_version_id"":""state_version_29960e03c0ca6564444dc191"",""cell_id"":""cell_9cfca22fbc766370829a5d1b"",""claim_type"":""FORECAST_GEOLOGICAL_CONDITION"",""source_evidence_id"":""doc_665dc65538c9aec44e36752a_e0002"",""source_kind"":""GEOLOGICAL_EVIDENCE"",""state_role"":""DAILY_REVIEW_CELL"",""valid_date"":""2023-12-16""}",FORECAST_GEOLOGICAL_CONDITION,false,false,false,,EXPRESSIBLE,doc_665dc65538c9aec44e36752a_e0002,"{""attribute_name"":""joint_development"",""normalized_value"":""节理裂隙发育密集"",""source_evidence_id"":""doc_665dc65538c9aec44e36752a_e0002""}",,EXPRESSIBLE,doc_665dc65538c9aec44e36752a_e0002,"{""attribute_name"":""joint_development"",""normalized_value"":""节理裂隙发育密集"",""source_evidence_id"":""doc_665dc65538c9aec44e36752a_e0002""}",knowledge_revision_event_7fd3e562bf2fc09afce3cd04,DAILY_REVIEW_CELL,false,UNCHANGED_EXPRESSIBLE,2023-12-16,true
false,false,cell_9cfca22fbc766370829a5d1b,"{""attribute_name"":""joint_development"",""base_stage3a_state_version_id"":""state_version_29960e03c0ca6564444dc191"",""cell_id"":""cell_9cfca22fbc766370829a5d1b"",""claim_type"":""FORECAST_GEOLOGICAL_CONDITION"",""source_evidence_id"":""doc_99cb24b0b45c767bece0fac1_e0002"",""source_kind"":""GEOLOGICAL_EVIDENCE"",""state_role"":""DAILY_REVIEW_CELL"",""valid_date"":""2023-12-16""}",FORECAST_GEOLOGICAL_CONDITION,true,true,false,,EXPRESSIBLE,doc_99cb24b0b45c767bece0fac1_e0002,"{""attribute_name"":""joint_development"",""normalized_value"":""节理裂隙发育"",""source_evidence_id"":""doc_99cb24b0b45c767bece0fac1_e0002""}",,,,null,knowledge_revision_event_7fd3e562bf2fc09afce3cd04,DAILY_REVIEW_CELL,false,OPPORTUNITY_ADDED,2023-12-16,false
false,false,cell_9cfca22fbc766370829a5d1b,"{""attribute_name"":""joint_development"",""base_stage3a_state_version_id"":""state_version_29960e03c0ca6564444dc191"",""cell_id"":""cell_9cfca22fbc766370829a5d1b"",""claim_type"":""FORECAST_GEOLOGICAL_CONDITION"",""source_evidence_id"":""doc_b84482f2cbc3d64012d7baad_e0005"",""source_kind"":""GEOLOGICAL_EVIDENCE"",""state_role"":""DAILY_REVIEW_CELL"",""valid_date"":""2023-12-16""}",FORECAST_GEOLOGICAL_CONDITION,false,false,false,,EXPRESSIBLE,doc_b84482f2cbc3d64012d7baad_e0005,"{""attribute_name"":""joint_development"",""normalized_value"":""节理裂隙发育密集"",""source_evidence_id"":""doc_b84482f2cbc3d64012d7baad_e0005""}",,EXPRESSIBLE,doc_b84482f2cbc3d64012d7baad_e0005,"{""attribute_name"":""joint_development"",""normalized_value"":""节理裂隙发育密集"",""source_evidence_id"":""doc_b84482f2cbc3d64012d7baad_e0005""}",knowledge_revision_event_7fd3e562bf2fc09afce3cd04,DAILY_REVIEW_CELL,false,UNCHANGED_EXPRESSIBLE,2023-12-16,true
false,false,cell_9cfca22fbc766370829a5d1b,"{""attribute_name"":""lithology"",""base_stage3a_state_version_id"":""state_version_29960e03c0ca6564444dc191"",""cell_id"":""cell_9cfca22fbc766370829a5d1b"",""claim_type"":""FORECAST_GEOLOGICAL_CONDITION"",""source_evidence_id"":""doc_665dc65538c9aec44e36752a_e0002"",""source_kind"":""GEOLOGICAL_EVIDENCE"",""state_role"":""DAILY_REVIEW_CELL"",""valid_date"":""2023-12-16""}",FORECAST_GEOLOGICAL_CONDITION,false,false,false,,EXPRESSIBLE,doc_665dc65538c9aec44e36752a_e0002,"{""attribute_name"":""lithology"",""normalized_value"":""板岩夹变质砂岩"",""source_evidence_id"":""doc_665dc65538c9aec44e36752a_e0002""}",,EXPRESSIBLE,doc_665dc65538c9aec44e36752a_e0002,"{""attribute_name"":""lithology"",""normalized_value"":""板岩夹变质砂岩"",""source_evidence_id"":""doc_665dc65538c9aec44e36752a_e0002""}",knowledge_revision_event_7fd3e562bf2fc09afce3cd04,DAILY_REVIEW_CELL,false,UNCHANGED_EXPRESSIBLE,2023-12-16,true
false,false,cell_9cfca22fbc766370829a5d1b,"{""attribute_name"":""lithology"",""base_stage3a_state_version_id"":""state_version_29960e03c0ca6564444dc191"",""cell_id"":""cell_9cfca22fbc766370829a5d1b"",""claim_type"":""FORECAST_GEOLOGICAL_CONDITION"",""source_evidence_id"":""doc_99cb24b0b45c767bece0fac1_e0002"",""source_kind"":""GEOLOGICAL_EVIDENCE"",""state_role"":""DAILY_REVIEW_CELL"",""valid_date"":""2023-12-16""}",FORECAST_GEOLOGICAL_CONDITION,true,true,false,,EXPRESSIBLE,doc_99cb24b0b45c767bece0fac1_e0002,"{""attribute_name"":""lithology"",""normalized_value"":""板岩夹变质砂岩"",""source_evidence_id"":""doc_99cb24b0b45c767bece0fac1_e0002""}",,,,null,knowledge_revision_event_7fd3e562bf2fc09afce3cd04,DAILY_REVIEW_CELL,false,OPPORTUNITY_ADDED,2023-12-16,false
false,false,cell_9cfca22fbc766370829a5d1b,"{""attribute_name"":""lithology"",""base_stage3a_state_version_id"":""state_version_29960e03c0ca6564444dc191"",""cell_id"":""cell_9cfca22fbc766370829a5d1b"",""claim_type"":""FORECAST_GEOLOGICAL_CONDITION"",""source_evidence_id"":""doc_b84482f2cbc3d64012d7baad_e0005"",""source_kind"":""GEOLOGICAL_EVIDENCE"",""state_role"":""DAILY_REVIEW_CELL"",""valid_date"":""2023-12-16""}",FORECAST_GEOLOGICAL_CONDITION,false,false,false,,EXPRESSIBLE,doc_b84482f2cbc3d64012d7baad_e0005,"{""attribute_name"":""lithology"",""normalized_value"":""板岩夹变质砂岩"",""source_evidence_id"":""doc_b84482f2cbc3d64012d7baad_e0005""}",,EXPRESSIBLE,doc_b84482f2cbc3d64012d7baad_e0005,"{""attribute_name"":""lithology"",""normalized_value"":""板岩夹变质砂岩"",""source_evidence_id"":""doc_b84482f2cbc3d64012d7baad_e0005""}",knowledge_revision_event_7fd3e562bf2fc09afce3cd04,DAILY_REVIEW_CELL,false,UNCHANGED_EXPRESSIBLE,2023-12-16,true
false,false,cell_9cfca22fbc766370829a5d1b,"{""attribute_name"":""lithology"",""base_stage3a_state_version_id"":""state_version_29960e03c0ca6564444dc191"",""cell_id"":""cell_9cfca22fbc766370829a5d1b"",""claim_type"":""OBSERVED_GEOLOGICAL_CONDITION"",""source_evidence_id"":""doc_99cb24b0b45c767bece0fac1_e0001"",""source_kind"":""GEOLOGICAL_EVIDENCE"",""state_role"":""DAILY_REVIEW_CELL"",""valid_date"":""2023-12-16""}",OBSERVED_GEOLOGICAL_CONDITION,true,true,false,,EXPRESSIBLE,doc_99cb24b0b45c767bece0fac1_e0001,"{""attribute_name"":""lithology"",""normalized_value"":""板岩夹变质砂岩"",""source_evidence_id"":""doc_99cb24b0b45c767bece0fac1_e0001""}",,,,null,knowledge_revision_event_7fd3e562bf2fc09afce3cd04,DAILY_REVIEW_CELL,false,OPPORTUNITY_ADDED,2023-12-16,false
false,false,cell_9cfca22fbc766370829a5d1b,"{""attribute_name"":""narrative_water_observation"",""base_stage3a_state_version_id"":""state_version_29960e03c0ca6564444dc191"",""cell_id"":""cell_9cfca22fbc766370829a5d1b"",""claim_type"":""FORECAST_GEOLOGICAL_CONDITION"",""source_evidence_id"":""doc_665dc65538c9aec44e36752a_e0002"",""source_kind"":""GEOLOGICAL_EVIDENCE"",""state_role"":""DAILY_REVIEW_CELL"",""valid_date"":""2023-12-16""}",FORECAST_GEOLOGICAL_CONDITION,false,false,false,,EXPRESSIBLE,doc_665dc65538c9aec44e36752a_e0002,"{""attribute_name"":""narrative_water_observation"",""normalized_value"":""滴渗水"",""source_evidence_id"":""doc_665dc65538c9aec44e36752a_e0002""}",,EXPRESSIBLE,doc_665dc65538c9aec44e36752a_e0002,"{""attribute_name"":""narrative_water_observation"",""normalized_value"":""滴渗水"",""source_evidence_id"":""doc_665dc65538c9aec44e36752a_e0002""}",knowledge_revision_event_7fd3e562bf2fc09afce3cd04,DAILY_REVIEW_CELL,false,UNCHANGED_EXPRESSIBLE,2023-12-16,true
false,false,cell_9cfca22fbc766370829a5d1b,"{""attribute_name"":""risk_hint"",""base_stage3a_state_version_id"":""state_version_29960e03c0ca6564444dc191"",""cell_id"":""cell_9cfca22fbc766370829a5d1b"",""claim_type"":""FORECAST_GEOLOGICAL_CONDITION"",""source_evidence_id"":""doc_99cb24b0b45c767bece0fac1_e0002"",""source_kind"":""GEOLOGICAL_EVIDENCE"",""state_role"":""DAILY_REVIEW_CELL"",""valid_date"":""2023-12-16""}",FORECAST_GEOLOGICAL_CONDITION,true,true,false,UNKNOWN_SOURCE_VALUE,ABSTAIN,,"{""attribute_name"":""risk_hint"",""normalized_value"":""UNKNOWN"",""source_evidence_id"":""doc_99cb24b0b45c767bece0fac1_e0002""}",,,,null,knowledge_revision_event_7fd3e562bf2fc09afce3cd04,DAILY_REVIEW_CELL,false,OPPORTUNITY_ADDED,2023-12-16,false
false,false,cell_9cfca22fbc766370829a5d1b,"{""attribute_name"":""risk_hint"",""base_stage3a_state_version_id"":""state_version_29960e03c0ca6564444dc191"",""cell_id"":""cell_9cfca22fbc766370829a5d1b"",""claim_type"":""FORECAST_GEOLOGICAL_CONDITION"",""source_evidence_id"":""doc_b84482f2cbc3d64012d7baad_e0005"",""source_kind"":""GEOLOGICAL_EVIDENCE"",""state_role"":""DAILY_REVIEW_CELL"",""valid_date"":""2023-12-16""}",FORECAST_GEOLOGICAL_CONDITION,false,false,false,,EXPRESSIBLE,doc_b84482f2cbc3d64012d7baad_e0005,"{""attribute_name"":""risk_hint"",""normalized_value"":""里程+412、 +417、+423、 +428、+433、 +438 附近有 掉块风险"",""source_evidence_id"":""doc_b84482f2cbc3d64012d7baad_e0005""}",,EXPRESSIBLE,doc_b84482f2cbc3d64012d7baad_e0005,"{""attribute_name"":""risk_hint"",""normalized_value"":""里程+412、 +417、+423、 +428、+433、 +438 附近有 掉块风险"",""source_evidence_id"":""doc_b84482f2cbc3d64012d7baad_e0005""}",knowledge_revision_event_7fd3e562bf2fc09afce3cd04,DAILY_REVIEW_CELL,false,UNCHANGED_EXPRESSIBLE,2023-12-16,true
false,false,cell_9cfca22fbc766370829a5d1b,"{""attribute_name"":""rock_mass_state"",""base_stage3a_state_version_id"":""state_version_29960e03c0ca6564444dc191"",""cell_id"":""cell_9cfca22fbc766370829a5d1b"",""claim_type"":""FORECAST_GEOLOGICAL_CONDITION"",""source_evidence_id"":""doc_665dc65538c9aec44e36752a_e0002"",""source_kind"":""GEOLOGICAL_EVIDENCE"",""state_role"":""DAILY_REVIEW_CELL"",""valid_date"":""2023-12-16""}",FORECAST_GEOLOGICAL_CONDITION,false,false,false,,EXPRESSIBLE,doc_665dc65538c9aec44e36752a_e0002,"{""attribute_name"":""rock_mass_state"",""normalized_value"":""岩体破碎"",""source_evidence_id"":""doc_665dc65538c9aec44e36752a_e0002""}",,EXPRESSIBLE,doc_665dc65538c9aec44e36752a_e0002,"{""attribute_name"":""rock_mass_state"",""normalized_value"":""岩体破碎"",""source_evidence_id"":""doc_665dc65538c9aec44e36752a_e0002""}",knowledge_revision_event_7fd3e562bf2fc09afce3cd04,DAILY_REVIEW_CELL,false,UNCHANGED_EXPRESSIBLE,2023-12-16,true
false,false,cell_9cfca22fbc766370829a5d1b,"{""attribute_name"":""rock_mass_state"",""base_stage3a_state_version_id"":""state_version_29960e03c0ca6564444dc191"",""cell_id"":""cell_9cfca22fbc766370829a5d1b"",""claim_type"":""FORECAST_GEOLOGICAL_CONDITION"",""source_evidence_id"":""doc_99cb24b0b45c767bece0fac1_e0002"",""source_kind"":""GEOLOGICAL_EVIDENCE"",""state_role"":""DAILY_REVIEW_CELL"",""valid_date"":""2023-12-16""}",FORECAST_GEOLOGICAL_CONDITION,true,true,false,,EXPRESSIBLE,doc_99cb24b0b45c767bece0fac1_e0002,"{""attribute_name"":""rock_mass_state"",""normalized_value"":""岩体破碎"",""source_evidence_id"":""doc_99cb24b0b45c767bece0fac1_e0002""}",,,,null,knowledge_revision_event_7fd3e562bf2fc09afce3cd04,DAILY_REVIEW_CELL,false,OPPORTUNITY_ADDED,2023-12-16,false
false,false,cell_9cfca22fbc766370829a5d1b,"{""attribute_name"":""rock_mass_state"",""base_stage3a_state_version_id"":""state_version_29960e03c0ca6564444dc191"",""cell_id"":""cell_9cfca22fbc766370829a5d1b"",""claim_type"":""FORECAST_GEOLOGICAL_CONDITION"",""source_evidence_id"":""doc_b84482f2cbc3d64012d7baad_e0005"",""source_kind"":""GEOLOGICAL_EVIDENCE"",""state_role"":""DAILY_REVIEW_CELL"",""valid_date"":""2023-12-16""}",FORECAST_GEOLOGICAL_CONDITION,false,false,false,,EXPRESSIBLE,doc_b84482f2cbc3d64012d7baad_e0005,"{""attribute_name"":""rock_mass_state"",""normalized_value"":""岩体破碎-极破碎"",""source_evidence_id"":""doc_b84482f2cbc3d64012d7baad_e0005""}",,EXPRESSIBLE,doc_b84482f2cbc3d64012d7baad_e0005,"{""attribute_name"":""rock_mass_state"",""normalized_value"":""岩体破碎-极破碎"",""source_evidence_id"":""doc_b84482f2cbc3d64012d7baad_e0005""}",knowledge_revision_event_7fd3e562bf2fc09afce3cd04,DAILY_REVIEW_CELL,false,UNCHANGED_EXPRESSIBLE,2023-12-16,true
false,false,cell_9cfca22fbc766370829a5d1b,"{""attribute_name"":""rock_mass_state"",""base_stage3a_state_version_id"":""state_version_29960e03c0ca6564444dc191"",""cell_id"":""cell_9cfca22fbc766370829a5d1b"",""claim_type"":""OBSERVED_GEOLOGICAL_CONDITION"",""source_evidence_id"":""doc_99cb24b0b45c767bece0fac1_e0001"",""source_kind"":""GEOLOGICAL_EVIDENCE"",""state_role"":""DAILY_REVIEW_CELL"",""valid_date"":""2023-12-16""}",OBSERVED_GEOLOGICAL_CONDITION,true,true,false,,EXPRESSIBLE,doc_99cb24b0b45c767bece0fac1_e0001,"{""attribute_name"":""rock_mass_state"",""normalized_value"":""岩体破碎"",""source_evidence_id"":""doc_99cb24b0b45c767bece0fac1_e0001""}",,,,null,knowledge_revision_event_7fd3e562bf2fc09afce3cd04,DAILY_REVIEW_CELL,false,OPPORTUNITY_ADDED,2023-12-16,false
false,false,cell_9cfca22fbc766370829a5d1b,"{""attribute_name"":""stability"",""base_stage3a_state_version_id"":""state_version_29960e03c0ca6564444dc191"",""cell_id"":""cell_9cfca22fbc766370829a5d1b"",""claim_type"":""FORECAST_GEOLOGICAL_CONDITION"",""source_evidence_id"":""doc_665dc65538c9aec44e36752a_e0002"",""source_kind"":""GEOLOGICAL_EVIDENCE"",""state_role"":""DAILY_REVIEW_CELL"",""valid_date"":""2023-12-16""}",FORECAST_GEOLOGICAL_CONDITION,false,false,false,UNKNOWN_SOURCE_VALUE,ABSTAIN,,"{""attribute_name"":""stability"",""normalized_value"":""UNKNOWN"",""source_evidence_id"":""doc_665dc65538c9aec44e36752a_e0002""}",UNKNOWN_SOURCE_VALUE,ABSTAIN,,"{""attribute_name"":""stability"",""normalized_value"":""UNKNOWN"",""source_evidence_id"":""doc_665dc65538c9aec44e36752a_e0002""}",knowledge_revision_event_7fd3e562bf2fc09afce3cd04,DAILY_REVIEW_CELL,false,UNCHANGED_ABSTAIN,2023-12-16,false
false,false,cell_9cfca22fbc766370829a5d1b,"{""attribute_name"":""suggested_grade"",""base_stage3a_state_version_id"":""state_version_29960e03c0ca6564444dc191"",""cell_id"":""cell_9cfca22fbc766370829a5d1b"",""claim_type"":""FORECAST_GEOLOGICAL_CONDITION"",""source_evidence_id"":""doc_99cb24b0b45c767bece0fac1_e0002"",""source_kind"":""GEOLOGICAL_EVIDENCE"",""state_role"":""DAILY_REVIEW_CELL"",""valid_date"":""2023-12-16""}",FORECAST_GEOLOGICAL_CONDITION,true,true,false,,EXPRESSIBLE,doc_99cb24b0b45c767bece0fac1_e0002,"{""attribute_name"":""suggested_grade"",""normalized_value"":""Ⅳ级"",""source_evidence_id"":""doc_99cb24b0b45c767bece0fac1_e0002""}",,,,null,knowledge_revision_event_7fd3e562bf2fc09afce3cd04,DAILY_REVIEW_CELL,false,OPPORTUNITY_ADDED,2023-12-16,false
false,false,cell_9cfca22fbc766370829a5d1b,"{""attribute_name"":""suggested_grade"",""base_stage3a_state_version_id"":""state_version_29960e03c0ca6564444dc191"",""cell_id"":""cell_9cfca22fbc766370829a5d1b"",""claim_type"":""FORECAST_GEOLOGICAL_CONDITION"",""source_evidence_id"":""doc_b84482f2cbc3d64012d7baad_e0005"",""source_kind"":""GEOLOGICAL_EVIDENCE"",""state_role"":""DAILY_REVIEW_CELL"",""valid_date"":""2023-12-16""}",FORECAST_GEOLOGICAL_CONDITION,false,false,false,,EXPRESSIBLE,doc_b84482f2cbc3d64012d7baad_e0005,"{""attribute_name"":""suggested_grade"",""normalized_value"":""Ⅳ级"",""source_evidence_id"":""doc_b84482f2cbc3d64012d7baad_e0005""}",,EXPRESSIBLE,doc_b84482f2cbc3d64012d7baad_e0005,"{""attribute_name"":""suggested_grade"",""normalized_value"":""Ⅳ级"",""source_evidence_id"":""doc_b84482f2cbc3d64012d7baad_e0005""}",knowledge_revision_event_7fd3e562bf2fc09afce3cd04,DAILY_REVIEW_CELL,false,UNCHANGED_EXPRESSIBLE,2023-12-16,true
false,false,cell_9cfca22fbc766370829a5d1b,"{""attribute_name"":""water_type"",""base_stage3a_state_version_id"":""state_version_29960e03c0ca6564444dc191"",""cell_id"":""cell_9cfca22fbc766370829a5d1b"",""claim_type"":""FORECAST_GEOLOGICAL_CONDITION"",""source_evidence_id"":""doc_665dc65538c9aec44e36752a_e0002"",""source_kind"":""GEOLOGICAL_EVIDENCE"",""state_role"":""DAILY_REVIEW_CELL"",""valid_date"":""2023-12-16""}",FORECAST_GEOLOGICAL_CONDITION,false,false,false,,EXPRESSIBLE,doc_665dc65538c9aec44e36752a_e0002,"{""attribute_name"":""water_type"",""normalized_value"":""滴渗水"",""source_evidence_id"":""doc_665dc65538c9aec44e36752a_e0002""}",,EXPRESSIBLE,doc_665dc65538c9aec44e36752a_e0002,"{""attribute_name"":""water_type"",""normalized_value"":""滴渗水"",""source_evidence_id"":""doc_665dc65538c9aec44e36752a_e0002""}",knowledge_revision_event_7fd3e562bf2fc09afce3cd04,DAILY_REVIEW_CELL,false,UNCHANGED_EXPRESSIBLE,2023-12-16,true
false,false,cell_9cfca22fbc766370829a5d1b,"{""attribute_name"":""weathering"",""base_stage3a_state_version_id"":""state_version_29960e03c0ca6564444dc191"",""cell_id"":""cell_9cfca22fbc766370829a5d1b"",""claim_type"":""FORECAST_GEOLOGICAL_CONDITION"",""source_evidence_id"":""doc_665dc65538c9aec44e36752a_e0002"",""source_kind"":""GEOLOGICAL_EVIDENCE"",""state_role"":""DAILY_REVIEW_CELL"",""valid_date"":""2023-12-16""}",FORECAST_GEOLOGICAL_CONDITION,false,false,false,,EXPRESSIBLE,doc_665dc65538c9aec44e36752a_e0002,"{""attribute_name"":""weathering"",""normalized_value"":""弱风化"",""source_evidence_id"":""doc_665dc65538c9aec44e36752a_e0002""}",,EXPRESSIBLE,doc_665dc65538c9aec44e36752a_e0002,"{""attribute_name"":""weathering"",""normalized_value"":""弱风化"",""source_evidence_id"":""doc_665dc65538c9aec44e36752a_e0002""}",knowledge_revision_event_7fd3e562bf2fc09afce3cd04,DAILY_REVIEW_CELL,false,UNCHANGED_EXPRESSIBLE,2023-12-16,true
false,false,cell_9cfca22fbc766370829a5d1b,"{""attribute_name"":""weathering"",""base_stage3a_state_version_id"":""state_version_29960e03c0ca6564444dc191"",""cell_id"":""cell_9cfca22fbc766370829a5d1b"",""claim_type"":""FORECAST_GEOLOGICAL_CONDITION"",""source_evidence_id"":""doc_99cb24b0b45c767bece0fac1_e0002"",""source_kind"":""GEOLOGICAL_EVIDENCE"",""state_role"":""DAILY_REVIEW_CELL"",""valid_date"":""2023-12-16""}",FORECAST_GEOLOGICAL_CONDITION,true,true,false,,EXPRESSIBLE,doc_99cb24b0b45c767bece0fac1_e0002,"{""attribute_name"":""weathering"",""normalized_value"":""弱风化"",""source_evidence_id"":""doc_99cb24b0b45c767bece0fac1_e0002""}",,,,null,knowledge_revision_event_7fd3e562bf2fc09afce3cd04,DAILY_REVIEW_CELL,false,OPPORTUNITY_ADDED,2023-12-16,false
false,false,cell_9cfca22fbc766370829a5d1b,"{""attribute_name"":""weathering"",""base_stage3a_state_version_id"":""state_version_29960e03c0ca6564444dc191"",""cell_id"":""cell_9cfca22fbc766370829a5d1b"",""claim_type"":""FORECAST_GEOLOGICAL_CONDITION"",""source_evidence_id"":""doc_b84482f2cbc3d64012d7baad_e0005"",""source_kind"":""GEOLOGICAL_EVIDENCE"",""state_role"":""DAILY_REVIEW_CELL"",""valid_date"":""2023-12-16""}",FORECAST_GEOLOGICAL_CONDITION,false,false,false,,EXPRESSIBLE,doc_b84482f2cbc3d64012d7baad_e0005,"{""attribute_name"":""weathering"",""normalized_value"":""弱风化"",""source_evidence_id"":""doc_b84482f2cbc3d64012d7baad_e0005""}",,EXPRESSIBLE,doc_b84482f2cbc3d64012d7baad_e0005,"{""attribute_name"":""weathering"",""normalized_value"":""弱风化"",""source_evidence_id"":""doc_b84482f2cbc3d64012d7baad_e0005""}",knowledge_revision_event_7fd3e562bf2fc09afce3cd04,DAILY_REVIEW_CELL,false,UNCHANGED_EXPRESSIBLE,2023-12-16,true
false,false,cell_9cfca22fbc766370829a5d1b,"{""attribute_name"":""weathering"",""base_stage3a_state_version_id"":""state_version_29960e03c0ca6564444dc191"",""cell_id"":""cell_9cfca22fbc766370829a5d1b"",""claim_type"":""OBSERVED_GEOLOGICAL_CONDITION"",""source_evidence_id"":""doc_99cb24b0b45c767bece0fac1_e0001"",""source_kind"":""GEOLOGICAL_EVIDENCE"",""state_role"":""DAILY_REVIEW_CELL"",""valid_date"":""2023-12-16""}",OBSERVED_GEOLOGICAL_CONDITION,true,true,false,,EXPRESSIBLE,doc_99cb24b0b45c767bece0fac1_e0001,"{""attribute_name"":""weathering"",""normalized_value"":""弱风化"",""source_evidence_id"":""doc_99cb24b0b45c767bece0fac1_e0001""}",,,,null,knowledge_revision_event_7fd3e562bf2fc09afce3cd04,DAILY_REVIEW_CELL,false,OPPORTUNITY_ADDED,2023-12-16,false
false,false,cell_9cfca22fbc766370829a5d1b,"{""base_stage3a_state_version_id"":""state_version_29960e03c0ca6564444dc191"",""cell_id"":""cell_9cfca22fbc766370829a5d1b"",""claim_type"":""COUPLED_ATTENTION_REVIEW"",""metric_name"":""GRCI"",""source_kind"":""STATE_GRCI"",""state_role"":""DAILY_REVIEW_CELL"",""valid_date"":""2023-12-16""}",COUPLED_ATTENTION_REVIEW,false,false,false,REQUIRED_METRIC_UNAVAILABLE,ABSTAIN,,null,REQUIRED_METRIC_UNAVAILABLE,ABSTAIN,,null,knowledge_revision_event_7fd3e562bf2fc09afce3cd04,DAILY_REVIEW_CELL,false,UNCHANGED_ABSTAIN,2023-12-16,false
false,false,cell_9cfca22fbc766370829a5d1b,"{""base_stage3a_state_version_id"":""state_version_29960e03c0ca6564444dc191"",""cell_id"":""cell_9cfca22fbc766370829a5d1b"",""claim_type"":""GEOLOGICAL_EVIDENCE_ATTENTION_REVIEW"",""metric_name"":""GRS"",""source_kind"":""STATE_GRS"",""state_role"":""DAILY_REVIEW_CELL"",""valid_date"":""2023-12-16""}",GEOLOGICAL_EVIDENCE_ATTENTION_REVIEW,false,false,false,,EXPRESSIBLE,state_grs_66ac0bc85d9e8392ae7271fb,"{""is_causal_estimate"":false,""is_hazard_probability"":false,""is_probability"":false,""metric_name"":""GRS"",""metric_semantics"":""GEOLOGICAL_EVIDENCE_ATTENTION_INDEX"",""metric_status"":""AVAILABLE"",""metric_value"":0.7888888888888889}",,EXPRESSIBLE,state_grs_d603aa60c01c0d5a5662bb5c,"{""is_causal_estimate"":false,""is_hazard_probability"":false,""is_probability"":false,""metric_name"":""GRS"",""metric_semantics"":""GEOLOGICAL_EVIDENCE_ATTENTION_INDEX"",""metric_status"":""AVAILABLE"",""metric_value"":0.7888888888888889}",knowledge_revision_event_7fd3e562bf2fc09afce3cd04,DAILY_REVIEW_CELL,true,RESOLVED_SUPPORT_CHANGED,2023-12-16,false
false,false,cell_9cfca22fbc766370829a5d1b,"{""base_stage3a_state_version_id"":""state_version_29960e03c0ca6564444dc191"",""cell_id"":""cell_9cfca22fbc766370829a5d1b"",""claim_type"":""OPERATIONAL_RESPONSE_ATTENTION"",""metric_name"":""RAI"",""source_kind"":""STATE_RAI"",""state_role"":""DAILY_REVIEW_CELL"",""valid_date"":""2023-12-16""}",OPERATIONAL_RESPONSE_ATTENTION,false,false,false,REQUIRED_METRIC_UNAVAILABLE,ABSTAIN,,null,REQUIRED_METRIC_UNAVAILABLE,ABSTAIN,,null,knowledge_revision_event_7fd3e562bf2fc09afce3cd04,DAILY_REVIEW_CELL,false,UNCHANGED_ABSTAIN,2023-12-16,false
false,false,cell_59d7ded1be93617fff859fd7,"{""attribute_name"":""anomaly_level"",""base_stage3a_state_version_id"":""state_version_2e2cfb55af620b0b672575ea"",""cell_id"":""cell_59d7ded1be93617fff859fd7"",""claim_type"":""FORECAST_GEOLOGICAL_CONDITION"",""source_evidence_id"":""doc_042ef22be43ba006975946e2_e0002"",""source_kind"":""GEOLOGICAL_EVIDENCE"",""state_role"":""FORWARD_ATTENTION_CELL"",""valid_date"":""2023-09-22""}",FORECAST_GEOLOGICAL_CONDITION,true,true,false,UNKNOWN_SOURCE_VALUE,ABSTAIN,,"{""attribute_name"":""anomaly_level"",""normalized_value"":""NONE"",""source_evidence_id"":""doc_042ef22be43ba006975946e2_e0002""}",,,,null,knowledge_revision_event_8aeca0de8248562abb07a638,FORWARD_ATTENTION_CELL,false,OPPORTUNITY_ADDED,2023-09-22,false
false,false,cell_59d7ded1be93617fff859fd7,"{""attribute_name"":""geological_conclusion"",""base_stage3a_state_version_id"":""state_version_2e2cfb55af620b0b672575ea"",""cell_id"":""cell_59d7ded1be93617fff859fd7"",""claim_type"":""FORECAST_GEOLOGICAL_CONDITION"",""source_evidence_id"":""doc_042ef22be43ba006975946e2_e0002"",""source_kind"":""GEOLOGICAL_EVIDENCE"",""state_role"":""FORWARD_ATTENTION_CELL"",""valid_date"":""2023-09-22""}",FORECAST_GEOLOGICAL_CONDITION,true,true,false,,EXPRESSIBLE,doc_042ef22be43ba006975946e2_e0002,"{""attribute_name"":""geological_conclusion"",""normalized_value"":""该段围岩与当前掌子面相当。岩 性为板岩夹变质砂岩，弱风化， 岩质软硬不均，节理裂隙发育， 岩体破碎，围岩整体稳定性差"",""source_evidence_id"":""doc_042ef22be43ba006975946e2_e0002""}",,,,null,knowledge_revision_event_8aeca0de8248562abb07a638,FORWARD_ATTENTION_CELL,false,OPPORTUNITY_ADDED,2023-09-22,false
false,false,cell_59d7ded1be93617fff859fd7,"{""attribute_name"":""joint_development"",""base_stage3a_state_version_id"":""state_version_2e2cfb55af620b0b672575ea"",""cell_id"":""cell_59d7ded1be93617fff859fd7"",""claim_type"":""FORECAST_GEOLOGICAL_CONDITION"",""source_evidence_id"":""doc_042ef22be43ba006975946e2_e0002"",""source_kind"":""GEOLOGICAL_EVIDENCE"",""state_role"":""FORWARD_ATTENTION_CELL"",""valid_date"":""2023-09-22""}",FORECAST_GEOLOGICAL_CONDITION,true,true,false,,EXPRESSIBLE,doc_042ef22be43ba006975946e2_e0002,"{""attribute_name"":""joint_development"",""normalized_value"":""节理裂隙发育"",""source_evidence_id"":""doc_042ef22be43ba006975946e2_e0002""}",,,,null,knowledge_revision_event_8aeca0de8248562abb07a638,FORWARD_ATTENTION_CELL,false,OPPORTUNITY_ADDED,2023-09-22,false
false,false,cell_59d7ded1be93617fff859fd7,"{""attribute_name"":""lithology"",""base_stage3a_state_version_id"":""state_version_2e2cfb55af620b0b672575ea"",""cell_id"":""cell_59d7ded1be93617fff859fd7"",""claim_type"":""FORECAST_GEOLOGICAL_CONDITION"",""source_evidence_id"":""doc_042ef22be43ba006975946e2_e0002"",""source_kind"":""GEOLOGICAL_EVIDENCE"",""state_role"":""FORWARD_ATTENTION_CELL"",""valid_date"":""2023-09-22""}",FORECAST_GEOLOGICAL_CONDITION,true,true,false,,EXPRESSIBLE,doc_042ef22be43ba006975946e2_e0002,"{""attribute_name"":""lithology"",""normalized_value"":""板岩夹变质砂岩"",""source_evidence_id"":""doc_042ef22be43ba006975946e2_e0002""}",,,,null,knowledge_revision_event_8aeca0de8248562abb07a638,FORWARD_ATTENTION_CELL,false,OPPORTUNITY_ADDED,2023-09-22,false
false,false,cell_59d7ded1be93617fff859fd7,"{""attribute_name"":""risk_hint"",""base_stage3a_state_version_id"":""state_version_2e2cfb55af620b0b672575ea"",""cell_id"":""cell_59d7ded1be93617fff859fd7"",""claim_type"":""FORECAST_GEOLOGICAL_CONDITION"",""source_evidence_id"":""doc_042ef22be43ba006975946e2_e0002"",""source_kind"":""GEOLOGICAL_EVIDENCE"",""state_role"":""FORWARD_ATTENTION_CELL"",""valid_date"":""2023-09-22""}",FORECAST_GEOLOGICAL_CONDITION,true,true,false,UNKNOWN_SOURCE_VALUE,ABSTAIN,,"{""attribute_name"":""risk_hint"",""normalized_value"":""UNKNOWN"",""source_evidence_id"":""doc_042ef22be43ba006975946e2_e0002""}",,,,null,knowledge_revision_event_8aeca0de8248562abb07a638,FORWARD_ATTENTION_CELL,false,OPPORTUNITY_ADDED,2023-09-22,false
false,false,cell_59d7ded1be93617fff859fd7,"{""attribute_name"":""rock_mass_state"",""base_stage3a_state_version_id"":""state_version_2e2cfb55af620b0b672575ea"",""cell_id"":""cell_59d7ded1be93617fff859fd7"",""claim_type"":""FORECAST_GEOLOGICAL_CONDITION"",""source_evidence_id"":""doc_042ef22be43ba006975946e2_e0002"",""source_kind"":""GEOLOGICAL_EVIDENCE"",""state_role"":""FORWARD_ATTENTION_CELL"",""valid_date"":""2023-09-22""}",FORECAST_GEOLOGICAL_CONDITION,true,true,false,,EXPRESSIBLE,doc_042ef22be43ba006975946e2_e0002,"{""attribute_name"":""rock_mass_state"",""normalized_value"":""岩体破碎"",""source_evidence_id"":""doc_042ef22be43ba006975946e2_e0002""}",,,,null,knowledge_revision_event_8aeca0de8248562abb07a638,FORWARD_ATTENTION_CELL,false,OPPORTUNITY_ADDED,2023-09-22,false
false,false,cell_59d7ded1be93617fff859fd7,"{""attribute_name"":""suggested_grade"",""base_stage3a_state_version_id"":""state_version_2e2cfb55af620b0b672575ea"",""cell_id"":""cell_59d7ded1be93617fff859fd7"",""claim_type"":""FORECAST_GEOLOGICAL_CONDITION"",""source_evidence_id"":""doc_042ef22be43ba006975946e2_e0002"",""source_kind"":""GEOLOGICAL_EVIDENCE"",""state_role"":""FORWARD_ATTENTION_CELL"",""valid_date"":""2023-09-22""}",FORECAST_GEOLOGICAL_CONDITION,true,true,false,,EXPRESSIBLE,doc_042ef22be43ba006975946e2_e0002,"{""attribute_name"":""suggested_grade"",""normalized_value"":""Ⅳ级"",""source_evidence_id"":""doc_042ef22be43ba006975946e2_e0002""}",,,,null,knowledge_revision_event_8aeca0de8248562abb07a638,FORWARD_ATTENTION_CELL,false,OPPORTUNITY_ADDED,2023-09-22,false
false,false,cell_59d7ded1be93617fff859fd7,"{""attribute_name"":""weathering"",""base_stage3a_state_version_id"":""state_version_2e2cfb55af620b0b672575ea"",""cell_id"":""cell_59d7ded1be93617fff859fd7"",""claim_type"":""FORECAST_GEOLOGICAL_CONDITION"",""source_evidence_id"":""doc_042ef22be43ba006975946e2_e0002"",""source_kind"":""GEOLOGICAL_EVIDENCE"",""state_role"":""FORWARD_ATTENTION_CELL"",""valid_date"":""2023-09-22""}",FORECAST_GEOLOGICAL_CONDITION,true,true,false,,EXPRESSIBLE,doc_042ef22be43ba006975946e2_e0002,"{""attribute_name"":""weathering"",""normalized_value"":""弱风化"",""source_evidence_id"":""doc_042ef22be43ba006975946e2_e0002""}",,,,null,knowledge_revision_event_8aeca0de8248562abb07a638,FORWARD_ATTENTION_CELL,false,OPPORTUNITY_ADDED,2023-09-22,false
true,true,cell_59d7ded1be93617fff859fd7,"{""base_stage3a_state_version_id"":""state_version_2e2cfb55af620b0b672575ea"",""cell_id"":""cell_59d7ded1be93617fff859fd7"",""claim_type"":""FORWARD_GEOLOGICAL_ATTENTION"",""metric_name"":""GRS"",""source_kind"":""STATE_GRS"",""state_role"":""FORWARD_ATTENTION_CELL"",""valid_date"":""2023-09-22""}",FORWARD_GEOLOGICAL_ATTENTION,true,false,false,,EXPRESSIBLE,state_grs_98159d0b7913b040f7e14533,"{""is_causal_estimate"":false,""is_hazard_probability"":false,""is_probability"":false,""metric_name"":""GRS"",""metric_semantics"":""FORWARD_GEOLOGICAL_EVIDENCE_ATTENTION_INDEX"",""metric_status"":""AVAILABLE"",""metric_value"":0.5416666666666666}",REQUIRED_EPISTEMIC_STATUS_MISSING,ABSTAIN,,null,knowledge_revision_event_8aeca0de8248562abb07a638,FORWARD_ATTENTION_CELL,true,ABSTAIN_TO_EXPRESSIBLE,2023-09-22,false
false,false,cell_59d7ded1be93617fff859fd7,"{""base_stage3a_state_version_id"":""state_version_2e2cfb55af620b0b672575ea"",""cell_id"":""cell_59d7ded1be93617fff859fd7"",""claim_type"":""OPERATIONAL_RESPONSE_ATTENTION"",""metric_name"":""RAI"",""source_kind"":""STATE_RAI"",""state_role"":""FORWARD_ATTENTION_CELL"",""valid_date"":""2023-09-22""}",OPERATIONAL_RESPONSE_ATTENTION,false,false,false,STATE_ROLE_NOT_ALLOWED,ABSTAIN,,null,STATE_ROLE_NOT_ALLOWED,ABSTAIN,,null,knowledge_revision_event_8aeca0de8248562abb07a638,FORWARD_ATTENTION_CELL,false,UNCHANGED_ABSTAIN,2023-09-22,false
false,false,cell_8daeb32ef201b43aa2396d30,"{""attribute_name"":""anomaly_level"",""base_stage3a_state_version_id"":""state_version_5eca6a706f142eb75ed3b958"",""cell_id"":""cell_8daeb32ef201b43aa2396d30"",""claim_type"":""FORECAST_GEOLOGICAL_CONDITION"",""source_evidence_id"":""doc_26329a21844828d7f27d1512_e0002"",""source_kind"":""GEOLOGICAL_EVIDENCE"",""state_role"":""FORWARD_ATTENTION_CELL"",""valid_date"":""2023-12-18""}",FORECAST_GEOLOGICAL_CONDITION,false,false,false,UNKNOWN_SOURCE_VALUE,ABSTAIN,,"{""attribute_name"":""anomaly_level"",""normalized_value"":""NONE"",""source_evidence_id"":""doc_26329a21844828d7f27d1512_e0002""}",UNKNOWN_SOURCE_VALUE,ABSTAIN,,"{""attribute_name"":""anomaly_level"",""normalized_value"":""NONE"",""source_evidence_id"":""doc_26329a21844828d7f27d1512_e0002""}",knowledge_revision_event_8df4a854c908db33eff62758,FORWARD_ATTENTION_CELL,false,UNCHANGED_ABSTAIN,2023-12-18,false
false,false,cell_8daeb32ef201b43aa2396d30,"{""attribute_name"":""anomaly_level"",""base_stage3a_state_version_id"":""state_version_5eca6a706f142eb75ed3b958"",""cell_id"":""cell_8daeb32ef201b43aa2396d30"",""claim_type"":""FORECAST_GEOLOGICAL_CONDITION"",""source_evidence_id"":""doc_99cb24b0b45c767bece0fac1_e0004"",""source_kind"":""GEOLOGICAL_EVIDENCE"",""state_role"":""FORWARD_ATTENTION_CELL"",""valid_date"":""2023-12-18""}",FORECAST_GEOLOGICAL_CONDITION,false,false,false,UNKNOWN_SOURCE_VALUE,ABSTAIN,,"{""attribute_name"":""anomaly_level"",""normalized_value"":""NONE"",""source_evidence_id"":""doc_99cb24b0b45c767bece0fac1_e0004""}",UNKNOWN_SOURCE_VALUE,ABSTAIN,,"{""attribute_name"":""anomaly_level"",""normalized_value"":""NONE"",""source_evidence_id"":""doc_99cb24b0b45c767bece0fac1_e0004""}",knowledge_revision_event_8df4a854c908db33eff62758,FORWARD_ATTENTION_CELL,false,UNCHANGED_ABSTAIN,2023-12-18,false
false,false,cell_8daeb32ef201b43aa2396d30,"{""attribute_name"":""anomaly_level"",""base_stage3a_state_version_id"":""state_version_5eca6a706f142eb75ed3b958"",""cell_id"":""cell_8daeb32ef201b43aa2396d30"",""claim_type"":""FORECAST_GEOLOGICAL_CONDITION"",""source_evidence_id"":""doc_cae21ab80a31f71dbe3e20e9_e0002"",""source_kind"":""GEOLOGICAL_EVIDENCE"",""state_role"":""FORWARD_ATTENTION_CELL"",""valid_date"":""2023-12-18""}",FORECAST_GEOLOGICAL_CONDITION,true,true,false,UNKNOWN_SOURCE_VALUE,ABSTAIN,,"{""attribute_name"":""anomaly_level"",""normalized_value"":""NONE"",""source_evidence_id"":""doc_cae21ab80a31f71dbe3e20e9_e0002""}",,,,null,knowledge_revision_event_8df4a854c908db33eff62758,FORWARD_ATTENTION_CELL,false,OPPORTUNITY_ADDED,2023-12-18,false
false,false,cell_8daeb32ef201b43aa2396d30,"{""attribute_name"":""block_fall_or_collapse"",""base_stage3a_state_version_id"":""state_version_5eca6a706f142eb75ed3b958"",""cell_id"":""cell_8daeb32ef201b43aa2396d30"",""claim_type"":""FORECAST_GEOLOGICAL_CONDITION"",""source_evidence_id"":""doc_26329a21844828d7f27d1512_e0002"",""source_kind"":""GEOLOGICAL_EVIDENCE"",""state_role"":""FORWARD_ATTENTION_CELL"",""valid_date"":""2023-12-18""}",FORECAST_GEOLOGICAL_CONDITION,false,false,false,,EXPRESSIBLE,doc_26329a21844828d7f27d1512_e0002,"{""attribute_name"":""block_fall_or_collapse"",""normalized_value"":""掉块"",""source_evidence_id"":""doc_26329a21844828d7f27d1512_e0002""}",,EXPRESSIBLE,doc_26329a21844828d7f27d1512_e0002,"{""attribute_name"":""block_fall_or_collapse"",""normalized_value"":""掉块"",""source_evidence_id"":""doc_26329a21844828d7f27d1512_e0002""}",knowledge_revision_event_8df4a854c908db33eff62758,FORWARD_ATTENTION_CELL,false,UNCHANGED_EXPRESSIBLE,2023-12-18,true
false,false,cell_8daeb32ef201b43aa2396d30,"{""attribute_name"":""geological_conclusion"",""base_stage3a_state_version_id"":""state_version_5eca6a706f142eb75ed3b958"",""cell_id"":""cell_8daeb32ef201b43aa2396d30"",""claim_type"":""FORECAST_GEOLOGICAL_CONDITION"",""source_evidence_id"":""doc_99cb24b0b45c767bece0fac1_e0004"",""source_kind"":""GEOLOGICAL_EVIDENCE"",""state_role"":""FORWARD_ATTENTION_CELL"",""valid_date"":""2023-12-18""}",FORECAST_GEOLOGICAL_CONDITION,false,false,false,,EXPRESSIBLE,doc_99cb24b0b45c767bece0fac1_e0004,"{""attribute_name"":""geological_conclusion"",""normalized_value"":""该段围岩较前段稍变好。岩性为 板岩夹变质砂岩，弱风化，节理 裂隙发育，岩体破碎。"",""source_evidence_id"":""doc_99cb24b0b45c767bece0fac1_e0004""}",,EXPRESSIBLE,doc_99cb24b0b45c767bece0fac1_e0004,"{""attribute_name"":""geological_conclusion"",""normalized_value"":""该段围岩较前段稍变好。岩性为 板岩夹变质砂岩，弱风化，节理 裂隙发育，岩体破碎。"",""source_evidence_id"":""doc_99cb24b0b45c767bece0fac1_e0004""}",knowledge_revision_event_8df4a854c908db33eff62758,FORWARD_ATTENTION_CELL,false,UNCHANGED_EXPRESSIBLE,2023-12-18,true
false,false,cell_8daeb32ef201b43aa2396d30,"{""attribute_name"":""geological_conclusion"",""base_stage3a_state_version_id"":""state_version_5eca6a706f142eb75ed3b958"",""cell_id"":""cell_8daeb32ef201b43aa2396d30"",""claim_type"":""FORECAST_GEOLOGICAL_CONDITION"",""source_evidence_id"":""doc_cae21ab80a31f71dbe3e20e9_e0002"",""source_kind"":""GEOLOGICAL_EVIDENCE"",""state_role"":""FORWARD_ATTENTION_CELL"",""valid_date"":""2023-12-18""}",FORECAST_GEOLOGICAL_CONDITION,true,true,false,,EXPRESSIBLE,doc_cae21ab80a31f71dbe3e20e9_e0002,"{""attribute_name"":""geological_conclusion"",""normalized_value"":""该段围岩与当前掌子面相当。岩 性为板岩夹变质砂岩，弱风化， 节理裂隙发育，岩体破碎。"",""source_evidence_id"":""doc_cae21ab80a31f71dbe3e20e9_e0002""}",,,,null,knowledge_revision_event_8df4a854c908db33eff62758,FORWARD_ATTENTION_CELL,false,OPPORTUNITY_ADDED,2023-12-18,false
false,false,cell_8daeb32ef201b43aa2396d30,"{""attribute_name"":""joint_development"",""base_stage3a_state_version_id"":""state_version_5eca6a706f142eb75ed3b958"",""cell_id"":""cell_8daeb32ef201b43aa2396d30"",""claim_type"":""FORECAST_GEOLOGICAL_CONDITION"",""source_evidence_id"":""doc_26329a21844828d7f27d1512_e0002"",""source_kind"":""GEOLOGICAL_EVIDENCE"",""state_role"":""FORWARD_ATTENTION_CELL"",""valid_date"":""2023-12-18""}",FORECAST_GEOLOGICAL_CONDITION,false,false,false,,EXPRESSIBLE,doc_26329a21844828d7f27d1512_e0002,"{""attribute_name"":""joint_development"",""normalized_value"":""节理裂隙发育"",""source_evidence_id"":""doc_26329a21844828d7f27d1512_e0002""}",,EXPRESSIBLE,doc_26329a21844828d7f27d1512_e0002,"{""attribute_name"":""joint_development"",""normalized_value"":""节理裂隙发育"",""source_evidence_id"":""doc_26329a21844828d7f27d1512_e0002""}",knowledge_revision_event_8df4a854c908db33eff62758,FORWARD_ATTENTION_CELL,false,UNCHANGED_EXPRESSIBLE,2023-12-18,true
false,false,cell_8daeb32ef201b43aa2396d30,"{""attribute_name"":""joint_development"",""base_stage3a_state_version_id"":""state_version_5eca6a706f142eb75ed3b958"",""cell_id"":""cell_8daeb32ef201b43aa2396d30"",""claim_type"":""FORECAST_GEOLOGICAL_CONDITION"",""source_evidence_id"":""doc_99cb24b0b45c767bece0fac1_e0004"",""source_kind"":""GEOLOGICAL_EVIDENCE"",""state_role"":""FORWARD_ATTENTION_CELL"",""valid_date"":""2023-12-18""}",FORECAST_GEOLOGICAL_CONDITION,false,false,false,,EXPRESSIBLE,doc_99cb24b0b45c767bece0fac1_e0004,"{""attribute_name"":""joint_development"",""normalized_value"":""节理裂隙发育"",""source_evidence_id"":""doc_99cb24b0b45c767bece0fac1_e0004""}",,EXPRESSIBLE,doc_99cb24b0b45c767bece0fac1_e0004,"{""attribute_name"":""joint_development"",""normalized_value"":""节理裂隙发育"",""source_evidence_id"":""doc_99cb24b0b45c767bece0fac1_e0004""}",knowledge_revision_event_8df4a854c908db33eff62758,FORWARD_ATTENTION_CELL,false,UNCHANGED_EXPRESSIBLE,2023-12-18,true
false,false,cell_8daeb32ef201b43aa2396d30,"{""attribute_name"":""joint_development"",""base_stage3a_state_version_id"":""state_version_5eca6a706f142eb75ed3b958"",""cell_id"":""cell_8daeb32ef201b43aa2396d30"",""claim_type"":""FORECAST_GEOLOGICAL_CONDITION"",""source_evidence_id"":""doc_cae21ab80a31f71dbe3e20e9_e0002"",""source_kind"":""GEOLOGICAL_EVIDENCE"",""state_role"":""FORWARD_ATTENTION_CELL"",""valid_date"":""2023-12-18""}",FORECAST_GEOLOGICAL_CONDITION,true,true,false,,EXPRESSIBLE,doc_cae21ab80a31f71dbe3e20e9_e0002,"{""attribute_name"":""joint_development"",""normalized_value"":""节理裂隙发育"",""source_evidence_id"":""doc_cae21ab80a31f71dbe3e20e9_e0002""}",,,,null,knowledge_revision_event_8df4a854c908db33eff62758,FORWARD_ATTENTION_CELL,false,OPPORTUNITY_ADDED,2023-12-18,false
false,false,cell_8daeb32ef201b43aa2396d30,"{""attribute_name"":""lithology"",""base_stage3a_state_version_id"":""state_version_5eca6a706f142eb75ed3b958"",""cell_id"":""cell_8daeb32ef201b43aa2396d30"",""claim_type"":""FORECAST_GEOLOGICAL_CONDITION"",""source_evidence_id"":""doc_26329a21844828d7f27d1512_e0002"",""source_kind"":""GEOLOGICAL_EVIDENCE"",""state_role"":""FORWARD_ATTENTION_CELL"",""valid_date"":""2023-12-18""}",FORECAST_GEOLOGICAL_CONDITION,false,false,false,,EXPRESSIBLE,doc_26329a21844828d7f27d1512_e0002,"{""attribute_name"":""lithology"",""normalized_value"":""板岩夹变质砂岩"",""source_evidence_id"":""doc_26329a21844828d7f27d1512_e0002""}",,EXPRESSIBLE,doc_26329a21844828d7f27d1512_e0002,"{""attribute_name"":""lithology"",""normalized_value"":""板岩夹变质砂岩"",""source_evidence_id"":""doc_26329a21844828d7f27d1512_e0002""}",knowledge_revision_event_8df4a854c908db33eff62758,FORWARD_ATTENTION_CELL,false,UNCHANGED_EXPRESSIBLE,2023-12-18,true
false,false,cell_8daeb32ef201b43aa2396d30,"{""attribute_name"":""lithology"",""base_stage3a_state_version_id"":""state_version_5eca6a706f142eb75ed3b958"",""cell_id"":""cell_8daeb32ef201b43aa2396d30"",""claim_type"":""FORECAST_GEOLOGICAL_CONDITION"",""source_evidence_id"":""doc_99cb24b0b45c767bece0fac1_e0004"",""source_kind"":""GEOLOGICAL_EVIDENCE"",""state_role"":""FORWARD_ATTENTION_CELL"",""valid_date"":""2023-12-18""}",FORECAST_GEOLOGICAL_CONDITION,false,false,false,,EXPRESSIBLE,doc_99cb24b0b45c767bece0fac1_e0004,"{""attribute_name"":""lithology"",""normalized_value"":""板岩夹变质砂岩"",""source_evidence_id"":""doc_99cb24b0b45c767bece0fac1_e0004""}",,EXPRESSIBLE,doc_99cb24b0b45c767bece0fac1_e0004,"{""attribute_name"":""lithology"",""normalized_value"":""板岩夹变质砂岩"",""source_evidence_id"":""doc_99cb24b0b45c767bece0fac1_e0004""}",knowledge_revision_event_8df4a854c908db33eff62758,FORWARD_ATTENTION_CELL,false,UNCHANGED_EXPRESSIBLE,2023-12-18,true
false,false,cell_8daeb32ef201b43aa2396d30,"{""attribute_name"":""lithology"",""base_stage3a_state_version_id"":""state_version_5eca6a706f142eb75ed3b958"",""cell_id"":""cell_8daeb32ef201b43aa2396d30"",""claim_type"":""FORECAST_GEOLOGICAL_CONDITION"",""source_evidence_id"":""doc_cae21ab80a31f71dbe3e20e9_e0002"",""source_kind"":""GEOLOGICAL_EVIDENCE"",""state_role"":""FORWARD_ATTENTION_CELL"",""valid_date"":""2023-12-18""}",FORECAST_GEOLOGICAL_CONDITION,true,true,false,,EXPRESSIBLE,doc_cae21ab80a31f71dbe3e20e9_e0002,"{""attribute_name"":""lithology"",""normalized_value"":""板岩夹变质砂岩"",""source_evidence_id"":""doc_cae21ab80a31f71dbe3e20e9_e0002""}",,,,null,knowledge_revision_event_8df4a854c908db33eff62758,FORWARD_ATTENTION_CELL,false,OPPORTUNITY_ADDED,2023-12-18,false
false,false,cell_8daeb32ef201b43aa2396d30,"{""attribute_name"":""narrative_water_observation"",""base_stage3a_state_version_id"":""state_version_5eca6a706f142eb75ed3b958"",""cell_id"":""cell_8daeb32ef201b43aa2396d30"",""claim_type"":""FORECAST_GEOLOGICAL_CONDITION"",""source_evidence_id"":""doc_26329a21844828d7f27d1512_e0002"",""source_kind"":""GEOLOGICAL_EVIDENCE"",""state_role"":""FORWARD_ATTENTION_CELL"",""valid_date"":""2023-12-18""}",FORECAST_GEOLOGICAL_CONDITION,false,false,false,,EXPRESSIBLE,doc_26329a21844828d7f27d1512_e0002,"{""attribute_name"":""narrative_water_observation"",""normalized_value"":""滴渗水"",""source_evidence_id"":""doc_26329a21844828d7f27d1512_e0002""}",,EXPRESSIBLE,doc_26329a21844828d7f27d1512_e0002,"{""attribute_name"":""narrative_water_observation"",""normalized_value"":""滴渗水"",""source_evidence_id"":""doc_26329a21844828d7f27d1512_e0002""}",knowledge_revision_event_8df4a854c908db33eff62758,FORWARD_ATTENTION_CELL,false,UNCHANGED_EXPRESSIBLE,2023-12-18,true
false,false,cell_8daeb32ef201b43aa2396d30,"{""attribute_name"":""risk_hint"",""base_stage3a_state_version_id"":""state_version_5eca6a706f142eb75ed3b958"",""cell_id"":""cell_8daeb32ef201b43aa2396d30"",""claim_type"":""FORECAST_GEOLOGICAL_CONDITION"",""source_evidence_id"":""doc_99cb24b0b45c767bece0fac1_e0004"",""source_kind"":""GEOLOGICAL_EVIDENCE"",""state_role"":""FORWARD_ATTENTION_CELL"",""valid_date"":""2023-12-18""}",FORECAST_GEOLOGICAL_CONDITION,false,false,false,UNKNOWN_SOURCE_VALUE,ABSTAIN,,"{""attribute_name"":""risk_hint"",""normalized_value"":""UNKNOWN"",""source_evidence_id"":""doc_99cb24b0b45c767bece0fac1_e0004""}",UNKNOWN_SOURCE_VALUE,ABSTAIN,,"{""attribute_name"":""risk_hint"",""normalized_value"":""UNKNOWN"",""source_evidence_id"":""doc_99cb24b0b45c767bece0fac1_e0004""}",knowledge_revision_event_8df4a854c908db33eff62758,FORWARD_ATTENTION_CELL,false,UNCHANGED_ABSTAIN,2023-12-18,false
false,false,cell_8daeb32ef201b43aa2396d30,"{""attribute_name"":""risk_hint"",""base_stage3a_state_version_id"":""state_version_5eca6a706f142eb75ed3b958"",""cell_id"":""cell_8daeb32ef201b43aa2396d30"",""claim_type"":""FORECAST_GEOLOGICAL_CONDITION"",""source_evidence_id"":""doc_cae21ab80a31f71dbe3e20e9_e0002"",""source_kind"":""GEOLOGICAL_EVIDENCE"",""state_role"":""FORWARD_ATTENTION_CELL"",""valid_date"":""2023-12-18""}",FORECAST_GEOLOGICAL_CONDITION,true,true,false,UNKNOWN_SOURCE_VALUE,ABSTAIN,,"{""attribute_name"":""risk_hint"",""normalized_value"":""UNKNOWN"",""source_evidence_id"":""doc_cae21ab80a31f71dbe3e20e9_e0002""}",,,,null,knowledge_revision_event_8df4a854c908db33eff62758,FORWARD_ATTENTION_CELL,false,OPPORTUNITY_ADDED,2023-12-18,false
false,false,cell_8daeb32ef201b43aa2396d30,"{""attribute_name"":""rock_mass_state"",""base_stage3a_state_version_id"":""state_version_5eca6a706f142eb75ed3b958"",""cell_id"":""cell_8daeb32ef201b43aa2396d30"",""claim_type"":""FORECAST_GEOLOGICAL_CONDITION"",""source_evidence_id"":""doc_26329a21844828d7f27d1512_e0002"",""source_kind"":""GEOLOGICAL_EVIDENCE"",""state_role"":""FORWARD_ATTENTION_CELL"",""valid_date"":""2023-12-18""}",FORECAST_GEOLOGICAL_CONDITION,false,false,false,,EXPRESSIBLE,doc_26329a21844828d7f27d1512_e0002,"{""attribute_name"":""rock_mass_state"",""normalized_value"":""岩体破碎"",""source_evidence_id"":""doc_26329a21844828d7f27d1512_e0002""}",,EXPRESSIBLE,doc_26329a21844828d7f27d1512_e0002,"{""attribute_name"":""rock_mass_state"",""normalized_value"":""岩体破碎"",""source_evidence_id"":""doc_26329a21844828d7f27d1512_e0002""}",knowledge_revision_event_8df4a854c908db33eff62758,FORWARD_ATTENTION_CELL,false,UNCHANGED_EXPRESSIBLE,2023-12-18,true
false,false,cell_8daeb32ef201b43aa2396d30,"{""attribute_name"":""rock_mass_state"",""base_stage3a_state_version_id"":""state_version_5eca6a706f142eb75ed3b958"",""cell_id"":""cell_8daeb32ef201b43aa2396d30"",""claim_type"":""FORECAST_GEOLOGICAL_CONDITION"",""source_evidence_id"":""doc_99cb24b0b45c767bece0fac1_e0004"",""source_kind"":""GEOLOGICAL_EVIDENCE"",""state_role"":""FORWARD_ATTENTION_CELL"",""valid_date"":""2023-12-18""}",FORECAST_GEOLOGICAL_CONDITION,false,false,false,,EXPRESSIBLE,doc_99cb24b0b45c767bece0fac1_e0004,"{""attribute_name"":""rock_mass_state"",""normalized_value"":""岩体破碎"",""source_evidence_id"":""doc_99cb24b0b45c767bece0fac1_e0004""}",,EXPRESSIBLE,doc_99cb24b0b45c767bece0fac1_e0004,"{""attribute_name"":""rock_mass_state"",""normalized_value"":""岩体破碎"",""source_evidence_id"":""doc_99cb24b0b45c767bece0fac1_e0004""}",knowledge_revision_event_8df4a854c908db33eff62758,FORWARD_ATTENTION_CELL,false,UNCHANGED_EXPRESSIBLE,2023-12-18,true
false,false,cell_8daeb32ef201b43aa2396d30,"{""attribute_name"":""rock_mass_state"",""base_stage3a_state_version_id"":""state_version_5eca6a706f142eb75ed3b958"",""cell_id"":""cell_8daeb32ef201b43aa2396d30"",""claim_type"":""FORECAST_GEOLOGICAL_CONDITION"",""source_evidence_id"":""doc_cae21ab80a31f71dbe3e20e9_e0002"",""source_kind"":""GEOLOGICAL_EVIDENCE"",""state_role"":""FORWARD_ATTENTION_CELL"",""valid_date"":""2023-12-18""}",FORECAST_GEOLOGICAL_CONDITION,true,true,false,,EXPRESSIBLE,doc_cae21ab80a31f71dbe3e20e9_e0002,"{""attribute_name"":""rock_mass_state"",""normalized_value"":""岩体破碎"",""source_evidence_id"":""doc_cae21ab80a31f71dbe3e20e9_e0002""}",,,,null,knowledge_revision_event_8df4a854c908db33eff62758,FORWARD_ATTENTION_CELL,false,OPPORTUNITY_ADDED,2023-12-18,false
false,false,cell_8daeb32ef201b43aa2396d30,"{""attribute_name"":""stability"",""base_stage3a_state_version_id"":""state_version_5eca6a706f142eb75ed3b958"",""cell_id"":""cell_8daeb32ef201b43aa2396d30"",""claim_type"":""FORECAST_GEOLOGICAL_CONDITION"",""source_evidence_id"":""doc_26329a21844828d7f27d1512_e0002"",""source_kind"":""GEOLOGICAL_EVIDENCE"",""state_role"":""FORWARD_ATTENTION_CELL"",""valid_date"":""2023-12-18""}",FORECAST_GEOLOGICAL_CONDITION,false,false,false,UNKNOWN_SOURCE_VALUE,ABSTAIN,,"{""attribute_name"":""stability"",""normalized_value"":""UNKNOWN"",""source_evidence_id"":""doc_26329a21844828d7f27d1512_e0002""}",UNKNOWN_SOURCE_VALUE,ABSTAIN,,"{""attribute_name"":""stability"",""normalized_value"":""UNKNOWN"",""source_evidence_id"":""doc_26329a21844828d7f27d1512_e0002""}",knowledge_revision_event_8df4a854c908db33eff62758,FORWARD_ATTENTION_CELL,false,UNCHANGED_ABSTAIN,2023-12-18,false
false,false,cell_8daeb32ef201b43aa2396d30,"{""attribute_name"":""suggested_grade"",""base_stage3a_state_version_id"":""state_version_5eca6a706f142eb75ed3b958"",""cell_id"":""cell_8daeb32ef201b43aa2396d30"",""claim_type"":""FORECAST_GEOLOGICAL_CONDITION"",""source_evidence_id"":""doc_99cb24b0b45c767bece0fac1_e0004"",""source_kind"":""GEOLOGICAL_EVIDENCE"",""state_role"":""FORWARD_ATTENTION_CELL"",""valid_date"":""2023-12-18""}",FORECAST_GEOLOGICAL_CONDITION,false,false,false,,EXPRESSIBLE,doc_99cb24b0b45c767bece0fac1_e0004,"{""attribute_name"":""suggested_grade"",""normalized_value"":""Ⅳ级"",""source_evidence_id"":""doc_99cb24b0b45c767bece0fac1_e0004""}",,EXPRESSIBLE,doc_99cb24b0b45c767bece0fac1_e0004,"{""attribute_name"":""suggested_grade"",""normalized_value"":""Ⅳ级"",""source_evidence_id"":""doc_99cb24b0b45c767bece0fac1_e0004""}",knowledge_revision_event_8df4a854c908db33eff62758,FORWARD_ATTENTION_CELL,false,UNCHANGED_EXPRESSIBLE,2023-12-18,true
false,false,cell_8daeb32ef201b43aa2396d30,"{""attribute_name"":""suggested_grade"",""base_stage3a_state_version_id"":""state_version_5eca6a706f142eb75ed3b958"",""cell_id"":""cell_8daeb32ef201b43aa2396d30"",""claim_type"":""FORECAST_GEOLOGICAL_CONDITION"",""source_evidence_id"":""doc_cae21ab80a31f71dbe3e20e9_e0002"",""source_kind"":""GEOLOGICAL_EVIDENCE"",""state_role"":""FORWARD_ATTENTION_CELL"",""valid_date"":""2023-12-18""}",FORECAST_GEOLOGICAL_CONDITION,true,true,false,,EXPRESSIBLE,doc_cae21ab80a31f71dbe3e20e9_e0002,"{""attribute_name"":""suggested_grade"",""normalized_value"":""Ⅳ级"",""source_evidence_id"":""doc_cae21ab80a31f71dbe3e20e9_e0002""}",,,,null,knowledge_revision_event_8df4a854c908db33eff62758,FORWARD_ATTENTION_CELL,false,OPPORTUNITY_ADDED,2023-12-18,false
false,false,cell_8daeb32ef201b43aa2396d30,"{""attribute_name"":""water_type"",""base_stage3a_state_version_id"":""state_version_5eca6a706f142eb75ed3b958"",""cell_id"":""cell_8daeb32ef201b43aa2396d30"",""claim_type"":""FORECAST_GEOLOGICAL_CONDITION"",""source_evidence_id"":""doc_26329a21844828d7f27d1512_e0002"",""source_kind"":""GEOLOGICAL_EVIDENCE"",""state_role"":""FORWARD_ATTENTION_CELL"",""valid_date"":""2023-12-18""}",FORECAST_GEOLOGICAL_CONDITION,false,false,false,,EXPRESSIBLE,doc_26329a21844828d7f27d1512_e0002,"{""attribute_name"":""water_type"",""normalized_value"":""滴渗水"",""source_evidence_id"":""doc_26329a21844828d7f27d1512_e0002""}",,EXPRESSIBLE,doc_26329a21844828d7f27d1512_e0002,"{""attribute_name"":""water_type"",""normalized_value"":""滴渗水"",""source_evidence_id"":""doc_26329a21844828d7f27d1512_e0002""}",knowledge_revision_event_8df4a854c908db33eff62758,FORWARD_ATTENTION_CELL,false,UNCHANGED_EXPRESSIBLE,2023-12-18,true
false,false,cell_8daeb32ef201b43aa2396d30,"{""attribute_name"":""weathering"",""base_stage3a_state_version_id"":""state_version_5eca6a706f142eb75ed3b958"",""cell_id"":""cell_8daeb32ef201b43aa2396d30"",""claim_type"":""FORECAST_GEOLOGICAL_CONDITION"",""source_evidence_id"":""doc_26329a21844828d7f27d1512_e0002"",""source_kind"":""GEOLOGICAL_EVIDENCE"",""state_role"":""FORWARD_ATTENTION_CELL"",""valid_date"":""2023-12-18""}",FORECAST_GEOLOGICAL_CONDITION,false,false,false,,EXPRESSIBLE,doc_26329a21844828d7f27d1512_e0002,"{""attribute_name"":""weathering"",""normalized_value"":""弱风化"",""source_evidence_id"":""doc_26329a21844828d7f27d1512_e0002""}",,EXPRESSIBLE,doc_26329a21844828d7f27d1512_e0002,"{""attribute_name"":""weathering"",""normalized_value"":""弱风化"",""source_evidence_id"":""doc_26329a21844828d7f27d1512_e0002""}",knowledge_revision_event_8df4a854c908db33eff62758,FORWARD_ATTENTION_CELL,false,UNCHANGED_EXPRESSIBLE,2023-12-18,true
false,false,cell_8daeb32ef201b43aa2396d30,"{""attribute_name"":""weathering"",""base_stage3a_state_version_id"":""state_version_5eca6a706f142eb75ed3b958"",""cell_id"":""cell_8daeb32ef201b43aa2396d30"",""claim_type"":""FORECAST_GEOLOGICAL_CONDITION"",""source_evidence_id"":""doc_99cb24b0b45c767bece0fac1_e0004"",""source_kind"":""GEOLOGICAL_EVIDENCE"",""state_role"":""FORWARD_ATTENTION_CELL"",""valid_date"":""2023-12-18""}",FORECAST_GEOLOGICAL_CONDITION,false,false,false,,EXPRESSIBLE,doc_99cb24b0b45c767bece0fac1_e0004,"{""attribute_name"":""weathering"",""normalized_value"":""弱风化"",""source_evidence_id"":""doc_99cb24b0b45c767bece0fac1_e0004""}",,EXPRESSIBLE,doc_99cb24b0b45c767bece0fac1_e0004,"{""attribute_name"":""weathering"",""normalized_value"":""弱风化"",""source_evidence_id"":""doc_99cb24b0b45c767bece0fac1_e0004""}",knowledge_revision_event_8df4a854c908db33eff62758,FORWARD_ATTENTION_CELL,false,UNCHANGED_EXPRESSIBLE,2023-12-18,true
false,false,cell_8daeb32ef201b43aa2396d30,"{""attribute_name"":""weathering"",""base_stage3a_state_version_id"":""state_version_5eca6a706f142eb75ed3b958"",""cell_id"":""cell_8daeb32ef201b43aa2396d30"",""claim_type"":""FORECAST_GEOLOGICAL_CONDITION"",""source_evidence_id"":""doc_cae21ab80a31f71dbe3e20e9_e0002"",""source_kind"":""GEOLOGICAL_EVIDENCE"",""state_role"":""FORWARD_ATTENTION_CELL"",""valid_date"":""2023-12-18""}",FORECAST_GEOLOGICAL_CONDITION,true,true,false,,EXPRESSIBLE,doc_cae21ab80a31f71dbe3e20e9_e0002,"{""attribute_name"":""weathering"",""normalized_value"":""弱风化"",""source_evidence_id"":""doc_cae21ab80a31f71dbe3e20e9_e0002""}",,,,null,knowledge_revision_event_8df4a854c908db33eff62758,FORWARD_ATTENTION_CELL,false,OPPORTUNITY_ADDED,2023-12-18,false
false,false,cell_8daeb32ef201b43aa2396d30,"{""base_stage3a_state_version_id"":""state_version_5eca6a706f142eb75ed3b958"",""cell_id"":""cell_8daeb32ef201b43aa2396d30"",""claim_type"":""FORWARD_GEOLOGICAL_ATTENTION"",""metric_name"":""GRS"",""source_kind"":""STATE_GRS"",""state_role"":""FORWARD_ATTENTION_CELL"",""valid_date"":""2023-12-18""}",FORWARD_GEOLOGICAL_ATTENTION,false,false,false,,EXPRESSIBLE,state_grs_eb20313900a9f2ccbc3a363a,"{""is_causal_estimate"":false,""is_hazard_probability"":false,""is_probability"":false,""metric_name"":""GRS"",""metric_semantics"":""FORWARD_GEOLOGICAL_EVIDENCE_ATTENTION_INDEX"",""metric_status"":""AVAILABLE"",""metric_value"":0.5944444444444444}",,EXPRESSIBLE,state_grs_5cb16d6214fa56c25d7e95cc,"{""is_causal_estimate"":false,""is_hazard_probability"":false,""is_probability"":false,""metric_name"":""GRS"",""metric_semantics"":""FORWARD_GEOLOGICAL_EVIDENCE_ATTENTION_INDEX"",""metric_status"":""AVAILABLE"",""metric_value"":0.5944444444444444}",knowledge_revision_event_8df4a854c908db33eff62758,FORWARD_ATTENTION_CELL,true,RESOLVED_SUPPORT_CHANGED,2023-12-18,false
false,false,cell_8daeb32ef201b43aa2396d30,"{""base_stage3a_state_version_id"":""state_version_5eca6a706f142eb75ed3b958"",""cell_id"":""cell_8daeb32ef201b43aa2396d30"",""claim_type"":""OPERATIONAL_RESPONSE_ATTENTION"",""metric_name"":""RAI"",""source_kind"":""STATE_RAI"",""state_role"":""FORWARD_ATTENTION_CELL"",""valid_date"":""2023-12-18""}",OPERATIONAL_RESPONSE_ATTENTION,false,false,false,STATE_ROLE_NOT_ALLOWED,ABSTAIN,,null,STATE_ROLE_NOT_ALLOWED,ABSTAIN,,null,knowledge_revision_event_8df4a854c908db33eff62758,FORWARD_ATTENTION_CELL,false,UNCHANGED_ABSTAIN,2023-12-18,false
false,false,cell_a7a9faa90556b5f0054f0fd0,"{""attribute_name"":""anomaly_level"",""base_stage3a_state_version_id"":""state_version_eb212ddb965b21a89543001f"",""cell_id"":""cell_a7a9faa90556b5f0054f0fd0"",""claim_type"":""FORECAST_GEOLOGICAL_CONDITION"",""source_evidence_id"":""doc_042ef22be43ba006975946e2_e0002"",""source_kind"":""GEOLOGICAL_EVIDENCE"",""state_role"":""DAILY_REVIEW_CELL"",""valid_date"":""2023-09-22""}",FORECAST_GEOLOGICAL_CONDITION,true,true,false,UNKNOWN_SOURCE_VALUE,ABSTAIN,,"{""attribute_name"":""anomaly_level"",""normalized_value"":""NONE"",""source_evidence_id"":""doc_042ef22be43ba006975946e2_e0002""}",,,,null,knowledge_revision_event_9177a8cf2b831a3ad8fc81ec,DAILY_REVIEW_CELL,false,OPPORTUNITY_ADDED,2023-09-22,false
false,false,cell_a7a9faa90556b5f0054f0fd0,"{""attribute_name"":""anomaly_level"",""base_stage3a_state_version_id"":""state_version_eb212ddb965b21a89543001f"",""cell_id"":""cell_a7a9faa90556b5f0054f0fd0"",""claim_type"":""FORECAST_GEOLOGICAL_CONDITION"",""source_evidence_id"":""doc_56a4057acb6bbfd5196d07a6_e0005"",""source_kind"":""GEOLOGICAL_EVIDENCE"",""state_role"":""DAILY_REVIEW_CELL"",""valid_date"":""2023-09-22""}",FORECAST_GEOLOGICAL_CONDITION,false,false,false,,EXPRESSIBLE,doc_56a4057acb6bbfd5196d07a6_e0005,"{""attribute_name"":""anomaly_level"",""normalized_value"":""HIGH"",""source_evidence_id"":""doc_56a4057acb6bbfd5196d07a6_e0005""}",,EXPRESSIBLE,doc_56a4057acb6bbfd5196d07a6_e0005,"{""attribute_name"":""anomaly_level"",""normalized_value"":""HIGH"",""source_evidence_id"":""doc_56a4057acb6bbfd5196d07a6_e0005""}",knowledge_revision_event_9177a8cf2b831a3ad8fc81ec,DAILY_REVIEW_CELL,false,UNCHANGED_EXPRESSIBLE,2023-09-22,true
false,false,cell_a7a9faa90556b5f0054f0fd0,"{""attribute_name"":""geological_conclusion"",""base_stage3a_state_version_id"":""state_version_eb212ddb965b21a89543001f"",""cell_id"":""cell_a7a9faa90556b5f0054f0fd0"",""claim_type"":""FORECAST_GEOLOGICAL_CONDITION"",""source_evidence_id"":""doc_042ef22be43ba006975946e2_e0002"",""source_kind"":""GEOLOGICAL_EVIDENCE"",""state_role"":""DAILY_REVIEW_CELL"",""valid_date"":""2023-09-22""}",FORECAST_GEOLOGICAL_CONDITION,true,true,false,,EXPRESSIBLE,doc_042ef22be43ba006975946e2_e0002,"{""attribute_name"":""geological_conclusion"",""normalized_value"":""该段围岩与当前掌子面相当。岩 性为板岩夹变质砂岩，弱风化， 岩质软硬不均，节理裂隙发育， 岩体破碎，围岩整体稳定性差"",""source_evidence_id"":""doc_042ef22be43ba006975946e2_e0002""}",,,,null,knowledge_revision_event_9177a8cf2b831a3ad8fc81ec,DAILY_REVIEW_CELL,false,OPPORTUNITY_ADDED,2023-09-22,false
false,false,cell_a7a9faa90556b5f0054f0fd0,"{""attribute_name"":""geological_conclusion"",""base_stage3a_state_version_id"":""state_version_eb212ddb965b21a89543001f"",""cell_id"":""cell_a7a9faa90556b5f0054f0fd0"",""claim_type"":""FORECAST_GEOLOGICAL_CONDITION"",""source_evidence_id"":""doc_56a4057acb6bbfd5196d07a6_e0005"",""source_kind"":""GEOLOGICAL_EVIDENCE"",""state_role"":""DAILY_REVIEW_CELL"",""valid_date"":""2023-09-22""}",FORECAST_GEOLOGICAL_CONDITION,false,false,false,,EXPRESSIBLE,doc_56a4057acb6bbfd5196d07a6_e0005,"{""attribute_name"":""geological_conclusion"",""normalized_value"":""该段围岩较前段明显变差。岩性 为板岩夹变质砂岩，弱风化，岩 质软硬不均，节理裂隙发育密集， 岩体破碎-极破碎，围岩整体稳定 性差"",""source_evidence_id"":""doc_56a4057acb6bbfd5196d07a6_e0005""}",,EXPRESSIBLE,doc_56a4057acb6bbfd5196d07a6_e0005,"{""attribute_name"":""geological_conclusion"",""normalized_value"":""该段围岩较前段明显变差。岩性 为板岩夹变质砂岩，弱风化，岩 质软硬不均，节理裂隙发育密集， 岩体破碎-极破碎，围岩整体稳定 性差"",""source_evidence_id"":""doc_56a4057acb6bbfd5196d07a6_e0005""}",knowledge_revision_event_9177a8cf2b831a3ad8fc81ec,DAILY_REVIEW_CELL,false,UNCHANGED_EXPRESSIBLE,2023-09-22,true
false,false,cell_a7a9faa90556b5f0054f0fd0,"{""attribute_name"":""geological_description"",""base_stage3a_state_version_id"":""state_version_eb212ddb965b21a89543001f"",""cell_id"":""cell_a7a9faa90556b5f0054f0fd0"",""claim_type"":""OBSERVED_GEOLOGICAL_CONDITION"",""source_evidence_id"":""doc_042ef22be43ba006975946e2_e0001"",""source_kind"":""GEOLOGICAL_EVIDENCE"",""state_role"":""DAILY_REVIEW_CELL"",""valid_date"":""2023-09-22""}",OBSERVED_GEOLOGICAL_CONDITION,true,true,false,,EXPRESSIBLE,doc_042ef22be43ba006975946e2_e0001,"{""attribute_name"":""geological_description"",""normalized_value"":""开挖面 地质概况 掌子面地层岩性为石炭二叠系板岩夹变质砂岩，围岩整体弱风化，岩质软 硬不均，节理裂隙发育，岩体破碎，拱顶节理裂隙发育相对密集，存在轻微掉 块现象，围岩自稳性较差。"",""source_evidence_id"":""doc_042ef22be43ba006975946e2_e0001""}",,,,null,knowledge_revision_event_9177a8cf2b831a3ad8fc81ec,DAILY_REVIEW_CELL,false,OPPORTUNITY_ADDED,2023-09-22,false
false,false,cell_a7a9faa90556b5f0054f0fd0,"{""attribute_name"":""joint_development"",""base_stage3a_state_version_id"":""state_version_eb212ddb965b21a89543001f"",""cell_id"":""cell_a7a9faa90556b5f0054f0fd0"",""claim_type"":""FORECAST_GEOLOGICAL_CONDITION"",""source_evidence_id"":""doc_042ef22be43ba006975946e2_e0002"",""source_kind"":""GEOLOGICAL_EVIDENCE"",""state_role"":""DAILY_REVIEW_CELL"",""valid_date"":""2023-09-22""}",FORECAST_GEOLOGICAL_CONDITION,true,true,false,,EXPRESSIBLE,doc_042ef22be43ba006975946e2_e0002,"{""attribute_name"":""joint_development"",""normalized_value"":""节理裂隙发育"",""source_evidence_id"":""doc_042ef22be43ba006975946e2_e0002""}",,,,null,knowledge_revision_event_9177a8cf2b831a3ad8fc81ec,DAILY_REVIEW_CELL,false,OPPORTUNITY_ADDED,2023-09-22,false
false,false,cell_a7a9faa90556b5f0054f0fd0,"{""attribute_name"":""joint_development"",""base_stage3a_state_version_id"":""state_version_eb212ddb965b21a89543001f"",""cell_id"":""cell_a7a9faa90556b5f0054f0fd0"",""claim_type"":""FORECAST_GEOLOGICAL_CONDITION"",""source_evidence_id"":""doc_56a4057acb6bbfd5196d07a6_e0005"",""source_kind"":""GEOLOGICAL_EVIDENCE"",""state_role"":""DAILY_REVIEW_CELL"",""valid_date"":""2023-09-22""}",FORECAST_GEOLOGICAL_CONDITION,false,false,false,,EXPRESSIBLE,doc_56a4057acb6bbfd5196d07a6_e0005,"{""attribute_name"":""joint_development"",""normalized_value"":""节理裂隙发育密集"",""source_evidence_id"":""doc_56a4057acb6bbfd5196d07a6_e0005""}",,EXPRESSIBLE,doc_56a4057acb6bbfd5196d07a6_e0005,"{""attribute_name"":""joint_development"",""normalized_value"":""节理裂隙发育密集"",""source_evidence_id"":""doc_56a4057acb6bbfd5196d07a6_e0005""}",knowledge_revision_event_9177a8cf2b831a3ad8fc81ec,DAILY_REVIEW_CELL,false,UNCHANGED_EXPRESSIBLE,2023-09-22,true
false,false,cell_a7a9faa90556b5f0054f0fd0,"{""attribute_name"":""lithology"",""base_stage3a_state_version_id"":""state_version_eb212ddb965b21a89543001f"",""cell_id"":""cell_a7a9faa90556b5f0054f0fd0"",""claim_type"":""FORECAST_GEOLOGICAL_CONDITION"",""source_evidence_id"":""doc_042ef22be43ba006975946e2_e0002"",""source_kind"":""GEOLOGICAL_EVIDENCE"",""state_role"":""DAILY_REVIEW_CELL"",""valid_date"":""2023-09-22""}",FORECAST_GEOLOGICAL_CONDITION,true,true,false,,EXPRESSIBLE,doc_042ef22be43ba006975946e2_e0002,"{""attribute_name"":""lithology"",""normalized_value"":""板岩夹变质砂岩"",""source_evidence_id"":""doc_042ef22be43ba006975946e2_e0002""}",,,,null,knowledge_revision_event_9177a8cf2b831a3ad8fc81ec,DAILY_REVIEW_CELL,false,OPPORTUNITY_ADDED,2023-09-22,false
false,false,cell_a7a9faa90556b5f0054f0fd0,"{""attribute_name"":""lithology"",""base_stage3a_state_version_id"":""state_version_eb212ddb965b21a89543001f"",""cell_id"":""cell_a7a9faa90556b5f0054f0fd0"",""claim_type"":""FORECAST_GEOLOGICAL_CONDITION"",""source_evidence_id"":""doc_56a4057acb6bbfd5196d07a6_e0005"",""source_kind"":""GEOLOGICAL_EVIDENCE"",""state_role"":""DAILY_REVIEW_CELL"",""valid_date"":""2023-09-22""}",FORECAST_GEOLOGICAL_CONDITION,false,false,false,,EXPRESSIBLE,doc_56a4057acb6bbfd5196d07a6_e0005,"{""attribute_name"":""lithology"",""normalized_value"":""板岩夹变质砂岩"",""source_evidence_id"":""doc_56a4057acb6bbfd5196d07a6_e0005""}",,EXPRESSIBLE,doc_56a4057acb6bbfd5196d07a6_e0005,"{""attribute_name"":""lithology"",""normalized_value"":""板岩夹变质砂岩"",""source_evidence_id"":""doc_56a4057acb6bbfd5196d07a6_e0005""}",knowledge_revision_event_9177a8cf2b831a3ad8fc81ec,DAILY_REVIEW_CELL,false,UNCHANGED_EXPRESSIBLE,2023-09-22,true
false,false,cell_a7a9faa90556b5f0054f0fd0,"{""attribute_name"":""lithology"",""base_stage3a_state_version_id"":""state_version_eb212ddb965b21a89543001f"",""cell_id"":""cell_a7a9faa90556b5f0054f0fd0"",""claim_type"":""OBSERVED_GEOLOGICAL_CONDITION"",""source_evidence_id"":""doc_042ef22be43ba006975946e2_e0001"",""source_kind"":""GEOLOGICAL_EVIDENCE"",""state_role"":""DAILY_REVIEW_CELL"",""valid_date"":""2023-09-22""}",OBSERVED_GEOLOGICAL_CONDITION,true,true,false,,EXPRESSIBLE,doc_042ef22be43ba006975946e2_e0001,"{""attribute_name"":""lithology"",""normalized_value"":""板岩夹变质砂岩"",""source_evidence_id"":""doc_042ef22be43ba006975946e2_e0001""}",,,,null,knowledge_revision_event_9177a8cf2b831a3ad8fc81ec,DAILY_REVIEW_CELL,false,OPPORTUNITY_ADDED,2023-09-22,false
false,false,cell_a7a9faa90556b5f0054f0fd0,"{""attribute_name"":""risk_hint"",""base_stage3a_state_version_id"":""state_version_eb212ddb965b21a89543001f"",""cell_id"":""cell_a7a9faa90556b5f0054f0fd0"",""claim_type"":""FORECAST_GEOLOGICAL_CONDITION"",""source_evidence_id"":""doc_042ef22be43ba006975946e2_e0002"",""source_kind"":""GEOLOGICAL_EVIDENCE"",""state_role"":""DAILY_REVIEW_CELL"",""valid_date"":""2023-09-22""}",FORECAST_GEOLOGICAL_CONDITION,true,true,false,UNKNOWN_SOURCE_VALUE,ABSTAIN,,"{""attribute_name"":""risk_hint"",""normalized_value"":""UNKNOWN"",""source_evidence_id"":""doc_042ef22be43ba006975946e2_e0002""}",,,,null,knowledge_revision_event_9177a8cf2b831a3ad8fc81ec,DAILY_REVIEW_CELL,false,OPPORTUNITY_ADDED,2023-09-22,false
false,false,cell_a7a9faa90556b5f0054f0fd0,"{""attribute_name"":""risk_hint"",""base_stage3a_state_version_id"":""state_version_eb212ddb965b21a89543001f"",""cell_id"":""cell_a7a9faa90556b5f0054f0fd0"",""claim_type"":""FORECAST_GEOLOGICAL_CONDITION"",""source_evidence_id"":""doc_56a4057acb6bbfd5196d07a6_e0005"",""source_kind"":""GEOLOGICAL_EVIDENCE"",""state_role"":""DAILY_REVIEW_CELL"",""valid_date"":""2023-09-22""}",FORECAST_GEOLOGICAL_CONDITION,false,false,false,,EXPRESSIBLE,doc_56a4057acb6bbfd5196d07a6_e0005,"{""attribute_name"":""risk_hint"",""normalized_value"":""里程+265、 +273、+282 附近有掉块 风险"",""source_evidence_id"":""doc_56a4057acb6bbfd5196d07a6_e0005""}",,EXPRESSIBLE,doc_56a4057acb6bbfd5196d07a6_e0005,"{""attribute_name"":""risk_hint"",""normalized_value"":""里程+265、 +273、+282 附近有掉块 风险"",""source_evidence_id"":""doc_56a4057acb6bbfd5196d07a6_e0005""}",knowledge_revision_event_9177a8cf2b831a3ad8fc81ec,DAILY_REVIEW_CELL,false,UNCHANGED_EXPRESSIBLE,2023-09-22,true
false,false,cell_a7a9faa90556b5f0054f0fd0,"{""attribute_name"":""rock_mass_state"",""base_stage3a_state_version_id"":""state_version_eb212ddb965b21a89543001f"",""cell_id"":""cell_a7a9faa90556b5f0054f0fd0"",""claim_type"":""FORECAST_GEOLOGICAL_CONDITION"",""source_evidence_id"":""doc_042ef22be43ba006975946e2_e0002"",""source_kind"":""GEOLOGICAL_EVIDENCE"",""state_role"":""DAILY_REVIEW_CELL"",""valid_date"":""2023-09-22""}",FORECAST_GEOLOGICAL_CONDITION,true,true,false,,EXPRESSIBLE,doc_042ef22be43ba006975946e2_e0002,"{""attribute_name"":""rock_mass_state"",""normalized_value"":""岩体破碎"",""source_evidence_id"":""doc_042ef22be43ba006975946e2_e0002""}",,,,null,knowledge_revision_event_9177a8cf2b831a3ad8fc81ec,DAILY_REVIEW_CELL,false,OPPORTUNITY_ADDED,2023-09-22,false
false,false,cell_a7a9faa90556b5f0054f0fd0,"{""attribute_name"":""rock_mass_state"",""base_stage3a_state_version_id"":""state_version_eb212ddb965b21a89543001f"",""cell_id"":""cell_a7a9faa90556b5f0054f0fd0"",""claim_type"":""FORECAST_GEOLOGICAL_CONDITION"",""source_evidence_id"":""doc_56a4057acb6bbfd5196d07a6_e0005"",""source_kind"":""GEOLOGICAL_EVIDENCE"",""state_role"":""DAILY_REVIEW_CELL"",""valid_date"":""2023-09-22""}",FORECAST_GEOLOGICAL_CONDITION,false,false,false,,EXPRESSIBLE,doc_56a4057acb6bbfd5196d07a6_e0005,"{""attribute_name"":""rock_mass_state"",""normalized_value"":""岩体破碎-极破碎"",""source_evidence_id"":""doc_56a4057acb6bbfd5196d07a6_e0005""}",,EXPRESSIBLE,doc_56a4057acb6bbfd5196d07a6_e0005,"{""attribute_name"":""rock_mass_state"",""normalized_value"":""岩体破碎-极破碎"",""source_evidence_id"":""doc_56a4057acb6bbfd5196d07a6_e0005""}",knowledge_revision_event_9177a8cf2b831a3ad8fc81ec,DAILY_REVIEW_CELL,false,UNCHANGED_EXPRESSIBLE,2023-09-22,true
false,false,cell_a7a9faa90556b5f0054f0fd0,"{""attribute_name"":""rock_mass_state"",""base_stage3a_state_version_id"":""state_version_eb212ddb965b21a89543001f"",""cell_id"":""cell_a7a9faa90556b5f0054f0fd0"",""claim_type"":""OBSERVED_GEOLOGICAL_CONDITION"",""source_evidence_id"":""doc_042ef22be43ba006975946e2_e0001"",""source_kind"":""GEOLOGICAL_EVIDENCE"",""state_role"":""DAILY_REVIEW_CELL"",""valid_date"":""2023-09-22""}",OBSERVED_GEOLOGICAL_CONDITION,true,true,false,,EXPRESSIBLE,doc_042ef22be43ba006975946e2_e0001,"{""attribute_name"":""rock_mass_state"",""normalized_value"":""岩体破碎"",""source_evidence_id"":""doc_042ef22be43ba006975946e2_e0001""}",,,,null,knowledge_revision_event_9177a8cf2b831a3ad8fc81ec,DAILY_REVIEW_CELL,false,OPPORTUNITY_ADDED,2023-09-22,false
false,false,cell_a7a9faa90556b5f0054f0fd0,"{""attribute_name"":""suggested_grade"",""base_stage3a_state_version_id"":""state_version_eb212ddb965b21a89543001f"",""cell_id"":""cell_a7a9faa90556b5f0054f0fd0"",""claim_type"":""FORECAST_GEOLOGICAL_CONDITION"",""source_evidence_id"":""doc_042ef22be43ba006975946e2_e0002"",""source_kind"":""GEOLOGICAL_EVIDENCE"",""state_role"":""DAILY_REVIEW_CELL"",""valid_date"":""2023-09-22""}",FORECAST_GEOLOGICAL_CONDITION,true,true,false,,EXPRESSIBLE,doc_042ef22be43ba006975946e2_e0002,"{""attribute_name"":""suggested_grade"",""normalized_value"":""Ⅳ级"",""source_evidence_id"":""doc_042ef22be43ba006975946e2_e0002""}",,,,null,knowledge_revision_event_9177a8cf2b831a3ad8fc81ec,DAILY_REVIEW_CELL,false,OPPORTUNITY_ADDED,2023-09-22,false
false,false,cell_a7a9faa90556b5f0054f0fd0,"{""attribute_name"":""suggested_grade"",""base_stage3a_state_version_id"":""state_version_eb212ddb965b21a89543001f"",""cell_id"":""cell_a7a9faa90556b5f0054f0fd0"",""claim_type"":""FORECAST_GEOLOGICAL_CONDITION"",""source_evidence_id"":""doc_56a4057acb6bbfd5196d07a6_e0005"",""source_kind"":""GEOLOGICAL_EVIDENCE"",""state_role"":""DAILY_REVIEW_CELL"",""valid_date"":""2023-09-22""}",FORECAST_GEOLOGICAL_CONDITION,false,false,false,,EXPRESSIBLE,doc_56a4057acb6bbfd5196d07a6_e0005,"{""attribute_name"":""suggested_grade"",""normalized_value"":""Ⅴ级"",""source_evidence_id"":""doc_56a4057acb6bbfd5196d07a6_e0005""}",,EXPRESSIBLE,doc_56a4057acb6bbfd5196d07a6_e0005,"{""attribute_name"":""suggested_grade"",""normalized_value"":""Ⅴ级"",""source_evidence_id"":""doc_56a4057acb6bbfd5196d07a6_e0005""}",knowledge_revision_event_9177a8cf2b831a3ad8fc81ec,DAILY_REVIEW_CELL,false,UNCHANGED_EXPRESSIBLE,2023-09-22,true
false,false,cell_a7a9faa90556b5f0054f0fd0,"{""attribute_name"":""weathering"",""base_stage3a_state_version_id"":""state_version_eb212ddb965b21a89543001f"",""cell_id"":""cell_a7a9faa90556b5f0054f0fd0"",""claim_type"":""FORECAST_GEOLOGICAL_CONDITION"",""source_evidence_id"":""doc_042ef22be43ba006975946e2_e0002"",""source_kind"":""GEOLOGICAL_EVIDENCE"",""state_role"":""DAILY_REVIEW_CELL"",""valid_date"":""2023-09-22""}",FORECAST_GEOLOGICAL_CONDITION,true,true,false,,EXPRESSIBLE,doc_042ef22be43ba006975946e2_e0002,"{""attribute_name"":""weathering"",""normalized_value"":""弱风化"",""source_evidence_id"":""doc_042ef22be43ba006975946e2_e0002""}",,,,null,knowledge_revision_event_9177a8cf2b831a3ad8fc81ec,DAILY_REVIEW_CELL,false,OPPORTUNITY_ADDED,2023-09-22,false
false,false,cell_a7a9faa90556b5f0054f0fd0,"{""attribute_name"":""weathering"",""base_stage3a_state_version_id"":""state_version_eb212ddb965b21a89543001f"",""cell_id"":""cell_a7a9faa90556b5f0054f0fd0"",""claim_type"":""FORECAST_GEOLOGICAL_CONDITION"",""source_evidence_id"":""doc_56a4057acb6bbfd5196d07a6_e0005"",""source_kind"":""GEOLOGICAL_EVIDENCE"",""state_role"":""DAILY_REVIEW_CELL"",""valid_date"":""2023-09-22""}",FORECAST_GEOLOGICAL_CONDITION,false,false,false,,EXPRESSIBLE,doc_56a4057acb6bbfd5196d07a6_e0005,"{""attribute_name"":""weathering"",""normalized_value"":""弱风化"",""source_evidence_id"":""doc_56a4057acb6bbfd5196d07a6_e0005""}",,EXPRESSIBLE,doc_56a4057acb6bbfd5196d07a6_e0005,"{""attribute_name"":""weathering"",""normalized_value"":""弱风化"",""source_evidence_id"":""doc_56a4057acb6bbfd5196d07a6_e0005""}",knowledge_revision_event_9177a8cf2b831a3ad8fc81ec,DAILY_REVIEW_CELL,false,UNCHANGED_EXPRESSIBLE,2023-09-22,true
false,false,cell_a7a9faa90556b5f0054f0fd0,"{""attribute_name"":""weathering"",""base_stage3a_state_version_id"":""state_version_eb212ddb965b21a89543001f"",""cell_id"":""cell_a7a9faa90556b5f0054f0fd0"",""claim_type"":""OBSERVED_GEOLOGICAL_CONDITION"",""source_evidence_id"":""doc_042ef22be43ba006975946e2_e0001"",""source_kind"":""GEOLOGICAL_EVIDENCE"",""state_role"":""DAILY_REVIEW_CELL"",""valid_date"":""2023-09-22""}",OBSERVED_GEOLOGICAL_CONDITION,true,true,false,,EXPRESSIBLE,doc_042ef22be43ba006975946e2_e0001,"{""attribute_name"":""weathering"",""normalized_value"":""弱风化"",""source_evidence_id"":""doc_042ef22be43ba006975946e2_e0001""}",,,,null,knowledge_revision_event_9177a8cf2b831a3ad8fc81ec,DAILY_REVIEW_CELL,false,OPPORTUNITY_ADDED,2023-09-22,false
false,false,cell_a7a9faa90556b5f0054f0fd0,"{""base_stage3a_state_version_id"":""state_version_eb212ddb965b21a89543001f"",""cell_id"":""cell_a7a9faa90556b5f0054f0fd0"",""claim_type"":""COUPLED_ATTENTION_REVIEW"",""metric_name"":""GRCI"",""source_kind"":""STATE_GRCI"",""state_role"":""DAILY_REVIEW_CELL"",""valid_date"":""2023-09-22""}",COUPLED_ATTENTION_REVIEW,false,false,false,REQUIRED_METRIC_UNAVAILABLE,ABSTAIN,,null,REQUIRED_METRIC_UNAVAILABLE,ABSTAIN,,null,knowledge_revision_event_9177a8cf2b831a3ad8fc81ec,DAILY_REVIEW_CELL,false,UNCHANGED_ABSTAIN,2023-09-22,false
false,false,cell_a7a9faa90556b5f0054f0fd0,"{""base_stage3a_state_version_id"":""state_version_eb212ddb965b21a89543001f"",""cell_id"":""cell_a7a9faa90556b5f0054f0fd0"",""claim_type"":""GEOLOGICAL_EVIDENCE_ATTENTION_REVIEW"",""metric_name"":""GRS"",""source_kind"":""STATE_GRS"",""state_role"":""DAILY_REVIEW_CELL"",""valid_date"":""2023-09-22""}",GEOLOGICAL_EVIDENCE_ATTENTION_REVIEW,false,false,false,,EXPRESSIBLE,state_grs_34d2e00055e8575c980655b7,"{""is_causal_estimate"":false,""is_hazard_probability"":false,""is_probability"":false,""metric_name"":""GRS"",""metric_semantics"":""GEOLOGICAL_EVIDENCE_ATTENTION_INDEX"",""metric_status"":""AVAILABLE"",""metric_value"":1.0}",,EXPRESSIBLE,state_grs_bc8499772e2c9c4f737b920d,"{""is_causal_estimate"":false,""is_hazard_probability"":false,""is_probability"":false,""metric_name"":""GRS"",""metric_semantics"":""GEOLOGICAL_EVIDENCE_ATTENTION_INDEX"",""metric_status"":""AVAILABLE"",""metric_value"":1.0}",knowledge_revision_event_9177a8cf2b831a3ad8fc81ec,DAILY_REVIEW_CELL,true,RESOLVED_SUPPORT_CHANGED,2023-09-22,false
false,false,cell_a7a9faa90556b5f0054f0fd0,"{""base_stage3a_state_version_id"":""state_version_eb212ddb965b21a89543001f"",""cell_id"":""cell_a7a9faa90556b5f0054f0fd0"",""claim_type"":""OPERATIONAL_RESPONSE_ATTENTION"",""metric_name"":""RAI"",""source_kind"":""STATE_RAI"",""state_role"":""DAILY_REVIEW_CELL"",""valid_date"":""2023-09-22""}",OPERATIONAL_RESPONSE_ATTENTION,false,false,false,REQUIRED_METRIC_UNAVAILABLE,ABSTAIN,,null,REQUIRED_METRIC_UNAVAILABLE,ABSTAIN,,null,knowledge_revision_event_9177a8cf2b831a3ad8fc81ec,DAILY_REVIEW_CELL,false,UNCHANGED_ABSTAIN,2023-09-22,false
false,false,cell_8e31894debfd91db79f6b261,"{""attribute_name"":""anomaly_level"",""base_stage3a_state_version_id"":""state_version_46a4460970527e79d886572a"",""cell_id"":""cell_8e31894debfd91db79f6b261"",""claim_type"":""FORECAST_GEOLOGICAL_CONDITION"",""source_evidence_id"":""doc_a1ca08b3f141763f45863a07_e0008"",""source_kind"":""GEOLOGICAL_EVIDENCE"",""state_role"":""DAILY_REVIEW_CELL"",""valid_date"":""2023-11-17""}",FORECAST_GEOLOGICAL_CONDITION,false,false,false,UNKNOWN_SOURCE_VALUE,ABSTAIN,,"{""attribute_name"":""anomaly_level"",""normalized_value"":""NONE"",""source_evidence_id"":""doc_a1ca08b3f141763f45863a07_e0008""}",UNKNOWN_SOURCE_VALUE,ABSTAIN,,"{""attribute_name"":""anomaly_level"",""normalized_value"":""NONE"",""source_evidence_id"":""doc_a1ca08b3f141763f45863a07_e0008""}",knowledge_revision_event_93495e591157d31d6d8763e2,DAILY_REVIEW_CELL,false,UNCHANGED_ABSTAIN,2023-11-17,false
false,false,cell_8e31894debfd91db79f6b261,"{""attribute_name"":""anomaly_level"",""base_stage3a_state_version_id"":""state_version_46a4460970527e79d886572a"",""cell_id"":""cell_8e31894debfd91db79f6b261"",""claim_type"":""FORECAST_GEOLOGICAL_CONDITION"",""source_evidence_id"":""doc_d0afc25463d4776277ebb952_e0002"",""source_kind"":""GEOLOGICAL_EVIDENCE"",""state_role"":""DAILY_REVIEW_CELL"",""valid_date"":""2023-11-17""}",FORECAST_GEOLOGICAL_CONDITION,true,true,false,UNKNOWN_SOURCE_VALUE,ABSTAIN,,"{""attribute_name"":""anomaly_level"",""normalized_value"":""NONE"",""source_evidence_id"":""doc_d0afc25463d4776277ebb952_e0002""}",,,,null,knowledge_revision_event_93495e591157d31d6d8763e2,DAILY_REVIEW_CELL,false,OPPORTUNITY_ADDED,2023-11-17,false
false,false,cell_8e31894debfd91db79f6b261,"{""attribute_name"":""geological_conclusion"",""base_stage3a_state_version_id"":""state_version_46a4460970527e79d886572a"",""cell_id"":""cell_8e31894debfd91db79f6b261"",""claim_type"":""FORECAST_GEOLOGICAL_CONDITION"",""source_evidence_id"":""doc_a1ca08b3f141763f45863a07_e0008"",""source_kind"":""GEOLOGICAL_EVIDENCE"",""state_role"":""DAILY_REVIEW_CELL"",""valid_date"":""2023-11-17""}",FORECAST_GEOLOGICAL_CONDITION,false,false,false,,EXPRESSIBLE,doc_a1ca08b3f141763f45863a07_e0008,"{""attribute_name"":""geological_conclusion"",""normalized_value"":""该段围岩较前段稍变好。岩性为 板岩夹变质砂岩，弱风化，岩质 软硬不均，节理裂隙较发育，岩 体较破碎。"",""source_evidence_id"":""doc_a1ca08b3f141763f45863a07_e0008""}",,EXPRESSIBLE,doc_a1ca08b3f141763f45863a07_e0008,"{""attribute_name"":""geological_conclusion"",""normalized_value"":""该段围岩较前段稍变好。岩性为 板岩夹变质砂岩，弱风化，岩质 软硬不均，节理裂隙较发育，岩 体较破碎。"",""source_evidence_id"":""doc_a1ca08b3f141763f45863a07_e0008""}",knowledge_revision_event_93495e591157d31d6d8763e2,DAILY_REVIEW_CELL,false,UNCHANGED_EXPRESSIBLE,2023-11-17,true
false,false,cell_8e31894debfd91db79f6b261,"{""attribute_name"":""geological_conclusion"",""base_stage3a_state_version_id"":""state_version_46a4460970527e79d886572a"",""cell_id"":""cell_8e31894debfd91db79f6b261"",""claim_type"":""FORECAST_GEOLOGICAL_CONDITION"",""source_evidence_id"":""doc_d0afc25463d4776277ebb952_e0002"",""source_kind"":""GEOLOGICAL_EVIDENCE"",""state_role"":""DAILY_REVIEW_CELL"",""valid_date"":""2023-11-17""}",FORECAST_GEOLOGICAL_CONDITION,true,true,false,,EXPRESSIBLE,doc_d0afc25463d4776277ebb952_e0002,"{""attribute_name"":""geological_conclusion"",""normalized_value"":""该段围岩与当前掌子面相当。岩 性为板岩夹变质砂岩，弱风化， 岩质软硬不均，节理裂隙较发育， 岩体较破碎。"",""source_evidence_id"":""doc_d0afc25463d4776277ebb952_e0002""}",,,,null,knowledge_revision_event_93495e591157d31d6d8763e2,DAILY_REVIEW_CELL,false,OPPORTUNITY_ADDED,2023-11-17,false
false,false,cell_8e31894debfd91db79f6b261,"{""attribute_name"":""joint_development"",""base_stage3a_state_version_id"":""state_version_46a4460970527e79d886572a"",""cell_id"":""cell_8e31894debfd91db79f6b261"",""claim_type"":""FORECAST_GEOLOGICAL_CONDITION"",""source_evidence_id"":""doc_a1ca08b3f141763f45863a07_e0008"",""source_kind"":""GEOLOGICAL_EVIDENCE"",""state_role"":""DAILY_REVIEW_CELL"",""valid_date"":""2023-11-17""}",FORECAST_GEOLOGICAL_CONDITION,false,false,false,,EXPRESSIBLE,doc_a1ca08b3f141763f45863a07_e0008,"{""attribute_name"":""joint_development"",""normalized_value"":""节理裂隙较发育"",""source_evidence_id"":""doc_a1ca08b3f141763f45863a07_e0008""}",,EXPRESSIBLE,doc_a1ca08b3f141763f45863a07_e0008,"{""attribute_name"":""joint_development"",""normalized_value"":""节理裂隙较发育"",""source_evidence_id"":""doc_a1ca08b3f141763f45863a07_e0008""}",knowledge_revision_event_93495e591157d31d6d8763e2,DAILY_REVIEW_CELL,false,UNCHANGED_EXPRESSIBLE,2023-11-17,true
false,false,cell_8e31894debfd91db79f6b261,"{""attribute_name"":""joint_development"",""base_stage3a_state_version_id"":""state_version_46a4460970527e79d886572a"",""cell_id"":""cell_8e31894debfd91db79f6b261"",""claim_type"":""FORECAST_GEOLOGICAL_CONDITION"",""source_evidence_id"":""doc_d0afc25463d4776277ebb952_e0002"",""source_kind"":""GEOLOGICAL_EVIDENCE"",""state_role"":""DAILY_REVIEW_CELL"",""valid_date"":""2023-11-17""}",FORECAST_GEOLOGICAL_CONDITION,true,true,false,,EXPRESSIBLE,doc_d0afc25463d4776277ebb952_e0002,"{""attribute_name"":""joint_development"",""normalized_value"":""节理裂隙较发育"",""source_evidence_id"":""doc_d0afc25463d4776277ebb952_e0002""}",,,,null,knowledge_revision_event_93495e591157d31d6d8763e2,DAILY_REVIEW_CELL,false,OPPORTUNITY_ADDED,2023-11-17,false
false,false,cell_8e31894debfd91db79f6b261,"{""attribute_name"":""lithology"",""base_stage3a_state_version_id"":""state_version_46a4460970527e79d886572a"",""cell_id"":""cell_8e31894debfd91db79f6b261"",""claim_type"":""FORECAST_GEOLOGICAL_CONDITION"",""source_evidence_id"":""doc_a1ca08b3f141763f45863a07_e0008"",""source_kind"":""GEOLOGICAL_EVIDENCE"",""state_role"":""DAILY_REVIEW_CELL"",""valid_date"":""2023-11-17""}",FORECAST_GEOLOGICAL_CONDITION,false,false,false,,EXPRESSIBLE,doc_a1ca08b3f141763f45863a07_e0008,"{""attribute_name"":""lithology"",""normalized_value"":""板岩夹变质砂岩"",""source_evidence_id"":""doc_a1ca08b3f141763f45863a07_e0008""}",,EXPRESSIBLE,doc_a1ca08b3f141763f45863a07_e0008,"{""attribute_name"":""lithology"",""normalized_value"":""板岩夹变质砂岩"",""source_evidence_id"":""doc_a1ca08b3f141763f45863a07_e0008""}",knowledge_revision_event_93495e591157d31d6d8763e2,DAILY_REVIEW_CELL,false,UNCHANGED_EXPRESSIBLE,2023-11-17,true
false,false,cell_8e31894debfd91db79f6b261,"{""attribute_name"":""lithology"",""base_stage3a_state_version_id"":""state_version_46a4460970527e79d886572a"",""cell_id"":""cell_8e31894debfd91db79f6b261"",""claim_type"":""FORECAST_GEOLOGICAL_CONDITION"",""source_evidence_id"":""doc_d0afc25463d4776277ebb952_e0002"",""source_kind"":""GEOLOGICAL_EVIDENCE"",""state_role"":""DAILY_REVIEW_CELL"",""valid_date"":""2023-11-17""}",FORECAST_GEOLOGICAL_CONDITION,true,true,false,,EXPRESSIBLE,doc_d0afc25463d4776277ebb952_e0002,"{""attribute_name"":""lithology"",""normalized_value"":""板岩夹变质砂岩"",""source_evidence_id"":""doc_d0afc25463d4776277ebb952_e0002""}",,,,null,knowledge_revision_event_93495e591157d31d6d8763e2,DAILY_REVIEW_CELL,false,OPPORTUNITY_ADDED,2023-11-17,false
false,false,cell_8e31894debfd91db79f6b261,"{""attribute_name"":""risk_hint"",""base_stage3a_state_version_id"":""state_version_46a4460970527e79d886572a"",""cell_id"":""cell_8e31894debfd91db79f6b261"",""claim_type"":""FORECAST_GEOLOGICAL_CONDITION"",""source_evidence_id"":""doc_a1ca08b3f141763f45863a07_e0008"",""source_kind"":""GEOLOGICAL_EVIDENCE"",""state_role"":""DAILY_REVIEW_CELL"",""valid_date"":""2023-11-17""}",FORECAST_GEOLOGICAL_CONDITION,false,false,false,UNKNOWN_SOURCE_VALUE,ABSTAIN,,"{""attribute_name"":""risk_hint"",""normalized_value"":""UNKNOWN"",""source_evidence_id"":""doc_a1ca08b3f141763f45863a07_e0008""}",UNKNOWN_SOURCE_VALUE,ABSTAIN,,"{""attribute_name"":""risk_hint"",""normalized_value"":""UNKNOWN"",""source_evidence_id"":""doc_a1ca08b3f141763f45863a07_e0008""}",knowledge_revision_event_93495e591157d31d6d8763e2,DAILY_REVIEW_CELL,false,UNCHANGED_ABSTAIN,2023-11-17,false
false,false,cell_8e31894debfd91db79f6b261,"{""attribute_name"":""risk_hint"",""base_stage3a_state_version_id"":""state_version_46a4460970527e79d886572a"",""cell_id"":""cell_8e31894debfd91db79f6b261"",""claim_type"":""FORECAST_GEOLOGICAL_CONDITION"",""source_evidence_id"":""doc_d0afc25463d4776277ebb952_e0002"",""source_kind"":""GEOLOGICAL_EVIDENCE"",""state_role"":""DAILY_REVIEW_CELL"",""valid_date"":""2023-11-17""}",FORECAST_GEOLOGICAL_CONDITION,true,true,false,UNKNOWN_SOURCE_VALUE,ABSTAIN,,"{""attribute_name"":""risk_hint"",""normalized_value"":""UNKNOWN"",""source_evidence_id"":""doc_d0afc25463d4776277ebb952_e0002""}",,,,null,knowledge_revision_event_93495e591157d31d6d8763e2,DAILY_REVIEW_CELL,false,OPPORTUNITY_ADDED,2023-11-17,false
false,false,cell_8e31894debfd91db79f6b261,"{""attribute_name"":""rock_mass_state"",""base_stage3a_state_version_id"":""state_version_46a4460970527e79d886572a"",""cell_id"":""cell_8e31894debfd91db79f6b261"",""claim_type"":""FORECAST_GEOLOGICAL_CONDITION"",""source_evidence_id"":""doc_a1ca08b3f141763f45863a07_e0008"",""source_kind"":""GEOLOGICAL_EVIDENCE"",""state_role"":""DAILY_REVIEW_CELL"",""valid_date"":""2023-11-17""}",FORECAST_GEOLOGICAL_CONDITION,false,false,false,,EXPRESSIBLE,doc_a1ca08b3f141763f45863a07_e0008,"{""attribute_name"":""rock_mass_state"",""normalized_value"":""岩体较破碎"",""source_evidence_id"":""doc_a1ca08b3f141763f45863a07_e0008""}",,EXPRESSIBLE,doc_a1ca08b3f141763f45863a07_e0008,"{""attribute_name"":""rock_mass_state"",""normalized_value"":""岩体较破碎"",""source_evidence_id"":""doc_a1ca08b3f141763f45863a07_e0008""}",knowledge_revision_event_93495e591157d31d6d8763e2,DAILY_REVIEW_CELL,false,UNCHANGED_EXPRESSIBLE,2023-11-17,true
false,false,cell_8e31894debfd91db79f6b261,"{""attribute_name"":""rock_mass_state"",""base_stage3a_state_version_id"":""state_version_46a4460970527e79d886572a"",""cell_id"":""cell_8e31894debfd91db79f6b261"",""claim_type"":""FORECAST_GEOLOGICAL_CONDITION"",""source_evidence_id"":""doc_d0afc25463d4776277ebb952_e0002"",""source_kind"":""GEOLOGICAL_EVIDENCE"",""state_role"":""DAILY_REVIEW_CELL"",""valid_date"":""2023-11-17""}",FORECAST_GEOLOGICAL_CONDITION,true,true,false,,EXPRESSIBLE,doc_d0afc25463d4776277ebb952_e0002,"{""attribute_name"":""rock_mass_state"",""normalized_value"":""岩体较破碎"",""source_evidence_id"":""doc_d0afc25463d4776277ebb952_e0002""}",,,,null,knowledge_revision_event_93495e591157d31d6d8763e2,DAILY_REVIEW_CELL,false,OPPORTUNITY_ADDED,2023-11-17,false
false,false,cell_8e31894debfd91db79f6b261,"{""attribute_name"":""suggested_grade"",""base_stage3a_state_version_id"":""state_version_46a4460970527e79d886572a"",""cell_id"":""cell_8e31894debfd91db79f6b261"",""claim_type"":""FORECAST_GEOLOGICAL_CONDITION"",""source_evidence_id"":""doc_a1ca08b3f141763f45863a07_e0008"",""source_kind"":""GEOLOGICAL_EVIDENCE"",""state_role"":""DAILY_REVIEW_CELL"",""valid_date"":""2023-11-17""}",FORECAST_GEOLOGICAL_CONDITION,false,false,false,,EXPRESSIBLE,doc_a1ca08b3f141763f45863a07_e0008,"{""attribute_name"":""suggested_grade"",""normalized_value"":""Ⅲ级"",""source_evidence_id"":""doc_a1ca08b3f141763f45863a07_e0008""}",,EXPRESSIBLE,doc_a1ca08b3f141763f45863a07_e0008,"{""attribute_name"":""suggested_grade"",""normalized_value"":""Ⅲ级"",""source_evidence_id"":""doc_a1ca08b3f141763f45863a07_e0008""}",knowledge_revision_event_93495e591157d31d6d8763e2,DAILY_REVIEW_CELL,false,UNCHANGED_EXPRESSIBLE,2023-11-17,true
false,false,cell_8e31894debfd91db79f6b261,"{""attribute_name"":""suggested_grade"",""base_stage3a_state_version_id"":""state_version_46a4460970527e79d886572a"",""cell_id"":""cell_8e31894debfd91db79f6b261"",""claim_type"":""FORECAST_GEOLOGICAL_CONDITION"",""source_evidence_id"":""doc_d0afc25463d4776277ebb952_e0002"",""source_kind"":""GEOLOGICAL_EVIDENCE"",""state_role"":""DAILY_REVIEW_CELL"",""valid_date"":""2023-11-17""}",FORECAST_GEOLOGICAL_CONDITION,true,true,false,,EXPRESSIBLE,doc_d0afc25463d4776277ebb952_e0002,"{""attribute_name"":""suggested_grade"",""normalized_value"":""Ⅲ级"",""source_evidence_id"":""doc_d0afc25463d4776277ebb952_e0002""}",,,,null,knowledge_revision_event_93495e591157d31d6d8763e2,DAILY_REVIEW_CELL,false,OPPORTUNITY_ADDED,2023-11-17,false
false,false,cell_8e31894debfd91db79f6b261,"{""attribute_name"":""weathering"",""base_stage3a_state_version_id"":""state_version_46a4460970527e79d886572a"",""cell_id"":""cell_8e31894debfd91db79f6b261"",""claim_type"":""FORECAST_GEOLOGICAL_CONDITION"",""source_evidence_id"":""doc_a1ca08b3f141763f45863a07_e0008"",""source_kind"":""GEOLOGICAL_EVIDENCE"",""state_role"":""DAILY_REVIEW_CELL"",""valid_date"":""2023-11-17""}",FORECAST_GEOLOGICAL_CONDITION,false,false,false,,EXPRESSIBLE,doc_a1ca08b3f141763f45863a07_e0008,"{""attribute_name"":""weathering"",""normalized_value"":""弱风化"",""source_evidence_id"":""doc_a1ca08b3f141763f45863a07_e0008""}",,EXPRESSIBLE,doc_a1ca08b3f141763f45863a07_e0008,"{""attribute_name"":""weathering"",""normalized_value"":""弱风化"",""source_evidence_id"":""doc_a1ca08b3f141763f45863a07_e0008""}",knowledge_revision_event_93495e591157d31d6d8763e2,DAILY_REVIEW_CELL,false,UNCHANGED_EXPRESSIBLE,2023-11-17,true
false,false,cell_8e31894debfd91db79f6b261,"{""attribute_name"":""weathering"",""base_stage3a_state_version_id"":""state_version_46a4460970527e79d886572a"",""cell_id"":""cell_8e31894debfd91db79f6b261"",""claim_type"":""FORECAST_GEOLOGICAL_CONDITION"",""source_evidence_id"":""doc_d0afc25463d4776277ebb952_e0002"",""source_kind"":""GEOLOGICAL_EVIDENCE"",""state_role"":""DAILY_REVIEW_CELL"",""valid_date"":""2023-11-17""}",FORECAST_GEOLOGICAL_CONDITION,true,true,false,,EXPRESSIBLE,doc_d0afc25463d4776277ebb952_e0002,"{""attribute_name"":""weathering"",""normalized_value"":""弱风化"",""source_evidence_id"":""doc_d0afc25463d4776277ebb952_e0002""}",,,,null,knowledge_revision_event_93495e591157d31d6d8763e2,DAILY_REVIEW_CELL,false,OPPORTUNITY_ADDED,2023-11-17,false
false,false,cell_8e31894debfd91db79f6b261,"{""base_stage3a_state_version_id"":""state_version_46a4460970527e79d886572a"",""cell_id"":""cell_8e31894debfd91db79f6b261"",""claim_type"":""COUPLED_ATTENTION_REVIEW"",""metric_name"":""GRCI"",""source_kind"":""STATE_GRCI"",""state_role"":""DAILY_REVIEW_CELL"",""valid_date"":""2023-11-17""}",COUPLED_ATTENTION_REVIEW,false,false,false,,EXPRESSIBLE,state_grci_49826a20fa4bda96f7b95bed,"{""is_causal_estimate"":false,""is_hazard_probability"":false,""is_probability"":false,""metric_name"":""GRCI"",""metric_semantics"":""NONPROBABILISTIC_CONJUNCTIVE_PRODUCT"",""metric_status"":""AVAILABLE"",""metric_value"":0.06726861597336965}",,EXPRESSIBLE,state_grci_5693db76833d705747d4fbe5,"{""is_causal_estimate"":false,""is_hazard_probability"":false,""is_probability"":false,""metric_name"":""GRCI"",""metric_semantics"":""NONPROBABILISTIC_CONJUNCTIVE_PRODUCT"",""metric_status"":""AVAILABLE"",""metric_value"":0.06726861597336965}",knowledge_revision_event_93495e591157d31d6d8763e2,DAILY_REVIEW_CELL,true,RESOLVED_SUPPORT_CHANGED,2023-11-17,false
false,false,cell_8e31894debfd91db79f6b261,"{""base_stage3a_state_version_id"":""state_version_46a4460970527e79d886572a"",""cell_id"":""cell_8e31894debfd91db79f6b261"",""claim_type"":""GEOLOGICAL_EVIDENCE_ATTENTION_REVIEW"",""metric_name"":""GRS"",""source_kind"":""STATE_GRS"",""state_role"":""DAILY_REVIEW_CELL"",""valid_date"":""2023-11-17""}",GEOLOGICAL_EVIDENCE_ATTENTION_REVIEW,false,false,false,,EXPRESSIBLE,state_grs_49826a20fa4bda96f7b95bed,"{""is_causal_estimate"":false,""is_hazard_probability"":false,""is_probability"":false,""metric_name"":""GRS"",""metric_semantics"":""GEOLOGICAL_EVIDENCE_ATTENTION_INDEX"",""metric_status"":""AVAILABLE"",""metric_value"":0.20833333333333331}",,EXPRESSIBLE,state_grs_5693db76833d705747d4fbe5,"{""is_causal_estimate"":false,""is_hazard_probability"":false,""is_probability"":false,""metric_name"":""GRS"",""metric_semantics"":""GEOLOGICAL_EVIDENCE_ATTENTION_INDEX"",""metric_status"":""AVAILABLE"",""metric_value"":0.20833333333333331}",knowledge_revision_event_93495e591157d31d6d8763e2,DAILY_REVIEW_CELL,true,RESOLVED_SUPPORT_CHANGED,2023-11-17,false
false,false,cell_8e31894debfd91db79f6b261,"{""base_stage3a_state_version_id"":""state_version_46a4460970527e79d886572a"",""cell_id"":""cell_8e31894debfd91db79f6b261"",""claim_type"":""OPERATIONAL_RESPONSE_ATTENTION"",""metric_name"":""RAI"",""source_kind"":""STATE_RAI"",""state_role"":""DAILY_REVIEW_CELL"",""valid_date"":""2023-11-17""}",OPERATIONAL_RESPONSE_ATTENTION,false,false,false,,EXPRESSIBLE,state_rai_49826a20fa4bda96f7b95bed,"{""is_causal_estimate"":false,""is_hazard_probability"":false,""is_probability"":false,""metric_name"":""RAI"",""metric_semantics"":""OPERATIONAL_RESPONSE_ATTENTION_INDEX"",""metric_status"":""AVAILABLE"",""metric_value"":0.32288935667217433}",,EXPRESSIBLE,state_rai_5693db76833d705747d4fbe5,"{""is_causal_estimate"":false,""is_hazard_probability"":false,""is_probability"":false,""metric_name"":""RAI"",""metric_semantics"":""OPERATIONAL_RESPONSE_ATTENTION_INDEX"",""metric_status"":""AVAILABLE"",""metric_value"":0.32288935667217433}",knowledge_revision_event_93495e591157d31d6d8763e2,DAILY_REVIEW_CELL,false,UNCHANGED_EXPRESSIBLE,2023-11-17,true
false,false,cell_a988b2656051f7e18ac637e4,"{""attribute_name"":""anomaly_level"",""base_stage3a_state_version_id"":""state_version_6c6e7016bfd393a33b11633a"",""cell_id"":""cell_a988b2656051f7e18ac637e4"",""claim_type"":""FORECAST_GEOLOGICAL_CONDITION"",""source_evidence_id"":""doc_cae21ab80a31f71dbe3e20e9_e0002"",""source_kind"":""GEOLOGICAL_EVIDENCE"",""state_role"":""FORWARD_ATTENTION_CELL"",""valid_date"":""2023-12-18""}",FORECAST_GEOLOGICAL_CONDITION,true,true,false,UNKNOWN_SOURCE_VALUE,ABSTAIN,,"{""attribute_name"":""anomaly_level"",""normalized_value"":""NONE"",""source_evidence_id"":""doc_cae21ab80a31f71dbe3e20e9_e0002""}",,,,null,knowledge_revision_event_9b619cf10aa6baecd93e5806,FORWARD_ATTENTION_CELL,false,OPPORTUNITY_ADDED,2023-12-18,false
false,false,cell_a988b2656051f7e18ac637e4,"{""attribute_name"":""geological_conclusion"",""base_stage3a_state_version_id"":""state_version_6c6e7016bfd393a33b11633a"",""cell_id"":""cell_a988b2656051f7e18ac637e4"",""claim_type"":""FORECAST_GEOLOGICAL_CONDITION"",""source_evidence_id"":""doc_cae21ab80a31f71dbe3e20e9_e0002"",""source_kind"":""GEOLOGICAL_EVIDENCE"",""state_role"":""FORWARD_ATTENTION_CELL"",""valid_date"":""2023-12-18""}",FORECAST_GEOLOGICAL_CONDITION,true,true,false,,EXPRESSIBLE,doc_cae21ab80a31f71dbe3e20e9_e0002,"{""attribute_name"":""geological_conclusion"",""normalized_value"":""该段围岩与当前掌子面相当。岩 性为板岩夹变质砂岩，弱风化， 节理裂隙发育，岩体破碎。"",""source_evidence_id"":""doc_cae21ab80a31f71dbe3e20e9_e0002""}",,,,null,knowledge_revision_event_9b619cf10aa6baecd93e5806,FORWARD_ATTENTION_CELL,false,OPPORTUNITY_ADDED,2023-12-18,false
false,false,cell_a988b2656051f7e18ac637e4,"{""attribute_name"":""joint_development"",""base_stage3a_state_version_id"":""state_version_6c6e7016bfd393a33b11633a"",""cell_id"":""cell_a988b2656051f7e18ac637e4"",""claim_type"":""FORECAST_GEOLOGICAL_CONDITION"",""source_evidence_id"":""doc_cae21ab80a31f71dbe3e20e9_e0002"",""source_kind"":""GEOLOGICAL_EVIDENCE"",""state_role"":""FORWARD_ATTENTION_CELL"",""valid_date"":""2023-12-18""}",FORECAST_GEOLOGICAL_CONDITION,true,true,false,,EXPRESSIBLE,doc_cae21ab80a31f71dbe3e20e9_e0002,"{""attribute_name"":""joint_development"",""normalized_value"":""节理裂隙发育"",""source_evidence_id"":""doc_cae21ab80a31f71dbe3e20e9_e0002""}",,,,null,knowledge_revision_event_9b619cf10aa6baecd93e5806,FORWARD_ATTENTION_CELL,false,OPPORTUNITY_ADDED,2023-12-18,false
false,false,cell_a988b2656051f7e18ac637e4,"{""attribute_name"":""lithology"",""base_stage3a_state_version_id"":""state_version_6c6e7016bfd393a33b11633a"",""cell_id"":""cell_a988b2656051f7e18ac637e4"",""claim_type"":""FORECAST_GEOLOGICAL_CONDITION"",""source_evidence_id"":""doc_cae21ab80a31f71dbe3e20e9_e0002"",""source_kind"":""GEOLOGICAL_EVIDENCE"",""state_role"":""FORWARD_ATTENTION_CELL"",""valid_date"":""2023-12-18""}",FORECAST_GEOLOGICAL_CONDITION,true,true,false,,EXPRESSIBLE,doc_cae21ab80a31f71dbe3e20e9_e0002,"{""attribute_name"":""lithology"",""normalized_value"":""板岩夹变质砂岩"",""source_evidence_id"":""doc_cae21ab80a31f71dbe3e20e9_e0002""}",,,,null,knowledge_revision_event_9b619cf10aa6baecd93e5806,FORWARD_ATTENTION_CELL,false,OPPORTUNITY_ADDED,2023-12-18,false
false,false,cell_a988b2656051f7e18ac637e4,"{""attribute_name"":""risk_hint"",""base_stage3a_state_version_id"":""state_version_6c6e7016bfd393a33b11633a"",""cell_id"":""cell_a988b2656051f7e18ac637e4"",""claim_type"":""FORECAST_GEOLOGICAL_CONDITION"",""source_evidence_id"":""doc_cae21ab80a31f71dbe3e20e9_e0002"",""source_kind"":""GEOLOGICAL_EVIDENCE"",""state_role"":""FORWARD_ATTENTION_CELL"",""valid_date"":""2023-12-18""}",FORECAST_GEOLOGICAL_CONDITION,true,true,false,UNKNOWN_SOURCE_VALUE,ABSTAIN,,"{""attribute_name"":""risk_hint"",""normalized_value"":""UNKNOWN"",""source_evidence_id"":""doc_cae21ab80a31f71dbe3e20e9_e0002""}",,,,null,knowledge_revision_event_9b619cf10aa6baecd93e5806,FORWARD_ATTENTION_CELL,false,OPPORTUNITY_ADDED,2023-12-18,false
false,false,cell_a988b2656051f7e18ac637e4,"{""attribute_name"":""rock_mass_state"",""base_stage3a_state_version_id"":""state_version_6c6e7016bfd393a33b11633a"",""cell_id"":""cell_a988b2656051f7e18ac637e4"",""claim_type"":""FORECAST_GEOLOGICAL_CONDITION"",""source_evidence_id"":""doc_cae21ab80a31f71dbe3e20e9_e0002"",""source_kind"":""GEOLOGICAL_EVIDENCE"",""state_role"":""FORWARD_ATTENTION_CELL"",""valid_date"":""2023-12-18""}",FORECAST_GEOLOGICAL_CONDITION,true,true,false,,EXPRESSIBLE,doc_cae21ab80a31f71dbe3e20e9_e0002,"{""attribute_name"":""rock_mass_state"",""normalized_value"":""岩体破碎"",""source_evidence_id"":""doc_cae21ab80a31f71dbe3e20e9_e0002""}",,,,null,knowledge_revision_event_9b619cf10aa6baecd93e5806,FORWARD_ATTENTION_CELL,false,OPPORTUNITY_ADDED,2023-12-18,false
false,false,cell_a988b2656051f7e18ac637e4,"{""attribute_name"":""suggested_grade"",""base_stage3a_state_version_id"":""state_version_6c6e7016bfd393a33b11633a"",""cell_id"":""cell_a988b2656051f7e18ac637e4"",""claim_type"":""FORECAST_GEOLOGICAL_CONDITION"",""source_evidence_id"":""doc_cae21ab80a31f71dbe3e20e9_e0002"",""source_kind"":""GEOLOGICAL_EVIDENCE"",""state_role"":""FORWARD_ATTENTION_CELL"",""valid_date"":""2023-12-18""}",FORECAST_GEOLOGICAL_CONDITION,true,true,false,,EXPRESSIBLE,doc_cae21ab80a31f71dbe3e20e9_e0002,"{""attribute_name"":""suggested_grade"",""normalized_value"":""Ⅳ级"",""source_evidence_id"":""doc_cae21ab80a31f71dbe3e20e9_e0002""}",,,,null,knowledge_revision_event_9b619cf10aa6baecd93e5806,FORWARD_ATTENTION_CELL,false,OPPORTUNITY_ADDED,2023-12-18,false
false,false,cell_a988b2656051f7e18ac637e4,"{""attribute_name"":""weathering"",""base_stage3a_state_version_id"":""state_version_6c6e7016bfd393a33b11633a"",""cell_id"":""cell_a988b2656051f7e18ac637e4"",""claim_type"":""FORECAST_GEOLOGICAL_CONDITION"",""source_evidence_id"":""doc_cae21ab80a31f71dbe3e20e9_e0002"",""source_kind"":""GEOLOGICAL_EVIDENCE"",""state_role"":""FORWARD_ATTENTION_CELL"",""valid_date"":""2023-12-18""}",FORECAST_GEOLOGICAL_CONDITION,true,true,false,,EXPRESSIBLE,doc_cae21ab80a31f71dbe3e20e9_e0002,"{""attribute_name"":""weathering"",""normalized_value"":""弱风化"",""source_evidence_id"":""doc_cae21ab80a31f71dbe3e20e9_e0002""}",,,,null,knowledge_revision_event_9b619cf10aa6baecd93e5806,FORWARD_ATTENTION_CELL,false,OPPORTUNITY_ADDED,2023-12-18,false
true,true,cell_a988b2656051f7e18ac637e4,"{""base_stage3a_state_version_id"":""state_version_6c6e7016bfd393a33b11633a"",""cell_id"":""cell_a988b2656051f7e18ac637e4"",""claim_type"":""FORWARD_GEOLOGICAL_ATTENTION"",""metric_name"":""GRS"",""source_kind"":""STATE_GRS"",""state_role"":""FORWARD_ATTENTION_CELL"",""valid_date"":""2023-12-18""}",FORWARD_GEOLOGICAL_ATTENTION,true,false,false,,EXPRESSIBLE,state_grs_00a10d796507eab137ba4afa,"{""is_causal_estimate"":false,""is_hazard_probability"":false,""is_probability"":false,""metric_name"":""GRS"",""metric_semantics"":""FORWARD_GEOLOGICAL_EVIDENCE_ATTENTION_INDEX"",""metric_status"":""AVAILABLE"",""metric_value"":0.5416666666666666}",REQUIRED_EPISTEMIC_STATUS_MISSING,ABSTAIN,,null,knowledge_revision_event_9b619cf10aa6baecd93e5806,FORWARD_ATTENTION_CELL,true,ABSTAIN_TO_EXPRESSIBLE,2023-12-18,false
false,false,cell_a988b2656051f7e18ac637e4,"{""base_stage3a_state_version_id"":""state_version_6c6e7016bfd393a33b11633a"",""cell_id"":""cell_a988b2656051f7e18ac637e4"",""claim_type"":""OPERATIONAL_RESPONSE_ATTENTION"",""metric_name"":""RAI"",""source_kind"":""STATE_RAI"",""state_role"":""FORWARD_ATTENTION_CELL"",""valid_date"":""2023-12-18""}",OPERATIONAL_RESPONSE_ATTENTION,false,false,false,STATE_ROLE_NOT_ALLOWED,ABSTAIN,,null,STATE_ROLE_NOT_ALLOWED,ABSTAIN,,null,knowledge_revision_event_9b619cf10aa6baecd93e5806,FORWARD_ATTENTION_CELL,false,UNCHANGED_ABSTAIN,2023-12-18,false
false,false,cell_d56d02a74a190969f5953792,"{""attribute_name"":""anomaly_level"",""base_stage3a_state_version_id"":""state_version_2f757b4c4be24f4cb88a3adc"",""cell_id"":""cell_d56d02a74a190969f5953792"",""claim_type"":""FORECAST_GEOLOGICAL_CONDITION"",""source_evidence_id"":""doc_28d57b5baaf883772b83b6e8_e0005"",""source_kind"":""GEOLOGICAL_EVIDENCE"",""state_role"":""FORWARD_ATTENTION_CELL"",""valid_date"":""2023-11-05""}",FORECAST_GEOLOGICAL_CONDITION,false,false,false,,EXPRESSIBLE,doc_28d57b5baaf883772b83b6e8_e0005,"{""attribute_name"":""anomaly_level"",""normalized_value"":""LOW"",""source_evidence_id"":""doc_28d57b5baaf883772b83b6e8_e0005""}",,EXPRESSIBLE,doc_28d57b5baaf883772b83b6e8_e0005,"{""attribute_name"":""anomaly_level"",""normalized_value"":""LOW"",""source_evidence_id"":""doc_28d57b5baaf883772b83b6e8_e0005""}",knowledge_revision_event_9eba9d2dce977cf51b674212,FORWARD_ATTENTION_CELL,false,UNCHANGED_EXPRESSIBLE,2023-11-05,true
false,false,cell_d56d02a74a190969f5953792,"{""attribute_name"":""anomaly_level"",""base_stage3a_state_version_id"":""state_version_2f757b4c4be24f4cb88a3adc"",""cell_id"":""cell_d56d02a74a190969f5953792"",""claim_type"":""FORECAST_GEOLOGICAL_CONDITION"",""source_evidence_id"":""doc_a1ca08b3f141763f45863a07_e0002"",""source_kind"":""GEOLOGICAL_EVIDENCE"",""state_role"":""FORWARD_ATTENTION_CELL"",""valid_date"":""2023-11-05""}",FORECAST_GEOLOGICAL_CONDITION,true,true,false,UNKNOWN_SOURCE_VALUE,ABSTAIN,,"{""attribute_name"":""anomaly_level"",""normalized_value"":""NONE"",""source_evidence_id"":""doc_a1ca08b3f141763f45863a07_e0002""}",,,,null,knowledge_revision_event_9eba9d2dce977cf51b674212,FORWARD_ATTENTION_CELL,false,OPPORTUNITY_ADDED,2023-11-05,false
false,false,cell_d56d02a74a190969f5953792,"{""attribute_name"":""geological_conclusion"",""base_stage3a_state_version_id"":""state_version_2f757b4c4be24f4cb88a3adc"",""cell_id"":""cell_d56d02a74a190969f5953792"",""claim_type"":""FORECAST_GEOLOGICAL_CONDITION"",""source_evidence_id"":""doc_28d57b5baaf883772b83b6e8_e0005"",""source_kind"":""GEOLOGICAL_EVIDENCE"",""state_role"":""FORWARD_ATTENTION_CELL"",""valid_date"":""2023-11-05""}",FORECAST_GEOLOGICAL_CONDITION,false,false,false,,EXPRESSIBLE,doc_28d57b5baaf883772b83b6e8_e0005,"{""attribute_name"":""geological_conclusion"",""normalized_value"":""该段围岩较前段稍变差。岩性为 板岩夹变质砂岩，弱风化，岩质 软硬不均，节理裂隙发育，岩体 破碎，层间结合差，围岩整体稳 定性差"",""source_evidence_id"":""doc_28d57b5baaf883772b83b6e8_e0005""}",,EXPRESSIBLE,doc_28d57b5baaf883772b83b6e8_e0005,"{""attribute_name"":""geological_conclusion"",""normalized_value"":""该段围岩较前段稍变差。岩性为 板岩夹变质砂岩，弱风化，岩质 软硬不均，节理裂隙发育，岩体 破碎，层间结合差，围岩整体稳 定性差"",""source_evidence_id"":""doc_28d57b5baaf883772b83b6e8_e0005""}",knowledge_revision_event_9eba9d2dce977cf51b674212,FORWARD_ATTENTION_CELL,false,UNCHANGED_EXPRESSIBLE,2023-11-05,true
false,false,cell_d56d02a74a190969f5953792,"{""attribute_name"":""geological_conclusion"",""base_stage3a_state_version_id"":""state_version_2f757b4c4be24f4cb88a3adc"",""cell_id"":""cell_d56d02a74a190969f5953792"",""claim_type"":""FORECAST_GEOLOGICAL_CONDITION"",""source_evidence_id"":""doc_a1ca08b3f141763f45863a07_e0002"",""source_kind"":""GEOLOGICAL_EVIDENCE"",""state_role"":""FORWARD_ATTENTION_CELL"",""valid_date"":""2023-11-05""}",FORECAST_GEOLOGICAL_CONDITION,true,true,false,,EXPRESSIBLE,doc_a1ca08b3f141763f45863a07_e0002,"{""attribute_name"":""geological_conclusion"",""normalized_value"":""该段围岩与当前掌子面相当。岩 性为板岩夹变质砂岩，弱风化， 岩质软硬不均，节理裂隙较发育， 岩体较破碎。"",""source_evidence_id"":""doc_a1ca08b3f141763f45863a07_e0002""}",,,,null,knowledge_revision_event_9eba9d2dce977cf51b674212,FORWARD_ATTENTION_CELL,false,OPPORTUNITY_ADDED,2023-11-05,false
false,false,cell_d56d02a74a190969f5953792,"{""attribute_name"":""joint_development"",""base_stage3a_state_version_id"":""state_version_2f757b4c4be24f4cb88a3adc"",""cell_id"":""cell_d56d02a74a190969f5953792"",""claim_type"":""FORECAST_GEOLOGICAL_CONDITION"",""source_evidence_id"":""doc_28d57b5baaf883772b83b6e8_e0005"",""source_kind"":""GEOLOGICAL_EVIDENCE"",""state_role"":""FORWARD_ATTENTION_CELL"",""valid_date"":""2023-11-05""}",FORECAST_GEOLOGICAL_CONDITION,false,false,false,,EXPRESSIBLE,doc_28d57b5baaf883772b83b6e8_e0005,"{""attribute_name"":""joint_development"",""normalized_value"":""节理裂隙发育"",""source_evidence_id"":""doc_28d57b5baaf883772b83b6e8_e0005""}",,EXPRESSIBLE,doc_28d57b5baaf883772b83b6e8_e0005,"{""attribute_name"":""joint_development"",""normalized_value"":""节理裂隙发育"",""source_evidence_id"":""doc_28d57b5baaf883772b83b6e8_e0005""}",knowledge_revision_event_9eba9d2dce977cf51b674212,FORWARD_ATTENTION_CELL,false,UNCHANGED_EXPRESSIBLE,2023-11-05,true
false,false,cell_d56d02a74a190969f5953792,"{""attribute_name"":""joint_development"",""base_stage3a_state_version_id"":""state_version_2f757b4c4be24f4cb88a3adc"",""cell_id"":""cell_d56d02a74a190969f5953792"",""claim_type"":""FORECAST_GEOLOGICAL_CONDITION"",""source_evidence_id"":""doc_a1ca08b3f141763f45863a07_e0002"",""source_kind"":""GEOLOGICAL_EVIDENCE"",""state_role"":""FORWARD_ATTENTION_CELL"",""valid_date"":""2023-11-05""}",FORECAST_GEOLOGICAL_CONDITION,true,true,false,,EXPRESSIBLE,doc_a1ca08b3f141763f45863a07_e0002,"{""attribute_name"":""joint_development"",""normalized_value"":""节理裂隙较发育"",""source_evidence_id"":""doc_a1ca08b3f141763f45863a07_e0002""}",,,,null,knowledge_revision_event_9eba9d2dce977cf51b674212,FORWARD_ATTENTION_CELL,false,OPPORTUNITY_ADDED,2023-11-05,false
false,false,cell_d56d02a74a190969f5953792,"{""attribute_name"":""lithology"",""base_stage3a_state_version_id"":""state_version_2f757b4c4be24f4cb88a3adc"",""cell_id"":""cell_d56d02a74a190969f5953792"",""claim_type"":""FORECAST_GEOLOGICAL_CONDITION"",""source_evidence_id"":""doc_28d57b5baaf883772b83b6e8_e0005"",""source_kind"":""GEOLOGICAL_EVIDENCE"",""state_role"":""FORWARD_ATTENTION_CELL"",""valid_date"":""2023-11-05""}",FORECAST_GEOLOGICAL_CONDITION,false,false,false,,EXPRESSIBLE,doc_28d57b5baaf883772b83b6e8_e0005,"{""attribute_name"":""lithology"",""normalized_value"":""板岩夹变质砂岩"",""source_evidence_id"":""doc_28d57b5baaf883772b83b6e8_e0005""}",,EXPRESSIBLE,doc_28d57b5baaf883772b83b6e8_e0005,"{""attribute_name"":""lithology"",""normalized_value"":""板岩夹变质砂岩"",""source_evidence_id"":""doc_28d57b5baaf883772b83b6e8_e0005""}",knowledge_revision_event_9eba9d2dce977cf51b674212,FORWARD_ATTENTION_CELL,false,UNCHANGED_EXPRESSIBLE,2023-11-05,true
false,false,cell_d56d02a74a190969f5953792,"{""attribute_name"":""lithology"",""base_stage3a_state_version_id"":""state_version_2f757b4c4be24f4cb88a3adc"",""cell_id"":""cell_d56d02a74a190969f5953792"",""claim_type"":""FORECAST_GEOLOGICAL_CONDITION"",""source_evidence_id"":""doc_a1ca08b3f141763f45863a07_e0002"",""source_kind"":""GEOLOGICAL_EVIDENCE"",""state_role"":""FORWARD_ATTENTION_CELL"",""valid_date"":""2023-11-05""}",FORECAST_GEOLOGICAL_CONDITION,true,true,false,,EXPRESSIBLE,doc_a1ca08b3f141763f45863a07_e0002,"{""attribute_name"":""lithology"",""normalized_value"":""板岩夹变质砂岩"",""source_evidence_id"":""doc_a1ca08b3f141763f45863a07_e0002""}",,,,null,knowledge_revision_event_9eba9d2dce977cf51b674212,FORWARD_ATTENTION_CELL,false,OPPORTUNITY_ADDED,2023-11-05,false
false,false,cell_d56d02a74a190969f5953792,"{""attribute_name"":""risk_hint"",""base_stage3a_state_version_id"":""state_version_2f757b4c4be24f4cb88a3adc"",""cell_id"":""cell_d56d02a74a190969f5953792"",""claim_type"":""FORECAST_GEOLOGICAL_CONDITION"",""source_evidence_id"":""doc_28d57b5baaf883772b83b6e8_e0005"",""source_kind"":""GEOLOGICAL_EVIDENCE"",""state_role"":""FORWARD_ATTENTION_CELL"",""valid_date"":""2023-11-05""}",FORECAST_GEOLOGICAL_CONDITION,false,false,false,,EXPRESSIBLE,doc_28d57b5baaf883772b83b6e8_e0005,"{""attribute_name"":""risk_hint"",""normalized_value"":""里程+938、 +943 附近有 掉块风险"",""source_evidence_id"":""doc_28d57b5baaf883772b83b6e8_e0005""}",,EXPRESSIBLE,doc_28d57b5baaf883772b83b6e8_e0005,"{""attribute_name"":""risk_hint"",""normalized_value"":""里程+938、 +943 附近有 掉块风险"",""source_evidence_id"":""doc_28d57b5baaf883772b83b6e8_e0005""}",knowledge_revision_event_9eba9d2dce977cf51b674212,FORWARD_ATTENTION_CELL,false,UNCHANGED_EXPRESSIBLE,2023-11-05,true
false,false,cell_d56d02a74a190969f5953792,"{""attribute_name"":""risk_hint"",""base_stage3a_state_version_id"":""state_version_2f757b4c4be24f4cb88a3adc"",""cell_id"":""cell_d56d02a74a190969f5953792"",""claim_type"":""FORECAST_GEOLOGICAL_CONDITION"",""source_evidence_id"":""doc_a1ca08b3f141763f45863a07_e0002"",""source_kind"":""GEOLOGICAL_EVIDENCE"",""state_role"":""FORWARD_ATTENTION_CELL"",""valid_date"":""2023-11-05""}",FORECAST_GEOLOGICAL_CONDITION,true,true,false,UNKNOWN_SOURCE_VALUE,ABSTAIN,,"{""attribute_name"":""risk_hint"",""normalized_value"":""UNKNOWN"",""source_evidence_id"":""doc_a1ca08b3f141763f45863a07_e0002""}",,,,null,knowledge_revision_event_9eba9d2dce977cf51b674212,FORWARD_ATTENTION_CELL,false,OPPORTUNITY_ADDED,2023-11-05,false
false,false,cell_d56d02a74a190969f5953792,"{""attribute_name"":""rock_mass_state"",""base_stage3a_state_version_id"":""state_version_2f757b4c4be24f4cb88a3adc"",""cell_id"":""cell_d56d02a74a190969f5953792"",""claim_type"":""FORECAST_GEOLOGICAL_CONDITION"",""source_evidence_id"":""doc_28d57b5baaf883772b83b6e8_e0005"",""source_kind"":""GEOLOGICAL_EVIDENCE"",""state_role"":""FORWARD_ATTENTION_CELL"",""valid_date"":""2023-11-05""}",FORECAST_GEOLOGICAL_CONDITION,false,false,false,,EXPRESSIBLE,doc_28d57b5baaf883772b83b6e8_e0005,"{""attribute_name"":""rock_mass_state"",""normalized_value"":""岩体破碎"",""source_evidence_id"":""doc_28d57b5baaf883772b83b6e8_e0005""}",,EXPRESSIBLE,doc_28d57b5baaf883772b83b6e8_e0005,"{""attribute_name"":""rock_mass_state"",""normalized_value"":""岩体破碎"",""source_evidence_id"":""doc_28d57b5baaf883772b83b6e8_e0005""}",knowledge_revision_event_9eba9d2dce977cf51b674212,FORWARD_ATTENTION_CELL,false,UNCHANGED_EXPRESSIBLE,2023-11-05,true
false,false,cell_d56d02a74a190969f5953792,"{""attribute_name"":""rock_mass_state"",""base_stage3a_state_version_id"":""state_version_2f757b4c4be24f4cb88a3adc"",""cell_id"":""cell_d56d02a74a190969f5953792"",""claim_type"":""FORECAST_GEOLOGICAL_CONDITION"",""source_evidence_id"":""doc_a1ca08b3f141763f45863a07_e0002"",""source_kind"":""GEOLOGICAL_EVIDENCE"",""state_role"":""FORWARD_ATTENTION_CELL"",""valid_date"":""2023-11-05""}",FORECAST_GEOLOGICAL_CONDITION,true,true,false,,EXPRESSIBLE,doc_a1ca08b3f141763f45863a07_e0002,"{""attribute_name"":""rock_mass_state"",""normalized_value"":""岩体较破碎"",""source_evidence_id"":""doc_a1ca08b3f141763f45863a07_e0002""}",,,,null,knowledge_revision_event_9eba9d2dce977cf51b674212,FORWARD_ATTENTION_CELL,false,OPPORTUNITY_ADDED,2023-11-05,false
false,false,cell_d56d02a74a190969f5953792,"{""attribute_name"":""suggested_grade"",""base_stage3a_state_version_id"":""state_version_2f757b4c4be24f4cb88a3adc"",""cell_id"":""cell_d56d02a74a190969f5953792"",""claim_type"":""FORECAST_GEOLOGICAL_CONDITION"",""source_evidence_id"":""doc_28d57b5baaf883772b83b6e8_e0005"",""source_kind"":""GEOLOGICAL_EVIDENCE"",""state_role"":""FORWARD_ATTENTION_CELL"",""valid_date"":""2023-11-05""}",FORECAST_GEOLOGICAL_CONDITION,false,false,false,,EXPRESSIBLE,doc_28d57b5baaf883772b83b6e8_e0005,"{""attribute_name"":""suggested_grade"",""normalized_value"":""Ⅳ级"",""source_evidence_id"":""doc_28d57b5baaf883772b83b6e8_e0005""}",,EXPRESSIBLE,doc_28d57b5baaf883772b83b6e8_e0005,"{""attribute_name"":""suggested_grade"",""normalized_value"":""Ⅳ级"",""source_evidence_id"":""doc_28d57b5baaf883772b83b6e8_e0005""}",knowledge_revision_event_9eba9d2dce977cf51b674212,FORWARD_ATTENTION_CELL,false,UNCHANGED_EXPRESSIBLE,2023-11-05,true
false,false,cell_d56d02a74a190969f5953792,"{""attribute_name"":""suggested_grade"",""base_stage3a_state_version_id"":""state_version_2f757b4c4be24f4cb88a3adc"",""cell_id"":""cell_d56d02a74a190969f5953792"",""claim_type"":""FORECAST_GEOLOGICAL_CONDITION"",""source_evidence_id"":""doc_a1ca08b3f141763f45863a07_e0002"",""source_kind"":""GEOLOGICAL_EVIDENCE"",""state_role"":""FORWARD_ATTENTION_CELL"",""valid_date"":""2023-11-05""}",FORECAST_GEOLOGICAL_CONDITION,true,true,false,,EXPRESSIBLE,doc_a1ca08b3f141763f45863a07_e0002,"{""attribute_name"":""suggested_grade"",""normalized_value"":""Ⅲ级"",""source_evidence_id"":""doc_a1ca08b3f141763f45863a07_e0002""}",,,,null,knowledge_revision_event_9eba9d2dce977cf51b674212,FORWARD_ATTENTION_CELL,false,OPPORTUNITY_ADDED,2023-11-05,false
false,false,cell_d56d02a74a190969f5953792,"{""attribute_name"":""weathering"",""base_stage3a_state_version_id"":""state_version_2f757b4c4be24f4cb88a3adc"",""cell_id"":""cell_d56d02a74a190969f5953792"",""claim_type"":""FORECAST_GEOLOGICAL_CONDITION"",""source_evidence_id"":""doc_28d57b5baaf883772b83b6e8_e0005"",""source_kind"":""GEOLOGICAL_EVIDENCE"",""state_role"":""FORWARD_ATTENTION_CELL"",""valid_date"":""2023-11-05""}",FORECAST_GEOLOGICAL_CONDITION,false,false,false,,EXPRESSIBLE,doc_28d57b5baaf883772b83b6e8_e0005,"{""attribute_name"":""weathering"",""normalized_value"":""弱风化"",""source_evidence_id"":""doc_28d57b5baaf883772b83b6e8_e0005""}",,EXPRESSIBLE,doc_28d57b5baaf883772b83b6e8_e0005,"{""attribute_name"":""weathering"",""normalized_value"":""弱风化"",""source_evidence_id"":""doc_28d57b5baaf883772b83b6e8_e0005""}",knowledge_revision_event_9eba9d2dce977cf51b674212,FORWARD_ATTENTION_CELL,false,UNCHANGED_EXPRESSIBLE,2023-11-05,true
false,false,cell_d56d02a74a190969f5953792,"{""attribute_name"":""weathering"",""base_stage3a_state_version_id"":""state_version_2f757b4c4be24f4cb88a3adc"",""cell_id"":""cell_d56d02a74a190969f5953792"",""claim_type"":""FORECAST_GEOLOGICAL_CONDITION"",""source_evidence_id"":""doc_a1ca08b3f141763f45863a07_e0002"",""source_kind"":""GEOLOGICAL_EVIDENCE"",""state_role"":""FORWARD_ATTENTION_CELL"",""valid_date"":""2023-11-05""}",FORECAST_GEOLOGICAL_CONDITION,true,true,false,,EXPRESSIBLE,doc_a1ca08b3f141763f45863a07_e0002,"{""attribute_name"":""weathering"",""normalized_value"":""弱风化"",""source_evidence_id"":""doc_a1ca08b3f141763f45863a07_e0002""}",,,,null,knowledge_revision_event_9eba9d2dce977cf51b674212,FORWARD_ATTENTION_CELL,false,OPPORTUNITY_ADDED,2023-11-05,false
false,false,cell_d56d02a74a190969f5953792,"{""base_stage3a_state_version_id"":""state_version_2f757b4c4be24f4cb88a3adc"",""cell_id"":""cell_d56d02a74a190969f5953792"",""claim_type"":""FORWARD_GEOLOGICAL_ATTENTION"",""metric_name"":""GRS"",""source_kind"":""STATE_GRS"",""state_role"":""FORWARD_ATTENTION_CELL"",""valid_date"":""2023-11-05""}",FORWARD_GEOLOGICAL_ATTENTION,false,false,false,,EXPRESSIBLE,state_grs_42a30cb83586a639bac6f76f,"{""is_causal_estimate"":false,""is_hazard_probability"":false,""is_probability"":false,""metric_name"":""GRS"",""metric_semantics"":""FORWARD_GEOLOGICAL_EVIDENCE_ATTENTION_INDEX"",""metric_status"":""AVAILABLE"",""metric_value"":0.625}",,EXPRESSIBLE,state_grs_051b575ddfeed3891815800d,"{""is_causal_estimate"":false,""is_hazard_probability"":false,""is_probability"":false,""metric_name"":""GRS"",""metric_semantics"":""FORWARD_GEOLOGICAL_EVIDENCE_ATTENTION_INDEX"",""metric_status"":""AVAILABLE"",""metric_value"":0.625}",knowledge_revision_event_9eba9d2dce977cf51b674212,FORWARD_ATTENTION_CELL,true,RESOLVED_SUPPORT_CHANGED,2023-11-05,false
false,false,cell_d56d02a74a190969f5953792,"{""base_stage3a_state_version_id"":""state_version_2f757b4c4be24f4cb88a3adc"",""cell_id"":""cell_d56d02a74a190969f5953792"",""claim_type"":""OPERATIONAL_RESPONSE_ATTENTION"",""metric_name"":""RAI"",""source_kind"":""STATE_RAI"",""state_role"":""FORWARD_ATTENTION_CELL"",""valid_date"":""2023-11-05""}",OPERATIONAL_RESPONSE_ATTENTION,false,false,false,STATE_ROLE_NOT_ALLOWED,ABSTAIN,,null,STATE_ROLE_NOT_ALLOWED,ABSTAIN,,null,knowledge_revision_event_9eba9d2dce977cf51b674212,FORWARD_ATTENTION_CELL,false,UNCHANGED_ABSTAIN,2023-11-05,false
false,false,cell_74760c064abb487c9a1b536d,"{""attribute_name"":""anomaly_level"",""base_stage3a_state_version_id"":""state_version_6048efc4dd21fd80dc3ecedf"",""cell_id"":""cell_74760c064abb487c9a1b536d"",""claim_type"":""FORECAST_GEOLOGICAL_CONDITION"",""source_evidence_id"":""doc_d0afc25463d4776277ebb952_e0002"",""source_kind"":""GEOLOGICAL_EVIDENCE"",""state_role"":""FORWARD_ATTENTION_CELL"",""valid_date"":""2023-11-17""}",FORECAST_GEOLOGICAL_CONDITION,true,true,false,UNKNOWN_SOURCE_VALUE,ABSTAIN,,"{""attribute_name"":""anomaly_level"",""normalized_value"":""NONE"",""source_evidence_id"":""doc_d0afc25463d4776277ebb952_e0002""}",,,,null,knowledge_revision_event_a209ec4280d4a29d371a7f14,FORWARD_ATTENTION_CELL,false,OPPORTUNITY_ADDED,2023-11-17,false
false,false,cell_74760c064abb487c9a1b536d,"{""attribute_name"":""anomaly_level"",""base_stage3a_state_version_id"":""state_version_6048efc4dd21fd80dc3ecedf"",""cell_id"":""cell_74760c064abb487c9a1b536d"",""claim_type"":""FORECAST_GEOLOGICAL_CONDITION"",""source_evidence_id"":""doc_d0afc25463d4776277ebb952_e0003"",""source_kind"":""GEOLOGICAL_EVIDENCE"",""state_role"":""FORWARD_ATTENTION_CELL"",""valid_date"":""2023-11-17""}",FORECAST_GEOLOGICAL_CONDITION,true,true,false,,EXPRESSIBLE,doc_d0afc25463d4776277ebb952_e0003,"{""attribute_name"":""anomaly_level"",""normalized_value"":""MODERATE"",""source_evidence_id"":""doc_d0afc25463d4776277ebb952_e0003""}",,,,null,knowledge_revision_event_a209ec4280d4a29d371a7f14,FORWARD_ATTENTION_CELL,false,OPPORTUNITY_ADDED,2023-11-17,false
false,false,cell_74760c064abb487c9a1b536d,"{""attribute_name"":""geological_conclusion"",""base_stage3a_state_version_id"":""state_version_6048efc4dd21fd80dc3ecedf"",""cell_id"":""cell_74760c064abb487c9a1b536d"",""claim_type"":""FORECAST_GEOLOGICAL_CONDITION"",""source_evidence_id"":""doc_d0afc25463d4776277ebb952_e0002"",""source_kind"":""GEOLOGICAL_EVIDENCE"",""state_role"":""FORWARD_ATTENTION_CELL"",""valid_date"":""2023-11-17""}",FORECAST_GEOLOGICAL_CONDITION,true,true,false,,EXPRESSIBLE,doc_d0afc25463d4776277ebb952_e0002,"{""attribute_name"":""geological_conclusion"",""normalized_value"":""该段围岩与当前掌子面相当。岩 性为板岩夹变质砂岩，弱风化， 岩质软硬不均，节理裂隙较发育， 岩体较破碎。"",""source_evidence_id"":""doc_d0afc25463d4776277ebb952_e0002""}",,,,null,knowledge_revision_event_a209ec4280d4a29d371a7f14,FORWARD_ATTENTION_CELL,false,OPPORTUNITY_ADDED,2023-11-17,false
false,false,cell_74760c064abb487c9a1b536d,"{""attribute_name"":""geological_conclusion"",""base_stage3a_state_version_id"":""state_version_6048efc4dd21fd80dc3ecedf"",""cell_id"":""cell_74760c064abb487c9a1b536d"",""claim_type"":""FORECAST_GEOLOGICAL_CONDITION"",""source_evidence_id"":""doc_d0afc25463d4776277ebb952_e0003"",""source_kind"":""GEOLOGICAL_EVIDENCE"",""state_role"":""FORWARD_ATTENTION_CELL"",""valid_date"":""2023-11-17""}",FORECAST_GEOLOGICAL_CONDITION,true,true,false,,EXPRESSIBLE,doc_d0afc25463d4776277ebb952_e0003,"{""attribute_name"":""geological_conclusion"",""normalized_value"":""该段围岩较前段变差。岩性为板 岩夹变质砂岩，弱风化，岩质软 硬不均，节理裂隙较发育-发育， 岩体较破碎-破碎，裂隙层间结合 度差。"",""source_evidence_id"":""doc_d0afc25463d4776277ebb952_e0003""}",,,,null,knowledge_revision_event_a209ec4280d4a29d371a7f14,FORWARD_ATTENTION_CELL,false,OPPORTUNITY_ADDED,2023-11-17,false
false,false,cell_74760c064abb487c9a1b536d,"{""attribute_name"":""joint_development"",""base_stage3a_state_version_id"":""state_version_6048efc4dd21fd80dc3ecedf"",""cell_id"":""cell_74760c064abb487c9a1b536d"",""claim_type"":""FORECAST_GEOLOGICAL_CONDITION"",""source_evidence_id"":""doc_d0afc25463d4776277ebb952_e0002"",""source_kind"":""GEOLOGICAL_EVIDENCE"",""state_role"":""FORWARD_ATTENTION_CELL"",""valid_date"":""2023-11-17""}",FORECAST_GEOLOGICAL_CONDITION,true,true,false,,EXPRESSIBLE,doc_d0afc25463d4776277ebb952_e0002,"{""attribute_name"":""joint_development"",""normalized_value"":""节理裂隙较发育"",""source_evidence_id"":""doc_d0afc25463d4776277ebb952_e0002""}",,,,null,knowledge_revision_event_a209ec4280d4a29d371a7f14,FORWARD_ATTENTION_CELL,false,OPPORTUNITY_ADDED,2023-11-17,false
false,false,cell_74760c064abb487c9a1b536d,"{""attribute_name"":""joint_development"",""base_stage3a_state_version_id"":""state_version_6048efc4dd21fd80dc3ecedf"",""cell_id"":""cell_74760c064abb487c9a1b536d"",""claim_type"":""FORECAST_GEOLOGICAL_CONDITION"",""source_evidence_id"":""doc_d0afc25463d4776277ebb952_e0003"",""source_kind"":""GEOLOGICAL_EVIDENCE"",""state_role"":""FORWARD_ATTENTION_CELL"",""valid_date"":""2023-11-17""}",FORECAST_GEOLOGICAL_CONDITION,true,true,false,,EXPRESSIBLE,doc_d0afc25463d4776277ebb952_e0003,"{""attribute_name"":""joint_development"",""normalized_value"":""节理裂隙较发育-发育"",""source_evidence_id"":""doc_d0afc25463d4776277ebb952_e0003""}",,,,null,knowledge_revision_event_a209ec4280d4a29d371a7f14,FORWARD_ATTENTION_CELL,false,OPPORTUNITY_ADDED,2023-11-17,false
false,false,cell_74760c064abb487c9a1b536d,"{""attribute_name"":""lithology"",""base_stage3a_state_version_id"":""state_version_6048efc4dd21fd80dc3ecedf"",""cell_id"":""cell_74760c064abb487c9a1b536d"",""claim_type"":""FORECAST_GEOLOGICAL_CONDITION"",""source_evidence_id"":""doc_d0afc25463d4776277ebb952_e0002"",""source_kind"":""GEOLOGICAL_EVIDENCE"",""state_role"":""FORWARD_ATTENTION_CELL"",""valid_date"":""2023-11-17""}",FORECAST_GEOLOGICAL_CONDITION,true,true,false,,EXPRESSIBLE,doc_d0afc25463d4776277ebb952_e0002,"{""attribute_name"":""lithology"",""normalized_value"":""板岩夹变质砂岩"",""source_evidence_id"":""doc_d0afc25463d4776277ebb952_e0002""}",,,,null,knowledge_revision_event_a209ec4280d4a29d371a7f14,FORWARD_ATTENTION_CELL,false,OPPORTUNITY_ADDED,2023-11-17,false
false,false,cell_74760c064abb487c9a1b536d,"{""attribute_name"":""lithology"",""base_stage3a_state_version_id"":""state_version_6048efc4dd21fd80dc3ecedf"",""cell_id"":""cell_74760c064abb487c9a1b536d"",""claim_type"":""FORECAST_GEOLOGICAL_CONDITION"",""source_evidence_id"":""doc_d0afc25463d4776277ebb952_e0003"",""source_kind"":""GEOLOGICAL_EVIDENCE"",""state_role"":""FORWARD_ATTENTION_CELL"",""valid_date"":""2023-11-17""}",FORECAST_GEOLOGICAL_CONDITION,true,true,false,,EXPRESSIBLE,doc_d0afc25463d4776277ebb952_e0003,"{""attribute_name"":""lithology"",""normalized_value"":""板岩夹变质砂岩"",""source_evidence_id"":""doc_d0afc25463d4776277ebb952_e0003""}",,,,null,knowledge_revision_event_a209ec4280d4a29d371a7f14,FORWARD_ATTENTION_CELL,false,OPPORTUNITY_ADDED,2023-11-17,false
false,false,cell_74760c064abb487c9a1b536d,"{""attribute_name"":""risk_hint"",""base_stage3a_state_version_id"":""state_version_6048efc4dd21fd80dc3ecedf"",""cell_id"":""cell_74760c064abb487c9a1b536d"",""claim_type"":""FORECAST_GEOLOGICAL_CONDITION"",""source_evidence_id"":""doc_d0afc25463d4776277ebb952_e0002"",""source_kind"":""GEOLOGICAL_EVIDENCE"",""state_role"":""FORWARD_ATTENTION_CELL"",""valid_date"":""2023-11-17""}",FORECAST_GEOLOGICAL_CONDITION,true,true,false,UNKNOWN_SOURCE_VALUE,ABSTAIN,,"{""attribute_name"":""risk_hint"",""normalized_value"":""UNKNOWN"",""source_evidence_id"":""doc_d0afc25463d4776277ebb952_e0002""}",,,,null,knowledge_revision_event_a209ec4280d4a29d371a7f14,FORWARD_ATTENTION_CELL,false,OPPORTUNITY_ADDED,2023-11-17,false
false,false,cell_74760c064abb487c9a1b536d,"{""attribute_name"":""risk_hint"",""base_stage3a_state_version_id"":""state_version_6048efc4dd21fd80dc3ecedf"",""cell_id"":""cell_74760c064abb487c9a1b536d"",""claim_type"":""FORECAST_GEOLOGICAL_CONDITION"",""source_evidence_id"":""doc_d0afc25463d4776277ebb952_e0003"",""source_kind"":""GEOLOGICAL_EVIDENCE"",""state_role"":""FORWARD_ATTENTION_CELL"",""valid_date"":""2023-11-17""}",FORECAST_GEOLOGICAL_CONDITION,true,true,false,,EXPRESSIBLE,doc_d0afc25463d4776277ebb952_e0003,"{""attribute_name"":""risk_hint"",""normalized_value"":""里程+056 附 近有掉块风 险"",""source_evidence_id"":""doc_d0afc25463d4776277ebb952_e0003""}",,,,null,knowledge_revision_event_a209ec4280d4a29d371a7f14,FORWARD_ATTENTION_CELL,false,OPPORTUNITY_ADDED,2023-11-17,false
false,false,cell_74760c064abb487c9a1b536d,"{""attribute_name"":""rock_mass_state"",""base_stage3a_state_version_id"":""state_version_6048efc4dd21fd80dc3ecedf"",""cell_id"":""cell_74760c064abb487c9a1b536d"",""claim_type"":""FORECAST_GEOLOGICAL_CONDITION"",""source_evidence_id"":""doc_d0afc25463d4776277ebb952_e0002"",""source_kind"":""GEOLOGICAL_EVIDENCE"",""state_role"":""FORWARD_ATTENTION_CELL"",""valid_date"":""2023-11-17""}",FORECAST_GEOLOGICAL_CONDITION,true,true,false,,EXPRESSIBLE,doc_d0afc25463d4776277ebb952_e0002,"{""attribute_name"":""rock_mass_state"",""normalized_value"":""岩体较破碎"",""source_evidence_id"":""doc_d0afc25463d4776277ebb952_e0002""}",,,,null,knowledge_revision_event_a209ec4280d4a29d371a7f14,FORWARD_ATTENTION_CELL,false,OPPORTUNITY_ADDED,2023-11-17,false
false,false,cell_74760c064abb487c9a1b536d,"{""attribute_name"":""rock_mass_state"",""base_stage3a_state_version_id"":""state_version_6048efc4dd21fd80dc3ecedf"",""cell_id"":""cell_74760c064abb487c9a1b536d"",""claim_type"":""FORECAST_GEOLOGICAL_CONDITION"",""source_evidence_id"":""doc_d0afc25463d4776277ebb952_e0003"",""source_kind"":""GEOLOGICAL_EVIDENCE"",""state_role"":""FORWARD_ATTENTION_CELL"",""valid_date"":""2023-11-17""}",FORECAST_GEOLOGICAL_CONDITION,true,true,false,,EXPRESSIBLE,doc_d0afc25463d4776277ebb952_e0003,"{""attribute_name"":""rock_mass_state"",""normalized_value"":""岩体较破碎-破碎"",""source_evidence_id"":""doc_d0afc25463d4776277ebb952_e0003""}",,,,null,knowledge_revision_event_a209ec4280d4a29d371a7f14,FORWARD_ATTENTION_CELL,false,OPPORTUNITY_ADDED,2023-11-17,false
false,false,cell_74760c064abb487c9a1b536d,"{""attribute_name"":""suggested_grade"",""base_stage3a_state_version_id"":""state_version_6048efc4dd21fd80dc3ecedf"",""cell_id"":""cell_74760c064abb487c9a1b536d"",""claim_type"":""FORECAST_GEOLOGICAL_CONDITION"",""source_evidence_id"":""doc_d0afc25463d4776277ebb952_e0002"",""source_kind"":""GEOLOGICAL_EVIDENCE"",""state_role"":""FORWARD_ATTENTION_CELL"",""valid_date"":""2023-11-17""}",FORECAST_GEOLOGICAL_CONDITION,true,true,false,,EXPRESSIBLE,doc_d0afc25463d4776277ebb952_e0002,"{""attribute_name"":""suggested_grade"",""normalized_value"":""Ⅲ级"",""source_evidence_id"":""doc_d0afc25463d4776277ebb952_e0002""}",,,,null,knowledge_revision_event_a209ec4280d4a29d371a7f14,FORWARD_ATTENTION_CELL,false,OPPORTUNITY_ADDED,2023-11-17,false
false,false,cell_74760c064abb487c9a1b536d,"{""attribute_name"":""suggested_grade"",""base_stage3a_state_version_id"":""state_version_6048efc4dd21fd80dc3ecedf"",""cell_id"":""cell_74760c064abb487c9a1b536d"",""claim_type"":""FORECAST_GEOLOGICAL_CONDITION"",""source_evidence_id"":""doc_d0afc25463d4776277ebb952_e0003"",""source_kind"":""GEOLOGICAL_EVIDENCE"",""state_role"":""FORWARD_ATTENTION_CELL"",""valid_date"":""2023-11-17""}",FORECAST_GEOLOGICAL_CONDITION,true,true,false,,EXPRESSIBLE,doc_d0afc25463d4776277ebb952_e0003,"{""attribute_name"":""suggested_grade"",""normalized_value"":""Ⅳ级"",""source_evidence_id"":""doc_d0afc25463d4776277ebb952_e0003""}",,,,null,knowledge_revision_event_a209ec4280d4a29d371a7f14,FORWARD_ATTENTION_CELL,false,OPPORTUNITY_ADDED,2023-11-17,false
false,false,cell_74760c064abb487c9a1b536d,"{""attribute_name"":""weathering"",""base_stage3a_state_version_id"":""state_version_6048efc4dd21fd80dc3ecedf"",""cell_id"":""cell_74760c064abb487c9a1b536d"",""claim_type"":""FORECAST_GEOLOGICAL_CONDITION"",""source_evidence_id"":""doc_d0afc25463d4776277ebb952_e0002"",""source_kind"":""GEOLOGICAL_EVIDENCE"",""state_role"":""FORWARD_ATTENTION_CELL"",""valid_date"":""2023-11-17""}",FORECAST_GEOLOGICAL_CONDITION,true,true,false,,EXPRESSIBLE,doc_d0afc25463d4776277ebb952_e0002,"{""attribute_name"":""weathering"",""normalized_value"":""弱风化"",""source_evidence_id"":""doc_d0afc25463d4776277ebb952_e0002""}",,,,null,knowledge_revision_event_a209ec4280d4a29d371a7f14,FORWARD_ATTENTION_CELL,false,OPPORTUNITY_ADDED,2023-11-17,false
false,false,cell_74760c064abb487c9a1b536d,"{""attribute_name"":""weathering"",""base_stage3a_state_version_id"":""state_version_6048efc4dd21fd80dc3ecedf"",""cell_id"":""cell_74760c064abb487c9a1b536d"",""claim_type"":""FORECAST_GEOLOGICAL_CONDITION"",""source_evidence_id"":""doc_d0afc25463d4776277ebb952_e0003"",""source_kind"":""GEOLOGICAL_EVIDENCE"",""state_role"":""FORWARD_ATTENTION_CELL"",""valid_date"":""2023-11-17""}",FORECAST_GEOLOGICAL_CONDITION,true,true,false,,EXPRESSIBLE,doc_d0afc25463d4776277ebb952_e0003,"{""attribute_name"":""weathering"",""normalized_value"":""弱风化"",""source_evidence_id"":""doc_d0afc25463d4776277ebb952_e0003""}",,,,null,knowledge_revision_event_a209ec4280d4a29d371a7f14,FORWARD_ATTENTION_CELL,false,OPPORTUNITY_ADDED,2023-11-17,false
true,true,cell_74760c064abb487c9a1b536d,"{""base_stage3a_state_version_id"":""state_version_6048efc4dd21fd80dc3ecedf"",""cell_id"":""cell_74760c064abb487c9a1b536d"",""claim_type"":""FORWARD_GEOLOGICAL_ATTENTION"",""metric_name"":""GRS"",""source_kind"":""STATE_GRS"",""state_role"":""FORWARD_ATTENTION_CELL"",""valid_date"":""2023-11-17""}",FORWARD_GEOLOGICAL_ATTENTION,true,false,false,,EXPRESSIBLE,state_grs_9d8bbd91768c9db94f08faed,"{""is_causal_estimate"":false,""is_hazard_probability"":false,""is_probability"":false,""metric_name"":""GRS"",""metric_semantics"":""FORWARD_GEOLOGICAL_EVIDENCE_ATTENTION_INDEX"",""metric_status"":""AVAILABLE"",""metric_value"":0.5833333333333333}",REQUIRED_EPISTEMIC_STATUS_MISSING,ABSTAIN,,null,knowledge_revision_event_a209ec4280d4a29d371a7f14,FORWARD_ATTENTION_CELL,true,ABSTAIN_TO_EXPRESSIBLE,2023-11-17,false
false,false,cell_74760c064abb487c9a1b536d,"{""base_stage3a_state_version_id"":""state_version_6048efc4dd21fd80dc3ecedf"",""cell_id"":""cell_74760c064abb487c9a1b536d"",""claim_type"":""OPERATIONAL_RESPONSE_ATTENTION"",""metric_name"":""RAI"",""source_kind"":""STATE_RAI"",""state_role"":""FORWARD_ATTENTION_CELL"",""valid_date"":""2023-11-17""}",OPERATIONAL_RESPONSE_ATTENTION,false,false,false,STATE_ROLE_NOT_ALLOWED,ABSTAIN,,null,STATE_ROLE_NOT_ALLOWED,ABSTAIN,,null,knowledge_revision_event_a209ec4280d4a29d371a7f14,FORWARD_ATTENTION_CELL,false,UNCHANGED_ABSTAIN,2023-11-17,false
false,false,cell_3ae33164a8e71987590e3ceb,"{""attribute_name"":""anomaly_level"",""base_stage3a_state_version_id"":""state_version_964f21e3545d4cccd531a3bd"",""cell_id"":""cell_3ae33164a8e71987590e3ceb"",""claim_type"":""FORECAST_GEOLOGICAL_CONDITION"",""source_evidence_id"":""doc_6af39821d5a37fd21b28de70_e0003"",""source_kind"":""GEOLOGICAL_EVIDENCE"",""state_role"":""FORWARD_ATTENTION_CELL"",""valid_date"":""2023-10-15""}",FORECAST_GEOLOGICAL_CONDITION,true,true,false,,EXPRESSIBLE,doc_6af39821d5a37fd21b28de70_e0003,"{""attribute_name"":""anomaly_level"",""normalized_value"":""MODERATE"",""source_evidence_id"":""doc_6af39821d5a37fd21b28de70_e0003""}",,,,null,knowledge_revision_event_a213809faf72831302451622,FORWARD_ATTENTION_CELL,false,OPPORTUNITY_ADDED,2023-10-15,false
false,false,cell_3ae33164a8e71987590e3ceb,"{""attribute_name"":""anomaly_level"",""base_stage3a_state_version_id"":""state_version_964f21e3545d4cccd531a3bd"",""cell_id"":""cell_3ae33164a8e71987590e3ceb"",""claim_type"":""FORECAST_GEOLOGICAL_CONDITION"",""source_evidence_id"":""doc_6af39821d5a37fd21b28de70_e0004"",""source_kind"":""GEOLOGICAL_EVIDENCE"",""state_role"":""FORWARD_ATTENTION_CELL"",""valid_date"":""2023-10-15""}",FORECAST_GEOLOGICAL_CONDITION,true,true,false,UNKNOWN_SOURCE_VALUE,ABSTAIN,,"{""attribute_name"":""anomaly_level"",""normalized_value"":""NONE"",""source_evidence_id"":""doc_6af39821d5a37fd21b28de70_e0004""}",,,,null,knowledge_revision_event_a213809faf72831302451622,FORWARD_ATTENTION_CELL,false,OPPORTUNITY_ADDED,2023-10-15,false
false,false,cell_3ae33164a8e71987590e3ceb,"{""attribute_name"":""geological_conclusion"",""base_stage3a_state_version_id"":""state_version_964f21e3545d4cccd531a3bd"",""cell_id"":""cell_3ae33164a8e71987590e3ceb"",""claim_type"":""FORECAST_GEOLOGICAL_CONDITION"",""source_evidence_id"":""doc_6af39821d5a37fd21b28de70_e0003"",""source_kind"":""GEOLOGICAL_EVIDENCE"",""state_role"":""FORWARD_ATTENTION_CELL"",""valid_date"":""2023-10-15""}",FORECAST_GEOLOGICAL_CONDITION,true,true,false,,EXPRESSIBLE,doc_6af39821d5a37fd21b28de70_e0003,"{""attribute_name"":""geological_conclusion"",""normalized_value"":""该段围岩较前段变差。岩性以板 岩为主，弱风化，岩质软，节理 裂隙发育密集，岩体破碎-极破 碎，围岩整体稳定性差"",""source_evidence_id"":""doc_6af39821d5a37fd21b28de70_e0003""}",,,,null,knowledge_revision_event_a213809faf72831302451622,FORWARD_ATTENTION_CELL,false,OPPORTUNITY_ADDED,2023-10-15,false
false,false,cell_3ae33164a8e71987590e3ceb,"{""attribute_name"":""geological_conclusion"",""base_stage3a_state_version_id"":""state_version_964f21e3545d4cccd531a3bd"",""cell_id"":""cell_3ae33164a8e71987590e3ceb"",""claim_type"":""FORECAST_GEOLOGICAL_CONDITION"",""source_evidence_id"":""doc_6af39821d5a37fd21b28de70_e0004"",""source_kind"":""GEOLOGICAL_EVIDENCE"",""state_role"":""FORWARD_ATTENTION_CELL"",""valid_date"":""2023-10-15""}",FORECAST_GEOLOGICAL_CONDITION,true,true,false,,EXPRESSIBLE,doc_6af39821d5a37fd21b28de70_e0004,"{""attribute_name"":""geological_conclusion"",""normalized_value"":""该段围岩较前段稍有变好。岩性 为板岩夹变质砂岩，弱风化，岩 质软硬不均，节理裂隙发育，岩 体破碎，围岩整体稳定性较差"",""source_evidence_id"":""doc_6af39821d5a37fd21b28de70_e0004""}",,,,null,knowledge_revision_event_a213809faf72831302451622,FORWARD_ATTENTION_CELL,false,OPPORTUNITY_ADDED,2023-10-15,false
false,false,cell_3ae33164a8e71987590e3ceb,"{""attribute_name"":""joint_development"",""base_stage3a_state_version_id"":""state_version_964f21e3545d4cccd531a3bd"",""cell_id"":""cell_3ae33164a8e71987590e3ceb"",""claim_type"":""FORECAST_GEOLOGICAL_CONDITION"",""source_evidence_id"":""doc_6af39821d5a37fd21b28de70_e0003"",""source_kind"":""GEOLOGICAL_EVIDENCE"",""state_role"":""FORWARD_ATTENTION_CELL"",""valid_date"":""2023-10-15""}",FORECAST_GEOLOGICAL_CONDITION,true,true,false,,EXPRESSIBLE,doc_6af39821d5a37fd21b28de70_e0003,"{""attribute_name"":""joint_development"",""normalized_value"":""节理裂隙发育密集"",""source_evidence_id"":""doc_6af39821d5a37fd21b28de70_e0003""}",,,,null,knowledge_revision_event_a213809faf72831302451622,FORWARD_ATTENTION_CELL,false,OPPORTUNITY_ADDED,2023-10-15,false
false,false,cell_3ae33164a8e71987590e3ceb,"{""attribute_name"":""joint_development"",""base_stage3a_state_version_id"":""state_version_964f21e3545d4cccd531a3bd"",""cell_id"":""cell_3ae33164a8e71987590e3ceb"",""claim_type"":""FORECAST_GEOLOGICAL_CONDITION"",""source_evidence_id"":""doc_6af39821d5a37fd21b28de70_e0004"",""source_kind"":""GEOLOGICAL_EVIDENCE"",""state_role"":""FORWARD_ATTENTION_CELL"",""valid_date"":""2023-10-15""}",FORECAST_GEOLOGICAL_CONDITION,true,true,false,,EXPRESSIBLE,doc_6af39821d5a37fd21b28de70_e0004,"{""attribute_name"":""joint_development"",""normalized_value"":""节理裂隙发育"",""source_evidence_id"":""doc_6af39821d5a37fd21b28de70_e0004""}",,,,null,knowledge_revision_event_a213809faf72831302451622,FORWARD_ATTENTION_CELL,false,OPPORTUNITY_ADDED,2023-10-15,false
false,false,cell_3ae33164a8e71987590e3ceb,"{""attribute_name"":""lithology"",""base_stage3a_state_version_id"":""state_version_964f21e3545d4cccd531a3bd"",""cell_id"":""cell_3ae33164a8e71987590e3ceb"",""claim_type"":""FORECAST_GEOLOGICAL_CONDITION"",""source_evidence_id"":""doc_6af39821d5a37fd21b28de70_e0003"",""source_kind"":""GEOLOGICAL_EVIDENCE"",""state_role"":""FORWARD_ATTENTION_CELL"",""valid_date"":""2023-10-15""}",FORECAST_GEOLOGICAL_CONDITION,true,true,false,,EXPRESSIBLE,doc_6af39821d5a37fd21b28de70_e0003,"{""attribute_name"":""lithology"",""normalized_value"":""板岩"",""source_evidence_id"":""doc_6af39821d5a37fd21b28de70_e0003""}",,,,null,knowledge_revision_event_a213809faf72831302451622,FORWARD_ATTENTION_CELL,false,OPPORTUNITY_ADDED,2023-10-15,false
false,false,cell_3ae33164a8e71987590e3ceb,"{""attribute_name"":""lithology"",""base_stage3a_state_version_id"":""state_version_964f21e3545d4cccd531a3bd"",""cell_id"":""cell_3ae33164a8e71987590e3ceb"",""claim_type"":""FORECAST_GEOLOGICAL_CONDITION"",""source_evidence_id"":""doc_6af39821d5a37fd21b28de70_e0004"",""source_kind"":""GEOLOGICAL_EVIDENCE"",""state_role"":""FORWARD_ATTENTION_CELL"",""valid_date"":""2023-10-15""}",FORECAST_GEOLOGICAL_CONDITION,true,true,false,,EXPRESSIBLE,doc_6af39821d5a37fd21b28de70_e0004,"{""attribute_name"":""lithology"",""normalized_value"":""板岩夹变质砂岩"",""source_evidence_id"":""doc_6af39821d5a37fd21b28de70_e0004""}",,,,null,knowledge_revision_event_a213809faf72831302451622,FORWARD_ATTENTION_CELL,false,OPPORTUNITY_ADDED,2023-10-15,false
false,false,cell_3ae33164a8e71987590e3ceb,"{""attribute_name"":""risk_hint"",""base_stage3a_state_version_id"":""state_version_964f21e3545d4cccd531a3bd"",""cell_id"":""cell_3ae33164a8e71987590e3ceb"",""claim_type"":""FORECAST_GEOLOGICAL_CONDITION"",""source_evidence_id"":""doc_6af39821d5a37fd21b28de70_e0003"",""source_kind"":""GEOLOGICAL_EVIDENCE"",""state_role"":""FORWARD_ATTENTION_CELL"",""valid_date"":""2023-10-15""}",FORECAST_GEOLOGICAL_CONDITION,true,true,false,,EXPRESSIBLE,doc_6af39821d5a37fd21b28de70_e0003,"{""attribute_name"":""risk_hint"",""normalized_value"":""里程+629、 +634 附近有 掉块风险"",""source_evidence_id"":""doc_6af39821d5a37fd21b28de70_e0003""}",,,,null,knowledge_revision_event_a213809faf72831302451622,FORWARD_ATTENTION_CELL,false,OPPORTUNITY_ADDED,2023-10-15,false
false,false,cell_3ae33164a8e71987590e3ceb,"{""attribute_name"":""risk_hint"",""base_stage3a_state_version_id"":""state_version_964f21e3545d4cccd531a3bd"",""cell_id"":""cell_3ae33164a8e71987590e3ceb"",""claim_type"":""FORECAST_GEOLOGICAL_CONDITION"",""source_evidence_id"":""doc_6af39821d5a37fd21b28de70_e0004"",""source_kind"":""GEOLOGICAL_EVIDENCE"",""state_role"":""FORWARD_ATTENTION_CELL"",""valid_date"":""2023-10-15""}",FORECAST_GEOLOGICAL_CONDITION,true,true,false,UNKNOWN_SOURCE_VALUE,ABSTAIN,,"{""attribute_name"":""risk_hint"",""normalized_value"":""UNKNOWN"",""source_evidence_id"":""doc_6af39821d5a37fd21b28de70_e0004""}",,,,null,knowledge_revision_event_a213809faf72831302451622,FORWARD_ATTENTION_CELL,false,OPPORTUNITY_ADDED,2023-10-15,false
false,false,cell_3ae33164a8e71987590e3ceb,"{""attribute_name"":""rock_mass_state"",""base_stage3a_state_version_id"":""state_version_964f21e3545d4cccd531a3bd"",""cell_id"":""cell_3ae33164a8e71987590e3ceb"",""claim_type"":""FORECAST_GEOLOGICAL_CONDITION"",""source_evidence_id"":""doc_6af39821d5a37fd21b28de70_e0003"",""source_kind"":""GEOLOGICAL_EVIDENCE"",""state_role"":""FORWARD_ATTENTION_CELL"",""valid_date"":""2023-10-15""}",FORECAST_GEOLOGICAL_CONDITION,true,true,false,,EXPRESSIBLE,doc_6af39821d5a37fd21b28de70_e0003,"{""attribute_name"":""rock_mass_state"",""normalized_value"":""岩体破碎-极破碎"",""source_evidence_id"":""doc_6af39821d5a37fd21b28de70_e0003""}",,,,null,knowledge_revision_event_a213809faf72831302451622,FORWARD_ATTENTION_CELL,false,OPPORTUNITY_ADDED,2023-10-15,false
false,false,cell_3ae33164a8e71987590e3ceb,"{""attribute_name"":""rock_mass_state"",""base_stage3a_state_version_id"":""state_version_964f21e3545d4cccd531a3bd"",""cell_id"":""cell_3ae33164a8e71987590e3ceb"",""claim_type"":""FORECAST_GEOLOGICAL_CONDITION"",""source_evidence_id"":""doc_6af39821d5a37fd21b28de70_e0004"",""source_kind"":""GEOLOGICAL_EVIDENCE"",""state_role"":""FORWARD_ATTENTION_CELL"",""valid_date"":""2023-10-15""}",FORECAST_GEOLOGICAL_CONDITION,true,true,false,,EXPRESSIBLE,doc_6af39821d5a37fd21b28de70_e0004,"{""attribute_name"":""rock_mass_state"",""normalized_value"":""岩体破碎"",""source_evidence_id"":""doc_6af39821d5a37fd21b28de70_e0004""}",,,,null,knowledge_revision_event_a213809faf72831302451622,FORWARD_ATTENTION_CELL,false,OPPORTUNITY_ADDED,2023-10-15,false
false,false,cell_3ae33164a8e71987590e3ceb,"{""attribute_name"":""suggested_grade"",""base_stage3a_state_version_id"":""state_version_964f21e3545d4cccd531a3bd"",""cell_id"":""cell_3ae33164a8e71987590e3ceb"",""claim_type"":""FORECAST_GEOLOGICAL_CONDITION"",""source_evidence_id"":""doc_6af39821d5a37fd21b28de70_e0003"",""source_kind"":""GEOLOGICAL_EVIDENCE"",""state_role"":""FORWARD_ATTENTION_CELL"",""valid_date"":""2023-10-15""}",FORECAST_GEOLOGICAL_CONDITION,true,true,false,,EXPRESSIBLE,doc_6af39821d5a37fd21b28de70_e0003,"{""attribute_name"":""suggested_grade"",""normalized_value"":""Ⅴ级"",""source_evidence_id"":""doc_6af39821d5a37fd21b28de70_e0003""}",,,,null,knowledge_revision_event_a213809faf72831302451622,FORWARD_ATTENTION_CELL,false,OPPORTUNITY_ADDED,2023-10-15,false
false,false,cell_3ae33164a8e71987590e3ceb,"{""attribute_name"":""suggested_grade"",""base_stage3a_state_version_id"":""state_version_964f21e3545d4cccd531a3bd"",""cell_id"":""cell_3ae33164a8e71987590e3ceb"",""claim_type"":""FORECAST_GEOLOGICAL_CONDITION"",""source_evidence_id"":""doc_6af39821d5a37fd21b28de70_e0004"",""source_kind"":""GEOLOGICAL_EVIDENCE"",""state_role"":""FORWARD_ATTENTION_CELL"",""valid_date"":""2023-10-15""}",FORECAST_GEOLOGICAL_CONDITION,true,true,false,,EXPRESSIBLE,doc_6af39821d5a37fd21b28de70_e0004,"{""attribute_name"":""suggested_grade"",""normalized_value"":""Ⅳ级"",""source_evidence_id"":""doc_6af39821d5a37fd21b28de70_e0004""}",,,,null,knowledge_revision_event_a213809faf72831302451622,FORWARD_ATTENTION_CELL,false,OPPORTUNITY_ADDED,2023-10-15,false
false,false,cell_3ae33164a8e71987590e3ceb,"{""attribute_name"":""weathering"",""base_stage3a_state_version_id"":""state_version_964f21e3545d4cccd531a3bd"",""cell_id"":""cell_3ae33164a8e71987590e3ceb"",""claim_type"":""FORECAST_GEOLOGICAL_CONDITION"",""source_evidence_id"":""doc_6af39821d5a37fd21b28de70_e0003"",""source_kind"":""GEOLOGICAL_EVIDENCE"",""state_role"":""FORWARD_ATTENTION_CELL"",""valid_date"":""2023-10-15""}",FORECAST_GEOLOGICAL_CONDITION,true,true,false,,EXPRESSIBLE,doc_6af39821d5a37fd21b28de70_e0003,"{""attribute_name"":""weathering"",""normalized_value"":""弱风化"",""source_evidence_id"":""doc_6af39821d5a37fd21b28de70_e0003""}",,,,null,knowledge_revision_event_a213809faf72831302451622,FORWARD_ATTENTION_CELL,false,OPPORTUNITY_ADDED,2023-10-15,false
false,false,cell_3ae33164a8e71987590e3ceb,"{""attribute_name"":""weathering"",""base_stage3a_state_version_id"":""state_version_964f21e3545d4cccd531a3bd"",""cell_id"":""cell_3ae33164a8e71987590e3ceb"",""claim_type"":""FORECAST_GEOLOGICAL_CONDITION"",""source_evidence_id"":""doc_6af39821d5a37fd21b28de70_e0004"",""source_kind"":""GEOLOGICAL_EVIDENCE"",""state_role"":""FORWARD_ATTENTION_CELL"",""valid_date"":""2023-10-15""}",FORECAST_GEOLOGICAL_CONDITION,true,true,false,,EXPRESSIBLE,doc_6af39821d5a37fd21b28de70_e0004,"{""attribute_name"":""weathering"",""normalized_value"":""弱风化"",""source_evidence_id"":""doc_6af39821d5a37fd21b28de70_e0004""}",,,,null,knowledge_revision_event_a213809faf72831302451622,FORWARD_ATTENTION_CELL,false,OPPORTUNITY_ADDED,2023-10-15,false
true,true,cell_3ae33164a8e71987590e3ceb,"{""base_stage3a_state_version_id"":""state_version_964f21e3545d4cccd531a3bd"",""cell_id"":""cell_3ae33164a8e71987590e3ceb"",""claim_type"":""FORWARD_GEOLOGICAL_ATTENTION"",""metric_name"":""GRS"",""source_kind"":""STATE_GRS"",""state_role"":""FORWARD_ATTENTION_CELL"",""valid_date"":""2023-10-15""}",FORWARD_GEOLOGICAL_ATTENTION,true,false,false,,EXPRESSIBLE,state_grs_19e400155f3a2f96c47964b5,"{""is_causal_estimate"":false,""is_hazard_probability"":false,""is_probability"":false,""metric_name"":""GRS"",""metric_semantics"":""FORWARD_GEOLOGICAL_EVIDENCE_ATTENTION_INDEX"",""metric_status"":""AVAILABLE"",""metric_value"":0.9166666666666666}",REQUIRED_EPISTEMIC_STATUS_MISSING,ABSTAIN,,null,knowledge_revision_event_a213809faf72831302451622,FORWARD_ATTENTION_CELL,true,ABSTAIN_TO_EXPRESSIBLE,2023-10-15,false
false,false,cell_3ae33164a8e71987590e3ceb,"{""base_stage3a_state_version_id"":""state_version_964f21e3545d4cccd531a3bd"",""cell_id"":""cell_3ae33164a8e71987590e3ceb"",""claim_type"":""OPERATIONAL_RESPONSE_ATTENTION"",""metric_name"":""RAI"",""source_kind"":""STATE_RAI"",""state_role"":""FORWARD_ATTENTION_CELL"",""valid_date"":""2023-10-15""}",OPERATIONAL_RESPONSE_ATTENTION,false,false,false,STATE_ROLE_NOT_ALLOWED,ABSTAIN,,null,STATE_ROLE_NOT_ALLOWED,ABSTAIN,,null,knowledge_revision_event_a213809faf72831302451622,FORWARD_ATTENTION_CELL,false,UNCHANGED_ABSTAIN,2023-10-15,false
false,false,cell_ff5e7be1c6332ee68423a3aa,"{""attribute_name"":""anomaly_level"",""base_stage3a_state_version_id"":""state_version_bff6997616473ba4e2c1e60c"",""cell_id"":""cell_ff5e7be1c6332ee68423a3aa"",""claim_type"":""FORECAST_GEOLOGICAL_CONDITION"",""source_evidence_id"":""doc_62bf6495f3a27bc084947384_e0002"",""source_kind"":""GEOLOGICAL_EVIDENCE"",""state_role"":""DAILY_REVIEW_CELL"",""valid_date"":""2023-11-21""}",FORECAST_GEOLOGICAL_CONDITION,true,true,false,,EXPRESSIBLE,doc_62bf6495f3a27bc084947384_e0002,"{""attribute_name"":""anomaly_level"",""normalized_value"":""LOW"",""source_evidence_id"":""doc_62bf6495f3a27bc084947384_e0002""}",,,,null,knowledge_revision_event_a75716642c51519105053812,DAILY_REVIEW_CELL,false,OPPORTUNITY_ADDED,2023-11-21,false
false,false,cell_ff5e7be1c6332ee68423a3aa,"{""attribute_name"":""anomaly_level"",""base_stage3a_state_version_id"":""state_version_bff6997616473ba4e2c1e60c"",""cell_id"":""cell_ff5e7be1c6332ee68423a3aa"",""claim_type"":""FORECAST_GEOLOGICAL_CONDITION"",""source_evidence_id"":""doc_d0afc25463d4776277ebb952_e0007"",""source_kind"":""GEOLOGICAL_EVIDENCE"",""state_role"":""DAILY_REVIEW_CELL"",""valid_date"":""2023-11-21""}",FORECAST_GEOLOGICAL_CONDITION,false,false,false,,EXPRESSIBLE,doc_d0afc25463d4776277ebb952_e0007,"{""attribute_name"":""anomaly_level"",""normalized_value"":""MODERATE"",""source_evidence_id"":""doc_d0afc25463d4776277ebb952_e0007""}",,EXPRESSIBLE,doc_d0afc25463d4776277ebb952_e0007,"{""attribute_name"":""anomaly_level"",""normalized_value"":""MODERATE"",""source_evidence_id"":""doc_d0afc25463d4776277ebb952_e0007""}",knowledge_revision_event_a75716642c51519105053812,DAILY_REVIEW_CELL,false,UNCHANGED_EXPRESSIBLE,2023-11-21,true
false,false,cell_ff5e7be1c6332ee68423a3aa,"{""attribute_name"":""anomaly_level"",""base_stage3a_state_version_id"":""state_version_bff6997616473ba4e2c1e60c"",""cell_id"":""cell_ff5e7be1c6332ee68423a3aa"",""claim_type"":""FORECAST_GEOLOGICAL_CONDITION"",""source_evidence_id"":""doc_d0afc25463d4776277ebb952_e0008"",""source_kind"":""GEOLOGICAL_EVIDENCE"",""state_role"":""DAILY_REVIEW_CELL"",""valid_date"":""2023-11-21""}",FORECAST_GEOLOGICAL_CONDITION,false,false,false,UNKNOWN_SOURCE_VALUE,ABSTAIN,,"{""attribute_name"":""anomaly_level"",""normalized_value"":""NONE"",""source_evidence_id"":""doc_d0afc25463d4776277ebb952_e0008""}",UNKNOWN_SOURCE_VALUE,ABSTAIN,,"{""attribute_name"":""anomaly_level"",""normalized_value"":""NONE"",""source_evidence_id"":""doc_d0afc25463d4776277ebb952_e0008""}",knowledge_revision_event_a75716642c51519105053812,DAILY_REVIEW_CELL,false,UNCHANGED_ABSTAIN,2023-11-21,false
false,false,cell_ff5e7be1c6332ee68423a3aa,"{""attribute_name"":""geological_conclusion"",""base_stage3a_state_version_id"":""state_version_bff6997616473ba4e2c1e60c"",""cell_id"":""cell_ff5e7be1c6332ee68423a3aa"",""claim_type"":""FORECAST_GEOLOGICAL_CONDITION"",""source_evidence_id"":""doc_62bf6495f3a27bc084947384_e0002"",""source_kind"":""GEOLOGICAL_EVIDENCE"",""state_role"":""DAILY_REVIEW_CELL"",""valid_date"":""2023-11-21""}",FORECAST_GEOLOGICAL_CONDITION,true,true,false,,EXPRESSIBLE,doc_62bf6495f3a27bc084947384_e0002,"{""attribute_name"":""geological_conclusion"",""normalized_value"":""该段围岩较当前掌子面稍变差。 岩性为板岩夹变质砂岩，弱风化， 岩质软硬不均，层间结合较差， 节理裂隙较发育-发育，岩体较破 碎-破碎。"",""source_evidence_id"":""doc_62bf6495f3a27bc084947384_e0002""}",,,,null,knowledge_revision_event_a75716642c51519105053812,DAILY_REVIEW_CELL,false,OPPORTUNITY_ADDED,2023-11-21,false
false,false,cell_ff5e7be1c6332ee68423a3aa,"{""attribute_name"":""geological_conclusion"",""base_stage3a_state_version_id"":""state_version_bff6997616473ba4e2c1e60c"",""cell_id"":""cell_ff5e7be1c6332ee68423a3aa"",""claim_type"":""FORECAST_GEOLOGICAL_CONDITION"",""source_evidence_id"":""doc_d0afc25463d4776277ebb952_e0007"",""source_kind"":""GEOLOGICAL_EVIDENCE"",""state_role"":""DAILY_REVIEW_CELL"",""valid_date"":""2023-11-21""}",FORECAST_GEOLOGICAL_CONDITION,false,false,false,,EXPRESSIBLE,doc_d0afc25463d4776277ebb952_e0007,"{""attribute_name"":""geological_conclusion"",""normalized_value"":""该段围岩较前段变差。岩性为板 岩夹变质砂岩，弱风化，岩质软 硬不均，节理裂隙较发育-发育， 岩体较破碎-破碎，层间结合差。"",""source_evidence_id"":""doc_d0afc25463d4776277ebb952_e0007""}",,EXPRESSIBLE,doc_d0afc25463d4776277ebb952_e0007,"{""attribute_name"":""geological_conclusion"",""normalized_value"":""该段围岩较前段变差。岩性为板 岩夹变质砂岩，弱风化，岩质软 硬不均，节理裂隙较发育-发育， 岩体较破碎-破碎，层间结合差。"",""source_evidence_id"":""doc_d0afc25463d4776277ebb952_e0007""}",knowledge_revision_event_a75716642c51519105053812,DAILY_REVIEW_CELL,false,UNCHANGED_EXPRESSIBLE,2023-11-21,true
false,false,cell_ff5e7be1c6332ee68423a3aa,"{""attribute_name"":""geological_conclusion"",""base_stage3a_state_version_id"":""state_version_bff6997616473ba4e2c1e60c"",""cell_id"":""cell_ff5e7be1c6332ee68423a3aa"",""claim_type"":""FORECAST_GEOLOGICAL_CONDITION"",""source_evidence_id"":""doc_d0afc25463d4776277ebb952_e0008"",""source_kind"":""GEOLOGICAL_EVIDENCE"",""state_role"":""DAILY_REVIEW_CELL"",""valid_date"":""2023-11-21""}",FORECAST_GEOLOGICAL_CONDITION,false,false,false,,EXPRESSIBLE,doc_d0afc25463d4776277ebb952_e0008,"{""attribute_name"":""geological_conclusion"",""normalized_value"":""该段围岩较前段稍变好。岩性为 板岩夹变质砂岩，弱风化，岩质 软硬不均，节理裂隙较发育，岩 体较破碎。"",""source_evidence_id"":""doc_d0afc25463d4776277ebb952_e0008""}",,EXPRESSIBLE,doc_d0afc25463d4776277ebb952_e0008,"{""attribute_name"":""geological_conclusion"",""normalized_value"":""该段围岩较前段稍变好。岩性为 板岩夹变质砂岩，弱风化，岩质 软硬不均，节理裂隙较发育，岩 体较破碎。"",""source_evidence_id"":""doc_d0afc25463d4776277ebb952_e0008""}",knowledge_revision_event_a75716642c51519105053812,DAILY_REVIEW_CELL,false,UNCHANGED_EXPRESSIBLE,2023-11-21,true
false,false,cell_ff5e7be1c6332ee68423a3aa,"{""attribute_name"":""geological_description"",""base_stage3a_state_version_id"":""state_version_bff6997616473ba4e2c1e60c"",""cell_id"":""cell_ff5e7be1c6332ee68423a3aa"",""claim_type"":""OBSERVED_GEOLOGICAL_CONDITION"",""source_evidence_id"":""doc_62bf6495f3a27bc084947384_e0001"",""source_kind"":""GEOLOGICAL_EVIDENCE"",""state_role"":""DAILY_REVIEW_CELL"",""valid_date"":""2023-11-21""}",OBSERVED_GEOLOGICAL_CONDITION,true,true,false,,EXPRESSIBLE,doc_62bf6495f3a27bc084947384_e0001,"{""attribute_name"":""geological_description"",""normalized_value"":""开挖面 地质概况 当前掌子面出露岩性为石炭二叠系板岩夹变质砂岩，围岩整体弱风化，岩 质硬，节理裂隙较发育-发育，岩体较破碎-破碎，左侧边墙节理裂隙发育相对密 集，层间结合一般，左右边墙存在轻微掉块现象，见滴渗水-线状出水。"",""source_evidence_id"":""doc_62bf6495f3a27bc084947384_e0001""}",,,,null,knowledge_revision_event_a75716642c51519105053812,DAILY_REVIEW_CELL,false,OPPORTUNITY_ADDED,2023-11-21,false
false,false,cell_ff5e7be1c6332ee68423a3aa,"{""attribute_name"":""joint_development"",""base_stage3a_state_version_id"":""state_version_bff6997616473ba4e2c1e60c"",""cell_id"":""cell_ff5e7be1c6332ee68423a3aa"",""claim_type"":""FORECAST_GEOLOGICAL_CONDITION"",""source_evidence_id"":""doc_62bf6495f3a27bc084947384_e0002"",""source_kind"":""GEOLOGICAL_EVIDENCE"",""state_role"":""DAILY_REVIEW_CELL"",""valid_date"":""2023-11-21""}",FORECAST_GEOLOGICAL_CONDITION,true,true,false,,EXPRESSIBLE,doc_62bf6495f3a27bc084947384_e0002,"{""attribute_name"":""joint_development"",""normalized_value"":""节理裂隙较发育-发育"",""source_evidence_id"":""doc_62bf6495f3a27bc084947384_e0002""}",,,,null,knowledge_revision_event_a75716642c51519105053812,DAILY_REVIEW_CELL,false,OPPORTUNITY_ADDED,2023-11-21,false
false,false,cell_ff5e7be1c6332ee68423a3aa,"{""attribute_name"":""joint_development"",""base_stage3a_state_version_id"":""state_version_bff6997616473ba4e2c1e60c"",""cell_id"":""cell_ff5e7be1c6332ee68423a3aa"",""claim_type"":""FORECAST_GEOLOGICAL_CONDITION"",""source_evidence_id"":""doc_d0afc25463d4776277ebb952_e0007"",""source_kind"":""GEOLOGICAL_EVIDENCE"",""state_role"":""DAILY_REVIEW_CELL"",""valid_date"":""2023-11-21""}",FORECAST_GEOLOGICAL_CONDITION,false,false,false,,EXPRESSIBLE,doc_d0afc25463d4776277ebb952_e0007,"{""attribute_name"":""joint_development"",""normalized_value"":""节理裂隙较发育-发育"",""source_evidence_id"":""doc_d0afc25463d4776277ebb952_e0007""}",,EXPRESSIBLE,doc_d0afc25463d4776277ebb952_e0007,"{""attribute_name"":""joint_development"",""normalized_value"":""节理裂隙较发育-发育"",""source_evidence_id"":""doc_d0afc25463d4776277ebb952_e0007""}",knowledge_revision_event_a75716642c51519105053812,DAILY_REVIEW_CELL,false,UNCHANGED_EXPRESSIBLE,2023-11-21,true
false,false,cell_ff5e7be1c6332ee68423a3aa,"{""attribute_name"":""joint_development"",""base_stage3a_state_version_id"":""state_version_bff6997616473ba4e2c1e60c"",""cell_id"":""cell_ff5e7be1c6332ee68423a3aa"",""claim_type"":""FORECAST_GEOLOGICAL_CONDITION"",""source_evidence_id"":""doc_d0afc25463d4776277ebb952_e0008"",""source_kind"":""GEOLOGICAL_EVIDENCE"",""state_role"":""DAILY_REVIEW_CELL"",""valid_date"":""2023-11-21""}",FORECAST_GEOLOGICAL_CONDITION,false,false,false,,EXPRESSIBLE,doc_d0afc25463d4776277ebb952_e0008,"{""attribute_name"":""joint_development"",""normalized_value"":""节理裂隙较发育"",""source_evidence_id"":""doc_d0afc25463d4776277ebb952_e0008""}",,EXPRESSIBLE,doc_d0afc25463d4776277ebb952_e0008,"{""attribute_name"":""joint_development"",""normalized_value"":""节理裂隙较发育"",""source_evidence_id"":""doc_d0afc25463d4776277ebb952_e0008""}",knowledge_revision_event_a75716642c51519105053812,DAILY_REVIEW_CELL,false,UNCHANGED_EXPRESSIBLE,2023-11-21,true
false,false,cell_ff5e7be1c6332ee68423a3aa,"{""attribute_name"":""lithology"",""base_stage3a_state_version_id"":""state_version_bff6997616473ba4e2c1e60c"",""cell_id"":""cell_ff5e7be1c6332ee68423a3aa"",""claim_type"":""FORECAST_GEOLOGICAL_CONDITION"",""source_evidence_id"":""doc_62bf6495f3a27bc084947384_e0002"",""source_kind"":""GEOLOGICAL_EVIDENCE"",""state_role"":""DAILY_REVIEW_CELL"",""valid_date"":""2023-11-21""}",FORECAST_GEOLOGICAL_CONDITION,true,true,false,,EXPRESSIBLE,doc_62bf6495f3a27bc084947384_e0002,"{""attribute_name"":""lithology"",""normalized_value"":""板岩夹变质砂岩"",""source_evidence_id"":""doc_62bf6495f3a27bc084947384_e0002""}",,,,null,knowledge_revision_event_a75716642c51519105053812,DAILY_REVIEW_CELL,false,OPPORTUNITY_ADDED,2023-11-21,false
false,false,cell_ff5e7be1c6332ee68423a3aa,"{""attribute_name"":""lithology"",""base_stage3a_state_version_id"":""state_version_bff6997616473ba4e2c1e60c"",""cell_id"":""cell_ff5e7be1c6332ee68423a3aa"",""claim_type"":""FORECAST_GEOLOGICAL_CONDITION"",""source_evidence_id"":""doc_d0afc25463d4776277ebb952_e0007"",""source_kind"":""GEOLOGICAL_EVIDENCE"",""state_role"":""DAILY_REVIEW_CELL"",""valid_date"":""2023-11-21""}",FORECAST_GEOLOGICAL_CONDITION,false,false,false,,EXPRESSIBLE,doc_d0afc25463d4776277ebb952_e0007,"{""attribute_name"":""lithology"",""normalized_value"":""板岩夹变质砂岩"",""source_evidence_id"":""doc_d0afc25463d4776277ebb952_e0007""}",,EXPRESSIBLE,doc_d0afc25463d4776277ebb952_e0007,"{""attribute_name"":""lithology"",""normalized_value"":""板岩夹变质砂岩"",""source_evidence_id"":""doc_d0afc25463d4776277ebb952_e0007""}",knowledge_revision_event_a75716642c51519105053812,DAILY_REVIEW_CELL,false,UNCHANGED_EXPRESSIBLE,2023-11-21,true
false,false,cell_ff5e7be1c6332ee68423a3aa,"{""attribute_name"":""lithology"",""base_stage3a_state_version_id"":""state_version_bff6997616473ba4e2c1e60c"",""cell_id"":""cell_ff5e7be1c6332ee68423a3aa"",""claim_type"":""FORECAST_GEOLOGICAL_CONDITION"",""source_evidence_id"":""doc_d0afc25463d4776277ebb952_e0008"",""source_kind"":""GEOLOGICAL_EVIDENCE"",""state_role"":""DAILY_REVIEW_CELL"",""valid_date"":""2023-11-21""}",FORECAST_GEOLOGICAL_CONDITION,false,false,false,,EXPRESSIBLE,doc_d0afc25463d4776277ebb952_e0008,"{""attribute_name"":""lithology"",""normalized_value"":""板岩夹变质砂岩"",""source_evidence_id"":""doc_d0afc25463d4776277ebb952_e0008""}",,EXPRESSIBLE,doc_d0afc25463d4776277ebb952_e0008,"{""attribute_name"":""lithology"",""normalized_value"":""板岩夹变质砂岩"",""source_evidence_id"":""doc_d0afc25463d4776277ebb952_e0008""}",knowledge_revision_event_a75716642c51519105053812,DAILY_REVIEW_CELL,false,UNCHANGED_EXPRESSIBLE,2023-11-21,true
false,false,cell_ff5e7be1c6332ee68423a3aa,"{""attribute_name"":""lithology"",""base_stage3a_state_version_id"":""state_version_bff6997616473ba4e2c1e60c"",""cell_id"":""cell_ff5e7be1c6332ee68423a3aa"",""claim_type"":""OBSERVED_GEOLOGICAL_CONDITION"",""source_evidence_id"":""doc_62bf6495f3a27bc084947384_e0001"",""source_kind"":""GEOLOGICAL_EVIDENCE"",""state_role"":""DAILY_REVIEW_CELL"",""valid_date"":""2023-11-21""}",OBSERVED_GEOLOGICAL_CONDITION,true,true,false,,EXPRESSIBLE,doc_62bf6495f3a27bc084947384_e0001,"{""attribute_name"":""lithology"",""normalized_value"":""板岩夹变质砂岩"",""source_evidence_id"":""doc_62bf6495f3a27bc084947384_e0001""}",,,,null,knowledge_revision_event_a75716642c51519105053812,DAILY_REVIEW_CELL,false,OPPORTUNITY_ADDED,2023-11-21,false
false,false,cell_ff5e7be1c6332ee68423a3aa,"{""attribute_name"":""risk_hint"",""base_stage3a_state_version_id"":""state_version_bff6997616473ba4e2c1e60c"",""cell_id"":""cell_ff5e7be1c6332ee68423a3aa"",""claim_type"":""FORECAST_GEOLOGICAL_CONDITION"",""source_evidence_id"":""doc_62bf6495f3a27bc084947384_e0002"",""source_kind"":""GEOLOGICAL_EVIDENCE"",""state_role"":""DAILY_REVIEW_CELL"",""valid_date"":""2023-11-21""}",FORECAST_GEOLOGICAL_CONDITION,true,true,false,,EXPRESSIBLE,doc_62bf6495f3a27bc084947384_e0002,"{""attribute_name"":""risk_hint"",""normalized_value"":""里程+115、 +118附近有 掉块风险"",""source_evidence_id"":""doc_62bf6495f3a27bc084947384_e0002""}",,,,null,knowledge_revision_event_a75716642c51519105053812,DAILY_REVIEW_CELL,false,OPPORTUNITY_ADDED,2023-11-21,false
false,false,cell_ff5e7be1c6332ee68423a3aa,"{""attribute_name"":""risk_hint"",""base_stage3a_state_version_id"":""state_version_bff6997616473ba4e2c1e60c"",""cell_id"":""cell_ff5e7be1c6332ee68423a3aa"",""claim_type"":""FORECAST_GEOLOGICAL_CONDITION"",""source_evidence_id"":""doc_d0afc25463d4776277ebb952_e0007"",""source_kind"":""GEOLOGICAL_EVIDENCE"",""state_role"":""DAILY_REVIEW_CELL"",""valid_date"":""2023-11-21""}",FORECAST_GEOLOGICAL_CONDITION,false,false,false,,EXPRESSIBLE,doc_d0afc25463d4776277ebb952_e0007,"{""attribute_name"":""risk_hint"",""normalized_value"":""里程+098 附 近有掉块风 险"",""source_evidence_id"":""doc_d0afc25463d4776277ebb952_e0007""}",,EXPRESSIBLE,doc_d0afc25463d4776277ebb952_e0007,"{""attribute_name"":""risk_hint"",""normalized_value"":""里程+098 附 近有掉块风 险"",""source_evidence_id"":""doc_d0afc25463d4776277ebb952_e0007""}",knowledge_revision_event_a75716642c51519105053812,DAILY_REVIEW_CELL,false,UNCHANGED_EXPRESSIBLE,2023-11-21,true
false,false,cell_ff5e7be1c6332ee68423a3aa,"{""attribute_name"":""risk_hint"",""base_stage3a_state_version_id"":""state_version_bff6997616473ba4e2c1e60c"",""cell_id"":""cell_ff5e7be1c6332ee68423a3aa"",""claim_type"":""FORECAST_GEOLOGICAL_CONDITION"",""source_evidence_id"":""doc_d0afc25463d4776277ebb952_e0008"",""source_kind"":""GEOLOGICAL_EVIDENCE"",""state_role"":""DAILY_REVIEW_CELL"",""valid_date"":""2023-11-21""}",FORECAST_GEOLOGICAL_CONDITION,false,false,false,UNKNOWN_SOURCE_VALUE,ABSTAIN,,"{""attribute_name"":""risk_hint"",""normalized_value"":""UNKNOWN"",""source_evidence_id"":""doc_d0afc25463d4776277ebb952_e0008""}",UNKNOWN_SOURCE_VALUE,ABSTAIN,,"{""attribute_name"":""risk_hint"",""normalized_value"":""UNKNOWN"",""source_evidence_id"":""doc_d0afc25463d4776277ebb952_e0008""}",knowledge_revision_event_a75716642c51519105053812,DAILY_REVIEW_CELL,false,UNCHANGED_ABSTAIN,2023-11-21,false
false,false,cell_ff5e7be1c6332ee68423a3aa,"{""attribute_name"":""rock_mass_state"",""base_stage3a_state_version_id"":""state_version_bff6997616473ba4e2c1e60c"",""cell_id"":""cell_ff5e7be1c6332ee68423a3aa"",""claim_type"":""FORECAST_GEOLOGICAL_CONDITION"",""source_evidence_id"":""doc_62bf6495f3a27bc084947384_e0002"",""source_kind"":""GEOLOGICAL_EVIDENCE"",""state_role"":""DAILY_REVIEW_CELL"",""valid_date"":""2023-11-21""}",FORECAST_GEOLOGICAL_CONDITION,true,true,false,,EXPRESSIBLE,doc_62bf6495f3a27bc084947384_e0002,"{""attribute_name"":""rock_mass_state"",""normalized_value"":""岩体较破碎-破碎"",""source_evidence_id"":""doc_62bf6495f3a27bc084947384_e0002""}",,,,null,knowledge_revision_event_a75716642c51519105053812,DAILY_REVIEW_CELL,false,OPPORTUNITY_ADDED,2023-11-21,false
false,false,cell_ff5e7be1c6332ee68423a3aa,"{""attribute_name"":""rock_mass_state"",""base_stage3a_state_version_id"":""state_version_bff6997616473ba4e2c1e60c"",""cell_id"":""cell_ff5e7be1c6332ee68423a3aa"",""claim_type"":""FORECAST_GEOLOGICAL_CONDITION"",""source_evidence_id"":""doc_d0afc25463d4776277ebb952_e0007"",""source_kind"":""GEOLOGICAL_EVIDENCE"",""state_role"":""DAILY_REVIEW_CELL"",""valid_date"":""2023-11-21""}",FORECAST_GEOLOGICAL_CONDITION,false,false,false,,EXPRESSIBLE,doc_d0afc25463d4776277ebb952_e0007,"{""attribute_name"":""rock_mass_state"",""normalized_value"":""岩体较破碎-破碎"",""source_evidence_id"":""doc_d0afc25463d4776277ebb952_e0007""}",,EXPRESSIBLE,doc_d0afc25463d4776277ebb952_e0007,"{""attribute_name"":""rock_mass_state"",""normalized_value"":""岩体较破碎-破碎"",""source_evidence_id"":""doc_d0afc25463d4776277ebb952_e0007""}",knowledge_revision_event_a75716642c51519105053812,DAILY_REVIEW_CELL,false,UNCHANGED_EXPRESSIBLE,2023-11-21,true
false,false,cell_ff5e7be1c6332ee68423a3aa,"{""attribute_name"":""rock_mass_state"",""base_stage3a_state_version_id"":""state_version_bff6997616473ba4e2c1e60c"",""cell_id"":""cell_ff5e7be1c6332ee68423a3aa"",""claim_type"":""FORECAST_GEOLOGICAL_CONDITION"",""source_evidence_id"":""doc_d0afc25463d4776277ebb952_e0008"",""source_kind"":""GEOLOGICAL_EVIDENCE"",""state_role"":""DAILY_REVIEW_CELL"",""valid_date"":""2023-11-21""}",FORECAST_GEOLOGICAL_CONDITION,false,false,false,,EXPRESSIBLE,doc_d0afc25463d4776277ebb952_e0008,"{""attribute_name"":""rock_mass_state"",""normalized_value"":""岩体较破碎"",""source_evidence_id"":""doc_d0afc25463d4776277ebb952_e0008""}",,EXPRESSIBLE,doc_d0afc25463d4776277ebb952_e0008,"{""attribute_name"":""rock_mass_state"",""normalized_value"":""岩体较破碎"",""source_evidence_id"":""doc_d0afc25463d4776277ebb952_e0008""}",knowledge_revision_event_a75716642c51519105053812,DAILY_REVIEW_CELL,false,UNCHANGED_EXPRESSIBLE,2023-11-21,true
false,false,cell_ff5e7be1c6332ee68423a3aa,"{""attribute_name"":""rock_mass_state"",""base_stage3a_state_version_id"":""state_version_bff6997616473ba4e2c1e60c"",""cell_id"":""cell_ff5e7be1c6332ee68423a3aa"",""claim_type"":""OBSERVED_GEOLOGICAL_CONDITION"",""source_evidence_id"":""doc_62bf6495f3a27bc084947384_e0001"",""source_kind"":""GEOLOGICAL_EVIDENCE"",""state_role"":""DAILY_REVIEW_CELL"",""valid_date"":""2023-11-21""}",OBSERVED_GEOLOGICAL_CONDITION,true,true,false,,EXPRESSIBLE,doc_62bf6495f3a27bc084947384_e0001,"{""attribute_name"":""rock_mass_state"",""normalized_value"":""岩体较破碎"",""source_evidence_id"":""doc_62bf6495f3a27bc084947384_e0001""}",,,,null,knowledge_revision_event_a75716642c51519105053812,DAILY_REVIEW_CELL,false,OPPORTUNITY_ADDED,2023-11-21,false
false,false,cell_ff5e7be1c6332ee68423a3aa,"{""attribute_name"":""suggested_grade"",""base_stage3a_state_version_id"":""state_version_bff6997616473ba4e2c1e60c"",""cell_id"":""cell_ff5e7be1c6332ee68423a3aa"",""claim_type"":""FORECAST_GEOLOGICAL_CONDITION"",""source_evidence_id"":""doc_62bf6495f3a27bc084947384_e0002"",""source_kind"":""GEOLOGICAL_EVIDENCE"",""state_role"":""DAILY_REVIEW_CELL"",""valid_date"":""2023-11-21""}",FORECAST_GEOLOGICAL_CONDITION,true,true,false,,EXPRESSIBLE,doc_62bf6495f3a27bc084947384_e0002,"{""attribute_name"":""suggested_grade"",""normalized_value"":""Ⅳ级"",""source_evidence_id"":""doc_62bf6495f3a27bc084947384_e0002""}",,,,null,knowledge_revision_event_a75716642c51519105053812,DAILY_REVIEW_CELL,false,OPPORTUNITY_ADDED,2023-11-21,false
false,false,cell_ff5e7be1c6332ee68423a3aa,"{""attribute_name"":""suggested_grade"",""base_stage3a_state_version_id"":""state_version_bff6997616473ba4e2c1e60c"",""cell_id"":""cell_ff5e7be1c6332ee68423a3aa"",""claim_type"":""FORECAST_GEOLOGICAL_CONDITION"",""source_evidence_id"":""doc_d0afc25463d4776277ebb952_e0007"",""source_kind"":""GEOLOGICAL_EVIDENCE"",""state_role"":""DAILY_REVIEW_CELL"",""valid_date"":""2023-11-21""}",FORECAST_GEOLOGICAL_CONDITION,false,false,false,,EXPRESSIBLE,doc_d0afc25463d4776277ebb952_e0007,"{""attribute_name"":""suggested_grade"",""normalized_value"":""Ⅳ级"",""source_evidence_id"":""doc_d0afc25463d4776277ebb952_e0007""}",,EXPRESSIBLE,doc_d0afc25463d4776277ebb952_e0007,"{""attribute_name"":""suggested_grade"",""normalized_value"":""Ⅳ级"",""source_evidence_id"":""doc_d0afc25463d4776277ebb952_e0007""}",knowledge_revision_event_a75716642c51519105053812,DAILY_REVIEW_CELL,false,UNCHANGED_EXPRESSIBLE,2023-11-21,true
false,false,cell_ff5e7be1c6332ee68423a3aa,"{""attribute_name"":""suggested_grade"",""base_stage3a_state_version_id"":""state_version_bff6997616473ba4e2c1e60c"",""cell_id"":""cell_ff5e7be1c6332ee68423a3aa"",""claim_type"":""FORECAST_GEOLOGICAL_CONDITION"",""source_evidence_id"":""doc_d0afc25463d4776277ebb952_e0008"",""source_kind"":""GEOLOGICAL_EVIDENCE"",""state_role"":""DAILY_REVIEW_CELL"",""valid_date"":""2023-11-21""}",FORECAST_GEOLOGICAL_CONDITION,false,false,false,,EXPRESSIBLE,doc_d0afc25463d4776277ebb952_e0008,"{""attribute_name"":""suggested_grade"",""normalized_value"":""Ⅲ级"",""source_evidence_id"":""doc_d0afc25463d4776277ebb952_e0008""}",,EXPRESSIBLE,doc_d0afc25463d4776277ebb952_e0008,"{""attribute_name"":""suggested_grade"",""normalized_value"":""Ⅲ级"",""source_evidence_id"":""doc_d0afc25463d4776277ebb952_e0008""}",knowledge_revision_event_a75716642c51519105053812,DAILY_REVIEW_CELL,false,UNCHANGED_EXPRESSIBLE,2023-11-21,true
false,false,cell_ff5e7be1c6332ee68423a3aa,"{""attribute_name"":""weathering"",""base_stage3a_state_version_id"":""state_version_bff6997616473ba4e2c1e60c"",""cell_id"":""cell_ff5e7be1c6332ee68423a3aa"",""claim_type"":""FORECAST_GEOLOGICAL_CONDITION"",""source_evidence_id"":""doc_62bf6495f3a27bc084947384_e0002"",""source_kind"":""GEOLOGICAL_EVIDENCE"",""state_role"":""DAILY_REVIEW_CELL"",""valid_date"":""2023-11-21""}",FORECAST_GEOLOGICAL_CONDITION,true,true,false,,EXPRESSIBLE,doc_62bf6495f3a27bc084947384_e0002,"{""attribute_name"":""weathering"",""normalized_value"":""弱风化"",""source_evidence_id"":""doc_62bf6495f3a27bc084947384_e0002""}",,,,null,knowledge_revision_event_a75716642c51519105053812,DAILY_REVIEW_CELL,false,OPPORTUNITY_ADDED,2023-11-21,false
false,false,cell_ff5e7be1c6332ee68423a3aa,"{""attribute_name"":""weathering"",""base_stage3a_state_version_id"":""state_version_bff6997616473ba4e2c1e60c"",""cell_id"":""cell_ff5e7be1c6332ee68423a3aa"",""claim_type"":""FORECAST_GEOLOGICAL_CONDITION"",""source_evidence_id"":""doc_d0afc25463d4776277ebb952_e0007"",""source_kind"":""GEOLOGICAL_EVIDENCE"",""state_role"":""DAILY_REVIEW_CELL"",""valid_date"":""2023-11-21""}",FORECAST_GEOLOGICAL_CONDITION,false,false,false,,EXPRESSIBLE,doc_d0afc25463d4776277ebb952_e0007,"{""attribute_name"":""weathering"",""normalized_value"":""弱风化"",""source_evidence_id"":""doc_d0afc25463d4776277ebb952_e0007""}",,EXPRESSIBLE,doc_d0afc25463d4776277ebb952_e0007,"{""attribute_name"":""weathering"",""normalized_value"":""弱风化"",""source_evidence_id"":""doc_d0afc25463d4776277ebb952_e0007""}",knowledge_revision_event_a75716642c51519105053812,DAILY_REVIEW_CELL,false,UNCHANGED_EXPRESSIBLE,2023-11-21,true
false,false,cell_ff5e7be1c6332ee68423a3aa,"{""attribute_name"":""weathering"",""base_stage3a_state_version_id"":""state_version_bff6997616473ba4e2c1e60c"",""cell_id"":""cell_ff5e7be1c6332ee68423a3aa"",""claim_type"":""FORECAST_GEOLOGICAL_CONDITION"",""source_evidence_id"":""doc_d0afc25463d4776277ebb952_e0008"",""source_kind"":""GEOLOGICAL_EVIDENCE"",""state_role"":""DAILY_REVIEW_CELL"",""valid_date"":""2023-11-21""}",FORECAST_GEOLOGICAL_CONDITION,false,false,false,,EXPRESSIBLE,doc_d0afc25463d4776277ebb952_e0008,"{""attribute_name"":""weathering"",""normalized_value"":""弱风化"",""source_evidence_id"":""doc_d0afc25463d4776277ebb952_e0008""}",,EXPRESSIBLE,doc_d0afc25463d4776277ebb952_e0008,"{""attribute_name"":""weathering"",""normalized_value"":""弱风化"",""source_evidence_id"":""doc_d0afc25463d4776277ebb952_e0008""}",knowledge_revision_event_a75716642c51519105053812,DAILY_REVIEW_CELL,false,UNCHANGED_EXPRESSIBLE,2023-11-21,true
false,false,cell_ff5e7be1c6332ee68423a3aa,"{""attribute_name"":""weathering"",""base_stage3a_state_version_id"":""state_version_bff6997616473ba4e2c1e60c"",""cell_id"":""cell_ff5e7be1c6332ee68423a3aa"",""claim_type"":""OBSERVED_GEOLOGICAL_CONDITION"",""source_evidence_id"":""doc_62bf6495f3a27bc084947384_e0001"",""source_kind"":""GEOLOGICAL_EVIDENCE"",""state_role"":""DAILY_REVIEW_CELL"",""valid_date"":""2023-11-21""}",OBSERVED_GEOLOGICAL_CONDITION,true,true,false,,EXPRESSIBLE,doc_62bf6495f3a27bc084947384_e0001,"{""attribute_name"":""weathering"",""normalized_value"":""弱风化"",""source_evidence_id"":""doc_62bf6495f3a27bc084947384_e0001""}",,,,null,knowledge_revision_event_a75716642c51519105053812,DAILY_REVIEW_CELL,false,OPPORTUNITY_ADDED,2023-11-21,false
false,false,cell_ff5e7be1c6332ee68423a3aa,"{""base_stage3a_state_version_id"":""state_version_bff6997616473ba4e2c1e60c"",""cell_id"":""cell_ff5e7be1c6332ee68423a3aa"",""claim_type"":""COUPLED_ATTENTION_REVIEW"",""metric_name"":""GRCI"",""source_kind"":""STATE_GRCI"",""state_role"":""DAILY_REVIEW_CELL"",""valid_date"":""2023-11-21""}",COUPLED_ATTENTION_REVIEW,false,false,false,,EXPRESSIBLE,state_grci_30c58e9f3d39f9826cc5993c,"{""is_causal_estimate"":false,""is_hazard_probability"":false,""is_probability"":false,""metric_name"":""GRCI"",""metric_semantics"":""NONPROBABILISTIC_CONJUNCTIVE_PRODUCT"",""metric_status"":""AVAILABLE"",""metric_value"":0.37049326355220663}",,EXPRESSIBLE,state_grci_2561f8a355fb94b28d99cf03,"{""is_causal_estimate"":false,""is_hazard_probability"":false,""is_probability"":false,""metric_name"":""GRCI"",""metric_semantics"":""NONPROBABILISTIC_CONJUNCTIVE_PRODUCT"",""metric_status"":""AVAILABLE"",""metric_value"":0.37049326355220663}",knowledge_revision_event_a75716642c51519105053812,DAILY_REVIEW_CELL,true,RESOLVED_SUPPORT_CHANGED,2023-11-21,false
false,false,cell_ff5e7be1c6332ee68423a3aa,"{""base_stage3a_state_version_id"":""state_version_bff6997616473ba4e2c1e60c"",""cell_id"":""cell_ff5e7be1c6332ee68423a3aa"",""claim_type"":""GEOLOGICAL_EVIDENCE_ATTENTION_REVIEW"",""metric_name"":""GRS"",""source_kind"":""STATE_GRS"",""state_role"":""DAILY_REVIEW_CELL"",""valid_date"":""2023-11-21""}",GEOLOGICAL_EVIDENCE_ATTENTION_REVIEW,false,false,false,,EXPRESSIBLE,state_grs_30c58e9f3d39f9826cc5993c,"{""is_causal_estimate"":false,""is_hazard_probability"":false,""is_probability"":false,""metric_name"":""GRS"",""metric_semantics"":""GEOLOGICAL_EVIDENCE_ATTENTION_INDEX"",""metric_status"":""AVAILABLE"",""metric_value"":0.5833333333333333}",,EXPRESSIBLE,state_grs_2561f8a355fb94b28d99cf03,"{""is_causal_estimate"":false,""is_hazard_probability"":false,""is_probability"":false,""metric_name"":""GRS"",""metric_semantics"":""GEOLOGICAL_EVIDENCE_ATTENTION_INDEX"",""metric_status"":""AVAILABLE"",""metric_value"":0.5833333333333333}",knowledge_revision_event_a75716642c51519105053812,DAILY_REVIEW_CELL,true,RESOLVED_SUPPORT_CHANGED,2023-11-21,false
false,false,cell_ff5e7be1c6332ee68423a3aa,"{""base_stage3a_state_version_id"":""state_version_bff6997616473ba4e2c1e60c"",""cell_id"":""cell_ff5e7be1c6332ee68423a3aa"",""claim_type"":""OPERATIONAL_RESPONSE_ATTENTION"",""metric_name"":""RAI"",""source_kind"":""STATE_RAI"",""state_role"":""DAILY_REVIEW_CELL"",""valid_date"":""2023-11-21""}",OPERATIONAL_RESPONSE_ATTENTION,false,false,false,,EXPRESSIBLE,state_rai_30c58e9f3d39f9826cc5993c,"{""is_causal_estimate"":false,""is_hazard_probability"":false,""is_probability"":false,""metric_name"":""RAI"",""metric_semantics"":""OPERATIONAL_RESPONSE_ATTENTION_INDEX"",""metric_status"":""AVAILABLE"",""metric_value"":0.63513130894664}",,EXPRESSIBLE,state_rai_2561f8a355fb94b28d99cf03,"{""is_causal_estimate"":false,""is_hazard_probability"":false,""is_probability"":false,""metric_name"":""RAI"",""metric_semantics"":""OPERATIONAL_RESPONSE_ATTENTION_INDEX"",""metric_status"":""AVAILABLE"",""metric_value"":0.63513130894664}",knowledge_revision_event_a75716642c51519105053812,DAILY_REVIEW_CELL,false,UNCHANGED_EXPRESSIBLE,2023-11-21,true
false,false,cell_b1b5dac189844b4209fccbad,"{""attribute_name"":""anomaly_level"",""base_stage3a_state_version_id"":""state_version_b4b6eeba1773c90b7df93fd7"",""cell_id"":""cell_b1b5dac189844b4209fccbad"",""claim_type"":""FORECAST_GEOLOGICAL_CONDITION"",""source_evidence_id"":""doc_28d57b5baaf883772b83b6e8_e0002"",""source_kind"":""GEOLOGICAL_EVIDENCE"",""state_role"":""FORWARD_ATTENTION_CELL"",""valid_date"":""2023-10-26""}",FORECAST_GEOLOGICAL_CONDITION,true,true,false,UNKNOWN_SOURCE_VALUE,ABSTAIN,,"{""attribute_name"":""anomaly_level"",""normalized_value"":""NONE"",""source_evidence_id"":""doc_28d57b5baaf883772b83b6e8_e0002""}",,,,null,knowledge_revision_event_ab8c5ab2ce32cb5ca7b2c0d5,FORWARD_ATTENTION_CELL,false,OPPORTUNITY_ADDED,2023-10-26,false
false,false,cell_b1b5dac189844b4209fccbad,"{""attribute_name"":""geological_conclusion"",""base_stage3a_state_version_id"":""state_version_b4b6eeba1773c90b7df93fd7"",""cell_id"":""cell_b1b5dac189844b4209fccbad"",""claim_type"":""FORECAST_GEOLOGICAL_CONDITION"",""source_evidence_id"":""doc_28d57b5baaf883772b83b6e8_e0002"",""source_kind"":""GEOLOGICAL_EVIDENCE"",""state_role"":""FORWARD_ATTENTION_CELL"",""valid_date"":""2023-10-26""}",FORECAST_GEOLOGICAL_CONDITION,true,true,false,,EXPRESSIBLE,doc_28d57b5baaf883772b83b6e8_e0002,"{""attribute_name"":""geological_conclusion"",""normalized_value"":""该段围岩与当前掌子面相当。岩 性为板岩夹变质砂岩，弱风化， 岩质软硬不均，节理裂隙发育， 岩体破碎，围岩整体稳定性较差"",""source_evidence_id"":""doc_28d57b5baaf883772b83b6e8_e0002""}",,,,null,knowledge_revision_event_ab8c5ab2ce32cb5ca7b2c0d5,FORWARD_ATTENTION_CELL,false,OPPORTUNITY_ADDED,2023-10-26,false
false,false,cell_b1b5dac189844b4209fccbad,"{""attribute_name"":""joint_development"",""base_stage3a_state_version_id"":""state_version_b4b6eeba1773c90b7df93fd7"",""cell_id"":""cell_b1b5dac189844b4209fccbad"",""claim_type"":""FORECAST_GEOLOGICAL_CONDITION"",""source_evidence_id"":""doc_28d57b5baaf883772b83b6e8_e0002"",""source_kind"":""GEOLOGICAL_EVIDENCE"",""state_role"":""FORWARD_ATTENTION_CELL"",""valid_date"":""2023-10-26""}",FORECAST_GEOLOGICAL_CONDITION,true,true,false,,EXPRESSIBLE,doc_28d57b5baaf883772b83b6e8_e0002,"{""attribute_name"":""joint_development"",""normalized_value"":""节理裂隙发育"",""source_evidence_id"":""doc_28d57b5baaf883772b83b6e8_e0002""}",,,,null,knowledge_revision_event_ab8c5ab2ce32cb5ca7b2c0d5,FORWARD_ATTENTION_CELL,false,OPPORTUNITY_ADDED,2023-10-26,false
false,false,cell_b1b5dac189844b4209fccbad,"{""attribute_name"":""lithology"",""base_stage3a_state_version_id"":""state_version_b4b6eeba1773c90b7df93fd7"",""cell_id"":""cell_b1b5dac189844b4209fccbad"",""claim_type"":""FORECAST_GEOLOGICAL_CONDITION"",""source_evidence_id"":""doc_28d57b5baaf883772b83b6e8_e0002"",""source_kind"":""GEOLOGICAL_EVIDENCE"",""state_role"":""FORWARD_ATTENTION_CELL"",""valid_date"":""2023-10-26""}",FORECAST_GEOLOGICAL_CONDITION,true,true,false,,EXPRESSIBLE,doc_28d57b5baaf883772b83b6e8_e0002,"{""attribute_name"":""lithology"",""normalized_value"":""板岩夹变质砂岩"",""source_evidence_id"":""doc_28d57b5baaf883772b83b6e8_e0002""}",,,,null,knowledge_revision_event_ab8c5ab2ce32cb5ca7b2c0d5,FORWARD_ATTENTION_CELL,false,OPPORTUNITY_ADDED,2023-10-26,false
false,false,cell_b1b5dac189844b4209fccbad,"{""attribute_name"":""risk_hint"",""base_stage3a_state_version_id"":""state_version_b4b6eeba1773c90b7df93fd7"",""cell_id"":""cell_b1b5dac189844b4209fccbad"",""claim_type"":""FORECAST_GEOLOGICAL_CONDITION"",""source_evidence_id"":""doc_28d57b5baaf883772b83b6e8_e0002"",""source_kind"":""GEOLOGICAL_EVIDENCE"",""state_role"":""FORWARD_ATTENTION_CELL"",""valid_date"":""2023-10-26""}",FORECAST_GEOLOGICAL_CONDITION,true,true,false,UNKNOWN_SOURCE_VALUE,ABSTAIN,,"{""attribute_name"":""risk_hint"",""normalized_value"":""UNKNOWN"",""source_evidence_id"":""doc_28d57b5baaf883772b83b6e8_e0002""}",,,,null,knowledge_revision_event_ab8c5ab2ce32cb5ca7b2c0d5,FORWARD_ATTENTION_CELL,false,OPPORTUNITY_ADDED,2023-10-26,false
false,false,cell_b1b5dac189844b4209fccbad,"{""attribute_name"":""rock_mass_state"",""base_stage3a_state_version_id"":""state_version_b4b6eeba1773c90b7df93fd7"",""cell_id"":""cell_b1b5dac189844b4209fccbad"",""claim_type"":""FORECAST_GEOLOGICAL_CONDITION"",""source_evidence_id"":""doc_28d57b5baaf883772b83b6e8_e0002"",""source_kind"":""GEOLOGICAL_EVIDENCE"",""state_role"":""FORWARD_ATTENTION_CELL"",""valid_date"":""2023-10-26""}",FORECAST_GEOLOGICAL_CONDITION,true,true,false,,EXPRESSIBLE,doc_28d57b5baaf883772b83b6e8_e0002,"{""attribute_name"":""rock_mass_state"",""normalized_value"":""岩体破碎"",""source_evidence_id"":""doc_28d57b5baaf883772b83b6e8_e0002""}",,,,null,knowledge_revision_event_ab8c5ab2ce32cb5ca7b2c0d5,FORWARD_ATTENTION_CELL,false,OPPORTUNITY_ADDED,2023-10-26,false
false,false,cell_b1b5dac189844b4209fccbad,"{""attribute_name"":""suggested_grade"",""base_stage3a_state_version_id"":""state_version_b4b6eeba1773c90b7df93fd7"",""cell_id"":""cell_b1b5dac189844b4209fccbad"",""claim_type"":""FORECAST_GEOLOGICAL_CONDITION"",""source_evidence_id"":""doc_28d57b5baaf883772b83b6e8_e0002"",""source_kind"":""GEOLOGICAL_EVIDENCE"",""state_role"":""FORWARD_ATTENTION_CELL"",""valid_date"":""2023-10-26""}",FORECAST_GEOLOGICAL_CONDITION,true,true,false,,EXPRESSIBLE,doc_28d57b5baaf883772b83b6e8_e0002,"{""attribute_name"":""suggested_grade"",""normalized_value"":""Ⅳ级"",""source_evidence_id"":""doc_28d57b5baaf883772b83b6e8_e0002""}",,,,null,knowledge_revision_event_ab8c5ab2ce32cb5ca7b2c0d5,FORWARD_ATTENTION_CELL,false,OPPORTUNITY_ADDED,2023-10-26,false
false,false,cell_b1b5dac189844b4209fccbad,"{""attribute_name"":""weathering"",""base_stage3a_state_version_id"":""state_version_b4b6eeba1773c90b7df93fd7"",""cell_id"":""cell_b1b5dac189844b4209fccbad"",""claim_type"":""FORECAST_GEOLOGICAL_CONDITION"",""source_evidence_id"":""doc_28d57b5baaf883772b83b6e8_e0002"",""source_kind"":""GEOLOGICAL_EVIDENCE"",""state_role"":""FORWARD_ATTENTION_CELL"",""valid_date"":""2023-10-26""}",FORECAST_GEOLOGICAL_CONDITION,true,true,false,,EXPRESSIBLE,doc_28d57b5baaf883772b83b6e8_e0002,"{""attribute_name"":""weathering"",""normalized_value"":""弱风化"",""source_evidence_id"":""doc_28d57b5baaf883772b83b6e8_e0002""}",,,,null,knowledge_revision_event_ab8c5ab2ce32cb5ca7b2c0d5,FORWARD_ATTENTION_CELL,false,OPPORTUNITY_ADDED,2023-10-26,false
true,true,cell_b1b5dac189844b4209fccbad,"{""base_stage3a_state_version_id"":""state_version_b4b6eeba1773c90b7df93fd7"",""cell_id"":""cell_b1b5dac189844b4209fccbad"",""claim_type"":""FORWARD_GEOLOGICAL_ATTENTION"",""metric_name"":""GRS"",""source_kind"":""STATE_GRS"",""state_role"":""FORWARD_ATTENTION_CELL"",""valid_date"":""2023-10-26""}",FORWARD_GEOLOGICAL_ATTENTION,true,false,false,,EXPRESSIBLE,state_grs_e98bcb66e015bf0d1acdbbeb,"{""is_causal_estimate"":false,""is_hazard_probability"":false,""is_probability"":false,""metric_name"":""GRS"",""metric_semantics"":""FORWARD_GEOLOGICAL_EVIDENCE_ATTENTION_INDEX"",""metric_status"":""AVAILABLE"",""metric_value"":0.5416666666666666}",REQUIRED_EPISTEMIC_STATUS_MISSING,ABSTAIN,,null,knowledge_revision_event_ab8c5ab2ce32cb5ca7b2c0d5,FORWARD_ATTENTION_CELL,true,ABSTAIN_TO_EXPRESSIBLE,2023-10-26,false
false,false,cell_b1b5dac189844b4209fccbad,"{""base_stage3a_state_version_id"":""state_version_b4b6eeba1773c90b7df93fd7"",""cell_id"":""cell_b1b5dac189844b4209fccbad"",""claim_type"":""OPERATIONAL_RESPONSE_ATTENTION"",""metric_name"":""RAI"",""source_kind"":""STATE_RAI"",""state_role"":""FORWARD_ATTENTION_CELL"",""valid_date"":""2023-10-26""}",OPERATIONAL_RESPONSE_ATTENTION,false,false,false,STATE_ROLE_NOT_ALLOWED,ABSTAIN,,null,STATE_ROLE_NOT_ALLOWED,ABSTAIN,,null,knowledge_revision_event_ab8c5ab2ce32cb5ca7b2c0d5,FORWARD_ATTENTION_CELL,false,UNCHANGED_ABSTAIN,2023-10-26,false
false,false,cell_6ab76a141b599fbf0d333f38,"{""attribute_name"":""anomaly_level"",""base_stage3a_state_version_id"":""state_version_9897b2bac157fca1b58b5fa2"",""cell_id"":""cell_6ab76a141b599fbf0d333f38"",""claim_type"":""FORECAST_GEOLOGICAL_CONDITION"",""source_evidence_id"":""doc_09e89a967279537d5c9bb8d7_e0003"",""source_kind"":""GEOLOGICAL_EVIDENCE"",""state_role"":""DAILY_REVIEW_CELL"",""valid_date"":""2023-10-26""}",FORECAST_GEOLOGICAL_CONDITION,false,false,false,,EXPRESSIBLE,doc_09e89a967279537d5c9bb8d7_e0003,"{""attribute_name"":""anomaly_level"",""normalized_value"":""MODERATE"",""source_evidence_id"":""doc_09e89a967279537d5c9bb8d7_e0003""}",,EXPRESSIBLE,doc_09e89a967279537d5c9bb8d7_e0003,"{""attribute_name"":""anomaly_level"",""normalized_value"":""MODERATE"",""source_evidence_id"":""doc_09e89a967279537d5c9bb8d7_e0003""}",knowledge_revision_event_b48bfbd73622cc8872803388,DAILY_REVIEW_CELL,false,UNCHANGED_EXPRESSIBLE,2023-10-26,true
false,false,cell_6ab76a141b599fbf0d333f38,"{""attribute_name"":""anomaly_level"",""base_stage3a_state_version_id"":""state_version_9897b2bac157fca1b58b5fa2"",""cell_id"":""cell_6ab76a141b599fbf0d333f38"",""claim_type"":""FORECAST_GEOLOGICAL_CONDITION"",""source_evidence_id"":""doc_28d57b5baaf883772b83b6e8_e0002"",""source_kind"":""GEOLOGICAL_EVIDENCE"",""state_role"":""DAILY_REVIEW_CELL"",""valid_date"":""2023-10-26""}",FORECAST_GEOLOGICAL_CONDITION,true,true,false,UNKNOWN_SOURCE_VALUE,ABSTAIN,,"{""attribute_name"":""anomaly_level"",""normalized_value"":""NONE"",""source_evidence_id"":""doc_28d57b5baaf883772b83b6e8_e0002""}",,,,null,knowledge_revision_event_b48bfbd73622cc8872803388,DAILY_REVIEW_CELL,false,OPPORTUNITY_ADDED,2023-10-26,false
false,false,cell_6ab76a141b599fbf0d333f38,"{""attribute_name"":""geological_conclusion"",""base_stage3a_state_version_id"":""state_version_9897b2bac157fca1b58b5fa2"",""cell_id"":""cell_6ab76a141b599fbf0d333f38"",""claim_type"":""FORECAST_GEOLOGICAL_CONDITION"",""source_evidence_id"":""doc_09e89a967279537d5c9bb8d7_e0003"",""source_kind"":""GEOLOGICAL_EVIDENCE"",""state_role"":""DAILY_REVIEW_CELL"",""valid_date"":""2023-10-26""}",FORECAST_GEOLOGICAL_CONDITION,false,false,false,,EXPRESSIBLE,doc_09e89a967279537d5c9bb8d7_e0003,"{""attribute_name"":""geological_conclusion"",""normalized_value"":""该段围岩整体较前段稍有变差。 岩性为板岩夹变质砂岩，弱风化， 岩质软硬不均，节理裂隙发育， 局部段落节理裂隙发育密集，岩 体破碎-极破碎，围岩整体稳定性 较差"",""source_evidence_id"":""doc_09e89a967279537d5c9bb8d7_e0003""}",,EXPRESSIBLE,doc_09e89a967279537d5c9bb8d7_e0003,"{""attribute_name"":""geological_conclusion"",""normalized_value"":""该段围岩整体较前段稍有变差。 岩性为板岩夹变质砂岩，弱风化， 岩质软硬不均，节理裂隙发育， 局部段落节理裂隙发育密集，岩 体破碎-极破碎，围岩整体稳定性 较差"",""source_evidence_id"":""doc_09e89a967279537d5c9bb8d7_e0003""}",knowledge_revision_event_b48bfbd73622cc8872803388,DAILY_REVIEW_CELL,false,UNCHANGED_EXPRESSIBLE,2023-10-26,true
false,false,cell_6ab76a141b599fbf0d333f38,"{""attribute_name"":""geological_conclusion"",""base_stage3a_state_version_id"":""state_version_9897b2bac157fca1b58b5fa2"",""cell_id"":""cell_6ab76a141b599fbf0d333f38"",""claim_type"":""FORECAST_GEOLOGICAL_CONDITION"",""source_evidence_id"":""doc_28d57b5baaf883772b83b6e8_e0002"",""source_kind"":""GEOLOGICAL_EVIDENCE"",""state_role"":""DAILY_REVIEW_CELL"",""valid_date"":""2023-10-26""}",FORECAST_GEOLOGICAL_CONDITION,true,true,false,,EXPRESSIBLE,doc_28d57b5baaf883772b83b6e8_e0002,"{""attribute_name"":""geological_conclusion"",""normalized_value"":""该段围岩与当前掌子面相当。岩 性为板岩夹变质砂岩，弱风化， 岩质软硬不均，节理裂隙发育， 岩体破碎，围岩整体稳定性较差"",""source_evidence_id"":""doc_28d57b5baaf883772b83b6e8_e0002""}",,,,null,knowledge_revision_event_b48bfbd73622cc8872803388,DAILY_REVIEW_CELL,false,OPPORTUNITY_ADDED,2023-10-26,false
false,false,cell_6ab76a141b599fbf0d333f38,"{""attribute_name"":""geological_description"",""base_stage3a_state_version_id"":""state_version_9897b2bac157fca1b58b5fa2"",""cell_id"":""cell_6ab76a141b599fbf0d333f38"",""claim_type"":""OBSERVED_GEOLOGICAL_CONDITION"",""source_evidence_id"":""doc_28d57b5baaf883772b83b6e8_e0001"",""source_kind"":""GEOLOGICAL_EVIDENCE"",""state_role"":""DAILY_REVIEW_CELL"",""valid_date"":""2023-10-26""}",OBSERVED_GEOLOGICAL_CONDITION,true,true,false,,EXPRESSIBLE,doc_28d57b5baaf883772b83b6e8_e0001,"{""attribute_name"":""geological_description"",""normalized_value"":""开挖面 地质概况 掌子面附近已开挖段地层岩性为石炭二叠系板岩夹变质砂岩，围岩整体弱 风化，岩质软硬不均，节理裂隙发育，岩体破碎，拱顶右侧及右侧边墙节理裂 隙发育密集，存在掉块现象，见股状出水，围岩自稳性较差。"",""source_evidence_id"":""doc_28d57b5baaf883772b83b6e8_e0001""}",,,,null,knowledge_revision_event_b48bfbd73622cc8872803388,DAILY_REVIEW_CELL,false,OPPORTUNITY_ADDED,2023-10-26,false
false,false,cell_6ab76a141b599fbf0d333f38,"{""attribute_name"":""joint_development"",""base_stage3a_state_version_id"":""state_version_9897b2bac157fca1b58b5fa2"",""cell_id"":""cell_6ab76a141b599fbf0d333f38"",""claim_type"":""FORECAST_GEOLOGICAL_CONDITION"",""source_evidence_id"":""doc_09e89a967279537d5c9bb8d7_e0003"",""source_kind"":""GEOLOGICAL_EVIDENCE"",""state_role"":""DAILY_REVIEW_CELL"",""valid_date"":""2023-10-26""}",FORECAST_GEOLOGICAL_CONDITION,false,false,false,,EXPRESSIBLE,doc_09e89a967279537d5c9bb8d7_e0003,"{""attribute_name"":""joint_development"",""normalized_value"":""节理裂隙发育密集"",""source_evidence_id"":""doc_09e89a967279537d5c9bb8d7_e0003""}",,EXPRESSIBLE,doc_09e89a967279537d5c9bb8d7_e0003,"{""attribute_name"":""joint_development"",""normalized_value"":""节理裂隙发育密集"",""source_evidence_id"":""doc_09e89a967279537d5c9bb8d7_e0003""}",knowledge_revision_event_b48bfbd73622cc8872803388,DAILY_REVIEW_CELL,false,UNCHANGED_EXPRESSIBLE,2023-10-26,true
false,false,cell_6ab76a141b599fbf0d333f38,"{""attribute_name"":""joint_development"",""base_stage3a_state_version_id"":""state_version_9897b2bac157fca1b58b5fa2"",""cell_id"":""cell_6ab76a141b599fbf0d333f38"",""claim_type"":""FORECAST_GEOLOGICAL_CONDITION"",""source_evidence_id"":""doc_28d57b5baaf883772b83b6e8_e0002"",""source_kind"":""GEOLOGICAL_EVIDENCE"",""state_role"":""DAILY_REVIEW_CELL"",""valid_date"":""2023-10-26""}",FORECAST_GEOLOGICAL_CONDITION,true,true,false,,EXPRESSIBLE,doc_28d57b5baaf883772b83b6e8_e0002,"{""attribute_name"":""joint_development"",""normalized_value"":""节理裂隙发育"",""source_evidence_id"":""doc_28d57b5baaf883772b83b6e8_e0002""}",,,,null,knowledge_revision_event_b48bfbd73622cc8872803388,DAILY_REVIEW_CELL,false,OPPORTUNITY_ADDED,2023-10-26,false
false,false,cell_6ab76a141b599fbf0d333f38,"{""attribute_name"":""lithology"",""base_stage3a_state_version_id"":""state_version_9897b2bac157fca1b58b5fa2"",""cell_id"":""cell_6ab76a141b599fbf0d333f38"",""claim_type"":""FORECAST_GEOLOGICAL_CONDITION"",""source_evidence_id"":""doc_09e89a967279537d5c9bb8d7_e0003"",""source_kind"":""GEOLOGICAL_EVIDENCE"",""state_role"":""DAILY_REVIEW_CELL"",""valid_date"":""2023-10-26""}",FORECAST_GEOLOGICAL_CONDITION,false,false,false,,EXPRESSIBLE,doc_09e89a967279537d5c9bb8d7_e0003,"{""attribute_name"":""lithology"",""normalized_value"":""板岩夹变质砂岩"",""source_evidence_id"":""doc_09e89a967279537d5c9bb8d7_e0003""}",,EXPRESSIBLE,doc_09e89a967279537d5c9bb8d7_e0003,"{""attribute_name"":""lithology"",""normalized_value"":""板岩夹变质砂岩"",""source_evidence_id"":""doc_09e89a967279537d5c9bb8d7_e0003""}",knowledge_revision_event_b48bfbd73622cc8872803388,DAILY_REVIEW_CELL,false,UNCHANGED_EXPRESSIBLE,2023-10-26,true
false,false,cell_6ab76a141b599fbf0d333f38,"{""attribute_name"":""lithology"",""base_stage3a_state_version_id"":""state_version_9897b2bac157fca1b58b5fa2"",""cell_id"":""cell_6ab76a141b599fbf0d333f38"",""claim_type"":""FORECAST_GEOLOGICAL_CONDITION"",""source_evidence_id"":""doc_28d57b5baaf883772b83b6e8_e0002"",""source_kind"":""GEOLOGICAL_EVIDENCE"",""state_role"":""DAILY_REVIEW_CELL"",""valid_date"":""2023-10-26""}",FORECAST_GEOLOGICAL_CONDITION,true,true,false,,EXPRESSIBLE,doc_28d57b5baaf883772b83b6e8_e0002,"{""attribute_name"":""lithology"",""normalized_value"":""板岩夹变质砂岩"",""source_evidence_id"":""doc_28d57b5baaf883772b83b6e8_e0002""}",,,,null,knowledge_revision_event_b48bfbd73622cc8872803388,DAILY_REVIEW_CELL,false,OPPORTUNITY_ADDED,2023-10-26,false
false,false,cell_6ab76a141b599fbf0d333f38,"{""attribute_name"":""lithology"",""base_stage3a_state_version_id"":""state_version_9897b2bac157fca1b58b5fa2"",""cell_id"":""cell_6ab76a141b599fbf0d333f38"",""claim_type"":""OBSERVED_GEOLOGICAL_CONDITION"",""source_evidence_id"":""doc_28d57b5baaf883772b83b6e8_e0001"",""source_kind"":""GEOLOGICAL_EVIDENCE"",""state_role"":""DAILY_REVIEW_CELL"",""valid_date"":""2023-10-26""}",OBSERVED_GEOLOGICAL_CONDITION,true,true,false,,EXPRESSIBLE,doc_28d57b5baaf883772b83b6e8_e0001,"{""attribute_name"":""lithology"",""normalized_value"":""板岩夹变质砂岩"",""source_evidence_id"":""doc_28d57b5baaf883772b83b6e8_e0001""}",,,,null,knowledge_revision_event_b48bfbd73622cc8872803388,DAILY_REVIEW_CELL,false,OPPORTUNITY_ADDED,2023-10-26,false
false,false,cell_6ab76a141b599fbf0d333f38,"{""attribute_name"":""risk_hint"",""base_stage3a_state_version_id"":""state_version_9897b2bac157fca1b58b5fa2"",""cell_id"":""cell_6ab76a141b599fbf0d333f38"",""claim_type"":""FORECAST_GEOLOGICAL_CONDITION"",""source_evidence_id"":""doc_09e89a967279537d5c9bb8d7_e0003"",""source_kind"":""GEOLOGICAL_EVIDENCE"",""state_role"":""DAILY_REVIEW_CELL"",""valid_date"":""2023-10-26""}",FORECAST_GEOLOGICAL_CONDITION,false,false,false,,EXPRESSIBLE,doc_09e89a967279537d5c9bb8d7_e0003,"{""attribute_name"":""risk_hint"",""normalized_value"":""里程+788、 +804、+821、 +838、+854 附近有掉块 风险"",""source_evidence_id"":""doc_09e89a967279537d5c9bb8d7_e0003""}",,EXPRESSIBLE,doc_09e89a967279537d5c9bb8d7_e0003,"{""attribute_name"":""risk_hint"",""normalized_value"":""里程+788、 +804、+821、 +838、+854 附近有掉块 风险"",""source_evidence_id"":""doc_09e89a967279537d5c9bb8d7_e0003""}",knowledge_revision_event_b48bfbd73622cc8872803388,DAILY_REVIEW_CELL,false,UNCHANGED_EXPRESSIBLE,2023-10-26,true
false,false,cell_6ab76a141b599fbf0d333f38,"{""attribute_name"":""risk_hint"",""base_stage3a_state_version_id"":""state_version_9897b2bac157fca1b58b5fa2"",""cell_id"":""cell_6ab76a141b599fbf0d333f38"",""claim_type"":""FORECAST_GEOLOGICAL_CONDITION"",""source_evidence_id"":""doc_28d57b5baaf883772b83b6e8_e0002"",""source_kind"":""GEOLOGICAL_EVIDENCE"",""state_role"":""DAILY_REVIEW_CELL"",""valid_date"":""2023-10-26""}",FORECAST_GEOLOGICAL_CONDITION,true,true,false,UNKNOWN_SOURCE_VALUE,ABSTAIN,,"{""attribute_name"":""risk_hint"",""normalized_value"":""UNKNOWN"",""source_evidence_id"":""doc_28d57b5baaf883772b83b6e8_e0002""}",,,,null,knowledge_revision_event_b48bfbd73622cc8872803388,DAILY_REVIEW_CELL,false,OPPORTUNITY_ADDED,2023-10-26,false
false,false,cell_6ab76a141b599fbf0d333f38,"{""attribute_name"":""rock_mass_state"",""base_stage3a_state_version_id"":""state_version_9897b2bac157fca1b58b5fa2"",""cell_id"":""cell_6ab76a141b599fbf0d333f38"",""claim_type"":""FORECAST_GEOLOGICAL_CONDITION"",""source_evidence_id"":""doc_09e89a967279537d5c9bb8d7_e0003"",""source_kind"":""GEOLOGICAL_EVIDENCE"",""state_role"":""DAILY_REVIEW_CELL"",""valid_date"":""2023-10-26""}",FORECAST_GEOLOGICAL_CONDITION,false,false,false,,EXPRESSIBLE,doc_09e89a967279537d5c9bb8d7_e0003,"{""attribute_name"":""rock_mass_state"",""normalized_value"":""岩体破碎-极破碎"",""source_evidence_id"":""doc_09e89a967279537d5c9bb8d7_e0003""}",,EXPRESSIBLE,doc_09e89a967279537d5c9bb8d7_e0003,"{""attribute_name"":""rock_mass_state"",""normalized_value"":""岩体破碎-极破碎"",""source_evidence_id"":""doc_09e89a967279537d5c9bb8d7_e0003""}",knowledge_revision_event_b48bfbd73622cc8872803388,DAILY_REVIEW_CELL,false,UNCHANGED_EXPRESSIBLE,2023-10-26,true
false,false,cell_6ab76a141b599fbf0d333f38,"{""attribute_name"":""rock_mass_state"",""base_stage3a_state_version_id"":""state_version_9897b2bac157fca1b58b5fa2"",""cell_id"":""cell_6ab76a141b599fbf0d333f38"",""claim_type"":""FORECAST_GEOLOGICAL_CONDITION"",""source_evidence_id"":""doc_28d57b5baaf883772b83b6e8_e0002"",""source_kind"":""GEOLOGICAL_EVIDENCE"",""state_role"":""DAILY_REVIEW_CELL"",""valid_date"":""2023-10-26""}",FORECAST_GEOLOGICAL_CONDITION,true,true,false,,EXPRESSIBLE,doc_28d57b5baaf883772b83b6e8_e0002,"{""attribute_name"":""rock_mass_state"",""normalized_value"":""岩体破碎"",""source_evidence_id"":""doc_28d57b5baaf883772b83b6e8_e0002""}",,,,null,knowledge_revision_event_b48bfbd73622cc8872803388,DAILY_REVIEW_CELL,false,OPPORTUNITY_ADDED,2023-10-26,false
false,false,cell_6ab76a141b599fbf0d333f38,"{""attribute_name"":""rock_mass_state"",""base_stage3a_state_version_id"":""state_version_9897b2bac157fca1b58b5fa2"",""cell_id"":""cell_6ab76a141b599fbf0d333f38"",""claim_type"":""OBSERVED_GEOLOGICAL_CONDITION"",""source_evidence_id"":""doc_28d57b5baaf883772b83b6e8_e0001"",""source_kind"":""GEOLOGICAL_EVIDENCE"",""state_role"":""DAILY_REVIEW_CELL"",""valid_date"":""2023-10-26""}",OBSERVED_GEOLOGICAL_CONDITION,true,true,false,,EXPRESSIBLE,doc_28d57b5baaf883772b83b6e8_e0001,"{""attribute_name"":""rock_mass_state"",""normalized_value"":""岩体破碎"",""source_evidence_id"":""doc_28d57b5baaf883772b83b6e8_e0001""}",,,,null,knowledge_revision_event_b48bfbd73622cc8872803388,DAILY_REVIEW_CELL,false,OPPORTUNITY_ADDED,2023-10-26,false
false,false,cell_6ab76a141b599fbf0d333f38,"{""attribute_name"":""suggested_grade"",""base_stage3a_state_version_id"":""state_version_9897b2bac157fca1b58b5fa2"",""cell_id"":""cell_6ab76a141b599fbf0d333f38"",""claim_type"":""FORECAST_GEOLOGICAL_CONDITION"",""source_evidence_id"":""doc_09e89a967279537d5c9bb8d7_e0003"",""source_kind"":""GEOLOGICAL_EVIDENCE"",""state_role"":""DAILY_REVIEW_CELL"",""valid_date"":""2023-10-26""}",FORECAST_GEOLOGICAL_CONDITION,false,false,false,,EXPRESSIBLE,doc_09e89a967279537d5c9bb8d7_e0003,"{""attribute_name"":""suggested_grade"",""normalized_value"":""Ⅳ级"",""source_evidence_id"":""doc_09e89a967279537d5c9bb8d7_e0003""}",,EXPRESSIBLE,doc_09e89a967279537d5c9bb8d7_e0003,"{""attribute_name"":""suggested_grade"",""normalized_value"":""Ⅳ级"",""source_evidence_id"":""doc_09e89a967279537d5c9bb8d7_e0003""}",knowledge_revision_event_b48bfbd73622cc8872803388,DAILY_REVIEW_CELL,false,UNCHANGED_EXPRESSIBLE,2023-10-26,true
false,false,cell_6ab76a141b599fbf0d333f38,"{""attribute_name"":""suggested_grade"",""base_stage3a_state_version_id"":""state_version_9897b2bac157fca1b58b5fa2"",""cell_id"":""cell_6ab76a141b599fbf0d333f38"",""claim_type"":""FORECAST_GEOLOGICAL_CONDITION"",""source_evidence_id"":""doc_28d57b5baaf883772b83b6e8_e0002"",""source_kind"":""GEOLOGICAL_EVIDENCE"",""state_role"":""DAILY_REVIEW_CELL"",""valid_date"":""2023-10-26""}",FORECAST_GEOLOGICAL_CONDITION,true,true,false,,EXPRESSIBLE,doc_28d57b5baaf883772b83b6e8_e0002,"{""attribute_name"":""suggested_grade"",""normalized_value"":""Ⅳ级"",""source_evidence_id"":""doc_28d57b5baaf883772b83b6e8_e0002""}",,,,null,knowledge_revision_event_b48bfbd73622cc8872803388,DAILY_REVIEW_CELL,false,OPPORTUNITY_ADDED,2023-10-26,false
false,false,cell_6ab76a141b599fbf0d333f38,"{""attribute_name"":""weathering"",""base_stage3a_state_version_id"":""state_version_9897b2bac157fca1b58b5fa2"",""cell_id"":""cell_6ab76a141b599fbf0d333f38"",""claim_type"":""FORECAST_GEOLOGICAL_CONDITION"",""source_evidence_id"":""doc_09e89a967279537d5c9bb8d7_e0003"",""source_kind"":""GEOLOGICAL_EVIDENCE"",""state_role"":""DAILY_REVIEW_CELL"",""valid_date"":""2023-10-26""}",FORECAST_GEOLOGICAL_CONDITION,false,false,false,,EXPRESSIBLE,doc_09e89a967279537d5c9bb8d7_e0003,"{""attribute_name"":""weathering"",""normalized_value"":""弱风化"",""source_evidence_id"":""doc_09e89a967279537d5c9bb8d7_e0003""}",,EXPRESSIBLE,doc_09e89a967279537d5c9bb8d7_e0003,"{""attribute_name"":""weathering"",""normalized_value"":""弱风化"",""source_evidence_id"":""doc_09e89a967279537d5c9bb8d7_e0003""}",knowledge_revision_event_b48bfbd73622cc8872803388,DAILY_REVIEW_CELL,false,UNCHANGED_EXPRESSIBLE,2023-10-26,true
false,false,cell_6ab76a141b599fbf0d333f38,"{""attribute_name"":""weathering"",""base_stage3a_state_version_id"":""state_version_9897b2bac157fca1b58b5fa2"",""cell_id"":""cell_6ab76a141b599fbf0d333f38"",""claim_type"":""FORECAST_GEOLOGICAL_CONDITION"",""source_evidence_id"":""doc_28d57b5baaf883772b83b6e8_e0002"",""source_kind"":""GEOLOGICAL_EVIDENCE"",""state_role"":""DAILY_REVIEW_CELL"",""valid_date"":""2023-10-26""}",FORECAST_GEOLOGICAL_CONDITION,true,true,false,,EXPRESSIBLE,doc_28d57b5baaf883772b83b6e8_e0002,"{""attribute_name"":""weathering"",""normalized_value"":""弱风化"",""source_evidence_id"":""doc_28d57b5baaf883772b83b6e8_e0002""}",,,,null,knowledge_revision_event_b48bfbd73622cc8872803388,DAILY_REVIEW_CELL,false,OPPORTUNITY_ADDED,2023-10-26,false
false,false,cell_6ab76a141b599fbf0d333f38,"{""attribute_name"":""weathering"",""base_stage3a_state_version_id"":""state_version_9897b2bac157fca1b58b5fa2"",""cell_id"":""cell_6ab76a141b599fbf0d333f38"",""claim_type"":""OBSERVED_GEOLOGICAL_CONDITION"",""source_evidence_id"":""doc_28d57b5baaf883772b83b6e8_e0001"",""source_kind"":""GEOLOGICAL_EVIDENCE"",""state_role"":""DAILY_REVIEW_CELL"",""valid_date"":""2023-10-26""}",OBSERVED_GEOLOGICAL_CONDITION,true,true,false,,EXPRESSIBLE,doc_28d57b5baaf883772b83b6e8_e0001,"{""attribute_name"":""weathering"",""normalized_value"":""弱风化"",""source_evidence_id"":""doc_28d57b5baaf883772b83b6e8_e0001""}",,,,null,knowledge_revision_event_b48bfbd73622cc8872803388,DAILY_REVIEW_CELL,false,OPPORTUNITY_ADDED,2023-10-26,false
false,false,cell_6ab76a141b599fbf0d333f38,"{""base_stage3a_state_version_id"":""state_version_9897b2bac157fca1b58b5fa2"",""cell_id"":""cell_6ab76a141b599fbf0d333f38"",""claim_type"":""COUPLED_ATTENTION_REVIEW"",""metric_name"":""GRCI"",""source_kind"":""STATE_GRCI"",""state_role"":""DAILY_REVIEW_CELL"",""valid_date"":""2023-10-26""}",COUPLED_ATTENTION_REVIEW,false,false,false,,EXPRESSIBLE,state_grci_04153ecef60858cd182789a7,"{""is_causal_estimate"":false,""is_hazard_probability"":false,""is_probability"":false,""metric_name"":""GRCI"",""metric_semantics"":""NONPROBABILISTIC_CONJUNCTIVE_PRODUCT"",""metric_status"":""AVAILABLE"",""metric_value"":0.8333333333333333}",,EXPRESSIBLE,state_grci_820faedc2c9fa82e6fcfc1ec,"{""is_causal_estimate"":false,""is_hazard_probability"":false,""is_probability"":false,""metric_name"":""GRCI"",""metric_semantics"":""NONPROBABILISTIC_CONJUNCTIVE_PRODUCT"",""metric_status"":""AVAILABLE"",""metric_value"":0.8333333333333333}",knowledge_revision_event_b48bfbd73622cc8872803388,DAILY_REVIEW_CELL,true,RESOLVED_SUPPORT_CHANGED,2023-10-26,false
false,false,cell_6ab76a141b599fbf0d333f38,"{""base_stage3a_state_version_id"":""state_version_9897b2bac157fca1b58b5fa2"",""cell_id"":""cell_6ab76a141b599fbf0d333f38"",""claim_type"":""GEOLOGICAL_EVIDENCE_ATTENTION_REVIEW"",""metric_name"":""GRS"",""source_kind"":""STATE_GRS"",""state_role"":""DAILY_REVIEW_CELL"",""valid_date"":""2023-10-26""}",GEOLOGICAL_EVIDENCE_ATTENTION_REVIEW,false,false,false,,EXPRESSIBLE,state_grs_04153ecef60858cd182789a7,"{""is_causal_estimate"":false,""is_hazard_probability"":false,""is_probability"":false,""metric_name"":""GRS"",""metric_semantics"":""GEOLOGICAL_EVIDENCE_ATTENTION_INDEX"",""metric_status"":""AVAILABLE"",""metric_value"":0.8333333333333333}",,EXPRESSIBLE,state_grs_820faedc2c9fa82e6fcfc1ec,"{""is_causal_estimate"":false,""is_hazard_probability"":false,""is_probability"":false,""metric_name"":""GRS"",""metric_semantics"":""GEOLOGICAL_EVIDENCE_ATTENTION_INDEX"",""metric_status"":""AVAILABLE"",""metric_value"":0.8333333333333333}",knowledge_revision_event_b48bfbd73622cc8872803388,DAILY_REVIEW_CELL,true,RESOLVED_SUPPORT_CHANGED,2023-10-26,false
false,false,cell_6ab76a141b599fbf0d333f38,"{""base_stage3a_state_version_id"":""state_version_9897b2bac157fca1b58b5fa2"",""cell_id"":""cell_6ab76a141b599fbf0d333f38"",""claim_type"":""OPERATIONAL_RESPONSE_ATTENTION"",""metric_name"":""RAI"",""source_kind"":""STATE_RAI"",""state_role"":""DAILY_REVIEW_CELL"",""valid_date"":""2023-10-26""}",OPERATIONAL_RESPONSE_ATTENTION,false,false,false,,EXPRESSIBLE,state_rai_04153ecef60858cd182789a7,"{""is_causal_estimate"":false,""is_hazard_probability"":false,""is_probability"":false,""metric_name"":""RAI"",""metric_semantics"":""OPERATIONAL_RESPONSE_ATTENTION_INDEX"",""metric_status"":""AVAILABLE"",""metric_value"":1.0}",,EXPRESSIBLE,state_rai_820faedc2c9fa82e6fcfc1ec,"{""is_causal_estimate"":false,""is_hazard_probability"":false,""is_probability"":false,""metric_name"":""RAI"",""metric_semantics"":""OPERATIONAL_RESPONSE_ATTENTION_INDEX"",""metric_status"":""AVAILABLE"",""metric_value"":1.0}",knowledge_revision_event_b48bfbd73622cc8872803388,DAILY_REVIEW_CELL,false,UNCHANGED_EXPRESSIBLE,2023-10-26,true
false,false,cell_18dcb188dff729ae040f264a,"{""attribute_name"":""anomaly_level"",""base_stage3a_state_version_id"":""state_version_7e8d43d2825fed6cc2fd4db5"",""cell_id"":""cell_18dcb188dff729ae040f264a"",""claim_type"":""FORECAST_GEOLOGICAL_CONDITION"",""source_evidence_id"":""doc_b84482f2cbc3d64012d7baad_e0003"",""source_kind"":""GEOLOGICAL_EVIDENCE"",""state_role"":""FORWARD_ATTENTION_CELL"",""valid_date"":""2023-12-08""}",FORECAST_GEOLOGICAL_CONDITION,true,true,false,,EXPRESSIBLE,doc_b84482f2cbc3d64012d7baad_e0003,"{""attribute_name"":""anomaly_level"",""normalized_value"":""MODERATE"",""source_evidence_id"":""doc_b84482f2cbc3d64012d7baad_e0003""}",,,,null,knowledge_revision_event_c434fe7345666538805c2593,FORWARD_ATTENTION_CELL,false,OPPORTUNITY_ADDED,2023-12-08,false
false,false,cell_18dcb188dff729ae040f264a,"{""attribute_name"":""anomaly_level"",""base_stage3a_state_version_id"":""state_version_7e8d43d2825fed6cc2fd4db5"",""cell_id"":""cell_18dcb188dff729ae040f264a"",""claim_type"":""FORECAST_GEOLOGICAL_CONDITION"",""source_evidence_id"":""doc_c19c0e4b52882f445108f4a0_e0007"",""source_kind"":""GEOLOGICAL_EVIDENCE"",""state_role"":""FORWARD_ATTENTION_CELL"",""valid_date"":""2023-12-08""}",FORECAST_GEOLOGICAL_CONDITION,false,false,false,,EXPRESSIBLE,doc_c19c0e4b52882f445108f4a0_e0007,"{""attribute_name"":""anomaly_level"",""normalized_value"":""HIGH"",""source_evidence_id"":""doc_c19c0e4b52882f445108f4a0_e0007""}",,EXPRESSIBLE,doc_c19c0e4b52882f445108f4a0_e0007,"{""attribute_name"":""anomaly_level"",""normalized_value"":""HIGH"",""source_evidence_id"":""doc_c19c0e4b52882f445108f4a0_e0007""}",knowledge_revision_event_c434fe7345666538805c2593,FORWARD_ATTENTION_CELL,false,UNCHANGED_EXPRESSIBLE,2023-12-08,true
false,false,cell_18dcb188dff729ae040f264a,"{""attribute_name"":""geological_conclusion"",""base_stage3a_state_version_id"":""state_version_7e8d43d2825fed6cc2fd4db5"",""cell_id"":""cell_18dcb188dff729ae040f264a"",""claim_type"":""FORECAST_GEOLOGICAL_CONDITION"",""source_evidence_id"":""doc_b84482f2cbc3d64012d7baad_e0003"",""source_kind"":""GEOLOGICAL_EVIDENCE"",""state_role"":""FORWARD_ATTENTION_CELL"",""valid_date"":""2023-12-08""}",FORECAST_GEOLOGICAL_CONDITION,true,true,false,,EXPRESSIBLE,doc_b84482f2cbc3d64012d7baad_e0003,"{""attribute_name"":""geological_conclusion"",""normalized_value"":""该段围岩较前段变差。岩性为板 岩夹变质砂岩，弱风化，岩质软 硬不均，节理裂隙发育密集，层 间结合差，岩体破碎-极破碎"",""source_evidence_id"":""doc_b84482f2cbc3d64012d7baad_e0003""}",,,,null,knowledge_revision_event_c434fe7345666538805c2593,FORWARD_ATTENTION_CELL,false,OPPORTUNITY_ADDED,2023-12-08,false
false,false,cell_18dcb188dff729ae040f264a,"{""attribute_name"":""geological_conclusion"",""base_stage3a_state_version_id"":""state_version_7e8d43d2825fed6cc2fd4db5"",""cell_id"":""cell_18dcb188dff729ae040f264a"",""claim_type"":""FORECAST_GEOLOGICAL_CONDITION"",""source_evidence_id"":""doc_c19c0e4b52882f445108f4a0_e0007"",""source_kind"":""GEOLOGICAL_EVIDENCE"",""state_role"":""FORWARD_ATTENTION_CELL"",""valid_date"":""2023-12-08""}",FORECAST_GEOLOGICAL_CONDITION,false,false,false,,EXPRESSIBLE,doc_c19c0e4b52882f445108f4a0_e0007,"{""attribute_name"":""geological_conclusion"",""normalized_value"":""该段围岩较前段变差。岩性为板 岩夹变质砂岩，弱风化，岩质软 硬不均，节理裂隙发育，岩体破 碎，层间结合差。"",""source_evidence_id"":""doc_c19c0e4b52882f445108f4a0_e0007""}",,EXPRESSIBLE,doc_c19c0e4b52882f445108f4a0_e0007,"{""attribute_name"":""geological_conclusion"",""normalized_value"":""该段围岩较前段变差。岩性为板 岩夹变质砂岩，弱风化，岩质软 硬不均，节理裂隙发育，岩体破 碎，层间结合差。"",""source_evidence_id"":""doc_c19c0e4b52882f445108f4a0_e0007""}",knowledge_revision_event_c434fe7345666538805c2593,FORWARD_ATTENTION_CELL,false,UNCHANGED_EXPRESSIBLE,2023-12-08,true
false,false,cell_18dcb188dff729ae040f264a,"{""attribute_name"":""joint_development"",""base_stage3a_state_version_id"":""state_version_7e8d43d2825fed6cc2fd4db5"",""cell_id"":""cell_18dcb188dff729ae040f264a"",""claim_type"":""FORECAST_GEOLOGICAL_CONDITION"",""source_evidence_id"":""doc_b84482f2cbc3d64012d7baad_e0003"",""source_kind"":""GEOLOGICAL_EVIDENCE"",""state_role"":""FORWARD_ATTENTION_CELL"",""valid_date"":""2023-12-08""}",FORECAST_GEOLOGICAL_CONDITION,true,true,false,,EXPRESSIBLE,doc_b84482f2cbc3d64012d7baad_e0003,"{""attribute_name"":""joint_development"",""normalized_value"":""节理裂隙发育密集"",""source_evidence_id"":""doc_b84482f2cbc3d64012d7baad_e0003""}",,,,null,knowledge_revision_event_c434fe7345666538805c2593,FORWARD_ATTENTION_CELL,false,OPPORTUNITY_ADDED,2023-12-08,false
false,false,cell_18dcb188dff729ae040f264a,"{""attribute_name"":""joint_development"",""base_stage3a_state_version_id"":""state_version_7e8d43d2825fed6cc2fd4db5"",""cell_id"":""cell_18dcb188dff729ae040f264a"",""claim_type"":""FORECAST_GEOLOGICAL_CONDITION"",""source_evidence_id"":""doc_c19c0e4b52882f445108f4a0_e0007"",""source_kind"":""GEOLOGICAL_EVIDENCE"",""state_role"":""FORWARD_ATTENTION_CELL"",""valid_date"":""2023-12-08""}",FORECAST_GEOLOGICAL_CONDITION,false,false,false,,EXPRESSIBLE,doc_c19c0e4b52882f445108f4a0_e0007,"{""attribute_name"":""joint_development"",""normalized_value"":""节理裂隙发育"",""source_evidence_id"":""doc_c19c0e4b52882f445108f4a0_e0007""}",,EXPRESSIBLE,doc_c19c0e4b52882f445108f4a0_e0007,"{""attribute_name"":""joint_development"",""normalized_value"":""节理裂隙发育"",""source_evidence_id"":""doc_c19c0e4b52882f445108f4a0_e0007""}",knowledge_revision_event_c434fe7345666538805c2593,FORWARD_ATTENTION_CELL,false,UNCHANGED_EXPRESSIBLE,2023-12-08,true
false,false,cell_18dcb188dff729ae040f264a,"{""attribute_name"":""lithology"",""base_stage3a_state_version_id"":""state_version_7e8d43d2825fed6cc2fd4db5"",""cell_id"":""cell_18dcb188dff729ae040f264a"",""claim_type"":""FORECAST_GEOLOGICAL_CONDITION"",""source_evidence_id"":""doc_b84482f2cbc3d64012d7baad_e0003"",""source_kind"":""GEOLOGICAL_EVIDENCE"",""state_role"":""FORWARD_ATTENTION_CELL"",""valid_date"":""2023-12-08""}",FORECAST_GEOLOGICAL_CONDITION,true,true,false,,EXPRESSIBLE,doc_b84482f2cbc3d64012d7baad_e0003,"{""attribute_name"":""lithology"",""normalized_value"":""板岩夹变质砂岩"",""source_evidence_id"":""doc_b84482f2cbc3d64012d7baad_e0003""}",,,,null,knowledge_revision_event_c434fe7345666538805c2593,FORWARD_ATTENTION_CELL,false,OPPORTUNITY_ADDED,2023-12-08,false
false,false,cell_18dcb188dff729ae040f264a,"{""attribute_name"":""lithology"",""base_stage3a_state_version_id"":""state_version_7e8d43d2825fed6cc2fd4db5"",""cell_id"":""cell_18dcb188dff729ae040f264a"",""claim_type"":""FORECAST_GEOLOGICAL_CONDITION"",""source_evidence_id"":""doc_c19c0e4b52882f445108f4a0_e0007"",""source_kind"":""GEOLOGICAL_EVIDENCE"",""state_role"":""FORWARD_ATTENTION_CELL"",""valid_date"":""2023-12-08""}",FORECAST_GEOLOGICAL_CONDITION,false,false,false,,EXPRESSIBLE,doc_c19c0e4b52882f445108f4a0_e0007,"{""attribute_name"":""lithology"",""normalized_value"":""板岩夹变质砂岩"",""source_evidence_id"":""doc_c19c0e4b52882f445108f4a0_e0007""}",,EXPRESSIBLE,doc_c19c0e4b52882f445108f4a0_e0007,"{""attribute_name"":""lithology"",""normalized_value"":""板岩夹变质砂岩"",""source_evidence_id"":""doc_c19c0e4b52882f445108f4a0_e0007""}",knowledge_revision_event_c434fe7345666538805c2593,FORWARD_ATTENTION_CELL,false,UNCHANGED_EXPRESSIBLE,2023-12-08,true
false,false,cell_18dcb188dff729ae040f264a,"{""attribute_name"":""risk_hint"",""base_stage3a_state_version_id"":""state_version_7e8d43d2825fed6cc2fd4db5"",""cell_id"":""cell_18dcb188dff729ae040f264a"",""claim_type"":""FORECAST_GEOLOGICAL_CONDITION"",""source_evidence_id"":""doc_b84482f2cbc3d64012d7baad_e0003"",""source_kind"":""GEOLOGICAL_EVIDENCE"",""state_role"":""FORWARD_ATTENTION_CELL"",""valid_date"":""2023-12-08""}",FORECAST_GEOLOGICAL_CONDITION,true,true,false,,EXPRESSIBLE,doc_b84482f2cbc3d64012d7baad_e0003,"{""attribute_name"":""risk_hint"",""normalized_value"":""里程+352、 +363、+375 附近有掉块 风险"",""source_evidence_id"":""doc_b84482f2cbc3d64012d7baad_e0003""}",,,,null,knowledge_revision_event_c434fe7345666538805c2593,FORWARD_ATTENTION_CELL,false,OPPORTUNITY_ADDED,2023-12-08,false
false,false,cell_18dcb188dff729ae040f264a,"{""attribute_name"":""risk_hint"",""base_stage3a_state_version_id"":""state_version_7e8d43d2825fed6cc2fd4db5"",""cell_id"":""cell_18dcb188dff729ae040f264a"",""claim_type"":""FORECAST_GEOLOGICAL_CONDITION"",""source_evidence_id"":""doc_c19c0e4b52882f445108f4a0_e0007"",""source_kind"":""GEOLOGICAL_EVIDENCE"",""state_role"":""FORWARD_ATTENTION_CELL"",""valid_date"":""2023-12-08""}",FORECAST_GEOLOGICAL_CONDITION,false,false,false,,EXPRESSIBLE,doc_c19c0e4b52882f445108f4a0_e0007,"{""attribute_name"":""risk_hint"",""normalized_value"":""里程+358 附 近有掉块风 险"",""source_evidence_id"":""doc_c19c0e4b52882f445108f4a0_e0007""}",,EXPRESSIBLE,doc_c19c0e4b52882f445108f4a0_e0007,"{""attribute_name"":""risk_hint"",""normalized_value"":""里程+358 附 近有掉块风 险"",""source_evidence_id"":""doc_c19c0e4b52882f445108f4a0_e0007""}",knowledge_revision_event_c434fe7345666538805c2593,FORWARD_ATTENTION_CELL,false,UNCHANGED_EXPRESSIBLE,2023-12-08,true
false,false,cell_18dcb188dff729ae040f264a,"{""attribute_name"":""rock_mass_state"",""base_stage3a_state_version_id"":""state_version_7e8d43d2825fed6cc2fd4db5"",""cell_id"":""cell_18dcb188dff729ae040f264a"",""claim_type"":""FORECAST_GEOLOGICAL_CONDITION"",""source_evidence_id"":""doc_b84482f2cbc3d64012d7baad_e0003"",""source_kind"":""GEOLOGICAL_EVIDENCE"",""state_role"":""FORWARD_ATTENTION_CELL"",""valid_date"":""2023-12-08""}",FORECAST_GEOLOGICAL_CONDITION,true,true,false,,EXPRESSIBLE,doc_b84482f2cbc3d64012d7baad_e0003,"{""attribute_name"":""rock_mass_state"",""normalized_value"":""岩体破碎-极破碎"",""source_evidence_id"":""doc_b84482f2cbc3d64012d7baad_e0003""}",,,,null,knowledge_revision_event_c434fe7345666538805c2593,FORWARD_ATTENTION_CELL,false,OPPORTUNITY_ADDED,2023-12-08,false
false,false,cell_18dcb188dff729ae040f264a,"{""attribute_name"":""rock_mass_state"",""base_stage3a_state_version_id"":""state_version_7e8d43d2825fed6cc2fd4db5"",""cell_id"":""cell_18dcb188dff729ae040f264a"",""claim_type"":""FORECAST_GEOLOGICAL_CONDITION"",""source_evidence_id"":""doc_c19c0e4b52882f445108f4a0_e0007"",""source_kind"":""GEOLOGICAL_EVIDENCE"",""state_role"":""FORWARD_ATTENTION_CELL"",""valid_date"":""2023-12-08""}",FORECAST_GEOLOGICAL_CONDITION,false,false,false,,EXPRESSIBLE,doc_c19c0e4b52882f445108f4a0_e0007,"{""attribute_name"":""rock_mass_state"",""normalized_value"":""岩体破碎"",""source_evidence_id"":""doc_c19c0e4b52882f445108f4a0_e0007""}",,EXPRESSIBLE,doc_c19c0e4b52882f445108f4a0_e0007,"{""attribute_name"":""rock_mass_state"",""normalized_value"":""岩体破碎"",""source_evidence_id"":""doc_c19c0e4b52882f445108f4a0_e0007""}",knowledge_revision_event_c434fe7345666538805c2593,FORWARD_ATTENTION_CELL,false,UNCHANGED_EXPRESSIBLE,2023-12-08,true
false,false,cell_18dcb188dff729ae040f264a,"{""attribute_name"":""suggested_grade"",""base_stage3a_state_version_id"":""state_version_7e8d43d2825fed6cc2fd4db5"",""cell_id"":""cell_18dcb188dff729ae040f264a"",""claim_type"":""FORECAST_GEOLOGICAL_CONDITION"",""source_evidence_id"":""doc_b84482f2cbc3d64012d7baad_e0003"",""source_kind"":""GEOLOGICAL_EVIDENCE"",""state_role"":""FORWARD_ATTENTION_CELL"",""valid_date"":""2023-12-08""}",FORECAST_GEOLOGICAL_CONDITION,true,true,false,,EXPRESSIBLE,doc_b84482f2cbc3d64012d7baad_e0003,"{""attribute_name"":""suggested_grade"",""normalized_value"":""Ⅳ级"",""source_evidence_id"":""doc_b84482f2cbc3d64012d7baad_e0003""}",,,,null,knowledge_revision_event_c434fe7345666538805c2593,FORWARD_ATTENTION_CELL,false,OPPORTUNITY_ADDED,2023-12-08,false
false,false,cell_18dcb188dff729ae040f264a,"{""attribute_name"":""suggested_grade"",""base_stage3a_state_version_id"":""state_version_7e8d43d2825fed6cc2fd4db5"",""cell_id"":""cell_18dcb188dff729ae040f264a"",""claim_type"":""FORECAST_GEOLOGICAL_CONDITION"",""source_evidence_id"":""doc_c19c0e4b52882f445108f4a0_e0007"",""source_kind"":""GEOLOGICAL_EVIDENCE"",""state_role"":""FORWARD_ATTENTION_CELL"",""valid_date"":""2023-12-08""}",FORECAST_GEOLOGICAL_CONDITION,false,false,false,,EXPRESSIBLE,doc_c19c0e4b52882f445108f4a0_e0007,"{""attribute_name"":""suggested_grade"",""normalized_value"":""Ⅳ级"",""source_evidence_id"":""doc_c19c0e4b52882f445108f4a0_e0007""}",,EXPRESSIBLE,doc_c19c0e4b52882f445108f4a0_e0007,"{""attribute_name"":""suggested_grade"",""normalized_value"":""Ⅳ级"",""source_evidence_id"":""doc_c19c0e4b52882f445108f4a0_e0007""}",knowledge_revision_event_c434fe7345666538805c2593,FORWARD_ATTENTION_CELL,false,UNCHANGED_EXPRESSIBLE,2023-12-08,true
false,false,cell_18dcb188dff729ae040f264a,"{""attribute_name"":""weathering"",""base_stage3a_state_version_id"":""state_version_7e8d43d2825fed6cc2fd4db5"",""cell_id"":""cell_18dcb188dff729ae040f264a"",""claim_type"":""FORECAST_GEOLOGICAL_CONDITION"",""source_evidence_id"":""doc_b84482f2cbc3d64012d7baad_e0003"",""source_kind"":""GEOLOGICAL_EVIDENCE"",""state_role"":""FORWARD_ATTENTION_CELL"",""valid_date"":""2023-12-08""}",FORECAST_GEOLOGICAL_CONDITION,true,true,false,,EXPRESSIBLE,doc_b84482f2cbc3d64012d7baad_e0003,"{""attribute_name"":""weathering"",""normalized_value"":""弱风化"",""source_evidence_id"":""doc_b84482f2cbc3d64012d7baad_e0003""}",,,,null,knowledge_revision_event_c434fe7345666538805c2593,FORWARD_ATTENTION_CELL,false,OPPORTUNITY_ADDED,2023-12-08,false
false,false,cell_18dcb188dff729ae040f264a,"{""attribute_name"":""weathering"",""base_stage3a_state_version_id"":""state_version_7e8d43d2825fed6cc2fd4db5"",""cell_id"":""cell_18dcb188dff729ae040f264a"",""claim_type"":""FORECAST_GEOLOGICAL_CONDITION"",""source_evidence_id"":""doc_c19c0e4b52882f445108f4a0_e0007"",""source_kind"":""GEOLOGICAL_EVIDENCE"",""state_role"":""FORWARD_ATTENTION_CELL"",""valid_date"":""2023-12-08""}",FORECAST_GEOLOGICAL_CONDITION,false,false,false,,EXPRESSIBLE,doc_c19c0e4b52882f445108f4a0_e0007,"{""attribute_name"":""weathering"",""normalized_value"":""弱风化"",""source_evidence_id"":""doc_c19c0e4b52882f445108f4a0_e0007""}",,EXPRESSIBLE,doc_c19c0e4b52882f445108f4a0_e0007,"{""attribute_name"":""weathering"",""normalized_value"":""弱风化"",""source_evidence_id"":""doc_c19c0e4b52882f445108f4a0_e0007""}",knowledge_revision_event_c434fe7345666538805c2593,FORWARD_ATTENTION_CELL,false,UNCHANGED_EXPRESSIBLE,2023-12-08,true
false,true,cell_18dcb188dff729ae040f264a,"{""base_stage3a_state_version_id"":""state_version_7e8d43d2825fed6cc2fd4db5"",""cell_id"":""cell_18dcb188dff729ae040f264a"",""claim_type"":""FORWARD_GEOLOGICAL_ATTENTION"",""metric_name"":""GRS"",""source_kind"":""STATE_GRS"",""state_role"":""FORWARD_ATTENTION_CELL"",""valid_date"":""2023-12-08""}",FORWARD_GEOLOGICAL_ATTENTION,false,false,false,,EXPRESSIBLE,state_grs_c84fc9ad9bbdc22f2089dc87,"{""is_causal_estimate"":false,""is_hazard_probability"":false,""is_probability"":false,""metric_name"":""GRS"",""metric_semantics"":""FORWARD_GEOLOGICAL_EVIDENCE_ATTENTION_INDEX"",""metric_status"":""AVAILABLE"",""metric_value"":0.9166666666666666}",,EXPRESSIBLE,state_grs_02faae641a698a818f962d02,"{""is_causal_estimate"":false,""is_hazard_probability"":false,""is_probability"":false,""metric_name"":""GRS"",""metric_semantics"":""FORWARD_GEOLOGICAL_EVIDENCE_ATTENTION_INDEX"",""metric_status"":""AVAILABLE"",""metric_value"":0.7916666666666666}",knowledge_revision_event_c434fe7345666538805c2593,FORWARD_ATTENTION_CELL,true,CLAIM_VALUE_CHANGED,2023-12-08,false
false,false,cell_18dcb188dff729ae040f264a,"{""base_stage3a_state_version_id"":""state_version_7e8d43d2825fed6cc2fd4db5"",""cell_id"":""cell_18dcb188dff729ae040f264a"",""claim_type"":""OPERATIONAL_RESPONSE_ATTENTION"",""metric_name"":""RAI"",""source_kind"":""STATE_RAI"",""state_role"":""FORWARD_ATTENTION_CELL"",""valid_date"":""2023-12-08""}",OPERATIONAL_RESPONSE_ATTENTION,false,false,false,STATE_ROLE_NOT_ALLOWED,ABSTAIN,,null,STATE_ROLE_NOT_ALLOWED,ABSTAIN,,null,knowledge_revision_event_c434fe7345666538805c2593,FORWARD_ATTENTION_CELL,false,UNCHANGED_ABSTAIN,2023-12-08,false
false,false,cell_0e03d8262312cadde60398fe,"{""attribute_name"":""anomaly_level"",""base_stage3a_state_version_id"":""state_version_90a3a1921c8b3baa97da4883"",""cell_id"":""cell_0e03d8262312cadde60398fe"",""claim_type"":""FORECAST_GEOLOGICAL_CONDITION"",""source_evidence_id"":""doc_28d57b5baaf883772b83b6e8_e0002"",""source_kind"":""GEOLOGICAL_EVIDENCE"",""state_role"":""FORWARD_ATTENTION_CELL"",""valid_date"":""2023-10-26""}",FORECAST_GEOLOGICAL_CONDITION,true,true,false,UNKNOWN_SOURCE_VALUE,ABSTAIN,,"{""attribute_name"":""anomaly_level"",""normalized_value"":""NONE"",""source_evidence_id"":""doc_28d57b5baaf883772b83b6e8_e0002""}",,,,null,knowledge_revision_event_c8ac64f9a17310524fac8aa2,FORWARD_ATTENTION_CELL,false,OPPORTUNITY_ADDED,2023-10-26,false
false,false,cell_0e03d8262312cadde60398fe,"{""attribute_name"":""geological_conclusion"",""base_stage3a_state_version_id"":""state_version_90a3a1921c8b3baa97da4883"",""cell_id"":""cell_0e03d8262312cadde60398fe"",""claim_type"":""FORECAST_GEOLOGICAL_CONDITION"",""source_evidence_id"":""doc_28d57b5baaf883772b83b6e8_e0002"",""source_kind"":""GEOLOGICAL_EVIDENCE"",""state_role"":""FORWARD_ATTENTION_CELL"",""valid_date"":""2023-10-26""}",FORECAST_GEOLOGICAL_CONDITION,true,true,false,,EXPRESSIBLE,doc_28d57b5baaf883772b83b6e8_e0002,"{""attribute_name"":""geological_conclusion"",""normalized_value"":""该段围岩与当前掌子面相当。岩 性为板岩夹变质砂岩，弱风化， 岩质软硬不均，节理裂隙发育， 岩体破碎，围岩整体稳定性较差"",""source_evidence_id"":""doc_28d57b5baaf883772b83b6e8_e0002""}",,,,null,knowledge_revision_event_c8ac64f9a17310524fac8aa2,FORWARD_ATTENTION_CELL,false,OPPORTUNITY_ADDED,2023-10-26,false
false,false,cell_0e03d8262312cadde60398fe,"{""attribute_name"":""joint_development"",""base_stage3a_state_version_id"":""state_version_90a3a1921c8b3baa97da4883"",""cell_id"":""cell_0e03d8262312cadde60398fe"",""claim_type"":""FORECAST_GEOLOGICAL_CONDITION"",""source_evidence_id"":""doc_28d57b5baaf883772b83b6e8_e0002"",""source_kind"":""GEOLOGICAL_EVIDENCE"",""state_role"":""FORWARD_ATTENTION_CELL"",""valid_date"":""2023-10-26""}",FORECAST_GEOLOGICAL_CONDITION,true,true,false,,EXPRESSIBLE,doc_28d57b5baaf883772b83b6e8_e0002,"{""attribute_name"":""joint_development"",""normalized_value"":""节理裂隙发育"",""source_evidence_id"":""doc_28d57b5baaf883772b83b6e8_e0002""}",,,,null,knowledge_revision_event_c8ac64f9a17310524fac8aa2,FORWARD_ATTENTION_CELL,false,OPPORTUNITY_ADDED,2023-10-26,false
false,false,cell_0e03d8262312cadde60398fe,"{""attribute_name"":""lithology"",""base_stage3a_state_version_id"":""state_version_90a3a1921c8b3baa97da4883"",""cell_id"":""cell_0e03d8262312cadde60398fe"",""claim_type"":""FORECAST_GEOLOGICAL_CONDITION"",""source_evidence_id"":""doc_28d57b5baaf883772b83b6e8_e0002"",""source_kind"":""GEOLOGICAL_EVIDENCE"",""state_role"":""FORWARD_ATTENTION_CELL"",""valid_date"":""2023-10-26""}",FORECAST_GEOLOGICAL_CONDITION,true,true,false,,EXPRESSIBLE,doc_28d57b5baaf883772b83b6e8_e0002,"{""attribute_name"":""lithology"",""normalized_value"":""板岩夹变质砂岩"",""source_evidence_id"":""doc_28d57b5baaf883772b83b6e8_e0002""}",,,,null,knowledge_revision_event_c8ac64f9a17310524fac8aa2,FORWARD_ATTENTION_CELL,false,OPPORTUNITY_ADDED,2023-10-26,false
false,false,cell_0e03d8262312cadde60398fe,"{""attribute_name"":""risk_hint"",""base_stage3a_state_version_id"":""state_version_90a3a1921c8b3baa97da4883"",""cell_id"":""cell_0e03d8262312cadde60398fe"",""claim_type"":""FORECAST_GEOLOGICAL_CONDITION"",""source_evidence_id"":""doc_28d57b5baaf883772b83b6e8_e0002"",""source_kind"":""GEOLOGICAL_EVIDENCE"",""state_role"":""FORWARD_ATTENTION_CELL"",""valid_date"":""2023-10-26""}",FORECAST_GEOLOGICAL_CONDITION,true,true,false,UNKNOWN_SOURCE_VALUE,ABSTAIN,,"{""attribute_name"":""risk_hint"",""normalized_value"":""UNKNOWN"",""source_evidence_id"":""doc_28d57b5baaf883772b83b6e8_e0002""}",,,,null,knowledge_revision_event_c8ac64f9a17310524fac8aa2,FORWARD_ATTENTION_CELL,false,OPPORTUNITY_ADDED,2023-10-26,false
false,false,cell_0e03d8262312cadde60398fe,"{""attribute_name"":""rock_mass_state"",""base_stage3a_state_version_id"":""state_version_90a3a1921c8b3baa97da4883"",""cell_id"":""cell_0e03d8262312cadde60398fe"",""claim_type"":""FORECAST_GEOLOGICAL_CONDITION"",""source_evidence_id"":""doc_28d57b5baaf883772b83b6e8_e0002"",""source_kind"":""GEOLOGICAL_EVIDENCE"",""state_role"":""FORWARD_ATTENTION_CELL"",""valid_date"":""2023-10-26""}",FORECAST_GEOLOGICAL_CONDITION,true,true,false,,EXPRESSIBLE,doc_28d57b5baaf883772b83b6e8_e0002,"{""attribute_name"":""rock_mass_state"",""normalized_value"":""岩体破碎"",""source_evidence_id"":""doc_28d57b5baaf883772b83b6e8_e0002""}",,,,null,knowledge_revision_event_c8ac64f9a17310524fac8aa2,FORWARD_ATTENTION_CELL,false,OPPORTUNITY_ADDED,2023-10-26,false
false,false,cell_0e03d8262312cadde60398fe,"{""attribute_name"":""suggested_grade"",""base_stage3a_state_version_id"":""state_version_90a3a1921c8b3baa97da4883"",""cell_id"":""cell_0e03d8262312cadde60398fe"",""claim_type"":""FORECAST_GEOLOGICAL_CONDITION"",""source_evidence_id"":""doc_28d57b5baaf883772b83b6e8_e0002"",""source_kind"":""GEOLOGICAL_EVIDENCE"",""state_role"":""FORWARD_ATTENTION_CELL"",""valid_date"":""2023-10-26""}",FORECAST_GEOLOGICAL_CONDITION,true,true,false,,EXPRESSIBLE,doc_28d57b5baaf883772b83b6e8_e0002,"{""attribute_name"":""suggested_grade"",""normalized_value"":""Ⅳ级"",""source_evidence_id"":""doc_28d57b5baaf883772b83b6e8_e0002""}",,,,null,knowledge_revision_event_c8ac64f9a17310524fac8aa2,FORWARD_ATTENTION_CELL,false,OPPORTUNITY_ADDED,2023-10-26,false
false,false,cell_0e03d8262312cadde60398fe,"{""attribute_name"":""weathering"",""base_stage3a_state_version_id"":""state_version_90a3a1921c8b3baa97da4883"",""cell_id"":""cell_0e03d8262312cadde60398fe"",""claim_type"":""FORECAST_GEOLOGICAL_CONDITION"",""source_evidence_id"":""doc_28d57b5baaf883772b83b6e8_e0002"",""source_kind"":""GEOLOGICAL_EVIDENCE"",""state_role"":""FORWARD_ATTENTION_CELL"",""valid_date"":""2023-10-26""}",FORECAST_GEOLOGICAL_CONDITION,true,true,false,,EXPRESSIBLE,doc_28d57b5baaf883772b83b6e8_e0002,"{""attribute_name"":""weathering"",""normalized_value"":""弱风化"",""source_evidence_id"":""doc_28d57b5baaf883772b83b6e8_e0002""}",,,,null,knowledge_revision_event_c8ac64f9a17310524fac8aa2,FORWARD_ATTENTION_CELL,false,OPPORTUNITY_ADDED,2023-10-26,false
true,true,cell_0e03d8262312cadde60398fe,"{""base_stage3a_state_version_id"":""state_version_90a3a1921c8b3baa97da4883"",""cell_id"":""cell_0e03d8262312cadde60398fe"",""claim_type"":""FORWARD_GEOLOGICAL_ATTENTION"",""metric_name"":""GRS"",""source_kind"":""STATE_GRS"",""state_role"":""FORWARD_ATTENTION_CELL"",""valid_date"":""2023-10-26""}",FORWARD_GEOLOGICAL_ATTENTION,true,false,false,,EXPRESSIBLE,state_grs_15b86426f0992d7129fc5fb3,"{""is_causal_estimate"":false,""is_hazard_probability"":false,""is_probability"":false,""metric_name"":""GRS"",""metric_semantics"":""FORWARD_GEOLOGICAL_EVIDENCE_ATTENTION_INDEX"",""metric_status"":""AVAILABLE"",""metric_value"":0.5416666666666666}",REQUIRED_EPISTEMIC_STATUS_MISSING,ABSTAIN,,null,knowledge_revision_event_c8ac64f9a17310524fac8aa2,FORWARD_ATTENTION_CELL,true,ABSTAIN_TO_EXPRESSIBLE,2023-10-26,false
false,false,cell_0e03d8262312cadde60398fe,"{""base_stage3a_state_version_id"":""state_version_90a3a1921c8b3baa97da4883"",""cell_id"":""cell_0e03d8262312cadde60398fe"",""claim_type"":""OPERATIONAL_RESPONSE_ATTENTION"",""metric_name"":""RAI"",""source_kind"":""STATE_RAI"",""state_role"":""FORWARD_ATTENTION_CELL"",""valid_date"":""2023-10-26""}",OPERATIONAL_RESPONSE_ATTENTION,false,false,false,STATE_ROLE_NOT_ALLOWED,ABSTAIN,,null,STATE_ROLE_NOT_ALLOWED,ABSTAIN,,null,knowledge_revision_event_c8ac64f9a17310524fac8aa2,FORWARD_ATTENTION_CELL,false,UNCHANGED_ABSTAIN,2023-10-26,false
false,false,cell_45e09953a5ddef4462c0a147,"{""attribute_name"":""anomaly_level"",""base_stage3a_state_version_id"":""state_version_9d93db590e3e8b8b30b873c4"",""cell_id"":""cell_45e09953a5ddef4462c0a147"",""claim_type"":""FORECAST_GEOLOGICAL_CONDITION"",""source_evidence_id"":""doc_99cb24b0b45c767bece0fac1_e0002"",""source_kind"":""GEOLOGICAL_EVIDENCE"",""state_role"":""FORWARD_ATTENTION_CELL"",""valid_date"":""2023-12-16""}",FORECAST_GEOLOGICAL_CONDITION,true,true,false,UNKNOWN_SOURCE_VALUE,ABSTAIN,,"{""attribute_name"":""anomaly_level"",""normalized_value"":""NONE"",""source_evidence_id"":""doc_99cb24b0b45c767bece0fac1_e0002""}",,,,null,knowledge_revision_event_cd244d1e0ff87b6d3c2d9d94,FORWARD_ATTENTION_CELL,false,OPPORTUNITY_ADDED,2023-12-16,false
false,false,cell_45e09953a5ddef4462c0a147,"{""attribute_name"":""anomaly_level"",""base_stage3a_state_version_id"":""state_version_9d93db590e3e8b8b30b873c4"",""cell_id"":""cell_45e09953a5ddef4462c0a147"",""claim_type"":""FORECAST_GEOLOGICAL_CONDITION"",""source_evidence_id"":""doc_99cb24b0b45c767bece0fac1_e0003"",""source_kind"":""GEOLOGICAL_EVIDENCE"",""state_role"":""FORWARD_ATTENTION_CELL"",""valid_date"":""2023-12-16""}",FORECAST_GEOLOGICAL_CONDITION,true,true,false,,EXPRESSIBLE,doc_99cb24b0b45c767bece0fac1_e0003,"{""attribute_name"":""anomaly_level"",""normalized_value"":""MODERATE"",""source_evidence_id"":""doc_99cb24b0b45c767bece0fac1_e0003""}",,,,null,knowledge_revision_event_cd244d1e0ff87b6d3c2d9d94,FORWARD_ATTENTION_CELL,false,OPPORTUNITY_ADDED,2023-12-16,false
false,false,cell_45e09953a5ddef4462c0a147,"{""attribute_name"":""anomaly_level"",""base_stage3a_state_version_id"":""state_version_9d93db590e3e8b8b30b873c4"",""cell_id"":""cell_45e09953a5ddef4462c0a147"",""claim_type"":""FORECAST_GEOLOGICAL_CONDITION"",""source_evidence_id"":""doc_c6033d47fac60b63875a730d_e0002"",""source_kind"":""GEOLOGICAL_EVIDENCE"",""state_role"":""FORWARD_ATTENTION_CELL"",""valid_date"":""2023-12-16""}",FORECAST_GEOLOGICAL_CONDITION,false,false,false,UNKNOWN_SOURCE_VALUE,ABSTAIN,,"{""attribute_name"":""anomaly_level"",""normalized_value"":""NONE"",""source_evidence_id"":""doc_c6033d47fac60b63875a730d_e0002""}",UNKNOWN_SOURCE_VALUE,ABSTAIN,,"{""attribute_name"":""anomaly_level"",""normalized_value"":""NONE"",""source_evidence_id"":""doc_c6033d47fac60b63875a730d_e0002""}",knowledge_revision_event_cd244d1e0ff87b6d3c2d9d94,FORWARD_ATTENTION_CELL,false,UNCHANGED_ABSTAIN,2023-12-16,false
false,false,cell_45e09953a5ddef4462c0a147,"{""attribute_name"":""block_fall_or_collapse"",""base_stage3a_state_version_id"":""state_version_9d93db590e3e8b8b30b873c4"",""cell_id"":""cell_45e09953a5ddef4462c0a147"",""claim_type"":""FORECAST_GEOLOGICAL_CONDITION"",""source_evidence_id"":""doc_c6033d47fac60b63875a730d_e0002"",""source_kind"":""GEOLOGICAL_EVIDENCE"",""state_role"":""FORWARD_ATTENTION_CELL"",""valid_date"":""2023-12-16""}",FORECAST_GEOLOGICAL_CONDITION,false,false,false,,EXPRESSIBLE,doc_c6033d47fac60b63875a730d_e0002,"{""attribute_name"":""block_fall_or_collapse"",""normalized_value"":""掉块"",""source_evidence_id"":""doc_c6033d47fac60b63875a730d_e0002""}",,EXPRESSIBLE,doc_c6033d47fac60b63875a730d_e0002,"{""attribute_name"":""block_fall_or_collapse"",""normalized_value"":""掉块"",""source_evidence_id"":""doc_c6033d47fac60b63875a730d_e0002""}",knowledge_revision_event_cd244d1e0ff87b6d3c2d9d94,FORWARD_ATTENTION_CELL,false,UNCHANGED_EXPRESSIBLE,2023-12-16,true
false,false,cell_45e09953a5ddef4462c0a147,"{""attribute_name"":""geological_conclusion"",""base_stage3a_state_version_id"":""state_version_9d93db590e3e8b8b30b873c4"",""cell_id"":""cell_45e09953a5ddef4462c0a147"",""claim_type"":""FORECAST_GEOLOGICAL_CONDITION"",""source_evidence_id"":""doc_99cb24b0b45c767bece0fac1_e0002"",""source_kind"":""GEOLOGICAL_EVIDENCE"",""state_role"":""FORWARD_ATTENTION_CELL"",""valid_date"":""2023-12-16""}",FORECAST_GEOLOGICAL_CONDITION,true,true,false,,EXPRESSIBLE,doc_99cb24b0b45c767bece0fac1_e0002,"{""attribute_name"":""geological_conclusion"",""normalized_value"":""该段围岩与当前掌子面相当。岩 性为板岩夹变质砂岩，弱风化， 节理裂隙发育，岩体破碎。"",""source_evidence_id"":""doc_99cb24b0b45c767bece0fac1_e0002""}",,,,null,knowledge_revision_event_cd244d1e0ff87b6d3c2d9d94,FORWARD_ATTENTION_CELL,false,OPPORTUNITY_ADDED,2023-12-16,false
false,false,cell_45e09953a5ddef4462c0a147,"{""attribute_name"":""geological_conclusion"",""base_stage3a_state_version_id"":""state_version_9d93db590e3e8b8b30b873c4"",""cell_id"":""cell_45e09953a5ddef4462c0a147"",""claim_type"":""FORECAST_GEOLOGICAL_CONDITION"",""source_evidence_id"":""doc_99cb24b0b45c767bece0fac1_e0003"",""source_kind"":""GEOLOGICAL_EVIDENCE"",""state_role"":""FORWARD_ATTENTION_CELL"",""valid_date"":""2023-12-16""}",FORECAST_GEOLOGICAL_CONDITION,true,true,false,,EXPRESSIBLE,doc_99cb24b0b45c767bece0fac1_e0003,"{""attribute_name"":""geological_conclusion"",""normalized_value"":""该段围岩较前段变差。岩性为板 岩夹变质砂岩，弱风化，岩质软 硬不均，节理裂隙发育密集，岩 体破碎，裂隙层间结合度差。"",""source_evidence_id"":""doc_99cb24b0b45c767bece0fac1_e0003""}",,,,null,knowledge_revision_event_cd244d1e0ff87b6d3c2d9d94,FORWARD_ATTENTION_CELL,false,OPPORTUNITY_ADDED,2023-12-16,false
false,false,cell_45e09953a5ddef4462c0a147,"{""attribute_name"":""joint_development"",""base_stage3a_state_version_id"":""state_version_9d93db590e3e8b8b30b873c4"",""cell_id"":""cell_45e09953a5ddef4462c0a147"",""claim_type"":""FORECAST_GEOLOGICAL_CONDITION"",""source_evidence_id"":""doc_99cb24b0b45c767bece0fac1_e0002"",""source_kind"":""GEOLOGICAL_EVIDENCE"",""state_role"":""FORWARD_ATTENTION_CELL"",""valid_date"":""2023-12-16""}",FORECAST_GEOLOGICAL_CONDITION,true,true,false,,EXPRESSIBLE,doc_99cb24b0b45c767bece0fac1_e0002,"{""attribute_name"":""joint_development"",""normalized_value"":""节理裂隙发育"",""source_evidence_id"":""doc_99cb24b0b45c767bece0fac1_e0002""}",,,,null,knowledge_revision_event_cd244d1e0ff87b6d3c2d9d94,FORWARD_ATTENTION_CELL,false,OPPORTUNITY_ADDED,2023-12-16,false
false,false,cell_45e09953a5ddef4462c0a147,"{""attribute_name"":""joint_development"",""base_stage3a_state_version_id"":""state_version_9d93db590e3e8b8b30b873c4"",""cell_id"":""cell_45e09953a5ddef4462c0a147"",""claim_type"":""FORECAST_GEOLOGICAL_CONDITION"",""source_evidence_id"":""doc_99cb24b0b45c767bece0fac1_e0003"",""source_kind"":""GEOLOGICAL_EVIDENCE"",""state_role"":""FORWARD_ATTENTION_CELL"",""valid_date"":""2023-12-16""}",FORECAST_GEOLOGICAL_CONDITION,true,true,false,,EXPRESSIBLE,doc_99cb24b0b45c767bece0fac1_e0003,"{""attribute_name"":""joint_development"",""normalized_value"":""节理裂隙发育密集"",""source_evidence_id"":""doc_99cb24b0b45c767bece0fac1_e0003""}",,,,null,knowledge_revision_event_cd244d1e0ff87b6d3c2d9d94,FORWARD_ATTENTION_CELL,false,OPPORTUNITY_ADDED,2023-12-16,false
false,false,cell_45e09953a5ddef4462c0a147,"{""attribute_name"":""joint_development"",""base_stage3a_state_version_id"":""state_version_9d93db590e3e8b8b30b873c4"",""cell_id"":""cell_45e09953a5ddef4462c0a147"",""claim_type"":""FORECAST_GEOLOGICAL_CONDITION"",""source_evidence_id"":""doc_c6033d47fac60b63875a730d_e0002"",""source_kind"":""GEOLOGICAL_EVIDENCE"",""state_role"":""FORWARD_ATTENTION_CELL"",""valid_date"":""2023-12-16""}",FORECAST_GEOLOGICAL_CONDITION,false,false,false,,EXPRESSIBLE,doc_c6033d47fac60b63875a730d_e0002,"{""attribute_name"":""joint_development"",""normalized_value"":""节理裂隙发育"",""source_evidence_id"":""doc_c6033d47fac60b63875a730d_e0002""}",,EXPRESSIBLE,doc_c6033d47fac60b63875a730d_e0002,"{""attribute_name"":""joint_development"",""normalized_value"":""节理裂隙发育"",""source_evidence_id"":""doc_c6033d47fac60b63875a730d_e0002""}",knowledge_revision_event_cd244d1e0ff87b6d3c2d9d94,FORWARD_ATTENTION_CELL,false,UNCHANGED_EXPRESSIBLE,2023-12-16,true
false,false,cell_45e09953a5ddef4462c0a147,"{""attribute_name"":""lithology"",""base_stage3a_state_version_id"":""state_version_9d93db590e3e8b8b30b873c4"",""cell_id"":""cell_45e09953a5ddef4462c0a147"",""claim_type"":""FORECAST_GEOLOGICAL_CONDITION"",""source_evidence_id"":""doc_99cb24b0b45c767bece0fac1_e0002"",""source_kind"":""GEOLOGICAL_EVIDENCE"",""state_role"":""FORWARD_ATTENTION_CELL"",""valid_date"":""2023-12-16""}",FORECAST_GEOLOGICAL_CONDITION,true,true,false,,EXPRESSIBLE,doc_99cb24b0b45c767bece0fac1_e0002,"{""attribute_name"":""lithology"",""normalized_value"":""板岩夹变质砂岩"",""source_evidence_id"":""doc_99cb24b0b45c767bece0fac1_e0002""}",,,,null,knowledge_revision_event_cd244d1e0ff87b6d3c2d9d94,FORWARD_ATTENTION_CELL,false,OPPORTUNITY_ADDED,2023-12-16,false
false,false,cell_45e09953a5ddef4462c0a147,"{""attribute_name"":""lithology"",""base_stage3a_state_version_id"":""state_version_9d93db590e3e8b8b30b873c4"",""cell_id"":""cell_45e09953a5ddef4462c0a147"",""claim_type"":""FORECAST_GEOLOGICAL_CONDITION"",""source_evidence_id"":""doc_99cb24b0b45c767bece0fac1_e0003"",""source_kind"":""GEOLOGICAL_EVIDENCE"",""state_role"":""FORWARD_ATTENTION_CELL"",""valid_date"":""2023-12-16""}",FORECAST_GEOLOGICAL_CONDITION,true,true,false,,EXPRESSIBLE,doc_99cb24b0b45c767bece0fac1_e0003,"{""attribute_name"":""lithology"",""normalized_value"":""板岩夹变质砂岩"",""source_evidence_id"":""doc_99cb24b0b45c767bece0fac1_e0003""}",,,,null,knowledge_revision_event_cd244d1e0ff87b6d3c2d9d94,FORWARD_ATTENTION_CELL,false,OPPORTUNITY_ADDED,2023-12-16,false
false,false,cell_45e09953a5ddef4462c0a147,"{""attribute_name"":""lithology"",""base_stage3a_state_version_id"":""state_version_9d93db590e3e8b8b30b873c4"",""cell_id"":""cell_45e09953a5ddef4462c0a147"",""claim_type"":""FORECAST_GEOLOGICAL_CONDITION"",""source_evidence_id"":""doc_c6033d47fac60b63875a730d_e0002"",""source_kind"":""GEOLOGICAL_EVIDENCE"",""state_role"":""FORWARD_ATTENTION_CELL"",""valid_date"":""2023-12-16""}",FORECAST_GEOLOGICAL_CONDITION,false,false,false,,EXPRESSIBLE,doc_c6033d47fac60b63875a730d_e0002,"{""attribute_name"":""lithology"",""normalized_value"":""板岩夹变质砂岩"",""source_evidence_id"":""doc_c6033d47fac60b63875a730d_e0002""}",,EXPRESSIBLE,doc_c6033d47fac60b63875a730d_e0002,"{""attribute_name"":""lithology"",""normalized_value"":""板岩夹变质砂岩"",""source_evidence_id"":""doc_c6033d47fac60b63875a730d_e0002""}",knowledge_revision_event_cd244d1e0ff87b6d3c2d9d94,FORWARD_ATTENTION_CELL,false,UNCHANGED_EXPRESSIBLE,2023-12-16,true
false,false,cell_45e09953a5ddef4462c0a147,"{""attribute_name"":""narrative_water_observation"",""base_stage3a_state_version_id"":""state_version_9d93db590e3e8b8b30b873c4"",""cell_id"":""cell_45e09953a5ddef4462c0a147"",""claim_type"":""FORECAST_GEOLOGICAL_CONDITION"",""source_evidence_id"":""doc_c6033d47fac60b63875a730d_e0002"",""source_kind"":""GEOLOGICAL_EVIDENCE"",""state_role"":""FORWARD_ATTENTION_CELL"",""valid_date"":""2023-12-16""}",FORECAST_GEOLOGICAL_CONDITION,false,false,false,,EXPRESSIBLE,doc_c6033d47fac60b63875a730d_e0002,"{""attribute_name"":""narrative_water_observation"",""normalized_value"":""滴渗水"",""source_evidence_id"":""doc_c6033d47fac60b63875a730d_e0002""}",,EXPRESSIBLE,doc_c6033d47fac60b63875a730d_e0002,"{""attribute_name"":""narrative_water_observation"",""normalized_value"":""滴渗水"",""source_evidence_id"":""doc_c6033d47fac60b63875a730d_e0002""}",knowledge_revision_event_cd244d1e0ff87b6d3c2d9d94,FORWARD_ATTENTION_CELL,false,UNCHANGED_EXPRESSIBLE,2023-12-16,true
false,false,cell_45e09953a5ddef4462c0a147,"{""attribute_name"":""risk_hint"",""base_stage3a_state_version_id"":""state_version_9d93db590e3e8b8b30b873c4"",""cell_id"":""cell_45e09953a5ddef4462c0a147"",""claim_type"":""FORECAST_GEOLOGICAL_CONDITION"",""source_evidence_id"":""doc_99cb24b0b45c767bece0fac1_e0002"",""source_kind"":""GEOLOGICAL_EVIDENCE"",""state_role"":""FORWARD_ATTENTION_CELL"",""valid_date"":""2023-12-16""}",FORECAST_GEOLOGICAL_CONDITION,true,true,false,UNKNOWN_SOURCE_VALUE,ABSTAIN,,"{""attribute_name"":""risk_hint"",""normalized_value"":""UNKNOWN"",""source_evidence_id"":""doc_99cb24b0b45c767bece0fac1_e0002""}",,,,null,knowledge_revision_event_cd244d1e0ff87b6d3c2d9d94,FORWARD_ATTENTION_CELL,false,OPPORTUNITY_ADDED,2023-12-16,false
false,false,cell_45e09953a5ddef4462c0a147,"{""attribute_name"":""risk_hint"",""base_stage3a_state_version_id"":""state_version_9d93db590e3e8b8b30b873c4"",""cell_id"":""cell_45e09953a5ddef4462c0a147"",""claim_type"":""FORECAST_GEOLOGICAL_CONDITION"",""source_evidence_id"":""doc_99cb24b0b45c767bece0fac1_e0003"",""source_kind"":""GEOLOGICAL_EVIDENCE"",""state_role"":""FORWARD_ATTENTION_CELL"",""valid_date"":""2023-12-16""}",FORECAST_GEOLOGICAL_CONDITION,true,true,false,,EXPRESSIBLE,doc_99cb24b0b45c767bece0fac1_e0003,"{""attribute_name"":""risk_hint"",""normalized_value"":""里程+448、 +458、+470 附近有掉块 风险"",""source_evidence_id"":""doc_99cb24b0b45c767bece0fac1_e0003""}",,,,null,knowledge_revision_event_cd244d1e0ff87b6d3c2d9d94,FORWARD_ATTENTION_CELL,false,OPPORTUNITY_ADDED,2023-12-16,false
false,false,cell_45e09953a5ddef4462c0a147,"{""attribute_name"":""rock_mass_state"",""base_stage3a_state_version_id"":""state_version_9d93db590e3e8b8b30b873c4"",""cell_id"":""cell_45e09953a5ddef4462c0a147"",""claim_type"":""FORECAST_GEOLOGICAL_CONDITION"",""source_evidence_id"":""doc_99cb24b0b45c767bece0fac1_e0002"",""source_kind"":""GEOLOGICAL_EVIDENCE"",""state_role"":""FORWARD_ATTENTION_CELL"",""valid_date"":""2023-12-16""}",FORECAST_GEOLOGICAL_CONDITION,true,true,false,,EXPRESSIBLE,doc_99cb24b0b45c767bece0fac1_e0002,"{""attribute_name"":""rock_mass_state"",""normalized_value"":""岩体破碎"",""source_evidence_id"":""doc_99cb24b0b45c767bece0fac1_e0002""}",,,,null,knowledge_revision_event_cd244d1e0ff87b6d3c2d9d94,FORWARD_ATTENTION_CELL,false,OPPORTUNITY_ADDED,2023-12-16,false
false,false,cell_45e09953a5ddef4462c0a147,"{""attribute_name"":""rock_mass_state"",""base_stage3a_state_version_id"":""state_version_9d93db590e3e8b8b30b873c4"",""cell_id"":""cell_45e09953a5ddef4462c0a147"",""claim_type"":""FORECAST_GEOLOGICAL_CONDITION"",""source_evidence_id"":""doc_99cb24b0b45c767bece0fac1_e0003"",""source_kind"":""GEOLOGICAL_EVIDENCE"",""state_role"":""FORWARD_ATTENTION_CELL"",""valid_date"":""2023-12-16""}",FORECAST_GEOLOGICAL_CONDITION,true,true,false,,EXPRESSIBLE,doc_99cb24b0b45c767bece0fac1_e0003,"{""attribute_name"":""rock_mass_state"",""normalized_value"":""岩体破碎"",""source_evidence_id"":""doc_99cb24b0b45c767bece0fac1_e0003""}",,,,null,knowledge_revision_event_cd244d1e0ff87b6d3c2d9d94,FORWARD_ATTENTION_CELL,false,OPPORTUNITY_ADDED,2023-12-16,false
false,false,cell_45e09953a5ddef4462c0a147,"{""attribute_name"":""rock_mass_state"",""base_stage3a_state_version_id"":""state_version_9d93db590e3e8b8b30b873c4"",""cell_id"":""cell_45e09953a5ddef4462c0a147"",""claim_type"":""FORECAST_GEOLOGICAL_CONDITION"",""source_evidence_id"":""doc_c6033d47fac60b63875a730d_e0002"",""source_kind"":""GEOLOGICAL_EVIDENCE"",""state_role"":""FORWARD_ATTENTION_CELL"",""valid_date"":""2023-12-16""}",FORECAST_GEOLOGICAL_CONDITION,false,false,false,,EXPRESSIBLE,doc_c6033d47fac60b63875a730d_e0002,"{""attribute_name"":""rock_mass_state"",""normalized_value"":""岩体破碎"",""source_evidence_id"":""doc_c6033d47fac60b63875a730d_e0002""}",,EXPRESSIBLE,doc_c6033d47fac60b63875a730d_e0002,"{""attribute_name"":""rock_mass_state"",""normalized_value"":""岩体破碎"",""source_evidence_id"":""doc_c6033d47fac60b63875a730d_e0002""}",knowledge_revision_event_cd244d1e0ff87b6d3c2d9d94,FORWARD_ATTENTION_CELL,false,UNCHANGED_EXPRESSIBLE,2023-12-16,true
false,false,cell_45e09953a5ddef4462c0a147,"{""attribute_name"":""stability"",""base_stage3a_state_version_id"":""state_version_9d93db590e3e8b8b30b873c4"",""cell_id"":""cell_45e09953a5ddef4462c0a147"",""claim_type"":""FORECAST_GEOLOGICAL_CONDITION"",""source_evidence_id"":""doc_c6033d47fac60b63875a730d_e0002"",""source_kind"":""GEOLOGICAL_EVIDENCE"",""state_role"":""FORWARD_ATTENTION_CELL"",""valid_date"":""2023-12-16""}",FORECAST_GEOLOGICAL_CONDITION,false,false,false,UNKNOWN_SOURCE_VALUE,ABSTAIN,,"{""attribute_name"":""stability"",""normalized_value"":""UNKNOWN"",""source_evidence_id"":""doc_c6033d47fac60b63875a730d_e0002""}",UNKNOWN_SOURCE_VALUE,ABSTAIN,,"{""attribute_name"":""stability"",""normalized_value"":""UNKNOWN"",""source_evidence_id"":""doc_c6033d47fac60b63875a730d_e0002""}",knowledge_revision_event_cd244d1e0ff87b6d3c2d9d94,FORWARD_ATTENTION_CELL,false,UNCHANGED_ABSTAIN,2023-12-16,false
false,false,cell_45e09953a5ddef4462c0a147,"{""attribute_name"":""suggested_grade"",""base_stage3a_state_version_id"":""state_version_9d93db590e3e8b8b30b873c4"",""cell_id"":""cell_45e09953a5ddef4462c0a147"",""claim_type"":""FORECAST_GEOLOGICAL_CONDITION"",""source_evidence_id"":""doc_99cb24b0b45c767bece0fac1_e0002"",""source_kind"":""GEOLOGICAL_EVIDENCE"",""state_role"":""FORWARD_ATTENTION_CELL"",""valid_date"":""2023-12-16""}",FORECAST_GEOLOGICAL_CONDITION,true,true,false,,EXPRESSIBLE,doc_99cb24b0b45c767bece0fac1_e0002,"{""attribute_name"":""suggested_grade"",""normalized_value"":""Ⅳ级"",""source_evidence_id"":""doc_99cb24b0b45c767bece0fac1_e0002""}",,,,null,knowledge_revision_event_cd244d1e0ff87b6d3c2d9d94,FORWARD_ATTENTION_CELL,false,OPPORTUNITY_ADDED,2023-12-16,false
false,false,cell_45e09953a5ddef4462c0a147,"{""attribute_name"":""suggested_grade"",""base_stage3a_state_version_id"":""state_version_9d93db590e3e8b8b30b873c4"",""cell_id"":""cell_45e09953a5ddef4462c0a147"",""claim_type"":""FORECAST_GEOLOGICAL_CONDITION"",""source_evidence_id"":""doc_99cb24b0b45c767bece0fac1_e0003"",""source_kind"":""GEOLOGICAL_EVIDENCE"",""state_role"":""FORWARD_ATTENTION_CELL"",""valid_date"":""2023-12-16""}",FORECAST_GEOLOGICAL_CONDITION,true,true,false,,EXPRESSIBLE,doc_99cb24b0b45c767bece0fac1_e0003,"{""attribute_name"":""suggested_grade"",""normalized_value"":""Ⅳ级"",""source_evidence_id"":""doc_99cb24b0b45c767bece0fac1_e0003""}",,,,null,knowledge_revision_event_cd244d1e0ff87b6d3c2d9d94,FORWARD_ATTENTION_CELL,false,OPPORTUNITY_ADDED,2023-12-16,false
false,false,cell_45e09953a5ddef4462c0a147,"{""attribute_name"":""water_type"",""base_stage3a_state_version_id"":""state_version_9d93db590e3e8b8b30b873c4"",""cell_id"":""cell_45e09953a5ddef4462c0a147"",""claim_type"":""FORECAST_GEOLOGICAL_CONDITION"",""source_evidence_id"":""doc_c6033d47fac60b63875a730d_e0002"",""source_kind"":""GEOLOGICAL_EVIDENCE"",""state_role"":""FORWARD_ATTENTION_CELL"",""valid_date"":""2023-12-16""}",FORECAST_GEOLOGICAL_CONDITION,false,false,false,,EXPRESSIBLE,doc_c6033d47fac60b63875a730d_e0002,"{""attribute_name"":""water_type"",""normalized_value"":""滴渗水"",""source_evidence_id"":""doc_c6033d47fac60b63875a730d_e0002""}",,EXPRESSIBLE,doc_c6033d47fac60b63875a730d_e0002,"{""attribute_name"":""water_type"",""normalized_value"":""滴渗水"",""source_evidence_id"":""doc_c6033d47fac60b63875a730d_e0002""}",knowledge_revision_event_cd244d1e0ff87b6d3c2d9d94,FORWARD_ATTENTION_CELL,false,UNCHANGED_EXPRESSIBLE,2023-12-16,true
false,false,cell_45e09953a5ddef4462c0a147,"{""attribute_name"":""weathering"",""base_stage3a_state_version_id"":""state_version_9d93db590e3e8b8b30b873c4"",""cell_id"":""cell_45e09953a5ddef4462c0a147"",""claim_type"":""FORECAST_GEOLOGICAL_CONDITION"",""source_evidence_id"":""doc_99cb24b0b45c767bece0fac1_e0002"",""source_kind"":""GEOLOGICAL_EVIDENCE"",""state_role"":""FORWARD_ATTENTION_CELL"",""valid_date"":""2023-12-16""}",FORECAST_GEOLOGICAL_CONDITION,true,true,false,,EXPRESSIBLE,doc_99cb24b0b45c767bece0fac1_e0002,"{""attribute_name"":""weathering"",""normalized_value"":""弱风化"",""source_evidence_id"":""doc_99cb24b0b45c767bece0fac1_e0002""}",,,,null,knowledge_revision_event_cd244d1e0ff87b6d3c2d9d94,FORWARD_ATTENTION_CELL,false,OPPORTUNITY_ADDED,2023-12-16,false
false,false,cell_45e09953a5ddef4462c0a147,"{""attribute_name"":""weathering"",""base_stage3a_state_version_id"":""state_version_9d93db590e3e8b8b30b873c4"",""cell_id"":""cell_45e09953a5ddef4462c0a147"",""claim_type"":""FORECAST_GEOLOGICAL_CONDITION"",""source_evidence_id"":""doc_99cb24b0b45c767bece0fac1_e0003"",""source_kind"":""GEOLOGICAL_EVIDENCE"",""state_role"":""FORWARD_ATTENTION_CELL"",""valid_date"":""2023-12-16""}",FORECAST_GEOLOGICAL_CONDITION,true,true,false,,EXPRESSIBLE,doc_99cb24b0b45c767bece0fac1_e0003,"{""attribute_name"":""weathering"",""normalized_value"":""弱风化"",""source_evidence_id"":""doc_99cb24b0b45c767bece0fac1_e0003""}",,,,null,knowledge_revision_event_cd244d1e0ff87b6d3c2d9d94,FORWARD_ATTENTION_CELL,false,OPPORTUNITY_ADDED,2023-12-16,false
false,false,cell_45e09953a5ddef4462c0a147,"{""attribute_name"":""weathering"",""base_stage3a_state_version_id"":""state_version_9d93db590e3e8b8b30b873c4"",""cell_id"":""cell_45e09953a5ddef4462c0a147"",""claim_type"":""FORECAST_GEOLOGICAL_CONDITION"",""source_evidence_id"":""doc_c6033d47fac60b63875a730d_e0002"",""source_kind"":""GEOLOGICAL_EVIDENCE"",""state_role"":""FORWARD_ATTENTION_CELL"",""valid_date"":""2023-12-16""}",FORECAST_GEOLOGICAL_CONDITION,false,false,false,,EXPRESSIBLE,doc_c6033d47fac60b63875a730d_e0002,"{""attribute_name"":""weathering"",""normalized_value"":""弱风化"",""source_evidence_id"":""doc_c6033d47fac60b63875a730d_e0002""}",,EXPRESSIBLE,doc_c6033d47fac60b63875a730d_e0002,"{""attribute_name"":""weathering"",""normalized_value"":""弱风化"",""source_evidence_id"":""doc_c6033d47fac60b63875a730d_e0002""}",knowledge_revision_event_cd244d1e0ff87b6d3c2d9d94,FORWARD_ATTENTION_CELL,false,UNCHANGED_EXPRESSIBLE,2023-12-16,true
false,true,cell_45e09953a5ddef4462c0a147,"{""base_stage3a_state_version_id"":""state_version_9d93db590e3e8b8b30b873c4"",""cell_id"":""cell_45e09953a5ddef4462c0a147"",""claim_type"":""FORWARD_GEOLOGICAL_ATTENTION"",""metric_name"":""GRS"",""source_kind"":""STATE_GRS"",""state_role"":""FORWARD_ATTENTION_CELL"",""valid_date"":""2023-12-16""}",FORWARD_GEOLOGICAL_ATTENTION,false,false,false,,EXPRESSIBLE,state_grs_eb3e9dd0fa0f2d2f85676957,"{""is_causal_estimate"":false,""is_hazard_probability"":false,""is_probability"":false,""metric_name"":""GRS"",""metric_semantics"":""FORWARD_GEOLOGICAL_EVIDENCE_ATTENTION_INDEX"",""metric_status"":""AVAILABLE"",""metric_value"":0.7472222222222222}",,EXPRESSIBLE,state_grs_040bff54528a76e4e1ec8994,"{""is_causal_estimate"":false,""is_hazard_probability"":false,""is_probability"":false,""metric_name"":""GRS"",""metric_semantics"":""FORWARD_GEOLOGICAL_EVIDENCE_ATTENTION_INDEX"",""metric_status"":""AVAILABLE"",""metric_value"":0.58}",knowledge_revision_event_cd244d1e0ff87b6d3c2d9d94,FORWARD_ATTENTION_CELL,true,CLAIM_VALUE_CHANGED,2023-12-16,false
false,false,cell_45e09953a5ddef4462c0a147,"{""base_stage3a_state_version_id"":""state_version_9d93db590e3e8b8b30b873c4"",""cell_id"":""cell_45e09953a5ddef4462c0a147"",""claim_type"":""OPERATIONAL_RESPONSE_ATTENTION"",""metric_name"":""RAI"",""source_kind"":""STATE_RAI"",""state_role"":""FORWARD_ATTENTION_CELL"",""valid_date"":""2023-12-16""}",OPERATIONAL_RESPONSE_ATTENTION,false,false,false,STATE_ROLE_NOT_ALLOWED,ABSTAIN,,null,STATE_ROLE_NOT_ALLOWED,ABSTAIN,,null,knowledge_revision_event_cd244d1e0ff87b6d3c2d9d94,FORWARD_ATTENTION_CELL,false,UNCHANGED_ABSTAIN,2023-12-16,false
false,false,cell_146050071152b2bd18f8a541,"{""attribute_name"":""anomaly_level"",""base_stage3a_state_version_id"":""state_version_bec9c660a35f1de6b810c9dd"",""cell_id"":""cell_146050071152b2bd18f8a541"",""claim_type"":""FORECAST_GEOLOGICAL_CONDITION"",""source_evidence_id"":""doc_28d57b5baaf883772b83b6e8_e0003"",""source_kind"":""GEOLOGICAL_EVIDENCE"",""state_role"":""DAILY_REVIEW_CELL"",""valid_date"":""2023-11-05""}",FORECAST_GEOLOGICAL_CONDITION,false,false,false,,EXPRESSIBLE,doc_28d57b5baaf883772b83b6e8_e0003,"{""attribute_name"":""anomaly_level"",""normalized_value"":""MODERATE"",""source_evidence_id"":""doc_28d57b5baaf883772b83b6e8_e0003""}",,EXPRESSIBLE,doc_28d57b5baaf883772b83b6e8_e0003,"{""attribute_name"":""anomaly_level"",""normalized_value"":""MODERATE"",""source_evidence_id"":""doc_28d57b5baaf883772b83b6e8_e0003""}",knowledge_revision_event_cf61ccb51e3d5a3955e852c6,DAILY_REVIEW_CELL,false,UNCHANGED_EXPRESSIBLE,2023-11-05,true
false,false,cell_146050071152b2bd18f8a541,"{""attribute_name"":""anomaly_level"",""base_stage3a_state_version_id"":""state_version_bec9c660a35f1de6b810c9dd"",""cell_id"":""cell_146050071152b2bd18f8a541"",""claim_type"":""FORECAST_GEOLOGICAL_CONDITION"",""source_evidence_id"":""doc_28d57b5baaf883772b83b6e8_e0004"",""source_kind"":""GEOLOGICAL_EVIDENCE"",""state_role"":""DAILY_REVIEW_CELL"",""valid_date"":""2023-11-05""}",FORECAST_GEOLOGICAL_CONDITION,false,false,false,UNKNOWN_SOURCE_VALUE,ABSTAIN,,"{""attribute_name"":""anomaly_level"",""normalized_value"":""NONE"",""source_evidence_id"":""doc_28d57b5baaf883772b83b6e8_e0004""}",UNKNOWN_SOURCE_VALUE,ABSTAIN,,"{""attribute_name"":""anomaly_level"",""normalized_value"":""NONE"",""source_evidence_id"":""doc_28d57b5baaf883772b83b6e8_e0004""}",knowledge_revision_event_cf61ccb51e3d5a3955e852c6,DAILY_REVIEW_CELL,false,UNCHANGED_ABSTAIN,2023-11-05,false
false,false,cell_146050071152b2bd18f8a541,"{""attribute_name"":""anomaly_level"",""base_stage3a_state_version_id"":""state_version_bec9c660a35f1de6b810c9dd"",""cell_id"":""cell_146050071152b2bd18f8a541"",""claim_type"":""FORECAST_GEOLOGICAL_CONDITION"",""source_evidence_id"":""doc_a1ca08b3f141763f45863a07_e0002"",""source_kind"":""GEOLOGICAL_EVIDENCE"",""state_role"":""DAILY_REVIEW_CELL"",""valid_date"":""2023-11-05""}",FORECAST_GEOLOGICAL_CONDITION,true,true,false,UNKNOWN_SOURCE_VALUE,ABSTAIN,,"{""attribute_name"":""anomaly_level"",""normalized_value"":""NONE"",""source_evidence_id"":""doc_a1ca08b3f141763f45863a07_e0002""}",,,,null,knowledge_revision_event_cf61ccb51e3d5a3955e852c6,DAILY_REVIEW_CELL,false,OPPORTUNITY_ADDED,2023-11-05,false
false,false,cell_146050071152b2bd18f8a541,"{""attribute_name"":""geological_conclusion"",""base_stage3a_state_version_id"":""state_version_bec9c660a35f1de6b810c9dd"",""cell_id"":""cell_146050071152b2bd18f8a541"",""claim_type"":""FORECAST_GEOLOGICAL_CONDITION"",""source_evidence_id"":""doc_28d57b5baaf883772b83b6e8_e0003"",""source_kind"":""GEOLOGICAL_EVIDENCE"",""state_role"":""DAILY_REVIEW_CELL"",""valid_date"":""2023-11-05""}",FORECAST_GEOLOGICAL_CONDITION,false,false,false,,EXPRESSIBLE,doc_28d57b5baaf883772b83b6e8_e0003,"{""attribute_name"":""geological_conclusion"",""normalized_value"":""该段围岩较前段变差。岩性为板 岩夹变质砂岩，弱风化，岩质软 硬不均，节理裂隙发育密集，岩 体破碎-极破碎，围岩整体稳定性 差"",""source_evidence_id"":""doc_28d57b5baaf883772b83b6e8_e0003""}",,EXPRESSIBLE,doc_28d57b5baaf883772b83b6e8_e0003,"{""attribute_name"":""geological_conclusion"",""normalized_value"":""该段围岩较前段变差。岩性为板 岩夹变质砂岩，弱风化，岩质软 硬不均，节理裂隙发育密集，岩 体破碎-极破碎，围岩整体稳定性 差"",""source_evidence_id"":""doc_28d57b5baaf883772b83b6e8_e0003""}",knowledge_revision_event_cf61ccb51e3d5a3955e852c6,DAILY_REVIEW_CELL,false,UNCHANGED_EXPRESSIBLE,2023-11-05,true
false,false,cell_146050071152b2bd18f8a541,"{""attribute_name"":""geological_conclusion"",""base_stage3a_state_version_id"":""state_version_bec9c660a35f1de6b810c9dd"",""cell_id"":""cell_146050071152b2bd18f8a541"",""claim_type"":""FORECAST_GEOLOGICAL_CONDITION"",""source_evidence_id"":""doc_28d57b5baaf883772b83b6e8_e0004"",""source_kind"":""GEOLOGICAL_EVIDENCE"",""state_role"":""DAILY_REVIEW_CELL"",""valid_date"":""2023-11-05""}",FORECAST_GEOLOGICAL_CONDITION,false,false,false,,EXPRESSIBLE,doc_28d57b5baaf883772b83b6e8_e0004,"{""attribute_name"":""geological_conclusion"",""normalized_value"":""该段围岩较前段稍变好。岩性为 板岩夹变质砂岩，弱风化，岩质 软硬不均，节理裂隙发育，岩体 破碎，围岩整体稳定性较差"",""source_evidence_id"":""doc_28d57b5baaf883772b83b6e8_e0004""}",,EXPRESSIBLE,doc_28d57b5baaf883772b83b6e8_e0004,"{""attribute_name"":""geological_conclusion"",""normalized_value"":""该段围岩较前段稍变好。岩性为 板岩夹变质砂岩，弱风化，岩质 软硬不均，节理裂隙发育，岩体 破碎，围岩整体稳定性较差"",""source_evidence_id"":""doc_28d57b5baaf883772b83b6e8_e0004""}",knowledge_revision_event_cf61ccb51e3d5a3955e852c6,DAILY_REVIEW_CELL,false,UNCHANGED_EXPRESSIBLE,2023-11-05,true
false,false,cell_146050071152b2bd18f8a541,"{""attribute_name"":""geological_conclusion"",""base_stage3a_state_version_id"":""state_version_bec9c660a35f1de6b810c9dd"",""cell_id"":""cell_146050071152b2bd18f8a541"",""claim_type"":""FORECAST_GEOLOGICAL_CONDITION"",""source_evidence_id"":""doc_a1ca08b3f141763f45863a07_e0002"",""source_kind"":""GEOLOGICAL_EVIDENCE"",""state_role"":""DAILY_REVIEW_CELL"",""valid_date"":""2023-11-05""}",FORECAST_GEOLOGICAL_CONDITION,true,true,false,,EXPRESSIBLE,doc_a1ca08b3f141763f45863a07_e0002,"{""attribute_name"":""geological_conclusion"",""normalized_value"":""该段围岩与当前掌子面相当。岩 性为板岩夹变质砂岩，弱风化， 岩质软硬不均，节理裂隙较发育， 岩体较破碎。"",""source_evidence_id"":""doc_a1ca08b3f141763f45863a07_e0002""}",,,,null,knowledge_revision_event_cf61ccb51e3d5a3955e852c6,DAILY_REVIEW_CELL,false,OPPORTUNITY_ADDED,2023-11-05,false
false,false,cell_146050071152b2bd18f8a541,"{""attribute_name"":""geological_description"",""base_stage3a_state_version_id"":""state_version_bec9c660a35f1de6b810c9dd"",""cell_id"":""cell_146050071152b2bd18f8a541"",""claim_type"":""OBSERVED_GEOLOGICAL_CONDITION"",""source_evidence_id"":""doc_a1ca08b3f141763f45863a07_e0001"",""source_kind"":""GEOLOGICAL_EVIDENCE"",""state_role"":""DAILY_REVIEW_CELL"",""valid_date"":""2023-11-05""}",OBSERVED_GEOLOGICAL_CONDITION,true,true,false,,EXPRESSIBLE,doc_a1ca08b3f141763f45863a07_e0001,"{""attribute_name"":""geological_description"",""normalized_value"":""开挖面 地质概况 当前掌子面地层岩性为石炭二叠系板岩夹变质砂岩，围岩整体弱风化，岩 质软硬不均，节理裂隙较发育，岩体较破碎，裂隙层间结合度差，有滴渗水， 围岩自稳性较差。"",""source_evidence_id"":""doc_a1ca08b3f141763f45863a07_e0001""}",,,,null,knowledge_revision_event_cf61ccb51e3d5a3955e852c6,DAILY_REVIEW_CELL,false,OPPORTUNITY_ADDED,2023-11-05,false
false,false,cell_146050071152b2bd18f8a541,"{""attribute_name"":""joint_development"",""base_stage3a_state_version_id"":""state_version_bec9c660a35f1de6b810c9dd"",""cell_id"":""cell_146050071152b2bd18f8a541"",""claim_type"":""FORECAST_GEOLOGICAL_CONDITION"",""source_evidence_id"":""doc_28d57b5baaf883772b83b6e8_e0003"",""source_kind"":""GEOLOGICAL_EVIDENCE"",""state_role"":""DAILY_REVIEW_CELL"",""valid_date"":""2023-11-05""}",FORECAST_GEOLOGICAL_CONDITION,false,false,false,,EXPRESSIBLE,doc_28d57b5baaf883772b83b6e8_e0003,"{""attribute_name"":""joint_development"",""normalized_value"":""节理裂隙发育密集"",""source_evidence_id"":""doc_28d57b5baaf883772b83b6e8_e0003""}",,EXPRESSIBLE,doc_28d57b5baaf883772b83b6e8_e0003,"{""attribute_name"":""joint_development"",""normalized_value"":""节理裂隙发育密集"",""source_evidence_id"":""doc_28d57b5baaf883772b83b6e8_e0003""}",knowledge_revision_event_cf61ccb51e3d5a3955e852c6,DAILY_REVIEW_CELL,false,UNCHANGED_EXPRESSIBLE,2023-11-05,true
false,false,cell_146050071152b2bd18f8a541,"{""attribute_name"":""joint_development"",""base_stage3a_state_version_id"":""state_version_bec9c660a35f1de6b810c9dd"",""cell_id"":""cell_146050071152b2bd18f8a541"",""claim_type"":""FORECAST_GEOLOGICAL_CONDITION"",""source_evidence_id"":""doc_28d57b5baaf883772b83b6e8_e0004"",""source_kind"":""GEOLOGICAL_EVIDENCE"",""state_role"":""DAILY_REVIEW_CELL"",""valid_date"":""2023-11-05""}",FORECAST_GEOLOGICAL_CONDITION,false,false,false,,EXPRESSIBLE,doc_28d57b5baaf883772b83b6e8_e0004,"{""attribute_name"":""joint_development"",""normalized_value"":""节理裂隙发育"",""source_evidence_id"":""doc_28d57b5baaf883772b83b6e8_e0004""}",,EXPRESSIBLE,doc_28d57b5baaf883772b83b6e8_e0004,"{""attribute_name"":""joint_development"",""normalized_value"":""节理裂隙发育"",""source_evidence_id"":""doc_28d57b5baaf883772b83b6e8_e0004""}",knowledge_revision_event_cf61ccb51e3d5a3955e852c6,DAILY_REVIEW_CELL,false,UNCHANGED_EXPRESSIBLE,2023-11-05,true
false,false,cell_146050071152b2bd18f8a541,"{""attribute_name"":""joint_development"",""base_stage3a_state_version_id"":""state_version_bec9c660a35f1de6b810c9dd"",""cell_id"":""cell_146050071152b2bd18f8a541"",""claim_type"":""FORECAST_GEOLOGICAL_CONDITION"",""source_evidence_id"":""doc_a1ca08b3f141763f45863a07_e0002"",""source_kind"":""GEOLOGICAL_EVIDENCE"",""state_role"":""DAILY_REVIEW_CELL"",""valid_date"":""2023-11-05""}",FORECAST_GEOLOGICAL_CONDITION,true,true,false,,EXPRESSIBLE,doc_a1ca08b3f141763f45863a07_e0002,"{""attribute_name"":""joint_development"",""normalized_value"":""节理裂隙较发育"",""source_evidence_id"":""doc_a1ca08b3f141763f45863a07_e0002""}",,,,null,knowledge_revision_event_cf61ccb51e3d5a3955e852c6,DAILY_REVIEW_CELL,false,OPPORTUNITY_ADDED,2023-11-05,false
false,false,cell_146050071152b2bd18f8a541,"{""attribute_name"":""lithology"",""base_stage3a_state_version_id"":""state_version_bec9c660a35f1de6b810c9dd"",""cell_id"":""cell_146050071152b2bd18f8a541"",""claim_type"":""FORECAST_GEOLOGICAL_CONDITION"",""source_evidence_id"":""doc_28d57b5baaf883772b83b6e8_e0003"",""source_kind"":""GEOLOGICAL_EVIDENCE"",""state_role"":""DAILY_REVIEW_CELL"",""valid_date"":""2023-11-05""}",FORECAST_GEOLOGICAL_CONDITION,false,false,false,,EXPRESSIBLE,doc_28d57b5baaf883772b83b6e8_e0003,"{""attribute_name"":""lithology"",""normalized_value"":""板岩夹变质砂岩"",""source_evidence_id"":""doc_28d57b5baaf883772b83b6e8_e0003""}",,EXPRESSIBLE,doc_28d57b5baaf883772b83b6e8_e0003,"{""attribute_name"":""lithology"",""normalized_value"":""板岩夹变质砂岩"",""source_evidence_id"":""doc_28d57b5baaf883772b83b6e8_e0003""}",knowledge_revision_event_cf61ccb51e3d5a3955e852c6,DAILY_REVIEW_CELL,false,UNCHANGED_EXPRESSIBLE,2023-11-05,true
false,false,cell_146050071152b2bd18f8a541,"{""attribute_name"":""lithology"",""base_stage3a_state_version_id"":""state_version_bec9c660a35f1de6b810c9dd"",""cell_id"":""cell_146050071152b2bd18f8a541"",""claim_type"":""FORECAST_GEOLOGICAL_CONDITION"",""source_evidence_id"":""doc_28d57b5baaf883772b83b6e8_e0004"",""source_kind"":""GEOLOGICAL_EVIDENCE"",""state_role"":""DAILY_REVIEW_CELL"",""valid_date"":""2023-11-05""}",FORECAST_GEOLOGICAL_CONDITION,false,false,false,,EXPRESSIBLE,doc_28d57b5baaf883772b83b6e8_e0004,"{""attribute_name"":""lithology"",""normalized_value"":""板岩夹变质砂岩"",""source_evidence_id"":""doc_28d57b5baaf883772b83b6e8_e0004""}",,EXPRESSIBLE,doc_28d57b5baaf883772b83b6e8_e0004,"{""attribute_name"":""lithology"",""normalized_value"":""板岩夹变质砂岩"",""source_evidence_id"":""doc_28d57b5baaf883772b83b6e8_e0004""}",knowledge_revision_event_cf61ccb51e3d5a3955e852c6,DAILY_REVIEW_CELL,false,UNCHANGED_EXPRESSIBLE,2023-11-05,true
false,false,cell_146050071152b2bd18f8a541,"{""attribute_name"":""lithology"",""base_stage3a_state_version_id"":""state_version_bec9c660a35f1de6b810c9dd"",""cell_id"":""cell_146050071152b2bd18f8a541"",""claim_type"":""FORECAST_GEOLOGICAL_CONDITION"",""source_evidence_id"":""doc_a1ca08b3f141763f45863a07_e0002"",""source_kind"":""GEOLOGICAL_EVIDENCE"",""state_role"":""DAILY_REVIEW_CELL"",""valid_date"":""2023-11-05""}",FORECAST_GEOLOGICAL_CONDITION,true,true,false,,EXPRESSIBLE,doc_a1ca08b3f141763f45863a07_e0002,"{""attribute_name"":""lithology"",""normalized_value"":""板岩夹变质砂岩"",""source_evidence_id"":""doc_a1ca08b3f141763f45863a07_e0002""}",,,,null,knowledge_revision_event_cf61ccb51e3d5a3955e852c6,DAILY_REVIEW_CELL,false,OPPORTUNITY_ADDED,2023-11-05,false
false,false,cell_146050071152b2bd18f8a541,"{""attribute_name"":""lithology"",""base_stage3a_state_version_id"":""state_version_bec9c660a35f1de6b810c9dd"",""cell_id"":""cell_146050071152b2bd18f8a541"",""claim_type"":""OBSERVED_GEOLOGICAL_CONDITION"",""source_evidence_id"":""doc_a1ca08b3f141763f45863a07_e0001"",""source_kind"":""GEOLOGICAL_EVIDENCE"",""state_role"":""DAILY_REVIEW_CELL"",""valid_date"":""2023-11-05""}",OBSERVED_GEOLOGICAL_CONDITION,true,true,false,,EXPRESSIBLE,doc_a1ca08b3f141763f45863a07_e0001,"{""attribute_name"":""lithology"",""normalized_value"":""板岩夹变质砂岩"",""source_evidence_id"":""doc_a1ca08b3f141763f45863a07_e0001""}",,,,null,knowledge_revision_event_cf61ccb51e3d5a3955e852c6,DAILY_REVIEW_CELL,false,OPPORTUNITY_ADDED,2023-11-05,false
false,false,cell_146050071152b2bd18f8a541,"{""attribute_name"":""risk_hint"",""base_stage3a_state_version_id"":""state_version_bec9c660a35f1de6b810c9dd"",""cell_id"":""cell_146050071152b2bd18f8a541"",""claim_type"":""FORECAST_GEOLOGICAL_CONDITION"",""source_evidence_id"":""doc_28d57b5baaf883772b83b6e8_e0003"",""source_kind"":""GEOLOGICAL_EVIDENCE"",""state_role"":""DAILY_REVIEW_CELL"",""valid_date"":""2023-11-05""}",FORECAST_GEOLOGICAL_CONDITION,false,false,false,,EXPRESSIBLE,doc_28d57b5baaf883772b83b6e8_e0003,"{""attribute_name"":""risk_hint"",""normalized_value"":""里程+886、 +905、+910、 +919 附近有 掉块风险"",""source_evidence_id"":""doc_28d57b5baaf883772b83b6e8_e0003""}",,EXPRESSIBLE,doc_28d57b5baaf883772b83b6e8_e0003,"{""attribute_name"":""risk_hint"",""normalized_value"":""里程+886、 +905、+910、 +919 附近有 掉块风险"",""source_evidence_id"":""doc_28d57b5baaf883772b83b6e8_e0003""}",knowledge_revision_event_cf61ccb51e3d5a3955e852c6,DAILY_REVIEW_CELL,false,UNCHANGED_EXPRESSIBLE,2023-11-05,true
false,false,cell_146050071152b2bd18f8a541,"{""attribute_name"":""risk_hint"",""base_stage3a_state_version_id"":""state_version_bec9c660a35f1de6b810c9dd"",""cell_id"":""cell_146050071152b2bd18f8a541"",""claim_type"":""FORECAST_GEOLOGICAL_CONDITION"",""source_evidence_id"":""doc_28d57b5baaf883772b83b6e8_e0004"",""source_kind"":""GEOLOGICAL_EVIDENCE"",""state_role"":""DAILY_REVIEW_CELL"",""valid_date"":""2023-11-05""}",FORECAST_GEOLOGICAL_CONDITION,false,false,false,UNKNOWN_SOURCE_VALUE,ABSTAIN,,"{""attribute_name"":""risk_hint"",""normalized_value"":""UNKNOWN"",""source_evidence_id"":""doc_28d57b5baaf883772b83b6e8_e0004""}",UNKNOWN_SOURCE_VALUE,ABSTAIN,,"{""attribute_name"":""risk_hint"",""normalized_value"":""UNKNOWN"",""source_evidence_id"":""doc_28d57b5baaf883772b83b6e8_e0004""}",knowledge_revision_event_cf61ccb51e3d5a3955e852c6,DAILY_REVIEW_CELL,false,UNCHANGED_ABSTAIN,2023-11-05,false
false,false,cell_146050071152b2bd18f8a541,"{""attribute_name"":""risk_hint"",""base_stage3a_state_version_id"":""state_version_bec9c660a35f1de6b810c9dd"",""cell_id"":""cell_146050071152b2bd18f8a541"",""claim_type"":""FORECAST_GEOLOGICAL_CONDITION"",""source_evidence_id"":""doc_a1ca08b3f141763f45863a07_e0002"",""source_kind"":""GEOLOGICAL_EVIDENCE"",""state_role"":""DAILY_REVIEW_CELL"",""valid_date"":""2023-11-05""}",FORECAST_GEOLOGICAL_CONDITION,true,true,false,UNKNOWN_SOURCE_VALUE,ABSTAIN,,"{""attribute_name"":""risk_hint"",""normalized_value"":""UNKNOWN"",""source_evidence_id"":""doc_a1ca08b3f141763f45863a07_e0002""}",,,,null,knowledge_revision_event_cf61ccb51e3d5a3955e852c6,DAILY_REVIEW_CELL,false,OPPORTUNITY_ADDED,2023-11-05,false
false,false,cell_146050071152b2bd18f8a541,"{""attribute_name"":""rock_mass_state"",""base_stage3a_state_version_id"":""state_version_bec9c660a35f1de6b810c9dd"",""cell_id"":""cell_146050071152b2bd18f8a541"",""claim_type"":""FORECAST_GEOLOGICAL_CONDITION"",""source_evidence_id"":""doc_28d57b5baaf883772b83b6e8_e0003"",""source_kind"":""GEOLOGICAL_EVIDENCE"",""state_role"":""DAILY_REVIEW_CELL"",""valid_date"":""2023-11-05""}",FORECAST_GEOLOGICAL_CONDITION,false,false,false,,EXPRESSIBLE,doc_28d57b5baaf883772b83b6e8_e0003,"{""attribute_name"":""rock_mass_state"",""normalized_value"":""岩体破碎-极破碎"",""source_evidence_id"":""doc_28d57b5baaf883772b83b6e8_e0003""}",,EXPRESSIBLE,doc_28d57b5baaf883772b83b6e8_e0003,"{""attribute_name"":""rock_mass_state"",""normalized_value"":""岩体破碎-极破碎"",""source_evidence_id"":""doc_28d57b5baaf883772b83b6e8_e0003""}",knowledge_revision_event_cf61ccb51e3d5a3955e852c6,DAILY_REVIEW_CELL,false,UNCHANGED_EXPRESSIBLE,2023-11-05,true
false,false,cell_146050071152b2bd18f8a541,"{""attribute_name"":""rock_mass_state"",""base_stage3a_state_version_id"":""state_version_bec9c660a35f1de6b810c9dd"",""cell_id"":""cell_146050071152b2bd18f8a541"",""claim_type"":""FORECAST_GEOLOGICAL_CONDITION"",""source_evidence_id"":""doc_28d57b5baaf883772b83b6e8_e0004"",""source_kind"":""GEOLOGICAL_EVIDENCE"",""state_role"":""DAILY_REVIEW_CELL"",""valid_date"":""2023-11-05""}",FORECAST_GEOLOGICAL_CONDITION,false,false,false,,EXPRESSIBLE,doc_28d57b5baaf883772b83b6e8_e0004,"{""attribute_name"":""rock_mass_state"",""normalized_value"":""岩体破碎"",""source_evidence_id"":""doc_28d57b5baaf883772b83b6e8_e0004""}",,EXPRESSIBLE,doc_28d57b5baaf883772b83b6e8_e0004,"{""attribute_name"":""rock_mass_state"",""normalized_value"":""岩体破碎"",""source_evidence_id"":""doc_28d57b5baaf883772b83b6e8_e0004""}",knowledge_revision_event_cf61ccb51e3d5a3955e852c6,DAILY_REVIEW_CELL,false,UNCHANGED_EXPRESSIBLE,2023-11-05,true
false,false,cell_146050071152b2bd18f8a541,"{""attribute_name"":""rock_mass_state"",""base_stage3a_state_version_id"":""state_version_bec9c660a35f1de6b810c9dd"",""cell_id"":""cell_146050071152b2bd18f8a541"",""claim_type"":""FORECAST_GEOLOGICAL_CONDITION"",""source_evidence_id"":""doc_a1ca08b3f141763f45863a07_e0002"",""source_kind"":""GEOLOGICAL_EVIDENCE"",""state_role"":""DAILY_REVIEW_CELL"",""valid_date"":""2023-11-05""}",FORECAST_GEOLOGICAL_CONDITION,true,true,false,,EXPRESSIBLE,doc_a1ca08b3f141763f45863a07_e0002,"{""attribute_name"":""rock_mass_state"",""normalized_value"":""岩体较破碎"",""source_evidence_id"":""doc_a1ca08b3f141763f45863a07_e0002""}",,,,null,knowledge_revision_event_cf61ccb51e3d5a3955e852c6,DAILY_REVIEW_CELL,false,OPPORTUNITY_ADDED,2023-11-05,false
false,false,cell_146050071152b2bd18f8a541,"{""attribute_name"":""rock_mass_state"",""base_stage3a_state_version_id"":""state_version_bec9c660a35f1de6b810c9dd"",""cell_id"":""cell_146050071152b2bd18f8a541"",""claim_type"":""OBSERVED_GEOLOGICAL_CONDITION"",""source_evidence_id"":""doc_a1ca08b3f141763f45863a07_e0001"",""source_kind"":""GEOLOGICAL_EVIDENCE"",""state_role"":""DAILY_REVIEW_CELL"",""valid_date"":""2023-11-05""}",OBSERVED_GEOLOGICAL_CONDITION,true,true,false,,EXPRESSIBLE,doc_a1ca08b3f141763f45863a07_e0001,"{""attribute_name"":""rock_mass_state"",""normalized_value"":""岩体较破碎"",""source_evidence_id"":""doc_a1ca08b3f141763f45863a07_e0001""}",,,,null,knowledge_revision_event_cf61ccb51e3d5a3955e852c6,DAILY_REVIEW_CELL,false,OPPORTUNITY_ADDED,2023-11-05,false
false,false,cell_146050071152b2bd18f8a541,"{""attribute_name"":""suggested_grade"",""base_stage3a_state_version_id"":""state_version_bec9c660a35f1de6b810c9dd"",""cell_id"":""cell_146050071152b2bd18f8a541"",""claim_type"":""FORECAST_GEOLOGICAL_CONDITION"",""source_evidence_id"":""doc_28d57b5baaf883772b83b6e8_e0003"",""source_kind"":""GEOLOGICAL_EVIDENCE"",""state_role"":""DAILY_REVIEW_CELL"",""valid_date"":""2023-11-05""}",FORECAST_GEOLOGICAL_CONDITION,false,false,false,,EXPRESSIBLE,doc_28d57b5baaf883772b83b6e8_e0003,"{""attribute_name"":""suggested_grade"",""normalized_value"":""Ⅳ级"",""source_evidence_id"":""doc_28d57b5baaf883772b83b6e8_e0003""}",,EXPRESSIBLE,doc_28d57b5baaf883772b83b6e8_e0003,"{""attribute_name"":""suggested_grade"",""normalized_value"":""Ⅳ级"",""source_evidence_id"":""doc_28d57b5baaf883772b83b6e8_e0003""}",knowledge_revision_event_cf61ccb51e3d5a3955e852c6,DAILY_REVIEW_CELL,false,UNCHANGED_EXPRESSIBLE,2023-11-05,true
false,false,cell_146050071152b2bd18f8a541,"{""attribute_name"":""suggested_grade"",""base_stage3a_state_version_id"":""state_version_bec9c660a35f1de6b810c9dd"",""cell_id"":""cell_146050071152b2bd18f8a541"",""claim_type"":""FORECAST_GEOLOGICAL_CONDITION"",""source_evidence_id"":""doc_28d57b5baaf883772b83b6e8_e0004"",""source_kind"":""GEOLOGICAL_EVIDENCE"",""state_role"":""DAILY_REVIEW_CELL"",""valid_date"":""2023-11-05""}",FORECAST_GEOLOGICAL_CONDITION,false,false,false,,EXPRESSIBLE,doc_28d57b5baaf883772b83b6e8_e0004,"{""attribute_name"":""suggested_grade"",""normalized_value"":""Ⅳ级"",""source_evidence_id"":""doc_28d57b5baaf883772b83b6e8_e0004""}",,EXPRESSIBLE,doc_28d57b5baaf883772b83b6e8_e0004,"{""attribute_name"":""suggested_grade"",""normalized_value"":""Ⅳ级"",""source_evidence_id"":""doc_28d57b5baaf883772b83b6e8_e0004""}",knowledge_revision_event_cf61ccb51e3d5a3955e852c6,DAILY_REVIEW_CELL,false,UNCHANGED_EXPRESSIBLE,2023-11-05,true
false,false,cell_146050071152b2bd18f8a541,"{""attribute_name"":""suggested_grade"",""base_stage3a_state_version_id"":""state_version_bec9c660a35f1de6b810c9dd"",""cell_id"":""cell_146050071152b2bd18f8a541"",""claim_type"":""FORECAST_GEOLOGICAL_CONDITION"",""source_evidence_id"":""doc_a1ca08b3f141763f45863a07_e0002"",""source_kind"":""GEOLOGICAL_EVIDENCE"",""state_role"":""DAILY_REVIEW_CELL"",""valid_date"":""2023-11-05""}",FORECAST_GEOLOGICAL_CONDITION,true,true,false,,EXPRESSIBLE,doc_a1ca08b3f141763f45863a07_e0002,"{""attribute_name"":""suggested_grade"",""normalized_value"":""Ⅲ级"",""source_evidence_id"":""doc_a1ca08b3f141763f45863a07_e0002""}",,,,null,knowledge_revision_event_cf61ccb51e3d5a3955e852c6,DAILY_REVIEW_CELL,false,OPPORTUNITY_ADDED,2023-11-05,false
false,false,cell_146050071152b2bd18f8a541,"{""attribute_name"":""weathering"",""base_stage3a_state_version_id"":""state_version_bec9c660a35f1de6b810c9dd"",""cell_id"":""cell_146050071152b2bd18f8a541"",""claim_type"":""FORECAST_GEOLOGICAL_CONDITION"",""source_evidence_id"":""doc_28d57b5baaf883772b83b6e8_e0003"",""source_kind"":""GEOLOGICAL_EVIDENCE"",""state_role"":""DAILY_REVIEW_CELL"",""valid_date"":""2023-11-05""}",FORECAST_GEOLOGICAL_CONDITION,false,false,false,,EXPRESSIBLE,doc_28d57b5baaf883772b83b6e8_e0003,"{""attribute_name"":""weathering"",""normalized_value"":""弱风化"",""source_evidence_id"":""doc_28d57b5baaf883772b83b6e8_e0003""}",,EXPRESSIBLE,doc_28d57b5baaf883772b83b6e8_e0003,"{""attribute_name"":""weathering"",""normalized_value"":""弱风化"",""source_evidence_id"":""doc_28d57b5baaf883772b83b6e8_e0003""}",knowledge_revision_event_cf61ccb51e3d5a3955e852c6,DAILY_REVIEW_CELL,false,UNCHANGED_EXPRESSIBLE,2023-11-05,true
false,false,cell_146050071152b2bd18f8a541,"{""attribute_name"":""weathering"",""base_stage3a_state_version_id"":""state_version_bec9c660a35f1de6b810c9dd"",""cell_id"":""cell_146050071152b2bd18f8a541"",""claim_type"":""FORECAST_GEOLOGICAL_CONDITION"",""source_evidence_id"":""doc_28d57b5baaf883772b83b6e8_e0004"",""source_kind"":""GEOLOGICAL_EVIDENCE"",""state_role"":""DAILY_REVIEW_CELL"",""valid_date"":""2023-11-05""}",FORECAST_GEOLOGICAL_CONDITION,false,false,false,,EXPRESSIBLE,doc_28d57b5baaf883772b83b6e8_e0004,"{""attribute_name"":""weathering"",""normalized_value"":""弱风化"",""source_evidence_id"":""doc_28d57b5baaf883772b83b6e8_e0004""}",,EXPRESSIBLE,doc_28d57b5baaf883772b83b6e8_e0004,"{""attribute_name"":""weathering"",""normalized_value"":""弱风化"",""source_evidence_id"":""doc_28d57b5baaf883772b83b6e8_e0004""}",knowledge_revision_event_cf61ccb51e3d5a3955e852c6,DAILY_REVIEW_CELL,false,UNCHANGED_EXPRESSIBLE,2023-11-05,true
false,false,cell_146050071152b2bd18f8a541,"{""attribute_name"":""weathering"",""base_stage3a_state_version_id"":""state_version_bec9c660a35f1de6b810c9dd"",""cell_id"":""cell_146050071152b2bd18f8a541"",""claim_type"":""FORECAST_GEOLOGICAL_CONDITION"",""source_evidence_id"":""doc_a1ca08b3f141763f45863a07_e0002"",""source_kind"":""GEOLOGICAL_EVIDENCE"",""state_role"":""DAILY_REVIEW_CELL"",""valid_date"":""2023-11-05""}",FORECAST_GEOLOGICAL_CONDITION,true,true,false,,EXPRESSIBLE,doc_a1ca08b3f141763f45863a07_e0002,"{""attribute_name"":""weathering"",""normalized_value"":""弱风化"",""source_evidence_id"":""doc_a1ca08b3f141763f45863a07_e0002""}",,,,null,knowledge_revision_event_cf61ccb51e3d5a3955e852c6,DAILY_REVIEW_CELL,false,OPPORTUNITY_ADDED,2023-11-05,false
false,false,cell_146050071152b2bd18f8a541,"{""attribute_name"":""weathering"",""base_stage3a_state_version_id"":""state_version_bec9c660a35f1de6b810c9dd"",""cell_id"":""cell_146050071152b2bd18f8a541"",""claim_type"":""OBSERVED_GEOLOGICAL_CONDITION"",""source_evidence_id"":""doc_a1ca08b3f141763f45863a07_e0001"",""source_kind"":""GEOLOGICAL_EVIDENCE"",""state_role"":""DAILY_REVIEW_CELL"",""valid_date"":""2023-11-05""}",OBSERVED_GEOLOGICAL_CONDITION,true,true,false,,EXPRESSIBLE,doc_a1ca08b3f141763f45863a07_e0001,"{""attribute_name"":""weathering"",""normalized_value"":""弱风化"",""source_evidence_id"":""doc_a1ca08b3f141763f45863a07_e0001""}",,,,null,knowledge_revision_event_cf61ccb51e3d5a3955e852c6,DAILY_REVIEW_CELL,false,OPPORTUNITY_ADDED,2023-11-05,false
false,false,cell_146050071152b2bd18f8a541,"{""base_stage3a_state_version_id"":""state_version_bec9c660a35f1de6b810c9dd"",""cell_id"":""cell_146050071152b2bd18f8a541"",""claim_type"":""COUPLED_ATTENTION_REVIEW"",""metric_name"":""GRCI"",""source_kind"":""STATE_GRCI"",""state_role"":""DAILY_REVIEW_CELL"",""valid_date"":""2023-11-05""}",COUPLED_ATTENTION_REVIEW,false,false,false,,EXPRESSIBLE,state_grci_25ff80fffea1aaac846690f5,"{""is_causal_estimate"":false,""is_hazard_probability"":false,""is_probability"":false,""metric_name"":""GRCI"",""metric_semantics"":""NONPROBABILISTIC_CONJUNCTIVE_PRODUCT"",""metric_status"":""AVAILABLE"",""metric_value"":0.6717665111861025}",,EXPRESSIBLE,state_grci_735e8b33f3ac20e74405b731,"{""is_causal_estimate"":false,""is_hazard_probability"":false,""is_probability"":false,""metric_name"":""GRCI"",""metric_semantics"":""NONPROBABILISTIC_CONJUNCTIVE_PRODUCT"",""metric_status"":""AVAILABLE"",""metric_value"":0.6717665111861025}",knowledge_revision_event_cf61ccb51e3d5a3955e852c6,DAILY_REVIEW_CELL,true,RESOLVED_SUPPORT_CHANGED,2023-11-05,false
false,false,cell_146050071152b2bd18f8a541,"{""base_stage3a_state_version_id"":""state_version_bec9c660a35f1de6b810c9dd"",""cell_id"":""cell_146050071152b2bd18f8a541"",""claim_type"":""GEOLOGICAL_EVIDENCE_ATTENTION_REVIEW"",""metric_name"":""GRS"",""source_kind"":""STATE_GRS"",""state_role"":""DAILY_REVIEW_CELL"",""valid_date"":""2023-11-05""}",GEOLOGICAL_EVIDENCE_ATTENTION_REVIEW,false,false,false,,EXPRESSIBLE,state_grs_25ff80fffea1aaac846690f5,"{""is_causal_estimate"":false,""is_hazard_probability"":false,""is_probability"":false,""metric_name"":""GRS"",""metric_semantics"":""GEOLOGICAL_EVIDENCE_ATTENTION_INDEX"",""metric_status"":""AVAILABLE"",""metric_value"":0.8333333333333333}",,EXPRESSIBLE,state_grs_735e8b33f3ac20e74405b731,"{""is_causal_estimate"":false,""is_hazard_probability"":false,""is_probability"":false,""metric_name"":""GRS"",""metric_semantics"":""GEOLOGICAL_EVIDENCE_ATTENTION_INDEX"",""metric_status"":""AVAILABLE"",""metric_value"":0.8333333333333333}",knowledge_revision_event_cf61ccb51e3d5a3955e852c6,DAILY_REVIEW_CELL,true,RESOLVED_SUPPORT_CHANGED,2023-11-05,false
false,false,cell_146050071152b2bd18f8a541,"{""base_stage3a_state_version_id"":""state_version_bec9c660a35f1de6b810c9dd"",""cell_id"":""cell_146050071152b2bd18f8a541"",""claim_type"":""OPERATIONAL_RESPONSE_ATTENTION"",""metric_name"":""RAI"",""source_kind"":""STATE_RAI"",""state_role"":""DAILY_REVIEW_CELL"",""valid_date"":""2023-11-05""}",OPERATIONAL_RESPONSE_ATTENTION,false,false,false,,EXPRESSIBLE,state_rai_25ff80fffea1aaac846690f5,"{""is_causal_estimate"":false,""is_hazard_probability"":false,""is_probability"":false,""metric_name"":""RAI"",""metric_semantics"":""OPERATIONAL_RESPONSE_ATTENTION_INDEX"",""metric_status"":""AVAILABLE"",""metric_value"":0.8061198134233232}",,EXPRESSIBLE,state_rai_735e8b33f3ac20e74405b731,"{""is_causal_estimate"":false,""is_hazard_probability"":false,""is_probability"":false,""metric_name"":""RAI"",""metric_semantics"":""OPERATIONAL_RESPONSE_ATTENTION_INDEX"",""metric_status"":""AVAILABLE"",""metric_value"":0.8061198134233232}",knowledge_revision_event_cf61ccb51e3d5a3955e852c6,DAILY_REVIEW_CELL,false,UNCHANGED_EXPRESSIBLE,2023-11-05,true
false,false,cell_63f0b623e1aa623002144e00,"{""attribute_name"":""anomaly_level"",""base_stage3a_state_version_id"":""state_version_ac19117bfe6fbd03a7d2e2cd"",""cell_id"":""cell_63f0b623e1aa623002144e00"",""claim_type"":""FORECAST_GEOLOGICAL_CONDITION"",""source_evidence_id"":""doc_b84482f2cbc3d64012d7baad_e0002"",""source_kind"":""GEOLOGICAL_EVIDENCE"",""state_role"":""FORWARD_ATTENTION_CELL"",""valid_date"":""2023-12-08""}",FORECAST_GEOLOGICAL_CONDITION,true,true,false,UNKNOWN_SOURCE_VALUE,ABSTAIN,,"{""attribute_name"":""anomaly_level"",""normalized_value"":""NONE"",""source_evidence_id"":""doc_b84482f2cbc3d64012d7baad_e0002""}",,,,null,knowledge_revision_event_d5a58fce1fd2fa3572d5a4bf,FORWARD_ATTENTION_CELL,false,OPPORTUNITY_ADDED,2023-12-08,false
false,false,cell_63f0b623e1aa623002144e00,"{""attribute_name"":""anomaly_level"",""base_stage3a_state_version_id"":""state_version_ac19117bfe6fbd03a7d2e2cd"",""cell_id"":""cell_63f0b623e1aa623002144e00"",""claim_type"":""FORECAST_GEOLOGICAL_CONDITION"",""source_evidence_id"":""doc_b84482f2cbc3d64012d7baad_e0003"",""source_kind"":""GEOLOGICAL_EVIDENCE"",""state_role"":""FORWARD_ATTENTION_CELL"",""valid_date"":""2023-12-08""}",FORECAST_GEOLOGICAL_CONDITION,true,true,false,,EXPRESSIBLE,doc_b84482f2cbc3d64012d7baad_e0003,"{""attribute_name"":""anomaly_level"",""normalized_value"":""MODERATE"",""source_evidence_id"":""doc_b84482f2cbc3d64012d7baad_e0003""}",,,,null,knowledge_revision_event_d5a58fce1fd2fa3572d5a4bf,FORWARD_ATTENTION_CELL,false,OPPORTUNITY_ADDED,2023-12-08,false
false,false,cell_63f0b623e1aa623002144e00,"{""attribute_name"":""anomaly_level"",""base_stage3a_state_version_id"":""state_version_ac19117bfe6fbd03a7d2e2cd"",""cell_id"":""cell_63f0b623e1aa623002144e00"",""claim_type"":""FORECAST_GEOLOGICAL_CONDITION"",""source_evidence_id"":""doc_c19c0e4b52882f445108f4a0_e0006"",""source_kind"":""GEOLOGICAL_EVIDENCE"",""state_role"":""FORWARD_ATTENTION_CELL"",""valid_date"":""2023-12-08""}",FORECAST_GEOLOGICAL_CONDITION,false,false,false,UNKNOWN_SOURCE_VALUE,ABSTAIN,,"{""attribute_name"":""anomaly_level"",""normalized_value"":""NONE"",""source_evidence_id"":""doc_c19c0e4b52882f445108f4a0_e0006""}",UNKNOWN_SOURCE_VALUE,ABSTAIN,,"{""attribute_name"":""anomaly_level"",""normalized_value"":""NONE"",""source_evidence_id"":""doc_c19c0e4b52882f445108f4a0_e0006""}",knowledge_revision_event_d5a58fce1fd2fa3572d5a4bf,FORWARD_ATTENTION_CELL,false,UNCHANGED_ABSTAIN,2023-12-08,false
false,false,cell_63f0b623e1aa623002144e00,"{""attribute_name"":""anomaly_level"",""base_stage3a_state_version_id"":""state_version_ac19117bfe6fbd03a7d2e2cd"",""cell_id"":""cell_63f0b623e1aa623002144e00"",""claim_type"":""FORECAST_GEOLOGICAL_CONDITION"",""source_evidence_id"":""doc_c19c0e4b52882f445108f4a0_e0007"",""source_kind"":""GEOLOGICAL_EVIDENCE"",""state_role"":""FORWARD_ATTENTION_CELL"",""valid_date"":""2023-12-08""}",FORECAST_GEOLOGICAL_CONDITION,false,false,false,,EXPRESSIBLE,doc_c19c0e4b52882f445108f4a0_e0007,"{""attribute_name"":""anomaly_level"",""normalized_value"":""HIGH"",""source_evidence_id"":""doc_c19c0e4b52882f445108f4a0_e0007""}",,EXPRESSIBLE,doc_c19c0e4b52882f445108f4a0_e0007,"{""attribute_name"":""anomaly_level"",""normalized_value"":""HIGH"",""source_evidence_id"":""doc_c19c0e4b52882f445108f4a0_e0007""}",knowledge_revision_event_d5a58fce1fd2fa3572d5a4bf,FORWARD_ATTENTION_CELL,false,UNCHANGED_EXPRESSIBLE,2023-12-08,true
false,false,cell_63f0b623e1aa623002144e00,"{""attribute_name"":""geological_conclusion"",""base_stage3a_state_version_id"":""state_version_ac19117bfe6fbd03a7d2e2cd"",""cell_id"":""cell_63f0b623e1aa623002144e00"",""claim_type"":""FORECAST_GEOLOGICAL_CONDITION"",""source_evidence_id"":""doc_b84482f2cbc3d64012d7baad_e0002"",""source_kind"":""GEOLOGICAL_EVIDENCE"",""state_role"":""FORWARD_ATTENTION_CELL"",""valid_date"":""2023-12-08""}",FORECAST_GEOLOGICAL_CONDITION,true,true,false,,EXPRESSIBLE,doc_b84482f2cbc3d64012d7baad_e0002,"{""attribute_name"":""geological_conclusion"",""normalized_value"":""该段围岩与当前掌子面相当。岩 性为板岩夹变质砂岩，弱风化， 岩质硬，节理裂隙发育，层间结 合差，岩体破碎"",""source_evidence_id"":""doc_b84482f2cbc3d64012d7baad_e0002""}",,,,null,knowledge_revision_event_d5a58fce1fd2fa3572d5a4bf,FORWARD_ATTENTION_CELL,false,OPPORTUNITY_ADDED,2023-12-08,false
false,false,cell_63f0b623e1aa623002144e00,"{""attribute_name"":""geological_conclusion"",""base_stage3a_state_version_id"":""state_version_ac19117bfe6fbd03a7d2e2cd"",""cell_id"":""cell_63f0b623e1aa623002144e00"",""claim_type"":""FORECAST_GEOLOGICAL_CONDITION"",""source_evidence_id"":""doc_b84482f2cbc3d64012d7baad_e0003"",""source_kind"":""GEOLOGICAL_EVIDENCE"",""state_role"":""FORWARD_ATTENTION_CELL"",""valid_date"":""2023-12-08""}",FORECAST_GEOLOGICAL_CONDITION,true,true,false,,EXPRESSIBLE,doc_b84482f2cbc3d64012d7baad_e0003,"{""attribute_name"":""geological_conclusion"",""normalized_value"":""该段围岩较前段变差。岩性为板 岩夹变质砂岩，弱风化，岩质软 硬不均，节理裂隙发育密集，层 间结合差，岩体破碎-极破碎"",""source_evidence_id"":""doc_b84482f2cbc3d64012d7baad_e0003""}",,,,null,knowledge_revision_event_d5a58fce1fd2fa3572d5a4bf,FORWARD_ATTENTION_CELL,false,OPPORTUNITY_ADDED,2023-12-08,false
false,false,cell_63f0b623e1aa623002144e00,"{""attribute_name"":""geological_conclusion"",""base_stage3a_state_version_id"":""state_version_ac19117bfe6fbd03a7d2e2cd"",""cell_id"":""cell_63f0b623e1aa623002144e00"",""claim_type"":""FORECAST_GEOLOGICAL_CONDITION"",""source_evidence_id"":""doc_c19c0e4b52882f445108f4a0_e0006"",""source_kind"":""GEOLOGICAL_EVIDENCE"",""state_role"":""FORWARD_ATTENTION_CELL"",""valid_date"":""2023-12-08""}",FORECAST_GEOLOGICAL_CONDITION,false,false,false,,EXPRESSIBLE,doc_c19c0e4b52882f445108f4a0_e0006,"{""attribute_name"":""geological_conclusion"",""normalized_value"":""该段围岩较前段稍变好。岩性为 板岩夹变质砂岩，弱风化，岩质 硬，节理裂隙发育，岩体破碎。"",""source_evidence_id"":""doc_c19c0e4b52882f445108f4a0_e0006""}",,EXPRESSIBLE,doc_c19c0e4b52882f445108f4a0_e0006,"{""attribute_name"":""geological_conclusion"",""normalized_value"":""该段围岩较前段稍变好。岩性为 板岩夹变质砂岩，弱风化，岩质 硬，节理裂隙发育，岩体破碎。"",""source_evidence_id"":""doc_c19c0e4b52882f445108f4a0_e0006""}",knowledge_revision_event_d5a58fce1fd2fa3572d5a4bf,FORWARD_ATTENTION_CELL,false,UNCHANGED_EXPRESSIBLE,2023-12-08,true
false,false,cell_63f0b623e1aa623002144e00,"{""attribute_name"":""geological_conclusion"",""base_stage3a_state_version_id"":""state_version_ac19117bfe6fbd03a7d2e2cd"",""cell_id"":""cell_63f0b623e1aa623002144e00"",""claim_type"":""FORECAST_GEOLOGICAL_CONDITION"",""source_evidence_id"":""doc_c19c0e4b52882f445108f4a0_e0007"",""source_kind"":""GEOLOGICAL_EVIDENCE"",""state_role"":""FORWARD_ATTENTION_CELL"",""valid_date"":""2023-12-08""}",FORECAST_GEOLOGICAL_CONDITION,false,false,false,,EXPRESSIBLE,doc_c19c0e4b52882f445108f4a0_e0007,"{""attribute_name"":""geological_conclusion"",""normalized_value"":""该段围岩较前段变差。岩性为板 岩夹变质砂岩，弱风化，岩质软 硬不均，节理裂隙发育，岩体破 碎，层间结合差。"",""source_evidence_id"":""doc_c19c0e4b52882f445108f4a0_e0007""}",,EXPRESSIBLE,doc_c19c0e4b52882f445108f4a0_e0007,"{""attribute_name"":""geological_conclusion"",""normalized_value"":""该段围岩较前段变差。岩性为板 岩夹变质砂岩，弱风化，岩质软 硬不均，节理裂隙发育，岩体破 碎，层间结合差。"",""source_evidence_id"":""doc_c19c0e4b52882f445108f4a0_e0007""}",knowledge_revision_event_d5a58fce1fd2fa3572d5a4bf,FORWARD_ATTENTION_CELL,false,UNCHANGED_EXPRESSIBLE,2023-12-08,true
false,false,cell_63f0b623e1aa623002144e00,"{""attribute_name"":""joint_development"",""base_stage3a_state_version_id"":""state_version_ac19117bfe6fbd03a7d2e2cd"",""cell_id"":""cell_63f0b623e1aa623002144e00"",""claim_type"":""FORECAST_GEOLOGICAL_CONDITION"",""source_evidence_id"":""doc_b84482f2cbc3d64012d7baad_e0002"",""source_kind"":""GEOLOGICAL_EVIDENCE"",""state_role"":""FORWARD_ATTENTION_CELL"",""valid_date"":""2023-12-08""}",FORECAST_GEOLOGICAL_CONDITION,true,true,false,,EXPRESSIBLE,doc_b84482f2cbc3d64012d7baad_e0002,"{""attribute_name"":""joint_development"",""normalized_value"":""节理裂隙发育"",""source_evidence_id"":""doc_b84482f2cbc3d64012d7baad_e0002""}",,,,null,knowledge_revision_event_d5a58fce1fd2fa3572d5a4bf,FORWARD_ATTENTION_CELL,false,OPPORTUNITY_ADDED,2023-12-08,false
false,false,cell_63f0b623e1aa623002144e00,"{""attribute_name"":""joint_development"",""base_stage3a_state_version_id"":""state_version_ac19117bfe6fbd03a7d2e2cd"",""cell_id"":""cell_63f0b623e1aa623002144e00"",""claim_type"":""FORECAST_GEOLOGICAL_CONDITION"",""source_evidence_id"":""doc_b84482f2cbc3d64012d7baad_e0003"",""source_kind"":""GEOLOGICAL_EVIDENCE"",""state_role"":""FORWARD_ATTENTION_CELL"",""valid_date"":""2023-12-08""}",FORECAST_GEOLOGICAL_CONDITION,true,true,false,,EXPRESSIBLE,doc_b84482f2cbc3d64012d7baad_e0003,"{""attribute_name"":""joint_development"",""normalized_value"":""节理裂隙发育密集"",""source_evidence_id"":""doc_b84482f2cbc3d64012d7baad_e0003""}",,,,null,knowledge_revision_event_d5a58fce1fd2fa3572d5a4bf,FORWARD_ATTENTION_CELL,false,OPPORTUNITY_ADDED,2023-12-08,false
false,false,cell_63f0b623e1aa623002144e00,"{""attribute_name"":""joint_development"",""base_stage3a_state_version_id"":""state_version_ac19117bfe6fbd03a7d2e2cd"",""cell_id"":""cell_63f0b623e1aa623002144e00"",""claim_type"":""FORECAST_GEOLOGICAL_CONDITION"",""source_evidence_id"":""doc_c19c0e4b52882f445108f4a0_e0006"",""source_kind"":""GEOLOGICAL_EVIDENCE"",""state_role"":""FORWARD_ATTENTION_CELL"",""valid_date"":""2023-12-08""}",FORECAST_GEOLOGICAL_CONDITION,false,false,false,,EXPRESSIBLE,doc_c19c0e4b52882f445108f4a0_e0006,"{""attribute_name"":""joint_development"",""normalized_value"":""节理裂隙发育"",""source_evidence_id"":""doc_c19c0e4b52882f445108f4a0_e0006""}",,EXPRESSIBLE,doc_c19c0e4b52882f445108f4a0_e0006,"{""attribute_name"":""joint_development"",""normalized_value"":""节理裂隙发育"",""source_evidence_id"":""doc_c19c0e4b52882f445108f4a0_e0006""}",knowledge_revision_event_d5a58fce1fd2fa3572d5a4bf,FORWARD_ATTENTION_CELL,false,UNCHANGED_EXPRESSIBLE,2023-12-08,true
false,false,cell_63f0b623e1aa623002144e00,"{""attribute_name"":""joint_development"",""base_stage3a_state_version_id"":""state_version_ac19117bfe6fbd03a7d2e2cd"",""cell_id"":""cell_63f0b623e1aa623002144e00"",""claim_type"":""FORECAST_GEOLOGICAL_CONDITION"",""source_evidence_id"":""doc_c19c0e4b52882f445108f4a0_e0007"",""source_kind"":""GEOLOGICAL_EVIDENCE"",""state_role"":""FORWARD_ATTENTION_CELL"",""valid_date"":""2023-12-08""}",FORECAST_GEOLOGICAL_CONDITION,false,false,false,,EXPRESSIBLE,doc_c19c0e4b52882f445108f4a0_e0007,"{""attribute_name"":""joint_development"",""normalized_value"":""节理裂隙发育"",""source_evidence_id"":""doc_c19c0e4b52882f445108f4a0_e0007""}",,EXPRESSIBLE,doc_c19c0e4b52882f445108f4a0_e0007,"{""attribute_name"":""joint_development"",""normalized_value"":""节理裂隙发育"",""source_evidence_id"":""doc_c19c0e4b52882f445108f4a0_e0007""}",knowledge_revision_event_d5a58fce1fd2fa3572d5a4bf,FORWARD_ATTENTION_CELL,false,UNCHANGED_EXPRESSIBLE,2023-12-08,true
false,false,cell_63f0b623e1aa623002144e00,"{""attribute_name"":""lithology"",""base_stage3a_state_version_id"":""state_version_ac19117bfe6fbd03a7d2e2cd"",""cell_id"":""cell_63f0b623e1aa623002144e00"",""claim_type"":""FORECAST_GEOLOGICAL_CONDITION"",""source_evidence_id"":""doc_b84482f2cbc3d64012d7baad_e0002"",""source_kind"":""GEOLOGICAL_EVIDENCE"",""state_role"":""FORWARD_ATTENTION_CELL"",""valid_date"":""2023-12-08""}",FORECAST_GEOLOGICAL_CONDITION,true,true,false,,EXPRESSIBLE,doc_b84482f2cbc3d64012d7baad_e0002,"{""attribute_name"":""lithology"",""normalized_value"":""板岩夹变质砂岩"",""source_evidence_id"":""doc_b84482f2cbc3d64012d7baad_e0002""}",,,,null,knowledge_revision_event_d5a58fce1fd2fa3572d5a4bf,FORWARD_ATTENTION_CELL,false,OPPORTUNITY_ADDED,2023-12-08,false
false,false,cell_63f0b623e1aa623002144e00,"{""attribute_name"":""lithology"",""base_stage3a_state_version_id"":""state_version_ac19117bfe6fbd03a7d2e2cd"",""cell_id"":""cell_63f0b623e1aa623002144e00"",""claim_type"":""FORECAST_GEOLOGICAL_CONDITION"",""source_evidence_id"":""doc_b84482f2cbc3d64012d7baad_e0003"",""source_kind"":""GEOLOGICAL_EVIDENCE"",""state_role"":""FORWARD_ATTENTION_CELL"",""valid_date"":""2023-12-08""}",FORECAST_GEOLOGICAL_CONDITION,true,true,false,,EXPRESSIBLE,doc_b84482f2cbc3d64012d7baad_e0003,"{""attribute_name"":""lithology"",""normalized_value"":""板岩夹变质砂岩"",""source_evidence_id"":""doc_b84482f2cbc3d64012d7baad_e0003""}",,,,null,knowledge_revision_event_d5a58fce1fd2fa3572d5a4bf,FORWARD_ATTENTION_CELL,false,OPPORTUNITY_ADDED,2023-12-08,false
false,false,cell_63f0b623e1aa623002144e00,"{""attribute_name"":""lithology"",""base_stage3a_state_version_id"":""state_version_ac19117bfe6fbd03a7d2e2cd"",""cell_id"":""cell_63f0b623e1aa623002144e00"",""claim_type"":""FORECAST_GEOLOGICAL_CONDITION"",""source_evidence_id"":""doc_c19c0e4b52882f445108f4a0_e0006"",""source_kind"":""GEOLOGICAL_EVIDENCE"",""state_role"":""FORWARD_ATTENTION_CELL"",""valid_date"":""2023-12-08""}",FORECAST_GEOLOGICAL_CONDITION,false,false,false,,EXPRESSIBLE,doc_c19c0e4b52882f445108f4a0_e0006,"{""attribute_name"":""lithology"",""normalized_value"":""板岩夹变质砂岩"",""source_evidence_id"":""doc_c19c0e4b52882f445108f4a0_e0006""}",,EXPRESSIBLE,doc_c19c0e4b52882f445108f4a0_e0006,"{""attribute_name"":""lithology"",""normalized_value"":""板岩夹变质砂岩"",""source_evidence_id"":""doc_c19c0e4b52882f445108f4a0_e0006""}",knowledge_revision_event_d5a58fce1fd2fa3572d5a4bf,FORWARD_ATTENTION_CELL,false,UNCHANGED_EXPRESSIBLE,2023-12-08,true
false,false,cell_63f0b623e1aa623002144e00,"{""attribute_name"":""lithology"",""base_stage3a_state_version_id"":""state_version_ac19117bfe6fbd03a7d2e2cd"",""cell_id"":""cell_63f0b623e1aa623002144e00"",""claim_type"":""FORECAST_GEOLOGICAL_CONDITION"",""source_evidence_id"":""doc_c19c0e4b52882f445108f4a0_e0007"",""source_kind"":""GEOLOGICAL_EVIDENCE"",""state_role"":""FORWARD_ATTENTION_CELL"",""valid_date"":""2023-12-08""}",FORECAST_GEOLOGICAL_CONDITION,false,false,false,,EXPRESSIBLE,doc_c19c0e4b52882f445108f4a0_e0007,"{""attribute_name"":""lithology"",""normalized_value"":""板岩夹变质砂岩"",""source_evidence_id"":""doc_c19c0e4b52882f445108f4a0_e0007""}",,EXPRESSIBLE,doc_c19c0e4b52882f445108f4a0_e0007,"{""attribute_name"":""lithology"",""normalized_value"":""板岩夹变质砂岩"",""source_evidence_id"":""doc_c19c0e4b52882f445108f4a0_e0007""}",knowledge_revision_event_d5a58fce1fd2fa3572d5a4bf,FORWARD_ATTENTION_CELL,false,UNCHANGED_EXPRESSIBLE,2023-12-08,true
false,false,cell_63f0b623e1aa623002144e00,"{""attribute_name"":""risk_hint"",""base_stage3a_state_version_id"":""state_version_ac19117bfe6fbd03a7d2e2cd"",""cell_id"":""cell_63f0b623e1aa623002144e00"",""claim_type"":""FORECAST_GEOLOGICAL_CONDITION"",""source_evidence_id"":""doc_b84482f2cbc3d64012d7baad_e0002"",""source_kind"":""GEOLOGICAL_EVIDENCE"",""state_role"":""FORWARD_ATTENTION_CELL"",""valid_date"":""2023-12-08""}",FORECAST_GEOLOGICAL_CONDITION,true,true,false,UNKNOWN_SOURCE_VALUE,ABSTAIN,,"{""attribute_name"":""risk_hint"",""normalized_value"":""UNKNOWN"",""source_evidence_id"":""doc_b84482f2cbc3d64012d7baad_e0002""}",,,,null,knowledge_revision_event_d5a58fce1fd2fa3572d5a4bf,FORWARD_ATTENTION_CELL,false,OPPORTUNITY_ADDED,2023-12-08,false
false,false,cell_63f0b623e1aa623002144e00,"{""attribute_name"":""risk_hint"",""base_stage3a_state_version_id"":""state_version_ac19117bfe6fbd03a7d2e2cd"",""cell_id"":""cell_63f0b623e1aa623002144e00"",""claim_type"":""FORECAST_GEOLOGICAL_CONDITION"",""source_evidence_id"":""doc_b84482f2cbc3d64012d7baad_e0003"",""source_kind"":""GEOLOGICAL_EVIDENCE"",""state_role"":""FORWARD_ATTENTION_CELL"",""valid_date"":""2023-12-08""}",FORECAST_GEOLOGICAL_CONDITION,true,true,false,,EXPRESSIBLE,doc_b84482f2cbc3d64012d7baad_e0003,"{""attribute_name"":""risk_hint"",""normalized_value"":""里程+352、 +363、+375 附近有掉块 风险"",""source_evidence_id"":""doc_b84482f2cbc3d64012d7baad_e0003""}",,,,null,knowledge_revision_event_d5a58fce1fd2fa3572d5a4bf,FORWARD_ATTENTION_CELL,false,OPPORTUNITY_ADDED,2023-12-08,false
false,false,cell_63f0b623e1aa623002144e00,"{""attribute_name"":""risk_hint"",""base_stage3a_state_version_id"":""state_version_ac19117bfe6fbd03a7d2e2cd"",""cell_id"":""cell_63f0b623e1aa623002144e00"",""claim_type"":""FORECAST_GEOLOGICAL_CONDITION"",""source_evidence_id"":""doc_c19c0e4b52882f445108f4a0_e0006"",""source_kind"":""GEOLOGICAL_EVIDENCE"",""state_role"":""FORWARD_ATTENTION_CELL"",""valid_date"":""2023-12-08""}",FORECAST_GEOLOGICAL_CONDITION,false,false,false,UNKNOWN_SOURCE_VALUE,ABSTAIN,,"{""attribute_name"":""risk_hint"",""normalized_value"":""UNKNOWN"",""source_evidence_id"":""doc_c19c0e4b52882f445108f4a0_e0006""}",UNKNOWN_SOURCE_VALUE,ABSTAIN,,"{""attribute_name"":""risk_hint"",""normalized_value"":""UNKNOWN"",""source_evidence_id"":""doc_c19c0e4b52882f445108f4a0_e0006""}",knowledge_revision_event_d5a58fce1fd2fa3572d5a4bf,FORWARD_ATTENTION_CELL,false,UNCHANGED_ABSTAIN,2023-12-08,false
false,false,cell_63f0b623e1aa623002144e00,"{""attribute_name"":""risk_hint"",""base_stage3a_state_version_id"":""state_version_ac19117bfe6fbd03a7d2e2cd"",""cell_id"":""cell_63f0b623e1aa623002144e00"",""claim_type"":""FORECAST_GEOLOGICAL_CONDITION"",""source_evidence_id"":""doc_c19c0e4b52882f445108f4a0_e0007"",""source_kind"":""GEOLOGICAL_EVIDENCE"",""state_role"":""FORWARD_ATTENTION_CELL"",""valid_date"":""2023-12-08""}",FORECAST_GEOLOGICAL_CONDITION,false,false,false,,EXPRESSIBLE,doc_c19c0e4b52882f445108f4a0_e0007,"{""attribute_name"":""risk_hint"",""normalized_value"":""里程+358 附 近有掉块风 险"",""source_evidence_id"":""doc_c19c0e4b52882f445108f4a0_e0007""}",,EXPRESSIBLE,doc_c19c0e4b52882f445108f4a0_e0007,"{""attribute_name"":""risk_hint"",""normalized_value"":""里程+358 附 近有掉块风 险"",""source_evidence_id"":""doc_c19c0e4b52882f445108f4a0_e0007""}",knowledge_revision_event_d5a58fce1fd2fa3572d5a4bf,FORWARD_ATTENTION_CELL,false,UNCHANGED_EXPRESSIBLE,2023-12-08,true
false,false,cell_63f0b623e1aa623002144e00,"{""attribute_name"":""rock_mass_state"",""base_stage3a_state_version_id"":""state_version_ac19117bfe6fbd03a7d2e2cd"",""cell_id"":""cell_63f0b623e1aa623002144e00"",""claim_type"":""FORECAST_GEOLOGICAL_CONDITION"",""source_evidence_id"":""doc_b84482f2cbc3d64012d7baad_e0002"",""source_kind"":""GEOLOGICAL_EVIDENCE"",""state_role"":""FORWARD_ATTENTION_CELL"",""valid_date"":""2023-12-08""}",FORECAST_GEOLOGICAL_CONDITION,true,true,false,,EXPRESSIBLE,doc_b84482f2cbc3d64012d7baad_e0002,"{""attribute_name"":""rock_mass_state"",""normalized_value"":""岩体破碎"",""source_evidence_id"":""doc_b84482f2cbc3d64012d7baad_e0002""}",,,,null,knowledge_revision_event_d5a58fce1fd2fa3572d5a4bf,FORWARD_ATTENTION_CELL,false,OPPORTUNITY_ADDED,2023-12-08,false
false,false,cell_63f0b623e1aa623002144e00,"{""attribute_name"":""rock_mass_state"",""base_stage3a_state_version_id"":""state_version_ac19117bfe6fbd03a7d2e2cd"",""cell_id"":""cell_63f0b623e1aa623002144e00"",""claim_type"":""FORECAST_GEOLOGICAL_CONDITION"",""source_evidence_id"":""doc_b84482f2cbc3d64012d7baad_e0003"",""source_kind"":""GEOLOGICAL_EVIDENCE"",""state_role"":""FORWARD_ATTENTION_CELL"",""valid_date"":""2023-12-08""}",FORECAST_GEOLOGICAL_CONDITION,true,true,false,,EXPRESSIBLE,doc_b84482f2cbc3d64012d7baad_e0003,"{""attribute_name"":""rock_mass_state"",""normalized_value"":""岩体破碎-极破碎"",""source_evidence_id"":""doc_b84482f2cbc3d64012d7baad_e0003""}",,,,null,knowledge_revision_event_d5a58fce1fd2fa3572d5a4bf,FORWARD_ATTENTION_CELL,false,OPPORTUNITY_ADDED,2023-12-08,false
false,false,cell_63f0b623e1aa623002144e00,"{""attribute_name"":""rock_mass_state"",""base_stage3a_state_version_id"":""state_version_ac19117bfe6fbd03a7d2e2cd"",""cell_id"":""cell_63f0b623e1aa623002144e00"",""claim_type"":""FORECAST_GEOLOGICAL_CONDITION"",""source_evidence_id"":""doc_c19c0e4b52882f445108f4a0_e0006"",""source_kind"":""GEOLOGICAL_EVIDENCE"",""state_role"":""FORWARD_ATTENTION_CELL"",""valid_date"":""2023-12-08""}",FORECAST_GEOLOGICAL_CONDITION,false,false,false,,EXPRESSIBLE,doc_c19c0e4b52882f445108f4a0_e0006,"{""attribute_name"":""rock_mass_state"",""normalized_value"":""岩体破碎"",""source_evidence_id"":""doc_c19c0e4b52882f445108f4a0_e0006""}",,EXPRESSIBLE,doc_c19c0e4b52882f445108f4a0_e0006,"{""attribute_name"":""rock_mass_state"",""normalized_value"":""岩体破碎"",""source_evidence_id"":""doc_c19c0e4b52882f445108f4a0_e0006""}",knowledge_revision_event_d5a58fce1fd2fa3572d5a4bf,FORWARD_ATTENTION_CELL,false,UNCHANGED_EXPRESSIBLE,2023-12-08,true
false,false,cell_63f0b623e1aa623002144e00,"{""attribute_name"":""rock_mass_state"",""base_stage3a_state_version_id"":""state_version_ac19117bfe6fbd03a7d2e2cd"",""cell_id"":""cell_63f0b623e1aa623002144e00"",""claim_type"":""FORECAST_GEOLOGICAL_CONDITION"",""source_evidence_id"":""doc_c19c0e4b52882f445108f4a0_e0007"",""source_kind"":""GEOLOGICAL_EVIDENCE"",""state_role"":""FORWARD_ATTENTION_CELL"",""valid_date"":""2023-12-08""}",FORECAST_GEOLOGICAL_CONDITION,false,false,false,,EXPRESSIBLE,doc_c19c0e4b52882f445108f4a0_e0007,"{""attribute_name"":""rock_mass_state"",""normalized_value"":""岩体破碎"",""source_evidence_id"":""doc_c19c0e4b52882f445108f4a0_e0007""}",,EXPRESSIBLE,doc_c19c0e4b52882f445108f4a0_e0007,"{""attribute_name"":""rock_mass_state"",""normalized_value"":""岩体破碎"",""source_evidence_id"":""doc_c19c0e4b52882f445108f4a0_e0007""}",knowledge_revision_event_d5a58fce1fd2fa3572d5a4bf,FORWARD_ATTENTION_CELL,false,UNCHANGED_EXPRESSIBLE,2023-12-08,true
false,false,cell_63f0b623e1aa623002144e00,"{""attribute_name"":""suggested_grade"",""base_stage3a_state_version_id"":""state_version_ac19117bfe6fbd03a7d2e2cd"",""cell_id"":""cell_63f0b623e1aa623002144e00"",""claim_type"":""FORECAST_GEOLOGICAL_CONDITION"",""source_evidence_id"":""doc_b84482f2cbc3d64012d7baad_e0002"",""source_kind"":""GEOLOGICAL_EVIDENCE"",""state_role"":""FORWARD_ATTENTION_CELL"",""valid_date"":""2023-12-08""}",FORECAST_GEOLOGICAL_CONDITION,true,true,false,,EXPRESSIBLE,doc_b84482f2cbc3d64012d7baad_e0002,"{""attribute_name"":""suggested_grade"",""normalized_value"":""Ⅳ级"",""source_evidence_id"":""doc_b84482f2cbc3d64012d7baad_e0002""}",,,,null,knowledge_revision_event_d5a58fce1fd2fa3572d5a4bf,FORWARD_ATTENTION_CELL,false,OPPORTUNITY_ADDED,2023-12-08,false
false,false,cell_63f0b623e1aa623002144e00,"{""attribute_name"":""suggested_grade"",""base_stage3a_state_version_id"":""state_version_ac19117bfe6fbd03a7d2e2cd"",""cell_id"":""cell_63f0b623e1aa623002144e00"",""claim_type"":""FORECAST_GEOLOGICAL_CONDITION"",""source_evidence_id"":""doc_b84482f2cbc3d64012d7baad_e0003"",""source_kind"":""GEOLOGICAL_EVIDENCE"",""state_role"":""FORWARD_ATTENTION_CELL"",""valid_date"":""2023-12-08""}",FORECAST_GEOLOGICAL_CONDITION,true,true,false,,EXPRESSIBLE,doc_b84482f2cbc3d64012d7baad_e0003,"{""attribute_name"":""suggested_grade"",""normalized_value"":""Ⅳ级"",""source_evidence_id"":""doc_b84482f2cbc3d64012d7baad_e0003""}",,,,null,knowledge_revision_event_d5a58fce1fd2fa3572d5a4bf,FORWARD_ATTENTION_CELL,false,OPPORTUNITY_ADDED,2023-12-08,false
false,false,cell_63f0b623e1aa623002144e00,"{""attribute_name"":""suggested_grade"",""base_stage3a_state_version_id"":""state_version_ac19117bfe6fbd03a7d2e2cd"",""cell_id"":""cell_63f0b623e1aa623002144e00"",""claim_type"":""FORECAST_GEOLOGICAL_CONDITION"",""source_evidence_id"":""doc_c19c0e4b52882f445108f4a0_e0006"",""source_kind"":""GEOLOGICAL_EVIDENCE"",""state_role"":""FORWARD_ATTENTION_CELL"",""valid_date"":""2023-12-08""}",FORECAST_GEOLOGICAL_CONDITION,false,false,false,,EXPRESSIBLE,doc_c19c0e4b52882f445108f4a0_e0006,"{""attribute_name"":""suggested_grade"",""normalized_value"":""Ⅳ级"",""source_evidence_id"":""doc_c19c0e4b52882f445108f4a0_e0006""}",,EXPRESSIBLE,doc_c19c0e4b52882f445108f4a0_e0006,"{""attribute_name"":""suggested_grade"",""normalized_value"":""Ⅳ级"",""source_evidence_id"":""doc_c19c0e4b52882f445108f4a0_e0006""}",knowledge_revision_event_d5a58fce1fd2fa3572d5a4bf,FORWARD_ATTENTION_CELL,false,UNCHANGED_EXPRESSIBLE,2023-12-08,true
false,false,cell_63f0b623e1aa623002144e00,"{""attribute_name"":""suggested_grade"",""base_stage3a_state_version_id"":""state_version_ac19117bfe6fbd03a7d2e2cd"",""cell_id"":""cell_63f0b623e1aa623002144e00"",""claim_type"":""FORECAST_GEOLOGICAL_CONDITION"",""source_evidence_id"":""doc_c19c0e4b52882f445108f4a0_e0007"",""source_kind"":""GEOLOGICAL_EVIDENCE"",""state_role"":""FORWARD_ATTENTION_CELL"",""valid_date"":""2023-12-08""}",FORECAST_GEOLOGICAL_CONDITION,false,false,false,,EXPRESSIBLE,doc_c19c0e4b52882f445108f4a0_e0007,"{""attribute_name"":""suggested_grade"",""normalized_value"":""Ⅳ级"",""source_evidence_id"":""doc_c19c0e4b52882f445108f4a0_e0007""}",,EXPRESSIBLE,doc_c19c0e4b52882f445108f4a0_e0007,"{""attribute_name"":""suggested_grade"",""normalized_value"":""Ⅳ级"",""source_evidence_id"":""doc_c19c0e4b52882f445108f4a0_e0007""}",knowledge_revision_event_d5a58fce1fd2fa3572d5a4bf,FORWARD_ATTENTION_CELL,false,UNCHANGED_EXPRESSIBLE,2023-12-08,true
false,false,cell_63f0b623e1aa623002144e00,"{""attribute_name"":""weathering"",""base_stage3a_state_version_id"":""state_version_ac19117bfe6fbd03a7d2e2cd"",""cell_id"":""cell_63f0b623e1aa623002144e00"",""claim_type"":""FORECAST_GEOLOGICAL_CONDITION"",""source_evidence_id"":""doc_b84482f2cbc3d64012d7baad_e0002"",""source_kind"":""GEOLOGICAL_EVIDENCE"",""state_role"":""FORWARD_ATTENTION_CELL"",""valid_date"":""2023-12-08""}",FORECAST_GEOLOGICAL_CONDITION,true,true,false,,EXPRESSIBLE,doc_b84482f2cbc3d64012d7baad_e0002,"{""attribute_name"":""weathering"",""normalized_value"":""弱风化"",""source_evidence_id"":""doc_b84482f2cbc3d64012d7baad_e0002""}",,,,null,knowledge_revision_event_d5a58fce1fd2fa3572d5a4bf,FORWARD_ATTENTION_CELL,false,OPPORTUNITY_ADDED,2023-12-08,false
false,false,cell_63f0b623e1aa623002144e00,"{""attribute_name"":""weathering"",""base_stage3a_state_version_id"":""state_version_ac19117bfe6fbd03a7d2e2cd"",""cell_id"":""cell_63f0b623e1aa623002144e00"",""claim_type"":""FORECAST_GEOLOGICAL_CONDITION"",""source_evidence_id"":""doc_b84482f2cbc3d64012d7baad_e0003"",""source_kind"":""GEOLOGICAL_EVIDENCE"",""state_role"":""FORWARD_ATTENTION_CELL"",""valid_date"":""2023-12-08""}",FORECAST_GEOLOGICAL_CONDITION,true,true,false,,EXPRESSIBLE,doc_b84482f2cbc3d64012d7baad_e0003,"{""attribute_name"":""weathering"",""normalized_value"":""弱风化"",""source_evidence_id"":""doc_b84482f2cbc3d64012d7baad_e0003""}",,,,null,knowledge_revision_event_d5a58fce1fd2fa3572d5a4bf,FORWARD_ATTENTION_CELL,false,OPPORTUNITY_ADDED,2023-12-08,false
false,false,cell_63f0b623e1aa623002144e00,"{""attribute_name"":""weathering"",""base_stage3a_state_version_id"":""state_version_ac19117bfe6fbd03a7d2e2cd"",""cell_id"":""cell_63f0b623e1aa623002144e00"",""claim_type"":""FORECAST_GEOLOGICAL_CONDITION"",""source_evidence_id"":""doc_c19c0e4b52882f445108f4a0_e0006"",""source_kind"":""GEOLOGICAL_EVIDENCE"",""state_role"":""FORWARD_ATTENTION_CELL"",""valid_date"":""2023-12-08""}",FORECAST_GEOLOGICAL_CONDITION,false,false,false,,EXPRESSIBLE,doc_c19c0e4b52882f445108f4a0_e0006,"{""attribute_name"":""weathering"",""normalized_value"":""弱风化"",""source_evidence_id"":""doc_c19c0e4b52882f445108f4a0_e0006""}",,EXPRESSIBLE,doc_c19c0e4b52882f445108f4a0_e0006,"{""attribute_name"":""weathering"",""normalized_value"":""弱风化"",""source_evidence_id"":""doc_c19c0e4b52882f445108f4a0_e0006""}",knowledge_revision_event_d5a58fce1fd2fa3572d5a4bf,FORWARD_ATTENTION_CELL,false,UNCHANGED_EXPRESSIBLE,2023-12-08,true
false,false,cell_63f0b623e1aa623002144e00,"{""attribute_name"":""weathering"",""base_stage3a_state_version_id"":""state_version_ac19117bfe6fbd03a7d2e2cd"",""cell_id"":""cell_63f0b623e1aa623002144e00"",""claim_type"":""FORECAST_GEOLOGICAL_CONDITION"",""source_evidence_id"":""doc_c19c0e4b52882f445108f4a0_e0007"",""source_kind"":""GEOLOGICAL_EVIDENCE"",""state_role"":""FORWARD_ATTENTION_CELL"",""valid_date"":""2023-12-08""}",FORECAST_GEOLOGICAL_CONDITION,false,false,false,,EXPRESSIBLE,doc_c19c0e4b52882f445108f4a0_e0007,"{""attribute_name"":""weathering"",""normalized_value"":""弱风化"",""source_evidence_id"":""doc_c19c0e4b52882f445108f4a0_e0007""}",,EXPRESSIBLE,doc_c19c0e4b52882f445108f4a0_e0007,"{""attribute_name"":""weathering"",""normalized_value"":""弱风化"",""source_evidence_id"":""doc_c19c0e4b52882f445108f4a0_e0007""}",knowledge_revision_event_d5a58fce1fd2fa3572d5a4bf,FORWARD_ATTENTION_CELL,false,UNCHANGED_EXPRESSIBLE,2023-12-08,true
false,true,cell_63f0b623e1aa623002144e00,"{""base_stage3a_state_version_id"":""state_version_ac19117bfe6fbd03a7d2e2cd"",""cell_id"":""cell_63f0b623e1aa623002144e00"",""claim_type"":""FORWARD_GEOLOGICAL_ATTENTION"",""metric_name"":""GRS"",""source_kind"":""STATE_GRS"",""state_role"":""FORWARD_ATTENTION_CELL"",""valid_date"":""2023-12-08""}",FORWARD_GEOLOGICAL_ATTENTION,false,false,false,,EXPRESSIBLE,state_grs_ac2d519b8a24dd3fd84cbb9a,"{""is_causal_estimate"":false,""is_hazard_probability"":false,""is_probability"":false,""metric_name"":""GRS"",""metric_semantics"":""FORWARD_GEOLOGICAL_EVIDENCE_ATTENTION_INDEX"",""metric_status"":""AVAILABLE"",""metric_value"":0.9166666666666666}",,EXPRESSIBLE,state_grs_584c44497684c39f4e0c9787,"{""is_causal_estimate"":false,""is_hazard_probability"":false,""is_probability"":false,""metric_name"":""GRS"",""metric_semantics"":""FORWARD_GEOLOGICAL_EVIDENCE_ATTENTION_INDEX"",""metric_status"":""AVAILABLE"",""metric_value"":0.7916666666666666}",knowledge_revision_event_d5a58fce1fd2fa3572d5a4bf,FORWARD_ATTENTION_CELL,true,CLAIM_VALUE_CHANGED,2023-12-08,false
false,false,cell_63f0b623e1aa623002144e00,"{""base_stage3a_state_version_id"":""state_version_ac19117bfe6fbd03a7d2e2cd"",""cell_id"":""cell_63f0b623e1aa623002144e00"",""claim_type"":""OPERATIONAL_RESPONSE_ATTENTION"",""metric_name"":""RAI"",""source_kind"":""STATE_RAI"",""state_role"":""FORWARD_ATTENTION_CELL"",""valid_date"":""2023-12-08""}",OPERATIONAL_RESPONSE_ATTENTION,false,false,false,STATE_ROLE_NOT_ALLOWED,ABSTAIN,,null,STATE_ROLE_NOT_ALLOWED,ABSTAIN,,null,knowledge_revision_event_d5a58fce1fd2fa3572d5a4bf,FORWARD_ATTENTION_CELL,false,UNCHANGED_ABSTAIN,2023-12-08,false
false,false,cell_64ff35e15826ff3f4f73e53f,"{""attribute_name"":""anomaly_level"",""base_stage3a_state_version_id"":""state_version_55e17f4577c714ca96a0b22d"",""cell_id"":""cell_64ff35e15826ff3f4f73e53f"",""claim_type"":""FORECAST_GEOLOGICAL_CONDITION"",""source_evidence_id"":""doc_cae21ab80a31f71dbe3e20e9_e0002"",""source_kind"":""GEOLOGICAL_EVIDENCE"",""state_role"":""FORWARD_ATTENTION_CELL"",""valid_date"":""2023-12-18""}",FORECAST_GEOLOGICAL_CONDITION,true,true,false,UNKNOWN_SOURCE_VALUE,ABSTAIN,,"{""attribute_name"":""anomaly_level"",""normalized_value"":""NONE"",""source_evidence_id"":""doc_cae21ab80a31f71dbe3e20e9_e0002""}",,,,null,knowledge_revision_event_d64c630cadcbf1339f8e2e98,FORWARD_ATTENTION_CELL,false,OPPORTUNITY_ADDED,2023-12-18,false
false,false,cell_64ff35e15826ff3f4f73e53f,"{""attribute_name"":""geological_conclusion"",""base_stage3a_state_version_id"":""state_version_55e17f4577c714ca96a0b22d"",""cell_id"":""cell_64ff35e15826ff3f4f73e53f"",""claim_type"":""FORECAST_GEOLOGICAL_CONDITION"",""source_evidence_id"":""doc_cae21ab80a31f71dbe3e20e9_e0002"",""source_kind"":""GEOLOGICAL_EVIDENCE"",""state_role"":""FORWARD_ATTENTION_CELL"",""valid_date"":""2023-12-18""}",FORECAST_GEOLOGICAL_CONDITION,true,true,false,,EXPRESSIBLE,doc_cae21ab80a31f71dbe3e20e9_e0002,"{""attribute_name"":""geological_conclusion"",""normalized_value"":""该段围岩与当前掌子面相当。岩 性为板岩夹变质砂岩，弱风化， 节理裂隙发育，岩体破碎。"",""source_evidence_id"":""doc_cae21ab80a31f71dbe3e20e9_e0002""}",,,,null,knowledge_revision_event_d64c630cadcbf1339f8e2e98,FORWARD_ATTENTION_CELL,false,OPPORTUNITY_ADDED,2023-12-18,false
false,false,cell_64ff35e15826ff3f4f73e53f,"{""attribute_name"":""joint_development"",""base_stage3a_state_version_id"":""state_version_55e17f4577c714ca96a0b22d"",""cell_id"":""cell_64ff35e15826ff3f4f73e53f"",""claim_type"":""FORECAST_GEOLOGICAL_CONDITION"",""source_evidence_id"":""doc_cae21ab80a31f71dbe3e20e9_e0002"",""source_kind"":""GEOLOGICAL_EVIDENCE"",""state_role"":""FORWARD_ATTENTION_CELL"",""valid_date"":""2023-12-18""}",FORECAST_GEOLOGICAL_CONDITION,true,true,false,,EXPRESSIBLE,doc_cae21ab80a31f71dbe3e20e9_e0002,"{""attribute_name"":""joint_development"",""normalized_value"":""节理裂隙发育"",""source_evidence_id"":""doc_cae21ab80a31f71dbe3e20e9_e0002""}",,,,null,knowledge_revision_event_d64c630cadcbf1339f8e2e98,FORWARD_ATTENTION_CELL,false,OPPORTUNITY_ADDED,2023-12-18,false
false,false,cell_64ff35e15826ff3f4f73e53f,"{""attribute_name"":""lithology"",""base_stage3a_state_version_id"":""state_version_55e17f4577c714ca96a0b22d"",""cell_id"":""cell_64ff35e15826ff3f4f73e53f"",""claim_type"":""FORECAST_GEOLOGICAL_CONDITION"",""source_evidence_id"":""doc_cae21ab80a31f71dbe3e20e9_e0002"",""source_kind"":""GEOLOGICAL_EVIDENCE"",""state_role"":""FORWARD_ATTENTION_CELL"",""valid_date"":""2023-12-18""}",FORECAST_GEOLOGICAL_CONDITION,true,true,false,,EXPRESSIBLE,doc_cae21ab80a31f71dbe3e20e9_e0002,"{""attribute_name"":""lithology"",""normalized_value"":""板岩夹变质砂岩"",""source_evidence_id"":""doc_cae21ab80a31f71dbe3e20e9_e0002""}",,,,null,knowledge_revision_event_d64c630cadcbf1339f8e2e98,FORWARD_ATTENTION_CELL,false,OPPORTUNITY_ADDED,2023-12-18,false
false,false,cell_64ff35e15826ff3f4f73e53f,"{""attribute_name"":""risk_hint"",""base_stage3a_state_version_id"":""state_version_55e17f4577c714ca96a0b22d"",""cell_id"":""cell_64ff35e15826ff3f4f73e53f"",""claim_type"":""FORECAST_GEOLOGICAL_CONDITION"",""source_evidence_id"":""doc_cae21ab80a31f71dbe3e20e9_e0002"",""source_kind"":""GEOLOGICAL_EVIDENCE"",""state_role"":""FORWARD_ATTENTION_CELL"",""valid_date"":""2023-12-18""}",FORECAST_GEOLOGICAL_CONDITION,true,true,false,UNKNOWN_SOURCE_VALUE,ABSTAIN,,"{""attribute_name"":""risk_hint"",""normalized_value"":""UNKNOWN"",""source_evidence_id"":""doc_cae21ab80a31f71dbe3e20e9_e0002""}",,,,null,knowledge_revision_event_d64c630cadcbf1339f8e2e98,FORWARD_ATTENTION_CELL,false,OPPORTUNITY_ADDED,2023-12-18,false
false,false,cell_64ff35e15826ff3f4f73e53f,"{""attribute_name"":""rock_mass_state"",""base_stage3a_state_version_id"":""state_version_55e17f4577c714ca96a0b22d"",""cell_id"":""cell_64ff35e15826ff3f4f73e53f"",""claim_type"":""FORECAST_GEOLOGICAL_CONDITION"",""source_evidence_id"":""doc_cae21ab80a31f71dbe3e20e9_e0002"",""source_kind"":""GEOLOGICAL_EVIDENCE"",""state_role"":""FORWARD_ATTENTION_CELL"",""valid_date"":""2023-12-18""}",FORECAST_GEOLOGICAL_CONDITION,true,true,false,,EXPRESSIBLE,doc_cae21ab80a31f71dbe3e20e9_e0002,"{""attribute_name"":""rock_mass_state"",""normalized_value"":""岩体破碎"",""source_evidence_id"":""doc_cae21ab80a31f71dbe3e20e9_e0002""}",,,,null,knowledge_revision_event_d64c630cadcbf1339f8e2e98,FORWARD_ATTENTION_CELL,false,OPPORTUNITY_ADDED,2023-12-18,false
false,false,cell_64ff35e15826ff3f4f73e53f,"{""attribute_name"":""suggested_grade"",""base_stage3a_state_version_id"":""state_version_55e17f4577c714ca96a0b22d"",""cell_id"":""cell_64ff35e15826ff3f4f73e53f"",""claim_type"":""FORECAST_GEOLOGICAL_CONDITION"",""source_evidence_id"":""doc_cae21ab80a31f71dbe3e20e9_e0002"",""source_kind"":""GEOLOGICAL_EVIDENCE"",""state_role"":""FORWARD_ATTENTION_CELL"",""valid_date"":""2023-12-18""}",FORECAST_GEOLOGICAL_CONDITION,true,true,false,,EXPRESSIBLE,doc_cae21ab80a31f71dbe3e20e9_e0002,"{""attribute_name"":""suggested_grade"",""normalized_value"":""Ⅳ级"",""source_evidence_id"":""doc_cae21ab80a31f71dbe3e20e9_e0002""}",,,,null,knowledge_revision_event_d64c630cadcbf1339f8e2e98,FORWARD_ATTENTION_CELL,false,OPPORTUNITY_ADDED,2023-12-18,false
false,false,cell_64ff35e15826ff3f4f73e53f,"{""attribute_name"":""weathering"",""base_stage3a_state_version_id"":""state_version_55e17f4577c714ca96a0b22d"",""cell_id"":""cell_64ff35e15826ff3f4f73e53f"",""claim_type"":""FORECAST_GEOLOGICAL_CONDITION"",""source_evidence_id"":""doc_cae21ab80a31f71dbe3e20e9_e0002"",""source_kind"":""GEOLOGICAL_EVIDENCE"",""state_role"":""FORWARD_ATTENTION_CELL"",""valid_date"":""2023-12-18""}",FORECAST_GEOLOGICAL_CONDITION,true,true,false,,EXPRESSIBLE,doc_cae21ab80a31f71dbe3e20e9_e0002,"{""attribute_name"":""weathering"",""normalized_value"":""弱风化"",""source_evidence_id"":""doc_cae21ab80a31f71dbe3e20e9_e0002""}",,,,null,knowledge_revision_event_d64c630cadcbf1339f8e2e98,FORWARD_ATTENTION_CELL,false,OPPORTUNITY_ADDED,2023-12-18,false
true,true,cell_64ff35e15826ff3f4f73e53f,"{""base_stage3a_state_version_id"":""state_version_55e17f4577c714ca96a0b22d"",""cell_id"":""cell_64ff35e15826ff3f4f73e53f"",""claim_type"":""FORWARD_GEOLOGICAL_ATTENTION"",""metric_name"":""GRS"",""source_kind"":""STATE_GRS"",""state_role"":""FORWARD_ATTENTION_CELL"",""valid_date"":""2023-12-18""}",FORWARD_GEOLOGICAL_ATTENTION,true,false,false,,EXPRESSIBLE,state_grs_b02a3aba9ea993db6dbe98a9,"{""is_causal_estimate"":false,""is_hazard_probability"":false,""is_probability"":false,""metric_name"":""GRS"",""metric_semantics"":""FORWARD_GEOLOGICAL_EVIDENCE_ATTENTION_INDEX"",""metric_status"":""AVAILABLE"",""metric_value"":0.5416666666666666}",REQUIRED_EPISTEMIC_STATUS_MISSING,ABSTAIN,,null,knowledge_revision_event_d64c630cadcbf1339f8e2e98,FORWARD_ATTENTION_CELL,true,ABSTAIN_TO_EXPRESSIBLE,2023-12-18,false
false,false,cell_64ff35e15826ff3f4f73e53f,"{""base_stage3a_state_version_id"":""state_version_55e17f4577c714ca96a0b22d"",""cell_id"":""cell_64ff35e15826ff3f4f73e53f"",""claim_type"":""OPERATIONAL_RESPONSE_ATTENTION"",""metric_name"":""RAI"",""source_kind"":""STATE_RAI"",""state_role"":""FORWARD_ATTENTION_CELL"",""valid_date"":""2023-12-18""}",OPERATIONAL_RESPONSE_ATTENTION,false,false,false,STATE_ROLE_NOT_ALLOWED,ABSTAIN,,null,STATE_ROLE_NOT_ALLOWED,ABSTAIN,,null,knowledge_revision_event_d64c630cadcbf1339f8e2e98,FORWARD_ATTENTION_CELL,false,UNCHANGED_ABSTAIN,2023-12-18,false
false,false,cell_9918a6975e555bb8745426a6,"{""attribute_name"":""anomaly_level"",""base_stage3a_state_version_id"":""state_version_b7c9f64d000bea80771d2d68"",""cell_id"":""cell_9918a6975e555bb8745426a6"",""claim_type"":""FORECAST_GEOLOGICAL_CONDITION"",""source_evidence_id"":""doc_6af39821d5a37fd21b28de70_e0004"",""source_kind"":""GEOLOGICAL_EVIDENCE"",""state_role"":""FORWARD_ATTENTION_CELL"",""valid_date"":""2023-10-15""}",FORECAST_GEOLOGICAL_CONDITION,true,true,false,UNKNOWN_SOURCE_VALUE,ABSTAIN,,"{""attribute_name"":""anomaly_level"",""normalized_value"":""NONE"",""source_evidence_id"":""doc_6af39821d5a37fd21b28de70_e0004""}",,,,null,knowledge_revision_event_dc7298af9606dbdb8a6e8e35,FORWARD_ATTENTION_CELL,false,OPPORTUNITY_ADDED,2023-10-15,false
false,false,cell_9918a6975e555bb8745426a6,"{""attribute_name"":""geological_conclusion"",""base_stage3a_state_version_id"":""state_version_b7c9f64d000bea80771d2d68"",""cell_id"":""cell_9918a6975e555bb8745426a6"",""claim_type"":""FORECAST_GEOLOGICAL_CONDITION"",""source_evidence_id"":""doc_6af39821d5a37fd21b28de70_e0004"",""source_kind"":""GEOLOGICAL_EVIDENCE"",""state_role"":""FORWARD_ATTENTION_CELL"",""valid_date"":""2023-10-15""}",FORECAST_GEOLOGICAL_CONDITION,true,true,false,,EXPRESSIBLE,doc_6af39821d5a37fd21b28de70_e0004,"{""attribute_name"":""geological_conclusion"",""normalized_value"":""该段围岩较前段稍有变好。岩性 为板岩夹变质砂岩，弱风化，岩 质软硬不均，节理裂隙发育，岩 体破碎，围岩整体稳定性较差"",""source_evidence_id"":""doc_6af39821d5a37fd21b28de70_e0004""}",,,,null,knowledge_revision_event_dc7298af9606dbdb8a6e8e35,FORWARD_ATTENTION_CELL,false,OPPORTUNITY_ADDED,2023-10-15,false
false,false,cell_9918a6975e555bb8745426a6,"{""attribute_name"":""joint_development"",""base_stage3a_state_version_id"":""state_version_b7c9f64d000bea80771d2d68"",""cell_id"":""cell_9918a6975e555bb8745426a6"",""claim_type"":""FORECAST_GEOLOGICAL_CONDITION"",""source_evidence_id"":""doc_6af39821d5a37fd21b28de70_e0004"",""source_kind"":""GEOLOGICAL_EVIDENCE"",""state_role"":""FORWARD_ATTENTION_CELL"",""valid_date"":""2023-10-15""}",FORECAST_GEOLOGICAL_CONDITION,true,true,false,,EXPRESSIBLE,doc_6af39821d5a37fd21b28de70_e0004,"{""attribute_name"":""joint_development"",""normalized_value"":""节理裂隙发育"",""source_evidence_id"":""doc_6af39821d5a37fd21b28de70_e0004""}",,,,null,knowledge_revision_event_dc7298af9606dbdb8a6e8e35,FORWARD_ATTENTION_CELL,false,OPPORTUNITY_ADDED,2023-10-15,false
false,false,cell_9918a6975e555bb8745426a6,"{""attribute_name"":""lithology"",""base_stage3a_state_version_id"":""state_version_b7c9f64d000bea80771d2d68"",""cell_id"":""cell_9918a6975e555bb8745426a6"",""claim_type"":""FORECAST_GEOLOGICAL_CONDITION"",""source_evidence_id"":""doc_6af39821d5a37fd21b28de70_e0004"",""source_kind"":""GEOLOGICAL_EVIDENCE"",""state_role"":""FORWARD_ATTENTION_CELL"",""valid_date"":""2023-10-15""}",FORECAST_GEOLOGICAL_CONDITION,true,true,false,,EXPRESSIBLE,doc_6af39821d5a37fd21b28de70_e0004,"{""attribute_name"":""lithology"",""normalized_value"":""板岩夹变质砂岩"",""source_evidence_id"":""doc_6af39821d5a37fd21b28de70_e0004""}",,,,null,knowledge_revision_event_dc7298af9606dbdb8a6e8e35,FORWARD_ATTENTION_CELL,false,OPPORTUNITY_ADDED,2023-10-15,false
false,false,cell_9918a6975e555bb8745426a6,"{""attribute_name"":""risk_hint"",""base_stage3a_state_version_id"":""state_version_b7c9f64d000bea80771d2d68"",""cell_id"":""cell_9918a6975e555bb8745426a6"",""claim_type"":""FORECAST_GEOLOGICAL_CONDITION"",""source_evidence_id"":""doc_6af39821d5a37fd21b28de70_e0004"",""source_kind"":""GEOLOGICAL_EVIDENCE"",""state_role"":""FORWARD_ATTENTION_CELL"",""valid_date"":""2023-10-15""}",FORECAST_GEOLOGICAL_CONDITION,true,true,false,UNKNOWN_SOURCE_VALUE,ABSTAIN,,"{""attribute_name"":""risk_hint"",""normalized_value"":""UNKNOWN"",""source_evidence_id"":""doc_6af39821d5a37fd21b28de70_e0004""}",,,,null,knowledge_revision_event_dc7298af9606dbdb8a6e8e35,FORWARD_ATTENTION_CELL,false,OPPORTUNITY_ADDED,2023-10-15,false
false,false,cell_9918a6975e555bb8745426a6,"{""attribute_name"":""rock_mass_state"",""base_stage3a_state_version_id"":""state_version_b7c9f64d000bea80771d2d68"",""cell_id"":""cell_9918a6975e555bb8745426a6"",""claim_type"":""FORECAST_GEOLOGICAL_CONDITION"",""source_evidence_id"":""doc_6af39821d5a37fd21b28de70_e0004"",""source_kind"":""GEOLOGICAL_EVIDENCE"",""state_role"":""FORWARD_ATTENTION_CELL"",""valid_date"":""2023-10-15""}",FORECAST_GEOLOGICAL_CONDITION,true,true,false,,EXPRESSIBLE,doc_6af39821d5a37fd21b28de70_e0004,"{""attribute_name"":""rock_mass_state"",""normalized_value"":""岩体破碎"",""source_evidence_id"":""doc_6af39821d5a37fd21b28de70_e0004""}",,,,null,knowledge_revision_event_dc7298af9606dbdb8a6e8e35,FORWARD_ATTENTION_CELL,false,OPPORTUNITY_ADDED,2023-10-15,false
false,false,cell_9918a6975e555bb8745426a6,"{""attribute_name"":""suggested_grade"",""base_stage3a_state_version_id"":""state_version_b7c9f64d000bea80771d2d68"",""cell_id"":""cell_9918a6975e555bb8745426a6"",""claim_type"":""FORECAST_GEOLOGICAL_CONDITION"",""source_evidence_id"":""doc_6af39821d5a37fd21b28de70_e0004"",""source_kind"":""GEOLOGICAL_EVIDENCE"",""state_role"":""FORWARD_ATTENTION_CELL"",""valid_date"":""2023-10-15""}",FORECAST_GEOLOGICAL_CONDITION,true,true,false,,EXPRESSIBLE,doc_6af39821d5a37fd21b28de70_e0004,"{""attribute_name"":""suggested_grade"",""normalized_value"":""Ⅳ级"",""source_evidence_id"":""doc_6af39821d5a37fd21b28de70_e0004""}",,,,null,knowledge_revision_event_dc7298af9606dbdb8a6e8e35,FORWARD_ATTENTION_CELL,false,OPPORTUNITY_ADDED,2023-10-15,false
false,false,cell_9918a6975e555bb8745426a6,"{""attribute_name"":""weathering"",""base_stage3a_state_version_id"":""state_version_b7c9f64d000bea80771d2d68"",""cell_id"":""cell_9918a6975e555bb8745426a6"",""claim_type"":""FORECAST_GEOLOGICAL_CONDITION"",""source_evidence_id"":""doc_6af39821d5a37fd21b28de70_e0004"",""source_kind"":""GEOLOGICAL_EVIDENCE"",""state_role"":""FORWARD_ATTENTION_CELL"",""valid_date"":""2023-10-15""}",FORECAST_GEOLOGICAL_CONDITION,true,true,false,,EXPRESSIBLE,doc_6af39821d5a37fd21b28de70_e0004,"{""attribute_name"":""weathering"",""normalized_value"":""弱风化"",""source_evidence_id"":""doc_6af39821d5a37fd21b28de70_e0004""}",,,,null,knowledge_revision_event_dc7298af9606dbdb8a6e8e35,FORWARD_ATTENTION_CELL,false,OPPORTUNITY_ADDED,2023-10-15,false
true,true,cell_9918a6975e555bb8745426a6,"{""base_stage3a_state_version_id"":""state_version_b7c9f64d000bea80771d2d68"",""cell_id"":""cell_9918a6975e555bb8745426a6"",""claim_type"":""FORWARD_GEOLOGICAL_ATTENTION"",""metric_name"":""GRS"",""source_kind"":""STATE_GRS"",""state_role"":""FORWARD_ATTENTION_CELL"",""valid_date"":""2023-10-15""}",FORWARD_GEOLOGICAL_ATTENTION,true,false,false,,EXPRESSIBLE,state_grs_79ff1a68a039e7b980e865db,"{""is_causal_estimate"":false,""is_hazard_probability"":false,""is_probability"":false,""metric_name"":""GRS"",""metric_semantics"":""FORWARD_GEOLOGICAL_EVIDENCE_ATTENTION_INDEX"",""metric_status"":""AVAILABLE"",""metric_value"":0.5416666666666666}",REQUIRED_EPISTEMIC_STATUS_MISSING,ABSTAIN,,null,knowledge_revision_event_dc7298af9606dbdb8a6e8e35,FORWARD_ATTENTION_CELL,true,ABSTAIN_TO_EXPRESSIBLE,2023-10-15,false
false,false,cell_9918a6975e555bb8745426a6,"{""base_stage3a_state_version_id"":""state_version_b7c9f64d000bea80771d2d68"",""cell_id"":""cell_9918a6975e555bb8745426a6"",""claim_type"":""OPERATIONAL_RESPONSE_ATTENTION"",""metric_name"":""RAI"",""source_kind"":""STATE_RAI"",""state_role"":""FORWARD_ATTENTION_CELL"",""valid_date"":""2023-10-15""}",OPERATIONAL_RESPONSE_ATTENTION,false,false,false,STATE_ROLE_NOT_ALLOWED,ABSTAIN,,null,STATE_ROLE_NOT_ALLOWED,ABSTAIN,,null,knowledge_revision_event_dc7298af9606dbdb8a6e8e35,FORWARD_ATTENTION_CELL,false,UNCHANGED_ABSTAIN,2023-10-15,false
false,false,cell_e74dbbf425d6747d204d3810,"{""attribute_name"":""anomaly_level"",""base_stage3a_state_version_id"":""state_version_60641d2025ec03edb6cd43f9"",""cell_id"":""cell_e74dbbf425d6747d204d3810"",""claim_type"":""FORECAST_GEOLOGICAL_CONDITION"",""source_evidence_id"":""doc_b84482f2cbc3d64012d7baad_e0002"",""source_kind"":""GEOLOGICAL_EVIDENCE"",""state_role"":""FORWARD_ATTENTION_CELL"",""valid_date"":""2023-12-08""}",FORECAST_GEOLOGICAL_CONDITION,true,true,false,UNKNOWN_SOURCE_VALUE,ABSTAIN,,"{""attribute_name"":""anomaly_level"",""normalized_value"":""NONE"",""source_evidence_id"":""doc_b84482f2cbc3d64012d7baad_e0002""}",,,,null,knowledge_revision_event_dcf95b1c5e9e21c61fcf0c38,FORWARD_ATTENTION_CELL,false,OPPORTUNITY_ADDED,2023-12-08,false
false,false,cell_e74dbbf425d6747d204d3810,"{""attribute_name"":""anomaly_level"",""base_stage3a_state_version_id"":""state_version_60641d2025ec03edb6cd43f9"",""cell_id"":""cell_e74dbbf425d6747d204d3810"",""claim_type"":""FORECAST_GEOLOGICAL_CONDITION"",""source_evidence_id"":""doc_c19c0e4b52882f445108f4a0_e0006"",""source_kind"":""GEOLOGICAL_EVIDENCE"",""state_role"":""FORWARD_ATTENTION_CELL"",""valid_date"":""2023-12-08""}",FORECAST_GEOLOGICAL_CONDITION,false,false,false,UNKNOWN_SOURCE_VALUE,ABSTAIN,,"{""attribute_name"":""anomaly_level"",""normalized_value"":""NONE"",""source_evidence_id"":""doc_c19c0e4b52882f445108f4a0_e0006""}",UNKNOWN_SOURCE_VALUE,ABSTAIN,,"{""attribute_name"":""anomaly_level"",""normalized_value"":""NONE"",""source_evidence_id"":""doc_c19c0e4b52882f445108f4a0_e0006""}",knowledge_revision_event_dcf95b1c5e9e21c61fcf0c38,FORWARD_ATTENTION_CELL,false,UNCHANGED_ABSTAIN,2023-12-08,false
false,false,cell_e74dbbf425d6747d204d3810,"{""attribute_name"":""geological_conclusion"",""base_stage3a_state_version_id"":""state_version_60641d2025ec03edb6cd43f9"",""cell_id"":""cell_e74dbbf425d6747d204d3810"",""claim_type"":""FORECAST_GEOLOGICAL_CONDITION"",""source_evidence_id"":""doc_b84482f2cbc3d64012d7baad_e0002"",""source_kind"":""GEOLOGICAL_EVIDENCE"",""state_role"":""FORWARD_ATTENTION_CELL"",""valid_date"":""2023-12-08""}",FORECAST_GEOLOGICAL_CONDITION,true,true,false,,EXPRESSIBLE,doc_b84482f2cbc3d64012d7baad_e0002,"{""attribute_name"":""geological_conclusion"",""normalized_value"":""该段围岩与当前掌子面相当。岩 性为板岩夹变质砂岩，弱风化， 岩质硬，节理裂隙发育，层间结 合差，岩体破碎"",""source_evidence_id"":""doc_b84482f2cbc3d64012d7baad_e0002""}",,,,null,knowledge_revision_event_dcf95b1c5e9e21c61fcf0c38,FORWARD_ATTENTION_CELL,false,OPPORTUNITY_ADDED,2023-12-08,false
false,false,cell_e74dbbf425d6747d204d3810,"{""attribute_name"":""geological_conclusion"",""base_stage3a_state_version_id"":""state_version_60641d2025ec03edb6cd43f9"",""cell_id"":""cell_e74dbbf425d6747d204d3810"",""claim_type"":""FORECAST_GEOLOGICAL_CONDITION"",""source_evidence_id"":""doc_c19c0e4b52882f445108f4a0_e0006"",""source_kind"":""GEOLOGICAL_EVIDENCE"",""state_role"":""FORWARD_ATTENTION_CELL"",""valid_date"":""2023-12-08""}",FORECAST_GEOLOGICAL_CONDITION,false,false,false,,EXPRESSIBLE,doc_c19c0e4b52882f445108f4a0_e0006,"{""attribute_name"":""geological_conclusion"",""normalized_value"":""该段围岩较前段稍变好。岩性为 板岩夹变质砂岩，弱风化，岩质 硬，节理裂隙发育，岩体破碎。"",""source_evidence_id"":""doc_c19c0e4b52882f445108f4a0_e0006""}",,EXPRESSIBLE,doc_c19c0e4b52882f445108f4a0_e0006,"{""attribute_name"":""geological_conclusion"",""normalized_value"":""该段围岩较前段稍变好。岩性为 板岩夹变质砂岩，弱风化，岩质 硬，节理裂隙发育，岩体破碎。"",""source_evidence_id"":""doc_c19c0e4b52882f445108f4a0_e0006""}",knowledge_revision_event_dcf95b1c5e9e21c61fcf0c38,FORWARD_ATTENTION_CELL,false,UNCHANGED_EXPRESSIBLE,2023-12-08,true
false,false,cell_e74dbbf425d6747d204d3810,"{""attribute_name"":""joint_development"",""base_stage3a_state_version_id"":""state_version_60641d2025ec03edb6cd43f9"",""cell_id"":""cell_e74dbbf425d6747d204d3810"",""claim_type"":""FORECAST_GEOLOGICAL_CONDITION"",""source_evidence_id"":""doc_b84482f2cbc3d64012d7baad_e0002"",""source_kind"":""GEOLOGICAL_EVIDENCE"",""state_role"":""FORWARD_ATTENTION_CELL"",""valid_date"":""2023-12-08""}",FORECAST_GEOLOGICAL_CONDITION,true,true,false,,EXPRESSIBLE,doc_b84482f2cbc3d64012d7baad_e0002,"{""attribute_name"":""joint_development"",""normalized_value"":""节理裂隙发育"",""source_evidence_id"":""doc_b84482f2cbc3d64012d7baad_e0002""}",,,,null,knowledge_revision_event_dcf95b1c5e9e21c61fcf0c38,FORWARD_ATTENTION_CELL,false,OPPORTUNITY_ADDED,2023-12-08,false
false,false,cell_e74dbbf425d6747d204d3810,"{""attribute_name"":""joint_development"",""base_stage3a_state_version_id"":""state_version_60641d2025ec03edb6cd43f9"",""cell_id"":""cell_e74dbbf425d6747d204d3810"",""claim_type"":""FORECAST_GEOLOGICAL_CONDITION"",""source_evidence_id"":""doc_c19c0e4b52882f445108f4a0_e0006"",""source_kind"":""GEOLOGICAL_EVIDENCE"",""state_role"":""FORWARD_ATTENTION_CELL"",""valid_date"":""2023-12-08""}",FORECAST_GEOLOGICAL_CONDITION,false,false,false,,EXPRESSIBLE,doc_c19c0e4b52882f445108f4a0_e0006,"{""attribute_name"":""joint_development"",""normalized_value"":""节理裂隙发育"",""source_evidence_id"":""doc_c19c0e4b52882f445108f4a0_e0006""}",,EXPRESSIBLE,doc_c19c0e4b52882f445108f4a0_e0006,"{""attribute_name"":""joint_development"",""normalized_value"":""节理裂隙发育"",""source_evidence_id"":""doc_c19c0e4b52882f445108f4a0_e0006""}",knowledge_revision_event_dcf95b1c5e9e21c61fcf0c38,FORWARD_ATTENTION_CELL,false,UNCHANGED_EXPRESSIBLE,2023-12-08,true
false,false,cell_e74dbbf425d6747d204d3810,"{""attribute_name"":""lithology"",""base_stage3a_state_version_id"":""state_version_60641d2025ec03edb6cd43f9"",""cell_id"":""cell_e74dbbf425d6747d204d3810"",""claim_type"":""FORECAST_GEOLOGICAL_CONDITION"",""source_evidence_id"":""doc_b84482f2cbc3d64012d7baad_e0002"",""source_kind"":""GEOLOGICAL_EVIDENCE"",""state_role"":""FORWARD_ATTENTION_CELL"",""valid_date"":""2023-12-08""}",FORECAST_GEOLOGICAL_CONDITION,true,true,false,,EXPRESSIBLE,doc_b84482f2cbc3d64012d7baad_e0002,"{""attribute_name"":""lithology"",""normalized_value"":""板岩夹变质砂岩"",""source_evidence_id"":""doc_b84482f2cbc3d64012d7baad_e0002""}",,,,null,knowledge_revision_event_dcf95b1c5e9e21c61fcf0c38,FORWARD_ATTENTION_CELL,false,OPPORTUNITY_ADDED,2023-12-08,false
false,false,cell_e74dbbf425d6747d204d3810,"{""attribute_name"":""lithology"",""base_stage3a_state_version_id"":""state_version_60641d2025ec03edb6cd43f9"",""cell_id"":""cell_e74dbbf425d6747d204d3810"",""claim_type"":""FORECAST_GEOLOGICAL_CONDITION"",""source_evidence_id"":""doc_c19c0e4b52882f445108f4a0_e0006"",""source_kind"":""GEOLOGICAL_EVIDENCE"",""state_role"":""FORWARD_ATTENTION_CELL"",""valid_date"":""2023-12-08""}",FORECAST_GEOLOGICAL_CONDITION,false,false,false,,EXPRESSIBLE,doc_c19c0e4b52882f445108f4a0_e0006,"{""attribute_name"":""lithology"",""normalized_value"":""板岩夹变质砂岩"",""source_evidence_id"":""doc_c19c0e4b52882f445108f4a0_e0006""}",,EXPRESSIBLE,doc_c19c0e4b52882f445108f4a0_e0006,"{""attribute_name"":""lithology"",""normalized_value"":""板岩夹变质砂岩"",""source_evidence_id"":""doc_c19c0e4b52882f445108f4a0_e0006""}",knowledge_revision_event_dcf95b1c5e9e21c61fcf0c38,FORWARD_ATTENTION_CELL,false,UNCHANGED_EXPRESSIBLE,2023-12-08,true
false,false,cell_e74dbbf425d6747d204d3810,"{""attribute_name"":""risk_hint"",""base_stage3a_state_version_id"":""state_version_60641d2025ec03edb6cd43f9"",""cell_id"":""cell_e74dbbf425d6747d204d3810"",""claim_type"":""FORECAST_GEOLOGICAL_CONDITION"",""source_evidence_id"":""doc_b84482f2cbc3d64012d7baad_e0002"",""source_kind"":""GEOLOGICAL_EVIDENCE"",""state_role"":""FORWARD_ATTENTION_CELL"",""valid_date"":""2023-12-08""}",FORECAST_GEOLOGICAL_CONDITION,true,true,false,UNKNOWN_SOURCE_VALUE,ABSTAIN,,"{""attribute_name"":""risk_hint"",""normalized_value"":""UNKNOWN"",""source_evidence_id"":""doc_b84482f2cbc3d64012d7baad_e0002""}",,,,null,knowledge_revision_event_dcf95b1c5e9e21c61fcf0c38,FORWARD_ATTENTION_CELL,false,OPPORTUNITY_ADDED,2023-12-08,false
false,false,cell_e74dbbf425d6747d204d3810,"{""attribute_name"":""risk_hint"",""base_stage3a_state_version_id"":""state_version_60641d2025ec03edb6cd43f9"",""cell_id"":""cell_e74dbbf425d6747d204d3810"",""claim_type"":""FORECAST_GEOLOGICAL_CONDITION"",""source_evidence_id"":""doc_c19c0e4b52882f445108f4a0_e0006"",""source_kind"":""GEOLOGICAL_EVIDENCE"",""state_role"":""FORWARD_ATTENTION_CELL"",""valid_date"":""2023-12-08""}",FORECAST_GEOLOGICAL_CONDITION,false,false,false,UNKNOWN_SOURCE_VALUE,ABSTAIN,,"{""attribute_name"":""risk_hint"",""normalized_value"":""UNKNOWN"",""source_evidence_id"":""doc_c19c0e4b52882f445108f4a0_e0006""}",UNKNOWN_SOURCE_VALUE,ABSTAIN,,"{""attribute_name"":""risk_hint"",""normalized_value"":""UNKNOWN"",""source_evidence_id"":""doc_c19c0e4b52882f445108f4a0_e0006""}",knowledge_revision_event_dcf95b1c5e9e21c61fcf0c38,FORWARD_ATTENTION_CELL,false,UNCHANGED_ABSTAIN,2023-12-08,false
false,false,cell_e74dbbf425d6747d204d3810,"{""attribute_name"":""rock_mass_state"",""base_stage3a_state_version_id"":""state_version_60641d2025ec03edb6cd43f9"",""cell_id"":""cell_e74dbbf425d6747d204d3810"",""claim_type"":""FORECAST_GEOLOGICAL_CONDITION"",""source_evidence_id"":""doc_b84482f2cbc3d64012d7baad_e0002"",""source_kind"":""GEOLOGICAL_EVIDENCE"",""state_role"":""FORWARD_ATTENTION_CELL"",""valid_date"":""2023-12-08""}",FORECAST_GEOLOGICAL_CONDITION,true,true,false,,EXPRESSIBLE,doc_b84482f2cbc3d64012d7baad_e0002,"{""attribute_name"":""rock_mass_state"",""normalized_value"":""岩体破碎"",""source_evidence_id"":""doc_b84482f2cbc3d64012d7baad_e0002""}",,,,null,knowledge_revision_event_dcf95b1c5e9e21c61fcf0c38,FORWARD_ATTENTION_CELL,false,OPPORTUNITY_ADDED,2023-12-08,false
false,false,cell_e74dbbf425d6747d204d3810,"{""attribute_name"":""rock_mass_state"",""base_stage3a_state_version_id"":""state_version_60641d2025ec03edb6cd43f9"",""cell_id"":""cell_e74dbbf425d6747d204d3810"",""claim_type"":""FORECAST_GEOLOGICAL_CONDITION"",""source_evidence_id"":""doc_c19c0e4b52882f445108f4a0_e0006"",""source_kind"":""GEOLOGICAL_EVIDENCE"",""state_role"":""FORWARD_ATTENTION_CELL"",""valid_date"":""2023-12-08""}",FORECAST_GEOLOGICAL_CONDITION,false,false,false,,EXPRESSIBLE,doc_c19c0e4b52882f445108f4a0_e0006,"{""attribute_name"":""rock_mass_state"",""normalized_value"":""岩体破碎"",""source_evidence_id"":""doc_c19c0e4b52882f445108f4a0_e0006""}",,EXPRESSIBLE,doc_c19c0e4b52882f445108f4a0_e0006,"{""attribute_name"":""rock_mass_state"",""normalized_value"":""岩体破碎"",""source_evidence_id"":""doc_c19c0e4b52882f445108f4a0_e0006""}",knowledge_revision_event_dcf95b1c5e9e21c61fcf0c38,FORWARD_ATTENTION_CELL,false,UNCHANGED_EXPRESSIBLE,2023-12-08,true
false,false,cell_e74dbbf425d6747d204d3810,"{""attribute_name"":""suggested_grade"",""base_stage3a_state_version_id"":""state_version_60641d2025ec03edb6cd43f9"",""cell_id"":""cell_e74dbbf425d6747d204d3810"",""claim_type"":""FORECAST_GEOLOGICAL_CONDITION"",""source_evidence_id"":""doc_b84482f2cbc3d64012d7baad_e0002"",""source_kind"":""GEOLOGICAL_EVIDENCE"",""state_role"":""FORWARD_ATTENTION_CELL"",""valid_date"":""2023-12-08""}",FORECAST_GEOLOGICAL_CONDITION,true,true,false,,EXPRESSIBLE,doc_b84482f2cbc3d64012d7baad_e0002,"{""attribute_name"":""suggested_grade"",""normalized_value"":""Ⅳ级"",""source_evidence_id"":""doc_b84482f2cbc3d64012d7baad_e0002""}",,,,null,knowledge_revision_event_dcf95b1c5e9e21c61fcf0c38,FORWARD_ATTENTION_CELL,false,OPPORTUNITY_ADDED,2023-12-08,false
false,false,cell_e74dbbf425d6747d204d3810,"{""attribute_name"":""suggested_grade"",""base_stage3a_state_version_id"":""state_version_60641d2025ec03edb6cd43f9"",""cell_id"":""cell_e74dbbf425d6747d204d3810"",""claim_type"":""FORECAST_GEOLOGICAL_CONDITION"",""source_evidence_id"":""doc_c19c0e4b52882f445108f4a0_e0006"",""source_kind"":""GEOLOGICAL_EVIDENCE"",""state_role"":""FORWARD_ATTENTION_CELL"",""valid_date"":""2023-12-08""}",FORECAST_GEOLOGICAL_CONDITION,false,false,false,,EXPRESSIBLE,doc_c19c0e4b52882f445108f4a0_e0006,"{""attribute_name"":""suggested_grade"",""normalized_value"":""Ⅳ级"",""source_evidence_id"":""doc_c19c0e4b52882f445108f4a0_e0006""}",,EXPRESSIBLE,doc_c19c0e4b52882f445108f4a0_e0006,"{""attribute_name"":""suggested_grade"",""normalized_value"":""Ⅳ级"",""source_evidence_id"":""doc_c19c0e4b52882f445108f4a0_e0006""}",knowledge_revision_event_dcf95b1c5e9e21c61fcf0c38,FORWARD_ATTENTION_CELL,false,UNCHANGED_EXPRESSIBLE,2023-12-08,true
false,false,cell_e74dbbf425d6747d204d3810,"{""attribute_name"":""weathering"",""base_stage3a_state_version_id"":""state_version_60641d2025ec03edb6cd43f9"",""cell_id"":""cell_e74dbbf425d6747d204d3810"",""claim_type"":""FORECAST_GEOLOGICAL_CONDITION"",""source_evidence_id"":""doc_b84482f2cbc3d64012d7baad_e0002"",""source_kind"":""GEOLOGICAL_EVIDENCE"",""state_role"":""FORWARD_ATTENTION_CELL"",""valid_date"":""2023-12-08""}",FORECAST_GEOLOGICAL_CONDITION,true,true,false,,EXPRESSIBLE,doc_b84482f2cbc3d64012d7baad_e0002,"{""attribute_name"":""weathering"",""normalized_value"":""弱风化"",""source_evidence_id"":""doc_b84482f2cbc3d64012d7baad_e0002""}",,,,null,knowledge_revision_event_dcf95b1c5e9e21c61fcf0c38,FORWARD_ATTENTION_CELL,false,OPPORTUNITY_ADDED,2023-12-08,false
false,false,cell_e74dbbf425d6747d204d3810,"{""attribute_name"":""weathering"",""base_stage3a_state_version_id"":""state_version_60641d2025ec03edb6cd43f9"",""cell_id"":""cell_e74dbbf425d6747d204d3810"",""claim_type"":""FORECAST_GEOLOGICAL_CONDITION"",""source_evidence_id"":""doc_c19c0e4b52882f445108f4a0_e0006"",""source_kind"":""GEOLOGICAL_EVIDENCE"",""state_role"":""FORWARD_ATTENTION_CELL"",""valid_date"":""2023-12-08""}",FORECAST_GEOLOGICAL_CONDITION,false,false,false,,EXPRESSIBLE,doc_c19c0e4b52882f445108f4a0_e0006,"{""attribute_name"":""weathering"",""normalized_value"":""弱风化"",""source_evidence_id"":""doc_c19c0e4b52882f445108f4a0_e0006""}",,EXPRESSIBLE,doc_c19c0e4b52882f445108f4a0_e0006,"{""attribute_name"":""weathering"",""normalized_value"":""弱风化"",""source_evidence_id"":""doc_c19c0e4b52882f445108f4a0_e0006""}",knowledge_revision_event_dcf95b1c5e9e21c61fcf0c38,FORWARD_ATTENTION_CELL,false,UNCHANGED_EXPRESSIBLE,2023-12-08,true
false,false,cell_e74dbbf425d6747d204d3810,"{""base_stage3a_state_version_id"":""state_version_60641d2025ec03edb6cd43f9"",""cell_id"":""cell_e74dbbf425d6747d204d3810"",""claim_type"":""FORWARD_GEOLOGICAL_ATTENTION"",""metric_name"":""GRS"",""source_kind"":""STATE_GRS"",""state_role"":""FORWARD_ATTENTION_CELL"",""valid_date"":""2023-12-08""}",FORWARD_GEOLOGICAL_ATTENTION,false,false,false,,EXPRESSIBLE,state_grs_aa43e498074d805b22ae4915,"{""is_causal_estimate"":false,""is_hazard_probability"":false,""is_probability"":false,""metric_name"":""GRS"",""metric_semantics"":""FORWARD_GEOLOGICAL_EVIDENCE_ATTENTION_INDEX"",""metric_status"":""AVAILABLE"",""metric_value"":0.5416666666666666}",,EXPRESSIBLE,state_grs_c61536a7bb7ce688e83615c2,"{""is_causal_estimate"":false,""is_hazard_probability"":false,""is_probability"":false,""metric_name"":""GRS"",""metric_semantics"":""FORWARD_GEOLOGICAL_EVIDENCE_ATTENTION_INDEX"",""metric_status"":""AVAILABLE"",""metric_value"":0.5416666666666666}",knowledge_revision_event_dcf95b1c5e9e21c61fcf0c38,FORWARD_ATTENTION_CELL,true,RESOLVED_SUPPORT_CHANGED,2023-12-08,false
false,false,cell_e74dbbf425d6747d204d3810,"{""base_stage3a_state_version_id"":""state_version_60641d2025ec03edb6cd43f9"",""cell_id"":""cell_e74dbbf425d6747d204d3810"",""claim_type"":""OPERATIONAL_RESPONSE_ATTENTION"",""metric_name"":""RAI"",""source_kind"":""STATE_RAI"",""state_role"":""FORWARD_ATTENTION_CELL"",""valid_date"":""2023-12-08""}",OPERATIONAL_RESPONSE_ATTENTION,false,false,false,STATE_ROLE_NOT_ALLOWED,ABSTAIN,,null,STATE_ROLE_NOT_ALLOWED,ABSTAIN,,null,knowledge_revision_event_dcf95b1c5e9e21c61fcf0c38,FORWARD_ATTENTION_CELL,false,UNCHANGED_ABSTAIN,2023-12-08,false
false,false,cell_b78c8fe752bb215ebc415f65,"{""attribute_name"":""anomaly_level"",""base_stage3a_state_version_id"":""state_version_254bc171b6057908eef9f05d"",""cell_id"":""cell_b78c8fe752bb215ebc415f65"",""claim_type"":""FORECAST_GEOLOGICAL_CONDITION"",""source_evidence_id"":""doc_1bccaf9b3397c0d25601b19d_e0002"",""source_kind"":""GEOLOGICAL_EVIDENCE"",""state_role"":""DAILY_REVIEW_CELL"",""valid_date"":""2023-11-28""}",FORECAST_GEOLOGICAL_CONDITION,true,true,false,UNKNOWN_SOURCE_VALUE,ABSTAIN,,"{""attribute_name"":""anomaly_level"",""normalized_value"":""NONE"",""source_evidence_id"":""doc_1bccaf9b3397c0d25601b19d_e0002""}",,,,null,knowledge_revision_event_e162850c22f21f36d8078cd9,DAILY_REVIEW_CELL,false,OPPORTUNITY_ADDED,2023-11-28,false
false,false,cell_b78c8fe752bb215ebc415f65,"{""attribute_name"":""anomaly_level"",""base_stage3a_state_version_id"":""state_version_254bc171b6057908eef9f05d"",""cell_id"":""cell_b78c8fe752bb215ebc415f65"",""claim_type"":""FORECAST_GEOLOGICAL_CONDITION"",""source_evidence_id"":""doc_62bf6495f3a27bc084947384_e0006"",""source_kind"":""GEOLOGICAL_EVIDENCE"",""state_role"":""DAILY_REVIEW_CELL"",""valid_date"":""2023-11-28""}",FORECAST_GEOLOGICAL_CONDITION,false,false,false,,EXPRESSIBLE,doc_62bf6495f3a27bc084947384_e0006,"{""attribute_name"":""anomaly_level"",""normalized_value"":""MODERATE"",""source_evidence_id"":""doc_62bf6495f3a27bc084947384_e0006""}",,EXPRESSIBLE,doc_62bf6495f3a27bc084947384_e0006,"{""attribute_name"":""anomaly_level"",""normalized_value"":""MODERATE"",""source_evidence_id"":""doc_62bf6495f3a27bc084947384_e0006""}",knowledge_revision_event_e162850c22f21f36d8078cd9,DAILY_REVIEW_CELL,false,UNCHANGED_EXPRESSIBLE,2023-11-28,true
false,false,cell_b78c8fe752bb215ebc415f65,"{""attribute_name"":""anomaly_level"",""base_stage3a_state_version_id"":""state_version_254bc171b6057908eef9f05d"",""cell_id"":""cell_b78c8fe752bb215ebc415f65"",""claim_type"":""FORECAST_GEOLOGICAL_CONDITION"",""source_evidence_id"":""doc_62bf6495f3a27bc084947384_e0007"",""source_kind"":""GEOLOGICAL_EVIDENCE"",""state_role"":""DAILY_REVIEW_CELL"",""valid_date"":""2023-11-28""}",FORECAST_GEOLOGICAL_CONDITION,false,false,false,UNKNOWN_SOURCE_VALUE,ABSTAIN,,"{""attribute_name"":""anomaly_level"",""normalized_value"":""NONE"",""source_evidence_id"":""doc_62bf6495f3a27bc084947384_e0007""}",UNKNOWN_SOURCE_VALUE,ABSTAIN,,"{""attribute_name"":""anomaly_level"",""normalized_value"":""NONE"",""source_evidence_id"":""doc_62bf6495f3a27bc084947384_e0007""}",knowledge_revision_event_e162850c22f21f36d8078cd9,DAILY_REVIEW_CELL,false,UNCHANGED_ABSTAIN,2023-11-28,false
false,false,cell_b78c8fe752bb215ebc415f65,"{""attribute_name"":""geological_conclusion"",""base_stage3a_state_version_id"":""state_version_254bc171b6057908eef9f05d"",""cell_id"":""cell_b78c8fe752bb215ebc415f65"",""claim_type"":""FORECAST_GEOLOGICAL_CONDITION"",""source_evidence_id"":""doc_1bccaf9b3397c0d25601b19d_e0002"",""source_kind"":""GEOLOGICAL_EVIDENCE"",""state_role"":""DAILY_REVIEW_CELL"",""valid_date"":""2023-11-28""}",FORECAST_GEOLOGICAL_CONDITION,true,true,false,,EXPRESSIBLE,doc_1bccaf9b3397c0d25601b19d_e0002,"{""attribute_name"":""geological_conclusion"",""normalized_value"":""该段围岩与当前掌子面相当。岩 性为板岩夹变质砂岩，围岩整体 弱风化，岩质硬，节理裂隙发育， 岩体破碎。"",""source_evidence_id"":""doc_1bccaf9b3397c0d25601b19d_e0002""}",,,,null,knowledge_revision_event_e162850c22f21f36d8078cd9,DAILY_REVIEW_CELL,false,OPPORTUNITY_ADDED,2023-11-28,false
false,false,cell_b78c8fe752bb215ebc415f65,"{""attribute_name"":""geological_conclusion"",""base_stage3a_state_version_id"":""state_version_254bc171b6057908eef9f05d"",""cell_id"":""cell_b78c8fe752bb215ebc415f65"",""claim_type"":""FORECAST_GEOLOGICAL_CONDITION"",""source_evidence_id"":""doc_62bf6495f3a27bc084947384_e0006"",""source_kind"":""GEOLOGICAL_EVIDENCE"",""state_role"":""DAILY_REVIEW_CELL"",""valid_date"":""2023-11-28""}",FORECAST_GEOLOGICAL_CONDITION,false,false,false,,EXPRESSIBLE,doc_62bf6495f3a27bc084947384_e0006,"{""attribute_name"":""geological_conclusion"",""normalized_value"":""该段围岩较前段变差。岩性为板 岩夹变质砂岩，弱风化，岩质软 硬不均，层间结合较差，节理裂 隙发育，岩体破碎。"",""source_evidence_id"":""doc_62bf6495f3a27bc084947384_e0006""}",,EXPRESSIBLE,doc_62bf6495f3a27bc084947384_e0006,"{""attribute_name"":""geological_conclusion"",""normalized_value"":""该段围岩较前段变差。岩性为板 岩夹变质砂岩，弱风化，岩质软 硬不均，层间结合较差，节理裂 隙发育，岩体破碎。"",""source_evidence_id"":""doc_62bf6495f3a27bc084947384_e0006""}",knowledge_revision_event_e162850c22f21f36d8078cd9,DAILY_REVIEW_CELL,false,UNCHANGED_EXPRESSIBLE,2023-11-28,true
false,false,cell_b78c8fe752bb215ebc415f65,"{""attribute_name"":""geological_conclusion"",""base_stage3a_state_version_id"":""state_version_254bc171b6057908eef9f05d"",""cell_id"":""cell_b78c8fe752bb215ebc415f65"",""claim_type"":""FORECAST_GEOLOGICAL_CONDITION"",""source_evidence_id"":""doc_62bf6495f3a27bc084947384_e0007"",""source_kind"":""GEOLOGICAL_EVIDENCE"",""state_role"":""DAILY_REVIEW_CELL"",""valid_date"":""2023-11-28""}",FORECAST_GEOLOGICAL_CONDITION,false,false,false,,EXPRESSIBLE,doc_62bf6495f3a27bc084947384_e0007,"{""attribute_name"":""geological_conclusion"",""normalized_value"":""该段围岩较前段稍变好。岩性为 板岩夹变质砂岩，弱风化，岩质 硬，节理裂隙较发育，岩体较破 碎。"",""source_evidence_id"":""doc_62bf6495f3a27bc084947384_e0007""}",,EXPRESSIBLE,doc_62bf6495f3a27bc084947384_e0007,"{""attribute_name"":""geological_conclusion"",""normalized_value"":""该段围岩较前段稍变好。岩性为 板岩夹变质砂岩，弱风化，岩质 硬，节理裂隙较发育，岩体较破 碎。"",""source_evidence_id"":""doc_62bf6495f3a27bc084947384_e0007""}",knowledge_revision_event_e162850c22f21f36d8078cd9,DAILY_REVIEW_CELL,false,UNCHANGED_EXPRESSIBLE,2023-11-28,true
false,false,cell_b78c8fe752bb215ebc415f65,"{""attribute_name"":""geological_description"",""base_stage3a_state_version_id"":""state_version_254bc171b6057908eef9f05d"",""cell_id"":""cell_b78c8fe752bb215ebc415f65"",""claim_type"":""OBSERVED_GEOLOGICAL_CONDITION"",""source_evidence_id"":""doc_1bccaf9b3397c0d25601b19d_e0001"",""source_kind"":""GEOLOGICAL_EVIDENCE"",""state_role"":""DAILY_REVIEW_CELL"",""valid_date"":""2023-11-28""}",OBSERVED_GEOLOGICAL_CONDITION,true,true,false,,EXPRESSIBLE,doc_1bccaf9b3397c0d25601b19d_e0001,"{""attribute_name"":""geological_description"",""normalized_value"":""开挖面 地质概况 当前掌子面地层岩性为石炭二叠系板岩夹变质砂岩，围岩整体弱风化，岩 质硬，节理裂隙发育，岩体破碎，层间结合差，见滴渗水~线状出水。"",""source_evidence_id"":""doc_1bccaf9b3397c0d25601b19d_e0001""}",,,,null,knowledge_revision_event_e162850c22f21f36d8078cd9,DAILY_REVIEW_CELL,false,OPPORTUNITY_ADDED,2023-11-28,false
false,false,cell_b78c8fe752bb215ebc415f65,"{""attribute_name"":""joint_development"",""base_stage3a_state_version_id"":""state_version_254bc171b6057908eef9f05d"",""cell_id"":""cell_b78c8fe752bb215ebc415f65"",""claim_type"":""FORECAST_GEOLOGICAL_CONDITION"",""source_evidence_id"":""doc_1bccaf9b3397c0d25601b19d_e0002"",""source_kind"":""GEOLOGICAL_EVIDENCE"",""state_role"":""DAILY_REVIEW_CELL"",""valid_date"":""2023-11-28""}",FORECAST_GEOLOGICAL_CONDITION,true,true,false,,EXPRESSIBLE,doc_1bccaf9b3397c0d25601b19d_e0002,"{""attribute_name"":""joint_development"",""normalized_value"":""节理裂隙发育"",""source_evidence_id"":""doc_1bccaf9b3397c0d25601b19d_e0002""}",,,,null,knowledge_revision_event_e162850c22f21f36d8078cd9,DAILY_REVIEW_CELL,false,OPPORTUNITY_ADDED,2023-11-28,false
false,false,cell_b78c8fe752bb215ebc415f65,"{""attribute_name"":""joint_development"",""base_stage3a_state_version_id"":""state_version_254bc171b6057908eef9f05d"",""cell_id"":""cell_b78c8fe752bb215ebc415f65"",""claim_type"":""FORECAST_GEOLOGICAL_CONDITION"",""source_evidence_id"":""doc_62bf6495f3a27bc084947384_e0006"",""source_kind"":""GEOLOGICAL_EVIDENCE"",""state_role"":""DAILY_REVIEW_CELL"",""valid_date"":""2023-11-28""}",FORECAST_GEOLOGICAL_CONDITION,false,false,false,,EXPRESSIBLE,doc_62bf6495f3a27bc084947384_e0006,"{""attribute_name"":""joint_development"",""normalized_value"":""节理裂隙发育"",""source_evidence_id"":""doc_62bf6495f3a27bc084947384_e0006""}",,EXPRESSIBLE,doc_62bf6495f3a27bc084947384_e0006,"{""attribute_name"":""joint_development"",""normalized_value"":""节理裂隙发育"",""source_evidence_id"":""doc_62bf6495f3a27bc084947384_e0006""}",knowledge_revision_event_e162850c22f21f36d8078cd9,DAILY_REVIEW_CELL,false,UNCHANGED_EXPRESSIBLE,2023-11-28,true
false,false,cell_b78c8fe752bb215ebc415f65,"{""attribute_name"":""joint_development"",""base_stage3a_state_version_id"":""state_version_254bc171b6057908eef9f05d"",""cell_id"":""cell_b78c8fe752bb215ebc415f65"",""claim_type"":""FORECAST_GEOLOGICAL_CONDITION"",""source_evidence_id"":""doc_62bf6495f3a27bc084947384_e0007"",""source_kind"":""GEOLOGICAL_EVIDENCE"",""state_role"":""DAILY_REVIEW_CELL"",""valid_date"":""2023-11-28""}",FORECAST_GEOLOGICAL_CONDITION,false,false,false,,EXPRESSIBLE,doc_62bf6495f3a27bc084947384_e0007,"{""attribute_name"":""joint_development"",""normalized_value"":""节理裂隙较发育"",""source_evidence_id"":""doc_62bf6495f3a27bc084947384_e0007""}",,EXPRESSIBLE,doc_62bf6495f3a27bc084947384_e0007,"{""attribute_name"":""joint_development"",""normalized_value"":""节理裂隙较发育"",""source_evidence_id"":""doc_62bf6495f3a27bc084947384_e0007""}",knowledge_revision_event_e162850c22f21f36d8078cd9,DAILY_REVIEW_CELL,false,UNCHANGED_EXPRESSIBLE,2023-11-28,true
false,false,cell_b78c8fe752bb215ebc415f65,"{""attribute_name"":""lithology"",""base_stage3a_state_version_id"":""state_version_254bc171b6057908eef9f05d"",""cell_id"":""cell_b78c8fe752bb215ebc415f65"",""claim_type"":""FORECAST_GEOLOGICAL_CONDITION"",""source_evidence_id"":""doc_1bccaf9b3397c0d25601b19d_e0002"",""source_kind"":""GEOLOGICAL_EVIDENCE"",""state_role"":""DAILY_REVIEW_CELL"",""valid_date"":""2023-11-28""}",FORECAST_GEOLOGICAL_CONDITION,true,true,false,,EXPRESSIBLE,doc_1bccaf9b3397c0d25601b19d_e0002,"{""attribute_name"":""lithology"",""normalized_value"":""板岩夹变质砂岩"",""source_evidence_id"":""doc_1bccaf9b3397c0d25601b19d_e0002""}",,,,null,knowledge_revision_event_e162850c22f21f36d8078cd9,DAILY_REVIEW_CELL,false,OPPORTUNITY_ADDED,2023-11-28,false
false,false,cell_b78c8fe752bb215ebc415f65,"{""attribute_name"":""lithology"",""base_stage3a_state_version_id"":""state_version_254bc171b6057908eef9f05d"",""cell_id"":""cell_b78c8fe752bb215ebc415f65"",""claim_type"":""FORECAST_GEOLOGICAL_CONDITION"",""source_evidence_id"":""doc_62bf6495f3a27bc084947384_e0006"",""source_kind"":""GEOLOGICAL_EVIDENCE"",""state_role"":""DAILY_REVIEW_CELL"",""valid_date"":""2023-11-28""}",FORECAST_GEOLOGICAL_CONDITION,false,false,false,,EXPRESSIBLE,doc_62bf6495f3a27bc084947384_e0006,"{""attribute_name"":""lithology"",""normalized_value"":""板岩夹变质砂岩"",""source_evidence_id"":""doc_62bf6495f3a27bc084947384_e0006""}",,EXPRESSIBLE,doc_62bf6495f3a27bc084947384_e0006,"{""attribute_name"":""lithology"",""normalized_value"":""板岩夹变质砂岩"",""source_evidence_id"":""doc_62bf6495f3a27bc084947384_e0006""}",knowledge_revision_event_e162850c22f21f36d8078cd9,DAILY_REVIEW_CELL,false,UNCHANGED_EXPRESSIBLE,2023-11-28,true
false,false,cell_b78c8fe752bb215ebc415f65,"{""attribute_name"":""lithology"",""base_stage3a_state_version_id"":""state_version_254bc171b6057908eef9f05d"",""cell_id"":""cell_b78c8fe752bb215ebc415f65"",""claim_type"":""FORECAST_GEOLOGICAL_CONDITION"",""source_evidence_id"":""doc_62bf6495f3a27bc084947384_e0007"",""source_kind"":""GEOLOGICAL_EVIDENCE"",""state_role"":""DAILY_REVIEW_CELL"",""valid_date"":""2023-11-28""}",FORECAST_GEOLOGICAL_CONDITION,false,false,false,,EXPRESSIBLE,doc_62bf6495f3a27bc084947384_e0007,"{""attribute_name"":""lithology"",""normalized_value"":""板岩夹变质砂岩"",""source_evidence_id"":""doc_62bf6495f3a27bc084947384_e0007""}",,EXPRESSIBLE,doc_62bf6495f3a27bc084947384_e0007,"{""attribute_name"":""lithology"",""normalized_value"":""板岩夹变质砂岩"",""source_evidence_id"":""doc_62bf6495f3a27bc084947384_e0007""}",knowledge_revision_event_e162850c22f21f36d8078cd9,DAILY_REVIEW_CELL,false,UNCHANGED_EXPRESSIBLE,2023-11-28,true
false,false,cell_b78c8fe752bb215ebc415f65,"{""attribute_name"":""lithology"",""base_stage3a_state_version_id"":""state_version_254bc171b6057908eef9f05d"",""cell_id"":""cell_b78c8fe752bb215ebc415f65"",""claim_type"":""OBSERVED_GEOLOGICAL_CONDITION"",""source_evidence_id"":""doc_1bccaf9b3397c0d25601b19d_e0001"",""source_kind"":""GEOLOGICAL_EVIDENCE"",""state_role"":""DAILY_REVIEW_CELL"",""valid_date"":""2023-11-28""}",OBSERVED_GEOLOGICAL_CONDITION,true,true,false,,EXPRESSIBLE,doc_1bccaf9b3397c0d25601b19d_e0001,"{""attribute_name"":""lithology"",""normalized_value"":""板岩夹变质砂岩"",""source_evidence_id"":""doc_1bccaf9b3397c0d25601b19d_e0001""}",,,,null,knowledge_revision_event_e162850c22f21f36d8078cd9,DAILY_REVIEW_CELL,false,OPPORTUNITY_ADDED,2023-11-28,false
false,false,cell_b78c8fe752bb215ebc415f65,"{""attribute_name"":""risk_hint"",""base_stage3a_state_version_id"":""state_version_254bc171b6057908eef9f05d"",""cell_id"":""cell_b78c8fe752bb215ebc415f65"",""claim_type"":""FORECAST_GEOLOGICAL_CONDITION"",""source_evidence_id"":""doc_1bccaf9b3397c0d25601b19d_e0002"",""source_kind"":""GEOLOGICAL_EVIDENCE"",""state_role"":""DAILY_REVIEW_CELL"",""valid_date"":""2023-11-28""}",FORECAST_GEOLOGICAL_CONDITION,true,true,false,UNKNOWN_SOURCE_VALUE,ABSTAIN,,"{""attribute_name"":""risk_hint"",""normalized_value"":""UNKNOWN"",""source_evidence_id"":""doc_1bccaf9b3397c0d25601b19d_e0002""}",,,,null,knowledge_revision_event_e162850c22f21f36d8078cd9,DAILY_REVIEW_CELL,false,OPPORTUNITY_ADDED,2023-11-28,false
false,false,cell_b78c8fe752bb215ebc415f65,"{""attribute_name"":""risk_hint"",""base_stage3a_state_version_id"":""state_version_254bc171b6057908eef9f05d"",""cell_id"":""cell_b78c8fe752bb215ebc415f65"",""claim_type"":""FORECAST_GEOLOGICAL_CONDITION"",""source_evidence_id"":""doc_62bf6495f3a27bc084947384_e0006"",""source_kind"":""GEOLOGICAL_EVIDENCE"",""state_role"":""DAILY_REVIEW_CELL"",""valid_date"":""2023-11-28""}",FORECAST_GEOLOGICAL_CONDITION,false,false,false,,EXPRESSIBLE,doc_62bf6495f3a27bc084947384_e0006,"{""attribute_name"":""risk_hint"",""normalized_value"":""里程+187、 +195 附近有 掉块风险"",""source_evidence_id"":""doc_62bf6495f3a27bc084947384_e0006""}",,EXPRESSIBLE,doc_62bf6495f3a27bc084947384_e0006,"{""attribute_name"":""risk_hint"",""normalized_value"":""里程+187、 +195 附近有 掉块风险"",""source_evidence_id"":""doc_62bf6495f3a27bc084947384_e0006""}",knowledge_revision_event_e162850c22f21f36d8078cd9,DAILY_REVIEW_CELL,false,UNCHANGED_EXPRESSIBLE,2023-11-28,true
false,false,cell_b78c8fe752bb215ebc415f65,"{""attribute_name"":""risk_hint"",""base_stage3a_state_version_id"":""state_version_254bc171b6057908eef9f05d"",""cell_id"":""cell_b78c8fe752bb215ebc415f65"",""claim_type"":""FORECAST_GEOLOGICAL_CONDITION"",""source_evidence_id"":""doc_62bf6495f3a27bc084947384_e0007"",""source_kind"":""GEOLOGICAL_EVIDENCE"",""state_role"":""DAILY_REVIEW_CELL"",""valid_date"":""2023-11-28""}",FORECAST_GEOLOGICAL_CONDITION,false,false,false,UNKNOWN_SOURCE_VALUE,ABSTAIN,,"{""attribute_name"":""risk_hint"",""normalized_value"":""UNKNOWN"",""source_evidence_id"":""doc_62bf6495f3a27bc084947384_e0007""}",UNKNOWN_SOURCE_VALUE,ABSTAIN,,"{""attribute_name"":""risk_hint"",""normalized_value"":""UNKNOWN"",""source_evidence_id"":""doc_62bf6495f3a27bc084947384_e0007""}",knowledge_revision_event_e162850c22f21f36d8078cd9,DAILY_REVIEW_CELL,false,UNCHANGED_ABSTAIN,2023-11-28,false
false,false,cell_b78c8fe752bb215ebc415f65,"{""attribute_name"":""rock_mass_state"",""base_stage3a_state_version_id"":""state_version_254bc171b6057908eef9f05d"",""cell_id"":""cell_b78c8fe752bb215ebc415f65"",""claim_type"":""FORECAST_GEOLOGICAL_CONDITION"",""source_evidence_id"":""doc_1bccaf9b3397c0d25601b19d_e0002"",""source_kind"":""GEOLOGICAL_EVIDENCE"",""state_role"":""DAILY_REVIEW_CELL"",""valid_date"":""2023-11-28""}",FORECAST_GEOLOGICAL_CONDITION,true,true,false,,EXPRESSIBLE,doc_1bccaf9b3397c0d25601b19d_e0002,"{""attribute_name"":""rock_mass_state"",""normalized_value"":""岩体破碎"",""source_evidence_id"":""doc_1bccaf9b3397c0d25601b19d_e0002""}",,,,null,knowledge_revision_event_e162850c22f21f36d8078cd9,DAILY_REVIEW_CELL,false,OPPORTUNITY_ADDED,2023-11-28,false
false,false,cell_b78c8fe752bb215ebc415f65,"{""attribute_name"":""rock_mass_state"",""base_stage3a_state_version_id"":""state_version_254bc171b6057908eef9f05d"",""cell_id"":""cell_b78c8fe752bb215ebc415f65"",""claim_type"":""FORECAST_GEOLOGICAL_CONDITION"",""source_evidence_id"":""doc_62bf6495f3a27bc084947384_e0006"",""source_kind"":""GEOLOGICAL_EVIDENCE"",""state_role"":""DAILY_REVIEW_CELL"",""valid_date"":""2023-11-28""}",FORECAST_GEOLOGICAL_CONDITION,false,false,false,,EXPRESSIBLE,doc_62bf6495f3a27bc084947384_e0006,"{""attribute_name"":""rock_mass_state"",""normalized_value"":""岩体破碎"",""source_evidence_id"":""doc_62bf6495f3a27bc084947384_e0006""}",,EXPRESSIBLE,doc_62bf6495f3a27bc084947384_e0006,"{""attribute_name"":""rock_mass_state"",""normalized_value"":""岩体破碎"",""source_evidence_id"":""doc_62bf6495f3a27bc084947384_e0006""}",knowledge_revision_event_e162850c22f21f36d8078cd9,DAILY_REVIEW_CELL,false,UNCHANGED_EXPRESSIBLE,2023-11-28,true
false,false,cell_b78c8fe752bb215ebc415f65,"{""attribute_name"":""rock_mass_state"",""base_stage3a_state_version_id"":""state_version_254bc171b6057908eef9f05d"",""cell_id"":""cell_b78c8fe752bb215ebc415f65"",""claim_type"":""FORECAST_GEOLOGICAL_CONDITION"",""source_evidence_id"":""doc_62bf6495f3a27bc084947384_e0007"",""source_kind"":""GEOLOGICAL_EVIDENCE"",""state_role"":""DAILY_REVIEW_CELL"",""valid_date"":""2023-11-28""}",FORECAST_GEOLOGICAL_CONDITION,false,false,false,,EXPRESSIBLE,doc_62bf6495f3a27bc084947384_e0007,"{""attribute_name"":""rock_mass_state"",""normalized_value"":""岩体较破碎"",""source_evidence_id"":""doc_62bf6495f3a27bc084947384_e0007""}",,EXPRESSIBLE,doc_62bf6495f3a27bc084947384_e0007,"{""attribute_name"":""rock_mass_state"",""normalized_value"":""岩体较破碎"",""source_evidence_id"":""doc_62bf6495f3a27bc084947384_e0007""}",knowledge_revision_event_e162850c22f21f36d8078cd9,DAILY_REVIEW_CELL,false,UNCHANGED_EXPRESSIBLE,2023-11-28,true
false,false,cell_b78c8fe752bb215ebc415f65,"{""attribute_name"":""rock_mass_state"",""base_stage3a_state_version_id"":""state_version_254bc171b6057908eef9f05d"",""cell_id"":""cell_b78c8fe752bb215ebc415f65"",""claim_type"":""OBSERVED_GEOLOGICAL_CONDITION"",""source_evidence_id"":""doc_1bccaf9b3397c0d25601b19d_e0001"",""source_kind"":""GEOLOGICAL_EVIDENCE"",""state_role"":""DAILY_REVIEW_CELL"",""valid_date"":""2023-11-28""}",OBSERVED_GEOLOGICAL_CONDITION,true,true,false,,EXPRESSIBLE,doc_1bccaf9b3397c0d25601b19d_e0001,"{""attribute_name"":""rock_mass_state"",""normalized_value"":""岩体破碎"",""source_evidence_id"":""doc_1bccaf9b3397c0d25601b19d_e0001""}",,,,null,knowledge_revision_event_e162850c22f21f36d8078cd9,DAILY_REVIEW_CELL,false,OPPORTUNITY_ADDED,2023-11-28,false
false,false,cell_b78c8fe752bb215ebc415f65,"{""attribute_name"":""suggested_grade"",""base_stage3a_state_version_id"":""state_version_254bc171b6057908eef9f05d"",""cell_id"":""cell_b78c8fe752bb215ebc415f65"",""claim_type"":""FORECAST_GEOLOGICAL_CONDITION"",""source_evidence_id"":""doc_1bccaf9b3397c0d25601b19d_e0002"",""source_kind"":""GEOLOGICAL_EVIDENCE"",""state_role"":""DAILY_REVIEW_CELL"",""valid_date"":""2023-11-28""}",FORECAST_GEOLOGICAL_CONDITION,true,true,false,,EXPRESSIBLE,doc_1bccaf9b3397c0d25601b19d_e0002,"{""attribute_name"":""suggested_grade"",""normalized_value"":""Ⅳ级"",""source_evidence_id"":""doc_1bccaf9b3397c0d25601b19d_e0002""}",,,,null,knowledge_revision_event_e162850c22f21f36d8078cd9,DAILY_REVIEW_CELL,false,OPPORTUNITY_ADDED,2023-11-28,false
false,false,cell_b78c8fe752bb215ebc415f65,"{""attribute_name"":""suggested_grade"",""base_stage3a_state_version_id"":""state_version_254bc171b6057908eef9f05d"",""cell_id"":""cell_b78c8fe752bb215ebc415f65"",""claim_type"":""FORECAST_GEOLOGICAL_CONDITION"",""source_evidence_id"":""doc_62bf6495f3a27bc084947384_e0006"",""source_kind"":""GEOLOGICAL_EVIDENCE"",""state_role"":""DAILY_REVIEW_CELL"",""valid_date"":""2023-11-28""}",FORECAST_GEOLOGICAL_CONDITION,false,false,false,,EXPRESSIBLE,doc_62bf6495f3a27bc084947384_e0006,"{""attribute_name"":""suggested_grade"",""normalized_value"":""Ⅴ级"",""source_evidence_id"":""doc_62bf6495f3a27bc084947384_e0006""}",,EXPRESSIBLE,doc_62bf6495f3a27bc084947384_e0006,"{""attribute_name"":""suggested_grade"",""normalized_value"":""Ⅴ级"",""source_evidence_id"":""doc_62bf6495f3a27bc084947384_e0006""}",knowledge_revision_event_e162850c22f21f36d8078cd9,DAILY_REVIEW_CELL,false,UNCHANGED_EXPRESSIBLE,2023-11-28,true
false,false,cell_b78c8fe752bb215ebc415f65,"{""attribute_name"":""suggested_grade"",""base_stage3a_state_version_id"":""state_version_254bc171b6057908eef9f05d"",""cell_id"":""cell_b78c8fe752bb215ebc415f65"",""claim_type"":""FORECAST_GEOLOGICAL_CONDITION"",""source_evidence_id"":""doc_62bf6495f3a27bc084947384_e0007"",""source_kind"":""GEOLOGICAL_EVIDENCE"",""state_role"":""DAILY_REVIEW_CELL"",""valid_date"":""2023-11-28""}",FORECAST_GEOLOGICAL_CONDITION,false,false,false,,EXPRESSIBLE,doc_62bf6495f3a27bc084947384_e0007,"{""attribute_name"":""suggested_grade"",""normalized_value"":""Ⅳ级"",""source_evidence_id"":""doc_62bf6495f3a27bc084947384_e0007""}",,EXPRESSIBLE,doc_62bf6495f3a27bc084947384_e0007,"{""attribute_name"":""suggested_grade"",""normalized_value"":""Ⅳ级"",""source_evidence_id"":""doc_62bf6495f3a27bc084947384_e0007""}",knowledge_revision_event_e162850c22f21f36d8078cd9,DAILY_REVIEW_CELL,false,UNCHANGED_EXPRESSIBLE,2023-11-28,true
false,false,cell_b78c8fe752bb215ebc415f65,"{""attribute_name"":""weathering"",""base_stage3a_state_version_id"":""state_version_254bc171b6057908eef9f05d"",""cell_id"":""cell_b78c8fe752bb215ebc415f65"",""claim_type"":""FORECAST_GEOLOGICAL_CONDITION"",""source_evidence_id"":""doc_1bccaf9b3397c0d25601b19d_e0002"",""source_kind"":""GEOLOGICAL_EVIDENCE"",""state_role"":""DAILY_REVIEW_CELL"",""valid_date"":""2023-11-28""}",FORECAST_GEOLOGICAL_CONDITION,true,true,false,,EXPRESSIBLE,doc_1bccaf9b3397c0d25601b19d_e0002,"{""attribute_name"":""weathering"",""normalized_value"":""弱风化"",""source_evidence_id"":""doc_1bccaf9b3397c0d25601b19d_e0002""}",,,,null,knowledge_revision_event_e162850c22f21f36d8078cd9,DAILY_REVIEW_CELL,false,OPPORTUNITY_ADDED,2023-11-28,false
false,false,cell_b78c8fe752bb215ebc415f65,"{""attribute_name"":""weathering"",""base_stage3a_state_version_id"":""state_version_254bc171b6057908eef9f05d"",""cell_id"":""cell_b78c8fe752bb215ebc415f65"",""claim_type"":""FORECAST_GEOLOGICAL_CONDITION"",""source_evidence_id"":""doc_62bf6495f3a27bc084947384_e0006"",""source_kind"":""GEOLOGICAL_EVIDENCE"",""state_role"":""DAILY_REVIEW_CELL"",""valid_date"":""2023-11-28""}",FORECAST_GEOLOGICAL_CONDITION,false,false,false,,EXPRESSIBLE,doc_62bf6495f3a27bc084947384_e0006,"{""attribute_name"":""weathering"",""normalized_value"":""弱风化"",""source_evidence_id"":""doc_62bf6495f3a27bc084947384_e0006""}",,EXPRESSIBLE,doc_62bf6495f3a27bc084947384_e0006,"{""attribute_name"":""weathering"",""normalized_value"":""弱风化"",""source_evidence_id"":""doc_62bf6495f3a27bc084947384_e0006""}",knowledge_revision_event_e162850c22f21f36d8078cd9,DAILY_REVIEW_CELL,false,UNCHANGED_EXPRESSIBLE,2023-11-28,true
false,false,cell_b78c8fe752bb215ebc415f65,"{""attribute_name"":""weathering"",""base_stage3a_state_version_id"":""state_version_254bc171b6057908eef9f05d"",""cell_id"":""cell_b78c8fe752bb215ebc415f65"",""claim_type"":""FORECAST_GEOLOGICAL_CONDITION"",""source_evidence_id"":""doc_62bf6495f3a27bc084947384_e0007"",""source_kind"":""GEOLOGICAL_EVIDENCE"",""state_role"":""DAILY_REVIEW_CELL"",""valid_date"":""2023-11-28""}",FORECAST_GEOLOGICAL_CONDITION,false,false,false,,EXPRESSIBLE,doc_62bf6495f3a27bc084947384_e0007,"{""attribute_name"":""weathering"",""normalized_value"":""弱风化"",""source_evidence_id"":""doc_62bf6495f3a27bc084947384_e0007""}",,EXPRESSIBLE,doc_62bf6495f3a27bc084947384_e0007,"{""attribute_name"":""weathering"",""normalized_value"":""弱风化"",""source_evidence_id"":""doc_62bf6495f3a27bc084947384_e0007""}",knowledge_revision_event_e162850c22f21f36d8078cd9,DAILY_REVIEW_CELL,false,UNCHANGED_EXPRESSIBLE,2023-11-28,true
false,false,cell_b78c8fe752bb215ebc415f65,"{""attribute_name"":""weathering"",""base_stage3a_state_version_id"":""state_version_254bc171b6057908eef9f05d"",""cell_id"":""cell_b78c8fe752bb215ebc415f65"",""claim_type"":""OBSERVED_GEOLOGICAL_CONDITION"",""source_evidence_id"":""doc_1bccaf9b3397c0d25601b19d_e0001"",""source_kind"":""GEOLOGICAL_EVIDENCE"",""state_role"":""DAILY_REVIEW_CELL"",""valid_date"":""2023-11-28""}",OBSERVED_GEOLOGICAL_CONDITION,true,true,false,,EXPRESSIBLE,doc_1bccaf9b3397c0d25601b19d_e0001,"{""attribute_name"":""weathering"",""normalized_value"":""弱风化"",""source_evidence_id"":""doc_1bccaf9b3397c0d25601b19d_e0001""}",,,,null,knowledge_revision_event_e162850c22f21f36d8078cd9,DAILY_REVIEW_CELL,false,OPPORTUNITY_ADDED,2023-11-28,false
false,false,cell_b78c8fe752bb215ebc415f65,"{""base_stage3a_state_version_id"":""state_version_254bc171b6057908eef9f05d"",""cell_id"":""cell_b78c8fe752bb215ebc415f65"",""claim_type"":""COUPLED_ATTENTION_REVIEW"",""metric_name"":""GRCI"",""source_kind"":""STATE_GRCI"",""state_role"":""DAILY_REVIEW_CELL"",""valid_date"":""2023-11-28""}",COUPLED_ATTENTION_REVIEW,false,false,false,,EXPRESSIBLE,state_grci_7ccad46dd5f7e4a12761df9c,"{""is_causal_estimate"":false,""is_hazard_probability"":false,""is_probability"":false,""metric_name"":""GRCI"",""metric_semantics"":""NONPROBABILISTIC_CONJUNCTIVE_PRODUCT"",""metric_status"":""AVAILABLE"",""metric_value"":0.14180017443090537}",,EXPRESSIBLE,state_grci_fbb205fc3408c9f5d0aa4e13,"{""is_causal_estimate"":false,""is_hazard_probability"":false,""is_probability"":false,""metric_name"":""GRCI"",""metric_semantics"":""NONPROBABILISTIC_CONJUNCTIVE_PRODUCT"",""metric_status"":""AVAILABLE"",""metric_value"":0.14180017443090537}",knowledge_revision_event_e162850c22f21f36d8078cd9,DAILY_REVIEW_CELL,true,RESOLVED_SUPPORT_CHANGED,2023-11-28,false
false,false,cell_b78c8fe752bb215ebc415f65,"{""base_stage3a_state_version_id"":""state_version_254bc171b6057908eef9f05d"",""cell_id"":""cell_b78c8fe752bb215ebc415f65"",""claim_type"":""GEOLOGICAL_EVIDENCE_ATTENTION_REVIEW"",""metric_name"":""GRS"",""source_kind"":""STATE_GRS"",""state_role"":""DAILY_REVIEW_CELL"",""valid_date"":""2023-11-28""}",GEOLOGICAL_EVIDENCE_ATTENTION_REVIEW,false,false,false,,EXPRESSIBLE,state_grs_7ccad46dd5f7e4a12761df9c,"{""is_causal_estimate"":false,""is_hazard_probability"":false,""is_probability"":false,""metric_name"":""GRS"",""metric_semantics"":""GEOLOGICAL_EVIDENCE_ATTENTION_INDEX"",""metric_status"":""AVAILABLE"",""metric_value"":0.7916666666666666}",,EXPRESSIBLE,state_grs_fbb205fc3408c9f5d0aa4e13,"{""is_causal_estimate"":false,""is_hazard_probability"":false,""is_probability"":false,""metric_name"":""GRS"",""metric_semantics"":""GEOLOGICAL_EVIDENCE_ATTENTION_INDEX"",""metric_status"":""AVAILABLE"",""metric_value"":0.7916666666666666}",knowledge_revision_event_e162850c22f21f36d8078cd9,DAILY_REVIEW_CELL,true,RESOLVED_SUPPORT_CHANGED,2023-11-28,false
false,false,cell_b78c8fe752bb215ebc415f65,"{""base_stage3a_state_version_id"":""state_version_254bc171b6057908eef9f05d"",""cell_id"":""cell_b78c8fe752bb215ebc415f65"",""claim_type"":""OPERATIONAL_RESPONSE_ATTENTION"",""metric_name"":""RAI"",""source_kind"":""STATE_RAI"",""state_role"":""DAILY_REVIEW_CELL"",""valid_date"":""2023-11-28""}",OPERATIONAL_RESPONSE_ATTENTION,false,false,false,,EXPRESSIBLE,state_rai_7ccad46dd5f7e4a12761df9c,"{""is_causal_estimate"":false,""is_hazard_probability"":false,""is_probability"":false,""metric_name"":""RAI"",""metric_semantics"":""OPERATIONAL_RESPONSE_ATTENTION_INDEX"",""metric_status"":""AVAILABLE"",""metric_value"":0.17911600980745943}",,EXPRESSIBLE,state_rai_fbb205fc3408c9f5d0aa4e13,"{""is_causal_estimate"":false,""is_hazard_probability"":false,""is_probability"":false,""metric_name"":""RAI"",""metric_semantics"":""OPERATIONAL_RESPONSE_ATTENTION_INDEX"",""metric_status"":""AVAILABLE"",""metric_value"":0.17911600980745943}",knowledge_revision_event_e162850c22f21f36d8078cd9,DAILY_REVIEW_CELL,false,UNCHANGED_EXPRESSIBLE,2023-11-28,true
false,false,cell_fccd76a8459740ecc3617390,"{""attribute_name"":""anomaly_level"",""base_stage3a_state_version_id"":""state_version_77afdc68f572bfdcf0755132"",""cell_id"":""cell_fccd76a8459740ecc3617390"",""claim_type"":""FORECAST_GEOLOGICAL_CONDITION"",""source_evidence_id"":""doc_09e89a967279537d5c9bb8d7_e0002"",""source_kind"":""GEOLOGICAL_EVIDENCE"",""state_role"":""FORWARD_ATTENTION_CELL"",""valid_date"":""2023-10-21""}",FORECAST_GEOLOGICAL_CONDITION,true,true,false,UNKNOWN_SOURCE_VALUE,ABSTAIN,,"{""attribute_name"":""anomaly_level"",""normalized_value"":""NONE"",""source_evidence_id"":""doc_09e89a967279537d5c9bb8d7_e0002""}",,,,null,knowledge_revision_event_e9509fe604d0b341f89d4f9a,FORWARD_ATTENTION_CELL,false,OPPORTUNITY_ADDED,2023-10-21,false
false,false,cell_fccd76a8459740ecc3617390,"{""attribute_name"":""anomaly_level"",""base_stage3a_state_version_id"":""state_version_77afdc68f572bfdcf0755132"",""cell_id"":""cell_fccd76a8459740ecc3617390"",""claim_type"":""FORECAST_GEOLOGICAL_CONDITION"",""source_evidence_id"":""doc_09e89a967279537d5c9bb8d7_e0003"",""source_kind"":""GEOLOGICAL_EVIDENCE"",""state_role"":""FORWARD_ATTENTION_CELL"",""valid_date"":""2023-10-21""}",FORECAST_GEOLOGICAL_CONDITION,true,true,false,,EXPRESSIBLE,doc_09e89a967279537d5c9bb8d7_e0003,"{""attribute_name"":""anomaly_level"",""normalized_value"":""MODERATE"",""source_evidence_id"":""doc_09e89a967279537d5c9bb8d7_e0003""}",,,,null,knowledge_revision_event_e9509fe604d0b341f89d4f9a,FORWARD_ATTENTION_CELL,false,OPPORTUNITY_ADDED,2023-10-21,false
false,false,cell_fccd76a8459740ecc3617390,"{""attribute_name"":""geological_conclusion"",""base_stage3a_state_version_id"":""state_version_77afdc68f572bfdcf0755132"",""cell_id"":""cell_fccd76a8459740ecc3617390"",""claim_type"":""FORECAST_GEOLOGICAL_CONDITION"",""source_evidence_id"":""doc_09e89a967279537d5c9bb8d7_e0002"",""source_kind"":""GEOLOGICAL_EVIDENCE"",""state_role"":""FORWARD_ATTENTION_CELL"",""valid_date"":""2023-10-21""}",FORECAST_GEOLOGICAL_CONDITION,true,true,false,,EXPRESSIBLE,doc_09e89a967279537d5c9bb8d7_e0002,"{""attribute_name"":""geological_conclusion"",""normalized_value"":""该段围岩与当前掌子面相当。岩 性为板岩夹变质砂岩，弱风化， 岩质软硬不均，节理裂隙发育， 岩体破碎，围岩整体稳定性较差"",""source_evidence_id"":""doc_09e89a967279537d5c9bb8d7_e0002""}",,,,null,knowledge_revision_event_e9509fe604d0b341f89d4f9a,FORWARD_ATTENTION_CELL,false,OPPORTUNITY_ADDED,2023-10-21,false
false,false,cell_fccd76a8459740ecc3617390,"{""attribute_name"":""geological_conclusion"",""base_stage3a_state_version_id"":""state_version_77afdc68f572bfdcf0755132"",""cell_id"":""cell_fccd76a8459740ecc3617390"",""claim_type"":""FORECAST_GEOLOGICAL_CONDITION"",""source_evidence_id"":""doc_09e89a967279537d5c9bb8d7_e0003"",""source_kind"":""GEOLOGICAL_EVIDENCE"",""state_role"":""FORWARD_ATTENTION_CELL"",""valid_date"":""2023-10-21""}",FORECAST_GEOLOGICAL_CONDITION,true,true,false,,EXPRESSIBLE,doc_09e89a967279537d5c9bb8d7_e0003,"{""attribute_name"":""geological_conclusion"",""normalized_value"":""该段围岩整体较前段稍有变差。 岩性为板岩夹变质砂岩，弱风化， 岩质软硬不均，节理裂隙发育， 局部段落节理裂隙发育密集，岩 体破碎-极破碎，围岩整体稳定性 较差"",""source_evidence_id"":""doc_09e89a967279537d5c9bb8d7_e0003""}",,,,null,knowledge_revision_event_e9509fe604d0b341f89d4f9a,FORWARD_ATTENTION_CELL,false,OPPORTUNITY_ADDED,2023-10-21,false
false,false,cell_fccd76a8459740ecc3617390,"{""attribute_name"":""joint_development"",""base_stage3a_state_version_id"":""state_version_77afdc68f572bfdcf0755132"",""cell_id"":""cell_fccd76a8459740ecc3617390"",""claim_type"":""FORECAST_GEOLOGICAL_CONDITION"",""source_evidence_id"":""doc_09e89a967279537d5c9bb8d7_e0002"",""source_kind"":""GEOLOGICAL_EVIDENCE"",""state_role"":""FORWARD_ATTENTION_CELL"",""valid_date"":""2023-10-21""}",FORECAST_GEOLOGICAL_CONDITION,true,true,false,,EXPRESSIBLE,doc_09e89a967279537d5c9bb8d7_e0002,"{""attribute_name"":""joint_development"",""normalized_value"":""节理裂隙发育"",""source_evidence_id"":""doc_09e89a967279537d5c9bb8d7_e0002""}",,,,null,knowledge_revision_event_e9509fe604d0b341f89d4f9a,FORWARD_ATTENTION_CELL,false,OPPORTUNITY_ADDED,2023-10-21,false
false,false,cell_fccd76a8459740ecc3617390,"{""attribute_name"":""joint_development"",""base_stage3a_state_version_id"":""state_version_77afdc68f572bfdcf0755132"",""cell_id"":""cell_fccd76a8459740ecc3617390"",""claim_type"":""FORECAST_GEOLOGICAL_CONDITION"",""source_evidence_id"":""doc_09e89a967279537d5c9bb8d7_e0003"",""source_kind"":""GEOLOGICAL_EVIDENCE"",""state_role"":""FORWARD_ATTENTION_CELL"",""valid_date"":""2023-10-21""}",FORECAST_GEOLOGICAL_CONDITION,true,true,false,,EXPRESSIBLE,doc_09e89a967279537d5c9bb8d7_e0003,"{""attribute_name"":""joint_development"",""normalized_value"":""节理裂隙发育密集"",""source_evidence_id"":""doc_09e89a967279537d5c9bb8d7_e0003""}",,,,null,knowledge_revision_event_e9509fe604d0b341f89d4f9a,FORWARD_ATTENTION_CELL,false,OPPORTUNITY_ADDED,2023-10-21,false
false,false,cell_fccd76a8459740ecc3617390,"{""attribute_name"":""lithology"",""base_stage3a_state_version_id"":""state_version_77afdc68f572bfdcf0755132"",""cell_id"":""cell_fccd76a8459740ecc3617390"",""claim_type"":""FORECAST_GEOLOGICAL_CONDITION"",""source_evidence_id"":""doc_09e89a967279537d5c9bb8d7_e0002"",""source_kind"":""GEOLOGICAL_EVIDENCE"",""state_role"":""FORWARD_ATTENTION_CELL"",""valid_date"":""2023-10-21""}",FORECAST_GEOLOGICAL_CONDITION,true,true,false,,EXPRESSIBLE,doc_09e89a967279537d5c9bb8d7_e0002,"{""attribute_name"":""lithology"",""normalized_value"":""板岩夹变质砂岩"",""source_evidence_id"":""doc_09e89a967279537d5c9bb8d7_e0002""}",,,,null,knowledge_revision_event_e9509fe604d0b341f89d4f9a,FORWARD_ATTENTION_CELL,false,OPPORTUNITY_ADDED,2023-10-21,false
false,false,cell_fccd76a8459740ecc3617390,"{""attribute_name"":""lithology"",""base_stage3a_state_version_id"":""state_version_77afdc68f572bfdcf0755132"",""cell_id"":""cell_fccd76a8459740ecc3617390"",""claim_type"":""FORECAST_GEOLOGICAL_CONDITION"",""source_evidence_id"":""doc_09e89a967279537d5c9bb8d7_e0003"",""source_kind"":""GEOLOGICAL_EVIDENCE"",""state_role"":""FORWARD_ATTENTION_CELL"",""valid_date"":""2023-10-21""}",FORECAST_GEOLOGICAL_CONDITION,true,true,false,,EXPRESSIBLE,doc_09e89a967279537d5c9bb8d7_e0003,"{""attribute_name"":""lithology"",""normalized_value"":""板岩夹变质砂岩"",""source_evidence_id"":""doc_09e89a967279537d5c9bb8d7_e0003""}",,,,null,knowledge_revision_event_e9509fe604d0b341f89d4f9a,FORWARD_ATTENTION_CELL,false,OPPORTUNITY_ADDED,2023-10-21,false
false,false,cell_fccd76a8459740ecc3617390,"{""attribute_name"":""risk_hint"",""base_stage3a_state_version_id"":""state_version_77afdc68f572bfdcf0755132"",""cell_id"":""cell_fccd76a8459740ecc3617390"",""claim_type"":""FORECAST_GEOLOGICAL_CONDITION"",""source_evidence_id"":""doc_09e89a967279537d5c9bb8d7_e0002"",""source_kind"":""GEOLOGICAL_EVIDENCE"",""state_role"":""FORWARD_ATTENTION_CELL"",""valid_date"":""2023-10-21""}",FORECAST_GEOLOGICAL_CONDITION,true,true,false,UNKNOWN_SOURCE_VALUE,ABSTAIN,,"{""attribute_name"":""risk_hint"",""normalized_value"":""UNKNOWN"",""source_evidence_id"":""doc_09e89a967279537d5c9bb8d7_e0002""}",,,,null,knowledge_revision_event_e9509fe604d0b341f89d4f9a,FORWARD_ATTENTION_CELL,false,OPPORTUNITY_ADDED,2023-10-21,false
false,false,cell_fccd76a8459740ecc3617390,"{""attribute_name"":""risk_hint"",""base_stage3a_state_version_id"":""state_version_77afdc68f572bfdcf0755132"",""cell_id"":""cell_fccd76a8459740ecc3617390"",""claim_type"":""FORECAST_GEOLOGICAL_CONDITION"",""source_evidence_id"":""doc_09e89a967279537d5c9bb8d7_e0003"",""source_kind"":""GEOLOGICAL_EVIDENCE"",""state_role"":""FORWARD_ATTENTION_CELL"",""valid_date"":""2023-10-21""}",FORECAST_GEOLOGICAL_CONDITION,true,true,false,,EXPRESSIBLE,doc_09e89a967279537d5c9bb8d7_e0003,"{""attribute_name"":""risk_hint"",""normalized_value"":""里程+788、 +804、+821、 +838、+854 附近有掉块 风险"",""source_evidence_id"":""doc_09e89a967279537d5c9bb8d7_e0003""}",,,,null,knowledge_revision_event_e9509fe604d0b341f89d4f9a,FORWARD_ATTENTION_CELL,false,OPPORTUNITY_ADDED,2023-10-21,false
false,false,cell_fccd76a8459740ecc3617390,"{""attribute_name"":""rock_mass_state"",""base_stage3a_state_version_id"":""state_version_77afdc68f572bfdcf0755132"",""cell_id"":""cell_fccd76a8459740ecc3617390"",""claim_type"":""FORECAST_GEOLOGICAL_CONDITION"",""source_evidence_id"":""doc_09e89a967279537d5c9bb8d7_e0002"",""source_kind"":""GEOLOGICAL_EVIDENCE"",""state_role"":""FORWARD_ATTENTION_CELL"",""valid_date"":""2023-10-21""}",FORECAST_GEOLOGICAL_CONDITION,true,true,false,,EXPRESSIBLE,doc_09e89a967279537d5c9bb8d7_e0002,"{""attribute_name"":""rock_mass_state"",""normalized_value"":""岩体破碎"",""source_evidence_id"":""doc_09e89a967279537d5c9bb8d7_e0002""}",,,,null,knowledge_revision_event_e9509fe604d0b341f89d4f9a,FORWARD_ATTENTION_CELL,false,OPPORTUNITY_ADDED,2023-10-21,false
false,false,cell_fccd76a8459740ecc3617390,"{""attribute_name"":""rock_mass_state"",""base_stage3a_state_version_id"":""state_version_77afdc68f572bfdcf0755132"",""cell_id"":""cell_fccd76a8459740ecc3617390"",""claim_type"":""FORECAST_GEOLOGICAL_CONDITION"",""source_evidence_id"":""doc_09e89a967279537d5c9bb8d7_e0003"",""source_kind"":""GEOLOGICAL_EVIDENCE"",""state_role"":""FORWARD_ATTENTION_CELL"",""valid_date"":""2023-10-21""}",FORECAST_GEOLOGICAL_CONDITION,true,true,false,,EXPRESSIBLE,doc_09e89a967279537d5c9bb8d7_e0003,"{""attribute_name"":""rock_mass_state"",""normalized_value"":""岩体破碎-极破碎"",""source_evidence_id"":""doc_09e89a967279537d5c9bb8d7_e0003""}",,,,null,knowledge_revision_event_e9509fe604d0b341f89d4f9a,FORWARD_ATTENTION_CELL,false,OPPORTUNITY_ADDED,2023-10-21,false
false,false,cell_fccd76a8459740ecc3617390,"{""attribute_name"":""suggested_grade"",""base_stage3a_state_version_id"":""state_version_77afdc68f572bfdcf0755132"",""cell_id"":""cell_fccd76a8459740ecc3617390"",""claim_type"":""FORECAST_GEOLOGICAL_CONDITION"",""source_evidence_id"":""doc_09e89a967279537d5c9bb8d7_e0002"",""source_kind"":""GEOLOGICAL_EVIDENCE"",""state_role"":""FORWARD_ATTENTION_CELL"",""valid_date"":""2023-10-21""}",FORECAST_GEOLOGICAL_CONDITION,true,true,false,,EXPRESSIBLE,doc_09e89a967279537d5c9bb8d7_e0002,"{""attribute_name"":""suggested_grade"",""normalized_value"":""Ⅳ级"",""source_evidence_id"":""doc_09e89a967279537d5c9bb8d7_e0002""}",,,,null,knowledge_revision_event_e9509fe604d0b341f89d4f9a,FORWARD_ATTENTION_CELL,false,OPPORTUNITY_ADDED,2023-10-21,false
false,false,cell_fccd76a8459740ecc3617390,"{""attribute_name"":""suggested_grade"",""base_stage3a_state_version_id"":""state_version_77afdc68f572bfdcf0755132"",""cell_id"":""cell_fccd76a8459740ecc3617390"",""claim_type"":""FORECAST_GEOLOGICAL_CONDITION"",""source_evidence_id"":""doc_09e89a967279537d5c9bb8d7_e0003"",""source_kind"":""GEOLOGICAL_EVIDENCE"",""state_role"":""FORWARD_ATTENTION_CELL"",""valid_date"":""2023-10-21""}",FORECAST_GEOLOGICAL_CONDITION,true,true,false,,EXPRESSIBLE,doc_09e89a967279537d5c9bb8d7_e0003,"{""attribute_name"":""suggested_grade"",""normalized_value"":""Ⅳ级"",""source_evidence_id"":""doc_09e89a967279537d5c9bb8d7_e0003""}",,,,null,knowledge_revision_event_e9509fe604d0b341f89d4f9a,FORWARD_ATTENTION_CELL,false,OPPORTUNITY_ADDED,2023-10-21,false
false,false,cell_fccd76a8459740ecc3617390,"{""attribute_name"":""weathering"",""base_stage3a_state_version_id"":""state_version_77afdc68f572bfdcf0755132"",""cell_id"":""cell_fccd76a8459740ecc3617390"",""claim_type"":""FORECAST_GEOLOGICAL_CONDITION"",""source_evidence_id"":""doc_09e89a967279537d5c9bb8d7_e0002"",""source_kind"":""GEOLOGICAL_EVIDENCE"",""state_role"":""FORWARD_ATTENTION_CELL"",""valid_date"":""2023-10-21""}",FORECAST_GEOLOGICAL_CONDITION,true,true,false,,EXPRESSIBLE,doc_09e89a967279537d5c9bb8d7_e0002,"{""attribute_name"":""weathering"",""normalized_value"":""弱风化"",""source_evidence_id"":""doc_09e89a967279537d5c9bb8d7_e0002""}",,,,null,knowledge_revision_event_e9509fe604d0b341f89d4f9a,FORWARD_ATTENTION_CELL,false,OPPORTUNITY_ADDED,2023-10-21,false
false,false,cell_fccd76a8459740ecc3617390,"{""attribute_name"":""weathering"",""base_stage3a_state_version_id"":""state_version_77afdc68f572bfdcf0755132"",""cell_id"":""cell_fccd76a8459740ecc3617390"",""claim_type"":""FORECAST_GEOLOGICAL_CONDITION"",""source_evidence_id"":""doc_09e89a967279537d5c9bb8d7_e0003"",""source_kind"":""GEOLOGICAL_EVIDENCE"",""state_role"":""FORWARD_ATTENTION_CELL"",""valid_date"":""2023-10-21""}",FORECAST_GEOLOGICAL_CONDITION,true,true,false,,EXPRESSIBLE,doc_09e89a967279537d5c9bb8d7_e0003,"{""attribute_name"":""weathering"",""normalized_value"":""弱风化"",""source_evidence_id"":""doc_09e89a967279537d5c9bb8d7_e0003""}",,,,null,knowledge_revision_event_e9509fe604d0b341f89d4f9a,FORWARD_ATTENTION_CELL,false,OPPORTUNITY_ADDED,2023-10-21,false
true,true,cell_fccd76a8459740ecc3617390,"{""base_stage3a_state_version_id"":""state_version_77afdc68f572bfdcf0755132"",""cell_id"":""cell_fccd76a8459740ecc3617390"",""claim_type"":""FORWARD_GEOLOGICAL_ATTENTION"",""metric_name"":""GRS"",""source_kind"":""STATE_GRS"",""state_role"":""FORWARD_ATTENTION_CELL"",""valid_date"":""2023-10-21""}",FORWARD_GEOLOGICAL_ATTENTION,true,false,false,,EXPRESSIBLE,state_grs_fc5666c219bf2b8be727bafd,"{""is_causal_estimate"":false,""is_hazard_probability"":false,""is_probability"":false,""metric_name"":""GRS"",""metric_semantics"":""FORWARD_GEOLOGICAL_EVIDENCE_ATTENTION_INDEX"",""metric_status"":""AVAILABLE"",""metric_value"":0.8333333333333333}",REQUIRED_EPISTEMIC_STATUS_MISSING,ABSTAIN,,null,knowledge_revision_event_e9509fe604d0b341f89d4f9a,FORWARD_ATTENTION_CELL,true,ABSTAIN_TO_EXPRESSIBLE,2023-10-21,false
false,false,cell_fccd76a8459740ecc3617390,"{""base_stage3a_state_version_id"":""state_version_77afdc68f572bfdcf0755132"",""cell_id"":""cell_fccd76a8459740ecc3617390"",""claim_type"":""OPERATIONAL_RESPONSE_ATTENTION"",""metric_name"":""RAI"",""source_kind"":""STATE_RAI"",""state_role"":""FORWARD_ATTENTION_CELL"",""valid_date"":""2023-10-21""}",OPERATIONAL_RESPONSE_ATTENTION,false,false,false,STATE_ROLE_NOT_ALLOWED,ABSTAIN,,null,STATE_ROLE_NOT_ALLOWED,ABSTAIN,,null,knowledge_revision_event_e9509fe604d0b341f89d4f9a,FORWARD_ATTENTION_CELL,false,UNCHANGED_ABSTAIN,2023-10-21,false
false,false,cell_585026313bab68f0a4a0e814,"{""attribute_name"":""anomaly_level"",""base_stage3a_state_version_id"":""state_version_2e345f5f7fbd2b7d90b3fc20"",""cell_id"":""cell_585026313bab68f0a4a0e814"",""claim_type"":""FORECAST_GEOLOGICAL_CONDITION"",""source_evidence_id"":""doc_28d57b5baaf883772b83b6e8_e0005"",""source_kind"":""GEOLOGICAL_EVIDENCE"",""state_role"":""FORWARD_ATTENTION_CELL"",""valid_date"":""2023-11-05""}",FORECAST_GEOLOGICAL_CONDITION,false,false,false,,EXPRESSIBLE,doc_28d57b5baaf883772b83b6e8_e0005,"{""attribute_name"":""anomaly_level"",""normalized_value"":""LOW"",""source_evidence_id"":""doc_28d57b5baaf883772b83b6e8_e0005""}",,EXPRESSIBLE,doc_28d57b5baaf883772b83b6e8_e0005,"{""attribute_name"":""anomaly_level"",""normalized_value"":""LOW"",""source_evidence_id"":""doc_28d57b5baaf883772b83b6e8_e0005""}",knowledge_revision_event_ecb0e61c665935ee1db3a67f,FORWARD_ATTENTION_CELL,false,UNCHANGED_EXPRESSIBLE,2023-11-05,true
false,false,cell_585026313bab68f0a4a0e814,"{""attribute_name"":""anomaly_level"",""base_stage3a_state_version_id"":""state_version_2e345f5f7fbd2b7d90b3fc20"",""cell_id"":""cell_585026313bab68f0a4a0e814"",""claim_type"":""FORECAST_GEOLOGICAL_CONDITION"",""source_evidence_id"":""doc_a1ca08b3f141763f45863a07_e0002"",""source_kind"":""GEOLOGICAL_EVIDENCE"",""state_role"":""FORWARD_ATTENTION_CELL"",""valid_date"":""2023-11-05""}",FORECAST_GEOLOGICAL_CONDITION,true,true,false,UNKNOWN_SOURCE_VALUE,ABSTAIN,,"{""attribute_name"":""anomaly_level"",""normalized_value"":""NONE"",""source_evidence_id"":""doc_a1ca08b3f141763f45863a07_e0002""}",,,,null,knowledge_revision_event_ecb0e61c665935ee1db3a67f,FORWARD_ATTENTION_CELL,false,OPPORTUNITY_ADDED,2023-11-05,false
false,false,cell_585026313bab68f0a4a0e814,"{""attribute_name"":""anomaly_level"",""base_stage3a_state_version_id"":""state_version_2e345f5f7fbd2b7d90b3fc20"",""cell_id"":""cell_585026313bab68f0a4a0e814"",""claim_type"":""FORECAST_GEOLOGICAL_CONDITION"",""source_evidence_id"":""doc_a1ca08b3f141763f45863a07_e0003"",""source_kind"":""GEOLOGICAL_EVIDENCE"",""state_role"":""FORWARD_ATTENTION_CELL"",""valid_date"":""2023-11-05""}",FORECAST_GEOLOGICAL_CONDITION,true,true,false,,EXPRESSIBLE,doc_a1ca08b3f141763f45863a07_e0003,"{""attribute_name"":""anomaly_level"",""normalized_value"":""MODERATE"",""source_evidence_id"":""doc_a1ca08b3f141763f45863a07_e0003""}",,,,null,knowledge_revision_event_ecb0e61c665935ee1db3a67f,FORWARD_ATTENTION_CELL,false,OPPORTUNITY_ADDED,2023-11-05,false
false,false,cell_585026313bab68f0a4a0e814,"{""attribute_name"":""geological_conclusion"",""base_stage3a_state_version_id"":""state_version_2e345f5f7fbd2b7d90b3fc20"",""cell_id"":""cell_585026313bab68f0a4a0e814"",""claim_type"":""FORECAST_GEOLOGICAL_CONDITION"",""source_evidence_id"":""doc_28d57b5baaf883772b83b6e8_e0005"",""source_kind"":""GEOLOGICAL_EVIDENCE"",""state_role"":""FORWARD_ATTENTION_CELL"",""valid_date"":""2023-11-05""}",FORECAST_GEOLOGICAL_CONDITION,false,false,false,,EXPRESSIBLE,doc_28d57b5baaf883772b83b6e8_e0005,"{""attribute_name"":""geological_conclusion"",""normalized_value"":""该段围岩较前段稍变差。岩性为 板岩夹变质砂岩，弱风化，岩质 软硬不均，节理裂隙发育，岩体 破碎，层间结合差，围岩整体稳 定性差"",""source_evidence_id"":""doc_28d57b5baaf883772b83b6e8_e0005""}",,EXPRESSIBLE,doc_28d57b5baaf883772b83b6e8_e0005,"{""attribute_name"":""geological_conclusion"",""normalized_value"":""该段围岩较前段稍变差。岩性为 板岩夹变质砂岩，弱风化，岩质 软硬不均，节理裂隙发育，岩体 破碎，层间结合差，围岩整体稳 定性差"",""source_evidence_id"":""doc_28d57b5baaf883772b83b6e8_e0005""}",knowledge_revision_event_ecb0e61c665935ee1db3a67f,FORWARD_ATTENTION_CELL,false,UNCHANGED_EXPRESSIBLE,2023-11-05,true
false,false,cell_585026313bab68f0a4a0e814,"{""attribute_name"":""geological_conclusion"",""base_stage3a_state_version_id"":""state_version_2e345f5f7fbd2b7d90b3fc20"",""cell_id"":""cell_585026313bab68f0a4a0e814"",""claim_type"":""FORECAST_GEOLOGICAL_CONDITION"",""source_evidence_id"":""doc_a1ca08b3f141763f45863a07_e0002"",""source_kind"":""GEOLOGICAL_EVIDENCE"",""state_role"":""FORWARD_ATTENTION_CELL"",""valid_date"":""2023-11-05""}",FORECAST_GEOLOGICAL_CONDITION,true,true,false,,EXPRESSIBLE,doc_a1ca08b3f141763f45863a07_e0002,"{""attribute_name"":""geological_conclusion"",""normalized_value"":""该段围岩与当前掌子面相当。岩 性为板岩夹变质砂岩，弱风化， 岩质软硬不均，节理裂隙较发育， 岩体较破碎。"",""source_evidence_id"":""doc_a1ca08b3f141763f45863a07_e0002""}",,,,null,knowledge_revision_event_ecb0e61c665935ee1db3a67f,FORWARD_ATTENTION_CELL,false,OPPORTUNITY_ADDED,2023-11-05,false
false,false,cell_585026313bab68f0a4a0e814,"{""attribute_name"":""geological_conclusion"",""base_stage3a_state_version_id"":""state_version_2e345f5f7fbd2b7d90b3fc20"",""cell_id"":""cell_585026313bab68f0a4a0e814"",""claim_type"":""FORECAST_GEOLOGICAL_CONDITION"",""source_evidence_id"":""doc_a1ca08b3f141763f45863a07_e0003"",""source_kind"":""GEOLOGICAL_EVIDENCE"",""state_role"":""FORWARD_ATTENTION_CELL"",""valid_date"":""2023-11-05""}",FORECAST_GEOLOGICAL_CONDITION,true,true,false,,EXPRESSIBLE,doc_a1ca08b3f141763f45863a07_e0003,"{""attribute_name"":""geological_conclusion"",""normalized_value"":""该段围岩较前段变差。岩性为板 岩夹变质砂岩，弱风化，岩质软 硬不均，节理裂隙较发育-发育， 岩体较破碎-破碎，裂隙层间结合 度差。"",""source_evidence_id"":""doc_a1ca08b3f141763f45863a07_e0003""}",,,,null,knowledge_revision_event_ecb0e61c665935ee1db3a67f,FORWARD_ATTENTION_CELL,false,OPPORTUNITY_ADDED,2023-11-05,false
false,false,cell_585026313bab68f0a4a0e814,"{""attribute_name"":""joint_development"",""base_stage3a_state_version_id"":""state_version_2e345f5f7fbd2b7d90b3fc20"",""cell_id"":""cell_585026313bab68f0a4a0e814"",""claim_type"":""FORECAST_GEOLOGICAL_CONDITION"",""source_evidence_id"":""doc_28d57b5baaf883772b83b6e8_e0005"",""source_kind"":""GEOLOGICAL_EVIDENCE"",""state_role"":""FORWARD_ATTENTION_CELL"",""valid_date"":""2023-11-05""}",FORECAST_GEOLOGICAL_CONDITION,false,false,false,,EXPRESSIBLE,doc_28d57b5baaf883772b83b6e8_e0005,"{""attribute_name"":""joint_development"",""normalized_value"":""节理裂隙发育"",""source_evidence_id"":""doc_28d57b5baaf883772b83b6e8_e0005""}",,EXPRESSIBLE,doc_28d57b5baaf883772b83b6e8_e0005,"{""attribute_name"":""joint_development"",""normalized_value"":""节理裂隙发育"",""source_evidence_id"":""doc_28d57b5baaf883772b83b6e8_e0005""}",knowledge_revision_event_ecb0e61c665935ee1db3a67f,FORWARD_ATTENTION_CELL,false,UNCHANGED_EXPRESSIBLE,2023-11-05,true
false,false,cell_585026313bab68f0a4a0e814,"{""attribute_name"":""joint_development"",""base_stage3a_state_version_id"":""state_version_2e345f5f7fbd2b7d90b3fc20"",""cell_id"":""cell_585026313bab68f0a4a0e814"",""claim_type"":""FORECAST_GEOLOGICAL_CONDITION"",""source_evidence_id"":""doc_a1ca08b3f141763f45863a07_e0002"",""source_kind"":""GEOLOGICAL_EVIDENCE"",""state_role"":""FORWARD_ATTENTION_CELL"",""valid_date"":""2023-11-05""}",FORECAST_GEOLOGICAL_CONDITION,true,true,false,,EXPRESSIBLE,doc_a1ca08b3f141763f45863a07_e0002,"{""attribute_name"":""joint_development"",""normalized_value"":""节理裂隙较发育"",""source_evidence_id"":""doc_a1ca08b3f141763f45863a07_e0002""}",,,,null,knowledge_revision_event_ecb0e61c665935ee1db3a67f,FORWARD_ATTENTION_CELL,false,OPPORTUNITY_ADDED,2023-11-05,false
false,false,cell_585026313bab68f0a4a0e814,"{""attribute_name"":""joint_development"",""base_stage3a_state_version_id"":""state_version_2e345f5f7fbd2b7d90b3fc20"",""cell_id"":""cell_585026313bab68f0a4a0e814"",""claim_type"":""FORECAST_GEOLOGICAL_CONDITION"",""source_evidence_id"":""doc_a1ca08b3f141763f45863a07_e0003"",""source_kind"":""GEOLOGICAL_EVIDENCE"",""state_role"":""FORWARD_ATTENTION_CELL"",""valid_date"":""2023-11-05""}",FORECAST_GEOLOGICAL_CONDITION,true,true,false,,EXPRESSIBLE,doc_a1ca08b3f141763f45863a07_e0003,"{""attribute_name"":""joint_development"",""normalized_value"":""节理裂隙较发育-发育"",""source_evidence_id"":""doc_a1ca08b3f141763f45863a07_e0003""}",,,,null,knowledge_revision_event_ecb0e61c665935ee1db3a67f,FORWARD_ATTENTION_CELL,false,OPPORTUNITY_ADDED,2023-11-05,false
false,false,cell_585026313bab68f0a4a0e814,"{""attribute_name"":""lithology"",""base_stage3a_state_version_id"":""state_version_2e345f5f7fbd2b7d90b3fc20"",""cell_id"":""cell_585026313bab68f0a4a0e814"",""claim_type"":""FORECAST_GEOLOGICAL_CONDITION"",""source_evidence_id"":""doc_28d57b5baaf883772b83b6e8_e0005"",""source_kind"":""GEOLOGICAL_EVIDENCE"",""state_role"":""FORWARD_ATTENTION_CELL"",""valid_date"":""2023-11-05""}",FORECAST_GEOLOGICAL_CONDITION,false,false,false,,EXPRESSIBLE,doc_28d57b5baaf883772b83b6e8_e0005,"{""attribute_name"":""lithology"",""normalized_value"":""板岩夹变质砂岩"",""source_evidence_id"":""doc_28d57b5baaf883772b83b6e8_e0005""}",,EXPRESSIBLE,doc_28d57b5baaf883772b83b6e8_e0005,"{""attribute_name"":""lithology"",""normalized_value"":""板岩夹变质砂岩"",""source_evidence_id"":""doc_28d57b5baaf883772b83b6e8_e0005""}",knowledge_revision_event_ecb0e61c665935ee1db3a67f,FORWARD_ATTENTION_CELL,false,UNCHANGED_EXPRESSIBLE,2023-11-05,true
false,false,cell_585026313bab68f0a4a0e814,"{""attribute_name"":""lithology"",""base_stage3a_state_version_id"":""state_version_2e345f5f7fbd2b7d90b3fc20"",""cell_id"":""cell_585026313bab68f0a4a0e814"",""claim_type"":""FORECAST_GEOLOGICAL_CONDITION"",""source_evidence_id"":""doc_a1ca08b3f141763f45863a07_e0002"",""source_kind"":""GEOLOGICAL_EVIDENCE"",""state_role"":""FORWARD_ATTENTION_CELL"",""valid_date"":""2023-11-05""}",FORECAST_GEOLOGICAL_CONDITION,true,true,false,,EXPRESSIBLE,doc_a1ca08b3f141763f45863a07_e0002,"{""attribute_name"":""lithology"",""normalized_value"":""板岩夹变质砂岩"",""source_evidence_id"":""doc_a1ca08b3f141763f45863a07_e0002""}",,,,null,knowledge_revision_event_ecb0e61c665935ee1db3a67f,FORWARD_ATTENTION_CELL,false,OPPORTUNITY_ADDED,2023-11-05,false
false,false,cell_585026313bab68f0a4a0e814,"{""attribute_name"":""lithology"",""base_stage3a_state_version_id"":""state_version_2e345f5f7fbd2b7d90b3fc20"",""cell_id"":""cell_585026313bab68f0a4a0e814"",""claim_type"":""FORECAST_GEOLOGICAL_CONDITION"",""source_evidence_id"":""doc_a1ca08b3f141763f45863a07_e0003"",""source_kind"":""GEOLOGICAL_EVIDENCE"",""state_role"":""FORWARD_ATTENTION_CELL"",""valid_date"":""2023-11-05""}",FORECAST_GEOLOGICAL_CONDITION,true,true,false,,EXPRESSIBLE,doc_a1ca08b3f141763f45863a07_e0003,"{""attribute_name"":""lithology"",""normalized_value"":""板岩夹变质砂岩"",""source_evidence_id"":""doc_a1ca08b3f141763f45863a07_e0003""}",,,,null,knowledge_revision_event_ecb0e61c665935ee1db3a67f,FORWARD_ATTENTION_CELL,false,OPPORTUNITY_ADDED,2023-11-05,false
false,false,cell_585026313bab68f0a4a0e814,"{""attribute_name"":""risk_hint"",""base_stage3a_state_version_id"":""state_version_2e345f5f7fbd2b7d90b3fc20"",""cell_id"":""cell_585026313bab68f0a4a0e814"",""claim_type"":""FORECAST_GEOLOGICAL_CONDITION"",""source_evidence_id"":""doc_28d57b5baaf883772b83b6e8_e0005"",""source_kind"":""GEOLOGICAL_EVIDENCE"",""state_role"":""FORWARD_ATTENTION_CELL"",""valid_date"":""2023-11-05""}",FORECAST_GEOLOGICAL_CONDITION,false,false,false,,EXPRESSIBLE,doc_28d57b5baaf883772b83b6e8_e0005,"{""attribute_name"":""risk_hint"",""normalized_value"":""里程+938、 +943 附近有 掉块风险"",""source_evidence_id"":""doc_28d57b5baaf883772b83b6e8_e0005""}",,EXPRESSIBLE,doc_28d57b5baaf883772b83b6e8_e0005,"{""attribute_name"":""risk_hint"",""normalized_value"":""里程+938、 +943 附近有 掉块风险"",""source_evidence_id"":""doc_28d57b5baaf883772b83b6e8_e0005""}",knowledge_revision_event_ecb0e61c665935ee1db3a67f,FORWARD_ATTENTION_CELL,false,UNCHANGED_EXPRESSIBLE,2023-11-05,true
false,false,cell_585026313bab68f0a4a0e814,"{""attribute_name"":""risk_hint"",""base_stage3a_state_version_id"":""state_version_2e345f5f7fbd2b7d90b3fc20"",""cell_id"":""cell_585026313bab68f0a4a0e814"",""claim_type"":""FORECAST_GEOLOGICAL_CONDITION"",""source_evidence_id"":""doc_a1ca08b3f141763f45863a07_e0002"",""source_kind"":""GEOLOGICAL_EVIDENCE"",""state_role"":""FORWARD_ATTENTION_CELL"",""valid_date"":""2023-11-05""}",FORECAST_GEOLOGICAL_CONDITION,true,true,false,UNKNOWN_SOURCE_VALUE,ABSTAIN,,"{""attribute_name"":""risk_hint"",""normalized_value"":""UNKNOWN"",""source_evidence_id"":""doc_a1ca08b3f141763f45863a07_e0002""}",,,,null,knowledge_revision_event_ecb0e61c665935ee1db3a67f,FORWARD_ATTENTION_CELL,false,OPPORTUNITY_ADDED,2023-11-05,false
false,false,cell_585026313bab68f0a4a0e814,"{""attribute_name"":""risk_hint"",""base_stage3a_state_version_id"":""state_version_2e345f5f7fbd2b7d90b3fc20"",""cell_id"":""cell_585026313bab68f0a4a0e814"",""claim_type"":""FORECAST_GEOLOGICAL_CONDITION"",""source_evidence_id"":""doc_a1ca08b3f141763f45863a07_e0003"",""source_kind"":""GEOLOGICAL_EVIDENCE"",""state_role"":""FORWARD_ATTENTION_CELL"",""valid_date"":""2023-11-05""}",FORECAST_GEOLOGICAL_CONDITION,true,true,false,,EXPRESSIBLE,doc_a1ca08b3f141763f45863a07_e0003,"{""attribute_name"":""risk_hint"",""normalized_value"":""里程+946、 +956、+968 附近有掉块 风险"",""source_evidence_id"":""doc_a1ca08b3f141763f45863a07_e0003""}",,,,null,knowledge_revision_event_ecb0e61c665935ee1db3a67f,FORWARD_ATTENTION_CELL,false,OPPORTUNITY_ADDED,2023-11-05,false
false,false,cell_585026313bab68f0a4a0e814,"{""attribute_name"":""rock_mass_state"",""base_stage3a_state_version_id"":""state_version_2e345f5f7fbd2b7d90b3fc20"",""cell_id"":""cell_585026313bab68f0a4a0e814"",""claim_type"":""FORECAST_GEOLOGICAL_CONDITION"",""source_evidence_id"":""doc_28d57b5baaf883772b83b6e8_e0005"",""source_kind"":""GEOLOGICAL_EVIDENCE"",""state_role"":""FORWARD_ATTENTION_CELL"",""valid_date"":""2023-11-05""}",FORECAST_GEOLOGICAL_CONDITION,false,false,false,,EXPRESSIBLE,doc_28d57b5baaf883772b83b6e8_e0005,"{""attribute_name"":""rock_mass_state"",""normalized_value"":""岩体破碎"",""source_evidence_id"":""doc_28d57b5baaf883772b83b6e8_e0005""}",,EXPRESSIBLE,doc_28d57b5baaf883772b83b6e8_e0005,"{""attribute_name"":""rock_mass_state"",""normalized_value"":""岩体破碎"",""source_evidence_id"":""doc_28d57b5baaf883772b83b6e8_e0005""}",knowledge_revision_event_ecb0e61c665935ee1db3a67f,FORWARD_ATTENTION_CELL,false,UNCHANGED_EXPRESSIBLE,2023-11-05,true
false,false,cell_585026313bab68f0a4a0e814,"{""attribute_name"":""rock_mass_state"",""base_stage3a_state_version_id"":""state_version_2e345f5f7fbd2b7d90b3fc20"",""cell_id"":""cell_585026313bab68f0a4a0e814"",""claim_type"":""FORECAST_GEOLOGICAL_CONDITION"",""source_evidence_id"":""doc_a1ca08b3f141763f45863a07_e0002"",""source_kind"":""GEOLOGICAL_EVIDENCE"",""state_role"":""FORWARD_ATTENTION_CELL"",""valid_date"":""2023-11-05""}",FORECAST_GEOLOGICAL_CONDITION,true,true,false,,EXPRESSIBLE,doc_a1ca08b3f141763f45863a07_e0002,"{""attribute_name"":""rock_mass_state"",""normalized_value"":""岩体较破碎"",""source_evidence_id"":""doc_a1ca08b3f141763f45863a07_e0002""}",,,,null,knowledge_revision_event_ecb0e61c665935ee1db3a67f,FORWARD_ATTENTION_CELL,false,OPPORTUNITY_ADDED,2023-11-05,false
false,false,cell_585026313bab68f0a4a0e814,"{""attribute_name"":""rock_mass_state"",""base_stage3a_state_version_id"":""state_version_2e345f5f7fbd2b7d90b3fc20"",""cell_id"":""cell_585026313bab68f0a4a0e814"",""claim_type"":""FORECAST_GEOLOGICAL_CONDITION"",""source_evidence_id"":""doc_a1ca08b3f141763f45863a07_e0003"",""source_kind"":""GEOLOGICAL_EVIDENCE"",""state_role"":""FORWARD_ATTENTION_CELL"",""valid_date"":""2023-11-05""}",FORECAST_GEOLOGICAL_CONDITION,true,true,false,,EXPRESSIBLE,doc_a1ca08b3f141763f45863a07_e0003,"{""attribute_name"":""rock_mass_state"",""normalized_value"":""岩体较破碎-破碎"",""source_evidence_id"":""doc_a1ca08b3f141763f45863a07_e0003""}",,,,null,knowledge_revision_event_ecb0e61c665935ee1db3a67f,FORWARD_ATTENTION_CELL,false,OPPORTUNITY_ADDED,2023-11-05,false
false,false,cell_585026313bab68f0a4a0e814,"{""attribute_name"":""suggested_grade"",""base_stage3a_state_version_id"":""state_version_2e345f5f7fbd2b7d90b3fc20"",""cell_id"":""cell_585026313bab68f0a4a0e814"",""claim_type"":""FORECAST_GEOLOGICAL_CONDITION"",""source_evidence_id"":""doc_28d57b5baaf883772b83b6e8_e0005"",""source_kind"":""GEOLOGICAL_EVIDENCE"",""state_role"":""FORWARD_ATTENTION_CELL"",""valid_date"":""2023-11-05""}",FORECAST_GEOLOGICAL_CONDITION,false,false,false,,EXPRESSIBLE,doc_28d57b5baaf883772b83b6e8_e0005,"{""attribute_name"":""suggested_grade"",""normalized_value"":""Ⅳ级"",""source_evidence_id"":""doc_28d57b5baaf883772b83b6e8_e0005""}",,EXPRESSIBLE,doc_28d57b5baaf883772b83b6e8_e0005,"{""attribute_name"":""suggested_grade"",""normalized_value"":""Ⅳ级"",""source_evidence_id"":""doc_28d57b5baaf883772b83b6e8_e0005""}",knowledge_revision_event_ecb0e61c665935ee1db3a67f,FORWARD_ATTENTION_CELL,false,UNCHANGED_EXPRESSIBLE,2023-11-05,true
false,false,cell_585026313bab68f0a4a0e814,"{""attribute_name"":""suggested_grade"",""base_stage3a_state_version_id"":""state_version_2e345f5f7fbd2b7d90b3fc20"",""cell_id"":""cell_585026313bab68f0a4a0e814"",""claim_type"":""FORECAST_GEOLOGICAL_CONDITION"",""source_evidence_id"":""doc_a1ca08b3f141763f45863a07_e0002"",""source_kind"":""GEOLOGICAL_EVIDENCE"",""state_role"":""FORWARD_ATTENTION_CELL"",""valid_date"":""2023-11-05""}",FORECAST_GEOLOGICAL_CONDITION,true,true,false,,EXPRESSIBLE,doc_a1ca08b3f141763f45863a07_e0002,"{""attribute_name"":""suggested_grade"",""normalized_value"":""Ⅲ级"",""source_evidence_id"":""doc_a1ca08b3f141763f45863a07_e0002""}",,,,null,knowledge_revision_event_ecb0e61c665935ee1db3a67f,FORWARD_ATTENTION_CELL,false,OPPORTUNITY_ADDED,2023-11-05,false
false,false,cell_585026313bab68f0a4a0e814,"{""attribute_name"":""suggested_grade"",""base_stage3a_state_version_id"":""state_version_2e345f5f7fbd2b7d90b3fc20"",""cell_id"":""cell_585026313bab68f0a4a0e814"",""claim_type"":""FORECAST_GEOLOGICAL_CONDITION"",""source_evidence_id"":""doc_a1ca08b3f141763f45863a07_e0003"",""source_kind"":""GEOLOGICAL_EVIDENCE"",""state_role"":""FORWARD_ATTENTION_CELL"",""valid_date"":""2023-11-05""}",FORECAST_GEOLOGICAL_CONDITION,true,true,false,,EXPRESSIBLE,doc_a1ca08b3f141763f45863a07_e0003,"{""attribute_name"":""suggested_grade"",""normalized_value"":""Ⅳ级"",""source_evidence_id"":""doc_a1ca08b3f141763f45863a07_e0003""}",,,,null,knowledge_revision_event_ecb0e61c665935ee1db3a67f,FORWARD_ATTENTION_CELL,false,OPPORTUNITY_ADDED,2023-11-05,false
false,false,cell_585026313bab68f0a4a0e814,"{""attribute_name"":""weathering"",""base_stage3a_state_version_id"":""state_version_2e345f5f7fbd2b7d90b3fc20"",""cell_id"":""cell_585026313bab68f0a4a0e814"",""claim_type"":""FORECAST_GEOLOGICAL_CONDITION"",""source_evidence_id"":""doc_28d57b5baaf883772b83b6e8_e0005"",""source_kind"":""GEOLOGICAL_EVIDENCE"",""state_role"":""FORWARD_ATTENTION_CELL"",""valid_date"":""2023-11-05""}",FORECAST_GEOLOGICAL_CONDITION,false,false,false,,EXPRESSIBLE,doc_28d57b5baaf883772b83b6e8_e0005,"{""attribute_name"":""weathering"",""normalized_value"":""弱风化"",""source_evidence_id"":""doc_28d57b5baaf883772b83b6e8_e0005""}",,EXPRESSIBLE,doc_28d57b5baaf883772b83b6e8_e0005,"{""attribute_name"":""weathering"",""normalized_value"":""弱风化"",""source_evidence_id"":""doc_28d57b5baaf883772b83b6e8_e0005""}",knowledge_revision_event_ecb0e61c665935ee1db3a67f,FORWARD_ATTENTION_CELL,false,UNCHANGED_EXPRESSIBLE,2023-11-05,true
false,false,cell_585026313bab68f0a4a0e814,"{""attribute_name"":""weathering"",""base_stage3a_state_version_id"":""state_version_2e345f5f7fbd2b7d90b3fc20"",""cell_id"":""cell_585026313bab68f0a4a0e814"",""claim_type"":""FORECAST_GEOLOGICAL_CONDITION"",""source_evidence_id"":""doc_a1ca08b3f141763f45863a07_e0002"",""source_kind"":""GEOLOGICAL_EVIDENCE"",""state_role"":""FORWARD_ATTENTION_CELL"",""valid_date"":""2023-11-05""}",FORECAST_GEOLOGICAL_CONDITION,true,true,false,,EXPRESSIBLE,doc_a1ca08b3f141763f45863a07_e0002,"{""attribute_name"":""weathering"",""normalized_value"":""弱风化"",""source_evidence_id"":""doc_a1ca08b3f141763f45863a07_e0002""}",,,,null,knowledge_revision_event_ecb0e61c665935ee1db3a67f,FORWARD_ATTENTION_CELL,false,OPPORTUNITY_ADDED,2023-11-05,false
false,false,cell_585026313bab68f0a4a0e814,"{""attribute_name"":""weathering"",""base_stage3a_state_version_id"":""state_version_2e345f5f7fbd2b7d90b3fc20"",""cell_id"":""cell_585026313bab68f0a4a0e814"",""claim_type"":""FORECAST_GEOLOGICAL_CONDITION"",""source_evidence_id"":""doc_a1ca08b3f141763f45863a07_e0003"",""source_kind"":""GEOLOGICAL_EVIDENCE"",""state_role"":""FORWARD_ATTENTION_CELL"",""valid_date"":""2023-11-05""}",FORECAST_GEOLOGICAL_CONDITION,true,true,false,,EXPRESSIBLE,doc_a1ca08b3f141763f45863a07_e0003,"{""attribute_name"":""weathering"",""normalized_value"":""弱风化"",""source_evidence_id"":""doc_a1ca08b3f141763f45863a07_e0003""}",,,,null,knowledge_revision_event_ecb0e61c665935ee1db3a67f,FORWARD_ATTENTION_CELL,false,OPPORTUNITY_ADDED,2023-11-05,false
false,true,cell_585026313bab68f0a4a0e814,"{""base_stage3a_state_version_id"":""state_version_2e345f5f7fbd2b7d90b3fc20"",""cell_id"":""cell_585026313bab68f0a4a0e814"",""claim_type"":""FORWARD_GEOLOGICAL_ATTENTION"",""metric_name"":""GRS"",""source_kind"":""STATE_GRS"",""state_role"":""FORWARD_ATTENTION_CELL"",""valid_date"":""2023-11-05""}",FORWARD_GEOLOGICAL_ATTENTION,false,false,false,,EXPRESSIBLE,state_grs_4f3cdd3c5ff9bf5a1754a75e,"{""is_causal_estimate"":false,""is_hazard_probability"":false,""is_probability"":false,""metric_name"":""GRS"",""metric_semantics"":""FORWARD_GEOLOGICAL_EVIDENCE_ATTENTION_INDEX"",""metric_status"":""AVAILABLE"",""metric_value"":0.7083333333333333}",,EXPRESSIBLE,state_grs_2308f702896a6b6bcd571544,"{""is_causal_estimate"":false,""is_hazard_probability"":false,""is_probability"":false,""metric_name"":""GRS"",""metric_semantics"":""FORWARD_GEOLOGICAL_EVIDENCE_ATTENTION_INDEX"",""metric_status"":""AVAILABLE"",""metric_value"":0.625}",knowledge_revision_event_ecb0e61c665935ee1db3a67f,FORWARD_ATTENTION_CELL,true,CLAIM_VALUE_CHANGED,2023-11-05,false
false,false,cell_585026313bab68f0a4a0e814,"{""base_stage3a_state_version_id"":""state_version_2e345f5f7fbd2b7d90b3fc20"",""cell_id"":""cell_585026313bab68f0a4a0e814"",""claim_type"":""OPERATIONAL_RESPONSE_ATTENTION"",""metric_name"":""RAI"",""source_kind"":""STATE_RAI"",""state_role"":""FORWARD_ATTENTION_CELL"",""valid_date"":""2023-11-05""}",OPERATIONAL_RESPONSE_ATTENTION,false,false,false,STATE_ROLE_NOT_ALLOWED,ABSTAIN,,null,STATE_ROLE_NOT_ALLOWED,ABSTAIN,,null,knowledge_revision_event_ecb0e61c665935ee1db3a67f,FORWARD_ATTENTION_CELL,false,UNCHANGED_ABSTAIN,2023-11-05,false
false,false,cell_e5477cc9d090c69443f67a6a,"{""attribute_name"":""anomaly_level"",""base_stage3a_state_version_id"":""state_version_5f6b509f992bed582b564f84"",""cell_id"":""cell_e5477cc9d090c69443f67a6a"",""claim_type"":""FORECAST_GEOLOGICAL_CONDITION"",""source_evidence_id"":""doc_a1ca08b3f141763f45863a07_e0003"",""source_kind"":""GEOLOGICAL_EVIDENCE"",""state_role"":""FORWARD_ATTENTION_CELL"",""valid_date"":""2023-11-05""}",FORECAST_GEOLOGICAL_CONDITION,true,true,false,,EXPRESSIBLE,doc_a1ca08b3f141763f45863a07_e0003,"{""attribute_name"":""anomaly_level"",""normalized_value"":""MODERATE"",""source_evidence_id"":""doc_a1ca08b3f141763f45863a07_e0003""}",,,,null,knowledge_revision_event_f103208f98285276742a59f9,FORWARD_ATTENTION_CELL,false,OPPORTUNITY_ADDED,2023-11-05,false
false,false,cell_e5477cc9d090c69443f67a6a,"{""attribute_name"":""geological_conclusion"",""base_stage3a_state_version_id"":""state_version_5f6b509f992bed582b564f84"",""cell_id"":""cell_e5477cc9d090c69443f67a6a"",""claim_type"":""FORECAST_GEOLOGICAL_CONDITION"",""source_evidence_id"":""doc_a1ca08b3f141763f45863a07_e0003"",""source_kind"":""GEOLOGICAL_EVIDENCE"",""state_role"":""FORWARD_ATTENTION_CELL"",""valid_date"":""2023-11-05""}",FORECAST_GEOLOGICAL_CONDITION,true,true,false,,EXPRESSIBLE,doc_a1ca08b3f141763f45863a07_e0003,"{""attribute_name"":""geological_conclusion"",""normalized_value"":""该段围岩较前段变差。岩性为板 岩夹变质砂岩，弱风化，岩质软 硬不均，节理裂隙较发育-发育， 岩体较破碎-破碎，裂隙层间结合 度差。"",""source_evidence_id"":""doc_a1ca08b3f141763f45863a07_e0003""}",,,,null,knowledge_revision_event_f103208f98285276742a59f9,FORWARD_ATTENTION_CELL,false,OPPORTUNITY_ADDED,2023-11-05,false
false,false,cell_e5477cc9d090c69443f67a6a,"{""attribute_name"":""joint_development"",""base_stage3a_state_version_id"":""state_version_5f6b509f992bed582b564f84"",""cell_id"":""cell_e5477cc9d090c69443f67a6a"",""claim_type"":""FORECAST_GEOLOGICAL_CONDITION"",""source_evidence_id"":""doc_a1ca08b3f141763f45863a07_e0003"",""source_kind"":""GEOLOGICAL_EVIDENCE"",""state_role"":""FORWARD_ATTENTION_CELL"",""valid_date"":""2023-11-05""}",FORECAST_GEOLOGICAL_CONDITION,true,true,false,,EXPRESSIBLE,doc_a1ca08b3f141763f45863a07_e0003,"{""attribute_name"":""joint_development"",""normalized_value"":""节理裂隙较发育-发育"",""source_evidence_id"":""doc_a1ca08b3f141763f45863a07_e0003""}",,,,null,knowledge_revision_event_f103208f98285276742a59f9,FORWARD_ATTENTION_CELL,false,OPPORTUNITY_ADDED,2023-11-05,false
false,false,cell_e5477cc9d090c69443f67a6a,"{""attribute_name"":""lithology"",""base_stage3a_state_version_id"":""state_version_5f6b509f992bed582b564f84"",""cell_id"":""cell_e5477cc9d090c69443f67a6a"",""claim_type"":""FORECAST_GEOLOGICAL_CONDITION"",""source_evidence_id"":""doc_a1ca08b3f141763f45863a07_e0003"",""source_kind"":""GEOLOGICAL_EVIDENCE"",""state_role"":""FORWARD_ATTENTION_CELL"",""valid_date"":""2023-11-05""}",FORECAST_GEOLOGICAL_CONDITION,true,true,false,,EXPRESSIBLE,doc_a1ca08b3f141763f45863a07_e0003,"{""attribute_name"":""lithology"",""normalized_value"":""板岩夹变质砂岩"",""source_evidence_id"":""doc_a1ca08b3f141763f45863a07_e0003""}",,,,null,knowledge_revision_event_f103208f98285276742a59f9,FORWARD_ATTENTION_CELL,false,OPPORTUNITY_ADDED,2023-11-05,false
false,false,cell_e5477cc9d090c69443f67a6a,"{""attribute_name"":""risk_hint"",""base_stage3a_state_version_id"":""state_version_5f6b509f992bed582b564f84"",""cell_id"":""cell_e5477cc9d090c69443f67a6a"",""claim_type"":""FORECAST_GEOLOGICAL_CONDITION"",""source_evidence_id"":""doc_a1ca08b3f141763f45863a07_e0003"",""source_kind"":""GEOLOGICAL_EVIDENCE"",""state_role"":""FORWARD_ATTENTION_CELL"",""valid_date"":""2023-11-05""}",FORECAST_GEOLOGICAL_CONDITION,true,true,false,,EXPRESSIBLE,doc_a1ca08b3f141763f45863a07_e0003,"{""attribute_name"":""risk_hint"",""normalized_value"":""里程+946、 +956、+968 附近有掉块 风险"",""source_evidence_id"":""doc_a1ca08b3f141763f45863a07_e0003""}",,,,null,knowledge_revision_event_f103208f98285276742a59f9,FORWARD_ATTENTION_CELL,false,OPPORTUNITY_ADDED,2023-11-05,false
false,false,cell_e5477cc9d090c69443f67a6a,"{""attribute_name"":""rock_mass_state"",""base_stage3a_state_version_id"":""state_version_5f6b509f992bed582b564f84"",""cell_id"":""cell_e5477cc9d090c69443f67a6a"",""claim_type"":""FORECAST_GEOLOGICAL_CONDITION"",""source_evidence_id"":""doc_a1ca08b3f141763f45863a07_e0003"",""source_kind"":""GEOLOGICAL_EVIDENCE"",""state_role"":""FORWARD_ATTENTION_CELL"",""valid_date"":""2023-11-05""}",FORECAST_GEOLOGICAL_CONDITION,true,true,false,,EXPRESSIBLE,doc_a1ca08b3f141763f45863a07_e0003,"{""attribute_name"":""rock_mass_state"",""normalized_value"":""岩体较破碎-破碎"",""source_evidence_id"":""doc_a1ca08b3f141763f45863a07_e0003""}",,,,null,knowledge_revision_event_f103208f98285276742a59f9,FORWARD_ATTENTION_CELL,false,OPPORTUNITY_ADDED,2023-11-05,false
false,false,cell_e5477cc9d090c69443f67a6a,"{""attribute_name"":""suggested_grade"",""base_stage3a_state_version_id"":""state_version_5f6b509f992bed582b564f84"",""cell_id"":""cell_e5477cc9d090c69443f67a6a"",""claim_type"":""FORECAST_GEOLOGICAL_CONDITION"",""source_evidence_id"":""doc_a1ca08b3f141763f45863a07_e0003"",""source_kind"":""GEOLOGICAL_EVIDENCE"",""state_role"":""FORWARD_ATTENTION_CELL"",""valid_date"":""2023-11-05""}",FORECAST_GEOLOGICAL_CONDITION,true,true,false,,EXPRESSIBLE,doc_a1ca08b3f141763f45863a07_e0003,"{""attribute_name"":""suggested_grade"",""normalized_value"":""Ⅳ级"",""source_evidence_id"":""doc_a1ca08b3f141763f45863a07_e0003""}",,,,null,knowledge_revision_event_f103208f98285276742a59f9,FORWARD_ATTENTION_CELL,false,OPPORTUNITY_ADDED,2023-11-05,false
false,false,cell_e5477cc9d090c69443f67a6a,"{""attribute_name"":""weathering"",""base_stage3a_state_version_id"":""state_version_5f6b509f992bed582b564f84"",""cell_id"":""cell_e5477cc9d090c69443f67a6a"",""claim_type"":""FORECAST_GEOLOGICAL_CONDITION"",""source_evidence_id"":""doc_a1ca08b3f141763f45863a07_e0003"",""source_kind"":""GEOLOGICAL_EVIDENCE"",""state_role"":""FORWARD_ATTENTION_CELL"",""valid_date"":""2023-11-05""}",FORECAST_GEOLOGICAL_CONDITION,true,true,false,,EXPRESSIBLE,doc_a1ca08b3f141763f45863a07_e0003,"{""attribute_name"":""weathering"",""normalized_value"":""弱风化"",""source_evidence_id"":""doc_a1ca08b3f141763f45863a07_e0003""}",,,,null,knowledge_revision_event_f103208f98285276742a59f9,FORWARD_ATTENTION_CELL,false,OPPORTUNITY_ADDED,2023-11-05,false
true,true,cell_e5477cc9d090c69443f67a6a,"{""base_stage3a_state_version_id"":""state_version_5f6b509f992bed582b564f84"",""cell_id"":""cell_e5477cc9d090c69443f67a6a"",""claim_type"":""FORWARD_GEOLOGICAL_ATTENTION"",""metric_name"":""GRS"",""source_kind"":""STATE_GRS"",""state_role"":""FORWARD_ATTENTION_CELL"",""valid_date"":""2023-11-05""}",FORWARD_GEOLOGICAL_ATTENTION,true,false,false,,EXPRESSIBLE,state_grs_81dbb221b6aeee3525a9e7f3,"{""is_causal_estimate"":false,""is_hazard_probability"":false,""is_probability"":false,""metric_name"":""GRS"",""metric_semantics"":""FORWARD_GEOLOGICAL_EVIDENCE_ATTENTION_INDEX"",""metric_status"":""AVAILABLE"",""metric_value"":0.5833333333333333}",REQUIRED_EPISTEMIC_STATUS_MISSING,ABSTAIN,,null,knowledge_revision_event_f103208f98285276742a59f9,FORWARD_ATTENTION_CELL,true,ABSTAIN_TO_EXPRESSIBLE,2023-11-05,false
false,false,cell_e5477cc9d090c69443f67a6a,"{""base_stage3a_state_version_id"":""state_version_5f6b509f992bed582b564f84"",""cell_id"":""cell_e5477cc9d090c69443f67a6a"",""claim_type"":""OPERATIONAL_RESPONSE_ATTENTION"",""metric_name"":""RAI"",""source_kind"":""STATE_RAI"",""state_role"":""FORWARD_ATTENTION_CELL"",""valid_date"":""2023-11-05""}",OPERATIONAL_RESPONSE_ATTENTION,false,false,false,STATE_ROLE_NOT_ALLOWED,ABSTAIN,,null,STATE_ROLE_NOT_ALLOWED,ABSTAIN,,null,knowledge_revision_event_f103208f98285276742a59f9,FORWARD_ATTENTION_CELL,false,UNCHANGED_ABSTAIN,2023-11-05,false
false,false,cell_e05c5d458652315d2804569f,"{""attribute_name"":""anomaly_level"",""base_stage3a_state_version_id"":""state_version_af9c343e43173261f4fab1ad"",""cell_id"":""cell_e05c5d458652315d2804569f"",""claim_type"":""FORECAST_GEOLOGICAL_CONDITION"",""source_evidence_id"":""doc_1bccaf9b3397c0d25601b19d_e0006"",""source_kind"":""GEOLOGICAL_EVIDENCE"",""state_role"":""FORWARD_ATTENTION_CELL"",""valid_date"":""2023-12-02""}",FORECAST_GEOLOGICAL_CONDITION,false,false,false,UNKNOWN_SOURCE_VALUE,ABSTAIN,,"{""attribute_name"":""anomaly_level"",""normalized_value"":""NONE"",""source_evidence_id"":""doc_1bccaf9b3397c0d25601b19d_e0006""}",UNKNOWN_SOURCE_VALUE,ABSTAIN,,"{""attribute_name"":""anomaly_level"",""normalized_value"":""NONE"",""source_evidence_id"":""doc_1bccaf9b3397c0d25601b19d_e0006""}",knowledge_revision_event_f37d375dd9928ce56707b7fd,FORWARD_ATTENTION_CELL,false,UNCHANGED_ABSTAIN,2023-12-02,false
false,false,cell_e05c5d458652315d2804569f,"{""attribute_name"":""anomaly_level"",""base_stage3a_state_version_id"":""state_version_af9c343e43173261f4fab1ad"",""cell_id"":""cell_e05c5d458652315d2804569f"",""claim_type"":""FORECAST_GEOLOGICAL_CONDITION"",""source_evidence_id"":""doc_c19c0e4b52882f445108f4a0_e0002"",""source_kind"":""GEOLOGICAL_EVIDENCE"",""state_role"":""FORWARD_ATTENTION_CELL"",""valid_date"":""2023-12-02""}",FORECAST_GEOLOGICAL_CONDITION,true,true,false,UNKNOWN_SOURCE_VALUE,ABSTAIN,,"{""attribute_name"":""anomaly_level"",""normalized_value"":""NONE"",""source_evidence_id"":""doc_c19c0e4b52882f445108f4a0_e0002""}",,,,null,knowledge_revision_event_f37d375dd9928ce56707b7fd,FORWARD_ATTENTION_CELL,false,OPPORTUNITY_ADDED,2023-12-02,false
false,false,cell_e05c5d458652315d2804569f,"{""attribute_name"":""geological_conclusion"",""base_stage3a_state_version_id"":""state_version_af9c343e43173261f4fab1ad"",""cell_id"":""cell_e05c5d458652315d2804569f"",""claim_type"":""FORECAST_GEOLOGICAL_CONDITION"",""source_evidence_id"":""doc_1bccaf9b3397c0d25601b19d_e0006"",""source_kind"":""GEOLOGICAL_EVIDENCE"",""state_role"":""FORWARD_ATTENTION_CELL"",""valid_date"":""2023-12-02""}",FORECAST_GEOLOGICAL_CONDITION,false,false,false,,EXPRESSIBLE,doc_1bccaf9b3397c0d25601b19d_e0006,"{""attribute_name"":""geological_conclusion"",""normalized_value"":""该段围岩较前段稍变好。岩性为 板岩夹变质砂岩，弱风化，岩质 硬，节理裂隙发育，岩体破碎。"",""source_evidence_id"":""doc_1bccaf9b3397c0d25601b19d_e0006""}",,EXPRESSIBLE,doc_1bccaf9b3397c0d25601b19d_e0006,"{""attribute_name"":""geological_conclusion"",""normalized_value"":""该段围岩较前段稍变好。岩性为 板岩夹变质砂岩，弱风化，岩质 硬，节理裂隙发育，岩体破碎。"",""source_evidence_id"":""doc_1bccaf9b3397c0d25601b19d_e0006""}",knowledge_revision_event_f37d375dd9928ce56707b7fd,FORWARD_ATTENTION_CELL,false,UNCHANGED_EXPRESSIBLE,2023-12-02,true
false,false,cell_e05c5d458652315d2804569f,"{""attribute_name"":""geological_conclusion"",""base_stage3a_state_version_id"":""state_version_af9c343e43173261f4fab1ad"",""cell_id"":""cell_e05c5d458652315d2804569f"",""claim_type"":""FORECAST_GEOLOGICAL_CONDITION"",""source_evidence_id"":""doc_c19c0e4b52882f445108f4a0_e0002"",""source_kind"":""GEOLOGICAL_EVIDENCE"",""state_role"":""FORWARD_ATTENTION_CELL"",""valid_date"":""2023-12-02""}",FORECAST_GEOLOGICAL_CONDITION,true,true,false,,EXPRESSIBLE,doc_c19c0e4b52882f445108f4a0_e0002,"{""attribute_name"":""geological_conclusion"",""normalized_value"":""该段围岩与当前掌子面相当。岩 性为板岩夹变质砂岩，围岩整体 弱风化，岩质硬，节理裂隙发育， 岩体破碎。"",""source_evidence_id"":""doc_c19c0e4b52882f445108f4a0_e0002""}",,,,null,knowledge_revision_event_f37d375dd9928ce56707b7fd,FORWARD_ATTENTION_CELL,false,OPPORTUNITY_ADDED,2023-12-02,false
false,false,cell_e05c5d458652315d2804569f,"{""attribute_name"":""joint_development"",""base_stage3a_state_version_id"":""state_version_af9c343e43173261f4fab1ad"",""cell_id"":""cell_e05c5d458652315d2804569f"",""claim_type"":""FORECAST_GEOLOGICAL_CONDITION"",""source_evidence_id"":""doc_1bccaf9b3397c0d25601b19d_e0006"",""source_kind"":""GEOLOGICAL_EVIDENCE"",""state_role"":""FORWARD_ATTENTION_CELL"",""valid_date"":""2023-12-02""}",FORECAST_GEOLOGICAL_CONDITION,false,false,false,,EXPRESSIBLE,doc_1bccaf9b3397c0d25601b19d_e0006,"{""attribute_name"":""joint_development"",""normalized_value"":""节理裂隙发育"",""source_evidence_id"":""doc_1bccaf9b3397c0d25601b19d_e0006""}",,EXPRESSIBLE,doc_1bccaf9b3397c0d25601b19d_e0006,"{""attribute_name"":""joint_development"",""normalized_value"":""节理裂隙发育"",""source_evidence_id"":""doc_1bccaf9b3397c0d25601b19d_e0006""}",knowledge_revision_event_f37d375dd9928ce56707b7fd,FORWARD_ATTENTION_CELL,false,UNCHANGED_EXPRESSIBLE,2023-12-02,true
false,false,cell_e05c5d458652315d2804569f,"{""attribute_name"":""joint_development"",""base_stage3a_state_version_id"":""state_version_af9c343e43173261f4fab1ad"",""cell_id"":""cell_e05c5d458652315d2804569f"",""claim_type"":""FORECAST_GEOLOGICAL_CONDITION"",""source_evidence_id"":""doc_c19c0e4b52882f445108f4a0_e0002"",""source_kind"":""GEOLOGICAL_EVIDENCE"",""state_role"":""FORWARD_ATTENTION_CELL"",""valid_date"":""2023-12-02""}",FORECAST_GEOLOGICAL_CONDITION,true,true,false,,EXPRESSIBLE,doc_c19c0e4b52882f445108f4a0_e0002,"{""attribute_name"":""joint_development"",""normalized_value"":""节理裂隙发育"",""source_evidence_id"":""doc_c19c0e4b52882f445108f4a0_e0002""}",,,,null,knowledge_revision_event_f37d375dd9928ce56707b7fd,FORWARD_ATTENTION_CELL,false,OPPORTUNITY_ADDED,2023-12-02,false
false,false,cell_e05c5d458652315d2804569f,"{""attribute_name"":""lithology"",""base_stage3a_state_version_id"":""state_version_af9c343e43173261f4fab1ad"",""cell_id"":""cell_e05c5d458652315d2804569f"",""claim_type"":""FORECAST_GEOLOGICAL_CONDITION"",""source_evidence_id"":""doc_1bccaf9b3397c0d25601b19d_e0006"",""source_kind"":""GEOLOGICAL_EVIDENCE"",""state_role"":""FORWARD_ATTENTION_CELL"",""valid_date"":""2023-12-02""}",FORECAST_GEOLOGICAL_CONDITION,false,false,false,,EXPRESSIBLE,doc_1bccaf9b3397c0d25601b19d_e0006,"{""attribute_name"":""lithology"",""normalized_value"":""板岩夹变质砂岩"",""source_evidence_id"":""doc_1bccaf9b3397c0d25601b19d_e0006""}",,EXPRESSIBLE,doc_1bccaf9b3397c0d25601b19d_e0006,"{""attribute_name"":""lithology"",""normalized_value"":""板岩夹变质砂岩"",""source_evidence_id"":""doc_1bccaf9b3397c0d25601b19d_e0006""}",knowledge_revision_event_f37d375dd9928ce56707b7fd,FORWARD_ATTENTION_CELL,false,UNCHANGED_EXPRESSIBLE,2023-12-02,true
false,false,cell_e05c5d458652315d2804569f,"{""attribute_name"":""lithology"",""base_stage3a_state_version_id"":""state_version_af9c343e43173261f4fab1ad"",""cell_id"":""cell_e05c5d458652315d2804569f"",""claim_type"":""FORECAST_GEOLOGICAL_CONDITION"",""source_evidence_id"":""doc_c19c0e4b52882f445108f4a0_e0002"",""source_kind"":""GEOLOGICAL_EVIDENCE"",""state_role"":""FORWARD_ATTENTION_CELL"",""valid_date"":""2023-12-02""}",FORECAST_GEOLOGICAL_CONDITION,true,true,false,,EXPRESSIBLE,doc_c19c0e4b52882f445108f4a0_e0002,"{""attribute_name"":""lithology"",""normalized_value"":""板岩夹变质砂岩"",""source_evidence_id"":""doc_c19c0e4b52882f445108f4a0_e0002""}",,,,null,knowledge_revision_event_f37d375dd9928ce56707b7fd,FORWARD_ATTENTION_CELL,false,OPPORTUNITY_ADDED,2023-12-02,false
false,false,cell_e05c5d458652315d2804569f,"{""attribute_name"":""risk_hint"",""base_stage3a_state_version_id"":""state_version_af9c343e43173261f4fab1ad"",""cell_id"":""cell_e05c5d458652315d2804569f"",""claim_type"":""FORECAST_GEOLOGICAL_CONDITION"",""source_evidence_id"":""doc_1bccaf9b3397c0d25601b19d_e0006"",""source_kind"":""GEOLOGICAL_EVIDENCE"",""state_role"":""FORWARD_ATTENTION_CELL"",""valid_date"":""2023-12-02""}",FORECAST_GEOLOGICAL_CONDITION,false,false,false,UNKNOWN_SOURCE_VALUE,ABSTAIN,,"{""attribute_name"":""risk_hint"",""normalized_value"":""UNKNOWN"",""source_evidence_id"":""doc_1bccaf9b3397c0d25601b19d_e0006""}",UNKNOWN_SOURCE_VALUE,ABSTAIN,,"{""attribute_name"":""risk_hint"",""normalized_value"":""UNKNOWN"",""source_evidence_id"":""doc_1bccaf9b3397c0d25601b19d_e0006""}",knowledge_revision_event_f37d375dd9928ce56707b7fd,FORWARD_ATTENTION_CELL,false,UNCHANGED_ABSTAIN,2023-12-02,false
false,false,cell_e05c5d458652315d2804569f,"{""attribute_name"":""risk_hint"",""base_stage3a_state_version_id"":""state_version_af9c343e43173261f4fab1ad"",""cell_id"":""cell_e05c5d458652315d2804569f"",""claim_type"":""FORECAST_GEOLOGICAL_CONDITION"",""source_evidence_id"":""doc_c19c0e4b52882f445108f4a0_e0002"",""source_kind"":""GEOLOGICAL_EVIDENCE"",""state_role"":""FORWARD_ATTENTION_CELL"",""valid_date"":""2023-12-02""}",FORECAST_GEOLOGICAL_CONDITION,true,true,false,UNKNOWN_SOURCE_VALUE,ABSTAIN,,"{""attribute_name"":""risk_hint"",""normalized_value"":""UNKNOWN"",""source_evidence_id"":""doc_c19c0e4b52882f445108f4a0_e0002""}",,,,null,knowledge_revision_event_f37d375dd9928ce56707b7fd,FORWARD_ATTENTION_CELL,false,OPPORTUNITY_ADDED,2023-12-02,false
false,false,cell_e05c5d458652315d2804569f,"{""attribute_name"":""rock_mass_state"",""base_stage3a_state_version_id"":""state_version_af9c343e43173261f4fab1ad"",""cell_id"":""cell_e05c5d458652315d2804569f"",""claim_type"":""FORECAST_GEOLOGICAL_CONDITION"",""source_evidence_id"":""doc_1bccaf9b3397c0d25601b19d_e0006"",""source_kind"":""GEOLOGICAL_EVIDENCE"",""state_role"":""FORWARD_ATTENTION_CELL"",""valid_date"":""2023-12-02""}",FORECAST_GEOLOGICAL_CONDITION,false,false,false,,EXPRESSIBLE,doc_1bccaf9b3397c0d25601b19d_e0006,"{""attribute_name"":""rock_mass_state"",""normalized_value"":""岩体破碎"",""source_evidence_id"":""doc_1bccaf9b3397c0d25601b19d_e0006""}",,EXPRESSIBLE,doc_1bccaf9b3397c0d25601b19d_e0006,"{""attribute_name"":""rock_mass_state"",""normalized_value"":""岩体破碎"",""source_evidence_id"":""doc_1bccaf9b3397c0d25601b19d_e0006""}",knowledge_revision_event_f37d375dd9928ce56707b7fd,FORWARD_ATTENTION_CELL,false,UNCHANGED_EXPRESSIBLE,2023-12-02,true
false,false,cell_e05c5d458652315d2804569f,"{""attribute_name"":""rock_mass_state"",""base_stage3a_state_version_id"":""state_version_af9c343e43173261f4fab1ad"",""cell_id"":""cell_e05c5d458652315d2804569f"",""claim_type"":""FORECAST_GEOLOGICAL_CONDITION"",""source_evidence_id"":""doc_c19c0e4b52882f445108f4a0_e0002"",""source_kind"":""GEOLOGICAL_EVIDENCE"",""state_role"":""FORWARD_ATTENTION_CELL"",""valid_date"":""2023-12-02""}",FORECAST_GEOLOGICAL_CONDITION,true,true,false,,EXPRESSIBLE,doc_c19c0e4b52882f445108f4a0_e0002,"{""attribute_name"":""rock_mass_state"",""normalized_value"":""岩体破碎"",""source_evidence_id"":""doc_c19c0e4b52882f445108f4a0_e0002""}",,,,null,knowledge_revision_event_f37d375dd9928ce56707b7fd,FORWARD_ATTENTION_CELL,false,OPPORTUNITY_ADDED,2023-12-02,false
false,false,cell_e05c5d458652315d2804569f,"{""attribute_name"":""suggested_grade"",""base_stage3a_state_version_id"":""state_version_af9c343e43173261f4fab1ad"",""cell_id"":""cell_e05c5d458652315d2804569f"",""claim_type"":""FORECAST_GEOLOGICAL_CONDITION"",""source_evidence_id"":""doc_1bccaf9b3397c0d25601b19d_e0006"",""source_kind"":""GEOLOGICAL_EVIDENCE"",""state_role"":""FORWARD_ATTENTION_CELL"",""valid_date"":""2023-12-02""}",FORECAST_GEOLOGICAL_CONDITION,false,false,false,,EXPRESSIBLE,doc_1bccaf9b3397c0d25601b19d_e0006,"{""attribute_name"":""suggested_grade"",""normalized_value"":""Ⅳ级"",""source_evidence_id"":""doc_1bccaf9b3397c0d25601b19d_e0006""}",,EXPRESSIBLE,doc_1bccaf9b3397c0d25601b19d_e0006,"{""attribute_name"":""suggested_grade"",""normalized_value"":""Ⅳ级"",""source_evidence_id"":""doc_1bccaf9b3397c0d25601b19d_e0006""}",knowledge_revision_event_f37d375dd9928ce56707b7fd,FORWARD_ATTENTION_CELL,false,UNCHANGED_EXPRESSIBLE,2023-12-02,true
false,false,cell_e05c5d458652315d2804569f,"{""attribute_name"":""suggested_grade"",""base_stage3a_state_version_id"":""state_version_af9c343e43173261f4fab1ad"",""cell_id"":""cell_e05c5d458652315d2804569f"",""claim_type"":""FORECAST_GEOLOGICAL_CONDITION"",""source_evidence_id"":""doc_c19c0e4b52882f445108f4a0_e0002"",""source_kind"":""GEOLOGICAL_EVIDENCE"",""state_role"":""FORWARD_ATTENTION_CELL"",""valid_date"":""2023-12-02""}",FORECAST_GEOLOGICAL_CONDITION,true,true,false,,EXPRESSIBLE,doc_c19c0e4b52882f445108f4a0_e0002,"{""attribute_name"":""suggested_grade"",""normalized_value"":""Ⅳ级"",""source_evidence_id"":""doc_c19c0e4b52882f445108f4a0_e0002""}",,,,null,knowledge_revision_event_f37d375dd9928ce56707b7fd,FORWARD_ATTENTION_CELL,false,OPPORTUNITY_ADDED,2023-12-02,false
false,false,cell_e05c5d458652315d2804569f,"{""attribute_name"":""weathering"",""base_stage3a_state_version_id"":""state_version_af9c343e43173261f4fab1ad"",""cell_id"":""cell_e05c5d458652315d2804569f"",""claim_type"":""FORECAST_GEOLOGICAL_CONDITION"",""source_evidence_id"":""doc_1bccaf9b3397c0d25601b19d_e0006"",""source_kind"":""GEOLOGICAL_EVIDENCE"",""state_role"":""FORWARD_ATTENTION_CELL"",""valid_date"":""2023-12-02""}",FORECAST_GEOLOGICAL_CONDITION,false,false,false,,EXPRESSIBLE,doc_1bccaf9b3397c0d25601b19d_e0006,"{""attribute_name"":""weathering"",""normalized_value"":""弱风化"",""source_evidence_id"":""doc_1bccaf9b3397c0d25601b19d_e0006""}",,EXPRESSIBLE,doc_1bccaf9b3397c0d25601b19d_e0006,"{""attribute_name"":""weathering"",""normalized_value"":""弱风化"",""source_evidence_id"":""doc_1bccaf9b3397c0d25601b19d_e0006""}",knowledge_revision_event_f37d375dd9928ce56707b7fd,FORWARD_ATTENTION_CELL,false,UNCHANGED_EXPRESSIBLE,2023-12-02,true
false,false,cell_e05c5d458652315d2804569f,"{""attribute_name"":""weathering"",""base_stage3a_state_version_id"":""state_version_af9c343e43173261f4fab1ad"",""cell_id"":""cell_e05c5d458652315d2804569f"",""claim_type"":""FORECAST_GEOLOGICAL_CONDITION"",""source_evidence_id"":""doc_c19c0e4b52882f445108f4a0_e0002"",""source_kind"":""GEOLOGICAL_EVIDENCE"",""state_role"":""FORWARD_ATTENTION_CELL"",""valid_date"":""2023-12-02""}",FORECAST_GEOLOGICAL_CONDITION,true,true,false,,EXPRESSIBLE,doc_c19c0e4b52882f445108f4a0_e0002,"{""attribute_name"":""weathering"",""normalized_value"":""弱风化"",""source_evidence_id"":""doc_c19c0e4b52882f445108f4a0_e0002""}",,,,null,knowledge_revision_event_f37d375dd9928ce56707b7fd,FORWARD_ATTENTION_CELL,false,OPPORTUNITY_ADDED,2023-12-02,false
false,false,cell_e05c5d458652315d2804569f,"{""base_stage3a_state_version_id"":""state_version_af9c343e43173261f4fab1ad"",""cell_id"":""cell_e05c5d458652315d2804569f"",""claim_type"":""FORWARD_GEOLOGICAL_ATTENTION"",""metric_name"":""GRS"",""source_kind"":""STATE_GRS"",""state_role"":""FORWARD_ATTENTION_CELL"",""valid_date"":""2023-12-02""}",FORWARD_GEOLOGICAL_ATTENTION,false,false,false,,EXPRESSIBLE,state_grs_d81f790f04d06cab11c1ecfc,"{""is_causal_estimate"":false,""is_hazard_probability"":false,""is_probability"":false,""metric_name"":""GRS"",""metric_semantics"":""FORWARD_GEOLOGICAL_EVIDENCE_ATTENTION_INDEX"",""metric_status"":""AVAILABLE"",""metric_value"":0.5416666666666666}",,EXPRESSIBLE,state_grs_627dc30c704eb84deb598f3a,"{""is_causal_estimate"":false,""is_hazard_probability"":false,""is_probability"":false,""metric_name"":""GRS"",""metric_semantics"":""FORWARD_GEOLOGICAL_EVIDENCE_ATTENTION_INDEX"",""metric_status"":""AVAILABLE"",""metric_value"":0.5416666666666666}",knowledge_revision_event_f37d375dd9928ce56707b7fd,FORWARD_ATTENTION_CELL,true,RESOLVED_SUPPORT_CHANGED,2023-12-02,false
false,false,cell_e05c5d458652315d2804569f,"{""base_stage3a_state_version_id"":""state_version_af9c343e43173261f4fab1ad"",""cell_id"":""cell_e05c5d458652315d2804569f"",""claim_type"":""OPERATIONAL_RESPONSE_ATTENTION"",""metric_name"":""RAI"",""source_kind"":""STATE_RAI"",""state_role"":""FORWARD_ATTENTION_CELL"",""valid_date"":""2023-12-02""}",OPERATIONAL_RESPONSE_ATTENTION,false,false,false,STATE_ROLE_NOT_ALLOWED,ABSTAIN,,null,STATE_ROLE_NOT_ALLOWED,ABSTAIN,,null,knowledge_revision_event_f37d375dd9928ce56707b7fd,FORWARD_ATTENTION_CELL,false,UNCHANGED_ABSTAIN,2023-12-02,false
false,false,cell_eb2c3c433c9ba2151c8c98b3,"{""attribute_name"":""anomaly_level"",""base_stage3a_state_version_id"":""state_version_80b22724ada17d8f63af6a05"",""cell_id"":""cell_eb2c3c433c9ba2151c8c98b3"",""claim_type"":""FORECAST_GEOLOGICAL_CONDITION"",""source_evidence_id"":""doc_d0afc25463d4776277ebb952_e0002"",""source_kind"":""GEOLOGICAL_EVIDENCE"",""state_role"":""FORWARD_ATTENTION_CELL"",""valid_date"":""2023-11-17""}",FORECAST_GEOLOGICAL_CONDITION,true,true,false,UNKNOWN_SOURCE_VALUE,ABSTAIN,,"{""attribute_name"":""anomaly_level"",""normalized_value"":""NONE"",""source_evidence_id"":""doc_d0afc25463d4776277ebb952_e0002""}",,,,null,knowledge_revision_event_fe7c93b1bf6755b114a63aaa,FORWARD_ATTENTION_CELL,false,OPPORTUNITY_ADDED,2023-11-17,false
false,false,cell_eb2c3c433c9ba2151c8c98b3,"{""attribute_name"":""geological_conclusion"",""base_stage3a_state_version_id"":""state_version_80b22724ada17d8f63af6a05"",""cell_id"":""cell_eb2c3c433c9ba2151c8c98b3"",""claim_type"":""FORECAST_GEOLOGICAL_CONDITION"",""source_evidence_id"":""doc_d0afc25463d4776277ebb952_e0002"",""source_kind"":""GEOLOGICAL_EVIDENCE"",""state_role"":""FORWARD_ATTENTION_CELL"",""valid_date"":""2023-11-17""}",FORECAST_GEOLOGICAL_CONDITION,true,true,false,,EXPRESSIBLE,doc_d0afc25463d4776277ebb952_e0002,"{""attribute_name"":""geological_conclusion"",""normalized_value"":""该段围岩与当前掌子面相当。岩 性为板岩夹变质砂岩，弱风化， 岩质软硬不均，节理裂隙较发育， 岩体较破碎。"",""source_evidence_id"":""doc_d0afc25463d4776277ebb952_e0002""}",,,,null,knowledge_revision_event_fe7c93b1bf6755b114a63aaa,FORWARD_ATTENTION_CELL,false,OPPORTUNITY_ADDED,2023-11-17,false
false,false,cell_eb2c3c433c9ba2151c8c98b3,"{""attribute_name"":""joint_development"",""base_stage3a_state_version_id"":""state_version_80b22724ada17d8f63af6a05"",""cell_id"":""cell_eb2c3c433c9ba2151c8c98b3"",""claim_type"":""FORECAST_GEOLOGICAL_CONDITION"",""source_evidence_id"":""doc_d0afc25463d4776277ebb952_e0002"",""source_kind"":""GEOLOGICAL_EVIDENCE"",""state_role"":""FORWARD_ATTENTION_CELL"",""valid_date"":""2023-11-17""}",FORECAST_GEOLOGICAL_CONDITION,true,true,false,,EXPRESSIBLE,doc_d0afc25463d4776277ebb952_e0002,"{""attribute_name"":""joint_development"",""normalized_value"":""节理裂隙较发育"",""source_evidence_id"":""doc_d0afc25463d4776277ebb952_e0002""}",,,,null,knowledge_revision_event_fe7c93b1bf6755b114a63aaa,FORWARD_ATTENTION_CELL,false,OPPORTUNITY_ADDED,2023-11-17,false
false,false,cell_eb2c3c433c9ba2151c8c98b3,"{""attribute_name"":""lithology"",""base_stage3a_state_version_id"":""state_version_80b22724ada17d8f63af6a05"",""cell_id"":""cell_eb2c3c433c9ba2151c8c98b3"",""claim_type"":""FORECAST_GEOLOGICAL_CONDITION"",""source_evidence_id"":""doc_d0afc25463d4776277ebb952_e0002"",""source_kind"":""GEOLOGICAL_EVIDENCE"",""state_role"":""FORWARD_ATTENTION_CELL"",""valid_date"":""2023-11-17""}",FORECAST_GEOLOGICAL_CONDITION,true,true,false,,EXPRESSIBLE,doc_d0afc25463d4776277ebb952_e0002,"{""attribute_name"":""lithology"",""normalized_value"":""板岩夹变质砂岩"",""source_evidence_id"":""doc_d0afc25463d4776277ebb952_e0002""}",,,,null,knowledge_revision_event_fe7c93b1bf6755b114a63aaa,FORWARD_ATTENTION_CELL,false,OPPORTUNITY_ADDED,2023-11-17,false
false,false,cell_eb2c3c433c9ba2151c8c98b3,"{""attribute_name"":""risk_hint"",""base_stage3a_state_version_id"":""state_version_80b22724ada17d8f63af6a05"",""cell_id"":""cell_eb2c3c433c9ba2151c8c98b3"",""claim_type"":""FORECAST_GEOLOGICAL_CONDITION"",""source_evidence_id"":""doc_d0afc25463d4776277ebb952_e0002"",""source_kind"":""GEOLOGICAL_EVIDENCE"",""state_role"":""FORWARD_ATTENTION_CELL"",""valid_date"":""2023-11-17""}",FORECAST_GEOLOGICAL_CONDITION,true,true,false,UNKNOWN_SOURCE_VALUE,ABSTAIN,,"{""attribute_name"":""risk_hint"",""normalized_value"":""UNKNOWN"",""source_evidence_id"":""doc_d0afc25463d4776277ebb952_e0002""}",,,,null,knowledge_revision_event_fe7c93b1bf6755b114a63aaa,FORWARD_ATTENTION_CELL,false,OPPORTUNITY_ADDED,2023-11-17,false
false,false,cell_eb2c3c433c9ba2151c8c98b3,"{""attribute_name"":""rock_mass_state"",""base_stage3a_state_version_id"":""state_version_80b22724ada17d8f63af6a05"",""cell_id"":""cell_eb2c3c433c9ba2151c8c98b3"",""claim_type"":""FORECAST_GEOLOGICAL_CONDITION"",""source_evidence_id"":""doc_d0afc25463d4776277ebb952_e0002"",""source_kind"":""GEOLOGICAL_EVIDENCE"",""state_role"":""FORWARD_ATTENTION_CELL"",""valid_date"":""2023-11-17""}",FORECAST_GEOLOGICAL_CONDITION,true,true,false,,EXPRESSIBLE,doc_d0afc25463d4776277ebb952_e0002,"{""attribute_name"":""rock_mass_state"",""normalized_value"":""岩体较破碎"",""source_evidence_id"":""doc_d0afc25463d4776277ebb952_e0002""}",,,,null,knowledge_revision_event_fe7c93b1bf6755b114a63aaa,FORWARD_ATTENTION_CELL,false,OPPORTUNITY_ADDED,2023-11-17,false
false,false,cell_eb2c3c433c9ba2151c8c98b3,"{""attribute_name"":""suggested_grade"",""base_stage3a_state_version_id"":""state_version_80b22724ada17d8f63af6a05"",""cell_id"":""cell_eb2c3c433c9ba2151c8c98b3"",""claim_type"":""FORECAST_GEOLOGICAL_CONDITION"",""source_evidence_id"":""doc_d0afc25463d4776277ebb952_e0002"",""source_kind"":""GEOLOGICAL_EVIDENCE"",""state_role"":""FORWARD_ATTENTION_CELL"",""valid_date"":""2023-11-17""}",FORECAST_GEOLOGICAL_CONDITION,true,true,false,,EXPRESSIBLE,doc_d0afc25463d4776277ebb952_e0002,"{""attribute_name"":""suggested_grade"",""normalized_value"":""Ⅲ级"",""source_evidence_id"":""doc_d0afc25463d4776277ebb952_e0002""}",,,,null,knowledge_revision_event_fe7c93b1bf6755b114a63aaa,FORWARD_ATTENTION_CELL,false,OPPORTUNITY_ADDED,2023-11-17,false
false,false,cell_eb2c3c433c9ba2151c8c98b3,"{""attribute_name"":""weathering"",""base_stage3a_state_version_id"":""state_version_80b22724ada17d8f63af6a05"",""cell_id"":""cell_eb2c3c433c9ba2151c8c98b3"",""claim_type"":""FORECAST_GEOLOGICAL_CONDITION"",""source_evidence_id"":""doc_d0afc25463d4776277ebb952_e0002"",""source_kind"":""GEOLOGICAL_EVIDENCE"",""state_role"":""FORWARD_ATTENTION_CELL"",""valid_date"":""2023-11-17""}",FORECAST_GEOLOGICAL_CONDITION,true,true,false,,EXPRESSIBLE,doc_d0afc25463d4776277ebb952_e0002,"{""attribute_name"":""weathering"",""normalized_value"":""弱风化"",""source_evidence_id"":""doc_d0afc25463d4776277ebb952_e0002""}",,,,null,knowledge_revision_event_fe7c93b1bf6755b114a63aaa,FORWARD_ATTENTION_CELL,false,OPPORTUNITY_ADDED,2023-11-17,false
true,true,cell_eb2c3c433c9ba2151c8c98b3,"{""base_stage3a_state_version_id"":""state_version_80b22724ada17d8f63af6a05"",""cell_id"":""cell_eb2c3c433c9ba2151c8c98b3"",""claim_type"":""FORWARD_GEOLOGICAL_ATTENTION"",""metric_name"":""GRS"",""source_kind"":""STATE_GRS"",""state_role"":""FORWARD_ATTENTION_CELL"",""valid_date"":""2023-11-17""}",FORWARD_GEOLOGICAL_ATTENTION,true,false,false,,EXPRESSIBLE,state_grs_8cb773ca6beddf9b71347860,"{""is_causal_estimate"":false,""is_hazard_probability"":false,""is_probability"":false,""metric_name"":""GRS"",""metric_semantics"":""FORWARD_GEOLOGICAL_EVIDENCE_ATTENTION_INDEX"",""metric_status"":""AVAILABLE"",""metric_value"":0.20833333333333331}",REQUIRED_EPISTEMIC_STATUS_MISSING,ABSTAIN,,null,knowledge_revision_event_fe7c93b1bf6755b114a63aaa,FORWARD_ATTENTION_CELL,true,ABSTAIN_TO_EXPRESSIBLE,2023-11-17,false
false,false,cell_eb2c3c433c9ba2151c8c98b3,"{""base_stage3a_state_version_id"":""state_version_80b22724ada17d8f63af6a05"",""cell_id"":""cell_eb2c3c433c9ba2151c8c98b3"",""claim_type"":""OPERATIONAL_RESPONSE_ATTENTION"",""metric_name"":""RAI"",""source_kind"":""STATE_RAI"",""state_role"":""FORWARD_ATTENTION_CELL"",""valid_date"":""2023-11-17""}",OPERATIONAL_RESPONSE_ATTENTION,false,false,false,STATE_ROLE_NOT_ALLOWED,ABSTAIN,,null,STATE_ROLE_NOT_ALLOWED,ABSTAIN,,null,knowledge_revision_event_fe7c93b1bf6755b114a63aaa,FORWARD_ATTENTION_CELL,false,UNCHANGED_ABSTAIN,2023-11-17,false
