claim_logical_key,post_version_id,pre_version_id,row_present_both,stage5c_transition,stage7d_transition,status,transition_match
"{""attribute_name"":""anomaly_level"",""base_stage3a_state_version_id"":""state_version_c1cec495263fc0dbc1e9c1fa"",""cell_id"":""cell_64ff35e15826ff3f4f73e53f"",""claim_type"":""FORECAST_GEOLOGICAL_CONDITION"",""source_evidence_id"":""doc_99cb24b0b45c767bece0fac1_e0003"",""source_kind"":""GEOLOGICAL_EVIDENCE"",""state_role"":""FORWARD_ATTENTION_CELL"",""valid_date"":""2023-12-16""}",bitemporal_version_fe3f915a22ed341d647d39b7,bitemporal_version_0e8be71918da1a425a24a09a,True,OPPORTUNITY_ADDED,OPPORTUNITY_ADDED,PASS,True
"{""attribute_name"":""anomaly_level"",""base_stage3a_state_version_id"":""state_version_c1cec495263fc0dbc1e9c1fa"",""cell_id"":""cell_64ff35e15826ff3f4f73e53f"",""claim_type"":""FORECAST_GEOLOGICAL_CONDITION"",""source_evidence_id"":""doc_c6033d47fac60b63875a730d_e0002"",""source_kind"":""GEOLOGICAL_EVIDENCE"",""state_role"":""FORWARD_ATTENTION_CELL"",""valid_date"":""2023-12-16""}",bitemporal_version_fe3f915a22ed341d647d39b7,bitemporal_version_0e8be71918da1a425a24a09a,True,UNCHANGED_ABSTAIN,UNCHANGED_ABSTAIN,PASS,True
"{""attribute_name"":""block_fall_or_collapse"",""base_stage3a_state_version_id"":""state_version_c1cec495263fc0dbc1e9c1fa"",""cell_id"":""cell_64ff35e15826ff3f4f73e53f"",""claim_type"":""FORECAST_GEOLOGICAL_CONDITION"",""source_evidence_id"":""doc_c6033d47fac60b63875a730d_e0002"",""source_kind"":""GEOLOGICAL_EVIDENCE"",""state_role"":""FORWARD_ATTENTION_CELL"",""valid_date"":""2023-12-16""}",bitemporal_version_fe3f915a22ed341d647d39b7,bitemporal_version_0e8be71918da1a425a24a09a,True,UNCHANGED_EXPRESSIBLE,UNCHANGED_EXPRESSIBLE,PASS,True
"{""attribute_name"":""geological_conclusion"",""base_stage3a_state_version_id"":""state_version_c1cec495263fc0dbc1e9c1fa"",""cell_id"":""cell_64ff35e15826ff3f4f73e53f"",""claim_type"":""FORECAST_GEOLOGICAL_CONDITION"",""source_evidence_id"":""doc_99cb24b0b45c767bece0fac1_e0003"",""source_kind"":""GEOLOGICAL_EVIDENCE"",""state_role"":""FORWARD_ATTENTION_CELL"",""valid_date"":""2023-12-16""}",bitemporal_version_fe3f915a22ed341d647d39b7,bitemporal_version_0e8be71918da1a425a24a09a,True,OPPORTUNITY_ADDED,OPPORTUNITY_ADDED,PASS,True
"{""attribute_name"":""joint_development"",""base_stage3a_state_version_id"":""state_version_c1cec495263fc0dbc1e9c1fa"",""cell_id"":""cell_64ff35e15826ff3f4f73e53f"",""claim_type"":""FORECAST_GEOLOGICAL_CONDITION"",""source_evidence_id"":""doc_99cb24b0b45c767bece0fac1_e0003"",""source_kind"":""GEOLOGICAL_EVIDENCE"",""state_role"":""FORWARD_ATTENTION_CELL"",""valid_date"":""2023-12-16""}",bitemporal_version_fe3f915a22ed341d647d39b7,bitemporal_version_0e8be71918da1a425a24a09a,True,OPPORTUNITY_ADDED,OPPORTUNITY_ADDED,PASS,True
"{""attribute_name"":""joint_development"",""base_stage3a_state_version_id"":""state_version_c1cec495263fc0dbc1e9c1fa"",""cell_id"":""cell_64ff35e15826ff3f4f73e53f"",""claim_type"":""FORECAST_GEOLOGICAL_CONDITION"",""source_evidence_id"":""doc_c6033d47fac60b63875a730d_e0002"",""source_kind"":""GEOLOGICAL_EVIDENCE"",""state_role"":""FORWARD_ATTENTION_CELL"",""valid_date"":""2023-12-16""}",bitemporal_version_fe3f915a22ed341d647d39b7,bitemporal_version_0e8be71918da1a425a24a09a,True,UNCHANGED_EXPRESSIBLE,UNCHANGED_EXPRESSIBLE,PASS,True
"{""attribute_name"":""lithology"",""base_stage3a_state_version_id"":""state_version_c1cec495263fc0dbc1e9c1fa"",""cell_id"":""cell_64ff35e15826ff3f4f73e53f"",""claim_type"":""FORECAST_GEOLOGICAL_CONDITION"",""source_evidence_id"":""doc_99cb24b0b45c767bece0fac1_e0003"",""source_kind"":""GEOLOGICAL_EVIDENCE"",""state_role"":""FORWARD_ATTENTION_CELL"",""valid_date"":""2023-12-16""}",bitemporal_version_fe3f915a22ed341d647d39b7,bitemporal_version_0e8be71918da1a425a24a09a,True,OPPORTUNITY_ADDED,OPPORTUNITY_ADDED,PASS,True
"{""attribute_name"":""lithology"",""base_stage3a_state_version_id"":""state_version_c1cec495263fc0dbc1e9c1fa"",""cell_id"":""cell_64ff35e15826ff3f4f73e53f"",""claim_type"":""FORECAST_GEOLOGICAL_CONDITION"",""source_evidence_id"":""doc_c6033d47fac60b63875a730d_e0002"",""source_kind"":""GEOLOGICAL_EVIDENCE"",""state_role"":""FORWARD_ATTENTION_CELL"",""valid_date"":""2023-12-16""}",bitemporal_version_fe3f915a22ed341d647d39b7,bitemporal_version_0e8be71918da1a425a24a09a,True,UNCHANGED_EXPRESSIBLE,UNCHANGED_EXPRESSIBLE,PASS,True
"{""attribute_name"":""narrative_water_observation"",""base_stage3a_state_version_id"":""state_version_c1cec495263fc0dbc1e9c1fa"",""cell_id"":""cell_64ff35e15826ff3f4f73e53f"",""claim_type"":""FORECAST_GEOLOGICAL_CONDITION"",""source_evidence_id"":""doc_c6033d47fac60b63875a730d_e0002"",""source_kind"":""GEOLOGICAL_EVIDENCE"",""state_role"":""FORWARD_ATTENTION_CELL"",""valid_date"":""2023-12-16""}",bitemporal_version_fe3f915a22ed341d647d39b7,bitemporal_version_0e8be71918da1a425a24a09a,True,UNCHANGED_EXPRESSIBLE,UNCHANGED_EXPRESSIBLE,PASS,True
"{""attribute_name"":""risk_hint"",""base_stage3a_state_version_id"":""state_version_c1cec495263fc0dbc1e9c1fa"",""cell_id"":""cell_64ff35e15826ff3f4f73e53f"",""claim_type"":""FORECAST_GEOLOGICAL_CONDITION"",""source_evidence_id"":""doc_99cb24b0b45c767bece0fac1_e0003"",""source_kind"":""GEOLOGICAL_EVIDENCE"",""state_role"":""FORWARD_ATTENTION_CELL"",""valid_date"":""2023-12-16""}",bitemporal_version_fe3f915a22ed341d647d39b7,bitemporal_version_0e8be71918da1a425a24a09a,True,OPPORTUNITY_ADDED,OPPORTUNITY_ADDED,PASS,True
"{""attribute_name"":""rock_mass_state"",""base_stage3a_state_version_id"":""state_version_c1cec495263fc0dbc1e9c1fa"",""cell_id"":""cell_64ff35e15826ff3f4f73e53f"",""claim_type"":""FORECAST_GEOLOGICAL_CONDITION"",""source_evidence_id"":""doc_99cb24b0b45c767bece0fac1_e0003"",""source_kind"":""GEOLOGICAL_EVIDENCE"",""state_role"":""FORWARD_ATTENTION_CELL"",""valid_date"":""2023-12-16""}",bitemporal_version_fe3f915a22ed341d647d39b7,bitemporal_version_0e8be71918da1a425a24a09a,True,OPPORTUNITY_ADDED,OPPORTUNITY_ADDED,PASS,True
"{""attribute_name"":""rock_mass_state"",""base_stage3a_state_version_id"":""state_version_c1cec495263fc0dbc1e9c1fa"",""cell_id"":""cell_64ff35e15826ff3f4f73e53f"",""claim_type"":""FORECAST_GEOLOGICAL_CONDITION"",""source_evidence_id"":""doc_c6033d47fac60b63875a730d_e0002"",""source_kind"":""GEOLOGICAL_EVIDENCE"",""state_role"":""FORWARD_ATTENTION_CELL"",""valid_date"":""2023-12-16""}",bitemporal_version_fe3f915a22ed341d647d39b7,bitemporal_version_0e8be71918da1a425a24a09a,True,UNCHANGED_EXPRESSIBLE,UNCHANGED_EXPRESSIBLE,PASS,True
"{""attribute_name"":""stability"",""base_stage3a_state_version_id"":""state_version_c1cec495263fc0dbc1e9c1fa"",""cell_id"":""cell_64ff35e15826ff3f4f73e53f"",""claim_type"":""FORECAST_GEOLOGICAL_CONDITION"",""source_evidence_id"":""doc_c6033d47fac60b63875a730d_e0002"",""source_kind"":""GEOLOGICAL_EVIDENCE"",""state_role"":""FORWARD_ATTENTION_CELL"",""valid_date"":""2023-12-16""}",bitemporal_version_fe3f915a22ed341d647d39b7,bitemporal_version_0e8be71918da1a425a24a09a,True,UNCHANGED_ABSTAIN,UNCHANGED_ABSTAIN,PASS,True
"{""attribute_name"":""suggested_grade"",""base_stage3a_state_version_id"":""state_version_c1cec495263fc0dbc1e9c1fa"",""cell_id"":""cell_64ff35e15826ff3f4f73e53f"",""claim_type"":""FORECAST_GEOLOGICAL_CONDITION"",""source_evidence_id"":""doc_99cb24b0b45c767bece0fac1_e0003"",""source_kind"":""GEOLOGICAL_EVIDENCE"",""state_role"":""FORWARD_ATTENTION_CELL"",""valid_date"":""2023-12-16""}",bitemporal_version_fe3f915a22ed341d647d39b7,bitemporal_version_0e8be71918da1a425a24a09a,True,OPPORTUNITY_ADDED,OPPORTUNITY_ADDED,PASS,True
"{""attribute_name"":""water_type"",""base_stage3a_state_version_id"":""state_version_c1cec495263fc0dbc1e9c1fa"",""cell_id"":""cell_64ff35e15826ff3f4f73e53f"",""claim_type"":""FORECAST_GEOLOGICAL_CONDITION"",""source_evidence_id"":""doc_c6033d47fac60b63875a730d_e0002"",""source_kind"":""GEOLOGICAL_EVIDENCE"",""state_role"":""FORWARD_ATTENTION_CELL"",""valid_date"":""2023-12-16""}",bitemporal_version_fe3f915a22ed341d647d39b7,bitemporal_version_0e8be71918da1a425a24a09a,True,UNCHANGED_EXPRESSIBLE,UNCHANGED_EXPRESSIBLE,PASS,True
"{""attribute_name"":""weathering"",""base_stage3a_state_version_id"":""state_version_c1cec495263fc0dbc1e9c1fa"",""cell_id"":""cell_64ff35e15826ff3f4f73e53f"",""claim_type"":""FORECAST_GEOLOGICAL_CONDITION"",""source_evidence_id"":""doc_99cb24b0b45c767bece0fac1_e0003"",""source_kind"":""GEOLOGICAL_EVIDENCE"",""state_role"":""FORWARD_ATTENTION_CELL"",""valid_date"":""2023-12-16""}",bitemporal_version_fe3f915a22ed341d647d39b7,bitemporal_version_0e8be71918da1a425a24a09a,True,OPPORTUNITY_ADDED,OPPORTUNITY_ADDED,PASS,True
"{""attribute_name"":""weathering"",""base_stage3a_state_version_id"":""state_version_c1cec495263fc0dbc1e9c1fa"",""cell_id"":""cell_64ff35e15826ff3f4f73e53f"",""claim_type"":""FORECAST_GEOLOGICAL_CONDITION"",""source_evidence_id"":""doc_c6033d47fac60b63875a730d_e0002"",""source_kind"":""GEOLOGICAL_EVIDENCE"",""state_role"":""FORWARD_ATTENTION_CELL"",""valid_date"":""2023-12-16""}",bitemporal_version_fe3f915a22ed341d647d39b7,bitemporal_version_0e8be71918da1a425a24a09a,True,UNCHANGED_EXPRESSIBLE,UNCHANGED_EXPRESSIBLE,PASS,True
"{""base_stage3a_state_version_id"":""state_version_c1cec495263fc0dbc1e9c1fa"",""cell_id"":""cell_64ff35e15826ff3f4f73e53f"",""claim_type"":""FORWARD_GEOLOGICAL_ATTENTION"",""metric_name"":""GRS"",""source_kind"":""STATE_GRS"",""state_role"":""FORWARD_ATTENTION_CELL"",""valid_date"":""2023-12-16""}",bitemporal_version_fe3f915a22ed341d647d39b7,bitemporal_version_0e8be71918da1a425a24a09a,True,CLAIM_VALUE_CHANGED,CLAIM_VALUE_CHANGED,PASS,True
"{""base_stage3a_state_version_id"":""state_version_c1cec495263fc0dbc1e9c1fa"",""cell_id"":""cell_64ff35e15826ff3f4f73e53f"",""claim_type"":""OPERATIONAL_RESPONSE_ATTENTION"",""metric_name"":""RAI"",""source_kind"":""STATE_RAI"",""state_role"":""FORWARD_ATTENTION_CELL"",""valid_date"":""2023-12-16""}",bitemporal_version_fe3f915a22ed341d647d39b7,bitemporal_version_0e8be71918da1a425a24a09a,True,UNCHANGED_ABSTAIN,UNCHANGED_ABSTAIN,PASS,True
"{""attribute_name"":""anomaly_level"",""base_stage3a_state_version_id"":""state_version_2e2cfb55af620b0b672575ea"",""cell_id"":""cell_59d7ded1be93617fff859fd7"",""claim_type"":""FORECAST_GEOLOGICAL_CONDITION"",""source_evidence_id"":""doc_042ef22be43ba006975946e2_e0002"",""source_kind"":""GEOLOGICAL_EVIDENCE"",""state_role"":""FORWARD_ATTENTION_CELL"",""valid_date"":""2023-09-22""}",bitemporal_version_89c9c8c5cc5c29a3ecc3eab1,bitemporal_version_14c0d3c3c5bae0f959927e2b,True,OPPORTUNITY_ADDED,OPPORTUNITY_ADDED,PASS,True
"{""attribute_name"":""geological_conclusion"",""base_stage3a_state_version_id"":""state_version_2e2cfb55af620b0b672575ea"",""cell_id"":""cell_59d7ded1be93617fff859fd7"",""claim_type"":""FORECAST_GEOLOGICAL_CONDITION"",""source_evidence_id"":""doc_042ef22be43ba006975946e2_e0002"",""source_kind"":""GEOLOGICAL_EVIDENCE"",""state_role"":""FORWARD_ATTENTION_CELL"",""valid_date"":""2023-09-22""}",bitemporal_version_89c9c8c5cc5c29a3ecc3eab1,bitemporal_version_14c0d3c3c5bae0f959927e2b,True,OPPORTUNITY_ADDED,OPPORTUNITY_ADDED,PASS,True
"{""attribute_name"":""joint_development"",""base_stage3a_state_version_id"":""state_version_2e2cfb55af620b0b672575ea"",""cell_id"":""cell_59d7ded1be93617fff859fd7"",""claim_type"":""FORECAST_GEOLOGICAL_CONDITION"",""source_evidence_id"":""doc_042ef22be43ba006975946e2_e0002"",""source_kind"":""GEOLOGICAL_EVIDENCE"",""state_role"":""FORWARD_ATTENTION_CELL"",""valid_date"":""2023-09-22""}",bitemporal_version_89c9c8c5cc5c29a3ecc3eab1,bitemporal_version_14c0d3c3c5bae0f959927e2b,True,OPPORTUNITY_ADDED,OPPORTUNITY_ADDED,PASS,True
"{""attribute_name"":""lithology"",""base_stage3a_state_version_id"":""state_version_2e2cfb55af620b0b672575ea"",""cell_id"":""cell_59d7ded1be93617fff859fd7"",""claim_type"":""FORECAST_GEOLOGICAL_CONDITION"",""source_evidence_id"":""doc_042ef22be43ba006975946e2_e0002"",""source_kind"":""GEOLOGICAL_EVIDENCE"",""state_role"":""FORWARD_ATTENTION_CELL"",""valid_date"":""2023-09-22""}",bitemporal_version_89c9c8c5cc5c29a3ecc3eab1,bitemporal_version_14c0d3c3c5bae0f959927e2b,True,OPPORTUNITY_ADDED,OPPORTUNITY_ADDED,PASS,True
"{""attribute_name"":""risk_hint"",""base_stage3a_state_version_id"":""state_version_2e2cfb55af620b0b672575ea"",""cell_id"":""cell_59d7ded1be93617fff859fd7"",""claim_type"":""FORECAST_GEOLOGICAL_CONDITION"",""source_evidence_id"":""doc_042ef22be43ba006975946e2_e0002"",""source_kind"":""GEOLOGICAL_EVIDENCE"",""state_role"":""FORWARD_ATTENTION_CELL"",""valid_date"":""2023-09-22""}",bitemporal_version_89c9c8c5cc5c29a3ecc3eab1,bitemporal_version_14c0d3c3c5bae0f959927e2b,True,OPPORTUNITY_ADDED,OPPORTUNITY_ADDED,PASS,True
"{""attribute_name"":""rock_mass_state"",""base_stage3a_state_version_id"":""state_version_2e2cfb55af620b0b672575ea"",""cell_id"":""cell_59d7ded1be93617fff859fd7"",""claim_type"":""FORECAST_GEOLOGICAL_CONDITION"",""source_evidence_id"":""doc_042ef22be43ba006975946e2_e0002"",""source_kind"":""GEOLOGICAL_EVIDENCE"",""state_role"":""FORWARD_ATTENTION_CELL"",""valid_date"":""2023-09-22""}",bitemporal_version_89c9c8c5cc5c29a3ecc3eab1,bitemporal_version_14c0d3c3c5bae0f959927e2b,True,OPPORTUNITY_ADDED,OPPORTUNITY_ADDED,PASS,True
"{""attribute_name"":""suggested_grade"",""base_stage3a_state_version_id"":""state_version_2e2cfb55af620b0b672575ea"",""cell_id"":""cell_59d7ded1be93617fff859fd7"",""claim_type"":""FORECAST_GEOLOGICAL_CONDITION"",""source_evidence_id"":""doc_042ef22be43ba006975946e2_e0002"",""source_kind"":""GEOLOGICAL_EVIDENCE"",""state_role"":""FORWARD_ATTENTION_CELL"",""valid_date"":""2023-09-22""}",bitemporal_version_89c9c8c5cc5c29a3ecc3eab1,bitemporal_version_14c0d3c3c5bae0f959927e2b,True,OPPORTUNITY_ADDED,OPPORTUNITY_ADDED,PASS,True
"{""attribute_name"":""weathering"",""base_stage3a_state_version_id"":""state_version_2e2cfb55af620b0b672575ea"",""cell_id"":""cell_59d7ded1be93617fff859fd7"",""claim_type"":""FORECAST_GEOLOGICAL_CONDITION"",""source_evidence_id"":""doc_042ef22be43ba006975946e2_e0002"",""source_kind"":""GEOLOGICAL_EVIDENCE"",""state_role"":""FORWARD_ATTENTION_CELL"",""valid_date"":""2023-09-22""}",bitemporal_version_89c9c8c5cc5c29a3ecc3eab1,bitemporal_version_14c0d3c3c5bae0f959927e2b,True,OPPORTUNITY_ADDED,OPPORTUNITY_ADDED,PASS,True
"{""base_stage3a_state_version_id"":""state_version_2e2cfb55af620b0b672575ea"",""cell_id"":""cell_59d7ded1be93617fff859fd7"",""claim_type"":""FORWARD_GEOLOGICAL_ATTENTION"",""metric_name"":""GRS"",""source_kind"":""STATE_GRS"",""state_role"":""FORWARD_ATTENTION_CELL"",""valid_date"":""2023-09-22""}",bitemporal_version_89c9c8c5cc5c29a3ecc3eab1,bitemporal_version_14c0d3c3c5bae0f959927e2b,True,ABSTAIN_TO_EXPRESSIBLE,ABSTAIN_TO_EXPRESSIBLE,PASS,True
"{""base_stage3a_state_version_id"":""state_version_2e2cfb55af620b0b672575ea"",""cell_id"":""cell_59d7ded1be93617fff859fd7"",""claim_type"":""OPERATIONAL_RESPONSE_ATTENTION"",""metric_name"":""RAI"",""source_kind"":""STATE_RAI"",""state_role"":""FORWARD_ATTENTION_CELL"",""valid_date"":""2023-09-22""}",bitemporal_version_89c9c8c5cc5c29a3ecc3eab1,bitemporal_version_14c0d3c3c5bae0f959927e2b,True,UNCHANGED_ABSTAIN,UNCHANGED_ABSTAIN,PASS,True
"{""attribute_name"":""anomaly_level"",""base_stage3a_state_version_id"":""state_version_b36a9551977f9e420e63011a"",""cell_id"":""cell_007ae6b7a81e2b90469a65fa"",""claim_type"":""FORECAST_GEOLOGICAL_CONDITION"",""source_evidence_id"":""doc_d0afc25463d4776277ebb952_e0002"",""source_kind"":""GEOLOGICAL_EVIDENCE"",""state_role"":""FORWARD_ATTENTION_CELL"",""valid_date"":""2023-11-17""}",bitemporal_version_0d5cb098f47e01f501eaba27,bitemporal_version_15d74c99d1a3d45dd339d513,True,OPPORTUNITY_ADDED,OPPORTUNITY_ADDED,PASS,True
"{""attribute_name"":""geological_conclusion"",""base_stage3a_state_version_id"":""state_version_b36a9551977f9e420e63011a"",""cell_id"":""cell_007ae6b7a81e2b90469a65fa"",""claim_type"":""FORECAST_GEOLOGICAL_CONDITION"",""source_evidence_id"":""doc_d0afc25463d4776277ebb952_e0002"",""source_kind"":""GEOLOGICAL_EVIDENCE"",""state_role"":""FORWARD_ATTENTION_CELL"",""valid_date"":""2023-11-17""}",bitemporal_version_0d5cb098f47e01f501eaba27,bitemporal_version_15d74c99d1a3d45dd339d513,True,OPPORTUNITY_ADDED,OPPORTUNITY_ADDED,PASS,True
"{""attribute_name"":""joint_development"",""base_stage3a_state_version_id"":""state_version_b36a9551977f9e420e63011a"",""cell_id"":""cell_007ae6b7a81e2b90469a65fa"",""claim_type"":""FORECAST_GEOLOGICAL_CONDITION"",""source_evidence_id"":""doc_d0afc25463d4776277ebb952_e0002"",""source_kind"":""GEOLOGICAL_EVIDENCE"",""state_role"":""FORWARD_ATTENTION_CELL"",""valid_date"":""2023-11-17""}",bitemporal_version_0d5cb098f47e01f501eaba27,bitemporal_version_15d74c99d1a3d45dd339d513,True,OPPORTUNITY_ADDED,OPPORTUNITY_ADDED,PASS,True
"{""attribute_name"":""lithology"",""base_stage3a_state_version_id"":""state_version_b36a9551977f9e420e63011a"",""cell_id"":""cell_007ae6b7a81e2b90469a65fa"",""claim_type"":""FORECAST_GEOLOGICAL_CONDITION"",""source_evidence_id"":""doc_d0afc25463d4776277ebb952_e0002"",""source_kind"":""GEOLOGICAL_EVIDENCE"",""state_role"":""FORWARD_ATTENTION_CELL"",""valid_date"":""2023-11-17""}",bitemporal_version_0d5cb098f47e01f501eaba27,bitemporal_version_15d74c99d1a3d45dd339d513,True,OPPORTUNITY_ADDED,OPPORTUNITY_ADDED,PASS,True
"{""attribute_name"":""risk_hint"",""base_stage3a_state_version_id"":""state_version_b36a9551977f9e420e63011a"",""cell_id"":""cell_007ae6b7a81e2b90469a65fa"",""claim_type"":""FORECAST_GEOLOGICAL_CONDITION"",""source_evidence_id"":""doc_d0afc25463d4776277ebb952_e0002"",""source_kind"":""GEOLOGICAL_EVIDENCE"",""state_role"":""FORWARD_ATTENTION_CELL"",""valid_date"":""2023-11-17""}",bitemporal_version_0d5cb098f47e01f501eaba27,bitemporal_version_15d74c99d1a3d45dd339d513,True,OPPORTUNITY_ADDED,OPPORTUNITY_ADDED,PASS,True
"{""attribute_name"":""rock_mass_state"",""base_stage3a_state_version_id"":""state_version_b36a9551977f9e420e63011a"",""cell_id"":""cell_007ae6b7a81e2b90469a65fa"",""claim_type"":""FORECAST_GEOLOGICAL_CONDITION"",""source_evidence_id"":""doc_d0afc25463d4776277ebb952_e0002"",""source_kind"":""GEOLOGICAL_EVIDENCE"",""state_role"":""FORWARD_ATTENTION_CELL"",""valid_date"":""2023-11-17""}",bitemporal_version_0d5cb098f47e01f501eaba27,bitemporal_version_15d74c99d1a3d45dd339d513,True,OPPORTUNITY_ADDED,OPPORTUNITY_ADDED,PASS,True
"{""attribute_name"":""suggested_grade"",""base_stage3a_state_version_id"":""state_version_b36a9551977f9e420e63011a"",""cell_id"":""cell_007ae6b7a81e2b90469a65fa"",""claim_type"":""FORECAST_GEOLOGICAL_CONDITION"",""source_evidence_id"":""doc_d0afc25463d4776277ebb952_e0002"",""source_kind"":""GEOLOGICAL_EVIDENCE"",""state_role"":""FORWARD_ATTENTION_CELL"",""valid_date"":""2023-11-17""}",bitemporal_version_0d5cb098f47e01f501eaba27,bitemporal_version_15d74c99d1a3d45dd339d513,True,OPPORTUNITY_ADDED,OPPORTUNITY_ADDED,PASS,True
"{""attribute_name"":""weathering"",""base_stage3a_state_version_id"":""state_version_b36a9551977f9e420e63011a"",""cell_id"":""cell_007ae6b7a81e2b90469a65fa"",""claim_type"":""FORECAST_GEOLOGICAL_CONDITION"",""source_evidence_id"":""doc_d0afc25463d4776277ebb952_e0002"",""source_kind"":""GEOLOGICAL_EVIDENCE"",""state_role"":""FORWARD_ATTENTION_CELL"",""valid_date"":""2023-11-17""}",bitemporal_version_0d5cb098f47e01f501eaba27,bitemporal_version_15d74c99d1a3d45dd339d513,True,OPPORTUNITY_ADDED,OPPORTUNITY_ADDED,PASS,True
"{""base_stage3a_state_version_id"":""state_version_b36a9551977f9e420e63011a"",""cell_id"":""cell_007ae6b7a81e2b90469a65fa"",""claim_type"":""FORWARD_GEOLOGICAL_ATTENTION"",""metric_name"":""GRS"",""source_kind"":""STATE_GRS"",""state_role"":""FORWARD_ATTENTION_CELL"",""valid_date"":""2023-11-17""}",bitemporal_version_0d5cb098f47e01f501eaba27,bitemporal_version_15d74c99d1a3d45dd339d513,True,ABSTAIN_TO_EXPRESSIBLE,ABSTAIN_TO_EXPRESSIBLE,PASS,True
"{""base_stage3a_state_version_id"":""state_version_b36a9551977f9e420e63011a"",""cell_id"":""cell_007ae6b7a81e2b90469a65fa"",""claim_type"":""OPERATIONAL_RESPONSE_ATTENTION"",""metric_name"":""RAI"",""source_kind"":""STATE_RAI"",""state_role"":""FORWARD_ATTENTION_CELL"",""valid_date"":""2023-11-17""}",bitemporal_version_0d5cb098f47e01f501eaba27,bitemporal_version_15d74c99d1a3d45dd339d513,True,UNCHANGED_ABSTAIN,UNCHANGED_ABSTAIN,PASS,True
"{""attribute_name"":""anomaly_level"",""base_stage3a_state_version_id"":""state_version_a952c061167a69f67e87d250"",""cell_id"":""cell_ba71aad8523a714a32b0c788"",""claim_type"":""FORECAST_GEOLOGICAL_CONDITION"",""source_evidence_id"":""doc_62bf6495f3a27bc084947384_e0003"",""source_kind"":""GEOLOGICAL_EVIDENCE"",""state_role"":""FORWARD_ATTENTION_CELL"",""valid_date"":""2023-11-21""}",bitemporal_version_66fa0820e2a9a852eb524714,bitemporal_version_20fed523282d526796e82a64,True,OPPORTUNITY_ADDED,OPPORTUNITY_ADDED,PASS,True
"{""attribute_name"":""geological_conclusion"",""base_stage3a_state_version_id"":""state_version_a952c061167a69f67e87d250"",""cell_id"":""cell_ba71aad8523a714a32b0c788"",""claim_type"":""FORECAST_GEOLOGICAL_CONDITION"",""source_evidence_id"":""doc_62bf6495f3a27bc084947384_e0003"",""source_kind"":""GEOLOGICAL_EVIDENCE"",""state_role"":""FORWARD_ATTENTION_CELL"",""valid_date"":""2023-11-21""}",bitemporal_version_66fa0820e2a9a852eb524714,bitemporal_version_20fed523282d526796e82a64,True,OPPORTUNITY_ADDED,OPPORTUNITY_ADDED,PASS,True
"{""attribute_name"":""joint_development"",""base_stage3a_state_version_id"":""state_version_a952c061167a69f67e87d250"",""cell_id"":""cell_ba71aad8523a714a32b0c788"",""claim_type"":""FORECAST_GEOLOGICAL_CONDITION"",""source_evidence_id"":""doc_62bf6495f3a27bc084947384_e0003"",""source_kind"":""GEOLOGICAL_EVIDENCE"",""state_role"":""FORWARD_ATTENTION_CELL"",""valid_date"":""2023-11-21""}",bitemporal_version_66fa0820e2a9a852eb524714,bitemporal_version_20fed523282d526796e82a64,True,OPPORTUNITY_ADDED,OPPORTUNITY_ADDED,PASS,True
"{""attribute_name"":""lithology"",""base_stage3a_state_version_id"":""state_version_a952c061167a69f67e87d250"",""cell_id"":""cell_ba71aad8523a714a32b0c788"",""claim_type"":""FORECAST_GEOLOGICAL_CONDITION"",""source_evidence_id"":""doc_62bf6495f3a27bc084947384_e0003"",""source_kind"":""GEOLOGICAL_EVIDENCE"",""state_role"":""FORWARD_ATTENTION_CELL"",""valid_date"":""2023-11-21""}",bitemporal_version_66fa0820e2a9a852eb524714,bitemporal_version_20fed523282d526796e82a64,True,OPPORTUNITY_ADDED,OPPORTUNITY_ADDED,PASS,True
"{""attribute_name"":""risk_hint"",""base_stage3a_state_version_id"":""state_version_a952c061167a69f67e87d250"",""cell_id"":""cell_ba71aad8523a714a32b0c788"",""claim_type"":""FORECAST_GEOLOGICAL_CONDITION"",""source_evidence_id"":""doc_62bf6495f3a27bc084947384_e0003"",""source_kind"":""GEOLOGICAL_EVIDENCE"",""state_role"":""FORWARD_ATTENTION_CELL"",""valid_date"":""2023-11-21""}",bitemporal_version_66fa0820e2a9a852eb524714,bitemporal_version_20fed523282d526796e82a64,True,OPPORTUNITY_ADDED,OPPORTUNITY_ADDED,PASS,True
"{""attribute_name"":""rock_mass_state"",""base_stage3a_state_version_id"":""state_version_a952c061167a69f67e87d250"",""cell_id"":""cell_ba71aad8523a714a32b0c788"",""claim_type"":""FORECAST_GEOLOGICAL_CONDITION"",""source_evidence_id"":""doc_62bf6495f3a27bc084947384_e0003"",""source_kind"":""GEOLOGICAL_EVIDENCE"",""state_role"":""FORWARD_ATTENTION_CELL"",""valid_date"":""2023-11-21""}",bitemporal_version_66fa0820e2a9a852eb524714,bitemporal_version_20fed523282d526796e82a64,True,OPPORTUNITY_ADDED,OPPORTUNITY_ADDED,PASS,True
"{""attribute_name"":""suggested_grade"",""base_stage3a_state_version_id"":""state_version_a952c061167a69f67e87d250"",""cell_id"":""cell_ba71aad8523a714a32b0c788"",""claim_type"":""FORECAST_GEOLOGICAL_CONDITION"",""source_evidence_id"":""doc_62bf6495f3a27bc084947384_e0003"",""source_kind"":""GEOLOGICAL_EVIDENCE"",""state_role"":""FORWARD_ATTENTION_CELL"",""valid_date"":""2023-11-21""}",bitemporal_version_66fa0820e2a9a852eb524714,bitemporal_version_20fed523282d526796e82a64,True,OPPORTUNITY_ADDED,OPPORTUNITY_ADDED,PASS,True
"{""attribute_name"":""weathering"",""base_stage3a_state_version_id"":""state_version_a952c061167a69f67e87d250"",""cell_id"":""cell_ba71aad8523a714a32b0c788"",""claim_type"":""FORECAST_GEOLOGICAL_CONDITION"",""source_evidence_id"":""doc_62bf6495f3a27bc084947384_e0003"",""source_kind"":""GEOLOGICAL_EVIDENCE"",""state_role"":""FORWARD_ATTENTION_CELL"",""valid_date"":""2023-11-21""}",bitemporal_version_66fa0820e2a9a852eb524714,bitemporal_version_20fed523282d526796e82a64,True,OPPORTUNITY_ADDED,OPPORTUNITY_ADDED,PASS,True
"{""base_stage3a_state_version_id"":""state_version_a952c061167a69f67e87d250"",""cell_id"":""cell_ba71aad8523a714a32b0c788"",""claim_type"":""FORWARD_GEOLOGICAL_ATTENTION"",""metric_name"":""GRS"",""source_kind"":""STATE_GRS"",""state_role"":""FORWARD_ATTENTION_CELL"",""valid_date"":""2023-11-21""}",bitemporal_version_66fa0820e2a9a852eb524714,bitemporal_version_20fed523282d526796e82a64,True,ABSTAIN_TO_EXPRESSIBLE,ABSTAIN_TO_EXPRESSIBLE,PASS,True
"{""base_stage3a_state_version_id"":""state_version_a952c061167a69f67e87d250"",""cell_id"":""cell_ba71aad8523a714a32b0c788"",""claim_type"":""OPERATIONAL_RESPONSE_ATTENTION"",""metric_name"":""RAI"",""source_kind"":""STATE_RAI"",""state_role"":""FORWARD_ATTENTION_CELL"",""valid_date"":""2023-11-21""}",bitemporal_version_66fa0820e2a9a852eb524714,bitemporal_version_20fed523282d526796e82a64,True,UNCHANGED_ABSTAIN,UNCHANGED_ABSTAIN,PASS,True
"{""attribute_name"":""anomaly_level"",""base_stage3a_state_version_id"":""state_version_84692d3acad16df6e34c0192"",""cell_id"":""cell_8d1c49d3e1718f64fcb81f76"",""claim_type"":""FORECAST_GEOLOGICAL_CONDITION"",""source_evidence_id"":""doc_a1ca08b3f141763f45863a07_e0006"",""source_kind"":""GEOLOGICAL_EVIDENCE"",""state_role"":""DAILY_REVIEW_CELL"",""valid_date"":""2023-11-17""}",bitemporal_version_192c8b745642aa19e3a59e83,bitemporal_version_21b539aee2fe90be744d3b6c,True,UNCHANGED_ABSTAIN,UNCHANGED_ABSTAIN,PASS,True
"{""attribute_name"":""anomaly_level"",""base_stage3a_state_version_id"":""state_version_84692d3acad16df6e34c0192"",""cell_id"":""cell_8d1c49d3e1718f64fcb81f76"",""claim_type"":""FORECAST_GEOLOGICAL_CONDITION"",""source_evidence_id"":""doc_a1ca08b3f141763f45863a07_e0007"",""source_kind"":""GEOLOGICAL_EVIDENCE"",""state_role"":""DAILY_REVIEW_CELL"",""valid_date"":""2023-11-17""}",bitemporal_version_192c8b745642aa19e3a59e83,bitemporal_version_21b539aee2fe90be744d3b6c,True,UNCHANGED_EXPRESSIBLE,UNCHANGED_EXPRESSIBLE,PASS,True
"{""attribute_name"":""anomaly_level"",""base_stage3a_state_version_id"":""state_version_84692d3acad16df6e34c0192"",""cell_id"":""cell_8d1c49d3e1718f64fcb81f76"",""claim_type"":""FORECAST_GEOLOGICAL_CONDITION"",""source_evidence_id"":""doc_d0afc25463d4776277ebb952_e0002"",""source_kind"":""GEOLOGICAL_EVIDENCE"",""state_role"":""DAILY_REVIEW_CELL"",""valid_date"":""2023-11-17""}",bitemporal_version_192c8b745642aa19e3a59e83,bitemporal_version_21b539aee2fe90be744d3b6c,True,OPPORTUNITY_ADDED,OPPORTUNITY_ADDED,PASS,True
"{""attribute_name"":""anomaly_level"",""base_stage3a_state_version_id"":""state_version_84692d3acad16df6e34c0192"",""cell_id"":""cell_8d1c49d3e1718f64fcb81f76"",""claim_type"":""OBSERVED_GEOLOGICAL_CONDITION"",""source_evidence_id"":""doc_f35a75c4f6674700c040b8a2_e0001"",""source_kind"":""GEOLOGICAL_EVIDENCE"",""state_role"":""DAILY_REVIEW_CELL"",""valid_date"":""2023-11-17""}",bitemporal_version_192c8b745642aa19e3a59e83,bitemporal_version_21b539aee2fe90be744d3b6c,True,UNCHANGED_ABSTAIN,UNCHANGED_ABSTAIN,PASS,True
"{""attribute_name"":""block_fall_or_collapse"",""base_stage3a_state_version_id"":""state_version_84692d3acad16df6e34c0192"",""cell_id"":""cell_8d1c49d3e1718f64fcb81f76"",""claim_type"":""OBSERVED_GEOLOGICAL_CONDITION"",""source_evidence_id"":""doc_f35a75c4f6674700c040b8a2_e0001"",""source_kind"":""GEOLOGICAL_EVIDENCE"",""state_role"":""DAILY_REVIEW_CELL"",""valid_date"":""2023-11-17""}",bitemporal_version_192c8b745642aa19e3a59e83,bitemporal_version_21b539aee2fe90be744d3b6c,True,UNCHANGED_EXPRESSIBLE,UNCHANGED_EXPRESSIBLE,PASS,True
"{""attribute_name"":""design_surrounding_rock_grade"",""base_stage3a_state_version_id"":""state_version_84692d3acad16df6e34c0192"",""cell_id"":""cell_8d1c49d3e1718f64fcb81f76"",""claim_type"":""OBSERVED_GEOLOGICAL_CONDITION"",""source_evidence_id"":""doc_f35a75c4f6674700c040b8a2_e0001"",""source_kind"":""GEOLOGICAL_EVIDENCE"",""state_role"":""DAILY_REVIEW_CELL"",""valid_date"":""2023-11-17""}",bitemporal_version_192c8b745642aa19e3a59e83,bitemporal_version_21b539aee2fe90be744d3b6c,True,UNCHANGED_EXPRESSIBLE,UNCHANGED_EXPRESSIBLE,PASS,True
"{""attribute_name"":""excavated_face_state"",""base_stage3a_state_version_id"":""state_version_84692d3acad16df6e34c0192"",""cell_id"":""cell_8d1c49d3e1718f64fcb81f76"",""claim_type"":""OBSERVED_GEOLOGICAL_CONDITION"",""source_evidence_id"":""doc_f35a75c4f6674700c040b8a2_e0001"",""source_kind"":""GEOLOGICAL_EVIDENCE"",""state_role"":""DAILY_REVIEW_CELL"",""valid_date"":""2023-11-17""}",bitemporal_version_192c8b745642aa19e3a59e83,bitemporal_version_21b539aee2fe90be744d3b6c,True,UNCHANGED_EXPRESSIBLE,UNCHANGED_EXPRESSIBLE,PASS,True
"{""attribute_name"":""face_state"",""base_stage3a_state_version_id"":""state_version_84692d3acad16df6e34c0192"",""cell_id"":""cell_8d1c49d3e1718f64fcb81f76"",""claim_type"":""OBSERVED_GEOLOGICAL_CONDITION"",""source_evidence_id"":""doc_f35a75c4f6674700c040b8a2_e0001"",""source_kind"":""GEOLOGICAL_EVIDENCE"",""state_role"":""DAILY_REVIEW_CELL"",""valid_date"":""2023-11-17""}",bitemporal_version_192c8b745642aa19e3a59e83,bitemporal_version_21b539aee2fe90be744d3b6c,True,UNCHANGED_EXPRESSIBLE,UNCHANGED_EXPRESSIBLE,PASS,True
"{""attribute_name"":""form_water_status"",""base_stage3a_state_version_id"":""state_version_84692d3acad16df6e34c0192"",""cell_id"":""cell_8d1c49d3e1718f64fcb81f76"",""claim_type"":""OBSERVED_GEOLOGICAL_CONDITION"",""source_evidence_id"":""doc_f35a75c4f6674700c040b8a2_e0001"",""source_kind"":""GEOLOGICAL_EVIDENCE"",""state_role"":""DAILY_REVIEW_CELL"",""valid_date"":""2023-11-17""}",bitemporal_version_192c8b745642aa19e3a59e83,bitemporal_version_21b539aee2fe90be744d3b6c,True,UNCHANGED_EXPRESSIBLE,UNCHANGED_EXPRESSIBLE,PASS,True
"{""attribute_name"":""geological_conclusion"",""base_stage3a_state_version_id"":""state_version_84692d3acad16df6e34c0192"",""cell_id"":""cell_8d1c49d3e1718f64fcb81f76"",""claim_type"":""FORECAST_GEOLOGICAL_CONDITION"",""source_evidence_id"":""doc_a1ca08b3f141763f45863a07_e0006"",""source_kind"":""GEOLOGICAL_EVIDENCE"",""state_role"":""DAILY_REVIEW_CELL"",""valid_date"":""2023-11-17""}",bitemporal_version_192c8b745642aa19e3a59e83,bitemporal_version_21b539aee2fe90be744d3b6c,True,UNCHANGED_EXPRESSIBLE,UNCHANGED_EXPRESSIBLE,PASS,True
"{""attribute_name"":""geological_conclusion"",""base_stage3a_state_version_id"":""state_version_84692d3acad16df6e34c0192"",""cell_id"":""cell_8d1c49d3e1718f64fcb81f76"",""claim_type"":""FORECAST_GEOLOGICAL_CONDITION"",""source_evidence_id"":""doc_a1ca08b3f141763f45863a07_e0007"",""source_kind"":""GEOLOGICAL_EVIDENCE"",""state_role"":""DAILY_REVIEW_CELL"",""valid_date"":""2023-11-17""}",bitemporal_version_192c8b745642aa19e3a59e83,bitemporal_version_21b539aee2fe90be744d3b6c,True,UNCHANGED_EXPRESSIBLE,UNCHANGED_EXPRESSIBLE,PASS,True
"{""attribute_name"":""geological_conclusion"",""base_stage3a_state_version_id"":""state_version_84692d3acad16df6e34c0192"",""cell_id"":""cell_8d1c49d3e1718f64fcb81f76"",""claim_type"":""FORECAST_GEOLOGICAL_CONDITION"",""source_evidence_id"":""doc_d0afc25463d4776277ebb952_e0002"",""source_kind"":""GEOLOGICAL_EVIDENCE"",""state_role"":""DAILY_REVIEW_CELL"",""valid_date"":""2023-11-17""}",bitemporal_version_192c8b745642aa19e3a59e83,bitemporal_version_21b539aee2fe90be744d3b6c,True,OPPORTUNITY_ADDED,OPPORTUNITY_ADDED,PASS,True
"{""attribute_name"":""geological_description"",""base_stage3a_state_version_id"":""state_version_84692d3acad16df6e34c0192"",""cell_id"":""cell_8d1c49d3e1718f64fcb81f76"",""claim_type"":""OBSERVED_GEOLOGICAL_CONDITION"",""source_evidence_id"":""doc_d0afc25463d4776277ebb952_e0001"",""source_kind"":""GEOLOGICAL_EVIDENCE"",""state_role"":""DAILY_REVIEW_CELL"",""valid_date"":""2023-11-17""}",bitemporal_version_192c8b745642aa19e3a59e83,bitemporal_version_21b539aee2fe90be744d3b6c,True,OPPORTUNITY_ADDED,OPPORTUNITY_ADDED,PASS,True
"{""attribute_name"":""joint_aperture"",""base_stage3a_state_version_id"":""state_version_84692d3acad16df6e34c0192"",""cell_id"":""cell_8d1c49d3e1718f64fcb81f76"",""claim_type"":""OBSERVED_GEOLOGICAL_CONDITION"",""source_evidence_id"":""doc_f35a75c4f6674700c040b8a2_e0001"",""source_kind"":""GEOLOGICAL_EVIDENCE"",""state_role"":""DAILY_REVIEW_CELL"",""valid_date"":""2023-11-17""}",bitemporal_version_192c8b745642aa19e3a59e83,bitemporal_version_21b539aee2fe90be744d3b6c,True,UNCHANGED_EXPRESSIBLE,UNCHANGED_EXPRESSIBLE,PASS,True
"{""attribute_name"":""joint_development"",""base_stage3a_state_version_id"":""state_version_84692d3acad16df6e34c0192"",""cell_id"":""cell_8d1c49d3e1718f64fcb81f76"",""claim_type"":""FORECAST_GEOLOGICAL_CONDITION"",""source_evidence_id"":""doc_a1ca08b3f141763f45863a07_e0006"",""source_kind"":""GEOLOGICAL_EVIDENCE"",""state_role"":""DAILY_REVIEW_CELL"",""valid_date"":""2023-11-17""}",bitemporal_version_192c8b745642aa19e3a59e83,bitemporal_version_21b539aee2fe90be744d3b6c,True,UNCHANGED_EXPRESSIBLE,UNCHANGED_EXPRESSIBLE,PASS,True
"{""attribute_name"":""joint_development"",""base_stage3a_state_version_id"":""state_version_84692d3acad16df6e34c0192"",""cell_id"":""cell_8d1c49d3e1718f64fcb81f76"",""claim_type"":""FORECAST_GEOLOGICAL_CONDITION"",""source_evidence_id"":""doc_a1ca08b3f141763f45863a07_e0007"",""source_kind"":""GEOLOGICAL_EVIDENCE"",""state_role"":""DAILY_REVIEW_CELL"",""valid_date"":""2023-11-17""}",bitemporal_version_192c8b745642aa19e3a59e83,bitemporal_version_21b539aee2fe90be744d3b6c,True,UNCHANGED_EXPRESSIBLE,UNCHANGED_EXPRESSIBLE,PASS,True
"{""attribute_name"":""joint_development"",""base_stage3a_state_version_id"":""state_version_84692d3acad16df6e34c0192"",""cell_id"":""cell_8d1c49d3e1718f64fcb81f76"",""claim_type"":""FORECAST_GEOLOGICAL_CONDITION"",""source_evidence_id"":""doc_d0afc25463d4776277ebb952_e0002"",""source_kind"":""GEOLOGICAL_EVIDENCE"",""state_role"":""DAILY_REVIEW_CELL"",""valid_date"":""2023-11-17""}",bitemporal_version_192c8b745642aa19e3a59e83,bitemporal_version_21b539aee2fe90be744d3b6c,True,OPPORTUNITY_ADDED,OPPORTUNITY_ADDED,PASS,True
"{""attribute_name"":""joint_development"",""base_stage3a_state_version_id"":""state_version_84692d3acad16df6e34c0192"",""cell_id"":""cell_8d1c49d3e1718f64fcb81f76"",""claim_type"":""OBSERVED_GEOLOGICAL_CONDITION"",""source_evidence_id"":""doc_f35a75c4f6674700c040b8a2_e0001"",""source_kind"":""GEOLOGICAL_EVIDENCE"",""state_role"":""DAILY_REVIEW_CELL"",""valid_date"":""2023-11-17""}",bitemporal_version_192c8b745642aa19e3a59e83,bitemporal_version_21b539aee2fe90be744d3b6c,True,UNCHANGED_EXPRESSIBLE,UNCHANGED_EXPRESSIBLE,PASS,True
"{""attribute_name"":""joint_extension"",""base_stage3a_state_version_id"":""state_version_84692d3acad16df6e34c0192"",""cell_id"":""cell_8d1c49d3e1718f64fcb81f76"",""claim_type"":""OBSERVED_GEOLOGICAL_CONDITION"",""source_evidence_id"":""doc_f35a75c4f6674700c040b8a2_e0001"",""source_kind"":""GEOLOGICAL_EVIDENCE"",""state_role"":""DAILY_REVIEW_CELL"",""valid_date"":""2023-11-17""}",bitemporal_version_192c8b745642aa19e3a59e83,bitemporal_version_21b539aee2fe90be744d3b6c,True,UNCHANGED_EXPRESSIBLE,UNCHANGED_EXPRESSIBLE,PASS,True
"{""attribute_name"":""joint_roughness"",""base_stage3a_state_version_id"":""state_version_84692d3acad16df6e34c0192"",""cell_id"":""cell_8d1c49d3e1718f64fcb81f76"",""claim_type"":""OBSERVED_GEOLOGICAL_CONDITION"",""source_evidence_id"":""doc_f35a75c4f6674700c040b8a2_e0001"",""source_kind"":""GEOLOGICAL_EVIDENCE"",""state_role"":""DAILY_REVIEW_CELL"",""valid_date"":""2023-11-17""}",bitemporal_version_192c8b745642aa19e3a59e83,bitemporal_version_21b539aee2fe90be744d3b6c,True,UNCHANGED_EXPRESSIBLE,UNCHANGED_EXPRESSIBLE,PASS,True
"{""attribute_name"":""joint_spacing"",""base_stage3a_state_version_id"":""state_version_84692d3acad16df6e34c0192"",""cell_id"":""cell_8d1c49d3e1718f64fcb81f76"",""claim_type"":""OBSERVED_GEOLOGICAL_CONDITION"",""source_evidence_id"":""doc_f35a75c4f6674700c040b8a2_e0001"",""source_kind"":""GEOLOGICAL_EVIDENCE"",""state_role"":""DAILY_REVIEW_CELL"",""valid_date"":""2023-11-17""}",bitemporal_version_192c8b745642aa19e3a59e83,bitemporal_version_21b539aee2fe90be744d3b6c,True,UNCHANGED_EXPRESSIBLE,UNCHANGED_EXPRESSIBLE,PASS,True
"{""attribute_name"":""karst_development"",""base_stage3a_state_version_id"":""state_version_84692d3acad16df6e34c0192"",""cell_id"":""cell_8d1c49d3e1718f64fcb81f76"",""claim_type"":""OBSERVED_GEOLOGICAL_CONDITION"",""source_evidence_id"":""doc_f35a75c4f6674700c040b8a2_e0001"",""source_kind"":""GEOLOGICAL_EVIDENCE"",""state_role"":""DAILY_REVIEW_CELL"",""valid_date"":""2023-11-17""}",bitemporal_version_192c8b745642aa19e3a59e83,bitemporal_version_21b539aee2fe90be744d3b6c,True,UNCHANGED_EXPRESSIBLE,UNCHANGED_EXPRESSIBLE,PASS,True
"{""attribute_name"":""lithology"",""base_stage3a_state_version_id"":""state_version_84692d3acad16df6e34c0192"",""cell_id"":""cell_8d1c49d3e1718f64fcb81f76"",""claim_type"":""FORECAST_GEOLOGICAL_CONDITION"",""source_evidence_id"":""doc_a1ca08b3f141763f45863a07_e0006"",""source_kind"":""GEOLOGICAL_EVIDENCE"",""state_role"":""DAILY_REVIEW_CELL"",""valid_date"":""2023-11-17""}",bitemporal_version_192c8b745642aa19e3a59e83,bitemporal_version_21b539aee2fe90be744d3b6c,True,UNCHANGED_EXPRESSIBLE,UNCHANGED_EXPRESSIBLE,PASS,True
"{""attribute_name"":""lithology"",""base_stage3a_state_version_id"":""state_version_84692d3acad16df6e34c0192"",""cell_id"":""cell_8d1c49d3e1718f64fcb81f76"",""claim_type"":""FORECAST_GEOLOGICAL_CONDITION"",""source_evidence_id"":""doc_a1ca08b3f141763f45863a07_e0007"",""source_kind"":""GEOLOGICAL_EVIDENCE"",""state_role"":""DAILY_REVIEW_CELL"",""valid_date"":""2023-11-17""}",bitemporal_version_192c8b745642aa19e3a59e83,bitemporal_version_21b539aee2fe90be744d3b6c,True,UNCHANGED_EXPRESSIBLE,UNCHANGED_EXPRESSIBLE,PASS,True
"{""attribute_name"":""lithology"",""base_stage3a_state_version_id"":""state_version_84692d3acad16df6e34c0192"",""cell_id"":""cell_8d1c49d3e1718f64fcb81f76"",""claim_type"":""FORECAST_GEOLOGICAL_CONDITION"",""source_evidence_id"":""doc_d0afc25463d4776277ebb952_e0002"",""source_kind"":""GEOLOGICAL_EVIDENCE"",""state_role"":""DAILY_REVIEW_CELL"",""valid_date"":""2023-11-17""}",bitemporal_version_192c8b745642aa19e3a59e83,bitemporal_version_21b539aee2fe90be744d3b6c,True,OPPORTUNITY_ADDED,OPPORTUNITY_ADDED,PASS,True
"{""attribute_name"":""lithology"",""base_stage3a_state_version_id"":""state_version_84692d3acad16df6e34c0192"",""cell_id"":""cell_8d1c49d3e1718f64fcb81f76"",""claim_type"":""OBSERVED_GEOLOGICAL_CONDITION"",""source_evidence_id"":""doc_d0afc25463d4776277ebb952_e0001"",""source_kind"":""GEOLOGICAL_EVIDENCE"",""state_role"":""DAILY_REVIEW_CELL"",""valid_date"":""2023-11-17""}",bitemporal_version_192c8b745642aa19e3a59e83,bitemporal_version_21b539aee2fe90be744d3b6c,True,OPPORTUNITY_ADDED,OPPORTUNITY_ADDED,PASS,True
"{""attribute_name"":""lithology"",""base_stage3a_state_version_id"":""state_version_84692d3acad16df6e34c0192"",""cell_id"":""cell_8d1c49d3e1718f64fcb81f76"",""claim_type"":""OBSERVED_GEOLOGICAL_CONDITION"",""source_evidence_id"":""doc_f35a75c4f6674700c040b8a2_e0001"",""source_kind"":""GEOLOGICAL_EVIDENCE"",""state_role"":""DAILY_REVIEW_CELL"",""valid_date"":""2023-11-17""}",bitemporal_version_192c8b745642aa19e3a59e83,bitemporal_version_21b539aee2fe90be744d3b6c,True,UNCHANGED_EXPRESSIBLE,UNCHANGED_EXPRESSIBLE,PASS,True
"{""attribute_name"":""narrative_water_observation"",""base_stage3a_state_version_id"":""state_version_84692d3acad16df6e34c0192"",""cell_id"":""cell_8d1c49d3e1718f64fcb81f76"",""claim_type"":""OBSERVED_GEOLOGICAL_CONDITION"",""source_evidence_id"":""doc_f35a75c4f6674700c040b8a2_e0001"",""source_kind"":""GEOLOGICAL_EVIDENCE"",""state_role"":""DAILY_REVIEW_CELL"",""valid_date"":""2023-11-17""}",bitemporal_version_192c8b745642aa19e3a59e83,bitemporal_version_21b539aee2fe90be744d3b6c,True,UNCHANGED_EXPRESSIBLE,UNCHANGED_EXPRESSIBLE,PASS,True
"{""attribute_name"":""risk_hint"",""base_stage3a_state_version_id"":""state_version_84692d3acad16df6e34c0192"",""cell_id"":""cell_8d1c49d3e1718f64fcb81f76"",""claim_type"":""FORECAST_GEOLOGICAL_CONDITION"",""source_evidence_id"":""doc_a1ca08b3f141763f45863a07_e0006"",""source_kind"":""GEOLOGICAL_EVIDENCE"",""state_role"":""DAILY_REVIEW_CELL"",""valid_date"":""2023-11-17""}",bitemporal_version_192c8b745642aa19e3a59e83,bitemporal_version_21b539aee2fe90be744d3b6c,True,UNCHANGED_ABSTAIN,UNCHANGED_ABSTAIN,PASS,True
"{""attribute_name"":""risk_hint"",""base_stage3a_state_version_id"":""state_version_84692d3acad16df6e34c0192"",""cell_id"":""cell_8d1c49d3e1718f64fcb81f76"",""claim_type"":""FORECAST_GEOLOGICAL_CONDITION"",""source_evidence_id"":""doc_a1ca08b3f141763f45863a07_e0007"",""source_kind"":""GEOLOGICAL_EVIDENCE"",""state_role"":""DAILY_REVIEW_CELL"",""valid_date"":""2023-11-17""}",bitemporal_version_192c8b745642aa19e3a59e83,bitemporal_version_21b539aee2fe90be744d3b6c,True,UNCHANGED_EXPRESSIBLE,UNCHANGED_EXPRESSIBLE,PASS,True
"{""attribute_name"":""risk_hint"",""base_stage3a_state_version_id"":""state_version_84692d3acad16df6e34c0192"",""cell_id"":""cell_8d1c49d3e1718f64fcb81f76"",""claim_type"":""FORECAST_GEOLOGICAL_CONDITION"",""source_evidence_id"":""doc_d0afc25463d4776277ebb952_e0002"",""source_kind"":""GEOLOGICAL_EVIDENCE"",""state_role"":""DAILY_REVIEW_CELL"",""valid_date"":""2023-11-17""}",bitemporal_version_192c8b745642aa19e3a59e83,bitemporal_version_21b539aee2fe90be744d3b6c,True,OPPORTUNITY_ADDED,OPPORTUNITY_ADDED,PASS,True
"{""attribute_name"":""rock_mass_state"",""base_stage3a_state_version_id"":""state_version_84692d3acad16df6e34c0192"",""cell_id"":""cell_8d1c49d3e1718f64fcb81f76"",""claim_type"":""FORECAST_GEOLOGICAL_CONDITION"",""source_evidence_id"":""doc_a1ca08b3f141763f45863a07_e0006"",""source_kind"":""GEOLOGICAL_EVIDENCE"",""state_role"":""DAILY_REVIEW_CELL"",""valid_date"":""2023-11-17""}",bitemporal_version_192c8b745642aa19e3a59e83,bitemporal_version_21b539aee2fe90be744d3b6c,True,UNCHANGED_EXPRESSIBLE,UNCHANGED_EXPRESSIBLE,PASS,True
"{""attribute_name"":""rock_mass_state"",""base_stage3a_state_version_id"":""state_version_84692d3acad16df6e34c0192"",""cell_id"":""cell_8d1c49d3e1718f64fcb81f76"",""claim_type"":""FORECAST_GEOLOGICAL_CONDITION"",""source_evidence_id"":""doc_a1ca08b3f141763f45863a07_e0007"",""source_kind"":""GEOLOGICAL_EVIDENCE"",""state_role"":""DAILY_REVIEW_CELL"",""valid_date"":""2023-11-17""}",bitemporal_version_192c8b745642aa19e3a59e83,bitemporal_version_21b539aee2fe90be744d3b6c,True,UNCHANGED_EXPRESSIBLE,UNCHANGED_EXPRESSIBLE,PASS,True
"{""attribute_name"":""rock_mass_state"",""base_stage3a_state_version_id"":""state_version_84692d3acad16df6e34c0192"",""cell_id"":""cell_8d1c49d3e1718f64fcb81f76"",""claim_type"":""FORECAST_GEOLOGICAL_CONDITION"",""source_evidence_id"":""doc_d0afc25463d4776277ebb952_e0002"",""source_kind"":""GEOLOGICAL_EVIDENCE"",""state_role"":""DAILY_REVIEW_CELL"",""valid_date"":""2023-11-17""}",bitemporal_version_192c8b745642aa19e3a59e83,bitemporal_version_21b539aee2fe90be744d3b6c,True,OPPORTUNITY_ADDED,OPPORTUNITY_ADDED,PASS,True
"{""attribute_name"":""rock_mass_state"",""base_stage3a_state_version_id"":""state_version_84692d3acad16df6e34c0192"",""cell_id"":""cell_8d1c49d3e1718f64fcb81f76"",""claim_type"":""OBSERVED_GEOLOGICAL_CONDITION"",""source_evidence_id"":""doc_d0afc25463d4776277ebb952_e0001"",""source_kind"":""GEOLOGICAL_EVIDENCE"",""state_role"":""DAILY_REVIEW_CELL"",""valid_date"":""2023-11-17""}",bitemporal_version_192c8b745642aa19e3a59e83,bitemporal_version_21b539aee2fe90be744d3b6c,True,OPPORTUNITY_ADDED,OPPORTUNITY_ADDED,PASS,True
"{""attribute_name"":""rock_mass_state"",""base_stage3a_state_version_id"":""state_version_84692d3acad16df6e34c0192"",""cell_id"":""cell_8d1c49d3e1718f64fcb81f76"",""claim_type"":""OBSERVED_GEOLOGICAL_CONDITION"",""source_evidence_id"":""doc_f35a75c4f6674700c040b8a2_e0001"",""source_kind"":""GEOLOGICAL_EVIDENCE"",""state_role"":""DAILY_REVIEW_CELL"",""valid_date"":""2023-11-17""}",bitemporal_version_192c8b745642aa19e3a59e83,bitemporal_version_21b539aee2fe90be744d3b6c,True,UNCHANGED_EXPRESSIBLE,UNCHANGED_EXPRESSIBLE,PASS,True
"{""attribute_name"":""rock_strength"",""base_stage3a_state_version_id"":""state_version_84692d3acad16df6e34c0192"",""cell_id"":""cell_8d1c49d3e1718f64fcb81f76"",""claim_type"":""OBSERVED_GEOLOGICAL_CONDITION"",""source_evidence_id"":""doc_f35a75c4f6674700c040b8a2_e0001"",""source_kind"":""GEOLOGICAL_EVIDENCE"",""state_role"":""DAILY_REVIEW_CELL"",""valid_date"":""2023-11-17""}",bitemporal_version_192c8b745642aa19e3a59e83,bitemporal_version_21b539aee2fe90be744d3b6c,True,UNCHANGED_EXPRESSIBLE,UNCHANGED_EXPRESSIBLE,PASS,True
"{""attribute_name"":""stability"",""base_stage3a_state_version_id"":""state_version_84692d3acad16df6e34c0192"",""cell_id"":""cell_8d1c49d3e1718f64fcb81f76"",""claim_type"":""OBSERVED_GEOLOGICAL_CONDITION"",""source_evidence_id"":""doc_f35a75c4f6674700c040b8a2_e0001"",""source_kind"":""GEOLOGICAL_EVIDENCE"",""state_role"":""DAILY_REVIEW_CELL"",""valid_date"":""2023-11-17""}",bitemporal_version_192c8b745642aa19e3a59e83,bitemporal_version_21b539aee2fe90be744d3b6c,True,UNCHANGED_ABSTAIN,UNCHANGED_ABSTAIN,PASS,True
"{""attribute_name"":""suggested_grade"",""base_stage3a_state_version_id"":""state_version_84692d3acad16df6e34c0192"",""cell_id"":""cell_8d1c49d3e1718f64fcb81f76"",""claim_type"":""FORECAST_GEOLOGICAL_CONDITION"",""source_evidence_id"":""doc_a1ca08b3f141763f45863a07_e0006"",""source_kind"":""GEOLOGICAL_EVIDENCE"",""state_role"":""DAILY_REVIEW_CELL"",""valid_date"":""2023-11-17""}",bitemporal_version_192c8b745642aa19e3a59e83,bitemporal_version_21b539aee2fe90be744d3b6c,True,UNCHANGED_EXPRESSIBLE,UNCHANGED_EXPRESSIBLE,PASS,True
"{""attribute_name"":""suggested_grade"",""base_stage3a_state_version_id"":""state_version_84692d3acad16df6e34c0192"",""cell_id"":""cell_8d1c49d3e1718f64fcb81f76"",""claim_type"":""FORECAST_GEOLOGICAL_CONDITION"",""source_evidence_id"":""doc_a1ca08b3f141763f45863a07_e0007"",""source_kind"":""GEOLOGICAL_EVIDENCE"",""state_role"":""DAILY_REVIEW_CELL"",""valid_date"":""2023-11-17""}",bitemporal_version_192c8b745642aa19e3a59e83,bitemporal_version_21b539aee2fe90be744d3b6c,True,UNCHANGED_EXPRESSIBLE,UNCHANGED_EXPRESSIBLE,PASS,True
"{""attribute_name"":""suggested_grade"",""base_stage3a_state_version_id"":""state_version_84692d3acad16df6e34c0192"",""cell_id"":""cell_8d1c49d3e1718f64fcb81f76"",""claim_type"":""FORECAST_GEOLOGICAL_CONDITION"",""source_evidence_id"":""doc_d0afc25463d4776277ebb952_e0002"",""source_kind"":""GEOLOGICAL_EVIDENCE"",""state_role"":""DAILY_REVIEW_CELL"",""valid_date"":""2023-11-17""}",bitemporal_version_192c8b745642aa19e3a59e83,bitemporal_version_21b539aee2fe90be744d3b6c,True,OPPORTUNITY_ADDED,OPPORTUNITY_ADDED,PASS,True
"{""attribute_name"":""suggested_surrounding_rock_grade"",""base_stage3a_state_version_id"":""state_version_84692d3acad16df6e34c0192"",""cell_id"":""cell_8d1c49d3e1718f64fcb81f76"",""claim_type"":""OBSERVED_GEOLOGICAL_CONDITION"",""source_evidence_id"":""doc_f35a75c4f6674700c040b8a2_e0001"",""source_kind"":""GEOLOGICAL_EVIDENCE"",""state_role"":""DAILY_REVIEW_CELL"",""valid_date"":""2023-11-17""}",bitemporal_version_192c8b745642aa19e3a59e83,bitemporal_version_21b539aee2fe90be744d3b6c,True,UNCHANGED_EXPRESSIBLE,UNCHANGED_EXPRESSIBLE,PASS,True
"{""attribute_name"":""water_type"",""base_stage3a_state_version_id"":""state_version_84692d3acad16df6e34c0192"",""cell_id"":""cell_8d1c49d3e1718f64fcb81f76"",""claim_type"":""OBSERVED_GEOLOGICAL_CONDITION"",""source_evidence_id"":""doc_f35a75c4f6674700c040b8a2_e0001"",""source_kind"":""GEOLOGICAL_EVIDENCE"",""state_role"":""DAILY_REVIEW_CELL"",""valid_date"":""2023-11-17""}",bitemporal_version_192c8b745642aa19e3a59e83,bitemporal_version_21b539aee2fe90be744d3b6c,True,UNCHANGED_EXPRESSIBLE,UNCHANGED_EXPRESSIBLE,PASS,True
"{""attribute_name"":""weathering"",""base_stage3a_state_version_id"":""state_version_84692d3acad16df6e34c0192"",""cell_id"":""cell_8d1c49d3e1718f64fcb81f76"",""claim_type"":""FORECAST_GEOLOGICAL_CONDITION"",""source_evidence_id"":""doc_a1ca08b3f141763f45863a07_e0006"",""source_kind"":""GEOLOGICAL_EVIDENCE"",""state_role"":""DAILY_REVIEW_CELL"",""valid_date"":""2023-11-17""}",bitemporal_version_192c8b745642aa19e3a59e83,bitemporal_version_21b539aee2fe90be744d3b6c,True,UNCHANGED_EXPRESSIBLE,UNCHANGED_EXPRESSIBLE,PASS,True
"{""attribute_name"":""weathering"",""base_stage3a_state_version_id"":""state_version_84692d3acad16df6e34c0192"",""cell_id"":""cell_8d1c49d3e1718f64fcb81f76"",""claim_type"":""FORECAST_GEOLOGICAL_CONDITION"",""source_evidence_id"":""doc_a1ca08b3f141763f45863a07_e0007"",""source_kind"":""GEOLOGICAL_EVIDENCE"",""state_role"":""DAILY_REVIEW_CELL"",""valid_date"":""2023-11-17""}",bitemporal_version_192c8b745642aa19e3a59e83,bitemporal_version_21b539aee2fe90be744d3b6c,True,UNCHANGED_EXPRESSIBLE,UNCHANGED_EXPRESSIBLE,PASS,True
"{""attribute_name"":""weathering"",""base_stage3a_state_version_id"":""state_version_84692d3acad16df6e34c0192"",""cell_id"":""cell_8d1c49d3e1718f64fcb81f76"",""claim_type"":""FORECAST_GEOLOGICAL_CONDITION"",""source_evidence_id"":""doc_d0afc25463d4776277ebb952_e0002"",""source_kind"":""GEOLOGICAL_EVIDENCE"",""state_role"":""DAILY_REVIEW_CELL"",""valid_date"":""2023-11-17""}",bitemporal_version_192c8b745642aa19e3a59e83,bitemporal_version_21b539aee2fe90be744d3b6c,True,OPPORTUNITY_ADDED,OPPORTUNITY_ADDED,PASS,True
"{""attribute_name"":""weathering"",""base_stage3a_state_version_id"":""state_version_84692d3acad16df6e34c0192"",""cell_id"":""cell_8d1c49d3e1718f64fcb81f76"",""claim_type"":""OBSERVED_GEOLOGICAL_CONDITION"",""source_evidence_id"":""doc_d0afc25463d4776277ebb952_e0001"",""source_kind"":""GEOLOGICAL_EVIDENCE"",""state_role"":""DAILY_REVIEW_CELL"",""valid_date"":""2023-11-17""}",bitemporal_version_192c8b745642aa19e3a59e83,bitemporal_version_21b539aee2fe90be744d3b6c,True,OPPORTUNITY_ADDED,OPPORTUNITY_ADDED,PASS,True
"{""attribute_name"":""weathering"",""base_stage3a_state_version_id"":""state_version_84692d3acad16df6e34c0192"",""cell_id"":""cell_8d1c49d3e1718f64fcb81f76"",""claim_type"":""OBSERVED_GEOLOGICAL_CONDITION"",""source_evidence_id"":""doc_f35a75c4f6674700c040b8a2_e0001"",""source_kind"":""GEOLOGICAL_EVIDENCE"",""state_role"":""DAILY_REVIEW_CELL"",""valid_date"":""2023-11-17""}",bitemporal_version_192c8b745642aa19e3a59e83,bitemporal_version_21b539aee2fe90be744d3b6c,True,UNCHANGED_EXPRESSIBLE,UNCHANGED_EXPRESSIBLE,PASS,True
"{""base_stage3a_state_version_id"":""state_version_84692d3acad16df6e34c0192"",""cell_id"":""cell_8d1c49d3e1718f64fcb81f76"",""claim_type"":""COUPLED_ATTENTION_REVIEW"",""metric_name"":""GRCI"",""source_kind"":""STATE_GRCI"",""state_role"":""DAILY_REVIEW_CELL"",""valid_date"":""2023-11-17""}",bitemporal_version_192c8b745642aa19e3a59e83,bitemporal_version_21b539aee2fe90be744d3b6c,True,RESOLVED_SUPPORT_CHANGED,RESOLVED_SUPPORT_CHANGED,PASS,True
"{""base_stage3a_state_version_id"":""state_version_84692d3acad16df6e34c0192"",""cell_id"":""cell_8d1c49d3e1718f64fcb81f76"",""claim_type"":""GEOLOGICAL_EVIDENCE_ATTENTION_REVIEW"",""metric_name"":""GRS"",""source_kind"":""STATE_GRS"",""state_role"":""DAILY_REVIEW_CELL"",""valid_date"":""2023-11-17""}",bitemporal_version_192c8b745642aa19e3a59e83,bitemporal_version_21b539aee2fe90be744d3b6c,True,RESOLVED_SUPPORT_CHANGED,RESOLVED_SUPPORT_CHANGED,PASS,True
"{""base_stage3a_state_version_id"":""state_version_84692d3acad16df6e34c0192"",""cell_id"":""cell_8d1c49d3e1718f64fcb81f76"",""claim_type"":""OPERATIONAL_RESPONSE_ATTENTION"",""metric_name"":""RAI"",""source_kind"":""STATE_RAI"",""state_role"":""DAILY_REVIEW_CELL"",""valid_date"":""2023-11-17""}",bitemporal_version_192c8b745642aa19e3a59e83,bitemporal_version_21b539aee2fe90be744d3b6c,True,UNCHANGED_EXPRESSIBLE,UNCHANGED_EXPRESSIBLE,PASS,True
"{""attribute_name"":""anomaly_level"",""base_stage3a_state_version_id"":""state_version_1e2aee5b194504702aa29a0f"",""cell_id"":""cell_c8a195ce5490d52eac969260"",""claim_type"":""FORECAST_GEOLOGICAL_CONDITION"",""source_evidence_id"":""doc_09e89a967279537d5c9bb8d7_e0002"",""source_kind"":""GEOLOGICAL_EVIDENCE"",""state_role"":""FORWARD_ATTENTION_CELL"",""valid_date"":""2023-10-21""}",bitemporal_version_76ab10c1fbf1b2078345683c,bitemporal_version_21b601ff2967617bce95649e,True,OPPORTUNITY_ADDED,OPPORTUNITY_ADDED,PASS,True
"{""attribute_name"":""geological_conclusion"",""base_stage3a_state_version_id"":""state_version_1e2aee5b194504702aa29a0f"",""cell_id"":""cell_c8a195ce5490d52eac969260"",""claim_type"":""FORECAST_GEOLOGICAL_CONDITION"",""source_evidence_id"":""doc_09e89a967279537d5c9bb8d7_e0002"",""source_kind"":""GEOLOGICAL_EVIDENCE"",""state_role"":""FORWARD_ATTENTION_CELL"",""valid_date"":""2023-10-21""}",bitemporal_version_76ab10c1fbf1b2078345683c,bitemporal_version_21b601ff2967617bce95649e,True,OPPORTUNITY_ADDED,OPPORTUNITY_ADDED,PASS,True
"{""attribute_name"":""joint_development"",""base_stage3a_state_version_id"":""state_version_1e2aee5b194504702aa29a0f"",""cell_id"":""cell_c8a195ce5490d52eac969260"",""claim_type"":""FORECAST_GEOLOGICAL_CONDITION"",""source_evidence_id"":""doc_09e89a967279537d5c9bb8d7_e0002"",""source_kind"":""GEOLOGICAL_EVIDENCE"",""state_role"":""FORWARD_ATTENTION_CELL"",""valid_date"":""2023-10-21""}",bitemporal_version_76ab10c1fbf1b2078345683c,bitemporal_version_21b601ff2967617bce95649e,True,OPPORTUNITY_ADDED,OPPORTUNITY_ADDED,PASS,True
"{""attribute_name"":""lithology"",""base_stage3a_state_version_id"":""state_version_1e2aee5b194504702aa29a0f"",""cell_id"":""cell_c8a195ce5490d52eac969260"",""claim_type"":""FORECAST_GEOLOGICAL_CONDITION"",""source_evidence_id"":""doc_09e89a967279537d5c9bb8d7_e0002"",""source_kind"":""GEOLOGICAL_EVIDENCE"",""state_role"":""FORWARD_ATTENTION_CELL"",""valid_date"":""2023-10-21""}",bitemporal_version_76ab10c1fbf1b2078345683c,bitemporal_version_21b601ff2967617bce95649e,True,OPPORTUNITY_ADDED,OPPORTUNITY_ADDED,PASS,True
"{""attribute_name"":""risk_hint"",""base_stage3a_state_version_id"":""state_version_1e2aee5b194504702aa29a0f"",""cell_id"":""cell_c8a195ce5490d52eac969260"",""claim_type"":""FORECAST_GEOLOGICAL_CONDITION"",""source_evidence_id"":""doc_09e89a967279537d5c9bb8d7_e0002"",""source_kind"":""GEOLOGICAL_EVIDENCE"",""state_role"":""FORWARD_ATTENTION_CELL"",""valid_date"":""2023-10-21""}",bitemporal_version_76ab10c1fbf1b2078345683c,bitemporal_version_21b601ff2967617bce95649e,True,OPPORTUNITY_ADDED,OPPORTUNITY_ADDED,PASS,True
"{""attribute_name"":""rock_mass_state"",""base_stage3a_state_version_id"":""state_version_1e2aee5b194504702aa29a0f"",""cell_id"":""cell_c8a195ce5490d52eac969260"",""claim_type"":""FORECAST_GEOLOGICAL_CONDITION"",""source_evidence_id"":""doc_09e89a967279537d5c9bb8d7_e0002"",""source_kind"":""GEOLOGICAL_EVIDENCE"",""state_role"":""FORWARD_ATTENTION_CELL"",""valid_date"":""2023-10-21""}",bitemporal_version_76ab10c1fbf1b2078345683c,bitemporal_version_21b601ff2967617bce95649e,True,OPPORTUNITY_ADDED,OPPORTUNITY_ADDED,PASS,True
"{""attribute_name"":""suggested_grade"",""base_stage3a_state_version_id"":""state_version_1e2aee5b194504702aa29a0f"",""cell_id"":""cell_c8a195ce5490d52eac969260"",""claim_type"":""FORECAST_GEOLOGICAL_CONDITION"",""source_evidence_id"":""doc_09e89a967279537d5c9bb8d7_e0002"",""source_kind"":""GEOLOGICAL_EVIDENCE"",""state_role"":""FORWARD_ATTENTION_CELL"",""valid_date"":""2023-10-21""}",bitemporal_version_76ab10c1fbf1b2078345683c,bitemporal_version_21b601ff2967617bce95649e,True,OPPORTUNITY_ADDED,OPPORTUNITY_ADDED,PASS,True
"{""attribute_name"":""weathering"",""base_stage3a_state_version_id"":""state_version_1e2aee5b194504702aa29a0f"",""cell_id"":""cell_c8a195ce5490d52eac969260"",""claim_type"":""FORECAST_GEOLOGICAL_CONDITION"",""source_evidence_id"":""doc_09e89a967279537d5c9bb8d7_e0002"",""source_kind"":""GEOLOGICAL_EVIDENCE"",""state_role"":""FORWARD_ATTENTION_CELL"",""valid_date"":""2023-10-21""}",bitemporal_version_76ab10c1fbf1b2078345683c,bitemporal_version_21b601ff2967617bce95649e,True,OPPORTUNITY_ADDED,OPPORTUNITY_ADDED,PASS,True
"{""base_stage3a_state_version_id"":""state_version_1e2aee5b194504702aa29a0f"",""cell_id"":""cell_c8a195ce5490d52eac969260"",""claim_type"":""FORWARD_GEOLOGICAL_ATTENTION"",""metric_name"":""GRS"",""source_kind"":""STATE_GRS"",""state_role"":""FORWARD_ATTENTION_CELL"",""valid_date"":""2023-10-21""}",bitemporal_version_76ab10c1fbf1b2078345683c,bitemporal_version_21b601ff2967617bce95649e,True,ABSTAIN_TO_EXPRESSIBLE,ABSTAIN_TO_EXPRESSIBLE,PASS,True
"{""base_stage3a_state_version_id"":""state_version_1e2aee5b194504702aa29a0f"",""cell_id"":""cell_c8a195ce5490d52eac969260"",""claim_type"":""OPERATIONAL_RESPONSE_ATTENTION"",""metric_name"":""RAI"",""source_kind"":""STATE_RAI"",""state_role"":""FORWARD_ATTENTION_CELL"",""valid_date"":""2023-10-21""}",bitemporal_version_76ab10c1fbf1b2078345683c,bitemporal_version_21b601ff2967617bce95649e,True,UNCHANGED_ABSTAIN,UNCHANGED_ABSTAIN,PASS,True
"{""attribute_name"":""anomaly_level"",""base_stage3a_state_version_id"":""state_version_869afd364c22832ede13dcc4"",""cell_id"":""cell_aa9a31d2a4df8d15e2b4d46f"",""claim_type"":""FORECAST_GEOLOGICAL_CONDITION"",""source_evidence_id"":""doc_62bf6495f3a27bc084947384_e0002"",""source_kind"":""GEOLOGICAL_EVIDENCE"",""state_role"":""FORWARD_ATTENTION_CELL"",""valid_date"":""2023-11-21""}",bitemporal_version_f1a4882f8205243301dbee04,bitemporal_version_2259006a04e77b4b8fa13dca,True,OPPORTUNITY_ADDED,OPPORTUNITY_ADDED,PASS,True
"{""attribute_name"":""anomaly_level"",""base_stage3a_state_version_id"":""state_version_869afd364c22832ede13dcc4"",""cell_id"":""cell_aa9a31d2a4df8d15e2b4d46f"",""claim_type"":""FORECAST_GEOLOGICAL_CONDITION"",""source_evidence_id"":""doc_d0afc25463d4776277ebb952_e0009"",""source_kind"":""GEOLOGICAL_EVIDENCE"",""state_role"":""FORWARD_ATTENTION_CELL"",""valid_date"":""2023-11-21""}",bitemporal_version_f1a4882f8205243301dbee04,bitemporal_version_2259006a04e77b4b8fa13dca,True,UNCHANGED_EXPRESSIBLE,UNCHANGED_EXPRESSIBLE,PASS,True
"{""attribute_name"":""geological_conclusion"",""base_stage3a_state_version_id"":""state_version_869afd364c22832ede13dcc4"",""cell_id"":""cell_aa9a31d2a4df8d15e2b4d46f"",""claim_type"":""FORECAST_GEOLOGICAL_CONDITION"",""source_evidence_id"":""doc_62bf6495f3a27bc084947384_e0002"",""source_kind"":""GEOLOGICAL_EVIDENCE"",""state_role"":""FORWARD_ATTENTION_CELL"",""valid_date"":""2023-11-21""}",bitemporal_version_f1a4882f8205243301dbee04,bitemporal_version_2259006a04e77b4b8fa13dca,True,OPPORTUNITY_ADDED,OPPORTUNITY_ADDED,PASS,True
"{""attribute_name"":""geological_conclusion"",""base_stage3a_state_version_id"":""state_version_869afd364c22832ede13dcc4"",""cell_id"":""cell_aa9a31d2a4df8d15e2b4d46f"",""claim_type"":""FORECAST_GEOLOGICAL_CONDITION"",""source_evidence_id"":""doc_d0afc25463d4776277ebb952_e0009"",""source_kind"":""GEOLOGICAL_EVIDENCE"",""state_role"":""FORWARD_ATTENTION_CELL"",""valid_date"":""2023-11-21""}",bitemporal_version_f1a4882f8205243301dbee04,bitemporal_version_2259006a04e77b4b8fa13dca,True,UNCHANGED_EXPRESSIBLE,UNCHANGED_EXPRESSIBLE,PASS,True
"{""attribute_name"":""joint_development"",""base_stage3a_state_version_id"":""state_version_869afd364c22832ede13dcc4"",""cell_id"":""cell_aa9a31d2a4df8d15e2b4d46f"",""claim_type"":""FORECAST_GEOLOGICAL_CONDITION"",""source_evidence_id"":""doc_62bf6495f3a27bc084947384_e0002"",""source_kind"":""GEOLOGICAL_EVIDENCE"",""state_role"":""FORWARD_ATTENTION_CELL"",""valid_date"":""2023-11-21""}",bitemporal_version_f1a4882f8205243301dbee04,bitemporal_version_2259006a04e77b4b8fa13dca,True,OPPORTUNITY_ADDED,OPPORTUNITY_ADDED,PASS,True
"{""attribute_name"":""joint_development"",""base_stage3a_state_version_id"":""state_version_869afd364c22832ede13dcc4"",""cell_id"":""cell_aa9a31d2a4df8d15e2b4d46f"",""claim_type"":""FORECAST_GEOLOGICAL_CONDITION"",""source_evidence_id"":""doc_d0afc25463d4776277ebb952_e0009"",""source_kind"":""GEOLOGICAL_EVIDENCE"",""state_role"":""FORWARD_ATTENTION_CELL"",""valid_date"":""2023-11-21""}",bitemporal_version_f1a4882f8205243301dbee04,bitemporal_version_2259006a04e77b4b8fa13dca,True,UNCHANGED_EXPRESSIBLE,UNCHANGED_EXPRESSIBLE,PASS,True
"{""attribute_name"":""lithology"",""base_stage3a_state_version_id"":""state_version_869afd364c22832ede13dcc4"",""cell_id"":""cell_aa9a31d2a4df8d15e2b4d46f"",""claim_type"":""FORECAST_GEOLOGICAL_CONDITION"",""source_evidence_id"":""doc_62bf6495f3a27bc084947384_e0002"",""source_kind"":""GEOLOGICAL_EVIDENCE"",""state_role"":""FORWARD_ATTENTION_CELL"",""valid_date"":""2023-11-21""}",bitemporal_version_f1a4882f8205243301dbee04,bitemporal_version_2259006a04e77b4b8fa13dca,True,OPPORTUNITY_ADDED,OPPORTUNITY_ADDED,PASS,True
"{""attribute_name"":""lithology"",""base_stage3a_state_version_id"":""state_version_869afd364c22832ede13dcc4"",""cell_id"":""cell_aa9a31d2a4df8d15e2b4d46f"",""claim_type"":""FORECAST_GEOLOGICAL_CONDITION"",""source_evidence_id"":""doc_d0afc25463d4776277ebb952_e0009"",""source_kind"":""GEOLOGICAL_EVIDENCE"",""state_role"":""FORWARD_ATTENTION_CELL"",""valid_date"":""2023-11-21""}",bitemporal_version_f1a4882f8205243301dbee04,bitemporal_version_2259006a04e77b4b8fa13dca,True,UNCHANGED_EXPRESSIBLE,UNCHANGED_EXPRESSIBLE,PASS,True
"{""attribute_name"":""risk_hint"",""base_stage3a_state_version_id"":""state_version_869afd364c22832ede13dcc4"",""cell_id"":""cell_aa9a31d2a4df8d15e2b4d46f"",""claim_type"":""FORECAST_GEOLOGICAL_CONDITION"",""source_evidence_id"":""doc_62bf6495f3a27bc084947384_e0002"",""source_kind"":""GEOLOGICAL_EVIDENCE"",""state_role"":""FORWARD_ATTENTION_CELL"",""valid_date"":""2023-11-21""}",bitemporal_version_f1a4882f8205243301dbee04,bitemporal_version_2259006a04e77b4b8fa13dca,True,OPPORTUNITY_ADDED,OPPORTUNITY_ADDED,PASS,True
"{""attribute_name"":""risk_hint"",""base_stage3a_state_version_id"":""state_version_869afd364c22832ede13dcc4"",""cell_id"":""cell_aa9a31d2a4df8d15e2b4d46f"",""claim_type"":""FORECAST_GEOLOGICAL_CONDITION"",""source_evidence_id"":""doc_d0afc25463d4776277ebb952_e0009"",""source_kind"":""GEOLOGICAL_EVIDENCE"",""state_role"":""FORWARD_ATTENTION_CELL"",""valid_date"":""2023-11-21""}",bitemporal_version_f1a4882f8205243301dbee04,bitemporal_version_2259006a04e77b4b8fa13dca,True,UNCHANGED_EXPRESSIBLE,UNCHANGED_EXPRESSIBLE,PASS,True
"{""attribute_name"":""rock_mass_state"",""base_stage3a_state_version_id"":""state_version_869afd364c22832ede13dcc4"",""cell_id"":""cell_aa9a31d2a4df8d15e2b4d46f"",""claim_type"":""FORECAST_GEOLOGICAL_CONDITION"",""source_evidence_id"":""doc_62bf6495f3a27bc084947384_e0002"",""source_kind"":""GEOLOGICAL_EVIDENCE"",""state_role"":""FORWARD_ATTENTION_CELL"",""valid_date"":""2023-11-21""}",bitemporal_version_f1a4882f8205243301dbee04,bitemporal_version_2259006a04e77b4b8fa13dca,True,OPPORTUNITY_ADDED,OPPORTUNITY_ADDED,PASS,True
"{""attribute_name"":""rock_mass_state"",""base_stage3a_state_version_id"":""state_version_869afd364c22832ede13dcc4"",""cell_id"":""cell_aa9a31d2a4df8d15e2b4d46f"",""claim_type"":""FORECAST_GEOLOGICAL_CONDITION"",""source_evidence_id"":""doc_d0afc25463d4776277ebb952_e0009"",""source_kind"":""GEOLOGICAL_EVIDENCE"",""state_role"":""FORWARD_ATTENTION_CELL"",""valid_date"":""2023-11-21""}",bitemporal_version_f1a4882f8205243301dbee04,bitemporal_version_2259006a04e77b4b8fa13dca,True,UNCHANGED_EXPRESSIBLE,UNCHANGED_EXPRESSIBLE,PASS,True
"{""attribute_name"":""suggested_grade"",""base_stage3a_state_version_id"":""state_version_869afd364c22832ede13dcc4"",""cell_id"":""cell_aa9a31d2a4df8d15e2b4d46f"",""claim_type"":""FORECAST_GEOLOGICAL_CONDITION"",""source_evidence_id"":""doc_62bf6495f3a27bc084947384_e0002"",""source_kind"":""GEOLOGICAL_EVIDENCE"",""state_role"":""FORWARD_ATTENTION_CELL"",""valid_date"":""2023-11-21""}",bitemporal_version_f1a4882f8205243301dbee04,bitemporal_version_2259006a04e77b4b8fa13dca,True,OPPORTUNITY_ADDED,OPPORTUNITY_ADDED,PASS,True
"{""attribute_name"":""suggested_grade"",""base_stage3a_state_version_id"":""state_version_869afd364c22832ede13dcc4"",""cell_id"":""cell_aa9a31d2a4df8d15e2b4d46f"",""claim_type"":""FORECAST_GEOLOGICAL_CONDITION"",""source_evidence_id"":""doc_d0afc25463d4776277ebb952_e0009"",""source_kind"":""GEOLOGICAL_EVIDENCE"",""state_role"":""FORWARD_ATTENTION_CELL"",""valid_date"":""2023-11-21""}",bitemporal_version_f1a4882f8205243301dbee04,bitemporal_version_2259006a04e77b4b8fa13dca,True,UNCHANGED_EXPRESSIBLE,UNCHANGED_EXPRESSIBLE,PASS,True
"{""attribute_name"":""weathering"",""base_stage3a_state_version_id"":""state_version_869afd364c22832ede13dcc4"",""cell_id"":""cell_aa9a31d2a4df8d15e2b4d46f"",""claim_type"":""FORECAST_GEOLOGICAL_CONDITION"",""source_evidence_id"":""doc_62bf6495f3a27bc084947384_e0002"",""source_kind"":""GEOLOGICAL_EVIDENCE"",""state_role"":""FORWARD_ATTENTION_CELL"",""valid_date"":""2023-11-21""}",bitemporal_version_f1a4882f8205243301dbee04,bitemporal_version_2259006a04e77b4b8fa13dca,True,OPPORTUNITY_ADDED,OPPORTUNITY_ADDED,PASS,True
"{""attribute_name"":""weathering"",""base_stage3a_state_version_id"":""state_version_869afd364c22832ede13dcc4"",""cell_id"":""cell_aa9a31d2a4df8d15e2b4d46f"",""claim_type"":""FORECAST_GEOLOGICAL_CONDITION"",""source_evidence_id"":""doc_d0afc25463d4776277ebb952_e0009"",""source_kind"":""GEOLOGICAL_EVIDENCE"",""state_role"":""FORWARD_ATTENTION_CELL"",""valid_date"":""2023-11-21""}",bitemporal_version_f1a4882f8205243301dbee04,bitemporal_version_2259006a04e77b4b8fa13dca,True,UNCHANGED_EXPRESSIBLE,UNCHANGED_EXPRESSIBLE,PASS,True
"{""base_stage3a_state_version_id"":""state_version_869afd364c22832ede13dcc4"",""cell_id"":""cell_aa9a31d2a4df8d15e2b4d46f"",""claim_type"":""FORWARD_GEOLOGICAL_ATTENTION"",""metric_name"":""GRS"",""source_kind"":""STATE_GRS"",""state_role"":""FORWARD_ATTENTION_CELL"",""valid_date"":""2023-11-21""}",bitemporal_version_f1a4882f8205243301dbee04,bitemporal_version_2259006a04e77b4b8fa13dca,True,RESOLVED_SUPPORT_CHANGED,RESOLVED_SUPPORT_CHANGED,PASS,True
"{""base_stage3a_state_version_id"":""state_version_869afd364c22832ede13dcc4"",""cell_id"":""cell_aa9a31d2a4df8d15e2b4d46f"",""claim_type"":""OPERATIONAL_RESPONSE_ATTENTION"",""metric_name"":""RAI"",""source_kind"":""STATE_RAI"",""state_role"":""FORWARD_ATTENTION_CELL"",""valid_date"":""2023-11-21""}",bitemporal_version_f1a4882f8205243301dbee04,bitemporal_version_2259006a04e77b4b8fa13dca,True,UNCHANGED_ABSTAIN,UNCHANGED_ABSTAIN,PASS,True
"{""attribute_name"":""anomaly_level"",""base_stage3a_state_version_id"":""state_version_2f757b4c4be24f4cb88a3adc"",""cell_id"":""cell_d56d02a74a190969f5953792"",""claim_type"":""FORECAST_GEOLOGICAL_CONDITION"",""source_evidence_id"":""doc_28d57b5baaf883772b83b6e8_e0005"",""source_kind"":""GEOLOGICAL_EVIDENCE"",""state_role"":""FORWARD_ATTENTION_CELL"",""valid_date"":""2023-11-05""}",bitemporal_version_709e94487add93f4d07267e8,bitemporal_version_22b518eb73118fc6bf18d563,True,UNCHANGED_EXPRESSIBLE,UNCHANGED_EXPRESSIBLE,PASS,True
"{""attribute_name"":""anomaly_level"",""base_stage3a_state_version_id"":""state_version_2f757b4c4be24f4cb88a3adc"",""cell_id"":""cell_d56d02a74a190969f5953792"",""claim_type"":""FORECAST_GEOLOGICAL_CONDITION"",""source_evidence_id"":""doc_a1ca08b3f141763f45863a07_e0002"",""source_kind"":""GEOLOGICAL_EVIDENCE"",""state_role"":""FORWARD_ATTENTION_CELL"",""valid_date"":""2023-11-05""}",bitemporal_version_709e94487add93f4d07267e8,bitemporal_version_22b518eb73118fc6bf18d563,True,OPPORTUNITY_ADDED,OPPORTUNITY_ADDED,PASS,True
"{""attribute_name"":""geological_conclusion"",""base_stage3a_state_version_id"":""state_version_2f757b4c4be24f4cb88a3adc"",""cell_id"":""cell_d56d02a74a190969f5953792"",""claim_type"":""FORECAST_GEOLOGICAL_CONDITION"",""source_evidence_id"":""doc_28d57b5baaf883772b83b6e8_e0005"",""source_kind"":""GEOLOGICAL_EVIDENCE"",""state_role"":""FORWARD_ATTENTION_CELL"",""valid_date"":""2023-11-05""}",bitemporal_version_709e94487add93f4d07267e8,bitemporal_version_22b518eb73118fc6bf18d563,True,UNCHANGED_EXPRESSIBLE,UNCHANGED_EXPRESSIBLE,PASS,True
"{""attribute_name"":""geological_conclusion"",""base_stage3a_state_version_id"":""state_version_2f757b4c4be24f4cb88a3adc"",""cell_id"":""cell_d56d02a74a190969f5953792"",""claim_type"":""FORECAST_GEOLOGICAL_CONDITION"",""source_evidence_id"":""doc_a1ca08b3f141763f45863a07_e0002"",""source_kind"":""GEOLOGICAL_EVIDENCE"",""state_role"":""FORWARD_ATTENTION_CELL"",""valid_date"":""2023-11-05""}",bitemporal_version_709e94487add93f4d07267e8,bitemporal_version_22b518eb73118fc6bf18d563,True,OPPORTUNITY_ADDED,OPPORTUNITY_ADDED,PASS,True
"{""attribute_name"":""joint_development"",""base_stage3a_state_version_id"":""state_version_2f757b4c4be24f4cb88a3adc"",""cell_id"":""cell_d56d02a74a190969f5953792"",""claim_type"":""FORECAST_GEOLOGICAL_CONDITION"",""source_evidence_id"":""doc_28d57b5baaf883772b83b6e8_e0005"",""source_kind"":""GEOLOGICAL_EVIDENCE"",""state_role"":""FORWARD_ATTENTION_CELL"",""valid_date"":""2023-11-05""}",bitemporal_version_709e94487add93f4d07267e8,bitemporal_version_22b518eb73118fc6bf18d563,True,UNCHANGED_EXPRESSIBLE,UNCHANGED_EXPRESSIBLE,PASS,True
"{""attribute_name"":""joint_development"",""base_stage3a_state_version_id"":""state_version_2f757b4c4be24f4cb88a3adc"",""cell_id"":""cell_d56d02a74a190969f5953792"",""claim_type"":""FORECAST_GEOLOGICAL_CONDITION"",""source_evidence_id"":""doc_a1ca08b3f141763f45863a07_e0002"",""source_kind"":""GEOLOGICAL_EVIDENCE"",""state_role"":""FORWARD_ATTENTION_CELL"",""valid_date"":""2023-11-05""}",bitemporal_version_709e94487add93f4d07267e8,bitemporal_version_22b518eb73118fc6bf18d563,True,OPPORTUNITY_ADDED,OPPORTUNITY_ADDED,PASS,True
"{""attribute_name"":""lithology"",""base_stage3a_state_version_id"":""state_version_2f757b4c4be24f4cb88a3adc"",""cell_id"":""cell_d56d02a74a190969f5953792"",""claim_type"":""FORECAST_GEOLOGICAL_CONDITION"",""source_evidence_id"":""doc_28d57b5baaf883772b83b6e8_e0005"",""source_kind"":""GEOLOGICAL_EVIDENCE"",""state_role"":""FORWARD_ATTENTION_CELL"",""valid_date"":""2023-11-05""}",bitemporal_version_709e94487add93f4d07267e8,bitemporal_version_22b518eb73118fc6bf18d563,True,UNCHANGED_EXPRESSIBLE,UNCHANGED_EXPRESSIBLE,PASS,True
"{""attribute_name"":""lithology"",""base_stage3a_state_version_id"":""state_version_2f757b4c4be24f4cb88a3adc"",""cell_id"":""cell_d56d02a74a190969f5953792"",""claim_type"":""FORECAST_GEOLOGICAL_CONDITION"",""source_evidence_id"":""doc_a1ca08b3f141763f45863a07_e0002"",""source_kind"":""GEOLOGICAL_EVIDENCE"",""state_role"":""FORWARD_ATTENTION_CELL"",""valid_date"":""2023-11-05""}",bitemporal_version_709e94487add93f4d07267e8,bitemporal_version_22b518eb73118fc6bf18d563,True,OPPORTUNITY_ADDED,OPPORTUNITY_ADDED,PASS,True
"{""attribute_name"":""risk_hint"",""base_stage3a_state_version_id"":""state_version_2f757b4c4be24f4cb88a3adc"",""cell_id"":""cell_d56d02a74a190969f5953792"",""claim_type"":""FORECAST_GEOLOGICAL_CONDITION"",""source_evidence_id"":""doc_28d57b5baaf883772b83b6e8_e0005"",""source_kind"":""GEOLOGICAL_EVIDENCE"",""state_role"":""FORWARD_ATTENTION_CELL"",""valid_date"":""2023-11-05""}",bitemporal_version_709e94487add93f4d07267e8,bitemporal_version_22b518eb73118fc6bf18d563,True,UNCHANGED_EXPRESSIBLE,UNCHANGED_EXPRESSIBLE,PASS,True
"{""attribute_name"":""risk_hint"",""base_stage3a_state_version_id"":""state_version_2f757b4c4be24f4cb88a3adc"",""cell_id"":""cell_d56d02a74a190969f5953792"",""claim_type"":""FORECAST_GEOLOGICAL_CONDITION"",""source_evidence_id"":""doc_a1ca08b3f141763f45863a07_e0002"",""source_kind"":""GEOLOGICAL_EVIDENCE"",""state_role"":""FORWARD_ATTENTION_CELL"",""valid_date"":""2023-11-05""}",bitemporal_version_709e94487add93f4d07267e8,bitemporal_version_22b518eb73118fc6bf18d563,True,OPPORTUNITY_ADDED,OPPORTUNITY_ADDED,PASS,True
"{""attribute_name"":""rock_mass_state"",""base_stage3a_state_version_id"":""state_version_2f757b4c4be24f4cb88a3adc"",""cell_id"":""cell_d56d02a74a190969f5953792"",""claim_type"":""FORECAST_GEOLOGICAL_CONDITION"",""source_evidence_id"":""doc_28d57b5baaf883772b83b6e8_e0005"",""source_kind"":""GEOLOGICAL_EVIDENCE"",""state_role"":""FORWARD_ATTENTION_CELL"",""valid_date"":""2023-11-05""}",bitemporal_version_709e94487add93f4d07267e8,bitemporal_version_22b518eb73118fc6bf18d563,True,UNCHANGED_EXPRESSIBLE,UNCHANGED_EXPRESSIBLE,PASS,True
"{""attribute_name"":""rock_mass_state"",""base_stage3a_state_version_id"":""state_version_2f757b4c4be24f4cb88a3adc"",""cell_id"":""cell_d56d02a74a190969f5953792"",""claim_type"":""FORECAST_GEOLOGICAL_CONDITION"",""source_evidence_id"":""doc_a1ca08b3f141763f45863a07_e0002"",""source_kind"":""GEOLOGICAL_EVIDENCE"",""state_role"":""FORWARD_ATTENTION_CELL"",""valid_date"":""2023-11-05""}",bitemporal_version_709e94487add93f4d07267e8,bitemporal_version_22b518eb73118fc6bf18d563,True,OPPORTUNITY_ADDED,OPPORTUNITY_ADDED,PASS,True
"{""attribute_name"":""suggested_grade"",""base_stage3a_state_version_id"":""state_version_2f757b4c4be24f4cb88a3adc"",""cell_id"":""cell_d56d02a74a190969f5953792"",""claim_type"":""FORECAST_GEOLOGICAL_CONDITION"",""source_evidence_id"":""doc_28d57b5baaf883772b83b6e8_e0005"",""source_kind"":""GEOLOGICAL_EVIDENCE"",""state_role"":""FORWARD_ATTENTION_CELL"",""valid_date"":""2023-11-05""}",bitemporal_version_709e94487add93f4d07267e8,bitemporal_version_22b518eb73118fc6bf18d563,True,UNCHANGED_EXPRESSIBLE,UNCHANGED_EXPRESSIBLE,PASS,True
"{""attribute_name"":""suggested_grade"",""base_stage3a_state_version_id"":""state_version_2f757b4c4be24f4cb88a3adc"",""cell_id"":""cell_d56d02a74a190969f5953792"",""claim_type"":""FORECAST_GEOLOGICAL_CONDITION"",""source_evidence_id"":""doc_a1ca08b3f141763f45863a07_e0002"",""source_kind"":""GEOLOGICAL_EVIDENCE"",""state_role"":""FORWARD_ATTENTION_CELL"",""valid_date"":""2023-11-05""}",bitemporal_version_709e94487add93f4d07267e8,bitemporal_version_22b518eb73118fc6bf18d563,True,OPPORTUNITY_ADDED,OPPORTUNITY_ADDED,PASS,True
"{""attribute_name"":""weathering"",""base_stage3a_state_version_id"":""state_version_2f757b4c4be24f4cb88a3adc"",""cell_id"":""cell_d56d02a74a190969f5953792"",""claim_type"":""FORECAST_GEOLOGICAL_CONDITION"",""source_evidence_id"":""doc_28d57b5baaf883772b83b6e8_e0005"",""source_kind"":""GEOLOGICAL_EVIDENCE"",""state_role"":""FORWARD_ATTENTION_CELL"",""valid_date"":""2023-11-05""}",bitemporal_version_709e94487add93f4d07267e8,bitemporal_version_22b518eb73118fc6bf18d563,True,UNCHANGED_EXPRESSIBLE,UNCHANGED_EXPRESSIBLE,PASS,True
"{""attribute_name"":""weathering"",""base_stage3a_state_version_id"":""state_version_2f757b4c4be24f4cb88a3adc"",""cell_id"":""cell_d56d02a74a190969f5953792"",""claim_type"":""FORECAST_GEOLOGICAL_CONDITION"",""source_evidence_id"":""doc_a1ca08b3f141763f45863a07_e0002"",""source_kind"":""GEOLOGICAL_EVIDENCE"",""state_role"":""FORWARD_ATTENTION_CELL"",""valid_date"":""2023-11-05""}",bitemporal_version_709e94487add93f4d07267e8,bitemporal_version_22b518eb73118fc6bf18d563,True,OPPORTUNITY_ADDED,OPPORTUNITY_ADDED,PASS,True
"{""base_stage3a_state_version_id"":""state_version_2f757b4c4be24f4cb88a3adc"",""cell_id"":""cell_d56d02a74a190969f5953792"",""claim_type"":""FORWARD_GEOLOGICAL_ATTENTION"",""metric_name"":""GRS"",""source_kind"":""STATE_GRS"",""state_role"":""FORWARD_ATTENTION_CELL"",""valid_date"":""2023-11-05""}",bitemporal_version_709e94487add93f4d07267e8,bitemporal_version_22b518eb73118fc6bf18d563,True,RESOLVED_SUPPORT_CHANGED,RESOLVED_SUPPORT_CHANGED,PASS,True
"{""base_stage3a_state_version_id"":""state_version_2f757b4c4be24f4cb88a3adc"",""cell_id"":""cell_d56d02a74a190969f5953792"",""claim_type"":""OPERATIONAL_RESPONSE_ATTENTION"",""metric_name"":""RAI"",""source_kind"":""STATE_RAI"",""state_role"":""FORWARD_ATTENTION_CELL"",""valid_date"":""2023-11-05""}",bitemporal_version_709e94487add93f4d07267e8,bitemporal_version_22b518eb73118fc6bf18d563,True,UNCHANGED_ABSTAIN,UNCHANGED_ABSTAIN,PASS,True
"{""attribute_name"":""anomaly_level"",""base_stage3a_state_version_id"":""state_version_9d93db590e3e8b8b30b873c4"",""cell_id"":""cell_45e09953a5ddef4462c0a147"",""claim_type"":""FORECAST_GEOLOGICAL_CONDITION"",""source_evidence_id"":""doc_99cb24b0b45c767bece0fac1_e0002"",""source_kind"":""GEOLOGICAL_EVIDENCE"",""state_role"":""FORWARD_ATTENTION_CELL"",""valid_date"":""2023-12-16""}",bitemporal_version_cc4b6d222a68b847e6f5d1f8,bitemporal_version_254cbf8959eb088abd0e81a8,True,OPPORTUNITY_ADDED,OPPORTUNITY_ADDED,PASS,True
"{""attribute_name"":""anomaly_level"",""base_stage3a_state_version_id"":""state_version_9d93db590e3e8b8b30b873c4"",""cell_id"":""cell_45e09953a5ddef4462c0a147"",""claim_type"":""FORECAST_GEOLOGICAL_CONDITION"",""source_evidence_id"":""doc_99cb24b0b45c767bece0fac1_e0003"",""source_kind"":""GEOLOGICAL_EVIDENCE"",""state_role"":""FORWARD_ATTENTION_CELL"",""valid_date"":""2023-12-16""}",bitemporal_version_cc4b6d222a68b847e6f5d1f8,bitemporal_version_254cbf8959eb088abd0e81a8,True,OPPORTUNITY_ADDED,OPPORTUNITY_ADDED,PASS,True
"{""attribute_name"":""anomaly_level"",""base_stage3a_state_version_id"":""state_version_9d93db590e3e8b8b30b873c4"",""cell_id"":""cell_45e09953a5ddef4462c0a147"",""claim_type"":""FORECAST_GEOLOGICAL_CONDITION"",""source_evidence_id"":""doc_c6033d47fac60b63875a730d_e0002"",""source_kind"":""GEOLOGICAL_EVIDENCE"",""state_role"":""FORWARD_ATTENTION_CELL"",""valid_date"":""2023-12-16""}",bitemporal_version_cc4b6d222a68b847e6f5d1f8,bitemporal_version_254cbf8959eb088abd0e81a8,True,UNCHANGED_ABSTAIN,UNCHANGED_ABSTAIN,PASS,True
"{""attribute_name"":""block_fall_or_collapse"",""base_stage3a_state_version_id"":""state_version_9d93db590e3e8b8b30b873c4"",""cell_id"":""cell_45e09953a5ddef4462c0a147"",""claim_type"":""FORECAST_GEOLOGICAL_CONDITION"",""source_evidence_id"":""doc_c6033d47fac60b63875a730d_e0002"",""source_kind"":""GEOLOGICAL_EVIDENCE"",""state_role"":""FORWARD_ATTENTION_CELL"",""valid_date"":""2023-12-16""}",bitemporal_version_cc4b6d222a68b847e6f5d1f8,bitemporal_version_254cbf8959eb088abd0e81a8,True,UNCHANGED_EXPRESSIBLE,UNCHANGED_EXPRESSIBLE,PASS,True
"{""attribute_name"":""geological_conclusion"",""base_stage3a_state_version_id"":""state_version_9d93db590e3e8b8b30b873c4"",""cell_id"":""cell_45e09953a5ddef4462c0a147"",""claim_type"":""FORECAST_GEOLOGICAL_CONDITION"",""source_evidence_id"":""doc_99cb24b0b45c767bece0fac1_e0002"",""source_kind"":""GEOLOGICAL_EVIDENCE"",""state_role"":""FORWARD_ATTENTION_CELL"",""valid_date"":""2023-12-16""}",bitemporal_version_cc4b6d222a68b847e6f5d1f8,bitemporal_version_254cbf8959eb088abd0e81a8,True,OPPORTUNITY_ADDED,OPPORTUNITY_ADDED,PASS,True
"{""attribute_name"":""geological_conclusion"",""base_stage3a_state_version_id"":""state_version_9d93db590e3e8b8b30b873c4"",""cell_id"":""cell_45e09953a5ddef4462c0a147"",""claim_type"":""FORECAST_GEOLOGICAL_CONDITION"",""source_evidence_id"":""doc_99cb24b0b45c767bece0fac1_e0003"",""source_kind"":""GEOLOGICAL_EVIDENCE"",""state_role"":""FORWARD_ATTENTION_CELL"",""valid_date"":""2023-12-16""}",bitemporal_version_cc4b6d222a68b847e6f5d1f8,bitemporal_version_254cbf8959eb088abd0e81a8,True,OPPORTUNITY_ADDED,OPPORTUNITY_ADDED,PASS,True
"{""attribute_name"":""joint_development"",""base_stage3a_state_version_id"":""state_version_9d93db590e3e8b8b30b873c4"",""cell_id"":""cell_45e09953a5ddef4462c0a147"",""claim_type"":""FORECAST_GEOLOGICAL_CONDITION"",""source_evidence_id"":""doc_99cb24b0b45c767bece0fac1_e0002"",""source_kind"":""GEOLOGICAL_EVIDENCE"",""state_role"":""FORWARD_ATTENTION_CELL"",""valid_date"":""2023-12-16""}",bitemporal_version_cc4b6d222a68b847e6f5d1f8,bitemporal_version_254cbf8959eb088abd0e81a8,True,OPPORTUNITY_ADDED,OPPORTUNITY_ADDED,PASS,True
"{""attribute_name"":""joint_development"",""base_stage3a_state_version_id"":""state_version_9d93db590e3e8b8b30b873c4"",""cell_id"":""cell_45e09953a5ddef4462c0a147"",""claim_type"":""FORECAST_GEOLOGICAL_CONDITION"",""source_evidence_id"":""doc_99cb24b0b45c767bece0fac1_e0003"",""source_kind"":""GEOLOGICAL_EVIDENCE"",""state_role"":""FORWARD_ATTENTION_CELL"",""valid_date"":""2023-12-16""}",bitemporal_version_cc4b6d222a68b847e6f5d1f8,bitemporal_version_254cbf8959eb088abd0e81a8,True,OPPORTUNITY_ADDED,OPPORTUNITY_ADDED,PASS,True
"{""attribute_name"":""joint_development"",""base_stage3a_state_version_id"":""state_version_9d93db590e3e8b8b30b873c4"",""cell_id"":""cell_45e09953a5ddef4462c0a147"",""claim_type"":""FORECAST_GEOLOGICAL_CONDITION"",""source_evidence_id"":""doc_c6033d47fac60b63875a730d_e0002"",""source_kind"":""GEOLOGICAL_EVIDENCE"",""state_role"":""FORWARD_ATTENTION_CELL"",""valid_date"":""2023-12-16""}",bitemporal_version_cc4b6d222a68b847e6f5d1f8,bitemporal_version_254cbf8959eb088abd0e81a8,True,UNCHANGED_EXPRESSIBLE,UNCHANGED_EXPRESSIBLE,PASS,True
"{""attribute_name"":""lithology"",""base_stage3a_state_version_id"":""state_version_9d93db590e3e8b8b30b873c4"",""cell_id"":""cell_45e09953a5ddef4462c0a147"",""claim_type"":""FORECAST_GEOLOGICAL_CONDITION"",""source_evidence_id"":""doc_99cb24b0b45c767bece0fac1_e0002"",""source_kind"":""GEOLOGICAL_EVIDENCE"",""state_role"":""FORWARD_ATTENTION_CELL"",""valid_date"":""2023-12-16""}",bitemporal_version_cc4b6d222a68b847e6f5d1f8,bitemporal_version_254cbf8959eb088abd0e81a8,True,OPPORTUNITY_ADDED,OPPORTUNITY_ADDED,PASS,True
"{""attribute_name"":""lithology"",""base_stage3a_state_version_id"":""state_version_9d93db590e3e8b8b30b873c4"",""cell_id"":""cell_45e09953a5ddef4462c0a147"",""claim_type"":""FORECAST_GEOLOGICAL_CONDITION"",""source_evidence_id"":""doc_99cb24b0b45c767bece0fac1_e0003"",""source_kind"":""GEOLOGICAL_EVIDENCE"",""state_role"":""FORWARD_ATTENTION_CELL"",""valid_date"":""2023-12-16""}",bitemporal_version_cc4b6d222a68b847e6f5d1f8,bitemporal_version_254cbf8959eb088abd0e81a8,True,OPPORTUNITY_ADDED,OPPORTUNITY_ADDED,PASS,True
"{""attribute_name"":""lithology"",""base_stage3a_state_version_id"":""state_version_9d93db590e3e8b8b30b873c4"",""cell_id"":""cell_45e09953a5ddef4462c0a147"",""claim_type"":""FORECAST_GEOLOGICAL_CONDITION"",""source_evidence_id"":""doc_c6033d47fac60b63875a730d_e0002"",""source_kind"":""GEOLOGICAL_EVIDENCE"",""state_role"":""FORWARD_ATTENTION_CELL"",""valid_date"":""2023-12-16""}",bitemporal_version_cc4b6d222a68b847e6f5d1f8,bitemporal_version_254cbf8959eb088abd0e81a8,True,UNCHANGED_EXPRESSIBLE,UNCHANGED_EXPRESSIBLE,PASS,True
"{""attribute_name"":""narrative_water_observation"",""base_stage3a_state_version_id"":""state_version_9d93db590e3e8b8b30b873c4"",""cell_id"":""cell_45e09953a5ddef4462c0a147"",""claim_type"":""FORECAST_GEOLOGICAL_CONDITION"",""source_evidence_id"":""doc_c6033d47fac60b63875a730d_e0002"",""source_kind"":""GEOLOGICAL_EVIDENCE"",""state_role"":""FORWARD_ATTENTION_CELL"",""valid_date"":""2023-12-16""}",bitemporal_version_cc4b6d222a68b847e6f5d1f8,bitemporal_version_254cbf8959eb088abd0e81a8,True,UNCHANGED_EXPRESSIBLE,UNCHANGED_EXPRESSIBLE,PASS,True
"{""attribute_name"":""risk_hint"",""base_stage3a_state_version_id"":""state_version_9d93db590e3e8b8b30b873c4"",""cell_id"":""cell_45e09953a5ddef4462c0a147"",""claim_type"":""FORECAST_GEOLOGICAL_CONDITION"",""source_evidence_id"":""doc_99cb24b0b45c767bece0fac1_e0002"",""source_kind"":""GEOLOGICAL_EVIDENCE"",""state_role"":""FORWARD_ATTENTION_CELL"",""valid_date"":""2023-12-16""}",bitemporal_version_cc4b6d222a68b847e6f5d1f8,bitemporal_version_254cbf8959eb088abd0e81a8,True,OPPORTUNITY_ADDED,OPPORTUNITY_ADDED,PASS,True
"{""attribute_name"":""risk_hint"",""base_stage3a_state_version_id"":""state_version_9d93db590e3e8b8b30b873c4"",""cell_id"":""cell_45e09953a5ddef4462c0a147"",""claim_type"":""FORECAST_GEOLOGICAL_CONDITION"",""source_evidence_id"":""doc_99cb24b0b45c767bece0fac1_e0003"",""source_kind"":""GEOLOGICAL_EVIDENCE"",""state_role"":""FORWARD_ATTENTION_CELL"",""valid_date"":""2023-12-16""}",bitemporal_version_cc4b6d222a68b847e6f5d1f8,bitemporal_version_254cbf8959eb088abd0e81a8,True,OPPORTUNITY_ADDED,OPPORTUNITY_ADDED,PASS,True
"{""attribute_name"":""rock_mass_state"",""base_stage3a_state_version_id"":""state_version_9d93db590e3e8b8b30b873c4"",""cell_id"":""cell_45e09953a5ddef4462c0a147"",""claim_type"":""FORECAST_GEOLOGICAL_CONDITION"",""source_evidence_id"":""doc_99cb24b0b45c767bece0fac1_e0002"",""source_kind"":""GEOLOGICAL_EVIDENCE"",""state_role"":""FORWARD_ATTENTION_CELL"",""valid_date"":""2023-12-16""}",bitemporal_version_cc4b6d222a68b847e6f5d1f8,bitemporal_version_254cbf8959eb088abd0e81a8,True,OPPORTUNITY_ADDED,OPPORTUNITY_ADDED,PASS,True
"{""attribute_name"":""rock_mass_state"",""base_stage3a_state_version_id"":""state_version_9d93db590e3e8b8b30b873c4"",""cell_id"":""cell_45e09953a5ddef4462c0a147"",""claim_type"":""FORECAST_GEOLOGICAL_CONDITION"",""source_evidence_id"":""doc_99cb24b0b45c767bece0fac1_e0003"",""source_kind"":""GEOLOGICAL_EVIDENCE"",""state_role"":""FORWARD_ATTENTION_CELL"",""valid_date"":""2023-12-16""}",bitemporal_version_cc4b6d222a68b847e6f5d1f8,bitemporal_version_254cbf8959eb088abd0e81a8,True,OPPORTUNITY_ADDED,OPPORTUNITY_ADDED,PASS,True
"{""attribute_name"":""rock_mass_state"",""base_stage3a_state_version_id"":""state_version_9d93db590e3e8b8b30b873c4"",""cell_id"":""cell_45e09953a5ddef4462c0a147"",""claim_type"":""FORECAST_GEOLOGICAL_CONDITION"",""source_evidence_id"":""doc_c6033d47fac60b63875a730d_e0002"",""source_kind"":""GEOLOGICAL_EVIDENCE"",""state_role"":""FORWARD_ATTENTION_CELL"",""valid_date"":""2023-12-16""}",bitemporal_version_cc4b6d222a68b847e6f5d1f8,bitemporal_version_254cbf8959eb088abd0e81a8,True,UNCHANGED_EXPRESSIBLE,UNCHANGED_EXPRESSIBLE,PASS,True
"{""attribute_name"":""stability"",""base_stage3a_state_version_id"":""state_version_9d93db590e3e8b8b30b873c4"",""cell_id"":""cell_45e09953a5ddef4462c0a147"",""claim_type"":""FORECAST_GEOLOGICAL_CONDITION"",""source_evidence_id"":""doc_c6033d47fac60b63875a730d_e0002"",""source_kind"":""GEOLOGICAL_EVIDENCE"",""state_role"":""FORWARD_ATTENTION_CELL"",""valid_date"":""2023-12-16""}",bitemporal_version_cc4b6d222a68b847e6f5d1f8,bitemporal_version_254cbf8959eb088abd0e81a8,True,UNCHANGED_ABSTAIN,UNCHANGED_ABSTAIN,PASS,True
"{""attribute_name"":""suggested_grade"",""base_stage3a_state_version_id"":""state_version_9d93db590e3e8b8b30b873c4"",""cell_id"":""cell_45e09953a5ddef4462c0a147"",""claim_type"":""FORECAST_GEOLOGICAL_CONDITION"",""source_evidence_id"":""doc_99cb24b0b45c767bece0fac1_e0002"",""source_kind"":""GEOLOGICAL_EVIDENCE"",""state_role"":""FORWARD_ATTENTION_CELL"",""valid_date"":""2023-12-16""}",bitemporal_version_cc4b6d222a68b847e6f5d1f8,bitemporal_version_254cbf8959eb088abd0e81a8,True,OPPORTUNITY_ADDED,OPPORTUNITY_ADDED,PASS,True
"{""attribute_name"":""suggested_grade"",""base_stage3a_state_version_id"":""state_version_9d93db590e3e8b8b30b873c4"",""cell_id"":""cell_45e09953a5ddef4462c0a147"",""claim_type"":""FORECAST_GEOLOGICAL_CONDITION"",""source_evidence_id"":""doc_99cb24b0b45c767bece0fac1_e0003"",""source_kind"":""GEOLOGICAL_EVIDENCE"",""state_role"":""FORWARD_ATTENTION_CELL"",""valid_date"":""2023-12-16""}",bitemporal_version_cc4b6d222a68b847e6f5d1f8,bitemporal_version_254cbf8959eb088abd0e81a8,True,OPPORTUNITY_ADDED,OPPORTUNITY_ADDED,PASS,True
"{""attribute_name"":""water_type"",""base_stage3a_state_version_id"":""state_version_9d93db590e3e8b8b30b873c4"",""cell_id"":""cell_45e09953a5ddef4462c0a147"",""claim_type"":""FORECAST_GEOLOGICAL_CONDITION"",""source_evidence_id"":""doc_c6033d47fac60b63875a730d_e0002"",""source_kind"":""GEOLOGICAL_EVIDENCE"",""state_role"":""FORWARD_ATTENTION_CELL"",""valid_date"":""2023-12-16""}",bitemporal_version_cc4b6d222a68b847e6f5d1f8,bitemporal_version_254cbf8959eb088abd0e81a8,True,UNCHANGED_EXPRESSIBLE,UNCHANGED_EXPRESSIBLE,PASS,True
"{""attribute_name"":""weathering"",""base_stage3a_state_version_id"":""state_version_9d93db590e3e8b8b30b873c4"",""cell_id"":""cell_45e09953a5ddef4462c0a147"",""claim_type"":""FORECAST_GEOLOGICAL_CONDITION"",""source_evidence_id"":""doc_99cb24b0b45c767bece0fac1_e0002"",""source_kind"":""GEOLOGICAL_EVIDENCE"",""state_role"":""FORWARD_ATTENTION_CELL"",""valid_date"":""2023-12-16""}",bitemporal_version_cc4b6d222a68b847e6f5d1f8,bitemporal_version_254cbf8959eb088abd0e81a8,True,OPPORTUNITY_ADDED,OPPORTUNITY_ADDED,PASS,True
"{""attribute_name"":""weathering"",""base_stage3a_state_version_id"":""state_version_9d93db590e3e8b8b30b873c4"",""cell_id"":""cell_45e09953a5ddef4462c0a147"",""claim_type"":""FORECAST_GEOLOGICAL_CONDITION"",""source_evidence_id"":""doc_99cb24b0b45c767bece0fac1_e0003"",""source_kind"":""GEOLOGICAL_EVIDENCE"",""state_role"":""FORWARD_ATTENTION_CELL"",""valid_date"":""2023-12-16""}",bitemporal_version_cc4b6d222a68b847e6f5d1f8,bitemporal_version_254cbf8959eb088abd0e81a8,True,OPPORTUNITY_ADDED,OPPORTUNITY_ADDED,PASS,True
"{""attribute_name"":""weathering"",""base_stage3a_state_version_id"":""state_version_9d93db590e3e8b8b30b873c4"",""cell_id"":""cell_45e09953a5ddef4462c0a147"",""claim_type"":""FORECAST_GEOLOGICAL_CONDITION"",""source_evidence_id"":""doc_c6033d47fac60b63875a730d_e0002"",""source_kind"":""GEOLOGICAL_EVIDENCE"",""state_role"":""FORWARD_ATTENTION_CELL"",""valid_date"":""2023-12-16""}",bitemporal_version_cc4b6d222a68b847e6f5d1f8,bitemporal_version_254cbf8959eb088abd0e81a8,True,UNCHANGED_EXPRESSIBLE,UNCHANGED_EXPRESSIBLE,PASS,True
"{""base_stage3a_state_version_id"":""state_version_9d93db590e3e8b8b30b873c4"",""cell_id"":""cell_45e09953a5ddef4462c0a147"",""claim_type"":""FORWARD_GEOLOGICAL_ATTENTION"",""metric_name"":""GRS"",""source_kind"":""STATE_GRS"",""state_role"":""FORWARD_ATTENTION_CELL"",""valid_date"":""2023-12-16""}",bitemporal_version_cc4b6d222a68b847e6f5d1f8,bitemporal_version_254cbf8959eb088abd0e81a8,True,CLAIM_VALUE_CHANGED,CLAIM_VALUE_CHANGED,PASS,True
"{""base_stage3a_state_version_id"":""state_version_9d93db590e3e8b8b30b873c4"",""cell_id"":""cell_45e09953a5ddef4462c0a147"",""claim_type"":""OPERATIONAL_RESPONSE_ATTENTION"",""metric_name"":""RAI"",""source_kind"":""STATE_RAI"",""state_role"":""FORWARD_ATTENTION_CELL"",""valid_date"":""2023-12-16""}",bitemporal_version_cc4b6d222a68b847e6f5d1f8,bitemporal_version_254cbf8959eb088abd0e81a8,True,UNCHANGED_ABSTAIN,UNCHANGED_ABSTAIN,PASS,True
"{""attribute_name"":""anomaly_level"",""base_stage3a_state_version_id"":""state_version_55e17f4577c714ca96a0b22d"",""cell_id"":""cell_64ff35e15826ff3f4f73e53f"",""claim_type"":""FORECAST_GEOLOGICAL_CONDITION"",""source_evidence_id"":""doc_cae21ab80a31f71dbe3e20e9_e0002"",""source_kind"":""GEOLOGICAL_EVIDENCE"",""state_role"":""FORWARD_ATTENTION_CELL"",""valid_date"":""2023-12-18""}",bitemporal_version_304e54396fecdd90a362eb34,bitemporal_version_26a031713c7d96da26407e9e,True,OPPORTUNITY_ADDED,OPPORTUNITY_ADDED,PASS,True
"{""attribute_name"":""geological_conclusion"",""base_stage3a_state_version_id"":""state_version_55e17f4577c714ca96a0b22d"",""cell_id"":""cell_64ff35e15826ff3f4f73e53f"",""claim_type"":""FORECAST_GEOLOGICAL_CONDITION"",""source_evidence_id"":""doc_cae21ab80a31f71dbe3e20e9_e0002"",""source_kind"":""GEOLOGICAL_EVIDENCE"",""state_role"":""FORWARD_ATTENTION_CELL"",""valid_date"":""2023-12-18""}",bitemporal_version_304e54396fecdd90a362eb34,bitemporal_version_26a031713c7d96da26407e9e,True,OPPORTUNITY_ADDED,OPPORTUNITY_ADDED,PASS,True
"{""attribute_name"":""joint_development"",""base_stage3a_state_version_id"":""state_version_55e17f4577c714ca96a0b22d"",""cell_id"":""cell_64ff35e15826ff3f4f73e53f"",""claim_type"":""FORECAST_GEOLOGICAL_CONDITION"",""source_evidence_id"":""doc_cae21ab80a31f71dbe3e20e9_e0002"",""source_kind"":""GEOLOGICAL_EVIDENCE"",""state_role"":""FORWARD_ATTENTION_CELL"",""valid_date"":""2023-12-18""}",bitemporal_version_304e54396fecdd90a362eb34,bitemporal_version_26a031713c7d96da26407e9e,True,OPPORTUNITY_ADDED,OPPORTUNITY_ADDED,PASS,True
"{""attribute_name"":""lithology"",""base_stage3a_state_version_id"":""state_version_55e17f4577c714ca96a0b22d"",""cell_id"":""cell_64ff35e15826ff3f4f73e53f"",""claim_type"":""FORECAST_GEOLOGICAL_CONDITION"",""source_evidence_id"":""doc_cae21ab80a31f71dbe3e20e9_e0002"",""source_kind"":""GEOLOGICAL_EVIDENCE"",""state_role"":""FORWARD_ATTENTION_CELL"",""valid_date"":""2023-12-18""}",bitemporal_version_304e54396fecdd90a362eb34,bitemporal_version_26a031713c7d96da26407e9e,True,OPPORTUNITY_ADDED,OPPORTUNITY_ADDED,PASS,True
"{""attribute_name"":""risk_hint"",""base_stage3a_state_version_id"":""state_version_55e17f4577c714ca96a0b22d"",""cell_id"":""cell_64ff35e15826ff3f4f73e53f"",""claim_type"":""FORECAST_GEOLOGICAL_CONDITION"",""source_evidence_id"":""doc_cae21ab80a31f71dbe3e20e9_e0002"",""source_kind"":""GEOLOGICAL_EVIDENCE"",""state_role"":""FORWARD_ATTENTION_CELL"",""valid_date"":""2023-12-18""}",bitemporal_version_304e54396fecdd90a362eb34,bitemporal_version_26a031713c7d96da26407e9e,True,OPPORTUNITY_ADDED,OPPORTUNITY_ADDED,PASS,True
"{""attribute_name"":""rock_mass_state"",""base_stage3a_state_version_id"":""state_version_55e17f4577c714ca96a0b22d"",""cell_id"":""cell_64ff35e15826ff3f4f73e53f"",""claim_type"":""FORECAST_GEOLOGICAL_CONDITION"",""source_evidence_id"":""doc_cae21ab80a31f71dbe3e20e9_e0002"",""source_kind"":""GEOLOGICAL_EVIDENCE"",""state_role"":""FORWARD_ATTENTION_CELL"",""valid_date"":""2023-12-18""}",bitemporal_version_304e54396fecdd90a362eb34,bitemporal_version_26a031713c7d96da26407e9e,True,OPPORTUNITY_ADDED,OPPORTUNITY_ADDED,PASS,True
"{""attribute_name"":""suggested_grade"",""base_stage3a_state_version_id"":""state_version_55e17f4577c714ca96a0b22d"",""cell_id"":""cell_64ff35e15826ff3f4f73e53f"",""claim_type"":""FORECAST_GEOLOGICAL_CONDITION"",""source_evidence_id"":""doc_cae21ab80a31f71dbe3e20e9_e0002"",""source_kind"":""GEOLOGICAL_EVIDENCE"",""state_role"":""FORWARD_ATTENTION_CELL"",""valid_date"":""2023-12-18""}",bitemporal_version_304e54396fecdd90a362eb34,bitemporal_version_26a031713c7d96da26407e9e,True,OPPORTUNITY_ADDED,OPPORTUNITY_ADDED,PASS,True
"{""attribute_name"":""weathering"",""base_stage3a_state_version_id"":""state_version_55e17f4577c714ca96a0b22d"",""cell_id"":""cell_64ff35e15826ff3f4f73e53f"",""claim_type"":""FORECAST_GEOLOGICAL_CONDITION"",""source_evidence_id"":""doc_cae21ab80a31f71dbe3e20e9_e0002"",""source_kind"":""GEOLOGICAL_EVIDENCE"",""state_role"":""FORWARD_ATTENTION_CELL"",""valid_date"":""2023-12-18""}",bitemporal_version_304e54396fecdd90a362eb34,bitemporal_version_26a031713c7d96da26407e9e,True,OPPORTUNITY_ADDED,OPPORTUNITY_ADDED,PASS,True
"{""base_stage3a_state_version_id"":""state_version_55e17f4577c714ca96a0b22d"",""cell_id"":""cell_64ff35e15826ff3f4f73e53f"",""claim_type"":""FORWARD_GEOLOGICAL_ATTENTION"",""metric_name"":""GRS"",""source_kind"":""STATE_GRS"",""state_role"":""FORWARD_ATTENTION_CELL"",""valid_date"":""2023-12-18""}",bitemporal_version_304e54396fecdd90a362eb34,bitemporal_version_26a031713c7d96da26407e9e,True,ABSTAIN_TO_EXPRESSIBLE,ABSTAIN_TO_EXPRESSIBLE,PASS,True
"{""base_stage3a_state_version_id"":""state_version_55e17f4577c714ca96a0b22d"",""cell_id"":""cell_64ff35e15826ff3f4f73e53f"",""claim_type"":""OPERATIONAL_RESPONSE_ATTENTION"",""metric_name"":""RAI"",""source_kind"":""STATE_RAI"",""state_role"":""FORWARD_ATTENTION_CELL"",""valid_date"":""2023-12-18""}",bitemporal_version_304e54396fecdd90a362eb34,bitemporal_version_26a031713c7d96da26407e9e,True,UNCHANGED_ABSTAIN,UNCHANGED_ABSTAIN,PASS,True
"{""attribute_name"":""anomaly_level"",""base_stage3a_state_version_id"":""state_version_2e0046a83b71327e2ff19a2f"",""cell_id"":""cell_d0aaf3ebeddde7e26d32be3b"",""claim_type"":""FORECAST_GEOLOGICAL_CONDITION"",""source_evidence_id"":""doc_6af39821d5a37fd21b28de70_e0002"",""source_kind"":""GEOLOGICAL_EVIDENCE"",""state_role"":""DAILY_REVIEW_CELL"",""valid_date"":""2023-10-15""}",bitemporal_version_af0578193fcc71beae4083e9,bitemporal_version_372c3cf91e20cd6778ba35b3,True,OPPORTUNITY_ADDED,OPPORTUNITY_ADDED,PASS,True
"{""attribute_name"":""anomaly_level"",""base_stage3a_state_version_id"":""state_version_2e0046a83b71327e2ff19a2f"",""cell_id"":""cell_d0aaf3ebeddde7e26d32be3b"",""claim_type"":""FORECAST_GEOLOGICAL_CONDITION"",""source_evidence_id"":""doc_c03e80c9fabf17e0b238ec9a_e0006"",""source_kind"":""GEOLOGICAL_EVIDENCE"",""state_role"":""DAILY_REVIEW_CELL"",""valid_date"":""2023-10-15""}",bitemporal_version_af0578193fcc71beae4083e9,bitemporal_version_372c3cf91e20cd6778ba35b3,True,UNCHANGED_EXPRESSIBLE,UNCHANGED_EXPRESSIBLE,PASS,True
"{""attribute_name"":""geological_conclusion"",""base_stage3a_state_version_id"":""state_version_2e0046a83b71327e2ff19a2f"",""cell_id"":""cell_d0aaf3ebeddde7e26d32be3b"",""claim_type"":""FORECAST_GEOLOGICAL_CONDITION"",""source_evidence_id"":""doc_6af39821d5a37fd21b28de70_e0002"",""source_kind"":""GEOLOGICAL_EVIDENCE"",""state_role"":""DAILY_REVIEW_CELL"",""valid_date"":""2023-10-15""}",bitemporal_version_af0578193fcc71beae4083e9,bitemporal_version_372c3cf91e20cd6778ba35b3,True,OPPORTUNITY_ADDED,OPPORTUNITY_ADDED,PASS,True
"{""attribute_name"":""geological_conclusion"",""base_stage3a_state_version_id"":""state_version_2e0046a83b71327e2ff19a2f"",""cell_id"":""cell_d0aaf3ebeddde7e26d32be3b"",""claim_type"":""FORECAST_GEOLOGICAL_CONDITION"",""source_evidence_id"":""doc_c03e80c9fabf17e0b238ec9a_e0006"",""source_kind"":""GEOLOGICAL_EVIDENCE"",""state_role"":""DAILY_REVIEW_CELL"",""valid_date"":""2023-10-15""}",bitemporal_version_af0578193fcc71beae4083e9,bitemporal_version_372c3cf91e20cd6778ba35b3,True,UNCHANGED_EXPRESSIBLE,UNCHANGED_EXPRESSIBLE,PASS,True
"{""attribute_name"":""joint_development"",""base_stage3a_state_version_id"":""state_version_2e0046a83b71327e2ff19a2f"",""cell_id"":""cell_d0aaf3ebeddde7e26d32be3b"",""claim_type"":""FORECAST_GEOLOGICAL_CONDITION"",""source_evidence_id"":""doc_6af39821d5a37fd21b28de70_e0002"",""source_kind"":""GEOLOGICAL_EVIDENCE"",""state_role"":""DAILY_REVIEW_CELL"",""valid_date"":""2023-10-15""}",bitemporal_version_af0578193fcc71beae4083e9,bitemporal_version_372c3cf91e20cd6778ba35b3,True,OPPORTUNITY_ADDED,OPPORTUNITY_ADDED,PASS,True
"{""attribute_name"":""joint_development"",""base_stage3a_state_version_id"":""state_version_2e0046a83b71327e2ff19a2f"",""cell_id"":""cell_d0aaf3ebeddde7e26d32be3b"",""claim_type"":""FORECAST_GEOLOGICAL_CONDITION"",""source_evidence_id"":""doc_c03e80c9fabf17e0b238ec9a_e0006"",""source_kind"":""GEOLOGICAL_EVIDENCE"",""state_role"":""DAILY_REVIEW_CELL"",""valid_date"":""2023-10-15""}",bitemporal_version_af0578193fcc71beae4083e9,bitemporal_version_372c3cf91e20cd6778ba35b3,True,UNCHANGED_EXPRESSIBLE,UNCHANGED_EXPRESSIBLE,PASS,True
"{""attribute_name"":""lithology"",""base_stage3a_state_version_id"":""state_version_2e0046a83b71327e2ff19a2f"",""cell_id"":""cell_d0aaf3ebeddde7e26d32be3b"",""claim_type"":""FORECAST_GEOLOGICAL_CONDITION"",""source_evidence_id"":""doc_6af39821d5a37fd21b28de70_e0002"",""source_kind"":""GEOLOGICAL_EVIDENCE"",""state_role"":""DAILY_REVIEW_CELL"",""valid_date"":""2023-10-15""}",bitemporal_version_af0578193fcc71beae4083e9,bitemporal_version_372c3cf91e20cd6778ba35b3,True,OPPORTUNITY_ADDED,OPPORTUNITY_ADDED,PASS,True
"{""attribute_name"":""lithology"",""base_stage3a_state_version_id"":""state_version_2e0046a83b71327e2ff19a2f"",""cell_id"":""cell_d0aaf3ebeddde7e26d32be3b"",""claim_type"":""FORECAST_GEOLOGICAL_CONDITION"",""source_evidence_id"":""doc_c03e80c9fabf17e0b238ec9a_e0006"",""source_kind"":""GEOLOGICAL_EVIDENCE"",""state_role"":""DAILY_REVIEW_CELL"",""valid_date"":""2023-10-15""}",bitemporal_version_af0578193fcc71beae4083e9,bitemporal_version_372c3cf91e20cd6778ba35b3,True,UNCHANGED_EXPRESSIBLE,UNCHANGED_EXPRESSIBLE,PASS,True
"{""attribute_name"":""risk_hint"",""base_stage3a_state_version_id"":""state_version_2e0046a83b71327e2ff19a2f"",""cell_id"":""cell_d0aaf3ebeddde7e26d32be3b"",""claim_type"":""FORECAST_GEOLOGICAL_CONDITION"",""source_evidence_id"":""doc_6af39821d5a37fd21b28de70_e0002"",""source_kind"":""GEOLOGICAL_EVIDENCE"",""state_role"":""DAILY_REVIEW_CELL"",""valid_date"":""2023-10-15""}",bitemporal_version_af0578193fcc71beae4083e9,bitemporal_version_372c3cf91e20cd6778ba35b3,True,OPPORTUNITY_ADDED,OPPORTUNITY_ADDED,PASS,True
"{""attribute_name"":""risk_hint"",""base_stage3a_state_version_id"":""state_version_2e0046a83b71327e2ff19a2f"",""cell_id"":""cell_d0aaf3ebeddde7e26d32be3b"",""claim_type"":""FORECAST_GEOLOGICAL_CONDITION"",""source_evidence_id"":""doc_c03e80c9fabf17e0b238ec9a_e0006"",""source_kind"":""GEOLOGICAL_EVIDENCE"",""state_role"":""DAILY_REVIEW_CELL"",""valid_date"":""2023-10-15""}",bitemporal_version_af0578193fcc71beae4083e9,bitemporal_version_372c3cf91e20cd6778ba35b3,True,UNCHANGED_EXPRESSIBLE,UNCHANGED_EXPRESSIBLE,PASS,True
"{""attribute_name"":""rock_mass_state"",""base_stage3a_state_version_id"":""state_version_2e0046a83b71327e2ff19a2f"",""cell_id"":""cell_d0aaf3ebeddde7e26d32be3b"",""claim_type"":""FORECAST_GEOLOGICAL_CONDITION"",""source_evidence_id"":""doc_6af39821d5a37fd21b28de70_e0002"",""source_kind"":""GEOLOGICAL_EVIDENCE"",""state_role"":""DAILY_REVIEW_CELL"",""valid_date"":""2023-10-15""}",bitemporal_version_af0578193fcc71beae4083e9,bitemporal_version_372c3cf91e20cd6778ba35b3,True,OPPORTUNITY_ADDED,OPPORTUNITY_ADDED,PASS,True
"{""attribute_name"":""rock_mass_state"",""base_stage3a_state_version_id"":""state_version_2e0046a83b71327e2ff19a2f"",""cell_id"":""cell_d0aaf3ebeddde7e26d32be3b"",""claim_type"":""FORECAST_GEOLOGICAL_CONDITION"",""source_evidence_id"":""doc_c03e80c9fabf17e0b238ec9a_e0006"",""source_kind"":""GEOLOGICAL_EVIDENCE"",""state_role"":""DAILY_REVIEW_CELL"",""valid_date"":""2023-10-15""}",bitemporal_version_af0578193fcc71beae4083e9,bitemporal_version_372c3cf91e20cd6778ba35b3,True,UNCHANGED_EXPRESSIBLE,UNCHANGED_EXPRESSIBLE,PASS,True
"{""attribute_name"":""suggested_grade"",""base_stage3a_state_version_id"":""state_version_2e0046a83b71327e2ff19a2f"",""cell_id"":""cell_d0aaf3ebeddde7e26d32be3b"",""claim_type"":""FORECAST_GEOLOGICAL_CONDITION"",""source_evidence_id"":""doc_6af39821d5a37fd21b28de70_e0002"",""source_kind"":""GEOLOGICAL_EVIDENCE"",""state_role"":""DAILY_REVIEW_CELL"",""valid_date"":""2023-10-15""}",bitemporal_version_af0578193fcc71beae4083e9,bitemporal_version_372c3cf91e20cd6778ba35b3,True,OPPORTUNITY_ADDED,OPPORTUNITY_ADDED,PASS,True
"{""attribute_name"":""suggested_grade"",""base_stage3a_state_version_id"":""state_version_2e0046a83b71327e2ff19a2f"",""cell_id"":""cell_d0aaf3ebeddde7e26d32be3b"",""claim_type"":""FORECAST_GEOLOGICAL_CONDITION"",""source_evidence_id"":""doc_c03e80c9fabf17e0b238ec9a_e0006"",""source_kind"":""GEOLOGICAL_EVIDENCE"",""state_role"":""DAILY_REVIEW_CELL"",""valid_date"":""2023-10-15""}",bitemporal_version_af0578193fcc71beae4083e9,bitemporal_version_372c3cf91e20cd6778ba35b3,True,UNCHANGED_EXPRESSIBLE,UNCHANGED_EXPRESSIBLE,PASS,True
"{""attribute_name"":""weathering"",""base_stage3a_state_version_id"":""state_version_2e0046a83b71327e2ff19a2f"",""cell_id"":""cell_d0aaf3ebeddde7e26d32be3b"",""claim_type"":""FORECAST_GEOLOGICAL_CONDITION"",""source_evidence_id"":""doc_6af39821d5a37fd21b28de70_e0002"",""source_kind"":""GEOLOGICAL_EVIDENCE"",""state_role"":""DAILY_REVIEW_CELL"",""valid_date"":""2023-10-15""}",bitemporal_version_af0578193fcc71beae4083e9,bitemporal_version_372c3cf91e20cd6778ba35b3,True,OPPORTUNITY_ADDED,OPPORTUNITY_ADDED,PASS,True
"{""attribute_name"":""weathering"",""base_stage3a_state_version_id"":""state_version_2e0046a83b71327e2ff19a2f"",""cell_id"":""cell_d0aaf3ebeddde7e26d32be3b"",""claim_type"":""FORECAST_GEOLOGICAL_CONDITION"",""source_evidence_id"":""doc_c03e80c9fabf17e0b238ec9a_e0006"",""source_kind"":""GEOLOGICAL_EVIDENCE"",""state_role"":""DAILY_REVIEW_CELL"",""valid_date"":""2023-10-15""}",bitemporal_version_af0578193fcc71beae4083e9,bitemporal_version_372c3cf91e20cd6778ba35b3,True,UNCHANGED_EXPRESSIBLE,UNCHANGED_EXPRESSIBLE,PASS,True
"{""base_stage3a_state_version_id"":""state_version_2e0046a83b71327e2ff19a2f"",""cell_id"":""cell_d0aaf3ebeddde7e26d32be3b"",""claim_type"":""COUPLED_ATTENTION_REVIEW"",""metric_name"":""GRCI"",""source_kind"":""STATE_GRCI"",""state_role"":""DAILY_REVIEW_CELL"",""valid_date"":""2023-10-15""}",bitemporal_version_af0578193fcc71beae4083e9,bitemporal_version_372c3cf91e20cd6778ba35b3,True,RESOLVED_SUPPORT_CHANGED,RESOLVED_SUPPORT_CHANGED,PASS,True
"{""base_stage3a_state_version_id"":""state_version_2e0046a83b71327e2ff19a2f"",""cell_id"":""cell_d0aaf3ebeddde7e26d32be3b"",""claim_type"":""GEOLOGICAL_EVIDENCE_ATTENTION_REVIEW"",""metric_name"":""GRS"",""source_kind"":""STATE_GRS"",""state_role"":""DAILY_REVIEW_CELL"",""valid_date"":""2023-10-15""}",bitemporal_version_af0578193fcc71beae4083e9,bitemporal_version_372c3cf91e20cd6778ba35b3,True,RESOLVED_SUPPORT_CHANGED,RESOLVED_SUPPORT_CHANGED,PASS,True
"{""base_stage3a_state_version_id"":""state_version_2e0046a83b71327e2ff19a2f"",""cell_id"":""cell_d0aaf3ebeddde7e26d32be3b"",""claim_type"":""OPERATIONAL_RESPONSE_ATTENTION"",""metric_name"":""RAI"",""source_kind"":""STATE_RAI"",""state_role"":""DAILY_REVIEW_CELL"",""valid_date"":""2023-10-15""}",bitemporal_version_af0578193fcc71beae4083e9,bitemporal_version_372c3cf91e20cd6778ba35b3,True,UNCHANGED_EXPRESSIBLE,UNCHANGED_EXPRESSIBLE,PASS,True
"{""attribute_name"":""anomaly_level"",""base_stage3a_state_version_id"":""state_version_bff6997616473ba4e2c1e60c"",""cell_id"":""cell_ff5e7be1c6332ee68423a3aa"",""claim_type"":""FORECAST_GEOLOGICAL_CONDITION"",""source_evidence_id"":""doc_62bf6495f3a27bc084947384_e0002"",""source_kind"":""GEOLOGICAL_EVIDENCE"",""state_role"":""DAILY_REVIEW_CELL"",""valid_date"":""2023-11-21""}",bitemporal_version_31e892d8d8cff9b59e635067,bitemporal_version_3963ca3292cdcdafe2bdf817,True,OPPORTUNITY_ADDED,OPPORTUNITY_ADDED,PASS,True
"{""attribute_name"":""anomaly_level"",""base_stage3a_state_version_id"":""state_version_bff6997616473ba4e2c1e60c"",""cell_id"":""cell_ff5e7be1c6332ee68423a3aa"",""claim_type"":""FORECAST_GEOLOGICAL_CONDITION"",""source_evidence_id"":""doc_d0afc25463d4776277ebb952_e0007"",""source_kind"":""GEOLOGICAL_EVIDENCE"",""state_role"":""DAILY_REVIEW_CELL"",""valid_date"":""2023-11-21""}",bitemporal_version_31e892d8d8cff9b59e635067,bitemporal_version_3963ca3292cdcdafe2bdf817,True,UNCHANGED_EXPRESSIBLE,UNCHANGED_EXPRESSIBLE,PASS,True
"{""attribute_name"":""anomaly_level"",""base_stage3a_state_version_id"":""state_version_bff6997616473ba4e2c1e60c"",""cell_id"":""cell_ff5e7be1c6332ee68423a3aa"",""claim_type"":""FORECAST_GEOLOGICAL_CONDITION"",""source_evidence_id"":""doc_d0afc25463d4776277ebb952_e0008"",""source_kind"":""GEOLOGICAL_EVIDENCE"",""state_role"":""DAILY_REVIEW_CELL"",""valid_date"":""2023-11-21""}",bitemporal_version_31e892d8d8cff9b59e635067,bitemporal_version_3963ca3292cdcdafe2bdf817,True,UNCHANGED_ABSTAIN,UNCHANGED_ABSTAIN,PASS,True
"{""attribute_name"":""geological_conclusion"",""base_stage3a_state_version_id"":""state_version_bff6997616473ba4e2c1e60c"",""cell_id"":""cell_ff5e7be1c6332ee68423a3aa"",""claim_type"":""FORECAST_GEOLOGICAL_CONDITION"",""source_evidence_id"":""doc_62bf6495f3a27bc084947384_e0002"",""source_kind"":""GEOLOGICAL_EVIDENCE"",""state_role"":""DAILY_REVIEW_CELL"",""valid_date"":""2023-11-21""}",bitemporal_version_31e892d8d8cff9b59e635067,bitemporal_version_3963ca3292cdcdafe2bdf817,True,OPPORTUNITY_ADDED,OPPORTUNITY_ADDED,PASS,True
"{""attribute_name"":""geological_conclusion"",""base_stage3a_state_version_id"":""state_version_bff6997616473ba4e2c1e60c"",""cell_id"":""cell_ff5e7be1c6332ee68423a3aa"",""claim_type"":""FORECAST_GEOLOGICAL_CONDITION"",""source_evidence_id"":""doc_d0afc25463d4776277ebb952_e0007"",""source_kind"":""GEOLOGICAL_EVIDENCE"",""state_role"":""DAILY_REVIEW_CELL"",""valid_date"":""2023-11-21""}",bitemporal_version_31e892d8d8cff9b59e635067,bitemporal_version_3963ca3292cdcdafe2bdf817,True,UNCHANGED_EXPRESSIBLE,UNCHANGED_EXPRESSIBLE,PASS,True
"{""attribute_name"":""geological_conclusion"",""base_stage3a_state_version_id"":""state_version_bff6997616473ba4e2c1e60c"",""cell_id"":""cell_ff5e7be1c6332ee68423a3aa"",""claim_type"":""FORECAST_GEOLOGICAL_CONDITION"",""source_evidence_id"":""doc_d0afc25463d4776277ebb952_e0008"",""source_kind"":""GEOLOGICAL_EVIDENCE"",""state_role"":""DAILY_REVIEW_CELL"",""valid_date"":""2023-11-21""}",bitemporal_version_31e892d8d8cff9b59e635067,bitemporal_version_3963ca3292cdcdafe2bdf817,True,UNCHANGED_EXPRESSIBLE,UNCHANGED_EXPRESSIBLE,PASS,True
"{""attribute_name"":""geological_description"",""base_stage3a_state_version_id"":""state_version_bff6997616473ba4e2c1e60c"",""cell_id"":""cell_ff5e7be1c6332ee68423a3aa"",""claim_type"":""OBSERVED_GEOLOGICAL_CONDITION"",""source_evidence_id"":""doc_62bf6495f3a27bc084947384_e0001"",""source_kind"":""GEOLOGICAL_EVIDENCE"",""state_role"":""DAILY_REVIEW_CELL"",""valid_date"":""2023-11-21""}",bitemporal_version_31e892d8d8cff9b59e635067,bitemporal_version_3963ca3292cdcdafe2bdf817,True,OPPORTUNITY_ADDED,OPPORTUNITY_ADDED,PASS,True
"{""attribute_name"":""joint_development"",""base_stage3a_state_version_id"":""state_version_bff6997616473ba4e2c1e60c"",""cell_id"":""cell_ff5e7be1c6332ee68423a3aa"",""claim_type"":""FORECAST_GEOLOGICAL_CONDITION"",""source_evidence_id"":""doc_62bf6495f3a27bc084947384_e0002"",""source_kind"":""GEOLOGICAL_EVIDENCE"",""state_role"":""DAILY_REVIEW_CELL"",""valid_date"":""2023-11-21""}",bitemporal_version_31e892d8d8cff9b59e635067,bitemporal_version_3963ca3292cdcdafe2bdf817,True,OPPORTUNITY_ADDED,OPPORTUNITY_ADDED,PASS,True
"{""attribute_name"":""joint_development"",""base_stage3a_state_version_id"":""state_version_bff6997616473ba4e2c1e60c"",""cell_id"":""cell_ff5e7be1c6332ee68423a3aa"",""claim_type"":""FORECAST_GEOLOGICAL_CONDITION"",""source_evidence_id"":""doc_d0afc25463d4776277ebb952_e0007"",""source_kind"":""GEOLOGICAL_EVIDENCE"",""state_role"":""DAILY_REVIEW_CELL"",""valid_date"":""2023-11-21""}",bitemporal_version_31e892d8d8cff9b59e635067,bitemporal_version_3963ca3292cdcdafe2bdf817,True,UNCHANGED_EXPRESSIBLE,UNCHANGED_EXPRESSIBLE,PASS,True
"{""attribute_name"":""joint_development"",""base_stage3a_state_version_id"":""state_version_bff6997616473ba4e2c1e60c"",""cell_id"":""cell_ff5e7be1c6332ee68423a3aa"",""claim_type"":""FORECAST_GEOLOGICAL_CONDITION"",""source_evidence_id"":""doc_d0afc25463d4776277ebb952_e0008"",""source_kind"":""GEOLOGICAL_EVIDENCE"",""state_role"":""DAILY_REVIEW_CELL"",""valid_date"":""2023-11-21""}",bitemporal_version_31e892d8d8cff9b59e635067,bitemporal_version_3963ca3292cdcdafe2bdf817,True,UNCHANGED_EXPRESSIBLE,UNCHANGED_EXPRESSIBLE,PASS,True
"{""attribute_name"":""lithology"",""base_stage3a_state_version_id"":""state_version_bff6997616473ba4e2c1e60c"",""cell_id"":""cell_ff5e7be1c6332ee68423a3aa"",""claim_type"":""FORECAST_GEOLOGICAL_CONDITION"",""source_evidence_id"":""doc_62bf6495f3a27bc084947384_e0002"",""source_kind"":""GEOLOGICAL_EVIDENCE"",""state_role"":""DAILY_REVIEW_CELL"",""valid_date"":""2023-11-21""}",bitemporal_version_31e892d8d8cff9b59e635067,bitemporal_version_3963ca3292cdcdafe2bdf817,True,OPPORTUNITY_ADDED,OPPORTUNITY_ADDED,PASS,True
"{""attribute_name"":""lithology"",""base_stage3a_state_version_id"":""state_version_bff6997616473ba4e2c1e60c"",""cell_id"":""cell_ff5e7be1c6332ee68423a3aa"",""claim_type"":""FORECAST_GEOLOGICAL_CONDITION"",""source_evidence_id"":""doc_d0afc25463d4776277ebb952_e0007"",""source_kind"":""GEOLOGICAL_EVIDENCE"",""state_role"":""DAILY_REVIEW_CELL"",""valid_date"":""2023-11-21""}",bitemporal_version_31e892d8d8cff9b59e635067,bitemporal_version_3963ca3292cdcdafe2bdf817,True,UNCHANGED_EXPRESSIBLE,UNCHANGED_EXPRESSIBLE,PASS,True
"{""attribute_name"":""lithology"",""base_stage3a_state_version_id"":""state_version_bff6997616473ba4e2c1e60c"",""cell_id"":""cell_ff5e7be1c6332ee68423a3aa"",""claim_type"":""FORECAST_GEOLOGICAL_CONDITION"",""source_evidence_id"":""doc_d0afc25463d4776277ebb952_e0008"",""source_kind"":""GEOLOGICAL_EVIDENCE"",""state_role"":""DAILY_REVIEW_CELL"",""valid_date"":""2023-11-21""}",bitemporal_version_31e892d8d8cff9b59e635067,bitemporal_version_3963ca3292cdcdafe2bdf817,True,UNCHANGED_EXPRESSIBLE,UNCHANGED_EXPRESSIBLE,PASS,True
"{""attribute_name"":""lithology"",""base_stage3a_state_version_id"":""state_version_bff6997616473ba4e2c1e60c"",""cell_id"":""cell_ff5e7be1c6332ee68423a3aa"",""claim_type"":""OBSERVED_GEOLOGICAL_CONDITION"",""source_evidence_id"":""doc_62bf6495f3a27bc084947384_e0001"",""source_kind"":""GEOLOGICAL_EVIDENCE"",""state_role"":""DAILY_REVIEW_CELL"",""valid_date"":""2023-11-21""}",bitemporal_version_31e892d8d8cff9b59e635067,bitemporal_version_3963ca3292cdcdafe2bdf817,True,OPPORTUNITY_ADDED,OPPORTUNITY_ADDED,PASS,True
"{""attribute_name"":""risk_hint"",""base_stage3a_state_version_id"":""state_version_bff6997616473ba4e2c1e60c"",""cell_id"":""cell_ff5e7be1c6332ee68423a3aa"",""claim_type"":""FORECAST_GEOLOGICAL_CONDITION"",""source_evidence_id"":""doc_62bf6495f3a27bc084947384_e0002"",""source_kind"":""GEOLOGICAL_EVIDENCE"",""state_role"":""DAILY_REVIEW_CELL"",""valid_date"":""2023-11-21""}",bitemporal_version_31e892d8d8cff9b59e635067,bitemporal_version_3963ca3292cdcdafe2bdf817,True,OPPORTUNITY_ADDED,OPPORTUNITY_ADDED,PASS,True
"{""attribute_name"":""risk_hint"",""base_stage3a_state_version_id"":""state_version_bff6997616473ba4e2c1e60c"",""cell_id"":""cell_ff5e7be1c6332ee68423a3aa"",""claim_type"":""FORECAST_GEOLOGICAL_CONDITION"",""source_evidence_id"":""doc_d0afc25463d4776277ebb952_e0007"",""source_kind"":""GEOLOGICAL_EVIDENCE"",""state_role"":""DAILY_REVIEW_CELL"",""valid_date"":""2023-11-21""}",bitemporal_version_31e892d8d8cff9b59e635067,bitemporal_version_3963ca3292cdcdafe2bdf817,True,UNCHANGED_EXPRESSIBLE,UNCHANGED_EXPRESSIBLE,PASS,True
"{""attribute_name"":""risk_hint"",""base_stage3a_state_version_id"":""state_version_bff6997616473ba4e2c1e60c"",""cell_id"":""cell_ff5e7be1c6332ee68423a3aa"",""claim_type"":""FORECAST_GEOLOGICAL_CONDITION"",""source_evidence_id"":""doc_d0afc25463d4776277ebb952_e0008"",""source_kind"":""GEOLOGICAL_EVIDENCE"",""state_role"":""DAILY_REVIEW_CELL"",""valid_date"":""2023-11-21""}",bitemporal_version_31e892d8d8cff9b59e635067,bitemporal_version_3963ca3292cdcdafe2bdf817,True,UNCHANGED_ABSTAIN,UNCHANGED_ABSTAIN,PASS,True
"{""attribute_name"":""rock_mass_state"",""base_stage3a_state_version_id"":""state_version_bff6997616473ba4e2c1e60c"",""cell_id"":""cell_ff5e7be1c6332ee68423a3aa"",""claim_type"":""FORECAST_GEOLOGICAL_CONDITION"",""source_evidence_id"":""doc_62bf6495f3a27bc084947384_e0002"",""source_kind"":""GEOLOGICAL_EVIDENCE"",""state_role"":""DAILY_REVIEW_CELL"",""valid_date"":""2023-11-21""}",bitemporal_version_31e892d8d8cff9b59e635067,bitemporal_version_3963ca3292cdcdafe2bdf817,True,OPPORTUNITY_ADDED,OPPORTUNITY_ADDED,PASS,True
"{""attribute_name"":""rock_mass_state"",""base_stage3a_state_version_id"":""state_version_bff6997616473ba4e2c1e60c"",""cell_id"":""cell_ff5e7be1c6332ee68423a3aa"",""claim_type"":""FORECAST_GEOLOGICAL_CONDITION"",""source_evidence_id"":""doc_d0afc25463d4776277ebb952_e0007"",""source_kind"":""GEOLOGICAL_EVIDENCE"",""state_role"":""DAILY_REVIEW_CELL"",""valid_date"":""2023-11-21""}",bitemporal_version_31e892d8d8cff9b59e635067,bitemporal_version_3963ca3292cdcdafe2bdf817,True,UNCHANGED_EXPRESSIBLE,UNCHANGED_EXPRESSIBLE,PASS,True
"{""attribute_name"":""rock_mass_state"",""base_stage3a_state_version_id"":""state_version_bff6997616473ba4e2c1e60c"",""cell_id"":""cell_ff5e7be1c6332ee68423a3aa"",""claim_type"":""FORECAST_GEOLOGICAL_CONDITION"",""source_evidence_id"":""doc_d0afc25463d4776277ebb952_e0008"",""source_kind"":""GEOLOGICAL_EVIDENCE"",""state_role"":""DAILY_REVIEW_CELL"",""valid_date"":""2023-11-21""}",bitemporal_version_31e892d8d8cff9b59e635067,bitemporal_version_3963ca3292cdcdafe2bdf817,True,UNCHANGED_EXPRESSIBLE,UNCHANGED_EXPRESSIBLE,PASS,True
"{""attribute_name"":""rock_mass_state"",""base_stage3a_state_version_id"":""state_version_bff6997616473ba4e2c1e60c"",""cell_id"":""cell_ff5e7be1c6332ee68423a3aa"",""claim_type"":""OBSERVED_GEOLOGICAL_CONDITION"",""source_evidence_id"":""doc_62bf6495f3a27bc084947384_e0001"",""source_kind"":""GEOLOGICAL_EVIDENCE"",""state_role"":""DAILY_REVIEW_CELL"",""valid_date"":""2023-11-21""}",bitemporal_version_31e892d8d8cff9b59e635067,bitemporal_version_3963ca3292cdcdafe2bdf817,True,OPPORTUNITY_ADDED,OPPORTUNITY_ADDED,PASS,True
"{""attribute_name"":""suggested_grade"",""base_stage3a_state_version_id"":""state_version_bff6997616473ba4e2c1e60c"",""cell_id"":""cell_ff5e7be1c6332ee68423a3aa"",""claim_type"":""FORECAST_GEOLOGICAL_CONDITION"",""source_evidence_id"":""doc_62bf6495f3a27bc084947384_e0002"",""source_kind"":""GEOLOGICAL_EVIDENCE"",""state_role"":""DAILY_REVIEW_CELL"",""valid_date"":""2023-11-21""}",bitemporal_version_31e892d8d8cff9b59e635067,bitemporal_version_3963ca3292cdcdafe2bdf817,True,OPPORTUNITY_ADDED,OPPORTUNITY_ADDED,PASS,True
"{""attribute_name"":""suggested_grade"",""base_stage3a_state_version_id"":""state_version_bff6997616473ba4e2c1e60c"",""cell_id"":""cell_ff5e7be1c6332ee68423a3aa"",""claim_type"":""FORECAST_GEOLOGICAL_CONDITION"",""source_evidence_id"":""doc_d0afc25463d4776277ebb952_e0007"",""source_kind"":""GEOLOGICAL_EVIDENCE"",""state_role"":""DAILY_REVIEW_CELL"",""valid_date"":""2023-11-21""}",bitemporal_version_31e892d8d8cff9b59e635067,bitemporal_version_3963ca3292cdcdafe2bdf817,True,UNCHANGED_EXPRESSIBLE,UNCHANGED_EXPRESSIBLE,PASS,True
"{""attribute_name"":""suggested_grade"",""base_stage3a_state_version_id"":""state_version_bff6997616473ba4e2c1e60c"",""cell_id"":""cell_ff5e7be1c6332ee68423a3aa"",""claim_type"":""FORECAST_GEOLOGICAL_CONDITION"",""source_evidence_id"":""doc_d0afc25463d4776277ebb952_e0008"",""source_kind"":""GEOLOGICAL_EVIDENCE"",""state_role"":""DAILY_REVIEW_CELL"",""valid_date"":""2023-11-21""}",bitemporal_version_31e892d8d8cff9b59e635067,bitemporal_version_3963ca3292cdcdafe2bdf817,True,UNCHANGED_EXPRESSIBLE,UNCHANGED_EXPRESSIBLE,PASS,True
"{""attribute_name"":""weathering"",""base_stage3a_state_version_id"":""state_version_bff6997616473ba4e2c1e60c"",""cell_id"":""cell_ff5e7be1c6332ee68423a3aa"",""claim_type"":""FORECAST_GEOLOGICAL_CONDITION"",""source_evidence_id"":""doc_62bf6495f3a27bc084947384_e0002"",""source_kind"":""GEOLOGICAL_EVIDENCE"",""state_role"":""DAILY_REVIEW_CELL"",""valid_date"":""2023-11-21""}",bitemporal_version_31e892d8d8cff9b59e635067,bitemporal_version_3963ca3292cdcdafe2bdf817,True,OPPORTUNITY_ADDED,OPPORTUNITY_ADDED,PASS,True
"{""attribute_name"":""weathering"",""base_stage3a_state_version_id"":""state_version_bff6997616473ba4e2c1e60c"",""cell_id"":""cell_ff5e7be1c6332ee68423a3aa"",""claim_type"":""FORECAST_GEOLOGICAL_CONDITION"",""source_evidence_id"":""doc_d0afc25463d4776277ebb952_e0007"",""source_kind"":""GEOLOGICAL_EVIDENCE"",""state_role"":""DAILY_REVIEW_CELL"",""valid_date"":""2023-11-21""}",bitemporal_version_31e892d8d8cff9b59e635067,bitemporal_version_3963ca3292cdcdafe2bdf817,True,UNCHANGED_EXPRESSIBLE,UNCHANGED_EXPRESSIBLE,PASS,True
"{""attribute_name"":""weathering"",""base_stage3a_state_version_id"":""state_version_bff6997616473ba4e2c1e60c"",""cell_id"":""cell_ff5e7be1c6332ee68423a3aa"",""claim_type"":""FORECAST_GEOLOGICAL_CONDITION"",""source_evidence_id"":""doc_d0afc25463d4776277ebb952_e0008"",""source_kind"":""GEOLOGICAL_EVIDENCE"",""state_role"":""DAILY_REVIEW_CELL"",""valid_date"":""2023-11-21""}",bitemporal_version_31e892d8d8cff9b59e635067,bitemporal_version_3963ca3292cdcdafe2bdf817,True,UNCHANGED_EXPRESSIBLE,UNCHANGED_EXPRESSIBLE,PASS,True
"{""attribute_name"":""weathering"",""base_stage3a_state_version_id"":""state_version_bff6997616473ba4e2c1e60c"",""cell_id"":""cell_ff5e7be1c6332ee68423a3aa"",""claim_type"":""OBSERVED_GEOLOGICAL_CONDITION"",""source_evidence_id"":""doc_62bf6495f3a27bc084947384_e0001"",""source_kind"":""GEOLOGICAL_EVIDENCE"",""state_role"":""DAILY_REVIEW_CELL"",""valid_date"":""2023-11-21""}",bitemporal_version_31e892d8d8cff9b59e635067,bitemporal_version_3963ca3292cdcdafe2bdf817,True,OPPORTUNITY_ADDED,OPPORTUNITY_ADDED,PASS,True
"{""base_stage3a_state_version_id"":""state_version_bff6997616473ba4e2c1e60c"",""cell_id"":""cell_ff5e7be1c6332ee68423a3aa"",""claim_type"":""COUPLED_ATTENTION_REVIEW"",""metric_name"":""GRCI"",""source_kind"":""STATE_GRCI"",""state_role"":""DAILY_REVIEW_CELL"",""valid_date"":""2023-11-21""}",bitemporal_version_31e892d8d8cff9b59e635067,bitemporal_version_3963ca3292cdcdafe2bdf817,True,RESOLVED_SUPPORT_CHANGED,RESOLVED_SUPPORT_CHANGED,PASS,True
"{""base_stage3a_state_version_id"":""state_version_bff6997616473ba4e2c1e60c"",""cell_id"":""cell_ff5e7be1c6332ee68423a3aa"",""claim_type"":""GEOLOGICAL_EVIDENCE_ATTENTION_REVIEW"",""metric_name"":""GRS"",""source_kind"":""STATE_GRS"",""state_role"":""DAILY_REVIEW_CELL"",""valid_date"":""2023-11-21""}",bitemporal_version_31e892d8d8cff9b59e635067,bitemporal_version_3963ca3292cdcdafe2bdf817,True,RESOLVED_SUPPORT_CHANGED,RESOLVED_SUPPORT_CHANGED,PASS,True
"{""base_stage3a_state_version_id"":""state_version_bff6997616473ba4e2c1e60c"",""cell_id"":""cell_ff5e7be1c6332ee68423a3aa"",""claim_type"":""OPERATIONAL_RESPONSE_ATTENTION"",""metric_name"":""RAI"",""source_kind"":""STATE_RAI"",""state_role"":""DAILY_REVIEW_CELL"",""valid_date"":""2023-11-21""}",bitemporal_version_31e892d8d8cff9b59e635067,bitemporal_version_3963ca3292cdcdafe2bdf817,True,UNCHANGED_EXPRESSIBLE,UNCHANGED_EXPRESSIBLE,PASS,True
"{""attribute_name"":""anomaly_level"",""base_stage3a_state_version_id"":""state_version_eb212ddb965b21a89543001f"",""cell_id"":""cell_a7a9faa90556b5f0054f0fd0"",""claim_type"":""FORECAST_GEOLOGICAL_CONDITION"",""source_evidence_id"":""doc_042ef22be43ba006975946e2_e0002"",""source_kind"":""GEOLOGICAL_EVIDENCE"",""state_role"":""DAILY_REVIEW_CELL"",""valid_date"":""2023-09-22""}",bitemporal_version_b80fc9058f82768576705a0c,bitemporal_version_3b61ba040c33594ef18e9eca,True,OPPORTUNITY_ADDED,OPPORTUNITY_ADDED,PASS,True
"{""attribute_name"":""anomaly_level"",""base_stage3a_state_version_id"":""state_version_eb212ddb965b21a89543001f"",""cell_id"":""cell_a7a9faa90556b5f0054f0fd0"",""claim_type"":""FORECAST_GEOLOGICAL_CONDITION"",""source_evidence_id"":""doc_56a4057acb6bbfd5196d07a6_e0005"",""source_kind"":""GEOLOGICAL_EVIDENCE"",""state_role"":""DAILY_REVIEW_CELL"",""valid_date"":""2023-09-22""}",bitemporal_version_b80fc9058f82768576705a0c,bitemporal_version_3b61ba040c33594ef18e9eca,True,UNCHANGED_EXPRESSIBLE,UNCHANGED_EXPRESSIBLE,PASS,True
"{""attribute_name"":""geological_conclusion"",""base_stage3a_state_version_id"":""state_version_eb212ddb965b21a89543001f"",""cell_id"":""cell_a7a9faa90556b5f0054f0fd0"",""claim_type"":""FORECAST_GEOLOGICAL_CONDITION"",""source_evidence_id"":""doc_042ef22be43ba006975946e2_e0002"",""source_kind"":""GEOLOGICAL_EVIDENCE"",""state_role"":""DAILY_REVIEW_CELL"",""valid_date"":""2023-09-22""}",bitemporal_version_b80fc9058f82768576705a0c,bitemporal_version_3b61ba040c33594ef18e9eca,True,OPPORTUNITY_ADDED,OPPORTUNITY_ADDED,PASS,True
"{""attribute_name"":""geological_conclusion"",""base_stage3a_state_version_id"":""state_version_eb212ddb965b21a89543001f"",""cell_id"":""cell_a7a9faa90556b5f0054f0fd0"",""claim_type"":""FORECAST_GEOLOGICAL_CONDITION"",""source_evidence_id"":""doc_56a4057acb6bbfd5196d07a6_e0005"",""source_kind"":""GEOLOGICAL_EVIDENCE"",""state_role"":""DAILY_REVIEW_CELL"",""valid_date"":""2023-09-22""}",bitemporal_version_b80fc9058f82768576705a0c,bitemporal_version_3b61ba040c33594ef18e9eca,True,UNCHANGED_EXPRESSIBLE,UNCHANGED_EXPRESSIBLE,PASS,True
"{""attribute_name"":""geological_description"",""base_stage3a_state_version_id"":""state_version_eb212ddb965b21a89543001f"",""cell_id"":""cell_a7a9faa90556b5f0054f0fd0"",""claim_type"":""OBSERVED_GEOLOGICAL_CONDITION"",""source_evidence_id"":""doc_042ef22be43ba006975946e2_e0001"",""source_kind"":""GEOLOGICAL_EVIDENCE"",""state_role"":""DAILY_REVIEW_CELL"",""valid_date"":""2023-09-22""}",bitemporal_version_b80fc9058f82768576705a0c,bitemporal_version_3b61ba040c33594ef18e9eca,True,OPPORTUNITY_ADDED,OPPORTUNITY_ADDED,PASS,True
"{""attribute_name"":""joint_development"",""base_stage3a_state_version_id"":""state_version_eb212ddb965b21a89543001f"",""cell_id"":""cell_a7a9faa90556b5f0054f0fd0"",""claim_type"":""FORECAST_GEOLOGICAL_CONDITION"",""source_evidence_id"":""doc_042ef22be43ba006975946e2_e0002"",""source_kind"":""GEOLOGICAL_EVIDENCE"",""state_role"":""DAILY_REVIEW_CELL"",""valid_date"":""2023-09-22""}",bitemporal_version_b80fc9058f82768576705a0c,bitemporal_version_3b61ba040c33594ef18e9eca,True,OPPORTUNITY_ADDED,OPPORTUNITY_ADDED,PASS,True
"{""attribute_name"":""joint_development"",""base_stage3a_state_version_id"":""state_version_eb212ddb965b21a89543001f"",""cell_id"":""cell_a7a9faa90556b5f0054f0fd0"",""claim_type"":""FORECAST_GEOLOGICAL_CONDITION"",""source_evidence_id"":""doc_56a4057acb6bbfd5196d07a6_e0005"",""source_kind"":""GEOLOGICAL_EVIDENCE"",""state_role"":""DAILY_REVIEW_CELL"",""valid_date"":""2023-09-22""}",bitemporal_version_b80fc9058f82768576705a0c,bitemporal_version_3b61ba040c33594ef18e9eca,True,UNCHANGED_EXPRESSIBLE,UNCHANGED_EXPRESSIBLE,PASS,True
"{""attribute_name"":""lithology"",""base_stage3a_state_version_id"":""state_version_eb212ddb965b21a89543001f"",""cell_id"":""cell_a7a9faa90556b5f0054f0fd0"",""claim_type"":""FORECAST_GEOLOGICAL_CONDITION"",""source_evidence_id"":""doc_042ef22be43ba006975946e2_e0002"",""source_kind"":""GEOLOGICAL_EVIDENCE"",""state_role"":""DAILY_REVIEW_CELL"",""valid_date"":""2023-09-22""}",bitemporal_version_b80fc9058f82768576705a0c,bitemporal_version_3b61ba040c33594ef18e9eca,True,OPPORTUNITY_ADDED,OPPORTUNITY_ADDED,PASS,True
"{""attribute_name"":""lithology"",""base_stage3a_state_version_id"":""state_version_eb212ddb965b21a89543001f"",""cell_id"":""cell_a7a9faa90556b5f0054f0fd0"",""claim_type"":""FORECAST_GEOLOGICAL_CONDITION"",""source_evidence_id"":""doc_56a4057acb6bbfd5196d07a6_e0005"",""source_kind"":""GEOLOGICAL_EVIDENCE"",""state_role"":""DAILY_REVIEW_CELL"",""valid_date"":""2023-09-22""}",bitemporal_version_b80fc9058f82768576705a0c,bitemporal_version_3b61ba040c33594ef18e9eca,True,UNCHANGED_EXPRESSIBLE,UNCHANGED_EXPRESSIBLE,PASS,True
"{""attribute_name"":""lithology"",""base_stage3a_state_version_id"":""state_version_eb212ddb965b21a89543001f"",""cell_id"":""cell_a7a9faa90556b5f0054f0fd0"",""claim_type"":""OBSERVED_GEOLOGICAL_CONDITION"",""source_evidence_id"":""doc_042ef22be43ba006975946e2_e0001"",""source_kind"":""GEOLOGICAL_EVIDENCE"",""state_role"":""DAILY_REVIEW_CELL"",""valid_date"":""2023-09-22""}",bitemporal_version_b80fc9058f82768576705a0c,bitemporal_version_3b61ba040c33594ef18e9eca,True,OPPORTUNITY_ADDED,OPPORTUNITY_ADDED,PASS,True
"{""attribute_name"":""risk_hint"",""base_stage3a_state_version_id"":""state_version_eb212ddb965b21a89543001f"",""cell_id"":""cell_a7a9faa90556b5f0054f0fd0"",""claim_type"":""FORECAST_GEOLOGICAL_CONDITION"",""source_evidence_id"":""doc_042ef22be43ba006975946e2_e0002"",""source_kind"":""GEOLOGICAL_EVIDENCE"",""state_role"":""DAILY_REVIEW_CELL"",""valid_date"":""2023-09-22""}",bitemporal_version_b80fc9058f82768576705a0c,bitemporal_version_3b61ba040c33594ef18e9eca,True,OPPORTUNITY_ADDED,OPPORTUNITY_ADDED,PASS,True
"{""attribute_name"":""risk_hint"",""base_stage3a_state_version_id"":""state_version_eb212ddb965b21a89543001f"",""cell_id"":""cell_a7a9faa90556b5f0054f0fd0"",""claim_type"":""FORECAST_GEOLOGICAL_CONDITION"",""source_evidence_id"":""doc_56a4057acb6bbfd5196d07a6_e0005"",""source_kind"":""GEOLOGICAL_EVIDENCE"",""state_role"":""DAILY_REVIEW_CELL"",""valid_date"":""2023-09-22""}",bitemporal_version_b80fc9058f82768576705a0c,bitemporal_version_3b61ba040c33594ef18e9eca,True,UNCHANGED_EXPRESSIBLE,UNCHANGED_EXPRESSIBLE,PASS,True
"{""attribute_name"":""rock_mass_state"",""base_stage3a_state_version_id"":""state_version_eb212ddb965b21a89543001f"",""cell_id"":""cell_a7a9faa90556b5f0054f0fd0"",""claim_type"":""FORECAST_GEOLOGICAL_CONDITION"",""source_evidence_id"":""doc_042ef22be43ba006975946e2_e0002"",""source_kind"":""GEOLOGICAL_EVIDENCE"",""state_role"":""DAILY_REVIEW_CELL"",""valid_date"":""2023-09-22""}",bitemporal_version_b80fc9058f82768576705a0c,bitemporal_version_3b61ba040c33594ef18e9eca,True,OPPORTUNITY_ADDED,OPPORTUNITY_ADDED,PASS,True
"{""attribute_name"":""rock_mass_state"",""base_stage3a_state_version_id"":""state_version_eb212ddb965b21a89543001f"",""cell_id"":""cell_a7a9faa90556b5f0054f0fd0"",""claim_type"":""FORECAST_GEOLOGICAL_CONDITION"",""source_evidence_id"":""doc_56a4057acb6bbfd5196d07a6_e0005"",""source_kind"":""GEOLOGICAL_EVIDENCE"",""state_role"":""DAILY_REVIEW_CELL"",""valid_date"":""2023-09-22""}",bitemporal_version_b80fc9058f82768576705a0c,bitemporal_version_3b61ba040c33594ef18e9eca,True,UNCHANGED_EXPRESSIBLE,UNCHANGED_EXPRESSIBLE,PASS,True
"{""attribute_name"":""rock_mass_state"",""base_stage3a_state_version_id"":""state_version_eb212ddb965b21a89543001f"",""cell_id"":""cell_a7a9faa90556b5f0054f0fd0"",""claim_type"":""OBSERVED_GEOLOGICAL_CONDITION"",""source_evidence_id"":""doc_042ef22be43ba006975946e2_e0001"",""source_kind"":""GEOLOGICAL_EVIDENCE"",""state_role"":""DAILY_REVIEW_CELL"",""valid_date"":""2023-09-22""}",bitemporal_version_b80fc9058f82768576705a0c,bitemporal_version_3b61ba040c33594ef18e9eca,True,OPPORTUNITY_ADDED,OPPORTUNITY_ADDED,PASS,True
"{""attribute_name"":""suggested_grade"",""base_stage3a_state_version_id"":""state_version_eb212ddb965b21a89543001f"",""cell_id"":""cell_a7a9faa90556b5f0054f0fd0"",""claim_type"":""FORECAST_GEOLOGICAL_CONDITION"",""source_evidence_id"":""doc_042ef22be43ba006975946e2_e0002"",""source_kind"":""GEOLOGICAL_EVIDENCE"",""state_role"":""DAILY_REVIEW_CELL"",""valid_date"":""2023-09-22""}",bitemporal_version_b80fc9058f82768576705a0c,bitemporal_version_3b61ba040c33594ef18e9eca,True,OPPORTUNITY_ADDED,OPPORTUNITY_ADDED,PASS,True
"{""attribute_name"":""suggested_grade"",""base_stage3a_state_version_id"":""state_version_eb212ddb965b21a89543001f"",""cell_id"":""cell_a7a9faa90556b5f0054f0fd0"",""claim_type"":""FORECAST_GEOLOGICAL_CONDITION"",""source_evidence_id"":""doc_56a4057acb6bbfd5196d07a6_e0005"",""source_kind"":""GEOLOGICAL_EVIDENCE"",""state_role"":""DAILY_REVIEW_CELL"",""valid_date"":""2023-09-22""}",bitemporal_version_b80fc9058f82768576705a0c,bitemporal_version_3b61ba040c33594ef18e9eca,True,UNCHANGED_EXPRESSIBLE,UNCHANGED_EXPRESSIBLE,PASS,True
"{""attribute_name"":""weathering"",""base_stage3a_state_version_id"":""state_version_eb212ddb965b21a89543001f"",""cell_id"":""cell_a7a9faa90556b5f0054f0fd0"",""claim_type"":""FORECAST_GEOLOGICAL_CONDITION"",""source_evidence_id"":""doc_042ef22be43ba006975946e2_e0002"",""source_kind"":""GEOLOGICAL_EVIDENCE"",""state_role"":""DAILY_REVIEW_CELL"",""valid_date"":""2023-09-22""}",bitemporal_version_b80fc9058f82768576705a0c,bitemporal_version_3b61ba040c33594ef18e9eca,True,OPPORTUNITY_ADDED,OPPORTUNITY_ADDED,PASS,True
"{""attribute_name"":""weathering"",""base_stage3a_state_version_id"":""state_version_eb212ddb965b21a89543001f"",""cell_id"":""cell_a7a9faa90556b5f0054f0fd0"",""claim_type"":""FORECAST_GEOLOGICAL_CONDITION"",""source_evidence_id"":""doc_56a4057acb6bbfd5196d07a6_e0005"",""source_kind"":""GEOLOGICAL_EVIDENCE"",""state_role"":""DAILY_REVIEW_CELL"",""valid_date"":""2023-09-22""}",bitemporal_version_b80fc9058f82768576705a0c,bitemporal_version_3b61ba040c33594ef18e9eca,True,UNCHANGED_EXPRESSIBLE,UNCHANGED_EXPRESSIBLE,PASS,True
"{""attribute_name"":""weathering"",""base_stage3a_state_version_id"":""state_version_eb212ddb965b21a89543001f"",""cell_id"":""cell_a7a9faa90556b5f0054f0fd0"",""claim_type"":""OBSERVED_GEOLOGICAL_CONDITION"",""source_evidence_id"":""doc_042ef22be43ba006975946e2_e0001"",""source_kind"":""GEOLOGICAL_EVIDENCE"",""state_role"":""DAILY_REVIEW_CELL"",""valid_date"":""2023-09-22""}",bitemporal_version_b80fc9058f82768576705a0c,bitemporal_version_3b61ba040c33594ef18e9eca,True,OPPORTUNITY_ADDED,OPPORTUNITY_ADDED,PASS,True
"{""base_stage3a_state_version_id"":""state_version_eb212ddb965b21a89543001f"",""cell_id"":""cell_a7a9faa90556b5f0054f0fd0"",""claim_type"":""COUPLED_ATTENTION_REVIEW"",""metric_name"":""GRCI"",""source_kind"":""STATE_GRCI"",""state_role"":""DAILY_REVIEW_CELL"",""valid_date"":""2023-09-22""}",bitemporal_version_b80fc9058f82768576705a0c,bitemporal_version_3b61ba040c33594ef18e9eca,True,UNCHANGED_ABSTAIN,UNCHANGED_ABSTAIN,PASS,True
"{""base_stage3a_state_version_id"":""state_version_eb212ddb965b21a89543001f"",""cell_id"":""cell_a7a9faa90556b5f0054f0fd0"",""claim_type"":""GEOLOGICAL_EVIDENCE_ATTENTION_REVIEW"",""metric_name"":""GRS"",""source_kind"":""STATE_GRS"",""state_role"":""DAILY_REVIEW_CELL"",""valid_date"":""2023-09-22""}",bitemporal_version_b80fc9058f82768576705a0c,bitemporal_version_3b61ba040c33594ef18e9eca,True,RESOLVED_SUPPORT_CHANGED,RESOLVED_SUPPORT_CHANGED,PASS,True
"{""base_stage3a_state_version_id"":""state_version_eb212ddb965b21a89543001f"",""cell_id"":""cell_a7a9faa90556b5f0054f0fd0"",""claim_type"":""OPERATIONAL_RESPONSE_ATTENTION"",""metric_name"":""RAI"",""source_kind"":""STATE_RAI"",""state_role"":""DAILY_REVIEW_CELL"",""valid_date"":""2023-09-22""}",bitemporal_version_b80fc9058f82768576705a0c,bitemporal_version_3b61ba040c33594ef18e9eca,True,UNCHANGED_ABSTAIN,UNCHANGED_ABSTAIN,PASS,True
"{""attribute_name"":""anomaly_level"",""base_stage3a_state_version_id"":""state_version_2daf8acff7d8b325d46952de"",""cell_id"":""cell_ca66aa453029b41218d86f55"",""claim_type"":""FORECAST_GEOLOGICAL_CONDITION"",""source_evidence_id"":""doc_c03e80c9fabf17e0b238ec9a_e0003"",""source_kind"":""GEOLOGICAL_EVIDENCE"",""state_role"":""FORWARD_ATTENTION_CELL"",""valid_date"":""2023-10-11""}",bitemporal_version_10a6d131ec0d244b3c9bc813,bitemporal_version_3df07594bf06f2cfbcd1fbe8,True,OPPORTUNITY_ADDED,OPPORTUNITY_ADDED,PASS,True
"{""attribute_name"":""geological_conclusion"",""base_stage3a_state_version_id"":""state_version_2daf8acff7d8b325d46952de"",""cell_id"":""cell_ca66aa453029b41218d86f55"",""claim_type"":""FORECAST_GEOLOGICAL_CONDITION"",""source_evidence_id"":""doc_c03e80c9fabf17e0b238ec9a_e0003"",""source_kind"":""GEOLOGICAL_EVIDENCE"",""state_role"":""FORWARD_ATTENTION_CELL"",""valid_date"":""2023-10-11""}",bitemporal_version_10a6d131ec0d244b3c9bc813,bitemporal_version_3df07594bf06f2cfbcd1fbe8,True,OPPORTUNITY_ADDED,OPPORTUNITY_ADDED,PASS,True
"{""attribute_name"":""joint_development"",""base_stage3a_state_version_id"":""state_version_2daf8acff7d8b325d46952de"",""cell_id"":""cell_ca66aa453029b41218d86f55"",""claim_type"":""FORECAST_GEOLOGICAL_CONDITION"",""source_evidence_id"":""doc_c03e80c9fabf17e0b238ec9a_e0003"",""source_kind"":""GEOLOGICAL_EVIDENCE"",""state_role"":""FORWARD_ATTENTION_CELL"",""valid_date"":""2023-10-11""}",bitemporal_version_10a6d131ec0d244b3c9bc813,bitemporal_version_3df07594bf06f2cfbcd1fbe8,True,OPPORTUNITY_ADDED,OPPORTUNITY_ADDED,PASS,True
"{""attribute_name"":""lithology"",""base_stage3a_state_version_id"":""state_version_2daf8acff7d8b325d46952de"",""cell_id"":""cell_ca66aa453029b41218d86f55"",""claim_type"":""FORECAST_GEOLOGICAL_CONDITION"",""source_evidence_id"":""doc_c03e80c9fabf17e0b238ec9a_e0003"",""source_kind"":""GEOLOGICAL_EVIDENCE"",""state_role"":""FORWARD_ATTENTION_CELL"",""valid_date"":""2023-10-11""}",bitemporal_version_10a6d131ec0d244b3c9bc813,bitemporal_version_3df07594bf06f2cfbcd1fbe8,True,OPPORTUNITY_ADDED,OPPORTUNITY_ADDED,PASS,True
"{""attribute_name"":""risk_hint"",""base_stage3a_state_version_id"":""state_version_2daf8acff7d8b325d46952de"",""cell_id"":""cell_ca66aa453029b41218d86f55"",""claim_type"":""FORECAST_GEOLOGICAL_CONDITION"",""source_evidence_id"":""doc_c03e80c9fabf17e0b238ec9a_e0003"",""source_kind"":""GEOLOGICAL_EVIDENCE"",""state_role"":""FORWARD_ATTENTION_CELL"",""valid_date"":""2023-10-11""}",bitemporal_version_10a6d131ec0d244b3c9bc813,bitemporal_version_3df07594bf06f2cfbcd1fbe8,True,OPPORTUNITY_ADDED,OPPORTUNITY_ADDED,PASS,True
"{""attribute_name"":""rock_mass_state"",""base_stage3a_state_version_id"":""state_version_2daf8acff7d8b325d46952de"",""cell_id"":""cell_ca66aa453029b41218d86f55"",""claim_type"":""FORECAST_GEOLOGICAL_CONDITION"",""source_evidence_id"":""doc_c03e80c9fabf17e0b238ec9a_e0003"",""source_kind"":""GEOLOGICAL_EVIDENCE"",""state_role"":""FORWARD_ATTENTION_CELL"",""valid_date"":""2023-10-11""}",bitemporal_version_10a6d131ec0d244b3c9bc813,bitemporal_version_3df07594bf06f2cfbcd1fbe8,True,OPPORTUNITY_ADDED,OPPORTUNITY_ADDED,PASS,True
"{""attribute_name"":""suggested_grade"",""base_stage3a_state_version_id"":""state_version_2daf8acff7d8b325d46952de"",""cell_id"":""cell_ca66aa453029b41218d86f55"",""claim_type"":""FORECAST_GEOLOGICAL_CONDITION"",""source_evidence_id"":""doc_c03e80c9fabf17e0b238ec9a_e0003"",""source_kind"":""GEOLOGICAL_EVIDENCE"",""state_role"":""FORWARD_ATTENTION_CELL"",""valid_date"":""2023-10-11""}",bitemporal_version_10a6d131ec0d244b3c9bc813,bitemporal_version_3df07594bf06f2cfbcd1fbe8,True,OPPORTUNITY_ADDED,OPPORTUNITY_ADDED,PASS,True
"{""attribute_name"":""weathering"",""base_stage3a_state_version_id"":""state_version_2daf8acff7d8b325d46952de"",""cell_id"":""cell_ca66aa453029b41218d86f55"",""claim_type"":""FORECAST_GEOLOGICAL_CONDITION"",""source_evidence_id"":""doc_c03e80c9fabf17e0b238ec9a_e0003"",""source_kind"":""GEOLOGICAL_EVIDENCE"",""state_role"":""FORWARD_ATTENTION_CELL"",""valid_date"":""2023-10-11""}",bitemporal_version_10a6d131ec0d244b3c9bc813,bitemporal_version_3df07594bf06f2cfbcd1fbe8,True,OPPORTUNITY_ADDED,OPPORTUNITY_ADDED,PASS,True
"{""base_stage3a_state_version_id"":""state_version_2daf8acff7d8b325d46952de"",""cell_id"":""cell_ca66aa453029b41218d86f55"",""claim_type"":""FORWARD_GEOLOGICAL_ATTENTION"",""metric_name"":""GRS"",""source_kind"":""STATE_GRS"",""state_role"":""FORWARD_ATTENTION_CELL"",""valid_date"":""2023-10-11""}",bitemporal_version_10a6d131ec0d244b3c9bc813,bitemporal_version_3df07594bf06f2cfbcd1fbe8,True,ABSTAIN_TO_EXPRESSIBLE,ABSTAIN_TO_EXPRESSIBLE,PASS,True
"{""base_stage3a_state_version_id"":""state_version_2daf8acff7d8b325d46952de"",""cell_id"":""cell_ca66aa453029b41218d86f55"",""claim_type"":""OPERATIONAL_RESPONSE_ATTENTION"",""metric_name"":""RAI"",""source_kind"":""STATE_RAI"",""state_role"":""FORWARD_ATTENTION_CELL"",""valid_date"":""2023-10-11""}",bitemporal_version_10a6d131ec0d244b3c9bc813,bitemporal_version_3df07594bf06f2cfbcd1fbe8,True,UNCHANGED_ABSTAIN,UNCHANGED_ABSTAIN,PASS,True
"{""attribute_name"":""anomaly_level"",""base_stage3a_state_version_id"":""state_version_da0a0a6866fd4081dfa4a029"",""cell_id"":""cell_7f60fb415d2265a3f3a9e060"",""claim_type"":""FORECAST_GEOLOGICAL_CONDITION"",""source_evidence_id"":""doc_1bccaf9b3397c0d25601b19d_e0002"",""source_kind"":""GEOLOGICAL_EVIDENCE"",""state_role"":""FORWARD_ATTENTION_CELL"",""valid_date"":""2023-11-28""}",bitemporal_version_d3a220b4d0ca6257cd8a2e17,bitemporal_version_42fcba905c311194b662c06a,True,OPPORTUNITY_ADDED,OPPORTUNITY_ADDED,PASS,True
"{""attribute_name"":""anomaly_level"",""base_stage3a_state_version_id"":""state_version_da0a0a6866fd4081dfa4a029"",""cell_id"":""cell_7f60fb415d2265a3f3a9e060"",""claim_type"":""FORECAST_GEOLOGICAL_CONDITION"",""source_evidence_id"":""doc_1bccaf9b3397c0d25601b19d_e0003"",""source_kind"":""GEOLOGICAL_EVIDENCE"",""state_role"":""FORWARD_ATTENTION_CELL"",""valid_date"":""2023-11-28""}",bitemporal_version_d3a220b4d0ca6257cd8a2e17,bitemporal_version_42fcba905c311194b662c06a,True,OPPORTUNITY_ADDED,OPPORTUNITY_ADDED,PASS,True
"{""attribute_name"":""anomaly_level"",""base_stage3a_state_version_id"":""state_version_da0a0a6866fd4081dfa4a029"",""cell_id"":""cell_7f60fb415d2265a3f3a9e060"",""claim_type"":""FORECAST_GEOLOGICAL_CONDITION"",""source_evidence_id"":""doc_1bccaf9b3397c0d25601b19d_e0004"",""source_kind"":""GEOLOGICAL_EVIDENCE"",""state_role"":""FORWARD_ATTENTION_CELL"",""valid_date"":""2023-11-28""}",bitemporal_version_d3a220b4d0ca6257cd8a2e17,bitemporal_version_42fcba905c311194b662c06a,True,OPPORTUNITY_ADDED,OPPORTUNITY_ADDED,PASS,True
"{""attribute_name"":""geological_conclusion"",""base_stage3a_state_version_id"":""state_version_da0a0a6866fd4081dfa4a029"",""cell_id"":""cell_7f60fb415d2265a3f3a9e060"",""claim_type"":""FORECAST_GEOLOGICAL_CONDITION"",""source_evidence_id"":""doc_1bccaf9b3397c0d25601b19d_e0002"",""source_kind"":""GEOLOGICAL_EVIDENCE"",""state_role"":""FORWARD_ATTENTION_CELL"",""valid_date"":""2023-11-28""}",bitemporal_version_d3a220b4d0ca6257cd8a2e17,bitemporal_version_42fcba905c311194b662c06a,True,OPPORTUNITY_ADDED,OPPORTUNITY_ADDED,PASS,True
"{""attribute_name"":""geological_conclusion"",""base_stage3a_state_version_id"":""state_version_da0a0a6866fd4081dfa4a029"",""cell_id"":""cell_7f60fb415d2265a3f3a9e060"",""claim_type"":""FORECAST_GEOLOGICAL_CONDITION"",""source_evidence_id"":""doc_1bccaf9b3397c0d25601b19d_e0003"",""source_kind"":""GEOLOGICAL_EVIDENCE"",""state_role"":""FORWARD_ATTENTION_CELL"",""valid_date"":""2023-11-28""}",bitemporal_version_d3a220b4d0ca6257cd8a2e17,bitemporal_version_42fcba905c311194b662c06a,True,OPPORTUNITY_ADDED,OPPORTUNITY_ADDED,PASS,True
"{""attribute_name"":""geological_conclusion"",""base_stage3a_state_version_id"":""state_version_da0a0a6866fd4081dfa4a029"",""cell_id"":""cell_7f60fb415d2265a3f3a9e060"",""claim_type"":""FORECAST_GEOLOGICAL_CONDITION"",""source_evidence_id"":""doc_1bccaf9b3397c0d25601b19d_e0004"",""source_kind"":""GEOLOGICAL_EVIDENCE"",""state_role"":""FORWARD_ATTENTION_CELL"",""valid_date"":""2023-11-28""}",bitemporal_version_d3a220b4d0ca6257cd8a2e17,bitemporal_version_42fcba905c311194b662c06a,True,OPPORTUNITY_ADDED,OPPORTUNITY_ADDED,PASS,True
"{""attribute_name"":""joint_development"",""base_stage3a_state_version_id"":""state_version_da0a0a6866fd4081dfa4a029"",""cell_id"":""cell_7f60fb415d2265a3f3a9e060"",""claim_type"":""FORECAST_GEOLOGICAL_CONDITION"",""source_evidence_id"":""doc_1bccaf9b3397c0d25601b19d_e0002"",""source_kind"":""GEOLOGICAL_EVIDENCE"",""state_role"":""FORWARD_ATTENTION_CELL"",""valid_date"":""2023-11-28""}",bitemporal_version_d3a220b4d0ca6257cd8a2e17,bitemporal_version_42fcba905c311194b662c06a,True,OPPORTUNITY_ADDED,OPPORTUNITY_ADDED,PASS,True
"{""attribute_name"":""joint_development"",""base_stage3a_state_version_id"":""state_version_da0a0a6866fd4081dfa4a029"",""cell_id"":""cell_7f60fb415d2265a3f3a9e060"",""claim_type"":""FORECAST_GEOLOGICAL_CONDITION"",""source_evidence_id"":""doc_1bccaf9b3397c0d25601b19d_e0003"",""source_kind"":""GEOLOGICAL_EVIDENCE"",""state_role"":""FORWARD_ATTENTION_CELL"",""valid_date"":""2023-11-28""}",bitemporal_version_d3a220b4d0ca6257cd8a2e17,bitemporal_version_42fcba905c311194b662c06a,True,OPPORTUNITY_ADDED,OPPORTUNITY_ADDED,PASS,True
"{""attribute_name"":""joint_development"",""base_stage3a_state_version_id"":""state_version_da0a0a6866fd4081dfa4a029"",""cell_id"":""cell_7f60fb415d2265a3f3a9e060"",""claim_type"":""FORECAST_GEOLOGICAL_CONDITION"",""source_evidence_id"":""doc_1bccaf9b3397c0d25601b19d_e0004"",""source_kind"":""GEOLOGICAL_EVIDENCE"",""state_role"":""FORWARD_ATTENTION_CELL"",""valid_date"":""2023-11-28""}",bitemporal_version_d3a220b4d0ca6257cd8a2e17,bitemporal_version_42fcba905c311194b662c06a,True,OPPORTUNITY_ADDED,OPPORTUNITY_ADDED,PASS,True
"{""attribute_name"":""lithology"",""base_stage3a_state_version_id"":""state_version_da0a0a6866fd4081dfa4a029"",""cell_id"":""cell_7f60fb415d2265a3f3a9e060"",""claim_type"":""FORECAST_GEOLOGICAL_CONDITION"",""source_evidence_id"":""doc_1bccaf9b3397c0d25601b19d_e0002"",""source_kind"":""GEOLOGICAL_EVIDENCE"",""state_role"":""FORWARD_ATTENTION_CELL"",""valid_date"":""2023-11-28""}",bitemporal_version_d3a220b4d0ca6257cd8a2e17,bitemporal_version_42fcba905c311194b662c06a,True,OPPORTUNITY_ADDED,OPPORTUNITY_ADDED,PASS,True
"{""attribute_name"":""lithology"",""base_stage3a_state_version_id"":""state_version_da0a0a6866fd4081dfa4a029"",""cell_id"":""cell_7f60fb415d2265a3f3a9e060"",""claim_type"":""FORECAST_GEOLOGICAL_CONDITION"",""source_evidence_id"":""doc_1bccaf9b3397c0d25601b19d_e0003"",""source_kind"":""GEOLOGICAL_EVIDENCE"",""state_role"":""FORWARD_ATTENTION_CELL"",""valid_date"":""2023-11-28""}",bitemporal_version_d3a220b4d0ca6257cd8a2e17,bitemporal_version_42fcba905c311194b662c06a,True,OPPORTUNITY_ADDED,OPPORTUNITY_ADDED,PASS,True
"{""attribute_name"":""lithology"",""base_stage3a_state_version_id"":""state_version_da0a0a6866fd4081dfa4a029"",""cell_id"":""cell_7f60fb415d2265a3f3a9e060"",""claim_type"":""FORECAST_GEOLOGICAL_CONDITION"",""source_evidence_id"":""doc_1bccaf9b3397c0d25601b19d_e0004"",""source_kind"":""GEOLOGICAL_EVIDENCE"",""state_role"":""FORWARD_ATTENTION_CELL"",""valid_date"":""2023-11-28""}",bitemporal_version_d3a220b4d0ca6257cd8a2e17,bitemporal_version_42fcba905c311194b662c06a,True,OPPORTUNITY_ADDED,OPPORTUNITY_ADDED,PASS,True
"{""attribute_name"":""risk_hint"",""base_stage3a_state_version_id"":""state_version_da0a0a6866fd4081dfa4a029"",""cell_id"":""cell_7f60fb415d2265a3f3a9e060"",""claim_type"":""FORECAST_GEOLOGICAL_CONDITION"",""source_evidence_id"":""doc_1bccaf9b3397c0d25601b19d_e0002"",""source_kind"":""GEOLOGICAL_EVIDENCE"",""state_role"":""FORWARD_ATTENTION_CELL"",""valid_date"":""2023-11-28""}",bitemporal_version_d3a220b4d0ca6257cd8a2e17,bitemporal_version_42fcba905c311194b662c06a,True,OPPORTUNITY_ADDED,OPPORTUNITY_ADDED,PASS,True
"{""attribute_name"":""risk_hint"",""base_stage3a_state_version_id"":""state_version_da0a0a6866fd4081dfa4a029"",""cell_id"":""cell_7f60fb415d2265a3f3a9e060"",""claim_type"":""FORECAST_GEOLOGICAL_CONDITION"",""source_evidence_id"":""doc_1bccaf9b3397c0d25601b19d_e0003"",""source_kind"":""GEOLOGICAL_EVIDENCE"",""state_role"":""FORWARD_ATTENTION_CELL"",""valid_date"":""2023-11-28""}",bitemporal_version_d3a220b4d0ca6257cd8a2e17,bitemporal_version_42fcba905c311194b662c06a,True,OPPORTUNITY_ADDED,OPPORTUNITY_ADDED,PASS,True
"{""attribute_name"":""risk_hint"",""base_stage3a_state_version_id"":""state_version_da0a0a6866fd4081dfa4a029"",""cell_id"":""cell_7f60fb415d2265a3f3a9e060"",""claim_type"":""FORECAST_GEOLOGICAL_CONDITION"",""source_evidence_id"":""doc_1bccaf9b3397c0d25601b19d_e0004"",""source_kind"":""GEOLOGICAL_EVIDENCE"",""state_role"":""FORWARD_ATTENTION_CELL"",""valid_date"":""2023-11-28""}",bitemporal_version_d3a220b4d0ca6257cd8a2e17,bitemporal_version_42fcba905c311194b662c06a,True,OPPORTUNITY_ADDED,OPPORTUNITY_ADDED,PASS,True
"{""attribute_name"":""rock_mass_state"",""base_stage3a_state_version_id"":""state_version_da0a0a6866fd4081dfa4a029"",""cell_id"":""cell_7f60fb415d2265a3f3a9e060"",""claim_type"":""FORECAST_GEOLOGICAL_CONDITION"",""source_evidence_id"":""doc_1bccaf9b3397c0d25601b19d_e0002"",""source_kind"":""GEOLOGICAL_EVIDENCE"",""state_role"":""FORWARD_ATTENTION_CELL"",""valid_date"":""2023-11-28""}",bitemporal_version_d3a220b4d0ca6257cd8a2e17,bitemporal_version_42fcba905c311194b662c06a,True,OPPORTUNITY_ADDED,OPPORTUNITY_ADDED,PASS,True
"{""attribute_name"":""rock_mass_state"",""base_stage3a_state_version_id"":""state_version_da0a0a6866fd4081dfa4a029"",""cell_id"":""cell_7f60fb415d2265a3f3a9e060"",""claim_type"":""FORECAST_GEOLOGICAL_CONDITION"",""source_evidence_id"":""doc_1bccaf9b3397c0d25601b19d_e0003"",""source_kind"":""GEOLOGICAL_EVIDENCE"",""state_role"":""FORWARD_ATTENTION_CELL"",""valid_date"":""2023-11-28""}",bitemporal_version_d3a220b4d0ca6257cd8a2e17,bitemporal_version_42fcba905c311194b662c06a,True,OPPORTUNITY_ADDED,OPPORTUNITY_ADDED,PASS,True
"{""attribute_name"":""rock_mass_state"",""base_stage3a_state_version_id"":""state_version_da0a0a6866fd4081dfa4a029"",""cell_id"":""cell_7f60fb415d2265a3f3a9e060"",""claim_type"":""FORECAST_GEOLOGICAL_CONDITION"",""source_evidence_id"":""doc_1bccaf9b3397c0d25601b19d_e0004"",""source_kind"":""GEOLOGICAL_EVIDENCE"",""state_role"":""FORWARD_ATTENTION_CELL"",""valid_date"":""2023-11-28""}",bitemporal_version_d3a220b4d0ca6257cd8a2e17,bitemporal_version_42fcba905c311194b662c06a,True,OPPORTUNITY_ADDED,OPPORTUNITY_ADDED,PASS,True
"{""attribute_name"":""suggested_grade"",""base_stage3a_state_version_id"":""state_version_da0a0a6866fd4081dfa4a029"",""cell_id"":""cell_7f60fb415d2265a3f3a9e060"",""claim_type"":""FORECAST_GEOLOGICAL_CONDITION"",""source_evidence_id"":""doc_1bccaf9b3397c0d25601b19d_e0002"",""source_kind"":""GEOLOGICAL_EVIDENCE"",""state_role"":""FORWARD_ATTENTION_CELL"",""valid_date"":""2023-11-28""}",bitemporal_version_d3a220b4d0ca6257cd8a2e17,bitemporal_version_42fcba905c311194b662c06a,True,OPPORTUNITY_ADDED,OPPORTUNITY_ADDED,PASS,True
"{""attribute_name"":""suggested_grade"",""base_stage3a_state_version_id"":""state_version_da0a0a6866fd4081dfa4a029"",""cell_id"":""cell_7f60fb415d2265a3f3a9e060"",""claim_type"":""FORECAST_GEOLOGICAL_CONDITION"",""source_evidence_id"":""doc_1bccaf9b3397c0d25601b19d_e0003"",""source_kind"":""GEOLOGICAL_EVIDENCE"",""state_role"":""FORWARD_ATTENTION_CELL"",""valid_date"":""2023-11-28""}",bitemporal_version_d3a220b4d0ca6257cd8a2e17,bitemporal_version_42fcba905c311194b662c06a,True,OPPORTUNITY_ADDED,OPPORTUNITY_ADDED,PASS,True
"{""attribute_name"":""suggested_grade"",""base_stage3a_state_version_id"":""state_version_da0a0a6866fd4081dfa4a029"",""cell_id"":""cell_7f60fb415d2265a3f3a9e060"",""claim_type"":""FORECAST_GEOLOGICAL_CONDITION"",""source_evidence_id"":""doc_1bccaf9b3397c0d25601b19d_e0004"",""source_kind"":""GEOLOGICAL_EVIDENCE"",""state_role"":""FORWARD_ATTENTION_CELL"",""valid_date"":""2023-11-28""}",bitemporal_version_d3a220b4d0ca6257cd8a2e17,bitemporal_version_42fcba905c311194b662c06a,True,OPPORTUNITY_ADDED,OPPORTUNITY_ADDED,PASS,True
"{""attribute_name"":""weathering"",""base_stage3a_state_version_id"":""state_version_da0a0a6866fd4081dfa4a029"",""cell_id"":""cell_7f60fb415d2265a3f3a9e060"",""claim_type"":""FORECAST_GEOLOGICAL_CONDITION"",""source_evidence_id"":""doc_1bccaf9b3397c0d25601b19d_e0002"",""source_kind"":""GEOLOGICAL_EVIDENCE"",""state_role"":""FORWARD_ATTENTION_CELL"",""valid_date"":""2023-11-28""}",bitemporal_version_d3a220b4d0ca6257cd8a2e17,bitemporal_version_42fcba905c311194b662c06a,True,OPPORTUNITY_ADDED,OPPORTUNITY_ADDED,PASS,True
"{""attribute_name"":""weathering"",""base_stage3a_state_version_id"":""state_version_da0a0a6866fd4081dfa4a029"",""cell_id"":""cell_7f60fb415d2265a3f3a9e060"",""claim_type"":""FORECAST_GEOLOGICAL_CONDITION"",""source_evidence_id"":""doc_1bccaf9b3397c0d25601b19d_e0003"",""source_kind"":""GEOLOGICAL_EVIDENCE"",""state_role"":""FORWARD_ATTENTION_CELL"",""valid_date"":""2023-11-28""}",bitemporal_version_d3a220b4d0ca6257cd8a2e17,bitemporal_version_42fcba905c311194b662c06a,True,OPPORTUNITY_ADDED,OPPORTUNITY_ADDED,PASS,True
"{""attribute_name"":""weathering"",""base_stage3a_state_version_id"":""state_version_da0a0a6866fd4081dfa4a029"",""cell_id"":""cell_7f60fb415d2265a3f3a9e060"",""claim_type"":""FORECAST_GEOLOGICAL_CONDITION"",""source_evidence_id"":""doc_1bccaf9b3397c0d25601b19d_e0004"",""source_kind"":""GEOLOGICAL_EVIDENCE"",""state_role"":""FORWARD_ATTENTION_CELL"",""valid_date"":""2023-11-28""}",bitemporal_version_d3a220b4d0ca6257cd8a2e17,bitemporal_version_42fcba905c311194b662c06a,True,OPPORTUNITY_ADDED,OPPORTUNITY_ADDED,PASS,True
"{""base_stage3a_state_version_id"":""state_version_da0a0a6866fd4081dfa4a029"",""cell_id"":""cell_7f60fb415d2265a3f3a9e060"",""claim_type"":""FORWARD_GEOLOGICAL_ATTENTION"",""metric_name"":""GRS"",""source_kind"":""STATE_GRS"",""state_role"":""FORWARD_ATTENTION_CELL"",""valid_date"":""2023-11-28""}",bitemporal_version_d3a220b4d0ca6257cd8a2e17,bitemporal_version_42fcba905c311194b662c06a,True,ABSTAIN_TO_EXPRESSIBLE,ABSTAIN_TO_EXPRESSIBLE,PASS,True
"{""base_stage3a_state_version_id"":""state_version_da0a0a6866fd4081dfa4a029"",""cell_id"":""cell_7f60fb415d2265a3f3a9e060"",""claim_type"":""OPERATIONAL_RESPONSE_ATTENTION"",""metric_name"":""RAI"",""source_kind"":""STATE_RAI"",""state_role"":""FORWARD_ATTENTION_CELL"",""valid_date"":""2023-11-28""}",bitemporal_version_d3a220b4d0ca6257cd8a2e17,bitemporal_version_42fcba905c311194b662c06a,True,UNCHANGED_ABSTAIN,UNCHANGED_ABSTAIN,PASS,True
"{""attribute_name"":""anomaly_level"",""base_stage3a_state_version_id"":""state_version_254bc171b6057908eef9f05d"",""cell_id"":""cell_b78c8fe752bb215ebc415f65"",""claim_type"":""FORECAST_GEOLOGICAL_CONDITION"",""source_evidence_id"":""doc_1bccaf9b3397c0d25601b19d_e0002"",""source_kind"":""GEOLOGICAL_EVIDENCE"",""state_role"":""DAILY_REVIEW_CELL"",""valid_date"":""2023-11-28""}",bitemporal_version_86ec5723a3ac346f6be1dbcd,bitemporal_version_47ddf12ea2da285b2ec44ebf,True,OPPORTUNITY_ADDED,OPPORTUNITY_ADDED,PASS,True
"{""attribute_name"":""anomaly_level"",""base_stage3a_state_version_id"":""state_version_254bc171b6057908eef9f05d"",""cell_id"":""cell_b78c8fe752bb215ebc415f65"",""claim_type"":""FORECAST_GEOLOGICAL_CONDITION"",""source_evidence_id"":""doc_62bf6495f3a27bc084947384_e0006"",""source_kind"":""GEOLOGICAL_EVIDENCE"",""state_role"":""DAILY_REVIEW_CELL"",""valid_date"":""2023-11-28""}",bitemporal_version_86ec5723a3ac346f6be1dbcd,bitemporal_version_47ddf12ea2da285b2ec44ebf,True,UNCHANGED_EXPRESSIBLE,UNCHANGED_EXPRESSIBLE,PASS,True
"{""attribute_name"":""anomaly_level"",""base_stage3a_state_version_id"":""state_version_254bc171b6057908eef9f05d"",""cell_id"":""cell_b78c8fe752bb215ebc415f65"",""claim_type"":""FORECAST_GEOLOGICAL_CONDITION"",""source_evidence_id"":""doc_62bf6495f3a27bc084947384_e0007"",""source_kind"":""GEOLOGICAL_EVIDENCE"",""state_role"":""DAILY_REVIEW_CELL"",""valid_date"":""2023-11-28""}",bitemporal_version_86ec5723a3ac346f6be1dbcd,bitemporal_version_47ddf12ea2da285b2ec44ebf,True,UNCHANGED_ABSTAIN,UNCHANGED_ABSTAIN,PASS,True
"{""attribute_name"":""geological_conclusion"",""base_stage3a_state_version_id"":""state_version_254bc171b6057908eef9f05d"",""cell_id"":""cell_b78c8fe752bb215ebc415f65"",""claim_type"":""FORECAST_GEOLOGICAL_CONDITION"",""source_evidence_id"":""doc_1bccaf9b3397c0d25601b19d_e0002"",""source_kind"":""GEOLOGICAL_EVIDENCE"",""state_role"":""DAILY_REVIEW_CELL"",""valid_date"":""2023-11-28""}",bitemporal_version_86ec5723a3ac346f6be1dbcd,bitemporal_version_47ddf12ea2da285b2ec44ebf,True,OPPORTUNITY_ADDED,OPPORTUNITY_ADDED,PASS,True
"{""attribute_name"":""geological_conclusion"",""base_stage3a_state_version_id"":""state_version_254bc171b6057908eef9f05d"",""cell_id"":""cell_b78c8fe752bb215ebc415f65"",""claim_type"":""FORECAST_GEOLOGICAL_CONDITION"",""source_evidence_id"":""doc_62bf6495f3a27bc084947384_e0006"",""source_kind"":""GEOLOGICAL_EVIDENCE"",""state_role"":""DAILY_REVIEW_CELL"",""valid_date"":""2023-11-28""}",bitemporal_version_86ec5723a3ac346f6be1dbcd,bitemporal_version_47ddf12ea2da285b2ec44ebf,True,UNCHANGED_EXPRESSIBLE,UNCHANGED_EXPRESSIBLE,PASS,True
"{""attribute_name"":""geological_conclusion"",""base_stage3a_state_version_id"":""state_version_254bc171b6057908eef9f05d"",""cell_id"":""cell_b78c8fe752bb215ebc415f65"",""claim_type"":""FORECAST_GEOLOGICAL_CONDITION"",""source_evidence_id"":""doc_62bf6495f3a27bc084947384_e0007"",""source_kind"":""GEOLOGICAL_EVIDENCE"",""state_role"":""DAILY_REVIEW_CELL"",""valid_date"":""2023-11-28""}",bitemporal_version_86ec5723a3ac346f6be1dbcd,bitemporal_version_47ddf12ea2da285b2ec44ebf,True,UNCHANGED_EXPRESSIBLE,UNCHANGED_EXPRESSIBLE,PASS,True
"{""attribute_name"":""geological_description"",""base_stage3a_state_version_id"":""state_version_254bc171b6057908eef9f05d"",""cell_id"":""cell_b78c8fe752bb215ebc415f65"",""claim_type"":""OBSERVED_GEOLOGICAL_CONDITION"",""source_evidence_id"":""doc_1bccaf9b3397c0d25601b19d_e0001"",""source_kind"":""GEOLOGICAL_EVIDENCE"",""state_role"":""DAILY_REVIEW_CELL"",""valid_date"":""2023-11-28""}",bitemporal_version_86ec5723a3ac346f6be1dbcd,bitemporal_version_47ddf12ea2da285b2ec44ebf,True,OPPORTUNITY_ADDED,OPPORTUNITY_ADDED,PASS,True
"{""attribute_name"":""joint_development"",""base_stage3a_state_version_id"":""state_version_254bc171b6057908eef9f05d"",""cell_id"":""cell_b78c8fe752bb215ebc415f65"",""claim_type"":""FORECAST_GEOLOGICAL_CONDITION"",""source_evidence_id"":""doc_1bccaf9b3397c0d25601b19d_e0002"",""source_kind"":""GEOLOGICAL_EVIDENCE"",""state_role"":""DAILY_REVIEW_CELL"",""valid_date"":""2023-11-28""}",bitemporal_version_86ec5723a3ac346f6be1dbcd,bitemporal_version_47ddf12ea2da285b2ec44ebf,True,OPPORTUNITY_ADDED,OPPORTUNITY_ADDED,PASS,True
"{""attribute_name"":""joint_development"",""base_stage3a_state_version_id"":""state_version_254bc171b6057908eef9f05d"",""cell_id"":""cell_b78c8fe752bb215ebc415f65"",""claim_type"":""FORECAST_GEOLOGICAL_CONDITION"",""source_evidence_id"":""doc_62bf6495f3a27bc084947384_e0006"",""source_kind"":""GEOLOGICAL_EVIDENCE"",""state_role"":""DAILY_REVIEW_CELL"",""valid_date"":""2023-11-28""}",bitemporal_version_86ec5723a3ac346f6be1dbcd,bitemporal_version_47ddf12ea2da285b2ec44ebf,True,UNCHANGED_EXPRESSIBLE,UNCHANGED_EXPRESSIBLE,PASS,True
"{""attribute_name"":""joint_development"",""base_stage3a_state_version_id"":""state_version_254bc171b6057908eef9f05d"",""cell_id"":""cell_b78c8fe752bb215ebc415f65"",""claim_type"":""FORECAST_GEOLOGICAL_CONDITION"",""source_evidence_id"":""doc_62bf6495f3a27bc084947384_e0007"",""source_kind"":""GEOLOGICAL_EVIDENCE"",""state_role"":""DAILY_REVIEW_CELL"",""valid_date"":""2023-11-28""}",bitemporal_version_86ec5723a3ac346f6be1dbcd,bitemporal_version_47ddf12ea2da285b2ec44ebf,True,UNCHANGED_EXPRESSIBLE,UNCHANGED_EXPRESSIBLE,PASS,True
"{""attribute_name"":""lithology"",""base_stage3a_state_version_id"":""state_version_254bc171b6057908eef9f05d"",""cell_id"":""cell_b78c8fe752bb215ebc415f65"",""claim_type"":""FORECAST_GEOLOGICAL_CONDITION"",""source_evidence_id"":""doc_1bccaf9b3397c0d25601b19d_e0002"",""source_kind"":""GEOLOGICAL_EVIDENCE"",""state_role"":""DAILY_REVIEW_CELL"",""valid_date"":""2023-11-28""}",bitemporal_version_86ec5723a3ac346f6be1dbcd,bitemporal_version_47ddf12ea2da285b2ec44ebf,True,OPPORTUNITY_ADDED,OPPORTUNITY_ADDED,PASS,True
"{""attribute_name"":""lithology"",""base_stage3a_state_version_id"":""state_version_254bc171b6057908eef9f05d"",""cell_id"":""cell_b78c8fe752bb215ebc415f65"",""claim_type"":""FORECAST_GEOLOGICAL_CONDITION"",""source_evidence_id"":""doc_62bf6495f3a27bc084947384_e0006"",""source_kind"":""GEOLOGICAL_EVIDENCE"",""state_role"":""DAILY_REVIEW_CELL"",""valid_date"":""2023-11-28""}",bitemporal_version_86ec5723a3ac346f6be1dbcd,bitemporal_version_47ddf12ea2da285b2ec44ebf,True,UNCHANGED_EXPRESSIBLE,UNCHANGED_EXPRESSIBLE,PASS,True
"{""attribute_name"":""lithology"",""base_stage3a_state_version_id"":""state_version_254bc171b6057908eef9f05d"",""cell_id"":""cell_b78c8fe752bb215ebc415f65"",""claim_type"":""FORECAST_GEOLOGICAL_CONDITION"",""source_evidence_id"":""doc_62bf6495f3a27bc084947384_e0007"",""source_kind"":""GEOLOGICAL_EVIDENCE"",""state_role"":""DAILY_REVIEW_CELL"",""valid_date"":""2023-11-28""}",bitemporal_version_86ec5723a3ac346f6be1dbcd,bitemporal_version_47ddf12ea2da285b2ec44ebf,True,UNCHANGED_EXPRESSIBLE,UNCHANGED_EXPRESSIBLE,PASS,True
"{""attribute_name"":""lithology"",""base_stage3a_state_version_id"":""state_version_254bc171b6057908eef9f05d"",""cell_id"":""cell_b78c8fe752bb215ebc415f65"",""claim_type"":""OBSERVED_GEOLOGICAL_CONDITION"",""source_evidence_id"":""doc_1bccaf9b3397c0d25601b19d_e0001"",""source_kind"":""GEOLOGICAL_EVIDENCE"",""state_role"":""DAILY_REVIEW_CELL"",""valid_date"":""2023-11-28""}",bitemporal_version_86ec5723a3ac346f6be1dbcd,bitemporal_version_47ddf12ea2da285b2ec44ebf,True,OPPORTUNITY_ADDED,OPPORTUNITY_ADDED,PASS,True
"{""attribute_name"":""risk_hint"",""base_stage3a_state_version_id"":""state_version_254bc171b6057908eef9f05d"",""cell_id"":""cell_b78c8fe752bb215ebc415f65"",""claim_type"":""FORECAST_GEOLOGICAL_CONDITION"",""source_evidence_id"":""doc_1bccaf9b3397c0d25601b19d_e0002"",""source_kind"":""GEOLOGICAL_EVIDENCE"",""state_role"":""DAILY_REVIEW_CELL"",""valid_date"":""2023-11-28""}",bitemporal_version_86ec5723a3ac346f6be1dbcd,bitemporal_version_47ddf12ea2da285b2ec44ebf,True,OPPORTUNITY_ADDED,OPPORTUNITY_ADDED,PASS,True
"{""attribute_name"":""risk_hint"",""base_stage3a_state_version_id"":""state_version_254bc171b6057908eef9f05d"",""cell_id"":""cell_b78c8fe752bb215ebc415f65"",""claim_type"":""FORECAST_GEOLOGICAL_CONDITION"",""source_evidence_id"":""doc_62bf6495f3a27bc084947384_e0006"",""source_kind"":""GEOLOGICAL_EVIDENCE"",""state_role"":""DAILY_REVIEW_CELL"",""valid_date"":""2023-11-28""}",bitemporal_version_86ec5723a3ac346f6be1dbcd,bitemporal_version_47ddf12ea2da285b2ec44ebf,True,UNCHANGED_EXPRESSIBLE,UNCHANGED_EXPRESSIBLE,PASS,True
"{""attribute_name"":""risk_hint"",""base_stage3a_state_version_id"":""state_version_254bc171b6057908eef9f05d"",""cell_id"":""cell_b78c8fe752bb215ebc415f65"",""claim_type"":""FORECAST_GEOLOGICAL_CONDITION"",""source_evidence_id"":""doc_62bf6495f3a27bc084947384_e0007"",""source_kind"":""GEOLOGICAL_EVIDENCE"",""state_role"":""DAILY_REVIEW_CELL"",""valid_date"":""2023-11-28""}",bitemporal_version_86ec5723a3ac346f6be1dbcd,bitemporal_version_47ddf12ea2da285b2ec44ebf,True,UNCHANGED_ABSTAIN,UNCHANGED_ABSTAIN,PASS,True
"{""attribute_name"":""rock_mass_state"",""base_stage3a_state_version_id"":""state_version_254bc171b6057908eef9f05d"",""cell_id"":""cell_b78c8fe752bb215ebc415f65"",""claim_type"":""FORECAST_GEOLOGICAL_CONDITION"",""source_evidence_id"":""doc_1bccaf9b3397c0d25601b19d_e0002"",""source_kind"":""GEOLOGICAL_EVIDENCE"",""state_role"":""DAILY_REVIEW_CELL"",""valid_date"":""2023-11-28""}",bitemporal_version_86ec5723a3ac346f6be1dbcd,bitemporal_version_47ddf12ea2da285b2ec44ebf,True,OPPORTUNITY_ADDED,OPPORTUNITY_ADDED,PASS,True
"{""attribute_name"":""rock_mass_state"",""base_stage3a_state_version_id"":""state_version_254bc171b6057908eef9f05d"",""cell_id"":""cell_b78c8fe752bb215ebc415f65"",""claim_type"":""FORECAST_GEOLOGICAL_CONDITION"",""source_evidence_id"":""doc_62bf6495f3a27bc084947384_e0006"",""source_kind"":""GEOLOGICAL_EVIDENCE"",""state_role"":""DAILY_REVIEW_CELL"",""valid_date"":""2023-11-28""}",bitemporal_version_86ec5723a3ac346f6be1dbcd,bitemporal_version_47ddf12ea2da285b2ec44ebf,True,UNCHANGED_EXPRESSIBLE,UNCHANGED_EXPRESSIBLE,PASS,True
"{""attribute_name"":""rock_mass_state"",""base_stage3a_state_version_id"":""state_version_254bc171b6057908eef9f05d"",""cell_id"":""cell_b78c8fe752bb215ebc415f65"",""claim_type"":""FORECAST_GEOLOGICAL_CONDITION"",""source_evidence_id"":""doc_62bf6495f3a27bc084947384_e0007"",""source_kind"":""GEOLOGICAL_EVIDENCE"",""state_role"":""DAILY_REVIEW_CELL"",""valid_date"":""2023-11-28""}",bitemporal_version_86ec5723a3ac346f6be1dbcd,bitemporal_version_47ddf12ea2da285b2ec44ebf,True,UNCHANGED_EXPRESSIBLE,UNCHANGED_EXPRESSIBLE,PASS,True
"{""attribute_name"":""rock_mass_state"",""base_stage3a_state_version_id"":""state_version_254bc171b6057908eef9f05d"",""cell_id"":""cell_b78c8fe752bb215ebc415f65"",""claim_type"":""OBSERVED_GEOLOGICAL_CONDITION"",""source_evidence_id"":""doc_1bccaf9b3397c0d25601b19d_e0001"",""source_kind"":""GEOLOGICAL_EVIDENCE"",""state_role"":""DAILY_REVIEW_CELL"",""valid_date"":""2023-11-28""}",bitemporal_version_86ec5723a3ac346f6be1dbcd,bitemporal_version_47ddf12ea2da285b2ec44ebf,True,OPPORTUNITY_ADDED,OPPORTUNITY_ADDED,PASS,True
"{""attribute_name"":""suggested_grade"",""base_stage3a_state_version_id"":""state_version_254bc171b6057908eef9f05d"",""cell_id"":""cell_b78c8fe752bb215ebc415f65"",""claim_type"":""FORECAST_GEOLOGICAL_CONDITION"",""source_evidence_id"":""doc_1bccaf9b3397c0d25601b19d_e0002"",""source_kind"":""GEOLOGICAL_EVIDENCE"",""state_role"":""DAILY_REVIEW_CELL"",""valid_date"":""2023-11-28""}",bitemporal_version_86ec5723a3ac346f6be1dbcd,bitemporal_version_47ddf12ea2da285b2ec44ebf,True,OPPORTUNITY_ADDED,OPPORTUNITY_ADDED,PASS,True
"{""attribute_name"":""suggested_grade"",""base_stage3a_state_version_id"":""state_version_254bc171b6057908eef9f05d"",""cell_id"":""cell_b78c8fe752bb215ebc415f65"",""claim_type"":""FORECAST_GEOLOGICAL_CONDITION"",""source_evidence_id"":""doc_62bf6495f3a27bc084947384_e0006"",""source_kind"":""GEOLOGICAL_EVIDENCE"",""state_role"":""DAILY_REVIEW_CELL"",""valid_date"":""2023-11-28""}",bitemporal_version_86ec5723a3ac346f6be1dbcd,bitemporal_version_47ddf12ea2da285b2ec44ebf,True,UNCHANGED_EXPRESSIBLE,UNCHANGED_EXPRESSIBLE,PASS,True
"{""attribute_name"":""suggested_grade"",""base_stage3a_state_version_id"":""state_version_254bc171b6057908eef9f05d"",""cell_id"":""cell_b78c8fe752bb215ebc415f65"",""claim_type"":""FORECAST_GEOLOGICAL_CONDITION"",""source_evidence_id"":""doc_62bf6495f3a27bc084947384_e0007"",""source_kind"":""GEOLOGICAL_EVIDENCE"",""state_role"":""DAILY_REVIEW_CELL"",""valid_date"":""2023-11-28""}",bitemporal_version_86ec5723a3ac346f6be1dbcd,bitemporal_version_47ddf12ea2da285b2ec44ebf,True,UNCHANGED_EXPRESSIBLE,UNCHANGED_EXPRESSIBLE,PASS,True
"{""attribute_name"":""weathering"",""base_stage3a_state_version_id"":""state_version_254bc171b6057908eef9f05d"",""cell_id"":""cell_b78c8fe752bb215ebc415f65"",""claim_type"":""FORECAST_GEOLOGICAL_CONDITION"",""source_evidence_id"":""doc_1bccaf9b3397c0d25601b19d_e0002"",""source_kind"":""GEOLOGICAL_EVIDENCE"",""state_role"":""DAILY_REVIEW_CELL"",""valid_date"":""2023-11-28""}",bitemporal_version_86ec5723a3ac346f6be1dbcd,bitemporal_version_47ddf12ea2da285b2ec44ebf,True,OPPORTUNITY_ADDED,OPPORTUNITY_ADDED,PASS,True
"{""attribute_name"":""weathering"",""base_stage3a_state_version_id"":""state_version_254bc171b6057908eef9f05d"",""cell_id"":""cell_b78c8fe752bb215ebc415f65"",""claim_type"":""FORECAST_GEOLOGICAL_CONDITION"",""source_evidence_id"":""doc_62bf6495f3a27bc084947384_e0006"",""source_kind"":""GEOLOGICAL_EVIDENCE"",""state_role"":""DAILY_REVIEW_CELL"",""valid_date"":""2023-11-28""}",bitemporal_version_86ec5723a3ac346f6be1dbcd,bitemporal_version_47ddf12ea2da285b2ec44ebf,True,UNCHANGED_EXPRESSIBLE,UNCHANGED_EXPRESSIBLE,PASS,True
"{""attribute_name"":""weathering"",""base_stage3a_state_version_id"":""state_version_254bc171b6057908eef9f05d"",""cell_id"":""cell_b78c8fe752bb215ebc415f65"",""claim_type"":""FORECAST_GEOLOGICAL_CONDITION"",""source_evidence_id"":""doc_62bf6495f3a27bc084947384_e0007"",""source_kind"":""GEOLOGICAL_EVIDENCE"",""state_role"":""DAILY_REVIEW_CELL"",""valid_date"":""2023-11-28""}",bitemporal_version_86ec5723a3ac346f6be1dbcd,bitemporal_version_47ddf12ea2da285b2ec44ebf,True,UNCHANGED_EXPRESSIBLE,UNCHANGED_EXPRESSIBLE,PASS,True
"{""attribute_name"":""weathering"",""base_stage3a_state_version_id"":""state_version_254bc171b6057908eef9f05d"",""cell_id"":""cell_b78c8fe752bb215ebc415f65"",""claim_type"":""OBSERVED_GEOLOGICAL_CONDITION"",""source_evidence_id"":""doc_1bccaf9b3397c0d25601b19d_e0001"",""source_kind"":""GEOLOGICAL_EVIDENCE"",""state_role"":""DAILY_REVIEW_CELL"",""valid_date"":""2023-11-28""}",bitemporal_version_86ec5723a3ac346f6be1dbcd,bitemporal_version_47ddf12ea2da285b2ec44ebf,True,OPPORTUNITY_ADDED,OPPORTUNITY_ADDED,PASS,True
"{""base_stage3a_state_version_id"":""state_version_254bc171b6057908eef9f05d"",""cell_id"":""cell_b78c8fe752bb215ebc415f65"",""claim_type"":""COUPLED_ATTENTION_REVIEW"",""metric_name"":""GRCI"",""source_kind"":""STATE_GRCI"",""state_role"":""DAILY_REVIEW_CELL"",""valid_date"":""2023-11-28""}",bitemporal_version_86ec5723a3ac346f6be1dbcd,bitemporal_version_47ddf12ea2da285b2ec44ebf,True,RESOLVED_SUPPORT_CHANGED,RESOLVED_SUPPORT_CHANGED,PASS,True
"{""base_stage3a_state_version_id"":""state_version_254bc171b6057908eef9f05d"",""cell_id"":""cell_b78c8fe752bb215ebc415f65"",""claim_type"":""GEOLOGICAL_EVIDENCE_ATTENTION_REVIEW"",""metric_name"":""GRS"",""source_kind"":""STATE_GRS"",""state_role"":""DAILY_REVIEW_CELL"",""valid_date"":""2023-11-28""}",bitemporal_version_86ec5723a3ac346f6be1dbcd,bitemporal_version_47ddf12ea2da285b2ec44ebf,True,RESOLVED_SUPPORT_CHANGED,RESOLVED_SUPPORT_CHANGED,PASS,True
"{""base_stage3a_state_version_id"":""state_version_254bc171b6057908eef9f05d"",""cell_id"":""cell_b78c8fe752bb215ebc415f65"",""claim_type"":""OPERATIONAL_RESPONSE_ATTENTION"",""metric_name"":""RAI"",""source_kind"":""STATE_RAI"",""state_role"":""DAILY_REVIEW_CELL"",""valid_date"":""2023-11-28""}",bitemporal_version_86ec5723a3ac346f6be1dbcd,bitemporal_version_47ddf12ea2da285b2ec44ebf,True,UNCHANGED_EXPRESSIBLE,UNCHANGED_EXPRESSIBLE,PASS,True
"{""attribute_name"":""anomaly_level"",""base_stage3a_state_version_id"":""state_version_fac6469ae42f9ece0dbfcc40"",""cell_id"":""cell_2dfc9a7f03542dcf190b7553"",""claim_type"":""FORECAST_GEOLOGICAL_CONDITION"",""source_evidence_id"":""doc_6af39821d5a37fd21b28de70_e0005"",""source_kind"":""GEOLOGICAL_EVIDENCE"",""state_role"":""DAILY_REVIEW_CELL"",""valid_date"":""2023-10-18""}",bitemporal_version_f4250e9fb3b6db0f869b0130,bitemporal_version_540063c41656a0b9aa8eaebd,True,UNCHANGED_EXPRESSIBLE,UNCHANGED_EXPRESSIBLE,PASS,True
"{""attribute_name"":""anomaly_level"",""base_stage3a_state_version_id"":""state_version_fac6469ae42f9ece0dbfcc40"",""cell_id"":""cell_2dfc9a7f03542dcf190b7553"",""claim_type"":""FORECAST_GEOLOGICAL_CONDITION"",""source_evidence_id"":""doc_ce88b5055d612f9f8fb8012e_e0002"",""source_kind"":""GEOLOGICAL_EVIDENCE"",""state_role"":""DAILY_REVIEW_CELL"",""valid_date"":""2023-10-18""}",bitemporal_version_f4250e9fb3b6db0f869b0130,bitemporal_version_540063c41656a0b9aa8eaebd,True,OPPORTUNITY_ADDED,OPPORTUNITY_ADDED,PASS,True
"{""attribute_name"":""geological_conclusion"",""base_stage3a_state_version_id"":""state_version_fac6469ae42f9ece0dbfcc40"",""cell_id"":""cell_2dfc9a7f03542dcf190b7553"",""claim_type"":""FORECAST_GEOLOGICAL_CONDITION"",""source_evidence_id"":""doc_6af39821d5a37fd21b28de70_e0005"",""source_kind"":""GEOLOGICAL_EVIDENCE"",""state_role"":""DAILY_REVIEW_CELL"",""valid_date"":""2023-10-18""}",bitemporal_version_f4250e9fb3b6db0f869b0130,bitemporal_version_540063c41656a0b9aa8eaebd,True,UNCHANGED_EXPRESSIBLE,UNCHANGED_EXPRESSIBLE,PASS,True
"{""attribute_name"":""geological_conclusion"",""base_stage3a_state_version_id"":""state_version_fac6469ae42f9ece0dbfcc40"",""cell_id"":""cell_2dfc9a7f03542dcf190b7553"",""claim_type"":""FORECAST_GEOLOGICAL_CONDITION"",""source_evidence_id"":""doc_ce88b5055d612f9f8fb8012e_e0002"",""source_kind"":""GEOLOGICAL_EVIDENCE"",""state_role"":""DAILY_REVIEW_CELL"",""valid_date"":""2023-10-18""}",bitemporal_version_f4250e9fb3b6db0f869b0130,bitemporal_version_540063c41656a0b9aa8eaebd,True,OPPORTUNITY_ADDED,OPPORTUNITY_ADDED,PASS,True
"{""attribute_name"":""geological_description"",""base_stage3a_state_version_id"":""state_version_fac6469ae42f9ece0dbfcc40"",""cell_id"":""cell_2dfc9a7f03542dcf190b7553"",""claim_type"":""OBSERVED_GEOLOGICAL_CONDITION"",""source_evidence_id"":""doc_ce88b5055d612f9f8fb8012e_e0001"",""source_kind"":""GEOLOGICAL_EVIDENCE"",""state_role"":""DAILY_REVIEW_CELL"",""valid_date"":""2023-10-18""}",bitemporal_version_f4250e9fb3b6db0f869b0130,bitemporal_version_540063c41656a0b9aa8eaebd,True,OPPORTUNITY_ADDED,OPPORTUNITY_ADDED,PASS,True
"{""attribute_name"":""joint_development"",""base_stage3a_state_version_id"":""state_version_fac6469ae42f9ece0dbfcc40"",""cell_id"":""cell_2dfc9a7f03542dcf190b7553"",""claim_type"":""FORECAST_GEOLOGICAL_CONDITION"",""source_evidence_id"":""doc_6af39821d5a37fd21b28de70_e0005"",""source_kind"":""GEOLOGICAL_EVIDENCE"",""state_role"":""DAILY_REVIEW_CELL"",""valid_date"":""2023-10-18""}",bitemporal_version_f4250e9fb3b6db0f869b0130,bitemporal_version_540063c41656a0b9aa8eaebd,True,UNCHANGED_EXPRESSIBLE,UNCHANGED_EXPRESSIBLE,PASS,True
"{""attribute_name"":""joint_development"",""base_stage3a_state_version_id"":""state_version_fac6469ae42f9ece0dbfcc40"",""cell_id"":""cell_2dfc9a7f03542dcf190b7553"",""claim_type"":""FORECAST_GEOLOGICAL_CONDITION"",""source_evidence_id"":""doc_ce88b5055d612f9f8fb8012e_e0002"",""source_kind"":""GEOLOGICAL_EVIDENCE"",""state_role"":""DAILY_REVIEW_CELL"",""valid_date"":""2023-10-18""}",bitemporal_version_f4250e9fb3b6db0f869b0130,bitemporal_version_540063c41656a0b9aa8eaebd,True,OPPORTUNITY_ADDED,OPPORTUNITY_ADDED,PASS,True
"{""attribute_name"":""lithology"",""base_stage3a_state_version_id"":""state_version_fac6469ae42f9ece0dbfcc40"",""cell_id"":""cell_2dfc9a7f03542dcf190b7553"",""claim_type"":""FORECAST_GEOLOGICAL_CONDITION"",""source_evidence_id"":""doc_6af39821d5a37fd21b28de70_e0005"",""source_kind"":""GEOLOGICAL_EVIDENCE"",""state_role"":""DAILY_REVIEW_CELL"",""valid_date"":""2023-10-18""}",bitemporal_version_f4250e9fb3b6db0f869b0130,bitemporal_version_540063c41656a0b9aa8eaebd,True,UNCHANGED_EXPRESSIBLE,UNCHANGED_EXPRESSIBLE,PASS,True
"{""attribute_name"":""lithology"",""base_stage3a_state_version_id"":""state_version_fac6469ae42f9ece0dbfcc40"",""cell_id"":""cell_2dfc9a7f03542dcf190b7553"",""claim_type"":""FORECAST_GEOLOGICAL_CONDITION"",""source_evidence_id"":""doc_ce88b5055d612f9f8fb8012e_e0002"",""source_kind"":""GEOLOGICAL_EVIDENCE"",""state_role"":""DAILY_REVIEW_CELL"",""valid_date"":""2023-10-18""}",bitemporal_version_f4250e9fb3b6db0f869b0130,bitemporal_version_540063c41656a0b9aa8eaebd,True,OPPORTUNITY_ADDED,OPPORTUNITY_ADDED,PASS,True
"{""attribute_name"":""lithology"",""base_stage3a_state_version_id"":""state_version_fac6469ae42f9ece0dbfcc40"",""cell_id"":""cell_2dfc9a7f03542dcf190b7553"",""claim_type"":""OBSERVED_GEOLOGICAL_CONDITION"",""source_evidence_id"":""doc_ce88b5055d612f9f8fb8012e_e0001"",""source_kind"":""GEOLOGICAL_EVIDENCE"",""state_role"":""DAILY_REVIEW_CELL"",""valid_date"":""2023-10-18""}",bitemporal_version_f4250e9fb3b6db0f869b0130,bitemporal_version_540063c41656a0b9aa8eaebd,True,OPPORTUNITY_ADDED,OPPORTUNITY_ADDED,PASS,True
"{""attribute_name"":""risk_hint"",""base_stage3a_state_version_id"":""state_version_fac6469ae42f9ece0dbfcc40"",""cell_id"":""cell_2dfc9a7f03542dcf190b7553"",""claim_type"":""FORECAST_GEOLOGICAL_CONDITION"",""source_evidence_id"":""doc_6af39821d5a37fd21b28de70_e0005"",""source_kind"":""GEOLOGICAL_EVIDENCE"",""state_role"":""DAILY_REVIEW_CELL"",""valid_date"":""2023-10-18""}",bitemporal_version_f4250e9fb3b6db0f869b0130,bitemporal_version_540063c41656a0b9aa8eaebd,True,UNCHANGED_EXPRESSIBLE,UNCHANGED_EXPRESSIBLE,PASS,True
"{""attribute_name"":""risk_hint"",""base_stage3a_state_version_id"":""state_version_fac6469ae42f9ece0dbfcc40"",""cell_id"":""cell_2dfc9a7f03542dcf190b7553"",""claim_type"":""FORECAST_GEOLOGICAL_CONDITION"",""source_evidence_id"":""doc_ce88b5055d612f9f8fb8012e_e0002"",""source_kind"":""GEOLOGICAL_EVIDENCE"",""state_role"":""DAILY_REVIEW_CELL"",""valid_date"":""2023-10-18""}",bitemporal_version_f4250e9fb3b6db0f869b0130,bitemporal_version_540063c41656a0b9aa8eaebd,True,OPPORTUNITY_ADDED,OPPORTUNITY_ADDED,PASS,True
"{""attribute_name"":""rock_mass_state"",""base_stage3a_state_version_id"":""state_version_fac6469ae42f9ece0dbfcc40"",""cell_id"":""cell_2dfc9a7f03542dcf190b7553"",""claim_type"":""FORECAST_GEOLOGICAL_CONDITION"",""source_evidence_id"":""doc_6af39821d5a37fd21b28de70_e0005"",""source_kind"":""GEOLOGICAL_EVIDENCE"",""state_role"":""DAILY_REVIEW_CELL"",""valid_date"":""2023-10-18""}",bitemporal_version_f4250e9fb3b6db0f869b0130,bitemporal_version_540063c41656a0b9aa8eaebd,True,UNCHANGED_EXPRESSIBLE,UNCHANGED_EXPRESSIBLE,PASS,True
"{""attribute_name"":""rock_mass_state"",""base_stage3a_state_version_id"":""state_version_fac6469ae42f9ece0dbfcc40"",""cell_id"":""cell_2dfc9a7f03542dcf190b7553"",""claim_type"":""FORECAST_GEOLOGICAL_CONDITION"",""source_evidence_id"":""doc_ce88b5055d612f9f8fb8012e_e0002"",""source_kind"":""GEOLOGICAL_EVIDENCE"",""state_role"":""DAILY_REVIEW_CELL"",""valid_date"":""2023-10-18""}",bitemporal_version_f4250e9fb3b6db0f869b0130,bitemporal_version_540063c41656a0b9aa8eaebd,True,OPPORTUNITY_ADDED,OPPORTUNITY_ADDED,PASS,True
"{""attribute_name"":""rock_mass_state"",""base_stage3a_state_version_id"":""state_version_fac6469ae42f9ece0dbfcc40"",""cell_id"":""cell_2dfc9a7f03542dcf190b7553"",""claim_type"":""OBSERVED_GEOLOGICAL_CONDITION"",""source_evidence_id"":""doc_ce88b5055d612f9f8fb8012e_e0001"",""source_kind"":""GEOLOGICAL_EVIDENCE"",""state_role"":""DAILY_REVIEW_CELL"",""valid_date"":""2023-10-18""}",bitemporal_version_f4250e9fb3b6db0f869b0130,bitemporal_version_540063c41656a0b9aa8eaebd,True,OPPORTUNITY_ADDED,OPPORTUNITY_ADDED,PASS,True
"{""attribute_name"":""suggested_grade"",""base_stage3a_state_version_id"":""state_version_fac6469ae42f9ece0dbfcc40"",""cell_id"":""cell_2dfc9a7f03542dcf190b7553"",""claim_type"":""FORECAST_GEOLOGICAL_CONDITION"",""source_evidence_id"":""doc_6af39821d5a37fd21b28de70_e0005"",""source_kind"":""GEOLOGICAL_EVIDENCE"",""state_role"":""DAILY_REVIEW_CELL"",""valid_date"":""2023-10-18""}",bitemporal_version_f4250e9fb3b6db0f869b0130,bitemporal_version_540063c41656a0b9aa8eaebd,True,UNCHANGED_EXPRESSIBLE,UNCHANGED_EXPRESSIBLE,PASS,True
"{""attribute_name"":""suggested_grade"",""base_stage3a_state_version_id"":""state_version_fac6469ae42f9ece0dbfcc40"",""cell_id"":""cell_2dfc9a7f03542dcf190b7553"",""claim_type"":""FORECAST_GEOLOGICAL_CONDITION"",""source_evidence_id"":""doc_ce88b5055d612f9f8fb8012e_e0002"",""source_kind"":""GEOLOGICAL_EVIDENCE"",""state_role"":""DAILY_REVIEW_CELL"",""valid_date"":""2023-10-18""}",bitemporal_version_f4250e9fb3b6db0f869b0130,bitemporal_version_540063c41656a0b9aa8eaebd,True,OPPORTUNITY_ADDED,OPPORTUNITY_ADDED,PASS,True
"{""attribute_name"":""weathering"",""base_stage3a_state_version_id"":""state_version_fac6469ae42f9ece0dbfcc40"",""cell_id"":""cell_2dfc9a7f03542dcf190b7553"",""claim_type"":""FORECAST_GEOLOGICAL_CONDITION"",""source_evidence_id"":""doc_6af39821d5a37fd21b28de70_e0005"",""source_kind"":""GEOLOGICAL_EVIDENCE"",""state_role"":""DAILY_REVIEW_CELL"",""valid_date"":""2023-10-18""}",bitemporal_version_f4250e9fb3b6db0f869b0130,bitemporal_version_540063c41656a0b9aa8eaebd,True,UNCHANGED_EXPRESSIBLE,UNCHANGED_EXPRESSIBLE,PASS,True
"{""attribute_name"":""weathering"",""base_stage3a_state_version_id"":""state_version_fac6469ae42f9ece0dbfcc40"",""cell_id"":""cell_2dfc9a7f03542dcf190b7553"",""claim_type"":""FORECAST_GEOLOGICAL_CONDITION"",""source_evidence_id"":""doc_ce88b5055d612f9f8fb8012e_e0002"",""source_kind"":""GEOLOGICAL_EVIDENCE"",""state_role"":""DAILY_REVIEW_CELL"",""valid_date"":""2023-10-18""}",bitemporal_version_f4250e9fb3b6db0f869b0130,bitemporal_version_540063c41656a0b9aa8eaebd,True,OPPORTUNITY_ADDED,OPPORTUNITY_ADDED,PASS,True
"{""attribute_name"":""weathering"",""base_stage3a_state_version_id"":""state_version_fac6469ae42f9ece0dbfcc40"",""cell_id"":""cell_2dfc9a7f03542dcf190b7553"",""claim_type"":""OBSERVED_GEOLOGICAL_CONDITION"",""source_evidence_id"":""doc_ce88b5055d612f9f8fb8012e_e0001"",""source_kind"":""GEOLOGICAL_EVIDENCE"",""state_role"":""DAILY_REVIEW_CELL"",""valid_date"":""2023-10-18""}",bitemporal_version_f4250e9fb3b6db0f869b0130,bitemporal_version_540063c41656a0b9aa8eaebd,True,OPPORTUNITY_ADDED,OPPORTUNITY_ADDED,PASS,True
"{""base_stage3a_state_version_id"":""state_version_fac6469ae42f9ece0dbfcc40"",""cell_id"":""cell_2dfc9a7f03542dcf190b7553"",""claim_type"":""COUPLED_ATTENTION_REVIEW"",""metric_name"":""GRCI"",""source_kind"":""STATE_GRCI"",""state_role"":""DAILY_REVIEW_CELL"",""valid_date"":""2023-10-18""}",bitemporal_version_f4250e9fb3b6db0f869b0130,bitemporal_version_540063c41656a0b9aa8eaebd,True,RESOLVED_SUPPORT_CHANGED,RESOLVED_SUPPORT_CHANGED,PASS,True
"{""base_stage3a_state_version_id"":""state_version_fac6469ae42f9ece0dbfcc40"",""cell_id"":""cell_2dfc9a7f03542dcf190b7553"",""claim_type"":""GEOLOGICAL_EVIDENCE_ATTENTION_REVIEW"",""metric_name"":""GRS"",""source_kind"":""STATE_GRS"",""state_role"":""DAILY_REVIEW_CELL"",""valid_date"":""2023-10-18""}",bitemporal_version_f4250e9fb3b6db0f869b0130,bitemporal_version_540063c41656a0b9aa8eaebd,True,RESOLVED_SUPPORT_CHANGED,RESOLVED_SUPPORT_CHANGED,PASS,True
"{""base_stage3a_state_version_id"":""state_version_fac6469ae42f9ece0dbfcc40"",""cell_id"":""cell_2dfc9a7f03542dcf190b7553"",""claim_type"":""OPERATIONAL_RESPONSE_ATTENTION"",""metric_name"":""RAI"",""source_kind"":""STATE_RAI"",""state_role"":""DAILY_REVIEW_CELL"",""valid_date"":""2023-10-18""}",bitemporal_version_f4250e9fb3b6db0f869b0130,bitemporal_version_540063c41656a0b9aa8eaebd,True,UNCHANGED_EXPRESSIBLE,UNCHANGED_EXPRESSIBLE,PASS,True
"{""attribute_name"":""anomaly_level"",""base_stage3a_state_version_id"":""state_version_5eca6a706f142eb75ed3b958"",""cell_id"":""cell_8daeb32ef201b43aa2396d30"",""claim_type"":""FORECAST_GEOLOGICAL_CONDITION"",""source_evidence_id"":""doc_26329a21844828d7f27d1512_e0002"",""source_kind"":""GEOLOGICAL_EVIDENCE"",""state_role"":""FORWARD_ATTENTION_CELL"",""valid_date"":""2023-12-18""}",bitemporal_version_e5bbdba4470a5f716c642573,bitemporal_version_60a47a5fd984377b63e4a326,True,UNCHANGED_ABSTAIN,UNCHANGED_ABSTAIN,PASS,True
"{""attribute_name"":""anomaly_level"",""base_stage3a_state_version_id"":""state_version_5eca6a706f142eb75ed3b958"",""cell_id"":""cell_8daeb32ef201b43aa2396d30"",""claim_type"":""FORECAST_GEOLOGICAL_CONDITION"",""source_evidence_id"":""doc_99cb24b0b45c767bece0fac1_e0004"",""source_kind"":""GEOLOGICAL_EVIDENCE"",""state_role"":""FORWARD_ATTENTION_CELL"",""valid_date"":""2023-12-18""}",bitemporal_version_e5bbdba4470a5f716c642573,bitemporal_version_60a47a5fd984377b63e4a326,True,UNCHANGED_ABSTAIN,UNCHANGED_ABSTAIN,PASS,True
"{""attribute_name"":""anomaly_level"",""base_stage3a_state_version_id"":""state_version_5eca6a706f142eb75ed3b958"",""cell_id"":""cell_8daeb32ef201b43aa2396d30"",""claim_type"":""FORECAST_GEOLOGICAL_CONDITION"",""source_evidence_id"":""doc_cae21ab80a31f71dbe3e20e9_e0002"",""source_kind"":""GEOLOGICAL_EVIDENCE"",""state_role"":""FORWARD_ATTENTION_CELL"",""valid_date"":""2023-12-18""}",bitemporal_version_e5bbdba4470a5f716c642573,bitemporal_version_60a47a5fd984377b63e4a326,True,OPPORTUNITY_ADDED,OPPORTUNITY_ADDED,PASS,True
"{""attribute_name"":""block_fall_or_collapse"",""base_stage3a_state_version_id"":""state_version_5eca6a706f142eb75ed3b958"",""cell_id"":""cell_8daeb32ef201b43aa2396d30"",""claim_type"":""FORECAST_GEOLOGICAL_CONDITION"",""source_evidence_id"":""doc_26329a21844828d7f27d1512_e0002"",""source_kind"":""GEOLOGICAL_EVIDENCE"",""state_role"":""FORWARD_ATTENTION_CELL"",""valid_date"":""2023-12-18""}",bitemporal_version_e5bbdba4470a5f716c642573,bitemporal_version_60a47a5fd984377b63e4a326,True,UNCHANGED_EXPRESSIBLE,UNCHANGED_EXPRESSIBLE,PASS,True
"{""attribute_name"":""geological_conclusion"",""base_stage3a_state_version_id"":""state_version_5eca6a706f142eb75ed3b958"",""cell_id"":""cell_8daeb32ef201b43aa2396d30"",""claim_type"":""FORECAST_GEOLOGICAL_CONDITION"",""source_evidence_id"":""doc_99cb24b0b45c767bece0fac1_e0004"",""source_kind"":""GEOLOGICAL_EVIDENCE"",""state_role"":""FORWARD_ATTENTION_CELL"",""valid_date"":""2023-12-18""}",bitemporal_version_e5bbdba4470a5f716c642573,bitemporal_version_60a47a5fd984377b63e4a326,True,UNCHANGED_EXPRESSIBLE,UNCHANGED_EXPRESSIBLE,PASS,True
"{""attribute_name"":""geological_conclusion"",""base_stage3a_state_version_id"":""state_version_5eca6a706f142eb75ed3b958"",""cell_id"":""cell_8daeb32ef201b43aa2396d30"",""claim_type"":""FORECAST_GEOLOGICAL_CONDITION"",""source_evidence_id"":""doc_cae21ab80a31f71dbe3e20e9_e0002"",""source_kind"":""GEOLOGICAL_EVIDENCE"",""state_role"":""FORWARD_ATTENTION_CELL"",""valid_date"":""2023-12-18""}",bitemporal_version_e5bbdba4470a5f716c642573,bitemporal_version_60a47a5fd984377b63e4a326,True,OPPORTUNITY_ADDED,OPPORTUNITY_ADDED,PASS,True
"{""attribute_name"":""joint_development"",""base_stage3a_state_version_id"":""state_version_5eca6a706f142eb75ed3b958"",""cell_id"":""cell_8daeb32ef201b43aa2396d30"",""claim_type"":""FORECAST_GEOLOGICAL_CONDITION"",""source_evidence_id"":""doc_26329a21844828d7f27d1512_e0002"",""source_kind"":""GEOLOGICAL_EVIDENCE"",""state_role"":""FORWARD_ATTENTION_CELL"",""valid_date"":""2023-12-18""}",bitemporal_version_e5bbdba4470a5f716c642573,bitemporal_version_60a47a5fd984377b63e4a326,True,UNCHANGED_EXPRESSIBLE,UNCHANGED_EXPRESSIBLE,PASS,True
"{""attribute_name"":""joint_development"",""base_stage3a_state_version_id"":""state_version_5eca6a706f142eb75ed3b958"",""cell_id"":""cell_8daeb32ef201b43aa2396d30"",""claim_type"":""FORECAST_GEOLOGICAL_CONDITION"",""source_evidence_id"":""doc_99cb24b0b45c767bece0fac1_e0004"",""source_kind"":""GEOLOGICAL_EVIDENCE"",""state_role"":""FORWARD_ATTENTION_CELL"",""valid_date"":""2023-12-18""}",bitemporal_version_e5bbdba4470a5f716c642573,bitemporal_version_60a47a5fd984377b63e4a326,True,UNCHANGED_EXPRESSIBLE,UNCHANGED_EXPRESSIBLE,PASS,True
"{""attribute_name"":""joint_development"",""base_stage3a_state_version_id"":""state_version_5eca6a706f142eb75ed3b958"",""cell_id"":""cell_8daeb32ef201b43aa2396d30"",""claim_type"":""FORECAST_GEOLOGICAL_CONDITION"",""source_evidence_id"":""doc_cae21ab80a31f71dbe3e20e9_e0002"",""source_kind"":""GEOLOGICAL_EVIDENCE"",""state_role"":""FORWARD_ATTENTION_CELL"",""valid_date"":""2023-12-18""}",bitemporal_version_e5bbdba4470a5f716c642573,bitemporal_version_60a47a5fd984377b63e4a326,True,OPPORTUNITY_ADDED,OPPORTUNITY_ADDED,PASS,True
"{""attribute_name"":""lithology"",""base_stage3a_state_version_id"":""state_version_5eca6a706f142eb75ed3b958"",""cell_id"":""cell_8daeb32ef201b43aa2396d30"",""claim_type"":""FORECAST_GEOLOGICAL_CONDITION"",""source_evidence_id"":""doc_26329a21844828d7f27d1512_e0002"",""source_kind"":""GEOLOGICAL_EVIDENCE"",""state_role"":""FORWARD_ATTENTION_CELL"",""valid_date"":""2023-12-18""}",bitemporal_version_e5bbdba4470a5f716c642573,bitemporal_version_60a47a5fd984377b63e4a326,True,UNCHANGED_EXPRESSIBLE,UNCHANGED_EXPRESSIBLE,PASS,True
"{""attribute_name"":""lithology"",""base_stage3a_state_version_id"":""state_version_5eca6a706f142eb75ed3b958"",""cell_id"":""cell_8daeb32ef201b43aa2396d30"",""claim_type"":""FORECAST_GEOLOGICAL_CONDITION"",""source_evidence_id"":""doc_99cb24b0b45c767bece0fac1_e0004"",""source_kind"":""GEOLOGICAL_EVIDENCE"",""state_role"":""FORWARD_ATTENTION_CELL"",""valid_date"":""2023-12-18""}",bitemporal_version_e5bbdba4470a5f716c642573,bitemporal_version_60a47a5fd984377b63e4a326,True,UNCHANGED_EXPRESSIBLE,UNCHANGED_EXPRESSIBLE,PASS,True
"{""attribute_name"":""lithology"",""base_stage3a_state_version_id"":""state_version_5eca6a706f142eb75ed3b958"",""cell_id"":""cell_8daeb32ef201b43aa2396d30"",""claim_type"":""FORECAST_GEOLOGICAL_CONDITION"",""source_evidence_id"":""doc_cae21ab80a31f71dbe3e20e9_e0002"",""source_kind"":""GEOLOGICAL_EVIDENCE"",""state_role"":""FORWARD_ATTENTION_CELL"",""valid_date"":""2023-12-18""}",bitemporal_version_e5bbdba4470a5f716c642573,bitemporal_version_60a47a5fd984377b63e4a326,True,OPPORTUNITY_ADDED,OPPORTUNITY_ADDED,PASS,True
"{""attribute_name"":""narrative_water_observation"",""base_stage3a_state_version_id"":""state_version_5eca6a706f142eb75ed3b958"",""cell_id"":""cell_8daeb32ef201b43aa2396d30"",""claim_type"":""FORECAST_GEOLOGICAL_CONDITION"",""source_evidence_id"":""doc_26329a21844828d7f27d1512_e0002"",""source_kind"":""GEOLOGICAL_EVIDENCE"",""state_role"":""FORWARD_ATTENTION_CELL"",""valid_date"":""2023-12-18""}",bitemporal_version_e5bbdba4470a5f716c642573,bitemporal_version_60a47a5fd984377b63e4a326,True,UNCHANGED_EXPRESSIBLE,UNCHANGED_EXPRESSIBLE,PASS,True
"{""attribute_name"":""risk_hint"",""base_stage3a_state_version_id"":""state_version_5eca6a706f142eb75ed3b958"",""cell_id"":""cell_8daeb32ef201b43aa2396d30"",""claim_type"":""FORECAST_GEOLOGICAL_CONDITION"",""source_evidence_id"":""doc_99cb24b0b45c767bece0fac1_e0004"",""source_kind"":""GEOLOGICAL_EVIDENCE"",""state_role"":""FORWARD_ATTENTION_CELL"",""valid_date"":""2023-12-18""}",bitemporal_version_e5bbdba4470a5f716c642573,bitemporal_version_60a47a5fd984377b63e4a326,True,UNCHANGED_ABSTAIN,UNCHANGED_ABSTAIN,PASS,True
"{""attribute_name"":""risk_hint"",""base_stage3a_state_version_id"":""state_version_5eca6a706f142eb75ed3b958"",""cell_id"":""cell_8daeb32ef201b43aa2396d30"",""claim_type"":""FORECAST_GEOLOGICAL_CONDITION"",""source_evidence_id"":""doc_cae21ab80a31f71dbe3e20e9_e0002"",""source_kind"":""GEOLOGICAL_EVIDENCE"",""state_role"":""FORWARD_ATTENTION_CELL"",""valid_date"":""2023-12-18""}",bitemporal_version_e5bbdba4470a5f716c642573,bitemporal_version_60a47a5fd984377b63e4a326,True,OPPORTUNITY_ADDED,OPPORTUNITY_ADDED,PASS,True
"{""attribute_name"":""rock_mass_state"",""base_stage3a_state_version_id"":""state_version_5eca6a706f142eb75ed3b958"",""cell_id"":""cell_8daeb32ef201b43aa2396d30"",""claim_type"":""FORECAST_GEOLOGICAL_CONDITION"",""source_evidence_id"":""doc_26329a21844828d7f27d1512_e0002"",""source_kind"":""GEOLOGICAL_EVIDENCE"",""state_role"":""FORWARD_ATTENTION_CELL"",""valid_date"":""2023-12-18""}",bitemporal_version_e5bbdba4470a5f716c642573,bitemporal_version_60a47a5fd984377b63e4a326,True,UNCHANGED_EXPRESSIBLE,UNCHANGED_EXPRESSIBLE,PASS,True
"{""attribute_name"":""rock_mass_state"",""base_stage3a_state_version_id"":""state_version_5eca6a706f142eb75ed3b958"",""cell_id"":""cell_8daeb32ef201b43aa2396d30"",""claim_type"":""FORECAST_GEOLOGICAL_CONDITION"",""source_evidence_id"":""doc_99cb24b0b45c767bece0fac1_e0004"",""source_kind"":""GEOLOGICAL_EVIDENCE"",""state_role"":""FORWARD_ATTENTION_CELL"",""valid_date"":""2023-12-18""}",bitemporal_version_e5bbdba4470a5f716c642573,bitemporal_version_60a47a5fd984377b63e4a326,True,UNCHANGED_EXPRESSIBLE,UNCHANGED_EXPRESSIBLE,PASS,True
"{""attribute_name"":""rock_mass_state"",""base_stage3a_state_version_id"":""state_version_5eca6a706f142eb75ed3b958"",""cell_id"":""cell_8daeb32ef201b43aa2396d30"",""claim_type"":""FORECAST_GEOLOGICAL_CONDITION"",""source_evidence_id"":""doc_cae21ab80a31f71dbe3e20e9_e0002"",""source_kind"":""GEOLOGICAL_EVIDENCE"",""state_role"":""FORWARD_ATTENTION_CELL"",""valid_date"":""2023-12-18""}",bitemporal_version_e5bbdba4470a5f716c642573,bitemporal_version_60a47a5fd984377b63e4a326,True,OPPORTUNITY_ADDED,OPPORTUNITY_ADDED,PASS,True
"{""attribute_name"":""stability"",""base_stage3a_state_version_id"":""state_version_5eca6a706f142eb75ed3b958"",""cell_id"":""cell_8daeb32ef201b43aa2396d30"",""claim_type"":""FORECAST_GEOLOGICAL_CONDITION"",""source_evidence_id"":""doc_26329a21844828d7f27d1512_e0002"",""source_kind"":""GEOLOGICAL_EVIDENCE"",""state_role"":""FORWARD_ATTENTION_CELL"",""valid_date"":""2023-12-18""}",bitemporal_version_e5bbdba4470a5f716c642573,bitemporal_version_60a47a5fd984377b63e4a326,True,UNCHANGED_ABSTAIN,UNCHANGED_ABSTAIN,PASS,True
"{""attribute_name"":""suggested_grade"",""base_stage3a_state_version_id"":""state_version_5eca6a706f142eb75ed3b958"",""cell_id"":""cell_8daeb32ef201b43aa2396d30"",""claim_type"":""FORECAST_GEOLOGICAL_CONDITION"",""source_evidence_id"":""doc_99cb24b0b45c767bece0fac1_e0004"",""source_kind"":""GEOLOGICAL_EVIDENCE"",""state_role"":""FORWARD_ATTENTION_CELL"",""valid_date"":""2023-12-18""}",bitemporal_version_e5bbdba4470a5f716c642573,bitemporal_version_60a47a5fd984377b63e4a326,True,UNCHANGED_EXPRESSIBLE,UNCHANGED_EXPRESSIBLE,PASS,True
"{""attribute_name"":""suggested_grade"",""base_stage3a_state_version_id"":""state_version_5eca6a706f142eb75ed3b958"",""cell_id"":""cell_8daeb32ef201b43aa2396d30"",""claim_type"":""FORECAST_GEOLOGICAL_CONDITION"",""source_evidence_id"":""doc_cae21ab80a31f71dbe3e20e9_e0002"",""source_kind"":""GEOLOGICAL_EVIDENCE"",""state_role"":""FORWARD_ATTENTION_CELL"",""valid_date"":""2023-12-18""}",bitemporal_version_e5bbdba4470a5f716c642573,bitemporal_version_60a47a5fd984377b63e4a326,True,OPPORTUNITY_ADDED,OPPORTUNITY_ADDED,PASS,True
"{""attribute_name"":""water_type"",""base_stage3a_state_version_id"":""state_version_5eca6a706f142eb75ed3b958"",""cell_id"":""cell_8daeb32ef201b43aa2396d30"",""claim_type"":""FORECAST_GEOLOGICAL_CONDITION"",""source_evidence_id"":""doc_26329a21844828d7f27d1512_e0002"",""source_kind"":""GEOLOGICAL_EVIDENCE"",""state_role"":""FORWARD_ATTENTION_CELL"",""valid_date"":""2023-12-18""}",bitemporal_version_e5bbdba4470a5f716c642573,bitemporal_version_60a47a5fd984377b63e4a326,True,UNCHANGED_EXPRESSIBLE,UNCHANGED_EXPRESSIBLE,PASS,True
"{""attribute_name"":""weathering"",""base_stage3a_state_version_id"":""state_version_5eca6a706f142eb75ed3b958"",""cell_id"":""cell_8daeb32ef201b43aa2396d30"",""claim_type"":""FORECAST_GEOLOGICAL_CONDITION"",""source_evidence_id"":""doc_26329a21844828d7f27d1512_e0002"",""source_kind"":""GEOLOGICAL_EVIDENCE"",""state_role"":""FORWARD_ATTENTION_CELL"",""valid_date"":""2023-12-18""}",bitemporal_version_e5bbdba4470a5f716c642573,bitemporal_version_60a47a5fd984377b63e4a326,True,UNCHANGED_EXPRESSIBLE,UNCHANGED_EXPRESSIBLE,PASS,True
"{""attribute_name"":""weathering"",""base_stage3a_state_version_id"":""state_version_5eca6a706f142eb75ed3b958"",""cell_id"":""cell_8daeb32ef201b43aa2396d30"",""claim_type"":""FORECAST_GEOLOGICAL_CONDITION"",""source_evidence_id"":""doc_99cb24b0b45c767bece0fac1_e0004"",""source_kind"":""GEOLOGICAL_EVIDENCE"",""state_role"":""FORWARD_ATTENTION_CELL"",""valid_date"":""2023-12-18""}",bitemporal_version_e5bbdba4470a5f716c642573,bitemporal_version_60a47a5fd984377b63e4a326,True,UNCHANGED_EXPRESSIBLE,UNCHANGED_EXPRESSIBLE,PASS,True
"{""attribute_name"":""weathering"",""base_stage3a_state_version_id"":""state_version_5eca6a706f142eb75ed3b958"",""cell_id"":""cell_8daeb32ef201b43aa2396d30"",""claim_type"":""FORECAST_GEOLOGICAL_CONDITION"",""source_evidence_id"":""doc_cae21ab80a31f71dbe3e20e9_e0002"",""source_kind"":""GEOLOGICAL_EVIDENCE"",""state_role"":""FORWARD_ATTENTION_CELL"",""valid_date"":""2023-12-18""}",bitemporal_version_e5bbdba4470a5f716c642573,bitemporal_version_60a47a5fd984377b63e4a326,True,OPPORTUNITY_ADDED,OPPORTUNITY_ADDED,PASS,True
"{""base_stage3a_state_version_id"":""state_version_5eca6a706f142eb75ed3b958"",""cell_id"":""cell_8daeb32ef201b43aa2396d30"",""claim_type"":""FORWARD_GEOLOGICAL_ATTENTION"",""metric_name"":""GRS"",""source_kind"":""STATE_GRS"",""state_role"":""FORWARD_ATTENTION_CELL"",""valid_date"":""2023-12-18""}",bitemporal_version_e5bbdba4470a5f716c642573,bitemporal_version_60a47a5fd984377b63e4a326,True,RESOLVED_SUPPORT_CHANGED,RESOLVED_SUPPORT_CHANGED,PASS,True
"{""base_stage3a_state_version_id"":""state_version_5eca6a706f142eb75ed3b958"",""cell_id"":""cell_8daeb32ef201b43aa2396d30"",""claim_type"":""OPERATIONAL_RESPONSE_ATTENTION"",""metric_name"":""RAI"",""source_kind"":""STATE_RAI"",""state_role"":""FORWARD_ATTENTION_CELL"",""valid_date"":""2023-12-18""}",bitemporal_version_e5bbdba4470a5f716c642573,bitemporal_version_60a47a5fd984377b63e4a326,True,UNCHANGED_ABSTAIN,UNCHANGED_ABSTAIN,PASS,True
"{""attribute_name"":""anomaly_level"",""base_stage3a_state_version_id"":""state_version_a087bcee7ad244843163ae34"",""cell_id"":""cell_ee76ecb149a38cfe2eff82bf"",""claim_type"":""FORECAST_GEOLOGICAL_CONDITION"",""source_evidence_id"":""doc_1bccaf9b3397c0d25601b19d_e0002"",""source_kind"":""GEOLOGICAL_EVIDENCE"",""state_role"":""FORWARD_ATTENTION_CELL"",""valid_date"":""2023-11-28""}",bitemporal_version_0c2ca631c4b9f07ca811b6f9,bitemporal_version_636850156ab63610015a095f,True,OPPORTUNITY_ADDED,OPPORTUNITY_ADDED,PASS,True
"{""attribute_name"":""geological_conclusion"",""base_stage3a_state_version_id"":""state_version_a087bcee7ad244843163ae34"",""cell_id"":""cell_ee76ecb149a38cfe2eff82bf"",""claim_type"":""FORECAST_GEOLOGICAL_CONDITION"",""source_evidence_id"":""doc_1bccaf9b3397c0d25601b19d_e0002"",""source_kind"":""GEOLOGICAL_EVIDENCE"",""state_role"":""FORWARD_ATTENTION_CELL"",""valid_date"":""2023-11-28""}",bitemporal_version_0c2ca631c4b9f07ca811b6f9,bitemporal_version_636850156ab63610015a095f,True,OPPORTUNITY_ADDED,OPPORTUNITY_ADDED,PASS,True
"{""attribute_name"":""joint_development"",""base_stage3a_state_version_id"":""state_version_a087bcee7ad244843163ae34"",""cell_id"":""cell_ee76ecb149a38cfe2eff82bf"",""claim_type"":""FORECAST_GEOLOGICAL_CONDITION"",""source_evidence_id"":""doc_1bccaf9b3397c0d25601b19d_e0002"",""source_kind"":""GEOLOGICAL_EVIDENCE"",""state_role"":""FORWARD_ATTENTION_CELL"",""valid_date"":""2023-11-28""}",bitemporal_version_0c2ca631c4b9f07ca811b6f9,bitemporal_version_636850156ab63610015a095f,True,OPPORTUNITY_ADDED,OPPORTUNITY_ADDED,PASS,True
"{""attribute_name"":""lithology"",""base_stage3a_state_version_id"":""state_version_a087bcee7ad244843163ae34"",""cell_id"":""cell_ee76ecb149a38cfe2eff82bf"",""claim_type"":""FORECAST_GEOLOGICAL_CONDITION"",""source_evidence_id"":""doc_1bccaf9b3397c0d25601b19d_e0002"",""source_kind"":""GEOLOGICAL_EVIDENCE"",""state_role"":""FORWARD_ATTENTION_CELL"",""valid_date"":""2023-11-28""}",bitemporal_version_0c2ca631c4b9f07ca811b6f9,bitemporal_version_636850156ab63610015a095f,True,OPPORTUNITY_ADDED,OPPORTUNITY_ADDED,PASS,True
"{""attribute_name"":""risk_hint"",""base_stage3a_state_version_id"":""state_version_a087bcee7ad244843163ae34"",""cell_id"":""cell_ee76ecb149a38cfe2eff82bf"",""claim_type"":""FORECAST_GEOLOGICAL_CONDITION"",""source_evidence_id"":""doc_1bccaf9b3397c0d25601b19d_e0002"",""source_kind"":""GEOLOGICAL_EVIDENCE"",""state_role"":""FORWARD_ATTENTION_CELL"",""valid_date"":""2023-11-28""}",bitemporal_version_0c2ca631c4b9f07ca811b6f9,bitemporal_version_636850156ab63610015a095f,True,OPPORTUNITY_ADDED,OPPORTUNITY_ADDED,PASS,True
"{""attribute_name"":""rock_mass_state"",""base_stage3a_state_version_id"":""state_version_a087bcee7ad244843163ae34"",""cell_id"":""cell_ee76ecb149a38cfe2eff82bf"",""claim_type"":""FORECAST_GEOLOGICAL_CONDITION"",""source_evidence_id"":""doc_1bccaf9b3397c0d25601b19d_e0002"",""source_kind"":""GEOLOGICAL_EVIDENCE"",""state_role"":""FORWARD_ATTENTION_CELL"",""valid_date"":""2023-11-28""}",bitemporal_version_0c2ca631c4b9f07ca811b6f9,bitemporal_version_636850156ab63610015a095f,True,OPPORTUNITY_ADDED,OPPORTUNITY_ADDED,PASS,True
"{""attribute_name"":""suggested_grade"",""base_stage3a_state_version_id"":""state_version_a087bcee7ad244843163ae34"",""cell_id"":""cell_ee76ecb149a38cfe2eff82bf"",""claim_type"":""FORECAST_GEOLOGICAL_CONDITION"",""source_evidence_id"":""doc_1bccaf9b3397c0d25601b19d_e0002"",""source_kind"":""GEOLOGICAL_EVIDENCE"",""state_role"":""FORWARD_ATTENTION_CELL"",""valid_date"":""2023-11-28""}",bitemporal_version_0c2ca631c4b9f07ca811b6f9,bitemporal_version_636850156ab63610015a095f,True,OPPORTUNITY_ADDED,OPPORTUNITY_ADDED,PASS,True
"{""attribute_name"":""weathering"",""base_stage3a_state_version_id"":""state_version_a087bcee7ad244843163ae34"",""cell_id"":""cell_ee76ecb149a38cfe2eff82bf"",""claim_type"":""FORECAST_GEOLOGICAL_CONDITION"",""source_evidence_id"":""doc_1bccaf9b3397c0d25601b19d_e0002"",""source_kind"":""GEOLOGICAL_EVIDENCE"",""state_role"":""FORWARD_ATTENTION_CELL"",""valid_date"":""2023-11-28""}",bitemporal_version_0c2ca631c4b9f07ca811b6f9,bitemporal_version_636850156ab63610015a095f,True,OPPORTUNITY_ADDED,OPPORTUNITY_ADDED,PASS,True
"{""base_stage3a_state_version_id"":""state_version_a087bcee7ad244843163ae34"",""cell_id"":""cell_ee76ecb149a38cfe2eff82bf"",""claim_type"":""FORWARD_GEOLOGICAL_ATTENTION"",""metric_name"":""GRS"",""source_kind"":""STATE_GRS"",""state_role"":""FORWARD_ATTENTION_CELL"",""valid_date"":""2023-11-28""}",bitemporal_version_0c2ca631c4b9f07ca811b6f9,bitemporal_version_636850156ab63610015a095f,True,ABSTAIN_TO_EXPRESSIBLE,ABSTAIN_TO_EXPRESSIBLE,PASS,True
"{""base_stage3a_state_version_id"":""state_version_a087bcee7ad244843163ae34"",""cell_id"":""cell_ee76ecb149a38cfe2eff82bf"",""claim_type"":""OPERATIONAL_RESPONSE_ATTENTION"",""metric_name"":""RAI"",""source_kind"":""STATE_RAI"",""state_role"":""FORWARD_ATTENTION_CELL"",""valid_date"":""2023-11-28""}",bitemporal_version_0c2ca631c4b9f07ca811b6f9,bitemporal_version_636850156ab63610015a095f,True,UNCHANGED_ABSTAIN,UNCHANGED_ABSTAIN,PASS,True
"{""attribute_name"":""anomaly_level"",""base_stage3a_state_version_id"":""state_version_6048efc4dd21fd80dc3ecedf"",""cell_id"":""cell_74760c064abb487c9a1b536d"",""claim_type"":""FORECAST_GEOLOGICAL_CONDITION"",""source_evidence_id"":""doc_d0afc25463d4776277ebb952_e0002"",""source_kind"":""GEOLOGICAL_EVIDENCE"",""state_role"":""FORWARD_ATTENTION_CELL"",""valid_date"":""2023-11-17""}",bitemporal_version_623f48c8a2398ae7604e93b6,bitemporal_version_65d5f80eced5716713a4fdb8,True,OPPORTUNITY_ADDED,OPPORTUNITY_ADDED,PASS,True
"{""attribute_name"":""anomaly_level"",""base_stage3a_state_version_id"":""state_version_6048efc4dd21fd80dc3ecedf"",""cell_id"":""cell_74760c064abb487c9a1b536d"",""claim_type"":""FORECAST_GEOLOGICAL_CONDITION"",""source_evidence_id"":""doc_d0afc25463d4776277ebb952_e0003"",""source_kind"":""GEOLOGICAL_EVIDENCE"",""state_role"":""FORWARD_ATTENTION_CELL"",""valid_date"":""2023-11-17""}",bitemporal_version_623f48c8a2398ae7604e93b6,bitemporal_version_65d5f80eced5716713a4fdb8,True,OPPORTUNITY_ADDED,OPPORTUNITY_ADDED,PASS,True
"{""attribute_name"":""geological_conclusion"",""base_stage3a_state_version_id"":""state_version_6048efc4dd21fd80dc3ecedf"",""cell_id"":""cell_74760c064abb487c9a1b536d"",""claim_type"":""FORECAST_GEOLOGICAL_CONDITION"",""source_evidence_id"":""doc_d0afc25463d4776277ebb952_e0002"",""source_kind"":""GEOLOGICAL_EVIDENCE"",""state_role"":""FORWARD_ATTENTION_CELL"",""valid_date"":""2023-11-17""}",bitemporal_version_623f48c8a2398ae7604e93b6,bitemporal_version_65d5f80eced5716713a4fdb8,True,OPPORTUNITY_ADDED,OPPORTUNITY_ADDED,PASS,True
"{""attribute_name"":""geological_conclusion"",""base_stage3a_state_version_id"":""state_version_6048efc4dd21fd80dc3ecedf"",""cell_id"":""cell_74760c064abb487c9a1b536d"",""claim_type"":""FORECAST_GEOLOGICAL_CONDITION"",""source_evidence_id"":""doc_d0afc25463d4776277ebb952_e0003"",""source_kind"":""GEOLOGICAL_EVIDENCE"",""state_role"":""FORWARD_ATTENTION_CELL"",""valid_date"":""2023-11-17""}",bitemporal_version_623f48c8a2398ae7604e93b6,bitemporal_version_65d5f80eced5716713a4fdb8,True,OPPORTUNITY_ADDED,OPPORTUNITY_ADDED,PASS,True
"{""attribute_name"":""joint_development"",""base_stage3a_state_version_id"":""state_version_6048efc4dd21fd80dc3ecedf"",""cell_id"":""cell_74760c064abb487c9a1b536d"",""claim_type"":""FORECAST_GEOLOGICAL_CONDITION"",""source_evidence_id"":""doc_d0afc25463d4776277ebb952_e0002"",""source_kind"":""GEOLOGICAL_EVIDENCE"",""state_role"":""FORWARD_ATTENTION_CELL"",""valid_date"":""2023-11-17""}",bitemporal_version_623f48c8a2398ae7604e93b6,bitemporal_version_65d5f80eced5716713a4fdb8,True,OPPORTUNITY_ADDED,OPPORTUNITY_ADDED,PASS,True
"{""attribute_name"":""joint_development"",""base_stage3a_state_version_id"":""state_version_6048efc4dd21fd80dc3ecedf"",""cell_id"":""cell_74760c064abb487c9a1b536d"",""claim_type"":""FORECAST_GEOLOGICAL_CONDITION"",""source_evidence_id"":""doc_d0afc25463d4776277ebb952_e0003"",""source_kind"":""GEOLOGICAL_EVIDENCE"",""state_role"":""FORWARD_ATTENTION_CELL"",""valid_date"":""2023-11-17""}",bitemporal_version_623f48c8a2398ae7604e93b6,bitemporal_version_65d5f80eced5716713a4fdb8,True,OPPORTUNITY_ADDED,OPPORTUNITY_ADDED,PASS,True
"{""attribute_name"":""lithology"",""base_stage3a_state_version_id"":""state_version_6048efc4dd21fd80dc3ecedf"",""cell_id"":""cell_74760c064abb487c9a1b536d"",""claim_type"":""FORECAST_GEOLOGICAL_CONDITION"",""source_evidence_id"":""doc_d0afc25463d4776277ebb952_e0002"",""source_kind"":""GEOLOGICAL_EVIDENCE"",""state_role"":""FORWARD_ATTENTION_CELL"",""valid_date"":""2023-11-17""}",bitemporal_version_623f48c8a2398ae7604e93b6,bitemporal_version_65d5f80eced5716713a4fdb8,True,OPPORTUNITY_ADDED,OPPORTUNITY_ADDED,PASS,True
"{""attribute_name"":""lithology"",""base_stage3a_state_version_id"":""state_version_6048efc4dd21fd80dc3ecedf"",""cell_id"":""cell_74760c064abb487c9a1b536d"",""claim_type"":""FORECAST_GEOLOGICAL_CONDITION"",""source_evidence_id"":""doc_d0afc25463d4776277ebb952_e0003"",""source_kind"":""GEOLOGICAL_EVIDENCE"",""state_role"":""FORWARD_ATTENTION_CELL"",""valid_date"":""2023-11-17""}",bitemporal_version_623f48c8a2398ae7604e93b6,bitemporal_version_65d5f80eced5716713a4fdb8,True,OPPORTUNITY_ADDED,OPPORTUNITY_ADDED,PASS,True
"{""attribute_name"":""risk_hint"",""base_stage3a_state_version_id"":""state_version_6048efc4dd21fd80dc3ecedf"",""cell_id"":""cell_74760c064abb487c9a1b536d"",""claim_type"":""FORECAST_GEOLOGICAL_CONDITION"",""source_evidence_id"":""doc_d0afc25463d4776277ebb952_e0002"",""source_kind"":""GEOLOGICAL_EVIDENCE"",""state_role"":""FORWARD_ATTENTION_CELL"",""valid_date"":""2023-11-17""}",bitemporal_version_623f48c8a2398ae7604e93b6,bitemporal_version_65d5f80eced5716713a4fdb8,True,OPPORTUNITY_ADDED,OPPORTUNITY_ADDED,PASS,True
"{""attribute_name"":""risk_hint"",""base_stage3a_state_version_id"":""state_version_6048efc4dd21fd80dc3ecedf"",""cell_id"":""cell_74760c064abb487c9a1b536d"",""claim_type"":""FORECAST_GEOLOGICAL_CONDITION"",""source_evidence_id"":""doc_d0afc25463d4776277ebb952_e0003"",""source_kind"":""GEOLOGICAL_EVIDENCE"",""state_role"":""FORWARD_ATTENTION_CELL"",""valid_date"":""2023-11-17""}",bitemporal_version_623f48c8a2398ae7604e93b6,bitemporal_version_65d5f80eced5716713a4fdb8,True,OPPORTUNITY_ADDED,OPPORTUNITY_ADDED,PASS,True
"{""attribute_name"":""rock_mass_state"",""base_stage3a_state_version_id"":""state_version_6048efc4dd21fd80dc3ecedf"",""cell_id"":""cell_74760c064abb487c9a1b536d"",""claim_type"":""FORECAST_GEOLOGICAL_CONDITION"",""source_evidence_id"":""doc_d0afc25463d4776277ebb952_e0002"",""source_kind"":""GEOLOGICAL_EVIDENCE"",""state_role"":""FORWARD_ATTENTION_CELL"",""valid_date"":""2023-11-17""}",bitemporal_version_623f48c8a2398ae7604e93b6,bitemporal_version_65d5f80eced5716713a4fdb8,True,OPPORTUNITY_ADDED,OPPORTUNITY_ADDED,PASS,True
"{""attribute_name"":""rock_mass_state"",""base_stage3a_state_version_id"":""state_version_6048efc4dd21fd80dc3ecedf"",""cell_id"":""cell_74760c064abb487c9a1b536d"",""claim_type"":""FORECAST_GEOLOGICAL_CONDITION"",""source_evidence_id"":""doc_d0afc25463d4776277ebb952_e0003"",""source_kind"":""GEOLOGICAL_EVIDENCE"",""state_role"":""FORWARD_ATTENTION_CELL"",""valid_date"":""2023-11-17""}",bitemporal_version_623f48c8a2398ae7604e93b6,bitemporal_version_65d5f80eced5716713a4fdb8,True,OPPORTUNITY_ADDED,OPPORTUNITY_ADDED,PASS,True
"{""attribute_name"":""suggested_grade"",""base_stage3a_state_version_id"":""state_version_6048efc4dd21fd80dc3ecedf"",""cell_id"":""cell_74760c064abb487c9a1b536d"",""claim_type"":""FORECAST_GEOLOGICAL_CONDITION"",""source_evidence_id"":""doc_d0afc25463d4776277ebb952_e0002"",""source_kind"":""GEOLOGICAL_EVIDENCE"",""state_role"":""FORWARD_ATTENTION_CELL"",""valid_date"":""2023-11-17""}",bitemporal_version_623f48c8a2398ae7604e93b6,bitemporal_version_65d5f80eced5716713a4fdb8,True,OPPORTUNITY_ADDED,OPPORTUNITY_ADDED,PASS,True
"{""attribute_name"":""suggested_grade"",""base_stage3a_state_version_id"":""state_version_6048efc4dd21fd80dc3ecedf"",""cell_id"":""cell_74760c064abb487c9a1b536d"",""claim_type"":""FORECAST_GEOLOGICAL_CONDITION"",""source_evidence_id"":""doc_d0afc25463d4776277ebb952_e0003"",""source_kind"":""GEOLOGICAL_EVIDENCE"",""state_role"":""FORWARD_ATTENTION_CELL"",""valid_date"":""2023-11-17""}",bitemporal_version_623f48c8a2398ae7604e93b6,bitemporal_version_65d5f80eced5716713a4fdb8,True,OPPORTUNITY_ADDED,OPPORTUNITY_ADDED,PASS,True
"{""attribute_name"":""weathering"",""base_stage3a_state_version_id"":""state_version_6048efc4dd21fd80dc3ecedf"",""cell_id"":""cell_74760c064abb487c9a1b536d"",""claim_type"":""FORECAST_GEOLOGICAL_CONDITION"",""source_evidence_id"":""doc_d0afc25463d4776277ebb952_e0002"",""source_kind"":""GEOLOGICAL_EVIDENCE"",""state_role"":""FORWARD_ATTENTION_CELL"",""valid_date"":""2023-11-17""}",bitemporal_version_623f48c8a2398ae7604e93b6,bitemporal_version_65d5f80eced5716713a4fdb8,True,OPPORTUNITY_ADDED,OPPORTUNITY_ADDED,PASS,True
"{""attribute_name"":""weathering"",""base_stage3a_state_version_id"":""state_version_6048efc4dd21fd80dc3ecedf"",""cell_id"":""cell_74760c064abb487c9a1b536d"",""claim_type"":""FORECAST_GEOLOGICAL_CONDITION"",""source_evidence_id"":""doc_d0afc25463d4776277ebb952_e0003"",""source_kind"":""GEOLOGICAL_EVIDENCE"",""state_role"":""FORWARD_ATTENTION_CELL"",""valid_date"":""2023-11-17""}",bitemporal_version_623f48c8a2398ae7604e93b6,bitemporal_version_65d5f80eced5716713a4fdb8,True,OPPORTUNITY_ADDED,OPPORTUNITY_ADDED,PASS,True
"{""base_stage3a_state_version_id"":""state_version_6048efc4dd21fd80dc3ecedf"",""cell_id"":""cell_74760c064abb487c9a1b536d"",""claim_type"":""FORWARD_GEOLOGICAL_ATTENTION"",""metric_name"":""GRS"",""source_kind"":""STATE_GRS"",""state_role"":""FORWARD_ATTENTION_CELL"",""valid_date"":""2023-11-17""}",bitemporal_version_623f48c8a2398ae7604e93b6,bitemporal_version_65d5f80eced5716713a4fdb8,True,ABSTAIN_TO_EXPRESSIBLE,ABSTAIN_TO_EXPRESSIBLE,PASS,True
"{""base_stage3a_state_version_id"":""state_version_6048efc4dd21fd80dc3ecedf"",""cell_id"":""cell_74760c064abb487c9a1b536d"",""claim_type"":""OPERATIONAL_RESPONSE_ATTENTION"",""metric_name"":""RAI"",""source_kind"":""STATE_RAI"",""state_role"":""FORWARD_ATTENTION_CELL"",""valid_date"":""2023-11-17""}",bitemporal_version_623f48c8a2398ae7604e93b6,bitemporal_version_65d5f80eced5716713a4fdb8,True,UNCHANGED_ABSTAIN,UNCHANGED_ABSTAIN,PASS,True
"{""attribute_name"":""anomaly_level"",""base_stage3a_state_version_id"":""state_version_b4b6eeba1773c90b7df93fd7"",""cell_id"":""cell_b1b5dac189844b4209fccbad"",""claim_type"":""FORECAST_GEOLOGICAL_CONDITION"",""source_evidence_id"":""doc_28d57b5baaf883772b83b6e8_e0002"",""source_kind"":""GEOLOGICAL_EVIDENCE"",""state_role"":""FORWARD_ATTENTION_CELL"",""valid_date"":""2023-10-26""}",bitemporal_version_747dfb2f476dc6c6d7df6d9e,bitemporal_version_6b7ba1b220405f4d6c9d717f,True,OPPORTUNITY_ADDED,OPPORTUNITY_ADDED,PASS,True
"{""attribute_name"":""geological_conclusion"",""base_stage3a_state_version_id"":""state_version_b4b6eeba1773c90b7df93fd7"",""cell_id"":""cell_b1b5dac189844b4209fccbad"",""claim_type"":""FORECAST_GEOLOGICAL_CONDITION"",""source_evidence_id"":""doc_28d57b5baaf883772b83b6e8_e0002"",""source_kind"":""GEOLOGICAL_EVIDENCE"",""state_role"":""FORWARD_ATTENTION_CELL"",""valid_date"":""2023-10-26""}",bitemporal_version_747dfb2f476dc6c6d7df6d9e,bitemporal_version_6b7ba1b220405f4d6c9d717f,True,OPPORTUNITY_ADDED,OPPORTUNITY_ADDED,PASS,True
"{""attribute_name"":""joint_development"",""base_stage3a_state_version_id"":""state_version_b4b6eeba1773c90b7df93fd7"",""cell_id"":""cell_b1b5dac189844b4209fccbad"",""claim_type"":""FORECAST_GEOLOGICAL_CONDITION"",""source_evidence_id"":""doc_28d57b5baaf883772b83b6e8_e0002"",""source_kind"":""GEOLOGICAL_EVIDENCE"",""state_role"":""FORWARD_ATTENTION_CELL"",""valid_date"":""2023-10-26""}",bitemporal_version_747dfb2f476dc6c6d7df6d9e,bitemporal_version_6b7ba1b220405f4d6c9d717f,True,OPPORTUNITY_ADDED,OPPORTUNITY_ADDED,PASS,True
"{""attribute_name"":""lithology"",""base_stage3a_state_version_id"":""state_version_b4b6eeba1773c90b7df93fd7"",""cell_id"":""cell_b1b5dac189844b4209fccbad"",""claim_type"":""FORECAST_GEOLOGICAL_CONDITION"",""source_evidence_id"":""doc_28d57b5baaf883772b83b6e8_e0002"",""source_kind"":""GEOLOGICAL_EVIDENCE"",""state_role"":""FORWARD_ATTENTION_CELL"",""valid_date"":""2023-10-26""}",bitemporal_version_747dfb2f476dc6c6d7df6d9e,bitemporal_version_6b7ba1b220405f4d6c9d717f,True,OPPORTUNITY_ADDED,OPPORTUNITY_ADDED,PASS,True
"{""attribute_name"":""risk_hint"",""base_stage3a_state_version_id"":""state_version_b4b6eeba1773c90b7df93fd7"",""cell_id"":""cell_b1b5dac189844b4209fccbad"",""claim_type"":""FORECAST_GEOLOGICAL_CONDITION"",""source_evidence_id"":""doc_28d57b5baaf883772b83b6e8_e0002"",""source_kind"":""GEOLOGICAL_EVIDENCE"",""state_role"":""FORWARD_ATTENTION_CELL"",""valid_date"":""2023-10-26""}",bitemporal_version_747dfb2f476dc6c6d7df6d9e,bitemporal_version_6b7ba1b220405f4d6c9d717f,True,OPPORTUNITY_ADDED,OPPORTUNITY_ADDED,PASS,True
"{""attribute_name"":""rock_mass_state"",""base_stage3a_state_version_id"":""state_version_b4b6eeba1773c90b7df93fd7"",""cell_id"":""cell_b1b5dac189844b4209fccbad"",""claim_type"":""FORECAST_GEOLOGICAL_CONDITION"",""source_evidence_id"":""doc_28d57b5baaf883772b83b6e8_e0002"",""source_kind"":""GEOLOGICAL_EVIDENCE"",""state_role"":""FORWARD_ATTENTION_CELL"",""valid_date"":""2023-10-26""}",bitemporal_version_747dfb2f476dc6c6d7df6d9e,bitemporal_version_6b7ba1b220405f4d6c9d717f,True,OPPORTUNITY_ADDED,OPPORTUNITY_ADDED,PASS,True
"{""attribute_name"":""suggested_grade"",""base_stage3a_state_version_id"":""state_version_b4b6eeba1773c90b7df93fd7"",""cell_id"":""cell_b1b5dac189844b4209fccbad"",""claim_type"":""FORECAST_GEOLOGICAL_CONDITION"",""source_evidence_id"":""doc_28d57b5baaf883772b83b6e8_e0002"",""source_kind"":""GEOLOGICAL_EVIDENCE"",""state_role"":""FORWARD_ATTENTION_CELL"",""valid_date"":""2023-10-26""}",bitemporal_version_747dfb2f476dc6c6d7df6d9e,bitemporal_version_6b7ba1b220405f4d6c9d717f,True,OPPORTUNITY_ADDED,OPPORTUNITY_ADDED,PASS,True
"{""attribute_name"":""weathering"",""base_stage3a_state_version_id"":""state_version_b4b6eeba1773c90b7df93fd7"",""cell_id"":""cell_b1b5dac189844b4209fccbad"",""claim_type"":""FORECAST_GEOLOGICAL_CONDITION"",""source_evidence_id"":""doc_28d57b5baaf883772b83b6e8_e0002"",""source_kind"":""GEOLOGICAL_EVIDENCE"",""state_role"":""FORWARD_ATTENTION_CELL"",""valid_date"":""2023-10-26""}",bitemporal_version_747dfb2f476dc6c6d7df6d9e,bitemporal_version_6b7ba1b220405f4d6c9d717f,True,OPPORTUNITY_ADDED,OPPORTUNITY_ADDED,PASS,True
"{""base_stage3a_state_version_id"":""state_version_b4b6eeba1773c90b7df93fd7"",""cell_id"":""cell_b1b5dac189844b4209fccbad"",""claim_type"":""FORWARD_GEOLOGICAL_ATTENTION"",""metric_name"":""GRS"",""source_kind"":""STATE_GRS"",""state_role"":""FORWARD_ATTENTION_CELL"",""valid_date"":""2023-10-26""}",bitemporal_version_747dfb2f476dc6c6d7df6d9e,bitemporal_version_6b7ba1b220405f4d6c9d717f,True,ABSTAIN_TO_EXPRESSIBLE,ABSTAIN_TO_EXPRESSIBLE,PASS,True
"{""base_stage3a_state_version_id"":""state_version_b4b6eeba1773c90b7df93fd7"",""cell_id"":""cell_b1b5dac189844b4209fccbad"",""claim_type"":""OPERATIONAL_RESPONSE_ATTENTION"",""metric_name"":""RAI"",""source_kind"":""STATE_RAI"",""state_role"":""FORWARD_ATTENTION_CELL"",""valid_date"":""2023-10-26""}",bitemporal_version_747dfb2f476dc6c6d7df6d9e,bitemporal_version_6b7ba1b220405f4d6c9d717f,True,UNCHANGED_ABSTAIN,UNCHANGED_ABSTAIN,PASS,True
"{""attribute_name"":""anomaly_level"",""base_stage3a_state_version_id"":""state_version_7707fd8b10a68be5641d1449"",""cell_id"":""cell_a988b2656051f7e18ac637e4"",""claim_type"":""FORECAST_GEOLOGICAL_CONDITION"",""source_evidence_id"":""doc_99cb24b0b45c767bece0fac1_e0003"",""source_kind"":""GEOLOGICAL_EVIDENCE"",""state_role"":""FORWARD_ATTENTION_CELL"",""valid_date"":""2023-12-16""}",bitemporal_version_9418128c653968d6175c40d1,bitemporal_version_6ba5ca2e302a80eff6775e6b,True,OPPORTUNITY_ADDED,OPPORTUNITY_ADDED,PASS,True
"{""attribute_name"":""anomaly_level"",""base_stage3a_state_version_id"":""state_version_7707fd8b10a68be5641d1449"",""cell_id"":""cell_a988b2656051f7e18ac637e4"",""claim_type"":""FORECAST_GEOLOGICAL_CONDITION"",""source_evidence_id"":""doc_c6033d47fac60b63875a730d_e0002"",""source_kind"":""GEOLOGICAL_EVIDENCE"",""state_role"":""FORWARD_ATTENTION_CELL"",""valid_date"":""2023-12-16""}",bitemporal_version_9418128c653968d6175c40d1,bitemporal_version_6ba5ca2e302a80eff6775e6b,True,UNCHANGED_ABSTAIN,UNCHANGED_ABSTAIN,PASS,True
"{""attribute_name"":""block_fall_or_collapse"",""base_stage3a_state_version_id"":""state_version_7707fd8b10a68be5641d1449"",""cell_id"":""cell_a988b2656051f7e18ac637e4"",""claim_type"":""FORECAST_GEOLOGICAL_CONDITION"",""source_evidence_id"":""doc_c6033d47fac60b63875a730d_e0002"",""source_kind"":""GEOLOGICAL_EVIDENCE"",""state_role"":""FORWARD_ATTENTION_CELL"",""valid_date"":""2023-12-16""}",bitemporal_version_9418128c653968d6175c40d1,bitemporal_version_6ba5ca2e302a80eff6775e6b,True,UNCHANGED_EXPRESSIBLE,UNCHANGED_EXPRESSIBLE,PASS,True
"{""attribute_name"":""geological_conclusion"",""base_stage3a_state_version_id"":""state_version_7707fd8b10a68be5641d1449"",""cell_id"":""cell_a988b2656051f7e18ac637e4"",""claim_type"":""FORECAST_GEOLOGICAL_CONDITION"",""source_evidence_id"":""doc_99cb24b0b45c767bece0fac1_e0003"",""source_kind"":""GEOLOGICAL_EVIDENCE"",""state_role"":""FORWARD_ATTENTION_CELL"",""valid_date"":""2023-12-16""}",bitemporal_version_9418128c653968d6175c40d1,bitemporal_version_6ba5ca2e302a80eff6775e6b,True,OPPORTUNITY_ADDED,OPPORTUNITY_ADDED,PASS,True
"{""attribute_name"":""joint_development"",""base_stage3a_state_version_id"":""state_version_7707fd8b10a68be5641d1449"",""cell_id"":""cell_a988b2656051f7e18ac637e4"",""claim_type"":""FORECAST_GEOLOGICAL_CONDITION"",""source_evidence_id"":""doc_99cb24b0b45c767bece0fac1_e0003"",""source_kind"":""GEOLOGICAL_EVIDENCE"",""state_role"":""FORWARD_ATTENTION_CELL"",""valid_date"":""2023-12-16""}",bitemporal_version_9418128c653968d6175c40d1,bitemporal_version_6ba5ca2e302a80eff6775e6b,True,OPPORTUNITY_ADDED,OPPORTUNITY_ADDED,PASS,True
"{""attribute_name"":""joint_development"",""base_stage3a_state_version_id"":""state_version_7707fd8b10a68be5641d1449"",""cell_id"":""cell_a988b2656051f7e18ac637e4"",""claim_type"":""FORECAST_GEOLOGICAL_CONDITION"",""source_evidence_id"":""doc_c6033d47fac60b63875a730d_e0002"",""source_kind"":""GEOLOGICAL_EVIDENCE"",""state_role"":""FORWARD_ATTENTION_CELL"",""valid_date"":""2023-12-16""}",bitemporal_version_9418128c653968d6175c40d1,bitemporal_version_6ba5ca2e302a80eff6775e6b,True,UNCHANGED_EXPRESSIBLE,UNCHANGED_EXPRESSIBLE,PASS,True
"{""attribute_name"":""lithology"",""base_stage3a_state_version_id"":""state_version_7707fd8b10a68be5641d1449"",""cell_id"":""cell_a988b2656051f7e18ac637e4"",""claim_type"":""FORECAST_GEOLOGICAL_CONDITION"",""source_evidence_id"":""doc_99cb24b0b45c767bece0fac1_e0003"",""source_kind"":""GEOLOGICAL_EVIDENCE"",""state_role"":""FORWARD_ATTENTION_CELL"",""valid_date"":""2023-12-16""}",bitemporal_version_9418128c653968d6175c40d1,bitemporal_version_6ba5ca2e302a80eff6775e6b,True,OPPORTUNITY_ADDED,OPPORTUNITY_ADDED,PASS,True
"{""attribute_name"":""lithology"",""base_stage3a_state_version_id"":""state_version_7707fd8b10a68be5641d1449"",""cell_id"":""cell_a988b2656051f7e18ac637e4"",""claim_type"":""FORECAST_GEOLOGICAL_CONDITION"",""source_evidence_id"":""doc_c6033d47fac60b63875a730d_e0002"",""source_kind"":""GEOLOGICAL_EVIDENCE"",""state_role"":""FORWARD_ATTENTION_CELL"",""valid_date"":""2023-12-16""}",bitemporal_version_9418128c653968d6175c40d1,bitemporal_version_6ba5ca2e302a80eff6775e6b,True,UNCHANGED_EXPRESSIBLE,UNCHANGED_EXPRESSIBLE,PASS,True
"{""attribute_name"":""narrative_water_observation"",""base_stage3a_state_version_id"":""state_version_7707fd8b10a68be5641d1449"",""cell_id"":""cell_a988b2656051f7e18ac637e4"",""claim_type"":""FORECAST_GEOLOGICAL_CONDITION"",""source_evidence_id"":""doc_c6033d47fac60b63875a730d_e0002"",""source_kind"":""GEOLOGICAL_EVIDENCE"",""state_role"":""FORWARD_ATTENTION_CELL"",""valid_date"":""2023-12-16""}",bitemporal_version_9418128c653968d6175c40d1,bitemporal_version_6ba5ca2e302a80eff6775e6b,True,UNCHANGED_EXPRESSIBLE,UNCHANGED_EXPRESSIBLE,PASS,True
"{""attribute_name"":""risk_hint"",""base_stage3a_state_version_id"":""state_version_7707fd8b10a68be5641d1449"",""cell_id"":""cell_a988b2656051f7e18ac637e4"",""claim_type"":""FORECAST_GEOLOGICAL_CONDITION"",""source_evidence_id"":""doc_99cb24b0b45c767bece0fac1_e0003"",""source_kind"":""GEOLOGICAL_EVIDENCE"",""state_role"":""FORWARD_ATTENTION_CELL"",""valid_date"":""2023-12-16""}",bitemporal_version_9418128c653968d6175c40d1,bitemporal_version_6ba5ca2e302a80eff6775e6b,True,OPPORTUNITY_ADDED,OPPORTUNITY_ADDED,PASS,True
"{""attribute_name"":""rock_mass_state"",""base_stage3a_state_version_id"":""state_version_7707fd8b10a68be5641d1449"",""cell_id"":""cell_a988b2656051f7e18ac637e4"",""claim_type"":""FORECAST_GEOLOGICAL_CONDITION"",""source_evidence_id"":""doc_99cb24b0b45c767bece0fac1_e0003"",""source_kind"":""GEOLOGICAL_EVIDENCE"",""state_role"":""FORWARD_ATTENTION_CELL"",""valid_date"":""2023-12-16""}",bitemporal_version_9418128c653968d6175c40d1,bitemporal_version_6ba5ca2e302a80eff6775e6b,True,OPPORTUNITY_ADDED,OPPORTUNITY_ADDED,PASS,True
"{""attribute_name"":""rock_mass_state"",""base_stage3a_state_version_id"":""state_version_7707fd8b10a68be5641d1449"",""cell_id"":""cell_a988b2656051f7e18ac637e4"",""claim_type"":""FORECAST_GEOLOGICAL_CONDITION"",""source_evidence_id"":""doc_c6033d47fac60b63875a730d_e0002"",""source_kind"":""GEOLOGICAL_EVIDENCE"",""state_role"":""FORWARD_ATTENTION_CELL"",""valid_date"":""2023-12-16""}",bitemporal_version_9418128c653968d6175c40d1,bitemporal_version_6ba5ca2e302a80eff6775e6b,True,UNCHANGED_EXPRESSIBLE,UNCHANGED_EXPRESSIBLE,PASS,True
"{""attribute_name"":""stability"",""base_stage3a_state_version_id"":""state_version_7707fd8b10a68be5641d1449"",""cell_id"":""cell_a988b2656051f7e18ac637e4"",""claim_type"":""FORECAST_GEOLOGICAL_CONDITION"",""source_evidence_id"":""doc_c6033d47fac60b63875a730d_e0002"",""source_kind"":""GEOLOGICAL_EVIDENCE"",""state_role"":""FORWARD_ATTENTION_CELL"",""valid_date"":""2023-12-16""}",bitemporal_version_9418128c653968d6175c40d1,bitemporal_version_6ba5ca2e302a80eff6775e6b,True,UNCHANGED_ABSTAIN,UNCHANGED_ABSTAIN,PASS,True
"{""attribute_name"":""suggested_grade"",""base_stage3a_state_version_id"":""state_version_7707fd8b10a68be5641d1449"",""cell_id"":""cell_a988b2656051f7e18ac637e4"",""claim_type"":""FORECAST_GEOLOGICAL_CONDITION"",""source_evidence_id"":""doc_99cb24b0b45c767bece0fac1_e0003"",""source_kind"":""GEOLOGICAL_EVIDENCE"",""state_role"":""FORWARD_ATTENTION_CELL"",""valid_date"":""2023-12-16""}",bitemporal_version_9418128c653968d6175c40d1,bitemporal_version_6ba5ca2e302a80eff6775e6b,True,OPPORTUNITY_ADDED,OPPORTUNITY_ADDED,PASS,True
"{""attribute_name"":""water_type"",""base_stage3a_state_version_id"":""state_version_7707fd8b10a68be5641d1449"",""cell_id"":""cell_a988b2656051f7e18ac637e4"",""claim_type"":""FORECAST_GEOLOGICAL_CONDITION"",""source_evidence_id"":""doc_c6033d47fac60b63875a730d_e0002"",""source_kind"":""GEOLOGICAL_EVIDENCE"",""state_role"":""FORWARD_ATTENTION_CELL"",""valid_date"":""2023-12-16""}",bitemporal_version_9418128c653968d6175c40d1,bitemporal_version_6ba5ca2e302a80eff6775e6b,True,UNCHANGED_EXPRESSIBLE,UNCHANGED_EXPRESSIBLE,PASS,True
"{""attribute_name"":""weathering"",""base_stage3a_state_version_id"":""state_version_7707fd8b10a68be5641d1449"",""cell_id"":""cell_a988b2656051f7e18ac637e4"",""claim_type"":""FORECAST_GEOLOGICAL_CONDITION"",""source_evidence_id"":""doc_99cb24b0b45c767bece0fac1_e0003"",""source_kind"":""GEOLOGICAL_EVIDENCE"",""state_role"":""FORWARD_ATTENTION_CELL"",""valid_date"":""2023-12-16""}",bitemporal_version_9418128c653968d6175c40d1,bitemporal_version_6ba5ca2e302a80eff6775e6b,True,OPPORTUNITY_ADDED,OPPORTUNITY_ADDED,PASS,True
"{""attribute_name"":""weathering"",""base_stage3a_state_version_id"":""state_version_7707fd8b10a68be5641d1449"",""cell_id"":""cell_a988b2656051f7e18ac637e4"",""claim_type"":""FORECAST_GEOLOGICAL_CONDITION"",""source_evidence_id"":""doc_c6033d47fac60b63875a730d_e0002"",""source_kind"":""GEOLOGICAL_EVIDENCE"",""state_role"":""FORWARD_ATTENTION_CELL"",""valid_date"":""2023-12-16""}",bitemporal_version_9418128c653968d6175c40d1,bitemporal_version_6ba5ca2e302a80eff6775e6b,True,UNCHANGED_EXPRESSIBLE,UNCHANGED_EXPRESSIBLE,PASS,True
"{""base_stage3a_state_version_id"":""state_version_7707fd8b10a68be5641d1449"",""cell_id"":""cell_a988b2656051f7e18ac637e4"",""claim_type"":""FORWARD_GEOLOGICAL_ATTENTION"",""metric_name"":""GRS"",""source_kind"":""STATE_GRS"",""state_role"":""FORWARD_ATTENTION_CELL"",""valid_date"":""2023-12-16""}",bitemporal_version_9418128c653968d6175c40d1,bitemporal_version_6ba5ca2e302a80eff6775e6b,True,CLAIM_VALUE_CHANGED,CLAIM_VALUE_CHANGED,PASS,True
"{""base_stage3a_state_version_id"":""state_version_7707fd8b10a68be5641d1449"",""cell_id"":""cell_a988b2656051f7e18ac637e4"",""claim_type"":""OPERATIONAL_RESPONSE_ATTENTION"",""metric_name"":""RAI"",""source_kind"":""STATE_RAI"",""state_role"":""FORWARD_ATTENTION_CELL"",""valid_date"":""2023-12-16""}",bitemporal_version_9418128c653968d6175c40d1,bitemporal_version_6ba5ca2e302a80eff6775e6b,True,UNCHANGED_ABSTAIN,UNCHANGED_ABSTAIN,PASS,True
"{""attribute_name"":""anomaly_level"",""base_stage3a_state_version_id"":""state_version_aca568e1dc43719beec3a8fa"",""cell_id"":""cell_d8fa56c73ebc8ef37293fd07"",""claim_type"":""FORECAST_GEOLOGICAL_CONDITION"",""source_evidence_id"":""doc_28d57b5baaf883772b83b6e8_e0002"",""source_kind"":""GEOLOGICAL_EVIDENCE"",""state_role"":""FORWARD_ATTENTION_CELL"",""valid_date"":""2023-10-26""}",bitemporal_version_6e45c03106bd7a3f6e9cb85b,bitemporal_version_6be1ef48cce660a6936e0012,True,OPPORTUNITY_ADDED,OPPORTUNITY_ADDED,PASS,True
"{""attribute_name"":""geological_conclusion"",""base_stage3a_state_version_id"":""state_version_aca568e1dc43719beec3a8fa"",""cell_id"":""cell_d8fa56c73ebc8ef37293fd07"",""claim_type"":""FORECAST_GEOLOGICAL_CONDITION"",""source_evidence_id"":""doc_28d57b5baaf883772b83b6e8_e0002"",""source_kind"":""GEOLOGICAL_EVIDENCE"",""state_role"":""FORWARD_ATTENTION_CELL"",""valid_date"":""2023-10-26""}",bitemporal_version_6e45c03106bd7a3f6e9cb85b,bitemporal_version_6be1ef48cce660a6936e0012,True,OPPORTUNITY_ADDED,OPPORTUNITY_ADDED,PASS,True
"{""attribute_name"":""joint_development"",""base_stage3a_state_version_id"":""state_version_aca568e1dc43719beec3a8fa"",""cell_id"":""cell_d8fa56c73ebc8ef37293fd07"",""claim_type"":""FORECAST_GEOLOGICAL_CONDITION"",""source_evidence_id"":""doc_28d57b5baaf883772b83b6e8_e0002"",""source_kind"":""GEOLOGICAL_EVIDENCE"",""state_role"":""FORWARD_ATTENTION_CELL"",""valid_date"":""2023-10-26""}",bitemporal_version_6e45c03106bd7a3f6e9cb85b,bitemporal_version_6be1ef48cce660a6936e0012,True,OPPORTUNITY_ADDED,OPPORTUNITY_ADDED,PASS,True
"{""attribute_name"":""lithology"",""base_stage3a_state_version_id"":""state_version_aca568e1dc43719beec3a8fa"",""cell_id"":""cell_d8fa56c73ebc8ef37293fd07"",""claim_type"":""FORECAST_GEOLOGICAL_CONDITION"",""source_evidence_id"":""doc_28d57b5baaf883772b83b6e8_e0002"",""source_kind"":""GEOLOGICAL_EVIDENCE"",""state_role"":""FORWARD_ATTENTION_CELL"",""valid_date"":""2023-10-26""}",bitemporal_version_6e45c03106bd7a3f6e9cb85b,bitemporal_version_6be1ef48cce660a6936e0012,True,OPPORTUNITY_ADDED,OPPORTUNITY_ADDED,PASS,True
"{""attribute_name"":""risk_hint"",""base_stage3a_state_version_id"":""state_version_aca568e1dc43719beec3a8fa"",""cell_id"":""cell_d8fa56c73ebc8ef37293fd07"",""claim_type"":""FORECAST_GEOLOGICAL_CONDITION"",""source_evidence_id"":""doc_28d57b5baaf883772b83b6e8_e0002"",""source_kind"":""GEOLOGICAL_EVIDENCE"",""state_role"":""FORWARD_ATTENTION_CELL"",""valid_date"":""2023-10-26""}",bitemporal_version_6e45c03106bd7a3f6e9cb85b,bitemporal_version_6be1ef48cce660a6936e0012,True,OPPORTUNITY_ADDED,OPPORTUNITY_ADDED,PASS,True
"{""attribute_name"":""rock_mass_state"",""base_stage3a_state_version_id"":""state_version_aca568e1dc43719beec3a8fa"",""cell_id"":""cell_d8fa56c73ebc8ef37293fd07"",""claim_type"":""FORECAST_GEOLOGICAL_CONDITION"",""source_evidence_id"":""doc_28d57b5baaf883772b83b6e8_e0002"",""source_kind"":""GEOLOGICAL_EVIDENCE"",""state_role"":""FORWARD_ATTENTION_CELL"",""valid_date"":""2023-10-26""}",bitemporal_version_6e45c03106bd7a3f6e9cb85b,bitemporal_version_6be1ef48cce660a6936e0012,True,OPPORTUNITY_ADDED,OPPORTUNITY_ADDED,PASS,True
"{""attribute_name"":""suggested_grade"",""base_stage3a_state_version_id"":""state_version_aca568e1dc43719beec3a8fa"",""cell_id"":""cell_d8fa56c73ebc8ef37293fd07"",""claim_type"":""FORECAST_GEOLOGICAL_CONDITION"",""source_evidence_id"":""doc_28d57b5baaf883772b83b6e8_e0002"",""source_kind"":""GEOLOGICAL_EVIDENCE"",""state_role"":""FORWARD_ATTENTION_CELL"",""valid_date"":""2023-10-26""}",bitemporal_version_6e45c03106bd7a3f6e9cb85b,bitemporal_version_6be1ef48cce660a6936e0012,True,OPPORTUNITY_ADDED,OPPORTUNITY_ADDED,PASS,True
"{""attribute_name"":""weathering"",""base_stage3a_state_version_id"":""state_version_aca568e1dc43719beec3a8fa"",""cell_id"":""cell_d8fa56c73ebc8ef37293fd07"",""claim_type"":""FORECAST_GEOLOGICAL_CONDITION"",""source_evidence_id"":""doc_28d57b5baaf883772b83b6e8_e0002"",""source_kind"":""GEOLOGICAL_EVIDENCE"",""state_role"":""FORWARD_ATTENTION_CELL"",""valid_date"":""2023-10-26""}",bitemporal_version_6e45c03106bd7a3f6e9cb85b,bitemporal_version_6be1ef48cce660a6936e0012,True,OPPORTUNITY_ADDED,OPPORTUNITY_ADDED,PASS,True
"{""base_stage3a_state_version_id"":""state_version_aca568e1dc43719beec3a8fa"",""cell_id"":""cell_d8fa56c73ebc8ef37293fd07"",""claim_type"":""FORWARD_GEOLOGICAL_ATTENTION"",""metric_name"":""GRS"",""source_kind"":""STATE_GRS"",""state_role"":""FORWARD_ATTENTION_CELL"",""valid_date"":""2023-10-26""}",bitemporal_version_6e45c03106bd7a3f6e9cb85b,bitemporal_version_6be1ef48cce660a6936e0012,True,ABSTAIN_TO_EXPRESSIBLE,ABSTAIN_TO_EXPRESSIBLE,PASS,True
"{""base_stage3a_state_version_id"":""state_version_aca568e1dc43719beec3a8fa"",""cell_id"":""cell_d8fa56c73ebc8ef37293fd07"",""claim_type"":""OPERATIONAL_RESPONSE_ATTENTION"",""metric_name"":""RAI"",""source_kind"":""STATE_RAI"",""state_role"":""FORWARD_ATTENTION_CELL"",""valid_date"":""2023-10-26""}",bitemporal_version_6e45c03106bd7a3f6e9cb85b,bitemporal_version_6be1ef48cce660a6936e0012,True,UNCHANGED_ABSTAIN,UNCHANGED_ABSTAIN,PASS,True
"{""attribute_name"":""anomaly_level"",""base_stage3a_state_version_id"":""state_version_63477a985a762b821a76b94a"",""cell_id"":""cell_0c7c18a1ffef6d9e83e69815"",""claim_type"":""FORECAST_GEOLOGICAL_CONDITION"",""source_evidence_id"":""doc_c03e80c9fabf17e0b238ec9a_e0002"",""source_kind"":""GEOLOGICAL_EVIDENCE"",""state_role"":""FORWARD_ATTENTION_CELL"",""valid_date"":""2023-10-11""}",bitemporal_version_c12d8b91a76ec85621accc70,bitemporal_version_6d00be1d0e3378a03da3d3e7,True,OPPORTUNITY_ADDED,OPPORTUNITY_ADDED,PASS,True
"{""attribute_name"":""geological_conclusion"",""base_stage3a_state_version_id"":""state_version_63477a985a762b821a76b94a"",""cell_id"":""cell_0c7c18a1ffef6d9e83e69815"",""claim_type"":""FORECAST_GEOLOGICAL_CONDITION"",""source_evidence_id"":""doc_c03e80c9fabf17e0b238ec9a_e0002"",""source_kind"":""GEOLOGICAL_EVIDENCE"",""state_role"":""FORWARD_ATTENTION_CELL"",""valid_date"":""2023-10-11""}",bitemporal_version_c12d8b91a76ec85621accc70,bitemporal_version_6d00be1d0e3378a03da3d3e7,True,OPPORTUNITY_ADDED,OPPORTUNITY_ADDED,PASS,True
"{""attribute_name"":""joint_development"",""base_stage3a_state_version_id"":""state_version_63477a985a762b821a76b94a"",""cell_id"":""cell_0c7c18a1ffef6d9e83e69815"",""claim_type"":""FORECAST_GEOLOGICAL_CONDITION"",""source_evidence_id"":""doc_c03e80c9fabf17e0b238ec9a_e0002"",""source_kind"":""GEOLOGICAL_EVIDENCE"",""state_role"":""FORWARD_ATTENTION_CELL"",""valid_date"":""2023-10-11""}",bitemporal_version_c12d8b91a76ec85621accc70,bitemporal_version_6d00be1d0e3378a03da3d3e7,True,OPPORTUNITY_ADDED,OPPORTUNITY_ADDED,PASS,True
"{""attribute_name"":""lithology"",""base_stage3a_state_version_id"":""state_version_63477a985a762b821a76b94a"",""cell_id"":""cell_0c7c18a1ffef6d9e83e69815"",""claim_type"":""FORECAST_GEOLOGICAL_CONDITION"",""source_evidence_id"":""doc_c03e80c9fabf17e0b238ec9a_e0002"",""source_kind"":""GEOLOGICAL_EVIDENCE"",""state_role"":""FORWARD_ATTENTION_CELL"",""valid_date"":""2023-10-11""}",bitemporal_version_c12d8b91a76ec85621accc70,bitemporal_version_6d00be1d0e3378a03da3d3e7,True,OPPORTUNITY_ADDED,OPPORTUNITY_ADDED,PASS,True
"{""attribute_name"":""risk_hint"",""base_stage3a_state_version_id"":""state_version_63477a985a762b821a76b94a"",""cell_id"":""cell_0c7c18a1ffef6d9e83e69815"",""claim_type"":""FORECAST_GEOLOGICAL_CONDITION"",""source_evidence_id"":""doc_c03e80c9fabf17e0b238ec9a_e0002"",""source_kind"":""GEOLOGICAL_EVIDENCE"",""state_role"":""FORWARD_ATTENTION_CELL"",""valid_date"":""2023-10-11""}",bitemporal_version_c12d8b91a76ec85621accc70,bitemporal_version_6d00be1d0e3378a03da3d3e7,True,OPPORTUNITY_ADDED,OPPORTUNITY_ADDED,PASS,True
"{""attribute_name"":""rock_mass_state"",""base_stage3a_state_version_id"":""state_version_63477a985a762b821a76b94a"",""cell_id"":""cell_0c7c18a1ffef6d9e83e69815"",""claim_type"":""FORECAST_GEOLOGICAL_CONDITION"",""source_evidence_id"":""doc_c03e80c9fabf17e0b238ec9a_e0002"",""source_kind"":""GEOLOGICAL_EVIDENCE"",""state_role"":""FORWARD_ATTENTION_CELL"",""valid_date"":""2023-10-11""}",bitemporal_version_c12d8b91a76ec85621accc70,bitemporal_version_6d00be1d0e3378a03da3d3e7,True,OPPORTUNITY_ADDED,OPPORTUNITY_ADDED,PASS,True
"{""attribute_name"":""suggested_grade"",""base_stage3a_state_version_id"":""state_version_63477a985a762b821a76b94a"",""cell_id"":""cell_0c7c18a1ffef6d9e83e69815"",""claim_type"":""FORECAST_GEOLOGICAL_CONDITION"",""source_evidence_id"":""doc_c03e80c9fabf17e0b238ec9a_e0002"",""source_kind"":""GEOLOGICAL_EVIDENCE"",""state_role"":""FORWARD_ATTENTION_CELL"",""valid_date"":""2023-10-11""}",bitemporal_version_c12d8b91a76ec85621accc70,bitemporal_version_6d00be1d0e3378a03da3d3e7,True,OPPORTUNITY_ADDED,OPPORTUNITY_ADDED,PASS,True
"{""attribute_name"":""weathering"",""base_stage3a_state_version_id"":""state_version_63477a985a762b821a76b94a"",""cell_id"":""cell_0c7c18a1ffef6d9e83e69815"",""claim_type"":""FORECAST_GEOLOGICAL_CONDITION"",""source_evidence_id"":""doc_c03e80c9fabf17e0b238ec9a_e0002"",""source_kind"":""GEOLOGICAL_EVIDENCE"",""state_role"":""FORWARD_ATTENTION_CELL"",""valid_date"":""2023-10-11""}",bitemporal_version_c12d8b91a76ec85621accc70,bitemporal_version_6d00be1d0e3378a03da3d3e7,True,OPPORTUNITY_ADDED,OPPORTUNITY_ADDED,PASS,True
"{""base_stage3a_state_version_id"":""state_version_63477a985a762b821a76b94a"",""cell_id"":""cell_0c7c18a1ffef6d9e83e69815"",""claim_type"":""FORWARD_GEOLOGICAL_ATTENTION"",""metric_name"":""GRS"",""source_kind"":""STATE_GRS"",""state_role"":""FORWARD_ATTENTION_CELL"",""valid_date"":""2023-10-11""}",bitemporal_version_c12d8b91a76ec85621accc70,bitemporal_version_6d00be1d0e3378a03da3d3e7,True,ABSTAIN_TO_EXPRESSIBLE,ABSTAIN_TO_EXPRESSIBLE,PASS,True
"{""base_stage3a_state_version_id"":""state_version_63477a985a762b821a76b94a"",""cell_id"":""cell_0c7c18a1ffef6d9e83e69815"",""claim_type"":""OPERATIONAL_RESPONSE_ATTENTION"",""metric_name"":""RAI"",""source_kind"":""STATE_RAI"",""state_role"":""FORWARD_ATTENTION_CELL"",""valid_date"":""2023-10-11""}",bitemporal_version_c12d8b91a76ec85621accc70,bitemporal_version_6d00be1d0e3378a03da3d3e7,True,UNCHANGED_ABSTAIN,UNCHANGED_ABSTAIN,PASS,True
"{""attribute_name"":""anomaly_level"",""base_stage3a_state_version_id"":""state_version_f4116f6474625147de260ef0"",""cell_id"":""cell_23ac4564b0a3ce322fdb2bc1"",""claim_type"":""FORECAST_GEOLOGICAL_CONDITION"",""source_evidence_id"":""doc_c03e80c9fabf17e0b238ec9a_e0002"",""source_kind"":""GEOLOGICAL_EVIDENCE"",""state_role"":""FORWARD_ATTENTION_CELL"",""valid_date"":""2023-10-11""}",bitemporal_version_d5cc143d85d9962c310dab0e,bitemporal_version_6ee9dbb0c028f54705af8c67,True,OPPORTUNITY_ADDED,OPPORTUNITY_ADDED,PASS,True
"{""attribute_name"":""geological_conclusion"",""base_stage3a_state_version_id"":""state_version_f4116f6474625147de260ef0"",""cell_id"":""cell_23ac4564b0a3ce322fdb2bc1"",""claim_type"":""FORECAST_GEOLOGICAL_CONDITION"",""source_evidence_id"":""doc_c03e80c9fabf17e0b238ec9a_e0002"",""source_kind"":""GEOLOGICAL_EVIDENCE"",""state_role"":""FORWARD_ATTENTION_CELL"",""valid_date"":""2023-10-11""}",bitemporal_version_d5cc143d85d9962c310dab0e,bitemporal_version_6ee9dbb0c028f54705af8c67,True,OPPORTUNITY_ADDED,OPPORTUNITY_ADDED,PASS,True
"{""attribute_name"":""joint_development"",""base_stage3a_state_version_id"":""state_version_f4116f6474625147de260ef0"",""cell_id"":""cell_23ac4564b0a3ce322fdb2bc1"",""claim_type"":""FORECAST_GEOLOGICAL_CONDITION"",""source_evidence_id"":""doc_c03e80c9fabf17e0b238ec9a_e0002"",""source_kind"":""GEOLOGICAL_EVIDENCE"",""state_role"":""FORWARD_ATTENTION_CELL"",""valid_date"":""2023-10-11""}",bitemporal_version_d5cc143d85d9962c310dab0e,bitemporal_version_6ee9dbb0c028f54705af8c67,True,OPPORTUNITY_ADDED,OPPORTUNITY_ADDED,PASS,True
"{""attribute_name"":""lithology"",""base_stage3a_state_version_id"":""state_version_f4116f6474625147de260ef0"",""cell_id"":""cell_23ac4564b0a3ce322fdb2bc1"",""claim_type"":""FORECAST_GEOLOGICAL_CONDITION"",""source_evidence_id"":""doc_c03e80c9fabf17e0b238ec9a_e0002"",""source_kind"":""GEOLOGICAL_EVIDENCE"",""state_role"":""FORWARD_ATTENTION_CELL"",""valid_date"":""2023-10-11""}",bitemporal_version_d5cc143d85d9962c310dab0e,bitemporal_version_6ee9dbb0c028f54705af8c67,True,OPPORTUNITY_ADDED,OPPORTUNITY_ADDED,PASS,True
"{""attribute_name"":""risk_hint"",""base_stage3a_state_version_id"":""state_version_f4116f6474625147de260ef0"",""cell_id"":""cell_23ac4564b0a3ce322fdb2bc1"",""claim_type"":""FORECAST_GEOLOGICAL_CONDITION"",""source_evidence_id"":""doc_c03e80c9fabf17e0b238ec9a_e0002"",""source_kind"":""GEOLOGICAL_EVIDENCE"",""state_role"":""FORWARD_ATTENTION_CELL"",""valid_date"":""2023-10-11""}",bitemporal_version_d5cc143d85d9962c310dab0e,bitemporal_version_6ee9dbb0c028f54705af8c67,True,OPPORTUNITY_ADDED,OPPORTUNITY_ADDED,PASS,True
"{""attribute_name"":""rock_mass_state"",""base_stage3a_state_version_id"":""state_version_f4116f6474625147de260ef0"",""cell_id"":""cell_23ac4564b0a3ce322fdb2bc1"",""claim_type"":""FORECAST_GEOLOGICAL_CONDITION"",""source_evidence_id"":""doc_c03e80c9fabf17e0b238ec9a_e0002"",""source_kind"":""GEOLOGICAL_EVIDENCE"",""state_role"":""FORWARD_ATTENTION_CELL"",""valid_date"":""2023-10-11""}",bitemporal_version_d5cc143d85d9962c310dab0e,bitemporal_version_6ee9dbb0c028f54705af8c67,True,OPPORTUNITY_ADDED,OPPORTUNITY_ADDED,PASS,True
"{""attribute_name"":""suggested_grade"",""base_stage3a_state_version_id"":""state_version_f4116f6474625147de260ef0"",""cell_id"":""cell_23ac4564b0a3ce322fdb2bc1"",""claim_type"":""FORECAST_GEOLOGICAL_CONDITION"",""source_evidence_id"":""doc_c03e80c9fabf17e0b238ec9a_e0002"",""source_kind"":""GEOLOGICAL_EVIDENCE"",""state_role"":""FORWARD_ATTENTION_CELL"",""valid_date"":""2023-10-11""}",bitemporal_version_d5cc143d85d9962c310dab0e,bitemporal_version_6ee9dbb0c028f54705af8c67,True,OPPORTUNITY_ADDED,OPPORTUNITY_ADDED,PASS,True
"{""attribute_name"":""weathering"",""base_stage3a_state_version_id"":""state_version_f4116f6474625147de260ef0"",""cell_id"":""cell_23ac4564b0a3ce322fdb2bc1"",""claim_type"":""FORECAST_GEOLOGICAL_CONDITION"",""source_evidence_id"":""doc_c03e80c9fabf17e0b238ec9a_e0002"",""source_kind"":""GEOLOGICAL_EVIDENCE"",""state_role"":""FORWARD_ATTENTION_CELL"",""valid_date"":""2023-10-11""}",bitemporal_version_d5cc143d85d9962c310dab0e,bitemporal_version_6ee9dbb0c028f54705af8c67,True,OPPORTUNITY_ADDED,OPPORTUNITY_ADDED,PASS,True
"{""base_stage3a_state_version_id"":""state_version_f4116f6474625147de260ef0"",""cell_id"":""cell_23ac4564b0a3ce322fdb2bc1"",""claim_type"":""FORWARD_GEOLOGICAL_ATTENTION"",""metric_name"":""GRS"",""source_kind"":""STATE_GRS"",""state_role"":""FORWARD_ATTENTION_CELL"",""valid_date"":""2023-10-11""}",bitemporal_version_d5cc143d85d9962c310dab0e,bitemporal_version_6ee9dbb0c028f54705af8c67,True,ABSTAIN_TO_EXPRESSIBLE,ABSTAIN_TO_EXPRESSIBLE,PASS,True
"{""base_stage3a_state_version_id"":""state_version_f4116f6474625147de260ef0"",""cell_id"":""cell_23ac4564b0a3ce322fdb2bc1"",""claim_type"":""OPERATIONAL_RESPONSE_ATTENTION"",""metric_name"":""RAI"",""source_kind"":""STATE_RAI"",""state_role"":""FORWARD_ATTENTION_CELL"",""valid_date"":""2023-10-11""}",bitemporal_version_d5cc143d85d9962c310dab0e,bitemporal_version_6ee9dbb0c028f54705af8c67,True,UNCHANGED_ABSTAIN,UNCHANGED_ABSTAIN,PASS,True
"{""attribute_name"":""anomaly_level"",""base_stage3a_state_version_id"":""state_version_b7c9f64d000bea80771d2d68"",""cell_id"":""cell_9918a6975e555bb8745426a6"",""claim_type"":""FORECAST_GEOLOGICAL_CONDITION"",""source_evidence_id"":""doc_6af39821d5a37fd21b28de70_e0004"",""source_kind"":""GEOLOGICAL_EVIDENCE"",""state_role"":""FORWARD_ATTENTION_CELL"",""valid_date"":""2023-10-15""}",bitemporal_version_0f6502232b742a24e40ee83c,bitemporal_version_7277dbd2952a28f85f72cdb4,True,OPPORTUNITY_ADDED,OPPORTUNITY_ADDED,PASS,True
"{""attribute_name"":""geological_conclusion"",""base_stage3a_state_version_id"":""state_version_b7c9f64d000bea80771d2d68"",""cell_id"":""cell_9918a6975e555bb8745426a6"",""claim_type"":""FORECAST_GEOLOGICAL_CONDITION"",""source_evidence_id"":""doc_6af39821d5a37fd21b28de70_e0004"",""source_kind"":""GEOLOGICAL_EVIDENCE"",""state_role"":""FORWARD_ATTENTION_CELL"",""valid_date"":""2023-10-15""}",bitemporal_version_0f6502232b742a24e40ee83c,bitemporal_version_7277dbd2952a28f85f72cdb4,True,OPPORTUNITY_ADDED,OPPORTUNITY_ADDED,PASS,True
"{""attribute_name"":""joint_development"",""base_stage3a_state_version_id"":""state_version_b7c9f64d000bea80771d2d68"",""cell_id"":""cell_9918a6975e555bb8745426a6"",""claim_type"":""FORECAST_GEOLOGICAL_CONDITION"",""source_evidence_id"":""doc_6af39821d5a37fd21b28de70_e0004"",""source_kind"":""GEOLOGICAL_EVIDENCE"",""state_role"":""FORWARD_ATTENTION_CELL"",""valid_date"":""2023-10-15""}",bitemporal_version_0f6502232b742a24e40ee83c,bitemporal_version_7277dbd2952a28f85f72cdb4,True,OPPORTUNITY_ADDED,OPPORTUNITY_ADDED,PASS,True
"{""attribute_name"":""lithology"",""base_stage3a_state_version_id"":""state_version_b7c9f64d000bea80771d2d68"",""cell_id"":""cell_9918a6975e555bb8745426a6"",""claim_type"":""FORECAST_GEOLOGICAL_CONDITION"",""source_evidence_id"":""doc_6af39821d5a37fd21b28de70_e0004"",""source_kind"":""GEOLOGICAL_EVIDENCE"",""state_role"":""FORWARD_ATTENTION_CELL"",""valid_date"":""2023-10-15""}",bitemporal_version_0f6502232b742a24e40ee83c,bitemporal_version_7277dbd2952a28f85f72cdb4,True,OPPORTUNITY_ADDED,OPPORTUNITY_ADDED,PASS,True
"{""attribute_name"":""risk_hint"",""base_stage3a_state_version_id"":""state_version_b7c9f64d000bea80771d2d68"",""cell_id"":""cell_9918a6975e555bb8745426a6"",""claim_type"":""FORECAST_GEOLOGICAL_CONDITION"",""source_evidence_id"":""doc_6af39821d5a37fd21b28de70_e0004"",""source_kind"":""GEOLOGICAL_EVIDENCE"",""state_role"":""FORWARD_ATTENTION_CELL"",""valid_date"":""2023-10-15""}",bitemporal_version_0f6502232b742a24e40ee83c,bitemporal_version_7277dbd2952a28f85f72cdb4,True,OPPORTUNITY_ADDED,OPPORTUNITY_ADDED,PASS,True
"{""attribute_name"":""rock_mass_state"",""base_stage3a_state_version_id"":""state_version_b7c9f64d000bea80771d2d68"",""cell_id"":""cell_9918a6975e555bb8745426a6"",""claim_type"":""FORECAST_GEOLOGICAL_CONDITION"",""source_evidence_id"":""doc_6af39821d5a37fd21b28de70_e0004"",""source_kind"":""GEOLOGICAL_EVIDENCE"",""state_role"":""FORWARD_ATTENTION_CELL"",""valid_date"":""2023-10-15""}",bitemporal_version_0f6502232b742a24e40ee83c,bitemporal_version_7277dbd2952a28f85f72cdb4,True,OPPORTUNITY_ADDED,OPPORTUNITY_ADDED,PASS,True
"{""attribute_name"":""suggested_grade"",""base_stage3a_state_version_id"":""state_version_b7c9f64d000bea80771d2d68"",""cell_id"":""cell_9918a6975e555bb8745426a6"",""claim_type"":""FORECAST_GEOLOGICAL_CONDITION"",""source_evidence_id"":""doc_6af39821d5a37fd21b28de70_e0004"",""source_kind"":""GEOLOGICAL_EVIDENCE"",""state_role"":""FORWARD_ATTENTION_CELL"",""valid_date"":""2023-10-15""}",bitemporal_version_0f6502232b742a24e40ee83c,bitemporal_version_7277dbd2952a28f85f72cdb4,True,OPPORTUNITY_ADDED,OPPORTUNITY_ADDED,PASS,True
"{""attribute_name"":""weathering"",""base_stage3a_state_version_id"":""state_version_b7c9f64d000bea80771d2d68"",""cell_id"":""cell_9918a6975e555bb8745426a6"",""claim_type"":""FORECAST_GEOLOGICAL_CONDITION"",""source_evidence_id"":""doc_6af39821d5a37fd21b28de70_e0004"",""source_kind"":""GEOLOGICAL_EVIDENCE"",""state_role"":""FORWARD_ATTENTION_CELL"",""valid_date"":""2023-10-15""}",bitemporal_version_0f6502232b742a24e40ee83c,bitemporal_version_7277dbd2952a28f85f72cdb4,True,OPPORTUNITY_ADDED,OPPORTUNITY_ADDED,PASS,True
"{""base_stage3a_state_version_id"":""state_version_b7c9f64d000bea80771d2d68"",""cell_id"":""cell_9918a6975e555bb8745426a6"",""claim_type"":""FORWARD_GEOLOGICAL_ATTENTION"",""metric_name"":""GRS"",""source_kind"":""STATE_GRS"",""state_role"":""FORWARD_ATTENTION_CELL"",""valid_date"":""2023-10-15""}",bitemporal_version_0f6502232b742a24e40ee83c,bitemporal_version_7277dbd2952a28f85f72cdb4,True,ABSTAIN_TO_EXPRESSIBLE,ABSTAIN_TO_EXPRESSIBLE,PASS,True
"{""base_stage3a_state_version_id"":""state_version_b7c9f64d000bea80771d2d68"",""cell_id"":""cell_9918a6975e555bb8745426a6"",""claim_type"":""OPERATIONAL_RESPONSE_ATTENTION"",""metric_name"":""RAI"",""source_kind"":""STATE_RAI"",""state_role"":""FORWARD_ATTENTION_CELL"",""valid_date"":""2023-10-15""}",bitemporal_version_0f6502232b742a24e40ee83c,bitemporal_version_7277dbd2952a28f85f72cdb4,True,UNCHANGED_ABSTAIN,UNCHANGED_ABSTAIN,PASS,True
"{""attribute_name"":""anomaly_level"",""base_stage3a_state_version_id"":""state_version_ed221b03b2e40479c7ba42c2"",""cell_id"":""cell_8f3c162903e22fbfe2cbba42"",""claim_type"":""FORECAST_GEOLOGICAL_CONDITION"",""source_evidence_id"":""doc_042ef22be43ba006975946e2_e0002"",""source_kind"":""GEOLOGICAL_EVIDENCE"",""state_role"":""FORWARD_ATTENTION_CELL"",""valid_date"":""2023-09-22""}",bitemporal_version_43194bb14cfc647ee8b539c8,bitemporal_version_72e60100df4f5a214d5119f4,True,OPPORTUNITY_ADDED,OPPORTUNITY_ADDED,PASS,True
"{""attribute_name"":""geological_conclusion"",""base_stage3a_state_version_id"":""state_version_ed221b03b2e40479c7ba42c2"",""cell_id"":""cell_8f3c162903e22fbfe2cbba42"",""claim_type"":""FORECAST_GEOLOGICAL_CONDITION"",""source_evidence_id"":""doc_042ef22be43ba006975946e2_e0002"",""source_kind"":""GEOLOGICAL_EVIDENCE"",""state_role"":""FORWARD_ATTENTION_CELL"",""valid_date"":""2023-09-22""}",bitemporal_version_43194bb14cfc647ee8b539c8,bitemporal_version_72e60100df4f5a214d5119f4,True,OPPORTUNITY_ADDED,OPPORTUNITY_ADDED,PASS,True
"{""attribute_name"":""joint_development"",""base_stage3a_state_version_id"":""state_version_ed221b03b2e40479c7ba42c2"",""cell_id"":""cell_8f3c162903e22fbfe2cbba42"",""claim_type"":""FORECAST_GEOLOGICAL_CONDITION"",""source_evidence_id"":""doc_042ef22be43ba006975946e2_e0002"",""source_kind"":""GEOLOGICAL_EVIDENCE"",""state_role"":""FORWARD_ATTENTION_CELL"",""valid_date"":""2023-09-22""}",bitemporal_version_43194bb14cfc647ee8b539c8,bitemporal_version_72e60100df4f5a214d5119f4,True,OPPORTUNITY_ADDED,OPPORTUNITY_ADDED,PASS,True
"{""attribute_name"":""lithology"",""base_stage3a_state_version_id"":""state_version_ed221b03b2e40479c7ba42c2"",""cell_id"":""cell_8f3c162903e22fbfe2cbba42"",""claim_type"":""FORECAST_GEOLOGICAL_CONDITION"",""source_evidence_id"":""doc_042ef22be43ba006975946e2_e0002"",""source_kind"":""GEOLOGICAL_EVIDENCE"",""state_role"":""FORWARD_ATTENTION_CELL"",""valid_date"":""2023-09-22""}",bitemporal_version_43194bb14cfc647ee8b539c8,bitemporal_version_72e60100df4f5a214d5119f4,True,OPPORTUNITY_ADDED,OPPORTUNITY_ADDED,PASS,True
"{""attribute_name"":""risk_hint"",""base_stage3a_state_version_id"":""state_version_ed221b03b2e40479c7ba42c2"",""cell_id"":""cell_8f3c162903e22fbfe2cbba42"",""claim_type"":""FORECAST_GEOLOGICAL_CONDITION"",""source_evidence_id"":""doc_042ef22be43ba006975946e2_e0002"",""source_kind"":""GEOLOGICAL_EVIDENCE"",""state_role"":""FORWARD_ATTENTION_CELL"",""valid_date"":""2023-09-22""}",bitemporal_version_43194bb14cfc647ee8b539c8,bitemporal_version_72e60100df4f5a214d5119f4,True,OPPORTUNITY_ADDED,OPPORTUNITY_ADDED,PASS,True
"{""attribute_name"":""rock_mass_state"",""base_stage3a_state_version_id"":""state_version_ed221b03b2e40479c7ba42c2"",""cell_id"":""cell_8f3c162903e22fbfe2cbba42"",""claim_type"":""FORECAST_GEOLOGICAL_CONDITION"",""source_evidence_id"":""doc_042ef22be43ba006975946e2_e0002"",""source_kind"":""GEOLOGICAL_EVIDENCE"",""state_role"":""FORWARD_ATTENTION_CELL"",""valid_date"":""2023-09-22""}",bitemporal_version_43194bb14cfc647ee8b539c8,bitemporal_version_72e60100df4f5a214d5119f4,True,OPPORTUNITY_ADDED,OPPORTUNITY_ADDED,PASS,True
"{""attribute_name"":""suggested_grade"",""base_stage3a_state_version_id"":""state_version_ed221b03b2e40479c7ba42c2"",""cell_id"":""cell_8f3c162903e22fbfe2cbba42"",""claim_type"":""FORECAST_GEOLOGICAL_CONDITION"",""source_evidence_id"":""doc_042ef22be43ba006975946e2_e0002"",""source_kind"":""GEOLOGICAL_EVIDENCE"",""state_role"":""FORWARD_ATTENTION_CELL"",""valid_date"":""2023-09-22""}",bitemporal_version_43194bb14cfc647ee8b539c8,bitemporal_version_72e60100df4f5a214d5119f4,True,OPPORTUNITY_ADDED,OPPORTUNITY_ADDED,PASS,True
"{""attribute_name"":""weathering"",""base_stage3a_state_version_id"":""state_version_ed221b03b2e40479c7ba42c2"",""cell_id"":""cell_8f3c162903e22fbfe2cbba42"",""claim_type"":""FORECAST_GEOLOGICAL_CONDITION"",""source_evidence_id"":""doc_042ef22be43ba006975946e2_e0002"",""source_kind"":""GEOLOGICAL_EVIDENCE"",""state_role"":""FORWARD_ATTENTION_CELL"",""valid_date"":""2023-09-22""}",bitemporal_version_43194bb14cfc647ee8b539c8,bitemporal_version_72e60100df4f5a214d5119f4,True,OPPORTUNITY_ADDED,OPPORTUNITY_ADDED,PASS,True
"{""base_stage3a_state_version_id"":""state_version_ed221b03b2e40479c7ba42c2"",""cell_id"":""cell_8f3c162903e22fbfe2cbba42"",""claim_type"":""FORWARD_GEOLOGICAL_ATTENTION"",""metric_name"":""GRS"",""source_kind"":""STATE_GRS"",""state_role"":""FORWARD_ATTENTION_CELL"",""valid_date"":""2023-09-22""}",bitemporal_version_43194bb14cfc647ee8b539c8,bitemporal_version_72e60100df4f5a214d5119f4,True,ABSTAIN_TO_EXPRESSIBLE,ABSTAIN_TO_EXPRESSIBLE,PASS,True
"{""base_stage3a_state_version_id"":""state_version_ed221b03b2e40479c7ba42c2"",""cell_id"":""cell_8f3c162903e22fbfe2cbba42"",""claim_type"":""OPERATIONAL_RESPONSE_ATTENTION"",""metric_name"":""RAI"",""source_kind"":""STATE_RAI"",""state_role"":""FORWARD_ATTENTION_CELL"",""valid_date"":""2023-09-22""}",bitemporal_version_43194bb14cfc647ee8b539c8,bitemporal_version_72e60100df4f5a214d5119f4,True,UNCHANGED_ABSTAIN,UNCHANGED_ABSTAIN,PASS,True
"{""attribute_name"":""anomaly_level"",""base_stage3a_state_version_id"":""state_version_0bf83acd13698e9f47b24d6d"",""cell_id"":""cell_feb25603908516ff7807e05b"",""claim_type"":""FORECAST_GEOLOGICAL_CONDITION"",""source_evidence_id"":""doc_6af39821d5a37fd21b28de70_e0006"",""source_kind"":""GEOLOGICAL_EVIDENCE"",""state_role"":""FORWARD_ATTENTION_CELL"",""valid_date"":""2023-10-18""}",bitemporal_version_3f751532866431f62b647174,bitemporal_version_7411ddbf1f3c5e85c34553f9,True,UNCHANGED_ABSTAIN,UNCHANGED_ABSTAIN,PASS,True
"{""attribute_name"":""anomaly_level"",""base_stage3a_state_version_id"":""state_version_0bf83acd13698e9f47b24d6d"",""cell_id"":""cell_feb25603908516ff7807e05b"",""claim_type"":""FORECAST_GEOLOGICAL_CONDITION"",""source_evidence_id"":""doc_ce88b5055d612f9f8fb8012e_e0002"",""source_kind"":""GEOLOGICAL_EVIDENCE"",""state_role"":""FORWARD_ATTENTION_CELL"",""valid_date"":""2023-10-18""}",bitemporal_version_3f751532866431f62b647174,bitemporal_version_7411ddbf1f3c5e85c34553f9,True,OPPORTUNITY_ADDED,OPPORTUNITY_ADDED,PASS,True
"{""attribute_name"":""geological_conclusion"",""base_stage3a_state_version_id"":""state_version_0bf83acd13698e9f47b24d6d"",""cell_id"":""cell_feb25603908516ff7807e05b"",""claim_type"":""FORECAST_GEOLOGICAL_CONDITION"",""source_evidence_id"":""doc_6af39821d5a37fd21b28de70_e0006"",""source_kind"":""GEOLOGICAL_EVIDENCE"",""state_role"":""FORWARD_ATTENTION_CELL"",""valid_date"":""2023-10-18""}",bitemporal_version_3f751532866431f62b647174,bitemporal_version_7411ddbf1f3c5e85c34553f9,True,UNCHANGED_EXPRESSIBLE,UNCHANGED_EXPRESSIBLE,PASS,True
"{""attribute_name"":""geological_conclusion"",""base_stage3a_state_version_id"":""state_version_0bf83acd13698e9f47b24d6d"",""cell_id"":""cell_feb25603908516ff7807e05b"",""claim_type"":""FORECAST_GEOLOGICAL_CONDITION"",""source_evidence_id"":""doc_ce88b5055d612f9f8fb8012e_e0002"",""source_kind"":""GEOLOGICAL_EVIDENCE"",""state_role"":""FORWARD_ATTENTION_CELL"",""valid_date"":""2023-10-18""}",bitemporal_version_3f751532866431f62b647174,bitemporal_version_7411ddbf1f3c5e85c34553f9,True,OPPORTUNITY_ADDED,OPPORTUNITY_ADDED,PASS,True
"{""attribute_name"":""joint_development"",""base_stage3a_state_version_id"":""state_version_0bf83acd13698e9f47b24d6d"",""cell_id"":""cell_feb25603908516ff7807e05b"",""claim_type"":""FORECAST_GEOLOGICAL_CONDITION"",""source_evidence_id"":""doc_6af39821d5a37fd21b28de70_e0006"",""source_kind"":""GEOLOGICAL_EVIDENCE"",""state_role"":""FORWARD_ATTENTION_CELL"",""valid_date"":""2023-10-18""}",bitemporal_version_3f751532866431f62b647174,bitemporal_version_7411ddbf1f3c5e85c34553f9,True,UNCHANGED_EXPRESSIBLE,UNCHANGED_EXPRESSIBLE,PASS,True
"{""attribute_name"":""joint_development"",""base_stage3a_state_version_id"":""state_version_0bf83acd13698e9f47b24d6d"",""cell_id"":""cell_feb25603908516ff7807e05b"",""claim_type"":""FORECAST_GEOLOGICAL_CONDITION"",""source_evidence_id"":""doc_ce88b5055d612f9f8fb8012e_e0002"",""source_kind"":""GEOLOGICAL_EVIDENCE"",""state_role"":""FORWARD_ATTENTION_CELL"",""valid_date"":""2023-10-18""}",bitemporal_version_3f751532866431f62b647174,bitemporal_version_7411ddbf1f3c5e85c34553f9,True,OPPORTUNITY_ADDED,OPPORTUNITY_ADDED,PASS,True
"{""attribute_name"":""lithology"",""base_stage3a_state_version_id"":""state_version_0bf83acd13698e9f47b24d6d"",""cell_id"":""cell_feb25603908516ff7807e05b"",""claim_type"":""FORECAST_GEOLOGICAL_CONDITION"",""source_evidence_id"":""doc_6af39821d5a37fd21b28de70_e0006"",""source_kind"":""GEOLOGICAL_EVIDENCE"",""state_role"":""FORWARD_ATTENTION_CELL"",""valid_date"":""2023-10-18""}",bitemporal_version_3f751532866431f62b647174,bitemporal_version_7411ddbf1f3c5e85c34553f9,True,UNCHANGED_EXPRESSIBLE,UNCHANGED_EXPRESSIBLE,PASS,True
"{""attribute_name"":""lithology"",""base_stage3a_state_version_id"":""state_version_0bf83acd13698e9f47b24d6d"",""cell_id"":""cell_feb25603908516ff7807e05b"",""claim_type"":""FORECAST_GEOLOGICAL_CONDITION"",""source_evidence_id"":""doc_ce88b5055d612f9f8fb8012e_e0002"",""source_kind"":""GEOLOGICAL_EVIDENCE"",""state_role"":""FORWARD_ATTENTION_CELL"",""valid_date"":""2023-10-18""}",bitemporal_version_3f751532866431f62b647174,bitemporal_version_7411ddbf1f3c5e85c34553f9,True,OPPORTUNITY_ADDED,OPPORTUNITY_ADDED,PASS,True
"{""attribute_name"":""risk_hint"",""base_stage3a_state_version_id"":""state_version_0bf83acd13698e9f47b24d6d"",""cell_id"":""cell_feb25603908516ff7807e05b"",""claim_type"":""FORECAST_GEOLOGICAL_CONDITION"",""source_evidence_id"":""doc_6af39821d5a37fd21b28de70_e0006"",""source_kind"":""GEOLOGICAL_EVIDENCE"",""state_role"":""FORWARD_ATTENTION_CELL"",""valid_date"":""2023-10-18""}",bitemporal_version_3f751532866431f62b647174,bitemporal_version_7411ddbf1f3c5e85c34553f9,True,UNCHANGED_ABSTAIN,UNCHANGED_ABSTAIN,PASS,True
"{""attribute_name"":""risk_hint"",""base_stage3a_state_version_id"":""state_version_0bf83acd13698e9f47b24d6d"",""cell_id"":""cell_feb25603908516ff7807e05b"",""claim_type"":""FORECAST_GEOLOGICAL_CONDITION"",""source_evidence_id"":""doc_ce88b5055d612f9f8fb8012e_e0002"",""source_kind"":""GEOLOGICAL_EVIDENCE"",""state_role"":""FORWARD_ATTENTION_CELL"",""valid_date"":""2023-10-18""}",bitemporal_version_3f751532866431f62b647174,bitemporal_version_7411ddbf1f3c5e85c34553f9,True,OPPORTUNITY_ADDED,OPPORTUNITY_ADDED,PASS,True
"{""attribute_name"":""rock_mass_state"",""base_stage3a_state_version_id"":""state_version_0bf83acd13698e9f47b24d6d"",""cell_id"":""cell_feb25603908516ff7807e05b"",""claim_type"":""FORECAST_GEOLOGICAL_CONDITION"",""source_evidence_id"":""doc_6af39821d5a37fd21b28de70_e0006"",""source_kind"":""GEOLOGICAL_EVIDENCE"",""state_role"":""FORWARD_ATTENTION_CELL"",""valid_date"":""2023-10-18""}",bitemporal_version_3f751532866431f62b647174,bitemporal_version_7411ddbf1f3c5e85c34553f9,True,UNCHANGED_EXPRESSIBLE,UNCHANGED_EXPRESSIBLE,PASS,True
"{""attribute_name"":""rock_mass_state"",""base_stage3a_state_version_id"":""state_version_0bf83acd13698e9f47b24d6d"",""cell_id"":""cell_feb25603908516ff7807e05b"",""claim_type"":""FORECAST_GEOLOGICAL_CONDITION"",""source_evidence_id"":""doc_ce88b5055d612f9f8fb8012e_e0002"",""source_kind"":""GEOLOGICAL_EVIDENCE"",""state_role"":""FORWARD_ATTENTION_CELL"",""valid_date"":""2023-10-18""}",bitemporal_version_3f751532866431f62b647174,bitemporal_version_7411ddbf1f3c5e85c34553f9,True,OPPORTUNITY_ADDED,OPPORTUNITY_ADDED,PASS,True
"{""attribute_name"":""suggested_grade"",""base_stage3a_state_version_id"":""state_version_0bf83acd13698e9f47b24d6d"",""cell_id"":""cell_feb25603908516ff7807e05b"",""claim_type"":""FORECAST_GEOLOGICAL_CONDITION"",""source_evidence_id"":""doc_6af39821d5a37fd21b28de70_e0006"",""source_kind"":""GEOLOGICAL_EVIDENCE"",""state_role"":""FORWARD_ATTENTION_CELL"",""valid_date"":""2023-10-18""}",bitemporal_version_3f751532866431f62b647174,bitemporal_version_7411ddbf1f3c5e85c34553f9,True,UNCHANGED_EXPRESSIBLE,UNCHANGED_EXPRESSIBLE,PASS,True
"{""attribute_name"":""suggested_grade"",""base_stage3a_state_version_id"":""state_version_0bf83acd13698e9f47b24d6d"",""cell_id"":""cell_feb25603908516ff7807e05b"",""claim_type"":""FORECAST_GEOLOGICAL_CONDITION"",""source_evidence_id"":""doc_ce88b5055d612f9f8fb8012e_e0002"",""source_kind"":""GEOLOGICAL_EVIDENCE"",""state_role"":""FORWARD_ATTENTION_CELL"",""valid_date"":""2023-10-18""}",bitemporal_version_3f751532866431f62b647174,bitemporal_version_7411ddbf1f3c5e85c34553f9,True,OPPORTUNITY_ADDED,OPPORTUNITY_ADDED,PASS,True
"{""attribute_name"":""weathering"",""base_stage3a_state_version_id"":""state_version_0bf83acd13698e9f47b24d6d"",""cell_id"":""cell_feb25603908516ff7807e05b"",""claim_type"":""FORECAST_GEOLOGICAL_CONDITION"",""source_evidence_id"":""doc_6af39821d5a37fd21b28de70_e0006"",""source_kind"":""GEOLOGICAL_EVIDENCE"",""state_role"":""FORWARD_ATTENTION_CELL"",""valid_date"":""2023-10-18""}",bitemporal_version_3f751532866431f62b647174,bitemporal_version_7411ddbf1f3c5e85c34553f9,True,UNCHANGED_EXPRESSIBLE,UNCHANGED_EXPRESSIBLE,PASS,True
"{""attribute_name"":""weathering"",""base_stage3a_state_version_id"":""state_version_0bf83acd13698e9f47b24d6d"",""cell_id"":""cell_feb25603908516ff7807e05b"",""claim_type"":""FORECAST_GEOLOGICAL_CONDITION"",""source_evidence_id"":""doc_ce88b5055d612f9f8fb8012e_e0002"",""source_kind"":""GEOLOGICAL_EVIDENCE"",""state_role"":""FORWARD_ATTENTION_CELL"",""valid_date"":""2023-10-18""}",bitemporal_version_3f751532866431f62b647174,bitemporal_version_7411ddbf1f3c5e85c34553f9,True,OPPORTUNITY_ADDED,OPPORTUNITY_ADDED,PASS,True
"{""base_stage3a_state_version_id"":""state_version_0bf83acd13698e9f47b24d6d"",""cell_id"":""cell_feb25603908516ff7807e05b"",""claim_type"":""FORWARD_GEOLOGICAL_ATTENTION"",""metric_name"":""GRS"",""source_kind"":""STATE_GRS"",""state_role"":""FORWARD_ATTENTION_CELL"",""valid_date"":""2023-10-18""}",bitemporal_version_3f751532866431f62b647174,bitemporal_version_7411ddbf1f3c5e85c34553f9,True,CLAIM_VALUE_CHANGED,CLAIM_VALUE_CHANGED,PASS,True
"{""base_stage3a_state_version_id"":""state_version_0bf83acd13698e9f47b24d6d"",""cell_id"":""cell_feb25603908516ff7807e05b"",""claim_type"":""OPERATIONAL_RESPONSE_ATTENTION"",""metric_name"":""RAI"",""source_kind"":""STATE_RAI"",""state_role"":""FORWARD_ATTENTION_CELL"",""valid_date"":""2023-10-18""}",bitemporal_version_3f751532866431f62b647174,bitemporal_version_7411ddbf1f3c5e85c34553f9,True,UNCHANGED_ABSTAIN,UNCHANGED_ABSTAIN,PASS,True
"{""attribute_name"":""anomaly_level"",""base_stage3a_state_version_id"":""state_version_bec9c660a35f1de6b810c9dd"",""cell_id"":""cell_146050071152b2bd18f8a541"",""claim_type"":""FORECAST_GEOLOGICAL_CONDITION"",""source_evidence_id"":""doc_28d57b5baaf883772b83b6e8_e0003"",""source_kind"":""GEOLOGICAL_EVIDENCE"",""state_role"":""DAILY_REVIEW_CELL"",""valid_date"":""2023-11-05""}",bitemporal_version_156d5b272e3e7b11ac2ded03,bitemporal_version_814ecfe74f72db3e0a3ce19d,True,UNCHANGED_EXPRESSIBLE,UNCHANGED_EXPRESSIBLE,PASS,True
"{""attribute_name"":""anomaly_level"",""base_stage3a_state_version_id"":""state_version_bec9c660a35f1de6b810c9dd"",""cell_id"":""cell_146050071152b2bd18f8a541"",""claim_type"":""FORECAST_GEOLOGICAL_CONDITION"",""source_evidence_id"":""doc_28d57b5baaf883772b83b6e8_e0004"",""source_kind"":""GEOLOGICAL_EVIDENCE"",""state_role"":""DAILY_REVIEW_CELL"",""valid_date"":""2023-11-05""}",bitemporal_version_156d5b272e3e7b11ac2ded03,bitemporal_version_814ecfe74f72db3e0a3ce19d,True,UNCHANGED_ABSTAIN,UNCHANGED_ABSTAIN,PASS,True
"{""attribute_name"":""anomaly_level"",""base_stage3a_state_version_id"":""state_version_bec9c660a35f1de6b810c9dd"",""cell_id"":""cell_146050071152b2bd18f8a541"",""claim_type"":""FORECAST_GEOLOGICAL_CONDITION"",""source_evidence_id"":""doc_a1ca08b3f141763f45863a07_e0002"",""source_kind"":""GEOLOGICAL_EVIDENCE"",""state_role"":""DAILY_REVIEW_CELL"",""valid_date"":""2023-11-05""}",bitemporal_version_156d5b272e3e7b11ac2ded03,bitemporal_version_814ecfe74f72db3e0a3ce19d,True,OPPORTUNITY_ADDED,OPPORTUNITY_ADDED,PASS,True
"{""attribute_name"":""geological_conclusion"",""base_stage3a_state_version_id"":""state_version_bec9c660a35f1de6b810c9dd"",""cell_id"":""cell_146050071152b2bd18f8a541"",""claim_type"":""FORECAST_GEOLOGICAL_CONDITION"",""source_evidence_id"":""doc_28d57b5baaf883772b83b6e8_e0003"",""source_kind"":""GEOLOGICAL_EVIDENCE"",""state_role"":""DAILY_REVIEW_CELL"",""valid_date"":""2023-11-05""}",bitemporal_version_156d5b272e3e7b11ac2ded03,bitemporal_version_814ecfe74f72db3e0a3ce19d,True,UNCHANGED_EXPRESSIBLE,UNCHANGED_EXPRESSIBLE,PASS,True
"{""attribute_name"":""geological_conclusion"",""base_stage3a_state_version_id"":""state_version_bec9c660a35f1de6b810c9dd"",""cell_id"":""cell_146050071152b2bd18f8a541"",""claim_type"":""FORECAST_GEOLOGICAL_CONDITION"",""source_evidence_id"":""doc_28d57b5baaf883772b83b6e8_e0004"",""source_kind"":""GEOLOGICAL_EVIDENCE"",""state_role"":""DAILY_REVIEW_CELL"",""valid_date"":""2023-11-05""}",bitemporal_version_156d5b272e3e7b11ac2ded03,bitemporal_version_814ecfe74f72db3e0a3ce19d,True,UNCHANGED_EXPRESSIBLE,UNCHANGED_EXPRESSIBLE,PASS,True
"{""attribute_name"":""geological_conclusion"",""base_stage3a_state_version_id"":""state_version_bec9c660a35f1de6b810c9dd"",""cell_id"":""cell_146050071152b2bd18f8a541"",""claim_type"":""FORECAST_GEOLOGICAL_CONDITION"",""source_evidence_id"":""doc_a1ca08b3f141763f45863a07_e0002"",""source_kind"":""GEOLOGICAL_EVIDENCE"",""state_role"":""DAILY_REVIEW_CELL"",""valid_date"":""2023-11-05""}",bitemporal_version_156d5b272e3e7b11ac2ded03,bitemporal_version_814ecfe74f72db3e0a3ce19d,True,OPPORTUNITY_ADDED,OPPORTUNITY_ADDED,PASS,True
"{""attribute_name"":""geological_description"",""base_stage3a_state_version_id"":""state_version_bec9c660a35f1de6b810c9dd"",""cell_id"":""cell_146050071152b2bd18f8a541"",""claim_type"":""OBSERVED_GEOLOGICAL_CONDITION"",""source_evidence_id"":""doc_a1ca08b3f141763f45863a07_e0001"",""source_kind"":""GEOLOGICAL_EVIDENCE"",""state_role"":""DAILY_REVIEW_CELL"",""valid_date"":""2023-11-05""}",bitemporal_version_156d5b272e3e7b11ac2ded03,bitemporal_version_814ecfe74f72db3e0a3ce19d,True,OPPORTUNITY_ADDED,OPPORTUNITY_ADDED,PASS,True
"{""attribute_name"":""joint_development"",""base_stage3a_state_version_id"":""state_version_bec9c660a35f1de6b810c9dd"",""cell_id"":""cell_146050071152b2bd18f8a541"",""claim_type"":""FORECAST_GEOLOGICAL_CONDITION"",""source_evidence_id"":""doc_28d57b5baaf883772b83b6e8_e0003"",""source_kind"":""GEOLOGICAL_EVIDENCE"",""state_role"":""DAILY_REVIEW_CELL"",""valid_date"":""2023-11-05""}",bitemporal_version_156d5b272e3e7b11ac2ded03,bitemporal_version_814ecfe74f72db3e0a3ce19d,True,UNCHANGED_EXPRESSIBLE,UNCHANGED_EXPRESSIBLE,PASS,True
"{""attribute_name"":""joint_development"",""base_stage3a_state_version_id"":""state_version_bec9c660a35f1de6b810c9dd"",""cell_id"":""cell_146050071152b2bd18f8a541"",""claim_type"":""FORECAST_GEOLOGICAL_CONDITION"",""source_evidence_id"":""doc_28d57b5baaf883772b83b6e8_e0004"",""source_kind"":""GEOLOGICAL_EVIDENCE"",""state_role"":""DAILY_REVIEW_CELL"",""valid_date"":""2023-11-05""}",bitemporal_version_156d5b272e3e7b11ac2ded03,bitemporal_version_814ecfe74f72db3e0a3ce19d,True,UNCHANGED_EXPRESSIBLE,UNCHANGED_EXPRESSIBLE,PASS,True
"{""attribute_name"":""joint_development"",""base_stage3a_state_version_id"":""state_version_bec9c660a35f1de6b810c9dd"",""cell_id"":""cell_146050071152b2bd18f8a541"",""claim_type"":""FORECAST_GEOLOGICAL_CONDITION"",""source_evidence_id"":""doc_a1ca08b3f141763f45863a07_e0002"",""source_kind"":""GEOLOGICAL_EVIDENCE"",""state_role"":""DAILY_REVIEW_CELL"",""valid_date"":""2023-11-05""}",bitemporal_version_156d5b272e3e7b11ac2ded03,bitemporal_version_814ecfe74f72db3e0a3ce19d,True,OPPORTUNITY_ADDED,OPPORTUNITY_ADDED,PASS,True
"{""attribute_name"":""lithology"",""base_stage3a_state_version_id"":""state_version_bec9c660a35f1de6b810c9dd"",""cell_id"":""cell_146050071152b2bd18f8a541"",""claim_type"":""FORECAST_GEOLOGICAL_CONDITION"",""source_evidence_id"":""doc_28d57b5baaf883772b83b6e8_e0003"",""source_kind"":""GEOLOGICAL_EVIDENCE"",""state_role"":""DAILY_REVIEW_CELL"",""valid_date"":""2023-11-05""}",bitemporal_version_156d5b272e3e7b11ac2ded03,bitemporal_version_814ecfe74f72db3e0a3ce19d,True,UNCHANGED_EXPRESSIBLE,UNCHANGED_EXPRESSIBLE,PASS,True
"{""attribute_name"":""lithology"",""base_stage3a_state_version_id"":""state_version_bec9c660a35f1de6b810c9dd"",""cell_id"":""cell_146050071152b2bd18f8a541"",""claim_type"":""FORECAST_GEOLOGICAL_CONDITION"",""source_evidence_id"":""doc_28d57b5baaf883772b83b6e8_e0004"",""source_kind"":""GEOLOGICAL_EVIDENCE"",""state_role"":""DAILY_REVIEW_CELL"",""valid_date"":""2023-11-05""}",bitemporal_version_156d5b272e3e7b11ac2ded03,bitemporal_version_814ecfe74f72db3e0a3ce19d,True,UNCHANGED_EXPRESSIBLE,UNCHANGED_EXPRESSIBLE,PASS,True
"{""attribute_name"":""lithology"",""base_stage3a_state_version_id"":""state_version_bec9c660a35f1de6b810c9dd"",""cell_id"":""cell_146050071152b2bd18f8a541"",""claim_type"":""FORECAST_GEOLOGICAL_CONDITION"",""source_evidence_id"":""doc_a1ca08b3f141763f45863a07_e0002"",""source_kind"":""GEOLOGICAL_EVIDENCE"",""state_role"":""DAILY_REVIEW_CELL"",""valid_date"":""2023-11-05""}",bitemporal_version_156d5b272e3e7b11ac2ded03,bitemporal_version_814ecfe74f72db3e0a3ce19d,True,OPPORTUNITY_ADDED,OPPORTUNITY_ADDED,PASS,True
"{""attribute_name"":""lithology"",""base_stage3a_state_version_id"":""state_version_bec9c660a35f1de6b810c9dd"",""cell_id"":""cell_146050071152b2bd18f8a541"",""claim_type"":""OBSERVED_GEOLOGICAL_CONDITION"",""source_evidence_id"":""doc_a1ca08b3f141763f45863a07_e0001"",""source_kind"":""GEOLOGICAL_EVIDENCE"",""state_role"":""DAILY_REVIEW_CELL"",""valid_date"":""2023-11-05""}",bitemporal_version_156d5b272e3e7b11ac2ded03,bitemporal_version_814ecfe74f72db3e0a3ce19d,True,OPPORTUNITY_ADDED,OPPORTUNITY_ADDED,PASS,True
"{""attribute_name"":""risk_hint"",""base_stage3a_state_version_id"":""state_version_bec9c660a35f1de6b810c9dd"",""cell_id"":""cell_146050071152b2bd18f8a541"",""claim_type"":""FORECAST_GEOLOGICAL_CONDITION"",""source_evidence_id"":""doc_28d57b5baaf883772b83b6e8_e0003"",""source_kind"":""GEOLOGICAL_EVIDENCE"",""state_role"":""DAILY_REVIEW_CELL"",""valid_date"":""2023-11-05""}",bitemporal_version_156d5b272e3e7b11ac2ded03,bitemporal_version_814ecfe74f72db3e0a3ce19d,True,UNCHANGED_EXPRESSIBLE,UNCHANGED_EXPRESSIBLE,PASS,True
"{""attribute_name"":""risk_hint"",""base_stage3a_state_version_id"":""state_version_bec9c660a35f1de6b810c9dd"",""cell_id"":""cell_146050071152b2bd18f8a541"",""claim_type"":""FORECAST_GEOLOGICAL_CONDITION"",""source_evidence_id"":""doc_28d57b5baaf883772b83b6e8_e0004"",""source_kind"":""GEOLOGICAL_EVIDENCE"",""state_role"":""DAILY_REVIEW_CELL"",""valid_date"":""2023-11-05""}",bitemporal_version_156d5b272e3e7b11ac2ded03,bitemporal_version_814ecfe74f72db3e0a3ce19d,True,UNCHANGED_ABSTAIN,UNCHANGED_ABSTAIN,PASS,True
"{""attribute_name"":""risk_hint"",""base_stage3a_state_version_id"":""state_version_bec9c660a35f1de6b810c9dd"",""cell_id"":""cell_146050071152b2bd18f8a541"",""claim_type"":""FORECAST_GEOLOGICAL_CONDITION"",""source_evidence_id"":""doc_a1ca08b3f141763f45863a07_e0002"",""source_kind"":""GEOLOGICAL_EVIDENCE"",""state_role"":""DAILY_REVIEW_CELL"",""valid_date"":""2023-11-05""}",bitemporal_version_156d5b272e3e7b11ac2ded03,bitemporal_version_814ecfe74f72db3e0a3ce19d,True,OPPORTUNITY_ADDED,OPPORTUNITY_ADDED,PASS,True
"{""attribute_name"":""rock_mass_state"",""base_stage3a_state_version_id"":""state_version_bec9c660a35f1de6b810c9dd"",""cell_id"":""cell_146050071152b2bd18f8a541"",""claim_type"":""FORECAST_GEOLOGICAL_CONDITION"",""source_evidence_id"":""doc_28d57b5baaf883772b83b6e8_e0003"",""source_kind"":""GEOLOGICAL_EVIDENCE"",""state_role"":""DAILY_REVIEW_CELL"",""valid_date"":""2023-11-05""}",bitemporal_version_156d5b272e3e7b11ac2ded03,bitemporal_version_814ecfe74f72db3e0a3ce19d,True,UNCHANGED_EXPRESSIBLE,UNCHANGED_EXPRESSIBLE,PASS,True
"{""attribute_name"":""rock_mass_state"",""base_stage3a_state_version_id"":""state_version_bec9c660a35f1de6b810c9dd"",""cell_id"":""cell_146050071152b2bd18f8a541"",""claim_type"":""FORECAST_GEOLOGICAL_CONDITION"",""source_evidence_id"":""doc_28d57b5baaf883772b83b6e8_e0004"",""source_kind"":""GEOLOGICAL_EVIDENCE"",""state_role"":""DAILY_REVIEW_CELL"",""valid_date"":""2023-11-05""}",bitemporal_version_156d5b272e3e7b11ac2ded03,bitemporal_version_814ecfe74f72db3e0a3ce19d,True,UNCHANGED_EXPRESSIBLE,UNCHANGED_EXPRESSIBLE,PASS,True
"{""attribute_name"":""rock_mass_state"",""base_stage3a_state_version_id"":""state_version_bec9c660a35f1de6b810c9dd"",""cell_id"":""cell_146050071152b2bd18f8a541"",""claim_type"":""FORECAST_GEOLOGICAL_CONDITION"",""source_evidence_id"":""doc_a1ca08b3f141763f45863a07_e0002"",""source_kind"":""GEOLOGICAL_EVIDENCE"",""state_role"":""DAILY_REVIEW_CELL"",""valid_date"":""2023-11-05""}",bitemporal_version_156d5b272e3e7b11ac2ded03,bitemporal_version_814ecfe74f72db3e0a3ce19d,True,OPPORTUNITY_ADDED,OPPORTUNITY_ADDED,PASS,True
"{""attribute_name"":""rock_mass_state"",""base_stage3a_state_version_id"":""state_version_bec9c660a35f1de6b810c9dd"",""cell_id"":""cell_146050071152b2bd18f8a541"",""claim_type"":""OBSERVED_GEOLOGICAL_CONDITION"",""source_evidence_id"":""doc_a1ca08b3f141763f45863a07_e0001"",""source_kind"":""GEOLOGICAL_EVIDENCE"",""state_role"":""DAILY_REVIEW_CELL"",""valid_date"":""2023-11-05""}",bitemporal_version_156d5b272e3e7b11ac2ded03,bitemporal_version_814ecfe74f72db3e0a3ce19d,True,OPPORTUNITY_ADDED,OPPORTUNITY_ADDED,PASS,True
"{""attribute_name"":""suggested_grade"",""base_stage3a_state_version_id"":""state_version_bec9c660a35f1de6b810c9dd"",""cell_id"":""cell_146050071152b2bd18f8a541"",""claim_type"":""FORECAST_GEOLOGICAL_CONDITION"",""source_evidence_id"":""doc_28d57b5baaf883772b83b6e8_e0003"",""source_kind"":""GEOLOGICAL_EVIDENCE"",""state_role"":""DAILY_REVIEW_CELL"",""valid_date"":""2023-11-05""}",bitemporal_version_156d5b272e3e7b11ac2ded03,bitemporal_version_814ecfe74f72db3e0a3ce19d,True,UNCHANGED_EXPRESSIBLE,UNCHANGED_EXPRESSIBLE,PASS,True
"{""attribute_name"":""suggested_grade"",""base_stage3a_state_version_id"":""state_version_bec9c660a35f1de6b810c9dd"",""cell_id"":""cell_146050071152b2bd18f8a541"",""claim_type"":""FORECAST_GEOLOGICAL_CONDITION"",""source_evidence_id"":""doc_28d57b5baaf883772b83b6e8_e0004"",""source_kind"":""GEOLOGICAL_EVIDENCE"",""state_role"":""DAILY_REVIEW_CELL"",""valid_date"":""2023-11-05""}",bitemporal_version_156d5b272e3e7b11ac2ded03,bitemporal_version_814ecfe74f72db3e0a3ce19d,True,UNCHANGED_EXPRESSIBLE,UNCHANGED_EXPRESSIBLE,PASS,True
"{""attribute_name"":""suggested_grade"",""base_stage3a_state_version_id"":""state_version_bec9c660a35f1de6b810c9dd"",""cell_id"":""cell_146050071152b2bd18f8a541"",""claim_type"":""FORECAST_GEOLOGICAL_CONDITION"",""source_evidence_id"":""doc_a1ca08b3f141763f45863a07_e0002"",""source_kind"":""GEOLOGICAL_EVIDENCE"",""state_role"":""DAILY_REVIEW_CELL"",""valid_date"":""2023-11-05""}",bitemporal_version_156d5b272e3e7b11ac2ded03,bitemporal_version_814ecfe74f72db3e0a3ce19d,True,OPPORTUNITY_ADDED,OPPORTUNITY_ADDED,PASS,True
"{""attribute_name"":""weathering"",""base_stage3a_state_version_id"":""state_version_bec9c660a35f1de6b810c9dd"",""cell_id"":""cell_146050071152b2bd18f8a541"",""claim_type"":""FORECAST_GEOLOGICAL_CONDITION"",""source_evidence_id"":""doc_28d57b5baaf883772b83b6e8_e0003"",""source_kind"":""GEOLOGICAL_EVIDENCE"",""state_role"":""DAILY_REVIEW_CELL"",""valid_date"":""2023-11-05""}",bitemporal_version_156d5b272e3e7b11ac2ded03,bitemporal_version_814ecfe74f72db3e0a3ce19d,True,UNCHANGED_EXPRESSIBLE,UNCHANGED_EXPRESSIBLE,PASS,True
"{""attribute_name"":""weathering"",""base_stage3a_state_version_id"":""state_version_bec9c660a35f1de6b810c9dd"",""cell_id"":""cell_146050071152b2bd18f8a541"",""claim_type"":""FORECAST_GEOLOGICAL_CONDITION"",""source_evidence_id"":""doc_28d57b5baaf883772b83b6e8_e0004"",""source_kind"":""GEOLOGICAL_EVIDENCE"",""state_role"":""DAILY_REVIEW_CELL"",""valid_date"":""2023-11-05""}",bitemporal_version_156d5b272e3e7b11ac2ded03,bitemporal_version_814ecfe74f72db3e0a3ce19d,True,UNCHANGED_EXPRESSIBLE,UNCHANGED_EXPRESSIBLE,PASS,True
"{""attribute_name"":""weathering"",""base_stage3a_state_version_id"":""state_version_bec9c660a35f1de6b810c9dd"",""cell_id"":""cell_146050071152b2bd18f8a541"",""claim_type"":""FORECAST_GEOLOGICAL_CONDITION"",""source_evidence_id"":""doc_a1ca08b3f141763f45863a07_e0002"",""source_kind"":""GEOLOGICAL_EVIDENCE"",""state_role"":""DAILY_REVIEW_CELL"",""valid_date"":""2023-11-05""}",bitemporal_version_156d5b272e3e7b11ac2ded03,bitemporal_version_814ecfe74f72db3e0a3ce19d,True,OPPORTUNITY_ADDED,OPPORTUNITY_ADDED,PASS,True
"{""attribute_name"":""weathering"",""base_stage3a_state_version_id"":""state_version_bec9c660a35f1de6b810c9dd"",""cell_id"":""cell_146050071152b2bd18f8a541"",""claim_type"":""OBSERVED_GEOLOGICAL_CONDITION"",""source_evidence_id"":""doc_a1ca08b3f141763f45863a07_e0001"",""source_kind"":""GEOLOGICAL_EVIDENCE"",""state_role"":""DAILY_REVIEW_CELL"",""valid_date"":""2023-11-05""}",bitemporal_version_156d5b272e3e7b11ac2ded03,bitemporal_version_814ecfe74f72db3e0a3ce19d,True,OPPORTUNITY_ADDED,OPPORTUNITY_ADDED,PASS,True
"{""base_stage3a_state_version_id"":""state_version_bec9c660a35f1de6b810c9dd"",""cell_id"":""cell_146050071152b2bd18f8a541"",""claim_type"":""COUPLED_ATTENTION_REVIEW"",""metric_name"":""GRCI"",""source_kind"":""STATE_GRCI"",""state_role"":""DAILY_REVIEW_CELL"",""valid_date"":""2023-11-05""}",bitemporal_version_156d5b272e3e7b11ac2ded03,bitemporal_version_814ecfe74f72db3e0a3ce19d,True,RESOLVED_SUPPORT_CHANGED,RESOLVED_SUPPORT_CHANGED,PASS,True
"{""base_stage3a_state_version_id"":""state_version_bec9c660a35f1de6b810c9dd"",""cell_id"":""cell_146050071152b2bd18f8a541"",""claim_type"":""GEOLOGICAL_EVIDENCE_ATTENTION_REVIEW"",""metric_name"":""GRS"",""source_kind"":""STATE_GRS"",""state_role"":""DAILY_REVIEW_CELL"",""valid_date"":""2023-11-05""}",bitemporal_version_156d5b272e3e7b11ac2ded03,bitemporal_version_814ecfe74f72db3e0a3ce19d,True,RESOLVED_SUPPORT_CHANGED,RESOLVED_SUPPORT_CHANGED,PASS,True
"{""base_stage3a_state_version_id"":""state_version_bec9c660a35f1de6b810c9dd"",""cell_id"":""cell_146050071152b2bd18f8a541"",""claim_type"":""OPERATIONAL_RESPONSE_ATTENTION"",""metric_name"":""RAI"",""source_kind"":""STATE_RAI"",""state_role"":""DAILY_REVIEW_CELL"",""valid_date"":""2023-11-05""}",bitemporal_version_156d5b272e3e7b11ac2ded03,bitemporal_version_814ecfe74f72db3e0a3ce19d,True,UNCHANGED_EXPRESSIBLE,UNCHANGED_EXPRESSIBLE,PASS,True
"{""attribute_name"":""anomaly_level"",""base_stage3a_state_version_id"":""state_version_29960e03c0ca6564444dc191"",""cell_id"":""cell_9cfca22fbc766370829a5d1b"",""claim_type"":""FORECAST_GEOLOGICAL_CONDITION"",""source_evidence_id"":""doc_665dc65538c9aec44e36752a_e0002"",""source_kind"":""GEOLOGICAL_EVIDENCE"",""state_role"":""DAILY_REVIEW_CELL"",""valid_date"":""2023-12-16""}",bitemporal_version_26d919feaaf6b56a1fdc7e57,bitemporal_version_81c5de68556eae89ddda0efd,True,UNCHANGED_ABSTAIN,UNCHANGED_ABSTAIN,PASS,True
"{""attribute_name"":""anomaly_level"",""base_stage3a_state_version_id"":""state_version_29960e03c0ca6564444dc191"",""cell_id"":""cell_9cfca22fbc766370829a5d1b"",""claim_type"":""FORECAST_GEOLOGICAL_CONDITION"",""source_evidence_id"":""doc_99cb24b0b45c767bece0fac1_e0002"",""source_kind"":""GEOLOGICAL_EVIDENCE"",""state_role"":""DAILY_REVIEW_CELL"",""valid_date"":""2023-12-16""}",bitemporal_version_26d919feaaf6b56a1fdc7e57,bitemporal_version_81c5de68556eae89ddda0efd,True,OPPORTUNITY_ADDED,OPPORTUNITY_ADDED,PASS,True
"{""attribute_name"":""anomaly_level"",""base_stage3a_state_version_id"":""state_version_29960e03c0ca6564444dc191"",""cell_id"":""cell_9cfca22fbc766370829a5d1b"",""claim_type"":""FORECAST_GEOLOGICAL_CONDITION"",""source_evidence_id"":""doc_b84482f2cbc3d64012d7baad_e0005"",""source_kind"":""GEOLOGICAL_EVIDENCE"",""state_role"":""DAILY_REVIEW_CELL"",""valid_date"":""2023-12-16""}",bitemporal_version_26d919feaaf6b56a1fdc7e57,bitemporal_version_81c5de68556eae89ddda0efd,True,UNCHANGED_EXPRESSIBLE,UNCHANGED_EXPRESSIBLE,PASS,True
"{""attribute_name"":""block_fall_or_collapse"",""base_stage3a_state_version_id"":""state_version_29960e03c0ca6564444dc191"",""cell_id"":""cell_9cfca22fbc766370829a5d1b"",""claim_type"":""FORECAST_GEOLOGICAL_CONDITION"",""source_evidence_id"":""doc_665dc65538c9aec44e36752a_e0002"",""source_kind"":""GEOLOGICAL_EVIDENCE"",""state_role"":""DAILY_REVIEW_CELL"",""valid_date"":""2023-12-16""}",bitemporal_version_26d919feaaf6b56a1fdc7e57,bitemporal_version_81c5de68556eae89ddda0efd,True,UNCHANGED_EXPRESSIBLE,UNCHANGED_EXPRESSIBLE,PASS,True
"{""attribute_name"":""geological_conclusion"",""base_stage3a_state_version_id"":""state_version_29960e03c0ca6564444dc191"",""cell_id"":""cell_9cfca22fbc766370829a5d1b"",""claim_type"":""FORECAST_GEOLOGICAL_CONDITION"",""source_evidence_id"":""doc_99cb24b0b45c767bece0fac1_e0002"",""source_kind"":""GEOLOGICAL_EVIDENCE"",""state_role"":""DAILY_REVIEW_CELL"",""valid_date"":""2023-12-16""}",bitemporal_version_26d919feaaf6b56a1fdc7e57,bitemporal_version_81c5de68556eae89ddda0efd,True,OPPORTUNITY_ADDED,OPPORTUNITY_ADDED,PASS,True
"{""attribute_name"":""geological_conclusion"",""base_stage3a_state_version_id"":""state_version_29960e03c0ca6564444dc191"",""cell_id"":""cell_9cfca22fbc766370829a5d1b"",""claim_type"":""FORECAST_GEOLOGICAL_CONDITION"",""source_evidence_id"":""doc_b84482f2cbc3d64012d7baad_e0005"",""source_kind"":""GEOLOGICAL_EVIDENCE"",""state_role"":""DAILY_REVIEW_CELL"",""valid_date"":""2023-12-16""}",bitemporal_version_26d919feaaf6b56a1fdc7e57,bitemporal_version_81c5de68556eae89ddda0efd,True,UNCHANGED_EXPRESSIBLE,UNCHANGED_EXPRESSIBLE,PASS,True
"{""attribute_name"":""geological_description"",""base_stage3a_state_version_id"":""state_version_29960e03c0ca6564444dc191"",""cell_id"":""cell_9cfca22fbc766370829a5d1b"",""claim_type"":""OBSERVED_GEOLOGICAL_CONDITION"",""source_evidence_id"":""doc_99cb24b0b45c767bece0fac1_e0001"",""source_kind"":""GEOLOGICAL_EVIDENCE"",""state_role"":""DAILY_REVIEW_CELL"",""valid_date"":""2023-12-16""}",bitemporal_version_26d919feaaf6b56a1fdc7e57,bitemporal_version_81c5de68556eae89ddda0efd,True,OPPORTUNITY_ADDED,OPPORTUNITY_ADDED,PASS,True
"{""attribute_name"":""joint_development"",""base_stage3a_state_version_id"":""state_version_29960e03c0ca6564444dc191"",""cell_id"":""cell_9cfca22fbc766370829a5d1b"",""claim_type"":""FORECAST_GEOLOGICAL_CONDITION"",""source_evidence_id"":""doc_665dc65538c9aec44e36752a_e0002"",""source_kind"":""GEOLOGICAL_EVIDENCE"",""state_role"":""DAILY_REVIEW_CELL"",""valid_date"":""2023-12-16""}",bitemporal_version_26d919feaaf6b56a1fdc7e57,bitemporal_version_81c5de68556eae89ddda0efd,True,UNCHANGED_EXPRESSIBLE,UNCHANGED_EXPRESSIBLE,PASS,True
"{""attribute_name"":""joint_development"",""base_stage3a_state_version_id"":""state_version_29960e03c0ca6564444dc191"",""cell_id"":""cell_9cfca22fbc766370829a5d1b"",""claim_type"":""FORECAST_GEOLOGICAL_CONDITION"",""source_evidence_id"":""doc_99cb24b0b45c767bece0fac1_e0002"",""source_kind"":""GEOLOGICAL_EVIDENCE"",""state_role"":""DAILY_REVIEW_CELL"",""valid_date"":""2023-12-16""}",bitemporal_version_26d919feaaf6b56a1fdc7e57,bitemporal_version_81c5de68556eae89ddda0efd,True,OPPORTUNITY_ADDED,OPPORTUNITY_ADDED,PASS,True
"{""attribute_name"":""joint_development"",""base_stage3a_state_version_id"":""state_version_29960e03c0ca6564444dc191"",""cell_id"":""cell_9cfca22fbc766370829a5d1b"",""claim_type"":""FORECAST_GEOLOGICAL_CONDITION"",""source_evidence_id"":""doc_b84482f2cbc3d64012d7baad_e0005"",""source_kind"":""GEOLOGICAL_EVIDENCE"",""state_role"":""DAILY_REVIEW_CELL"",""valid_date"":""2023-12-16""}",bitemporal_version_26d919feaaf6b56a1fdc7e57,bitemporal_version_81c5de68556eae89ddda0efd,True,UNCHANGED_EXPRESSIBLE,UNCHANGED_EXPRESSIBLE,PASS,True
"{""attribute_name"":""lithology"",""base_stage3a_state_version_id"":""state_version_29960e03c0ca6564444dc191"",""cell_id"":""cell_9cfca22fbc766370829a5d1b"",""claim_type"":""FORECAST_GEOLOGICAL_CONDITION"",""source_evidence_id"":""doc_665dc65538c9aec44e36752a_e0002"",""source_kind"":""GEOLOGICAL_EVIDENCE"",""state_role"":""DAILY_REVIEW_CELL"",""valid_date"":""2023-12-16""}",bitemporal_version_26d919feaaf6b56a1fdc7e57,bitemporal_version_81c5de68556eae89ddda0efd,True,UNCHANGED_EXPRESSIBLE,UNCHANGED_EXPRESSIBLE,PASS,True
"{""attribute_name"":""lithology"",""base_stage3a_state_version_id"":""state_version_29960e03c0ca6564444dc191"",""cell_id"":""cell_9cfca22fbc766370829a5d1b"",""claim_type"":""FORECAST_GEOLOGICAL_CONDITION"",""source_evidence_id"":""doc_99cb24b0b45c767bece0fac1_e0002"",""source_kind"":""GEOLOGICAL_EVIDENCE"",""state_role"":""DAILY_REVIEW_CELL"",""valid_date"":""2023-12-16""}",bitemporal_version_26d919feaaf6b56a1fdc7e57,bitemporal_version_81c5de68556eae89ddda0efd,True,OPPORTUNITY_ADDED,OPPORTUNITY_ADDED,PASS,True
"{""attribute_name"":""lithology"",""base_stage3a_state_version_id"":""state_version_29960e03c0ca6564444dc191"",""cell_id"":""cell_9cfca22fbc766370829a5d1b"",""claim_type"":""FORECAST_GEOLOGICAL_CONDITION"",""source_evidence_id"":""doc_b84482f2cbc3d64012d7baad_e0005"",""source_kind"":""GEOLOGICAL_EVIDENCE"",""state_role"":""DAILY_REVIEW_CELL"",""valid_date"":""2023-12-16""}",bitemporal_version_26d919feaaf6b56a1fdc7e57,bitemporal_version_81c5de68556eae89ddda0efd,True,UNCHANGED_EXPRESSIBLE,UNCHANGED_EXPRESSIBLE,PASS,True
"{""attribute_name"":""lithology"",""base_stage3a_state_version_id"":""state_version_29960e03c0ca6564444dc191"",""cell_id"":""cell_9cfca22fbc766370829a5d1b"",""claim_type"":""OBSERVED_GEOLOGICAL_CONDITION"",""source_evidence_id"":""doc_99cb24b0b45c767bece0fac1_e0001"",""source_kind"":""GEOLOGICAL_EVIDENCE"",""state_role"":""DAILY_REVIEW_CELL"",""valid_date"":""2023-12-16""}",bitemporal_version_26d919feaaf6b56a1fdc7e57,bitemporal_version_81c5de68556eae89ddda0efd,True,OPPORTUNITY_ADDED,OPPORTUNITY_ADDED,PASS,True
"{""attribute_name"":""narrative_water_observation"",""base_stage3a_state_version_id"":""state_version_29960e03c0ca6564444dc191"",""cell_id"":""cell_9cfca22fbc766370829a5d1b"",""claim_type"":""FORECAST_GEOLOGICAL_CONDITION"",""source_evidence_id"":""doc_665dc65538c9aec44e36752a_e0002"",""source_kind"":""GEOLOGICAL_EVIDENCE"",""state_role"":""DAILY_REVIEW_CELL"",""valid_date"":""2023-12-16""}",bitemporal_version_26d919feaaf6b56a1fdc7e57,bitemporal_version_81c5de68556eae89ddda0efd,True,UNCHANGED_EXPRESSIBLE,UNCHANGED_EXPRESSIBLE,PASS,True
"{""attribute_name"":""risk_hint"",""base_stage3a_state_version_id"":""state_version_29960e03c0ca6564444dc191"",""cell_id"":""cell_9cfca22fbc766370829a5d1b"",""claim_type"":""FORECAST_GEOLOGICAL_CONDITION"",""source_evidence_id"":""doc_99cb24b0b45c767bece0fac1_e0002"",""source_kind"":""GEOLOGICAL_EVIDENCE"",""state_role"":""DAILY_REVIEW_CELL"",""valid_date"":""2023-12-16""}",bitemporal_version_26d919feaaf6b56a1fdc7e57,bitemporal_version_81c5de68556eae89ddda0efd,True,OPPORTUNITY_ADDED,OPPORTUNITY_ADDED,PASS,True
"{""attribute_name"":""risk_hint"",""base_stage3a_state_version_id"":""state_version_29960e03c0ca6564444dc191"",""cell_id"":""cell_9cfca22fbc766370829a5d1b"",""claim_type"":""FORECAST_GEOLOGICAL_CONDITION"",""source_evidence_id"":""doc_b84482f2cbc3d64012d7baad_e0005"",""source_kind"":""GEOLOGICAL_EVIDENCE"",""state_role"":""DAILY_REVIEW_CELL"",""valid_date"":""2023-12-16""}",bitemporal_version_26d919feaaf6b56a1fdc7e57,bitemporal_version_81c5de68556eae89ddda0efd,True,UNCHANGED_EXPRESSIBLE,UNCHANGED_EXPRESSIBLE,PASS,True
"{""attribute_name"":""rock_mass_state"",""base_stage3a_state_version_id"":""state_version_29960e03c0ca6564444dc191"",""cell_id"":""cell_9cfca22fbc766370829a5d1b"",""claim_type"":""FORECAST_GEOLOGICAL_CONDITION"",""source_evidence_id"":""doc_665dc65538c9aec44e36752a_e0002"",""source_kind"":""GEOLOGICAL_EVIDENCE"",""state_role"":""DAILY_REVIEW_CELL"",""valid_date"":""2023-12-16""}",bitemporal_version_26d919feaaf6b56a1fdc7e57,bitemporal_version_81c5de68556eae89ddda0efd,True,UNCHANGED_EXPRESSIBLE,UNCHANGED_EXPRESSIBLE,PASS,True
"{""attribute_name"":""rock_mass_state"",""base_stage3a_state_version_id"":""state_version_29960e03c0ca6564444dc191"",""cell_id"":""cell_9cfca22fbc766370829a5d1b"",""claim_type"":""FORECAST_GEOLOGICAL_CONDITION"",""source_evidence_id"":""doc_99cb24b0b45c767bece0fac1_e0002"",""source_kind"":""GEOLOGICAL_EVIDENCE"",""state_role"":""DAILY_REVIEW_CELL"",""valid_date"":""2023-12-16""}",bitemporal_version_26d919feaaf6b56a1fdc7e57,bitemporal_version_81c5de68556eae89ddda0efd,True,OPPORTUNITY_ADDED,OPPORTUNITY_ADDED,PASS,True
"{""attribute_name"":""rock_mass_state"",""base_stage3a_state_version_id"":""state_version_29960e03c0ca6564444dc191"",""cell_id"":""cell_9cfca22fbc766370829a5d1b"",""claim_type"":""FORECAST_GEOLOGICAL_CONDITION"",""source_evidence_id"":""doc_b84482f2cbc3d64012d7baad_e0005"",""source_kind"":""GEOLOGICAL_EVIDENCE"",""state_role"":""DAILY_REVIEW_CELL"",""valid_date"":""2023-12-16""}",bitemporal_version_26d919feaaf6b56a1fdc7e57,bitemporal_version_81c5de68556eae89ddda0efd,True,UNCHANGED_EXPRESSIBLE,UNCHANGED_EXPRESSIBLE,PASS,True
"{""attribute_name"":""rock_mass_state"",""base_stage3a_state_version_id"":""state_version_29960e03c0ca6564444dc191"",""cell_id"":""cell_9cfca22fbc766370829a5d1b"",""claim_type"":""OBSERVED_GEOLOGICAL_CONDITION"",""source_evidence_id"":""doc_99cb24b0b45c767bece0fac1_e0001"",""source_kind"":""GEOLOGICAL_EVIDENCE"",""state_role"":""DAILY_REVIEW_CELL"",""valid_date"":""2023-12-16""}",bitemporal_version_26d919feaaf6b56a1fdc7e57,bitemporal_version_81c5de68556eae89ddda0efd,True,OPPORTUNITY_ADDED,OPPORTUNITY_ADDED,PASS,True
"{""attribute_name"":""stability"",""base_stage3a_state_version_id"":""state_version_29960e03c0ca6564444dc191"",""cell_id"":""cell_9cfca22fbc766370829a5d1b"",""claim_type"":""FORECAST_GEOLOGICAL_CONDITION"",""source_evidence_id"":""doc_665dc65538c9aec44e36752a_e0002"",""source_kind"":""GEOLOGICAL_EVIDENCE"",""state_role"":""DAILY_REVIEW_CELL"",""valid_date"":""2023-12-16""}",bitemporal_version_26d919feaaf6b56a1fdc7e57,bitemporal_version_81c5de68556eae89ddda0efd,True,UNCHANGED_ABSTAIN,UNCHANGED_ABSTAIN,PASS,True
"{""attribute_name"":""suggested_grade"",""base_stage3a_state_version_id"":""state_version_29960e03c0ca6564444dc191"",""cell_id"":""cell_9cfca22fbc766370829a5d1b"",""claim_type"":""FORECAST_GEOLOGICAL_CONDITION"",""source_evidence_id"":""doc_99cb24b0b45c767bece0fac1_e0002"",""source_kind"":""GEOLOGICAL_EVIDENCE"",""state_role"":""DAILY_REVIEW_CELL"",""valid_date"":""2023-12-16""}",bitemporal_version_26d919feaaf6b56a1fdc7e57,bitemporal_version_81c5de68556eae89ddda0efd,True,OPPORTUNITY_ADDED,OPPORTUNITY_ADDED,PASS,True
"{""attribute_name"":""suggested_grade"",""base_stage3a_state_version_id"":""state_version_29960e03c0ca6564444dc191"",""cell_id"":""cell_9cfca22fbc766370829a5d1b"",""claim_type"":""FORECAST_GEOLOGICAL_CONDITION"",""source_evidence_id"":""doc_b84482f2cbc3d64012d7baad_e0005"",""source_kind"":""GEOLOGICAL_EVIDENCE"",""state_role"":""DAILY_REVIEW_CELL"",""valid_date"":""2023-12-16""}",bitemporal_version_26d919feaaf6b56a1fdc7e57,bitemporal_version_81c5de68556eae89ddda0efd,True,UNCHANGED_EXPRESSIBLE,UNCHANGED_EXPRESSIBLE,PASS,True
"{""attribute_name"":""water_type"",""base_stage3a_state_version_id"":""state_version_29960e03c0ca6564444dc191"",""cell_id"":""cell_9cfca22fbc766370829a5d1b"",""claim_type"":""FORECAST_GEOLOGICAL_CONDITION"",""source_evidence_id"":""doc_665dc65538c9aec44e36752a_e0002"",""source_kind"":""GEOLOGICAL_EVIDENCE"",""state_role"":""DAILY_REVIEW_CELL"",""valid_date"":""2023-12-16""}",bitemporal_version_26d919feaaf6b56a1fdc7e57,bitemporal_version_81c5de68556eae89ddda0efd,True,UNCHANGED_EXPRESSIBLE,UNCHANGED_EXPRESSIBLE,PASS,True
"{""attribute_name"":""weathering"",""base_stage3a_state_version_id"":""state_version_29960e03c0ca6564444dc191"",""cell_id"":""cell_9cfca22fbc766370829a5d1b"",""claim_type"":""FORECAST_GEOLOGICAL_CONDITION"",""source_evidence_id"":""doc_665dc65538c9aec44e36752a_e0002"",""source_kind"":""GEOLOGICAL_EVIDENCE"",""state_role"":""DAILY_REVIEW_CELL"",""valid_date"":""2023-12-16""}",bitemporal_version_26d919feaaf6b56a1fdc7e57,bitemporal_version_81c5de68556eae89ddda0efd,True,UNCHANGED_EXPRESSIBLE,UNCHANGED_EXPRESSIBLE,PASS,True
"{""attribute_name"":""weathering"",""base_stage3a_state_version_id"":""state_version_29960e03c0ca6564444dc191"",""cell_id"":""cell_9cfca22fbc766370829a5d1b"",""claim_type"":""FORECAST_GEOLOGICAL_CONDITION"",""source_evidence_id"":""doc_99cb24b0b45c767bece0fac1_e0002"",""source_kind"":""GEOLOGICAL_EVIDENCE"",""state_role"":""DAILY_REVIEW_CELL"",""valid_date"":""2023-12-16""}",bitemporal_version_26d919feaaf6b56a1fdc7e57,bitemporal_version_81c5de68556eae89ddda0efd,True,OPPORTUNITY_ADDED,OPPORTUNITY_ADDED,PASS,True
"{""attribute_name"":""weathering"",""base_stage3a_state_version_id"":""state_version_29960e03c0ca6564444dc191"",""cell_id"":""cell_9cfca22fbc766370829a5d1b"",""claim_type"":""FORECAST_GEOLOGICAL_CONDITION"",""source_evidence_id"":""doc_b84482f2cbc3d64012d7baad_e0005"",""source_kind"":""GEOLOGICAL_EVIDENCE"",""state_role"":""DAILY_REVIEW_CELL"",""valid_date"":""2023-12-16""}",bitemporal_version_26d919feaaf6b56a1fdc7e57,bitemporal_version_81c5de68556eae89ddda0efd,True,UNCHANGED_EXPRESSIBLE,UNCHANGED_EXPRESSIBLE,PASS,True
"{""attribute_name"":""weathering"",""base_stage3a_state_version_id"":""state_version_29960e03c0ca6564444dc191"",""cell_id"":""cell_9cfca22fbc766370829a5d1b"",""claim_type"":""OBSERVED_GEOLOGICAL_CONDITION"",""source_evidence_id"":""doc_99cb24b0b45c767bece0fac1_e0001"",""source_kind"":""GEOLOGICAL_EVIDENCE"",""state_role"":""DAILY_REVIEW_CELL"",""valid_date"":""2023-12-16""}",bitemporal_version_26d919feaaf6b56a1fdc7e57,bitemporal_version_81c5de68556eae89ddda0efd,True,OPPORTUNITY_ADDED,OPPORTUNITY_ADDED,PASS,True
"{""base_stage3a_state_version_id"":""state_version_29960e03c0ca6564444dc191"",""cell_id"":""cell_9cfca22fbc766370829a5d1b"",""claim_type"":""COUPLED_ATTENTION_REVIEW"",""metric_name"":""GRCI"",""source_kind"":""STATE_GRCI"",""state_role"":""DAILY_REVIEW_CELL"",""valid_date"":""2023-12-16""}",bitemporal_version_26d919feaaf6b56a1fdc7e57,bitemporal_version_81c5de68556eae89ddda0efd,True,UNCHANGED_ABSTAIN,UNCHANGED_ABSTAIN,PASS,True
"{""base_stage3a_state_version_id"":""state_version_29960e03c0ca6564444dc191"",""cell_id"":""cell_9cfca22fbc766370829a5d1b"",""claim_type"":""GEOLOGICAL_EVIDENCE_ATTENTION_REVIEW"",""metric_name"":""GRS"",""source_kind"":""STATE_GRS"",""state_role"":""DAILY_REVIEW_CELL"",""valid_date"":""2023-12-16""}",bitemporal_version_26d919feaaf6b56a1fdc7e57,bitemporal_version_81c5de68556eae89ddda0efd,True,RESOLVED_SUPPORT_CHANGED,RESOLVED_SUPPORT_CHANGED,PASS,True
"{""base_stage3a_state_version_id"":""state_version_29960e03c0ca6564444dc191"",""cell_id"":""cell_9cfca22fbc766370829a5d1b"",""claim_type"":""OPERATIONAL_RESPONSE_ATTENTION"",""metric_name"":""RAI"",""source_kind"":""STATE_RAI"",""state_role"":""DAILY_REVIEW_CELL"",""valid_date"":""2023-12-16""}",bitemporal_version_26d919feaaf6b56a1fdc7e57,bitemporal_version_81c5de68556eae89ddda0efd,True,UNCHANGED_ABSTAIN,UNCHANGED_ABSTAIN,PASS,True
"{""attribute_name"":""anomaly_level"",""base_stage3a_state_version_id"":""state_version_60641d2025ec03edb6cd43f9"",""cell_id"":""cell_e74dbbf425d6747d204d3810"",""claim_type"":""FORECAST_GEOLOGICAL_CONDITION"",""source_evidence_id"":""doc_b84482f2cbc3d64012d7baad_e0002"",""source_kind"":""GEOLOGICAL_EVIDENCE"",""state_role"":""FORWARD_ATTENTION_CELL"",""valid_date"":""2023-12-08""}",bitemporal_version_bab0318db8d11e4b48509d4b,bitemporal_version_81f9b518f4a3852c85ce55ec,True,OPPORTUNITY_ADDED,OPPORTUNITY_ADDED,PASS,True
"{""attribute_name"":""anomaly_level"",""base_stage3a_state_version_id"":""state_version_60641d2025ec03edb6cd43f9"",""cell_id"":""cell_e74dbbf425d6747d204d3810"",""claim_type"":""FORECAST_GEOLOGICAL_CONDITION"",""source_evidence_id"":""doc_c19c0e4b52882f445108f4a0_e0006"",""source_kind"":""GEOLOGICAL_EVIDENCE"",""state_role"":""FORWARD_ATTENTION_CELL"",""valid_date"":""2023-12-08""}",bitemporal_version_bab0318db8d11e4b48509d4b,bitemporal_version_81f9b518f4a3852c85ce55ec,True,UNCHANGED_ABSTAIN,UNCHANGED_ABSTAIN,PASS,True
"{""attribute_name"":""geological_conclusion"",""base_stage3a_state_version_id"":""state_version_60641d2025ec03edb6cd43f9"",""cell_id"":""cell_e74dbbf425d6747d204d3810"",""claim_type"":""FORECAST_GEOLOGICAL_CONDITION"",""source_evidence_id"":""doc_b84482f2cbc3d64012d7baad_e0002"",""source_kind"":""GEOLOGICAL_EVIDENCE"",""state_role"":""FORWARD_ATTENTION_CELL"",""valid_date"":""2023-12-08""}",bitemporal_version_bab0318db8d11e4b48509d4b,bitemporal_version_81f9b518f4a3852c85ce55ec,True,OPPORTUNITY_ADDED,OPPORTUNITY_ADDED,PASS,True
"{""attribute_name"":""geological_conclusion"",""base_stage3a_state_version_id"":""state_version_60641d2025ec03edb6cd43f9"",""cell_id"":""cell_e74dbbf425d6747d204d3810"",""claim_type"":""FORECAST_GEOLOGICAL_CONDITION"",""source_evidence_id"":""doc_c19c0e4b52882f445108f4a0_e0006"",""source_kind"":""GEOLOGICAL_EVIDENCE"",""state_role"":""FORWARD_ATTENTION_CELL"",""valid_date"":""2023-12-08""}",bitemporal_version_bab0318db8d11e4b48509d4b,bitemporal_version_81f9b518f4a3852c85ce55ec,True,UNCHANGED_EXPRESSIBLE,UNCHANGED_EXPRESSIBLE,PASS,True
"{""attribute_name"":""joint_development"",""base_stage3a_state_version_id"":""state_version_60641d2025ec03edb6cd43f9"",""cell_id"":""cell_e74dbbf425d6747d204d3810"",""claim_type"":""FORECAST_GEOLOGICAL_CONDITION"",""source_evidence_id"":""doc_b84482f2cbc3d64012d7baad_e0002"",""source_kind"":""GEOLOGICAL_EVIDENCE"",""state_role"":""FORWARD_ATTENTION_CELL"",""valid_date"":""2023-12-08""}",bitemporal_version_bab0318db8d11e4b48509d4b,bitemporal_version_81f9b518f4a3852c85ce55ec,True,OPPORTUNITY_ADDED,OPPORTUNITY_ADDED,PASS,True
"{""attribute_name"":""joint_development"",""base_stage3a_state_version_id"":""state_version_60641d2025ec03edb6cd43f9"",""cell_id"":""cell_e74dbbf425d6747d204d3810"",""claim_type"":""FORECAST_GEOLOGICAL_CONDITION"",""source_evidence_id"":""doc_c19c0e4b52882f445108f4a0_e0006"",""source_kind"":""GEOLOGICAL_EVIDENCE"",""state_role"":""FORWARD_ATTENTION_CELL"",""valid_date"":""2023-12-08""}",bitemporal_version_bab0318db8d11e4b48509d4b,bitemporal_version_81f9b518f4a3852c85ce55ec,True,UNCHANGED_EXPRESSIBLE,UNCHANGED_EXPRESSIBLE,PASS,True
"{""attribute_name"":""lithology"",""base_stage3a_state_version_id"":""state_version_60641d2025ec03edb6cd43f9"",""cell_id"":""cell_e74dbbf425d6747d204d3810"",""claim_type"":""FORECAST_GEOLOGICAL_CONDITION"",""source_evidence_id"":""doc_b84482f2cbc3d64012d7baad_e0002"",""source_kind"":""GEOLOGICAL_EVIDENCE"",""state_role"":""FORWARD_ATTENTION_CELL"",""valid_date"":""2023-12-08""}",bitemporal_version_bab0318db8d11e4b48509d4b,bitemporal_version_81f9b518f4a3852c85ce55ec,True,OPPORTUNITY_ADDED,OPPORTUNITY_ADDED,PASS,True
"{""attribute_name"":""lithology"",""base_stage3a_state_version_id"":""state_version_60641d2025ec03edb6cd43f9"",""cell_id"":""cell_e74dbbf425d6747d204d3810"",""claim_type"":""FORECAST_GEOLOGICAL_CONDITION"",""source_evidence_id"":""doc_c19c0e4b52882f445108f4a0_e0006"",""source_kind"":""GEOLOGICAL_EVIDENCE"",""state_role"":""FORWARD_ATTENTION_CELL"",""valid_date"":""2023-12-08""}",bitemporal_version_bab0318db8d11e4b48509d4b,bitemporal_version_81f9b518f4a3852c85ce55ec,True,UNCHANGED_EXPRESSIBLE,UNCHANGED_EXPRESSIBLE,PASS,True
"{""attribute_name"":""risk_hint"",""base_stage3a_state_version_id"":""state_version_60641d2025ec03edb6cd43f9"",""cell_id"":""cell_e74dbbf425d6747d204d3810"",""claim_type"":""FORECAST_GEOLOGICAL_CONDITION"",""source_evidence_id"":""doc_b84482f2cbc3d64012d7baad_e0002"",""source_kind"":""GEOLOGICAL_EVIDENCE"",""state_role"":""FORWARD_ATTENTION_CELL"",""valid_date"":""2023-12-08""}",bitemporal_version_bab0318db8d11e4b48509d4b,bitemporal_version_81f9b518f4a3852c85ce55ec,True,OPPORTUNITY_ADDED,OPPORTUNITY_ADDED,PASS,True
"{""attribute_name"":""risk_hint"",""base_stage3a_state_version_id"":""state_version_60641d2025ec03edb6cd43f9"",""cell_id"":""cell_e74dbbf425d6747d204d3810"",""claim_type"":""FORECAST_GEOLOGICAL_CONDITION"",""source_evidence_id"":""doc_c19c0e4b52882f445108f4a0_e0006"",""source_kind"":""GEOLOGICAL_EVIDENCE"",""state_role"":""FORWARD_ATTENTION_CELL"",""valid_date"":""2023-12-08""}",bitemporal_version_bab0318db8d11e4b48509d4b,bitemporal_version_81f9b518f4a3852c85ce55ec,True,UNCHANGED_ABSTAIN,UNCHANGED_ABSTAIN,PASS,True
"{""attribute_name"":""rock_mass_state"",""base_stage3a_state_version_id"":""state_version_60641d2025ec03edb6cd43f9"",""cell_id"":""cell_e74dbbf425d6747d204d3810"",""claim_type"":""FORECAST_GEOLOGICAL_CONDITION"",""source_evidence_id"":""doc_b84482f2cbc3d64012d7baad_e0002"",""source_kind"":""GEOLOGICAL_EVIDENCE"",""state_role"":""FORWARD_ATTENTION_CELL"",""valid_date"":""2023-12-08""}",bitemporal_version_bab0318db8d11e4b48509d4b,bitemporal_version_81f9b518f4a3852c85ce55ec,True,OPPORTUNITY_ADDED,OPPORTUNITY_ADDED,PASS,True
"{""attribute_name"":""rock_mass_state"",""base_stage3a_state_version_id"":""state_version_60641d2025ec03edb6cd43f9"",""cell_id"":""cell_e74dbbf425d6747d204d3810"",""claim_type"":""FORECAST_GEOLOGICAL_CONDITION"",""source_evidence_id"":""doc_c19c0e4b52882f445108f4a0_e0006"",""source_kind"":""GEOLOGICAL_EVIDENCE"",""state_role"":""FORWARD_ATTENTION_CELL"",""valid_date"":""2023-12-08""}",bitemporal_version_bab0318db8d11e4b48509d4b,bitemporal_version_81f9b518f4a3852c85ce55ec,True,UNCHANGED_EXPRESSIBLE,UNCHANGED_EXPRESSIBLE,PASS,True
"{""attribute_name"":""suggested_grade"",""base_stage3a_state_version_id"":""state_version_60641d2025ec03edb6cd43f9"",""cell_id"":""cell_e74dbbf425d6747d204d3810"",""claim_type"":""FORECAST_GEOLOGICAL_CONDITION"",""source_evidence_id"":""doc_b84482f2cbc3d64012d7baad_e0002"",""source_kind"":""GEOLOGICAL_EVIDENCE"",""state_role"":""FORWARD_ATTENTION_CELL"",""valid_date"":""2023-12-08""}",bitemporal_version_bab0318db8d11e4b48509d4b,bitemporal_version_81f9b518f4a3852c85ce55ec,True,OPPORTUNITY_ADDED,OPPORTUNITY_ADDED,PASS,True
"{""attribute_name"":""suggested_grade"",""base_stage3a_state_version_id"":""state_version_60641d2025ec03edb6cd43f9"",""cell_id"":""cell_e74dbbf425d6747d204d3810"",""claim_type"":""FORECAST_GEOLOGICAL_CONDITION"",""source_evidence_id"":""doc_c19c0e4b52882f445108f4a0_e0006"",""source_kind"":""GEOLOGICAL_EVIDENCE"",""state_role"":""FORWARD_ATTENTION_CELL"",""valid_date"":""2023-12-08""}",bitemporal_version_bab0318db8d11e4b48509d4b,bitemporal_version_81f9b518f4a3852c85ce55ec,True,UNCHANGED_EXPRESSIBLE,UNCHANGED_EXPRESSIBLE,PASS,True
"{""attribute_name"":""weathering"",""base_stage3a_state_version_id"":""state_version_60641d2025ec03edb6cd43f9"",""cell_id"":""cell_e74dbbf425d6747d204d3810"",""claim_type"":""FORECAST_GEOLOGICAL_CONDITION"",""source_evidence_id"":""doc_b84482f2cbc3d64012d7baad_e0002"",""source_kind"":""GEOLOGICAL_EVIDENCE"",""state_role"":""FORWARD_ATTENTION_CELL"",""valid_date"":""2023-12-08""}",bitemporal_version_bab0318db8d11e4b48509d4b,bitemporal_version_81f9b518f4a3852c85ce55ec,True,OPPORTUNITY_ADDED,OPPORTUNITY_ADDED,PASS,True
"{""attribute_name"":""weathering"",""base_stage3a_state_version_id"":""state_version_60641d2025ec03edb6cd43f9"",""cell_id"":""cell_e74dbbf425d6747d204d3810"",""claim_type"":""FORECAST_GEOLOGICAL_CONDITION"",""source_evidence_id"":""doc_c19c0e4b52882f445108f4a0_e0006"",""source_kind"":""GEOLOGICAL_EVIDENCE"",""state_role"":""FORWARD_ATTENTION_CELL"",""valid_date"":""2023-12-08""}",bitemporal_version_bab0318db8d11e4b48509d4b,bitemporal_version_81f9b518f4a3852c85ce55ec,True,UNCHANGED_EXPRESSIBLE,UNCHANGED_EXPRESSIBLE,PASS,True
"{""base_stage3a_state_version_id"":""state_version_60641d2025ec03edb6cd43f9"",""cell_id"":""cell_e74dbbf425d6747d204d3810"",""claim_type"":""FORWARD_GEOLOGICAL_ATTENTION"",""metric_name"":""GRS"",""source_kind"":""STATE_GRS"",""state_role"":""FORWARD_ATTENTION_CELL"",""valid_date"":""2023-12-08""}",bitemporal_version_bab0318db8d11e4b48509d4b,bitemporal_version_81f9b518f4a3852c85ce55ec,True,RESOLVED_SUPPORT_CHANGED,RESOLVED_SUPPORT_CHANGED,PASS,True
"{""base_stage3a_state_version_id"":""state_version_60641d2025ec03edb6cd43f9"",""cell_id"":""cell_e74dbbf425d6747d204d3810"",""claim_type"":""OPERATIONAL_RESPONSE_ATTENTION"",""metric_name"":""RAI"",""source_kind"":""STATE_RAI"",""state_role"":""FORWARD_ATTENTION_CELL"",""valid_date"":""2023-12-08""}",bitemporal_version_bab0318db8d11e4b48509d4b,bitemporal_version_81f9b518f4a3852c85ce55ec,True,UNCHANGED_ABSTAIN,UNCHANGED_ABSTAIN,PASS,True
"{""attribute_name"":""anomaly_level"",""base_stage3a_state_version_id"":""state_version_73d74d7a4d5dbdc69aa847ab"",""cell_id"":""cell_5f623d6b57b59266e65e7d26"",""claim_type"":""FORECAST_GEOLOGICAL_CONDITION"",""source_evidence_id"":""doc_042ef22be43ba006975946e2_e0002"",""source_kind"":""GEOLOGICAL_EVIDENCE"",""state_role"":""FORWARD_ATTENTION_CELL"",""valid_date"":""2023-09-22""}",bitemporal_version_e505f340e809e30ce92b9ec1,bitemporal_version_8235fd26d39fa446d0c4b06d,True,OPPORTUNITY_ADDED,OPPORTUNITY_ADDED,PASS,True
"{""attribute_name"":""geological_conclusion"",""base_stage3a_state_version_id"":""state_version_73d74d7a4d5dbdc69aa847ab"",""cell_id"":""cell_5f623d6b57b59266e65e7d26"",""claim_type"":""FORECAST_GEOLOGICAL_CONDITION"",""source_evidence_id"":""doc_042ef22be43ba006975946e2_e0002"",""source_kind"":""GEOLOGICAL_EVIDENCE"",""state_role"":""FORWARD_ATTENTION_CELL"",""valid_date"":""2023-09-22""}",bitemporal_version_e505f340e809e30ce92b9ec1,bitemporal_version_8235fd26d39fa446d0c4b06d,True,OPPORTUNITY_ADDED,OPPORTUNITY_ADDED,PASS,True
"{""attribute_name"":""joint_development"",""base_stage3a_state_version_id"":""state_version_73d74d7a4d5dbdc69aa847ab"",""cell_id"":""cell_5f623d6b57b59266e65e7d26"",""claim_type"":""FORECAST_GEOLOGICAL_CONDITION"",""source_evidence_id"":""doc_042ef22be43ba006975946e2_e0002"",""source_kind"":""GEOLOGICAL_EVIDENCE"",""state_role"":""FORWARD_ATTENTION_CELL"",""valid_date"":""2023-09-22""}",bitemporal_version_e505f340e809e30ce92b9ec1,bitemporal_version_8235fd26d39fa446d0c4b06d,True,OPPORTUNITY_ADDED,OPPORTUNITY_ADDED,PASS,True
"{""attribute_name"":""lithology"",""base_stage3a_state_version_id"":""state_version_73d74d7a4d5dbdc69aa847ab"",""cell_id"":""cell_5f623d6b57b59266e65e7d26"",""claim_type"":""FORECAST_GEOLOGICAL_CONDITION"",""source_evidence_id"":""doc_042ef22be43ba006975946e2_e0002"",""source_kind"":""GEOLOGICAL_EVIDENCE"",""state_role"":""FORWARD_ATTENTION_CELL"",""valid_date"":""2023-09-22""}",bitemporal_version_e505f340e809e30ce92b9ec1,bitemporal_version_8235fd26d39fa446d0c4b06d,True,OPPORTUNITY_ADDED,OPPORTUNITY_ADDED,PASS,True
"{""attribute_name"":""risk_hint"",""base_stage3a_state_version_id"":""state_version_73d74d7a4d5dbdc69aa847ab"",""cell_id"":""cell_5f623d6b57b59266e65e7d26"",""claim_type"":""FORECAST_GEOLOGICAL_CONDITION"",""source_evidence_id"":""doc_042ef22be43ba006975946e2_e0002"",""source_kind"":""GEOLOGICAL_EVIDENCE"",""state_role"":""FORWARD_ATTENTION_CELL"",""valid_date"":""2023-09-22""}",bitemporal_version_e505f340e809e30ce92b9ec1,bitemporal_version_8235fd26d39fa446d0c4b06d,True,OPPORTUNITY_ADDED,OPPORTUNITY_ADDED,PASS,True
"{""attribute_name"":""rock_mass_state"",""base_stage3a_state_version_id"":""state_version_73d74d7a4d5dbdc69aa847ab"",""cell_id"":""cell_5f623d6b57b59266e65e7d26"",""claim_type"":""FORECAST_GEOLOGICAL_CONDITION"",""source_evidence_id"":""doc_042ef22be43ba006975946e2_e0002"",""source_kind"":""GEOLOGICAL_EVIDENCE"",""state_role"":""FORWARD_ATTENTION_CELL"",""valid_date"":""2023-09-22""}",bitemporal_version_e505f340e809e30ce92b9ec1,bitemporal_version_8235fd26d39fa446d0c4b06d,True,OPPORTUNITY_ADDED,OPPORTUNITY_ADDED,PASS,True
"{""attribute_name"":""suggested_grade"",""base_stage3a_state_version_id"":""state_version_73d74d7a4d5dbdc69aa847ab"",""cell_id"":""cell_5f623d6b57b59266e65e7d26"",""claim_type"":""FORECAST_GEOLOGICAL_CONDITION"",""source_evidence_id"":""doc_042ef22be43ba006975946e2_e0002"",""source_kind"":""GEOLOGICAL_EVIDENCE"",""state_role"":""FORWARD_ATTENTION_CELL"",""valid_date"":""2023-09-22""}",bitemporal_version_e505f340e809e30ce92b9ec1,bitemporal_version_8235fd26d39fa446d0c4b06d,True,OPPORTUNITY_ADDED,OPPORTUNITY_ADDED,PASS,True
"{""attribute_name"":""weathering"",""base_stage3a_state_version_id"":""state_version_73d74d7a4d5dbdc69aa847ab"",""cell_id"":""cell_5f623d6b57b59266e65e7d26"",""claim_type"":""FORECAST_GEOLOGICAL_CONDITION"",""source_evidence_id"":""doc_042ef22be43ba006975946e2_e0002"",""source_kind"":""GEOLOGICAL_EVIDENCE"",""state_role"":""FORWARD_ATTENTION_CELL"",""valid_date"":""2023-09-22""}",bitemporal_version_e505f340e809e30ce92b9ec1,bitemporal_version_8235fd26d39fa446d0c4b06d,True,OPPORTUNITY_ADDED,OPPORTUNITY_ADDED,PASS,True
"{""base_stage3a_state_version_id"":""state_version_73d74d7a4d5dbdc69aa847ab"",""cell_id"":""cell_5f623d6b57b59266e65e7d26"",""claim_type"":""FORWARD_GEOLOGICAL_ATTENTION"",""metric_name"":""GRS"",""source_kind"":""STATE_GRS"",""state_role"":""FORWARD_ATTENTION_CELL"",""valid_date"":""2023-09-22""}",bitemporal_version_e505f340e809e30ce92b9ec1,bitemporal_version_8235fd26d39fa446d0c4b06d,True,ABSTAIN_TO_EXPRESSIBLE,ABSTAIN_TO_EXPRESSIBLE,PASS,True
"{""base_stage3a_state_version_id"":""state_version_73d74d7a4d5dbdc69aa847ab"",""cell_id"":""cell_5f623d6b57b59266e65e7d26"",""claim_type"":""OPERATIONAL_RESPONSE_ATTENTION"",""metric_name"":""RAI"",""source_kind"":""STATE_RAI"",""state_role"":""FORWARD_ATTENTION_CELL"",""valid_date"":""2023-09-22""}",bitemporal_version_e505f340e809e30ce92b9ec1,bitemporal_version_8235fd26d39fa446d0c4b06d,True,UNCHANGED_ABSTAIN,UNCHANGED_ABSTAIN,PASS,True
"{""attribute_name"":""anomaly_level"",""base_stage3a_state_version_id"":""state_version_3acb402029957453ac2d1faf"",""cell_id"":""cell_63d1e25f2b61b93ebb0d39c0"",""claim_type"":""FORECAST_GEOLOGICAL_CONDITION"",""source_evidence_id"":""doc_6af39821d5a37fd21b28de70_e0002"",""source_kind"":""GEOLOGICAL_EVIDENCE"",""state_role"":""DAILY_REVIEW_CELL"",""valid_date"":""2023-10-15""}",bitemporal_version_d71317768ff881c670f50f53,bitemporal_version_82e50cd3e609d0c3157077e8,True,OPPORTUNITY_ADDED,OPPORTUNITY_ADDED,PASS,True
"{""attribute_name"":""anomaly_level"",""base_stage3a_state_version_id"":""state_version_3acb402029957453ac2d1faf"",""cell_id"":""cell_63d1e25f2b61b93ebb0d39c0"",""claim_type"":""FORECAST_GEOLOGICAL_CONDITION"",""source_evidence_id"":""doc_c03e80c9fabf17e0b238ec9a_e0006"",""source_kind"":""GEOLOGICAL_EVIDENCE"",""state_role"":""DAILY_REVIEW_CELL"",""valid_date"":""2023-10-15""}",bitemporal_version_d71317768ff881c670f50f53,bitemporal_version_82e50cd3e609d0c3157077e8,True,UNCHANGED_EXPRESSIBLE,UNCHANGED_EXPRESSIBLE,PASS,True
"{""attribute_name"":""anomaly_level"",""base_stage3a_state_version_id"":""state_version_3acb402029957453ac2d1faf"",""cell_id"":""cell_63d1e25f2b61b93ebb0d39c0"",""claim_type"":""OBSERVED_GEOLOGICAL_CONDITION"",""source_evidence_id"":""doc_ec175e09cec4dd7f79757054_e0001"",""source_kind"":""GEOLOGICAL_EVIDENCE"",""state_role"":""DAILY_REVIEW_CELL"",""valid_date"":""2023-10-15""}",bitemporal_version_d71317768ff881c670f50f53,bitemporal_version_82e50cd3e609d0c3157077e8,True,UNCHANGED_ABSTAIN,UNCHANGED_ABSTAIN,PASS,True
"{""attribute_name"":""block_fall_or_collapse"",""base_stage3a_state_version_id"":""state_version_3acb402029957453ac2d1faf"",""cell_id"":""cell_63d1e25f2b61b93ebb0d39c0"",""claim_type"":""OBSERVED_GEOLOGICAL_CONDITION"",""source_evidence_id"":""doc_ec175e09cec4dd7f79757054_e0001"",""source_kind"":""GEOLOGICAL_EVIDENCE"",""state_role"":""DAILY_REVIEW_CELL"",""valid_date"":""2023-10-15""}",bitemporal_version_d71317768ff881c670f50f53,bitemporal_version_82e50cd3e609d0c3157077e8,True,UNCHANGED_EXPRESSIBLE,UNCHANGED_EXPRESSIBLE,PASS,True
"{""attribute_name"":""design_surrounding_rock_grade"",""base_stage3a_state_version_id"":""state_version_3acb402029957453ac2d1faf"",""cell_id"":""cell_63d1e25f2b61b93ebb0d39c0"",""claim_type"":""OBSERVED_GEOLOGICAL_CONDITION"",""source_evidence_id"":""doc_ec175e09cec4dd7f79757054_e0001"",""source_kind"":""GEOLOGICAL_EVIDENCE"",""state_role"":""DAILY_REVIEW_CELL"",""valid_date"":""2023-10-15""}",bitemporal_version_d71317768ff881c670f50f53,bitemporal_version_82e50cd3e609d0c3157077e8,True,UNCHANGED_EXPRESSIBLE,UNCHANGED_EXPRESSIBLE,PASS,True
"{""attribute_name"":""excavated_face_state"",""base_stage3a_state_version_id"":""state_version_3acb402029957453ac2d1faf"",""cell_id"":""cell_63d1e25f2b61b93ebb0d39c0"",""claim_type"":""OBSERVED_GEOLOGICAL_CONDITION"",""source_evidence_id"":""doc_ec175e09cec4dd7f79757054_e0001"",""source_kind"":""GEOLOGICAL_EVIDENCE"",""state_role"":""DAILY_REVIEW_CELL"",""valid_date"":""2023-10-15""}",bitemporal_version_d71317768ff881c670f50f53,bitemporal_version_82e50cd3e609d0c3157077e8,True,UNCHANGED_EXPRESSIBLE,UNCHANGED_EXPRESSIBLE,PASS,True
"{""attribute_name"":""face_state"",""base_stage3a_state_version_id"":""state_version_3acb402029957453ac2d1faf"",""cell_id"":""cell_63d1e25f2b61b93ebb0d39c0"",""claim_type"":""OBSERVED_GEOLOGICAL_CONDITION"",""source_evidence_id"":""doc_ec175e09cec4dd7f79757054_e0001"",""source_kind"":""GEOLOGICAL_EVIDENCE"",""state_role"":""DAILY_REVIEW_CELL"",""valid_date"":""2023-10-15""}",bitemporal_version_d71317768ff881c670f50f53,bitemporal_version_82e50cd3e609d0c3157077e8,True,UNCHANGED_EXPRESSIBLE,UNCHANGED_EXPRESSIBLE,PASS,True
"{""attribute_name"":""form_water_status"",""base_stage3a_state_version_id"":""state_version_3acb402029957453ac2d1faf"",""cell_id"":""cell_63d1e25f2b61b93ebb0d39c0"",""claim_type"":""OBSERVED_GEOLOGICAL_CONDITION"",""source_evidence_id"":""doc_ec175e09cec4dd7f79757054_e0001"",""source_kind"":""GEOLOGICAL_EVIDENCE"",""state_role"":""DAILY_REVIEW_CELL"",""valid_date"":""2023-10-15""}",bitemporal_version_d71317768ff881c670f50f53,bitemporal_version_82e50cd3e609d0c3157077e8,True,UNCHANGED_EXPRESSIBLE,UNCHANGED_EXPRESSIBLE,PASS,True
"{""attribute_name"":""geological_conclusion"",""base_stage3a_state_version_id"":""state_version_3acb402029957453ac2d1faf"",""cell_id"":""cell_63d1e25f2b61b93ebb0d39c0"",""claim_type"":""FORECAST_GEOLOGICAL_CONDITION"",""source_evidence_id"":""doc_6af39821d5a37fd21b28de70_e0002"",""source_kind"":""GEOLOGICAL_EVIDENCE"",""state_role"":""DAILY_REVIEW_CELL"",""valid_date"":""2023-10-15""}",bitemporal_version_d71317768ff881c670f50f53,bitemporal_version_82e50cd3e609d0c3157077e8,True,OPPORTUNITY_ADDED,OPPORTUNITY_ADDED,PASS,True
"{""attribute_name"":""geological_conclusion"",""base_stage3a_state_version_id"":""state_version_3acb402029957453ac2d1faf"",""cell_id"":""cell_63d1e25f2b61b93ebb0d39c0"",""claim_type"":""FORECAST_GEOLOGICAL_CONDITION"",""source_evidence_id"":""doc_c03e80c9fabf17e0b238ec9a_e0006"",""source_kind"":""GEOLOGICAL_EVIDENCE"",""state_role"":""DAILY_REVIEW_CELL"",""valid_date"":""2023-10-15""}",bitemporal_version_d71317768ff881c670f50f53,bitemporal_version_82e50cd3e609d0c3157077e8,True,UNCHANGED_EXPRESSIBLE,UNCHANGED_EXPRESSIBLE,PASS,True
"{""attribute_name"":""geological_description"",""base_stage3a_state_version_id"":""state_version_3acb402029957453ac2d1faf"",""cell_id"":""cell_63d1e25f2b61b93ebb0d39c0"",""claim_type"":""OBSERVED_GEOLOGICAL_CONDITION"",""source_evidence_id"":""doc_6af39821d5a37fd21b28de70_e0001"",""source_kind"":""GEOLOGICAL_EVIDENCE"",""state_role"":""DAILY_REVIEW_CELL"",""valid_date"":""2023-10-15""}",bitemporal_version_d71317768ff881c670f50f53,bitemporal_version_82e50cd3e609d0c3157077e8,True,OPPORTUNITY_ADDED,OPPORTUNITY_ADDED,PASS,True
"{""attribute_name"":""joint_aperture"",""base_stage3a_state_version_id"":""state_version_3acb402029957453ac2d1faf"",""cell_id"":""cell_63d1e25f2b61b93ebb0d39c0"",""claim_type"":""OBSERVED_GEOLOGICAL_CONDITION"",""source_evidence_id"":""doc_ec175e09cec4dd7f79757054_e0001"",""source_kind"":""GEOLOGICAL_EVIDENCE"",""state_role"":""DAILY_REVIEW_CELL"",""valid_date"":""2023-10-15""}",bitemporal_version_d71317768ff881c670f50f53,bitemporal_version_82e50cd3e609d0c3157077e8,True,UNCHANGED_EXPRESSIBLE,UNCHANGED_EXPRESSIBLE,PASS,True
"{""attribute_name"":""joint_development"",""base_stage3a_state_version_id"":""state_version_3acb402029957453ac2d1faf"",""cell_id"":""cell_63d1e25f2b61b93ebb0d39c0"",""claim_type"":""FORECAST_GEOLOGICAL_CONDITION"",""source_evidence_id"":""doc_6af39821d5a37fd21b28de70_e0002"",""source_kind"":""GEOLOGICAL_EVIDENCE"",""state_role"":""DAILY_REVIEW_CELL"",""valid_date"":""2023-10-15""}",bitemporal_version_d71317768ff881c670f50f53,bitemporal_version_82e50cd3e609d0c3157077e8,True,OPPORTUNITY_ADDED,OPPORTUNITY_ADDED,PASS,True
"{""attribute_name"":""joint_development"",""base_stage3a_state_version_id"":""state_version_3acb402029957453ac2d1faf"",""cell_id"":""cell_63d1e25f2b61b93ebb0d39c0"",""claim_type"":""FORECAST_GEOLOGICAL_CONDITION"",""source_evidence_id"":""doc_c03e80c9fabf17e0b238ec9a_e0006"",""source_kind"":""GEOLOGICAL_EVIDENCE"",""state_role"":""DAILY_REVIEW_CELL"",""valid_date"":""2023-10-15""}",bitemporal_version_d71317768ff881c670f50f53,bitemporal_version_82e50cd3e609d0c3157077e8,True,UNCHANGED_EXPRESSIBLE,UNCHANGED_EXPRESSIBLE,PASS,True
"{""attribute_name"":""joint_development"",""base_stage3a_state_version_id"":""state_version_3acb402029957453ac2d1faf"",""cell_id"":""cell_63d1e25f2b61b93ebb0d39c0"",""claim_type"":""OBSERVED_GEOLOGICAL_CONDITION"",""source_evidence_id"":""doc_ec175e09cec4dd7f79757054_e0001"",""source_kind"":""GEOLOGICAL_EVIDENCE"",""state_role"":""DAILY_REVIEW_CELL"",""valid_date"":""2023-10-15""}",bitemporal_version_d71317768ff881c670f50f53,bitemporal_version_82e50cd3e609d0c3157077e8,True,UNCHANGED_EXPRESSIBLE,UNCHANGED_EXPRESSIBLE,PASS,True
"{""attribute_name"":""joint_extension"",""base_stage3a_state_version_id"":""state_version_3acb402029957453ac2d1faf"",""cell_id"":""cell_63d1e25f2b61b93ebb0d39c0"",""claim_type"":""OBSERVED_GEOLOGICAL_CONDITION"",""source_evidence_id"":""doc_ec175e09cec4dd7f79757054_e0001"",""source_kind"":""GEOLOGICAL_EVIDENCE"",""state_role"":""DAILY_REVIEW_CELL"",""valid_date"":""2023-10-15""}",bitemporal_version_d71317768ff881c670f50f53,bitemporal_version_82e50cd3e609d0c3157077e8,True,UNCHANGED_EXPRESSIBLE,UNCHANGED_EXPRESSIBLE,PASS,True
"{""attribute_name"":""joint_roughness"",""base_stage3a_state_version_id"":""state_version_3acb402029957453ac2d1faf"",""cell_id"":""cell_63d1e25f2b61b93ebb0d39c0"",""claim_type"":""OBSERVED_GEOLOGICAL_CONDITION"",""source_evidence_id"":""doc_ec175e09cec4dd7f79757054_e0001"",""source_kind"":""GEOLOGICAL_EVIDENCE"",""state_role"":""DAILY_REVIEW_CELL"",""valid_date"":""2023-10-15""}",bitemporal_version_d71317768ff881c670f50f53,bitemporal_version_82e50cd3e609d0c3157077e8,True,UNCHANGED_EXPRESSIBLE,UNCHANGED_EXPRESSIBLE,PASS,True
"{""attribute_name"":""joint_spacing"",""base_stage3a_state_version_id"":""state_version_3acb402029957453ac2d1faf"",""cell_id"":""cell_63d1e25f2b61b93ebb0d39c0"",""claim_type"":""OBSERVED_GEOLOGICAL_CONDITION"",""source_evidence_id"":""doc_ec175e09cec4dd7f79757054_e0001"",""source_kind"":""GEOLOGICAL_EVIDENCE"",""state_role"":""DAILY_REVIEW_CELL"",""valid_date"":""2023-10-15""}",bitemporal_version_d71317768ff881c670f50f53,bitemporal_version_82e50cd3e609d0c3157077e8,True,UNCHANGED_EXPRESSIBLE,UNCHANGED_EXPRESSIBLE,PASS,True
"{""attribute_name"":""karst_development"",""base_stage3a_state_version_id"":""state_version_3acb402029957453ac2d1faf"",""cell_id"":""cell_63d1e25f2b61b93ebb0d39c0"",""claim_type"":""OBSERVED_GEOLOGICAL_CONDITION"",""source_evidence_id"":""doc_ec175e09cec4dd7f79757054_e0001"",""source_kind"":""GEOLOGICAL_EVIDENCE"",""state_role"":""DAILY_REVIEW_CELL"",""valid_date"":""2023-10-15""}",bitemporal_version_d71317768ff881c670f50f53,bitemporal_version_82e50cd3e609d0c3157077e8,True,UNCHANGED_EXPRESSIBLE,UNCHANGED_EXPRESSIBLE,PASS,True
"{""attribute_name"":""lithology"",""base_stage3a_state_version_id"":""state_version_3acb402029957453ac2d1faf"",""cell_id"":""cell_63d1e25f2b61b93ebb0d39c0"",""claim_type"":""FORECAST_GEOLOGICAL_CONDITION"",""source_evidence_id"":""doc_6af39821d5a37fd21b28de70_e0002"",""source_kind"":""GEOLOGICAL_EVIDENCE"",""state_role"":""DAILY_REVIEW_CELL"",""valid_date"":""2023-10-15""}",bitemporal_version_d71317768ff881c670f50f53,bitemporal_version_82e50cd3e609d0c3157077e8,True,OPPORTUNITY_ADDED,OPPORTUNITY_ADDED,PASS,True
"{""attribute_name"":""lithology"",""base_stage3a_state_version_id"":""state_version_3acb402029957453ac2d1faf"",""cell_id"":""cell_63d1e25f2b61b93ebb0d39c0"",""claim_type"":""FORECAST_GEOLOGICAL_CONDITION"",""source_evidence_id"":""doc_c03e80c9fabf17e0b238ec9a_e0006"",""source_kind"":""GEOLOGICAL_EVIDENCE"",""state_role"":""DAILY_REVIEW_CELL"",""valid_date"":""2023-10-15""}",bitemporal_version_d71317768ff881c670f50f53,bitemporal_version_82e50cd3e609d0c3157077e8,True,UNCHANGED_EXPRESSIBLE,UNCHANGED_EXPRESSIBLE,PASS,True
"{""attribute_name"":""lithology"",""base_stage3a_state_version_id"":""state_version_3acb402029957453ac2d1faf"",""cell_id"":""cell_63d1e25f2b61b93ebb0d39c0"",""claim_type"":""OBSERVED_GEOLOGICAL_CONDITION"",""source_evidence_id"":""doc_6af39821d5a37fd21b28de70_e0001"",""source_kind"":""GEOLOGICAL_EVIDENCE"",""state_role"":""DAILY_REVIEW_CELL"",""valid_date"":""2023-10-15""}",bitemporal_version_d71317768ff881c670f50f53,bitemporal_version_82e50cd3e609d0c3157077e8,True,OPPORTUNITY_ADDED,OPPORTUNITY_ADDED,PASS,True
"{""attribute_name"":""lithology"",""base_stage3a_state_version_id"":""state_version_3acb402029957453ac2d1faf"",""cell_id"":""cell_63d1e25f2b61b93ebb0d39c0"",""claim_type"":""OBSERVED_GEOLOGICAL_CONDITION"",""source_evidence_id"":""doc_ec175e09cec4dd7f79757054_e0001"",""source_kind"":""GEOLOGICAL_EVIDENCE"",""state_role"":""DAILY_REVIEW_CELL"",""valid_date"":""2023-10-15""}",bitemporal_version_d71317768ff881c670f50f53,bitemporal_version_82e50cd3e609d0c3157077e8,True,UNCHANGED_EXPRESSIBLE,UNCHANGED_EXPRESSIBLE,PASS,True
"{""attribute_name"":""narrative_water_observation"",""base_stage3a_state_version_id"":""state_version_3acb402029957453ac2d1faf"",""cell_id"":""cell_63d1e25f2b61b93ebb0d39c0"",""claim_type"":""OBSERVED_GEOLOGICAL_CONDITION"",""source_evidence_id"":""doc_ec175e09cec4dd7f79757054_e0001"",""source_kind"":""GEOLOGICAL_EVIDENCE"",""state_role"":""DAILY_REVIEW_CELL"",""valid_date"":""2023-10-15""}",bitemporal_version_d71317768ff881c670f50f53,bitemporal_version_82e50cd3e609d0c3157077e8,True,UNCHANGED_EXPRESSIBLE,UNCHANGED_EXPRESSIBLE,PASS,True
"{""attribute_name"":""risk_hint"",""base_stage3a_state_version_id"":""state_version_3acb402029957453ac2d1faf"",""cell_id"":""cell_63d1e25f2b61b93ebb0d39c0"",""claim_type"":""FORECAST_GEOLOGICAL_CONDITION"",""source_evidence_id"":""doc_6af39821d5a37fd21b28de70_e0002"",""source_kind"":""GEOLOGICAL_EVIDENCE"",""state_role"":""DAILY_REVIEW_CELL"",""valid_date"":""2023-10-15""}",bitemporal_version_d71317768ff881c670f50f53,bitemporal_version_82e50cd3e609d0c3157077e8,True,OPPORTUNITY_ADDED,OPPORTUNITY_ADDED,PASS,True
"{""attribute_name"":""risk_hint"",""base_stage3a_state_version_id"":""state_version_3acb402029957453ac2d1faf"",""cell_id"":""cell_63d1e25f2b61b93ebb0d39c0"",""claim_type"":""FORECAST_GEOLOGICAL_CONDITION"",""source_evidence_id"":""doc_c03e80c9fabf17e0b238ec9a_e0006"",""source_kind"":""GEOLOGICAL_EVIDENCE"",""state_role"":""DAILY_REVIEW_CELL"",""valid_date"":""2023-10-15""}",bitemporal_version_d71317768ff881c670f50f53,bitemporal_version_82e50cd3e609d0c3157077e8,True,UNCHANGED_EXPRESSIBLE,UNCHANGED_EXPRESSIBLE,PASS,True
"{""attribute_name"":""rock_mass_state"",""base_stage3a_state_version_id"":""state_version_3acb402029957453ac2d1faf"",""cell_id"":""cell_63d1e25f2b61b93ebb0d39c0"",""claim_type"":""FORECAST_GEOLOGICAL_CONDITION"",""source_evidence_id"":""doc_6af39821d5a37fd21b28de70_e0002"",""source_kind"":""GEOLOGICAL_EVIDENCE"",""state_role"":""DAILY_REVIEW_CELL"",""valid_date"":""2023-10-15""}",bitemporal_version_d71317768ff881c670f50f53,bitemporal_version_82e50cd3e609d0c3157077e8,True,OPPORTUNITY_ADDED,OPPORTUNITY_ADDED,PASS,True
"{""attribute_name"":""rock_mass_state"",""base_stage3a_state_version_id"":""state_version_3acb402029957453ac2d1faf"",""cell_id"":""cell_63d1e25f2b61b93ebb0d39c0"",""claim_type"":""FORECAST_GEOLOGICAL_CONDITION"",""source_evidence_id"":""doc_c03e80c9fabf17e0b238ec9a_e0006"",""source_kind"":""GEOLOGICAL_EVIDENCE"",""state_role"":""DAILY_REVIEW_CELL"",""valid_date"":""2023-10-15""}",bitemporal_version_d71317768ff881c670f50f53,bitemporal_version_82e50cd3e609d0c3157077e8,True,UNCHANGED_EXPRESSIBLE,UNCHANGED_EXPRESSIBLE,PASS,True
"{""attribute_name"":""rock_mass_state"",""base_stage3a_state_version_id"":""state_version_3acb402029957453ac2d1faf"",""cell_id"":""cell_63d1e25f2b61b93ebb0d39c0"",""claim_type"":""OBSERVED_GEOLOGICAL_CONDITION"",""source_evidence_id"":""doc_6af39821d5a37fd21b28de70_e0001"",""source_kind"":""GEOLOGICAL_EVIDENCE"",""state_role"":""DAILY_REVIEW_CELL"",""valid_date"":""2023-10-15""}",bitemporal_version_d71317768ff881c670f50f53,bitemporal_version_82e50cd3e609d0c3157077e8,True,OPPORTUNITY_ADDED,OPPORTUNITY_ADDED,PASS,True
"{""attribute_name"":""rock_mass_state"",""base_stage3a_state_version_id"":""state_version_3acb402029957453ac2d1faf"",""cell_id"":""cell_63d1e25f2b61b93ebb0d39c0"",""claim_type"":""OBSERVED_GEOLOGICAL_CONDITION"",""source_evidence_id"":""doc_ec175e09cec4dd7f79757054_e0001"",""source_kind"":""GEOLOGICAL_EVIDENCE"",""state_role"":""DAILY_REVIEW_CELL"",""valid_date"":""2023-10-15""}",bitemporal_version_d71317768ff881c670f50f53,bitemporal_version_82e50cd3e609d0c3157077e8,True,UNCHANGED_EXPRESSIBLE,UNCHANGED_EXPRESSIBLE,PASS,True
"{""attribute_name"":""rock_strength"",""base_stage3a_state_version_id"":""state_version_3acb402029957453ac2d1faf"",""cell_id"":""cell_63d1e25f2b61b93ebb0d39c0"",""claim_type"":""OBSERVED_GEOLOGICAL_CONDITION"",""source_evidence_id"":""doc_ec175e09cec4dd7f79757054_e0001"",""source_kind"":""GEOLOGICAL_EVIDENCE"",""state_role"":""DAILY_REVIEW_CELL"",""valid_date"":""2023-10-15""}",bitemporal_version_d71317768ff881c670f50f53,bitemporal_version_82e50cd3e609d0c3157077e8,True,UNCHANGED_EXPRESSIBLE,UNCHANGED_EXPRESSIBLE,PASS,True
"{""attribute_name"":""stability"",""base_stage3a_state_version_id"":""state_version_3acb402029957453ac2d1faf"",""cell_id"":""cell_63d1e25f2b61b93ebb0d39c0"",""claim_type"":""OBSERVED_GEOLOGICAL_CONDITION"",""source_evidence_id"":""doc_ec175e09cec4dd7f79757054_e0001"",""source_kind"":""GEOLOGICAL_EVIDENCE"",""state_role"":""DAILY_REVIEW_CELL"",""valid_date"":""2023-10-15""}",bitemporal_version_d71317768ff881c670f50f53,bitemporal_version_82e50cd3e609d0c3157077e8,True,UNCHANGED_EXPRESSIBLE,UNCHANGED_EXPRESSIBLE,PASS,True
"{""attribute_name"":""suggested_grade"",""base_stage3a_state_version_id"":""state_version_3acb402029957453ac2d1faf"",""cell_id"":""cell_63d1e25f2b61b93ebb0d39c0"",""claim_type"":""FORECAST_GEOLOGICAL_CONDITION"",""source_evidence_id"":""doc_6af39821d5a37fd21b28de70_e0002"",""source_kind"":""GEOLOGICAL_EVIDENCE"",""state_role"":""DAILY_REVIEW_CELL"",""valid_date"":""2023-10-15""}",bitemporal_version_d71317768ff881c670f50f53,bitemporal_version_82e50cd3e609d0c3157077e8,True,OPPORTUNITY_ADDED,OPPORTUNITY_ADDED,PASS,True
"{""attribute_name"":""suggested_grade"",""base_stage3a_state_version_id"":""state_version_3acb402029957453ac2d1faf"",""cell_id"":""cell_63d1e25f2b61b93ebb0d39c0"",""claim_type"":""FORECAST_GEOLOGICAL_CONDITION"",""source_evidence_id"":""doc_c03e80c9fabf17e0b238ec9a_e0006"",""source_kind"":""GEOLOGICAL_EVIDENCE"",""state_role"":""DAILY_REVIEW_CELL"",""valid_date"":""2023-10-15""}",bitemporal_version_d71317768ff881c670f50f53,bitemporal_version_82e50cd3e609d0c3157077e8,True,UNCHANGED_EXPRESSIBLE,UNCHANGED_EXPRESSIBLE,PASS,True
"{""attribute_name"":""suggested_surrounding_rock_grade"",""base_stage3a_state_version_id"":""state_version_3acb402029957453ac2d1faf"",""cell_id"":""cell_63d1e25f2b61b93ebb0d39c0"",""claim_type"":""OBSERVED_GEOLOGICAL_CONDITION"",""source_evidence_id"":""doc_ec175e09cec4dd7f79757054_e0001"",""source_kind"":""GEOLOGICAL_EVIDENCE"",""state_role"":""DAILY_REVIEW_CELL"",""valid_date"":""2023-10-15""}",bitemporal_version_d71317768ff881c670f50f53,bitemporal_version_82e50cd3e609d0c3157077e8,True,UNCHANGED_EXPRESSIBLE,UNCHANGED_EXPRESSIBLE,PASS,True
"{""attribute_name"":""water_type"",""base_stage3a_state_version_id"":""state_version_3acb402029957453ac2d1faf"",""cell_id"":""cell_63d1e25f2b61b93ebb0d39c0"",""claim_type"":""OBSERVED_GEOLOGICAL_CONDITION"",""source_evidence_id"":""doc_ec175e09cec4dd7f79757054_e0001"",""source_kind"":""GEOLOGICAL_EVIDENCE"",""state_role"":""DAILY_REVIEW_CELL"",""valid_date"":""2023-10-15""}",bitemporal_version_d71317768ff881c670f50f53,bitemporal_version_82e50cd3e609d0c3157077e8,True,UNCHANGED_EXPRESSIBLE,UNCHANGED_EXPRESSIBLE,PASS,True
"{""attribute_name"":""weathering"",""base_stage3a_state_version_id"":""state_version_3acb402029957453ac2d1faf"",""cell_id"":""cell_63d1e25f2b61b93ebb0d39c0"",""claim_type"":""FORECAST_GEOLOGICAL_CONDITION"",""source_evidence_id"":""doc_6af39821d5a37fd21b28de70_e0002"",""source_kind"":""GEOLOGICAL_EVIDENCE"",""state_role"":""DAILY_REVIEW_CELL"",""valid_date"":""2023-10-15""}",bitemporal_version_d71317768ff881c670f50f53,bitemporal_version_82e50cd3e609d0c3157077e8,True,OPPORTUNITY_ADDED,OPPORTUNITY_ADDED,PASS,True
"{""attribute_name"":""weathering"",""base_stage3a_state_version_id"":""state_version_3acb402029957453ac2d1faf"",""cell_id"":""cell_63d1e25f2b61b93ebb0d39c0"",""claim_type"":""FORECAST_GEOLOGICAL_CONDITION"",""source_evidence_id"":""doc_c03e80c9fabf17e0b238ec9a_e0006"",""source_kind"":""GEOLOGICAL_EVIDENCE"",""state_role"":""DAILY_REVIEW_CELL"",""valid_date"":""2023-10-15""}",bitemporal_version_d71317768ff881c670f50f53,bitemporal_version_82e50cd3e609d0c3157077e8,True,UNCHANGED_EXPRESSIBLE,UNCHANGED_EXPRESSIBLE,PASS,True
"{""attribute_name"":""weathering"",""base_stage3a_state_version_id"":""state_version_3acb402029957453ac2d1faf"",""cell_id"":""cell_63d1e25f2b61b93ebb0d39c0"",""claim_type"":""OBSERVED_GEOLOGICAL_CONDITION"",""source_evidence_id"":""doc_6af39821d5a37fd21b28de70_e0001"",""source_kind"":""GEOLOGICAL_EVIDENCE"",""state_role"":""DAILY_REVIEW_CELL"",""valid_date"":""2023-10-15""}",bitemporal_version_d71317768ff881c670f50f53,bitemporal_version_82e50cd3e609d0c3157077e8,True,OPPORTUNITY_ADDED,OPPORTUNITY_ADDED,PASS,True
"{""attribute_name"":""weathering"",""base_stage3a_state_version_id"":""state_version_3acb402029957453ac2d1faf"",""cell_id"":""cell_63d1e25f2b61b93ebb0d39c0"",""claim_type"":""OBSERVED_GEOLOGICAL_CONDITION"",""source_evidence_id"":""doc_ec175e09cec4dd7f79757054_e0001"",""source_kind"":""GEOLOGICAL_EVIDENCE"",""state_role"":""DAILY_REVIEW_CELL"",""valid_date"":""2023-10-15""}",bitemporal_version_d71317768ff881c670f50f53,bitemporal_version_82e50cd3e609d0c3157077e8,True,UNCHANGED_EXPRESSIBLE,UNCHANGED_EXPRESSIBLE,PASS,True
"{""base_stage3a_state_version_id"":""state_version_3acb402029957453ac2d1faf"",""cell_id"":""cell_63d1e25f2b61b93ebb0d39c0"",""claim_type"":""COUPLED_ATTENTION_REVIEW"",""metric_name"":""GRCI"",""source_kind"":""STATE_GRCI"",""state_role"":""DAILY_REVIEW_CELL"",""valid_date"":""2023-10-15""}",bitemporal_version_d71317768ff881c670f50f53,bitemporal_version_82e50cd3e609d0c3157077e8,True,RESOLVED_SUPPORT_CHANGED,RESOLVED_SUPPORT_CHANGED,PASS,True
"{""base_stage3a_state_version_id"":""state_version_3acb402029957453ac2d1faf"",""cell_id"":""cell_63d1e25f2b61b93ebb0d39c0"",""claim_type"":""GEOLOGICAL_EVIDENCE_ATTENTION_REVIEW"",""metric_name"":""GRS"",""source_kind"":""STATE_GRS"",""state_role"":""DAILY_REVIEW_CELL"",""valid_date"":""2023-10-15""}",bitemporal_version_d71317768ff881c670f50f53,bitemporal_version_82e50cd3e609d0c3157077e8,True,RESOLVED_SUPPORT_CHANGED,RESOLVED_SUPPORT_CHANGED,PASS,True
"{""base_stage3a_state_version_id"":""state_version_3acb402029957453ac2d1faf"",""cell_id"":""cell_63d1e25f2b61b93ebb0d39c0"",""claim_type"":""OPERATIONAL_RESPONSE_ATTENTION"",""metric_name"":""RAI"",""source_kind"":""STATE_RAI"",""state_role"":""DAILY_REVIEW_CELL"",""valid_date"":""2023-10-15""}",bitemporal_version_d71317768ff881c670f50f53,bitemporal_version_82e50cd3e609d0c3157077e8,True,UNCHANGED_EXPRESSIBLE,UNCHANGED_EXPRESSIBLE,PASS,True
"{""attribute_name"":""anomaly_level"",""base_stage3a_state_version_id"":""state_version_ac19117bfe6fbd03a7d2e2cd"",""cell_id"":""cell_63f0b623e1aa623002144e00"",""claim_type"":""FORECAST_GEOLOGICAL_CONDITION"",""source_evidence_id"":""doc_b84482f2cbc3d64012d7baad_e0002"",""source_kind"":""GEOLOGICAL_EVIDENCE"",""state_role"":""FORWARD_ATTENTION_CELL"",""valid_date"":""2023-12-08""}",bitemporal_version_faa82061f2030389aab5bbbf,bitemporal_version_86bdec877d55704710cb4c77,True,OPPORTUNITY_ADDED,OPPORTUNITY_ADDED,PASS,True
"{""attribute_name"":""anomaly_level"",""base_stage3a_state_version_id"":""state_version_ac19117bfe6fbd03a7d2e2cd"",""cell_id"":""cell_63f0b623e1aa623002144e00"",""claim_type"":""FORECAST_GEOLOGICAL_CONDITION"",""source_evidence_id"":""doc_b84482f2cbc3d64012d7baad_e0003"",""source_kind"":""GEOLOGICAL_EVIDENCE"",""state_role"":""FORWARD_ATTENTION_CELL"",""valid_date"":""2023-12-08""}",bitemporal_version_faa82061f2030389aab5bbbf,bitemporal_version_86bdec877d55704710cb4c77,True,OPPORTUNITY_ADDED,OPPORTUNITY_ADDED,PASS,True
"{""attribute_name"":""anomaly_level"",""base_stage3a_state_version_id"":""state_version_ac19117bfe6fbd03a7d2e2cd"",""cell_id"":""cell_63f0b623e1aa623002144e00"",""claim_type"":""FORECAST_GEOLOGICAL_CONDITION"",""source_evidence_id"":""doc_c19c0e4b52882f445108f4a0_e0006"",""source_kind"":""GEOLOGICAL_EVIDENCE"",""state_role"":""FORWARD_ATTENTION_CELL"",""valid_date"":""2023-12-08""}",bitemporal_version_faa82061f2030389aab5bbbf,bitemporal_version_86bdec877d55704710cb4c77,True,UNCHANGED_ABSTAIN,UNCHANGED_ABSTAIN,PASS,True
"{""attribute_name"":""anomaly_level"",""base_stage3a_state_version_id"":""state_version_ac19117bfe6fbd03a7d2e2cd"",""cell_id"":""cell_63f0b623e1aa623002144e00"",""claim_type"":""FORECAST_GEOLOGICAL_CONDITION"",""source_evidence_id"":""doc_c19c0e4b52882f445108f4a0_e0007"",""source_kind"":""GEOLOGICAL_EVIDENCE"",""state_role"":""FORWARD_ATTENTION_CELL"",""valid_date"":""2023-12-08""}",bitemporal_version_faa82061f2030389aab5bbbf,bitemporal_version_86bdec877d55704710cb4c77,True,UNCHANGED_EXPRESSIBLE,UNCHANGED_EXPRESSIBLE,PASS,True
"{""attribute_name"":""geological_conclusion"",""base_stage3a_state_version_id"":""state_version_ac19117bfe6fbd03a7d2e2cd"",""cell_id"":""cell_63f0b623e1aa623002144e00"",""claim_type"":""FORECAST_GEOLOGICAL_CONDITION"",""source_evidence_id"":""doc_b84482f2cbc3d64012d7baad_e0002"",""source_kind"":""GEOLOGICAL_EVIDENCE"",""state_role"":""FORWARD_ATTENTION_CELL"",""valid_date"":""2023-12-08""}",bitemporal_version_faa82061f2030389aab5bbbf,bitemporal_version_86bdec877d55704710cb4c77,True,OPPORTUNITY_ADDED,OPPORTUNITY_ADDED,PASS,True
"{""attribute_name"":""geological_conclusion"",""base_stage3a_state_version_id"":""state_version_ac19117bfe6fbd03a7d2e2cd"",""cell_id"":""cell_63f0b623e1aa623002144e00"",""claim_type"":""FORECAST_GEOLOGICAL_CONDITION"",""source_evidence_id"":""doc_b84482f2cbc3d64012d7baad_e0003"",""source_kind"":""GEOLOGICAL_EVIDENCE"",""state_role"":""FORWARD_ATTENTION_CELL"",""valid_date"":""2023-12-08""}",bitemporal_version_faa82061f2030389aab5bbbf,bitemporal_version_86bdec877d55704710cb4c77,True,OPPORTUNITY_ADDED,OPPORTUNITY_ADDED,PASS,True
"{""attribute_name"":""geological_conclusion"",""base_stage3a_state_version_id"":""state_version_ac19117bfe6fbd03a7d2e2cd"",""cell_id"":""cell_63f0b623e1aa623002144e00"",""claim_type"":""FORECAST_GEOLOGICAL_CONDITION"",""source_evidence_id"":""doc_c19c0e4b52882f445108f4a0_e0006"",""source_kind"":""GEOLOGICAL_EVIDENCE"",""state_role"":""FORWARD_ATTENTION_CELL"",""valid_date"":""2023-12-08""}",bitemporal_version_faa82061f2030389aab5bbbf,bitemporal_version_86bdec877d55704710cb4c77,True,UNCHANGED_EXPRESSIBLE,UNCHANGED_EXPRESSIBLE,PASS,True
"{""attribute_name"":""geological_conclusion"",""base_stage3a_state_version_id"":""state_version_ac19117bfe6fbd03a7d2e2cd"",""cell_id"":""cell_63f0b623e1aa623002144e00"",""claim_type"":""FORECAST_GEOLOGICAL_CONDITION"",""source_evidence_id"":""doc_c19c0e4b52882f445108f4a0_e0007"",""source_kind"":""GEOLOGICAL_EVIDENCE"",""state_role"":""FORWARD_ATTENTION_CELL"",""valid_date"":""2023-12-08""}",bitemporal_version_faa82061f2030389aab5bbbf,bitemporal_version_86bdec877d55704710cb4c77,True,UNCHANGED_EXPRESSIBLE,UNCHANGED_EXPRESSIBLE,PASS,True
"{""attribute_name"":""joint_development"",""base_stage3a_state_version_id"":""state_version_ac19117bfe6fbd03a7d2e2cd"",""cell_id"":""cell_63f0b623e1aa623002144e00"",""claim_type"":""FORECAST_GEOLOGICAL_CONDITION"",""source_evidence_id"":""doc_b84482f2cbc3d64012d7baad_e0002"",""source_kind"":""GEOLOGICAL_EVIDENCE"",""state_role"":""FORWARD_ATTENTION_CELL"",""valid_date"":""2023-12-08""}",bitemporal_version_faa82061f2030389aab5bbbf,bitemporal_version_86bdec877d55704710cb4c77,True,OPPORTUNITY_ADDED,OPPORTUNITY_ADDED,PASS,True
"{""attribute_name"":""joint_development"",""base_stage3a_state_version_id"":""state_version_ac19117bfe6fbd03a7d2e2cd"",""cell_id"":""cell_63f0b623e1aa623002144e00"",""claim_type"":""FORECAST_GEOLOGICAL_CONDITION"",""source_evidence_id"":""doc_b84482f2cbc3d64012d7baad_e0003"",""source_kind"":""GEOLOGICAL_EVIDENCE"",""state_role"":""FORWARD_ATTENTION_CELL"",""valid_date"":""2023-12-08""}",bitemporal_version_faa82061f2030389aab5bbbf,bitemporal_version_86bdec877d55704710cb4c77,True,OPPORTUNITY_ADDED,OPPORTUNITY_ADDED,PASS,True
"{""attribute_name"":""joint_development"",""base_stage3a_state_version_id"":""state_version_ac19117bfe6fbd03a7d2e2cd"",""cell_id"":""cell_63f0b623e1aa623002144e00"",""claim_type"":""FORECAST_GEOLOGICAL_CONDITION"",""source_evidence_id"":""doc_c19c0e4b52882f445108f4a0_e0006"",""source_kind"":""GEOLOGICAL_EVIDENCE"",""state_role"":""FORWARD_ATTENTION_CELL"",""valid_date"":""2023-12-08""}",bitemporal_version_faa82061f2030389aab5bbbf,bitemporal_version_86bdec877d55704710cb4c77,True,UNCHANGED_EXPRESSIBLE,UNCHANGED_EXPRESSIBLE,PASS,True
"{""attribute_name"":""joint_development"",""base_stage3a_state_version_id"":""state_version_ac19117bfe6fbd03a7d2e2cd"",""cell_id"":""cell_63f0b623e1aa623002144e00"",""claim_type"":""FORECAST_GEOLOGICAL_CONDITION"",""source_evidence_id"":""doc_c19c0e4b52882f445108f4a0_e0007"",""source_kind"":""GEOLOGICAL_EVIDENCE"",""state_role"":""FORWARD_ATTENTION_CELL"",""valid_date"":""2023-12-08""}",bitemporal_version_faa82061f2030389aab5bbbf,bitemporal_version_86bdec877d55704710cb4c77,True,UNCHANGED_EXPRESSIBLE,UNCHANGED_EXPRESSIBLE,PASS,True
"{""attribute_name"":""lithology"",""base_stage3a_state_version_id"":""state_version_ac19117bfe6fbd03a7d2e2cd"",""cell_id"":""cell_63f0b623e1aa623002144e00"",""claim_type"":""FORECAST_GEOLOGICAL_CONDITION"",""source_evidence_id"":""doc_b84482f2cbc3d64012d7baad_e0002"",""source_kind"":""GEOLOGICAL_EVIDENCE"",""state_role"":""FORWARD_ATTENTION_CELL"",""valid_date"":""2023-12-08""}",bitemporal_version_faa82061f2030389aab5bbbf,bitemporal_version_86bdec877d55704710cb4c77,True,OPPORTUNITY_ADDED,OPPORTUNITY_ADDED,PASS,True
"{""attribute_name"":""lithology"",""base_stage3a_state_version_id"":""state_version_ac19117bfe6fbd03a7d2e2cd"",""cell_id"":""cell_63f0b623e1aa623002144e00"",""claim_type"":""FORECAST_GEOLOGICAL_CONDITION"",""source_evidence_id"":""doc_b84482f2cbc3d64012d7baad_e0003"",""source_kind"":""GEOLOGICAL_EVIDENCE"",""state_role"":""FORWARD_ATTENTION_CELL"",""valid_date"":""2023-12-08""}",bitemporal_version_faa82061f2030389aab5bbbf,bitemporal_version_86bdec877d55704710cb4c77,True,OPPORTUNITY_ADDED,OPPORTUNITY_ADDED,PASS,True
"{""attribute_name"":""lithology"",""base_stage3a_state_version_id"":""state_version_ac19117bfe6fbd03a7d2e2cd"",""cell_id"":""cell_63f0b623e1aa623002144e00"",""claim_type"":""FORECAST_GEOLOGICAL_CONDITION"",""source_evidence_id"":""doc_c19c0e4b52882f445108f4a0_e0006"",""source_kind"":""GEOLOGICAL_EVIDENCE"",""state_role"":""FORWARD_ATTENTION_CELL"",""valid_date"":""2023-12-08""}",bitemporal_version_faa82061f2030389aab5bbbf,bitemporal_version_86bdec877d55704710cb4c77,True,UNCHANGED_EXPRESSIBLE,UNCHANGED_EXPRESSIBLE,PASS,True
"{""attribute_name"":""lithology"",""base_stage3a_state_version_id"":""state_version_ac19117bfe6fbd03a7d2e2cd"",""cell_id"":""cell_63f0b623e1aa623002144e00"",""claim_type"":""FORECAST_GEOLOGICAL_CONDITION"",""source_evidence_id"":""doc_c19c0e4b52882f445108f4a0_e0007"",""source_kind"":""GEOLOGICAL_EVIDENCE"",""state_role"":""FORWARD_ATTENTION_CELL"",""valid_date"":""2023-12-08""}",bitemporal_version_faa82061f2030389aab5bbbf,bitemporal_version_86bdec877d55704710cb4c77,True,UNCHANGED_EXPRESSIBLE,UNCHANGED_EXPRESSIBLE,PASS,True
"{""attribute_name"":""risk_hint"",""base_stage3a_state_version_id"":""state_version_ac19117bfe6fbd03a7d2e2cd"",""cell_id"":""cell_63f0b623e1aa623002144e00"",""claim_type"":""FORECAST_GEOLOGICAL_CONDITION"",""source_evidence_id"":""doc_b84482f2cbc3d64012d7baad_e0002"",""source_kind"":""GEOLOGICAL_EVIDENCE"",""state_role"":""FORWARD_ATTENTION_CELL"",""valid_date"":""2023-12-08""}",bitemporal_version_faa82061f2030389aab5bbbf,bitemporal_version_86bdec877d55704710cb4c77,True,OPPORTUNITY_ADDED,OPPORTUNITY_ADDED,PASS,True
"{""attribute_name"":""risk_hint"",""base_stage3a_state_version_id"":""state_version_ac19117bfe6fbd03a7d2e2cd"",""cell_id"":""cell_63f0b623e1aa623002144e00"",""claim_type"":""FORECAST_GEOLOGICAL_CONDITION"",""source_evidence_id"":""doc_b84482f2cbc3d64012d7baad_e0003"",""source_kind"":""GEOLOGICAL_EVIDENCE"",""state_role"":""FORWARD_ATTENTION_CELL"",""valid_date"":""2023-12-08""}",bitemporal_version_faa82061f2030389aab5bbbf,bitemporal_version_86bdec877d55704710cb4c77,True,OPPORTUNITY_ADDED,OPPORTUNITY_ADDED,PASS,True
"{""attribute_name"":""risk_hint"",""base_stage3a_state_version_id"":""state_version_ac19117bfe6fbd03a7d2e2cd"",""cell_id"":""cell_63f0b623e1aa623002144e00"",""claim_type"":""FORECAST_GEOLOGICAL_CONDITION"",""source_evidence_id"":""doc_c19c0e4b52882f445108f4a0_e0006"",""source_kind"":""GEOLOGICAL_EVIDENCE"",""state_role"":""FORWARD_ATTENTION_CELL"",""valid_date"":""2023-12-08""}",bitemporal_version_faa82061f2030389aab5bbbf,bitemporal_version_86bdec877d55704710cb4c77,True,UNCHANGED_ABSTAIN,UNCHANGED_ABSTAIN,PASS,True
"{""attribute_name"":""risk_hint"",""base_stage3a_state_version_id"":""state_version_ac19117bfe6fbd03a7d2e2cd"",""cell_id"":""cell_63f0b623e1aa623002144e00"",""claim_type"":""FORECAST_GEOLOGICAL_CONDITION"",""source_evidence_id"":""doc_c19c0e4b52882f445108f4a0_e0007"",""source_kind"":""GEOLOGICAL_EVIDENCE"",""state_role"":""FORWARD_ATTENTION_CELL"",""valid_date"":""2023-12-08""}",bitemporal_version_faa82061f2030389aab5bbbf,bitemporal_version_86bdec877d55704710cb4c77,True,UNCHANGED_EXPRESSIBLE,UNCHANGED_EXPRESSIBLE,PASS,True
"{""attribute_name"":""rock_mass_state"",""base_stage3a_state_version_id"":""state_version_ac19117bfe6fbd03a7d2e2cd"",""cell_id"":""cell_63f0b623e1aa623002144e00"",""claim_type"":""FORECAST_GEOLOGICAL_CONDITION"",""source_evidence_id"":""doc_b84482f2cbc3d64012d7baad_e0002"",""source_kind"":""GEOLOGICAL_EVIDENCE"",""state_role"":""FORWARD_ATTENTION_CELL"",""valid_date"":""2023-12-08""}",bitemporal_version_faa82061f2030389aab5bbbf,bitemporal_version_86bdec877d55704710cb4c77,True,OPPORTUNITY_ADDED,OPPORTUNITY_ADDED,PASS,True
"{""attribute_name"":""rock_mass_state"",""base_stage3a_state_version_id"":""state_version_ac19117bfe6fbd03a7d2e2cd"",""cell_id"":""cell_63f0b623e1aa623002144e00"",""claim_type"":""FORECAST_GEOLOGICAL_CONDITION"",""source_evidence_id"":""doc_b84482f2cbc3d64012d7baad_e0003"",""source_kind"":""GEOLOGICAL_EVIDENCE"",""state_role"":""FORWARD_ATTENTION_CELL"",""valid_date"":""2023-12-08""}",bitemporal_version_faa82061f2030389aab5bbbf,bitemporal_version_86bdec877d55704710cb4c77,True,OPPORTUNITY_ADDED,OPPORTUNITY_ADDED,PASS,True
"{""attribute_name"":""rock_mass_state"",""base_stage3a_state_version_id"":""state_version_ac19117bfe6fbd03a7d2e2cd"",""cell_id"":""cell_63f0b623e1aa623002144e00"",""claim_type"":""FORECAST_GEOLOGICAL_CONDITION"",""source_evidence_id"":""doc_c19c0e4b52882f445108f4a0_e0006"",""source_kind"":""GEOLOGICAL_EVIDENCE"",""state_role"":""FORWARD_ATTENTION_CELL"",""valid_date"":""2023-12-08""}",bitemporal_version_faa82061f2030389aab5bbbf,bitemporal_version_86bdec877d55704710cb4c77,True,UNCHANGED_EXPRESSIBLE,UNCHANGED_EXPRESSIBLE,PASS,True
"{""attribute_name"":""rock_mass_state"",""base_stage3a_state_version_id"":""state_version_ac19117bfe6fbd03a7d2e2cd"",""cell_id"":""cell_63f0b623e1aa623002144e00"",""claim_type"":""FORECAST_GEOLOGICAL_CONDITION"",""source_evidence_id"":""doc_c19c0e4b52882f445108f4a0_e0007"",""source_kind"":""GEOLOGICAL_EVIDENCE"",""state_role"":""FORWARD_ATTENTION_CELL"",""valid_date"":""2023-12-08""}",bitemporal_version_faa82061f2030389aab5bbbf,bitemporal_version_86bdec877d55704710cb4c77,True,UNCHANGED_EXPRESSIBLE,UNCHANGED_EXPRESSIBLE,PASS,True
"{""attribute_name"":""suggested_grade"",""base_stage3a_state_version_id"":""state_version_ac19117bfe6fbd03a7d2e2cd"",""cell_id"":""cell_63f0b623e1aa623002144e00"",""claim_type"":""FORECAST_GEOLOGICAL_CONDITION"",""source_evidence_id"":""doc_b84482f2cbc3d64012d7baad_e0002"",""source_kind"":""GEOLOGICAL_EVIDENCE"",""state_role"":""FORWARD_ATTENTION_CELL"",""valid_date"":""2023-12-08""}",bitemporal_version_faa82061f2030389aab5bbbf,bitemporal_version_86bdec877d55704710cb4c77,True,OPPORTUNITY_ADDED,OPPORTUNITY_ADDED,PASS,True
"{""attribute_name"":""suggested_grade"",""base_stage3a_state_version_id"":""state_version_ac19117bfe6fbd03a7d2e2cd"",""cell_id"":""cell_63f0b623e1aa623002144e00"",""claim_type"":""FORECAST_GEOLOGICAL_CONDITION"",""source_evidence_id"":""doc_b84482f2cbc3d64012d7baad_e0003"",""source_kind"":""GEOLOGICAL_EVIDENCE"",""state_role"":""FORWARD_ATTENTION_CELL"",""valid_date"":""2023-12-08""}",bitemporal_version_faa82061f2030389aab5bbbf,bitemporal_version_86bdec877d55704710cb4c77,True,OPPORTUNITY_ADDED,OPPORTUNITY_ADDED,PASS,True
"{""attribute_name"":""suggested_grade"",""base_stage3a_state_version_id"":""state_version_ac19117bfe6fbd03a7d2e2cd"",""cell_id"":""cell_63f0b623e1aa623002144e00"",""claim_type"":""FORECAST_GEOLOGICAL_CONDITION"",""source_evidence_id"":""doc_c19c0e4b52882f445108f4a0_e0006"",""source_kind"":""GEOLOGICAL_EVIDENCE"",""state_role"":""FORWARD_ATTENTION_CELL"",""valid_date"":""2023-12-08""}",bitemporal_version_faa82061f2030389aab5bbbf,bitemporal_version_86bdec877d55704710cb4c77,True,UNCHANGED_EXPRESSIBLE,UNCHANGED_EXPRESSIBLE,PASS,True
"{""attribute_name"":""suggested_grade"",""base_stage3a_state_version_id"":""state_version_ac19117bfe6fbd03a7d2e2cd"",""cell_id"":""cell_63f0b623e1aa623002144e00"",""claim_type"":""FORECAST_GEOLOGICAL_CONDITION"",""source_evidence_id"":""doc_c19c0e4b52882f445108f4a0_e0007"",""source_kind"":""GEOLOGICAL_EVIDENCE"",""state_role"":""FORWARD_ATTENTION_CELL"",""valid_date"":""2023-12-08""}",bitemporal_version_faa82061f2030389aab5bbbf,bitemporal_version_86bdec877d55704710cb4c77,True,UNCHANGED_EXPRESSIBLE,UNCHANGED_EXPRESSIBLE,PASS,True
"{""attribute_name"":""weathering"",""base_stage3a_state_version_id"":""state_version_ac19117bfe6fbd03a7d2e2cd"",""cell_id"":""cell_63f0b623e1aa623002144e00"",""claim_type"":""FORECAST_GEOLOGICAL_CONDITION"",""source_evidence_id"":""doc_b84482f2cbc3d64012d7baad_e0002"",""source_kind"":""GEOLOGICAL_EVIDENCE"",""state_role"":""FORWARD_ATTENTION_CELL"",""valid_date"":""2023-12-08""}",bitemporal_version_faa82061f2030389aab5bbbf,bitemporal_version_86bdec877d55704710cb4c77,True,OPPORTUNITY_ADDED,OPPORTUNITY_ADDED,PASS,True
"{""attribute_name"":""weathering"",""base_stage3a_state_version_id"":""state_version_ac19117bfe6fbd03a7d2e2cd"",""cell_id"":""cell_63f0b623e1aa623002144e00"",""claim_type"":""FORECAST_GEOLOGICAL_CONDITION"",""source_evidence_id"":""doc_b84482f2cbc3d64012d7baad_e0003"",""source_kind"":""GEOLOGICAL_EVIDENCE"",""state_role"":""FORWARD_ATTENTION_CELL"",""valid_date"":""2023-12-08""}",bitemporal_version_faa82061f2030389aab5bbbf,bitemporal_version_86bdec877d55704710cb4c77,True,OPPORTUNITY_ADDED,OPPORTUNITY_ADDED,PASS,True
"{""attribute_name"":""weathering"",""base_stage3a_state_version_id"":""state_version_ac19117bfe6fbd03a7d2e2cd"",""cell_id"":""cell_63f0b623e1aa623002144e00"",""claim_type"":""FORECAST_GEOLOGICAL_CONDITION"",""source_evidence_id"":""doc_c19c0e4b52882f445108f4a0_e0006"",""source_kind"":""GEOLOGICAL_EVIDENCE"",""state_role"":""FORWARD_ATTENTION_CELL"",""valid_date"":""2023-12-08""}",bitemporal_version_faa82061f2030389aab5bbbf,bitemporal_version_86bdec877d55704710cb4c77,True,UNCHANGED_EXPRESSIBLE,UNCHANGED_EXPRESSIBLE,PASS,True
"{""attribute_name"":""weathering"",""base_stage3a_state_version_id"":""state_version_ac19117bfe6fbd03a7d2e2cd"",""cell_id"":""cell_63f0b623e1aa623002144e00"",""claim_type"":""FORECAST_GEOLOGICAL_CONDITION"",""source_evidence_id"":""doc_c19c0e4b52882f445108f4a0_e0007"",""source_kind"":""GEOLOGICAL_EVIDENCE"",""state_role"":""FORWARD_ATTENTION_CELL"",""valid_date"":""2023-12-08""}",bitemporal_version_faa82061f2030389aab5bbbf,bitemporal_version_86bdec877d55704710cb4c77,True,UNCHANGED_EXPRESSIBLE,UNCHANGED_EXPRESSIBLE,PASS,True
"{""base_stage3a_state_version_id"":""state_version_ac19117bfe6fbd03a7d2e2cd"",""cell_id"":""cell_63f0b623e1aa623002144e00"",""claim_type"":""FORWARD_GEOLOGICAL_ATTENTION"",""metric_name"":""GRS"",""source_kind"":""STATE_GRS"",""state_role"":""FORWARD_ATTENTION_CELL"",""valid_date"":""2023-12-08""}",bitemporal_version_faa82061f2030389aab5bbbf,bitemporal_version_86bdec877d55704710cb4c77,True,CLAIM_VALUE_CHANGED,CLAIM_VALUE_CHANGED,PASS,True
"{""base_stage3a_state_version_id"":""state_version_ac19117bfe6fbd03a7d2e2cd"",""cell_id"":""cell_63f0b623e1aa623002144e00"",""claim_type"":""OPERATIONAL_RESPONSE_ATTENTION"",""metric_name"":""RAI"",""source_kind"":""STATE_RAI"",""state_role"":""FORWARD_ATTENTION_CELL"",""valid_date"":""2023-12-08""}",bitemporal_version_faa82061f2030389aab5bbbf,bitemporal_version_86bdec877d55704710cb4c77,True,UNCHANGED_ABSTAIN,UNCHANGED_ABSTAIN,PASS,True
"{""attribute_name"":""anomaly_level"",""base_stage3a_state_version_id"":""state_version_7e8d43d2825fed6cc2fd4db5"",""cell_id"":""cell_18dcb188dff729ae040f264a"",""claim_type"":""FORECAST_GEOLOGICAL_CONDITION"",""source_evidence_id"":""doc_b84482f2cbc3d64012d7baad_e0003"",""source_kind"":""GEOLOGICAL_EVIDENCE"",""state_role"":""FORWARD_ATTENTION_CELL"",""valid_date"":""2023-12-08""}",bitemporal_version_696d50b35804a4000a49c205,bitemporal_version_88f26fd6bccb8ef5d7aa579c,True,OPPORTUNITY_ADDED,OPPORTUNITY_ADDED,PASS,True
"{""attribute_name"":""anomaly_level"",""base_stage3a_state_version_id"":""state_version_7e8d43d2825fed6cc2fd4db5"",""cell_id"":""cell_18dcb188dff729ae040f264a"",""claim_type"":""FORECAST_GEOLOGICAL_CONDITION"",""source_evidence_id"":""doc_c19c0e4b52882f445108f4a0_e0007"",""source_kind"":""GEOLOGICAL_EVIDENCE"",""state_role"":""FORWARD_ATTENTION_CELL"",""valid_date"":""2023-12-08""}",bitemporal_version_696d50b35804a4000a49c205,bitemporal_version_88f26fd6bccb8ef5d7aa579c,True,UNCHANGED_EXPRESSIBLE,UNCHANGED_EXPRESSIBLE,PASS,True
"{""attribute_name"":""geological_conclusion"",""base_stage3a_state_version_id"":""state_version_7e8d43d2825fed6cc2fd4db5"",""cell_id"":""cell_18dcb188dff729ae040f264a"",""claim_type"":""FORECAST_GEOLOGICAL_CONDITION"",""source_evidence_id"":""doc_b84482f2cbc3d64012d7baad_e0003"",""source_kind"":""GEOLOGICAL_EVIDENCE"",""state_role"":""FORWARD_ATTENTION_CELL"",""valid_date"":""2023-12-08""}",bitemporal_version_696d50b35804a4000a49c205,bitemporal_version_88f26fd6bccb8ef5d7aa579c,True,OPPORTUNITY_ADDED,OPPORTUNITY_ADDED,PASS,True
"{""attribute_name"":""geological_conclusion"",""base_stage3a_state_version_id"":""state_version_7e8d43d2825fed6cc2fd4db5"",""cell_id"":""cell_18dcb188dff729ae040f264a"",""claim_type"":""FORECAST_GEOLOGICAL_CONDITION"",""source_evidence_id"":""doc_c19c0e4b52882f445108f4a0_e0007"",""source_kind"":""GEOLOGICAL_EVIDENCE"",""state_role"":""FORWARD_ATTENTION_CELL"",""valid_date"":""2023-12-08""}",bitemporal_version_696d50b35804a4000a49c205,bitemporal_version_88f26fd6bccb8ef5d7aa579c,True,UNCHANGED_EXPRESSIBLE,UNCHANGED_EXPRESSIBLE,PASS,True
"{""attribute_name"":""joint_development"",""base_stage3a_state_version_id"":""state_version_7e8d43d2825fed6cc2fd4db5"",""cell_id"":""cell_18dcb188dff729ae040f264a"",""claim_type"":""FORECAST_GEOLOGICAL_CONDITION"",""source_evidence_id"":""doc_b84482f2cbc3d64012d7baad_e0003"",""source_kind"":""GEOLOGICAL_EVIDENCE"",""state_role"":""FORWARD_ATTENTION_CELL"",""valid_date"":""2023-12-08""}",bitemporal_version_696d50b35804a4000a49c205,bitemporal_version_88f26fd6bccb8ef5d7aa579c,True,OPPORTUNITY_ADDED,OPPORTUNITY_ADDED,PASS,True
"{""attribute_name"":""joint_development"",""base_stage3a_state_version_id"":""state_version_7e8d43d2825fed6cc2fd4db5"",""cell_id"":""cell_18dcb188dff729ae040f264a"",""claim_type"":""FORECAST_GEOLOGICAL_CONDITION"",""source_evidence_id"":""doc_c19c0e4b52882f445108f4a0_e0007"",""source_kind"":""GEOLOGICAL_EVIDENCE"",""state_role"":""FORWARD_ATTENTION_CELL"",""valid_date"":""2023-12-08""}",bitemporal_version_696d50b35804a4000a49c205,bitemporal_version_88f26fd6bccb8ef5d7aa579c,True,UNCHANGED_EXPRESSIBLE,UNCHANGED_EXPRESSIBLE,PASS,True
"{""attribute_name"":""lithology"",""base_stage3a_state_version_id"":""state_version_7e8d43d2825fed6cc2fd4db5"",""cell_id"":""cell_18dcb188dff729ae040f264a"",""claim_type"":""FORECAST_GEOLOGICAL_CONDITION"",""source_evidence_id"":""doc_b84482f2cbc3d64012d7baad_e0003"",""source_kind"":""GEOLOGICAL_EVIDENCE"",""state_role"":""FORWARD_ATTENTION_CELL"",""valid_date"":""2023-12-08""}",bitemporal_version_696d50b35804a4000a49c205,bitemporal_version_88f26fd6bccb8ef5d7aa579c,True,OPPORTUNITY_ADDED,OPPORTUNITY_ADDED,PASS,True
"{""attribute_name"":""lithology"",""base_stage3a_state_version_id"":""state_version_7e8d43d2825fed6cc2fd4db5"",""cell_id"":""cell_18dcb188dff729ae040f264a"",""claim_type"":""FORECAST_GEOLOGICAL_CONDITION"",""source_evidence_id"":""doc_c19c0e4b52882f445108f4a0_e0007"",""source_kind"":""GEOLOGICAL_EVIDENCE"",""state_role"":""FORWARD_ATTENTION_CELL"",""valid_date"":""2023-12-08""}",bitemporal_version_696d50b35804a4000a49c205,bitemporal_version_88f26fd6bccb8ef5d7aa579c,True,UNCHANGED_EXPRESSIBLE,UNCHANGED_EXPRESSIBLE,PASS,True
"{""attribute_name"":""risk_hint"",""base_stage3a_state_version_id"":""state_version_7e8d43d2825fed6cc2fd4db5"",""cell_id"":""cell_18dcb188dff729ae040f264a"",""claim_type"":""FORECAST_GEOLOGICAL_CONDITION"",""source_evidence_id"":""doc_b84482f2cbc3d64012d7baad_e0003"",""source_kind"":""GEOLOGICAL_EVIDENCE"",""state_role"":""FORWARD_ATTENTION_CELL"",""valid_date"":""2023-12-08""}",bitemporal_version_696d50b35804a4000a49c205,bitemporal_version_88f26fd6bccb8ef5d7aa579c,True,OPPORTUNITY_ADDED,OPPORTUNITY_ADDED,PASS,True
"{""attribute_name"":""risk_hint"",""base_stage3a_state_version_id"":""state_version_7e8d43d2825fed6cc2fd4db5"",""cell_id"":""cell_18dcb188dff729ae040f264a"",""claim_type"":""FORECAST_GEOLOGICAL_CONDITION"",""source_evidence_id"":""doc_c19c0e4b52882f445108f4a0_e0007"",""source_kind"":""GEOLOGICAL_EVIDENCE"",""state_role"":""FORWARD_ATTENTION_CELL"",""valid_date"":""2023-12-08""}",bitemporal_version_696d50b35804a4000a49c205,bitemporal_version_88f26fd6bccb8ef5d7aa579c,True,UNCHANGED_EXPRESSIBLE,UNCHANGED_EXPRESSIBLE,PASS,True
"{""attribute_name"":""rock_mass_state"",""base_stage3a_state_version_id"":""state_version_7e8d43d2825fed6cc2fd4db5"",""cell_id"":""cell_18dcb188dff729ae040f264a"",""claim_type"":""FORECAST_GEOLOGICAL_CONDITION"",""source_evidence_id"":""doc_b84482f2cbc3d64012d7baad_e0003"",""source_kind"":""GEOLOGICAL_EVIDENCE"",""state_role"":""FORWARD_ATTENTION_CELL"",""valid_date"":""2023-12-08""}",bitemporal_version_696d50b35804a4000a49c205,bitemporal_version_88f26fd6bccb8ef5d7aa579c,True,OPPORTUNITY_ADDED,OPPORTUNITY_ADDED,PASS,True
"{""attribute_name"":""rock_mass_state"",""base_stage3a_state_version_id"":""state_version_7e8d43d2825fed6cc2fd4db5"",""cell_id"":""cell_18dcb188dff729ae040f264a"",""claim_type"":""FORECAST_GEOLOGICAL_CONDITION"",""source_evidence_id"":""doc_c19c0e4b52882f445108f4a0_e0007"",""source_kind"":""GEOLOGICAL_EVIDENCE"",""state_role"":""FORWARD_ATTENTION_CELL"",""valid_date"":""2023-12-08""}",bitemporal_version_696d50b35804a4000a49c205,bitemporal_version_88f26fd6bccb8ef5d7aa579c,True,UNCHANGED_EXPRESSIBLE,UNCHANGED_EXPRESSIBLE,PASS,True
"{""attribute_name"":""suggested_grade"",""base_stage3a_state_version_id"":""state_version_7e8d43d2825fed6cc2fd4db5"",""cell_id"":""cell_18dcb188dff729ae040f264a"",""claim_type"":""FORECAST_GEOLOGICAL_CONDITION"",""source_evidence_id"":""doc_b84482f2cbc3d64012d7baad_e0003"",""source_kind"":""GEOLOGICAL_EVIDENCE"",""state_role"":""FORWARD_ATTENTION_CELL"",""valid_date"":""2023-12-08""}",bitemporal_version_696d50b35804a4000a49c205,bitemporal_version_88f26fd6bccb8ef5d7aa579c,True,OPPORTUNITY_ADDED,OPPORTUNITY_ADDED,PASS,True
"{""attribute_name"":""suggested_grade"",""base_stage3a_state_version_id"":""state_version_7e8d43d2825fed6cc2fd4db5"",""cell_id"":""cell_18dcb188dff729ae040f264a"",""claim_type"":""FORECAST_GEOLOGICAL_CONDITION"",""source_evidence_id"":""doc_c19c0e4b52882f445108f4a0_e0007"",""source_kind"":""GEOLOGICAL_EVIDENCE"",""state_role"":""FORWARD_ATTENTION_CELL"",""valid_date"":""2023-12-08""}",bitemporal_version_696d50b35804a4000a49c205,bitemporal_version_88f26fd6bccb8ef5d7aa579c,True,UNCHANGED_EXPRESSIBLE,UNCHANGED_EXPRESSIBLE,PASS,True
"{""attribute_name"":""weathering"",""base_stage3a_state_version_id"":""state_version_7e8d43d2825fed6cc2fd4db5"",""cell_id"":""cell_18dcb188dff729ae040f264a"",""claim_type"":""FORECAST_GEOLOGICAL_CONDITION"",""source_evidence_id"":""doc_b84482f2cbc3d64012d7baad_e0003"",""source_kind"":""GEOLOGICAL_EVIDENCE"",""state_role"":""FORWARD_ATTENTION_CELL"",""valid_date"":""2023-12-08""}",bitemporal_version_696d50b35804a4000a49c205,bitemporal_version_88f26fd6bccb8ef5d7aa579c,True,OPPORTUNITY_ADDED,OPPORTUNITY_ADDED,PASS,True
"{""attribute_name"":""weathering"",""base_stage3a_state_version_id"":""state_version_7e8d43d2825fed6cc2fd4db5"",""cell_id"":""cell_18dcb188dff729ae040f264a"",""claim_type"":""FORECAST_GEOLOGICAL_CONDITION"",""source_evidence_id"":""doc_c19c0e4b52882f445108f4a0_e0007"",""source_kind"":""GEOLOGICAL_EVIDENCE"",""state_role"":""FORWARD_ATTENTION_CELL"",""valid_date"":""2023-12-08""}",bitemporal_version_696d50b35804a4000a49c205,bitemporal_version_88f26fd6bccb8ef5d7aa579c,True,UNCHANGED_EXPRESSIBLE,UNCHANGED_EXPRESSIBLE,PASS,True
"{""base_stage3a_state_version_id"":""state_version_7e8d43d2825fed6cc2fd4db5"",""cell_id"":""cell_18dcb188dff729ae040f264a"",""claim_type"":""FORWARD_GEOLOGICAL_ATTENTION"",""metric_name"":""GRS"",""source_kind"":""STATE_GRS"",""state_role"":""FORWARD_ATTENTION_CELL"",""valid_date"":""2023-12-08""}",bitemporal_version_696d50b35804a4000a49c205,bitemporal_version_88f26fd6bccb8ef5d7aa579c,True,CLAIM_VALUE_CHANGED,CLAIM_VALUE_CHANGED,PASS,True
"{""base_stage3a_state_version_id"":""state_version_7e8d43d2825fed6cc2fd4db5"",""cell_id"":""cell_18dcb188dff729ae040f264a"",""claim_type"":""OPERATIONAL_RESPONSE_ATTENTION"",""metric_name"":""RAI"",""source_kind"":""STATE_RAI"",""state_role"":""FORWARD_ATTENTION_CELL"",""valid_date"":""2023-12-08""}",bitemporal_version_696d50b35804a4000a49c205,bitemporal_version_88f26fd6bccb8ef5d7aa579c,True,UNCHANGED_ABSTAIN,UNCHANGED_ABSTAIN,PASS,True
"{""attribute_name"":""anomaly_level"",""base_stage3a_state_version_id"":""state_version_4a637cd60b3f53c2427aaf46"",""cell_id"":""cell_15d2c322bb0814f83525b455"",""claim_type"":""FORECAST_GEOLOGICAL_CONDITION"",""source_evidence_id"":""doc_6af39821d5a37fd21b28de70_e0002"",""source_kind"":""GEOLOGICAL_EVIDENCE"",""state_role"":""FORWARD_ATTENTION_CELL"",""valid_date"":""2023-10-15""}",bitemporal_version_95ad2ba2795126d14ef57b15,bitemporal_version_9296ca9ba6c0b21cd947e418,True,OPPORTUNITY_ADDED,OPPORTUNITY_ADDED,PASS,True
"{""attribute_name"":""anomaly_level"",""base_stage3a_state_version_id"":""state_version_4a637cd60b3f53c2427aaf46"",""cell_id"":""cell_15d2c322bb0814f83525b455"",""claim_type"":""FORECAST_GEOLOGICAL_CONDITION"",""source_evidence_id"":""doc_6af39821d5a37fd21b28de70_e0003"",""source_kind"":""GEOLOGICAL_EVIDENCE"",""state_role"":""FORWARD_ATTENTION_CELL"",""valid_date"":""2023-10-15""}",bitemporal_version_95ad2ba2795126d14ef57b15,bitemporal_version_9296ca9ba6c0b21cd947e418,True,OPPORTUNITY_ADDED,OPPORTUNITY_ADDED,PASS,True
"{""attribute_name"":""geological_conclusion"",""base_stage3a_state_version_id"":""state_version_4a637cd60b3f53c2427aaf46"",""cell_id"":""cell_15d2c322bb0814f83525b455"",""claim_type"":""FORECAST_GEOLOGICAL_CONDITION"",""source_evidence_id"":""doc_6af39821d5a37fd21b28de70_e0002"",""source_kind"":""GEOLOGICAL_EVIDENCE"",""state_role"":""FORWARD_ATTENTION_CELL"",""valid_date"":""2023-10-15""}",bitemporal_version_95ad2ba2795126d14ef57b15,bitemporal_version_9296ca9ba6c0b21cd947e418,True,OPPORTUNITY_ADDED,OPPORTUNITY_ADDED,PASS,True
"{""attribute_name"":""geological_conclusion"",""base_stage3a_state_version_id"":""state_version_4a637cd60b3f53c2427aaf46"",""cell_id"":""cell_15d2c322bb0814f83525b455"",""claim_type"":""FORECAST_GEOLOGICAL_CONDITION"",""source_evidence_id"":""doc_6af39821d5a37fd21b28de70_e0003"",""source_kind"":""GEOLOGICAL_EVIDENCE"",""state_role"":""FORWARD_ATTENTION_CELL"",""valid_date"":""2023-10-15""}",bitemporal_version_95ad2ba2795126d14ef57b15,bitemporal_version_9296ca9ba6c0b21cd947e418,True,OPPORTUNITY_ADDED,OPPORTUNITY_ADDED,PASS,True
"{""attribute_name"":""joint_development"",""base_stage3a_state_version_id"":""state_version_4a637cd60b3f53c2427aaf46"",""cell_id"":""cell_15d2c322bb0814f83525b455"",""claim_type"":""FORECAST_GEOLOGICAL_CONDITION"",""source_evidence_id"":""doc_6af39821d5a37fd21b28de70_e0002"",""source_kind"":""GEOLOGICAL_EVIDENCE"",""state_role"":""FORWARD_ATTENTION_CELL"",""valid_date"":""2023-10-15""}",bitemporal_version_95ad2ba2795126d14ef57b15,bitemporal_version_9296ca9ba6c0b21cd947e418,True,OPPORTUNITY_ADDED,OPPORTUNITY_ADDED,PASS,True
"{""attribute_name"":""joint_development"",""base_stage3a_state_version_id"":""state_version_4a637cd60b3f53c2427aaf46"",""cell_id"":""cell_15d2c322bb0814f83525b455"",""claim_type"":""FORECAST_GEOLOGICAL_CONDITION"",""source_evidence_id"":""doc_6af39821d5a37fd21b28de70_e0003"",""source_kind"":""GEOLOGICAL_EVIDENCE"",""state_role"":""FORWARD_ATTENTION_CELL"",""valid_date"":""2023-10-15""}",bitemporal_version_95ad2ba2795126d14ef57b15,bitemporal_version_9296ca9ba6c0b21cd947e418,True,OPPORTUNITY_ADDED,OPPORTUNITY_ADDED,PASS,True
"{""attribute_name"":""lithology"",""base_stage3a_state_version_id"":""state_version_4a637cd60b3f53c2427aaf46"",""cell_id"":""cell_15d2c322bb0814f83525b455"",""claim_type"":""FORECAST_GEOLOGICAL_CONDITION"",""source_evidence_id"":""doc_6af39821d5a37fd21b28de70_e0002"",""source_kind"":""GEOLOGICAL_EVIDENCE"",""state_role"":""FORWARD_ATTENTION_CELL"",""valid_date"":""2023-10-15""}",bitemporal_version_95ad2ba2795126d14ef57b15,bitemporal_version_9296ca9ba6c0b21cd947e418,True,OPPORTUNITY_ADDED,OPPORTUNITY_ADDED,PASS,True
"{""attribute_name"":""lithology"",""base_stage3a_state_version_id"":""state_version_4a637cd60b3f53c2427aaf46"",""cell_id"":""cell_15d2c322bb0814f83525b455"",""claim_type"":""FORECAST_GEOLOGICAL_CONDITION"",""source_evidence_id"":""doc_6af39821d5a37fd21b28de70_e0003"",""source_kind"":""GEOLOGICAL_EVIDENCE"",""state_role"":""FORWARD_ATTENTION_CELL"",""valid_date"":""2023-10-15""}",bitemporal_version_95ad2ba2795126d14ef57b15,bitemporal_version_9296ca9ba6c0b21cd947e418,True,OPPORTUNITY_ADDED,OPPORTUNITY_ADDED,PASS,True
"{""attribute_name"":""risk_hint"",""base_stage3a_state_version_id"":""state_version_4a637cd60b3f53c2427aaf46"",""cell_id"":""cell_15d2c322bb0814f83525b455"",""claim_type"":""FORECAST_GEOLOGICAL_CONDITION"",""source_evidence_id"":""doc_6af39821d5a37fd21b28de70_e0002"",""source_kind"":""GEOLOGICAL_EVIDENCE"",""state_role"":""FORWARD_ATTENTION_CELL"",""valid_date"":""2023-10-15""}",bitemporal_version_95ad2ba2795126d14ef57b15,bitemporal_version_9296ca9ba6c0b21cd947e418,True,OPPORTUNITY_ADDED,OPPORTUNITY_ADDED,PASS,True
"{""attribute_name"":""risk_hint"",""base_stage3a_state_version_id"":""state_version_4a637cd60b3f53c2427aaf46"",""cell_id"":""cell_15d2c322bb0814f83525b455"",""claim_type"":""FORECAST_GEOLOGICAL_CONDITION"",""source_evidence_id"":""doc_6af39821d5a37fd21b28de70_e0003"",""source_kind"":""GEOLOGICAL_EVIDENCE"",""state_role"":""FORWARD_ATTENTION_CELL"",""valid_date"":""2023-10-15""}",bitemporal_version_95ad2ba2795126d14ef57b15,bitemporal_version_9296ca9ba6c0b21cd947e418,True,OPPORTUNITY_ADDED,OPPORTUNITY_ADDED,PASS,True
"{""attribute_name"":""rock_mass_state"",""base_stage3a_state_version_id"":""state_version_4a637cd60b3f53c2427aaf46"",""cell_id"":""cell_15d2c322bb0814f83525b455"",""claim_type"":""FORECAST_GEOLOGICAL_CONDITION"",""source_evidence_id"":""doc_6af39821d5a37fd21b28de70_e0002"",""source_kind"":""GEOLOGICAL_EVIDENCE"",""state_role"":""FORWARD_ATTENTION_CELL"",""valid_date"":""2023-10-15""}",bitemporal_version_95ad2ba2795126d14ef57b15,bitemporal_version_9296ca9ba6c0b21cd947e418,True,OPPORTUNITY_ADDED,OPPORTUNITY_ADDED,PASS,True
"{""attribute_name"":""rock_mass_state"",""base_stage3a_state_version_id"":""state_version_4a637cd60b3f53c2427aaf46"",""cell_id"":""cell_15d2c322bb0814f83525b455"",""claim_type"":""FORECAST_GEOLOGICAL_CONDITION"",""source_evidence_id"":""doc_6af39821d5a37fd21b28de70_e0003"",""source_kind"":""GEOLOGICAL_EVIDENCE"",""state_role"":""FORWARD_ATTENTION_CELL"",""valid_date"":""2023-10-15""}",bitemporal_version_95ad2ba2795126d14ef57b15,bitemporal_version_9296ca9ba6c0b21cd947e418,True,OPPORTUNITY_ADDED,OPPORTUNITY_ADDED,PASS,True
"{""attribute_name"":""suggested_grade"",""base_stage3a_state_version_id"":""state_version_4a637cd60b3f53c2427aaf46"",""cell_id"":""cell_15d2c322bb0814f83525b455"",""claim_type"":""FORECAST_GEOLOGICAL_CONDITION"",""source_evidence_id"":""doc_6af39821d5a37fd21b28de70_e0002"",""source_kind"":""GEOLOGICAL_EVIDENCE"",""state_role"":""FORWARD_ATTENTION_CELL"",""valid_date"":""2023-10-15""}",bitemporal_version_95ad2ba2795126d14ef57b15,bitemporal_version_9296ca9ba6c0b21cd947e418,True,OPPORTUNITY_ADDED,OPPORTUNITY_ADDED,PASS,True
"{""attribute_name"":""suggested_grade"",""base_stage3a_state_version_id"":""state_version_4a637cd60b3f53c2427aaf46"",""cell_id"":""cell_15d2c322bb0814f83525b455"",""claim_type"":""FORECAST_GEOLOGICAL_CONDITION"",""source_evidence_id"":""doc_6af39821d5a37fd21b28de70_e0003"",""source_kind"":""GEOLOGICAL_EVIDENCE"",""state_role"":""FORWARD_ATTENTION_CELL"",""valid_date"":""2023-10-15""}",bitemporal_version_95ad2ba2795126d14ef57b15,bitemporal_version_9296ca9ba6c0b21cd947e418,True,OPPORTUNITY_ADDED,OPPORTUNITY_ADDED,PASS,True
"{""attribute_name"":""weathering"",""base_stage3a_state_version_id"":""state_version_4a637cd60b3f53c2427aaf46"",""cell_id"":""cell_15d2c322bb0814f83525b455"",""claim_type"":""FORECAST_GEOLOGICAL_CONDITION"",""source_evidence_id"":""doc_6af39821d5a37fd21b28de70_e0002"",""source_kind"":""GEOLOGICAL_EVIDENCE"",""state_role"":""FORWARD_ATTENTION_CELL"",""valid_date"":""2023-10-15""}",bitemporal_version_95ad2ba2795126d14ef57b15,bitemporal_version_9296ca9ba6c0b21cd947e418,True,OPPORTUNITY_ADDED,OPPORTUNITY_ADDED,PASS,True
"{""attribute_name"":""weathering"",""base_stage3a_state_version_id"":""state_version_4a637cd60b3f53c2427aaf46"",""cell_id"":""cell_15d2c322bb0814f83525b455"",""claim_type"":""FORECAST_GEOLOGICAL_CONDITION"",""source_evidence_id"":""doc_6af39821d5a37fd21b28de70_e0003"",""source_kind"":""GEOLOGICAL_EVIDENCE"",""state_role"":""FORWARD_ATTENTION_CELL"",""valid_date"":""2023-10-15""}",bitemporal_version_95ad2ba2795126d14ef57b15,bitemporal_version_9296ca9ba6c0b21cd947e418,True,OPPORTUNITY_ADDED,OPPORTUNITY_ADDED,PASS,True
"{""base_stage3a_state_version_id"":""state_version_4a637cd60b3f53c2427aaf46"",""cell_id"":""cell_15d2c322bb0814f83525b455"",""claim_type"":""FORWARD_GEOLOGICAL_ATTENTION"",""metric_name"":""GRS"",""source_kind"":""STATE_GRS"",""state_role"":""FORWARD_ATTENTION_CELL"",""valid_date"":""2023-10-15""}",bitemporal_version_95ad2ba2795126d14ef57b15,bitemporal_version_9296ca9ba6c0b21cd947e418,True,ABSTAIN_TO_EXPRESSIBLE,ABSTAIN_TO_EXPRESSIBLE,PASS,True
"{""base_stage3a_state_version_id"":""state_version_4a637cd60b3f53c2427aaf46"",""cell_id"":""cell_15d2c322bb0814f83525b455"",""claim_type"":""OPERATIONAL_RESPONSE_ATTENTION"",""metric_name"":""RAI"",""source_kind"":""STATE_RAI"",""state_role"":""FORWARD_ATTENTION_CELL"",""valid_date"":""2023-10-15""}",bitemporal_version_95ad2ba2795126d14ef57b15,bitemporal_version_9296ca9ba6c0b21cd947e418,True,UNCHANGED_ABSTAIN,UNCHANGED_ABSTAIN,PASS,True
"{""attribute_name"":""anomaly_level"",""base_stage3a_state_version_id"":""state_version_9897b2bac157fca1b58b5fa2"",""cell_id"":""cell_6ab76a141b599fbf0d333f38"",""claim_type"":""FORECAST_GEOLOGICAL_CONDITION"",""source_evidence_id"":""doc_09e89a967279537d5c9bb8d7_e0003"",""source_kind"":""GEOLOGICAL_EVIDENCE"",""state_role"":""DAILY_REVIEW_CELL"",""valid_date"":""2023-10-26""}",bitemporal_version_ee320b9d61051152f32198dc,bitemporal_version_a34d1692e8ce5fb5dedc018a,True,UNCHANGED_EXPRESSIBLE,UNCHANGED_EXPRESSIBLE,PASS,True
"{""attribute_name"":""anomaly_level"",""base_stage3a_state_version_id"":""state_version_9897b2bac157fca1b58b5fa2"",""cell_id"":""cell_6ab76a141b599fbf0d333f38"",""claim_type"":""FORECAST_GEOLOGICAL_CONDITION"",""source_evidence_id"":""doc_28d57b5baaf883772b83b6e8_e0002"",""source_kind"":""GEOLOGICAL_EVIDENCE"",""state_role"":""DAILY_REVIEW_CELL"",""valid_date"":""2023-10-26""}",bitemporal_version_ee320b9d61051152f32198dc,bitemporal_version_a34d1692e8ce5fb5dedc018a,True,OPPORTUNITY_ADDED,OPPORTUNITY_ADDED,PASS,True
"{""attribute_name"":""geological_conclusion"",""base_stage3a_state_version_id"":""state_version_9897b2bac157fca1b58b5fa2"",""cell_id"":""cell_6ab76a141b599fbf0d333f38"",""claim_type"":""FORECAST_GEOLOGICAL_CONDITION"",""source_evidence_id"":""doc_09e89a967279537d5c9bb8d7_e0003"",""source_kind"":""GEOLOGICAL_EVIDENCE"",""state_role"":""DAILY_REVIEW_CELL"",""valid_date"":""2023-10-26""}",bitemporal_version_ee320b9d61051152f32198dc,bitemporal_version_a34d1692e8ce5fb5dedc018a,True,UNCHANGED_EXPRESSIBLE,UNCHANGED_EXPRESSIBLE,PASS,True
"{""attribute_name"":""geological_conclusion"",""base_stage3a_state_version_id"":""state_version_9897b2bac157fca1b58b5fa2"",""cell_id"":""cell_6ab76a141b599fbf0d333f38"",""claim_type"":""FORECAST_GEOLOGICAL_CONDITION"",""source_evidence_id"":""doc_28d57b5baaf883772b83b6e8_e0002"",""source_kind"":""GEOLOGICAL_EVIDENCE"",""state_role"":""DAILY_REVIEW_CELL"",""valid_date"":""2023-10-26""}",bitemporal_version_ee320b9d61051152f32198dc,bitemporal_version_a34d1692e8ce5fb5dedc018a,True,OPPORTUNITY_ADDED,OPPORTUNITY_ADDED,PASS,True
"{""attribute_name"":""geological_description"",""base_stage3a_state_version_id"":""state_version_9897b2bac157fca1b58b5fa2"",""cell_id"":""cell_6ab76a141b599fbf0d333f38"",""claim_type"":""OBSERVED_GEOLOGICAL_CONDITION"",""source_evidence_id"":""doc_28d57b5baaf883772b83b6e8_e0001"",""source_kind"":""GEOLOGICAL_EVIDENCE"",""state_role"":""DAILY_REVIEW_CELL"",""valid_date"":""2023-10-26""}",bitemporal_version_ee320b9d61051152f32198dc,bitemporal_version_a34d1692e8ce5fb5dedc018a,True,OPPORTUNITY_ADDED,OPPORTUNITY_ADDED,PASS,True
"{""attribute_name"":""joint_development"",""base_stage3a_state_version_id"":""state_version_9897b2bac157fca1b58b5fa2"",""cell_id"":""cell_6ab76a141b599fbf0d333f38"",""claim_type"":""FORECAST_GEOLOGICAL_CONDITION"",""source_evidence_id"":""doc_09e89a967279537d5c9bb8d7_e0003"",""source_kind"":""GEOLOGICAL_EVIDENCE"",""state_role"":""DAILY_REVIEW_CELL"",""valid_date"":""2023-10-26""}",bitemporal_version_ee320b9d61051152f32198dc,bitemporal_version_a34d1692e8ce5fb5dedc018a,True,UNCHANGED_EXPRESSIBLE,UNCHANGED_EXPRESSIBLE,PASS,True
"{""attribute_name"":""joint_development"",""base_stage3a_state_version_id"":""state_version_9897b2bac157fca1b58b5fa2"",""cell_id"":""cell_6ab76a141b599fbf0d333f38"",""claim_type"":""FORECAST_GEOLOGICAL_CONDITION"",""source_evidence_id"":""doc_28d57b5baaf883772b83b6e8_e0002"",""source_kind"":""GEOLOGICAL_EVIDENCE"",""state_role"":""DAILY_REVIEW_CELL"",""valid_date"":""2023-10-26""}",bitemporal_version_ee320b9d61051152f32198dc,bitemporal_version_a34d1692e8ce5fb5dedc018a,True,OPPORTUNITY_ADDED,OPPORTUNITY_ADDED,PASS,True
"{""attribute_name"":""lithology"",""base_stage3a_state_version_id"":""state_version_9897b2bac157fca1b58b5fa2"",""cell_id"":""cell_6ab76a141b599fbf0d333f38"",""claim_type"":""FORECAST_GEOLOGICAL_CONDITION"",""source_evidence_id"":""doc_09e89a967279537d5c9bb8d7_e0003"",""source_kind"":""GEOLOGICAL_EVIDENCE"",""state_role"":""DAILY_REVIEW_CELL"",""valid_date"":""2023-10-26""}",bitemporal_version_ee320b9d61051152f32198dc,bitemporal_version_a34d1692e8ce5fb5dedc018a,True,UNCHANGED_EXPRESSIBLE,UNCHANGED_EXPRESSIBLE,PASS,True
"{""attribute_name"":""lithology"",""base_stage3a_state_version_id"":""state_version_9897b2bac157fca1b58b5fa2"",""cell_id"":""cell_6ab76a141b599fbf0d333f38"",""claim_type"":""FORECAST_GEOLOGICAL_CONDITION"",""source_evidence_id"":""doc_28d57b5baaf883772b83b6e8_e0002"",""source_kind"":""GEOLOGICAL_EVIDENCE"",""state_role"":""DAILY_REVIEW_CELL"",""valid_date"":""2023-10-26""}",bitemporal_version_ee320b9d61051152f32198dc,bitemporal_version_a34d1692e8ce5fb5dedc018a,True,OPPORTUNITY_ADDED,OPPORTUNITY_ADDED,PASS,True
"{""attribute_name"":""lithology"",""base_stage3a_state_version_id"":""state_version_9897b2bac157fca1b58b5fa2"",""cell_id"":""cell_6ab76a141b599fbf0d333f38"",""claim_type"":""OBSERVED_GEOLOGICAL_CONDITION"",""source_evidence_id"":""doc_28d57b5baaf883772b83b6e8_e0001"",""source_kind"":""GEOLOGICAL_EVIDENCE"",""state_role"":""DAILY_REVIEW_CELL"",""valid_date"":""2023-10-26""}",bitemporal_version_ee320b9d61051152f32198dc,bitemporal_version_a34d1692e8ce5fb5dedc018a,True,OPPORTUNITY_ADDED,OPPORTUNITY_ADDED,PASS,True
"{""attribute_name"":""risk_hint"",""base_stage3a_state_version_id"":""state_version_9897b2bac157fca1b58b5fa2"",""cell_id"":""cell_6ab76a141b599fbf0d333f38"",""claim_type"":""FORECAST_GEOLOGICAL_CONDITION"",""source_evidence_id"":""doc_09e89a967279537d5c9bb8d7_e0003"",""source_kind"":""GEOLOGICAL_EVIDENCE"",""state_role"":""DAILY_REVIEW_CELL"",""valid_date"":""2023-10-26""}",bitemporal_version_ee320b9d61051152f32198dc,bitemporal_version_a34d1692e8ce5fb5dedc018a,True,UNCHANGED_EXPRESSIBLE,UNCHANGED_EXPRESSIBLE,PASS,True
"{""attribute_name"":""risk_hint"",""base_stage3a_state_version_id"":""state_version_9897b2bac157fca1b58b5fa2"",""cell_id"":""cell_6ab76a141b599fbf0d333f38"",""claim_type"":""FORECAST_GEOLOGICAL_CONDITION"",""source_evidence_id"":""doc_28d57b5baaf883772b83b6e8_e0002"",""source_kind"":""GEOLOGICAL_EVIDENCE"",""state_role"":""DAILY_REVIEW_CELL"",""valid_date"":""2023-10-26""}",bitemporal_version_ee320b9d61051152f32198dc,bitemporal_version_a34d1692e8ce5fb5dedc018a,True,OPPORTUNITY_ADDED,OPPORTUNITY_ADDED,PASS,True
"{""attribute_name"":""rock_mass_state"",""base_stage3a_state_version_id"":""state_version_9897b2bac157fca1b58b5fa2"",""cell_id"":""cell_6ab76a141b599fbf0d333f38"",""claim_type"":""FORECAST_GEOLOGICAL_CONDITION"",""source_evidence_id"":""doc_09e89a967279537d5c9bb8d7_e0003"",""source_kind"":""GEOLOGICAL_EVIDENCE"",""state_role"":""DAILY_REVIEW_CELL"",""valid_date"":""2023-10-26""}",bitemporal_version_ee320b9d61051152f32198dc,bitemporal_version_a34d1692e8ce5fb5dedc018a,True,UNCHANGED_EXPRESSIBLE,UNCHANGED_EXPRESSIBLE,PASS,True
"{""attribute_name"":""rock_mass_state"",""base_stage3a_state_version_id"":""state_version_9897b2bac157fca1b58b5fa2"",""cell_id"":""cell_6ab76a141b599fbf0d333f38"",""claim_type"":""FORECAST_GEOLOGICAL_CONDITION"",""source_evidence_id"":""doc_28d57b5baaf883772b83b6e8_e0002"",""source_kind"":""GEOLOGICAL_EVIDENCE"",""state_role"":""DAILY_REVIEW_CELL"",""valid_date"":""2023-10-26""}",bitemporal_version_ee320b9d61051152f32198dc,bitemporal_version_a34d1692e8ce5fb5dedc018a,True,OPPORTUNITY_ADDED,OPPORTUNITY_ADDED,PASS,True
"{""attribute_name"":""rock_mass_state"",""base_stage3a_state_version_id"":""state_version_9897b2bac157fca1b58b5fa2"",""cell_id"":""cell_6ab76a141b599fbf0d333f38"",""claim_type"":""OBSERVED_GEOLOGICAL_CONDITION"",""source_evidence_id"":""doc_28d57b5baaf883772b83b6e8_e0001"",""source_kind"":""GEOLOGICAL_EVIDENCE"",""state_role"":""DAILY_REVIEW_CELL"",""valid_date"":""2023-10-26""}",bitemporal_version_ee320b9d61051152f32198dc,bitemporal_version_a34d1692e8ce5fb5dedc018a,True,OPPORTUNITY_ADDED,OPPORTUNITY_ADDED,PASS,True
"{""attribute_name"":""suggested_grade"",""base_stage3a_state_version_id"":""state_version_9897b2bac157fca1b58b5fa2"",""cell_id"":""cell_6ab76a141b599fbf0d333f38"",""claim_type"":""FORECAST_GEOLOGICAL_CONDITION"",""source_evidence_id"":""doc_09e89a967279537d5c9bb8d7_e0003"",""source_kind"":""GEOLOGICAL_EVIDENCE"",""state_role"":""DAILY_REVIEW_CELL"",""valid_date"":""2023-10-26""}",bitemporal_version_ee320b9d61051152f32198dc,bitemporal_version_a34d1692e8ce5fb5dedc018a,True,UNCHANGED_EXPRESSIBLE,UNCHANGED_EXPRESSIBLE,PASS,True
"{""attribute_name"":""suggested_grade"",""base_stage3a_state_version_id"":""state_version_9897b2bac157fca1b58b5fa2"",""cell_id"":""cell_6ab76a141b599fbf0d333f38"",""claim_type"":""FORECAST_GEOLOGICAL_CONDITION"",""source_evidence_id"":""doc_28d57b5baaf883772b83b6e8_e0002"",""source_kind"":""GEOLOGICAL_EVIDENCE"",""state_role"":""DAILY_REVIEW_CELL"",""valid_date"":""2023-10-26""}",bitemporal_version_ee320b9d61051152f32198dc,bitemporal_version_a34d1692e8ce5fb5dedc018a,True,OPPORTUNITY_ADDED,OPPORTUNITY_ADDED,PASS,True
"{""attribute_name"":""weathering"",""base_stage3a_state_version_id"":""state_version_9897b2bac157fca1b58b5fa2"",""cell_id"":""cell_6ab76a141b599fbf0d333f38"",""claim_type"":""FORECAST_GEOLOGICAL_CONDITION"",""source_evidence_id"":""doc_09e89a967279537d5c9bb8d7_e0003"",""source_kind"":""GEOLOGICAL_EVIDENCE"",""state_role"":""DAILY_REVIEW_CELL"",""valid_date"":""2023-10-26""}",bitemporal_version_ee320b9d61051152f32198dc,bitemporal_version_a34d1692e8ce5fb5dedc018a,True,UNCHANGED_EXPRESSIBLE,UNCHANGED_EXPRESSIBLE,PASS,True
"{""attribute_name"":""weathering"",""base_stage3a_state_version_id"":""state_version_9897b2bac157fca1b58b5fa2"",""cell_id"":""cell_6ab76a141b599fbf0d333f38"",""claim_type"":""FORECAST_GEOLOGICAL_CONDITION"",""source_evidence_id"":""doc_28d57b5baaf883772b83b6e8_e0002"",""source_kind"":""GEOLOGICAL_EVIDENCE"",""state_role"":""DAILY_REVIEW_CELL"",""valid_date"":""2023-10-26""}",bitemporal_version_ee320b9d61051152f32198dc,bitemporal_version_a34d1692e8ce5fb5dedc018a,True,OPPORTUNITY_ADDED,OPPORTUNITY_ADDED,PASS,True
"{""attribute_name"":""weathering"",""base_stage3a_state_version_id"":""state_version_9897b2bac157fca1b58b5fa2"",""cell_id"":""cell_6ab76a141b599fbf0d333f38"",""claim_type"":""OBSERVED_GEOLOGICAL_CONDITION"",""source_evidence_id"":""doc_28d57b5baaf883772b83b6e8_e0001"",""source_kind"":""GEOLOGICAL_EVIDENCE"",""state_role"":""DAILY_REVIEW_CELL"",""valid_date"":""2023-10-26""}",bitemporal_version_ee320b9d61051152f32198dc,bitemporal_version_a34d1692e8ce5fb5dedc018a,True,OPPORTUNITY_ADDED,OPPORTUNITY_ADDED,PASS,True
"{""base_stage3a_state_version_id"":""state_version_9897b2bac157fca1b58b5fa2"",""cell_id"":""cell_6ab76a141b599fbf0d333f38"",""claim_type"":""COUPLED_ATTENTION_REVIEW"",""metric_name"":""GRCI"",""source_kind"":""STATE_GRCI"",""state_role"":""DAILY_REVIEW_CELL"",""valid_date"":""2023-10-26""}",bitemporal_version_ee320b9d61051152f32198dc,bitemporal_version_a34d1692e8ce5fb5dedc018a,True,RESOLVED_SUPPORT_CHANGED,RESOLVED_SUPPORT_CHANGED,PASS,True
"{""base_stage3a_state_version_id"":""state_version_9897b2bac157fca1b58b5fa2"",""cell_id"":""cell_6ab76a141b599fbf0d333f38"",""claim_type"":""GEOLOGICAL_EVIDENCE_ATTENTION_REVIEW"",""metric_name"":""GRS"",""source_kind"":""STATE_GRS"",""state_role"":""DAILY_REVIEW_CELL"",""valid_date"":""2023-10-26""}",bitemporal_version_ee320b9d61051152f32198dc,bitemporal_version_a34d1692e8ce5fb5dedc018a,True,RESOLVED_SUPPORT_CHANGED,RESOLVED_SUPPORT_CHANGED,PASS,True
"{""base_stage3a_state_version_id"":""state_version_9897b2bac157fca1b58b5fa2"",""cell_id"":""cell_6ab76a141b599fbf0d333f38"",""claim_type"":""OPERATIONAL_RESPONSE_ATTENTION"",""metric_name"":""RAI"",""source_kind"":""STATE_RAI"",""state_role"":""DAILY_REVIEW_CELL"",""valid_date"":""2023-10-26""}",bitemporal_version_ee320b9d61051152f32198dc,bitemporal_version_a34d1692e8ce5fb5dedc018a,True,UNCHANGED_EXPRESSIBLE,UNCHANGED_EXPRESSIBLE,PASS,True
"{""attribute_name"":""anomaly_level"",""base_stage3a_state_version_id"":""state_version_565c27f9a479f4365f786049"",""cell_id"":""cell_96b4757cd7a8528a4fb821e7"",""claim_type"":""FORECAST_GEOLOGICAL_CONDITION"",""source_evidence_id"":""doc_09e89a967279537d5c9bb8d7_e0002"",""source_kind"":""GEOLOGICAL_EVIDENCE"",""state_role"":""FORWARD_ATTENTION_CELL"",""valid_date"":""2023-10-21""}",bitemporal_version_66d51cae9d00caeda54fd6c0,bitemporal_version_a3cfa98eee48d043b8e06145,True,OPPORTUNITY_ADDED,OPPORTUNITY_ADDED,PASS,True
"{""attribute_name"":""geological_conclusion"",""base_stage3a_state_version_id"":""state_version_565c27f9a479f4365f786049"",""cell_id"":""cell_96b4757cd7a8528a4fb821e7"",""claim_type"":""FORECAST_GEOLOGICAL_CONDITION"",""source_evidence_id"":""doc_09e89a967279537d5c9bb8d7_e0002"",""source_kind"":""GEOLOGICAL_EVIDENCE"",""state_role"":""FORWARD_ATTENTION_CELL"",""valid_date"":""2023-10-21""}",bitemporal_version_66d51cae9d00caeda54fd6c0,bitemporal_version_a3cfa98eee48d043b8e06145,True,OPPORTUNITY_ADDED,OPPORTUNITY_ADDED,PASS,True
"{""attribute_name"":""joint_development"",""base_stage3a_state_version_id"":""state_version_565c27f9a479f4365f786049"",""cell_id"":""cell_96b4757cd7a8528a4fb821e7"",""claim_type"":""FORECAST_GEOLOGICAL_CONDITION"",""source_evidence_id"":""doc_09e89a967279537d5c9bb8d7_e0002"",""source_kind"":""GEOLOGICAL_EVIDENCE"",""state_role"":""FORWARD_ATTENTION_CELL"",""valid_date"":""2023-10-21""}",bitemporal_version_66d51cae9d00caeda54fd6c0,bitemporal_version_a3cfa98eee48d043b8e06145,True,OPPORTUNITY_ADDED,OPPORTUNITY_ADDED,PASS,True
"{""attribute_name"":""lithology"",""base_stage3a_state_version_id"":""state_version_565c27f9a479f4365f786049"",""cell_id"":""cell_96b4757cd7a8528a4fb821e7"",""claim_type"":""FORECAST_GEOLOGICAL_CONDITION"",""source_evidence_id"":""doc_09e89a967279537d5c9bb8d7_e0002"",""source_kind"":""GEOLOGICAL_EVIDENCE"",""state_role"":""FORWARD_ATTENTION_CELL"",""valid_date"":""2023-10-21""}",bitemporal_version_66d51cae9d00caeda54fd6c0,bitemporal_version_a3cfa98eee48d043b8e06145,True,OPPORTUNITY_ADDED,OPPORTUNITY_ADDED,PASS,True
"{""attribute_name"":""risk_hint"",""base_stage3a_state_version_id"":""state_version_565c27f9a479f4365f786049"",""cell_id"":""cell_96b4757cd7a8528a4fb821e7"",""claim_type"":""FORECAST_GEOLOGICAL_CONDITION"",""source_evidence_id"":""doc_09e89a967279537d5c9bb8d7_e0002"",""source_kind"":""GEOLOGICAL_EVIDENCE"",""state_role"":""FORWARD_ATTENTION_CELL"",""valid_date"":""2023-10-21""}",bitemporal_version_66d51cae9d00caeda54fd6c0,bitemporal_version_a3cfa98eee48d043b8e06145,True,OPPORTUNITY_ADDED,OPPORTUNITY_ADDED,PASS,True
"{""attribute_name"":""rock_mass_state"",""base_stage3a_state_version_id"":""state_version_565c27f9a479f4365f786049"",""cell_id"":""cell_96b4757cd7a8528a4fb821e7"",""claim_type"":""FORECAST_GEOLOGICAL_CONDITION"",""source_evidence_id"":""doc_09e89a967279537d5c9bb8d7_e0002"",""source_kind"":""GEOLOGICAL_EVIDENCE"",""state_role"":""FORWARD_ATTENTION_CELL"",""valid_date"":""2023-10-21""}",bitemporal_version_66d51cae9d00caeda54fd6c0,bitemporal_version_a3cfa98eee48d043b8e06145,True,OPPORTUNITY_ADDED,OPPORTUNITY_ADDED,PASS,True
"{""attribute_name"":""suggested_grade"",""base_stage3a_state_version_id"":""state_version_565c27f9a479f4365f786049"",""cell_id"":""cell_96b4757cd7a8528a4fb821e7"",""claim_type"":""FORECAST_GEOLOGICAL_CONDITION"",""source_evidence_id"":""doc_09e89a967279537d5c9bb8d7_e0002"",""source_kind"":""GEOLOGICAL_EVIDENCE"",""state_role"":""FORWARD_ATTENTION_CELL"",""valid_date"":""2023-10-21""}",bitemporal_version_66d51cae9d00caeda54fd6c0,bitemporal_version_a3cfa98eee48d043b8e06145,True,OPPORTUNITY_ADDED,OPPORTUNITY_ADDED,PASS,True
"{""attribute_name"":""weathering"",""base_stage3a_state_version_id"":""state_version_565c27f9a479f4365f786049"",""cell_id"":""cell_96b4757cd7a8528a4fb821e7"",""claim_type"":""FORECAST_GEOLOGICAL_CONDITION"",""source_evidence_id"":""doc_09e89a967279537d5c9bb8d7_e0002"",""source_kind"":""GEOLOGICAL_EVIDENCE"",""state_role"":""FORWARD_ATTENTION_CELL"",""valid_date"":""2023-10-21""}",bitemporal_version_66d51cae9d00caeda54fd6c0,bitemporal_version_a3cfa98eee48d043b8e06145,True,OPPORTUNITY_ADDED,OPPORTUNITY_ADDED,PASS,True
"{""base_stage3a_state_version_id"":""state_version_565c27f9a479f4365f786049"",""cell_id"":""cell_96b4757cd7a8528a4fb821e7"",""claim_type"":""FORWARD_GEOLOGICAL_ATTENTION"",""metric_name"":""GRS"",""source_kind"":""STATE_GRS"",""state_role"":""FORWARD_ATTENTION_CELL"",""valid_date"":""2023-10-21""}",bitemporal_version_66d51cae9d00caeda54fd6c0,bitemporal_version_a3cfa98eee48d043b8e06145,True,ABSTAIN_TO_EXPRESSIBLE,ABSTAIN_TO_EXPRESSIBLE,PASS,True
"{""base_stage3a_state_version_id"":""state_version_565c27f9a479f4365f786049"",""cell_id"":""cell_96b4757cd7a8528a4fb821e7"",""claim_type"":""OPERATIONAL_RESPONSE_ATTENTION"",""metric_name"":""RAI"",""source_kind"":""STATE_RAI"",""state_role"":""FORWARD_ATTENTION_CELL"",""valid_date"":""2023-10-21""}",bitemporal_version_66d51cae9d00caeda54fd6c0,bitemporal_version_a3cfa98eee48d043b8e06145,True,UNCHANGED_ABSTAIN,UNCHANGED_ABSTAIN,PASS,True
"{""attribute_name"":""anomaly_level"",""base_stage3a_state_version_id"":""state_version_432731811eda74318de66763"",""cell_id"":""cell_4d176d99ebe3ce580aa54210"",""claim_type"":""FORECAST_GEOLOGICAL_CONDITION"",""source_evidence_id"":""doc_62bf6495f3a27bc084947384_e0002"",""source_kind"":""GEOLOGICAL_EVIDENCE"",""state_role"":""FORWARD_ATTENTION_CELL"",""valid_date"":""2023-11-21""}",bitemporal_version_ba9946b1dfca6dadc571da7a,bitemporal_version_a90b50a5161fff7dfd65774e,True,OPPORTUNITY_ADDED,OPPORTUNITY_ADDED,PASS,True
"{""attribute_name"":""anomaly_level"",""base_stage3a_state_version_id"":""state_version_432731811eda74318de66763"",""cell_id"":""cell_4d176d99ebe3ce580aa54210"",""claim_type"":""FORECAST_GEOLOGICAL_CONDITION"",""source_evidence_id"":""doc_62bf6495f3a27bc084947384_e0003"",""source_kind"":""GEOLOGICAL_EVIDENCE"",""state_role"":""FORWARD_ATTENTION_CELL"",""valid_date"":""2023-11-21""}",bitemporal_version_ba9946b1dfca6dadc571da7a,bitemporal_version_a90b50a5161fff7dfd65774e,True,OPPORTUNITY_ADDED,OPPORTUNITY_ADDED,PASS,True
"{""attribute_name"":""geological_conclusion"",""base_stage3a_state_version_id"":""state_version_432731811eda74318de66763"",""cell_id"":""cell_4d176d99ebe3ce580aa54210"",""claim_type"":""FORECAST_GEOLOGICAL_CONDITION"",""source_evidence_id"":""doc_62bf6495f3a27bc084947384_e0002"",""source_kind"":""GEOLOGICAL_EVIDENCE"",""state_role"":""FORWARD_ATTENTION_CELL"",""valid_date"":""2023-11-21""}",bitemporal_version_ba9946b1dfca6dadc571da7a,bitemporal_version_a90b50a5161fff7dfd65774e,True,OPPORTUNITY_ADDED,OPPORTUNITY_ADDED,PASS,True
"{""attribute_name"":""geological_conclusion"",""base_stage3a_state_version_id"":""state_version_432731811eda74318de66763"",""cell_id"":""cell_4d176d99ebe3ce580aa54210"",""claim_type"":""FORECAST_GEOLOGICAL_CONDITION"",""source_evidence_id"":""doc_62bf6495f3a27bc084947384_e0003"",""source_kind"":""GEOLOGICAL_EVIDENCE"",""state_role"":""FORWARD_ATTENTION_CELL"",""valid_date"":""2023-11-21""}",bitemporal_version_ba9946b1dfca6dadc571da7a,bitemporal_version_a90b50a5161fff7dfd65774e,True,OPPORTUNITY_ADDED,OPPORTUNITY_ADDED,PASS,True
"{""attribute_name"":""joint_development"",""base_stage3a_state_version_id"":""state_version_432731811eda74318de66763"",""cell_id"":""cell_4d176d99ebe3ce580aa54210"",""claim_type"":""FORECAST_GEOLOGICAL_CONDITION"",""source_evidence_id"":""doc_62bf6495f3a27bc084947384_e0002"",""source_kind"":""GEOLOGICAL_EVIDENCE"",""state_role"":""FORWARD_ATTENTION_CELL"",""valid_date"":""2023-11-21""}",bitemporal_version_ba9946b1dfca6dadc571da7a,bitemporal_version_a90b50a5161fff7dfd65774e,True,OPPORTUNITY_ADDED,OPPORTUNITY_ADDED,PASS,True
"{""attribute_name"":""joint_development"",""base_stage3a_state_version_id"":""state_version_432731811eda74318de66763"",""cell_id"":""cell_4d176d99ebe3ce580aa54210"",""claim_type"":""FORECAST_GEOLOGICAL_CONDITION"",""source_evidence_id"":""doc_62bf6495f3a27bc084947384_e0003"",""source_kind"":""GEOLOGICAL_EVIDENCE"",""state_role"":""FORWARD_ATTENTION_CELL"",""valid_date"":""2023-11-21""}",bitemporal_version_ba9946b1dfca6dadc571da7a,bitemporal_version_a90b50a5161fff7dfd65774e,True,OPPORTUNITY_ADDED,OPPORTUNITY_ADDED,PASS,True
"{""attribute_name"":""lithology"",""base_stage3a_state_version_id"":""state_version_432731811eda74318de66763"",""cell_id"":""cell_4d176d99ebe3ce580aa54210"",""claim_type"":""FORECAST_GEOLOGICAL_CONDITION"",""source_evidence_id"":""doc_62bf6495f3a27bc084947384_e0002"",""source_kind"":""GEOLOGICAL_EVIDENCE"",""state_role"":""FORWARD_ATTENTION_CELL"",""valid_date"":""2023-11-21""}",bitemporal_version_ba9946b1dfca6dadc571da7a,bitemporal_version_a90b50a5161fff7dfd65774e,True,OPPORTUNITY_ADDED,OPPORTUNITY_ADDED,PASS,True
"{""attribute_name"":""lithology"",""base_stage3a_state_version_id"":""state_version_432731811eda74318de66763"",""cell_id"":""cell_4d176d99ebe3ce580aa54210"",""claim_type"":""FORECAST_GEOLOGICAL_CONDITION"",""source_evidence_id"":""doc_62bf6495f3a27bc084947384_e0003"",""source_kind"":""GEOLOGICAL_EVIDENCE"",""state_role"":""FORWARD_ATTENTION_CELL"",""valid_date"":""2023-11-21""}",bitemporal_version_ba9946b1dfca6dadc571da7a,bitemporal_version_a90b50a5161fff7dfd65774e,True,OPPORTUNITY_ADDED,OPPORTUNITY_ADDED,PASS,True
"{""attribute_name"":""risk_hint"",""base_stage3a_state_version_id"":""state_version_432731811eda74318de66763"",""cell_id"":""cell_4d176d99ebe3ce580aa54210"",""claim_type"":""FORECAST_GEOLOGICAL_CONDITION"",""source_evidence_id"":""doc_62bf6495f3a27bc084947384_e0002"",""source_kind"":""GEOLOGICAL_EVIDENCE"",""state_role"":""FORWARD_ATTENTION_CELL"",""valid_date"":""2023-11-21""}",bitemporal_version_ba9946b1dfca6dadc571da7a,bitemporal_version_a90b50a5161fff7dfd65774e,True,OPPORTUNITY_ADDED,OPPORTUNITY_ADDED,PASS,True
"{""attribute_name"":""risk_hint"",""base_stage3a_state_version_id"":""state_version_432731811eda74318de66763"",""cell_id"":""cell_4d176d99ebe3ce580aa54210"",""claim_type"":""FORECAST_GEOLOGICAL_CONDITION"",""source_evidence_id"":""doc_62bf6495f3a27bc084947384_e0003"",""source_kind"":""GEOLOGICAL_EVIDENCE"",""state_role"":""FORWARD_ATTENTION_CELL"",""valid_date"":""2023-11-21""}",bitemporal_version_ba9946b1dfca6dadc571da7a,bitemporal_version_a90b50a5161fff7dfd65774e,True,OPPORTUNITY_ADDED,OPPORTUNITY_ADDED,PASS,True
"{""attribute_name"":""rock_mass_state"",""base_stage3a_state_version_id"":""state_version_432731811eda74318de66763"",""cell_id"":""cell_4d176d99ebe3ce580aa54210"",""claim_type"":""FORECAST_GEOLOGICAL_CONDITION"",""source_evidence_id"":""doc_62bf6495f3a27bc084947384_e0002"",""source_kind"":""GEOLOGICAL_EVIDENCE"",""state_role"":""FORWARD_ATTENTION_CELL"",""valid_date"":""2023-11-21""}",bitemporal_version_ba9946b1dfca6dadc571da7a,bitemporal_version_a90b50a5161fff7dfd65774e,True,OPPORTUNITY_ADDED,OPPORTUNITY_ADDED,PASS,True
"{""attribute_name"":""rock_mass_state"",""base_stage3a_state_version_id"":""state_version_432731811eda74318de66763"",""cell_id"":""cell_4d176d99ebe3ce580aa54210"",""claim_type"":""FORECAST_GEOLOGICAL_CONDITION"",""source_evidence_id"":""doc_62bf6495f3a27bc084947384_e0003"",""source_kind"":""GEOLOGICAL_EVIDENCE"",""state_role"":""FORWARD_ATTENTION_CELL"",""valid_date"":""2023-11-21""}",bitemporal_version_ba9946b1dfca6dadc571da7a,bitemporal_version_a90b50a5161fff7dfd65774e,True,OPPORTUNITY_ADDED,OPPORTUNITY_ADDED,PASS,True
"{""attribute_name"":""suggested_grade"",""base_stage3a_state_version_id"":""state_version_432731811eda74318de66763"",""cell_id"":""cell_4d176d99ebe3ce580aa54210"",""claim_type"":""FORECAST_GEOLOGICAL_CONDITION"",""source_evidence_id"":""doc_62bf6495f3a27bc084947384_e0002"",""source_kind"":""GEOLOGICAL_EVIDENCE"",""state_role"":""FORWARD_ATTENTION_CELL"",""valid_date"":""2023-11-21""}",bitemporal_version_ba9946b1dfca6dadc571da7a,bitemporal_version_a90b50a5161fff7dfd65774e,True,OPPORTUNITY_ADDED,OPPORTUNITY_ADDED,PASS,True
"{""attribute_name"":""suggested_grade"",""base_stage3a_state_version_id"":""state_version_432731811eda74318de66763"",""cell_id"":""cell_4d176d99ebe3ce580aa54210"",""claim_type"":""FORECAST_GEOLOGICAL_CONDITION"",""source_evidence_id"":""doc_62bf6495f3a27bc084947384_e0003"",""source_kind"":""GEOLOGICAL_EVIDENCE"",""state_role"":""FORWARD_ATTENTION_CELL"",""valid_date"":""2023-11-21""}",bitemporal_version_ba9946b1dfca6dadc571da7a,bitemporal_version_a90b50a5161fff7dfd65774e,True,OPPORTUNITY_ADDED,OPPORTUNITY_ADDED,PASS,True
"{""attribute_name"":""weathering"",""base_stage3a_state_version_id"":""state_version_432731811eda74318de66763"",""cell_id"":""cell_4d176d99ebe3ce580aa54210"",""claim_type"":""FORECAST_GEOLOGICAL_CONDITION"",""source_evidence_id"":""doc_62bf6495f3a27bc084947384_e0002"",""source_kind"":""GEOLOGICAL_EVIDENCE"",""state_role"":""FORWARD_ATTENTION_CELL"",""valid_date"":""2023-11-21""}",bitemporal_version_ba9946b1dfca6dadc571da7a,bitemporal_version_a90b50a5161fff7dfd65774e,True,OPPORTUNITY_ADDED,OPPORTUNITY_ADDED,PASS,True
"{""attribute_name"":""weathering"",""base_stage3a_state_version_id"":""state_version_432731811eda74318de66763"",""cell_id"":""cell_4d176d99ebe3ce580aa54210"",""claim_type"":""FORECAST_GEOLOGICAL_CONDITION"",""source_evidence_id"":""doc_62bf6495f3a27bc084947384_e0003"",""source_kind"":""GEOLOGICAL_EVIDENCE"",""state_role"":""FORWARD_ATTENTION_CELL"",""valid_date"":""2023-11-21""}",bitemporal_version_ba9946b1dfca6dadc571da7a,bitemporal_version_a90b50a5161fff7dfd65774e,True,OPPORTUNITY_ADDED,OPPORTUNITY_ADDED,PASS,True
"{""base_stage3a_state_version_id"":""state_version_432731811eda74318de66763"",""cell_id"":""cell_4d176d99ebe3ce580aa54210"",""claim_type"":""FORWARD_GEOLOGICAL_ATTENTION"",""metric_name"":""GRS"",""source_kind"":""STATE_GRS"",""state_role"":""FORWARD_ATTENTION_CELL"",""valid_date"":""2023-11-21""}",bitemporal_version_ba9946b1dfca6dadc571da7a,bitemporal_version_a90b50a5161fff7dfd65774e,True,ABSTAIN_TO_EXPRESSIBLE,ABSTAIN_TO_EXPRESSIBLE,PASS,True
"{""base_stage3a_state_version_id"":""state_version_432731811eda74318de66763"",""cell_id"":""cell_4d176d99ebe3ce580aa54210"",""claim_type"":""OPERATIONAL_RESPONSE_ATTENTION"",""metric_name"":""RAI"",""source_kind"":""STATE_RAI"",""state_role"":""FORWARD_ATTENTION_CELL"",""valid_date"":""2023-11-21""}",bitemporal_version_ba9946b1dfca6dadc571da7a,bitemporal_version_a90b50a5161fff7dfd65774e,True,UNCHANGED_ABSTAIN,UNCHANGED_ABSTAIN,PASS,True
"{""attribute_name"":""anomaly_level"",""base_stage3a_state_version_id"":""state_version_5f6b509f992bed582b564f84"",""cell_id"":""cell_e5477cc9d090c69443f67a6a"",""claim_type"":""FORECAST_GEOLOGICAL_CONDITION"",""source_evidence_id"":""doc_a1ca08b3f141763f45863a07_e0003"",""source_kind"":""GEOLOGICAL_EVIDENCE"",""state_role"":""FORWARD_ATTENTION_CELL"",""valid_date"":""2023-11-05""}",bitemporal_version_aee0af902efa970989ea9f9f,bitemporal_version_aa0d109a7d96990f27ccd3eb,True,OPPORTUNITY_ADDED,OPPORTUNITY_ADDED,PASS,True
"{""attribute_name"":""geological_conclusion"",""base_stage3a_state_version_id"":""state_version_5f6b509f992bed582b564f84"",""cell_id"":""cell_e5477cc9d090c69443f67a6a"",""claim_type"":""FORECAST_GEOLOGICAL_CONDITION"",""source_evidence_id"":""doc_a1ca08b3f141763f45863a07_e0003"",""source_kind"":""GEOLOGICAL_EVIDENCE"",""state_role"":""FORWARD_ATTENTION_CELL"",""valid_date"":""2023-11-05""}",bitemporal_version_aee0af902efa970989ea9f9f,bitemporal_version_aa0d109a7d96990f27ccd3eb,True,OPPORTUNITY_ADDED,OPPORTUNITY_ADDED,PASS,True
"{""attribute_name"":""joint_development"",""base_stage3a_state_version_id"":""state_version_5f6b509f992bed582b564f84"",""cell_id"":""cell_e5477cc9d090c69443f67a6a"",""claim_type"":""FORECAST_GEOLOGICAL_CONDITION"",""source_evidence_id"":""doc_a1ca08b3f141763f45863a07_e0003"",""source_kind"":""GEOLOGICAL_EVIDENCE"",""state_role"":""FORWARD_ATTENTION_CELL"",""valid_date"":""2023-11-05""}",bitemporal_version_aee0af902efa970989ea9f9f,bitemporal_version_aa0d109a7d96990f27ccd3eb,True,OPPORTUNITY_ADDED,OPPORTUNITY_ADDED,PASS,True
"{""attribute_name"":""lithology"",""base_stage3a_state_version_id"":""state_version_5f6b509f992bed582b564f84"",""cell_id"":""cell_e5477cc9d090c69443f67a6a"",""claim_type"":""FORECAST_GEOLOGICAL_CONDITION"",""source_evidence_id"":""doc_a1ca08b3f141763f45863a07_e0003"",""source_kind"":""GEOLOGICAL_EVIDENCE"",""state_role"":""FORWARD_ATTENTION_CELL"",""valid_date"":""2023-11-05""}",bitemporal_version_aee0af902efa970989ea9f9f,bitemporal_version_aa0d109a7d96990f27ccd3eb,True,OPPORTUNITY_ADDED,OPPORTUNITY_ADDED,PASS,True
"{""attribute_name"":""risk_hint"",""base_stage3a_state_version_id"":""state_version_5f6b509f992bed582b564f84"",""cell_id"":""cell_e5477cc9d090c69443f67a6a"",""claim_type"":""FORECAST_GEOLOGICAL_CONDITION"",""source_evidence_id"":""doc_a1ca08b3f141763f45863a07_e0003"",""source_kind"":""GEOLOGICAL_EVIDENCE"",""state_role"":""FORWARD_ATTENTION_CELL"",""valid_date"":""2023-11-05""}",bitemporal_version_aee0af902efa970989ea9f9f,bitemporal_version_aa0d109a7d96990f27ccd3eb,True,OPPORTUNITY_ADDED,OPPORTUNITY_ADDED,PASS,True
"{""attribute_name"":""rock_mass_state"",""base_stage3a_state_version_id"":""state_version_5f6b509f992bed582b564f84"",""cell_id"":""cell_e5477cc9d090c69443f67a6a"",""claim_type"":""FORECAST_GEOLOGICAL_CONDITION"",""source_evidence_id"":""doc_a1ca08b3f141763f45863a07_e0003"",""source_kind"":""GEOLOGICAL_EVIDENCE"",""state_role"":""FORWARD_ATTENTION_CELL"",""valid_date"":""2023-11-05""}",bitemporal_version_aee0af902efa970989ea9f9f,bitemporal_version_aa0d109a7d96990f27ccd3eb,True,OPPORTUNITY_ADDED,OPPORTUNITY_ADDED,PASS,True
"{""attribute_name"":""suggested_grade"",""base_stage3a_state_version_id"":""state_version_5f6b509f992bed582b564f84"",""cell_id"":""cell_e5477cc9d090c69443f67a6a"",""claim_type"":""FORECAST_GEOLOGICAL_CONDITION"",""source_evidence_id"":""doc_a1ca08b3f141763f45863a07_e0003"",""source_kind"":""GEOLOGICAL_EVIDENCE"",""state_role"":""FORWARD_ATTENTION_CELL"",""valid_date"":""2023-11-05""}",bitemporal_version_aee0af902efa970989ea9f9f,bitemporal_version_aa0d109a7d96990f27ccd3eb,True,OPPORTUNITY_ADDED,OPPORTUNITY_ADDED,PASS,True
"{""attribute_name"":""weathering"",""base_stage3a_state_version_id"":""state_version_5f6b509f992bed582b564f84"",""cell_id"":""cell_e5477cc9d090c69443f67a6a"",""claim_type"":""FORECAST_GEOLOGICAL_CONDITION"",""source_evidence_id"":""doc_a1ca08b3f141763f45863a07_e0003"",""source_kind"":""GEOLOGICAL_EVIDENCE"",""state_role"":""FORWARD_ATTENTION_CELL"",""valid_date"":""2023-11-05""}",bitemporal_version_aee0af902efa970989ea9f9f,bitemporal_version_aa0d109a7d96990f27ccd3eb,True,OPPORTUNITY_ADDED,OPPORTUNITY_ADDED,PASS,True
"{""base_stage3a_state_version_id"":""state_version_5f6b509f992bed582b564f84"",""cell_id"":""cell_e5477cc9d090c69443f67a6a"",""claim_type"":""FORWARD_GEOLOGICAL_ATTENTION"",""metric_name"":""GRS"",""source_kind"":""STATE_GRS"",""state_role"":""FORWARD_ATTENTION_CELL"",""valid_date"":""2023-11-05""}",bitemporal_version_aee0af902efa970989ea9f9f,bitemporal_version_aa0d109a7d96990f27ccd3eb,True,ABSTAIN_TO_EXPRESSIBLE,ABSTAIN_TO_EXPRESSIBLE,PASS,True
"{""base_stage3a_state_version_id"":""state_version_5f6b509f992bed582b564f84"",""cell_id"":""cell_e5477cc9d090c69443f67a6a"",""claim_type"":""OPERATIONAL_RESPONSE_ATTENTION"",""metric_name"":""RAI"",""source_kind"":""STATE_RAI"",""state_role"":""FORWARD_ATTENTION_CELL"",""valid_date"":""2023-11-05""}",bitemporal_version_aee0af902efa970989ea9f9f,bitemporal_version_aa0d109a7d96990f27ccd3eb,True,UNCHANGED_ABSTAIN,UNCHANGED_ABSTAIN,PASS,True
"{""attribute_name"":""anomaly_level"",""base_stage3a_state_version_id"":""state_version_bd8351d6c8d81fd1641244d7"",""cell_id"":""cell_bf64fbf6243db5ccc68f8d6e"",""claim_type"":""FORECAST_GEOLOGICAL_CONDITION"",""source_evidence_id"":""doc_1bccaf9b3397c0d25601b19d_e0002"",""source_kind"":""GEOLOGICAL_EVIDENCE"",""state_role"":""FORWARD_ATTENTION_CELL"",""valid_date"":""2023-11-28""}",bitemporal_version_635c39de3adbc9248f67d92f,bitemporal_version_bce222049a49c2f88125635c,True,OPPORTUNITY_ADDED,OPPORTUNITY_ADDED,PASS,True
"{""attribute_name"":""geological_conclusion"",""base_stage3a_state_version_id"":""state_version_bd8351d6c8d81fd1641244d7"",""cell_id"":""cell_bf64fbf6243db5ccc68f8d6e"",""claim_type"":""FORECAST_GEOLOGICAL_CONDITION"",""source_evidence_id"":""doc_1bccaf9b3397c0d25601b19d_e0002"",""source_kind"":""GEOLOGICAL_EVIDENCE"",""state_role"":""FORWARD_ATTENTION_CELL"",""valid_date"":""2023-11-28""}",bitemporal_version_635c39de3adbc9248f67d92f,bitemporal_version_bce222049a49c2f88125635c,True,OPPORTUNITY_ADDED,OPPORTUNITY_ADDED,PASS,True
"{""attribute_name"":""joint_development"",""base_stage3a_state_version_id"":""state_version_bd8351d6c8d81fd1641244d7"",""cell_id"":""cell_bf64fbf6243db5ccc68f8d6e"",""claim_type"":""FORECAST_GEOLOGICAL_CONDITION"",""source_evidence_id"":""doc_1bccaf9b3397c0d25601b19d_e0002"",""source_kind"":""GEOLOGICAL_EVIDENCE"",""state_role"":""FORWARD_ATTENTION_CELL"",""valid_date"":""2023-11-28""}",bitemporal_version_635c39de3adbc9248f67d92f,bitemporal_version_bce222049a49c2f88125635c,True,OPPORTUNITY_ADDED,OPPORTUNITY_ADDED,PASS,True
"{""attribute_name"":""lithology"",""base_stage3a_state_version_id"":""state_version_bd8351d6c8d81fd1641244d7"",""cell_id"":""cell_bf64fbf6243db5ccc68f8d6e"",""claim_type"":""FORECAST_GEOLOGICAL_CONDITION"",""source_evidence_id"":""doc_1bccaf9b3397c0d25601b19d_e0002"",""source_kind"":""GEOLOGICAL_EVIDENCE"",""state_role"":""FORWARD_ATTENTION_CELL"",""valid_date"":""2023-11-28""}",bitemporal_version_635c39de3adbc9248f67d92f,bitemporal_version_bce222049a49c2f88125635c,True,OPPORTUNITY_ADDED,OPPORTUNITY_ADDED,PASS,True
"{""attribute_name"":""risk_hint"",""base_stage3a_state_version_id"":""state_version_bd8351d6c8d81fd1641244d7"",""cell_id"":""cell_bf64fbf6243db5ccc68f8d6e"",""claim_type"":""FORECAST_GEOLOGICAL_CONDITION"",""source_evidence_id"":""doc_1bccaf9b3397c0d25601b19d_e0002"",""source_kind"":""GEOLOGICAL_EVIDENCE"",""state_role"":""FORWARD_ATTENTION_CELL"",""valid_date"":""2023-11-28""}",bitemporal_version_635c39de3adbc9248f67d92f,bitemporal_version_bce222049a49c2f88125635c,True,OPPORTUNITY_ADDED,OPPORTUNITY_ADDED,PASS,True
"{""attribute_name"":""rock_mass_state"",""base_stage3a_state_version_id"":""state_version_bd8351d6c8d81fd1641244d7"",""cell_id"":""cell_bf64fbf6243db5ccc68f8d6e"",""claim_type"":""FORECAST_GEOLOGICAL_CONDITION"",""source_evidence_id"":""doc_1bccaf9b3397c0d25601b19d_e0002"",""source_kind"":""GEOLOGICAL_EVIDENCE"",""state_role"":""FORWARD_ATTENTION_CELL"",""valid_date"":""2023-11-28""}",bitemporal_version_635c39de3adbc9248f67d92f,bitemporal_version_bce222049a49c2f88125635c,True,OPPORTUNITY_ADDED,OPPORTUNITY_ADDED,PASS,True
"{""attribute_name"":""suggested_grade"",""base_stage3a_state_version_id"":""state_version_bd8351d6c8d81fd1641244d7"",""cell_id"":""cell_bf64fbf6243db5ccc68f8d6e"",""claim_type"":""FORECAST_GEOLOGICAL_CONDITION"",""source_evidence_id"":""doc_1bccaf9b3397c0d25601b19d_e0002"",""source_kind"":""GEOLOGICAL_EVIDENCE"",""state_role"":""FORWARD_ATTENTION_CELL"",""valid_date"":""2023-11-28""}",bitemporal_version_635c39de3adbc9248f67d92f,bitemporal_version_bce222049a49c2f88125635c,True,OPPORTUNITY_ADDED,OPPORTUNITY_ADDED,PASS,True
"{""attribute_name"":""weathering"",""base_stage3a_state_version_id"":""state_version_bd8351d6c8d81fd1641244d7"",""cell_id"":""cell_bf64fbf6243db5ccc68f8d6e"",""claim_type"":""FORECAST_GEOLOGICAL_CONDITION"",""source_evidence_id"":""doc_1bccaf9b3397c0d25601b19d_e0002"",""source_kind"":""GEOLOGICAL_EVIDENCE"",""state_role"":""FORWARD_ATTENTION_CELL"",""valid_date"":""2023-11-28""}",bitemporal_version_635c39de3adbc9248f67d92f,bitemporal_version_bce222049a49c2f88125635c,True,OPPORTUNITY_ADDED,OPPORTUNITY_ADDED,PASS,True
"{""base_stage3a_state_version_id"":""state_version_bd8351d6c8d81fd1641244d7"",""cell_id"":""cell_bf64fbf6243db5ccc68f8d6e"",""claim_type"":""FORWARD_GEOLOGICAL_ATTENTION"",""metric_name"":""GRS"",""source_kind"":""STATE_GRS"",""state_role"":""FORWARD_ATTENTION_CELL"",""valid_date"":""2023-11-28""}",bitemporal_version_635c39de3adbc9248f67d92f,bitemporal_version_bce222049a49c2f88125635c,True,ABSTAIN_TO_EXPRESSIBLE,ABSTAIN_TO_EXPRESSIBLE,PASS,True
"{""base_stage3a_state_version_id"":""state_version_bd8351d6c8d81fd1641244d7"",""cell_id"":""cell_bf64fbf6243db5ccc68f8d6e"",""claim_type"":""OPERATIONAL_RESPONSE_ATTENTION"",""metric_name"":""RAI"",""source_kind"":""STATE_RAI"",""state_role"":""FORWARD_ATTENTION_CELL"",""valid_date"":""2023-11-28""}",bitemporal_version_635c39de3adbc9248f67d92f,bitemporal_version_bce222049a49c2f88125635c,True,UNCHANGED_ABSTAIN,UNCHANGED_ABSTAIN,PASS,True
"{""attribute_name"":""anomaly_level"",""base_stage3a_state_version_id"":""state_version_6c6e7016bfd393a33b11633a"",""cell_id"":""cell_a988b2656051f7e18ac637e4"",""claim_type"":""FORECAST_GEOLOGICAL_CONDITION"",""source_evidence_id"":""doc_cae21ab80a31f71dbe3e20e9_e0002"",""source_kind"":""GEOLOGICAL_EVIDENCE"",""state_role"":""FORWARD_ATTENTION_CELL"",""valid_date"":""2023-12-18""}",bitemporal_version_ea8f0838e5f0c5364da9b1bb,bitemporal_version_bf4d81b432532e9e60676187,True,OPPORTUNITY_ADDED,OPPORTUNITY_ADDED,PASS,True
"{""attribute_name"":""geological_conclusion"",""base_stage3a_state_version_id"":""state_version_6c6e7016bfd393a33b11633a"",""cell_id"":""cell_a988b2656051f7e18ac637e4"",""claim_type"":""FORECAST_GEOLOGICAL_CONDITION"",""source_evidence_id"":""doc_cae21ab80a31f71dbe3e20e9_e0002"",""source_kind"":""GEOLOGICAL_EVIDENCE"",""state_role"":""FORWARD_ATTENTION_CELL"",""valid_date"":""2023-12-18""}",bitemporal_version_ea8f0838e5f0c5364da9b1bb,bitemporal_version_bf4d81b432532e9e60676187,True,OPPORTUNITY_ADDED,OPPORTUNITY_ADDED,PASS,True
"{""attribute_name"":""joint_development"",""base_stage3a_state_version_id"":""state_version_6c6e7016bfd393a33b11633a"",""cell_id"":""cell_a988b2656051f7e18ac637e4"",""claim_type"":""FORECAST_GEOLOGICAL_CONDITION"",""source_evidence_id"":""doc_cae21ab80a31f71dbe3e20e9_e0002"",""source_kind"":""GEOLOGICAL_EVIDENCE"",""state_role"":""FORWARD_ATTENTION_CELL"",""valid_date"":""2023-12-18""}",bitemporal_version_ea8f0838e5f0c5364da9b1bb,bitemporal_version_bf4d81b432532e9e60676187,True,OPPORTUNITY_ADDED,OPPORTUNITY_ADDED,PASS,True
"{""attribute_name"":""lithology"",""base_stage3a_state_version_id"":""state_version_6c6e7016bfd393a33b11633a"",""cell_id"":""cell_a988b2656051f7e18ac637e4"",""claim_type"":""FORECAST_GEOLOGICAL_CONDITION"",""source_evidence_id"":""doc_cae21ab80a31f71dbe3e20e9_e0002"",""source_kind"":""GEOLOGICAL_EVIDENCE"",""state_role"":""FORWARD_ATTENTION_CELL"",""valid_date"":""2023-12-18""}",bitemporal_version_ea8f0838e5f0c5364da9b1bb,bitemporal_version_bf4d81b432532e9e60676187,True,OPPORTUNITY_ADDED,OPPORTUNITY_ADDED,PASS,True
"{""attribute_name"":""risk_hint"",""base_stage3a_state_version_id"":""state_version_6c6e7016bfd393a33b11633a"",""cell_id"":""cell_a988b2656051f7e18ac637e4"",""claim_type"":""FORECAST_GEOLOGICAL_CONDITION"",""source_evidence_id"":""doc_cae21ab80a31f71dbe3e20e9_e0002"",""source_kind"":""GEOLOGICAL_EVIDENCE"",""state_role"":""FORWARD_ATTENTION_CELL"",""valid_date"":""2023-12-18""}",bitemporal_version_ea8f0838e5f0c5364da9b1bb,bitemporal_version_bf4d81b432532e9e60676187,True,OPPORTUNITY_ADDED,OPPORTUNITY_ADDED,PASS,True
"{""attribute_name"":""rock_mass_state"",""base_stage3a_state_version_id"":""state_version_6c6e7016bfd393a33b11633a"",""cell_id"":""cell_a988b2656051f7e18ac637e4"",""claim_type"":""FORECAST_GEOLOGICAL_CONDITION"",""source_evidence_id"":""doc_cae21ab80a31f71dbe3e20e9_e0002"",""source_kind"":""GEOLOGICAL_EVIDENCE"",""state_role"":""FORWARD_ATTENTION_CELL"",""valid_date"":""2023-12-18""}",bitemporal_version_ea8f0838e5f0c5364da9b1bb,bitemporal_version_bf4d81b432532e9e60676187,True,OPPORTUNITY_ADDED,OPPORTUNITY_ADDED,PASS,True
"{""attribute_name"":""suggested_grade"",""base_stage3a_state_version_id"":""state_version_6c6e7016bfd393a33b11633a"",""cell_id"":""cell_a988b2656051f7e18ac637e4"",""claim_type"":""FORECAST_GEOLOGICAL_CONDITION"",""source_evidence_id"":""doc_cae21ab80a31f71dbe3e20e9_e0002"",""source_kind"":""GEOLOGICAL_EVIDENCE"",""state_role"":""FORWARD_ATTENTION_CELL"",""valid_date"":""2023-12-18""}",bitemporal_version_ea8f0838e5f0c5364da9b1bb,bitemporal_version_bf4d81b432532e9e60676187,True,OPPORTUNITY_ADDED,OPPORTUNITY_ADDED,PASS,True
"{""attribute_name"":""weathering"",""base_stage3a_state_version_id"":""state_version_6c6e7016bfd393a33b11633a"",""cell_id"":""cell_a988b2656051f7e18ac637e4"",""claim_type"":""FORECAST_GEOLOGICAL_CONDITION"",""source_evidence_id"":""doc_cae21ab80a31f71dbe3e20e9_e0002"",""source_kind"":""GEOLOGICAL_EVIDENCE"",""state_role"":""FORWARD_ATTENTION_CELL"",""valid_date"":""2023-12-18""}",bitemporal_version_ea8f0838e5f0c5364da9b1bb,bitemporal_version_bf4d81b432532e9e60676187,True,OPPORTUNITY_ADDED,OPPORTUNITY_ADDED,PASS,True
"{""base_stage3a_state_version_id"":""state_version_6c6e7016bfd393a33b11633a"",""cell_id"":""cell_a988b2656051f7e18ac637e4"",""claim_type"":""FORWARD_GEOLOGICAL_ATTENTION"",""metric_name"":""GRS"",""source_kind"":""STATE_GRS"",""state_role"":""FORWARD_ATTENTION_CELL"",""valid_date"":""2023-12-18""}",bitemporal_version_ea8f0838e5f0c5364da9b1bb,bitemporal_version_bf4d81b432532e9e60676187,True,ABSTAIN_TO_EXPRESSIBLE,ABSTAIN_TO_EXPRESSIBLE,PASS,True
"{""base_stage3a_state_version_id"":""state_version_6c6e7016bfd393a33b11633a"",""cell_id"":""cell_a988b2656051f7e18ac637e4"",""claim_type"":""OPERATIONAL_RESPONSE_ATTENTION"",""metric_name"":""RAI"",""source_kind"":""STATE_RAI"",""state_role"":""FORWARD_ATTENTION_CELL"",""valid_date"":""2023-12-18""}",bitemporal_version_ea8f0838e5f0c5364da9b1bb,bitemporal_version_bf4d81b432532e9e60676187,True,UNCHANGED_ABSTAIN,UNCHANGED_ABSTAIN,PASS,True
"{""attribute_name"":""anomaly_level"",""base_stage3a_state_version_id"":""state_version_90a3a1921c8b3baa97da4883"",""cell_id"":""cell_0e03d8262312cadde60398fe"",""claim_type"":""FORECAST_GEOLOGICAL_CONDITION"",""source_evidence_id"":""doc_28d57b5baaf883772b83b6e8_e0002"",""source_kind"":""GEOLOGICAL_EVIDENCE"",""state_role"":""FORWARD_ATTENTION_CELL"",""valid_date"":""2023-10-26""}",bitemporal_version_c19f2563a180297090a3bab9,bitemporal_version_c6b6f20245abc677a7530f13,True,OPPORTUNITY_ADDED,OPPORTUNITY_ADDED,PASS,True
"{""attribute_name"":""geological_conclusion"",""base_stage3a_state_version_id"":""state_version_90a3a1921c8b3baa97da4883"",""cell_id"":""cell_0e03d8262312cadde60398fe"",""claim_type"":""FORECAST_GEOLOGICAL_CONDITION"",""source_evidence_id"":""doc_28d57b5baaf883772b83b6e8_e0002"",""source_kind"":""GEOLOGICAL_EVIDENCE"",""state_role"":""FORWARD_ATTENTION_CELL"",""valid_date"":""2023-10-26""}",bitemporal_version_c19f2563a180297090a3bab9,bitemporal_version_c6b6f20245abc677a7530f13,True,OPPORTUNITY_ADDED,OPPORTUNITY_ADDED,PASS,True
"{""attribute_name"":""joint_development"",""base_stage3a_state_version_id"":""state_version_90a3a1921c8b3baa97da4883"",""cell_id"":""cell_0e03d8262312cadde60398fe"",""claim_type"":""FORECAST_GEOLOGICAL_CONDITION"",""source_evidence_id"":""doc_28d57b5baaf883772b83b6e8_e0002"",""source_kind"":""GEOLOGICAL_EVIDENCE"",""state_role"":""FORWARD_ATTENTION_CELL"",""valid_date"":""2023-10-26""}",bitemporal_version_c19f2563a180297090a3bab9,bitemporal_version_c6b6f20245abc677a7530f13,True,OPPORTUNITY_ADDED,OPPORTUNITY_ADDED,PASS,True
"{""attribute_name"":""lithology"",""base_stage3a_state_version_id"":""state_version_90a3a1921c8b3baa97da4883"",""cell_id"":""cell_0e03d8262312cadde60398fe"",""claim_type"":""FORECAST_GEOLOGICAL_CONDITION"",""source_evidence_id"":""doc_28d57b5baaf883772b83b6e8_e0002"",""source_kind"":""GEOLOGICAL_EVIDENCE"",""state_role"":""FORWARD_ATTENTION_CELL"",""valid_date"":""2023-10-26""}",bitemporal_version_c19f2563a180297090a3bab9,bitemporal_version_c6b6f20245abc677a7530f13,True,OPPORTUNITY_ADDED,OPPORTUNITY_ADDED,PASS,True
"{""attribute_name"":""risk_hint"",""base_stage3a_state_version_id"":""state_version_90a3a1921c8b3baa97da4883"",""cell_id"":""cell_0e03d8262312cadde60398fe"",""claim_type"":""FORECAST_GEOLOGICAL_CONDITION"",""source_evidence_id"":""doc_28d57b5baaf883772b83b6e8_e0002"",""source_kind"":""GEOLOGICAL_EVIDENCE"",""state_role"":""FORWARD_ATTENTION_CELL"",""valid_date"":""2023-10-26""}",bitemporal_version_c19f2563a180297090a3bab9,bitemporal_version_c6b6f20245abc677a7530f13,True,OPPORTUNITY_ADDED,OPPORTUNITY_ADDED,PASS,True
"{""attribute_name"":""rock_mass_state"",""base_stage3a_state_version_id"":""state_version_90a3a1921c8b3baa97da4883"",""cell_id"":""cell_0e03d8262312cadde60398fe"",""claim_type"":""FORECAST_GEOLOGICAL_CONDITION"",""source_evidence_id"":""doc_28d57b5baaf883772b83b6e8_e0002"",""source_kind"":""GEOLOGICAL_EVIDENCE"",""state_role"":""FORWARD_ATTENTION_CELL"",""valid_date"":""2023-10-26""}",bitemporal_version_c19f2563a180297090a3bab9,bitemporal_version_c6b6f20245abc677a7530f13,True,OPPORTUNITY_ADDED,OPPORTUNITY_ADDED,PASS,True
"{""attribute_name"":""suggested_grade"",""base_stage3a_state_version_id"":""state_version_90a3a1921c8b3baa97da4883"",""cell_id"":""cell_0e03d8262312cadde60398fe"",""claim_type"":""FORECAST_GEOLOGICAL_CONDITION"",""source_evidence_id"":""doc_28d57b5baaf883772b83b6e8_e0002"",""source_kind"":""GEOLOGICAL_EVIDENCE"",""state_role"":""FORWARD_ATTENTION_CELL"",""valid_date"":""2023-10-26""}",bitemporal_version_c19f2563a180297090a3bab9,bitemporal_version_c6b6f20245abc677a7530f13,True,OPPORTUNITY_ADDED,OPPORTUNITY_ADDED,PASS,True
"{""attribute_name"":""weathering"",""base_stage3a_state_version_id"":""state_version_90a3a1921c8b3baa97da4883"",""cell_id"":""cell_0e03d8262312cadde60398fe"",""claim_type"":""FORECAST_GEOLOGICAL_CONDITION"",""source_evidence_id"":""doc_28d57b5baaf883772b83b6e8_e0002"",""source_kind"":""GEOLOGICAL_EVIDENCE"",""state_role"":""FORWARD_ATTENTION_CELL"",""valid_date"":""2023-10-26""}",bitemporal_version_c19f2563a180297090a3bab9,bitemporal_version_c6b6f20245abc677a7530f13,True,OPPORTUNITY_ADDED,OPPORTUNITY_ADDED,PASS,True
"{""base_stage3a_state_version_id"":""state_version_90a3a1921c8b3baa97da4883"",""cell_id"":""cell_0e03d8262312cadde60398fe"",""claim_type"":""FORWARD_GEOLOGICAL_ATTENTION"",""metric_name"":""GRS"",""source_kind"":""STATE_GRS"",""state_role"":""FORWARD_ATTENTION_CELL"",""valid_date"":""2023-10-26""}",bitemporal_version_c19f2563a180297090a3bab9,bitemporal_version_c6b6f20245abc677a7530f13,True,ABSTAIN_TO_EXPRESSIBLE,ABSTAIN_TO_EXPRESSIBLE,PASS,True
"{""base_stage3a_state_version_id"":""state_version_90a3a1921c8b3baa97da4883"",""cell_id"":""cell_0e03d8262312cadde60398fe"",""claim_type"":""OPERATIONAL_RESPONSE_ATTENTION"",""metric_name"":""RAI"",""source_kind"":""STATE_RAI"",""state_role"":""FORWARD_ATTENTION_CELL"",""valid_date"":""2023-10-26""}",bitemporal_version_c19f2563a180297090a3bab9,bitemporal_version_c6b6f20245abc677a7530f13,True,UNCHANGED_ABSTAIN,UNCHANGED_ABSTAIN,PASS,True
"{""attribute_name"":""anomaly_level"",""base_stage3a_state_version_id"":""state_version_2e345f5f7fbd2b7d90b3fc20"",""cell_id"":""cell_585026313bab68f0a4a0e814"",""claim_type"":""FORECAST_GEOLOGICAL_CONDITION"",""source_evidence_id"":""doc_28d57b5baaf883772b83b6e8_e0005"",""source_kind"":""GEOLOGICAL_EVIDENCE"",""state_role"":""FORWARD_ATTENTION_CELL"",""valid_date"":""2023-11-05""}",bitemporal_version_a82d2acb196d3ba66fc13c24,bitemporal_version_c75809d776abad9a14df9cfc,True,UNCHANGED_EXPRESSIBLE,UNCHANGED_EXPRESSIBLE,PASS,True
"{""attribute_name"":""anomaly_level"",""base_stage3a_state_version_id"":""state_version_2e345f5f7fbd2b7d90b3fc20"",""cell_id"":""cell_585026313bab68f0a4a0e814"",""claim_type"":""FORECAST_GEOLOGICAL_CONDITION"",""source_evidence_id"":""doc_a1ca08b3f141763f45863a07_e0002"",""source_kind"":""GEOLOGICAL_EVIDENCE"",""state_role"":""FORWARD_ATTENTION_CELL"",""valid_date"":""2023-11-05""}",bitemporal_version_a82d2acb196d3ba66fc13c24,bitemporal_version_c75809d776abad9a14df9cfc,True,OPPORTUNITY_ADDED,OPPORTUNITY_ADDED,PASS,True
"{""attribute_name"":""anomaly_level"",""base_stage3a_state_version_id"":""state_version_2e345f5f7fbd2b7d90b3fc20"",""cell_id"":""cell_585026313bab68f0a4a0e814"",""claim_type"":""FORECAST_GEOLOGICAL_CONDITION"",""source_evidence_id"":""doc_a1ca08b3f141763f45863a07_e0003"",""source_kind"":""GEOLOGICAL_EVIDENCE"",""state_role"":""FORWARD_ATTENTION_CELL"",""valid_date"":""2023-11-05""}",bitemporal_version_a82d2acb196d3ba66fc13c24,bitemporal_version_c75809d776abad9a14df9cfc,True,OPPORTUNITY_ADDED,OPPORTUNITY_ADDED,PASS,True
"{""attribute_name"":""geological_conclusion"",""base_stage3a_state_version_id"":""state_version_2e345f5f7fbd2b7d90b3fc20"",""cell_id"":""cell_585026313bab68f0a4a0e814"",""claim_type"":""FORECAST_GEOLOGICAL_CONDITION"",""source_evidence_id"":""doc_28d57b5baaf883772b83b6e8_e0005"",""source_kind"":""GEOLOGICAL_EVIDENCE"",""state_role"":""FORWARD_ATTENTION_CELL"",""valid_date"":""2023-11-05""}",bitemporal_version_a82d2acb196d3ba66fc13c24,bitemporal_version_c75809d776abad9a14df9cfc,True,UNCHANGED_EXPRESSIBLE,UNCHANGED_EXPRESSIBLE,PASS,True
"{""attribute_name"":""geological_conclusion"",""base_stage3a_state_version_id"":""state_version_2e345f5f7fbd2b7d90b3fc20"",""cell_id"":""cell_585026313bab68f0a4a0e814"",""claim_type"":""FORECAST_GEOLOGICAL_CONDITION"",""source_evidence_id"":""doc_a1ca08b3f141763f45863a07_e0002"",""source_kind"":""GEOLOGICAL_EVIDENCE"",""state_role"":""FORWARD_ATTENTION_CELL"",""valid_date"":""2023-11-05""}",bitemporal_version_a82d2acb196d3ba66fc13c24,bitemporal_version_c75809d776abad9a14df9cfc,True,OPPORTUNITY_ADDED,OPPORTUNITY_ADDED,PASS,True
"{""attribute_name"":""geological_conclusion"",""base_stage3a_state_version_id"":""state_version_2e345f5f7fbd2b7d90b3fc20"",""cell_id"":""cell_585026313bab68f0a4a0e814"",""claim_type"":""FORECAST_GEOLOGICAL_CONDITION"",""source_evidence_id"":""doc_a1ca08b3f141763f45863a07_e0003"",""source_kind"":""GEOLOGICAL_EVIDENCE"",""state_role"":""FORWARD_ATTENTION_CELL"",""valid_date"":""2023-11-05""}",bitemporal_version_a82d2acb196d3ba66fc13c24,bitemporal_version_c75809d776abad9a14df9cfc,True,OPPORTUNITY_ADDED,OPPORTUNITY_ADDED,PASS,True
"{""attribute_name"":""joint_development"",""base_stage3a_state_version_id"":""state_version_2e345f5f7fbd2b7d90b3fc20"",""cell_id"":""cell_585026313bab68f0a4a0e814"",""claim_type"":""FORECAST_GEOLOGICAL_CONDITION"",""source_evidence_id"":""doc_28d57b5baaf883772b83b6e8_e0005"",""source_kind"":""GEOLOGICAL_EVIDENCE"",""state_role"":""FORWARD_ATTENTION_CELL"",""valid_date"":""2023-11-05""}",bitemporal_version_a82d2acb196d3ba66fc13c24,bitemporal_version_c75809d776abad9a14df9cfc,True,UNCHANGED_EXPRESSIBLE,UNCHANGED_EXPRESSIBLE,PASS,True
"{""attribute_name"":""joint_development"",""base_stage3a_state_version_id"":""state_version_2e345f5f7fbd2b7d90b3fc20"",""cell_id"":""cell_585026313bab68f0a4a0e814"",""claim_type"":""FORECAST_GEOLOGICAL_CONDITION"",""source_evidence_id"":""doc_a1ca08b3f141763f45863a07_e0002"",""source_kind"":""GEOLOGICAL_EVIDENCE"",""state_role"":""FORWARD_ATTENTION_CELL"",""valid_date"":""2023-11-05""}",bitemporal_version_a82d2acb196d3ba66fc13c24,bitemporal_version_c75809d776abad9a14df9cfc,True,OPPORTUNITY_ADDED,OPPORTUNITY_ADDED,PASS,True
"{""attribute_name"":""joint_development"",""base_stage3a_state_version_id"":""state_version_2e345f5f7fbd2b7d90b3fc20"",""cell_id"":""cell_585026313bab68f0a4a0e814"",""claim_type"":""FORECAST_GEOLOGICAL_CONDITION"",""source_evidence_id"":""doc_a1ca08b3f141763f45863a07_e0003"",""source_kind"":""GEOLOGICAL_EVIDENCE"",""state_role"":""FORWARD_ATTENTION_CELL"",""valid_date"":""2023-11-05""}",bitemporal_version_a82d2acb196d3ba66fc13c24,bitemporal_version_c75809d776abad9a14df9cfc,True,OPPORTUNITY_ADDED,OPPORTUNITY_ADDED,PASS,True
"{""attribute_name"":""lithology"",""base_stage3a_state_version_id"":""state_version_2e345f5f7fbd2b7d90b3fc20"",""cell_id"":""cell_585026313bab68f0a4a0e814"",""claim_type"":""FORECAST_GEOLOGICAL_CONDITION"",""source_evidence_id"":""doc_28d57b5baaf883772b83b6e8_e0005"",""source_kind"":""GEOLOGICAL_EVIDENCE"",""state_role"":""FORWARD_ATTENTION_CELL"",""valid_date"":""2023-11-05""}",bitemporal_version_a82d2acb196d3ba66fc13c24,bitemporal_version_c75809d776abad9a14df9cfc,True,UNCHANGED_EXPRESSIBLE,UNCHANGED_EXPRESSIBLE,PASS,True
"{""attribute_name"":""lithology"",""base_stage3a_state_version_id"":""state_version_2e345f5f7fbd2b7d90b3fc20"",""cell_id"":""cell_585026313bab68f0a4a0e814"",""claim_type"":""FORECAST_GEOLOGICAL_CONDITION"",""source_evidence_id"":""doc_a1ca08b3f141763f45863a07_e0002"",""source_kind"":""GEOLOGICAL_EVIDENCE"",""state_role"":""FORWARD_ATTENTION_CELL"",""valid_date"":""2023-11-05""}",bitemporal_version_a82d2acb196d3ba66fc13c24,bitemporal_version_c75809d776abad9a14df9cfc,True,OPPORTUNITY_ADDED,OPPORTUNITY_ADDED,PASS,True
"{""attribute_name"":""lithology"",""base_stage3a_state_version_id"":""state_version_2e345f5f7fbd2b7d90b3fc20"",""cell_id"":""cell_585026313bab68f0a4a0e814"",""claim_type"":""FORECAST_GEOLOGICAL_CONDITION"",""source_evidence_id"":""doc_a1ca08b3f141763f45863a07_e0003"",""source_kind"":""GEOLOGICAL_EVIDENCE"",""state_role"":""FORWARD_ATTENTION_CELL"",""valid_date"":""2023-11-05""}",bitemporal_version_a82d2acb196d3ba66fc13c24,bitemporal_version_c75809d776abad9a14df9cfc,True,OPPORTUNITY_ADDED,OPPORTUNITY_ADDED,PASS,True
"{""attribute_name"":""risk_hint"",""base_stage3a_state_version_id"":""state_version_2e345f5f7fbd2b7d90b3fc20"",""cell_id"":""cell_585026313bab68f0a4a0e814"",""claim_type"":""FORECAST_GEOLOGICAL_CONDITION"",""source_evidence_id"":""doc_28d57b5baaf883772b83b6e8_e0005"",""source_kind"":""GEOLOGICAL_EVIDENCE"",""state_role"":""FORWARD_ATTENTION_CELL"",""valid_date"":""2023-11-05""}",bitemporal_version_a82d2acb196d3ba66fc13c24,bitemporal_version_c75809d776abad9a14df9cfc,True,UNCHANGED_EXPRESSIBLE,UNCHANGED_EXPRESSIBLE,PASS,True
"{""attribute_name"":""risk_hint"",""base_stage3a_state_version_id"":""state_version_2e345f5f7fbd2b7d90b3fc20"",""cell_id"":""cell_585026313bab68f0a4a0e814"",""claim_type"":""FORECAST_GEOLOGICAL_CONDITION"",""source_evidence_id"":""doc_a1ca08b3f141763f45863a07_e0002"",""source_kind"":""GEOLOGICAL_EVIDENCE"",""state_role"":""FORWARD_ATTENTION_CELL"",""valid_date"":""2023-11-05""}",bitemporal_version_a82d2acb196d3ba66fc13c24,bitemporal_version_c75809d776abad9a14df9cfc,True,OPPORTUNITY_ADDED,OPPORTUNITY_ADDED,PASS,True
"{""attribute_name"":""risk_hint"",""base_stage3a_state_version_id"":""state_version_2e345f5f7fbd2b7d90b3fc20"",""cell_id"":""cell_585026313bab68f0a4a0e814"",""claim_type"":""FORECAST_GEOLOGICAL_CONDITION"",""source_evidence_id"":""doc_a1ca08b3f141763f45863a07_e0003"",""source_kind"":""GEOLOGICAL_EVIDENCE"",""state_role"":""FORWARD_ATTENTION_CELL"",""valid_date"":""2023-11-05""}",bitemporal_version_a82d2acb196d3ba66fc13c24,bitemporal_version_c75809d776abad9a14df9cfc,True,OPPORTUNITY_ADDED,OPPORTUNITY_ADDED,PASS,True
"{""attribute_name"":""rock_mass_state"",""base_stage3a_state_version_id"":""state_version_2e345f5f7fbd2b7d90b3fc20"",""cell_id"":""cell_585026313bab68f0a4a0e814"",""claim_type"":""FORECAST_GEOLOGICAL_CONDITION"",""source_evidence_id"":""doc_28d57b5baaf883772b83b6e8_e0005"",""source_kind"":""GEOLOGICAL_EVIDENCE"",""state_role"":""FORWARD_ATTENTION_CELL"",""valid_date"":""2023-11-05""}",bitemporal_version_a82d2acb196d3ba66fc13c24,bitemporal_version_c75809d776abad9a14df9cfc,True,UNCHANGED_EXPRESSIBLE,UNCHANGED_EXPRESSIBLE,PASS,True
"{""attribute_name"":""rock_mass_state"",""base_stage3a_state_version_id"":""state_version_2e345f5f7fbd2b7d90b3fc20"",""cell_id"":""cell_585026313bab68f0a4a0e814"",""claim_type"":""FORECAST_GEOLOGICAL_CONDITION"",""source_evidence_id"":""doc_a1ca08b3f141763f45863a07_e0002"",""source_kind"":""GEOLOGICAL_EVIDENCE"",""state_role"":""FORWARD_ATTENTION_CELL"",""valid_date"":""2023-11-05""}",bitemporal_version_a82d2acb196d3ba66fc13c24,bitemporal_version_c75809d776abad9a14df9cfc,True,OPPORTUNITY_ADDED,OPPORTUNITY_ADDED,PASS,True
"{""attribute_name"":""rock_mass_state"",""base_stage3a_state_version_id"":""state_version_2e345f5f7fbd2b7d90b3fc20"",""cell_id"":""cell_585026313bab68f0a4a0e814"",""claim_type"":""FORECAST_GEOLOGICAL_CONDITION"",""source_evidence_id"":""doc_a1ca08b3f141763f45863a07_e0003"",""source_kind"":""GEOLOGICAL_EVIDENCE"",""state_role"":""FORWARD_ATTENTION_CELL"",""valid_date"":""2023-11-05""}",bitemporal_version_a82d2acb196d3ba66fc13c24,bitemporal_version_c75809d776abad9a14df9cfc,True,OPPORTUNITY_ADDED,OPPORTUNITY_ADDED,PASS,True
"{""attribute_name"":""suggested_grade"",""base_stage3a_state_version_id"":""state_version_2e345f5f7fbd2b7d90b3fc20"",""cell_id"":""cell_585026313bab68f0a4a0e814"",""claim_type"":""FORECAST_GEOLOGICAL_CONDITION"",""source_evidence_id"":""doc_28d57b5baaf883772b83b6e8_e0005"",""source_kind"":""GEOLOGICAL_EVIDENCE"",""state_role"":""FORWARD_ATTENTION_CELL"",""valid_date"":""2023-11-05""}",bitemporal_version_a82d2acb196d3ba66fc13c24,bitemporal_version_c75809d776abad9a14df9cfc,True,UNCHANGED_EXPRESSIBLE,UNCHANGED_EXPRESSIBLE,PASS,True
"{""attribute_name"":""suggested_grade"",""base_stage3a_state_version_id"":""state_version_2e345f5f7fbd2b7d90b3fc20"",""cell_id"":""cell_585026313bab68f0a4a0e814"",""claim_type"":""FORECAST_GEOLOGICAL_CONDITION"",""source_evidence_id"":""doc_a1ca08b3f141763f45863a07_e0002"",""source_kind"":""GEOLOGICAL_EVIDENCE"",""state_role"":""FORWARD_ATTENTION_CELL"",""valid_date"":""2023-11-05""}",bitemporal_version_a82d2acb196d3ba66fc13c24,bitemporal_version_c75809d776abad9a14df9cfc,True,OPPORTUNITY_ADDED,OPPORTUNITY_ADDED,PASS,True
"{""attribute_name"":""suggested_grade"",""base_stage3a_state_version_id"":""state_version_2e345f5f7fbd2b7d90b3fc20"",""cell_id"":""cell_585026313bab68f0a4a0e814"",""claim_type"":""FORECAST_GEOLOGICAL_CONDITION"",""source_evidence_id"":""doc_a1ca08b3f141763f45863a07_e0003"",""source_kind"":""GEOLOGICAL_EVIDENCE"",""state_role"":""FORWARD_ATTENTION_CELL"",""valid_date"":""2023-11-05""}",bitemporal_version_a82d2acb196d3ba66fc13c24,bitemporal_version_c75809d776abad9a14df9cfc,True,OPPORTUNITY_ADDED,OPPORTUNITY_ADDED,PASS,True
"{""attribute_name"":""weathering"",""base_stage3a_state_version_id"":""state_version_2e345f5f7fbd2b7d90b3fc20"",""cell_id"":""cell_585026313bab68f0a4a0e814"",""claim_type"":""FORECAST_GEOLOGICAL_CONDITION"",""source_evidence_id"":""doc_28d57b5baaf883772b83b6e8_e0005"",""source_kind"":""GEOLOGICAL_EVIDENCE"",""state_role"":""FORWARD_ATTENTION_CELL"",""valid_date"":""2023-11-05""}",bitemporal_version_a82d2acb196d3ba66fc13c24,bitemporal_version_c75809d776abad9a14df9cfc,True,UNCHANGED_EXPRESSIBLE,UNCHANGED_EXPRESSIBLE,PASS,True
"{""attribute_name"":""weathering"",""base_stage3a_state_version_id"":""state_version_2e345f5f7fbd2b7d90b3fc20"",""cell_id"":""cell_585026313bab68f0a4a0e814"",""claim_type"":""FORECAST_GEOLOGICAL_CONDITION"",""source_evidence_id"":""doc_a1ca08b3f141763f45863a07_e0002"",""source_kind"":""GEOLOGICAL_EVIDENCE"",""state_role"":""FORWARD_ATTENTION_CELL"",""valid_date"":""2023-11-05""}",bitemporal_version_a82d2acb196d3ba66fc13c24,bitemporal_version_c75809d776abad9a14df9cfc,True,OPPORTUNITY_ADDED,OPPORTUNITY_ADDED,PASS,True
"{""attribute_name"":""weathering"",""base_stage3a_state_version_id"":""state_version_2e345f5f7fbd2b7d90b3fc20"",""cell_id"":""cell_585026313bab68f0a4a0e814"",""claim_type"":""FORECAST_GEOLOGICAL_CONDITION"",""source_evidence_id"":""doc_a1ca08b3f141763f45863a07_e0003"",""source_kind"":""GEOLOGICAL_EVIDENCE"",""state_role"":""FORWARD_ATTENTION_CELL"",""valid_date"":""2023-11-05""}",bitemporal_version_a82d2acb196d3ba66fc13c24,bitemporal_version_c75809d776abad9a14df9cfc,True,OPPORTUNITY_ADDED,OPPORTUNITY_ADDED,PASS,True
"{""base_stage3a_state_version_id"":""state_version_2e345f5f7fbd2b7d90b3fc20"",""cell_id"":""cell_585026313bab68f0a4a0e814"",""claim_type"":""FORWARD_GEOLOGICAL_ATTENTION"",""metric_name"":""GRS"",""source_kind"":""STATE_GRS"",""state_role"":""FORWARD_ATTENTION_CELL"",""valid_date"":""2023-11-05""}",bitemporal_version_a82d2acb196d3ba66fc13c24,bitemporal_version_c75809d776abad9a14df9cfc,True,CLAIM_VALUE_CHANGED,CLAIM_VALUE_CHANGED,PASS,True
"{""base_stage3a_state_version_id"":""state_version_2e345f5f7fbd2b7d90b3fc20"",""cell_id"":""cell_585026313bab68f0a4a0e814"",""claim_type"":""OPERATIONAL_RESPONSE_ATTENTION"",""metric_name"":""RAI"",""source_kind"":""STATE_RAI"",""state_role"":""FORWARD_ATTENTION_CELL"",""valid_date"":""2023-11-05""}",bitemporal_version_a82d2acb196d3ba66fc13c24,bitemporal_version_c75809d776abad9a14df9cfc,True,UNCHANGED_ABSTAIN,UNCHANGED_ABSTAIN,PASS,True
"{""attribute_name"":""anomaly_level"",""base_stage3a_state_version_id"":""state_version_97f796bb2fb7be192c012dc9"",""cell_id"":""cell_e610b4ce3922994ac4da48cb"",""claim_type"":""FORECAST_GEOLOGICAL_CONDITION"",""source_evidence_id"":""doc_ce88b5055d612f9f8fb8012e_e0002"",""source_kind"":""GEOLOGICAL_EVIDENCE"",""state_role"":""FORWARD_ATTENTION_CELL"",""valid_date"":""2023-10-18""}",bitemporal_version_99cfe2496a591a4ad0dd6260,bitemporal_version_c8b1ed585b1ccb9aee725d4f,True,OPPORTUNITY_ADDED,OPPORTUNITY_ADDED,PASS,True
"{""attribute_name"":""geological_conclusion"",""base_stage3a_state_version_id"":""state_version_97f796bb2fb7be192c012dc9"",""cell_id"":""cell_e610b4ce3922994ac4da48cb"",""claim_type"":""FORECAST_GEOLOGICAL_CONDITION"",""source_evidence_id"":""doc_ce88b5055d612f9f8fb8012e_e0002"",""source_kind"":""GEOLOGICAL_EVIDENCE"",""state_role"":""FORWARD_ATTENTION_CELL"",""valid_date"":""2023-10-18""}",bitemporal_version_99cfe2496a591a4ad0dd6260,bitemporal_version_c8b1ed585b1ccb9aee725d4f,True,OPPORTUNITY_ADDED,OPPORTUNITY_ADDED,PASS,True
"{""attribute_name"":""joint_development"",""base_stage3a_state_version_id"":""state_version_97f796bb2fb7be192c012dc9"",""cell_id"":""cell_e610b4ce3922994ac4da48cb"",""claim_type"":""FORECAST_GEOLOGICAL_CONDITION"",""source_evidence_id"":""doc_ce88b5055d612f9f8fb8012e_e0002"",""source_kind"":""GEOLOGICAL_EVIDENCE"",""state_role"":""FORWARD_ATTENTION_CELL"",""valid_date"":""2023-10-18""}",bitemporal_version_99cfe2496a591a4ad0dd6260,bitemporal_version_c8b1ed585b1ccb9aee725d4f,True,OPPORTUNITY_ADDED,OPPORTUNITY_ADDED,PASS,True
"{""attribute_name"":""lithology"",""base_stage3a_state_version_id"":""state_version_97f796bb2fb7be192c012dc9"",""cell_id"":""cell_e610b4ce3922994ac4da48cb"",""claim_type"":""FORECAST_GEOLOGICAL_CONDITION"",""source_evidence_id"":""doc_ce88b5055d612f9f8fb8012e_e0002"",""source_kind"":""GEOLOGICAL_EVIDENCE"",""state_role"":""FORWARD_ATTENTION_CELL"",""valid_date"":""2023-10-18""}",bitemporal_version_99cfe2496a591a4ad0dd6260,bitemporal_version_c8b1ed585b1ccb9aee725d4f,True,OPPORTUNITY_ADDED,OPPORTUNITY_ADDED,PASS,True
"{""attribute_name"":""risk_hint"",""base_stage3a_state_version_id"":""state_version_97f796bb2fb7be192c012dc9"",""cell_id"":""cell_e610b4ce3922994ac4da48cb"",""claim_type"":""FORECAST_GEOLOGICAL_CONDITION"",""source_evidence_id"":""doc_ce88b5055d612f9f8fb8012e_e0002"",""source_kind"":""GEOLOGICAL_EVIDENCE"",""state_role"":""FORWARD_ATTENTION_CELL"",""valid_date"":""2023-10-18""}",bitemporal_version_99cfe2496a591a4ad0dd6260,bitemporal_version_c8b1ed585b1ccb9aee725d4f,True,OPPORTUNITY_ADDED,OPPORTUNITY_ADDED,PASS,True
"{""attribute_name"":""rock_mass_state"",""base_stage3a_state_version_id"":""state_version_97f796bb2fb7be192c012dc9"",""cell_id"":""cell_e610b4ce3922994ac4da48cb"",""claim_type"":""FORECAST_GEOLOGICAL_CONDITION"",""source_evidence_id"":""doc_ce88b5055d612f9f8fb8012e_e0002"",""source_kind"":""GEOLOGICAL_EVIDENCE"",""state_role"":""FORWARD_ATTENTION_CELL"",""valid_date"":""2023-10-18""}",bitemporal_version_99cfe2496a591a4ad0dd6260,bitemporal_version_c8b1ed585b1ccb9aee725d4f,True,OPPORTUNITY_ADDED,OPPORTUNITY_ADDED,PASS,True
"{""attribute_name"":""suggested_grade"",""base_stage3a_state_version_id"":""state_version_97f796bb2fb7be192c012dc9"",""cell_id"":""cell_e610b4ce3922994ac4da48cb"",""claim_type"":""FORECAST_GEOLOGICAL_CONDITION"",""source_evidence_id"":""doc_ce88b5055d612f9f8fb8012e_e0002"",""source_kind"":""GEOLOGICAL_EVIDENCE"",""state_role"":""FORWARD_ATTENTION_CELL"",""valid_date"":""2023-10-18""}",bitemporal_version_99cfe2496a591a4ad0dd6260,bitemporal_version_c8b1ed585b1ccb9aee725d4f,True,OPPORTUNITY_ADDED,OPPORTUNITY_ADDED,PASS,True
"{""attribute_name"":""weathering"",""base_stage3a_state_version_id"":""state_version_97f796bb2fb7be192c012dc9"",""cell_id"":""cell_e610b4ce3922994ac4da48cb"",""claim_type"":""FORECAST_GEOLOGICAL_CONDITION"",""source_evidence_id"":""doc_ce88b5055d612f9f8fb8012e_e0002"",""source_kind"":""GEOLOGICAL_EVIDENCE"",""state_role"":""FORWARD_ATTENTION_CELL"",""valid_date"":""2023-10-18""}",bitemporal_version_99cfe2496a591a4ad0dd6260,bitemporal_version_c8b1ed585b1ccb9aee725d4f,True,OPPORTUNITY_ADDED,OPPORTUNITY_ADDED,PASS,True
"{""base_stage3a_state_version_id"":""state_version_97f796bb2fb7be192c012dc9"",""cell_id"":""cell_e610b4ce3922994ac4da48cb"",""claim_type"":""FORWARD_GEOLOGICAL_ATTENTION"",""metric_name"":""GRS"",""source_kind"":""STATE_GRS"",""state_role"":""FORWARD_ATTENTION_CELL"",""valid_date"":""2023-10-18""}",bitemporal_version_99cfe2496a591a4ad0dd6260,bitemporal_version_c8b1ed585b1ccb9aee725d4f,True,ABSTAIN_TO_EXPRESSIBLE,ABSTAIN_TO_EXPRESSIBLE,PASS,True
"{""base_stage3a_state_version_id"":""state_version_97f796bb2fb7be192c012dc9"",""cell_id"":""cell_e610b4ce3922994ac4da48cb"",""claim_type"":""OPERATIONAL_RESPONSE_ATTENTION"",""metric_name"":""RAI"",""source_kind"":""STATE_RAI"",""state_role"":""FORWARD_ATTENTION_CELL"",""valid_date"":""2023-10-18""}",bitemporal_version_99cfe2496a591a4ad0dd6260,bitemporal_version_c8b1ed585b1ccb9aee725d4f,True,UNCHANGED_ABSTAIN,UNCHANGED_ABSTAIN,PASS,True
"{""attribute_name"":""anomaly_level"",""base_stage3a_state_version_id"":""state_version_964f21e3545d4cccd531a3bd"",""cell_id"":""cell_3ae33164a8e71987590e3ceb"",""claim_type"":""FORECAST_GEOLOGICAL_CONDITION"",""source_evidence_id"":""doc_6af39821d5a37fd21b28de70_e0003"",""source_kind"":""GEOLOGICAL_EVIDENCE"",""state_role"":""FORWARD_ATTENTION_CELL"",""valid_date"":""2023-10-15""}",bitemporal_version_83e173d7d7269a0aba006902,bitemporal_version_cc6159beb80671357a443766,True,OPPORTUNITY_ADDED,OPPORTUNITY_ADDED,PASS,True
"{""attribute_name"":""anomaly_level"",""base_stage3a_state_version_id"":""state_version_964f21e3545d4cccd531a3bd"",""cell_id"":""cell_3ae33164a8e71987590e3ceb"",""claim_type"":""FORECAST_GEOLOGICAL_CONDITION"",""source_evidence_id"":""doc_6af39821d5a37fd21b28de70_e0004"",""source_kind"":""GEOLOGICAL_EVIDENCE"",""state_role"":""FORWARD_ATTENTION_CELL"",""valid_date"":""2023-10-15""}",bitemporal_version_83e173d7d7269a0aba006902,bitemporal_version_cc6159beb80671357a443766,True,OPPORTUNITY_ADDED,OPPORTUNITY_ADDED,PASS,True
"{""attribute_name"":""geological_conclusion"",""base_stage3a_state_version_id"":""state_version_964f21e3545d4cccd531a3bd"",""cell_id"":""cell_3ae33164a8e71987590e3ceb"",""claim_type"":""FORECAST_GEOLOGICAL_CONDITION"",""source_evidence_id"":""doc_6af39821d5a37fd21b28de70_e0003"",""source_kind"":""GEOLOGICAL_EVIDENCE"",""state_role"":""FORWARD_ATTENTION_CELL"",""valid_date"":""2023-10-15""}",bitemporal_version_83e173d7d7269a0aba006902,bitemporal_version_cc6159beb80671357a443766,True,OPPORTUNITY_ADDED,OPPORTUNITY_ADDED,PASS,True
"{""attribute_name"":""geological_conclusion"",""base_stage3a_state_version_id"":""state_version_964f21e3545d4cccd531a3bd"",""cell_id"":""cell_3ae33164a8e71987590e3ceb"",""claim_type"":""FORECAST_GEOLOGICAL_CONDITION"",""source_evidence_id"":""doc_6af39821d5a37fd21b28de70_e0004"",""source_kind"":""GEOLOGICAL_EVIDENCE"",""state_role"":""FORWARD_ATTENTION_CELL"",""valid_date"":""2023-10-15""}",bitemporal_version_83e173d7d7269a0aba006902,bitemporal_version_cc6159beb80671357a443766,True,OPPORTUNITY_ADDED,OPPORTUNITY_ADDED,PASS,True
"{""attribute_name"":""joint_development"",""base_stage3a_state_version_id"":""state_version_964f21e3545d4cccd531a3bd"",""cell_id"":""cell_3ae33164a8e71987590e3ceb"",""claim_type"":""FORECAST_GEOLOGICAL_CONDITION"",""source_evidence_id"":""doc_6af39821d5a37fd21b28de70_e0003"",""source_kind"":""GEOLOGICAL_EVIDENCE"",""state_role"":""FORWARD_ATTENTION_CELL"",""valid_date"":""2023-10-15""}",bitemporal_version_83e173d7d7269a0aba006902,bitemporal_version_cc6159beb80671357a443766,True,OPPORTUNITY_ADDED,OPPORTUNITY_ADDED,PASS,True
"{""attribute_name"":""joint_development"",""base_stage3a_state_version_id"":""state_version_964f21e3545d4cccd531a3bd"",""cell_id"":""cell_3ae33164a8e71987590e3ceb"",""claim_type"":""FORECAST_GEOLOGICAL_CONDITION"",""source_evidence_id"":""doc_6af39821d5a37fd21b28de70_e0004"",""source_kind"":""GEOLOGICAL_EVIDENCE"",""state_role"":""FORWARD_ATTENTION_CELL"",""valid_date"":""2023-10-15""}",bitemporal_version_83e173d7d7269a0aba006902,bitemporal_version_cc6159beb80671357a443766,True,OPPORTUNITY_ADDED,OPPORTUNITY_ADDED,PASS,True
"{""attribute_name"":""lithology"",""base_stage3a_state_version_id"":""state_version_964f21e3545d4cccd531a3bd"",""cell_id"":""cell_3ae33164a8e71987590e3ceb"",""claim_type"":""FORECAST_GEOLOGICAL_CONDITION"",""source_evidence_id"":""doc_6af39821d5a37fd21b28de70_e0003"",""source_kind"":""GEOLOGICAL_EVIDENCE"",""state_role"":""FORWARD_ATTENTION_CELL"",""valid_date"":""2023-10-15""}",bitemporal_version_83e173d7d7269a0aba006902,bitemporal_version_cc6159beb80671357a443766,True,OPPORTUNITY_ADDED,OPPORTUNITY_ADDED,PASS,True
"{""attribute_name"":""lithology"",""base_stage3a_state_version_id"":""state_version_964f21e3545d4cccd531a3bd"",""cell_id"":""cell_3ae33164a8e71987590e3ceb"",""claim_type"":""FORECAST_GEOLOGICAL_CONDITION"",""source_evidence_id"":""doc_6af39821d5a37fd21b28de70_e0004"",""source_kind"":""GEOLOGICAL_EVIDENCE"",""state_role"":""FORWARD_ATTENTION_CELL"",""valid_date"":""2023-10-15""}",bitemporal_version_83e173d7d7269a0aba006902,bitemporal_version_cc6159beb80671357a443766,True,OPPORTUNITY_ADDED,OPPORTUNITY_ADDED,PASS,True
"{""attribute_name"":""risk_hint"",""base_stage3a_state_version_id"":""state_version_964f21e3545d4cccd531a3bd"",""cell_id"":""cell_3ae33164a8e71987590e3ceb"",""claim_type"":""FORECAST_GEOLOGICAL_CONDITION"",""source_evidence_id"":""doc_6af39821d5a37fd21b28de70_e0003"",""source_kind"":""GEOLOGICAL_EVIDENCE"",""state_role"":""FORWARD_ATTENTION_CELL"",""valid_date"":""2023-10-15""}",bitemporal_version_83e173d7d7269a0aba006902,bitemporal_version_cc6159beb80671357a443766,True,OPPORTUNITY_ADDED,OPPORTUNITY_ADDED,PASS,True
"{""attribute_name"":""risk_hint"",""base_stage3a_state_version_id"":""state_version_964f21e3545d4cccd531a3bd"",""cell_id"":""cell_3ae33164a8e71987590e3ceb"",""claim_type"":""FORECAST_GEOLOGICAL_CONDITION"",""source_evidence_id"":""doc_6af39821d5a37fd21b28de70_e0004"",""source_kind"":""GEOLOGICAL_EVIDENCE"",""state_role"":""FORWARD_ATTENTION_CELL"",""valid_date"":""2023-10-15""}",bitemporal_version_83e173d7d7269a0aba006902,bitemporal_version_cc6159beb80671357a443766,True,OPPORTUNITY_ADDED,OPPORTUNITY_ADDED,PASS,True
"{""attribute_name"":""rock_mass_state"",""base_stage3a_state_version_id"":""state_version_964f21e3545d4cccd531a3bd"",""cell_id"":""cell_3ae33164a8e71987590e3ceb"",""claim_type"":""FORECAST_GEOLOGICAL_CONDITION"",""source_evidence_id"":""doc_6af39821d5a37fd21b28de70_e0003"",""source_kind"":""GEOLOGICAL_EVIDENCE"",""state_role"":""FORWARD_ATTENTION_CELL"",""valid_date"":""2023-10-15""}",bitemporal_version_83e173d7d7269a0aba006902,bitemporal_version_cc6159beb80671357a443766,True,OPPORTUNITY_ADDED,OPPORTUNITY_ADDED,PASS,True
"{""attribute_name"":""rock_mass_state"",""base_stage3a_state_version_id"":""state_version_964f21e3545d4cccd531a3bd"",""cell_id"":""cell_3ae33164a8e71987590e3ceb"",""claim_type"":""FORECAST_GEOLOGICAL_CONDITION"",""source_evidence_id"":""doc_6af39821d5a37fd21b28de70_e0004"",""source_kind"":""GEOLOGICAL_EVIDENCE"",""state_role"":""FORWARD_ATTENTION_CELL"",""valid_date"":""2023-10-15""}",bitemporal_version_83e173d7d7269a0aba006902,bitemporal_version_cc6159beb80671357a443766,True,OPPORTUNITY_ADDED,OPPORTUNITY_ADDED,PASS,True
"{""attribute_name"":""suggested_grade"",""base_stage3a_state_version_id"":""state_version_964f21e3545d4cccd531a3bd"",""cell_id"":""cell_3ae33164a8e71987590e3ceb"",""claim_type"":""FORECAST_GEOLOGICAL_CONDITION"",""source_evidence_id"":""doc_6af39821d5a37fd21b28de70_e0003"",""source_kind"":""GEOLOGICAL_EVIDENCE"",""state_role"":""FORWARD_ATTENTION_CELL"",""valid_date"":""2023-10-15""}",bitemporal_version_83e173d7d7269a0aba006902,bitemporal_version_cc6159beb80671357a443766,True,OPPORTUNITY_ADDED,OPPORTUNITY_ADDED,PASS,True
"{""attribute_name"":""suggested_grade"",""base_stage3a_state_version_id"":""state_version_964f21e3545d4cccd531a3bd"",""cell_id"":""cell_3ae33164a8e71987590e3ceb"",""claim_type"":""FORECAST_GEOLOGICAL_CONDITION"",""source_evidence_id"":""doc_6af39821d5a37fd21b28de70_e0004"",""source_kind"":""GEOLOGICAL_EVIDENCE"",""state_role"":""FORWARD_ATTENTION_CELL"",""valid_date"":""2023-10-15""}",bitemporal_version_83e173d7d7269a0aba006902,bitemporal_version_cc6159beb80671357a443766,True,OPPORTUNITY_ADDED,OPPORTUNITY_ADDED,PASS,True
"{""attribute_name"":""weathering"",""base_stage3a_state_version_id"":""state_version_964f21e3545d4cccd531a3bd"",""cell_id"":""cell_3ae33164a8e71987590e3ceb"",""claim_type"":""FORECAST_GEOLOGICAL_CONDITION"",""source_evidence_id"":""doc_6af39821d5a37fd21b28de70_e0003"",""source_kind"":""GEOLOGICAL_EVIDENCE"",""state_role"":""FORWARD_ATTENTION_CELL"",""valid_date"":""2023-10-15""}",bitemporal_version_83e173d7d7269a0aba006902,bitemporal_version_cc6159beb80671357a443766,True,OPPORTUNITY_ADDED,OPPORTUNITY_ADDED,PASS,True
"{""attribute_name"":""weathering"",""base_stage3a_state_version_id"":""state_version_964f21e3545d4cccd531a3bd"",""cell_id"":""cell_3ae33164a8e71987590e3ceb"",""claim_type"":""FORECAST_GEOLOGICAL_CONDITION"",""source_evidence_id"":""doc_6af39821d5a37fd21b28de70_e0004"",""source_kind"":""GEOLOGICAL_EVIDENCE"",""state_role"":""FORWARD_ATTENTION_CELL"",""valid_date"":""2023-10-15""}",bitemporal_version_83e173d7d7269a0aba006902,bitemporal_version_cc6159beb80671357a443766,True,OPPORTUNITY_ADDED,OPPORTUNITY_ADDED,PASS,True
"{""base_stage3a_state_version_id"":""state_version_964f21e3545d4cccd531a3bd"",""cell_id"":""cell_3ae33164a8e71987590e3ceb"",""claim_type"":""FORWARD_GEOLOGICAL_ATTENTION"",""metric_name"":""GRS"",""source_kind"":""STATE_GRS"",""state_role"":""FORWARD_ATTENTION_CELL"",""valid_date"":""2023-10-15""}",bitemporal_version_83e173d7d7269a0aba006902,bitemporal_version_cc6159beb80671357a443766,True,ABSTAIN_TO_EXPRESSIBLE,ABSTAIN_TO_EXPRESSIBLE,PASS,True
"{""base_stage3a_state_version_id"":""state_version_964f21e3545d4cccd531a3bd"",""cell_id"":""cell_3ae33164a8e71987590e3ceb"",""claim_type"":""OPERATIONAL_RESPONSE_ATTENTION"",""metric_name"":""RAI"",""source_kind"":""STATE_RAI"",""state_role"":""FORWARD_ATTENTION_CELL"",""valid_date"":""2023-10-15""}",bitemporal_version_83e173d7d7269a0aba006902,bitemporal_version_cc6159beb80671357a443766,True,UNCHANGED_ABSTAIN,UNCHANGED_ABSTAIN,PASS,True
"{""attribute_name"":""anomaly_level"",""base_stage3a_state_version_id"":""state_version_90132939564734086ffba720"",""cell_id"":""cell_af293191decaff8df7b1d72b"",""claim_type"":""FORECAST_GEOLOGICAL_CONDITION"",""source_evidence_id"":""doc_1bccaf9b3397c0d25601b19d_e0002"",""source_kind"":""GEOLOGICAL_EVIDENCE"",""state_role"":""DAILY_REVIEW_CELL"",""valid_date"":""2023-11-28""}",bitemporal_version_7eabf95ac929b2b9408c7e63,bitemporal_version_ced80c06f46b0688887db78e,True,OPPORTUNITY_ADDED,OPPORTUNITY_ADDED,PASS,True
"{""attribute_name"":""anomaly_level"",""base_stage3a_state_version_id"":""state_version_90132939564734086ffba720"",""cell_id"":""cell_af293191decaff8df7b1d72b"",""claim_type"":""FORECAST_GEOLOGICAL_CONDITION"",""source_evidence_id"":""doc_62bf6495f3a27bc084947384_e0007"",""source_kind"":""GEOLOGICAL_EVIDENCE"",""state_role"":""DAILY_REVIEW_CELL"",""valid_date"":""2023-11-28""}",bitemporal_version_7eabf95ac929b2b9408c7e63,bitemporal_version_ced80c06f46b0688887db78e,True,UNCHANGED_ABSTAIN,UNCHANGED_ABSTAIN,PASS,True
"{""attribute_name"":""geological_conclusion"",""base_stage3a_state_version_id"":""state_version_90132939564734086ffba720"",""cell_id"":""cell_af293191decaff8df7b1d72b"",""claim_type"":""FORECAST_GEOLOGICAL_CONDITION"",""source_evidence_id"":""doc_1bccaf9b3397c0d25601b19d_e0002"",""source_kind"":""GEOLOGICAL_EVIDENCE"",""state_role"":""DAILY_REVIEW_CELL"",""valid_date"":""2023-11-28""}",bitemporal_version_7eabf95ac929b2b9408c7e63,bitemporal_version_ced80c06f46b0688887db78e,True,OPPORTUNITY_ADDED,OPPORTUNITY_ADDED,PASS,True
"{""attribute_name"":""geological_conclusion"",""base_stage3a_state_version_id"":""state_version_90132939564734086ffba720"",""cell_id"":""cell_af293191decaff8df7b1d72b"",""claim_type"":""FORECAST_GEOLOGICAL_CONDITION"",""source_evidence_id"":""doc_62bf6495f3a27bc084947384_e0007"",""source_kind"":""GEOLOGICAL_EVIDENCE"",""state_role"":""DAILY_REVIEW_CELL"",""valid_date"":""2023-11-28""}",bitemporal_version_7eabf95ac929b2b9408c7e63,bitemporal_version_ced80c06f46b0688887db78e,True,UNCHANGED_EXPRESSIBLE,UNCHANGED_EXPRESSIBLE,PASS,True
"{""attribute_name"":""joint_development"",""base_stage3a_state_version_id"":""state_version_90132939564734086ffba720"",""cell_id"":""cell_af293191decaff8df7b1d72b"",""claim_type"":""FORECAST_GEOLOGICAL_CONDITION"",""source_evidence_id"":""doc_1bccaf9b3397c0d25601b19d_e0002"",""source_kind"":""GEOLOGICAL_EVIDENCE"",""state_role"":""DAILY_REVIEW_CELL"",""valid_date"":""2023-11-28""}",bitemporal_version_7eabf95ac929b2b9408c7e63,bitemporal_version_ced80c06f46b0688887db78e,True,OPPORTUNITY_ADDED,OPPORTUNITY_ADDED,PASS,True
"{""attribute_name"":""joint_development"",""base_stage3a_state_version_id"":""state_version_90132939564734086ffba720"",""cell_id"":""cell_af293191decaff8df7b1d72b"",""claim_type"":""FORECAST_GEOLOGICAL_CONDITION"",""source_evidence_id"":""doc_62bf6495f3a27bc084947384_e0007"",""source_kind"":""GEOLOGICAL_EVIDENCE"",""state_role"":""DAILY_REVIEW_CELL"",""valid_date"":""2023-11-28""}",bitemporal_version_7eabf95ac929b2b9408c7e63,bitemporal_version_ced80c06f46b0688887db78e,True,UNCHANGED_EXPRESSIBLE,UNCHANGED_EXPRESSIBLE,PASS,True
"{""attribute_name"":""lithology"",""base_stage3a_state_version_id"":""state_version_90132939564734086ffba720"",""cell_id"":""cell_af293191decaff8df7b1d72b"",""claim_type"":""FORECAST_GEOLOGICAL_CONDITION"",""source_evidence_id"":""doc_1bccaf9b3397c0d25601b19d_e0002"",""source_kind"":""GEOLOGICAL_EVIDENCE"",""state_role"":""DAILY_REVIEW_CELL"",""valid_date"":""2023-11-28""}",bitemporal_version_7eabf95ac929b2b9408c7e63,bitemporal_version_ced80c06f46b0688887db78e,True,OPPORTUNITY_ADDED,OPPORTUNITY_ADDED,PASS,True
"{""attribute_name"":""lithology"",""base_stage3a_state_version_id"":""state_version_90132939564734086ffba720"",""cell_id"":""cell_af293191decaff8df7b1d72b"",""claim_type"":""FORECAST_GEOLOGICAL_CONDITION"",""source_evidence_id"":""doc_62bf6495f3a27bc084947384_e0007"",""source_kind"":""GEOLOGICAL_EVIDENCE"",""state_role"":""DAILY_REVIEW_CELL"",""valid_date"":""2023-11-28""}",bitemporal_version_7eabf95ac929b2b9408c7e63,bitemporal_version_ced80c06f46b0688887db78e,True,UNCHANGED_EXPRESSIBLE,UNCHANGED_EXPRESSIBLE,PASS,True
"{""attribute_name"":""risk_hint"",""base_stage3a_state_version_id"":""state_version_90132939564734086ffba720"",""cell_id"":""cell_af293191decaff8df7b1d72b"",""claim_type"":""FORECAST_GEOLOGICAL_CONDITION"",""source_evidence_id"":""doc_1bccaf9b3397c0d25601b19d_e0002"",""source_kind"":""GEOLOGICAL_EVIDENCE"",""state_role"":""DAILY_REVIEW_CELL"",""valid_date"":""2023-11-28""}",bitemporal_version_7eabf95ac929b2b9408c7e63,bitemporal_version_ced80c06f46b0688887db78e,True,OPPORTUNITY_ADDED,OPPORTUNITY_ADDED,PASS,True
"{""attribute_name"":""risk_hint"",""base_stage3a_state_version_id"":""state_version_90132939564734086ffba720"",""cell_id"":""cell_af293191decaff8df7b1d72b"",""claim_type"":""FORECAST_GEOLOGICAL_CONDITION"",""source_evidence_id"":""doc_62bf6495f3a27bc084947384_e0007"",""source_kind"":""GEOLOGICAL_EVIDENCE"",""state_role"":""DAILY_REVIEW_CELL"",""valid_date"":""2023-11-28""}",bitemporal_version_7eabf95ac929b2b9408c7e63,bitemporal_version_ced80c06f46b0688887db78e,True,UNCHANGED_ABSTAIN,UNCHANGED_ABSTAIN,PASS,True
"{""attribute_name"":""rock_mass_state"",""base_stage3a_state_version_id"":""state_version_90132939564734086ffba720"",""cell_id"":""cell_af293191decaff8df7b1d72b"",""claim_type"":""FORECAST_GEOLOGICAL_CONDITION"",""source_evidence_id"":""doc_1bccaf9b3397c0d25601b19d_e0002"",""source_kind"":""GEOLOGICAL_EVIDENCE"",""state_role"":""DAILY_REVIEW_CELL"",""valid_date"":""2023-11-28""}",bitemporal_version_7eabf95ac929b2b9408c7e63,bitemporal_version_ced80c06f46b0688887db78e,True,OPPORTUNITY_ADDED,OPPORTUNITY_ADDED,PASS,True
"{""attribute_name"":""rock_mass_state"",""base_stage3a_state_version_id"":""state_version_90132939564734086ffba720"",""cell_id"":""cell_af293191decaff8df7b1d72b"",""claim_type"":""FORECAST_GEOLOGICAL_CONDITION"",""source_evidence_id"":""doc_62bf6495f3a27bc084947384_e0007"",""source_kind"":""GEOLOGICAL_EVIDENCE"",""state_role"":""DAILY_REVIEW_CELL"",""valid_date"":""2023-11-28""}",bitemporal_version_7eabf95ac929b2b9408c7e63,bitemporal_version_ced80c06f46b0688887db78e,True,UNCHANGED_EXPRESSIBLE,UNCHANGED_EXPRESSIBLE,PASS,True
"{""attribute_name"":""suggested_grade"",""base_stage3a_state_version_id"":""state_version_90132939564734086ffba720"",""cell_id"":""cell_af293191decaff8df7b1d72b"",""claim_type"":""FORECAST_GEOLOGICAL_CONDITION"",""source_evidence_id"":""doc_1bccaf9b3397c0d25601b19d_e0002"",""source_kind"":""GEOLOGICAL_EVIDENCE"",""state_role"":""DAILY_REVIEW_CELL"",""valid_date"":""2023-11-28""}",bitemporal_version_7eabf95ac929b2b9408c7e63,bitemporal_version_ced80c06f46b0688887db78e,True,OPPORTUNITY_ADDED,OPPORTUNITY_ADDED,PASS,True
"{""attribute_name"":""suggested_grade"",""base_stage3a_state_version_id"":""state_version_90132939564734086ffba720"",""cell_id"":""cell_af293191decaff8df7b1d72b"",""claim_type"":""FORECAST_GEOLOGICAL_CONDITION"",""source_evidence_id"":""doc_62bf6495f3a27bc084947384_e0007"",""source_kind"":""GEOLOGICAL_EVIDENCE"",""state_role"":""DAILY_REVIEW_CELL"",""valid_date"":""2023-11-28""}",bitemporal_version_7eabf95ac929b2b9408c7e63,bitemporal_version_ced80c06f46b0688887db78e,True,UNCHANGED_EXPRESSIBLE,UNCHANGED_EXPRESSIBLE,PASS,True
"{""attribute_name"":""weathering"",""base_stage3a_state_version_id"":""state_version_90132939564734086ffba720"",""cell_id"":""cell_af293191decaff8df7b1d72b"",""claim_type"":""FORECAST_GEOLOGICAL_CONDITION"",""source_evidence_id"":""doc_1bccaf9b3397c0d25601b19d_e0002"",""source_kind"":""GEOLOGICAL_EVIDENCE"",""state_role"":""DAILY_REVIEW_CELL"",""valid_date"":""2023-11-28""}",bitemporal_version_7eabf95ac929b2b9408c7e63,bitemporal_version_ced80c06f46b0688887db78e,True,OPPORTUNITY_ADDED,OPPORTUNITY_ADDED,PASS,True
"{""attribute_name"":""weathering"",""base_stage3a_state_version_id"":""state_version_90132939564734086ffba720"",""cell_id"":""cell_af293191decaff8df7b1d72b"",""claim_type"":""FORECAST_GEOLOGICAL_CONDITION"",""source_evidence_id"":""doc_62bf6495f3a27bc084947384_e0007"",""source_kind"":""GEOLOGICAL_EVIDENCE"",""state_role"":""DAILY_REVIEW_CELL"",""valid_date"":""2023-11-28""}",bitemporal_version_7eabf95ac929b2b9408c7e63,bitemporal_version_ced80c06f46b0688887db78e,True,UNCHANGED_EXPRESSIBLE,UNCHANGED_EXPRESSIBLE,PASS,True
"{""base_stage3a_state_version_id"":""state_version_90132939564734086ffba720"",""cell_id"":""cell_af293191decaff8df7b1d72b"",""claim_type"":""COUPLED_ATTENTION_REVIEW"",""metric_name"":""GRCI"",""source_kind"":""STATE_GRCI"",""state_role"":""DAILY_REVIEW_CELL"",""valid_date"":""2023-11-28""}",bitemporal_version_7eabf95ac929b2b9408c7e63,bitemporal_version_ced80c06f46b0688887db78e,True,CLAIM_VALUE_CHANGED,CLAIM_VALUE_CHANGED,PASS,True
"{""base_stage3a_state_version_id"":""state_version_90132939564734086ffba720"",""cell_id"":""cell_af293191decaff8df7b1d72b"",""claim_type"":""GEOLOGICAL_EVIDENCE_ATTENTION_REVIEW"",""metric_name"":""GRS"",""source_kind"":""STATE_GRS"",""state_role"":""DAILY_REVIEW_CELL"",""valid_date"":""2023-11-28""}",bitemporal_version_7eabf95ac929b2b9408c7e63,bitemporal_version_ced80c06f46b0688887db78e,True,CLAIM_VALUE_CHANGED,CLAIM_VALUE_CHANGED,PASS,True
"{""base_stage3a_state_version_id"":""state_version_90132939564734086ffba720"",""cell_id"":""cell_af293191decaff8df7b1d72b"",""claim_type"":""OPERATIONAL_RESPONSE_ATTENTION"",""metric_name"":""RAI"",""source_kind"":""STATE_RAI"",""state_role"":""DAILY_REVIEW_CELL"",""valid_date"":""2023-11-28""}",bitemporal_version_7eabf95ac929b2b9408c7e63,bitemporal_version_ced80c06f46b0688887db78e,True,UNCHANGED_EXPRESSIBLE,UNCHANGED_EXPRESSIBLE,PASS,True
"{""attribute_name"":""anomaly_level"",""base_stage3a_state_version_id"":""state_version_77afdc68f572bfdcf0755132"",""cell_id"":""cell_fccd76a8459740ecc3617390"",""claim_type"":""FORECAST_GEOLOGICAL_CONDITION"",""source_evidence_id"":""doc_09e89a967279537d5c9bb8d7_e0002"",""source_kind"":""GEOLOGICAL_EVIDENCE"",""state_role"":""FORWARD_ATTENTION_CELL"",""valid_date"":""2023-10-21""}",bitemporal_version_ed8e9afbb74447bb21861af6,bitemporal_version_d7707807b70f7d97e9c192ab,True,OPPORTUNITY_ADDED,OPPORTUNITY_ADDED,PASS,True
"{""attribute_name"":""anomaly_level"",""base_stage3a_state_version_id"":""state_version_77afdc68f572bfdcf0755132"",""cell_id"":""cell_fccd76a8459740ecc3617390"",""claim_type"":""FORECAST_GEOLOGICAL_CONDITION"",""source_evidence_id"":""doc_09e89a967279537d5c9bb8d7_e0003"",""source_kind"":""GEOLOGICAL_EVIDENCE"",""state_role"":""FORWARD_ATTENTION_CELL"",""valid_date"":""2023-10-21""}",bitemporal_version_ed8e9afbb74447bb21861af6,bitemporal_version_d7707807b70f7d97e9c192ab,True,OPPORTUNITY_ADDED,OPPORTUNITY_ADDED,PASS,True
"{""attribute_name"":""geological_conclusion"",""base_stage3a_state_version_id"":""state_version_77afdc68f572bfdcf0755132"",""cell_id"":""cell_fccd76a8459740ecc3617390"",""claim_type"":""FORECAST_GEOLOGICAL_CONDITION"",""source_evidence_id"":""doc_09e89a967279537d5c9bb8d7_e0002"",""source_kind"":""GEOLOGICAL_EVIDENCE"",""state_role"":""FORWARD_ATTENTION_CELL"",""valid_date"":""2023-10-21""}",bitemporal_version_ed8e9afbb74447bb21861af6,bitemporal_version_d7707807b70f7d97e9c192ab,True,OPPORTUNITY_ADDED,OPPORTUNITY_ADDED,PASS,True
"{""attribute_name"":""geological_conclusion"",""base_stage3a_state_version_id"":""state_version_77afdc68f572bfdcf0755132"",""cell_id"":""cell_fccd76a8459740ecc3617390"",""claim_type"":""FORECAST_GEOLOGICAL_CONDITION"",""source_evidence_id"":""doc_09e89a967279537d5c9bb8d7_e0003"",""source_kind"":""GEOLOGICAL_EVIDENCE"",""state_role"":""FORWARD_ATTENTION_CELL"",""valid_date"":""2023-10-21""}",bitemporal_version_ed8e9afbb74447bb21861af6,bitemporal_version_d7707807b70f7d97e9c192ab,True,OPPORTUNITY_ADDED,OPPORTUNITY_ADDED,PASS,True
"{""attribute_name"":""joint_development"",""base_stage3a_state_version_id"":""state_version_77afdc68f572bfdcf0755132"",""cell_id"":""cell_fccd76a8459740ecc3617390"",""claim_type"":""FORECAST_GEOLOGICAL_CONDITION"",""source_evidence_id"":""doc_09e89a967279537d5c9bb8d7_e0002"",""source_kind"":""GEOLOGICAL_EVIDENCE"",""state_role"":""FORWARD_ATTENTION_CELL"",""valid_date"":""2023-10-21""}",bitemporal_version_ed8e9afbb74447bb21861af6,bitemporal_version_d7707807b70f7d97e9c192ab,True,OPPORTUNITY_ADDED,OPPORTUNITY_ADDED,PASS,True
"{""attribute_name"":""joint_development"",""base_stage3a_state_version_id"":""state_version_77afdc68f572bfdcf0755132"",""cell_id"":""cell_fccd76a8459740ecc3617390"",""claim_type"":""FORECAST_GEOLOGICAL_CONDITION"",""source_evidence_id"":""doc_09e89a967279537d5c9bb8d7_e0003"",""source_kind"":""GEOLOGICAL_EVIDENCE"",""state_role"":""FORWARD_ATTENTION_CELL"",""valid_date"":""2023-10-21""}",bitemporal_version_ed8e9afbb74447bb21861af6,bitemporal_version_d7707807b70f7d97e9c192ab,True,OPPORTUNITY_ADDED,OPPORTUNITY_ADDED,PASS,True
"{""attribute_name"":""lithology"",""base_stage3a_state_version_id"":""state_version_77afdc68f572bfdcf0755132"",""cell_id"":""cell_fccd76a8459740ecc3617390"",""claim_type"":""FORECAST_GEOLOGICAL_CONDITION"",""source_evidence_id"":""doc_09e89a967279537d5c9bb8d7_e0002"",""source_kind"":""GEOLOGICAL_EVIDENCE"",""state_role"":""FORWARD_ATTENTION_CELL"",""valid_date"":""2023-10-21""}",bitemporal_version_ed8e9afbb74447bb21861af6,bitemporal_version_d7707807b70f7d97e9c192ab,True,OPPORTUNITY_ADDED,OPPORTUNITY_ADDED,PASS,True
"{""attribute_name"":""lithology"",""base_stage3a_state_version_id"":""state_version_77afdc68f572bfdcf0755132"",""cell_id"":""cell_fccd76a8459740ecc3617390"",""claim_type"":""FORECAST_GEOLOGICAL_CONDITION"",""source_evidence_id"":""doc_09e89a967279537d5c9bb8d7_e0003"",""source_kind"":""GEOLOGICAL_EVIDENCE"",""state_role"":""FORWARD_ATTENTION_CELL"",""valid_date"":""2023-10-21""}",bitemporal_version_ed8e9afbb74447bb21861af6,bitemporal_version_d7707807b70f7d97e9c192ab,True,OPPORTUNITY_ADDED,OPPORTUNITY_ADDED,PASS,True
"{""attribute_name"":""risk_hint"",""base_stage3a_state_version_id"":""state_version_77afdc68f572bfdcf0755132"",""cell_id"":""cell_fccd76a8459740ecc3617390"",""claim_type"":""FORECAST_GEOLOGICAL_CONDITION"",""source_evidence_id"":""doc_09e89a967279537d5c9bb8d7_e0002"",""source_kind"":""GEOLOGICAL_EVIDENCE"",""state_role"":""FORWARD_ATTENTION_CELL"",""valid_date"":""2023-10-21""}",bitemporal_version_ed8e9afbb74447bb21861af6,bitemporal_version_d7707807b70f7d97e9c192ab,True,OPPORTUNITY_ADDED,OPPORTUNITY_ADDED,PASS,True
"{""attribute_name"":""risk_hint"",""base_stage3a_state_version_id"":""state_version_77afdc68f572bfdcf0755132"",""cell_id"":""cell_fccd76a8459740ecc3617390"",""claim_type"":""FORECAST_GEOLOGICAL_CONDITION"",""source_evidence_id"":""doc_09e89a967279537d5c9bb8d7_e0003"",""source_kind"":""GEOLOGICAL_EVIDENCE"",""state_role"":""FORWARD_ATTENTION_CELL"",""valid_date"":""2023-10-21""}",bitemporal_version_ed8e9afbb74447bb21861af6,bitemporal_version_d7707807b70f7d97e9c192ab,True,OPPORTUNITY_ADDED,OPPORTUNITY_ADDED,PASS,True
"{""attribute_name"":""rock_mass_state"",""base_stage3a_state_version_id"":""state_version_77afdc68f572bfdcf0755132"",""cell_id"":""cell_fccd76a8459740ecc3617390"",""claim_type"":""FORECAST_GEOLOGICAL_CONDITION"",""source_evidence_id"":""doc_09e89a967279537d5c9bb8d7_e0002"",""source_kind"":""GEOLOGICAL_EVIDENCE"",""state_role"":""FORWARD_ATTENTION_CELL"",""valid_date"":""2023-10-21""}",bitemporal_version_ed8e9afbb74447bb21861af6,bitemporal_version_d7707807b70f7d97e9c192ab,True,OPPORTUNITY_ADDED,OPPORTUNITY_ADDED,PASS,True
"{""attribute_name"":""rock_mass_state"",""base_stage3a_state_version_id"":""state_version_77afdc68f572bfdcf0755132"",""cell_id"":""cell_fccd76a8459740ecc3617390"",""claim_type"":""FORECAST_GEOLOGICAL_CONDITION"",""source_evidence_id"":""doc_09e89a967279537d5c9bb8d7_e0003"",""source_kind"":""GEOLOGICAL_EVIDENCE"",""state_role"":""FORWARD_ATTENTION_CELL"",""valid_date"":""2023-10-21""}",bitemporal_version_ed8e9afbb74447bb21861af6,bitemporal_version_d7707807b70f7d97e9c192ab,True,OPPORTUNITY_ADDED,OPPORTUNITY_ADDED,PASS,True
"{""attribute_name"":""suggested_grade"",""base_stage3a_state_version_id"":""state_version_77afdc68f572bfdcf0755132"",""cell_id"":""cell_fccd76a8459740ecc3617390"",""claim_type"":""FORECAST_GEOLOGICAL_CONDITION"",""source_evidence_id"":""doc_09e89a967279537d5c9bb8d7_e0002"",""source_kind"":""GEOLOGICAL_EVIDENCE"",""state_role"":""FORWARD_ATTENTION_CELL"",""valid_date"":""2023-10-21""}",bitemporal_version_ed8e9afbb74447bb21861af6,bitemporal_version_d7707807b70f7d97e9c192ab,True,OPPORTUNITY_ADDED,OPPORTUNITY_ADDED,PASS,True
"{""attribute_name"":""suggested_grade"",""base_stage3a_state_version_id"":""state_version_77afdc68f572bfdcf0755132"",""cell_id"":""cell_fccd76a8459740ecc3617390"",""claim_type"":""FORECAST_GEOLOGICAL_CONDITION"",""source_evidence_id"":""doc_09e89a967279537d5c9bb8d7_e0003"",""source_kind"":""GEOLOGICAL_EVIDENCE"",""state_role"":""FORWARD_ATTENTION_CELL"",""valid_date"":""2023-10-21""}",bitemporal_version_ed8e9afbb74447bb21861af6,bitemporal_version_d7707807b70f7d97e9c192ab,True,OPPORTUNITY_ADDED,OPPORTUNITY_ADDED,PASS,True
"{""attribute_name"":""weathering"",""base_stage3a_state_version_id"":""state_version_77afdc68f572bfdcf0755132"",""cell_id"":""cell_fccd76a8459740ecc3617390"",""claim_type"":""FORECAST_GEOLOGICAL_CONDITION"",""source_evidence_id"":""doc_09e89a967279537d5c9bb8d7_e0002"",""source_kind"":""GEOLOGICAL_EVIDENCE"",""state_role"":""FORWARD_ATTENTION_CELL"",""valid_date"":""2023-10-21""}",bitemporal_version_ed8e9afbb74447bb21861af6,bitemporal_version_d7707807b70f7d97e9c192ab,True,OPPORTUNITY_ADDED,OPPORTUNITY_ADDED,PASS,True
"{""attribute_name"":""weathering"",""base_stage3a_state_version_id"":""state_version_77afdc68f572bfdcf0755132"",""cell_id"":""cell_fccd76a8459740ecc3617390"",""claim_type"":""FORECAST_GEOLOGICAL_CONDITION"",""source_evidence_id"":""doc_09e89a967279537d5c9bb8d7_e0003"",""source_kind"":""GEOLOGICAL_EVIDENCE"",""state_role"":""FORWARD_ATTENTION_CELL"",""valid_date"":""2023-10-21""}",bitemporal_version_ed8e9afbb74447bb21861af6,bitemporal_version_d7707807b70f7d97e9c192ab,True,OPPORTUNITY_ADDED,OPPORTUNITY_ADDED,PASS,True
"{""base_stage3a_state_version_id"":""state_version_77afdc68f572bfdcf0755132"",""cell_id"":""cell_fccd76a8459740ecc3617390"",""claim_type"":""FORWARD_GEOLOGICAL_ATTENTION"",""metric_name"":""GRS"",""source_kind"":""STATE_GRS"",""state_role"":""FORWARD_ATTENTION_CELL"",""valid_date"":""2023-10-21""}",bitemporal_version_ed8e9afbb74447bb21861af6,bitemporal_version_d7707807b70f7d97e9c192ab,True,ABSTAIN_TO_EXPRESSIBLE,ABSTAIN_TO_EXPRESSIBLE,PASS,True
"{""base_stage3a_state_version_id"":""state_version_77afdc68f572bfdcf0755132"",""cell_id"":""cell_fccd76a8459740ecc3617390"",""claim_type"":""OPERATIONAL_RESPONSE_ATTENTION"",""metric_name"":""RAI"",""source_kind"":""STATE_RAI"",""state_role"":""FORWARD_ATTENTION_CELL"",""valid_date"":""2023-10-21""}",bitemporal_version_ed8e9afbb74447bb21861af6,bitemporal_version_d7707807b70f7d97e9c192ab,True,UNCHANGED_ABSTAIN,UNCHANGED_ABSTAIN,PASS,True
"{""attribute_name"":""anomaly_level"",""base_stage3a_state_version_id"":""state_version_46a4460970527e79d886572a"",""cell_id"":""cell_8e31894debfd91db79f6b261"",""claim_type"":""FORECAST_GEOLOGICAL_CONDITION"",""source_evidence_id"":""doc_a1ca08b3f141763f45863a07_e0008"",""source_kind"":""GEOLOGICAL_EVIDENCE"",""state_role"":""DAILY_REVIEW_CELL"",""valid_date"":""2023-11-17""}",bitemporal_version_13b129363dc48ac52c9e3fbc,bitemporal_version_e2417f00941455d87efc2cf9,True,UNCHANGED_ABSTAIN,UNCHANGED_ABSTAIN,PASS,True
"{""attribute_name"":""anomaly_level"",""base_stage3a_state_version_id"":""state_version_46a4460970527e79d886572a"",""cell_id"":""cell_8e31894debfd91db79f6b261"",""claim_type"":""FORECAST_GEOLOGICAL_CONDITION"",""source_evidence_id"":""doc_d0afc25463d4776277ebb952_e0002"",""source_kind"":""GEOLOGICAL_EVIDENCE"",""state_role"":""DAILY_REVIEW_CELL"",""valid_date"":""2023-11-17""}",bitemporal_version_13b129363dc48ac52c9e3fbc,bitemporal_version_e2417f00941455d87efc2cf9,True,OPPORTUNITY_ADDED,OPPORTUNITY_ADDED,PASS,True
"{""attribute_name"":""geological_conclusion"",""base_stage3a_state_version_id"":""state_version_46a4460970527e79d886572a"",""cell_id"":""cell_8e31894debfd91db79f6b261"",""claim_type"":""FORECAST_GEOLOGICAL_CONDITION"",""source_evidence_id"":""doc_a1ca08b3f141763f45863a07_e0008"",""source_kind"":""GEOLOGICAL_EVIDENCE"",""state_role"":""DAILY_REVIEW_CELL"",""valid_date"":""2023-11-17""}",bitemporal_version_13b129363dc48ac52c9e3fbc,bitemporal_version_e2417f00941455d87efc2cf9,True,UNCHANGED_EXPRESSIBLE,UNCHANGED_EXPRESSIBLE,PASS,True
"{""attribute_name"":""geological_conclusion"",""base_stage3a_state_version_id"":""state_version_46a4460970527e79d886572a"",""cell_id"":""cell_8e31894debfd91db79f6b261"",""claim_type"":""FORECAST_GEOLOGICAL_CONDITION"",""source_evidence_id"":""doc_d0afc25463d4776277ebb952_e0002"",""source_kind"":""GEOLOGICAL_EVIDENCE"",""state_role"":""DAILY_REVIEW_CELL"",""valid_date"":""2023-11-17""}",bitemporal_version_13b129363dc48ac52c9e3fbc,bitemporal_version_e2417f00941455d87efc2cf9,True,OPPORTUNITY_ADDED,OPPORTUNITY_ADDED,PASS,True
"{""attribute_name"":""joint_development"",""base_stage3a_state_version_id"":""state_version_46a4460970527e79d886572a"",""cell_id"":""cell_8e31894debfd91db79f6b261"",""claim_type"":""FORECAST_GEOLOGICAL_CONDITION"",""source_evidence_id"":""doc_a1ca08b3f141763f45863a07_e0008"",""source_kind"":""GEOLOGICAL_EVIDENCE"",""state_role"":""DAILY_REVIEW_CELL"",""valid_date"":""2023-11-17""}",bitemporal_version_13b129363dc48ac52c9e3fbc,bitemporal_version_e2417f00941455d87efc2cf9,True,UNCHANGED_EXPRESSIBLE,UNCHANGED_EXPRESSIBLE,PASS,True
"{""attribute_name"":""joint_development"",""base_stage3a_state_version_id"":""state_version_46a4460970527e79d886572a"",""cell_id"":""cell_8e31894debfd91db79f6b261"",""claim_type"":""FORECAST_GEOLOGICAL_CONDITION"",""source_evidence_id"":""doc_d0afc25463d4776277ebb952_e0002"",""source_kind"":""GEOLOGICAL_EVIDENCE"",""state_role"":""DAILY_REVIEW_CELL"",""valid_date"":""2023-11-17""}",bitemporal_version_13b129363dc48ac52c9e3fbc,bitemporal_version_e2417f00941455d87efc2cf9,True,OPPORTUNITY_ADDED,OPPORTUNITY_ADDED,PASS,True
"{""attribute_name"":""lithology"",""base_stage3a_state_version_id"":""state_version_46a4460970527e79d886572a"",""cell_id"":""cell_8e31894debfd91db79f6b261"",""claim_type"":""FORECAST_GEOLOGICAL_CONDITION"",""source_evidence_id"":""doc_a1ca08b3f141763f45863a07_e0008"",""source_kind"":""GEOLOGICAL_EVIDENCE"",""state_role"":""DAILY_REVIEW_CELL"",""valid_date"":""2023-11-17""}",bitemporal_version_13b129363dc48ac52c9e3fbc,bitemporal_version_e2417f00941455d87efc2cf9,True,UNCHANGED_EXPRESSIBLE,UNCHANGED_EXPRESSIBLE,PASS,True
"{""attribute_name"":""lithology"",""base_stage3a_state_version_id"":""state_version_46a4460970527e79d886572a"",""cell_id"":""cell_8e31894debfd91db79f6b261"",""claim_type"":""FORECAST_GEOLOGICAL_CONDITION"",""source_evidence_id"":""doc_d0afc25463d4776277ebb952_e0002"",""source_kind"":""GEOLOGICAL_EVIDENCE"",""state_role"":""DAILY_REVIEW_CELL"",""valid_date"":""2023-11-17""}",bitemporal_version_13b129363dc48ac52c9e3fbc,bitemporal_version_e2417f00941455d87efc2cf9,True,OPPORTUNITY_ADDED,OPPORTUNITY_ADDED,PASS,True
"{""attribute_name"":""risk_hint"",""base_stage3a_state_version_id"":""state_version_46a4460970527e79d886572a"",""cell_id"":""cell_8e31894debfd91db79f6b261"",""claim_type"":""FORECAST_GEOLOGICAL_CONDITION"",""source_evidence_id"":""doc_a1ca08b3f141763f45863a07_e0008"",""source_kind"":""GEOLOGICAL_EVIDENCE"",""state_role"":""DAILY_REVIEW_CELL"",""valid_date"":""2023-11-17""}",bitemporal_version_13b129363dc48ac52c9e3fbc,bitemporal_version_e2417f00941455d87efc2cf9,True,UNCHANGED_ABSTAIN,UNCHANGED_ABSTAIN,PASS,True
"{""attribute_name"":""risk_hint"",""base_stage3a_state_version_id"":""state_version_46a4460970527e79d886572a"",""cell_id"":""cell_8e31894debfd91db79f6b261"",""claim_type"":""FORECAST_GEOLOGICAL_CONDITION"",""source_evidence_id"":""doc_d0afc25463d4776277ebb952_e0002"",""source_kind"":""GEOLOGICAL_EVIDENCE"",""state_role"":""DAILY_REVIEW_CELL"",""valid_date"":""2023-11-17""}",bitemporal_version_13b129363dc48ac52c9e3fbc,bitemporal_version_e2417f00941455d87efc2cf9,True,OPPORTUNITY_ADDED,OPPORTUNITY_ADDED,PASS,True
"{""attribute_name"":""rock_mass_state"",""base_stage3a_state_version_id"":""state_version_46a4460970527e79d886572a"",""cell_id"":""cell_8e31894debfd91db79f6b261"",""claim_type"":""FORECAST_GEOLOGICAL_CONDITION"",""source_evidence_id"":""doc_a1ca08b3f141763f45863a07_e0008"",""source_kind"":""GEOLOGICAL_EVIDENCE"",""state_role"":""DAILY_REVIEW_CELL"",""valid_date"":""2023-11-17""}",bitemporal_version_13b129363dc48ac52c9e3fbc,bitemporal_version_e2417f00941455d87efc2cf9,True,UNCHANGED_EXPRESSIBLE,UNCHANGED_EXPRESSIBLE,PASS,True
"{""attribute_name"":""rock_mass_state"",""base_stage3a_state_version_id"":""state_version_46a4460970527e79d886572a"",""cell_id"":""cell_8e31894debfd91db79f6b261"",""claim_type"":""FORECAST_GEOLOGICAL_CONDITION"",""source_evidence_id"":""doc_d0afc25463d4776277ebb952_e0002"",""source_kind"":""GEOLOGICAL_EVIDENCE"",""state_role"":""DAILY_REVIEW_CELL"",""valid_date"":""2023-11-17""}",bitemporal_version_13b129363dc48ac52c9e3fbc,bitemporal_version_e2417f00941455d87efc2cf9,True,OPPORTUNITY_ADDED,OPPORTUNITY_ADDED,PASS,True
"{""attribute_name"":""suggested_grade"",""base_stage3a_state_version_id"":""state_version_46a4460970527e79d886572a"",""cell_id"":""cell_8e31894debfd91db79f6b261"",""claim_type"":""FORECAST_GEOLOGICAL_CONDITION"",""source_evidence_id"":""doc_a1ca08b3f141763f45863a07_e0008"",""source_kind"":""GEOLOGICAL_EVIDENCE"",""state_role"":""DAILY_REVIEW_CELL"",""valid_date"":""2023-11-17""}",bitemporal_version_13b129363dc48ac52c9e3fbc,bitemporal_version_e2417f00941455d87efc2cf9,True,UNCHANGED_EXPRESSIBLE,UNCHANGED_EXPRESSIBLE,PASS,True
"{""attribute_name"":""suggested_grade"",""base_stage3a_state_version_id"":""state_version_46a4460970527e79d886572a"",""cell_id"":""cell_8e31894debfd91db79f6b261"",""claim_type"":""FORECAST_GEOLOGICAL_CONDITION"",""source_evidence_id"":""doc_d0afc25463d4776277ebb952_e0002"",""source_kind"":""GEOLOGICAL_EVIDENCE"",""state_role"":""DAILY_REVIEW_CELL"",""valid_date"":""2023-11-17""}",bitemporal_version_13b129363dc48ac52c9e3fbc,bitemporal_version_e2417f00941455d87efc2cf9,True,OPPORTUNITY_ADDED,OPPORTUNITY_ADDED,PASS,True
"{""attribute_name"":""weathering"",""base_stage3a_state_version_id"":""state_version_46a4460970527e79d886572a"",""cell_id"":""cell_8e31894debfd91db79f6b261"",""claim_type"":""FORECAST_GEOLOGICAL_CONDITION"",""source_evidence_id"":""doc_a1ca08b3f141763f45863a07_e0008"",""source_kind"":""GEOLOGICAL_EVIDENCE"",""state_role"":""DAILY_REVIEW_CELL"",""valid_date"":""2023-11-17""}",bitemporal_version_13b129363dc48ac52c9e3fbc,bitemporal_version_e2417f00941455d87efc2cf9,True,UNCHANGED_EXPRESSIBLE,UNCHANGED_EXPRESSIBLE,PASS,True
"{""attribute_name"":""weathering"",""base_stage3a_state_version_id"":""state_version_46a4460970527e79d886572a"",""cell_id"":""cell_8e31894debfd91db79f6b261"",""claim_type"":""FORECAST_GEOLOGICAL_CONDITION"",""source_evidence_id"":""doc_d0afc25463d4776277ebb952_e0002"",""source_kind"":""GEOLOGICAL_EVIDENCE"",""state_role"":""DAILY_REVIEW_CELL"",""valid_date"":""2023-11-17""}",bitemporal_version_13b129363dc48ac52c9e3fbc,bitemporal_version_e2417f00941455d87efc2cf9,True,OPPORTUNITY_ADDED,OPPORTUNITY_ADDED,PASS,True
"{""base_stage3a_state_version_id"":""state_version_46a4460970527e79d886572a"",""cell_id"":""cell_8e31894debfd91db79f6b261"",""claim_type"":""COUPLED_ATTENTION_REVIEW"",""metric_name"":""GRCI"",""source_kind"":""STATE_GRCI"",""state_role"":""DAILY_REVIEW_CELL"",""valid_date"":""2023-11-17""}",bitemporal_version_13b129363dc48ac52c9e3fbc,bitemporal_version_e2417f00941455d87efc2cf9,True,RESOLVED_SUPPORT_CHANGED,RESOLVED_SUPPORT_CHANGED,PASS,True
"{""base_stage3a_state_version_id"":""state_version_46a4460970527e79d886572a"",""cell_id"":""cell_8e31894debfd91db79f6b261"",""claim_type"":""GEOLOGICAL_EVIDENCE_ATTENTION_REVIEW"",""metric_name"":""GRS"",""source_kind"":""STATE_GRS"",""state_role"":""DAILY_REVIEW_CELL"",""valid_date"":""2023-11-17""}",bitemporal_version_13b129363dc48ac52c9e3fbc,bitemporal_version_e2417f00941455d87efc2cf9,True,RESOLVED_SUPPORT_CHANGED,RESOLVED_SUPPORT_CHANGED,PASS,True
"{""base_stage3a_state_version_id"":""state_version_46a4460970527e79d886572a"",""cell_id"":""cell_8e31894debfd91db79f6b261"",""claim_type"":""OPERATIONAL_RESPONSE_ATTENTION"",""metric_name"":""RAI"",""source_kind"":""STATE_RAI"",""state_role"":""DAILY_REVIEW_CELL"",""valid_date"":""2023-11-17""}",bitemporal_version_13b129363dc48ac52c9e3fbc,bitemporal_version_e2417f00941455d87efc2cf9,True,UNCHANGED_EXPRESSIBLE,UNCHANGED_EXPRESSIBLE,PASS,True
"{""attribute_name"":""anomaly_level"",""base_stage3a_state_version_id"":""state_version_be35b4524db89cec6e06598e"",""cell_id"":""cell_9014e249e35a590ee949d882"",""claim_type"":""FORECAST_GEOLOGICAL_CONDITION"",""source_evidence_id"":""doc_6af39821d5a37fd21b28de70_e0006"",""source_kind"":""GEOLOGICAL_EVIDENCE"",""state_role"":""FORWARD_ATTENTION_CELL"",""valid_date"":""2023-10-18""}",bitemporal_version_9adaa74c6a635ae61bd8f4ae,bitemporal_version_f683b053f43f042eff224de6,True,UNCHANGED_ABSTAIN,UNCHANGED_ABSTAIN,PASS,True
"{""attribute_name"":""anomaly_level"",""base_stage3a_state_version_id"":""state_version_be35b4524db89cec6e06598e"",""cell_id"":""cell_9014e249e35a590ee949d882"",""claim_type"":""FORECAST_GEOLOGICAL_CONDITION"",""source_evidence_id"":""doc_ce88b5055d612f9f8fb8012e_e0002"",""source_kind"":""GEOLOGICAL_EVIDENCE"",""state_role"":""FORWARD_ATTENTION_CELL"",""valid_date"":""2023-10-18""}",bitemporal_version_9adaa74c6a635ae61bd8f4ae,bitemporal_version_f683b053f43f042eff224de6,True,OPPORTUNITY_ADDED,OPPORTUNITY_ADDED,PASS,True
"{""attribute_name"":""geological_conclusion"",""base_stage3a_state_version_id"":""state_version_be35b4524db89cec6e06598e"",""cell_id"":""cell_9014e249e35a590ee949d882"",""claim_type"":""FORECAST_GEOLOGICAL_CONDITION"",""source_evidence_id"":""doc_6af39821d5a37fd21b28de70_e0006"",""source_kind"":""GEOLOGICAL_EVIDENCE"",""state_role"":""FORWARD_ATTENTION_CELL"",""valid_date"":""2023-10-18""}",bitemporal_version_9adaa74c6a635ae61bd8f4ae,bitemporal_version_f683b053f43f042eff224de6,True,UNCHANGED_EXPRESSIBLE,UNCHANGED_EXPRESSIBLE,PASS,True
"{""attribute_name"":""geological_conclusion"",""base_stage3a_state_version_id"":""state_version_be35b4524db89cec6e06598e"",""cell_id"":""cell_9014e249e35a590ee949d882"",""claim_type"":""FORECAST_GEOLOGICAL_CONDITION"",""source_evidence_id"":""doc_ce88b5055d612f9f8fb8012e_e0002"",""source_kind"":""GEOLOGICAL_EVIDENCE"",""state_role"":""FORWARD_ATTENTION_CELL"",""valid_date"":""2023-10-18""}",bitemporal_version_9adaa74c6a635ae61bd8f4ae,bitemporal_version_f683b053f43f042eff224de6,True,OPPORTUNITY_ADDED,OPPORTUNITY_ADDED,PASS,True
"{""attribute_name"":""joint_development"",""base_stage3a_state_version_id"":""state_version_be35b4524db89cec6e06598e"",""cell_id"":""cell_9014e249e35a590ee949d882"",""claim_type"":""FORECAST_GEOLOGICAL_CONDITION"",""source_evidence_id"":""doc_6af39821d5a37fd21b28de70_e0006"",""source_kind"":""GEOLOGICAL_EVIDENCE"",""state_role"":""FORWARD_ATTENTION_CELL"",""valid_date"":""2023-10-18""}",bitemporal_version_9adaa74c6a635ae61bd8f4ae,bitemporal_version_f683b053f43f042eff224de6,True,UNCHANGED_EXPRESSIBLE,UNCHANGED_EXPRESSIBLE,PASS,True
"{""attribute_name"":""joint_development"",""base_stage3a_state_version_id"":""state_version_be35b4524db89cec6e06598e"",""cell_id"":""cell_9014e249e35a590ee949d882"",""claim_type"":""FORECAST_GEOLOGICAL_CONDITION"",""source_evidence_id"":""doc_ce88b5055d612f9f8fb8012e_e0002"",""source_kind"":""GEOLOGICAL_EVIDENCE"",""state_role"":""FORWARD_ATTENTION_CELL"",""valid_date"":""2023-10-18""}",bitemporal_version_9adaa74c6a635ae61bd8f4ae,bitemporal_version_f683b053f43f042eff224de6,True,OPPORTUNITY_ADDED,OPPORTUNITY_ADDED,PASS,True
"{""attribute_name"":""lithology"",""base_stage3a_state_version_id"":""state_version_be35b4524db89cec6e06598e"",""cell_id"":""cell_9014e249e35a590ee949d882"",""claim_type"":""FORECAST_GEOLOGICAL_CONDITION"",""source_evidence_id"":""doc_6af39821d5a37fd21b28de70_e0006"",""source_kind"":""GEOLOGICAL_EVIDENCE"",""state_role"":""FORWARD_ATTENTION_CELL"",""valid_date"":""2023-10-18""}",bitemporal_version_9adaa74c6a635ae61bd8f4ae,bitemporal_version_f683b053f43f042eff224de6,True,UNCHANGED_EXPRESSIBLE,UNCHANGED_EXPRESSIBLE,PASS,True
"{""attribute_name"":""lithology"",""base_stage3a_state_version_id"":""state_version_be35b4524db89cec6e06598e"",""cell_id"":""cell_9014e249e35a590ee949d882"",""claim_type"":""FORECAST_GEOLOGICAL_CONDITION"",""source_evidence_id"":""doc_ce88b5055d612f9f8fb8012e_e0002"",""source_kind"":""GEOLOGICAL_EVIDENCE"",""state_role"":""FORWARD_ATTENTION_CELL"",""valid_date"":""2023-10-18""}",bitemporal_version_9adaa74c6a635ae61bd8f4ae,bitemporal_version_f683b053f43f042eff224de6,True,OPPORTUNITY_ADDED,OPPORTUNITY_ADDED,PASS,True
"{""attribute_name"":""risk_hint"",""base_stage3a_state_version_id"":""state_version_be35b4524db89cec6e06598e"",""cell_id"":""cell_9014e249e35a590ee949d882"",""claim_type"":""FORECAST_GEOLOGICAL_CONDITION"",""source_evidence_id"":""doc_6af39821d5a37fd21b28de70_e0006"",""source_kind"":""GEOLOGICAL_EVIDENCE"",""state_role"":""FORWARD_ATTENTION_CELL"",""valid_date"":""2023-10-18""}",bitemporal_version_9adaa74c6a635ae61bd8f4ae,bitemporal_version_f683b053f43f042eff224de6,True,UNCHANGED_ABSTAIN,UNCHANGED_ABSTAIN,PASS,True
"{""attribute_name"":""risk_hint"",""base_stage3a_state_version_id"":""state_version_be35b4524db89cec6e06598e"",""cell_id"":""cell_9014e249e35a590ee949d882"",""claim_type"":""FORECAST_GEOLOGICAL_CONDITION"",""source_evidence_id"":""doc_ce88b5055d612f9f8fb8012e_e0002"",""source_kind"":""GEOLOGICAL_EVIDENCE"",""state_role"":""FORWARD_ATTENTION_CELL"",""valid_date"":""2023-10-18""}",bitemporal_version_9adaa74c6a635ae61bd8f4ae,bitemporal_version_f683b053f43f042eff224de6,True,OPPORTUNITY_ADDED,OPPORTUNITY_ADDED,PASS,True
"{""attribute_name"":""rock_mass_state"",""base_stage3a_state_version_id"":""state_version_be35b4524db89cec6e06598e"",""cell_id"":""cell_9014e249e35a590ee949d882"",""claim_type"":""FORECAST_GEOLOGICAL_CONDITION"",""source_evidence_id"":""doc_6af39821d5a37fd21b28de70_e0006"",""source_kind"":""GEOLOGICAL_EVIDENCE"",""state_role"":""FORWARD_ATTENTION_CELL"",""valid_date"":""2023-10-18""}",bitemporal_version_9adaa74c6a635ae61bd8f4ae,bitemporal_version_f683b053f43f042eff224de6,True,UNCHANGED_EXPRESSIBLE,UNCHANGED_EXPRESSIBLE,PASS,True
"{""attribute_name"":""rock_mass_state"",""base_stage3a_state_version_id"":""state_version_be35b4524db89cec6e06598e"",""cell_id"":""cell_9014e249e35a590ee949d882"",""claim_type"":""FORECAST_GEOLOGICAL_CONDITION"",""source_evidence_id"":""doc_ce88b5055d612f9f8fb8012e_e0002"",""source_kind"":""GEOLOGICAL_EVIDENCE"",""state_role"":""FORWARD_ATTENTION_CELL"",""valid_date"":""2023-10-18""}",bitemporal_version_9adaa74c6a635ae61bd8f4ae,bitemporal_version_f683b053f43f042eff224de6,True,OPPORTUNITY_ADDED,OPPORTUNITY_ADDED,PASS,True
"{""attribute_name"":""suggested_grade"",""base_stage3a_state_version_id"":""state_version_be35b4524db89cec6e06598e"",""cell_id"":""cell_9014e249e35a590ee949d882"",""claim_type"":""FORECAST_GEOLOGICAL_CONDITION"",""source_evidence_id"":""doc_6af39821d5a37fd21b28de70_e0006"",""source_kind"":""GEOLOGICAL_EVIDENCE"",""state_role"":""FORWARD_ATTENTION_CELL"",""valid_date"":""2023-10-18""}",bitemporal_version_9adaa74c6a635ae61bd8f4ae,bitemporal_version_f683b053f43f042eff224de6,True,UNCHANGED_EXPRESSIBLE,UNCHANGED_EXPRESSIBLE,PASS,True
"{""attribute_name"":""suggested_grade"",""base_stage3a_state_version_id"":""state_version_be35b4524db89cec6e06598e"",""cell_id"":""cell_9014e249e35a590ee949d882"",""claim_type"":""FORECAST_GEOLOGICAL_CONDITION"",""source_evidence_id"":""doc_ce88b5055d612f9f8fb8012e_e0002"",""source_kind"":""GEOLOGICAL_EVIDENCE"",""state_role"":""FORWARD_ATTENTION_CELL"",""valid_date"":""2023-10-18""}",bitemporal_version_9adaa74c6a635ae61bd8f4ae,bitemporal_version_f683b053f43f042eff224de6,True,OPPORTUNITY_ADDED,OPPORTUNITY_ADDED,PASS,True
"{""attribute_name"":""weathering"",""base_stage3a_state_version_id"":""state_version_be35b4524db89cec6e06598e"",""cell_id"":""cell_9014e249e35a590ee949d882"",""claim_type"":""FORECAST_GEOLOGICAL_CONDITION"",""source_evidence_id"":""doc_6af39821d5a37fd21b28de70_e0006"",""source_kind"":""GEOLOGICAL_EVIDENCE"",""state_role"":""FORWARD_ATTENTION_CELL"",""valid_date"":""2023-10-18""}",bitemporal_version_9adaa74c6a635ae61bd8f4ae,bitemporal_version_f683b053f43f042eff224de6,True,UNCHANGED_EXPRESSIBLE,UNCHANGED_EXPRESSIBLE,PASS,True
"{""attribute_name"":""weathering"",""base_stage3a_state_version_id"":""state_version_be35b4524db89cec6e06598e"",""cell_id"":""cell_9014e249e35a590ee949d882"",""claim_type"":""FORECAST_GEOLOGICAL_CONDITION"",""source_evidence_id"":""doc_ce88b5055d612f9f8fb8012e_e0002"",""source_kind"":""GEOLOGICAL_EVIDENCE"",""state_role"":""FORWARD_ATTENTION_CELL"",""valid_date"":""2023-10-18""}",bitemporal_version_9adaa74c6a635ae61bd8f4ae,bitemporal_version_f683b053f43f042eff224de6,True,OPPORTUNITY_ADDED,OPPORTUNITY_ADDED,PASS,True
"{""base_stage3a_state_version_id"":""state_version_be35b4524db89cec6e06598e"",""cell_id"":""cell_9014e249e35a590ee949d882"",""claim_type"":""FORWARD_GEOLOGICAL_ATTENTION"",""metric_name"":""GRS"",""source_kind"":""STATE_GRS"",""state_role"":""FORWARD_ATTENTION_CELL"",""valid_date"":""2023-10-18""}",bitemporal_version_9adaa74c6a635ae61bd8f4ae,bitemporal_version_f683b053f43f042eff224de6,True,CLAIM_VALUE_CHANGED,CLAIM_VALUE_CHANGED,PASS,True
"{""base_stage3a_state_version_id"":""state_version_be35b4524db89cec6e06598e"",""cell_id"":""cell_9014e249e35a590ee949d882"",""claim_type"":""OPERATIONAL_RESPONSE_ATTENTION"",""metric_name"":""RAI"",""source_kind"":""STATE_RAI"",""state_role"":""FORWARD_ATTENTION_CELL"",""valid_date"":""2023-10-18""}",bitemporal_version_9adaa74c6a635ae61bd8f4ae,bitemporal_version_f683b053f43f042eff224de6,True,UNCHANGED_ABSTAIN,UNCHANGED_ABSTAIN,PASS,True
"{""attribute_name"":""anomaly_level"",""base_stage3a_state_version_id"":""state_version_80b22724ada17d8f63af6a05"",""cell_id"":""cell_eb2c3c433c9ba2151c8c98b3"",""claim_type"":""FORECAST_GEOLOGICAL_CONDITION"",""source_evidence_id"":""doc_d0afc25463d4776277ebb952_e0002"",""source_kind"":""GEOLOGICAL_EVIDENCE"",""state_role"":""FORWARD_ATTENTION_CELL"",""valid_date"":""2023-11-17""}",bitemporal_version_02d28ec2df7c79a3dd141295,bitemporal_version_f7338f8e24ed5801bac6b24d,True,OPPORTUNITY_ADDED,OPPORTUNITY_ADDED,PASS,True
"{""attribute_name"":""geological_conclusion"",""base_stage3a_state_version_id"":""state_version_80b22724ada17d8f63af6a05"",""cell_id"":""cell_eb2c3c433c9ba2151c8c98b3"",""claim_type"":""FORECAST_GEOLOGICAL_CONDITION"",""source_evidence_id"":""doc_d0afc25463d4776277ebb952_e0002"",""source_kind"":""GEOLOGICAL_EVIDENCE"",""state_role"":""FORWARD_ATTENTION_CELL"",""valid_date"":""2023-11-17""}",bitemporal_version_02d28ec2df7c79a3dd141295,bitemporal_version_f7338f8e24ed5801bac6b24d,True,OPPORTUNITY_ADDED,OPPORTUNITY_ADDED,PASS,True
"{""attribute_name"":""joint_development"",""base_stage3a_state_version_id"":""state_version_80b22724ada17d8f63af6a05"",""cell_id"":""cell_eb2c3c433c9ba2151c8c98b3"",""claim_type"":""FORECAST_GEOLOGICAL_CONDITION"",""source_evidence_id"":""doc_d0afc25463d4776277ebb952_e0002"",""source_kind"":""GEOLOGICAL_EVIDENCE"",""state_role"":""FORWARD_ATTENTION_CELL"",""valid_date"":""2023-11-17""}",bitemporal_version_02d28ec2df7c79a3dd141295,bitemporal_version_f7338f8e24ed5801bac6b24d,True,OPPORTUNITY_ADDED,OPPORTUNITY_ADDED,PASS,True
"{""attribute_name"":""lithology"",""base_stage3a_state_version_id"":""state_version_80b22724ada17d8f63af6a05"",""cell_id"":""cell_eb2c3c433c9ba2151c8c98b3"",""claim_type"":""FORECAST_GEOLOGICAL_CONDITION"",""source_evidence_id"":""doc_d0afc25463d4776277ebb952_e0002"",""source_kind"":""GEOLOGICAL_EVIDENCE"",""state_role"":""FORWARD_ATTENTION_CELL"",""valid_date"":""2023-11-17""}",bitemporal_version_02d28ec2df7c79a3dd141295,bitemporal_version_f7338f8e24ed5801bac6b24d,True,OPPORTUNITY_ADDED,OPPORTUNITY_ADDED,PASS,True
"{""attribute_name"":""risk_hint"",""base_stage3a_state_version_id"":""state_version_80b22724ada17d8f63af6a05"",""cell_id"":""cell_eb2c3c433c9ba2151c8c98b3"",""claim_type"":""FORECAST_GEOLOGICAL_CONDITION"",""source_evidence_id"":""doc_d0afc25463d4776277ebb952_e0002"",""source_kind"":""GEOLOGICAL_EVIDENCE"",""state_role"":""FORWARD_ATTENTION_CELL"",""valid_date"":""2023-11-17""}",bitemporal_version_02d28ec2df7c79a3dd141295,bitemporal_version_f7338f8e24ed5801bac6b24d,True,OPPORTUNITY_ADDED,OPPORTUNITY_ADDED,PASS,True
"{""attribute_name"":""rock_mass_state"",""base_stage3a_state_version_id"":""state_version_80b22724ada17d8f63af6a05"",""cell_id"":""cell_eb2c3c433c9ba2151c8c98b3"",""claim_type"":""FORECAST_GEOLOGICAL_CONDITION"",""source_evidence_id"":""doc_d0afc25463d4776277ebb952_e0002"",""source_kind"":""GEOLOGICAL_EVIDENCE"",""state_role"":""FORWARD_ATTENTION_CELL"",""valid_date"":""2023-11-17""}",bitemporal_version_02d28ec2df7c79a3dd141295,bitemporal_version_f7338f8e24ed5801bac6b24d,True,OPPORTUNITY_ADDED,OPPORTUNITY_ADDED,PASS,True
"{""attribute_name"":""suggested_grade"",""base_stage3a_state_version_id"":""state_version_80b22724ada17d8f63af6a05"",""cell_id"":""cell_eb2c3c433c9ba2151c8c98b3"",""claim_type"":""FORECAST_GEOLOGICAL_CONDITION"",""source_evidence_id"":""doc_d0afc25463d4776277ebb952_e0002"",""source_kind"":""GEOLOGICAL_EVIDENCE"",""state_role"":""FORWARD_ATTENTION_CELL"",""valid_date"":""2023-11-17""}",bitemporal_version_02d28ec2df7c79a3dd141295,bitemporal_version_f7338f8e24ed5801bac6b24d,True,OPPORTUNITY_ADDED,OPPORTUNITY_ADDED,PASS,True
"{""attribute_name"":""weathering"",""base_stage3a_state_version_id"":""state_version_80b22724ada17d8f63af6a05"",""cell_id"":""cell_eb2c3c433c9ba2151c8c98b3"",""claim_type"":""FORECAST_GEOLOGICAL_CONDITION"",""source_evidence_id"":""doc_d0afc25463d4776277ebb952_e0002"",""source_kind"":""GEOLOGICAL_EVIDENCE"",""state_role"":""FORWARD_ATTENTION_CELL"",""valid_date"":""2023-11-17""}",bitemporal_version_02d28ec2df7c79a3dd141295,bitemporal_version_f7338f8e24ed5801bac6b24d,True,OPPORTUNITY_ADDED,OPPORTUNITY_ADDED,PASS,True
"{""base_stage3a_state_version_id"":""state_version_80b22724ada17d8f63af6a05"",""cell_id"":""cell_eb2c3c433c9ba2151c8c98b3"",""claim_type"":""FORWARD_GEOLOGICAL_ATTENTION"",""metric_name"":""GRS"",""source_kind"":""STATE_GRS"",""state_role"":""FORWARD_ATTENTION_CELL"",""valid_date"":""2023-11-17""}",bitemporal_version_02d28ec2df7c79a3dd141295,bitemporal_version_f7338f8e24ed5801bac6b24d,True,ABSTAIN_TO_EXPRESSIBLE,ABSTAIN_TO_EXPRESSIBLE,PASS,True
"{""base_stage3a_state_version_id"":""state_version_80b22724ada17d8f63af6a05"",""cell_id"":""cell_eb2c3c433c9ba2151c8c98b3"",""claim_type"":""OPERATIONAL_RESPONSE_ATTENTION"",""metric_name"":""RAI"",""source_kind"":""STATE_RAI"",""state_role"":""FORWARD_ATTENTION_CELL"",""valid_date"":""2023-11-17""}",bitemporal_version_02d28ec2df7c79a3dd141295,bitemporal_version_f7338f8e24ed5801bac6b24d,True,UNCHANGED_ABSTAIN,UNCHANGED_ABSTAIN,PASS,True
"{""attribute_name"":""anomaly_level"",""base_stage3a_state_version_id"":""state_version_af9c343e43173261f4fab1ad"",""cell_id"":""cell_e05c5d458652315d2804569f"",""claim_type"":""FORECAST_GEOLOGICAL_CONDITION"",""source_evidence_id"":""doc_1bccaf9b3397c0d25601b19d_e0006"",""source_kind"":""GEOLOGICAL_EVIDENCE"",""state_role"":""FORWARD_ATTENTION_CELL"",""valid_date"":""2023-12-02""}",bitemporal_version_756f32585cdad159d2242070,bitemporal_version_f8cd633f7f9c36e1900da6e8,True,UNCHANGED_ABSTAIN,UNCHANGED_ABSTAIN,PASS,True
"{""attribute_name"":""anomaly_level"",""base_stage3a_state_version_id"":""state_version_af9c343e43173261f4fab1ad"",""cell_id"":""cell_e05c5d458652315d2804569f"",""claim_type"":""FORECAST_GEOLOGICAL_CONDITION"",""source_evidence_id"":""doc_c19c0e4b52882f445108f4a0_e0002"",""source_kind"":""GEOLOGICAL_EVIDENCE"",""state_role"":""FORWARD_ATTENTION_CELL"",""valid_date"":""2023-12-02""}",bitemporal_version_756f32585cdad159d2242070,bitemporal_version_f8cd633f7f9c36e1900da6e8,True,OPPORTUNITY_ADDED,OPPORTUNITY_ADDED,PASS,True
"{""attribute_name"":""geological_conclusion"",""base_stage3a_state_version_id"":""state_version_af9c343e43173261f4fab1ad"",""cell_id"":""cell_e05c5d458652315d2804569f"",""claim_type"":""FORECAST_GEOLOGICAL_CONDITION"",""source_evidence_id"":""doc_1bccaf9b3397c0d25601b19d_e0006"",""source_kind"":""GEOLOGICAL_EVIDENCE"",""state_role"":""FORWARD_ATTENTION_CELL"",""valid_date"":""2023-12-02""}",bitemporal_version_756f32585cdad159d2242070,bitemporal_version_f8cd633f7f9c36e1900da6e8,True,UNCHANGED_EXPRESSIBLE,UNCHANGED_EXPRESSIBLE,PASS,True
"{""attribute_name"":""geological_conclusion"",""base_stage3a_state_version_id"":""state_version_af9c343e43173261f4fab1ad"",""cell_id"":""cell_e05c5d458652315d2804569f"",""claim_type"":""FORECAST_GEOLOGICAL_CONDITION"",""source_evidence_id"":""doc_c19c0e4b52882f445108f4a0_e0002"",""source_kind"":""GEOLOGICAL_EVIDENCE"",""state_role"":""FORWARD_ATTENTION_CELL"",""valid_date"":""2023-12-02""}",bitemporal_version_756f32585cdad159d2242070,bitemporal_version_f8cd633f7f9c36e1900da6e8,True,OPPORTUNITY_ADDED,OPPORTUNITY_ADDED,PASS,True
"{""attribute_name"":""joint_development"",""base_stage3a_state_version_id"":""state_version_af9c343e43173261f4fab1ad"",""cell_id"":""cell_e05c5d458652315d2804569f"",""claim_type"":""FORECAST_GEOLOGICAL_CONDITION"",""source_evidence_id"":""doc_1bccaf9b3397c0d25601b19d_e0006"",""source_kind"":""GEOLOGICAL_EVIDENCE"",""state_role"":""FORWARD_ATTENTION_CELL"",""valid_date"":""2023-12-02""}",bitemporal_version_756f32585cdad159d2242070,bitemporal_version_f8cd633f7f9c36e1900da6e8,True,UNCHANGED_EXPRESSIBLE,UNCHANGED_EXPRESSIBLE,PASS,True
"{""attribute_name"":""joint_development"",""base_stage3a_state_version_id"":""state_version_af9c343e43173261f4fab1ad"",""cell_id"":""cell_e05c5d458652315d2804569f"",""claim_type"":""FORECAST_GEOLOGICAL_CONDITION"",""source_evidence_id"":""doc_c19c0e4b52882f445108f4a0_e0002"",""source_kind"":""GEOLOGICAL_EVIDENCE"",""state_role"":""FORWARD_ATTENTION_CELL"",""valid_date"":""2023-12-02""}",bitemporal_version_756f32585cdad159d2242070,bitemporal_version_f8cd633f7f9c36e1900da6e8,True,OPPORTUNITY_ADDED,OPPORTUNITY_ADDED,PASS,True
"{""attribute_name"":""lithology"",""base_stage3a_state_version_id"":""state_version_af9c343e43173261f4fab1ad"",""cell_id"":""cell_e05c5d458652315d2804569f"",""claim_type"":""FORECAST_GEOLOGICAL_CONDITION"",""source_evidence_id"":""doc_1bccaf9b3397c0d25601b19d_e0006"",""source_kind"":""GEOLOGICAL_EVIDENCE"",""state_role"":""FORWARD_ATTENTION_CELL"",""valid_date"":""2023-12-02""}",bitemporal_version_756f32585cdad159d2242070,bitemporal_version_f8cd633f7f9c36e1900da6e8,True,UNCHANGED_EXPRESSIBLE,UNCHANGED_EXPRESSIBLE,PASS,True
"{""attribute_name"":""lithology"",""base_stage3a_state_version_id"":""state_version_af9c343e43173261f4fab1ad"",""cell_id"":""cell_e05c5d458652315d2804569f"",""claim_type"":""FORECAST_GEOLOGICAL_CONDITION"",""source_evidence_id"":""doc_c19c0e4b52882f445108f4a0_e0002"",""source_kind"":""GEOLOGICAL_EVIDENCE"",""state_role"":""FORWARD_ATTENTION_CELL"",""valid_date"":""2023-12-02""}",bitemporal_version_756f32585cdad159d2242070,bitemporal_version_f8cd633f7f9c36e1900da6e8,True,OPPORTUNITY_ADDED,OPPORTUNITY_ADDED,PASS,True
"{""attribute_name"":""risk_hint"",""base_stage3a_state_version_id"":""state_version_af9c343e43173261f4fab1ad"",""cell_id"":""cell_e05c5d458652315d2804569f"",""claim_type"":""FORECAST_GEOLOGICAL_CONDITION"",""source_evidence_id"":""doc_1bccaf9b3397c0d25601b19d_e0006"",""source_kind"":""GEOLOGICAL_EVIDENCE"",""state_role"":""FORWARD_ATTENTION_CELL"",""valid_date"":""2023-12-02""}",bitemporal_version_756f32585cdad159d2242070,bitemporal_version_f8cd633f7f9c36e1900da6e8,True,UNCHANGED_ABSTAIN,UNCHANGED_ABSTAIN,PASS,True
"{""attribute_name"":""risk_hint"",""base_stage3a_state_version_id"":""state_version_af9c343e43173261f4fab1ad"",""cell_id"":""cell_e05c5d458652315d2804569f"",""claim_type"":""FORECAST_GEOLOGICAL_CONDITION"",""source_evidence_id"":""doc_c19c0e4b52882f445108f4a0_e0002"",""source_kind"":""GEOLOGICAL_EVIDENCE"",""state_role"":""FORWARD_ATTENTION_CELL"",""valid_date"":""2023-12-02""}",bitemporal_version_756f32585cdad159d2242070,bitemporal_version_f8cd633f7f9c36e1900da6e8,True,OPPORTUNITY_ADDED,OPPORTUNITY_ADDED,PASS,True
"{""attribute_name"":""rock_mass_state"",""base_stage3a_state_version_id"":""state_version_af9c343e43173261f4fab1ad"",""cell_id"":""cell_e05c5d458652315d2804569f"",""claim_type"":""FORECAST_GEOLOGICAL_CONDITION"",""source_evidence_id"":""doc_1bccaf9b3397c0d25601b19d_e0006"",""source_kind"":""GEOLOGICAL_EVIDENCE"",""state_role"":""FORWARD_ATTENTION_CELL"",""valid_date"":""2023-12-02""}",bitemporal_version_756f32585cdad159d2242070,bitemporal_version_f8cd633f7f9c36e1900da6e8,True,UNCHANGED_EXPRESSIBLE,UNCHANGED_EXPRESSIBLE,PASS,True
"{""attribute_name"":""rock_mass_state"",""base_stage3a_state_version_id"":""state_version_af9c343e43173261f4fab1ad"",""cell_id"":""cell_e05c5d458652315d2804569f"",""claim_type"":""FORECAST_GEOLOGICAL_CONDITION"",""source_evidence_id"":""doc_c19c0e4b52882f445108f4a0_e0002"",""source_kind"":""GEOLOGICAL_EVIDENCE"",""state_role"":""FORWARD_ATTENTION_CELL"",""valid_date"":""2023-12-02""}",bitemporal_version_756f32585cdad159d2242070,bitemporal_version_f8cd633f7f9c36e1900da6e8,True,OPPORTUNITY_ADDED,OPPORTUNITY_ADDED,PASS,True
"{""attribute_name"":""suggested_grade"",""base_stage3a_state_version_id"":""state_version_af9c343e43173261f4fab1ad"",""cell_id"":""cell_e05c5d458652315d2804569f"",""claim_type"":""FORECAST_GEOLOGICAL_CONDITION"",""source_evidence_id"":""doc_1bccaf9b3397c0d25601b19d_e0006"",""source_kind"":""GEOLOGICAL_EVIDENCE"",""state_role"":""FORWARD_ATTENTION_CELL"",""valid_date"":""2023-12-02""}",bitemporal_version_756f32585cdad159d2242070,bitemporal_version_f8cd633f7f9c36e1900da6e8,True,UNCHANGED_EXPRESSIBLE,UNCHANGED_EXPRESSIBLE,PASS,True
"{""attribute_name"":""suggested_grade"",""base_stage3a_state_version_id"":""state_version_af9c343e43173261f4fab1ad"",""cell_id"":""cell_e05c5d458652315d2804569f"",""claim_type"":""FORECAST_GEOLOGICAL_CONDITION"",""source_evidence_id"":""doc_c19c0e4b52882f445108f4a0_e0002"",""source_kind"":""GEOLOGICAL_EVIDENCE"",""state_role"":""FORWARD_ATTENTION_CELL"",""valid_date"":""2023-12-02""}",bitemporal_version_756f32585cdad159d2242070,bitemporal_version_f8cd633f7f9c36e1900da6e8,True,OPPORTUNITY_ADDED,OPPORTUNITY_ADDED,PASS,True
"{""attribute_name"":""weathering"",""base_stage3a_state_version_id"":""state_version_af9c343e43173261f4fab1ad"",""cell_id"":""cell_e05c5d458652315d2804569f"",""claim_type"":""FORECAST_GEOLOGICAL_CONDITION"",""source_evidence_id"":""doc_1bccaf9b3397c0d25601b19d_e0006"",""source_kind"":""GEOLOGICAL_EVIDENCE"",""state_role"":""FORWARD_ATTENTION_CELL"",""valid_date"":""2023-12-02""}",bitemporal_version_756f32585cdad159d2242070,bitemporal_version_f8cd633f7f9c36e1900da6e8,True,UNCHANGED_EXPRESSIBLE,UNCHANGED_EXPRESSIBLE,PASS,True
"{""attribute_name"":""weathering"",""base_stage3a_state_version_id"":""state_version_af9c343e43173261f4fab1ad"",""cell_id"":""cell_e05c5d458652315d2804569f"",""claim_type"":""FORECAST_GEOLOGICAL_CONDITION"",""source_evidence_id"":""doc_c19c0e4b52882f445108f4a0_e0002"",""source_kind"":""GEOLOGICAL_EVIDENCE"",""state_role"":""FORWARD_ATTENTION_CELL"",""valid_date"":""2023-12-02""}",bitemporal_version_756f32585cdad159d2242070,bitemporal_version_f8cd633f7f9c36e1900da6e8,True,OPPORTUNITY_ADDED,OPPORTUNITY_ADDED,PASS,True
"{""base_stage3a_state_version_id"":""state_version_af9c343e43173261f4fab1ad"",""cell_id"":""cell_e05c5d458652315d2804569f"",""claim_type"":""FORWARD_GEOLOGICAL_ATTENTION"",""metric_name"":""GRS"",""source_kind"":""STATE_GRS"",""state_role"":""FORWARD_ATTENTION_CELL"",""valid_date"":""2023-12-02""}",bitemporal_version_756f32585cdad159d2242070,bitemporal_version_f8cd633f7f9c36e1900da6e8,True,RESOLVED_SUPPORT_CHANGED,RESOLVED_SUPPORT_CHANGED,PASS,True
"{""base_stage3a_state_version_id"":""state_version_af9c343e43173261f4fab1ad"",""cell_id"":""cell_e05c5d458652315d2804569f"",""claim_type"":""OPERATIONAL_RESPONSE_ATTENTION"",""metric_name"":""RAI"",""source_kind"":""STATE_RAI"",""state_role"":""FORWARD_ATTENTION_CELL"",""valid_date"":""2023-12-02""}",bitemporal_version_756f32585cdad159d2242070,bitemporal_version_f8cd633f7f9c36e1900da6e8,True,UNCHANGED_ABSTAIN,UNCHANGED_ABSTAIN,PASS,True
"{""attribute_name"":""anomaly_level"",""base_stage3a_state_version_id"":""state_version_c4391388ac5801846a589d53"",""cell_id"":""cell_cbe6f12faedc4a536f287879"",""claim_type"":""FORECAST_GEOLOGICAL_CONDITION"",""source_evidence_id"":""doc_1bccaf9b3397c0d25601b19d_e0005"",""source_kind"":""GEOLOGICAL_EVIDENCE"",""state_role"":""FORWARD_ATTENTION_CELL"",""valid_date"":""2023-12-02""}",bitemporal_version_115ac45b1531b0fd6db91bdc,bitemporal_version_fc6bbbd1e543d39b6aa45919,True,UNCHANGED_EXPRESSIBLE,UNCHANGED_EXPRESSIBLE,PASS,True
"{""attribute_name"":""anomaly_level"",""base_stage3a_state_version_id"":""state_version_c4391388ac5801846a589d53"",""cell_id"":""cell_cbe6f12faedc4a536f287879"",""claim_type"":""FORECAST_GEOLOGICAL_CONDITION"",""source_evidence_id"":""doc_1bccaf9b3397c0d25601b19d_e0006"",""source_kind"":""GEOLOGICAL_EVIDENCE"",""state_role"":""FORWARD_ATTENTION_CELL"",""valid_date"":""2023-12-02""}",bitemporal_version_115ac45b1531b0fd6db91bdc,bitemporal_version_fc6bbbd1e543d39b6aa45919,True,UNCHANGED_ABSTAIN,UNCHANGED_ABSTAIN,PASS,True
"{""attribute_name"":""anomaly_level"",""base_stage3a_state_version_id"":""state_version_c4391388ac5801846a589d53"",""cell_id"":""cell_cbe6f12faedc4a536f287879"",""claim_type"":""FORECAST_GEOLOGICAL_CONDITION"",""source_evidence_id"":""doc_c19c0e4b52882f445108f4a0_e0002"",""source_kind"":""GEOLOGICAL_EVIDENCE"",""state_role"":""FORWARD_ATTENTION_CELL"",""valid_date"":""2023-12-02""}",bitemporal_version_115ac45b1531b0fd6db91bdc,bitemporal_version_fc6bbbd1e543d39b6aa45919,True,OPPORTUNITY_ADDED,OPPORTUNITY_ADDED,PASS,True
"{""attribute_name"":""geological_conclusion"",""base_stage3a_state_version_id"":""state_version_c4391388ac5801846a589d53"",""cell_id"":""cell_cbe6f12faedc4a536f287879"",""claim_type"":""FORECAST_GEOLOGICAL_CONDITION"",""source_evidence_id"":""doc_1bccaf9b3397c0d25601b19d_e0005"",""source_kind"":""GEOLOGICAL_EVIDENCE"",""state_role"":""FORWARD_ATTENTION_CELL"",""valid_date"":""2023-12-02""}",bitemporal_version_115ac45b1531b0fd6db91bdc,bitemporal_version_fc6bbbd1e543d39b6aa45919,True,UNCHANGED_EXPRESSIBLE,UNCHANGED_EXPRESSIBLE,PASS,True
"{""attribute_name"":""geological_conclusion"",""base_stage3a_state_version_id"":""state_version_c4391388ac5801846a589d53"",""cell_id"":""cell_cbe6f12faedc4a536f287879"",""claim_type"":""FORECAST_GEOLOGICAL_CONDITION"",""source_evidence_id"":""doc_1bccaf9b3397c0d25601b19d_e0006"",""source_kind"":""GEOLOGICAL_EVIDENCE"",""state_role"":""FORWARD_ATTENTION_CELL"",""valid_date"":""2023-12-02""}",bitemporal_version_115ac45b1531b0fd6db91bdc,bitemporal_version_fc6bbbd1e543d39b6aa45919,True,UNCHANGED_EXPRESSIBLE,UNCHANGED_EXPRESSIBLE,PASS,True
"{""attribute_name"":""geological_conclusion"",""base_stage3a_state_version_id"":""state_version_c4391388ac5801846a589d53"",""cell_id"":""cell_cbe6f12faedc4a536f287879"",""claim_type"":""FORECAST_GEOLOGICAL_CONDITION"",""source_evidence_id"":""doc_c19c0e4b52882f445108f4a0_e0002"",""source_kind"":""GEOLOGICAL_EVIDENCE"",""state_role"":""FORWARD_ATTENTION_CELL"",""valid_date"":""2023-12-02""}",bitemporal_version_115ac45b1531b0fd6db91bdc,bitemporal_version_fc6bbbd1e543d39b6aa45919,True,OPPORTUNITY_ADDED,OPPORTUNITY_ADDED,PASS,True
"{""attribute_name"":""joint_development"",""base_stage3a_state_version_id"":""state_version_c4391388ac5801846a589d53"",""cell_id"":""cell_cbe6f12faedc4a536f287879"",""claim_type"":""FORECAST_GEOLOGICAL_CONDITION"",""source_evidence_id"":""doc_1bccaf9b3397c0d25601b19d_e0005"",""source_kind"":""GEOLOGICAL_EVIDENCE"",""state_role"":""FORWARD_ATTENTION_CELL"",""valid_date"":""2023-12-02""}",bitemporal_version_115ac45b1531b0fd6db91bdc,bitemporal_version_fc6bbbd1e543d39b6aa45919,True,UNCHANGED_EXPRESSIBLE,UNCHANGED_EXPRESSIBLE,PASS,True
"{""attribute_name"":""joint_development"",""base_stage3a_state_version_id"":""state_version_c4391388ac5801846a589d53"",""cell_id"":""cell_cbe6f12faedc4a536f287879"",""claim_type"":""FORECAST_GEOLOGICAL_CONDITION"",""source_evidence_id"":""doc_1bccaf9b3397c0d25601b19d_e0006"",""source_kind"":""GEOLOGICAL_EVIDENCE"",""state_role"":""FORWARD_ATTENTION_CELL"",""valid_date"":""2023-12-02""}",bitemporal_version_115ac45b1531b0fd6db91bdc,bitemporal_version_fc6bbbd1e543d39b6aa45919,True,UNCHANGED_EXPRESSIBLE,UNCHANGED_EXPRESSIBLE,PASS,True
"{""attribute_name"":""joint_development"",""base_stage3a_state_version_id"":""state_version_c4391388ac5801846a589d53"",""cell_id"":""cell_cbe6f12faedc4a536f287879"",""claim_type"":""FORECAST_GEOLOGICAL_CONDITION"",""source_evidence_id"":""doc_c19c0e4b52882f445108f4a0_e0002"",""source_kind"":""GEOLOGICAL_EVIDENCE"",""state_role"":""FORWARD_ATTENTION_CELL"",""valid_date"":""2023-12-02""}",bitemporal_version_115ac45b1531b0fd6db91bdc,bitemporal_version_fc6bbbd1e543d39b6aa45919,True,OPPORTUNITY_ADDED,OPPORTUNITY_ADDED,PASS,True
"{""attribute_name"":""lithology"",""base_stage3a_state_version_id"":""state_version_c4391388ac5801846a589d53"",""cell_id"":""cell_cbe6f12faedc4a536f287879"",""claim_type"":""FORECAST_GEOLOGICAL_CONDITION"",""source_evidence_id"":""doc_1bccaf9b3397c0d25601b19d_e0005"",""source_kind"":""GEOLOGICAL_EVIDENCE"",""state_role"":""FORWARD_ATTENTION_CELL"",""valid_date"":""2023-12-02""}",bitemporal_version_115ac45b1531b0fd6db91bdc,bitemporal_version_fc6bbbd1e543d39b6aa45919,True,UNCHANGED_EXPRESSIBLE,UNCHANGED_EXPRESSIBLE,PASS,True
"{""attribute_name"":""lithology"",""base_stage3a_state_version_id"":""state_version_c4391388ac5801846a589d53"",""cell_id"":""cell_cbe6f12faedc4a536f287879"",""claim_type"":""FORECAST_GEOLOGICAL_CONDITION"",""source_evidence_id"":""doc_1bccaf9b3397c0d25601b19d_e0006"",""source_kind"":""GEOLOGICAL_EVIDENCE"",""state_role"":""FORWARD_ATTENTION_CELL"",""valid_date"":""2023-12-02""}",bitemporal_version_115ac45b1531b0fd6db91bdc,bitemporal_version_fc6bbbd1e543d39b6aa45919,True,UNCHANGED_EXPRESSIBLE,UNCHANGED_EXPRESSIBLE,PASS,True
"{""attribute_name"":""lithology"",""base_stage3a_state_version_id"":""state_version_c4391388ac5801846a589d53"",""cell_id"":""cell_cbe6f12faedc4a536f287879"",""claim_type"":""FORECAST_GEOLOGICAL_CONDITION"",""source_evidence_id"":""doc_c19c0e4b52882f445108f4a0_e0002"",""source_kind"":""GEOLOGICAL_EVIDENCE"",""state_role"":""FORWARD_ATTENTION_CELL"",""valid_date"":""2023-12-02""}",bitemporal_version_115ac45b1531b0fd6db91bdc,bitemporal_version_fc6bbbd1e543d39b6aa45919,True,OPPORTUNITY_ADDED,OPPORTUNITY_ADDED,PASS,True
"{""attribute_name"":""risk_hint"",""base_stage3a_state_version_id"":""state_version_c4391388ac5801846a589d53"",""cell_id"":""cell_cbe6f12faedc4a536f287879"",""claim_type"":""FORECAST_GEOLOGICAL_CONDITION"",""source_evidence_id"":""doc_1bccaf9b3397c0d25601b19d_e0005"",""source_kind"":""GEOLOGICAL_EVIDENCE"",""state_role"":""FORWARD_ATTENTION_CELL"",""valid_date"":""2023-12-02""}",bitemporal_version_115ac45b1531b0fd6db91bdc,bitemporal_version_fc6bbbd1e543d39b6aa45919,True,UNCHANGED_EXPRESSIBLE,UNCHANGED_EXPRESSIBLE,PASS,True
"{""attribute_name"":""risk_hint"",""base_stage3a_state_version_id"":""state_version_c4391388ac5801846a589d53"",""cell_id"":""cell_cbe6f12faedc4a536f287879"",""claim_type"":""FORECAST_GEOLOGICAL_CONDITION"",""source_evidence_id"":""doc_1bccaf9b3397c0d25601b19d_e0006"",""source_kind"":""GEOLOGICAL_EVIDENCE"",""state_role"":""FORWARD_ATTENTION_CELL"",""valid_date"":""2023-12-02""}",bitemporal_version_115ac45b1531b0fd6db91bdc,bitemporal_version_fc6bbbd1e543d39b6aa45919,True,UNCHANGED_ABSTAIN,UNCHANGED_ABSTAIN,PASS,True
"{""attribute_name"":""risk_hint"",""base_stage3a_state_version_id"":""state_version_c4391388ac5801846a589d53"",""cell_id"":""cell_cbe6f12faedc4a536f287879"",""claim_type"":""FORECAST_GEOLOGICAL_CONDITION"",""source_evidence_id"":""doc_c19c0e4b52882f445108f4a0_e0002"",""source_kind"":""GEOLOGICAL_EVIDENCE"",""state_role"":""FORWARD_ATTENTION_CELL"",""valid_date"":""2023-12-02""}",bitemporal_version_115ac45b1531b0fd6db91bdc,bitemporal_version_fc6bbbd1e543d39b6aa45919,True,OPPORTUNITY_ADDED,OPPORTUNITY_ADDED,PASS,True
"{""attribute_name"":""rock_mass_state"",""base_stage3a_state_version_id"":""state_version_c4391388ac5801846a589d53"",""cell_id"":""cell_cbe6f12faedc4a536f287879"",""claim_type"":""FORECAST_GEOLOGICAL_CONDITION"",""source_evidence_id"":""doc_1bccaf9b3397c0d25601b19d_e0005"",""source_kind"":""GEOLOGICAL_EVIDENCE"",""state_role"":""FORWARD_ATTENTION_CELL"",""valid_date"":""2023-12-02""}",bitemporal_version_115ac45b1531b0fd6db91bdc,bitemporal_version_fc6bbbd1e543d39b6aa45919,True,UNCHANGED_EXPRESSIBLE,UNCHANGED_EXPRESSIBLE,PASS,True
"{""attribute_name"":""rock_mass_state"",""base_stage3a_state_version_id"":""state_version_c4391388ac5801846a589d53"",""cell_id"":""cell_cbe6f12faedc4a536f287879"",""claim_type"":""FORECAST_GEOLOGICAL_CONDITION"",""source_evidence_id"":""doc_1bccaf9b3397c0d25601b19d_e0006"",""source_kind"":""GEOLOGICAL_EVIDENCE"",""state_role"":""FORWARD_ATTENTION_CELL"",""valid_date"":""2023-12-02""}",bitemporal_version_115ac45b1531b0fd6db91bdc,bitemporal_version_fc6bbbd1e543d39b6aa45919,True,UNCHANGED_EXPRESSIBLE,UNCHANGED_EXPRESSIBLE,PASS,True
"{""attribute_name"":""rock_mass_state"",""base_stage3a_state_version_id"":""state_version_c4391388ac5801846a589d53"",""cell_id"":""cell_cbe6f12faedc4a536f287879"",""claim_type"":""FORECAST_GEOLOGICAL_CONDITION"",""source_evidence_id"":""doc_c19c0e4b52882f445108f4a0_e0002"",""source_kind"":""GEOLOGICAL_EVIDENCE"",""state_role"":""FORWARD_ATTENTION_CELL"",""valid_date"":""2023-12-02""}",bitemporal_version_115ac45b1531b0fd6db91bdc,bitemporal_version_fc6bbbd1e543d39b6aa45919,True,OPPORTUNITY_ADDED,OPPORTUNITY_ADDED,PASS,True
"{""attribute_name"":""suggested_grade"",""base_stage3a_state_version_id"":""state_version_c4391388ac5801846a589d53"",""cell_id"":""cell_cbe6f12faedc4a536f287879"",""claim_type"":""FORECAST_GEOLOGICAL_CONDITION"",""source_evidence_id"":""doc_1bccaf9b3397c0d25601b19d_e0005"",""source_kind"":""GEOLOGICAL_EVIDENCE"",""state_role"":""FORWARD_ATTENTION_CELL"",""valid_date"":""2023-12-02""}",bitemporal_version_115ac45b1531b0fd6db91bdc,bitemporal_version_fc6bbbd1e543d39b6aa45919,True,UNCHANGED_EXPRESSIBLE,UNCHANGED_EXPRESSIBLE,PASS,True
"{""attribute_name"":""suggested_grade"",""base_stage3a_state_version_id"":""state_version_c4391388ac5801846a589d53"",""cell_id"":""cell_cbe6f12faedc4a536f287879"",""claim_type"":""FORECAST_GEOLOGICAL_CONDITION"",""source_evidence_id"":""doc_1bccaf9b3397c0d25601b19d_e0006"",""source_kind"":""GEOLOGICAL_EVIDENCE"",""state_role"":""FORWARD_ATTENTION_CELL"",""valid_date"":""2023-12-02""}",bitemporal_version_115ac45b1531b0fd6db91bdc,bitemporal_version_fc6bbbd1e543d39b6aa45919,True,UNCHANGED_EXPRESSIBLE,UNCHANGED_EXPRESSIBLE,PASS,True
"{""attribute_name"":""suggested_grade"",""base_stage3a_state_version_id"":""state_version_c4391388ac5801846a589d53"",""cell_id"":""cell_cbe6f12faedc4a536f287879"",""claim_type"":""FORECAST_GEOLOGICAL_CONDITION"",""source_evidence_id"":""doc_c19c0e4b52882f445108f4a0_e0002"",""source_kind"":""GEOLOGICAL_EVIDENCE"",""state_role"":""FORWARD_ATTENTION_CELL"",""valid_date"":""2023-12-02""}",bitemporal_version_115ac45b1531b0fd6db91bdc,bitemporal_version_fc6bbbd1e543d39b6aa45919,True,OPPORTUNITY_ADDED,OPPORTUNITY_ADDED,PASS,True
"{""attribute_name"":""weathering"",""base_stage3a_state_version_id"":""state_version_c4391388ac5801846a589d53"",""cell_id"":""cell_cbe6f12faedc4a536f287879"",""claim_type"":""FORECAST_GEOLOGICAL_CONDITION"",""source_evidence_id"":""doc_1bccaf9b3397c0d25601b19d_e0005"",""source_kind"":""GEOLOGICAL_EVIDENCE"",""state_role"":""FORWARD_ATTENTION_CELL"",""valid_date"":""2023-12-02""}",bitemporal_version_115ac45b1531b0fd6db91bdc,bitemporal_version_fc6bbbd1e543d39b6aa45919,True,UNCHANGED_EXPRESSIBLE,UNCHANGED_EXPRESSIBLE,PASS,True
"{""attribute_name"":""weathering"",""base_stage3a_state_version_id"":""state_version_c4391388ac5801846a589d53"",""cell_id"":""cell_cbe6f12faedc4a536f287879"",""claim_type"":""FORECAST_GEOLOGICAL_CONDITION"",""source_evidence_id"":""doc_1bccaf9b3397c0d25601b19d_e0006"",""source_kind"":""GEOLOGICAL_EVIDENCE"",""state_role"":""FORWARD_ATTENTION_CELL"",""valid_date"":""2023-12-02""}",bitemporal_version_115ac45b1531b0fd6db91bdc,bitemporal_version_fc6bbbd1e543d39b6aa45919,True,UNCHANGED_EXPRESSIBLE,UNCHANGED_EXPRESSIBLE,PASS,True
"{""attribute_name"":""weathering"",""base_stage3a_state_version_id"":""state_version_c4391388ac5801846a589d53"",""cell_id"":""cell_cbe6f12faedc4a536f287879"",""claim_type"":""FORECAST_GEOLOGICAL_CONDITION"",""source_evidence_id"":""doc_c19c0e4b52882f445108f4a0_e0002"",""source_kind"":""GEOLOGICAL_EVIDENCE"",""state_role"":""FORWARD_ATTENTION_CELL"",""valid_date"":""2023-12-02""}",bitemporal_version_115ac45b1531b0fd6db91bdc,bitemporal_version_fc6bbbd1e543d39b6aa45919,True,OPPORTUNITY_ADDED,OPPORTUNITY_ADDED,PASS,True
"{""base_stage3a_state_version_id"":""state_version_c4391388ac5801846a589d53"",""cell_id"":""cell_cbe6f12faedc4a536f287879"",""claim_type"":""FORWARD_GEOLOGICAL_ATTENTION"",""metric_name"":""GRS"",""source_kind"":""STATE_GRS"",""state_role"":""FORWARD_ATTENTION_CELL"",""valid_date"":""2023-12-02""}",bitemporal_version_115ac45b1531b0fd6db91bdc,bitemporal_version_fc6bbbd1e543d39b6aa45919,True,RESOLVED_SUPPORT_CHANGED,RESOLVED_SUPPORT_CHANGED,PASS,True
"{""base_stage3a_state_version_id"":""state_version_c4391388ac5801846a589d53"",""cell_id"":""cell_cbe6f12faedc4a536f287879"",""claim_type"":""OPERATIONAL_RESPONSE_ATTENTION"",""metric_name"":""RAI"",""source_kind"":""STATE_RAI"",""state_role"":""FORWARD_ATTENTION_CELL"",""valid_date"":""2023-12-02""}",bitemporal_version_115ac45b1531b0fd6db91bdc,bitemporal_version_fc6bbbd1e543d39b6aa45919,True,UNCHANGED_ABSTAIN,UNCHANGED_ABSTAIN,PASS,True
