asset_id,source_path,source_type,page_count,page_dimensions,pdfplumber_table_count,table_shapes,header_fingerprint,cross_page_table_likely,section_fingerprint,template_variant_id,classification_basis,inventory_warnings
56a4057acb6bbfd5196d07a6,/Users/zhaoxiaoda/Library/CloudStorage/GoogleDrive-xiaodazhao0608@gmail.com/我的云端硬盘/TBM9/HSP/DyK1013+190.20_伯舒拉岭隧道进口右线水平声波剖面法超前地质预报报告(DyK1013+190.2～DyK1013+290.2)-20230914.pdf,SONIC_FORECAST,12,"[{""page"": 1, ""width"": 595.2, ""height"": 841.92}, {""page"": 2, ""width"": 595.2, ""height"": 841.92}, {""page"": 3, ""width"": 595.2, ""height"": 841.92}, {""page"": 4, ""width"": 595.2, ""height"": 841.92}, {""page"": 5, ""width"": 595.2, ""height"": 841.92}, {""page"": 6, ""width"": 595.2, ""height"": 841.92}, {""page"": 7, ""width"": 595.2, ""height"": 841.92}, {""page"": 8, ""width"": 595.2, ""height"": 841.92}, {""page"": 9, ""width"": 595.2, ""height"": 841.92}, {""page"": 10, ""width"": 595.2, ""height"": 841.92}, {""page"": 11, ""width"": 595.2, ""height"": 841.92}, {""page"": 12, ""width"": 595.2, ""height"": 841.92}]",,[],,False,1任务依据及目的要求..............|2执行规范...................|3水平声波剖面法工作原理简介..........|4工程地质概况.................|5现场工作布置及数据采集............|5.1使用的仪器设备..............|5.2观测系统.................|5.3数据采集.................|6资料处理与解释................|6.1资料处理.................|6.2资料解释.................|7结论.....................,ca122cf80748,SONIC_FORECAST|12||1任务依据及目的要求..............|2执行规范...................|3水平声波剖面法工作原理简介..........|4工程地质概况.................|5现场工作布置及数据采集............|5.1使用的仪器设备..............|5.2观测系统.................|5.3数据采集.................|6资料处理与解释................|6.1资料处理.................|6.2资料解释.................|7结论.....................,PDFPLUMBER_UNAVAILABLE
042ef22be43ba006975946e2,/Users/zhaoxiaoda/Library/CloudStorage/GoogleDrive-xiaodazhao0608@gmail.com/我的云端硬盘/TBM9/HSP/DyK1013+273.00_伯舒拉岭隧道进口右线水平声波剖面法超前地质预报报告(DyK1013+273～DyK1013+373)-20230923.pdf,SONIC_FORECAST,12,"[{""page"": 1, ""width"": 595.2, ""height"": 841.92}, {""page"": 2, ""width"": 595.2, ""height"": 841.92}, {""page"": 3, ""width"": 595.2, ""height"": 841.92}, {""page"": 4, ""width"": 595.2, ""height"": 841.92}, {""page"": 5, ""width"": 595.2, ""height"": 841.92}, {""page"": 6, ""width"": 595.2, ""height"": 841.92}, {""page"": 7, ""width"": 595.2, ""height"": 841.92}, {""page"": 8, ""width"": 595.2, ""height"": 841.92}, {""page"": 9, ""width"": 595.2, ""height"": 841.92}, {""page"": 10, ""width"": 595.2, ""height"": 841.92}, {""page"": 11, ""width"": 595.2, ""height"": 841.92}, {""page"": 12, ""width"": 595.2, ""height"": 841.92}]",,[],,False,1任务依据及目的要求..............|2执行规范...................|3水平声波剖面法工作原理简介..........|4工程地质概况.................|5现场工作布置及数据采集............|5.1使用的仪器设备..............|5.2观测系统.................|5.3数据采集.................|6资料处理与解释................|6.1资料处理.................|6.2资料解释.................|7结论.....................,ca122cf80748,SONIC_FORECAST|12||1任务依据及目的要求..............|2执行规范...................|3水平声波剖面法工作原理简介..........|4工程地质概况.................|5现场工作布置及数据采集............|5.1使用的仪器设备..............|5.2观测系统.................|5.3数据采集.................|6资料处理与解释................|6.1资料处理.................|6.2资料解释.................|7结论.....................,PDFPLUMBER_UNAVAILABLE
d1c24a2c5d644ba47f3ef2ec,/Users/zhaoxiaoda/Library/CloudStorage/GoogleDrive-xiaodazhao0608@gmail.com/我的云端硬盘/TBM9/HSP/DyK1013+445.00_伯舒拉岭隧道进口右线水平声波剖面法超前地质预报报告(DyK1013+445～DyK1013+545)-20231006.pdf,SONIC_FORECAST,12,"[{""page"": 1, ""width"": 595.2, ""height"": 841.92}, {""page"": 2, ""width"": 595.2, ""height"": 841.92}, {""page"": 3, ""width"": 595.2, ""height"": 841.92}, {""page"": 4, ""width"": 595.2, ""height"": 841.92}, {""page"": 5, ""width"": 595.2, ""height"": 841.92}, {""page"": 6, ""width"": 595.2, ""height"": 841.92}, {""page"": 7, ""width"": 595.2, ""height"": 841.92}, {""page"": 8, ""width"": 595.2, ""height"": 841.92}, {""page"": 9, ""width"": 595.2, ""height"": 841.92}, {""page"": 10, ""width"": 595.2, ""height"": 841.92}, {""page"": 11, ""width"": 595.2, ""height"": 841.92}, {""page"": 12, ""width"": 595.2, ""height"": 841.92}]",,[],,False,1任务依据及目的要求..............|2执行规范...................|3水平声波剖面法工作原理简介..........|4工程地质概况.................|5现场工作布置及数据采集............|5.1使用的仪器设备..............|5.2观测系统.................|5.3数据采集.................|6资料处理与解释................|6.1资料处理.................|6.2资料解释.................|7结论.....................,ca122cf80748,SONIC_FORECAST|12||1任务依据及目的要求..............|2执行规范...................|3水平声波剖面法工作原理简介..........|4工程地质概况.................|5现场工作布置及数据采集............|5.1使用的仪器设备..............|5.2观测系统.................|5.3数据采集.................|6资料处理与解释................|6.1资料处理.................|6.2资料解释.................|7结论.....................,PDFPLUMBER_UNAVAILABLE
c03e80c9fabf17e0b238ec9a,/Users/zhaoxiaoda/Library/CloudStorage/GoogleDrive-xiaodazhao0608@gmail.com/我的云端硬盘/TBM9/HSP/DyK1013+525.00_伯舒拉岭隧道进口右线水平声波剖面法超前地质预报报告(DyK1013+525～DyK1013+625)-20231012.pdf,SONIC_FORECAST,12,"[{""page"": 1, ""width"": 595.2, ""height"": 841.92}, {""page"": 2, ""width"": 595.2, ""height"": 841.92}, {""page"": 3, ""width"": 595.2, ""height"": 841.92}, {""page"": 4, ""width"": 595.2, ""height"": 841.92}, {""page"": 5, ""width"": 595.2, ""height"": 841.92}, {""page"": 6, ""width"": 595.2, ""height"": 841.92}, {""page"": 7, ""width"": 595.2, ""height"": 841.92}, {""page"": 8, ""width"": 595.2, ""height"": 841.92}, {""page"": 9, ""width"": 595.2, ""height"": 841.92}, {""page"": 10, ""width"": 595.2, ""height"": 841.92}, {""page"": 11, ""width"": 595.2, ""height"": 841.92}, {""page"": 12, ""width"": 595.2, ""height"": 841.92}]",,[],,False,1任务依据及目的要求..............|2执行规范...................|3水平声波剖面法工作原理简介..........|4工程地质概况.................|5现场工作布置及数据采集............|5.1使用的仪器设备..............|5.2观测系统.................|5.3数据采集.................|6资料处理与解释................|6.1资料处理.................|6.2资料解释.................|7结论.....................,ca122cf80748,SONIC_FORECAST|12||1任务依据及目的要求..............|2执行规范...................|3水平声波剖面法工作原理简介..........|4工程地质概况.................|5现场工作布置及数据采集............|5.1使用的仪器设备..............|5.2观测系统.................|5.3数据采集.................|6资料处理与解释................|6.1资料处理.................|6.2资料解释.................|7结论.....................,PDFPLUMBER_UNAVAILABLE
6af39821d5a37fd21b28de70,/Users/zhaoxiaoda/Library/CloudStorage/GoogleDrive-xiaodazhao0608@gmail.com/我的云端硬盘/TBM9/HSP/DyK1013+601.60_伯舒拉岭隧道进口右线水平声波剖面法超前地质预报报告(DyK1013+601.6～DyK1013+701.6)-20231016.pdf,SONIC_FORECAST,12,"[{""page"": 1, ""width"": 595.2, ""height"": 841.92}, {""page"": 2, ""width"": 595.2, ""height"": 841.92}, {""page"": 3, ""width"": 595.2, ""height"": 841.92}, {""page"": 4, ""width"": 595.2, ""height"": 841.92}, {""page"": 5, ""width"": 595.2, ""height"": 841.92}, {""page"": 6, ""width"": 595.2, ""height"": 841.92}, {""page"": 7, ""width"": 595.2, ""height"": 841.92}, {""page"": 8, ""width"": 595.2, ""height"": 841.92}, {""page"": 9, ""width"": 595.2, ""height"": 841.92}, {""page"": 10, ""width"": 595.2, ""height"": 841.92}, {""page"": 11, ""width"": 595.2, ""height"": 841.92}, {""page"": 12, ""width"": 595.2, ""height"": 841.92}]",,[],,False,1任务依据及目的要求..............|2执行规范...................|3水平声波剖面法工作原理简介..........|4工程地质概况.................|5现场工作布置及数据采集............|5.1使用的仪器设备..............|5.2观测系统.................|5.3数据采集.................|6资料处理与解释................|6.1资料处理.................|6.2资料解释.................|7结论.....................,ca122cf80748,SONIC_FORECAST|12||1任务依据及目的要求..............|2执行规范...................|3水平声波剖面法工作原理简介..........|4工程地质概况.................|5现场工作布置及数据采集............|5.1使用的仪器设备..............|5.2观测系统.................|5.3数据采集.................|6资料处理与解释................|6.1资料处理.................|6.2资料解释.................|7结论.....................,PDFPLUMBER_UNAVAILABLE
ce88b5055d612f9f8fb8012e,/Users/zhaoxiaoda/Library/CloudStorage/GoogleDrive-xiaodazhao0608@gmail.com/我的云端硬盘/TBM9/HSP/DyK1013+674.00_伯舒拉岭隧道进口右线水平声波剖面法超前地质预报报告(DyK1013+674～DyK1013+774)-20231019.pdf,SONIC_FORECAST,12,"[{""page"": 1, ""width"": 595.2, ""height"": 841.92}, {""page"": 2, ""width"": 595.2, ""height"": 841.92}, {""page"": 3, ""width"": 595.2, ""height"": 841.92}, {""page"": 4, ""width"": 595.2, ""height"": 841.92}, {""page"": 5, ""width"": 595.2, ""height"": 841.92}, {""page"": 6, ""width"": 595.2, ""height"": 841.92}, {""page"": 7, ""width"": 595.2, ""height"": 841.92}, {""page"": 8, ""width"": 595.2, ""height"": 841.92}, {""page"": 9, ""width"": 595.2, ""height"": 841.92}, {""page"": 10, ""width"": 595.2, ""height"": 841.92}, {""page"": 11, ""width"": 595.2, ""height"": 841.92}, {""page"": 12, ""width"": 595.2, ""height"": 841.92}]",,[],,False,1任务依据及目的要求..............|2执行规范...................|3水平声波剖面法工作原理简介..........|4工程地质概况.................|5现场工作布置及数据采集............|5.1使用的仪器设备..............|5.2观测系统.................|5.3数据采集.................|6资料处理与解释................|6.1资料处理.................|6.2资料解释.................|7结论.....................,ca122cf80748,SONIC_FORECAST|12||1任务依据及目的要求..............|2执行规范...................|3水平声波剖面法工作原理简介..........|4工程地质概况.................|5现场工作布置及数据采集............|5.1使用的仪器设备..............|5.2观测系统.................|5.3数据采集.................|6资料处理与解释................|6.1资料处理.................|6.2资料解释.................|7结论.....................,PDFPLUMBER_UNAVAILABLE
09e89a967279537d5c9bb8d7,/Users/zhaoxiaoda/Library/CloudStorage/GoogleDrive-xiaodazhao0608@gmail.com/我的云端硬盘/TBM9/HSP/DyK1013+764.00_伯舒拉岭隧道进口右线水平声波剖面法超前地质预报报告(DyK1013+764～DyK1013+864)-20231022.pdf,SONIC_FORECAST,12,"[{""page"": 1, ""width"": 595.2, ""height"": 841.92}, {""page"": 2, ""width"": 595.2, ""height"": 841.92}, {""page"": 3, ""width"": 595.2, ""height"": 841.92}, {""page"": 4, ""width"": 595.2, ""height"": 841.92}, {""page"": 5, ""width"": 595.2, ""height"": 841.92}, {""page"": 6, ""width"": 595.2, ""height"": 841.92}, {""page"": 7, ""width"": 595.2, ""height"": 841.92}, {""page"": 8, ""width"": 595.2, ""height"": 841.92}, {""page"": 9, ""width"": 595.2, ""height"": 841.92}, {""page"": 10, ""width"": 595.2, ""height"": 841.92}, {""page"": 11, ""width"": 595.2, ""height"": 841.92}, {""page"": 12, ""width"": 595.2, ""height"": 841.92}]",,[],,False,1任务依据及目的要求..............|2执行规范...................|3水平声波剖面法工作原理简介..........|4工程地质概况.................|5现场工作布置及数据采集............|5.1使用的仪器设备..............|5.2观测系统.................|5.3数据采集.................|6资料处理与解释................|6.1资料处理.................|6.2资料解释.................|7结论.....................,ca122cf80748,SONIC_FORECAST|12||1任务依据及目的要求..............|2执行规范...................|3水平声波剖面法工作原理简介..........|4工程地质概况.................|5现场工作布置及数据采集............|5.1使用的仪器设备..............|5.2观测系统.................|5.3数据采集.................|6资料处理与解释................|6.1资料处理.................|6.2资料解释.................|7结论.....................,PDFPLUMBER_UNAVAILABLE
28d57b5baaf883772b83b6e8,/Users/zhaoxiaoda/Library/CloudStorage/GoogleDrive-xiaodazhao0608@gmail.com/我的云端硬盘/TBM9/HSP/DyK1013+845.00_伯舒拉岭隧道进口右线水平声波剖面法超前地质预报报告(DyK1013+845～DyK1013+945)-20231027.pdf,SONIC_FORECAST,12,"[{""page"": 1, ""width"": 595.2, ""height"": 841.92}, {""page"": 2, ""width"": 595.2, ""height"": 841.92}, {""page"": 3, ""width"": 595.2, ""height"": 841.92}, {""page"": 4, ""width"": 595.2, ""height"": 841.92}, {""page"": 5, ""width"": 595.2, ""height"": 841.92}, {""page"": 6, ""width"": 595.2, ""height"": 841.92}, {""page"": 7, ""width"": 595.2, ""height"": 841.92}, {""page"": 8, ""width"": 595.2, ""height"": 841.92}, {""page"": 9, ""width"": 595.2, ""height"": 841.92}, {""page"": 10, ""width"": 595.2, ""height"": 841.92}, {""page"": 11, ""width"": 595.2, ""height"": 841.92}, {""page"": 12, ""width"": 595.2, ""height"": 841.92}]",,[],,False,1任务依据及目的要求..............|2执行规范...................|3水平声波剖面法工作原理简介..........|4工程地质概况.................|5现场工作布置及数据采集............|5.1使用的仪器设备..............|5.2观测系统.................|5.3数据采集.................|6资料处理与解释................|6.1资料处理.................|6.2资料解释.................|7结论.....................,ca122cf80748,SONIC_FORECAST|12||1任务依据及目的要求..............|2执行规范...................|3水平声波剖面法工作原理简介..........|4工程地质概况.................|5现场工作布置及数据采集............|5.1使用的仪器设备..............|5.2观测系统.................|5.3数据采集.................|6资料处理与解释................|6.1资料处理.................|6.2资料解释.................|7结论.....................,PDFPLUMBER_UNAVAILABLE
a1ca08b3f141763f45863a07,/Users/zhaoxiaoda/Library/CloudStorage/GoogleDrive-xiaodazhao0608@gmail.com/我的云端硬盘/TBM9/HSP/DyK1013+929.00_伯舒拉岭隧道进口右线水平声波剖面法超前地质预报报告(DyK1013+929～DyK1014+029)-20231106.pdf,SONIC_FORECAST,12,"[{""page"": 1, ""width"": 595.2, ""height"": 841.8}, {""page"": 2, ""width"": 595.2, ""height"": 841.8}, {""page"": 3, ""width"": 595.2, ""height"": 841.8}, {""page"": 4, ""width"": 595.2, ""height"": 841.8}, {""page"": 5, ""width"": 595.2, ""height"": 841.8}, {""page"": 6, ""width"": 595.2, ""height"": 841.8}, {""page"": 7, ""width"": 595.2, ""height"": 841.8}, {""page"": 8, ""width"": 595.2, ""height"": 841.8}, {""page"": 9, ""width"": 595.2, ""height"": 841.8}, {""page"": 10, ""width"": 595.2, ""height"": 841.8}, {""page"": 11, ""width"": 595.2, ""height"": 841.8}, {""page"": 12, ""width"": 595.2, ""height"": 841.8}]",,[],,False,1任务依据及目的要求..............|2执行规范...................|3水平声波剖面法工作原理简介..........|4工程地质概况.................|5现场工作布置及数据采集............|5.1使用的仪器设备..............|5.2观测系统.................|5.3数据采集.................|6资料处理与解释................|6.1资料处理.................|6.2资料解释.................|7结论.....................,ca122cf80748,SONIC_FORECAST|12||1任务依据及目的要求..............|2执行规范...................|3水平声波剖面法工作原理简介..........|4工程地质概况.................|5现场工作布置及数据采集............|5.1使用的仪器设备..............|5.2观测系统.................|5.3数据采集.................|6资料处理与解释................|6.1资料处理.................|6.2资料解释.................|7结论.....................,PDFPLUMBER_UNAVAILABLE
d0afc25463d4776277ebb952,/Users/zhaoxiaoda/Library/CloudStorage/GoogleDrive-xiaodazhao0608@gmail.com/我的云端硬盘/TBM9/HSP/DyK1014+019.00_伯舒拉岭隧道进口右线水平声波剖面法超前地质预报报告(DyK1014+019～DyK1014+119)-20231118.pdf,SONIC_FORECAST,12,"[{""page"": 1, ""width"": 595.2, ""height"": 841.8}, {""page"": 2, ""width"": 595.2, ""height"": 841.8}, {""page"": 3, ""width"": 595.2, ""height"": 841.8}, {""page"": 4, ""width"": 595.2, ""height"": 841.8}, {""page"": 5, ""width"": 595.2, ""height"": 841.8}, {""page"": 6, ""width"": 595.2, ""height"": 841.8}, {""page"": 7, ""width"": 595.2, ""height"": 841.8}, {""page"": 8, ""width"": 595.2, ""height"": 841.8}, {""page"": 9, ""width"": 595.2, ""height"": 841.8}, {""page"": 10, ""width"": 595.2, ""height"": 841.8}, {""page"": 11, ""width"": 595.2, ""height"": 841.8}, {""page"": 12, ""width"": 595.2, ""height"": 841.8}]",,[],,False,1任务依据及目的要求..............|2执行规范...................|3水平声波剖面法工作原理简介..........|4工程地质概况.................|5现场工作布置及数据采集............|5.1使用的仪器设备..............|5.2观测系统.................|5.3数据采集.................|6资料处理与解释................|6.1资料处理.................|6.2资料解释.................|7结论.....................,ca122cf80748,SONIC_FORECAST|12||1任务依据及目的要求..............|2执行规范...................|3水平声波剖面法工作原理简介..........|4工程地质概况.................|5现场工作布置及数据采集............|5.1使用的仪器设备..............|5.2观测系统.................|5.3数据采集.................|6资料处理与解释................|6.1资料处理.................|6.2资料解释.................|7结论.....................,PDFPLUMBER_UNAVAILABLE
62bf6495f3a27bc084947384,/Users/zhaoxiaoda/Library/CloudStorage/GoogleDrive-xiaodazhao0608@gmail.com/我的云端硬盘/TBM9/HSP/DyK1014+109.00_伯舒拉岭隧道进口右线水平声波剖面法超前地质预报报告(DyK1014+109～DyK1014+209)-20231122.pdf,SONIC_FORECAST,12,"[{""page"": 1, ""width"": 595.32, ""height"": 841.92}, {""page"": 2, ""width"": 595.32, ""height"": 841.92}, {""page"": 3, ""width"": 595.32, ""height"": 841.92}, {""page"": 4, ""width"": 595.32, ""height"": 841.92}, {""page"": 5, ""width"": 595.32, ""height"": 841.92}, {""page"": 6, ""width"": 595.32, ""height"": 841.92}, {""page"": 7, ""width"": 595.32, ""height"": 841.92}, {""page"": 8, ""width"": 595.32, ""height"": 841.92}, {""page"": 9, ""width"": 595.32, ""height"": 841.92}, {""page"": 10, ""width"": 595.32, ""height"": 841.92}, {""page"": 11, ""width"": 595.32, ""height"": 841.92}, {""page"": 12, ""width"": 595.32, ""height"": 841.92}]",,[],,False,1任务依据及目的要求..............|2执行规范...................|3水平声波剖面法工作原理简介..........|4工程地质概况.................|5现场工作布置及数据采集............|5.1使用的仪器设备..............|5.2观测系统.................|5.3数据采集.................|6资料处理与解释................|6.1资料处理.................|6.2资料解释.................|7结论.....................,ca122cf80748,SONIC_FORECAST|12||1任务依据及目的要求..............|2执行规范...................|3水平声波剖面法工作原理简介..........|4工程地质概况.................|5现场工作布置及数据采集............|5.1使用的仪器设备..............|5.2观测系统.................|5.3数据采集.................|6资料处理与解释................|6.1资料处理.................|6.2资料解释.................|7结论.....................,PDFPLUMBER_UNAVAILABLE
1bccaf9b3397c0d25601b19d,/Users/zhaoxiaoda/Library/CloudStorage/GoogleDrive-xiaodazhao0608@gmail.com/我的云端硬盘/TBM9/HSP/DyK1014+199.00_伯舒拉岭隧道进口右线水平声波剖面法超前地质预报报告(DyK1014+199～DyK1014+299)-20231129.pdf,SONIC_FORECAST,12,"[{""page"": 1, ""width"": 595.32, ""height"": 841.92}, {""page"": 2, ""width"": 595.32, ""height"": 841.92}, {""page"": 3, ""width"": 595.32, ""height"": 841.92}, {""page"": 4, ""width"": 595.32, ""height"": 841.92}, {""page"": 5, ""width"": 595.32, ""height"": 841.92}, {""page"": 6, ""width"": 595.32, ""height"": 841.92}, {""page"": 7, ""width"": 595.32, ""height"": 841.92}, {""page"": 8, ""width"": 595.32, ""height"": 841.92}, {""page"": 9, ""width"": 595.32, ""height"": 841.92}, {""page"": 10, ""width"": 595.32, ""height"": 841.92}, {""page"": 11, ""width"": 595.32, ""height"": 841.92}, {""page"": 12, ""width"": 595.32, ""height"": 841.92}]",,[],,False,1任务依据及目的要求..............|2执行规范...................|3水平声波剖面法工作原理简介..........|4工程地质概况.................|5现场工作布置及数据采集............|5.1使用的仪器设备..............|5.2观测系统.................|5.3数据采集.................|6资料处理与解释................|6.1资料处理.................|6.2资料解释.................|7结论.....................,ca122cf80748,SONIC_FORECAST|12||1任务依据及目的要求..............|2执行规范...................|3水平声波剖面法工作原理简介..........|4工程地质概况.................|5现场工作布置及数据采集............|5.1使用的仪器设备..............|5.2观测系统.................|5.3数据采集.................|6资料处理与解释................|6.1资料处理.................|6.2资料解释.................|7结论.....................,PDFPLUMBER_UNAVAILABLE
c19c0e4b52882f445108f4a0,/Users/zhaoxiaoda/Library/CloudStorage/GoogleDrive-xiaodazhao0608@gmail.com/我的云端硬盘/TBM9/HSP/DyK1014+266.00_伯舒拉岭隧道进口右线水平声波剖面法超前地质预报报告(DyK1014+266～DyK1014+366)-20231203.pdf,SONIC_FORECAST,12,"[{""page"": 1, ""width"": 595.32, ""height"": 841.92}, {""page"": 2, ""width"": 595.32, ""height"": 841.92}, {""page"": 3, ""width"": 595.32, ""height"": 841.92}, {""page"": 4, ""width"": 595.32, ""height"": 841.92}, {""page"": 5, ""width"": 595.32, ""height"": 841.92}, {""page"": 6, ""width"": 595.32, ""height"": 841.92}, {""page"": 7, ""width"": 595.32, ""height"": 841.92}, {""page"": 8, ""width"": 595.32, ""height"": 841.92}, {""page"": 9, ""width"": 595.32, ""height"": 841.92}, {""page"": 10, ""width"": 595.32, ""height"": 841.92}, {""page"": 11, ""width"": 595.32, ""height"": 841.92}, {""page"": 12, ""width"": 595.32, ""height"": 841.92}]",,[],,False,1任务依据及目的要求..............|2执行规范...................|3水平声波剖面法工作原理简介..........|4工程地质概况.................|5现场工作布置及数据采集............|5.1使用的仪器设备..............|5.2观测系统.................|5.3数据采集.................|6资料处理与解释................|6.1资料处理.................|6.2资料解释.................|7结论.....................,ca122cf80748,SONIC_FORECAST|12||1任务依据及目的要求..............|2执行规范...................|3水平声波剖面法工作原理简介..........|4工程地质概况.................|5现场工作布置及数据采集............|5.1使用的仪器设备..............|5.2观测系统.................|5.3数据采集.................|6资料处理与解释................|6.1资料处理.................|6.2资料解释.................|7结论.....................,PDFPLUMBER_UNAVAILABLE
b84482f2cbc3d64012d7baad,/Users/zhaoxiaoda/Library/CloudStorage/GoogleDrive-xiaodazhao0608@gmail.com/我的云端硬盘/TBM9/HSP/DyK1014+341.00_伯舒拉岭隧道进口右线水平声波剖面法超前地质预报报告(DyK1014+341～DyK1014+441)-20231209.pdf,SONIC_FORECAST,12,"[{""page"": 1, ""width"": 595.2, ""height"": 841.92}, {""page"": 2, ""width"": 595.2, ""height"": 841.92}, {""page"": 3, ""width"": 595.2, ""height"": 841.92}, {""page"": 4, ""width"": 595.2, ""height"": 841.92}, {""page"": 5, ""width"": 595.2, ""height"": 841.92}, {""page"": 6, ""width"": 595.2, ""height"": 841.92}, {""page"": 7, ""width"": 595.2, ""height"": 841.92}, {""page"": 8, ""width"": 595.2, ""height"": 841.92}, {""page"": 9, ""width"": 595.2, ""height"": 841.92}, {""page"": 10, ""width"": 595.2, ""height"": 841.92}, {""page"": 11, ""width"": 595.2, ""height"": 841.92}, {""page"": 12, ""width"": 595.2, ""height"": 841.92}]",,[],,False,1任务依据及目的要求..............|2执行规范...................|3水平声波剖面法工作原理简介..........|4工程地质概况.................|5现场工作布置及数据采集............|5.1使用的仪器设备..............|5.2观测系统.................|5.3数据采集.................|6资料处理与解释................|6.1资料处理.................|6.2资料解释.................|7结论.....................,ca122cf80748,SONIC_FORECAST|12||1任务依据及目的要求..............|2执行规范...................|3水平声波剖面法工作原理简介..........|4工程地质概况.................|5现场工作布置及数据采集............|5.1使用的仪器设备..............|5.2观测系统.................|5.3数据采集.................|6资料处理与解释................|6.1资料处理.................|6.2资料解释.................|7结论.....................,PDFPLUMBER_UNAVAILABLE
99cb24b0b45c767bece0fac1,/Users/zhaoxiaoda/Library/CloudStorage/GoogleDrive-xiaodazhao0608@gmail.com/我的云端硬盘/TBM9/HSP/DyK1014+431.00_伯舒拉岭隧道进口右线水平声波剖面法超前地质预报报告(DyK1014+431～DyK1014+531)-20231217.pdf,SONIC_FORECAST,12,"[{""page"": 1, ""width"": 595.32, ""height"": 841.92}, {""page"": 2, ""width"": 595.32, ""height"": 841.92}, {""page"": 3, ""width"": 595.32, ""height"": 841.92}, {""page"": 4, ""width"": 595.32, ""height"": 841.92}, {""page"": 5, ""width"": 595.32, ""height"": 841.92}, {""page"": 6, ""width"": 595.32, ""height"": 841.92}, {""page"": 7, ""width"": 595.32, ""height"": 841.92}, {""page"": 8, ""width"": 595.32, ""height"": 841.92}, {""page"": 9, ""width"": 595.32, ""height"": 841.92}, {""page"": 10, ""width"": 595.32, ""height"": 841.92}, {""page"": 11, ""width"": 595.32, ""height"": 841.92}, {""page"": 12, ""width"": 595.32, ""height"": 841.92}]",,[],,False,1任务依据及目的要求..............|2执行规范...................|3水平声波剖面法工作原理简介..........|4工程地质概况.................|5现场工作布置及数据采集............|5.1使用的仪器设备..............|5.2观测系统.................|5.3数据采集.................|6资料处理与解释................|6.1资料处理.................|6.2资料解释.................|7结论.....................,ca122cf80748,SONIC_FORECAST|12||1任务依据及目的要求..............|2执行规范...................|3水平声波剖面法工作原理简介..........|4工程地质概况.................|5现场工作布置及数据采集............|5.1使用的仪器设备..............|5.2观测系统.................|5.3数据采集.................|6资料处理与解释................|6.1资料处理.................|6.2资料解释.................|7结论.....................,PDFPLUMBER_UNAVAILABLE
cae21ab80a31f71dbe3e20e9,/Users/zhaoxiaoda/Library/CloudStorage/GoogleDrive-xiaodazhao0608@gmail.com/我的云端硬盘/TBM9/HSP/DyK1014+455.00_伯舒拉岭隧道进口右线水平声波剖面法超前地质预报报告(DyK1014+455～DyK1014+555)-20231219.pdf,SONIC_FORECAST,12,"[{""page"": 1, ""width"": 595.32, ""height"": 841.92}, {""page"": 2, ""width"": 595.32, ""height"": 841.92}, {""page"": 3, ""width"": 595.32, ""height"": 841.92}, {""page"": 4, ""width"": 595.32, ""height"": 841.92}, {""page"": 5, ""width"": 595.32, ""height"": 841.92}, {""page"": 6, ""width"": 595.32, ""height"": 841.92}, {""page"": 7, ""width"": 595.32, ""height"": 841.92}, {""page"": 8, ""width"": 595.32, ""height"": 841.92}, {""page"": 9, ""width"": 595.32, ""height"": 841.92}, {""page"": 10, ""width"": 595.32, ""height"": 841.92}, {""page"": 11, ""width"": 595.32, ""height"": 841.92}, {""page"": 12, ""width"": 595.32, ""height"": 841.92}]",,[],,False,1任务依据及目的要求..............|2执行规范...................|3水平声波剖面法工作原理简介..........|4工程地质概况.................|5现场工作布置及数据采集............|5.1使用的仪器设备..............|5.2观测系统.................|5.3数据采集.................|6资料处理与解释................|6.1资料处理.................|6.2资料解释.................|7结论.....................,ca122cf80748,SONIC_FORECAST|12||1任务依据及目的要求..............|2执行规范...................|3水平声波剖面法工作原理简介..........|4工程地质概况.................|5现场工作布置及数据采集............|5.1使用的仪器设备..............|5.2观测系统.................|5.3数据采集.................|6资料处理与解释................|6.1资料处理.................|6.2资料解释.................|7结论.....................,PDFPLUMBER_UNAVAILABLE
e1a6e160ca63e609c5af325e,/Users/zhaoxiaoda/Library/CloudStorage/GoogleDrive-xiaodazhao0608@gmail.com/我的云端硬盘/TBM9/HSP/DyK1014+545.00_伯舒拉岭隧道进口右线水平声波剖面法超前地质预报报告(DyK1014+545～DyK1014+645)-20231224.pdf,SONIC_FORECAST,12,"[{""page"": 1, ""width"": 595.32, ""height"": 841.92}, {""page"": 2, ""width"": 595.32, ""height"": 841.92}, {""page"": 3, ""width"": 595.32, ""height"": 841.92}, {""page"": 4, ""width"": 595.32, ""height"": 841.92}, {""page"": 5, ""width"": 595.32, ""height"": 841.92}, {""page"": 6, ""width"": 595.32, ""height"": 841.92}, {""page"": 7, ""width"": 595.32, ""height"": 841.92}, {""page"": 8, ""width"": 595.32, ""height"": 841.92}, {""page"": 9, ""width"": 595.32, ""height"": 841.92}, {""page"": 10, ""width"": 595.32, ""height"": 841.92}, {""page"": 11, ""width"": 595.32, ""height"": 841.92}, {""page"": 12, ""width"": 595.32, ""height"": 841.92}]",,[],,False,1任务依据及目的要求..............|2执行规范...................|3水平声波剖面法工作原理简介..........|4工程地质概况.................|5现场工作布置及数据采集............|5.1使用的仪器设备..............|5.2观测系统.................|5.3数据采集.................|6资料处理与解释................|6.1资料处理.................|6.2资料解释.................|7结论.....................,ca122cf80748,SONIC_FORECAST|12||1任务依据及目的要求..............|2执行规范...................|3水平声波剖面法工作原理简介..........|4工程地质概况.................|5现场工作布置及数据采集............|5.1使用的仪器设备..............|5.2观测系统.................|5.3数据采集.................|6资料处理与解释................|6.1资料处理.................|6.2资料解释.................|7结论.....................,PDFPLUMBER_UNAVAILABLE
80b7d57907ec65316553d190,/Users/zhaoxiaoda/Library/CloudStorage/GoogleDrive-xiaodazhao0608@gmail.com/我的云端硬盘/TBM9/HSP/DyK1014+635.00_伯舒拉岭隧道进口右线水平声波剖面法超前地质预报报告(DyK1014+635～DyK1014+735)-20231229.pdf,SONIC_FORECAST,12,"[{""page"": 1, ""width"": 595.32, ""height"": 841.92}, {""page"": 2, ""width"": 595.32, ""height"": 841.92}, {""page"": 3, ""width"": 595.32, ""height"": 841.92}, {""page"": 4, ""width"": 595.32, ""height"": 841.92}, {""page"": 5, ""width"": 595.32, ""height"": 841.92}, {""page"": 6, ""width"": 595.32, ""height"": 841.92}, {""page"": 7, ""width"": 595.32, ""height"": 841.92}, {""page"": 8, ""width"": 595.32, ""height"": 841.92}, {""page"": 9, ""width"": 595.32, ""height"": 841.92}, {""page"": 10, ""width"": 595.32, ""height"": 841.92}, {""page"": 11, ""width"": 595.32, ""height"": 841.92}, {""page"": 12, ""width"": 595.32, ""height"": 841.92}]",,[],,False,1任务依据及目的要求..............|2执行规范...................|3水平声波剖面法工作原理简介..........|4工程地质概况.................|5现场工作布置及数据采集............|5.1使用的仪器设备..............|5.2观测系统.................|5.3数据采集.................|6资料处理与解释................|6.1资料处理.................|6.2资料解释.................|7结论.....................,ca122cf80748,SONIC_FORECAST|12||1任务依据及目的要求..............|2执行规范...................|3水平声波剖面法工作原理简介..........|4工程地质概况.................|5现场工作布置及数据采集............|5.1使用的仪器设备..............|5.2观测系统.................|5.3数据采集.................|6资料处理与解释................|6.1资料处理.................|6.2资料解释.................|7结论.....................,PDFPLUMBER_UNAVAILABLE
447cc0dedd510e33c9d0652b,/Users/zhaoxiaoda/Library/CloudStorage/GoogleDrive-xiaodazhao0608@gmail.com/我的云端硬盘/TBM9/HSP/DyK1014+725.00_伯舒拉岭隧道进口右线水平声波剖面法超前地质预报报告(DyK1014+725～DyK1014+825)-20240106.pdf,SONIC_FORECAST,12,"[{""page"": 1, ""width"": 595.32, ""height"": 841.92}, {""page"": 2, ""width"": 595.32, ""height"": 841.92}, {""page"": 3, ""width"": 595.32, ""height"": 841.92}, {""page"": 4, ""width"": 595.32, ""height"": 841.92}, {""page"": 5, ""width"": 595.32, ""height"": 841.92}, {""page"": 6, ""width"": 595.32, ""height"": 841.92}, {""page"": 7, ""width"": 595.32, ""height"": 841.92}, {""page"": 8, ""width"": 595.32, ""height"": 841.92}, {""page"": 9, ""width"": 595.32, ""height"": 841.92}, {""page"": 10, ""width"": 595.32, ""height"": 841.92}, {""page"": 11, ""width"": 595.32, ""height"": 841.92}, {""page"": 12, ""width"": 595.32, ""height"": 841.92}]",,[],,False,1任务依据及目的要求..............|2执行规范...................|3水平声波剖面法工作原理简介..........|4工程地质概况.................|5现场工作布置及数据采集............|5.1使用的仪器设备..............|5.2观测系统.................|5.3数据采集.................|6资料处理与解释................|6.1资料处理.................|6.2资料解释.................|7结论.....................,ca122cf80748,SONIC_FORECAST|12||1任务依据及目的要求..............|2执行规范...................|3水平声波剖面法工作原理简介..........|4工程地质概况.................|5现场工作布置及数据采集............|5.1使用的仪器设备..............|5.2观测系统.................|5.3数据采集.................|6资料处理与解释................|6.1资料处理.................|6.2资料解释.................|7结论.....................,PDFPLUMBER_UNAVAILABLE
359b40b31f615f98de748e40,/Users/zhaoxiaoda/Library/CloudStorage/GoogleDrive-xiaodazhao0608@gmail.com/我的云端硬盘/TBM9/HSP/DyK1014+806.00_伯舒拉岭隧道进口右线水平声波剖面法超前地质预报报告(DyK1014+806～DyK1014+906)-20240113.pdf,SONIC_FORECAST,12,"[{""page"": 1, ""width"": 595.32, ""height"": 841.92}, {""page"": 2, ""width"": 595.32, ""height"": 841.92}, {""page"": 3, ""width"": 595.32, ""height"": 841.92}, {""page"": 4, ""width"": 595.32, ""height"": 841.92}, {""page"": 5, ""width"": 595.32, ""height"": 841.92}, {""page"": 6, ""width"": 595.32, ""height"": 841.92}, {""page"": 7, ""width"": 595.32, ""height"": 841.92}, {""page"": 8, ""width"": 595.32, ""height"": 841.92}, {""page"": 9, ""width"": 595.32, ""height"": 841.92}, {""page"": 10, ""width"": 595.32, ""height"": 841.92}, {""page"": 11, ""width"": 595.32, ""height"": 841.92}, {""page"": 12, ""width"": 595.32, ""height"": 841.92}]",,[],,False,1任务依据及目的要求..............|2执行规范...................|3水平声波剖面法工作原理简介..........|4工程地质概况.................|5现场工作布置及数据采集............|5.1使用的仪器设备..............|5.2观测系统.................|5.3数据采集.................|6资料处理与解释................|6.1资料处理.................|6.2资料解释.................|7结论.....................,ca122cf80748,SONIC_FORECAST|12||1任务依据及目的要求..............|2执行规范...................|3水平声波剖面法工作原理简介..........|4工程地质概况.................|5现场工作布置及数据采集............|5.1使用的仪器设备..............|5.2观测系统.................|5.3数据采集.................|6资料处理与解释................|6.1资料处理.................|6.2资料解释.................|7结论.....................,PDFPLUMBER_UNAVAILABLE
f75ea3987498efba1de7664b,/Users/zhaoxiaoda/Library/CloudStorage/GoogleDrive-xiaodazhao0608@gmail.com/我的云端硬盘/TBM9/HSP/DyK1014+896.00_伯舒拉岭隧道进口右线水平声波剖面法超前地质预报报告(DyK1014+896～DyK1014+996)-20240128.pdf,SONIC_FORECAST,12,"[{""page"": 1, ""width"": 595.32, ""height"": 841.92}, {""page"": 2, ""width"": 595.32, ""height"": 841.92}, {""page"": 3, ""width"": 595.32, ""height"": 841.92}, {""page"": 4, ""width"": 595.32, ""height"": 841.92}, {""page"": 5, ""width"": 595.32, ""height"": 841.92}, {""page"": 6, ""width"": 595.32, ""height"": 841.92}, {""page"": 7, ""width"": 595.32, ""height"": 841.92}, {""page"": 8, ""width"": 595.32, ""height"": 841.92}, {""page"": 9, ""width"": 595.32, ""height"": 841.92}, {""page"": 10, ""width"": 595.32, ""height"": 841.92}, {""page"": 11, ""width"": 595.32, ""height"": 841.92}, {""page"": 12, ""width"": 595.32, ""height"": 841.92}]",,[],,False,1任务依据及目的要求..............|2执行规范...................|3水平声波剖面法工作原理简介..........|4工程地质概况.................|5现场工作布置及数据采集............|5.1使用的仪器设备..............|5.2观测系统.................|5.3数据采集.................|6资料处理与解释................|6.1资料处理.................|6.2资料解释.................|7结论.....................,ca122cf80748,SONIC_FORECAST|12||1任务依据及目的要求..............|2执行规范...................|3水平声波剖面法工作原理简介..........|4工程地质概况.................|5现场工作布置及数据采集............|5.1使用的仪器设备..............|5.2观测系统.................|5.3数据采集.................|6资料处理与解释................|6.1资料处理.................|6.2资料解释.................|7结论.....................,PDFPLUMBER_UNAVAILABLE
c0dfbcf8fce1423026998847,/Users/zhaoxiaoda/Library/CloudStorage/GoogleDrive-xiaodazhao0608@gmail.com/我的云端硬盘/TBM9/HSP/DyK1014+984.00_伯舒拉岭隧道进口右线水平声波剖面法超前地质预报报告(DyK1014+984～DyK1015+084)-20240204.pdf,SONIC_FORECAST,12,"[{""page"": 1, ""width"": 595.32, ""height"": 841.92}, {""page"": 2, ""width"": 595.32, ""height"": 841.92}, {""page"": 3, ""width"": 595.32, ""height"": 841.92}, {""page"": 4, ""width"": 595.32, ""height"": 841.92}, {""page"": 5, ""width"": 595.32, ""height"": 841.92}, {""page"": 6, ""width"": 595.32, ""height"": 841.92}, {""page"": 7, ""width"": 595.32, ""height"": 841.92}, {""page"": 8, ""width"": 595.32, ""height"": 841.92}, {""page"": 9, ""width"": 595.32, ""height"": 841.92}, {""page"": 10, ""width"": 595.32, ""height"": 841.92}, {""page"": 11, ""width"": 595.32, ""height"": 841.92}, {""page"": 12, ""width"": 595.32, ""height"": 841.92}]",,[],,False,1任务依据及目的要求..............|2执行规范...................|3水平声波剖面法工作原理简介..........|4工程地质概况.................|5现场工作布置及数据采集............|5.1使用的仪器设备..............|5.2观测系统.................|5.3数据采集.................|6资料处理与解释................|6.1资料处理.................|6.2资料解释.................|7结论.....................,ca122cf80748,SONIC_FORECAST|12||1任务依据及目的要求..............|2执行规范...................|3水平声波剖面法工作原理简介..........|4工程地质概况.................|5现场工作布置及数据采集............|5.1使用的仪器设备..............|5.2观测系统.................|5.3数据采集.................|6资料处理与解释................|6.1资料处理.................|6.2资料解释.................|7结论.....................,PDFPLUMBER_UNAVAILABLE
79b9643d8e9c9f830496c6ba,/Users/zhaoxiaoda/Library/CloudStorage/GoogleDrive-xiaodazhao0608@gmail.com/我的云端硬盘/TBM9/HSP/DyK1015+067.00_伯舒拉岭隧道进口右线水平声波剖面法超前地质预报报告(DyK1015+067～DyK1015+167)-20240216.pdf,SONIC_FORECAST,12,"[{""page"": 1, ""width"": 595.32, ""height"": 841.92}, {""page"": 2, ""width"": 595.32, ""height"": 841.92}, {""page"": 3, ""width"": 595.32, ""height"": 841.92}, {""page"": 4, ""width"": 595.32, ""height"": 841.92}, {""page"": 5, ""width"": 595.32, ""height"": 841.92}, {""page"": 6, ""width"": 595.32, ""height"": 841.92}, {""page"": 7, ""width"": 595.32, ""height"": 841.92}, {""page"": 8, ""width"": 595.32, ""height"": 841.92}, {""page"": 9, ""width"": 595.32, ""height"": 841.92}, {""page"": 10, ""width"": 595.32, ""height"": 841.92}, {""page"": 11, ""width"": 595.32, ""height"": 841.92}, {""page"": 12, ""width"": 595.32, ""height"": 841.92}]",,[],,False,1任务依据及目的要求..............|2执行规范...................|3水平声波剖面法工作原理简介..........|4工程地质概况.................|5现场工作布置及数据采集............|5.1使用的仪器设备..............|5.2观测系统.................|5.3数据采集.................|6资料处理与解释................|6.1资料处理.................|6.2资料解释.................|7结论.....................,ca122cf80748,SONIC_FORECAST|12||1任务依据及目的要求..............|2执行规范...................|3水平声波剖面法工作原理简介..........|4工程地质概况.................|5现场工作布置及数据采集............|5.1使用的仪器设备..............|5.2观测系统.................|5.3数据采集.................|6资料处理与解释................|6.1资料处理.................|6.2资料解释.................|7结论.....................,PDFPLUMBER_UNAVAILABLE
a7ffd82d0426c75756afc108,/Users/zhaoxiaoda/Library/CloudStorage/GoogleDrive-xiaodazhao0608@gmail.com/我的云端硬盘/TBM9/HSP/DyK1015+157.00_伯舒拉岭隧道进口右线水平声波剖面法超前地质预报报告(DyK1015+157～DyK1015+257)-20240224.pdf,SONIC_FORECAST,12,"[{""page"": 1, ""width"": 595.32, ""height"": 841.92}, {""page"": 2, ""width"": 595.32, ""height"": 841.92}, {""page"": 3, ""width"": 595.32, ""height"": 841.92}, {""page"": 4, ""width"": 595.32, ""height"": 841.92}, {""page"": 5, ""width"": 595.32, ""height"": 841.92}, {""page"": 6, ""width"": 595.32, ""height"": 841.92}, {""page"": 7, ""width"": 595.32, ""height"": 841.92}, {""page"": 8, ""width"": 595.32, ""height"": 841.92}, {""page"": 9, ""width"": 595.32, ""height"": 841.92}, {""page"": 10, ""width"": 595.32, ""height"": 841.92}, {""page"": 11, ""width"": 595.32, ""height"": 841.92}, {""page"": 12, ""width"": 595.32, ""height"": 841.92}]",,[],,False,1任务依据及目的要求..............|2执行规范...................|3水平声波剖面法工作原理简介..........|4工程地质概况.................|5现场工作布置及数据采集............|5.1使用的仪器设备..............|5.2观测系统.................|5.3数据采集.................|6资料处理与解释................|6.1资料处理.................|6.2资料解释.................|7结论.....................,ca122cf80748,SONIC_FORECAST|12||1任务依据及目的要求..............|2执行规范...................|3水平声波剖面法工作原理简介..........|4工程地质概况.................|5现场工作布置及数据采集............|5.1使用的仪器设备..............|5.2观测系统.................|5.3数据采集.................|6资料处理与解释................|6.1资料处理.................|6.2资料解释.................|7结论.....................,PDFPLUMBER_UNAVAILABLE
90c07a70085f286a40774a8e,/Users/zhaoxiaoda/Library/CloudStorage/GoogleDrive-xiaodazhao0608@gmail.com/我的云端硬盘/TBM9/HSP/DyK1015+247.00_伯舒拉岭隧道进口右线水平声波剖面法超前地质预报报告(DyK1015+247～DyK1015+347)-202400311.pdf,SONIC_FORECAST,12,"[{""page"": 1, ""width"": 595.32, ""height"": 841.92}, {""page"": 2, ""width"": 595.32, ""height"": 841.92}, {""page"": 3, ""width"": 595.32, ""height"": 841.92}, {""page"": 4, ""width"": 595.32, ""height"": 841.92}, {""page"": 5, ""width"": 595.32, ""height"": 841.92}, {""page"": 6, ""width"": 595.32, ""height"": 841.92}, {""page"": 7, ""width"": 595.32, ""height"": 841.92}, {""page"": 8, ""width"": 595.32, ""height"": 841.92}, {""page"": 9, ""width"": 595.32, ""height"": 841.92}, {""page"": 10, ""width"": 595.32, ""height"": 841.92}, {""page"": 11, ""width"": 595.32, ""height"": 841.92}, {""page"": 12, ""width"": 595.32, ""height"": 841.92}]",,[],,False,1任务依据及目的要求..............|2执行规范...................|3水平声波剖面法工作原理简介..........|4工程地质概况.................|5现场工作布置及数据采集............|5.1使用的仪器设备..............|5.2观测系统.................|5.3数据采集.................|6资料处理与解释................|6.1资料处理.................|6.2资料解释.................|7结论.....................,ca122cf80748,SONIC_FORECAST|12||1任务依据及目的要求..............|2执行规范...................|3水平声波剖面法工作原理简介..........|4工程地质概况.................|5现场工作布置及数据采集............|5.1使用的仪器设备..............|5.2观测系统.................|5.3数据采集.................|6资料处理与解释................|6.1资料处理.................|6.2资料解释.................|7结论.....................,PDFPLUMBER_UNAVAILABLE
15527516f49dbd9ec4687f84,/Users/zhaoxiaoda/Library/CloudStorage/GoogleDrive-xiaodazhao0608@gmail.com/我的云端硬盘/TBM9/HSP/DyK1015+323.00_伯舒拉岭隧道进口右线水平声波剖面法超前地质预报报告(DyK1015+323～DyK1015+423)-202400315.pdf,SONIC_FORECAST,12,"[{""page"": 1, ""width"": 595.2, ""height"": 841.92}, {""page"": 2, ""width"": 595.2, ""height"": 841.92}, {""page"": 3, ""width"": 595.2, ""height"": 841.92}, {""page"": 4, ""width"": 595.2, ""height"": 841.92}, {""page"": 5, ""width"": 595.2, ""height"": 841.92}, {""page"": 6, ""width"": 595.2, ""height"": 841.92}, {""page"": 7, ""width"": 595.2, ""height"": 841.92}, {""page"": 8, ""width"": 595.2, ""height"": 841.92}, {""page"": 9, ""width"": 595.2, ""height"": 841.92}, {""page"": 10, ""width"": 595.2, ""height"": 841.92}, {""page"": 11, ""width"": 595.2, ""height"": 841.92}, {""page"": 12, ""width"": 595.2, ""height"": 841.92}]",,[],,False,1任务依据及目的要求..............|2执行规范...................|3水平声波剖面法工作原理简介..........|4工程地质概况.................|5现场工作布置及数据采集............|5.1使用的仪器设备..............|5.2观测系统.................|5.3数据采集.................|6资料处理与解释................|6.1资料处理.................|6.2资料解释.................|7结论.....................,ca122cf80748,SONIC_FORECAST|12||1任务依据及目的要求..............|2执行规范...................|3水平声波剖面法工作原理简介..........|4工程地质概况.................|5现场工作布置及数据采集............|5.1使用的仪器设备..............|5.2观测系统.................|5.3数据采集.................|6资料处理与解释................|6.1资料处理.................|6.2资料解释.................|7结论.....................,PDFPLUMBER_UNAVAILABLE
a4794fd92653c9996b9a6cf4,/Users/zhaoxiaoda/Library/CloudStorage/GoogleDrive-xiaodazhao0608@gmail.com/我的云端硬盘/TBM9/HSP/DyK1015+405.00_伯舒拉岭隧道进口右线水平声波剖面法超前地质预报报告(DyK1015+405～DyK1015+505).pdf,SONIC_FORECAST,12,"[{""page"": 1, ""width"": 595.2, ""height"": 841.92}, {""page"": 2, ""width"": 595.2, ""height"": 841.92}, {""page"": 3, ""width"": 595.2, ""height"": 841.92}, {""page"": 4, ""width"": 595.2, ""height"": 841.92}, {""page"": 5, ""width"": 595.2, ""height"": 841.92}, {""page"": 6, ""width"": 595.2, ""height"": 841.92}, {""page"": 7, ""width"": 595.2, ""height"": 841.92}, {""page"": 8, ""width"": 595.2, ""height"": 841.92}, {""page"": 9, ""width"": 595.2, ""height"": 841.92}, {""page"": 10, ""width"": 595.2, ""height"": 841.92}, {""page"": 11, ""width"": 595.2, ""height"": 841.92}, {""page"": 12, ""width"": 595.2, ""height"": 841.92}]",,[],,False,1任务依据及目的要求..............|2执行规范...................|3水平声波剖面法工作原理简介..........|4工程地质概况.................|5现场工作布置及数据采集............|5.1使用的仪器设备..............|5.2观测系统.................|5.3数据采集.................|6资料处理与解释................|6.1资料处理.................|6.2资料解释.................|7结论.....................,ca122cf80748,SONIC_FORECAST|12||1任务依据及目的要求..............|2执行规范...................|3水平声波剖面法工作原理简介..........|4工程地质概况.................|5现场工作布置及数据采集............|5.1使用的仪器设备..............|5.2观测系统.................|5.3数据采集.................|6资料处理与解释................|6.1资料处理.................|6.2资料解释.................|7结论.....................,PDFPLUMBER_UNAVAILABLE
f18a2f957fd17baf43c4355b,/Users/zhaoxiaoda/Library/CloudStorage/GoogleDrive-xiaodazhao0608@gmail.com/我的云端硬盘/TBM9/HSP/DyK1015+495.00_伯舒拉岭隧道进口右线水平声波剖面法超前地质预报报告(DyK1015+495～DyK1015+595).pdf,SONIC_FORECAST,12,"[{""page"": 1, ""width"": 595.2, ""height"": 841.92}, {""page"": 2, ""width"": 595.2, ""height"": 841.92}, {""page"": 3, ""width"": 595.2, ""height"": 841.92}, {""page"": 4, ""width"": 595.2, ""height"": 841.92}, {""page"": 5, ""width"": 595.2, ""height"": 841.92}, {""page"": 6, ""width"": 595.2, ""height"": 841.92}, {""page"": 7, ""width"": 595.2, ""height"": 841.92}, {""page"": 8, ""width"": 595.2, ""height"": 841.92}, {""page"": 9, ""width"": 595.2, ""height"": 841.92}, {""page"": 10, ""width"": 595.2, ""height"": 841.92}, {""page"": 11, ""width"": 595.2, ""height"": 841.92}, {""page"": 12, ""width"": 595.2, ""height"": 841.92}]",,[],,False,1任务依据及目的要求..............|2执行规范...................|3水平声波剖面法工作原理简介..........|4工程地质概况.................|5现场工作布置及数据采集............|5.1使用的仪器设备..............|5.2观测系统.................|5.3数据采集.................|6资料处理与解释................|6.1资料处理.................|6.2资料解释.................|7结论.....................,ca122cf80748,SONIC_FORECAST|12||1任务依据及目的要求..............|2执行规范...................|3水平声波剖面法工作原理简介..........|4工程地质概况.................|5现场工作布置及数据采集............|5.1使用的仪器设备..............|5.2观测系统.................|5.3数据采集.................|6资料处理与解释................|6.1资料处理.................|6.2资料解释.................|7结论.....................,PDFPLUMBER_UNAVAILABLE
65be642b476319172181db99,/Users/zhaoxiaoda/Library/CloudStorage/GoogleDrive-xiaodazhao0608@gmail.com/我的云端硬盘/TBM9/HSP/DyK1015+585.00_伯舒拉岭隧道进口右线水平声波剖面法超前地质预报报告(DyK1015+585～DyK1015+685)-20230328.pdf,SONIC_FORECAST,12,"[{""page"": 1, ""width"": 595.2, ""height"": 841.92}, {""page"": 2, ""width"": 595.2, ""height"": 841.92}, {""page"": 3, ""width"": 595.2, ""height"": 841.92}, {""page"": 4, ""width"": 595.2, ""height"": 841.92}, {""page"": 5, ""width"": 595.2, ""height"": 841.92}, {""page"": 6, ""width"": 595.2, ""height"": 841.92}, {""page"": 7, ""width"": 595.2, ""height"": 841.92}, {""page"": 8, ""width"": 595.2, ""height"": 841.92}, {""page"": 9, ""width"": 595.2, ""height"": 841.92}, {""page"": 10, ""width"": 595.2, ""height"": 841.92}, {""page"": 11, ""width"": 595.2, ""height"": 841.92}, {""page"": 12, ""width"": 595.2, ""height"": 841.92}]",,[],,False,1任务依据及目的要求..............|2执行规范...................|3水平声波剖面法工作原理简介..........|4工程地质概况.................|5现场工作布置及数据采集............|5.1使用的仪器设备..............|5.2观测系统.................|5.3数据采集.................|6资料处理与解释................|6.1资料处理.................|6.2资料解释.................|7结论.....................,ca122cf80748,SONIC_FORECAST|12||1任务依据及目的要求..............|2执行规范...................|3水平声波剖面法工作原理简介..........|4工程地质概况.................|5现场工作布置及数据采集............|5.1使用的仪器设备..............|5.2观测系统.................|5.3数据采集.................|6资料处理与解释................|6.1资料处理.................|6.2资料解释.................|7结论.....................,PDFPLUMBER_UNAVAILABLE
cf717adc659811d8b9581994,/Users/zhaoxiaoda/Library/CloudStorage/GoogleDrive-xiaodazhao0608@gmail.com/我的云端硬盘/TBM9/HSP/DyK1015+673.00_伯舒拉岭隧道进口右线水平声波剖面法超前地质预报报告(DyK1015+673～DyK1015+773)-20230408.pdf,SONIC_FORECAST,12,"[{""page"": 1, ""width"": 595.2, ""height"": 841.92}, {""page"": 2, ""width"": 595.2, ""height"": 841.92}, {""page"": 3, ""width"": 595.2, ""height"": 841.92}, {""page"": 4, ""width"": 595.2, ""height"": 841.92}, {""page"": 5, ""width"": 595.2, ""height"": 841.92}, {""page"": 6, ""width"": 595.2, ""height"": 841.92}, {""page"": 7, ""width"": 595.2, ""height"": 841.92}, {""page"": 8, ""width"": 595.2, ""height"": 841.92}, {""page"": 9, ""width"": 595.2, ""height"": 841.92}, {""page"": 10, ""width"": 595.2, ""height"": 841.92}, {""page"": 11, ""width"": 595.2, ""height"": 841.92}, {""page"": 12, ""width"": 595.2, ""height"": 841.92}]",,[],,False,1任务依据及目的要求..............|2执行规范...................|3水平声波剖面法工作原理简介..........|4工程地质概况.................|5现场工作布置及数据采集............|5.1使用的仪器设备..............|5.2观测系统.................|5.3数据采集.................|6资料处理与解释................|6.1资料处理.................|6.2资料解释.................|7结论.....................,ca122cf80748,SONIC_FORECAST|12||1任务依据及目的要求..............|2执行规范...................|3水平声波剖面法工作原理简介..........|4工程地质概况.................|5现场工作布置及数据采集............|5.1使用的仪器设备..............|5.2观测系统.................|5.3数据采集.................|6资料处理与解释................|6.1资料处理.................|6.2资料解释.................|7结论.....................,PDFPLUMBER_UNAVAILABLE
b5debd8437ffd7739b20f51b,/Users/zhaoxiaoda/Library/CloudStorage/GoogleDrive-xiaodazhao0608@gmail.com/我的云端硬盘/TBM9/HSP/DyK1015+763.00_伯舒拉岭隧道进口右线水平声波剖面法超前地质预报报告(DyK1015+763～DyK1015+863)-20230418.pdf,SONIC_FORECAST,12,"[{""page"": 1, ""width"": 595.3, ""height"": 841.9}, {""page"": 2, ""width"": 595.3, ""height"": 841.9}, {""page"": 3, ""width"": 595.3, ""height"": 841.9}, {""page"": 4, ""width"": 595.3, ""height"": 841.9}, {""page"": 5, ""width"": 595.3, ""height"": 841.9}, {""page"": 6, ""width"": 595.3, ""height"": 841.9}, {""page"": 7, ""width"": 595.3, ""height"": 841.9}, {""page"": 8, ""width"": 595.3, ""height"": 841.9}, {""page"": 9, ""width"": 595.3, ""height"": 841.9}, {""page"": 10, ""width"": 595.3, ""height"": 841.9}, {""page"": 11, ""width"": 595.3, ""height"": 841.9}, {""page"": 12, ""width"": 595.3, ""height"": 841.9}]",,[],,False,1任务依据及目的要求..............|2执行规范...................|3水平声波剖面法工作原理简介..........|4工程地质概况.................|5现场工作布置及数据采集............|5.1使用的仪器设备..............|5.2观测系统.................|5.3数据采集.................|6资料处理与解释................|6.1资料处理.................|6.2资料解释.................|7结论.....................,ca122cf80748,SONIC_FORECAST|12||1任务依据及目的要求..............|2执行规范...................|3水平声波剖面法工作原理简介..........|4工程地质概况.................|5现场工作布置及数据采集............|5.1使用的仪器设备..............|5.2观测系统.................|5.3数据采集.................|6资料处理与解释................|6.1资料处理.................|6.2资料解释.................|7结论.....................,PDFPLUMBER_UNAVAILABLE
c97e70bb1e2e9ac9f6ce57b8,/Users/zhaoxiaoda/Library/CloudStorage/GoogleDrive-xiaodazhao0608@gmail.com/我的云端硬盘/TBM9/HSP/DyK1015+853.00_伯舒拉岭隧道进口右线水平声波剖面法超前地质预报报告(Dyk1015+853～Dyk1015+953)-20230429.pdf,SONIC_FORECAST,12,"[{""page"": 1, ""width"": 595.32, ""height"": 841.92}, {""page"": 2, ""width"": 595.32, ""height"": 841.92}, {""page"": 3, ""width"": 595.32, ""height"": 841.92}, {""page"": 4, ""width"": 595.32, ""height"": 841.92}, {""page"": 5, ""width"": 595.32, ""height"": 841.92}, {""page"": 6, ""width"": 595.32, ""height"": 841.92}, {""page"": 7, ""width"": 595.32, ""height"": 841.92}, {""page"": 8, ""width"": 595.32, ""height"": 841.92}, {""page"": 9, ""width"": 595.32, ""height"": 841.92}, {""page"": 10, ""width"": 595.32, ""height"": 841.92}, {""page"": 11, ""width"": 595.32, ""height"": 841.92}, {""page"": 12, ""width"": 595.32, ""height"": 841.92}]",,[],,False,1任务依据及目的要求..............|2执行规范...................|3水平声波剖面法工作原理简介..........|4工程地质概况.................|5现场工作布置及数据采集............|5.1使用的仪器设备..............|5.2观测系统.................|5.3数据采集.................|6资料处理与解释................|6.1资料处理.................|6.2资料解释.................|7结论.....................,ca122cf80748,SONIC_FORECAST|12||1任务依据及目的要求..............|2执行规范...................|3水平声波剖面法工作原理简介..........|4工程地质概况.................|5现场工作布置及数据采集............|5.1使用的仪器设备..............|5.2观测系统.................|5.3数据采集.................|6资料处理与解释................|6.1资料处理.................|6.2资料解释.................|7结论.....................,PDFPLUMBER_UNAVAILABLE
a9935080c9bb172eac46c7cd,/Users/zhaoxiaoda/Library/CloudStorage/GoogleDrive-xiaodazhao0608@gmail.com/我的云端硬盘/TBM9/HSP/DyK1015+936.00_伯舒拉岭隧道进口右线水平声波剖面法超前地质预报报告(Dyk1015+936～Dyk1016+036)-20230505.pdf,SONIC_FORECAST,12,"[{""page"": 1, ""width"": 595.2, ""height"": 841.92}, {""page"": 2, ""width"": 595.2, ""height"": 841.92}, {""page"": 3, ""width"": 595.2, ""height"": 841.92}, {""page"": 4, ""width"": 595.2, ""height"": 841.92}, {""page"": 5, ""width"": 595.2, ""height"": 841.92}, {""page"": 6, ""width"": 595.2, ""height"": 841.92}, {""page"": 7, ""width"": 595.2, ""height"": 841.92}, {""page"": 8, ""width"": 595.2, ""height"": 841.92}, {""page"": 9, ""width"": 595.2, ""height"": 841.92}, {""page"": 10, ""width"": 595.2, ""height"": 841.92}, {""page"": 11, ""width"": 595.2, ""height"": 841.92}, {""page"": 12, ""width"": 595.2, ""height"": 841.92}]",,[],,False,1任务依据及目的要求..............|2执行规范...................|3水平声波剖面法工作原理简介..........|4工程地质概况.................|5现场工作布置及数据采集............|5.1使用的仪器设备..............|5.2观测系统.................|5.3数据采集.................|6资料处理与解释................|6.1资料处理.................|6.2资料解释.................|7结论.....................,ca122cf80748,SONIC_FORECAST|12||1任务依据及目的要求..............|2执行规范...................|3水平声波剖面法工作原理简介..........|4工程地质概况.................|5现场工作布置及数据采集............|5.1使用的仪器设备..............|5.2观测系统.................|5.3数据采集.................|6资料处理与解释................|6.1资料处理.................|6.2资料解释.................|7结论.....................,PDFPLUMBER_UNAVAILABLE
3150aea3003be59260e06840,/Users/zhaoxiaoda/Library/CloudStorage/GoogleDrive-xiaodazhao0608@gmail.com/我的云端硬盘/TBM9/HSP/DyK1016+026.00_伯舒拉岭隧道进口右线水平声波剖面法超前地质预报报告(Dyk1016+026～Dyk1016+126)-20230513.pdf,SONIC_FORECAST,12,"[{""page"": 1, ""width"": 595.2, ""height"": 841.92}, {""page"": 2, ""width"": 595.2, ""height"": 841.92}, {""page"": 3, ""width"": 595.2, ""height"": 841.92}, {""page"": 4, ""width"": 595.2, ""height"": 841.92}, {""page"": 5, ""width"": 595.2, ""height"": 841.92}, {""page"": 6, ""width"": 595.2, ""height"": 841.92}, {""page"": 7, ""width"": 595.2, ""height"": 841.92}, {""page"": 8, ""width"": 595.2, ""height"": 841.92}, {""page"": 9, ""width"": 595.2, ""height"": 841.92}, {""page"": 10, ""width"": 595.2, ""height"": 841.92}, {""page"": 11, ""width"": 595.2, ""height"": 841.92}, {""page"": 12, ""width"": 595.2, ""height"": 841.92}]",,[],,False,1任务依据及目的要求..............|2执行规范...................|3水平声波剖面法工作原理简介..........|4工程地质概况.................|5现场工作布置及数据采集............|5.1使用的仪器设备..............|5.2观测系统.................|5.3数据采集.................|6资料处理与解释................|6.1资料处理.................|6.2资料解释.................|7结论.....................,ca122cf80748,SONIC_FORECAST|12||1任务依据及目的要求..............|2执行规范...................|3水平声波剖面法工作原理简介..........|4工程地质概况.................|5现场工作布置及数据采集............|5.1使用的仪器设备..............|5.2观测系统.................|5.3数据采集.................|6资料处理与解释................|6.1资料处理.................|6.2资料解释.................|7结论.....................,PDFPLUMBER_UNAVAILABLE
8f981989a349fb208e097627,/Users/zhaoxiaoda/Library/CloudStorage/GoogleDrive-xiaodazhao0608@gmail.com/我的云端硬盘/TBM9/HSP/DyK1016+116.00_伯舒拉岭隧道进口右线水平声波剖面法超前地质预报报告(Dyk1016+116～Dyk1016+216)-20230519.pdf,SONIC_FORECAST,12,"[{""page"": 1, ""width"": 595.2, ""height"": 841.92}, {""page"": 2, ""width"": 595.2, ""height"": 841.92}, {""page"": 3, ""width"": 595.2, ""height"": 841.92}, {""page"": 4, ""width"": 595.2, ""height"": 841.92}, {""page"": 5, ""width"": 595.2, ""height"": 841.92}, {""page"": 6, ""width"": 595.2, ""height"": 841.92}, {""page"": 7, ""width"": 595.2, ""height"": 841.92}, {""page"": 8, ""width"": 595.2, ""height"": 841.92}, {""page"": 9, ""width"": 595.2, ""height"": 841.92}, {""page"": 10, ""width"": 595.2, ""height"": 841.92}, {""page"": 11, ""width"": 595.2, ""height"": 841.92}, {""page"": 12, ""width"": 595.2, ""height"": 841.92}]",,[],,False,1任务依据及目的要求..............|2执行规范...................|3水平声波剖面法工作原理简介..........|4工程地质概况.................|5现场工作布置及数据采集............|5.1使用的仪器设备..............|5.2观测系统.................|5.3数据采集.................|6资料处理与解释................|6.1资料处理.................|6.2资料解释.................|7结论.....................,ca122cf80748,SONIC_FORECAST|12||1任务依据及目的要求..............|2执行规范...................|3水平声波剖面法工作原理简介..........|4工程地质概况.................|5现场工作布置及数据采集............|5.1使用的仪器设备..............|5.2观测系统.................|5.3数据采集.................|6资料处理与解释................|6.1资料处理.................|6.2资料解释.................|7结论.....................,PDFPLUMBER_UNAVAILABLE
9b3d85277f627f3f01a41dfc,/Users/zhaoxiaoda/Library/CloudStorage/GoogleDrive-xiaodazhao0608@gmail.com/我的云端硬盘/TBM9/HSP/DyK1016+206.00_伯舒拉岭隧道进口右线水平声波剖面法超前地质预报报告(Dyk1016+206～Dyk1016+306)-20230526.pdf,SONIC_FORECAST,12,"[{""page"": 1, ""width"": 595.2, ""height"": 841.92}, {""page"": 2, ""width"": 595.2, ""height"": 841.92}, {""page"": 3, ""width"": 595.2, ""height"": 841.92}, {""page"": 4, ""width"": 595.2, ""height"": 841.92}, {""page"": 5, ""width"": 595.2, ""height"": 841.92}, {""page"": 6, ""width"": 595.2, ""height"": 841.92}, {""page"": 7, ""width"": 595.2, ""height"": 841.92}, {""page"": 8, ""width"": 595.2, ""height"": 841.92}, {""page"": 9, ""width"": 595.2, ""height"": 841.92}, {""page"": 10, ""width"": 595.2, ""height"": 841.92}, {""page"": 11, ""width"": 595.2, ""height"": 841.92}, {""page"": 12, ""width"": 595.2, ""height"": 841.92}]",,[],,False,1任务依据及目的要求..............|2执行规范...................|3水平声波剖面法工作原理简介..........|4工程地质概况.................|5现场工作布置及数据采集............|5.1使用的仪器设备..............|5.2观测系统.................|5.3数据采集.................|6资料处理与解释................|6.1资料处理.................|6.2资料解释.................|7结论.....................,ca122cf80748,SONIC_FORECAST|12||1任务依据及目的要求..............|2执行规范...................|3水平声波剖面法工作原理简介..........|4工程地质概况.................|5现场工作布置及数据采集............|5.1使用的仪器设备..............|5.2观测系统.................|5.3数据采集.................|6资料处理与解释................|6.1资料处理.................|6.2资料解释.................|7结论.....................,PDFPLUMBER_UNAVAILABLE
2aefbe233d481846fb3ff2e5,/Users/zhaoxiaoda/Library/CloudStorage/GoogleDrive-xiaodazhao0608@gmail.com/我的云端硬盘/TBM9/HSP/DyK1016+296.00_伯舒拉岭隧道进口右线水平声波剖面法超前地质预报报告(Dyk1016+296～Dyk1016+396)-20230602.pdf,SONIC_FORECAST,12,"[{""page"": 1, ""width"": 595.3, ""height"": 841.9}, {""page"": 2, ""width"": 595.3, ""height"": 841.9}, {""page"": 3, ""width"": 595.3, ""height"": 841.9}, {""page"": 4, ""width"": 595.3, ""height"": 841.9}, {""page"": 5, ""width"": 595.3, ""height"": 841.9}, {""page"": 6, ""width"": 595.3, ""height"": 841.9}, {""page"": 7, ""width"": 595.3, ""height"": 841.9}, {""page"": 8, ""width"": 595.3, ""height"": 841.9}, {""page"": 9, ""width"": 595.3, ""height"": 841.9}, {""page"": 10, ""width"": 595.3, ""height"": 841.9}, {""page"": 11, ""width"": 595.3, ""height"": 841.9}, {""page"": 12, ""width"": 595.3, ""height"": 841.9}]",,[],,False,1任务依据及目的要求..............|2执行规范...................|3水平声波剖面法工作原理简介..........|4工程地质概况.................|5现场工作布置及数据采集............|5.1使用的仪器设备..............|5.2观测系统.................|5.3数据采集.................|6资料处理与解释................|6.1资料处理.................|6.2资料解释.................|7结论.....................,ca122cf80748,SONIC_FORECAST|12||1任务依据及目的要求..............|2执行规范...................|3水平声波剖面法工作原理简介..........|4工程地质概况.................|5现场工作布置及数据采集............|5.1使用的仪器设备..............|5.2观测系统.................|5.3数据采集.................|6资料处理与解释................|6.1资料处理.................|6.2资料解释.................|7结论.....................,PDFPLUMBER_UNAVAILABLE
bd2464c9601ed3bc6794053c,/Users/zhaoxiaoda/Library/CloudStorage/GoogleDrive-xiaodazhao0608@gmail.com/我的云端硬盘/TBM9/HSP/DyK1016+386.00_伯舒拉岭隧道进口右线水平声波剖面法超前地质预报报告(Dyk1016+386～Dyk1016+486)-20230611(1).pdf,SONIC_FORECAST,12,"[{""page"": 1, ""width"": 595.2, ""height"": 841.92}, {""page"": 2, ""width"": 595.2, ""height"": 841.92}, {""page"": 3, ""width"": 595.2, ""height"": 841.92}, {""page"": 4, ""width"": 595.2, ""height"": 841.92}, {""page"": 5, ""width"": 595.2, ""height"": 841.92}, {""page"": 6, ""width"": 595.2, ""height"": 841.92}, {""page"": 7, ""width"": 595.2, ""height"": 841.92}, {""page"": 8, ""width"": 595.2, ""height"": 841.92}, {""page"": 9, ""width"": 595.2, ""height"": 841.92}, {""page"": 10, ""width"": 595.2, ""height"": 841.92}, {""page"": 11, ""width"": 595.2, ""height"": 841.92}, {""page"": 12, ""width"": 595.2, ""height"": 841.92}]",,[],,False,1任务依据及目的要求..............|2执行规范...................|3水平声波剖面法工作原理简介..........|4工程地质概况.................|5现场工作布置及数据采集............|5.1使用的仪器设备..............|5.2观测系统.................|5.3数据采集.................|6资料处理与解释................|6.1资料处理.................|6.2资料解释.................|7结论.....................,ca122cf80748,SONIC_FORECAST|12||1任务依据及目的要求..............|2执行规范...................|3水平声波剖面法工作原理简介..........|4工程地质概况.................|5现场工作布置及数据采集............|5.1使用的仪器设备..............|5.2观测系统.................|5.3数据采集.................|6资料处理与解释................|6.1资料处理.................|6.2资料解释.................|7结论.....................,PDFPLUMBER_UNAVAILABLE
7ef565cd9067e10b5d8d8702,/Users/zhaoxiaoda/Library/CloudStorage/GoogleDrive-xiaodazhao0608@gmail.com/我的云端硬盘/TBM9/HSP/DyK1016+476.00_伯舒拉岭隧道进口右线水平声波剖面法超前地质预报报告(Dyk1016+476～Dyk1016+586)-20240619.pdf,SONIC_FORECAST,12,"[{""page"": 1, ""width"": 595.2, ""height"": 841.92}, {""page"": 2, ""width"": 595.2, ""height"": 841.92}, {""page"": 3, ""width"": 595.2, ""height"": 841.92}, {""page"": 4, ""width"": 595.2, ""height"": 841.92}, {""page"": 5, ""width"": 595.2, ""height"": 841.92}, {""page"": 6, ""width"": 595.2, ""height"": 841.92}, {""page"": 7, ""width"": 595.2, ""height"": 841.92}, {""page"": 8, ""width"": 595.2, ""height"": 841.92}, {""page"": 9, ""width"": 595.2, ""height"": 841.92}, {""page"": 10, ""width"": 595.2, ""height"": 841.92}, {""page"": 11, ""width"": 595.2, ""height"": 841.92}, {""page"": 12, ""width"": 595.2, ""height"": 841.92}]",,[],,False,1任务依据及目的要求..............|2执行规范...................|3水平声波剖面法工作原理简介..........|4工程地质概况.................|5现场工作布置及数据采集............|5.1使用的仪器设备..............|5.2观测系统.................|5.3数据采集.................|6资料处理与解释................|6.1资料处理.................|6.2资料解释.................|7结论.....................,ca122cf80748,SONIC_FORECAST|12||1任务依据及目的要求..............|2执行规范...................|3水平声波剖面法工作原理简介..........|4工程地质概况.................|5现场工作布置及数据采集............|5.1使用的仪器设备..............|5.2观测系统.................|5.3数据采集.................|6资料处理与解释................|6.1资料处理.................|6.2资料解释.................|7结论.....................,PDFPLUMBER_UNAVAILABLE
af2f8807176806c46eed14bc,/Users/zhaoxiaoda/Library/CloudStorage/GoogleDrive-xiaodazhao0608@gmail.com/我的云端硬盘/TBM9/HSP/DyK1016+555.00_伯舒拉岭隧道进口右线水平声波剖面法超前地质预报报告(Dyk1016+555～Dyk1016+655)-20240624.pdf,SONIC_FORECAST,12,"[{""page"": 1, ""width"": 595.2, ""height"": 841.92}, {""page"": 2, ""width"": 595.2, ""height"": 841.92}, {""page"": 3, ""width"": 595.2, ""height"": 841.92}, {""page"": 4, ""width"": 595.2, ""height"": 841.92}, {""page"": 5, ""width"": 595.2, ""height"": 841.92}, {""page"": 6, ""width"": 595.2, ""height"": 841.92}, {""page"": 7, ""width"": 595.2, ""height"": 841.92}, {""page"": 8, ""width"": 595.2, ""height"": 841.92}, {""page"": 9, ""width"": 595.2, ""height"": 841.92}, {""page"": 10, ""width"": 595.2, ""height"": 841.92}, {""page"": 11, ""width"": 595.2, ""height"": 841.92}, {""page"": 12, ""width"": 595.2, ""height"": 841.92}]",,[],,False,1任务依据及目的要求..............|2执行规范...................|3水平声波剖面法工作原理简介..........|4工程地质概况.................|5现场工作布置及数据采集............|5.1使用的仪器设备..............|5.2观测系统.................|5.3数据采集.................|6资料处理与解释................|6.1资料处理.................|6.2资料解释.................|7结论.....................,ca122cf80748,SONIC_FORECAST|12||1任务依据及目的要求..............|2执行规范...................|3水平声波剖面法工作原理简介..........|4工程地质概况.................|5现场工作布置及数据采集............|5.1使用的仪器设备..............|5.2观测系统.................|5.3数据采集.................|6资料处理与解释................|6.1资料处理.................|6.2资料解释.................|7结论.....................,PDFPLUMBER_UNAVAILABLE
79a3a1c078d4fa12f19289fb,/Users/zhaoxiaoda/Library/CloudStorage/GoogleDrive-xiaodazhao0608@gmail.com/我的云端硬盘/TBM9/HSP/DyK1016+642.00_伯舒拉岭隧道进口右线水平声波剖面法超前地质预报报告(Dyk1016+642～Dyk1016+742)-20240703.pdf,SONIC_FORECAST,12,"[{""page"": 1, ""width"": 595.2, ""height"": 841.92}, {""page"": 2, ""width"": 595.2, ""height"": 841.92}, {""page"": 3, ""width"": 595.2, ""height"": 841.92}, {""page"": 4, ""width"": 595.2, ""height"": 841.92}, {""page"": 5, ""width"": 595.2, ""height"": 841.92}, {""page"": 6, ""width"": 595.2, ""height"": 841.92}, {""page"": 7, ""width"": 595.2, ""height"": 841.92}, {""page"": 8, ""width"": 595.2, ""height"": 841.92}, {""page"": 9, ""width"": 595.2, ""height"": 841.92}, {""page"": 10, ""width"": 595.2, ""height"": 841.92}, {""page"": 11, ""width"": 595.2, ""height"": 841.92}, {""page"": 12, ""width"": 595.2, ""height"": 841.92}]",,[],,False,1任务依据及目的要求..............|2执行规范...................|3水平声波剖面法工作原理简介..........|4工程地质概况.................|5现场工作布置及数据采集............|5.1使用的仪器设备..............|5.2观测系统.................|5.3数据采集.................|6资料处理与解释................|6.1资料处理.................|6.2资料解释.................|7结论.....................,ca122cf80748,SONIC_FORECAST|12||1任务依据及目的要求..............|2执行规范...................|3水平声波剖面法工作原理简介..........|4工程地质概况.................|5现场工作布置及数据采集............|5.1使用的仪器设备..............|5.2观测系统.................|5.3数据采集.................|6资料处理与解释................|6.1资料处理.................|6.2资料解释.................|7结论.....................,PDFPLUMBER_UNAVAILABLE
9c1d7e4bb57f22a29eff04cd,/Users/zhaoxiaoda/Library/CloudStorage/GoogleDrive-xiaodazhao0608@gmail.com/我的云端硬盘/TBM9/HSP/DyK1016+732.00_伯舒拉岭隧道进口右线水平声波剖面法超前地质预报报告(Dyk1016+732～Dyk1016+832)-20240707.pdf,SONIC_FORECAST,12,"[{""page"": 1, ""width"": 595.2, ""height"": 841.92}, {""page"": 2, ""width"": 595.2, ""height"": 841.92}, {""page"": 3, ""width"": 595.2, ""height"": 841.92}, {""page"": 4, ""width"": 595.2, ""height"": 841.92}, {""page"": 5, ""width"": 595.2, ""height"": 841.92}, {""page"": 6, ""width"": 595.2, ""height"": 841.92}, {""page"": 7, ""width"": 595.2, ""height"": 841.92}, {""page"": 8, ""width"": 595.2, ""height"": 841.92}, {""page"": 9, ""width"": 595.2, ""height"": 841.92}, {""page"": 10, ""width"": 595.2, ""height"": 841.92}, {""page"": 11, ""width"": 595.2, ""height"": 841.92}, {""page"": 12, ""width"": 595.2, ""height"": 841.92}]",,[],,False,1任务依据及目的要求..............|2执行规范...................|3水平声波剖面法工作原理简介..........|4工程地质概况.................|5现场工作布置及数据采集............|5.1使用的仪器设备..............|5.2观测系统.................|5.3数据采集.................|6资料处理与解释................|6.1资料处理.................|6.2资料解释.................|7结论.....................,ca122cf80748,SONIC_FORECAST|12||1任务依据及目的要求..............|2执行规范...................|3水平声波剖面法工作原理简介..........|4工程地质概况.................|5现场工作布置及数据采集............|5.1使用的仪器设备..............|5.2观测系统.................|5.3数据采集.................|6资料处理与解释................|6.1资料处理.................|6.2资料解释.................|7结论.....................,PDFPLUMBER_UNAVAILABLE
c1ec9015c8c78399bed0d292,/Users/zhaoxiaoda/Library/CloudStorage/GoogleDrive-xiaodazhao0608@gmail.com/我的云端硬盘/TBM9/HSP/DyK1016+908.00_伯舒拉岭隧道进口右线水平声波剖面法超前地质预报报告(Dyk1016+908～Dyk1017+008)-20240716.pdf,SONIC_FORECAST,12,"[{""page"": 1, ""width"": 595.2, ""height"": 841.92}, {""page"": 2, ""width"": 595.2, ""height"": 841.92}, {""page"": 3, ""width"": 595.2, ""height"": 841.92}, {""page"": 4, ""width"": 595.2, ""height"": 841.92}, {""page"": 5, ""width"": 595.2, ""height"": 841.92}, {""page"": 6, ""width"": 595.2, ""height"": 841.92}, {""page"": 7, ""width"": 595.2, ""height"": 841.92}, {""page"": 8, ""width"": 595.2, ""height"": 841.92}, {""page"": 9, ""width"": 595.2, ""height"": 841.92}, {""page"": 10, ""width"": 595.2, ""height"": 841.92}, {""page"": 11, ""width"": 595.2, ""height"": 841.92}, {""page"": 12, ""width"": 595.2, ""height"": 841.92}]",,[],,False,1任务依据及目的要求..............|2执行规范...................|3水平声波剖面法工作原理简介..........|4工程地质概况.................|5现场工作布置及数据采集............|5.1使用的仪器设备..............|5.2观测系统.................|5.3数据采集.................|6资料处理与解释................|6.1资料处理.................|6.2资料解释.................|7结论.....................,ca122cf80748,SONIC_FORECAST|12||1任务依据及目的要求..............|2执行规范...................|3水平声波剖面法工作原理简介..........|4工程地质概况.................|5现场工作布置及数据采集............|5.1使用的仪器设备..............|5.2观测系统.................|5.3数据采集.................|6资料处理与解释................|6.1资料处理.................|6.2资料解释.................|7结论.....................,PDFPLUMBER_UNAVAILABLE
136f634e89bc5e9b4040f0ba,/Users/zhaoxiaoda/Library/CloudStorage/GoogleDrive-xiaodazhao0608@gmail.com/我的云端硬盘/TBM9/HSP/DyK1016+998.00_伯舒拉岭隧道进口右线水平声波剖面法超前地质预报报告(Dyk1016+998～Dyk1017+098)-20240720.pdf,SONIC_FORECAST,12,"[{""page"": 1, ""width"": 595.2, ""height"": 841.92}, {""page"": 2, ""width"": 595.2, ""height"": 841.92}, {""page"": 3, ""width"": 595.2, ""height"": 841.92}, {""page"": 4, ""width"": 595.2, ""height"": 841.92}, {""page"": 5, ""width"": 595.2, ""height"": 841.92}, {""page"": 6, ""width"": 595.2, ""height"": 841.92}, {""page"": 7, ""width"": 595.2, ""height"": 841.92}, {""page"": 8, ""width"": 595.2, ""height"": 841.92}, {""page"": 9, ""width"": 595.2, ""height"": 841.92}, {""page"": 10, ""width"": 595.2, ""height"": 841.92}, {""page"": 11, ""width"": 595.2, ""height"": 841.92}, {""page"": 12, ""width"": 595.2, ""height"": 841.92}]",,[],,False,1任务依据及目的要求..............|2执行规范...................|3水平声波剖面法工作原理简介..........|4工程地质概况.................|5现场工作布置及数据采集............|5.1使用的仪器设备..............|5.2观测系统.................|5.3数据采集.................|6资料处理与解释................|6.1资料处理.................|6.2资料解释.................|7结论.....................,ca122cf80748,SONIC_FORECAST|12||1任务依据及目的要求..............|2执行规范...................|3水平声波剖面法工作原理简介..........|4工程地质概况.................|5现场工作布置及数据采集............|5.1使用的仪器设备..............|5.2观测系统.................|5.3数据采集.................|6资料处理与解释................|6.1资料处理.................|6.2资料解释.................|7结论.....................,PDFPLUMBER_UNAVAILABLE
0381e28b8d8376ab150335ab,/Users/zhaoxiaoda/Library/CloudStorage/GoogleDrive-xiaodazhao0608@gmail.com/我的云端硬盘/TBM9/HSP/DyK1017+088.00_伯舒拉岭隧道进口右线水平声波剖面法超前地质预报报告(Dyk1017+088～Dyk1017+188)-20240724.pdf,SONIC_FORECAST,13,"[{""page"": 1, ""width"": 595.2, ""height"": 841.92}, {""page"": 2, ""width"": 595.2, ""height"": 841.92}, {""page"": 3, ""width"": 595.2, ""height"": 841.92}, {""page"": 4, ""width"": 595.2, ""height"": 841.92}, {""page"": 5, ""width"": 595.2, ""height"": 841.92}, {""page"": 6, ""width"": 595.2, ""height"": 841.92}, {""page"": 7, ""width"": 595.2, ""height"": 841.92}, {""page"": 8, ""width"": 595.2, ""height"": 841.92}, {""page"": 9, ""width"": 595.2, ""height"": 841.92}, {""page"": 10, ""width"": 595.2, ""height"": 841.92}, {""page"": 11, ""width"": 595.2, ""height"": 841.92}, {""page"": 12, ""width"": 595.2, ""height"": 841.92}, {""page"": 13, ""width"": 595.2, ""height"": 841.92}]",,[],,False,1任务依据及目的要求..............|2执行规范...................|3水平声波剖面法工作原理简介..........|4工程地质概况.................|5现场工作布置及数据采集............|5.1使用的仪器设备..............|5.2观测系统.................|5.3数据采集.................|6资料处理与解释................|6.1资料处理.................|6.2资料解释.................|7结论.....................,e0664feb620a,SONIC_FORECAST|13||1任务依据及目的要求..............|2执行规范...................|3水平声波剖面法工作原理简介..........|4工程地质概况.................|5现场工作布置及数据采集............|5.1使用的仪器设备..............|5.2观测系统.................|5.3数据采集.................|6资料处理与解释................|6.1资料处理.................|6.2资料解释.................|7结论.....................,PDFPLUMBER_UNAVAILABLE
7e31fc491daeb4b50b01439f,/Users/zhaoxiaoda/Library/CloudStorage/GoogleDrive-xiaodazhao0608@gmail.com/我的云端硬盘/TBM9/HSP/DyK1017+178.00_伯舒拉岭隧道进口右线水平声波剖面法超前地质预报报告(Dyk1017+178～Dyk1017+278)-20240801.pdf,SONIC_FORECAST,12,"[{""page"": 1, ""width"": 595.3, ""height"": 841.9}, {""page"": 2, ""width"": 595.3, ""height"": 841.9}, {""page"": 3, ""width"": 595.3, ""height"": 841.9}, {""page"": 4, ""width"": 595.3, ""height"": 841.9}, {""page"": 5, ""width"": 595.3, ""height"": 841.9}, {""page"": 6, ""width"": 595.3, ""height"": 841.9}, {""page"": 7, ""width"": 595.3, ""height"": 841.9}, {""page"": 8, ""width"": 595.3, ""height"": 841.9}, {""page"": 9, ""width"": 595.3, ""height"": 841.9}, {""page"": 10, ""width"": 595.3, ""height"": 841.9}, {""page"": 11, ""width"": 595.3, ""height"": 841.9}, {""page"": 12, ""width"": 595.3, ""height"": 841.9}]",,[],,False,1任务依据及目的要求..............|2执行规范...................|3水平声波剖面法工作原理简介..........|4工程地质概况.................|5现场工作布置及数据采集............|5.1使用的仪器设备..............|5.2观测系统.................|5.3数据采集.................|6资料处理与解释................|6.1资料处理.................|6.2资料解释.................|7结论.....................,ca122cf80748,SONIC_FORECAST|12||1任务依据及目的要求..............|2执行规范...................|3水平声波剖面法工作原理简介..........|4工程地质概况.................|5现场工作布置及数据采集............|5.1使用的仪器设备..............|5.2观测系统.................|5.3数据采集.................|6资料处理与解释................|6.1资料处理.................|6.2资料解释.................|7结论.....................,PDFPLUMBER_UNAVAILABLE
35bc453f131e32dcc2cc8b7a,/Users/zhaoxiaoda/Library/CloudStorage/GoogleDrive-xiaodazhao0608@gmail.com/我的云端硬盘/TBM9/HSP/DyK1017+268.00_伯舒拉岭隧道进口右线水平声波剖面法超前地质预报报告(Dyk1017+268～Dyk1017+368)-20240826.pdf,SONIC_FORECAST,12,"[{""page"": 1, ""width"": 595.2, ""height"": 841.92}, {""page"": 2, ""width"": 595.2, ""height"": 841.92}, {""page"": 3, ""width"": 595.2, ""height"": 841.92}, {""page"": 4, ""width"": 595.2, ""height"": 841.92}, {""page"": 5, ""width"": 595.2, ""height"": 841.92}, {""page"": 6, ""width"": 595.2, ""height"": 841.92}, {""page"": 7, ""width"": 595.2, ""height"": 841.92}, {""page"": 8, ""width"": 595.2, ""height"": 841.92}, {""page"": 9, ""width"": 595.2, ""height"": 841.92}, {""page"": 10, ""width"": 595.2, ""height"": 841.92}, {""page"": 11, ""width"": 595.2, ""height"": 841.92}, {""page"": 12, ""width"": 595.2, ""height"": 841.92}]",,[],,False,1任务依据及目的要求..............|2执行规范...................|3水平声波剖面法工作原理简介..........|4工程地质概况.................|5现场工作布置及数据采集............|5.1使用的仪器设备..............|5.2观测系统.................|5.3数据采集.................|6资料处理与解释................|6.1资料处理.................|6.2资料解释.................|7结论.....................,ca122cf80748,SONIC_FORECAST|12||1任务依据及目的要求..............|2执行规范...................|3水平声波剖面法工作原理简介..........|4工程地质概况.................|5现场工作布置及数据采集............|5.1使用的仪器设备..............|5.2观测系统.................|5.3数据采集.................|6资料处理与解释................|6.1资料处理.................|6.2资料解释.................|7结论.....................,PDFPLUMBER_UNAVAILABLE
b179f059c821798b8e087c6c,/Users/zhaoxiaoda/Library/CloudStorage/GoogleDrive-xiaodazhao0608@gmail.com/我的云端硬盘/TBM9/HSP/DyK1017+358.00_伯舒拉岭隧道进口右线水平声波剖面法超前地质预报报告(Dyk1017+358～Dyk1017+458)-20240919.pdf,SONIC_FORECAST,12,"[{""page"": 1, ""width"": 595.2, ""height"": 841.92}, {""page"": 2, ""width"": 595.2, ""height"": 841.92}, {""page"": 3, ""width"": 595.2, ""height"": 841.92}, {""page"": 4, ""width"": 595.2, ""height"": 841.92}, {""page"": 5, ""width"": 595.2, ""height"": 841.92}, {""page"": 6, ""width"": 595.2, ""height"": 841.92}, {""page"": 7, ""width"": 595.2, ""height"": 841.92}, {""page"": 8, ""width"": 595.2, ""height"": 841.92}, {""page"": 9, ""width"": 595.2, ""height"": 841.92}, {""page"": 10, ""width"": 595.2, ""height"": 841.92}, {""page"": 11, ""width"": 595.2, ""height"": 841.92}, {""page"": 12, ""width"": 595.2, ""height"": 841.92}]",,[],,False,1任务依据及目的要求..............|2执行规范...................|3水平声波剖面法工作原理简介..........|4工程地质概况.................|5现场工作布置及数据采集............|5.1使用的仪器设备..............|5.2观测系统.................|5.3数据采集.................|6资料处理与解释................|6.1资料处理.................|6.2资料解释.................|7结论.....................,ca122cf80748,SONIC_FORECAST|12||1任务依据及目的要求..............|2执行规范...................|3水平声波剖面法工作原理简介..........|4工程地质概况.................|5现场工作布置及数据采集............|5.1使用的仪器设备..............|5.2观测系统.................|5.3数据采集.................|6资料处理与解释................|6.1资料处理.................|6.2资料解释.................|7结论.....................,PDFPLUMBER_UNAVAILABLE
b4c57a992083ecf09dd329d5,/Users/zhaoxiaoda/Library/CloudStorage/GoogleDrive-xiaodazhao0608@gmail.com/我的云端硬盘/TBM9/HSP/DyK1017+444.00_伯舒拉岭隧道进口右线水平声波剖面法超前地质预报报告(Dyk1017+444～Dyk1017+544)-20241117(1).pdf,SONIC_FORECAST,13,"[{""page"": 1, ""width"": 595.2, ""height"": 841.92}, {""page"": 2, ""width"": 595.2, ""height"": 841.92}, {""page"": 3, ""width"": 595.2, ""height"": 841.92}, {""page"": 4, ""width"": 595.2, ""height"": 841.92}, {""page"": 5, ""width"": 595.2, ""height"": 841.92}, {""page"": 6, ""width"": 595.2, ""height"": 841.92}, {""page"": 7, ""width"": 595.2, ""height"": 841.92}, {""page"": 8, ""width"": 595.2, ""height"": 841.92}, {""page"": 9, ""width"": 595.2, ""height"": 841.92}, {""page"": 10, ""width"": 595.2, ""height"": 841.92}, {""page"": 11, ""width"": 595.2, ""height"": 841.92}, {""page"": 12, ""width"": 595.2, ""height"": 841.92}, {""page"": 13, ""width"": 595.2, ""height"": 841.92}]",,[],,False,1任务依据及目的要求..............|2执行规范...................|3水平声波剖面法工作原理简介..........|4工程地质概况.................|5现场工作布置及数据采集............|5.1使用的仪器设备..............|5.2观测系统.................|5.3数据采集.................|6资料处理与解释................|6.1资料处理.................|6.2资料解释.................|7结论.....................,e0664feb620a,SONIC_FORECAST|13||1任务依据及目的要求..............|2执行规范...................|3水平声波剖面法工作原理简介..........|4工程地质概况.................|5现场工作布置及数据采集............|5.1使用的仪器设备..............|5.2观测系统.................|5.3数据采集.................|6资料处理与解释................|6.1资料处理.................|6.2资料解释.................|7结论.....................,PDFPLUMBER_UNAVAILABLE
58b5929e39d044c3fabb2d14,/Users/zhaoxiaoda/Library/CloudStorage/GoogleDrive-xiaodazhao0608@gmail.com/我的云端硬盘/TBM9/TSP/DyK1013+124.20_伯舒拉岭隧道进口右线地震波反射法超前地质预报报告(DyK1013+080.2～DyK1013+200.2)-20230603.pdf,TSP_REPORT,20,"[{""page"": 1, ""width"": 595.32, ""height"": 841.92}, {""page"": 2, ""width"": 595.32, ""height"": 841.92}, {""page"": 3, ""width"": 595.32, ""height"": 841.92}, {""page"": 4, ""width"": 595.32, ""height"": 841.92}, {""page"": 5, ""width"": 595.32, ""height"": 841.92}, {""page"": 6, ""width"": 595.32, ""height"": 841.92}, {""page"": 7, ""width"": 595.32, ""height"": 841.92}, {""page"": 8, ""width"": 595.32, ""height"": 841.92}, {""page"": 9, ""width"": 595.32, ""height"": 841.92}, {""page"": 10, ""width"": 595.32, ""height"": 841.92}, {""page"": 11, ""width"": 595.32, ""height"": 841.92}, {""page"": 12, ""width"": 595.32, ""height"": 841.92}, {""page"": 13, ""width"": 595.32, ""height"": 841.92}, {""page"": 14, ""width"": 595.32, ""height"": 841.92}, {""page"": 15, ""width"": 595.32, ""height"": 841.92}, {""page"": 16, ""width"": 595.32, ""height"": 841.92}, {""page"": 17, ""width"": 595.32, ""height"": 841.92}, {""page"": 18, ""width"": 595.32, ""height"": 841.92}, {""page"": 19, ""width"": 595.32, ""height"": 841.92}, {""page"": 20, ""width"": 595.32, ""height"": 841.92}]",,[],里程范围物性参数物探分析预报结论,True,1任务依据及目的要求..............|2执行规范...................|3地震波反射法工作原理简介...........|4工程地质概况.................|5现场工作布置及数据采集............|5.1使用的仪器设备..............|5.2观测系统.................|5.3数据采集.................|6资料处理与解释................|6.1资料处理.................|6.2资料解释.................|7结论.....................,2846040cba6a,TSP_REPORT|20|里程范围物性参数物探分析预报结论|1任务依据及目的要求..............|2执行规范...................|3地震波反射法工作原理简介...........|4工程地质概况.................|5现场工作布置及数据采集............|5.1使用的仪器设备..............|5.2观测系统.................|5.3数据采集.................|6资料处理与解释................|6.1资料处理.................|6.2资料解释.................|7结论.....................,PDFPLUMBER_UNAVAILABLE
526f92d60ad6be77bb03fceb,/Users/zhaoxiaoda/Library/CloudStorage/GoogleDrive-xiaodazhao0608@gmail.com/我的云端硬盘/TBM9/TSP/DyK1015+660.00_伯舒拉岭隧道进口右线地震波反射法超前地质预报报告(DyK1015+660～DyK1015+760)-20240406.pdf,TSP_REPORT,20,"[{""page"": 1, ""width"": 595.32, ""height"": 841.92}, {""page"": 2, ""width"": 595.32, ""height"": 841.92}, {""page"": 3, ""width"": 595.32, ""height"": 841.92}, {""page"": 4, ""width"": 595.32, ""height"": 841.92}, {""page"": 5, ""width"": 595.32, ""height"": 841.92}, {""page"": 6, ""width"": 595.32, ""height"": 841.92}, {""page"": 7, ""width"": 595.32, ""height"": 841.92}, {""page"": 8, ""width"": 595.32, ""height"": 841.92}, {""page"": 9, ""width"": 595.32, ""height"": 841.92}, {""page"": 10, ""width"": 595.32, ""height"": 841.92}, {""page"": 11, ""width"": 595.32, ""height"": 841.92}, {""page"": 12, ""width"": 595.32, ""height"": 841.92}, {""page"": 13, ""width"": 595.32, ""height"": 841.92}, {""page"": 14, ""width"": 595.32, ""height"": 841.92}, {""page"": 15, ""width"": 595.32, ""height"": 841.92}, {""page"": 16, ""width"": 595.32, ""height"": 841.92}, {""page"": 17, ""width"": 595.32, ""height"": 841.92}, {""page"": 18, ""width"": 595.32, ""height"": 841.92}, {""page"": 19, ""width"": 595.32, ""height"": 841.92}, {""page"": 20, ""width"": 595.32, ""height"": 841.92}]",,[],里程范围物性参数物探分析预报结论,True,1任务依据及目的要求..............|2执行规范...................|3地震波反射法工作原理简介...........|4工程地质概况.................|5现场工作布置及数据采集............|5.1使用的仪器设备..............|5.2观测系统.................|5.3数据采集.................|6资料处理与解释................|6.1资料处理.................|6.2资料解释.................|7结论.....................,2846040cba6a,TSP_REPORT|20|里程范围物性参数物探分析预报结论|1任务依据及目的要求..............|2执行规范...................|3地震波反射法工作原理简介...........|4工程地质概况.................|5现场工作布置及数据采集............|5.1使用的仪器设备..............|5.2观测系统.................|5.3数据采集.................|6资料处理与解释................|6.1资料处理.................|6.2资料解释.................|7结论.....................,PDFPLUMBER_UNAVAILABLE
9c9b28ca1b4ec7355d61f2d8,/Users/zhaoxiaoda/Library/CloudStorage/GoogleDrive-xiaodazhao0608@gmail.com/我的云端硬盘/TBM9/TSP/DyK1015+750.00_伯舒拉岭隧道进口右线地震波反射法超前地质预报报告(DyK1015+750～DyK1015+850)-20240416.pdf,TSP_REPORT,21,"[{""page"": 1, ""width"": 595.32, ""height"": 841.92}, {""page"": 2, ""width"": 595.32, ""height"": 841.92}, {""page"": 3, ""width"": 595.32, ""height"": 841.92}, {""page"": 4, ""width"": 595.32, ""height"": 841.92}, {""page"": 5, ""width"": 595.32, ""height"": 841.92}, {""page"": 6, ""width"": 595.32, ""height"": 841.92}, {""page"": 7, ""width"": 595.32, ""height"": 841.92}, {""page"": 8, ""width"": 595.32, ""height"": 841.92}, {""page"": 9, ""width"": 595.32, ""height"": 841.92}, {""page"": 10, ""width"": 595.32, ""height"": 841.92}, {""page"": 11, ""width"": 595.32, ""height"": 841.92}, {""page"": 12, ""width"": 595.32, ""height"": 841.92}, {""page"": 13, ""width"": 595.32, ""height"": 841.92}, {""page"": 14, ""width"": 595.32, ""height"": 841.92}, {""page"": 15, ""width"": 595.32, ""height"": 841.92}, {""page"": 16, ""width"": 595.32, ""height"": 841.92}, {""page"": 17, ""width"": 595.32, ""height"": 841.92}, {""page"": 18, ""width"": 595.32, ""height"": 841.92}, {""page"": 19, ""width"": 595.32, ""height"": 841.92}, {""page"": 20, ""width"": 595.32, ""height"": 841.92}, {""page"": 21, ""width"": 595.32, ""height"": 841.92}]",,[],里程范围物性参数物探分析预报结论,True,1任务依据及目的要求..............|2执行规范...................|3地震波反射法工作原理简介...........|4工程地质概况.................|5现场工作布置及数据采集............|5.1使用的仪器设备..............|5.2观测系统.................|5.3数据采集.................|6资料处理与解释................|6.1资料处理.................|6.2资料解释.................|7结论.....................,4bbd88442dcf,TSP_REPORT|21|里程范围物性参数物探分析预报结论|1任务依据及目的要求..............|2执行规范...................|3地震波反射法工作原理简介...........|4工程地质概况.................|5现场工作布置及数据采集............|5.1使用的仪器设备..............|5.2观测系统.................|5.3数据采集.................|6资料处理与解释................|6.1资料处理.................|6.2资料解释.................|7结论.....................,PDFPLUMBER_UNAVAILABLE
02c15c50d7f5c44364c9893e,/Users/zhaoxiaoda/Library/CloudStorage/GoogleDrive-xiaodazhao0608@gmail.com/我的云端硬盘/TBM9/TSP/DyK1017+125.00_伯舒拉岭隧道进口右线地震波反射法超前地质预报报告(DyK1017+125～DyK1017+225)-20240727.pdf,TSP_REPORT,22,"[{""page"": 1, ""width"": 595.32, ""height"": 841.92}, {""page"": 2, ""width"": 595.32, ""height"": 841.92}, {""page"": 3, ""width"": 595.32, ""height"": 841.92}, {""page"": 4, ""width"": 595.32, ""height"": 841.92}, {""page"": 5, ""width"": 595.32, ""height"": 841.92}, {""page"": 6, ""width"": 595.32, ""height"": 841.92}, {""page"": 7, ""width"": 595.32, ""height"": 841.92}, {""page"": 8, ""width"": 595.32, ""height"": 841.92}, {""page"": 9, ""width"": 595.32, ""height"": 841.92}, {""page"": 10, ""width"": 595.32, ""height"": 841.92}, {""page"": 11, ""width"": 595.32, ""height"": 841.92}, {""page"": 12, ""width"": 595.32, ""height"": 841.92}, {""page"": 13, ""width"": 595.32, ""height"": 841.92}, {""page"": 14, ""width"": 595.32, ""height"": 841.92}, {""page"": 15, ""width"": 595.32, ""height"": 841.92}, {""page"": 16, ""width"": 595.32, ""height"": 841.92}, {""page"": 17, ""width"": 595.32, ""height"": 841.92}, {""page"": 18, ""width"": 595.32, ""height"": 841.92}, {""page"": 19, ""width"": 595.32, ""height"": 841.92}, {""page"": 20, ""width"": 595.32, ""height"": 841.92}, {""page"": 21, ""width"": 595.32, ""height"": 841.92}, {""page"": 22, ""width"": 595.32, ""height"": 841.92}]",,[],里程范围物性参数物探分析预报结论,True,1任务依据及目的要求..............|2执行规范...................|3地震波反射法工作原理简介...........|4工程地质概况.................|5现场工作布置及数据采集............|5.1使用的仪器设备..............|5.2观测系统.................|5.3数据采集.................|6资料处理与解释................|6.1资料处理.................|6.2资料解释.................|7结论.....................,59c85de9542b,TSP_REPORT|22|里程范围物性参数物探分析预报结论|1任务依据及目的要求..............|2执行规范...................|3地震波反射法工作原理简介...........|4工程地质概况.................|5现场工作布置及数据采集............|5.1使用的仪器设备..............|5.2观测系统.................|5.3数据采集.................|6资料处理与解释................|6.1资料处理.................|6.2资料解释.................|7结论.....................,PDFPLUMBER_UNAVAILABLE
f0472a89bd7fa4fcf169c354,/Users/zhaoxiaoda/Library/CloudStorage/GoogleDrive-xiaodazhao0608@gmail.com/我的云端硬盘/TBM9/TSP/DyK1017+215.00_伯舒拉岭隧道进口右线地震波反射法超前地质预报报告(DyK1017+215～DyK1017+315)-20240808.pdf,TSP_REPORT,21,"[{""page"": 1, ""width"": 595.32, ""height"": 841.92}, {""page"": 2, ""width"": 595.32, ""height"": 841.92}, {""page"": 3, ""width"": 595.32, ""height"": 841.92}, {""page"": 4, ""width"": 595.32, ""height"": 841.92}, {""page"": 5, ""width"": 595.32, ""height"": 841.92}, {""page"": 6, ""width"": 595.32, ""height"": 841.92}, {""page"": 7, ""width"": 595.32, ""height"": 841.92}, {""page"": 8, ""width"": 595.32, ""height"": 841.92}, {""page"": 9, ""width"": 595.32, ""height"": 841.92}, {""page"": 10, ""width"": 595.32, ""height"": 841.92}, {""page"": 11, ""width"": 595.32, ""height"": 841.92}, {""page"": 12, ""width"": 595.32, ""height"": 841.92}, {""page"": 13, ""width"": 595.32, ""height"": 841.92}, {""page"": 14, ""width"": 595.32, ""height"": 841.92}, {""page"": 15, ""width"": 595.32, ""height"": 841.92}, {""page"": 16, ""width"": 595.32, ""height"": 841.92}, {""page"": 17, ""width"": 595.32, ""height"": 841.92}, {""page"": 18, ""width"": 595.32, ""height"": 841.92}, {""page"": 19, ""width"": 595.32, ""height"": 841.92}, {""page"": 20, ""width"": 595.32, ""height"": 841.92}, {""page"": 21, ""width"": 595.32, ""height"": 841.92}]",,[],里程范围物性参数物探分析预报结论,True,1任务依据及目的要求..............|2执行规范...................|3地震波反射法工作原理简介...........|4工程地质概况.................|5现场工作布置及数据采集............|5.1使用的仪器设备..............|5.2观测系统.................|5.3数据采集.................|6资料处理与解释................|6.1资料处理.................|6.2资料解释.................|7结论.....................,4bbd88442dcf,TSP_REPORT|21|里程范围物性参数物探分析预报结论|1任务依据及目的要求..............|2执行规范...................|3地震波反射法工作原理简介...........|4工程地质概况.................|5现场工作布置及数据采集............|5.1使用的仪器设备..............|5.2观测系统.................|5.3数据采集.................|6资料处理与解释................|6.1资料处理.................|6.2资料解释.................|7结论.....................,PDFPLUMBER_UNAVAILABLE
699573f6fb9dc9e1feaadbff,/Users/zhaoxiaoda/Library/CloudStorage/GoogleDrive-xiaodazhao0608@gmail.com/我的云端硬盘/TBM9/TSP/DyK1017+305.00_伯舒拉岭隧道进口右线地震波反射法超前地质预报报告(DyK1017+305～DyK1017+405)-20240901.pdf,TSP_REPORT,23,"[{""page"": 1, ""width"": 595.32, ""height"": 841.92}, {""page"": 2, ""width"": 595.32, ""height"": 841.92}, {""page"": 3, ""width"": 595.32, ""height"": 841.92}, {""page"": 4, ""width"": 595.32, ""height"": 841.92}, {""page"": 5, ""width"": 595.32, ""height"": 841.92}, {""page"": 6, ""width"": 595.32, ""height"": 841.92}, {""page"": 7, ""width"": 595.32, ""height"": 841.92}, {""page"": 8, ""width"": 595.32, ""height"": 841.92}, {""page"": 9, ""width"": 595.32, ""height"": 841.92}, {""page"": 10, ""width"": 595.32, ""height"": 841.92}, {""page"": 11, ""width"": 595.32, ""height"": 841.92}, {""page"": 12, ""width"": 595.32, ""height"": 841.92}, {""page"": 13, ""width"": 595.32, ""height"": 841.92}, {""page"": 14, ""width"": 595.32, ""height"": 841.92}, {""page"": 15, ""width"": 595.32, ""height"": 841.92}, {""page"": 16, ""width"": 595.32, ""height"": 841.92}, {""page"": 17, ""width"": 595.32, ""height"": 841.92}, {""page"": 18, ""width"": 595.32, ""height"": 841.92}, {""page"": 19, ""width"": 595.32, ""height"": 841.92}, {""page"": 20, ""width"": 595.32, ""height"": 841.92}, {""page"": 21, ""width"": 595.32, ""height"": 841.92}, {""page"": 22, ""width"": 595.32, ""height"": 841.92}, {""page"": 23, ""width"": 595.32, ""height"": 841.92}]",,[],里程范围物性参数物探分析预报结论,True,1任务依据及目的要求..............|2执行规范...................|3地震波反射法工作原理简介...........|4工程地质概况.................|5现场工作布置及数据采集............|5.1使用的仪器设备..............|5.2观测系统.................|5.3数据采集.................|6资料处理与解释................|6.1资料处理.................|6.2资料解释.................|7结论.....................,a760e531b83d,TSP_REPORT|23|里程范围物性参数物探分析预报结论|1任务依据及目的要求..............|2执行规范...................|3地震波反射法工作原理简介...........|4工程地质概况.................|5现场工作布置及数据采集............|5.1使用的仪器设备..............|5.2观测系统.................|5.3数据采集.................|6资料处理与解释................|6.1资料处理.................|6.2资料解释.................|7结论.....................,PDFPLUMBER_UNAVAILABLE
ffbefe95742f621fcb678877,/Users/zhaoxiaoda/Library/CloudStorage/GoogleDrive-xiaodazhao0608@gmail.com/我的云端硬盘/TBM9/TSP/DyK1017+423.00_伯舒拉岭隧道进口右线地震波反射法超前地质预报报告(DyK1017+423～DyK1017+523)-20241107.pdf,TSP_REPORT,23,"[{""page"": 1, ""width"": 595.32, ""height"": 841.92}, {""page"": 2, ""width"": 595.32, ""height"": 841.92}, {""page"": 3, ""width"": 595.32, ""height"": 841.92}, {""page"": 4, ""width"": 595.32, ""height"": 841.92}, {""page"": 5, ""width"": 595.32, ""height"": 841.92}, {""page"": 6, ""width"": 595.32, ""height"": 841.92}, {""page"": 7, ""width"": 595.32, ""height"": 841.92}, {""page"": 8, ""width"": 595.32, ""height"": 841.92}, {""page"": 9, ""width"": 595.32, ""height"": 841.92}, {""page"": 10, ""width"": 595.32, ""height"": 841.92}, {""page"": 11, ""width"": 595.32, ""height"": 841.92}, {""page"": 12, ""width"": 595.32, ""height"": 841.92}, {""page"": 13, ""width"": 595.32, ""height"": 841.92}, {""page"": 14, ""width"": 595.32, ""height"": 841.92}, {""page"": 15, ""width"": 595.32, ""height"": 841.92}, {""page"": 16, ""width"": 595.32, ""height"": 841.92}, {""page"": 17, ""width"": 595.32, ""height"": 841.92}, {""page"": 18, ""width"": 595.32, ""height"": 841.92}, {""page"": 19, ""width"": 595.32, ""height"": 841.92}, {""page"": 20, ""width"": 595.32, ""height"": 841.92}, {""page"": 21, ""width"": 595.32, ""height"": 841.92}, {""page"": 22, ""width"": 595.32, ""height"": 841.92}, {""page"": 23, ""width"": 595.32, ""height"": 841.92}]",,[],里程范围物性参数物探分析预报结论,True,1任务依据及目的要求..............|2执行规范...................|3地震波反射法工作原理简介...........|4工程地质概况.................|5现场工作布置及数据采集............|5.1使用的仪器设备..............|5.2观测系统.................|5.3数据采集.................|6资料处理与解释................|6.1资料处理.................|6.2资料解释.................|7结论.....................,a760e531b83d,TSP_REPORT|23|里程范围物性参数物探分析预报结论|1任务依据及目的要求..............|2执行规范...................|3地震波反射法工作原理简介...........|4工程地质概况.................|5现场工作布置及数据采集............|5.1使用的仪器设备..............|5.2观测系统.................|5.3数据采集.................|6资料处理与解释................|6.1资料处理.................|6.2资料解释.................|7结论.....................,PDFPLUMBER_UNAVAILABLE
0ad8909b3dca17540f02c871,/Users/zhaoxiaoda/Library/CloudStorage/GoogleDrive-xiaodazhao0608@gmail.com/我的云端硬盘/TBM9/SKETCH/DyK1013+184.20_伯舒拉岭进口右线DyK1013+184.2洞身素描记录表.pdf,FACE_SKETCH,2,"[{""page"": 1, ""width"": 595.3, ""height"": 841.9}, {""page"": 2, ""width"": 595.3, ""height"": 841.9}]",,[],,False,1掌子面|4开挖|12.07开挖|1开挖|2掌子面状态|3毛开挖|4岩石强度|5风化程度|6地|7涌水状态|8岩溶发育程度|9设计围岩级别,d256ff85f375,FACE_SKETCH|2||1掌子面|4开挖|12.07开挖|1开挖|2掌子面状态|3毛开挖|4岩石强度|5风化程度|6地|7涌水状态|8岩溶发育程度|9设计围岩级别,PDFPLUMBER_UNAVAILABLE
859f83de3f71c5e2e55823bf,/Users/zhaoxiaoda/Library/CloudStorage/GoogleDrive-xiaodazhao0608@gmail.com/我的云端硬盘/TBM9/SKETCH/DyK1013+190.20_伯舒拉岭进口右线DyK1013+190.2洞身素描记录表.pdf,FACE_SKETCH,2,"[{""page"": 1, ""width"": 595.3, ""height"": 841.9}, {""page"": 2, ""width"": 595.3, ""height"": 841.9}]",,[],,False,1掌子面|4开挖|12.07开挖|1开挖|2掌子面状态|3毛开挖|4岩石强度|5风化程度|6地|7涌水状态|8岩溶发育程度|9设计围岩级别,d256ff85f375,FACE_SKETCH|2||1掌子面|4开挖|12.07开挖|1开挖|2掌子面状态|3毛开挖|4岩石强度|5风化程度|6地|7涌水状态|8岩溶发育程度|9设计围岩级别,PDFPLUMBER_UNAVAILABLE
4eb6eb6db956703cca83a995,/Users/zhaoxiaoda/Library/CloudStorage/GoogleDrive-xiaodazhao0608@gmail.com/我的云端硬盘/TBM9/SKETCH/DyK1013+220.20_伯舒拉岭进口右线DyK10+220.2洞身素描记录表.pdf,FACE_SKETCH,2,"[{""page"": 1, ""width"": 595.3, ""height"": 841.9}, {""page"": 2, ""width"": 595.3, ""height"": 841.9}]",,[],,False,1掌子面|4开挖|12.07开挖|1开挖|2掌子面状态|3毛开挖|4岩石强度|5风化程度|6地|7涌水状态|8岩溶发育程度|9设计围岩级别,d256ff85f375,FACE_SKETCH|2||1掌子面|4开挖|12.07开挖|1开挖|2掌子面状态|3毛开挖|4岩石强度|5风化程度|6地|7涌水状态|8岩溶发育程度|9设计围岩级别,PDFPLUMBER_UNAVAILABLE
677502242ca7e9a5ce91ba78,/Users/zhaoxiaoda/Library/CloudStorage/GoogleDrive-xiaodazhao0608@gmail.com/我的云端硬盘/TBM9/SKETCH/DyK1013+250.20_伯舒拉岭进口右线DyK10+250.2洞身素描记录表.pdf,FACE_SKETCH,2,"[{""page"": 1, ""width"": 595.3, ""height"": 841.9}, {""page"": 2, ""width"": 595.3, ""height"": 841.9}]",,[],,False,1掌子面|4开挖|12.07开挖|1开挖|2掌子面状态|3毛开挖|4岩石强度|5风化程度|6地|7涌水状态|8岩溶发育程度|9设计围岩级别,d256ff85f375,FACE_SKETCH|2||1掌子面|4开挖|12.07开挖|1开挖|2掌子面状态|3毛开挖|4岩石强度|5风化程度|6地|7涌水状态|8岩溶发育程度|9设计围岩级别,PDFPLUMBER_UNAVAILABLE
2137b78c241632d9ca4ae2ae,/Users/zhaoxiaoda/Library/CloudStorage/GoogleDrive-xiaodazhao0608@gmail.com/我的云端硬盘/TBM9/SKETCH/DyK1013+280.20_伯舒拉岭进口右线DyK10+280.2洞身素描记录表.pdf,FACE_SKETCH,2,"[{""page"": 1, ""width"": 595.3, ""height"": 841.9}, {""page"": 2, ""width"": 595.3, ""height"": 841.9}]",,[],,False,1掌子面|4开挖|12.07开挖|1开挖|2掌子面状态|3毛开挖|4岩石强度|5风化程度|6地|7涌水状态|8岩溶发育程度|9设计围岩级别,d256ff85f375,FACE_SKETCH|2||1掌子面|4开挖|12.07开挖|1开挖|2掌子面状态|3毛开挖|4岩石强度|5风化程度|6地|7涌水状态|8岩溶发育程度|9设计围岩级别,PDFPLUMBER_UNAVAILABLE
4bfb59b96dd77affde7668ba,/Users/zhaoxiaoda/Library/CloudStorage/GoogleDrive-xiaodazhao0608@gmail.com/我的云端硬盘/TBM9/SKETCH/DyK1013+290.20_伯舒拉岭进口右线DyK10+290.2洞身素描记录表.pdf,FACE_SKETCH,2,"[{""page"": 1, ""width"": 595.3, ""height"": 841.9}, {""page"": 2, ""width"": 595.3, ""height"": 841.9}]",,[],,False,1掌子面|4开挖|12.07开挖|1开挖|2掌子面状态|3毛开挖|4岩石强度|5风化程度|6地|7涌水状态|8岩溶发育程度|9设计围岩级别,d256ff85f375,FACE_SKETCH|2||1掌子面|4开挖|12.07开挖|1开挖|2掌子面状态|3毛开挖|4岩石强度|5风化程度|6地|7涌水状态|8岩溶发育程度|9设计围岩级别,PDFPLUMBER_UNAVAILABLE
2cf221382d9fbc0b90870dbe,/Users/zhaoxiaoda/Library/CloudStorage/GoogleDrive-xiaodazhao0608@gmail.com/我的云端硬盘/TBM9/SKETCH/DyK1013+320.20_伯舒拉岭进口右线DyK10+320.2洞身素描记录表.pdf,FACE_SKETCH,1,"[{""page"": 1, ""width"": 595.3, ""height"": 841.9}]",,[],,False,1掌子面|4开挖|12.07开挖|1开挖|2掌子面状态|3毛开挖|4岩石强度|5风化程度|6地|7涌水状态|8岩溶发育程度|9设计围岩级别,f2306bebe044,FACE_SKETCH|1||1掌子面|4开挖|12.07开挖|1开挖|2掌子面状态|3毛开挖|4岩石强度|5风化程度|6地|7涌水状态|8岩溶发育程度|9设计围岩级别,PDFPLUMBER_UNAVAILABLE
b290b377eec3a4f765a29e4b,/Users/zhaoxiaoda/Library/CloudStorage/GoogleDrive-xiaodazhao0608@gmail.com/我的云端硬盘/TBM9/SKETCH/DyK1013+350.20_伯舒拉岭进口右线DyK10+350.2洞身素描记录表.pdf,FACE_SKETCH,2,"[{""page"": 1, ""width"": 595.3, ""height"": 841.9}, {""page"": 2, ""width"": 595.3, ""height"": 841.9}]",,[],,False,1掌子面|4开挖|12.07开挖|1开挖|2掌子面状态|3毛开挖|4岩石强度|5风化程度|6地|7涌水状态|8岩溶发育程度|9设计围岩级别,d256ff85f375,FACE_SKETCH|2||1掌子面|4开挖|12.07开挖|1开挖|2掌子面状态|3毛开挖|4岩石强度|5风化程度|6地|7涌水状态|8岩溶发育程度|9设计围岩级别,PDFPLUMBER_UNAVAILABLE
da98da5ae2750f54728a633f,/Users/zhaoxiaoda/Library/CloudStorage/GoogleDrive-xiaodazhao0608@gmail.com/我的云端硬盘/TBM9/SKETCH/DyK1013+373.00_伯舒拉岭进口右线DyK10+373洞身素描记录表.pdf,FACE_SKETCH,2,"[{""page"": 1, ""width"": 595.3, ""height"": 841.9}, {""page"": 2, ""width"": 595.3, ""height"": 841.9}]",,[],,False,1掌子面|4开挖|12.07开挖|1开挖|2掌子面状态|3毛开挖|4岩石强度|5风化程度|6地|7涌水状态|8岩溶发育程度|9设计围岩级别,d256ff85f375,FACE_SKETCH|2||1掌子面|4开挖|12.07开挖|1开挖|2掌子面状态|3毛开挖|4岩石强度|5风化程度|6地|7涌水状态|8岩溶发育程度|9设计围岩级别,PDFPLUMBER_UNAVAILABLE
02523bc25efb424ef47e6e1b,/Users/zhaoxiaoda/Library/CloudStorage/GoogleDrive-xiaodazhao0608@gmail.com/我的云端硬盘/TBM9/SKETCH/DyK1013+403.00_伯舒拉岭进口右线DyK10+403洞身素描记录表.pdf,FACE_SKETCH,1,"[{""page"": 1, ""width"": 595.3, ""height"": 841.9}]",,[],,False,1掌子面|4开挖|12.07开挖|1开挖|2掌子面状态|3毛开挖|4岩石强度|5风化程度|6地|7涌水状态|8岩溶发育程度|9设计围岩级别,f2306bebe044,FACE_SKETCH|1||1掌子面|4开挖|12.07开挖|1开挖|2掌子面状态|3毛开挖|4岩石强度|5风化程度|6地|7涌水状态|8岩溶发育程度|9设计围岩级别,PDFPLUMBER_UNAVAILABLE
209325ba8775902829eb062a,/Users/zhaoxiaoda/Library/CloudStorage/GoogleDrive-xiaodazhao0608@gmail.com/我的云端硬盘/TBM9/SKETCH/DyK1013+433.00_伯舒拉岭进口右线DyK10+433洞身素描记录表.pdf,FACE_SKETCH,1,"[{""page"": 1, ""width"": 595.3, ""height"": 841.9}]",,[],,False,1掌子面|4开挖|12.07开挖|1开挖|2掌子面状态|3毛开挖|4岩石强度|5风化程度|6地|7涌水状态|8岩溶发育程度|9设计围岩级别,f2306bebe044,FACE_SKETCH|1||1掌子面|4开挖|12.07开挖|1开挖|2掌子面状态|3毛开挖|4岩石强度|5风化程度|6地|7涌水状态|8岩溶发育程度|9设计围岩级别,PDFPLUMBER_UNAVAILABLE
1251701479b35d57166165ad,/Users/zhaoxiaoda/Library/CloudStorage/GoogleDrive-xiaodazhao0608@gmail.com/我的云端硬盘/TBM9/SKETCH/DyK1013+455.20_伯舒拉岭进口右线DyK10+455.2洞身素描记录表.pdf,FACE_SKETCH,2,"[{""page"": 1, ""width"": 595.3, ""height"": 841.9}, {""page"": 2, ""width"": 595.3, ""height"": 841.9}]",,[],,False,1掌子面|4开挖|12.07开挖|1开挖|2掌子面状态|3毛开挖|4岩石强度|5风化程度|6地|7涌水状态|8岩溶发育程度|9设计围岩级别,d256ff85f375,FACE_SKETCH|2||1掌子面|4开挖|12.07开挖|1开挖|2掌子面状态|3毛开挖|4岩石强度|5风化程度|6地|7涌水状态|8岩溶发育程度|9设计围岩级别,PDFPLUMBER_UNAVAILABLE
52cacac91fb5b92032fa961d,/Users/zhaoxiaoda/Library/CloudStorage/GoogleDrive-xiaodazhao0608@gmail.com/我的云端硬盘/TBM9/SKETCH/DyK1013+485.20_伯舒拉岭进口右线DyK10+485.2洞身素描记录表.pdf,FACE_SKETCH,2,"[{""page"": 1, ""width"": 595.3, ""height"": 841.9}, {""page"": 2, ""width"": 595.3, ""height"": 841.9}]",,[],,False,1掌子面|4开挖|12.07开挖|1开挖|2掌子面状态|3毛开挖|4岩石强度|5风化程度|6地|7涌水状态|8岩溶发育程度|9设计围岩级别,d256ff85f375,FACE_SKETCH|2||1掌子面|4开挖|12.07开挖|1开挖|2掌子面状态|3毛开挖|4岩石强度|5风化程度|6地|7涌水状态|8岩溶发育程度|9设计围岩级别,PDFPLUMBER_UNAVAILABLE
461518eeef3ab92c61be900b,/Users/zhaoxiaoda/Library/CloudStorage/GoogleDrive-xiaodazhao0608@gmail.com/我的云端硬盘/TBM9/SKETCH/DyK1013+515.20_伯舒拉岭进口右线DyK10+515.2洞身素描记录表.pdf,FACE_SKETCH,2,"[{""page"": 1, ""width"": 595.3, ""height"": 841.9}, {""page"": 2, ""width"": 595.3, ""height"": 841.9}]",,[],,False,1掌子面|4开挖|12.07开挖|1开挖|2掌子面状态|3毛开挖|4岩石强度|5风化程度|6地|7涌水状态|8岩溶发育程度|9设计围岩级别,d256ff85f375,FACE_SKETCH|2||1掌子面|4开挖|12.07开挖|1开挖|2掌子面状态|3毛开挖|4岩石强度|5风化程度|6地|7涌水状态|8岩溶发育程度|9设计围岩级别,PDFPLUMBER_UNAVAILABLE
a78d4ad4e8f5dc81b15b774a,/Users/zhaoxiaoda/Library/CloudStorage/GoogleDrive-xiaodazhao0608@gmail.com/我的云端硬盘/TBM9/SKETCH/DyK1013+545.00_伯舒拉岭进口右线DyK10+545洞身素描记录表.pdf,FACE_SKETCH,2,"[{""page"": 1, ""width"": 595.3, ""height"": 841.9}, {""page"": 2, ""width"": 595.3, ""height"": 841.9}]",,[],,False,1掌子面|4开挖|12.07开挖|1开挖|2掌子面状态|3毛开挖|4岩石强度|5风化程度|6地|7涌水状态|8岩溶发育程度|9设计围岩级别,d256ff85f375,FACE_SKETCH|2||1掌子面|4开挖|12.07开挖|1开挖|2掌子面状态|3毛开挖|4岩石强度|5风化程度|6地|7涌水状态|8岩溶发育程度|9设计围岩级别,PDFPLUMBER_UNAVAILABLE
26fd4f8081c6f240644707eb,/Users/zhaoxiaoda/Library/CloudStorage/GoogleDrive-xiaodazhao0608@gmail.com/我的云端硬盘/TBM9/SKETCH/DyK1013+575.00_伯舒拉岭进口右线DyK10+575洞身素描记录表.pdf,FACE_SKETCH,2,"[{""page"": 1, ""width"": 595.3, ""height"": 841.9}, {""page"": 2, ""width"": 595.3, ""height"": 841.9}]",,[],,False,1掌子面|4开挖|12.07开挖|1开挖|2掌子面状态|3毛开挖|4岩石强度|5风化程度|6地|7涌水状态|8岩溶发育程度|9设计围岩级别,d256ff85f375,FACE_SKETCH|2||1掌子面|4开挖|12.07开挖|1开挖|2掌子面状态|3毛开挖|4岩石强度|5风化程度|6地|7涌水状态|8岩溶发育程度|9设计围岩级别,PDFPLUMBER_UNAVAILABLE
ec175e09cec4dd7f79757054,/Users/zhaoxiaoda/Library/CloudStorage/GoogleDrive-xiaodazhao0608@gmail.com/我的云端硬盘/TBM9/SKETCH/DyK1013+605.00_伯舒拉岭进口右线DyK10+605洞身素描记录表.pdf,FACE_SKETCH,2,"[{""page"": 1, ""width"": 595.3, ""height"": 841.9}, {""page"": 2, ""width"": 595.3, ""height"": 841.9}]",,[],,False,1掌子面|4开挖|12.07开挖|1开挖|2掌子面状态|3毛开挖|4岩石强度|5风化程度|6地|7涌水状态|8岩溶发育程度|9设计围岩级别,d256ff85f375,FACE_SKETCH|2||1掌子面|4开挖|12.07开挖|1开挖|2掌子面状态|3毛开挖|4岩石强度|5风化程度|6地|7涌水状态|8岩溶发育程度|9设计围岩级别,PDFPLUMBER_UNAVAILABLE
b6f41b0f8e27bb5957bdc568,/Users/zhaoxiaoda/Library/CloudStorage/GoogleDrive-xiaodazhao0608@gmail.com/我的云端硬盘/TBM9/SKETCH/DyK1013+621.00_伯舒拉岭进口右线DyK10+621洞身素描记录表.pdf,FACE_SKETCH,1,"[{""page"": 1, ""width"": 595.3, ""height"": 841.9}]",,[],,False,1掌子面|4开挖|12.07开挖|1开挖|2掌子面状态|3毛开挖|4岩石强度|5风化程度|6地|7涌水状态|8岩溶发育程度|9设计围岩级别,f2306bebe044,FACE_SKETCH|1||1掌子面|4开挖|12.07开挖|1开挖|2掌子面状态|3毛开挖|4岩石强度|5风化程度|6地|7涌水状态|8岩溶发育程度|9设计围岩级别,PDFPLUMBER_UNAVAILABLE
f9d7b028077917484ab028c9,/Users/zhaoxiaoda/Library/CloudStorage/GoogleDrive-xiaodazhao0608@gmail.com/我的云端硬盘/TBM9/SKETCH/DyK1013+644.40_伯舒拉岭进口右线DyK10+644.4洞身素描记录表.pdf,FACE_SKETCH,1,"[{""page"": 1, ""width"": 595.3, ""height"": 841.9}]",,[],,False,1掌子面|4开挖|12.07开挖|1开挖|2掌子面状态|3毛开挖|4岩石强度|5风化程度|6地|7涌水状态|8岩溶发育程度|9设计围岩级别,f2306bebe044,FACE_SKETCH|1||1掌子面|4开挖|12.07开挖|1开挖|2掌子面状态|3毛开挖|4岩石强度|5风化程度|6地|7涌水状态|8岩溶发育程度|9设计围岩级别,PDFPLUMBER_UNAVAILABLE
f4614b7cc245815098c5ba13,/Users/zhaoxiaoda/Library/CloudStorage/GoogleDrive-xiaodazhao0608@gmail.com/我的云端硬盘/TBM9/SKETCH/DyK1013+674.40_伯舒拉岭进口右线DyK10+674.4洞身素描记录表.pdf,FACE_SKETCH,1,"[{""page"": 1, ""width"": 595.3, ""height"": 841.9}]",,[],,False,1掌子面|4开挖|12.07开挖|1开挖|2掌子面状态|3毛开挖|4岩石强度|5风化程度|6地|7涌水状态|8岩溶发育程度|9设计围岩级别,f2306bebe044,FACE_SKETCH|1||1掌子面|4开挖|12.07开挖|1开挖|2掌子面状态|3毛开挖|4岩石强度|5风化程度|6地|7涌水状态|8岩溶发育程度|9设计围岩级别,PDFPLUMBER_UNAVAILABLE
c07b0a00996054098b2a9fb7,/Users/zhaoxiaoda/Library/CloudStorage/GoogleDrive-xiaodazhao0608@gmail.com/我的云端硬盘/TBM9/SKETCH/DyK1013+701.00_伯舒拉岭进口右线DyK10+701洞身素描记录表.pdf,FACE_SKETCH,1,"[{""page"": 1, ""width"": 595.3, ""height"": 841.9}]",,[],,False,1掌子面|4开挖|12.07开挖|1开挖|2掌子面状态|3毛开挖|4岩石强度|5风化程度|6地|7涌水状态|8岩溶发育程度|9设计围岩级别,f2306bebe044,FACE_SKETCH|1||1掌子面|4开挖|12.07开挖|1开挖|2掌子面状态|3毛开挖|4岩石强度|5风化程度|6地|7涌水状态|8岩溶发育程度|9设计围岩级别,PDFPLUMBER_UNAVAILABLE
00e536fe7ea614a87b155918,/Users/zhaoxiaoda/Library/CloudStorage/GoogleDrive-xiaodazhao0608@gmail.com/我的云端硬盘/TBM9/SKETCH/DyK1013+723.60_伯舒拉岭进口右线DyK10+723.6洞身素描记录表.pdf,FACE_SKETCH,1,"[{""page"": 1, ""width"": 595.3, ""height"": 841.9}]",,[],,False,1掌子面|4开挖|12.07开挖|1开挖|2掌子面状态|3毛开挖|4岩石强度|5风化程度|6地|7涌水状态|8岩溶发育程度|9设计围岩级别,f2306bebe044,FACE_SKETCH|1||1掌子面|4开挖|12.07开挖|1开挖|2掌子面状态|3毛开挖|4岩石强度|5风化程度|6地|7涌水状态|8岩溶发育程度|9设计围岩级别,PDFPLUMBER_UNAVAILABLE
cbaa16a8d1f054c07369f26d,/Users/zhaoxiaoda/Library/CloudStorage/GoogleDrive-xiaodazhao0608@gmail.com/我的云端硬盘/TBM9/SKETCH/DyK1013+747.00_伯舒拉岭进口右线DyK10+747洞身素描记录表.pdf,FACE_SKETCH,1,"[{""page"": 1, ""width"": 595.3, ""height"": 841.9}]",,[],,False,1掌子面|4开挖|12.07开挖|1开挖|2掌子面状态|3毛开挖|4岩石强度|5风化程度|6地|7涌水状态|8岩溶发育程度|9设计围岩级别,f2306bebe044,FACE_SKETCH|1||1掌子面|4开挖|12.07开挖|1开挖|2掌子面状态|3毛开挖|4岩石强度|5风化程度|6地|7涌水状态|8岩溶发育程度|9设计围岩级别,PDFPLUMBER_UNAVAILABLE
44ad9e1bbc5923d99bfbf395,/Users/zhaoxiaoda/Library/CloudStorage/GoogleDrive-xiaodazhao0608@gmail.com/我的云端硬盘/TBM9/SKETCH/DyK1013+768.60_伯舒拉岭进口右线DyK10+768.6洞身素描记录表.pdf,FACE_SKETCH,1,"[{""page"": 1, ""width"": 595.3, ""height"": 841.9}]",,[],,False,1掌子面|4开挖|12.07开挖|1开挖|2掌子面状态|3毛开挖|4岩石强度|5风化程度|6地|7涌水状态|8岩溶发育程度|9设计围岩级别,f2306bebe044,FACE_SKETCH|1||1掌子面|4开挖|12.07开挖|1开挖|2掌子面状态|3毛开挖|4岩石强度|5风化程度|6地|7涌水状态|8岩溶发育程度|9设计围岩级别,PDFPLUMBER_UNAVAILABLE
d4d239117cf91c326097d573,/Users/zhaoxiaoda/Library/CloudStorage/GoogleDrive-xiaodazhao0608@gmail.com/我的云端硬盘/TBM9/SKETCH/DyK1013+790.20_伯舒拉岭进口右线DyK10+790.2洞身素描记录表.pdf,FACE_SKETCH,1,"[{""page"": 1, ""width"": 595.3, ""height"": 841.9}]",,[],,False,1掌子面|4开挖|12.07开挖|1开挖|2掌子面状态|3毛开挖|4岩石强度|5风化程度|6地|7涌水状态|8岩溶发育程度|9设计围岩级别,f2306bebe044,FACE_SKETCH|1||1掌子面|4开挖|12.07开挖|1开挖|2掌子面状态|3毛开挖|4岩石强度|5风化程度|6地|7涌水状态|8岩溶发育程度|9设计围岩级别,PDFPLUMBER_UNAVAILABLE
6e942e09ef8e4f22d0ea76aa,/Users/zhaoxiaoda/Library/CloudStorage/GoogleDrive-xiaodazhao0608@gmail.com/我的云端硬盘/TBM9/SKETCH/DyK1013+813.60_伯舒拉岭进口右线DyK10+813.6洞身素描记录表.pdf,FACE_SKETCH,1,"[{""page"": 1, ""width"": 595.3, ""height"": 841.9}]",,[],,False,1掌子面|4开挖|12.07开挖|1开挖|2掌子面状态|3毛开挖|4岩石强度|5风化程度|6地|7涌水状态|8岩溶发育程度|9设计围岩级别,f2306bebe044,FACE_SKETCH|1||1掌子面|4开挖|12.07开挖|1开挖|2掌子面状态|3毛开挖|4岩石强度|5风化程度|6地|7涌水状态|8岩溶发育程度|9设计围岩级别,PDFPLUMBER_UNAVAILABLE
768ef42847f6d8bfa5af2a91,/Users/zhaoxiaoda/Library/CloudStorage/GoogleDrive-xiaodazhao0608@gmail.com/我的云端硬盘/TBM9/SKETCH/DyK1013+840.60_伯舒拉岭进口右线DyK10+840.6洞身素描记录表.pdf,FACE_SKETCH,1,"[{""page"": 1, ""width"": 595.3, ""height"": 841.9}]",,[],,False,1掌子面|4开挖|12.07开挖|1开挖|2掌子面状态|3毛开挖|4岩石强度|5风化程度|6地|7涌水状态|8岩溶发育程度|9设计围岩级别,f2306bebe044,FACE_SKETCH|1||1掌子面|4开挖|12.07开挖|1开挖|2掌子面状态|3毛开挖|4岩石强度|5风化程度|6地|7涌水状态|8岩溶发育程度|9设计围岩级别,PDFPLUMBER_UNAVAILABLE
38c8f84450aaa7ae237ae63c,/Users/zhaoxiaoda/Library/CloudStorage/GoogleDrive-xiaodazhao0608@gmail.com/我的云端硬盘/TBM9/SKETCH/DyK1013+851.40_伯舒拉岭进口右线DyK10+851.4洞身素描记录表.pdf,FACE_SKETCH,1,"[{""page"": 1, ""width"": 595.3, ""height"": 841.9}]",,[],,False,1掌子面|4开挖|12.07开挖|1开挖|2掌子面状态|3毛开挖|4岩石强度|5风化程度|6地|7涌水状态|8岩溶发育程度|9设计围岩级别,f2306bebe044,FACE_SKETCH|1||1掌子面|4开挖|12.07开挖|1开挖|2掌子面状态|3毛开挖|4岩石强度|5风化程度|6地|7涌水状态|8岩溶发育程度|9设计围岩级别,PDFPLUMBER_UNAVAILABLE
ef1f13d1332945f7a370fa19,/Users/zhaoxiaoda/Library/CloudStorage/GoogleDrive-xiaodazhao0608@gmail.com/我的云端硬盘/TBM9/SKETCH/DyK1013+869.40_伯舒拉岭进口右线DyK10+869.4洞身素描记录表.pdf,FACE_SKETCH,1,"[{""page"": 1, ""width"": 595.3, ""height"": 841.9}]",,[],,False,1掌子面|4开挖|12.07开挖|1开挖|2掌子面状态|3毛开挖|4岩石强度|5风化程度|6地|7涌水状态|8岩溶发育程度|9设计围岩级别,f2306bebe044,FACE_SKETCH|1||1掌子面|4开挖|12.07开挖|1开挖|2掌子面状态|3毛开挖|4岩石强度|5风化程度|6地|7涌水状态|8岩溶发育程度|9设计围岩级别,PDFPLUMBER_UNAVAILABLE
d18280884169f13cf2a02c5f,/Users/zhaoxiaoda/Library/CloudStorage/GoogleDrive-xiaodazhao0608@gmail.com/我的云端硬盘/TBM9/SKETCH/DyK1013+894.60_伯舒拉岭进口右线DyK10+894.6洞身素描记录表.pdf,FACE_SKETCH,1,"[{""page"": 1, ""width"": 595.3, ""height"": 841.9}]",,[],,False,1掌子面|4开挖|12.07开挖|1开挖|2掌子面状态|3毛开挖|4岩石强度|5风化程度|6地|7涌水状态|8岩溶发育程度|9设计围岩级别,f2306bebe044,FACE_SKETCH|1||1掌子面|4开挖|12.07开挖|1开挖|2掌子面状态|3毛开挖|4岩石强度|5风化程度|6地|7涌水状态|8岩溶发育程度|9设计围岩级别,PDFPLUMBER_UNAVAILABLE
00b9dd298253daf3a1a0aafd,/Users/zhaoxiaoda/Library/CloudStorage/GoogleDrive-xiaodazhao0608@gmail.com/我的云端硬盘/TBM9/SKETCH/DyK1013+924.60_伯舒拉岭进口右线DyK1013+924.6洞身素描记录表.pdf,FACE_SKETCH,1,"[{""page"": 1, ""width"": 595.3, ""height"": 841.9}]",,[],,False,1掌子面|4开挖|12.07开挖|1开挖|2掌子面状态|3毛开挖|4岩石强度|5风化程度|6地|7涌水状态|8岩溶发育程度|9设计围岩级别,f2306bebe044,FACE_SKETCH|1||1掌子面|4开挖|12.07开挖|1开挖|2掌子面状态|3毛开挖|4岩石强度|5风化程度|6地|7涌水状态|8岩溶发育程度|9设计围岩级别,PDFPLUMBER_UNAVAILABLE
96f8d3c0780d9576f68724de,/Users/zhaoxiaoda/Library/CloudStorage/GoogleDrive-xiaodazhao0608@gmail.com/我的云端硬盘/TBM9/SKETCH/DyK1013+925.20_伯舒拉岭进口右线DyK1013+925.2洞身素描记录表.pdf,FACE_SKETCH,1,"[{""page"": 1, ""width"": 595.3, ""height"": 841.9}]",,[],,False,1掌子面|4开挖|12.07开挖|1开挖|2掌子面状态|3毛开挖|4岩石强度|5风化程度|6地|7涌水状态|8岩溶发育程度|9设计围岩级别,f2306bebe044,FACE_SKETCH|1||1掌子面|4开挖|12.07开挖|1开挖|2掌子面状态|3毛开挖|4岩石强度|5风化程度|6地|7涌水状态|8岩溶发育程度|9设计围岩级别,PDFPLUMBER_UNAVAILABLE
2cece822f2cb62dc15e48e46,/Users/zhaoxiaoda/Library/CloudStorage/GoogleDrive-xiaodazhao0608@gmail.com/我的云端硬盘/TBM9/SKETCH/DyK1013+943.20_伯舒拉岭进口右线DyK1013+943.2洞身素描记录表.pdf,FACE_SKETCH,2,"[{""page"": 1, ""width"": 595.3, ""height"": 841.9}, {""page"": 2, ""width"": 595.3, ""height"": 841.9}]",,[],,False,1掌子面|4开挖|12.07开挖|1开挖|2掌子面状态|3毛开挖|4岩石强度|5风化程度|6地|7涌水状态|8岩溶发育程度|9设计围岩级别,d256ff85f375,FACE_SKETCH|2||1掌子面|4开挖|12.07开挖|1开挖|2掌子面状态|3毛开挖|4岩石强度|5风化程度|6地|7涌水状态|8岩溶发育程度|9设计围岩级别,PDFPLUMBER_UNAVAILABLE
0cbd80f2f12b2b7c126cc4cb,/Users/zhaoxiaoda/Library/CloudStorage/GoogleDrive-xiaodazhao0608@gmail.com/我的云端硬盘/TBM9/SKETCH/DyK1013+966.60_伯舒拉岭进口右线DyK1013+966.6洞身素描记录表.pdf,FACE_SKETCH,2,"[{""page"": 1, ""width"": 595.3, ""height"": 841.9}, {""page"": 2, ""width"": 595.3, ""height"": 841.9}]",,[],,False,1掌子面|4开挖|12.07开挖|1开挖|2掌子面状态|3毛开挖|4岩石强度|5风化程度|6地|7涌水状态|8岩溶发育程度|9设计围岩级别,d256ff85f375,FACE_SKETCH|2||1掌子面|4开挖|12.07开挖|1开挖|2掌子面状态|3毛开挖|4岩石强度|5风化程度|6地|7涌水状态|8岩溶发育程度|9设计围岩级别,PDFPLUMBER_UNAVAILABLE
0ea449e9a718deb00b8e4001,/Users/zhaoxiaoda/Library/CloudStorage/GoogleDrive-xiaodazhao0608@gmail.com/我的云端硬盘/TBM9/SKETCH/DyK1013+979.20_伯舒拉岭进口右线DyK1013+979.2洞身素描记录表.pdf,FACE_SKETCH,2,"[{""page"": 1, ""width"": 595.3, ""height"": 841.9}, {""page"": 2, ""width"": 595.3, ""height"": 841.9}]",,[],,False,1掌子面|4开挖|12.07开挖|1开挖|2掌子面状态|3毛开挖|4岩石强度|5风化程度|6地|7涌水状态|8岩溶发育程度|9设计围岩级别,d256ff85f375,FACE_SKETCH|2||1掌子面|4开挖|12.07开挖|1开挖|2掌子面状态|3毛开挖|4岩石强度|5风化程度|6地|7涌水状态|8岩溶发育程度|9设计围岩级别,PDFPLUMBER_UNAVAILABLE
9c909304462731024235bfbf,/Users/zhaoxiaoda/Library/CloudStorage/GoogleDrive-xiaodazhao0608@gmail.com/我的云端硬盘/TBM9/SKETCH/DyK1014+004.40_伯舒拉岭进口右线DyK1014+004洞身素描记录表.pdf,FACE_SKETCH,2,"[{""page"": 1, ""width"": 595.3, ""height"": 841.9}, {""page"": 2, ""width"": 595.3, ""height"": 841.9}]",,[],,False,1掌子面|4开挖|12.07开挖|1开挖|2掌子面状态|3毛开挖|4岩石强度|5风化程度|6地|7涌水状态|8岩溶发育程度|9设计围岩级别,d256ff85f375,FACE_SKETCH|2||1掌子面|4开挖|12.07开挖|1开挖|2掌子面状态|3毛开挖|4岩石强度|5风化程度|6地|7涌水状态|8岩溶发育程度|9设计围岩级别,PDFPLUMBER_UNAVAILABLE
f35a75c4f6674700c040b8a2,/Users/zhaoxiaoda/Library/CloudStorage/GoogleDrive-xiaodazhao0608@gmail.com/我的云端硬盘/TBM9/SKETCH/DyK1014+018.80_伯舒拉岭进口右线DyK1014+018.8洞身素描记录表.pdf,FACE_SKETCH,1,"[{""page"": 1, ""width"": 595.3, ""height"": 841.9}]",,[],,False,1掌子面|4开挖|12.07开挖|1开挖|2掌子面状态|3毛开挖|4岩石强度|5风化程度|6地|7涌水状态|8岩溶发育程度|9设计围岩级别,f2306bebe044,FACE_SKETCH|1||1掌子面|4开挖|12.07开挖|1开挖|2掌子面状态|3毛开挖|4岩石强度|5风化程度|6地|7涌水状态|8岩溶发育程度|9设计围岩级别,PDFPLUMBER_UNAVAILABLE
636ad293c952180054cc36a6,/Users/zhaoxiaoda/Library/CloudStorage/GoogleDrive-xiaodazhao0608@gmail.com/我的云端硬盘/TBM9/SKETCH/DyK1014+038.60_伯舒拉岭进口右线DyK1014+038.6洞身素描记录表.pdf,FACE_SKETCH,1,"[{""page"": 1, ""width"": 595.3, ""height"": 841.9}]",,[],,False,1掌子面|4开挖|12.07开挖|1开挖|2掌子面状态|3毛开挖|4岩石强度|5风化程度|6地|7涌水状态|8岩溶发育程度|9设计围岩级别,f2306bebe044,FACE_SKETCH|1||1掌子面|4开挖|12.07开挖|1开挖|2掌子面状态|3毛开挖|4岩石强度|5风化程度|6地|7涌水状态|8岩溶发育程度|9设计围岩级别,PDFPLUMBER_UNAVAILABLE
45f916c0ce4f9d2ecbc0c82b,/Users/zhaoxiaoda/Library/CloudStorage/GoogleDrive-xiaodazhao0608@gmail.com/我的云端硬盘/TBM9/SKETCH/DyK1014+063.80_伯舒拉岭进口右线DyK1014+063.8洞身素描记录表.pdf,FACE_SKETCH,1,"[{""page"": 1, ""width"": 595.3, ""height"": 841.9}]",,[],,False,1掌子面|4开挖|12.07开挖|1开挖|2掌子面状态|3毛开挖|4岩石强度|5风化程度|6地|7涌水状态|8岩溶发育程度|9设计围岩级别,f2306bebe044,FACE_SKETCH|1||1掌子面|4开挖|12.07开挖|1开挖|2掌子面状态|3毛开挖|4岩石强度|5风化程度|6地|7涌水状态|8岩溶发育程度|9设计围岩级别,PDFPLUMBER_UNAVAILABLE
92ed6fc990e0bcf3c15a3e67,/Users/zhaoxiaoda/Library/CloudStorage/GoogleDrive-xiaodazhao0608@gmail.com/我的云端硬盘/TBM9/SKETCH/DyK1014+081.80_伯舒拉岭进口右线DyK1014+081.8洞身素描记录表.pdf,FACE_SKETCH,1,"[{""page"": 1, ""width"": 595.3, ""height"": 841.9}]",,[],,False,1掌子面|4开挖|12.07开挖|1开挖|2掌子面状态|3毛开挖|4岩石强度|5风化程度|6地|7涌水状态|8岩溶发育程度|9设计围岩级别,f2306bebe044,FACE_SKETCH|1||1掌子面|4开挖|12.07开挖|1开挖|2掌子面状态|3毛开挖|4岩石强度|5风化程度|6地|7涌水状态|8岩溶发育程度|9设计围岩级别,PDFPLUMBER_UNAVAILABLE
335d34f944b9b6ae276a59ad,/Users/zhaoxiaoda/Library/CloudStorage/GoogleDrive-xiaodazhao0608@gmail.com/我的云端硬盘/TBM9/SKETCH/DyK1014+099.80_伯舒拉岭进口右线DyK1014+099.8洞身素描记录表.pdf,FACE_SKETCH,1,"[{""page"": 1, ""width"": 595.3, ""height"": 841.9}]",,[],,False,1掌子面|4开挖|12.07开挖|1开挖|2掌子面状态|3毛开挖|4岩石强度|5风化程度|6地|7涌水状态|8岩溶发育程度|9设计围岩级别,f2306bebe044,FACE_SKETCH|1||1掌子面|4开挖|12.07开挖|1开挖|2掌子面状态|3毛开挖|4岩石强度|5风化程度|6地|7涌水状态|8岩溶发育程度|9设计围岩级别,PDFPLUMBER_UNAVAILABLE
be6f6142364475b8a4f6f41a,/Users/zhaoxiaoda/Library/CloudStorage/GoogleDrive-xiaodazhao0608@gmail.com/我的云端硬盘/TBM9/SKETCH/DyK1014+119.00_伯舒拉岭进口右线DyK1014+119洞身素描记录表.pdf,FACE_SKETCH,1,"[{""page"": 1, ""width"": 595.3, ""height"": 841.9}]",,[],,False,1掌子面|4开挖|12.07开挖|1开挖|2掌子面状态|3毛开挖|4岩石强度|5风化程度|6地|7涌水状态|8岩溶发育程度|9设计围岩级别,f2306bebe044,FACE_SKETCH|1||1掌子面|4开挖|12.07开挖|1开挖|2掌子面状态|3毛开挖|4岩石强度|5风化程度|6地|7涌水状态|8岩溶发育程度|9设计围岩级别,PDFPLUMBER_UNAVAILABLE
83b3edad4953f55492994132,/Users/zhaoxiaoda/Library/CloudStorage/GoogleDrive-xiaodazhao0608@gmail.com/我的云端硬盘/TBM9/SKETCH/DyK1014+130.40_伯舒拉岭进口右线DyK1014+130.6洞身素描记录表.pdf,FACE_SKETCH,1,"[{""page"": 1, ""width"": 595.3, ""height"": 841.9}]",,[],,False,1掌子面|4开挖|12.07开挖|1开挖|2掌子面状态|3毛开挖|4岩石强度|5风化程度|6地|7涌水状态|8岩溶发育程度|9设计围岩级别,f2306bebe044,FACE_SKETCH|1||1掌子面|4开挖|12.07开挖|1开挖|2掌子面状态|3毛开挖|4岩石强度|5风化程度|6地|7涌水状态|8岩溶发育程度|9设计围岩级别,PDFPLUMBER_UNAVAILABLE
407057cf25e0204c83302fe4,/Users/zhaoxiaoda/Library/CloudStorage/GoogleDrive-xiaodazhao0608@gmail.com/我的云端硬盘/TBM9/SKETCH/DyK1014+152.00_伯舒拉岭进口右线DyK1014+152.0洞身素描记录表.pdf,FACE_SKETCH,1,"[{""page"": 1, ""width"": 595.3, ""height"": 841.9}]",,[],,False,1掌子面|4开挖|12.07开挖|1开挖|2掌子面状态|3毛开挖|4岩石强度|5风化程度|6地|7涌水状态|8岩溶发育程度|9设计围岩级别,f2306bebe044,FACE_SKETCH|1||1掌子面|4开挖|12.07开挖|1开挖|2掌子面状态|3毛开挖|4岩石强度|5风化程度|6地|7涌水状态|8岩溶发育程度|9设计围岩级别,PDFPLUMBER_UNAVAILABLE
0759e02be4906729df98f355,/Users/zhaoxiaoda/Library/CloudStorage/GoogleDrive-xiaodazhao0608@gmail.com/我的云端硬盘/TBM9/SKETCH/DyK1014+166.40_伯舒拉岭进口右线DyK1014+166.4洞身素描记录表.pdf,FACE_SKETCH,1,"[{""page"": 1, ""width"": 595.3, ""height"": 841.9}]",,[],,False,1掌子面|4开挖|12.07开挖|1开挖|2掌子面状态|3毛开挖|4岩石强度|5风化程度|6地|7涌水状态|8岩溶发育程度|9设计围岩级别,f2306bebe044,FACE_SKETCH|1||1掌子面|4开挖|12.07开挖|1开挖|2掌子面状态|3毛开挖|4岩石强度|5风化程度|6地|7涌水状态|8岩溶发育程度|9设计围岩级别,PDFPLUMBER_UNAVAILABLE
eefb17241cb03ca2e4060b22,/Users/zhaoxiaoda/Library/CloudStorage/GoogleDrive-xiaodazhao0608@gmail.com/我的云端硬盘/TBM9/SKETCH/DyK1014+196.40_伯舒拉岭进口右线DyK1014+196.4洞身素描记录表.pdf,FACE_SKETCH,1,"[{""page"": 1, ""width"": 595.3, ""height"": 841.9}]",,[],,False,1掌子面|4开挖|12.07开挖|1开挖|2掌子面状态|3毛开挖|4岩石强度|5风化程度|6地|7涌水状态|8岩溶发育程度|9设计围岩级别,f2306bebe044,FACE_SKETCH|1||1掌子面|4开挖|12.07开挖|1开挖|2掌子面状态|3毛开挖|4岩石强度|5风化程度|6地|7涌水状态|8岩溶发育程度|9设计围岩级别,PDFPLUMBER_UNAVAILABLE
68af256e0fa2ef0feaa9451f,/Users/zhaoxiaoda/Library/CloudStorage/GoogleDrive-xiaodazhao0608@gmail.com/我的云端硬盘/TBM9/SKETCH/DyK1014+209.00_伯舒拉岭进口右线DyK1014+209洞身素描记录表.pdf,FACE_SKETCH,1,"[{""page"": 1, ""width"": 595.3, ""height"": 841.9}]",,[],,False,1掌子面|4开挖|12.07开挖|1开挖|2掌子面状态|3毛开挖|4岩石强度|5风化程度|6地|7涌水状态|8岩溶发育程度|9设计围岩级别,f2306bebe044,FACE_SKETCH|1||1掌子面|4开挖|12.07开挖|1开挖|2掌子面状态|3毛开挖|4岩石强度|5风化程度|6地|7涌水状态|8岩溶发育程度|9设计围岩级别,PDFPLUMBER_UNAVAILABLE
7ed00e3e8e47fe30a31ae44c,/Users/zhaoxiaoda/Library/CloudStorage/GoogleDrive-xiaodazhao0608@gmail.com/我的云端硬盘/TBM9/SKETCH/DyK1014+225.80_伯舒拉岭进口右线DyK1014+225.8洞身素描记录表.pdf,FACE_SKETCH,1,"[{""page"": 1, ""width"": 595.3, ""height"": 841.9}]",,[],,False,1掌子面|4开挖|12.07开挖|1开挖|2掌子面状态|3毛开挖|4岩石强度|5风化程度|6地|7涌水状态|8岩溶发育程度|9设计围岩级别,f2306bebe044,FACE_SKETCH|1||1掌子面|4开挖|12.07开挖|1开挖|2掌子面状态|3毛开挖|4岩石强度|5风化程度|6地|7涌水状态|8岩溶发育程度|9设计围岩级别,PDFPLUMBER_UNAVAILABLE
e0296d956dbf94396cda5a4c,/Users/zhaoxiaoda/Library/CloudStorage/GoogleDrive-xiaodazhao0608@gmail.com/我的云端硬盘/TBM9/SKETCH/DyK1014+255.80_伯舒拉岭右线DyK1014+255.8洞身素描记录表.pdf,FACE_SKETCH,1,"[{""page"": 1, ""width"": 595.3, ""height"": 841.95}]",,[],,False,1掌子面|4开挖|12.07开挖|1开挖|2掌子面状态|3毛开挖|4岩石强度|5风化程度|6地|7涌水状态|8岩溶发育程度|9设计围岩级别,f2306bebe044,FACE_SKETCH|1||1掌子面|4开挖|12.07开挖|1开挖|2掌子面状态|3毛开挖|4岩石强度|5风化程度|6地|7涌水状态|8岩溶发育程度|9设计围岩级别,PDFPLUMBER_UNAVAILABLE
d25594e6efb61245383fd13d,/Users/zhaoxiaoda/Library/CloudStorage/GoogleDrive-xiaodazhao0608@gmail.com/我的云端硬盘/TBM9/SKETCH/DyK1014+285.80_伯舒拉岭右线DyK1014+285.8洞身素描记录表.pdf,FACE_SKETCH,1,"[{""page"": 1, ""width"": 595.3, ""height"": 841.95}]",,[],,False,1掌子面|4开挖|12.07开挖|1开挖|2掌子面状态|3毛开挖|4岩石强度|5风化程度|6地|7涌水状态|8岩溶发育程度|9设计围岩级别,f2306bebe044,FACE_SKETCH|1||1掌子面|4开挖|12.07开挖|1开挖|2掌子面状态|3毛开挖|4岩石强度|5风化程度|6地|7涌水状态|8岩溶发育程度|9设计围岩级别,PDFPLUMBER_UNAVAILABLE
8022d2d99bfe5dfacfebc8e6,/Users/zhaoxiaoda/Library/CloudStorage/GoogleDrive-xiaodazhao0608@gmail.com/我的云端硬盘/TBM9/SKETCH/DyK1014+299.00_伯舒拉岭右线DyK1014+299身素描记录表.pdf,FACE_SKETCH,1,"[{""page"": 1, ""width"": 595.3, ""height"": 841.95}]",,[],,False,1掌子面|4开挖|12.07开挖|1开挖|2掌子面状态|3毛开挖|4岩石强度|5风化程度|6地|7涌水状态|8岩溶发育程度|9设计围岩级别,f2306bebe044,FACE_SKETCH|1||1掌子面|4开挖|12.07开挖|1开挖|2掌子面状态|3毛开挖|4岩石强度|5风化程度|6地|7涌水状态|8岩溶发育程度|9设计围岩级别,PDFPLUMBER_UNAVAILABLE
6590107c1bbf2ace92f8db04,/Users/zhaoxiaoda/Library/CloudStorage/GoogleDrive-xiaodazhao0608@gmail.com/我的云端硬盘/TBM9/SKETCH/DyK1014+329.00_伯舒拉岭右线DyK1014+329洞身素描记录表.pdf,FACE_SKETCH,1,"[{""page"": 1, ""width"": 595.3, ""height"": 841.95}]",,[],,False,1掌子面|4开挖|12.07开挖|1开挖|2掌子面状态|3毛开挖|4岩石强度|5风化程度|6地|7涌水状态|8岩溶发育程度|9设计围岩级别,f2306bebe044,FACE_SKETCH|1||1掌子面|4开挖|12.07开挖|1开挖|2掌子面状态|3毛开挖|4岩石强度|5风化程度|6地|7涌水状态|8岩溶发育程度|9设计围岩级别,PDFPLUMBER_UNAVAILABLE
ba88f6fa9c1322ffb400b974,/Users/zhaoxiaoda/Library/CloudStorage/GoogleDrive-xiaodazhao0608@gmail.com/我的云端硬盘/TBM9/SKETCH/DyK1014+359.00-_伯舒拉岭右线DyK1014+359洞身素描记录表.pdf,FACE_SKETCH,1,"[{""page"": 1, ""width"": 595.3, ""height"": 841.95}]",,[],,False,1掌子面|4开挖|12.07开挖|1开挖|2掌子面状态|3毛开挖|4岩石强度|5风化程度|6地|7涌水状态|8岩溶发育程度|9设计围岩级别,f2306bebe044,FACE_SKETCH|1||1掌子面|4开挖|12.07开挖|1开挖|2掌子面状态|3毛开挖|4岩石强度|5风化程度|6地|7涌水状态|8岩溶发育程度|9设计围岩级别,PDFPLUMBER_UNAVAILABLE
286f9e5cb8ea3835ba56976e,/Users/zhaoxiaoda/Library/CloudStorage/GoogleDrive-xiaodazhao0608@gmail.com/我的云端硬盘/TBM9/SKETCH/DyK1014+359.00_伯舒拉岭右线DyK1014+359洞身素描记录表.pdf,FACE_SKETCH,1,"[{""page"": 1, ""width"": 595.3, ""height"": 841.95}]",,[],,False,1掌子面|4开挖|12.07开挖|1开挖|2掌子面状态|3毛开挖|4岩石强度|5风化程度|6地|7涌水状态|8岩溶发育程度|9设计围岩级别,f2306bebe044,FACE_SKETCH|1||1掌子面|4开挖|12.07开挖|1开挖|2掌子面状态|3毛开挖|4岩石强度|5风化程度|6地|7涌水状态|8岩溶发育程度|9设计围岩级别,PDFPLUMBER_UNAVAILABLE
c77c343beec02a4f2eaa1709,/Users/zhaoxiaoda/Library/CloudStorage/GoogleDrive-xiaodazhao0608@gmail.com/我的云端硬盘/TBM9/SKETCH/DyK1014+389.00_伯舒拉岭右线DyK1014+389洞身素描记录表.pdf,FACE_SKETCH,1,"[{""page"": 1, ""width"": 595.3, ""height"": 841.95}]",,[],,False,1掌子面|4开挖|12.07开挖|1开挖|2掌子面状态|3毛开挖|4岩石强度|5风化程度|6地|7涌水状态|8岩溶发育程度|9设计围岩级别,f2306bebe044,FACE_SKETCH|1||1掌子面|4开挖|12.07开挖|1开挖|2掌子面状态|3毛开挖|4岩石强度|5风化程度|6地|7涌水状态|8岩溶发育程度|9设计围岩级别,PDFPLUMBER_UNAVAILABLE
665dc65538c9aec44e36752a,/Users/zhaoxiaoda/Library/CloudStorage/GoogleDrive-xiaodazhao0608@gmail.com/我的云端硬盘/TBM9/SKETCH/DyK1014+419.00_伯舒拉岭右线DyK1014+419洞身素描记录表.pdf,FACE_SKETCH,1,"[{""page"": 1, ""width"": 595.3, ""height"": 841.95}]",,[],,False,1掌子面|4开挖|12.07开挖|1开挖|2掌子面状态|3毛开挖|4岩石强度|5风化程度|6地|7涌水状态|8岩溶发育程度|9设计围岩级别,f2306bebe044,FACE_SKETCH|1||1掌子面|4开挖|12.07开挖|1开挖|2掌子面状态|3毛开挖|4岩石强度|5风化程度|6地|7涌水状态|8岩溶发育程度|9设计围岩级别,PDFPLUMBER_UNAVAILABLE
c6033d47fac60b63875a730d,/Users/zhaoxiaoda/Library/CloudStorage/GoogleDrive-xiaodazhao0608@gmail.com/我的云端硬盘/TBM9/SKETCH/DyK1014+441.00_伯舒拉岭右线DyK1014+441洞身素描记录表.pdf,FACE_SKETCH,1,"[{""page"": 1, ""width"": 595.3, ""height"": 841.95}]",,[],,False,1掌子面|4开挖|12.07开挖|1开挖|2掌子面状态|3毛开挖|4岩石强度|5风化程度|6地|7涌水状态|8岩溶发育程度|9设计围岩级别,f2306bebe044,FACE_SKETCH|1||1掌子面|4开挖|12.07开挖|1开挖|2掌子面状态|3毛开挖|4岩石强度|5风化程度|6地|7涌水状态|8岩溶发育程度|9设计围岩级别,PDFPLUMBER_UNAVAILABLE
26329a21844828d7f27d1512,/Users/zhaoxiaoda/Library/CloudStorage/GoogleDrive-xiaodazhao0608@gmail.com/我的云端硬盘/TBM9/SKETCH/DyK1014+471.00_伯舒拉岭右线DyK1014+471洞身素描记录表.pdf,FACE_SKETCH,1,"[{""page"": 1, ""width"": 595.3, ""height"": 841.95}]",,[],,False,1掌子面|4开挖|12.07开挖|1开挖|2掌子面状态|3毛开挖|4岩石强度|5风化程度|6地|7涌水状态|8岩溶发育程度|9设计围岩级别,f2306bebe044,FACE_SKETCH|1||1掌子面|4开挖|12.07开挖|1开挖|2掌子面状态|3毛开挖|4岩石强度|5风化程度|6地|7涌水状态|8岩溶发育程度|9设计围岩级别,PDFPLUMBER_UNAVAILABLE
47d0ca204cbd2b6e6610bd04,/Users/zhaoxiaoda/Library/CloudStorage/GoogleDrive-xiaodazhao0608@gmail.com/我的云端硬盘/TBM9/SKETCH/DyK1014+501.00_伯舒拉岭右线DyK1014+501洞身素描记录表.pdf,FACE_SKETCH,1,"[{""page"": 1, ""width"": 595.3, ""height"": 841.95}]",,[],,False,1掌子面|4开挖|12.07开挖|1开挖|2掌子面状态|3毛开挖|4岩石强度|5风化程度|6地|7涌水状态|8岩溶发育程度|9设计围岩级别,f2306bebe044,FACE_SKETCH|1||1掌子面|4开挖|12.07开挖|1开挖|2掌子面状态|3毛开挖|4岩石强度|5风化程度|6地|7涌水状态|8岩溶发育程度|9设计围岩级别,PDFPLUMBER_UNAVAILABLE
4690bb42eb75c472ebc5436e,/Users/zhaoxiaoda/Library/CloudStorage/GoogleDrive-xiaodazhao0608@gmail.com/我的云端硬盘/TBM9/SKETCH/DyK1014+531.00_伯舒拉岭右线DyK1014+531洞身素描记录表.pdf,FACE_SKETCH,1,"[{""page"": 1, ""width"": 595.3, ""height"": 841.95}]",,[],,False,1掌子面|4开挖|12.07开挖|1开挖|2掌子面状态|3毛开挖|4岩石强度|5风化程度|6地|7涌水状态|8岩溶发育程度|9设计围岩级别,f2306bebe044,FACE_SKETCH|1||1掌子面|4开挖|12.07开挖|1开挖|2掌子面状态|3毛开挖|4岩石强度|5风化程度|6地|7涌水状态|8岩溶发育程度|9设计围岩级别,PDFPLUMBER_UNAVAILABLE
cd5401e5ca81c4114498f5f2,/Users/zhaoxiaoda/Library/CloudStorage/GoogleDrive-xiaodazhao0608@gmail.com/我的云端硬盘/TBM9/SKETCH/DyK1014+555.00_伯舒拉岭右线DyK1014+555洞身素描记录表.pdf,FACE_SKETCH,1,"[{""page"": 1, ""width"": 595.3, ""height"": 841.95}]",,[],,False,1掌子面|4开挖|12.07开挖|1开挖|2掌子面状态|3毛开挖|4岩石强度|5风化程度|6地|7涌水状态|8岩溶发育程度|9设计围岩级别,f2306bebe044,FACE_SKETCH|1||1掌子面|4开挖|12.07开挖|1开挖|2掌子面状态|3毛开挖|4岩石强度|5风化程度|6地|7涌水状态|8岩溶发育程度|9设计围岩级别,PDFPLUMBER_UNAVAILABLE
15153bf362ec7624d774b345,/Users/zhaoxiaoda/Library/CloudStorage/GoogleDrive-xiaodazhao0608@gmail.com/我的云端硬盘/TBM9/SKETCH/DyK1014+561.00_伯舒拉岭右线DyK1014+561洞身素描记录表.pdf,FACE_SKETCH,1,"[{""page"": 1, ""width"": 595.3, ""height"": 841.95}]",,[],,False,1掌子面|4开挖|12.07开挖|1开挖|2掌子面状态|3毛开挖|4岩石强度|5风化程度|6地|7涌水状态|8岩溶发育程度|9设计围岩级别,f2306bebe044,FACE_SKETCH|1||1掌子面|4开挖|12.07开挖|1开挖|2掌子面状态|3毛开挖|4岩石强度|5风化程度|6地|7涌水状态|8岩溶发育程度|9设计围岩级别,PDFPLUMBER_UNAVAILABLE
03e0f6f1e65fc6f6ab7d6ce7,/Users/zhaoxiaoda/Library/CloudStorage/GoogleDrive-xiaodazhao0608@gmail.com/我的云端硬盘/TBM9/SKETCH/DyK1014+591.00_伯舒拉岭右线DyK1014+591洞身素描记录表.pdf,FACE_SKETCH,1,"[{""page"": 1, ""width"": 595.3, ""height"": 841.95}]",,[],,False,1掌子面|4开挖|12.07开挖|1开挖|2掌子面状态|3毛开挖|4岩石强度|5风化程度|6地|7涌水状态|8岩溶发育程度|9设计围岩级别,f2306bebe044,FACE_SKETCH|1||1掌子面|4开挖|12.07开挖|1开挖|2掌子面状态|3毛开挖|4岩石强度|5风化程度|6地|7涌水状态|8岩溶发育程度|9设计围岩级别,PDFPLUMBER_UNAVAILABLE
6f7e51718168ae232ce0bacb,/Users/zhaoxiaoda/Library/CloudStorage/GoogleDrive-xiaodazhao0608@gmail.com/我的云端硬盘/TBM9/SKETCH/DyK1014+621.00_伯舒拉岭右线DyK1014+621洞身素描记录表.pdf,FACE_SKETCH,1,"[{""page"": 1, ""width"": 595.3, ""height"": 841.95}]",,[],,False,1掌子面|4开挖|12.07开挖|1开挖|2掌子面状态|3毛开挖|4岩石强度|5风化程度|6地|7涌水状态|8岩溶发育程度|9设计围岩级别,f2306bebe044,FACE_SKETCH|1||1掌子面|4开挖|12.07开挖|1开挖|2掌子面状态|3毛开挖|4岩石强度|5风化程度|6地|7涌水状态|8岩溶发育程度|9设计围岩级别,PDFPLUMBER_UNAVAILABLE
36b1e88471ba75fb118bb9fa,/Users/zhaoxiaoda/Library/CloudStorage/GoogleDrive-xiaodazhao0608@gmail.com/我的云端硬盘/TBM9/SKETCH/DyK1014+645.00_伯舒拉岭右线DyK1014+645洞身素描记录表.pdf,FACE_SKETCH,1,"[{""page"": 1, ""width"": 595.3, ""height"": 841.95}]",,[],,False,1掌子面|4开挖|12.07开挖|1开挖|2掌子面状态|3毛开挖|4岩石强度|5风化程度|6地|7涌水状态|8岩溶发育程度|9设计围岩级别,f2306bebe044,FACE_SKETCH|1||1掌子面|4开挖|12.07开挖|1开挖|2掌子面状态|3毛开挖|4岩石强度|5风化程度|6地|7涌水状态|8岩溶发育程度|9设计围岩级别,PDFPLUMBER_UNAVAILABLE
7d7ef4bf0bb0a3f3fff22523,/Users/zhaoxiaoda/Library/CloudStorage/GoogleDrive-xiaodazhao0608@gmail.com/我的云端硬盘/TBM9/SKETCH/DyK1014+675.00_伯舒拉岭右线DyK1014+675洞身素描记录表.pdf,FACE_SKETCH,1,"[{""page"": 1, ""width"": 595.3, ""height"": 841.95}]",,[],,False,1掌子面|4开挖|12.07开挖|1开挖|2掌子面状态|3毛开挖|4岩石强度|5风化程度|6地|7涌水状态|8岩溶发育程度|9设计围岩级别,f2306bebe044,FACE_SKETCH|1||1掌子面|4开挖|12.07开挖|1开挖|2掌子面状态|3毛开挖|4岩石强度|5风化程度|6地|7涌水状态|8岩溶发育程度|9设计围岩级别,PDFPLUMBER_UNAVAILABLE
b5b7a990ada8a206149cb27b,/Users/zhaoxiaoda/Library/CloudStorage/GoogleDrive-xiaodazhao0608@gmail.com/我的云端硬盘/TBM9/SKETCH/DyK1014+705.00_伯舒拉岭右线DyK1014+705洞身素描记录表.pdf,FACE_SKETCH,1,"[{""page"": 1, ""width"": 595.3, ""height"": 841.95}]",,[],,False,1掌子面|4开挖|12.07开挖|1开挖|2掌子面状态|3毛开挖|4岩石强度|5风化程度|6地|7涌水状态|8岩溶发育程度|9设计围岩级别,f2306bebe044,FACE_SKETCH|1||1掌子面|4开挖|12.07开挖|1开挖|2掌子面状态|3毛开挖|4岩石强度|5风化程度|6地|7涌水状态|8岩溶发育程度|9设计围岩级别,PDFPLUMBER_UNAVAILABLE
505fc2cb0f61b642331d4348,/Users/zhaoxiaoda/Library/CloudStorage/GoogleDrive-xiaodazhao0608@gmail.com/我的云端硬盘/TBM9/SKETCH/DyK1014+735.00_伯舒拉岭右线DyK1014+735洞身素描记录表.pdf,FACE_SKETCH,1,"[{""page"": 1, ""width"": 595.3, ""height"": 841.95}]",,[],,False,1掌子面|4开挖|12.07开挖|1开挖|2掌子面状态|3毛开挖|4岩石强度|5风化程度|6地|7涌水状态|8岩溶发育程度|9设计围岩级别,f2306bebe044,FACE_SKETCH|1||1掌子面|4开挖|12.07开挖|1开挖|2掌子面状态|3毛开挖|4岩石强度|5风化程度|6地|7涌水状态|8岩溶发育程度|9设计围岩级别,PDFPLUMBER_UNAVAILABLE
2250acdba1bb77e562107866,/Users/zhaoxiaoda/Library/CloudStorage/GoogleDrive-xiaodazhao0608@gmail.com/我的云端硬盘/TBM9/SKETCH/DyK1014+765.00_伯舒拉岭右线DyK1014+765洞身素描记录表.pdf,FACE_SKETCH,1,"[{""page"": 1, ""width"": 595.3, ""height"": 841.95}]",,[],,False,1掌子面|4开挖|12.07开挖|1开挖|2掌子面状态|3毛开挖|4岩石强度|5风化程度|6地|7涌水状态|8岩溶发育程度|9设计围岩级别,f2306bebe044,FACE_SKETCH|1||1掌子面|4开挖|12.07开挖|1开挖|2掌子面状态|3毛开挖|4岩石强度|5风化程度|6地|7涌水状态|8岩溶发育程度|9设计围岩级别,PDFPLUMBER_UNAVAILABLE
befb6be4f11cc40fd7fab4bc,/Users/zhaoxiaoda/Library/CloudStorage/GoogleDrive-xiaodazhao0608@gmail.com/我的云端硬盘/TBM9/SKETCH/DyK1014+795.00_伯舒拉岭右线DyK1014+795洞身素描记录表.pdf,FACE_SKETCH,1,"[{""page"": 1, ""width"": 595.3, ""height"": 841.95}]",,[],,False,1掌子面|4开挖|12.07开挖|1开挖|2掌子面状态|3毛开挖|4岩石强度|5风化程度|6地|7涌水状态|8岩溶发育程度|9设计围岩级别,f2306bebe044,FACE_SKETCH|1||1掌子面|4开挖|12.07开挖|1开挖|2掌子面状态|3毛开挖|4岩石强度|5风化程度|6地|7涌水状态|8岩溶发育程度|9设计围岩级别,PDFPLUMBER_UNAVAILABLE
1bc381ee66f95dafec66de79,/Users/zhaoxiaoda/Library/CloudStorage/GoogleDrive-xiaodazhao0608@gmail.com/我的云端硬盘/TBM9/SKETCH/DyK1014+825.00_伯舒拉岭右线DyK1014+825洞身素描记录表.pdf,FACE_SKETCH,1,"[{""page"": 1, ""width"": 595.3, ""height"": 841.95}]",,[],,False,1掌子面|4开挖|12.07开挖|1开挖|2掌子面状态|3毛开挖|4岩石强度|5风化程度|6地|7涌水状态|8岩溶发育程度|9设计围岩级别,f2306bebe044,FACE_SKETCH|1||1掌子面|4开挖|12.07开挖|1开挖|2掌子面状态|3毛开挖|4岩石强度|5风化程度|6地|7涌水状态|8岩溶发育程度|9设计围岩级别,PDFPLUMBER_UNAVAILABLE
1aaec5cfacc4dc380d5f543f,/Users/zhaoxiaoda/Library/CloudStorage/GoogleDrive-xiaodazhao0608@gmail.com/我的云端硬盘/TBM9/SKETCH/DyK1014+855.00_伯舒拉岭右线DyK1014+855洞身素描记录表.pdf,FACE_SKETCH,1,"[{""page"": 1, ""width"": 595.3, ""height"": 841.95}]",,[],,False,1掌子面|4开挖|12.07开挖|1开挖|2掌子面状态|3毛开挖|4岩石强度|5风化程度|6地|7涌水状态|8岩溶发育程度|9设计围岩级别,f2306bebe044,FACE_SKETCH|1||1掌子面|4开挖|12.07开挖|1开挖|2掌子面状态|3毛开挖|4岩石强度|5风化程度|6地|7涌水状态|8岩溶发育程度|9设计围岩级别,PDFPLUMBER_UNAVAILABLE
3b3a98a562024e7ba6daf573,/Users/zhaoxiaoda/Library/CloudStorage/GoogleDrive-xiaodazhao0608@gmail.com/我的云端硬盘/TBM9/SKETCH/DyK1014+885.00_伯舒拉岭右线DyK1014+885洞身素描记录表.pdf,FACE_SKETCH,1,"[{""page"": 1, ""width"": 595.3, ""height"": 841.95}]",,[],,False,1掌子面|4开挖|12.07开挖|1开挖|2掌子面状态|3毛开挖|4岩石强度|5风化程度|6地|7涌水状态|8岩溶发育程度|9设计围岩级别,f2306bebe044,FACE_SKETCH|1||1掌子面|4开挖|12.07开挖|1开挖|2掌子面状态|3毛开挖|4岩石强度|5风化程度|6地|7涌水状态|8岩溶发育程度|9设计围岩级别,PDFPLUMBER_UNAVAILABLE
185cb36312026640ab93b639,/Users/zhaoxiaoda/Library/CloudStorage/GoogleDrive-xiaodazhao0608@gmail.com/我的云端硬盘/TBM9/SKETCH/DyK1014+906.00_伯舒拉岭右线DyK1014+906洞身素描记录表.pdf,FACE_SKETCH,1,"[{""page"": 1, ""width"": 595.3, ""height"": 841.95}]",,[],,False,1掌子面|4开挖|12.07开挖|1开挖|2掌子面状态|3毛开挖|4岩石强度|5风化程度|6地|7涌水状态|8岩溶发育程度|9设计围岩级别,f2306bebe044,FACE_SKETCH|1||1掌子面|4开挖|12.07开挖|1开挖|2掌子面状态|3毛开挖|4岩石强度|5风化程度|6地|7涌水状态|8岩溶发育程度|9设计围岩级别,PDFPLUMBER_UNAVAILABLE
9bfbef3c8d722891f0b62c67,/Users/zhaoxiaoda/Library/CloudStorage/GoogleDrive-xiaodazhao0608@gmail.com/我的云端硬盘/TBM9/SKETCH/DyK1014+936.00_伯舒拉岭右线DyK1014+936洞身素描记录表.pdf,FACE_SKETCH,1,"[{""page"": 1, ""width"": 595.3, ""height"": 841.95}]",,[],,False,1掌子面|4开挖|12.07开挖|1开挖|2掌子面状态|3毛开挖|4岩石强度|5风化程度|6地|7涌水状态|8岩溶发育程度|9设计围岩级别,f2306bebe044,FACE_SKETCH|1||1掌子面|4开挖|12.07开挖|1开挖|2掌子面状态|3毛开挖|4岩石强度|5风化程度|6地|7涌水状态|8岩溶发育程度|9设计围岩级别,PDFPLUMBER_UNAVAILABLE
e611ed466064baf84ce50d73,/Users/zhaoxiaoda/Library/CloudStorage/GoogleDrive-xiaodazhao0608@gmail.com/我的云端硬盘/TBM9/SKETCH/DyK1014+966.00_伯舒拉岭右线DyK1014+966洞身素描记录表.pdf,FACE_SKETCH,1,"[{""page"": 1, ""width"": 595.3, ""height"": 841.95}]",,[],,False,1掌子面|4开挖|12.07开挖|1开挖|2掌子面状态|3毛开挖|4岩石强度|5风化程度|6地|7涌水状态|8岩溶发育程度|9设计围岩级别,f2306bebe044,FACE_SKETCH|1||1掌子面|4开挖|12.07开挖|1开挖|2掌子面状态|3毛开挖|4岩石强度|5风化程度|6地|7涌水状态|8岩溶发育程度|9设计围岩级别,PDFPLUMBER_UNAVAILABLE
e1a99079c3c45a64bc910980,/Users/zhaoxiaoda/Library/CloudStorage/GoogleDrive-xiaodazhao0608@gmail.com/我的云端硬盘/TBM9/SKETCH/DyK1014+996.00_伯舒拉岭右线DyK1014+996洞身素描记录表.pdf,FACE_SKETCH,1,"[{""page"": 1, ""width"": 595.3, ""height"": 841.95}]",,[],,False,1掌子面|4开挖|12.07开挖|1开挖|2掌子面状态|3毛开挖|4岩石强度|5风化程度|6地|7涌水状态|8岩溶发育程度|9设计围岩级别,f2306bebe044,FACE_SKETCH|1||1掌子面|4开挖|12.07开挖|1开挖|2掌子面状态|3毛开挖|4岩石强度|5风化程度|6地|7涌水状态|8岩溶发育程度|9设计围岩级别,PDFPLUMBER_UNAVAILABLE
d6a117ef990078f68315eda7,/Users/zhaoxiaoda/Library/CloudStorage/GoogleDrive-xiaodazhao0608@gmail.com/我的云端硬盘/TBM9/SKETCH/DyK1015+017.00_伯舒拉岭右线DyK1015+017洞身素描记录表.pdf,FACE_SKETCH,1,"[{""page"": 1, ""width"": 595.3, ""height"": 841.95}]",,[],,False,1掌子面|4开挖|12.07开挖|1开挖|2掌子面状态|3毛开挖|4岩石强度|5风化程度|6地|7涌水状态|8岩溶发育程度|9设计围岩级别,f2306bebe044,FACE_SKETCH|1||1掌子面|4开挖|12.07开挖|1开挖|2掌子面状态|3毛开挖|4岩石强度|5风化程度|6地|7涌水状态|8岩溶发育程度|9设计围岩级别,PDFPLUMBER_UNAVAILABLE
a4c3d9da48db63b054999ebb,/Users/zhaoxiaoda/Library/CloudStorage/GoogleDrive-xiaodazhao0608@gmail.com/我的云端硬盘/TBM9/SKETCH/DyK1015+047.00_伯舒拉岭右线DyK1015+047洞身素描记录表.pdf,FACE_SKETCH,1,"[{""page"": 1, ""width"": 595.3, ""height"": 841.95}]",,[],,False,1掌子面|4开挖|12.07开挖|1开挖|2掌子面状态|3毛开挖|4岩石强度|5风化程度|6地|7涌水状态|8岩溶发育程度|9设计围岩级别,f2306bebe044,FACE_SKETCH|1||1掌子面|4开挖|12.07开挖|1开挖|2掌子面状态|3毛开挖|4岩石强度|5风化程度|6地|7涌水状态|8岩溶发育程度|9设计围岩级别,PDFPLUMBER_UNAVAILABLE
0ec6c8fe5d3c8e669f5cc4ce,/Users/zhaoxiaoda/Library/CloudStorage/GoogleDrive-xiaodazhao0608@gmail.com/我的云端硬盘/TBM9/SKETCH/DyK1015+077.00_伯舒拉岭右线DyK1015+077洞身素描记录表.pdf,FACE_SKETCH,1,"[{""page"": 1, ""width"": 595.3, ""height"": 841.95}]",,[],,False,1掌子面|4开挖|12.07开挖|1开挖|2掌子面状态|3毛开挖|4岩石强度|5风化程度|6地|7涌水状态|8岩溶发育程度|9设计围岩级别,f2306bebe044,FACE_SKETCH|1||1掌子面|4开挖|12.07开挖|1开挖|2掌子面状态|3毛开挖|4岩石强度|5风化程度|6地|7涌水状态|8岩溶发育程度|9设计围岩级别,PDFPLUMBER_UNAVAILABLE
2705d998bee4be2ea827f935,/Users/zhaoxiaoda/Library/CloudStorage/GoogleDrive-xiaodazhao0608@gmail.com/我的云端硬盘/TBM9/SKETCH/DyK1015+107.00_伯舒拉岭右线DyK1015+107洞身素描记录表.pdf,FACE_SKETCH,1,"[{""page"": 1, ""width"": 595.3, ""height"": 841.95}]",,[],,False,1掌子面|4开挖|12.07开挖|1开挖|2掌子面状态|3毛开挖|4岩石强度|5风化程度|6地|7涌水状态|8岩溶发育程度|9设计围岩级别,f2306bebe044,FACE_SKETCH|1||1掌子面|4开挖|12.07开挖|1开挖|2掌子面状态|3毛开挖|4岩石强度|5风化程度|6地|7涌水状态|8岩溶发育程度|9设计围岩级别,PDFPLUMBER_UNAVAILABLE
cd57f2166c74fd620e9db302,/Users/zhaoxiaoda/Library/CloudStorage/GoogleDrive-xiaodazhao0608@gmail.com/我的云端硬盘/TBM9/SKETCH/DyK1015+137.00_伯舒拉岭右线DyK1015+137洞身素描记录表.pdf,FACE_SKETCH,1,"[{""page"": 1, ""width"": 595.3, ""height"": 841.95}]",,[],,False,1掌子面|4开挖|12.07开挖|1开挖|2掌子面状态|3毛开挖|4岩石强度|5风化程度|6地|7涌水状态|8岩溶发育程度|9设计围岩级别,f2306bebe044,FACE_SKETCH|1||1掌子面|4开挖|12.07开挖|1开挖|2掌子面状态|3毛开挖|4岩石强度|5风化程度|6地|7涌水状态|8岩溶发育程度|9设计围岩级别,PDFPLUMBER_UNAVAILABLE
5ce199edbb436bc2505aa676,/Users/zhaoxiaoda/Library/CloudStorage/GoogleDrive-xiaodazhao0608@gmail.com/我的云端硬盘/TBM9/SKETCH/DyK1015+167.00_伯舒拉岭右线DyK1015+167洞身素描记录表.pdf,FACE_SKETCH,1,"[{""page"": 1, ""width"": 595.3, ""height"": 841.95}]",,[],,False,1掌子面|4开挖|12.07开挖|1开挖|2掌子面状态|3毛开挖|4岩石强度|5风化程度|6地|7涌水状态|8岩溶发育程度|9设计围岩级别,f2306bebe044,FACE_SKETCH|1||1掌子面|4开挖|12.07开挖|1开挖|2掌子面状态|3毛开挖|4岩石强度|5风化程度|6地|7涌水状态|8岩溶发育程度|9设计围岩级别,PDFPLUMBER_UNAVAILABLE
e4b76bf670e8c3b905975a18,/Users/zhaoxiaoda/Library/CloudStorage/GoogleDrive-xiaodazhao0608@gmail.com/我的云端硬盘/TBM9/SKETCH/DyK1015+197.00_伯舒拉岭右线DyK1015+197洞身素描记录表.pdf,FACE_SKETCH,1,"[{""page"": 1, ""width"": 595.3, ""height"": 841.95}]",,[],,False,1掌子面|4开挖|12.07开挖|1开挖|2掌子面状态|3毛开挖|4岩石强度|5风化程度|6地|7涌水状态|8岩溶发育程度|9设计围岩级别,f2306bebe044,FACE_SKETCH|1||1掌子面|4开挖|12.07开挖|1开挖|2掌子面状态|3毛开挖|4岩石强度|5风化程度|6地|7涌水状态|8岩溶发育程度|9设计围岩级别,PDFPLUMBER_UNAVAILABLE
833916369b4511458c6616f7,/Users/zhaoxiaoda/Library/CloudStorage/GoogleDrive-xiaodazhao0608@gmail.com/我的云端硬盘/TBM9/SKETCH/DyK1015+227.00_伯舒拉岭右线DyK1015+227洞身素描记录表.pdf,FACE_SKETCH,1,"[{""page"": 1, ""width"": 595.3, ""height"": 841.95}]",,[],,False,1掌子面|4开挖|12.07开挖|1开挖|2掌子面状态|3毛开挖|4岩石强度|5风化程度|6地|7涌水状态|8岩溶发育程度|9设计围岩级别,f2306bebe044,FACE_SKETCH|1||1掌子面|4开挖|12.07开挖|1开挖|2掌子面状态|3毛开挖|4岩石强度|5风化程度|6地|7涌水状态|8岩溶发育程度|9设计围岩级别,PDFPLUMBER_UNAVAILABLE
a19771b1abe7ec31f80b8c3a,/Users/zhaoxiaoda/Library/CloudStorage/GoogleDrive-xiaodazhao0608@gmail.com/我的云端硬盘/TBM9/SKETCH/DyK1015+257.00_伯舒拉岭右线DyK1015+257洞身素描记录表.pdf,FACE_SKETCH,1,"[{""page"": 1, ""width"": 595.3, ""height"": 841.95}]",,[],,False,1掌子面|4开挖|12.07开挖|1开挖|2掌子面状态|3毛开挖|4岩石强度|5风化程度|6地|7涌水状态|8岩溶发育程度|9设计围岩级别,f2306bebe044,FACE_SKETCH|1||1掌子面|4开挖|12.07开挖|1开挖|2掌子面状态|3毛开挖|4岩石强度|5风化程度|6地|7涌水状态|8岩溶发育程度|9设计围岩级别,PDFPLUMBER_UNAVAILABLE
cd8277b917b2390805b73439,/Users/zhaoxiaoda/Library/CloudStorage/GoogleDrive-xiaodazhao0608@gmail.com/我的云端硬盘/TBM9/SKETCH/DyK1015+283.00_伯舒拉岭右线DyK1015+283洞身素描记录表.pdf,FACE_SKETCH,1,"[{""page"": 1, ""width"": 595.3, ""height"": 841.95}]",,[],,False,1掌子面|4开挖|12.07开挖|1开挖|2掌子面状态|3毛开挖|4岩石强度|5风化程度|6地|7涌水状态|8岩溶发育程度|9设计围岩级别,f2306bebe044,FACE_SKETCH|1||1掌子面|4开挖|12.07开挖|1开挖|2掌子面状态|3毛开挖|4岩石强度|5风化程度|6地|7涌水状态|8岩溶发育程度|9设计围岩级别,PDFPLUMBER_UNAVAILABLE
deace5b0d7364edd757edfac,/Users/zhaoxiaoda/Library/CloudStorage/GoogleDrive-xiaodazhao0608@gmail.com/我的云端硬盘/TBM9/SKETCH/DyK1015+313.00_伯舒拉岭右线DyK1015+313洞身素描记录表.pdf,FACE_SKETCH,1,"[{""page"": 1, ""width"": 595.3, ""height"": 841.95}]",,[],,False,1掌子面|4开挖|12.07开挖|1开挖|2掌子面状态|3毛开挖|4岩石强度|5风化程度|6地|7涌水状态|8岩溶发育程度|9设计围岩级别,f2306bebe044,FACE_SKETCH|1||1掌子面|4开挖|12.07开挖|1开挖|2掌子面状态|3毛开挖|4岩石强度|5风化程度|6地|7涌水状态|8岩溶发育程度|9设计围岩级别,PDFPLUMBER_UNAVAILABLE
02e00321ce5666a8de86a89b,/Users/zhaoxiaoda/Library/CloudStorage/GoogleDrive-xiaodazhao0608@gmail.com/我的云端硬盘/TBM9/SKETCH/DyK1015+317.00_伯舒拉岭右线DyK1015+317洞身素描记录表.pdf,FACE_SKETCH,1,"[{""page"": 1, ""width"": 595.3, ""height"": 841.95}]",,[],,False,1掌子面|4开挖|12.07开挖|1开挖|2掌子面状态|3毛开挖|4岩石强度|5风化程度|6地|7涌水状态|8岩溶发育程度|9设计围岩级别,f2306bebe044,FACE_SKETCH|1||1掌子面|4开挖|12.07开挖|1开挖|2掌子面状态|3毛开挖|4岩石强度|5风化程度|6地|7涌水状态|8岩溶发育程度|9设计围岩级别,PDFPLUMBER_UNAVAILABLE
ab6ec63c7363a766c9f752eb,/Users/zhaoxiaoda/Library/CloudStorage/GoogleDrive-xiaodazhao0608@gmail.com/我的云端硬盘/TBM9/SKETCH/DyK1015+347.00_伯舒拉岭右线DyK1015+347洞身素描记录表.pdf,FACE_SKETCH,1,"[{""page"": 1, ""width"": 595.3, ""height"": 841.95}]",,[],,False,1掌子面|4开挖|12.07开挖|1开挖|2掌子面状态|3毛开挖|4岩石强度|5风化程度|6地|7涌水状态|8岩溶发育程度|9设计围岩级别,f2306bebe044,FACE_SKETCH|1||1掌子面|4开挖|12.07开挖|1开挖|2掌子面状态|3毛开挖|4岩石强度|5风化程度|6地|7涌水状态|8岩溶发育程度|9设计围岩级别,PDFPLUMBER_UNAVAILABLE
56a8f2fb9d840adcc7c87871,/Users/zhaoxiaoda/Library/CloudStorage/GoogleDrive-xiaodazhao0608@gmail.com/我的云端硬盘/TBM9/SKETCH/DyK1015+377.00_伯舒拉岭右线DyK1015+377洞身素描记录表.pdf,FACE_SKETCH,1,"[{""page"": 1, ""width"": 595.3, ""height"": 841.95}]",,[],,False,1掌子面|4开挖|12.07开挖|1开挖|2掌子面状态|3毛开挖|4岩石强度|5风化程度|6地|7涌水状态|8岩溶发育程度|9设计围岩级别,f2306bebe044,FACE_SKETCH|1||1掌子面|4开挖|12.07开挖|1开挖|2掌子面状态|3毛开挖|4岩石强度|5风化程度|6地|7涌水状态|8岩溶发育程度|9设计围岩级别,PDFPLUMBER_UNAVAILABLE
80b7850a0e4320724f94c1d1,/Users/zhaoxiaoda/Library/CloudStorage/GoogleDrive-xiaodazhao0608@gmail.com/我的云端硬盘/TBM9/SKETCH/DyK1015+407.00_伯舒拉岭右线DyK1015+407洞身素描记录表.pdf,FACE_SKETCH,1,"[{""page"": 1, ""width"": 595.3, ""height"": 841.95}]",,[],,False,1掌子面|4开挖|12.07开挖|1开挖|2掌子面状态|3毛开挖|4岩石强度|5风化程度|6地|7涌水状态|8岩溶发育程度|9设计围岩级别,f2306bebe044,FACE_SKETCH|1||1掌子面|4开挖|12.07开挖|1开挖|2掌子面状态|3毛开挖|4岩石强度|5风化程度|6地|7涌水状态|8岩溶发育程度|9设计围岩级别,PDFPLUMBER_UNAVAILABLE
d8909d2b749384327cc08d47,/Users/zhaoxiaoda/Library/CloudStorage/GoogleDrive-xiaodazhao0608@gmail.com/我的云端硬盘/TBM9/SKETCH/DyK1015+423.00_伯舒拉岭右线DyK1015+423洞身素描记录表.pdf,FACE_SKETCH,1,"[{""page"": 1, ""width"": 595.3, ""height"": 841.95}]",,[],,False,1掌子面|4开挖|12.07开挖|1开挖|2掌子面状态|3毛开挖|4岩石强度|5风化程度|6地|7涌水状态|8岩溶发育程度|9设计围岩级别,f2306bebe044,FACE_SKETCH|1||1掌子面|4开挖|12.07开挖|1开挖|2掌子面状态|3毛开挖|4岩石强度|5风化程度|6地|7涌水状态|8岩溶发育程度|9设计围岩级别,PDFPLUMBER_UNAVAILABLE
a3035df5a0b90c579bbc0aa7,/Users/zhaoxiaoda/Library/CloudStorage/GoogleDrive-xiaodazhao0608@gmail.com/我的云端硬盘/TBM9/SKETCH/DyK1015+453.00_伯舒拉岭右线DyK1015+453洞身素描记录表.pdf,FACE_SKETCH,1,"[{""page"": 1, ""width"": 595.3, ""height"": 841.95}]",,[],,False,1掌子面|4开挖|12.07开挖|1开挖|2掌子面状态|3毛开挖|4岩石强度|5风化程度|6地|7涌水状态|8岩溶发育程度|9设计围岩级别,f2306bebe044,FACE_SKETCH|1||1掌子面|4开挖|12.07开挖|1开挖|2掌子面状态|3毛开挖|4岩石强度|5风化程度|6地|7涌水状态|8岩溶发育程度|9设计围岩级别,PDFPLUMBER_UNAVAILABLE
f3a6ba7e67146413eefe7cbc,/Users/zhaoxiaoda/Library/CloudStorage/GoogleDrive-xiaodazhao0608@gmail.com/我的云端硬盘/TBM9/SKETCH/DyK1015+483.00_伯舒拉岭右线DyK1015+483洞身素描记录表.pdf,FACE_SKETCH,1,"[{""page"": 1, ""width"": 595.3, ""height"": 841.95}]",,[],,False,1掌子面|4开挖|12.07开挖|1开挖|2掌子面状态|3毛开挖|4岩石强度|5风化程度|6地|7涌水状态|8岩溶发育程度|9设计围岩级别,f2306bebe044,FACE_SKETCH|1||1掌子面|4开挖|12.07开挖|1开挖|2掌子面状态|3毛开挖|4岩石强度|5风化程度|6地|7涌水状态|8岩溶发育程度|9设计围岩级别,PDFPLUMBER_UNAVAILABLE
eaddf910631e211597b5a192,/Users/zhaoxiaoda/Library/CloudStorage/GoogleDrive-xiaodazhao0608@gmail.com/我的云端硬盘/TBM9/SKETCH/DyK1015+505.00_伯舒拉岭右线DyK1015+505洞身素描记录表.pdf,FACE_SKETCH,1,"[{""page"": 1, ""width"": 595.3, ""height"": 841.95}]",,[],,False,1掌子面|4开挖|12.07开挖|1开挖|2掌子面状态|3毛开挖|4岩石强度|5风化程度|6地|7涌水状态|8岩溶发育程度|9设计围岩级别,f2306bebe044,FACE_SKETCH|1||1掌子面|4开挖|12.07开挖|1开挖|2掌子面状态|3毛开挖|4岩石强度|5风化程度|6地|7涌水状态|8岩溶发育程度|9设计围岩级别,PDFPLUMBER_UNAVAILABLE
fbd3f5a129997cf4351bed7d,/Users/zhaoxiaoda/Library/CloudStorage/GoogleDrive-xiaodazhao0608@gmail.com/我的云端硬盘/TBM9/SKETCH/DyK1015+535.00_伯舒拉岭右线DyK1015+535洞身素描记录表.pdf,FACE_SKETCH,1,"[{""page"": 1, ""width"": 595.3, ""height"": 841.95}]",,[],,False,1掌子面|4开挖|12.07开挖|1开挖|2掌子面状态|3毛开挖|4岩石强度|5风化程度|6地|7涌水状态|8岩溶发育程度|9设计围岩级别,f2306bebe044,FACE_SKETCH|1||1掌子面|4开挖|12.07开挖|1开挖|2掌子面状态|3毛开挖|4岩石强度|5风化程度|6地|7涌水状态|8岩溶发育程度|9设计围岩级别,PDFPLUMBER_UNAVAILABLE
8a0b0138842b059a82fc42bd,/Users/zhaoxiaoda/Library/CloudStorage/GoogleDrive-xiaodazhao0608@gmail.com/我的云端硬盘/TBM9/SKETCH/DyK1015+565.00_伯舒拉岭右线DyK1015+565洞身素描记录表.pdf,FACE_SKETCH,1,"[{""page"": 1, ""width"": 595.3, ""height"": 841.95}]",,[],,False,1掌子面|4开挖|12.07开挖|1开挖|2掌子面状态|3毛开挖|4岩石强度|5风化程度|6地|7涌水状态|8岩溶发育程度|9设计围岩级别,f2306bebe044,FACE_SKETCH|1||1掌子面|4开挖|12.07开挖|1开挖|2掌子面状态|3毛开挖|4岩石强度|5风化程度|6地|7涌水状态|8岩溶发育程度|9设计围岩级别,PDFPLUMBER_UNAVAILABLE
4558db47ec8e84407563307a,/Users/zhaoxiaoda/Library/CloudStorage/GoogleDrive-xiaodazhao0608@gmail.com/我的云端硬盘/TBM9/SKETCH/DyK1015+595.00_伯舒拉岭右线DyK1015+595洞身素描记录表.pdf,FACE_SKETCH,1,"[{""page"": 1, ""width"": 595.3, ""height"": 841.95}]",,[],,False,1掌子面|4开挖|12.07开挖|1开挖|2掌子面状态|3毛开挖|4岩石强度|5风化程度|6地|7涌水状态|8岩溶发育程度|9设计围岩级别,f2306bebe044,FACE_SKETCH|1||1掌子面|4开挖|12.07开挖|1开挖|2掌子面状态|3毛开挖|4岩石强度|5风化程度|6地|7涌水状态|8岩溶发育程度|9设计围岩级别,PDFPLUMBER_UNAVAILABLE
6dbf7d532471c1d0bd10c19f,/Users/zhaoxiaoda/Library/CloudStorage/GoogleDrive-xiaodazhao0608@gmail.com/我的云端硬盘/TBM9/SKETCH/DyK1015+625.00_伯舒拉岭右线DyK1015+625洞身素描记录表.pdf,FACE_SKETCH,1,"[{""page"": 1, ""width"": 595.3, ""height"": 841.95}]",,[],,False,1掌子面|4开挖|12.07开挖|1开挖|2掌子面状态|3毛开挖|4岩石强度|5风化程度|6地|7涌水状态|8岩溶发育程度|9设计围岩级别,f2306bebe044,FACE_SKETCH|1||1掌子面|4开挖|12.07开挖|1开挖|2掌子面状态|3毛开挖|4岩石强度|5风化程度|6地|7涌水状态|8岩溶发育程度|9设计围岩级别,PDFPLUMBER_UNAVAILABLE
ead2355fccd1e00c0543ffb1,/Users/zhaoxiaoda/Library/CloudStorage/GoogleDrive-xiaodazhao0608@gmail.com/我的云端硬盘/TBM9/SKETCH/DyK1015+655.00_伯舒拉岭右线洞身素描记录表 1.pdf,FACE_SKETCH,1,"[{""page"": 1, ""width"": 595.32, ""height"": 841.92}]",,[],,False,1掌子面|4开挖|12.07开挖|1开挖|2掌子面状态|3毛开挖|4岩石强度|5风化程度|6地|7涌水状态|8岩溶发育程度|9设计围岩级别,f2306bebe044,FACE_SKETCH|1||1掌子面|4开挖|12.07开挖|1开挖|2掌子面状态|3毛开挖|4岩石强度|5风化程度|6地|7涌水状态|8岩溶发育程度|9设计围岩级别,PDFPLUMBER_UNAVAILABLE
24140c0248fd1754358c83a7,/Users/zhaoxiaoda/Library/CloudStorage/GoogleDrive-xiaodazhao0608@gmail.com/我的云端硬盘/TBM9/SKETCH/DyK1015+683.00_伯舒拉岭右线洞身素描记录表 2.pdf,FACE_SKETCH,1,"[{""page"": 1, ""width"": 595.32, ""height"": 841.92}]",,[],,False,1掌子面|4开挖|12.07开挖|1开挖|2掌子面状态|3毛开挖|4岩石强度|5风化程度|6地|7涌水状态|8岩溶发育程度|9设计围岩级别,f2306bebe044,FACE_SKETCH|1||1掌子面|4开挖|12.07开挖|1开挖|2掌子面状态|3毛开挖|4岩石强度|5风化程度|6地|7涌水状态|8岩溶发育程度|9设计围岩级别,PDFPLUMBER_UNAVAILABLE
c8d0a38f8c5d9e4d2e428224,/Users/zhaoxiaoda/Library/CloudStorage/GoogleDrive-xiaodazhao0608@gmail.com/我的云端硬盘/TBM9/SKETCH/DyK1015+713.00_伯舒拉岭右线洞身素描记录表 3.pdf,FACE_SKETCH,1,"[{""page"": 1, ""width"": 595.32, ""height"": 841.92}]",,[],,False,1掌子面|4开挖|12.07开挖|1开挖|2掌子面状态|3毛开挖|4岩石强度|5风化程度|6地|7涌水状态|8岩溶发育程度|9设计围岩级别,f2306bebe044,FACE_SKETCH|1||1掌子面|4开挖|12.07开挖|1开挖|2掌子面状态|3毛开挖|4岩石强度|5风化程度|6地|7涌水状态|8岩溶发育程度|9设计围岩级别,PDFPLUMBER_UNAVAILABLE
011e725a63ba75581035c479,/Users/zhaoxiaoda/Library/CloudStorage/GoogleDrive-xiaodazhao0608@gmail.com/我的云端硬盘/TBM9/SKETCH/DyK1015+743.00_伯舒拉岭右线洞身素描记录表 4.pdf,FACE_SKETCH,1,"[{""page"": 1, ""width"": 595.32, ""height"": 841.92}]",,[],,False,1掌子面|4开挖|12.07开挖|1开挖|2掌子面状态|3毛开挖|4岩石强度|5风化程度|6地|7涌水状态|8岩溶发育程度|9设计围岩级别,f2306bebe044,FACE_SKETCH|1||1掌子面|4开挖|12.07开挖|1开挖|2掌子面状态|3毛开挖|4岩石强度|5风化程度|6地|7涌水状态|8岩溶发育程度|9设计围岩级别,PDFPLUMBER_UNAVAILABLE
db5d790994059546fd8f6993,/Users/zhaoxiaoda/Library/CloudStorage/GoogleDrive-xiaodazhao0608@gmail.com/我的云端硬盘/TBM9/SKETCH/DyK1015+759.00-_伯舒拉岭右线洞身素描记录表 5.pdf,FACE_SKETCH,1,"[{""page"": 1, ""width"": 595.32, ""height"": 841.92}]",,[],,False,1掌子面|4开挖|12.07开挖|1开挖|2掌子面状态|3毛开挖|4岩石强度|5风化程度|6地|7涌水状态|8岩溶发育程度|9设计围岩级别,f2306bebe044,FACE_SKETCH|1||1掌子面|4开挖|12.07开挖|1开挖|2掌子面状态|3毛开挖|4岩石强度|5风化程度|6地|7涌水状态|8岩溶发育程度|9设计围岩级别,PDFPLUMBER_UNAVAILABLE
0a38f10d070290ab22378500,/Users/zhaoxiaoda/Library/CloudStorage/GoogleDrive-xiaodazhao0608@gmail.com/我的云端硬盘/TBM9/SKETCH/DyK1015+759.00_伯舒拉岭右线洞身素描记录表 5.pdf,FACE_SKETCH,1,"[{""page"": 1, ""width"": 595.32, ""height"": 841.92}]",,[],,False,1掌子面|4开挖|12.07开挖|1开挖|2掌子面状态|3毛开挖|4岩石强度|5风化程度|6地|7涌水状态|8岩溶发育程度|9设计围岩级别,f2306bebe044,FACE_SKETCH|1||1掌子面|4开挖|12.07开挖|1开挖|2掌子面状态|3毛开挖|4岩石强度|5风化程度|6地|7涌水状态|8岩溶发育程度|9设计围岩级别,PDFPLUMBER_UNAVAILABLE
70282e52d635fdbb51f5a3ab,/Users/zhaoxiaoda/Library/CloudStorage/GoogleDrive-xiaodazhao0608@gmail.com/我的云端硬盘/TBM9/SKETCH/DyK1015+789.00_伯舒拉岭右线洞身素描记录表 6.pdf,FACE_SKETCH,1,"[{""page"": 1, ""width"": 595.32, ""height"": 841.92}]",,[],,False,1掌子面|4开挖|12.07开挖|1开挖|2掌子面状态|3毛开挖|4岩石强度|5风化程度|6地|7涌水状态|8岩溶发育程度|9设计围岩级别,f2306bebe044,FACE_SKETCH|1||1掌子面|4开挖|12.07开挖|1开挖|2掌子面状态|3毛开挖|4岩石强度|5风化程度|6地|7涌水状态|8岩溶发育程度|9设计围岩级别,PDFPLUMBER_UNAVAILABLE
e232dd8cf6552b9c10fc40e8,/Users/zhaoxiaoda/Library/CloudStorage/GoogleDrive-xiaodazhao0608@gmail.com/我的云端硬盘/TBM9/SKETCH/DyK1015+819.00_伯舒拉岭右线洞身素描记录表 7.pdf,FACE_SKETCH,1,"[{""page"": 1, ""width"": 595.2, ""height"": 841.92}]",,[],,False,1掌子面|4开挖|12.07开挖|1开挖|2掌子面状态|3毛开挖|4岩石强度|5风化程度|6地|7涌水状态|8岩溶发育程度|9设计围岩级别,f2306bebe044,FACE_SKETCH|1||1掌子面|4开挖|12.07开挖|1开挖|2掌子面状态|3毛开挖|4岩石强度|5风化程度|6地|7涌水状态|8岩溶发育程度|9设计围岩级别,PDFPLUMBER_UNAVAILABLE
c8a3d54146269f4c6cd9c169,/Users/zhaoxiaoda/Library/CloudStorage/GoogleDrive-xiaodazhao0608@gmail.com/我的云端硬盘/TBM9/SKETCH/DyK1015+849.00_伯舒拉岭右线洞身素描记录表 8.pdf,FACE_SKETCH,1,"[{""page"": 1, ""width"": 595.32, ""height"": 841.92}]",,[],,False,1掌子面|4开挖|12.07开挖|1开挖|2掌子面状态|3毛开挖|4岩石强度|5风化程度|6地|7涌水状态|8岩溶发育程度|9设计围岩级别,f2306bebe044,FACE_SKETCH|1||1掌子面|4开挖|12.07开挖|1开挖|2掌子面状态|3毛开挖|4岩石强度|5风化程度|6地|7涌水状态|8岩溶发育程度|9设计围岩级别,PDFPLUMBER_UNAVAILABLE
ebfbde8efe848d385f452311,/Users/zhaoxiaoda/Library/CloudStorage/GoogleDrive-xiaodazhao0608@gmail.com/我的云端硬盘/TBM9/SKETCH/DyK1015+879.00_伯舒拉岭右线洞身素描记录表 9.pdf,FACE_SKETCH,1,"[{""page"": 1, ""width"": 595.32, ""height"": 841.92}]",,[],,False,1掌子面|4开挖|12.07开挖|1开挖|2掌子面状态|3毛开挖|4岩石强度|5风化程度|6地|7涌水状态|8岩溶发育程度|9设计围岩级别,f2306bebe044,FACE_SKETCH|1||1掌子面|4开挖|12.07开挖|1开挖|2掌子面状态|3毛开挖|4岩石强度|5风化程度|6地|7涌水状态|8岩溶发育程度|9设计围岩级别,PDFPLUMBER_UNAVAILABLE
7993ad9361913d13bd849430,/Users/zhaoxiaoda/Library/CloudStorage/GoogleDrive-xiaodazhao0608@gmail.com/我的云端硬盘/TBM9/SKETCH/DyK1015+909.00_伯舒拉岭右线洞身素描记录表 10.pdf,FACE_SKETCH,1,"[{""page"": 1, ""width"": 595.32, ""height"": 841.92}]",,[],,False,1掌子面|4开挖|12.07开挖|1开挖|2掌子面状态|3毛开挖|4岩石强度|5风化程度|6地|7涌水状态|8岩溶发育程度|9设计围岩级别,f2306bebe044,FACE_SKETCH|1||1掌子面|4开挖|12.07开挖|1开挖|2掌子面状态|3毛开挖|4岩石强度|5风化程度|6地|7涌水状态|8岩溶发育程度|9设计围岩级别,PDFPLUMBER_UNAVAILABLE
08a1806ab230574280a8f01c,/Users/zhaoxiaoda/Library/CloudStorage/GoogleDrive-xiaodazhao0608@gmail.com/我的云端硬盘/TBM9/SKETCH/DyK1015+939.00_伯舒拉岭右线洞身素描记录表 11.pdf,FACE_SKETCH,1,"[{""page"": 1, ""width"": 595.32, ""height"": 841.92}]",,[],,False,1掌子面|4开挖|12.07开挖|1开挖|2掌子面状态|3毛开挖|4岩石强度|5风化程度|6地|7涌水状态|8岩溶发育程度|9设计围岩级别,f2306bebe044,FACE_SKETCH|1||1掌子面|4开挖|12.07开挖|1开挖|2掌子面状态|3毛开挖|4岩石强度|5风化程度|6地|7涌水状态|8岩溶发育程度|9设计围岩级别,PDFPLUMBER_UNAVAILABLE
2219b50acc3ffb1f749f26de,/Users/zhaoxiaoda/Library/CloudStorage/GoogleDrive-xiaodazhao0608@gmail.com/我的云端硬盘/TBM9/SKETCH/DyK1015+969.00-_伯舒拉岭右线洞身素描记录表 13.pdf,FACE_SKETCH,1,"[{""page"": 1, ""width"": 595.32, ""height"": 841.92}]",,[],,False,1掌子面|4开挖|12.07开挖|1开挖|2掌子面状态|3毛开挖|4岩石强度|5风化程度|6地|7涌水状态|8岩溶发育程度|9设计围岩级别,f2306bebe044,FACE_SKETCH|1||1掌子面|4开挖|12.07开挖|1开挖|2掌子面状态|3毛开挖|4岩石强度|5风化程度|6地|7涌水状态|8岩溶发育程度|9设计围岩级别,PDFPLUMBER_UNAVAILABLE
2a9f3ec4a1f233a668a17e56,/Users/zhaoxiaoda/Library/CloudStorage/GoogleDrive-xiaodazhao0608@gmail.com/我的云端硬盘/TBM9/SKETCH/DyK1015+969.00_伯舒拉岭右线洞身素描记录表 12.pdf,FACE_SKETCH,1,"[{""page"": 1, ""width"": 595.32, ""height"": 841.92}]",,[],,False,1掌子面|4开挖|12.07开挖|1开挖|2掌子面状态|3毛开挖|4岩石强度|5风化程度|6地|7涌水状态|8岩溶发育程度|9设计围岩级别,f2306bebe044,FACE_SKETCH|1||1掌子面|4开挖|12.07开挖|1开挖|2掌子面状态|3毛开挖|4岩石强度|5风化程度|6地|7涌水状态|8岩溶发育程度|9设计围岩级别,PDFPLUMBER_UNAVAILABLE
3c2cefed79a1f51fadb49df3,/Users/zhaoxiaoda/Library/CloudStorage/GoogleDrive-xiaodazhao0608@gmail.com/我的云端硬盘/TBM9/SKETCH/DyK1016+059.00_伯舒拉岭右线洞身素描记录表 15.pdf,FACE_SKETCH,1,"[{""page"": 1, ""width"": 595.32, ""height"": 841.92}]",,[],,False,1掌子面|4开挖|12.07开挖|1开挖|2掌子面状态|3毛开挖|4岩石强度|5风化程度|6地|7涌水状态|8岩溶发育程度|9设计围岩级别,f2306bebe044,FACE_SKETCH|1||1掌子面|4开挖|12.07开挖|1开挖|2掌子面状态|3毛开挖|4岩石强度|5风化程度|6地|7涌水状态|8岩溶发育程度|9设计围岩级别,PDFPLUMBER_UNAVAILABLE
59d20fe5ae4b1b006a2edc6f,/Users/zhaoxiaoda/Library/CloudStorage/GoogleDrive-xiaodazhao0608@gmail.com/我的云端硬盘/TBM9/SKETCH/DyK1016+089.00_伯舒拉岭右线洞身素描记录表 16.pdf,FACE_SKETCH,1,"[{""page"": 1, ""width"": 595.32, ""height"": 841.92}]",,[],,False,1掌子面|4开挖|12.07开挖|1开挖|2掌子面状态|3毛开挖|4岩石强度|5风化程度|6地|7涌水状态|8岩溶发育程度|9设计围岩级别,f2306bebe044,FACE_SKETCH|1||1掌子面|4开挖|12.07开挖|1开挖|2掌子面状态|3毛开挖|4岩石强度|5风化程度|6地|7涌水状态|8岩溶发育程度|9设计围岩级别,PDFPLUMBER_UNAVAILABLE
38215f8be366b1c36370cc56,/Users/zhaoxiaoda/Library/CloudStorage/GoogleDrive-xiaodazhao0608@gmail.com/我的云端硬盘/TBM9/SKETCH/DyK1016+119.00_伯舒拉岭右线洞身素描记录表 17.pdf,FACE_SKETCH,1,"[{""page"": 1, ""width"": 595.32, ""height"": 841.92}]",,[],,False,1掌子面|4开挖|12.07开挖|1开挖|2掌子面状态|3毛开挖|4岩石强度|5风化程度|6地|7涌水状态|8岩溶发育程度|9设计围岩级别,f2306bebe044,FACE_SKETCH|1||1掌子面|4开挖|12.07开挖|1开挖|2掌子面状态|3毛开挖|4岩石强度|5风化程度|6地|7涌水状态|8岩溶发育程度|9设计围岩级别,PDFPLUMBER_UNAVAILABLE
360ba61f16ab0f1fd9e3868b,/Users/zhaoxiaoda/Library/CloudStorage/GoogleDrive-xiaodazhao0608@gmail.com/我的云端硬盘/TBM9/SKETCH/DyK1016+149.00_伯舒拉岭右线洞身素描记录表 18.pdf,FACE_SKETCH,1,"[{""page"": 1, ""width"": 595.32, ""height"": 841.92}]",,[],,False,1掌子面|4开挖|12.07开挖|1开挖|2掌子面状态|3毛开挖|4岩石强度|5风化程度|6地|7涌水状态|8岩溶发育程度|9设计围岩级别,f2306bebe044,FACE_SKETCH|1||1掌子面|4开挖|12.07开挖|1开挖|2掌子面状态|3毛开挖|4岩石强度|5风化程度|6地|7涌水状态|8岩溶发育程度|9设计围岩级别,PDFPLUMBER_UNAVAILABLE
30a66d7c404ac5909d46ff55,/Users/zhaoxiaoda/Library/CloudStorage/GoogleDrive-xiaodazhao0608@gmail.com/我的云端硬盘/TBM9/SKETCH/DyK1016+179.00_伯舒拉岭右线洞身素描记录表 19.pdf,FACE_SKETCH,1,"[{""page"": 1, ""width"": 595.32, ""height"": 841.92}]",,[],,False,1掌子面|4开挖|12.07开挖|1开挖|2掌子面状态|3毛开挖|4岩石强度|5风化程度|6地|7涌水状态|8岩溶发育程度|9设计围岩级别,f2306bebe044,FACE_SKETCH|1||1掌子面|4开挖|12.07开挖|1开挖|2掌子面状态|3毛开挖|4岩石强度|5风化程度|6地|7涌水状态|8岩溶发育程度|9设计围岩级别,PDFPLUMBER_UNAVAILABLE
f8a2461fc50563098bdd8ca1,/Users/zhaoxiaoda/Library/CloudStorage/GoogleDrive-xiaodazhao0608@gmail.com/我的云端硬盘/TBM9/SKETCH/DyK1016+209.00_伯舒拉岭右线洞身素描记录表 20.pdf,FACE_SKETCH,1,"[{""page"": 1, ""width"": 595.32, ""height"": 841.92}]",,[],,False,1掌子面|4开挖|12.07开挖|1开挖|2掌子面状态|3毛开挖|4岩石强度|5风化程度|6地|7涌水状态|8岩溶发育程度|9设计围岩级别,f2306bebe044,FACE_SKETCH|1||1掌子面|4开挖|12.07开挖|1开挖|2掌子面状态|3毛开挖|4岩石强度|5风化程度|6地|7涌水状态|8岩溶发育程度|9设计围岩级别,PDFPLUMBER_UNAVAILABLE
9edad7b96c52d6d71196765e,/Users/zhaoxiaoda/Library/CloudStorage/GoogleDrive-xiaodazhao0608@gmail.com/我的云端硬盘/TBM9/SKETCH/DyK1016+239.00_伯舒拉岭右线洞身素描记录表 21.pdf,FACE_SKETCH,1,"[{""page"": 1, ""width"": 595.32, ""height"": 841.92}]",,[],,False,1掌子面|4开挖|12.07开挖|1开挖|2掌子面状态|3毛开挖|4岩石强度|5风化程度|6地|7涌水状态|8岩溶发育程度|9设计围岩级别,f2306bebe044,FACE_SKETCH|1||1掌子面|4开挖|12.07开挖|1开挖|2掌子面状态|3毛开挖|4岩石强度|5风化程度|6地|7涌水状态|8岩溶发育程度|9设计围岩级别,PDFPLUMBER_UNAVAILABLE
cec90076ae694b23cd96714c,/Users/zhaoxiaoda/Library/CloudStorage/GoogleDrive-xiaodazhao0608@gmail.com/我的云端硬盘/TBM9/SKETCH/DyK1016+269.00_伯舒拉岭右线洞身素描记录表 22.pdf,FACE_SKETCH,1,"[{""page"": 1, ""width"": 595.32, ""height"": 841.92}]",,[],,False,1掌子面|4开挖|12.07开挖|1开挖|2掌子面状态|3毛开挖|4岩石强度|5风化程度|6地|7涌水状态|8岩溶发育程度|9设计围岩级别,f2306bebe044,FACE_SKETCH|1||1掌子面|4开挖|12.07开挖|1开挖|2掌子面状态|3毛开挖|4岩石强度|5风化程度|6地|7涌水状态|8岩溶发育程度|9设计围岩级别,PDFPLUMBER_UNAVAILABLE
bf8c2cee9abfa2e95988037e,/Users/zhaoxiaoda/Library/CloudStorage/GoogleDrive-xiaodazhao0608@gmail.com/我的云端硬盘/TBM9/SKETCH/DyK1016+299.00_伯舒拉岭右线洞身素描记录表 23.pdf,FACE_SKETCH,1,"[{""page"": 1, ""width"": 595.32, ""height"": 841.92}]",,[],,False,1掌子面|4开挖|12.07开挖|1开挖|2掌子面状态|3毛开挖|4岩石强度|5风化程度|6地|7涌水状态|8岩溶发育程度|9设计围岩级别,f2306bebe044,FACE_SKETCH|1||1掌子面|4开挖|12.07开挖|1开挖|2掌子面状态|3毛开挖|4岩石强度|5风化程度|6地|7涌水状态|8岩溶发育程度|9设计围岩级别,PDFPLUMBER_UNAVAILABLE
252672953554717c3d88b1f1,/Users/zhaoxiaoda/Library/CloudStorage/GoogleDrive-xiaodazhao0608@gmail.com/我的云端硬盘/TBM9/SKETCH/DyK1016+329.00_伯舒拉岭右线洞身素描记录表 24.pdf,FACE_SKETCH,1,"[{""page"": 1, ""width"": 595.32, ""height"": 841.92}]",,[],,False,1掌子面|4开挖|12.07开挖|1开挖|2掌子面状态|3毛开挖|4岩石强度|5风化程度|6地|7涌水状态|8岩溶发育程度|9设计围岩级别,f2306bebe044,FACE_SKETCH|1||1掌子面|4开挖|12.07开挖|1开挖|2掌子面状态|3毛开挖|4岩石强度|5风化程度|6地|7涌水状态|8岩溶发育程度|9设计围岩级别,PDFPLUMBER_UNAVAILABLE
1aac1c7aada4de553783a48e,/Users/zhaoxiaoda/Library/CloudStorage/GoogleDrive-xiaodazhao0608@gmail.com/我的云端硬盘/TBM9/SKETCH/DyK1016+359.00_伯舒拉岭右线洞身素描记录表 25.pdf,FACE_SKETCH,1,"[{""page"": 1, ""width"": 595.32, ""height"": 841.92}]",,[],,False,1掌子面|4开挖|12.07开挖|1开挖|2掌子面状态|3毛开挖|4岩石强度|5风化程度|6地|7涌水状态|8岩溶发育程度|9设计围岩级别,f2306bebe044,FACE_SKETCH|1||1掌子面|4开挖|12.07开挖|1开挖|2掌子面状态|3毛开挖|4岩石强度|5风化程度|6地|7涌水状态|8岩溶发育程度|9设计围岩级别,PDFPLUMBER_UNAVAILABLE
e95bf7649e33a83630b86171,/Users/zhaoxiaoda/Library/CloudStorage/GoogleDrive-xiaodazhao0608@gmail.com/我的云端硬盘/TBM9/SKETCH/DyK1016+389.00_伯舒拉岭右线洞身素描记录表 26.pdf,FACE_SKETCH,1,"[{""page"": 1, ""width"": 595.32, ""height"": 841.92}]",,[],,False,1掌子面|4开挖|12.07开挖|1开挖|2掌子面状态|3毛开挖|4岩石强度|5风化程度|6地|7涌水状态|8岩溶发育程度|9设计围岩级别,f2306bebe044,FACE_SKETCH|1||1掌子面|4开挖|12.07开挖|1开挖|2掌子面状态|3毛开挖|4岩石强度|5风化程度|6地|7涌水状态|8岩溶发育程度|9设计围岩级别,PDFPLUMBER_UNAVAILABLE
3e9776d91cb9a0ef504ce1de,/Users/zhaoxiaoda/Library/CloudStorage/GoogleDrive-xiaodazhao0608@gmail.com/我的云端硬盘/TBM9/SKETCH/DyK1016+419.00_伯舒拉岭右线洞身素描记录表 27.pdf,FACE_SKETCH,1,"[{""page"": 1, ""width"": 595.32, ""height"": 841.92}]",,[],,False,1掌子面|4开挖|12.07开挖|1开挖|2掌子面状态|3毛开挖|4岩石强度|5风化程度|6地|7涌水状态|8岩溶发育程度|9设计围岩级别,f2306bebe044,FACE_SKETCH|1||1掌子面|4开挖|12.07开挖|1开挖|2掌子面状态|3毛开挖|4岩石强度|5风化程度|6地|7涌水状态|8岩溶发育程度|9设计围岩级别,PDFPLUMBER_UNAVAILABLE
3d3a0f082f250529aeb189bb,/Users/zhaoxiaoda/Library/CloudStorage/GoogleDrive-xiaodazhao0608@gmail.com/我的云端硬盘/TBM9/SKETCH/DyK1016+449.00_伯舒拉岭右线洞身素描记录表 28.pdf,FACE_SKETCH,1,"[{""page"": 1, ""width"": 595.32, ""height"": 841.92}]",,[],,False,1掌子面|4开挖|12.07开挖|1开挖|2掌子面状态|3毛开挖|4岩石强度|5风化程度|6地|7涌水状态|8岩溶发育程度|9设计围岩级别,f2306bebe044,FACE_SKETCH|1||1掌子面|4开挖|12.07开挖|1开挖|2掌子面状态|3毛开挖|4岩石强度|5风化程度|6地|7涌水状态|8岩溶发育程度|9设计围岩级别,PDFPLUMBER_UNAVAILABLE
a741eef2dd324195a6fd8d85,/Users/zhaoxiaoda/Library/CloudStorage/GoogleDrive-xiaodazhao0608@gmail.com/我的云端硬盘/TBM9/SKETCH/DyK1016+479.00_伯舒拉岭右线洞身素描记录表 29.pdf,FACE_SKETCH,1,"[{""page"": 1, ""width"": 595.32, ""height"": 841.92}]",,[],,False,1掌子面|4开挖|12.07开挖|1开挖|2掌子面状态|3毛开挖|4岩石强度|5风化程度|6地|7涌水状态|8岩溶发育程度|9设计围岩级别,f2306bebe044,FACE_SKETCH|1||1掌子面|4开挖|12.07开挖|1开挖|2掌子面状态|3毛开挖|4岩石强度|5风化程度|6地|7涌水状态|8岩溶发育程度|9设计围岩级别,PDFPLUMBER_UNAVAILABLE
ab72a15766eaabde79d3c49e,/Users/zhaoxiaoda/Library/CloudStorage/GoogleDrive-xiaodazhao0608@gmail.com/我的云端硬盘/TBM9/SKETCH/DyK1016+509.00_伯舒拉岭右线洞身素描记录表 30.pdf,FACE_SKETCH,1,"[{""page"": 1, ""width"": 595.32, ""height"": 841.92}]",,[],,False,1掌子面|4开挖|12.07开挖|1开挖|2掌子面状态|3毛开挖|4岩石强度|5风化程度|6地|7涌水状态|8岩溶发育程度|9设计围岩级别,f2306bebe044,FACE_SKETCH|1||1掌子面|4开挖|12.07开挖|1开挖|2掌子面状态|3毛开挖|4岩石强度|5风化程度|6地|7涌水状态|8岩溶发育程度|9设计围岩级别,PDFPLUMBER_UNAVAILABLE
39d347933ee3e2118c80e341,/Users/zhaoxiaoda/Library/CloudStorage/GoogleDrive-xiaodazhao0608@gmail.com/我的云端硬盘/TBM9/SKETCH/DyK1016+539.00_伯舒拉岭右线洞身素描记录表 31.pdf,FACE_SKETCH,1,"[{""page"": 1, ""width"": 595.32, ""height"": 841.92}]",,[],,False,1掌子面|4开挖|12.07开挖|1开挖|2掌子面状态|3毛开挖|4岩石强度|5风化程度|6地|7涌水状态|8岩溶发育程度|9设计围岩级别,f2306bebe044,FACE_SKETCH|1||1掌子面|4开挖|12.07开挖|1开挖|2掌子面状态|3毛开挖|4岩石强度|5风化程度|6地|7涌水状态|8岩溶发育程度|9设计围岩级别,PDFPLUMBER_UNAVAILABLE
5d79af631ce38032132303cc,/Users/zhaoxiaoda/Library/CloudStorage/GoogleDrive-xiaodazhao0608@gmail.com/我的云端硬盘/TBM9/SKETCH/DyK1016+569.00_伯舒拉岭右线洞身素描记录表 32.pdf,FACE_SKETCH,1,"[{""page"": 1, ""width"": 595.32, ""height"": 841.92}]",,[],,False,1掌子面|4开挖|12.07开挖|1开挖|2掌子面状态|3毛开挖|4岩石强度|5风化程度|6地|7涌水状态|8岩溶发育程度|9设计围岩级别,f2306bebe044,FACE_SKETCH|1||1掌子面|4开挖|12.07开挖|1开挖|2掌子面状态|3毛开挖|4岩石强度|5风化程度|6地|7涌水状态|8岩溶发育程度|9设计围岩级别,PDFPLUMBER_UNAVAILABLE
42779fc0765354328559b154,/Users/zhaoxiaoda/Library/CloudStorage/GoogleDrive-xiaodazhao0608@gmail.com/我的云端硬盘/TBM9/SKETCH/DyK1016+599.00_伯舒拉岭右线洞身素描记录表 33.pdf,FACE_SKETCH,1,"[{""page"": 1, ""width"": 595.32, ""height"": 841.92}]",,[],,False,1掌子面|4开挖|12.07开挖|1开挖|2掌子面状态|3毛开挖|4岩石强度|5风化程度|6地|7涌水状态|8岩溶发育程度|9设计围岩级别,f2306bebe044,FACE_SKETCH|1||1掌子面|4开挖|12.07开挖|1开挖|2掌子面状态|3毛开挖|4岩石强度|5风化程度|6地|7涌水状态|8岩溶发育程度|9设计围岩级别,PDFPLUMBER_UNAVAILABLE
0927cc325ee4a03fe413feea,/Users/zhaoxiaoda/Library/CloudStorage/GoogleDrive-xiaodazhao0608@gmail.com/我的云端硬盘/TBM9/SKETCH/DyK1016+629.00_伯舒拉岭右线洞身素描记录表 34.pdf,FACE_SKETCH,1,"[{""page"": 1, ""width"": 595.32, ""height"": 841.92}]",,[],,False,1掌子面|4开挖|12.07开挖|1开挖|2掌子面状态|3毛开挖|4岩石强度|5风化程度|6地|7涌水状态|8岩溶发育程度|9设计围岩级别,f2306bebe044,FACE_SKETCH|1||1掌子面|4开挖|12.07开挖|1开挖|2掌子面状态|3毛开挖|4岩石强度|5风化程度|6地|7涌水状态|8岩溶发育程度|9设计围岩级别,PDFPLUMBER_UNAVAILABLE
56d492b753f758d46508a84b,/Users/zhaoxiaoda/Library/CloudStorage/GoogleDrive-xiaodazhao0608@gmail.com/我的云端硬盘/TBM9/SKETCH/DyK1016+659.00_伯舒拉岭右线洞身素描记录表 35.pdf,FACE_SKETCH,1,"[{""page"": 1, ""width"": 595.32, ""height"": 841.92}]",,[],,False,1掌子面|4开挖|12.07开挖|1开挖|2掌子面状态|3毛开挖|4岩石强度|5风化程度|6地|7涌水状态|8岩溶发育程度|9设计围岩级别,f2306bebe044,FACE_SKETCH|1||1掌子面|4开挖|12.07开挖|1开挖|2掌子面状态|3毛开挖|4岩石强度|5风化程度|6地|7涌水状态|8岩溶发育程度|9设计围岩级别,PDFPLUMBER_UNAVAILABLE
c7913d31f3c243104a92f4db,/Users/zhaoxiaoda/Library/CloudStorage/GoogleDrive-xiaodazhao0608@gmail.com/我的云端硬盘/TBM9/SKETCH/DyK1016+689.00_伯舒拉岭右线洞身素描记录表 36.pdf,FACE_SKETCH,1,"[{""page"": 1, ""width"": 595.32, ""height"": 841.92}]",,[],,False,1掌子面|4开挖|12.07开挖|1开挖|2掌子面状态|3毛开挖|4岩石强度|5风化程度|6地|7涌水状态|8岩溶发育程度|9设计围岩级别,f2306bebe044,FACE_SKETCH|1||1掌子面|4开挖|12.07开挖|1开挖|2掌子面状态|3毛开挖|4岩石强度|5风化程度|6地|7涌水状态|8岩溶发育程度|9设计围岩级别,PDFPLUMBER_UNAVAILABLE
168e7eca06059188abef16e7,/Users/zhaoxiaoda/Library/CloudStorage/GoogleDrive-xiaodazhao0608@gmail.com/我的云端硬盘/TBM9/SKETCH/DyK1016+719.00_伯舒拉岭右线洞身素描记录表 37.pdf,FACE_SKETCH,1,"[{""page"": 1, ""width"": 595.32, ""height"": 841.92}]",,[],,False,1掌子面|4开挖|12.07开挖|1开挖|2掌子面状态|3毛开挖|4岩石强度|5风化程度|6地|7涌水状态|8岩溶发育程度|9设计围岩级别,f2306bebe044,FACE_SKETCH|1||1掌子面|4开挖|12.07开挖|1开挖|2掌子面状态|3毛开挖|4岩石强度|5风化程度|6地|7涌水状态|8岩溶发育程度|9设计围岩级别,PDFPLUMBER_UNAVAILABLE
15788acf679bc9c1b5c93c58,/Users/zhaoxiaoda/Library/CloudStorage/GoogleDrive-xiaodazhao0608@gmail.com/我的云端硬盘/TBM9/SKETCH/DyK1016+749.00_伯舒拉岭右线洞身素描记录表 38.pdf,FACE_SKETCH,1,"[{""page"": 1, ""width"": 595.32, ""height"": 841.92}]",,[],,False,1掌子面|4开挖|12.07开挖|1开挖|2掌子面状态|3毛开挖|4岩石强度|5风化程度|6地|7涌水状态|8岩溶发育程度|9设计围岩级别,f2306bebe044,FACE_SKETCH|1||1掌子面|4开挖|12.07开挖|1开挖|2掌子面状态|3毛开挖|4岩石强度|5风化程度|6地|7涌水状态|8岩溶发育程度|9设计围岩级别,PDFPLUMBER_UNAVAILABLE
3cb5be4df389197c297af086,/Users/zhaoxiaoda/Library/CloudStorage/GoogleDrive-xiaodazhao0608@gmail.com/我的云端硬盘/TBM9/SKETCH/DyK1016+779.00_伯舒拉岭右线洞身素描记录表 39.pdf,FACE_SKETCH,1,"[{""page"": 1, ""width"": 595.32, ""height"": 841.92}]",,[],,False,1掌子面|4开挖|12.07开挖|1开挖|2掌子面状态|3毛开挖|4岩石强度|5风化程度|6地|7涌水状态|8岩溶发育程度|9设计围岩级别,f2306bebe044,FACE_SKETCH|1||1掌子面|4开挖|12.07开挖|1开挖|2掌子面状态|3毛开挖|4岩石强度|5风化程度|6地|7涌水状态|8岩溶发育程度|9设计围岩级别,PDFPLUMBER_UNAVAILABLE
0c738904c41ad76278dbda26,/Users/zhaoxiaoda/Library/CloudStorage/GoogleDrive-xiaodazhao0608@gmail.com/我的云端硬盘/TBM9/SKETCH/DyK1016+809.00_伯舒拉岭右线洞身素描记录表 40.pdf,FACE_SKETCH,1,"[{""page"": 1, ""width"": 595.32, ""height"": 841.92}]",,[],,False,1掌子面|4开挖|12.07开挖|1开挖|2掌子面状态|3毛开挖|4岩石强度|5风化程度|6地|7涌水状态|8岩溶发育程度|9设计围岩级别,f2306bebe044,FACE_SKETCH|1||1掌子面|4开挖|12.07开挖|1开挖|2掌子面状态|3毛开挖|4岩石强度|5风化程度|6地|7涌水状态|8岩溶发育程度|9设计围岩级别,PDFPLUMBER_UNAVAILABLE
240df37778e01b12474831fe,/Users/zhaoxiaoda/Library/CloudStorage/GoogleDrive-xiaodazhao0608@gmail.com/我的云端硬盘/TBM9/SKETCH/DyK1016+839.00_伯舒拉岭右线洞身素描记录表 41.pdf,FACE_SKETCH,1,"[{""page"": 1, ""width"": 595.32, ""height"": 841.92}]",,[],,False,1掌子面|4开挖|12.07开挖|1开挖|2掌子面状态|3毛开挖|4岩石强度|5风化程度|6地|7涌水状态|8岩溶发育程度|9设计围岩级别,f2306bebe044,FACE_SKETCH|1||1掌子面|4开挖|12.07开挖|1开挖|2掌子面状态|3毛开挖|4岩石强度|5风化程度|6地|7涌水状态|8岩溶发育程度|9设计围岩级别,PDFPLUMBER_UNAVAILABLE
f09c487f84df68ddb3c386c1,/Users/zhaoxiaoda/Library/CloudStorage/GoogleDrive-xiaodazhao0608@gmail.com/我的云端硬盘/TBM9/SKETCH/DyK1016+869.00_伯舒拉岭右线洞身素描记录表 42.pdf,FACE_SKETCH,1,"[{""page"": 1, ""width"": 595.32, ""height"": 841.92}]",,[],,False,1掌子面|4开挖|12.07开挖|1开挖|2掌子面状态|3毛开挖|4岩石强度|5风化程度|6地|7涌水状态|8岩溶发育程度|9设计围岩级别,f2306bebe044,FACE_SKETCH|1||1掌子面|4开挖|12.07开挖|1开挖|2掌子面状态|3毛开挖|4岩石强度|5风化程度|6地|7涌水状态|8岩溶发育程度|9设计围岩级别,PDFPLUMBER_UNAVAILABLE
7063eb72ab80d5ee64f01b2f,/Users/zhaoxiaoda/Library/CloudStorage/GoogleDrive-xiaodazhao0608@gmail.com/我的云端硬盘/TBM9/SKETCH/DyK1016+899.00_伯舒拉岭右线洞身素描记录表 43.pdf,FACE_SKETCH,1,"[{""page"": 1, ""width"": 595.32, ""height"": 841.92}]",,[],,False,1掌子面|4开挖|12.07开挖|1开挖|2掌子面状态|3毛开挖|4岩石强度|5风化程度|6地|7涌水状态|8岩溶发育程度|9设计围岩级别,f2306bebe044,FACE_SKETCH|1||1掌子面|4开挖|12.07开挖|1开挖|2掌子面状态|3毛开挖|4岩石强度|5风化程度|6地|7涌水状态|8岩溶发育程度|9设计围岩级别,PDFPLUMBER_UNAVAILABLE
c2a97afe5640c6aedeee1652,/Users/zhaoxiaoda/Library/CloudStorage/GoogleDrive-xiaodazhao0608@gmail.com/我的云端硬盘/TBM9/SKETCH/DyK1016+929.00_伯舒拉岭右线洞身素描记录表 44.pdf,FACE_SKETCH,1,"[{""page"": 1, ""width"": 595.32, ""height"": 841.92}]",,[],,False,1掌子面|4开挖|12.07开挖|1开挖|2掌子面状态|3毛开挖|4岩石强度|5风化程度|6地|7涌水状态|8岩溶发育程度|9设计围岩级别,f2306bebe044,FACE_SKETCH|1||1掌子面|4开挖|12.07开挖|1开挖|2掌子面状态|3毛开挖|4岩石强度|5风化程度|6地|7涌水状态|8岩溶发育程度|9设计围岩级别,PDFPLUMBER_UNAVAILABLE
92c9f09650bfb809905dbdca,/Users/zhaoxiaoda/Library/CloudStorage/GoogleDrive-xiaodazhao0608@gmail.com/我的云端硬盘/TBM9/SKETCH/DyK1016+959.00_伯舒拉岭右线洞身素描记录表 45.pdf,FACE_SKETCH,1,"[{""page"": 1, ""width"": 595.32, ""height"": 841.92}]",,[],,False,1掌子面|4开挖|12.07开挖|1开挖|2掌子面状态|3毛开挖|4岩石强度|5风化程度|6地|7涌水状态|8岩溶发育程度|9设计围岩级别,f2306bebe044,FACE_SKETCH|1||1掌子面|4开挖|12.07开挖|1开挖|2掌子面状态|3毛开挖|4岩石强度|5风化程度|6地|7涌水状态|8岩溶发育程度|9设计围岩级别,PDFPLUMBER_UNAVAILABLE
e0ff3b59ed0034eecfeafa58,/Users/zhaoxiaoda/Library/CloudStorage/GoogleDrive-xiaodazhao0608@gmail.com/我的云端硬盘/TBM9/SKETCH/DyK1016+989.00_伯舒拉岭右线洞身素描记录表 46.pdf,FACE_SKETCH,1,"[{""page"": 1, ""width"": 595.32, ""height"": 841.92}]",,[],,False,1掌子面|4开挖|12.07开挖|1开挖|2掌子面状态|3毛开挖|4岩石强度|5风化程度|6地|7涌水状态|8岩溶发育程度|9设计围岩级别,f2306bebe044,FACE_SKETCH|1||1掌子面|4开挖|12.07开挖|1开挖|2掌子面状态|3毛开挖|4岩石强度|5风化程度|6地|7涌水状态|8岩溶发育程度|9设计围岩级别,PDFPLUMBER_UNAVAILABLE
f0558c8e83f2dff9d2fe3354,/Users/zhaoxiaoda/Library/CloudStorage/GoogleDrive-xiaodazhao0608@gmail.com/我的云端硬盘/TBM9/SKETCH/DyK1017+019.00_伯舒拉岭右线洞身素描记录表 47.pdf,FACE_SKETCH,1,"[{""page"": 1, ""width"": 595.32, ""height"": 841.92}]",,[],,False,1掌子面|4开挖|12.07开挖|1开挖|2掌子面状态|3毛开挖|4岩石强度|5风化程度|6地|7涌水状态|8岩溶发育程度|9设计围岩级别,f2306bebe044,FACE_SKETCH|1||1掌子面|4开挖|12.07开挖|1开挖|2掌子面状态|3毛开挖|4岩石强度|5风化程度|6地|7涌水状态|8岩溶发育程度|9设计围岩级别,PDFPLUMBER_UNAVAILABLE
1870dda01a4d19910fe26fec,/Users/zhaoxiaoda/Library/CloudStorage/GoogleDrive-xiaodazhao0608@gmail.com/我的云端硬盘/TBM9/SKETCH/DyK1017+049.00_伯舒拉岭右线洞身素描记录表 48.pdf,FACE_SKETCH,1,"[{""page"": 1, ""width"": 595.32, ""height"": 841.92}]",,[],,False,1掌子面|4开挖|12.07开挖|1开挖|2掌子面状态|3毛开挖|4岩石强度|5风化程度|6地|7涌水状态|8岩溶发育程度|9设计围岩级别,f2306bebe044,FACE_SKETCH|1||1掌子面|4开挖|12.07开挖|1开挖|2掌子面状态|3毛开挖|4岩石强度|5风化程度|6地|7涌水状态|8岩溶发育程度|9设计围岩级别,PDFPLUMBER_UNAVAILABLE
d5fae21a2ace09d5cd052187,/Users/zhaoxiaoda/Library/CloudStorage/GoogleDrive-xiaodazhao0608@gmail.com/我的云端硬盘/TBM9/SKETCH/DyK1017+079.00_伯舒拉岭右线洞身素描记录表 49.pdf,FACE_SKETCH,1,"[{""page"": 1, ""width"": 595.32, ""height"": 841.92}]",,[],,False,1掌子面|4开挖|12.07开挖|1开挖|2掌子面状态|3毛开挖|4岩石强度|5风化程度|6地|7涌水状态|8岩溶发育程度|9设计围岩级别,f2306bebe044,FACE_SKETCH|1||1掌子面|4开挖|12.07开挖|1开挖|2掌子面状态|3毛开挖|4岩石强度|5风化程度|6地|7涌水状态|8岩溶发育程度|9设计围岩级别,PDFPLUMBER_UNAVAILABLE
2f660c783da6920e9aa30382,/Users/zhaoxiaoda/Library/CloudStorage/GoogleDrive-xiaodazhao0608@gmail.com/我的云端硬盘/TBM9/SKETCH/DyK1017+109.00_伯舒拉岭右线洞身素描记录表 50.pdf,FACE_SKETCH,1,"[{""page"": 1, ""width"": 595.32, ""height"": 841.92}]",,[],,False,1掌子面|4开挖|12.07开挖|1开挖|2掌子面状态|3毛开挖|4岩石强度|5风化程度|6地|7涌水状态|8岩溶发育程度|9设计围岩级别,f2306bebe044,FACE_SKETCH|1||1掌子面|4开挖|12.07开挖|1开挖|2掌子面状态|3毛开挖|4岩石强度|5风化程度|6地|7涌水状态|8岩溶发育程度|9设计围岩级别,PDFPLUMBER_UNAVAILABLE
6e9b84bef760f35770fba4c9,/Users/zhaoxiaoda/Library/CloudStorage/GoogleDrive-xiaodazhao0608@gmail.com/我的云端硬盘/TBM9/SKETCH/DyK1017+139.00_伯舒拉岭左线洞身素描记录表 43.pdf,FACE_SKETCH,1,"[{""page"": 1, ""width"": 595.32, ""height"": 841.92}]",,[],,False,1掌子面|4开挖|12.07开挖|1开挖|2掌子面状态|3毛开挖|4岩石强度|5风化程度|6地|7涌水状态|8岩溶发育程度|9设计围岩级别,f2306bebe044,FACE_SKETCH|1||1掌子面|4开挖|12.07开挖|1开挖|2掌子面状态|3毛开挖|4岩石强度|5风化程度|6地|7涌水状态|8岩溶发育程度|9设计围岩级别,PDFPLUMBER_UNAVAILABLE
6e388030c6a54da3eaf7be02,/Users/zhaoxiaoda/Library/CloudStorage/GoogleDrive-xiaodazhao0608@gmail.com/我的云端硬盘/TBM9/SKETCH/DyK1017+156.00_伯舒拉岭右线洞身素描记录表 52.pdf,FACE_SKETCH,1,"[{""page"": 1, ""width"": 595.32, ""height"": 841.92}]",,[],,False,1掌子面|4开挖|12.07开挖|1开挖|2掌子面状态|3毛开挖|4岩石强度|5风化程度|6地|7涌水状态|8岩溶发育程度|9设计围岩级别,f2306bebe044,FACE_SKETCH|1||1掌子面|4开挖|12.07开挖|1开挖|2掌子面状态|3毛开挖|4岩石强度|5风化程度|6地|7涌水状态|8岩溶发育程度|9设计围岩级别,PDFPLUMBER_UNAVAILABLE
816b585a83f4a542122cb49e,/Users/zhaoxiaoda/Library/CloudStorage/GoogleDrive-xiaodazhao0608@gmail.com/我的云端硬盘/TBM9/SKETCH/DyK1017+177.99_伯舒拉岭右线洞身素描记录表 52.pdf,FACE_SKETCH,1,"[{""page"": 1, ""width"": 595.32, ""height"": 841.92}]",,[],,False,1掌子面|4开挖|12.07开挖|1开挖|2掌子面状态|3毛开挖|4岩石强度|5风化程度|6地|7涌水状态|8岩溶发育程度|9设计围岩级别,f2306bebe044,FACE_SKETCH|1||1掌子面|4开挖|12.07开挖|1开挖|2掌子面状态|3毛开挖|4岩石强度|5风化程度|6地|7涌水状态|8岩溶发育程度|9设计围岩级别,PDFPLUMBER_UNAVAILABLE
cff33cb10ecf7c0284c44d03,/Users/zhaoxiaoda/Library/CloudStorage/GoogleDrive-xiaodazhao0608@gmail.com/我的云端硬盘/TBM9/SKETCH/DyK1017+178.00_伯舒拉岭右线洞身素描记录表 52.pdf,FACE_SKETCH,1,"[{""page"": 1, ""width"": 595.32, ""height"": 841.92}]",,[],,False,1掌子面|4开挖|12.07开挖|1开挖|2掌子面状态|3毛开挖|4岩石强度|5风化程度|6地|7涌水状态|8岩溶发育程度|9设计围岩级别,f2306bebe044,FACE_SKETCH|1||1掌子面|4开挖|12.07开挖|1开挖|2掌子面状态|3毛开挖|4岩石强度|5风化程度|6地|7涌水状态|8岩溶发育程度|9设计围岩级别,PDFPLUMBER_UNAVAILABLE
b9a85c15b19eec41cbc579b8,/Users/zhaoxiaoda/Library/CloudStorage/GoogleDrive-xiaodazhao0608@gmail.com/我的云端硬盘/TBM9/SKETCH/DyK1017+178.01_伯舒拉岭右线洞身素描记录表 52.pdf,FACE_SKETCH,1,"[{""page"": 1, ""width"": 595.32, ""height"": 841.92}]",,[],,False,1掌子面|4开挖|12.07开挖|1开挖|2掌子面状态|3毛开挖|4岩石强度|5风化程度|6地|7涌水状态|8岩溶发育程度|9设计围岩级别,f2306bebe044,FACE_SKETCH|1||1掌子面|4开挖|12.07开挖|1开挖|2掌子面状态|3毛开挖|4岩石强度|5风化程度|6地|7涌水状态|8岩溶发育程度|9设计围岩级别,PDFPLUMBER_UNAVAILABLE
8ef945d86a83ab636d7ed610,/Users/zhaoxiaoda/Library/CloudStorage/GoogleDrive-xiaodazhao0608@gmail.com/我的云端硬盘/TBM9/SKETCH/DyK1017+208.00_伯舒拉岭右线洞身素描记录表 53.pdf,FACE_SKETCH,1,"[{""page"": 1, ""width"": 595.32, ""height"": 841.92}]",,[],,False,1掌子面|4开挖|12.07开挖|1开挖|2掌子面状态|3毛开挖|4岩石强度|5风化程度|6地|7涌水状态|8岩溶发育程度|9设计围岩级别,f2306bebe044,FACE_SKETCH|1||1掌子面|4开挖|12.07开挖|1开挖|2掌子面状态|3毛开挖|4岩石强度|5风化程度|6地|7涌水状态|8岩溶发育程度|9设计围岩级别,PDFPLUMBER_UNAVAILABLE
952a8d49731afcc31840a716,/Users/zhaoxiaoda/Library/CloudStorage/GoogleDrive-xiaodazhao0608@gmail.com/我的云端硬盘/TBM9/SKETCH/DyK1017+216.00_伯舒拉岭右线洞身素描记录表 54.pdf,FACE_SKETCH,1,"[{""page"": 1, ""width"": 595.32, ""height"": 841.92}]",,[],,False,1掌子面|4开挖|12.07开挖|1开挖|2掌子面状态|3毛开挖|4岩石强度|5风化程度|6地|7涌水状态|8岩溶发育程度|9设计围岩级别,f2306bebe044,FACE_SKETCH|1||1掌子面|4开挖|12.07开挖|1开挖|2掌子面状态|3毛开挖|4岩石强度|5风化程度|6地|7涌水状态|8岩溶发育程度|9设计围岩级别,PDFPLUMBER_UNAVAILABLE
3a17ea59e72b37aaccd10b71,/Users/zhaoxiaoda/Library/CloudStorage/GoogleDrive-xiaodazhao0608@gmail.com/我的云端硬盘/TBM9/SKETCH/DyK1017+222.00_伯舒拉岭右线洞身素描记录表 55.pdf,FACE_SKETCH,1,"[{""page"": 1, ""width"": 595.32, ""height"": 841.92}]",,[],,False,1掌子面|4开挖|12.07开挖|1开挖|2掌子面状态|3毛开挖|4岩石强度|5风化程度|6地|7涌水状态|8岩溶发育程度|9设计围岩级别,f2306bebe044,FACE_SKETCH|1||1掌子面|4开挖|12.07开挖|1开挖|2掌子面状态|3毛开挖|4岩石强度|5风化程度|6地|7涌水状态|8岩溶发育程度|9设计围岩级别,PDFPLUMBER_UNAVAILABLE
5f3e2801e342656bca4966c6,/Users/zhaoxiaoda/Library/CloudStorage/GoogleDrive-xiaodazhao0608@gmail.com/我的云端硬盘/TBM9/SKETCH/DyK1017+237.00_伯舒拉岭右线洞身素描记录表 56.pdf,FACE_SKETCH,1,"[{""page"": 1, ""width"": 595.32, ""height"": 841.92}]",,[],,False,1掌子面|4开挖|12.07开挖|1开挖|2掌子面状态|3毛开挖|4岩石强度|5风化程度|6地|7涌水状态|8岩溶发育程度|9设计围岩级别,f2306bebe044,FACE_SKETCH|1||1掌子面|4开挖|12.07开挖|1开挖|2掌子面状态|3毛开挖|4岩石强度|5风化程度|6地|7涌水状态|8岩溶发育程度|9设计围岩级别,PDFPLUMBER_UNAVAILABLE
97df1854be67fffd716afda2,/Users/zhaoxiaoda/Library/CloudStorage/GoogleDrive-xiaodazhao0608@gmail.com/我的云端硬盘/TBM9/SKETCH/DyK1017+267.00_伯舒拉岭右线洞身素描记录表 57.pdf,FACE_SKETCH,1,"[{""page"": 1, ""width"": 595.32, ""height"": 841.92}]",,[],,False,1掌子面|4开挖|12.07开挖|1开挖|2掌子面状态|3毛开挖|4岩石强度|5风化程度|6地|7涌水状态|8岩溶发育程度|9设计围岩级别,f2306bebe044,FACE_SKETCH|1||1掌子面|4开挖|12.07开挖|1开挖|2掌子面状态|3毛开挖|4岩石强度|5风化程度|6地|7涌水状态|8岩溶发育程度|9设计围岩级别,PDFPLUMBER_UNAVAILABLE
8ef9c0ac2650a53aecb254e4,/Users/zhaoxiaoda/Library/CloudStorage/GoogleDrive-xiaodazhao0608@gmail.com/我的云端硬盘/TBM9/SKETCH/DyK1017+297.00_伯舒拉岭右线洞身素描记录表 58.pdf,FACE_SKETCH,1,"[{""page"": 1, ""width"": 595.32, ""height"": 841.92}]",,[],,False,1掌子面|4开挖|12.07开挖|1开挖|2掌子面状态|3毛开挖|4岩石强度|5风化程度|6地|7涌水状态|8岩溶发育程度|9设计围岩级别,f2306bebe044,FACE_SKETCH|1||1掌子面|4开挖|12.07开挖|1开挖|2掌子面状态|3毛开挖|4岩石强度|5风化程度|6地|7涌水状态|8岩溶发育程度|9设计围岩级别,PDFPLUMBER_UNAVAILABLE
2ea9c36163b7b898b56093ff,/Users/zhaoxiaoda/Library/CloudStorage/GoogleDrive-xiaodazhao0608@gmail.com/我的云端硬盘/TBM9/SKETCH/DyK1017+317.00_伯舒拉岭右线洞身素描记录表 59.pdf,FACE_SKETCH,1,"[{""page"": 1, ""width"": 595.32, ""height"": 841.92}]",,[],,False,1掌子面|4开挖|12.07开挖|1开挖|2掌子面状态|3毛开挖|4岩石强度|5风化程度|6地|7涌水状态|8岩溶发育程度|9设计围岩级别,f2306bebe044,FACE_SKETCH|1||1掌子面|4开挖|12.07开挖|1开挖|2掌子面状态|3毛开挖|4岩石强度|5风化程度|6地|7涌水状态|8岩溶发育程度|9设计围岩级别,PDFPLUMBER_UNAVAILABLE
0317527187ad49cb220a0053,/Users/zhaoxiaoda/Library/CloudStorage/GoogleDrive-xiaodazhao0608@gmail.com/我的云端硬盘/TBM9/SKETCH/DyK1017+327.00_伯舒拉岭右线洞身素描记录表 60.pdf,FACE_SKETCH,1,"[{""page"": 1, ""width"": 595.32, ""height"": 841.92}]",,[],,False,1掌子面|4开挖|12.07开挖|1开挖|2掌子面状态|3毛开挖|4岩石强度|5风化程度|6地|7涌水状态|8岩溶发育程度|9设计围岩级别,f2306bebe044,FACE_SKETCH|1||1掌子面|4开挖|12.07开挖|1开挖|2掌子面状态|3毛开挖|4岩石强度|5风化程度|6地|7涌水状态|8岩溶发育程度|9设计围岩级别,PDFPLUMBER_UNAVAILABLE
5581e652c2789cbf0e6c1551,/Users/zhaoxiaoda/Library/CloudStorage/GoogleDrive-xiaodazhao0608@gmail.com/我的云端硬盘/TBM9/SKETCH/DyK1017+347.00_伯舒拉岭右线洞身素描记录表 61.pdf,FACE_SKETCH,1,"[{""page"": 1, ""width"": 595.32, ""height"": 841.92}]",,[],,False,1掌子面|4开挖|12.07开挖|1开挖|2掌子面状态|3毛开挖|4岩石强度|5风化程度|6地|7涌水状态|8岩溶发育程度|9设计围岩级别,f2306bebe044,FACE_SKETCH|1||1掌子面|4开挖|12.07开挖|1开挖|2掌子面状态|3毛开挖|4岩石强度|5风化程度|6地|7涌水状态|8岩溶发育程度|9设计围岩级别,PDFPLUMBER_UNAVAILABLE
84699b164857fac21e93e346,/Users/zhaoxiaoda/Library/CloudStorage/GoogleDrive-xiaodazhao0608@gmail.com/我的云端硬盘/TBM9/SKETCH/DyK1017+357.00_伯舒拉岭右线洞身素描记录表 62.pdf,FACE_SKETCH,1,"[{""page"": 1, ""width"": 595.32, ""height"": 841.92}]",,[],,False,1掌子面|4开挖|12.07开挖|1开挖|2掌子面状态|3毛开挖|4岩石强度|5风化程度|6地|7涌水状态|8岩溶发育程度|9设计围岩级别,f2306bebe044,FACE_SKETCH|1||1掌子面|4开挖|12.07开挖|1开挖|2掌子面状态|3毛开挖|4岩石强度|5风化程度|6地|7涌水状态|8岩溶发育程度|9设计围岩级别,PDFPLUMBER_UNAVAILABLE
9a53bb1a466335f33ba34d8c,/Users/zhaoxiaoda/Library/CloudStorage/GoogleDrive-xiaodazhao0608@gmail.com/我的云端硬盘/TBM9/SKETCH/DyK1017+367.00_伯舒拉岭左线洞身素描记录表 64.pdf,FACE_SKETCH,1,"[{""page"": 1, ""width"": 595.32, ""height"": 841.92}]",,[],,False,1掌子面|4开挖|12.07开挖|1开挖|2掌子面状态|3毛开挖|4岩石强度|5风化程度|6地|7涌水状态|8岩溶发育程度|9设计围岩级别,f2306bebe044,FACE_SKETCH|1||1掌子面|4开挖|12.07开挖|1开挖|2掌子面状态|3毛开挖|4岩石强度|5风化程度|6地|7涌水状态|8岩溶发育程度|9设计围岩级别,PDFPLUMBER_UNAVAILABLE
cb110d511a48341115a6270d,/Users/zhaoxiaoda/Library/CloudStorage/GoogleDrive-xiaodazhao0608@gmail.com/我的云端硬盘/TBM9/SKETCH/DyK1017+377.00_伯舒拉岭右线洞身素描记录表 64.pdf,FACE_SKETCH,1,"[{""page"": 1, ""width"": 595.32, ""height"": 841.92}]",,[],,False,1掌子面|4开挖|12.07开挖|1开挖|2掌子面状态|3毛开挖|4岩石强度|5风化程度|6地|7涌水状态|8岩溶发育程度|9设计围岩级别,f2306bebe044,FACE_SKETCH|1||1掌子面|4开挖|12.07开挖|1开挖|2掌子面状态|3毛开挖|4岩石强度|5风化程度|6地|7涌水状态|8岩溶发育程度|9设计围岩级别,PDFPLUMBER_UNAVAILABLE
b2a13700b7fc4b9e74a27578,/Users/zhaoxiaoda/Library/CloudStorage/GoogleDrive-xiaodazhao0608@gmail.com/我的云端硬盘/TBM9/SKETCH/DyK1017+387.00_伯舒拉岭右线洞身素描记录表 65.pdf,FACE_SKETCH,1,"[{""page"": 1, ""width"": 595.32, ""height"": 841.92}]",,[],,False,1掌子面|4开挖|12.07开挖|1开挖|2掌子面状态|3毛开挖|4岩石强度|5风化程度|6地|7涌水状态|8岩溶发育程度|9设计围岩级别,f2306bebe044,FACE_SKETCH|1||1掌子面|4开挖|12.07开挖|1开挖|2掌子面状态|3毛开挖|4岩石强度|5风化程度|6地|7涌水状态|8岩溶发育程度|9设计围岩级别,PDFPLUMBER_UNAVAILABLE
f979e6cf61672e4caf94aa65,/Users/zhaoxiaoda/Library/CloudStorage/GoogleDrive-xiaodazhao0608@gmail.com/我的云端硬盘/TBM9/SKETCH/DyK1017+397.00_伯舒拉岭右线洞身素描记录表 66.pdf,FACE_SKETCH,1,"[{""page"": 1, ""width"": 595.32, ""height"": 841.92}]",,[],,False,1掌子面|4开挖|12.07开挖|1开挖|2掌子面状态|3毛开挖|4岩石强度|5风化程度|6地|7涌水状态|8岩溶发育程度|9设计围岩级别,f2306bebe044,FACE_SKETCH|1||1掌子面|4开挖|12.07开挖|1开挖|2掌子面状态|3毛开挖|4岩石强度|5风化程度|6地|7涌水状态|8岩溶发育程度|9设计围岩级别,PDFPLUMBER_UNAVAILABLE
7eedb3382993e018f1353ec8,/Users/zhaoxiaoda/Library/CloudStorage/GoogleDrive-xiaodazhao0608@gmail.com/我的云端硬盘/TBM9/SKETCH/DyK1017+407.00_伯舒拉岭右线洞身素描记录表 67.pdf,FACE_SKETCH,1,"[{""page"": 1, ""width"": 595.32, ""height"": 841.92}]",,[],,False,1掌子面|4开挖|12.07开挖|1开挖|2掌子面状态|3毛开挖|4岩石强度|5风化程度|6地|7涌水状态|8岩溶发育程度|9设计围岩级别,f2306bebe044,FACE_SKETCH|1||1掌子面|4开挖|12.07开挖|1开挖|2掌子面状态|3毛开挖|4岩石强度|5风化程度|6地|7涌水状态|8岩溶发育程度|9设计围岩级别,PDFPLUMBER_UNAVAILABLE
2860b5fa1af40742233210de,/Users/zhaoxiaoda/Library/CloudStorage/GoogleDrive-xiaodazhao0608@gmail.com/我的云端硬盘/TBM9/SKETCH/DyK1017+417.00_伯舒拉岭右线洞身素描记录表 68.pdf,FACE_SKETCH,1,"[{""page"": 1, ""width"": 595.32, ""height"": 841.92}]",,[],,False,1掌子面|4开挖|12.07开挖|1开挖|2掌子面状态|3毛开挖|4岩石强度|5风化程度|6地|7涌水状态|8岩溶发育程度|9设计围岩级别,f2306bebe044,FACE_SKETCH|1||1掌子面|4开挖|12.07开挖|1开挖|2掌子面状态|3毛开挖|4岩石强度|5风化程度|6地|7涌水状态|8岩溶发育程度|9设计围岩级别,PDFPLUMBER_UNAVAILABLE
