benchmark_task_id,execution_item_id,max_output_tokens,max_retries,method_id,method_position_for_task,model,pack_hash,pack_id,presentation_policy_version,product_type,provider,realization_unit_ids,reasoning_effort,request_hash,rotating_order_index,sequence_index,slice_spec,temperature,top_p,valid_date
stage7_main_task_000,stage7b_execution_item_a8302dde1a954c483f07c58f,4096,0,B0_DIRECT_LLM,0,deepseek-v4-flash,63c2220e0e86875022a134b31e962fdb297116c50f532d60205f231643b391ca,evidence_pack_63c2220e0e86875022a134b3,stage6b_presentation_policy_v1_candidate,all,deepseek,"[""realization_unit_13681e18146c44eaab86321e"", ""realization_unit_2aade8307f86d0b95a574422"", ""realization_unit_4566f5b89b62f2a4e506bff6"", ""realization_unit_59f9b93455b6a1fbf84769eb"", ""realization_unit_861d59c2a52fe8d1c00091cf"", ""realization_unit_97225917abdb46c0f43de052"", ""realization_unit_b51874b82172b767e7bcf890"", ""realization_unit_b9e7ce94e38370312bb853e2"", ""realization_unit_e2f846835be30c37cf06e2ac"", ""realization_unit_e896fa88fb1c7a156be8175b""]",none,75de8e7f43d45f4fe583d1937075f2d4a8bd38ea7de57868a68c68d5360787dd,0,0,"{""cell_id"": ""cell_3d2558b73586465c51997f14"", ""claim_type"": null, ""product_type"": ""all"", ""state_role"": null, ""valid_date"": ""2023-10-07""}",0.0,1.0,2023-10-07
stage7_main_task_000,stage7b_execution_item_589109e3dcc2dbf4778cf315,4096,0,B1_STRUCTURED_PROMPT_LLM,1,deepseek-v4-flash,63c2220e0e86875022a134b31e962fdb297116c50f532d60205f231643b391ca,evidence_pack_63c2220e0e86875022a134b3,stage6b_presentation_policy_v1_candidate,all,deepseek,"[""realization_unit_13681e18146c44eaab86321e"", ""realization_unit_2aade8307f86d0b95a574422"", ""realization_unit_4566f5b89b62f2a4e506bff6"", ""realization_unit_59f9b93455b6a1fbf84769eb"", ""realization_unit_861d59c2a52fe8d1c00091cf"", ""realization_unit_97225917abdb46c0f43de052"", ""realization_unit_b51874b82172b767e7bcf890"", ""realization_unit_b9e7ce94e38370312bb853e2"", ""realization_unit_e2f846835be30c37cf06e2ac"", ""realization_unit_e896fa88fb1c7a156be8175b""]",none,99e849041f70b870837d6a25a864ee9987b054da80fb4b4e4859b4165e47cf19,0,1,"{""cell_id"": ""cell_3d2558b73586465c51997f14"", ""claim_type"": null, ""product_type"": ""all"", ""state_role"": null, ""valid_date"": ""2023-10-07""}",0.0,1.0,2023-10-07
stage7_main_task_000,stage7b_execution_item_4af392c9f32abb87430b4b92,4096,0,P_PROPOSED,2,deepseek-v4-flash,e7c3a21344dac0464adc54fdc57db3fbcdc7f1d92f3009b31e9d1c1b570f1d29,evidence_pack_e7c3a21344dac0464adc54fd,stage6b_presentation_policy_v1_candidate,all,deepseek,"[""realization_unit_13681e18146c44eaab86321e"", ""realization_unit_2aade8307f86d0b95a574422"", ""realization_unit_4566f5b89b62f2a4e506bff6"", ""realization_unit_59f9b93455b6a1fbf84769eb"", ""realization_unit_861d59c2a52fe8d1c00091cf"", ""realization_unit_97225917abdb46c0f43de052"", ""realization_unit_b51874b82172b767e7bcf890"", ""realization_unit_b9e7ce94e38370312bb853e2"", ""realization_unit_e2f846835be30c37cf06e2ac"", ""realization_unit_e896fa88fb1c7a156be8175b""]",none,725a28061086c9b4046a094fdbc268573c56a795efa3a6647f0a454205ea0609,0,2,"{""cell_id"": ""cell_3d2558b73586465c51997f14"", ""claim_type"": null, ""product_type"": ""all"", ""state_role"": null, ""valid_date"": ""2023-10-07""}",0.0,1.0,2023-10-07
stage7_main_task_001,stage7b_execution_item_20c1eac7458788e67e8db0e2,4096,0,B1_STRUCTURED_PROMPT_LLM,0,deepseek-v4-flash,a1c7c945af8fc05fbab18981fb33a922c66b7dba1607d9b01d4e69838c60356c,evidence_pack_a1c7c945af8fc05fbab18981,stage6b_presentation_policy_v1_candidate,all,deepseek,"[""realization_unit_01c2f319d8b10ce924a9f859"", ""realization_unit_06ff9352c0c5d375c8254cca"", ""realization_unit_0a2393a0110c2bc8246152f8"", ""realization_unit_134a8250071d687d64303a7f"", ""realization_unit_234e2119f34e5a3938a38712"", ""realization_unit_474d333b41ec2151be9b70ce"", ""realization_unit_4b6be54d18307de42abb2ec3"", ""realization_unit_67ba04c10280c6de6b6e5265"", ""realization_unit_6c4109daa645d3110079855c"", ""realization_unit_7656d8e3dae359e5a8ba8dd5"", ""realization_unit_890a389d59c2a2f11ed8be17"", ""realization_unit_89b732868962e2d5adcc3150"", ""realization_unit_992d00be831c65dd8a58a024"", ""realization_unit_9a9259b09a9b3290eb0c0da1"", ""realization_unit_a028d53ef7fe838d29bf6181"", ""realization_unit_a4586e81a4ff47b5b6ea02b0"", ""realization_unit_b742e034c2b7fb5eb0e5efa5"", ""realization_unit_cc73deeaded0183260964cd6"", ""realization_unit_e9e73b3bda5c5fe3f6ceba44"", ""realization_unit_f830a97cbaf97f1bef36be3d""]",none,9489b31a4711046a20d13a4eb495383b1219bbfd5ff10550068a2014ecd8c000,1,3,"{""cell_id"": ""cell_d633c30ff9721d955f08a540"", ""claim_type"": null, ""product_type"": ""all"", ""state_role"": null, ""valid_date"": ""2023-12-28""}",0.0,1.0,2023-12-28
stage7_main_task_001,stage7b_execution_item_781de04195147e9c7e85bc1f,4096,0,P_PROPOSED,1,deepseek-v4-flash,88a867b2e60646543dd0fd02bf27df6d02e185f1276a7f80628167078de96f66,evidence_pack_88a867b2e60646543dd0fd02,stage6b_presentation_policy_v1_candidate,all,deepseek,"[""realization_unit_01c2f319d8b10ce924a9f859"", ""realization_unit_06ff9352c0c5d375c8254cca"", ""realization_unit_0a2393a0110c2bc8246152f8"", ""realization_unit_134a8250071d687d64303a7f"", ""realization_unit_234e2119f34e5a3938a38712"", ""realization_unit_474d333b41ec2151be9b70ce"", ""realization_unit_4b6be54d18307de42abb2ec3"", ""realization_unit_67ba04c10280c6de6b6e5265"", ""realization_unit_6c4109daa645d3110079855c"", ""realization_unit_7656d8e3dae359e5a8ba8dd5"", ""realization_unit_890a389d59c2a2f11ed8be17"", ""realization_unit_89b732868962e2d5adcc3150"", ""realization_unit_992d00be831c65dd8a58a024"", ""realization_unit_9a9259b09a9b3290eb0c0da1"", ""realization_unit_a028d53ef7fe838d29bf6181"", ""realization_unit_a4586e81a4ff47b5b6ea02b0"", ""realization_unit_b742e034c2b7fb5eb0e5efa5"", ""realization_unit_cc73deeaded0183260964cd6"", ""realization_unit_e9e73b3bda5c5fe3f6ceba44"", ""realization_unit_f830a97cbaf97f1bef36be3d""]",none,e65457b14a2d788f87d7ca997a7d086c1cbfeda9ee9653e8531b6fb138751e9c,1,4,"{""cell_id"": ""cell_d633c30ff9721d955f08a540"", ""claim_type"": null, ""product_type"": ""all"", ""state_role"": null, ""valid_date"": ""2023-12-28""}",0.0,1.0,2023-12-28
stage7_main_task_001,stage7b_execution_item_1739d26df9a3e473f978e700,4096,0,B0_DIRECT_LLM,2,deepseek-v4-flash,a1c7c945af8fc05fbab18981fb33a922c66b7dba1607d9b01d4e69838c60356c,evidence_pack_a1c7c945af8fc05fbab18981,stage6b_presentation_policy_v1_candidate,all,deepseek,"[""realization_unit_01c2f319d8b10ce924a9f859"", ""realization_unit_06ff9352c0c5d375c8254cca"", ""realization_unit_0a2393a0110c2bc8246152f8"", ""realization_unit_134a8250071d687d64303a7f"", ""realization_unit_234e2119f34e5a3938a38712"", ""realization_unit_474d333b41ec2151be9b70ce"", ""realization_unit_4b6be54d18307de42abb2ec3"", ""realization_unit_67ba04c10280c6de6b6e5265"", ""realization_unit_6c4109daa645d3110079855c"", ""realization_unit_7656d8e3dae359e5a8ba8dd5"", ""realization_unit_890a389d59c2a2f11ed8be17"", ""realization_unit_89b732868962e2d5adcc3150"", ""realization_unit_992d00be831c65dd8a58a024"", ""realization_unit_9a9259b09a9b3290eb0c0da1"", ""realization_unit_a028d53ef7fe838d29bf6181"", ""realization_unit_a4586e81a4ff47b5b6ea02b0"", ""realization_unit_b742e034c2b7fb5eb0e5efa5"", ""realization_unit_cc73deeaded0183260964cd6"", ""realization_unit_e9e73b3bda5c5fe3f6ceba44"", ""realization_unit_f830a97cbaf97f1bef36be3d""]",none,9920eea20643bd9dacb4947773c28c44f6517e6fbc9b35644d57ac3615195d5a,1,5,"{""cell_id"": ""cell_d633c30ff9721d955f08a540"", ""claim_type"": null, ""product_type"": ""all"", ""state_role"": null, ""valid_date"": ""2023-12-28""}",0.0,1.0,2023-12-28
stage7_main_task_002,stage7b_execution_item_2141ea46d353d137bce244e9,4096,0,P_PROPOSED,0,deepseek-v4-flash,f0df6fdcf30ef851590886b99475469fbb05f37b1992f36df559499352ff3e43,evidence_pack_f0df6fdcf30ef851590886b9,stage6b_presentation_policy_v1_candidate,forward_attention,deepseek,"[""realization_unit_037e6c38add436f8df29f295"", ""realization_unit_0654bc528fcf98f1059aa261"", ""realization_unit_276c93ecf4405cbe539d12e0"", ""realization_unit_2bbbbb25281d33ea2fe03d7b"", ""realization_unit_44b00f2a4325cf24059c4123"", ""realization_unit_47808da4dcc38d3ea3353d3c"", ""realization_unit_5aafad0717c8195a4f51b3ad"", ""realization_unit_5b741fb6946f6d3427419cc7"", ""realization_unit_69f79edec42cd24538699a38"", ""realization_unit_89202661a6801cf12b4b7954"", ""realization_unit_a04597c49e00417dc2b85d6a"", ""realization_unit_a5a583e802ab04fcdbaf23ae"", ""realization_unit_c6f4373dd7d758a5dd0f5623"", ""realization_unit_caa85fe4fcc98b8d905c6ace"", ""realization_unit_d080162d55cb85a716557148"", ""realization_unit_d371cd2c3efc91087ff80490"", ""realization_unit_fa8593bb13b0130506151071""]",none,01a00e4b2c49265d12f144b94ddc59f50cde2417b0d0677bb23f4d834b42739b,2,6,"{""cell_id"": null, ""claim_type"": null, ""product_type"": ""forward_attention"", ""state_role"": null, ""valid_date"": ""2023-11-17""}",0.0,1.0,2023-11-17
stage7_main_task_002,stage7b_execution_item_69b49a01bf0ba2ac5b9cbe8a,4096,0,B0_DIRECT_LLM,1,deepseek-v4-flash,e619e3052808c6d76bc304b5e81b1ec3647d985d426005bfff9977b90329b31f,evidence_pack_e619e3052808c6d76bc304b5,stage6b_presentation_policy_v1_candidate,forward_attention,deepseek,"[""realization_unit_037e6c38add436f8df29f295"", ""realization_unit_0654bc528fcf98f1059aa261"", ""realization_unit_276c93ecf4405cbe539d12e0"", ""realization_unit_2bbbbb25281d33ea2fe03d7b"", ""realization_unit_44b00f2a4325cf24059c4123"", ""realization_unit_47808da4dcc38d3ea3353d3c"", ""realization_unit_5aafad0717c8195a4f51b3ad"", ""realization_unit_5b741fb6946f6d3427419cc7"", ""realization_unit_69f79edec42cd24538699a38"", ""realization_unit_89202661a6801cf12b4b7954"", ""realization_unit_a04597c49e00417dc2b85d6a"", ""realization_unit_a5a583e802ab04fcdbaf23ae"", ""realization_unit_c6f4373dd7d758a5dd0f5623"", ""realization_unit_caa85fe4fcc98b8d905c6ace"", ""realization_unit_d080162d55cb85a716557148"", ""realization_unit_d371cd2c3efc91087ff80490"", ""realization_unit_fa8593bb13b0130506151071""]",none,80de53d316442f2aeac2fea844c3600b9098e4f4f18479f26e1acd2c3b51f151,2,7,"{""cell_id"": null, ""claim_type"": null, ""product_type"": ""forward_attention"", ""state_role"": null, ""valid_date"": ""2023-11-17""}",0.0,1.0,2023-11-17
stage7_main_task_002,stage7b_execution_item_f3a117ea6ec9de2f22e0f265,4096,0,B1_STRUCTURED_PROMPT_LLM,2,deepseek-v4-flash,e619e3052808c6d76bc304b5e81b1ec3647d985d426005bfff9977b90329b31f,evidence_pack_e619e3052808c6d76bc304b5,stage6b_presentation_policy_v1_candidate,forward_attention,deepseek,"[""realization_unit_037e6c38add436f8df29f295"", ""realization_unit_0654bc528fcf98f1059aa261"", ""realization_unit_276c93ecf4405cbe539d12e0"", ""realization_unit_2bbbbb25281d33ea2fe03d7b"", ""realization_unit_44b00f2a4325cf24059c4123"", ""realization_unit_47808da4dcc38d3ea3353d3c"", ""realization_unit_5aafad0717c8195a4f51b3ad"", ""realization_unit_5b741fb6946f6d3427419cc7"", ""realization_unit_69f79edec42cd24538699a38"", ""realization_unit_89202661a6801cf12b4b7954"", ""realization_unit_a04597c49e00417dc2b85d6a"", ""realization_unit_a5a583e802ab04fcdbaf23ae"", ""realization_unit_c6f4373dd7d758a5dd0f5623"", ""realization_unit_caa85fe4fcc98b8d905c6ace"", ""realization_unit_d080162d55cb85a716557148"", ""realization_unit_d371cd2c3efc91087ff80490"", ""realization_unit_fa8593bb13b0130506151071""]",none,31146298d4e3d5d3bc60028ad8a502df0c921be717ed037ba2fea7238fd4abe5,2,8,"{""cell_id"": null, ""claim_type"": null, ""product_type"": ""forward_attention"", ""state_role"": null, ""valid_date"": ""2023-11-17""}",0.0,1.0,2023-11-17
stage7_main_task_003,stage7b_execution_item_dd88641ac5bcdb7bcef78dc8,4096,0,B0_DIRECT_LLM,0,deepseek-v4-flash,8a10c8d34e0c6c1a3ffa7515dc7b1de7c0e53823e0488989cff8872a4df746ca,evidence_pack_8a10c8d34e0c6c1a3ffa7515,stage6b_presentation_policy_v1_candidate,daily_review,deepseek,"[""realization_unit_06d5ddc993559c18e00f8496"", ""realization_unit_1b56b67180d9cfcd111841a1"", ""realization_unit_1b820ebda4405b02fdf7b4e3"", ""realization_unit_6ff925f6a80a3e6307b4a78c"", ""realization_unit_76fdb0cde563d704a713dac2"", ""realization_unit_829b3aefb4d8378d1f1b1ffc"", ""realization_unit_8c0693b20be5d93ffbacb3f1"", ""realization_unit_8dedac13bf90ab98ba1156c5"", ""realization_unit_97e84a8d3b216709458afd08"", ""realization_unit_a39ab13b9d60191111b5cbf8"", ""realization_unit_af6856717ee1163834ee0b87"", ""realization_unit_b5183380296557003f374d52"", ""realization_unit_bf30973d7c69712ed91e2625"", ""realization_unit_c314a2102ccfffe927cc01df"", ""realization_unit_d4c259621c7844118f66bfaa"", ""realization_unit_ddba8d0fad914c947c5e52a2"", ""realization_unit_edf41cf04eb7f56c7913fdd5"", ""realization_unit_f8f07c3110b42894e846fe84"", ""realization_unit_ff8e62b0645ebf3fc468081c"", ""realization_unit_ff9b0371d12c452437a01378""]",none,f0a0b201806f230c4bfbefd2ce58a079a29df2025fed76c89424909cd1823b59,0,9,"{""cell_id"": ""cell_1843a9337ceb7ea09519935e"", ""claim_type"": null, ""product_type"": ""daily_review"", ""state_role"": null, ""valid_date"": ""2023-10-02""}",0.0,1.0,2023-10-02
stage7_main_task_003,stage7b_execution_item_7caad119e5717ed869b3a530,4096,0,B1_STRUCTURED_PROMPT_LLM,1,deepseek-v4-flash,8a10c8d34e0c6c1a3ffa7515dc7b1de7c0e53823e0488989cff8872a4df746ca,evidence_pack_8a10c8d34e0c6c1a3ffa7515,stage6b_presentation_policy_v1_candidate,daily_review,deepseek,"[""realization_unit_06d5ddc993559c18e00f8496"", ""realization_unit_1b56b67180d9cfcd111841a1"", ""realization_unit_1b820ebda4405b02fdf7b4e3"", ""realization_unit_6ff925f6a80a3e6307b4a78c"", ""realization_unit_76fdb0cde563d704a713dac2"", ""realization_unit_829b3aefb4d8378d1f1b1ffc"", ""realization_unit_8c0693b20be5d93ffbacb3f1"", ""realization_unit_8dedac13bf90ab98ba1156c5"", ""realization_unit_97e84a8d3b216709458afd08"", ""realization_unit_a39ab13b9d60191111b5cbf8"", ""realization_unit_af6856717ee1163834ee0b87"", ""realization_unit_b5183380296557003f374d52"", ""realization_unit_bf30973d7c69712ed91e2625"", ""realization_unit_c314a2102ccfffe927cc01df"", ""realization_unit_d4c259621c7844118f66bfaa"", ""realization_unit_ddba8d0fad914c947c5e52a2"", ""realization_unit_edf41cf04eb7f56c7913fdd5"", ""realization_unit_f8f07c3110b42894e846fe84"", ""realization_unit_ff8e62b0645ebf3fc468081c"", ""realization_unit_ff9b0371d12c452437a01378""]",none,2b638acfd9a472ce611258a7062347245f55f2238ac5e99cb63b6385d7979983,0,10,"{""cell_id"": ""cell_1843a9337ceb7ea09519935e"", ""claim_type"": null, ""product_type"": ""daily_review"", ""state_role"": null, ""valid_date"": ""2023-10-02""}",0.0,1.0,2023-10-02
stage7_main_task_003,stage7b_execution_item_10d85e37cc49bc3f9b774293,4096,0,P_PROPOSED,2,deepseek-v4-flash,28deb42f583ee3ded47000f86f07d9d62173db005f414700e376988a67da11d1,evidence_pack_28deb42f583ee3ded47000f8,stage6b_presentation_policy_v1_candidate,daily_review,deepseek,"[""realization_unit_06d5ddc993559c18e00f8496"", ""realization_unit_1b56b67180d9cfcd111841a1"", ""realization_unit_1b820ebda4405b02fdf7b4e3"", ""realization_unit_6ff925f6a80a3e6307b4a78c"", ""realization_unit_76fdb0cde563d704a713dac2"", ""realization_unit_829b3aefb4d8378d1f1b1ffc"", ""realization_unit_8c0693b20be5d93ffbacb3f1"", ""realization_unit_8dedac13bf90ab98ba1156c5"", ""realization_unit_97e84a8d3b216709458afd08"", ""realization_unit_a39ab13b9d60191111b5cbf8"", ""realization_unit_af6856717ee1163834ee0b87"", ""realization_unit_b5183380296557003f374d52"", ""realization_unit_bf30973d7c69712ed91e2625"", ""realization_unit_c314a2102ccfffe927cc01df"", ""realization_unit_d4c259621c7844118f66bfaa"", ""realization_unit_ddba8d0fad914c947c5e52a2"", ""realization_unit_edf41cf04eb7f56c7913fdd5"", ""realization_unit_f8f07c3110b42894e846fe84"", ""realization_unit_ff8e62b0645ebf3fc468081c"", ""realization_unit_ff9b0371d12c452437a01378""]",none,6cd40d10f5899a091cf51d32682433f30d1447a16724c74275ed00168364762c,0,11,"{""cell_id"": ""cell_1843a9337ceb7ea09519935e"", ""claim_type"": null, ""product_type"": ""daily_review"", ""state_role"": null, ""valid_date"": ""2023-10-02""}",0.0,1.0,2023-10-02
stage7_main_task_004,stage7b_execution_item_0c64a68c21c3e37d1eb64a14,4096,0,B1_STRUCTURED_PROMPT_LLM,0,deepseek-v4-flash,46b5cdcf5ab58a826e805f9c01fc3ac6511ff7ab9d5668fa9369383bd8bfc64f,evidence_pack_46b5cdcf5ab58a826e805f9c,stage6b_presentation_policy_v1_candidate,forward_attention,deepseek,"[""realization_unit_0770c3629525ce3308e42a7d"", ""realization_unit_1803b969cf3b735b55b369bd"", ""realization_unit_19d02238a42d89def7236ac8"", ""realization_unit_2204baf332c765f3c2732ac5"", ""realization_unit_227cd7e44f6c8e9811026646"", ""realization_unit_2678608ab7315bcd3f4baa1c"", ""realization_unit_268a80ef02c31b34eb848e87"", ""realization_unit_35774e9d755b49613f0adb07"", ""realization_unit_39abaface9f2014028b0b79c"", ""realization_unit_400b455ac4fd00fccc8985ad"", ""realization_unit_41a847be8e4d5546b21daa26"", ""realization_unit_560c5fb44a763116c564100f"", ""realization_unit_5c2ddeb80ed474dc469ef905"", ""realization_unit_5f78610ed73513dc9ed96358"", ""realization_unit_627935b9d7b8ac2c065df4c7"", ""realization_unit_855db55b3146fe17514e6e31"", ""realization_unit_856dc44906604e15ae432938"", ""realization_unit_90037438985b5dc28d83a0a8"", ""realization_unit_922232565cb32dda59d0b95e"", ""realization_unit_9f0defda57dd8d96cea154d2"", ""realization_unit_a520c18cdfd8a16cc9c7b176"", ""realization_unit_beff3a9fde0ab6c8edfc1afd"", ""realization_unit_c0d11764320fe30cf15f4ed3"", ""realization_unit_cafe6ac458384b99edcb3ede"", ""realization_unit_cb5d6168766795a5539103c2"", ""realization_unit_d2c1941d5b25051affff1b67"", ""realization_unit_d7db38c4d2978c0c5f00f756"", ""realization_unit_dd62749ec46e7fbcd265b713"", ""realization_unit_e77d4b5aaf9b4e5ec6aeaf5d""]",none,98e95d8b8669c4e3d98d2b6151d3a0a4d44cbeed5a00aa9a02211456446ea896,1,12,"{""cell_id"": ""cell_24b399ee6cea6a9d1d537cd9"", ""claim_type"": null, ""product_type"": ""forward_attention"", ""state_role"": null, ""valid_date"": ""2023-12-20""}",0.0,1.0,2023-12-20
stage7_main_task_004,stage7b_execution_item_c7cb02d9316ce659053665ab,4096,0,P_PROPOSED,1,deepseek-v4-flash,adfaa86a95cfa567e0bb52f63ca96c08b8dad09f047673d4792f171bab8f90e7,evidence_pack_adfaa86a95cfa567e0bb52f6,stage6b_presentation_policy_v1_candidate,forward_attention,deepseek,"[""realization_unit_0770c3629525ce3308e42a7d"", ""realization_unit_1803b969cf3b735b55b369bd"", ""realization_unit_19d02238a42d89def7236ac8"", ""realization_unit_2204baf332c765f3c2732ac5"", ""realization_unit_227cd7e44f6c8e9811026646"", ""realization_unit_2678608ab7315bcd3f4baa1c"", ""realization_unit_268a80ef02c31b34eb848e87"", ""realization_unit_35774e9d755b49613f0adb07"", ""realization_unit_39abaface9f2014028b0b79c"", ""realization_unit_400b455ac4fd00fccc8985ad"", ""realization_unit_41a847be8e4d5546b21daa26"", ""realization_unit_560c5fb44a763116c564100f"", ""realization_unit_5c2ddeb80ed474dc469ef905"", ""realization_unit_5f78610ed73513dc9ed96358"", ""realization_unit_627935b9d7b8ac2c065df4c7"", ""realization_unit_855db55b3146fe17514e6e31"", ""realization_unit_856dc44906604e15ae432938"", ""realization_unit_90037438985b5dc28d83a0a8"", ""realization_unit_922232565cb32dda59d0b95e"", ""realization_unit_9f0defda57dd8d96cea154d2"", ""realization_unit_a520c18cdfd8a16cc9c7b176"", ""realization_unit_beff3a9fde0ab6c8edfc1afd"", ""realization_unit_c0d11764320fe30cf15f4ed3"", ""realization_unit_cafe6ac458384b99edcb3ede"", ""realization_unit_cb5d6168766795a5539103c2"", ""realization_unit_d2c1941d5b25051affff1b67"", ""realization_unit_d7db38c4d2978c0c5f00f756"", ""realization_unit_dd62749ec46e7fbcd265b713"", ""realization_unit_e77d4b5aaf9b4e5ec6aeaf5d""]",none,34d896f37d9f7a4f5791af12bb9c651c27c427d22e1af73cab1f39fc24c4508f,1,13,"{""cell_id"": ""cell_24b399ee6cea6a9d1d537cd9"", ""claim_type"": null, ""product_type"": ""forward_attention"", ""state_role"": null, ""valid_date"": ""2023-12-20""}",0.0,1.0,2023-12-20
stage7_main_task_004,stage7b_execution_item_0d706878e6870a6017ab3679,4096,0,B0_DIRECT_LLM,2,deepseek-v4-flash,46b5cdcf5ab58a826e805f9c01fc3ac6511ff7ab9d5668fa9369383bd8bfc64f,evidence_pack_46b5cdcf5ab58a826e805f9c,stage6b_presentation_policy_v1_candidate,forward_attention,deepseek,"[""realization_unit_0770c3629525ce3308e42a7d"", ""realization_unit_1803b969cf3b735b55b369bd"", ""realization_unit_19d02238a42d89def7236ac8"", ""realization_unit_2204baf332c765f3c2732ac5"", ""realization_unit_227cd7e44f6c8e9811026646"", ""realization_unit_2678608ab7315bcd3f4baa1c"", ""realization_unit_268a80ef02c31b34eb848e87"", ""realization_unit_35774e9d755b49613f0adb07"", ""realization_unit_39abaface9f2014028b0b79c"", ""realization_unit_400b455ac4fd00fccc8985ad"", ""realization_unit_41a847be8e4d5546b21daa26"", ""realization_unit_560c5fb44a763116c564100f"", ""realization_unit_5c2ddeb80ed474dc469ef905"", ""realization_unit_5f78610ed73513dc9ed96358"", ""realization_unit_627935b9d7b8ac2c065df4c7"", ""realization_unit_855db55b3146fe17514e6e31"", ""realization_unit_856dc44906604e15ae432938"", ""realization_unit_90037438985b5dc28d83a0a8"", ""realization_unit_922232565cb32dda59d0b95e"", ""realization_unit_9f0defda57dd8d96cea154d2"", ""realization_unit_a520c18cdfd8a16cc9c7b176"", ""realization_unit_beff3a9fde0ab6c8edfc1afd"", ""realization_unit_c0d11764320fe30cf15f4ed3"", ""realization_unit_cafe6ac458384b99edcb3ede"", ""realization_unit_cb5d6168766795a5539103c2"", ""realization_unit_d2c1941d5b25051affff1b67"", ""realization_unit_d7db38c4d2978c0c5f00f756"", ""realization_unit_dd62749ec46e7fbcd265b713"", ""realization_unit_e77d4b5aaf9b4e5ec6aeaf5d""]",none,97328cb04b8d1417416f76b24e55e27ea85369dc68d4709bc3410a5603e48161,1,14,"{""cell_id"": ""cell_24b399ee6cea6a9d1d537cd9"", ""claim_type"": null, ""product_type"": ""forward_attention"", ""state_role"": null, ""valid_date"": ""2023-12-20""}",0.0,1.0,2023-12-20
stage7_main_task_005,stage7b_execution_item_a20f5d76686b8b69c500181e,4096,0,P_PROPOSED,0,deepseek-v4-flash,36060fe6479e082cecc3e34245b622aa5a14ed7ecfa005e9379e94de5b5be5e1,evidence_pack_36060fe6479e082cecc3e342,stage6b_presentation_policy_v1_candidate,metric_review,deepseek,"[""realization_unit_1e6a9a5dfcc4cd6fcb72bd27"", ""realization_unit_a148f6fe56f8f6692ddf87c5"", ""realization_unit_c0c40a500ea775157a1abf84""]",none,cd8f6cc2ca07e87361133bc215ac28e9d8d948a2fb726f1670e970995aea5322,2,15,"{""cell_id"": ""cell_759e1199e2f480da6470348f"", ""claim_type"": null, ""product_type"": ""metric_review"", ""state_role"": null, ""valid_date"": ""2023-09-28""}",0.0,1.0,2023-09-28
stage7_main_task_005,stage7b_execution_item_a4179284b2c4779303e23233,4096,0,B0_DIRECT_LLM,1,deepseek-v4-flash,13716c2d9d35d0f11f0fcab9e28f578c4341a6f47b15e991777258eae5f0a0bf,evidence_pack_13716c2d9d35d0f11f0fcab9,stage6b_presentation_policy_v1_candidate,metric_review,deepseek,"[""realization_unit_1e6a9a5dfcc4cd6fcb72bd27"", ""realization_unit_a148f6fe56f8f6692ddf87c5"", ""realization_unit_c0c40a500ea775157a1abf84""]",none,c961a78a5b62bf3ee96dd54981392f80e25b42c2ccd928c479cdaba8d6f28674,2,16,"{""cell_id"": ""cell_759e1199e2f480da6470348f"", ""claim_type"": null, ""product_type"": ""metric_review"", ""state_role"": null, ""valid_date"": ""2023-09-28""}",0.0,1.0,2023-09-28
stage7_main_task_005,stage7b_execution_item_d4668bc392b9baf211c66d6a,4096,0,B1_STRUCTURED_PROMPT_LLM,2,deepseek-v4-flash,13716c2d9d35d0f11f0fcab9e28f578c4341a6f47b15e991777258eae5f0a0bf,evidence_pack_13716c2d9d35d0f11f0fcab9,stage6b_presentation_policy_v1_candidate,metric_review,deepseek,"[""realization_unit_1e6a9a5dfcc4cd6fcb72bd27"", ""realization_unit_a148f6fe56f8f6692ddf87c5"", ""realization_unit_c0c40a500ea775157a1abf84""]",none,21c3d30fe15beba484c9d1983814d3d58b0aeecc9597b452574be9509a13d9b9,2,17,"{""cell_id"": ""cell_759e1199e2f480da6470348f"", ""claim_type"": null, ""product_type"": ""metric_review"", ""state_role"": null, ""valid_date"": ""2023-09-28""}",0.0,1.0,2023-09-28
stage7_main_task_006,stage7b_execution_item_baf13c189ad75c031427bc17,4096,0,B0_DIRECT_LLM,0,deepseek-v4-flash,97ac81f5087ac0708be81630c6ddf1c6ef2f9d397d339c305547a0e24c0c86ad,evidence_pack_97ac81f5087ac0708be81630,stage6b_presentation_policy_v1_candidate,all,deepseek,"[""realization_unit_015c4fd5f48ac923b97bb427"", ""realization_unit_0b4ccc1eb6d6b8bad6d9b79d"", ""realization_unit_4ddff3dca0c080b28cb472b1"", ""realization_unit_5bb1a06a0dc3b42982402386"", ""realization_unit_712f0adb7c4de7a794d8d36e"", ""realization_unit_7cc8a0792bf51bac357f6a8c"", ""realization_unit_81c1aaa49f0286ed34eb8fa3"", ""realization_unit_8efedf5dc622177fd33e2ce1"", ""realization_unit_9f351268f6c8f1c5115ca595""]",none,6c955900071bfb1555c879b8b348260938cf77371dd9a18c5fde78c38d35d948,0,18,"{""cell_id"": ""cell_2a26eb473c9d5c29f1fb18e5"", ""claim_type"": null, ""product_type"": ""all"", ""state_role"": null, ""valid_date"": ""2023-10-28""}",0.0,1.0,2023-10-28
stage7_main_task_006,stage7b_execution_item_d522d770ad95632dc266e879,4096,0,B1_STRUCTURED_PROMPT_LLM,1,deepseek-v4-flash,97ac81f5087ac0708be81630c6ddf1c6ef2f9d397d339c305547a0e24c0c86ad,evidence_pack_97ac81f5087ac0708be81630,stage6b_presentation_policy_v1_candidate,all,deepseek,"[""realization_unit_015c4fd5f48ac923b97bb427"", ""realization_unit_0b4ccc1eb6d6b8bad6d9b79d"", ""realization_unit_4ddff3dca0c080b28cb472b1"", ""realization_unit_5bb1a06a0dc3b42982402386"", ""realization_unit_712f0adb7c4de7a794d8d36e"", ""realization_unit_7cc8a0792bf51bac357f6a8c"", ""realization_unit_81c1aaa49f0286ed34eb8fa3"", ""realization_unit_8efedf5dc622177fd33e2ce1"", ""realization_unit_9f351268f6c8f1c5115ca595""]",none,783953189132e39a646de0361ab77ece85cc90a100b5d3ecd209574795222d2a,0,19,"{""cell_id"": ""cell_2a26eb473c9d5c29f1fb18e5"", ""claim_type"": null, ""product_type"": ""all"", ""state_role"": null, ""valid_date"": ""2023-10-28""}",0.0,1.0,2023-10-28
stage7_main_task_006,stage7b_execution_item_f3e8f347f726279d276f338b,4096,0,P_PROPOSED,2,deepseek-v4-flash,13098468488f3c917e5af653136f8f19906ffc0d3e5e0512142801ac5ac6811a,evidence_pack_13098468488f3c917e5af653,stage6b_presentation_policy_v1_candidate,all,deepseek,"[""realization_unit_015c4fd5f48ac923b97bb427"", ""realization_unit_0b4ccc1eb6d6b8bad6d9b79d"", ""realization_unit_4ddff3dca0c080b28cb472b1"", ""realization_unit_5bb1a06a0dc3b42982402386"", ""realization_unit_712f0adb7c4de7a794d8d36e"", ""realization_unit_7cc8a0792bf51bac357f6a8c"", ""realization_unit_81c1aaa49f0286ed34eb8fa3"", ""realization_unit_8efedf5dc622177fd33e2ce1"", ""realization_unit_9f351268f6c8f1c5115ca595""]",none,b79fd19474d4016fa61768131c6746d3db503584e1768a095cb264bfefbeadd3,0,20,"{""cell_id"": ""cell_2a26eb473c9d5c29f1fb18e5"", ""claim_type"": null, ""product_type"": ""all"", ""state_role"": null, ""valid_date"": ""2023-10-28""}",0.0,1.0,2023-10-28
stage7_main_task_007,stage7b_execution_item_9b7953e762f660a3fe14cec8,4096,0,B1_STRUCTURED_PROMPT_LLM,0,deepseek-v4-flash,d98f5fc7c10451cab9537fdcd140b5b77b63132f9a98b93d3e19d485ec5cc280,evidence_pack_d98f5fc7c10451cab9537fdc,stage6b_presentation_policy_v1_candidate,metric_review,deepseek,"[""realization_unit_9adad4ed792fd69849a7cec6""]",none,4512c14becaefe8ec802552b4d584b78fc76e86807ea4404bd7862a241392387,1,21,"{""cell_id"": ""cell_cdc5039d5b825fe6a11681a2"", ""claim_type"": null, ""product_type"": ""metric_review"", ""state_role"": null, ""valid_date"": ""2023-12-29""}",0.0,1.0,2023-12-29
stage7_main_task_007,stage7b_execution_item_841d0839944b3ddc8d8079c5,4096,0,P_PROPOSED,1,deepseek-v4-flash,75fbca5fffce14c780ea4835333248120ddfdf6a8023a5a0f959289c50db30d6,evidence_pack_75fbca5fffce14c780ea4835,stage6b_presentation_policy_v1_candidate,metric_review,deepseek,"[""realization_unit_9adad4ed792fd69849a7cec6""]",none,7775cf06641b416016ca11529c8a9792e5fcaeb74871e48a94ef09799cb3a36a,1,22,"{""cell_id"": ""cell_cdc5039d5b825fe6a11681a2"", ""claim_type"": null, ""product_type"": ""metric_review"", ""state_role"": null, ""valid_date"": ""2023-12-29""}",0.0,1.0,2023-12-29
stage7_main_task_007,stage7b_execution_item_bc6d4e14fb0b6449d245ee31,4096,0,B0_DIRECT_LLM,2,deepseek-v4-flash,d98f5fc7c10451cab9537fdcd140b5b77b63132f9a98b93d3e19d485ec5cc280,evidence_pack_d98f5fc7c10451cab9537fdc,stage6b_presentation_policy_v1_candidate,metric_review,deepseek,"[""realization_unit_9adad4ed792fd69849a7cec6""]",none,745dd83185df398de45e9fc421360fb429a49a8b139f659d9e7a27cd418fc763,1,23,"{""cell_id"": ""cell_cdc5039d5b825fe6a11681a2"", ""claim_type"": null, ""product_type"": ""metric_review"", ""state_role"": null, ""valid_date"": ""2023-12-29""}",0.0,1.0,2023-12-29
stage7_main_task_008,stage7b_execution_item_e000b3847b0c1fdc92080252,4096,0,P_PROPOSED,0,deepseek-v4-flash,a4eeb0b5f45806c56ebb42f94a5ea9342501fe7163fc9b584d679a0e367cd146,evidence_pack_a4eeb0b5f45806c56ebb42f9,stage6b_presentation_policy_v1_candidate,daily_review,deepseek,"[""realization_unit_234cc5696b7c8814cdf74ec2"", ""realization_unit_3743e36b49d936f1f9001607"", ""realization_unit_436236ddeadf1843d3b02643"", ""realization_unit_43d04427173f319402856fff"", ""realization_unit_529bd1cf6ab18e4bfc8af177"", ""realization_unit_66b29205b01b874f70969ddb"", ""realization_unit_8558d13b09e8ca686ced7a86"", ""realization_unit_a86a79beeb648164ebbff98b"", ""realization_unit_cba85fb1de861165531cd3d3""]",none,e1d8c730a21c79f6fa782b00b1aceb216ad5c529aaf688c44b591591e4927f9e,2,24,"{""cell_id"": ""cell_e6909af68ebeb6da8c963bf6"", ""claim_type"": null, ""product_type"": ""daily_review"", ""state_role"": null, ""valid_date"": ""2023-11-13""}",0.0,1.0,2023-11-13
stage7_main_task_008,stage7b_execution_item_1e0e316a96f36b624597e66a,4096,0,B0_DIRECT_LLM,1,deepseek-v4-flash,a86a81885fb4ca77eb464b9a9cd652696c5eda20e68d38df099878e12d33d67c,evidence_pack_a86a81885fb4ca77eb464b9a,stage6b_presentation_policy_v1_candidate,daily_review,deepseek,"[""realization_unit_234cc5696b7c8814cdf74ec2"", ""realization_unit_3743e36b49d936f1f9001607"", ""realization_unit_436236ddeadf1843d3b02643"", ""realization_unit_43d04427173f319402856fff"", ""realization_unit_529bd1cf6ab18e4bfc8af177"", ""realization_unit_66b29205b01b874f70969ddb"", ""realization_unit_8558d13b09e8ca686ced7a86"", ""realization_unit_a86a79beeb648164ebbff98b"", ""realization_unit_cba85fb1de861165531cd3d3""]",none,34c0da9efaa0ed35ed87953654ab61b1f6a60bfd3fe86950ddcce397fd9444af,2,25,"{""cell_id"": ""cell_e6909af68ebeb6da8c963bf6"", ""claim_type"": null, ""product_type"": ""daily_review"", ""state_role"": null, ""valid_date"": ""2023-11-13""}",0.0,1.0,2023-11-13
stage7_main_task_008,stage7b_execution_item_d8a5240206be9c093e7d0155,4096,0,B1_STRUCTURED_PROMPT_LLM,2,deepseek-v4-flash,a86a81885fb4ca77eb464b9a9cd652696c5eda20e68d38df099878e12d33d67c,evidence_pack_a86a81885fb4ca77eb464b9a,stage6b_presentation_policy_v1_candidate,daily_review,deepseek,"[""realization_unit_234cc5696b7c8814cdf74ec2"", ""realization_unit_3743e36b49d936f1f9001607"", ""realization_unit_436236ddeadf1843d3b02643"", ""realization_unit_43d04427173f319402856fff"", ""realization_unit_529bd1cf6ab18e4bfc8af177"", ""realization_unit_66b29205b01b874f70969ddb"", ""realization_unit_8558d13b09e8ca686ced7a86"", ""realization_unit_a86a79beeb648164ebbff98b"", ""realization_unit_cba85fb1de861165531cd3d3""]",none,d5b00a5005f916c2578d79965a0dd40e69fc18f202ec2f1719c93ef51f3e00ac,2,26,"{""cell_id"": ""cell_e6909af68ebeb6da8c963bf6"", ""claim_type"": null, ""product_type"": ""daily_review"", ""state_role"": null, ""valid_date"": ""2023-11-13""}",0.0,1.0,2023-11-13
stage7_main_task_009,stage7b_execution_item_5a7ae74158e474689ab7f6f3,4096,0,B0_DIRECT_LLM,0,deepseek-v4-flash,4f20b47a1e2eccaf5bcb0f7b19cb621f3c7c998ad7ee8a7a217ebf8bf979497d,evidence_pack_4f20b47a1e2eccaf5bcb0f7b,stage6b_presentation_policy_v1_candidate,forward_attention,deepseek,"[""realization_unit_26e292d726f7b8618d9bd319"", ""realization_unit_4d986d8ba5b79c9f96e815fd"", ""realization_unit_63c99140e808a6130dc3f0df"", ""realization_unit_84c8ecf7320c69016f70048e"", ""realization_unit_ba624fa2d9c95ef5892101ec"", ""realization_unit_cda78bb7fbb8f873f8831afd"", ""realization_unit_d0ba72e7221ce893c6167b9d"", ""realization_unit_e6d3f8ba28dd9a0319511011"", ""realization_unit_ec59556661efced7569b5132""]",none,d663586890d282e5a4a78e8aab2da4bdf7365ab5bbad89fadbb3e13610c2af3b,0,27,"{""cell_id"": ""cell_74760c064abb487c9a1b536d"", ""claim_type"": null, ""product_type"": ""forward_attention"", ""state_role"": null, ""valid_date"": ""2023-11-18""}",0.0,1.0,2023-11-18
stage7_main_task_009,stage7b_execution_item_343bb51fb03345cc5397faff,4096,0,B1_STRUCTURED_PROMPT_LLM,1,deepseek-v4-flash,4f20b47a1e2eccaf5bcb0f7b19cb621f3c7c998ad7ee8a7a217ebf8bf979497d,evidence_pack_4f20b47a1e2eccaf5bcb0f7b,stage6b_presentation_policy_v1_candidate,forward_attention,deepseek,"[""realization_unit_26e292d726f7b8618d9bd319"", ""realization_unit_4d986d8ba5b79c9f96e815fd"", ""realization_unit_63c99140e808a6130dc3f0df"", ""realization_unit_84c8ecf7320c69016f70048e"", ""realization_unit_ba624fa2d9c95ef5892101ec"", ""realization_unit_cda78bb7fbb8f873f8831afd"", ""realization_unit_d0ba72e7221ce893c6167b9d"", ""realization_unit_e6d3f8ba28dd9a0319511011"", ""realization_unit_ec59556661efced7569b5132""]",none,eb416c6d57f8c53945eb34b5cc99204b4a3cef415528401e6cd860bfebcb08c2,0,28,"{""cell_id"": ""cell_74760c064abb487c9a1b536d"", ""claim_type"": null, ""product_type"": ""forward_attention"", ""state_role"": null, ""valid_date"": ""2023-11-18""}",0.0,1.0,2023-11-18
stage7_main_task_009,stage7b_execution_item_665eadb2ef002ab2bb39add5,4096,0,P_PROPOSED,2,deepseek-v4-flash,676b41bbd7127850672e4543a2a1e60af79a9e7a30b784eb4195261cd008039f,evidence_pack_676b41bbd7127850672e4543,stage6b_presentation_policy_v1_candidate,forward_attention,deepseek,"[""realization_unit_26e292d726f7b8618d9bd319"", ""realization_unit_4d986d8ba5b79c9f96e815fd"", ""realization_unit_63c99140e808a6130dc3f0df"", ""realization_unit_84c8ecf7320c69016f70048e"", ""realization_unit_ba624fa2d9c95ef5892101ec"", ""realization_unit_cda78bb7fbb8f873f8831afd"", ""realization_unit_d0ba72e7221ce893c6167b9d"", ""realization_unit_e6d3f8ba28dd9a0319511011"", ""realization_unit_ec59556661efced7569b5132""]",none,2c6f381b756413a08eb2229ef5510bb92ee1fc40e014d4c78eb2d1aa51b1e209,0,29,"{""cell_id"": ""cell_74760c064abb487c9a1b536d"", ""claim_type"": null, ""product_type"": ""forward_attention"", ""state_role"": null, ""valid_date"": ""2023-11-18""}",0.0,1.0,2023-11-18
stage7_main_task_010,stage7b_execution_item_265626598d194cb1b00c29c2,4096,0,B1_STRUCTURED_PROMPT_LLM,0,deepseek-v4-flash,b85dfa697d16d14936c648bce54b288e2b371d5f5d3e26da4de55ae837d9da44,evidence_pack_b85dfa697d16d14936c648bc,stage6b_presentation_policy_v1_candidate,forward_attention,deepseek,"[""realization_unit_0d08d18936a425b7b13ef9ac"", ""realization_unit_1c92104ac2e8a4f3a68756b6"", ""realization_unit_220208800f7a08cb5fcc668c"", ""realization_unit_26c6dfd61d3b2f8e82f87a20"", ""realization_unit_287705de62c8399013219c28"", ""realization_unit_3f3147fc295a9843f097caa9"", ""realization_unit_4c4649f6d478216714beb1ed"", ""realization_unit_5e123f0b5ff7114bc3f363ce"", ""realization_unit_79a731fece0eb79204546788"", ""realization_unit_79e6d2ac1daeeb78b8073f40"", ""realization_unit_81a945a19f73fcfca5e24f96"", ""realization_unit_905514a5a665d411ac8e6881"", ""realization_unit_98dff4c8bc0a19a54fd19088"", ""realization_unit_9970fedaffa1586484f61cf4"", ""realization_unit_a48588c18fd3fbdfd2a32449"", ""realization_unit_b1f3ece509a61c0bf42402ad"", ""realization_unit_e29438e6e33f331f2c966565"", ""realization_unit_e6c26db3ad62c4a658aa2d8f"", ""realization_unit_ed56d302da888bac2a594cd9""]",none,13131e5fc6dc08d7b4ac2004c5c21204d1bdf019b6c80b8724994ec8fea21aec,1,30,"{""cell_id"": null, ""claim_type"": null, ""product_type"": ""forward_attention"", ""state_role"": null, ""valid_date"": ""2023-12-09""}",0.0,1.0,2023-12-09
stage7_main_task_010,stage7b_execution_item_dba5eda0395cf736a700804d,4096,0,P_PROPOSED,1,deepseek-v4-flash,31e2f4c3e66ecfaccd0071b266b62ed345b25feff3958269a56d858641541e33,evidence_pack_31e2f4c3e66ecfaccd0071b2,stage6b_presentation_policy_v1_candidate,forward_attention,deepseek,"[""realization_unit_0d08d18936a425b7b13ef9ac"", ""realization_unit_1c92104ac2e8a4f3a68756b6"", ""realization_unit_220208800f7a08cb5fcc668c"", ""realization_unit_26c6dfd61d3b2f8e82f87a20"", ""realization_unit_287705de62c8399013219c28"", ""realization_unit_3f3147fc295a9843f097caa9"", ""realization_unit_4c4649f6d478216714beb1ed"", ""realization_unit_5e123f0b5ff7114bc3f363ce"", ""realization_unit_79a731fece0eb79204546788"", ""realization_unit_79e6d2ac1daeeb78b8073f40"", ""realization_unit_81a945a19f73fcfca5e24f96"", ""realization_unit_905514a5a665d411ac8e6881"", ""realization_unit_98dff4c8bc0a19a54fd19088"", ""realization_unit_9970fedaffa1586484f61cf4"", ""realization_unit_a48588c18fd3fbdfd2a32449"", ""realization_unit_b1f3ece509a61c0bf42402ad"", ""realization_unit_e29438e6e33f331f2c966565"", ""realization_unit_e6c26db3ad62c4a658aa2d8f"", ""realization_unit_ed56d302da888bac2a594cd9""]",none,99058145a55cf889dfb328bb0156fe5c907da95774ef2e50afe6f87a75648144,1,31,"{""cell_id"": null, ""claim_type"": null, ""product_type"": ""forward_attention"", ""state_role"": null, ""valid_date"": ""2023-12-09""}",0.0,1.0,2023-12-09
stage7_main_task_010,stage7b_execution_item_a75e1e10cefcf6e1f3ac2bc5,4096,0,B0_DIRECT_LLM,2,deepseek-v4-flash,b85dfa697d16d14936c648bce54b288e2b371d5f5d3e26da4de55ae837d9da44,evidence_pack_b85dfa697d16d14936c648bc,stage6b_presentation_policy_v1_candidate,forward_attention,deepseek,"[""realization_unit_0d08d18936a425b7b13ef9ac"", ""realization_unit_1c92104ac2e8a4f3a68756b6"", ""realization_unit_220208800f7a08cb5fcc668c"", ""realization_unit_26c6dfd61d3b2f8e82f87a20"", ""realization_unit_287705de62c8399013219c28"", ""realization_unit_3f3147fc295a9843f097caa9"", ""realization_unit_4c4649f6d478216714beb1ed"", ""realization_unit_5e123f0b5ff7114bc3f363ce"", ""realization_unit_79a731fece0eb79204546788"", ""realization_unit_79e6d2ac1daeeb78b8073f40"", ""realization_unit_81a945a19f73fcfca5e24f96"", ""realization_unit_905514a5a665d411ac8e6881"", ""realization_unit_98dff4c8bc0a19a54fd19088"", ""realization_unit_9970fedaffa1586484f61cf4"", ""realization_unit_a48588c18fd3fbdfd2a32449"", ""realization_unit_b1f3ece509a61c0bf42402ad"", ""realization_unit_e29438e6e33f331f2c966565"", ""realization_unit_e6c26db3ad62c4a658aa2d8f"", ""realization_unit_ed56d302da888bac2a594cd9""]",none,5b515e14b0eb73c49943037496d00cd8b80b2e1a5b7e464249bd1454aade44bd,1,32,"{""cell_id"": null, ""claim_type"": null, ""product_type"": ""forward_attention"", ""state_role"": null, ""valid_date"": ""2023-12-09""}",0.0,1.0,2023-12-09
stage7_main_task_011,stage7b_execution_item_ab85c5ad6f7b8c11e5357980,4096,0,P_PROPOSED,0,deepseek-v4-flash,1efc43f4f1843f2277456d965e1f4734bc595964c878a4311cebb79f1c4de62e,evidence_pack_1efc43f4f1843f2277456d96,stage6b_presentation_policy_v1_candidate,all,deepseek,"[""realization_unit_043775e70016dbe275ac79ce"", ""realization_unit_06d36efe0e01622048052430"", ""realization_unit_0a6de4412af06f2b5844b882"", ""realization_unit_1293026b733aa707338755f9"", ""realization_unit_1423b52b5126a0ca0a6e744f"", ""realization_unit_157d8cda1fb8f2540ff8b299"", ""realization_unit_1c291e85510ff174efb5633f"", ""realization_unit_235d7699a2b7ccc898689d56"", ""realization_unit_239c54ea51a96cbfaa5221a0"", ""realization_unit_242b6fd8185f291d51181c1d"", ""realization_unit_26d808d9356dee0c80306051"", ""realization_unit_29ea698b98a067446ea09ad3"", ""realization_unit_2b5a0ba072d9f31b3394c227"", ""realization_unit_2f1adce7900a453302b4f6e2"", ""realization_unit_321152cb0cfb9bb3d8fdb4d6"", ""realization_unit_32245fa8d2db82c6f73b6ae4"", ""realization_unit_323861729a863ca2defb7344"", ""realization_unit_349c6dcdb5cd797078ce6f21"", ""realization_unit_3a41a48000a06984a7faf067"", ""realization_unit_3c0fc703aa89ef836655a4de"", ""realization_unit_3c3c281b2453efe354d3c9f2"", ""realization_unit_3d035f1ea417b6ce54ffb5ce"", ""realization_unit_3dceb8c3c0b5466eebfa3c62"", ""realization_unit_3f16e0bce967de15a599706a"", ""realization_unit_40b17d9944c0219f41619482"", ""realization_unit_461dc4c66b8d01270b356d0d"", ""realization_unit_4a6fc1917c82b86dc1661e77"", ""realization_unit_4c17533fb976764bfbb1abbb"", ""realization_unit_5caee549dd837fbc719d47da"", ""realization_unit_618704031b6dbfbde44baf6d"", ""realization_unit_67f12e21acf8cfa2647c61d0"", ""realization_unit_6928e77d97c7b1175bea5afc"", ""realization_unit_698010920ac6572b7c06b57d"", ""realization_unit_710647cf5555157d455d7f70"", ""realization_unit_74158cee88d04990ddad333d"", ""realization_unit_744202a8921bd5c79d735a87"", ""realization_unit_753066b3578cf0a9838215d5"", ""realization_unit_75a95f047702eb807ada67ac"", ""realization_unit_766417e1bc0d97db5781d1f0"", ""realization_unit_7fd9167f17dc11e129f9a5b6"", ""realization_unit_815e2d367f0dda50c09e686c"", ""realization_unit_821a8d64933d179df20490ff"", ""realization_unit_8f11b319c253d8ce66dd2343"", ""realization_unit_92c2f0f55c7f377dcd6e7e17"", ""realization_unit_94a444a0cad9dab430830611"", ""realization_unit_959dac5d3271db72c0370c08"", ""realization_unit_975db4a6f1c1ccf076d81567"", ""realization_unit_99bb7b8e155b91b5209838b3"", ""realization_unit_9e9c6a913f325892d6efb5f4"", ""realization_unit_9ed38edb5c4b13f7e15401d1"", ""realization_unit_a0cb4cd238f6f00190227e14"", ""realization_unit_a789e7e8a51125704aa0584e"", ""realization_unit_a8c44b8ded614fc039bafd19"", ""realization_unit_aa72d8f4070d9d0a527f76e1"", ""realization_unit_add0cf0aca4ce2af32f33d2c"", ""realization_unit_b522817577ba1f19aaefd5b3"", ""realization_unit_b5e9908c149b5a1352c68e57"", ""realization_unit_bde4b3920f07f79f190b4cce"", ""realization_unit_c1635157f212f747f88bec76"", ""realization_unit_c24f47b557bd18bdf9376b8a"", ""realization_unit_c38af73ddfdfc4bff31ef718"", ""realization_unit_c4d7eadca1780d9c83277afe"", ""realization_unit_c5dd7f8484b7e1467c4b4c63"", ""realization_unit_c7291ac7441a27515a1fa6a0"", ""realization_unit_d2439a39e7a98e9bd37428e1"", ""realization_unit_d643ece42d5be57b832aa7dd"", ""realization_unit_dba491c0c03be9eaaf64b75c"", ""realization_unit_df7567c853e1003faf616b6f"", ""realization_unit_e6e357b00d2bd311aedc1223"", ""realization_unit_e7dcfc1a96fe402df22dade1"", ""realization_unit_e7f3cf1e8ada2f6cc3b58967"", ""realization_unit_ea78149e2f3220337de20407"", ""realization_unit_ee2f65362846f5828526c26b"", ""realization_unit_f0851523fa10f95948df1f01"", ""realization_unit_f5fdfbc2d7883f02d61a8fb3""]",none,0ba9e1b7d28cc01d4447d1fcb8ae77f5c7eda40c10155af786b790c998ff61b9,2,33,"{""cell_id"": null, ""claim_type"": null, ""product_type"": ""all"", ""state_role"": null, ""valid_date"": ""2023-11-22""}",0.0,1.0,2023-11-22
stage7_main_task_011,stage7b_execution_item_cb77546559607e6432dede20,4096,0,B0_DIRECT_LLM,1,deepseek-v4-flash,1181b4cbe94ace83193c5659bd3a1fc0ff652f6cff5fa6674397825fa9cd4b02,evidence_pack_1181b4cbe94ace83193c5659,stage6b_presentation_policy_v1_candidate,all,deepseek,"[""realization_unit_043775e70016dbe275ac79ce"", ""realization_unit_06d36efe0e01622048052430"", ""realization_unit_0a6de4412af06f2b5844b882"", ""realization_unit_1293026b733aa707338755f9"", ""realization_unit_1423b52b5126a0ca0a6e744f"", ""realization_unit_157d8cda1fb8f2540ff8b299"", ""realization_unit_1c291e85510ff174efb5633f"", ""realization_unit_235d7699a2b7ccc898689d56"", ""realization_unit_239c54ea51a96cbfaa5221a0"", ""realization_unit_242b6fd8185f291d51181c1d"", ""realization_unit_26d808d9356dee0c80306051"", ""realization_unit_29ea698b98a067446ea09ad3"", ""realization_unit_2b5a0ba072d9f31b3394c227"", ""realization_unit_2f1adce7900a453302b4f6e2"", ""realization_unit_321152cb0cfb9bb3d8fdb4d6"", ""realization_unit_32245fa8d2db82c6f73b6ae4"", ""realization_unit_323861729a863ca2defb7344"", ""realization_unit_349c6dcdb5cd797078ce6f21"", ""realization_unit_3a41a48000a06984a7faf067"", ""realization_unit_3c0fc703aa89ef836655a4de"", ""realization_unit_3c3c281b2453efe354d3c9f2"", ""realization_unit_3d035f1ea417b6ce54ffb5ce"", ""realization_unit_3dceb8c3c0b5466eebfa3c62"", ""realization_unit_3f16e0bce967de15a599706a"", ""realization_unit_40b17d9944c0219f41619482"", ""realization_unit_461dc4c66b8d01270b356d0d"", ""realization_unit_4a6fc1917c82b86dc1661e77"", ""realization_unit_4c17533fb976764bfbb1abbb"", ""realization_unit_5caee549dd837fbc719d47da"", ""realization_unit_618704031b6dbfbde44baf6d"", ""realization_unit_67f12e21acf8cfa2647c61d0"", ""realization_unit_6928e77d97c7b1175bea5afc"", ""realization_unit_698010920ac6572b7c06b57d"", ""realization_unit_710647cf5555157d455d7f70"", ""realization_unit_74158cee88d04990ddad333d"", ""realization_unit_744202a8921bd5c79d735a87"", ""realization_unit_753066b3578cf0a9838215d5"", ""realization_unit_75a95f047702eb807ada67ac"", ""realization_unit_766417e1bc0d97db5781d1f0"", ""realization_unit_7fd9167f17dc11e129f9a5b6"", ""realization_unit_815e2d367f0dda50c09e686c"", ""realization_unit_821a8d64933d179df20490ff"", ""realization_unit_8f11b319c253d8ce66dd2343"", ""realization_unit_92c2f0f55c7f377dcd6e7e17"", ""realization_unit_94a444a0cad9dab430830611"", ""realization_unit_959dac5d3271db72c0370c08"", ""realization_unit_975db4a6f1c1ccf076d81567"", ""realization_unit_99bb7b8e155b91b5209838b3"", ""realization_unit_9e9c6a913f325892d6efb5f4"", ""realization_unit_9ed38edb5c4b13f7e15401d1"", ""realization_unit_a0cb4cd238f6f00190227e14"", ""realization_unit_a789e7e8a51125704aa0584e"", ""realization_unit_a8c44b8ded614fc039bafd19"", ""realization_unit_aa72d8f4070d9d0a527f76e1"", ""realization_unit_add0cf0aca4ce2af32f33d2c"", ""realization_unit_b522817577ba1f19aaefd5b3"", ""realization_unit_b5e9908c149b5a1352c68e57"", ""realization_unit_bde4b3920f07f79f190b4cce"", ""realization_unit_c1635157f212f747f88bec76"", ""realization_unit_c24f47b557bd18bdf9376b8a"", ""realization_unit_c38af73ddfdfc4bff31ef718"", ""realization_unit_c4d7eadca1780d9c83277afe"", ""realization_unit_c5dd7f8484b7e1467c4b4c63"", ""realization_unit_c7291ac7441a27515a1fa6a0"", ""realization_unit_d2439a39e7a98e9bd37428e1"", ""realization_unit_d643ece42d5be57b832aa7dd"", ""realization_unit_dba491c0c03be9eaaf64b75c"", ""realization_unit_df7567c853e1003faf616b6f"", ""realization_unit_e6e357b00d2bd311aedc1223"", ""realization_unit_e7dcfc1a96fe402df22dade1"", ""realization_unit_e7f3cf1e8ada2f6cc3b58967"", ""realization_unit_ea78149e2f3220337de20407"", ""realization_unit_ee2f65362846f5828526c26b"", ""realization_unit_f0851523fa10f95948df1f01"", ""realization_unit_f5fdfbc2d7883f02d61a8fb3""]",none,49498c495335e80e9d37fbe4350ae275f01c14f460b634222299a09ccfcdd478,2,34,"{""cell_id"": null, ""claim_type"": null, ""product_type"": ""all"", ""state_role"": null, ""valid_date"": ""2023-11-22""}",0.0,1.0,2023-11-22
stage7_main_task_011,stage7b_execution_item_da85a63d8ae8045ad0a96249,4096,0,B1_STRUCTURED_PROMPT_LLM,2,deepseek-v4-flash,1181b4cbe94ace83193c5659bd3a1fc0ff652f6cff5fa6674397825fa9cd4b02,evidence_pack_1181b4cbe94ace83193c5659,stage6b_presentation_policy_v1_candidate,all,deepseek,"[""realization_unit_043775e70016dbe275ac79ce"", ""realization_unit_06d36efe0e01622048052430"", ""realization_unit_0a6de4412af06f2b5844b882"", ""realization_unit_1293026b733aa707338755f9"", ""realization_unit_1423b52b5126a0ca0a6e744f"", ""realization_unit_157d8cda1fb8f2540ff8b299"", ""realization_unit_1c291e85510ff174efb5633f"", ""realization_unit_235d7699a2b7ccc898689d56"", ""realization_unit_239c54ea51a96cbfaa5221a0"", ""realization_unit_242b6fd8185f291d51181c1d"", ""realization_unit_26d808d9356dee0c80306051"", ""realization_unit_29ea698b98a067446ea09ad3"", ""realization_unit_2b5a0ba072d9f31b3394c227"", ""realization_unit_2f1adce7900a453302b4f6e2"", ""realization_unit_321152cb0cfb9bb3d8fdb4d6"", ""realization_unit_32245fa8d2db82c6f73b6ae4"", ""realization_unit_323861729a863ca2defb7344"", ""realization_unit_349c6dcdb5cd797078ce6f21"", ""realization_unit_3a41a48000a06984a7faf067"", ""realization_unit_3c0fc703aa89ef836655a4de"", ""realization_unit_3c3c281b2453efe354d3c9f2"", ""realization_unit_3d035f1ea417b6ce54ffb5ce"", ""realization_unit_3dceb8c3c0b5466eebfa3c62"", ""realization_unit_3f16e0bce967de15a599706a"", ""realization_unit_40b17d9944c0219f41619482"", ""realization_unit_461dc4c66b8d01270b356d0d"", ""realization_unit_4a6fc1917c82b86dc1661e77"", ""realization_unit_4c17533fb976764bfbb1abbb"", ""realization_unit_5caee549dd837fbc719d47da"", ""realization_unit_618704031b6dbfbde44baf6d"", ""realization_unit_67f12e21acf8cfa2647c61d0"", ""realization_unit_6928e77d97c7b1175bea5afc"", ""realization_unit_698010920ac6572b7c06b57d"", ""realization_unit_710647cf5555157d455d7f70"", ""realization_unit_74158cee88d04990ddad333d"", ""realization_unit_744202a8921bd5c79d735a87"", ""realization_unit_753066b3578cf0a9838215d5"", ""realization_unit_75a95f047702eb807ada67ac"", ""realization_unit_766417e1bc0d97db5781d1f0"", ""realization_unit_7fd9167f17dc11e129f9a5b6"", ""realization_unit_815e2d367f0dda50c09e686c"", ""realization_unit_821a8d64933d179df20490ff"", ""realization_unit_8f11b319c253d8ce66dd2343"", ""realization_unit_92c2f0f55c7f377dcd6e7e17"", ""realization_unit_94a444a0cad9dab430830611"", ""realization_unit_959dac5d3271db72c0370c08"", ""realization_unit_975db4a6f1c1ccf076d81567"", ""realization_unit_99bb7b8e155b91b5209838b3"", ""realization_unit_9e9c6a913f325892d6efb5f4"", ""realization_unit_9ed38edb5c4b13f7e15401d1"", ""realization_unit_a0cb4cd238f6f00190227e14"", ""realization_unit_a789e7e8a51125704aa0584e"", ""realization_unit_a8c44b8ded614fc039bafd19"", ""realization_unit_aa72d8f4070d9d0a527f76e1"", ""realization_unit_add0cf0aca4ce2af32f33d2c"", ""realization_unit_b522817577ba1f19aaefd5b3"", ""realization_unit_b5e9908c149b5a1352c68e57"", ""realization_unit_bde4b3920f07f79f190b4cce"", ""realization_unit_c1635157f212f747f88bec76"", ""realization_unit_c24f47b557bd18bdf9376b8a"", ""realization_unit_c38af73ddfdfc4bff31ef718"", ""realization_unit_c4d7eadca1780d9c83277afe"", ""realization_unit_c5dd7f8484b7e1467c4b4c63"", ""realization_unit_c7291ac7441a27515a1fa6a0"", ""realization_unit_d2439a39e7a98e9bd37428e1"", ""realization_unit_d643ece42d5be57b832aa7dd"", ""realization_unit_dba491c0c03be9eaaf64b75c"", ""realization_unit_df7567c853e1003faf616b6f"", ""realization_unit_e6e357b00d2bd311aedc1223"", ""realization_unit_e7dcfc1a96fe402df22dade1"", ""realization_unit_e7f3cf1e8ada2f6cc3b58967"", ""realization_unit_ea78149e2f3220337de20407"", ""realization_unit_ee2f65362846f5828526c26b"", ""realization_unit_f0851523fa10f95948df1f01"", ""realization_unit_f5fdfbc2d7883f02d61a8fb3""]",none,8081610aedcaabcf38d4a445a46fc6d2995b75250aa21039b3cb64111cdb4850,2,35,"{""cell_id"": null, ""claim_type"": null, ""product_type"": ""all"", ""state_role"": null, ""valid_date"": ""2023-11-22""}",0.0,1.0,2023-11-22
stage7_main_task_012,stage7b_execution_item_c5f51b7cd5b308a17483e98e,4096,0,B0_DIRECT_LLM,0,deepseek-v4-flash,e9c994692bc3a6ee558681ea08058d42cff7bd64b7a0a8fa75bfeaa3de53f1a7,evidence_pack_e9c994692bc3a6ee558681ea,stage6b_presentation_policy_v1_candidate,forward_attention,deepseek,"[""realization_unit_013d4679aa1a78db8d8bec5c"", ""realization_unit_06e87ca199e3798048a2b1bd"", ""realization_unit_0ef6c4d539913f36474f0802"", ""realization_unit_393fb46cd15002d06b679fdb"", ""realization_unit_40fa6b80a5859e0353b8e6b1"", ""realization_unit_450734b3e51fd4c72b28aa8f"", ""realization_unit_47c56121d29be354919ac5a2"", ""realization_unit_4969251c872311c5a7fac1ff"", ""realization_unit_6407ff3144ec2f4faef39a50"", ""realization_unit_674fe6a2f4f4710137e2a6e8"", ""realization_unit_6b25a7467da2901543943c86"", ""realization_unit_7b938632c4b0a325b883ab4b"", ""realization_unit_815483dc50b7acc7977182cd"", ""realization_unit_9c0bea0ebe07d9c5ef57c2b4"", ""realization_unit_a08e441b8266b85bbe336dcd"", ""realization_unit_a9efc3b7eb92826ed5ce9cd3"", ""realization_unit_aa7f07060e76717d35feff0f"", ""realization_unit_ad9e6fb3766b6a8bd7edf9ee"", ""realization_unit_afa8a44304a1617fbb745676"", ""realization_unit_b3c8e587ebfff11078933b8f"", ""realization_unit_b480badfcf446e55975f61f2"", ""realization_unit_b9c29e1770b0c9a0b88909a7"", ""realization_unit_c48dac71fcd8276c074a1aa6"", ""realization_unit_c7b16716d02c808aecf86966"", ""realization_unit_e053941b2062518fffd760c5"", ""realization_unit_e19dbdd18c032de74a9d9b88"", ""realization_unit_e1cba36ac42532dc2ba50d13"", ""realization_unit_e640c28130a661e9c58b7062""]",none,bce67cf9d4f78d3e7116cdebecb02bdfdb8d1ed2ca33bb668b89e1b0bfffe812,0,36,"{""cell_id"": ""cell_b0aefb4d3bc9706a5f861ff1"", ""claim_type"": null, ""product_type"": ""forward_attention"", ""state_role"": null, ""valid_date"": ""2023-12-23""}",0.0,1.0,2023-12-23
stage7_main_task_012,stage7b_execution_item_4066d9ce8633043308074cfa,4096,0,B1_STRUCTURED_PROMPT_LLM,1,deepseek-v4-flash,e9c994692bc3a6ee558681ea08058d42cff7bd64b7a0a8fa75bfeaa3de53f1a7,evidence_pack_e9c994692bc3a6ee558681ea,stage6b_presentation_policy_v1_candidate,forward_attention,deepseek,"[""realization_unit_013d4679aa1a78db8d8bec5c"", ""realization_unit_06e87ca199e3798048a2b1bd"", ""realization_unit_0ef6c4d539913f36474f0802"", ""realization_unit_393fb46cd15002d06b679fdb"", ""realization_unit_40fa6b80a5859e0353b8e6b1"", ""realization_unit_450734b3e51fd4c72b28aa8f"", ""realization_unit_47c56121d29be354919ac5a2"", ""realization_unit_4969251c872311c5a7fac1ff"", ""realization_unit_6407ff3144ec2f4faef39a50"", ""realization_unit_674fe6a2f4f4710137e2a6e8"", ""realization_unit_6b25a7467da2901543943c86"", ""realization_unit_7b938632c4b0a325b883ab4b"", ""realization_unit_815483dc50b7acc7977182cd"", ""realization_unit_9c0bea0ebe07d9c5ef57c2b4"", ""realization_unit_a08e441b8266b85bbe336dcd"", ""realization_unit_a9efc3b7eb92826ed5ce9cd3"", ""realization_unit_aa7f07060e76717d35feff0f"", ""realization_unit_ad9e6fb3766b6a8bd7edf9ee"", ""realization_unit_afa8a44304a1617fbb745676"", ""realization_unit_b3c8e587ebfff11078933b8f"", ""realization_unit_b480badfcf446e55975f61f2"", ""realization_unit_b9c29e1770b0c9a0b88909a7"", ""realization_unit_c48dac71fcd8276c074a1aa6"", ""realization_unit_c7b16716d02c808aecf86966"", ""realization_unit_e053941b2062518fffd760c5"", ""realization_unit_e19dbdd18c032de74a9d9b88"", ""realization_unit_e1cba36ac42532dc2ba50d13"", ""realization_unit_e640c28130a661e9c58b7062""]",none,b9b8775da60b9045bcc4d35b4e889bc7ccdbc3ca72c4d94095db646d16b2f5eb,0,37,"{""cell_id"": ""cell_b0aefb4d3bc9706a5f861ff1"", ""claim_type"": null, ""product_type"": ""forward_attention"", ""state_role"": null, ""valid_date"": ""2023-12-23""}",0.0,1.0,2023-12-23
stage7_main_task_012,stage7b_execution_item_f2fc5ed962481bd509923ad8,4096,0,P_PROPOSED,2,deepseek-v4-flash,77c7e9beab212116d802cdc2117fe0c7d2076560d30d9846a70dcd40b99b42c8,evidence_pack_77c7e9beab212116d802cdc2,stage6b_presentation_policy_v1_candidate,forward_attention,deepseek,"[""realization_unit_013d4679aa1a78db8d8bec5c"", ""realization_unit_06e87ca199e3798048a2b1bd"", ""realization_unit_0ef6c4d539913f36474f0802"", ""realization_unit_393fb46cd15002d06b679fdb"", ""realization_unit_40fa6b80a5859e0353b8e6b1"", ""realization_unit_450734b3e51fd4c72b28aa8f"", ""realization_unit_47c56121d29be354919ac5a2"", ""realization_unit_4969251c872311c5a7fac1ff"", ""realization_unit_6407ff3144ec2f4faef39a50"", ""realization_unit_674fe6a2f4f4710137e2a6e8"", ""realization_unit_6b25a7467da2901543943c86"", ""realization_unit_7b938632c4b0a325b883ab4b"", ""realization_unit_815483dc50b7acc7977182cd"", ""realization_unit_9c0bea0ebe07d9c5ef57c2b4"", ""realization_unit_a08e441b8266b85bbe336dcd"", ""realization_unit_a9efc3b7eb92826ed5ce9cd3"", ""realization_unit_aa7f07060e76717d35feff0f"", ""realization_unit_ad9e6fb3766b6a8bd7edf9ee"", ""realization_unit_afa8a44304a1617fbb745676"", ""realization_unit_b3c8e587ebfff11078933b8f"", ""realization_unit_b480badfcf446e55975f61f2"", ""realization_unit_b9c29e1770b0c9a0b88909a7"", ""realization_unit_c48dac71fcd8276c074a1aa6"", ""realization_unit_c7b16716d02c808aecf86966"", ""realization_unit_e053941b2062518fffd760c5"", ""realization_unit_e19dbdd18c032de74a9d9b88"", ""realization_unit_e1cba36ac42532dc2ba50d13"", ""realization_unit_e640c28130a661e9c58b7062""]",none,4f54763414215ea4279338ae5e298c42eed35db5c3fa8aa04e7b5d203f5d37a6,0,38,"{""cell_id"": ""cell_b0aefb4d3bc9706a5f861ff1"", ""claim_type"": null, ""product_type"": ""forward_attention"", ""state_role"": null, ""valid_date"": ""2023-12-23""}",0.0,1.0,2023-12-23
stage7_main_task_013,stage7b_execution_item_13b8314e5c85a250ba0c11b6,4096,0,B1_STRUCTURED_PROMPT_LLM,0,deepseek-v4-flash,2bcf7d04bc7d9d9f1776bd720049e4f41256315f07949c1be4ae6f3a1fd23350,evidence_pack_2bcf7d04bc7d9d9f1776bd72,stage6b_presentation_policy_v1_candidate,forward_attention,deepseek,"[""realization_unit_17532a4a12e903ca43596d83"", ""realization_unit_29792d2a0cfe71570cccb932"", ""realization_unit_414bb1855143424b05ec6825"", ""realization_unit_43ce5d8f0f67fe91dc6ee5c1"", ""realization_unit_c6a457c54eec25ed36e2fe3b"", ""realization_unit_d1aa02d9502f8b954f4473cd"", ""realization_unit_dd9722b22755b8a99bb94207"", ""realization_unit_e69dc846bf25cfcb4f53e2ba"", ""realization_unit_f77c34e8baba148d626ca87b""]",none,3fbd0dd0f02aa285df7715be9f649453247c590f6e2a5135c9900ca1169681eb,1,39,"{""cell_id"": ""cell_05f32b18f2a5c3e7cdc8a3bf"", ""claim_type"": null, ""product_type"": ""forward_attention"", ""state_role"": null, ""valid_date"": ""2023-09-17""}",0.0,1.0,2023-09-17
stage7_main_task_013,stage7b_execution_item_c99e7ec617bb30d778936f3b,4096,0,P_PROPOSED,1,deepseek-v4-flash,d3d57cc5c6e6de663367e6ef035af821017780b6ce3d3b997783fc0b1d78c880,evidence_pack_d3d57cc5c6e6de663367e6ef,stage6b_presentation_policy_v1_candidate,forward_attention,deepseek,"[""realization_unit_17532a4a12e903ca43596d83"", ""realization_unit_29792d2a0cfe71570cccb932"", ""realization_unit_414bb1855143424b05ec6825"", ""realization_unit_43ce5d8f0f67fe91dc6ee5c1"", ""realization_unit_c6a457c54eec25ed36e2fe3b"", ""realization_unit_d1aa02d9502f8b954f4473cd"", ""realization_unit_dd9722b22755b8a99bb94207"", ""realization_unit_e69dc846bf25cfcb4f53e2ba"", ""realization_unit_f77c34e8baba148d626ca87b""]",none,04dfafa4a44972869793b6025b43fcff8aaa51d2bb197ad4bf60aedb0e67963d,1,40,"{""cell_id"": ""cell_05f32b18f2a5c3e7cdc8a3bf"", ""claim_type"": null, ""product_type"": ""forward_attention"", ""state_role"": null, ""valid_date"": ""2023-09-17""}",0.0,1.0,2023-09-17
stage7_main_task_013,stage7b_execution_item_f899ddce1942eeea51769cfc,4096,0,B0_DIRECT_LLM,2,deepseek-v4-flash,2bcf7d04bc7d9d9f1776bd720049e4f41256315f07949c1be4ae6f3a1fd23350,evidence_pack_2bcf7d04bc7d9d9f1776bd72,stage6b_presentation_policy_v1_candidate,forward_attention,deepseek,"[""realization_unit_17532a4a12e903ca43596d83"", ""realization_unit_29792d2a0cfe71570cccb932"", ""realization_unit_414bb1855143424b05ec6825"", ""realization_unit_43ce5d8f0f67fe91dc6ee5c1"", ""realization_unit_c6a457c54eec25ed36e2fe3b"", ""realization_unit_d1aa02d9502f8b954f4473cd"", ""realization_unit_dd9722b22755b8a99bb94207"", ""realization_unit_e69dc846bf25cfcb4f53e2ba"", ""realization_unit_f77c34e8baba148d626ca87b""]",none,2c22614ed22bbb6579e45106a679e9a13faaa98fe7005a9586fa9e63295c13ed,1,41,"{""cell_id"": ""cell_05f32b18f2a5c3e7cdc8a3bf"", ""claim_type"": null, ""product_type"": ""forward_attention"", ""state_role"": null, ""valid_date"": ""2023-09-17""}",0.0,1.0,2023-09-17
stage7_main_task_014,stage7b_execution_item_62664e64e82d9281c076931c,4096,0,P_PROPOSED,0,deepseek-v4-flash,eef33db55fafad69af2b1c051b072b9beed3ab17b0c9e01e62fe72b573feae64,evidence_pack_eef33db55fafad69af2b1c05,stage6b_presentation_policy_v1_candidate,metric_review,deepseek,"[""realization_unit_071b5c5bd2f95eb4de142d30"", ""realization_unit_0b4ccc1eb6d6b8bad6d9b79d"", ""realization_unit_3c226fb22363565c7129720e"", ""realization_unit_436d8a8128a075b396822fef"", ""realization_unit_57673760263214ab0b832c12"", ""realization_unit_655f5506ae5819f408ce294d"", ""realization_unit_7f407ef548b37286f02d7232"", ""realization_unit_80c2fc26ebdc273f4d91a3b5"", ""realization_unit_82b47fd8815555590ae8a132"", ""realization_unit_9432feaa2b0ddd682eb28caa"", ""realization_unit_ab48b30aed1a2b770658c18c"", ""realization_unit_b3369e320142d52148ae3576""]",none,a33710007b60afc49fc96356fd8c12dd81cfd6729b6ffb2284f8d72e00f06a3e,2,42,"{""cell_id"": null, ""claim_type"": null, ""product_type"": ""metric_review"", ""state_role"": null, ""valid_date"": ""2023-10-28""}",0.0,1.0,2023-10-28
stage7_main_task_014,stage7b_execution_item_99846f45125d0860b49324d0,4096,0,B0_DIRECT_LLM,1,deepseek-v4-flash,e4af86746e5003678a44d63239024cf192bc5d50e38c4301b32eef5a17fe9f1f,evidence_pack_e4af86746e5003678a44d632,stage6b_presentation_policy_v1_candidate,metric_review,deepseek,"[""realization_unit_071b5c5bd2f95eb4de142d30"", ""realization_unit_0b4ccc1eb6d6b8bad6d9b79d"", ""realization_unit_3c226fb22363565c7129720e"", ""realization_unit_436d8a8128a075b396822fef"", ""realization_unit_57673760263214ab0b832c12"", ""realization_unit_655f5506ae5819f408ce294d"", ""realization_unit_7f407ef548b37286f02d7232"", ""realization_unit_80c2fc26ebdc273f4d91a3b5"", ""realization_unit_82b47fd8815555590ae8a132"", ""realization_unit_9432feaa2b0ddd682eb28caa"", ""realization_unit_ab48b30aed1a2b770658c18c"", ""realization_unit_b3369e320142d52148ae3576""]",none,a4a73d0043e5654d853f4314494c21a6f45fadae189ec3baf90d4ac599f9b393,2,43,"{""cell_id"": null, ""claim_type"": null, ""product_type"": ""metric_review"", ""state_role"": null, ""valid_date"": ""2023-10-28""}",0.0,1.0,2023-10-28
stage7_main_task_014,stage7b_execution_item_689994d79d36a6e09d0dba17,4096,0,B1_STRUCTURED_PROMPT_LLM,2,deepseek-v4-flash,e4af86746e5003678a44d63239024cf192bc5d50e38c4301b32eef5a17fe9f1f,evidence_pack_e4af86746e5003678a44d632,stage6b_presentation_policy_v1_candidate,metric_review,deepseek,"[""realization_unit_071b5c5bd2f95eb4de142d30"", ""realization_unit_0b4ccc1eb6d6b8bad6d9b79d"", ""realization_unit_3c226fb22363565c7129720e"", ""realization_unit_436d8a8128a075b396822fef"", ""realization_unit_57673760263214ab0b832c12"", ""realization_unit_655f5506ae5819f408ce294d"", ""realization_unit_7f407ef548b37286f02d7232"", ""realization_unit_80c2fc26ebdc273f4d91a3b5"", ""realization_unit_82b47fd8815555590ae8a132"", ""realization_unit_9432feaa2b0ddd682eb28caa"", ""realization_unit_ab48b30aed1a2b770658c18c"", ""realization_unit_b3369e320142d52148ae3576""]",none,7200a5588055cd0a37e62c254d0a61c9db58b3933569947e1c6af90a7f0ef686,2,44,"{""cell_id"": null, ""claim_type"": null, ""product_type"": ""metric_review"", ""state_role"": null, ""valid_date"": ""2023-10-28""}",0.0,1.0,2023-10-28
stage7_main_task_015,stage7b_execution_item_65e2dd1e7f8ad79402666800,4096,0,B0_DIRECT_LLM,0,deepseek-v4-flash,e108b397229b14c0c34883ec4244c7b229acbf2b599ac0cc58bf6dd6bdbcfd41,evidence_pack_e108b397229b14c0c34883ec,stage6b_presentation_policy_v1_candidate,metric_review,deepseek,"[""realization_unit_06ff9352c0c5d375c8254cca"", ""realization_unit_1584312440d1a25273398592"", ""realization_unit_234e2119f34e5a3938a38712"", ""realization_unit_39be4d57d8ba5aa12687d7bd"", ""realization_unit_cc73deeaded0183260964cd6""]",none,34fdeb66c9be09e3e223debd985ef9882369a9342a779f0fa788cac23bb57754,0,45,"{""cell_id"": null, ""claim_type"": null, ""product_type"": ""metric_review"", ""state_role"": null, ""valid_date"": ""2023-12-28""}",0.0,1.0,2023-12-28
stage7_main_task_015,stage7b_execution_item_b205e4a1449e8bc2e6426295,4096,0,B1_STRUCTURED_PROMPT_LLM,1,deepseek-v4-flash,e108b397229b14c0c34883ec4244c7b229acbf2b599ac0cc58bf6dd6bdbcfd41,evidence_pack_e108b397229b14c0c34883ec,stage6b_presentation_policy_v1_candidate,metric_review,deepseek,"[""realization_unit_06ff9352c0c5d375c8254cca"", ""realization_unit_1584312440d1a25273398592"", ""realization_unit_234e2119f34e5a3938a38712"", ""realization_unit_39be4d57d8ba5aa12687d7bd"", ""realization_unit_cc73deeaded0183260964cd6""]",none,c8b5eba9dc51c14cf6e9f590dfa224cc26aa7ba3025c65fe9504d21414ad54c0,0,46,"{""cell_id"": null, ""claim_type"": null, ""product_type"": ""metric_review"", ""state_role"": null, ""valid_date"": ""2023-12-28""}",0.0,1.0,2023-12-28
stage7_main_task_015,stage7b_execution_item_c58da06c05e9d1f601d877f8,4096,0,P_PROPOSED,2,deepseek-v4-flash,63c5c1eaaee3ebf0a97006cc9b9f83a3fe8083c8e040b554e40f89a299dbf7a7,evidence_pack_63c5c1eaaee3ebf0a97006cc,stage6b_presentation_policy_v1_candidate,metric_review,deepseek,"[""realization_unit_06ff9352c0c5d375c8254cca"", ""realization_unit_1584312440d1a25273398592"", ""realization_unit_234e2119f34e5a3938a38712"", ""realization_unit_39be4d57d8ba5aa12687d7bd"", ""realization_unit_cc73deeaded0183260964cd6""]",none,e22233b35ea77587cc7c1f0ed6cd8fff9f2f33bef0e1f6c11fcbd339b0152207,0,47,"{""cell_id"": null, ""claim_type"": null, ""product_type"": ""metric_review"", ""state_role"": null, ""valid_date"": ""2023-12-28""}",0.0,1.0,2023-12-28
stage7_main_task_016,stage7b_execution_item_d5e1c4108a7358c5f69bfb47,4096,0,B1_STRUCTURED_PROMPT_LLM,0,deepseek-v4-flash,976e42ab0d2e656ce340e193a3e055bac62ff253b71eb31eac60cf58fa2d3063,evidence_pack_976e42ab0d2e656ce340e193,stage6b_presentation_policy_v1_candidate,daily_review,deepseek,"[""realization_unit_03896f26326bbd9a536a1086"", ""realization_unit_03eb78ff20dbb41cbff82dbf"", ""realization_unit_172ff580c00ff488b4edacf3"", ""realization_unit_25e8ffdf7b821452091db456"", ""realization_unit_2be81d368efd1d9a937f17c0"", ""realization_unit_478f982687cbdf302dd326b5"", ""realization_unit_62884f7428944729d019ff8b"", ""realization_unit_65d4ef050613a76b1df6faa9"", ""realization_unit_7c750a95ed96fe83a31b2000"", ""realization_unit_7e491075775ed01f225d7eeb"", ""realization_unit_83897a63428854fe9bd339c9"", ""realization_unit_a0dec6fc1d90c95db374dc89"", ""realization_unit_abd115a9aad5dcbd6b1b8dee"", ""realization_unit_adb29b7d5a41c3d5a499ff78"", ""realization_unit_d5edf5f715a6284998592c48""]",none,634a59e07c4e8f2bc1decce4da88114c0d1e2be83d3e24fbe98c1911ee8f59a7,1,48,"{""cell_id"": ""cell_ffdbcf9fbc1ae90da8718779"", ""claim_type"": null, ""product_type"": ""daily_review"", ""state_role"": null, ""valid_date"": ""2023-09-22""}",0.0,1.0,2023-09-22
stage7_main_task_016,stage7b_execution_item_891d909a516c4d687154b36e,4096,0,P_PROPOSED,1,deepseek-v4-flash,e01f6ef6bfd5daa12f06de26e856d83fbfc69b7cebd00a270f3cad02450a18f4,evidence_pack_e01f6ef6bfd5daa12f06de26,stage6b_presentation_policy_v1_candidate,daily_review,deepseek,"[""realization_unit_03896f26326bbd9a536a1086"", ""realization_unit_03eb78ff20dbb41cbff82dbf"", ""realization_unit_172ff580c00ff488b4edacf3"", ""realization_unit_25e8ffdf7b821452091db456"", ""realization_unit_2be81d368efd1d9a937f17c0"", ""realization_unit_478f982687cbdf302dd326b5"", ""realization_unit_62884f7428944729d019ff8b"", ""realization_unit_65d4ef050613a76b1df6faa9"", ""realization_unit_7c750a95ed96fe83a31b2000"", ""realization_unit_7e491075775ed01f225d7eeb"", ""realization_unit_83897a63428854fe9bd339c9"", ""realization_unit_a0dec6fc1d90c95db374dc89"", ""realization_unit_abd115a9aad5dcbd6b1b8dee"", ""realization_unit_adb29b7d5a41c3d5a499ff78"", ""realization_unit_d5edf5f715a6284998592c48""]",none,7a03ff2a4684ad6e7e987fd642c534b99e0f28c7a97ddc5da3d4d2c072715820,1,49,"{""cell_id"": ""cell_ffdbcf9fbc1ae90da8718779"", ""claim_type"": null, ""product_type"": ""daily_review"", ""state_role"": null, ""valid_date"": ""2023-09-22""}",0.0,1.0,2023-09-22
stage7_main_task_016,stage7b_execution_item_03d0135e79e01f4cf510a24a,4096,0,B0_DIRECT_LLM,2,deepseek-v4-flash,976e42ab0d2e656ce340e193a3e055bac62ff253b71eb31eac60cf58fa2d3063,evidence_pack_976e42ab0d2e656ce340e193,stage6b_presentation_policy_v1_candidate,daily_review,deepseek,"[""realization_unit_03896f26326bbd9a536a1086"", ""realization_unit_03eb78ff20dbb41cbff82dbf"", ""realization_unit_172ff580c00ff488b4edacf3"", ""realization_unit_25e8ffdf7b821452091db456"", ""realization_unit_2be81d368efd1d9a937f17c0"", ""realization_unit_478f982687cbdf302dd326b5"", ""realization_unit_62884f7428944729d019ff8b"", ""realization_unit_65d4ef050613a76b1df6faa9"", ""realization_unit_7c750a95ed96fe83a31b2000"", ""realization_unit_7e491075775ed01f225d7eeb"", ""realization_unit_83897a63428854fe9bd339c9"", ""realization_unit_a0dec6fc1d90c95db374dc89"", ""realization_unit_abd115a9aad5dcbd6b1b8dee"", ""realization_unit_adb29b7d5a41c3d5a499ff78"", ""realization_unit_d5edf5f715a6284998592c48""]",none,ea2bdb33d26ad0af7ebfa0dbad5c53298dab6fddb01952704bc9f387180c7e49,1,50,"{""cell_id"": ""cell_ffdbcf9fbc1ae90da8718779"", ""claim_type"": null, ""product_type"": ""daily_review"", ""state_role"": null, ""valid_date"": ""2023-09-22""}",0.0,1.0,2023-09-22
stage7_main_task_017,stage7b_execution_item_3391d7bb93478596e2d30867,4096,0,P_PROPOSED,0,deepseek-v4-flash,0e383e124ccbc5891aa7087473ff7c2f6e97fb195f75951290652aed7a596941,evidence_pack_0e383e124ccbc5891aa70874,stage6b_presentation_policy_v1_candidate,daily_review,deepseek,"[""realization_unit_02b355e48210d8abe642339e"", ""realization_unit_17864104365d8a973ce669cf"", ""realization_unit_1e7af0fa2e790fcf57c4f1c0"", ""realization_unit_22422f5f5dad6cb35c757e20"", ""realization_unit_3ede0c5ae45248fa021f9d5b"", ""realization_unit_459bdf2f05397fde0f18aa9a"", ""realization_unit_4a6211c63b618690e2789ee3"", ""realization_unit_4b7e070d64bf26dc928de43c"", ""realization_unit_4bd9b7a4ab7231df72130886"", ""realization_unit_4d48453481b20f3e758e536e"", ""realization_unit_5b571e4bb7e3832740adec40"", ""realization_unit_5c0dc8c3f74cb75f6d86787b"", ""realization_unit_5fd8a477e0d579b3c7db3e63"", ""realization_unit_604edf9609470e2e461bcb05"", ""realization_unit_642f6a45685f482db05b603a"", ""realization_unit_671226d78b16513b12f6e6b1"", ""realization_unit_6871637825ccab2ad3c6ca0b"", ""realization_unit_8041d018a54aaacf603df263"", ""realization_unit_8334db14b97af35b37f2a35e"", ""realization_unit_930a1b92cdcc1b119c69f50b"", ""realization_unit_954e5df86f2b1e2ab0a223d1"", ""realization_unit_a6d0ccd960b905be7a2b02a7"", ""realization_unit_b3dec4fa39d112e5f6506238"", ""realization_unit_bfeeecc98c1918d1026b3dd5"", ""realization_unit_cf86bd57959ff68a55e6e2b9"", ""realization_unit_ed119200c521c6f3428e62a0"", ""realization_unit_ef4a4a493874c5e0a648aef8"", ""realization_unit_f1c8dcd99a5b7e065e25681b"", ""realization_unit_f5e959e0a3c1a21781818b44"", ""realization_unit_f6e483a7e7dd3bb17f530be2""]",none,d14af6e61e64742be0cc825f1c6f77421fd0f3fc52e3749116812934972a752b,2,51,"{""cell_id"": ""cell_e64cfd0ce48c0a1b76f17f99"", ""claim_type"": null, ""product_type"": ""daily_review"", ""state_role"": null, ""valid_date"": ""2023-10-14""}",0.0,1.0,2023-10-14
stage7_main_task_017,stage7b_execution_item_cb76d11f8a794e119f0a660c,4096,0,B0_DIRECT_LLM,1,deepseek-v4-flash,f5f5bbfad8604a3dde47aab9ad56a09cb312c97346f42d65d5ec8c537276e1a8,evidence_pack_f5f5bbfad8604a3dde47aab9,stage6b_presentation_policy_v1_candidate,daily_review,deepseek,"[""realization_unit_02b355e48210d8abe642339e"", ""realization_unit_17864104365d8a973ce669cf"", ""realization_unit_1e7af0fa2e790fcf57c4f1c0"", ""realization_unit_22422f5f5dad6cb35c757e20"", ""realization_unit_3ede0c5ae45248fa021f9d5b"", ""realization_unit_459bdf2f05397fde0f18aa9a"", ""realization_unit_4a6211c63b618690e2789ee3"", ""realization_unit_4b7e070d64bf26dc928de43c"", ""realization_unit_4bd9b7a4ab7231df72130886"", ""realization_unit_4d48453481b20f3e758e536e"", ""realization_unit_5b571e4bb7e3832740adec40"", ""realization_unit_5c0dc8c3f74cb75f6d86787b"", ""realization_unit_5fd8a477e0d579b3c7db3e63"", ""realization_unit_604edf9609470e2e461bcb05"", ""realization_unit_642f6a45685f482db05b603a"", ""realization_unit_671226d78b16513b12f6e6b1"", ""realization_unit_6871637825ccab2ad3c6ca0b"", ""realization_unit_8041d018a54aaacf603df263"", ""realization_unit_8334db14b97af35b37f2a35e"", ""realization_unit_930a1b92cdcc1b119c69f50b"", ""realization_unit_954e5df86f2b1e2ab0a223d1"", ""realization_unit_a6d0ccd960b905be7a2b02a7"", ""realization_unit_b3dec4fa39d112e5f6506238"", ""realization_unit_bfeeecc98c1918d1026b3dd5"", ""realization_unit_cf86bd57959ff68a55e6e2b9"", ""realization_unit_ed119200c521c6f3428e62a0"", ""realization_unit_ef4a4a493874c5e0a648aef8"", ""realization_unit_f1c8dcd99a5b7e065e25681b"", ""realization_unit_f5e959e0a3c1a21781818b44"", ""realization_unit_f6e483a7e7dd3bb17f530be2""]",none,452cfb8c8c9e12a940cda4adb909684c46ac343ce697dbdf7c395e630ae84edf,2,52,"{""cell_id"": ""cell_e64cfd0ce48c0a1b76f17f99"", ""claim_type"": null, ""product_type"": ""daily_review"", ""state_role"": null, ""valid_date"": ""2023-10-14""}",0.0,1.0,2023-10-14
stage7_main_task_017,stage7b_execution_item_20de6dfb58116c697e61a681,4096,0,B1_STRUCTURED_PROMPT_LLM,2,deepseek-v4-flash,f5f5bbfad8604a3dde47aab9ad56a09cb312c97346f42d65d5ec8c537276e1a8,evidence_pack_f5f5bbfad8604a3dde47aab9,stage6b_presentation_policy_v1_candidate,daily_review,deepseek,"[""realization_unit_02b355e48210d8abe642339e"", ""realization_unit_17864104365d8a973ce669cf"", ""realization_unit_1e7af0fa2e790fcf57c4f1c0"", ""realization_unit_22422f5f5dad6cb35c757e20"", ""realization_unit_3ede0c5ae45248fa021f9d5b"", ""realization_unit_459bdf2f05397fde0f18aa9a"", ""realization_unit_4a6211c63b618690e2789ee3"", ""realization_unit_4b7e070d64bf26dc928de43c"", ""realization_unit_4bd9b7a4ab7231df72130886"", ""realization_unit_4d48453481b20f3e758e536e"", ""realization_unit_5b571e4bb7e3832740adec40"", ""realization_unit_5c0dc8c3f74cb75f6d86787b"", ""realization_unit_5fd8a477e0d579b3c7db3e63"", ""realization_unit_604edf9609470e2e461bcb05"", ""realization_unit_642f6a45685f482db05b603a"", ""realization_unit_671226d78b16513b12f6e6b1"", ""realization_unit_6871637825ccab2ad3c6ca0b"", ""realization_unit_8041d018a54aaacf603df263"", ""realization_unit_8334db14b97af35b37f2a35e"", ""realization_unit_930a1b92cdcc1b119c69f50b"", ""realization_unit_954e5df86f2b1e2ab0a223d1"", ""realization_unit_a6d0ccd960b905be7a2b02a7"", ""realization_unit_b3dec4fa39d112e5f6506238"", ""realization_unit_bfeeecc98c1918d1026b3dd5"", ""realization_unit_cf86bd57959ff68a55e6e2b9"", ""realization_unit_ed119200c521c6f3428e62a0"", ""realization_unit_ef4a4a493874c5e0a648aef8"", ""realization_unit_f1c8dcd99a5b7e065e25681b"", ""realization_unit_f5e959e0a3c1a21781818b44"", ""realization_unit_f6e483a7e7dd3bb17f530be2""]",none,2faf258d985009cf49b2a67ab974b9688817fe3ded395a093c21536e24a3eba8,2,53,"{""cell_id"": ""cell_e64cfd0ce48c0a1b76f17f99"", ""claim_type"": null, ""product_type"": ""daily_review"", ""state_role"": null, ""valid_date"": ""2023-10-14""}",0.0,1.0,2023-10-14
stage7_main_task_018,stage7b_execution_item_f47ff5d293269ba7f1b68573,4096,0,B0_DIRECT_LLM,0,deepseek-v4-flash,4baa88379fe75d381e3f140898428c9e456fd3828a09df302365705f8b2f0ec9,evidence_pack_4baa88379fe75d381e3f1408,stage6b_presentation_policy_v1_candidate,forward_attention,deepseek,"[""realization_unit_2daca29960779a4113152fce"", ""realization_unit_407c566e37787a79f550d1a7"", ""realization_unit_7696378df0b6a68741000e60"", ""realization_unit_941b60badd6fbb2790479b10"", ""realization_unit_989ea69494a709a1a017dafc"", ""realization_unit_a4b9f81258a203603319997b"", ""realization_unit_ce13b597dd373a1a1b2f96f8"", ""realization_unit_cef67ab9da98d53ec88dfdaa"", ""realization_unit_ffd81be18ba6f940b14bda00""]",none,ebdc7a7b1ee63feed135825c7cdd1e636ef5665ea752f7a906a33c4ae8b4c5a9,0,54,"{""cell_id"": null, ""claim_type"": null, ""product_type"": ""forward_attention"", ""state_role"": null, ""valid_date"": ""2023-10-08""}",0.0,1.0,2023-10-08
stage7_main_task_018,stage7b_execution_item_61138d5aa3e194731a406cc5,4096,0,B1_STRUCTURED_PROMPT_LLM,1,deepseek-v4-flash,4baa88379fe75d381e3f140898428c9e456fd3828a09df302365705f8b2f0ec9,evidence_pack_4baa88379fe75d381e3f1408,stage6b_presentation_policy_v1_candidate,forward_attention,deepseek,"[""realization_unit_2daca29960779a4113152fce"", ""realization_unit_407c566e37787a79f550d1a7"", ""realization_unit_7696378df0b6a68741000e60"", ""realization_unit_941b60badd6fbb2790479b10"", ""realization_unit_989ea69494a709a1a017dafc"", ""realization_unit_a4b9f81258a203603319997b"", ""realization_unit_ce13b597dd373a1a1b2f96f8"", ""realization_unit_cef67ab9da98d53ec88dfdaa"", ""realization_unit_ffd81be18ba6f940b14bda00""]",none,fed8dd72f5836ffa49793ac4cb26759a61845bd65e020452b401fc1d609cbeb0,0,55,"{""cell_id"": null, ""claim_type"": null, ""product_type"": ""forward_attention"", ""state_role"": null, ""valid_date"": ""2023-10-08""}",0.0,1.0,2023-10-08
stage7_main_task_018,stage7b_execution_item_d2bd0fc39a277e953cdb8d23,4096,0,P_PROPOSED,2,deepseek-v4-flash,e819578e3cfac9758c9087b1f8500cb9e90ae50be86d257d18122b41503432ab,evidence_pack_e819578e3cfac9758c9087b1,stage6b_presentation_policy_v1_candidate,forward_attention,deepseek,"[""realization_unit_2daca29960779a4113152fce"", ""realization_unit_407c566e37787a79f550d1a7"", ""realization_unit_7696378df0b6a68741000e60"", ""realization_unit_941b60badd6fbb2790479b10"", ""realization_unit_989ea69494a709a1a017dafc"", ""realization_unit_a4b9f81258a203603319997b"", ""realization_unit_ce13b597dd373a1a1b2f96f8"", ""realization_unit_cef67ab9da98d53ec88dfdaa"", ""realization_unit_ffd81be18ba6f940b14bda00""]",none,a5f4fbbc38bb607eff9ca7649b20e2ebb8ce53238d7d835a7b879b2e414e3837,0,56,"{""cell_id"": null, ""claim_type"": null, ""product_type"": ""forward_attention"", ""state_role"": null, ""valid_date"": ""2023-10-08""}",0.0,1.0,2023-10-08
stage7_main_task_019,stage7b_execution_item_dbd1ca2cc97e80d8f166bd06,4096,0,B1_STRUCTURED_PROMPT_LLM,0,deepseek-v4-flash,9c8e2a07715d739ebf7307fd0e4902cff5f065cba04988feea282a98f28a7c5d,evidence_pack_9c8e2a07715d739ebf7307fd,stage6b_presentation_policy_v1_candidate,all,deepseek,"[""realization_unit_005e1d7dbaa9cd0d26361daf"", ""realization_unit_0bca36288808fc6bcd55f058"", ""realization_unit_10ba89be652a4d90f57e7634"", ""realization_unit_1f43a2fa15f07f96884fd4bb"", ""realization_unit_47772ef051d4f8c6eb903e62"", ""realization_unit_4c131bfa57b0397a43979abd"", ""realization_unit_4dc5e69856ddbb90e19f832f"", ""realization_unit_4f72bd931838e113162db65c"", ""realization_unit_549e3baf1dc00dd7b337ed4b"", ""realization_unit_58df25597dfe7d1411b198d3"", ""realization_unit_74a5e63508e911d8273b0af2"", ""realization_unit_7dd2b3295706fd5dadba1c69"", ""realization_unit_7fb39f60aa0da7f3a8d55979"", ""realization_unit_8665ab38c84c796cca923883"", ""realization_unit_86bf78d28ad0e2e59fcc27dc"", ""realization_unit_90e2b8ff131f7a31dfcafd53"", ""realization_unit_a47caaa473585583e3d93ae3"", ""realization_unit_af2034766e16b3d1e3d8ab87""]",none,56259798424653a203f3fce5626c4f51ee849ab580f71ae5d424886ca54e7c19,1,57,"{""cell_id"": ""cell_ef1e570e1653555101dff5f3"", ""claim_type"": null, ""product_type"": ""all"", ""state_role"": null, ""valid_date"": ""2023-09-15""}",0.0,1.0,2023-09-15
stage7_main_task_019,stage7b_execution_item_64b594b92bb55f98719331f8,4096,0,P_PROPOSED,1,deepseek-v4-flash,998cb13e7d3882b2fff249341d806dc089bb3bf32066533b92299add3e03bc9e,evidence_pack_998cb13e7d3882b2fff24934,stage6b_presentation_policy_v1_candidate,all,deepseek,"[""realization_unit_005e1d7dbaa9cd0d26361daf"", ""realization_unit_0bca36288808fc6bcd55f058"", ""realization_unit_10ba89be652a4d90f57e7634"", ""realization_unit_1f43a2fa15f07f96884fd4bb"", ""realization_unit_47772ef051d4f8c6eb903e62"", ""realization_unit_4c131bfa57b0397a43979abd"", ""realization_unit_4dc5e69856ddbb90e19f832f"", ""realization_unit_4f72bd931838e113162db65c"", ""realization_unit_549e3baf1dc00dd7b337ed4b"", ""realization_unit_58df25597dfe7d1411b198d3"", ""realization_unit_74a5e63508e911d8273b0af2"", ""realization_unit_7dd2b3295706fd5dadba1c69"", ""realization_unit_7fb39f60aa0da7f3a8d55979"", ""realization_unit_8665ab38c84c796cca923883"", ""realization_unit_86bf78d28ad0e2e59fcc27dc"", ""realization_unit_90e2b8ff131f7a31dfcafd53"", ""realization_unit_a47caaa473585583e3d93ae3"", ""realization_unit_af2034766e16b3d1e3d8ab87""]",none,38305794fb7cd2c4fc7bc2463a08076689b13ff6298d59c020c09f81db79a8b6,1,58,"{""cell_id"": ""cell_ef1e570e1653555101dff5f3"", ""claim_type"": null, ""product_type"": ""all"", ""state_role"": null, ""valid_date"": ""2023-09-15""}",0.0,1.0,2023-09-15
stage7_main_task_019,stage7b_execution_item_0f1e0366d76d667cc52fe10f,4096,0,B0_DIRECT_LLM,2,deepseek-v4-flash,9c8e2a07715d739ebf7307fd0e4902cff5f065cba04988feea282a98f28a7c5d,evidence_pack_9c8e2a07715d739ebf7307fd,stage6b_presentation_policy_v1_candidate,all,deepseek,"[""realization_unit_005e1d7dbaa9cd0d26361daf"", ""realization_unit_0bca36288808fc6bcd55f058"", ""realization_unit_10ba89be652a4d90f57e7634"", ""realization_unit_1f43a2fa15f07f96884fd4bb"", ""realization_unit_47772ef051d4f8c6eb903e62"", ""realization_unit_4c131bfa57b0397a43979abd"", ""realization_unit_4dc5e69856ddbb90e19f832f"", ""realization_unit_4f72bd931838e113162db65c"", ""realization_unit_549e3baf1dc00dd7b337ed4b"", ""realization_unit_58df25597dfe7d1411b198d3"", ""realization_unit_74a5e63508e911d8273b0af2"", ""realization_unit_7dd2b3295706fd5dadba1c69"", ""realization_unit_7fb39f60aa0da7f3a8d55979"", ""realization_unit_8665ab38c84c796cca923883"", ""realization_unit_86bf78d28ad0e2e59fcc27dc"", ""realization_unit_90e2b8ff131f7a31dfcafd53"", ""realization_unit_a47caaa473585583e3d93ae3"", ""realization_unit_af2034766e16b3d1e3d8ab87""]",none,2714e7a459391ffe385590695879b8e0a076d69ddaf011595dd63b27a7c100ad,1,59,"{""cell_id"": ""cell_ef1e570e1653555101dff5f3"", ""claim_type"": null, ""product_type"": ""all"", ""state_role"": null, ""valid_date"": ""2023-09-15""}",0.0,1.0,2023-09-15
stage7_main_task_020,stage7b_execution_item_00e9ff8ae07841b666b16998,4096,0,P_PROPOSED,0,deepseek-v4-flash,38c2916ae3dee114ee6f12ff25145f691c12cdb7d49995febdae1793f52698d8,evidence_pack_38c2916ae3dee114ee6f12ff,stage6b_presentation_policy_v1_candidate,metric_review,deepseek,"[""realization_unit_3d9c70fbc4f12917974a900b"", ""realization_unit_bc74ccea556e50446e4f7896"", ""realization_unit_eff28a4613dc90467517fe5f"", ""realization_unit_f9c78edb50abbeb8894b5fed"", ""realization_unit_fb898b9504eb8216326d99d3""]",none,edac590f311704239fa3ecedd090de2622f7ab5e3fd3079a7d7829c6a7502ce0,2,60,"{""cell_id"": null, ""claim_type"": null, ""product_type"": ""metric_review"", ""state_role"": null, ""valid_date"": ""2023-12-02""}",0.0,1.0,2023-12-02
stage7_main_task_020,stage7b_execution_item_9be8fd4e24cebf50c63f0a8d,4096,0,B0_DIRECT_LLM,1,deepseek-v4-flash,ab3860d25c14d83e2323981c747148d4b952aadf0e60f1cf1dce5dc1f3154b2e,evidence_pack_ab3860d25c14d83e2323981c,stage6b_presentation_policy_v1_candidate,metric_review,deepseek,"[""realization_unit_3d9c70fbc4f12917974a900b"", ""realization_unit_70ccebfed1e68eca21b8f348"", ""realization_unit_bc74ccea556e50446e4f7896"", ""realization_unit_eff28a4613dc90467517fe5f"", ""realization_unit_f80cbaa4b99952e9d6c37f82"", ""realization_unit_f9c78edb50abbeb8894b5fed"", ""realization_unit_fb898b9504eb8216326d99d3""]",none,0af1dc78b1823f5234599380558fd0e8730646b94460c4009de850dac5b9cce8,2,61,"{""cell_id"": null, ""claim_type"": null, ""product_type"": ""metric_review"", ""state_role"": null, ""valid_date"": ""2023-12-02""}",0.0,1.0,2023-12-02
stage7_main_task_020,stage7b_execution_item_70fcb9c12dcab4b2174eafda,4096,0,B1_STRUCTURED_PROMPT_LLM,2,deepseek-v4-flash,ab3860d25c14d83e2323981c747148d4b952aadf0e60f1cf1dce5dc1f3154b2e,evidence_pack_ab3860d25c14d83e2323981c,stage6b_presentation_policy_v1_candidate,metric_review,deepseek,"[""realization_unit_3d9c70fbc4f12917974a900b"", ""realization_unit_70ccebfed1e68eca21b8f348"", ""realization_unit_bc74ccea556e50446e4f7896"", ""realization_unit_eff28a4613dc90467517fe5f"", ""realization_unit_f80cbaa4b99952e9d6c37f82"", ""realization_unit_f9c78edb50abbeb8894b5fed"", ""realization_unit_fb898b9504eb8216326d99d3""]",none,a8a59f876c16bf25d7288df0fcf860b16f95bddd3b204500322b5f5a530f1bf2,2,62,"{""cell_id"": null, ""claim_type"": null, ""product_type"": ""metric_review"", ""state_role"": null, ""valid_date"": ""2023-12-02""}",0.0,1.0,2023-12-02
stage7_main_task_021,stage7b_execution_item_f183048637e41fe176980009,4096,0,B0_DIRECT_LLM,0,deepseek-v4-flash,e8efa119c5da46f9aa3c5e4ae3ba6ae729c4c94c5287ca4aa33262d4b98b5000,evidence_pack_e8efa119c5da46f9aa3c5e4a,stage6b_presentation_policy_v1_candidate,all,deepseek,"[""realization_unit_02af838b5e11957320939c54"", ""realization_unit_0368357d3053b5a4838b5b48"", ""realization_unit_041bb3a42a6ebd2ef080bba0"", ""realization_unit_048483625833857808406bc9"", ""realization_unit_049387a0bfe5a60014ce601e"", ""realization_unit_0ab9491d604f091a5cb39926"", ""realization_unit_0abc8e61cff3aa8d1a2fd67e"", ""realization_unit_0c2a9781bdf9b805e780ab7b"", ""realization_unit_0eb0da877895ddc54564c5e8"", ""realization_unit_1424d6406d3e1bd5aa31331d"", ""realization_unit_18572c5bd67f22a9fdf5d0c3"", ""realization_unit_193c18d6045f264932f82f99"", ""realization_unit_1da4461ce0c91ffd1cb3d4af"", ""realization_unit_209deb0a2c6e67d0ce657645"", ""realization_unit_29ae06b5ae4bf38c867dd9be"", ""realization_unit_2b04a645ccdb752256a1ce32"", ""realization_unit_302ba0488953e225398f0fa6"", ""realization_unit_39beb7bb28bc8100ee6be604"", ""realization_unit_3a36a429507e0062fb33afea"", ""realization_unit_3d91e4359f5f9d0b2414cb57"", ""realization_unit_44a78e09647dab55d333e2d2"", ""realization_unit_4543a30c84888a0aa78c4793"", ""realization_unit_46bab318441f20bc00730dba"", ""realization_unit_4853b7365af353e4eb6556e3"", ""realization_unit_5767a3111d8b49e6c9e298b6"", ""realization_unit_58ba9c32eacd7d74fa4c9223"", ""realization_unit_59d95ce69e5f39fb26a5df79"", ""realization_unit_5da59b9f5f993d33c686569d"", ""realization_unit_5eabda085293e65271d8d6d0"", ""realization_unit_64b579fe6c7cd841a6b77f4d"", ""realization_unit_650d872ce4e968c314d2ce46"", ""realization_unit_664c1fa83189e5eb82760003"", ""realization_unit_66e81751bd524294ce716470"", ""realization_unit_6c72323a47d80f54fb53ab0b"", ""realization_unit_6df3c896431189d51a2cfdb7"", ""realization_unit_6f58870159bcaabe24842a72"", ""realization_unit_750f81ecf2607460cad8337e"", ""realization_unit_76d1622bda0ef087e03c1f1c"", ""realization_unit_7975fbc01d619bbf4e49dba6"", ""realization_unit_81d4e48489e27333d0c13ac0"", ""realization_unit_8b894170bd7f610f086703b7"", ""realization_unit_8e55da50b66e78ab5c4e8ea8"", ""realization_unit_8eb34f0e1a790d3a25341836"", ""realization_unit_909038b7e7ec3e3ac3030b05"", ""realization_unit_9410f45d7028b86d01620a0a"", ""realization_unit_99a34c20981c9f30646ad317"", ""realization_unit_9b7179f4d4462f82a6e7fdcf"", ""realization_unit_9ccb80a117d360c39fc8d57d"", ""realization_unit_9ec249f4dfb825026a7006cf"", ""realization_unit_9ec76af6391d71d4146f8606"", ""realization_unit_a390a619814b11e669c3dc02"", ""realization_unit_aaa845b4a1e26547decb0a6f"", ""realization_unit_acc760bc62be7181b73dacb2"", ""realization_unit_b0b1dd3eb713f56045703269"", ""realization_unit_b31f8d7b2532e178ab2a8eec"", ""realization_unit_b421f904ce363d298b97fea3"", ""realization_unit_b52401fdcf4d68b14ca92413"", ""realization_unit_b7d2aa636eb7b0460c55a787"", ""realization_unit_b87892b5a799625735b96baf"", ""realization_unit_b92a02a16c5e3b488558a164"", ""realization_unit_bbed868c2b6a37bbab2504db"", ""realization_unit_bc17f725a0c61e52bcae4f3b"", ""realization_unit_bf1a572de924d7248d756cd0"", ""realization_unit_c16b2cfd004f0f15f8f8e8ab"", ""realization_unit_c740a2173d4ba5aa6f25c5a3"", ""realization_unit_c953cbbb31896c3f60f5d783"", ""realization_unit_d1449456c5d66b07e6b9b9b5"", ""realization_unit_d3693a01d9755710ebb778f7"", ""realization_unit_dc49df6f1c81eeb9b78c4458"", ""realization_unit_e1421cf1e568cc45ba43ad06"", ""realization_unit_e2c960236e69f8a1ecddf6c3"", ""realization_unit_e5bcc4818b0460d0fbf07ac1"", ""realization_unit_e799c1f0aeba445b9ce0aed5"", ""realization_unit_e80f1052c19ebcab4a1f994a"", ""realization_unit_eb950372d20f5335dd886fa0"", ""realization_unit_eba77d9ca70b945f49e05e91"", ""realization_unit_f23485837d3a16d23ccd014d"", ""realization_unit_f25c5793076756bb66fe3944"", ""realization_unit_f461978946ae25a2fd855bf9"", ""realization_unit_f4a18952a56581d77c2fd855"", ""realization_unit_f4e203c5c2fe4fd49390879d"", ""realization_unit_f9588f341a2aa054de79d011"", ""realization_unit_faa979818abd6b22174e1dfa""]",none,0e81b0b6a4416580ce8c5ab57acc3f9807eb88f280af195af1d19f9a04389521,0,63,"{""cell_id"": null, ""claim_type"": null, ""product_type"": ""all"", ""state_role"": null, ""valid_date"": ""2023-12-18""}",0.0,1.0,2023-12-18
stage7_main_task_021,stage7b_execution_item_78cdbb3b5127e4ef939b0dcf,4096,0,B1_STRUCTURED_PROMPT_LLM,1,deepseek-v4-flash,e8efa119c5da46f9aa3c5e4ae3ba6ae729c4c94c5287ca4aa33262d4b98b5000,evidence_pack_e8efa119c5da46f9aa3c5e4a,stage6b_presentation_policy_v1_candidate,all,deepseek,"[""realization_unit_02af838b5e11957320939c54"", ""realization_unit_0368357d3053b5a4838b5b48"", ""realization_unit_041bb3a42a6ebd2ef080bba0"", ""realization_unit_048483625833857808406bc9"", ""realization_unit_049387a0bfe5a60014ce601e"", ""realization_unit_0ab9491d604f091a5cb39926"", ""realization_unit_0abc8e61cff3aa8d1a2fd67e"", ""realization_unit_0c2a9781bdf9b805e780ab7b"", ""realization_unit_0eb0da877895ddc54564c5e8"", ""realization_unit_1424d6406d3e1bd5aa31331d"", ""realization_unit_18572c5bd67f22a9fdf5d0c3"", ""realization_unit_193c18d6045f264932f82f99"", ""realization_unit_1da4461ce0c91ffd1cb3d4af"", ""realization_unit_209deb0a2c6e67d0ce657645"", ""realization_unit_29ae06b5ae4bf38c867dd9be"", ""realization_unit_2b04a645ccdb752256a1ce32"", ""realization_unit_302ba0488953e225398f0fa6"", ""realization_unit_39beb7bb28bc8100ee6be604"", ""realization_unit_3a36a429507e0062fb33afea"", ""realization_unit_3d91e4359f5f9d0b2414cb57"", ""realization_unit_44a78e09647dab55d333e2d2"", ""realization_unit_4543a30c84888a0aa78c4793"", ""realization_unit_46bab318441f20bc00730dba"", ""realization_unit_4853b7365af353e4eb6556e3"", ""realization_unit_5767a3111d8b49e6c9e298b6"", ""realization_unit_58ba9c32eacd7d74fa4c9223"", ""realization_unit_59d95ce69e5f39fb26a5df79"", ""realization_unit_5da59b9f5f993d33c686569d"", ""realization_unit_5eabda085293e65271d8d6d0"", ""realization_unit_64b579fe6c7cd841a6b77f4d"", ""realization_unit_650d872ce4e968c314d2ce46"", ""realization_unit_664c1fa83189e5eb82760003"", ""realization_unit_66e81751bd524294ce716470"", ""realization_unit_6c72323a47d80f54fb53ab0b"", ""realization_unit_6df3c896431189d51a2cfdb7"", ""realization_unit_6f58870159bcaabe24842a72"", ""realization_unit_750f81ecf2607460cad8337e"", ""realization_unit_76d1622bda0ef087e03c1f1c"", ""realization_unit_7975fbc01d619bbf4e49dba6"", ""realization_unit_81d4e48489e27333d0c13ac0"", ""realization_unit_8b894170bd7f610f086703b7"", ""realization_unit_8e55da50b66e78ab5c4e8ea8"", ""realization_unit_8eb34f0e1a790d3a25341836"", ""realization_unit_909038b7e7ec3e3ac3030b05"", ""realization_unit_9410f45d7028b86d01620a0a"", ""realization_unit_99a34c20981c9f30646ad317"", ""realization_unit_9b7179f4d4462f82a6e7fdcf"", ""realization_unit_9ccb80a117d360c39fc8d57d"", ""realization_unit_9ec249f4dfb825026a7006cf"", ""realization_unit_9ec76af6391d71d4146f8606"", ""realization_unit_a390a619814b11e669c3dc02"", ""realization_unit_aaa845b4a1e26547decb0a6f"", ""realization_unit_acc760bc62be7181b73dacb2"", ""realization_unit_b0b1dd3eb713f56045703269"", ""realization_unit_b31f8d7b2532e178ab2a8eec"", ""realization_unit_b421f904ce363d298b97fea3"", ""realization_unit_b52401fdcf4d68b14ca92413"", ""realization_unit_b7d2aa636eb7b0460c55a787"", ""realization_unit_b87892b5a799625735b96baf"", ""realization_unit_b92a02a16c5e3b488558a164"", ""realization_unit_bbed868c2b6a37bbab2504db"", ""realization_unit_bc17f725a0c61e52bcae4f3b"", ""realization_unit_bf1a572de924d7248d756cd0"", ""realization_unit_c16b2cfd004f0f15f8f8e8ab"", ""realization_unit_c740a2173d4ba5aa6f25c5a3"", ""realization_unit_c953cbbb31896c3f60f5d783"", ""realization_unit_d1449456c5d66b07e6b9b9b5"", ""realization_unit_d3693a01d9755710ebb778f7"", ""realization_unit_dc49df6f1c81eeb9b78c4458"", ""realization_unit_e1421cf1e568cc45ba43ad06"", ""realization_unit_e2c960236e69f8a1ecddf6c3"", ""realization_unit_e5bcc4818b0460d0fbf07ac1"", ""realization_unit_e799c1f0aeba445b9ce0aed5"", ""realization_unit_e80f1052c19ebcab4a1f994a"", ""realization_unit_eb950372d20f5335dd886fa0"", ""realization_unit_eba77d9ca70b945f49e05e91"", ""realization_unit_f23485837d3a16d23ccd014d"", ""realization_unit_f25c5793076756bb66fe3944"", ""realization_unit_f461978946ae25a2fd855bf9"", ""realization_unit_f4a18952a56581d77c2fd855"", ""realization_unit_f4e203c5c2fe4fd49390879d"", ""realization_unit_f9588f341a2aa054de79d011"", ""realization_unit_faa979818abd6b22174e1dfa""]",none,e25520f2cdf8ce9c33e56699801e1a440bf162ca554635ca90e5b3b7d3512fe9,0,64,"{""cell_id"": null, ""claim_type"": null, ""product_type"": ""all"", ""state_role"": null, ""valid_date"": ""2023-12-18""}",0.0,1.0,2023-12-18
stage7_main_task_021,stage7b_execution_item_36857b7d93b4e2c5abd79f7c,4096,0,P_PROPOSED,2,deepseek-v4-flash,714fce6b21fc3bf19ec01690ba5034062d7fac10fb0647274ca08c1d680d2bb3,evidence_pack_714fce6b21fc3bf19ec01690,stage6b_presentation_policy_v1_candidate,all,deepseek,"[""realization_unit_02af838b5e11957320939c54"", ""realization_unit_02c9552ea2a66d48f9a7f8e0"", ""realization_unit_0368357d3053b5a4838b5b48"", ""realization_unit_041bb3a42a6ebd2ef080bba0"", ""realization_unit_048483625833857808406bc9"", ""realization_unit_0ab9491d604f091a5cb39926"", ""realization_unit_0abc8e61cff3aa8d1a2fd67e"", ""realization_unit_0c0a39a18f42211325e7721b"", ""realization_unit_0c2a9781bdf9b805e780ab7b"", ""realization_unit_0eb0da877895ddc54564c5e8"", ""realization_unit_1424d6406d3e1bd5aa31331d"", ""realization_unit_14cc5abeac44d171d55138d1"", ""realization_unit_193c18d6045f264932f82f99"", ""realization_unit_1da4461ce0c91ffd1cb3d4af"", ""realization_unit_203f800d07b630afd063a66b"", ""realization_unit_209deb0a2c6e67d0ce657645"", ""realization_unit_29ae06b5ae4bf38c867dd9be"", ""realization_unit_2b04a645ccdb752256a1ce32"", ""realization_unit_302ba0488953e225398f0fa6"", ""realization_unit_39beb7bb28bc8100ee6be604"", ""realization_unit_3a36a429507e0062fb33afea"", ""realization_unit_3d91e4359f5f9d0b2414cb57"", ""realization_unit_44a78e09647dab55d333e2d2"", ""realization_unit_4543a30c84888a0aa78c4793"", ""realization_unit_46bab318441f20bc00730dba"", ""realization_unit_4853b7365af353e4eb6556e3"", ""realization_unit_5767a3111d8b49e6c9e298b6"", ""realization_unit_58ba9c32eacd7d74fa4c9223"", ""realization_unit_59d95ce69e5f39fb26a5df79"", ""realization_unit_5da59b9f5f993d33c686569d"", ""realization_unit_5eabda085293e65271d8d6d0"", ""realization_unit_64b579fe6c7cd841a6b77f4d"", ""realization_unit_664c1fa83189e5eb82760003"", ""realization_unit_66e81751bd524294ce716470"", ""realization_unit_67e2dad892fc909aad47b8ee"", ""realization_unit_6c72323a47d80f54fb53ab0b"", ""realization_unit_6f58870159bcaabe24842a72"", ""realization_unit_750f81ecf2607460cad8337e"", ""realization_unit_7975fbc01d619bbf4e49dba6"", ""realization_unit_81d4e48489e27333d0c13ac0"", ""realization_unit_8b894170bd7f610f086703b7"", ""realization_unit_8e55da50b66e78ab5c4e8ea8"", ""realization_unit_8eb34f0e1a790d3a25341836"", ""realization_unit_90e89ed3c727f7243136c7e1"", ""realization_unit_9410f45d7028b86d01620a0a"", ""realization_unit_95ca9983a2ca7bebb56644e3"", ""realization_unit_97ed2c931dbe4ce8b79a770c"", ""realization_unit_9b7179f4d4462f82a6e7fdcf"", ""realization_unit_9c940f6501553bdf0638f42c"", ""realization_unit_9ccb80a117d360c39fc8d57d"", ""realization_unit_9e848dea4bbb1fe8f06fba17"", ""realization_unit_9ec249f4dfb825026a7006cf"", ""realization_unit_9ec76af6391d71d4146f8606"", ""realization_unit_a390a619814b11e669c3dc02"", ""realization_unit_aa0112ee20bf8313bd214ade"", ""realization_unit_aaa845b4a1e26547decb0a6f"", ""realization_unit_acc760bc62be7181b73dacb2"", ""realization_unit_b0b1dd3eb713f56045703269"", ""realization_unit_b31f8d7b2532e178ab2a8eec"", ""realization_unit_b3c0095845682564ec7e1969"", ""realization_unit_b421f904ce363d298b97fea3"", ""realization_unit_b52401fdcf4d68b14ca92413"", ""realization_unit_b55a7eccd5260fafa2ba8989"", ""realization_unit_b7d2aa636eb7b0460c55a787"", ""realization_unit_b87892b5a799625735b96baf"", ""realization_unit_b92a02a16c5e3b488558a164"", ""realization_unit_bc17f725a0c61e52bcae4f3b"", ""realization_unit_c16b2cfd004f0f15f8f8e8ab"", ""realization_unit_c740a2173d4ba5aa6f25c5a3"", ""realization_unit_c953cbbb31896c3f60f5d783"", ""realization_unit_d3693a01d9755710ebb778f7"", ""realization_unit_dc49df6f1c81eeb9b78c4458"", ""realization_unit_e1421cf1e568cc45ba43ad06"", ""realization_unit_e2c960236e69f8a1ecddf6c3"", ""realization_unit_e5bcc4818b0460d0fbf07ac1"", ""realization_unit_eb950372d20f5335dd886fa0"", ""realization_unit_eba77d9ca70b945f49e05e91"", ""realization_unit_f23485837d3a16d23ccd014d"", ""realization_unit_f25c5793076756bb66fe3944"", ""realization_unit_f461978946ae25a2fd855bf9"", ""realization_unit_f4a18952a56581d77c2fd855"", ""realization_unit_f9588f341a2aa054de79d011""]",none,16dd739227dfd60e464dea2674af92ad0836cf630a45618ecbdf192db0b929e8,0,65,"{""cell_id"": null, ""claim_type"": null, ""product_type"": ""all"", ""state_role"": null, ""valid_date"": ""2023-12-18""}",0.0,1.0,2023-12-18
stage7_main_task_022,stage7b_execution_item_c071b8352834e72fdd62a75c,4096,0,B1_STRUCTURED_PROMPT_LLM,0,deepseek-v4-flash,1b95dfaa38afdbc9cf3507242b4a0716773e1217ba0019bd6beb706a0744ede7,evidence_pack_1b95dfaa38afdbc9cf350724,stage6b_presentation_policy_v1_candidate,metric_review,deepseek,"[""realization_unit_0da375a7076b9466a3e59c25"", ""realization_unit_18604b52883ec7404ca6e272"", ""realization_unit_731aa4d2d7c54e8dfba8b587"", ""realization_unit_a4a6cdd5584113c68a09743e"", ""realization_unit_a4c3752cfaf5654455387807"", ""realization_unit_e67d168d3bfcf69519425d33""]",none,80edeb1dcd18ec89b4455dd53652cc1c0857d67d1322893b42475b97cf6c5d85,1,66,"{""cell_id"": ""cell_146050071152b2bd18f8a541"", ""claim_type"": null, ""product_type"": ""metric_review"", ""state_role"": null, ""valid_date"": ""2023-11-05""}",0.0,1.0,2023-11-05
stage7_main_task_022,stage7b_execution_item_2132c57dd85c5694d3f4e368,4096,0,P_PROPOSED,1,deepseek-v4-flash,b039571569f5deca4f812ba9200ec5e6cecc85139bb1355a3b7720573e3f8b2f,evidence_pack_b039571569f5deca4f812ba9,stage6b_presentation_policy_v1_candidate,metric_review,deepseek,"[""realization_unit_0da375a7076b9466a3e59c25"", ""realization_unit_18604b52883ec7404ca6e272"", ""realization_unit_a4c3752cfaf5654455387807""]",none,99764e37b28e956fc1d5d198a52979e0bf3f3eeb13c6dd9d4b69c0a152b56e19,1,67,"{""cell_id"": ""cell_146050071152b2bd18f8a541"", ""claim_type"": null, ""product_type"": ""metric_review"", ""state_role"": null, ""valid_date"": ""2023-11-05""}",0.0,1.0,2023-11-05
stage7_main_task_022,stage7b_execution_item_2d682251828f8c8c08ce3f17,4096,0,B0_DIRECT_LLM,2,deepseek-v4-flash,1b95dfaa38afdbc9cf3507242b4a0716773e1217ba0019bd6beb706a0744ede7,evidence_pack_1b95dfaa38afdbc9cf350724,stage6b_presentation_policy_v1_candidate,metric_review,deepseek,"[""realization_unit_0da375a7076b9466a3e59c25"", ""realization_unit_18604b52883ec7404ca6e272"", ""realization_unit_731aa4d2d7c54e8dfba8b587"", ""realization_unit_a4a6cdd5584113c68a09743e"", ""realization_unit_a4c3752cfaf5654455387807"", ""realization_unit_e67d168d3bfcf69519425d33""]",none,aa55076f96600823cb6b0be64ec88d7ab450cc800b7b9b6af97b8b0729219739,1,68,"{""cell_id"": ""cell_146050071152b2bd18f8a541"", ""claim_type"": null, ""product_type"": ""metric_review"", ""state_role"": null, ""valid_date"": ""2023-11-05""}",0.0,1.0,2023-11-05
stage7_main_task_023,stage7b_execution_item_e268196b78732056e5e849c5,4096,0,P_PROPOSED,0,deepseek-v4-flash,ef3755ad37fe061d1896381b22fd01f204a6f6d6163283615fa8075acc90af1d,evidence_pack_ef3755ad37fe061d1896381b,stage6b_presentation_policy_v1_candidate,all,deepseek,"[""realization_unit_0022ca660a369f19362c61df"", ""realization_unit_0283bb37861adec85def8b0a"", ""realization_unit_42ff0c547a08493e29072c1c"", ""realization_unit_532eaa8b21b82185f0bc62f9"", ""realization_unit_59493a2378752837c3f7c9c7"", ""realization_unit_677b15fe3f640d26d4307b85"", ""realization_unit_758a00fe1e4e3735a99264d1"", ""realization_unit_926f14e1bc18400d2885ec37"", ""realization_unit_bf8dd11f42c7eb7158ffdb5a"", ""realization_unit_c7973a76537134642cbd1955"", ""realization_unit_cf91b621549fbb7e602f5dfc"", ""realization_unit_de2293057d10ac1feaf3faac"", ""realization_unit_e0c4c8a3c6a07362dc00d9f4"", ""realization_unit_e8829d14704fc04de0720d8a"", ""realization_unit_e9bdded6888576bf740b47c7"", ""realization_unit_ed56d302da888bac2a594cd9"", ""realization_unit_fcc55ec18b711954f92e5cd1""]",none,3603c048391ada191d268fb2315173d790540cc49e91938ac69fe93f5725eebe,2,69,"{""cell_id"": ""cell_18dcb188dff729ae040f264a"", ""claim_type"": null, ""product_type"": ""all"", ""state_role"": null, ""valid_date"": ""2023-12-09""}",0.0,1.0,2023-12-09
stage7_main_task_023,stage7b_execution_item_3e09eeb81cae5341abb742a6,4096,0,B0_DIRECT_LLM,1,deepseek-v4-flash,d3e4f971a75c3604abf5ba6ab6e012b5dea8a6c7b3cba6a2ad8b65247d1ad177,evidence_pack_d3e4f971a75c3604abf5ba6a,stage6b_presentation_policy_v1_candidate,all,deepseek,"[""realization_unit_0022ca660a369f19362c61df"", ""realization_unit_0283bb37861adec85def8b0a"", ""realization_unit_42ff0c547a08493e29072c1c"", ""realization_unit_532eaa8b21b82185f0bc62f9"", ""realization_unit_59493a2378752837c3f7c9c7"", ""realization_unit_677b15fe3f640d26d4307b85"", ""realization_unit_758a00fe1e4e3735a99264d1"", ""realization_unit_926f14e1bc18400d2885ec37"", ""realization_unit_bf8dd11f42c7eb7158ffdb5a"", ""realization_unit_c7973a76537134642cbd1955"", ""realization_unit_cf91b621549fbb7e602f5dfc"", ""realization_unit_de2293057d10ac1feaf3faac"", ""realization_unit_e0c4c8a3c6a07362dc00d9f4"", ""realization_unit_e8829d14704fc04de0720d8a"", ""realization_unit_e9bdded6888576bf740b47c7"", ""realization_unit_ed56d302da888bac2a594cd9"", ""realization_unit_fcc55ec18b711954f92e5cd1""]",none,37bc87d1da3d4014d039971dac578d15c248f80fc5826f58741d57b88529f335,2,70,"{""cell_id"": ""cell_18dcb188dff729ae040f264a"", ""claim_type"": null, ""product_type"": ""all"", ""state_role"": null, ""valid_date"": ""2023-12-09""}",0.0,1.0,2023-12-09
stage7_main_task_023,stage7b_execution_item_8f5ed7dfc62a0ceaad208e6f,4096,0,B1_STRUCTURED_PROMPT_LLM,2,deepseek-v4-flash,d3e4f971a75c3604abf5ba6ab6e012b5dea8a6c7b3cba6a2ad8b65247d1ad177,evidence_pack_d3e4f971a75c3604abf5ba6a,stage6b_presentation_policy_v1_candidate,all,deepseek,"[""realization_unit_0022ca660a369f19362c61df"", ""realization_unit_0283bb37861adec85def8b0a"", ""realization_unit_42ff0c547a08493e29072c1c"", ""realization_unit_532eaa8b21b82185f0bc62f9"", ""realization_unit_59493a2378752837c3f7c9c7"", ""realization_unit_677b15fe3f640d26d4307b85"", ""realization_unit_758a00fe1e4e3735a99264d1"", ""realization_unit_926f14e1bc18400d2885ec37"", ""realization_unit_bf8dd11f42c7eb7158ffdb5a"", ""realization_unit_c7973a76537134642cbd1955"", ""realization_unit_cf91b621549fbb7e602f5dfc"", ""realization_unit_de2293057d10ac1feaf3faac"", ""realization_unit_e0c4c8a3c6a07362dc00d9f4"", ""realization_unit_e8829d14704fc04de0720d8a"", ""realization_unit_e9bdded6888576bf740b47c7"", ""realization_unit_ed56d302da888bac2a594cd9"", ""realization_unit_fcc55ec18b711954f92e5cd1""]",none,e4fcf694876d6a0eae7c2cb5f9821d6a1a63b05d346cf8882b9ba1b80a1d309d,2,71,"{""cell_id"": ""cell_18dcb188dff729ae040f264a"", ""claim_type"": null, ""product_type"": ""all"", ""state_role"": null, ""valid_date"": ""2023-12-09""}",0.0,1.0,2023-12-09
stage7_main_task_024,stage7b_execution_item_2660452d2949056324c292b3,4096,0,B0_DIRECT_LLM,0,deepseek-v4-flash,a157d4269f60f66ee6b39a1bf200c7a6d9f895fcf9f8e9749e8716309d1d8cdc,evidence_pack_a157d4269f60f66ee6b39a1b,stage6b_presentation_policy_v1_candidate,forward_attention,deepseek,"[""realization_unit_1f3f4c386d83449eb6fefd87"", ""realization_unit_31ed133f604212c5e15d7393"", ""realization_unit_334f04402a5860fb6eacfa6b"", ""realization_unit_3645c08c44e6ea8fd8cbe11b"", ""realization_unit_4f4a318df87da116ea0cd934"", ""realization_unit_5e5c1b0a247332d5d908aa59"", ""realization_unit_61e0d5e13d7169123ded7e78"", ""realization_unit_6edfe420ebf6e89995a47247"", ""realization_unit_99ae8bbaac974c2d739f049a"", ""realization_unit_c01bc4e7f87e4dd63c2f217f"", ""realization_unit_e11a6c8f64ca99ba7385ac6f"", ""realization_unit_ec4af0406e6c15ec81f6c032"", ""realization_unit_eda49a824a5e0591ad4ce186"", ""realization_unit_f107c13a7993b2fa4041384e"", ""realization_unit_f96d18adeb9bf5aaed96f363"", ""realization_unit_fe27f18b4eb03c2592f3839f"", ""realization_unit_ff4c43878ab2fcbb38dad32d""]",none,460f5a978d9a1edbd0329bd6528491fbfb391218465867ab4a1cab8c46d283ee,0,72,"{""cell_id"": ""cell_64ff35e15826ff3f4f73e53f"", ""claim_type"": null, ""product_type"": ""forward_attention"", ""state_role"": null, ""valid_date"": ""2023-12-16""}",0.0,1.0,2023-12-16
stage7_main_task_024,stage7b_execution_item_b80fb0b162f92f2bfcc3d2be,4096,0,B1_STRUCTURED_PROMPT_LLM,1,deepseek-v4-flash,a157d4269f60f66ee6b39a1bf200c7a6d9f895fcf9f8e9749e8716309d1d8cdc,evidence_pack_a157d4269f60f66ee6b39a1b,stage6b_presentation_policy_v1_candidate,forward_attention,deepseek,"[""realization_unit_1f3f4c386d83449eb6fefd87"", ""realization_unit_31ed133f604212c5e15d7393"", ""realization_unit_334f04402a5860fb6eacfa6b"", ""realization_unit_3645c08c44e6ea8fd8cbe11b"", ""realization_unit_4f4a318df87da116ea0cd934"", ""realization_unit_5e5c1b0a247332d5d908aa59"", ""realization_unit_61e0d5e13d7169123ded7e78"", ""realization_unit_6edfe420ebf6e89995a47247"", ""realization_unit_99ae8bbaac974c2d739f049a"", ""realization_unit_c01bc4e7f87e4dd63c2f217f"", ""realization_unit_e11a6c8f64ca99ba7385ac6f"", ""realization_unit_ec4af0406e6c15ec81f6c032"", ""realization_unit_eda49a824a5e0591ad4ce186"", ""realization_unit_f107c13a7993b2fa4041384e"", ""realization_unit_f96d18adeb9bf5aaed96f363"", ""realization_unit_fe27f18b4eb03c2592f3839f"", ""realization_unit_ff4c43878ab2fcbb38dad32d""]",none,f53557efa4b34895ca39c58e22253d207273b09282b29b30e7a34d88329931d1,0,73,"{""cell_id"": ""cell_64ff35e15826ff3f4f73e53f"", ""claim_type"": null, ""product_type"": ""forward_attention"", ""state_role"": null, ""valid_date"": ""2023-12-16""}",0.0,1.0,2023-12-16
stage7_main_task_024,stage7b_execution_item_b844c2ad4d530eeb27d6ea23,4096,0,P_PROPOSED,2,deepseek-v4-flash,53d140865894c7d4155e45defba3feaaa6f3e153a7abc4a1c4c2f897c7a9b620,evidence_pack_53d140865894c7d4155e45de,stage6b_presentation_policy_v1_candidate,forward_attention,deepseek,"[""realization_unit_0b6a35b12db831936d6b0e7a"", ""realization_unit_334f04402a5860fb6eacfa6b"", ""realization_unit_4b5e4d94d598598cc1d47236"", ""realization_unit_4f4a318df87da116ea0cd934"", ""realization_unit_58a392d9ef9efd863994cf8d"", ""realization_unit_5e5c1b0a247332d5d908aa59"", ""realization_unit_61e0d5e13d7169123ded7e78"", ""realization_unit_99ae8bbaac974c2d739f049a"", ""realization_unit_9b6a761afe9c45a7fe562866"", ""realization_unit_c01bc4e7f87e4dd63c2f217f"", ""realization_unit_c6371643c69749ca6831d57b"", ""realization_unit_cfbb438d2d5e559437a4dbbd"", ""realization_unit_d9113e5062bf54e63f16e954"", ""realization_unit_ec4af0406e6c15ec81f6c032"", ""realization_unit_f107c13a7993b2fa4041384e"", ""realization_unit_f96d18adeb9bf5aaed96f363""]",none,1c618c3ca984bd7007a2410666748bc3589df0e16d02719e3df92bfcdb1474ef,0,74,"{""cell_id"": ""cell_64ff35e15826ff3f4f73e53f"", ""claim_type"": null, ""product_type"": ""forward_attention"", ""state_role"": null, ""valid_date"": ""2023-12-16""}",0.0,1.0,2023-12-16
stage7_main_task_025,stage7b_execution_item_7f6e26e0fb67d00ada3b1c50,4096,0,B1_STRUCTURED_PROMPT_LLM,0,deepseek-v4-flash,d1ee9692d79e13d04f4bd277dda0e24c1dc846642952c671f68c3d4da120b017,evidence_pack_d1ee9692d79e13d04f4bd277,stage6b_presentation_policy_v1_candidate,metric_review,deepseek,"[""realization_unit_294f145431882860ffca1bb6"", ""realization_unit_5b576be839574185b0434ae2"", ""realization_unit_679d27dd81172a07f09fb772"", ""realization_unit_8848007144e61366980662a3"", ""realization_unit_901cdc00c662ae2f4e2f5991"", ""realization_unit_c40827df9455ac0b37f7da78""]",none,2b54749f55646a56d49e57eed7618291d9ffb5f1f0d391bb3aa568e520cafcd1,1,75,"{""cell_id"": null, ""claim_type"": null, ""product_type"": ""metric_review"", ""state_role"": null, ""valid_date"": ""2023-12-14""}",0.0,1.0,2023-12-14
stage7_main_task_025,stage7b_execution_item_e7c3c3b954cf69352acb54e0,4096,0,P_PROPOSED,1,deepseek-v4-flash,5ef23af7b7f9d88a533e7a2da2934166a2084d6b8cd80a31f8da1bc761a834a0,evidence_pack_5ef23af7b7f9d88a533e7a2d,stage6b_presentation_policy_v1_candidate,metric_review,deepseek,"[""realization_unit_294f145431882860ffca1bb6"", ""realization_unit_5b576be839574185b0434ae2"", ""realization_unit_679d27dd81172a07f09fb772"", ""realization_unit_8848007144e61366980662a3"", ""realization_unit_901cdc00c662ae2f4e2f5991"", ""realization_unit_c40827df9455ac0b37f7da78""]",none,85f5fee9ef1193e6c9e1294713d98b451eafb42076d8a55e9f50714032b8f4c8,1,76,"{""cell_id"": null, ""claim_type"": null, ""product_type"": ""metric_review"", ""state_role"": null, ""valid_date"": ""2023-12-14""}",0.0,1.0,2023-12-14
stage7_main_task_025,stage7b_execution_item_a161fe852f6eaf7508efa6d6,4096,0,B0_DIRECT_LLM,2,deepseek-v4-flash,d1ee9692d79e13d04f4bd277dda0e24c1dc846642952c671f68c3d4da120b017,evidence_pack_d1ee9692d79e13d04f4bd277,stage6b_presentation_policy_v1_candidate,metric_review,deepseek,"[""realization_unit_294f145431882860ffca1bb6"", ""realization_unit_5b576be839574185b0434ae2"", ""realization_unit_679d27dd81172a07f09fb772"", ""realization_unit_8848007144e61366980662a3"", ""realization_unit_901cdc00c662ae2f4e2f5991"", ""realization_unit_c40827df9455ac0b37f7da78""]",none,c60c67271cb6ae60ef1152678a859ef69e31ae4c13b0c937c334fe59834be48d,1,77,"{""cell_id"": null, ""claim_type"": null, ""product_type"": ""metric_review"", ""state_role"": null, ""valid_date"": ""2023-12-14""}",0.0,1.0,2023-12-14
stage7_main_task_026,stage7b_execution_item_2af3a6245809ef0abd7b5067,4096,0,P_PROPOSED,0,deepseek-v4-flash,0c8c542bf19b0a801854b9a26738584ffe2bf554884b6983955e2eac00a83555,evidence_pack_0c8c542bf19b0a801854b9a2,stage6b_presentation_policy_v1_candidate,daily_review,deepseek,"[""realization_unit_456c5a507fdb3918ae4a79df"", ""realization_unit_9e1c801689c83126b235b0f0"", ""realization_unit_b657de1c6d3f84c6614b9724"", ""realization_unit_c6b4cf69b8ed54b84e36ac94"", ""realization_unit_c72f799b6416dc3dc4e38632"", ""realization_unit_c77e1b80e3281c8ed54fa923"", ""realization_unit_d0991b3e8ebea96a651ab2cb"", ""realization_unit_ea827a4f86e58d8773334194"", ""realization_unit_f40b7f75216ef67bc666ae4e"", ""realization_unit_f8b1ccd76f2d49867a289618"", ""realization_unit_fc13af8d05b7f4686f215246""]",none,a5d45893b253888841e0647d50a18dab89c5b4bf5c91abb77640198880fd5c0e,2,78,"{""cell_id"": ""cell_e5477cc9d090c69443f67a6a"", ""claim_type"": null, ""product_type"": ""daily_review"", ""state_role"": null, ""valid_date"": ""2023-11-10""}",0.0,1.0,2023-11-10
stage7_main_task_026,stage7b_execution_item_0ab421b394b9af83bedcaee1,4096,0,B0_DIRECT_LLM,1,deepseek-v4-flash,d113b150171cde1d1394a69ba38446062a783283325045bc1cd4ae867acc8cd4,evidence_pack_d113b150171cde1d1394a69b,stage6b_presentation_policy_v1_candidate,daily_review,deepseek,"[""realization_unit_456c5a507fdb3918ae4a79df"", ""realization_unit_9e1c801689c83126b235b0f0"", ""realization_unit_b657de1c6d3f84c6614b9724"", ""realization_unit_c6b4cf69b8ed54b84e36ac94"", ""realization_unit_c72f799b6416dc3dc4e38632"", ""realization_unit_c77e1b80e3281c8ed54fa923"", ""realization_unit_d0991b3e8ebea96a651ab2cb"", ""realization_unit_ea827a4f86e58d8773334194"", ""realization_unit_f40b7f75216ef67bc666ae4e"", ""realization_unit_f8b1ccd76f2d49867a289618"", ""realization_unit_fc13af8d05b7f4686f215246""]",none,991b2bf80aef5dd4948cf476cc860af8855462c993e7b821711f373e8412ffac,2,79,"{""cell_id"": ""cell_e5477cc9d090c69443f67a6a"", ""claim_type"": null, ""product_type"": ""daily_review"", ""state_role"": null, ""valid_date"": ""2023-11-10""}",0.0,1.0,2023-11-10
stage7_main_task_026,stage7b_execution_item_6ab1d3f5b1d94fb307ff2e83,4096,0,B1_STRUCTURED_PROMPT_LLM,2,deepseek-v4-flash,d113b150171cde1d1394a69ba38446062a783283325045bc1cd4ae867acc8cd4,evidence_pack_d113b150171cde1d1394a69b,stage6b_presentation_policy_v1_candidate,daily_review,deepseek,"[""realization_unit_456c5a507fdb3918ae4a79df"", ""realization_unit_9e1c801689c83126b235b0f0"", ""realization_unit_b657de1c6d3f84c6614b9724"", ""realization_unit_c6b4cf69b8ed54b84e36ac94"", ""realization_unit_c72f799b6416dc3dc4e38632"", ""realization_unit_c77e1b80e3281c8ed54fa923"", ""realization_unit_d0991b3e8ebea96a651ab2cb"", ""realization_unit_ea827a4f86e58d8773334194"", ""realization_unit_f40b7f75216ef67bc666ae4e"", ""realization_unit_f8b1ccd76f2d49867a289618"", ""realization_unit_fc13af8d05b7f4686f215246""]",none,77bdc92051e637ec4db584d6145daf1acbdfa32ddff6380bb9af687a5e15b70a,2,80,"{""cell_id"": ""cell_e5477cc9d090c69443f67a6a"", ""claim_type"": null, ""product_type"": ""daily_review"", ""state_role"": null, ""valid_date"": ""2023-11-10""}",0.0,1.0,2023-11-10
stage7_main_task_027,stage7b_execution_item_d22bf06c85d667b3f92e11f8,4096,0,B0_DIRECT_LLM,0,deepseek-v4-flash,f977549040b2c9205535291d8b3cdebbfe4759eb5a0d1a512321aa648fe30c94,evidence_pack_f977549040b2c9205535291d,stage6b_presentation_policy_v1_candidate,metric_review,deepseek,"[""realization_unit_8179fdca64233d97b2578b4f""]",none,e8e74d92a27199711be62dfa3808dd56421f3fa575f809d081d3f5e2a480e02c,0,81,"{""cell_id"": ""cell_8f3c162903e22fbfe2cbba42"", ""claim_type"": null, ""product_type"": ""metric_review"", ""state_role"": null, ""valid_date"": ""2023-09-22""}",0.0,1.0,2023-09-22
stage7_main_task_027,stage7b_execution_item_4d0ae4d3be40487e72361113,4096,0,B1_STRUCTURED_PROMPT_LLM,1,deepseek-v4-flash,f977549040b2c9205535291d8b3cdebbfe4759eb5a0d1a512321aa648fe30c94,evidence_pack_f977549040b2c9205535291d,stage6b_presentation_policy_v1_candidate,metric_review,deepseek,"[""realization_unit_8179fdca64233d97b2578b4f""]",none,565a0854b1cd691dc1bfdb43131d2f2a71754e5feb1bb2e307c77d4f7edd3507,0,82,"{""cell_id"": ""cell_8f3c162903e22fbfe2cbba42"", ""claim_type"": null, ""product_type"": ""metric_review"", ""state_role"": null, ""valid_date"": ""2023-09-22""}",0.0,1.0,2023-09-22
stage7_main_task_027,stage7b_execution_item_48db1ebc808d9791436c22b3,4096,0,P_PROPOSED,2,deepseek-v4-flash,bef87870777cc1c7f98cefd95c648716963ffaf1b409ffcf3828add438715fcc,evidence_pack_bef87870777cc1c7f98cefd9,stage6b_presentation_policy_v1_candidate,metric_review,deepseek,"[""realization_unit_8179fdca64233d97b2578b4f""]",none,7bd26c17ad24846338f82fc28b85f10d1db1a233798dea94de78401e8f111175,0,83,"{""cell_id"": ""cell_8f3c162903e22fbfe2cbba42"", ""claim_type"": null, ""product_type"": ""metric_review"", ""state_role"": null, ""valid_date"": ""2023-09-22""}",0.0,1.0,2023-09-22
stage7_main_task_028,stage7b_execution_item_b8038a528da549fc5ba11ffc,4096,0,B1_STRUCTURED_PROMPT_LLM,0,deepseek-v4-flash,84d39cdfce2685b4c284dc73efc755f73ad54a7194d9cdf4a920eae70c2b1a71,evidence_pack_84d39cdfce2685b4c284dc73,stage6b_presentation_policy_v1_candidate,metric_review,deepseek,"[""realization_unit_1f891a4d5ed4c8ee39afaae5"", ""realization_unit_25d9912ce5e64ef270ed8476"", ""realization_unit_2cbfa7f1556820173afa20ee"", ""realization_unit_69ecb57152cf9d6ae1f5f707"", ""realization_unit_7904859ea009ee95ab586229"", ""realization_unit_7e675268260e8b9d88ba9eb6"", ""realization_unit_a26036ec51d7a59a60295012"", ""realization_unit_b532d466d7e17bdf7502afdc"", ""realization_unit_ba822ea155229efe07057276"", ""realization_unit_defc9be737acbef27014d487"", ""realization_unit_e3cdf04a574724ee5fa65e87"", ""realization_unit_fe245a925c082ce9542fd548""]",none,1273a72778390caea89cac49eb19973072c6837fc80b6843bedbd2c7f8d0ca0d,1,84,"{""cell_id"": null, ""claim_type"": null, ""product_type"": ""metric_review"", ""state_role"": null, ""valid_date"": ""2023-10-22""}",0.0,1.0,2023-10-22
stage7_main_task_028,stage7b_execution_item_51988fa2a23e3e36bcb3d3d3,4096,0,P_PROPOSED,1,deepseek-v4-flash,b74550c742840517300f5c9070e4ff1edd2e03003e8f93dd9f1f2845f202cf60,evidence_pack_b74550c742840517300f5c90,stage6b_presentation_policy_v1_candidate,metric_review,deepseek,"[""realization_unit_1f891a4d5ed4c8ee39afaae5"", ""realization_unit_25d9912ce5e64ef270ed8476"", ""realization_unit_2cbfa7f1556820173afa20ee"", ""realization_unit_69ecb57152cf9d6ae1f5f707"", ""realization_unit_7904859ea009ee95ab586229"", ""realization_unit_7e675268260e8b9d88ba9eb6"", ""realization_unit_a26036ec51d7a59a60295012"", ""realization_unit_b532d466d7e17bdf7502afdc"", ""realization_unit_ba822ea155229efe07057276"", ""realization_unit_defc9be737acbef27014d487"", ""realization_unit_e3cdf04a574724ee5fa65e87"", ""realization_unit_fe245a925c082ce9542fd548""]",none,37a387b5af908c6faef62ddc724ae3c0ace152479d589b9fcb18af88b10bb72c,1,85,"{""cell_id"": null, ""claim_type"": null, ""product_type"": ""metric_review"", ""state_role"": null, ""valid_date"": ""2023-10-22""}",0.0,1.0,2023-10-22
stage7_main_task_028,stage7b_execution_item_f0b7af1d87963dd80032b286,4096,0,B0_DIRECT_LLM,2,deepseek-v4-flash,84d39cdfce2685b4c284dc73efc755f73ad54a7194d9cdf4a920eae70c2b1a71,evidence_pack_84d39cdfce2685b4c284dc73,stage6b_presentation_policy_v1_candidate,metric_review,deepseek,"[""realization_unit_1f891a4d5ed4c8ee39afaae5"", ""realization_unit_25d9912ce5e64ef270ed8476"", ""realization_unit_2cbfa7f1556820173afa20ee"", ""realization_unit_69ecb57152cf9d6ae1f5f707"", ""realization_unit_7904859ea009ee95ab586229"", ""realization_unit_7e675268260e8b9d88ba9eb6"", ""realization_unit_a26036ec51d7a59a60295012"", ""realization_unit_b532d466d7e17bdf7502afdc"", ""realization_unit_ba822ea155229efe07057276"", ""realization_unit_defc9be737acbef27014d487"", ""realization_unit_e3cdf04a574724ee5fa65e87"", ""realization_unit_fe245a925c082ce9542fd548""]",none,1816dde55d5ccd999a471ddc533f368eb58c1b7e613460a293244cd94af10df4,1,86,"{""cell_id"": null, ""claim_type"": null, ""product_type"": ""metric_review"", ""state_role"": null, ""valid_date"": ""2023-10-22""}",0.0,1.0,2023-10-22
stage7_main_task_029,stage7b_execution_item_32596ed0f8d54b62b0f4b63e,4096,0,P_PROPOSED,0,deepseek-v4-flash,7bc59bceca53d78446181591c6c153597c3fcadf6010e0daf87c8cc1c1450af9,evidence_pack_7bc59bceca53d78446181591,stage6b_presentation_policy_v1_candidate,daily_review,deepseek,"[""realization_unit_1f9cca9158182d487d58fe79"", ""realization_unit_267e53d2658fec84e01106b9"", ""realization_unit_3df328bc54978560d49621bd"", ""realization_unit_423652a5661a6104b6b3d600"", ""realization_unit_4383655ab5d6cb60776c3fb1"", ""realization_unit_46dd2fc6bf3ca5d8a897587c"", ""realization_unit_52b1433068ff1d2c1d511bc1"", ""realization_unit_557f1aa29ef3d86b6facaa27"", ""realization_unit_69a565806c0bf41e23de28fb"", ""realization_unit_726b61a931155195f9e54665"", ""realization_unit_73f1d3d77992487730dd0afa"", ""realization_unit_7a35be90a1c8d8b4e53c90d8"", ""realization_unit_837a113089bae360ce5d83bf"", ""realization_unit_d86295156591af132541d785"", ""realization_unit_eca2012e5754dbac64807c18""]",none,05ab8cd42c29e12a7f9eb614d4b6223a1aae879b4100dbbe56c5c0434ae3c0d9,2,87,"{""cell_id"": ""cell_8e31894debfd91db79f6b261"", ""claim_type"": null, ""product_type"": ""daily_review"", ""state_role"": null, ""valid_date"": ""2023-11-17""}",0.0,1.0,2023-11-17
stage7_main_task_029,stage7b_execution_item_45f194f4591eb6d779367ede,4096,0,B0_DIRECT_LLM,1,deepseek-v4-flash,5e7ba78d621a1d7687f73e5d6347d0f1725b87b02c9ebc590eaa65777b830120,evidence_pack_5e7ba78d621a1d7687f73e5d,stage6b_presentation_policy_v1_candidate,daily_review,deepseek,"[""realization_unit_1a0ef7d1ae0fd682df7ffb36"", ""realization_unit_1acfd2b6fde6f37959141948"", ""realization_unit_1f9cca9158182d487d58fe79"", ""realization_unit_267e53d2658fec84e01106b9"", ""realization_unit_3df328bc54978560d49621bd"", ""realization_unit_423652a5661a6104b6b3d600"", ""realization_unit_4383655ab5d6cb60776c3fb1"", ""realization_unit_557f1aa29ef3d86b6facaa27"", ""realization_unit_706bdbb609a8761a75c9aabb"", ""realization_unit_726b61a931155195f9e54665"", ""realization_unit_7a35be90a1c8d8b4e53c90d8"", ""realization_unit_92e80be476f1732410cc0efd"", ""realization_unit_a844821775de6bff89edc3e2"", ""realization_unit_d86295156591af132541d785"", ""realization_unit_e0e7da43a0b6d72a9e9b6f55"", ""realization_unit_f13b4ee79dc4b6b231607e4e"", ""realization_unit_f31d9ab97cefcc394f0a075e"", ""realization_unit_f333e2f0489d75d0ddf3a72d""]",none,174ef499314a7cf287d5f3124cc9856476ba618a391b6995a1a7441149859ae9,2,88,"{""cell_id"": ""cell_8e31894debfd91db79f6b261"", ""claim_type"": null, ""product_type"": ""daily_review"", ""state_role"": null, ""valid_date"": ""2023-11-17""}",0.0,1.0,2023-11-17
stage7_main_task_029,stage7b_execution_item_d584bad7850d8b02330df438,4096,0,B1_STRUCTURED_PROMPT_LLM,2,deepseek-v4-flash,5e7ba78d621a1d7687f73e5d6347d0f1725b87b02c9ebc590eaa65777b830120,evidence_pack_5e7ba78d621a1d7687f73e5d,stage6b_presentation_policy_v1_candidate,daily_review,deepseek,"[""realization_unit_1a0ef7d1ae0fd682df7ffb36"", ""realization_unit_1acfd2b6fde6f37959141948"", ""realization_unit_1f9cca9158182d487d58fe79"", ""realization_unit_267e53d2658fec84e01106b9"", ""realization_unit_3df328bc54978560d49621bd"", ""realization_unit_423652a5661a6104b6b3d600"", ""realization_unit_4383655ab5d6cb60776c3fb1"", ""realization_unit_557f1aa29ef3d86b6facaa27"", ""realization_unit_706bdbb609a8761a75c9aabb"", ""realization_unit_726b61a931155195f9e54665"", ""realization_unit_7a35be90a1c8d8b4e53c90d8"", ""realization_unit_92e80be476f1732410cc0efd"", ""realization_unit_a844821775de6bff89edc3e2"", ""realization_unit_d86295156591af132541d785"", ""realization_unit_e0e7da43a0b6d72a9e9b6f55"", ""realization_unit_f13b4ee79dc4b6b231607e4e"", ""realization_unit_f31d9ab97cefcc394f0a075e"", ""realization_unit_f333e2f0489d75d0ddf3a72d""]",none,090b950b4667708565740b72c1e3d527b59b0242bf4a557dd605c093ca6d9b41,2,89,"{""cell_id"": ""cell_8e31894debfd91db79f6b261"", ""claim_type"": null, ""product_type"": ""daily_review"", ""state_role"": null, ""valid_date"": ""2023-11-17""}",0.0,1.0,2023-11-17
stage7_main_task_030,stage7b_execution_item_7b4f7f22ed2d2b3c81f20f8d,4096,0,B0_DIRECT_LLM,0,deepseek-v4-flash,8e681fa56e1bc3436fc0031a30a415b90ea9abea8f73e2342686ceb22bff6410,evidence_pack_8e681fa56e1bc3436fc0031a,stage6b_presentation_policy_v1_candidate,forward_attention,deepseek,"[""realization_unit_0253146d77852deab54cf281"", ""realization_unit_30e432701fc578f5d59cbe9c"", ""realization_unit_46705d636521a3df025ac8b0"", ""realization_unit_4e1e690c09e35ba30d60a20d"", ""realization_unit_5ecac42a75b6334b912f80b9"", ""realization_unit_6a52c701b073a35131c6beb2"", ""realization_unit_73836b3a882d59d5b1fdea9a"", ""realization_unit_75ad7fea5dc939c5411804a6"", ""realization_unit_76aa65505efa80cd24ffc1cd"", ""realization_unit_7ebffe1a616de9dae62c4d10"", ""realization_unit_856e908f8549bf1278330c84"", ""realization_unit_8cd309013f68eb00aff385c8"", ""realization_unit_8faf7dab64111c6367579c7f"", ""realization_unit_9129162454dbf01a87a4ffe2"", ""realization_unit_9f49ca6cec74e3e6ac223140"", ""realization_unit_a29fbbd56c96a339f1247db1"", ""realization_unit_bd9e15178ec41b709b47decf""]",none,30fab2d90e270f4f190f4d0b61095d43913c4ee7f34da586072892bc951998a8,0,90,"{""cell_id"": ""cell_a988b2656051f7e18ac637e4"", ""claim_type"": null, ""product_type"": ""forward_attention"", ""state_role"": null, ""valid_date"": ""2023-12-16""}",0.0,1.0,2023-12-16
stage7_main_task_030,stage7b_execution_item_d3d352813c501e9db819188b,4096,0,B1_STRUCTURED_PROMPT_LLM,1,deepseek-v4-flash,8e681fa56e1bc3436fc0031a30a415b90ea9abea8f73e2342686ceb22bff6410,evidence_pack_8e681fa56e1bc3436fc0031a,stage6b_presentation_policy_v1_candidate,forward_attention,deepseek,"[""realization_unit_0253146d77852deab54cf281"", ""realization_unit_30e432701fc578f5d59cbe9c"", ""realization_unit_46705d636521a3df025ac8b0"", ""realization_unit_4e1e690c09e35ba30d60a20d"", ""realization_unit_5ecac42a75b6334b912f80b9"", ""realization_unit_6a52c701b073a35131c6beb2"", ""realization_unit_73836b3a882d59d5b1fdea9a"", ""realization_unit_75ad7fea5dc939c5411804a6"", ""realization_unit_76aa65505efa80cd24ffc1cd"", ""realization_unit_7ebffe1a616de9dae62c4d10"", ""realization_unit_856e908f8549bf1278330c84"", ""realization_unit_8cd309013f68eb00aff385c8"", ""realization_unit_8faf7dab64111c6367579c7f"", ""realization_unit_9129162454dbf01a87a4ffe2"", ""realization_unit_9f49ca6cec74e3e6ac223140"", ""realization_unit_a29fbbd56c96a339f1247db1"", ""realization_unit_bd9e15178ec41b709b47decf""]",none,203d007b4fefb99d2fa12928a83346ffd8309e3ba9ce4c23fbbe34e89ed79281,0,91,"{""cell_id"": ""cell_a988b2656051f7e18ac637e4"", ""claim_type"": null, ""product_type"": ""forward_attention"", ""state_role"": null, ""valid_date"": ""2023-12-16""}",0.0,1.0,2023-12-16
stage7_main_task_030,stage7b_execution_item_c7b5032f9460139ef2298815,4096,0,P_PROPOSED,2,deepseek-v4-flash,1e6cb08dca10b28d87302f495ef27c8c643ee0bb72dfbfb0538526c7ef47e15d,evidence_pack_1e6cb08dca10b28d87302f49,stage6b_presentation_policy_v1_candidate,forward_attention,deepseek,"[""realization_unit_297f48fb6cf28e8d74ded337"", ""realization_unit_30e432701fc578f5d59cbe9c"", ""realization_unit_32ebe10d17e46d396655d2ff"", ""realization_unit_46705d636521a3df025ac8b0"", ""realization_unit_47803d011f64949db1f6554f"", ""realization_unit_4e1e690c09e35ba30d60a20d"", ""realization_unit_5d927f21378452600011d407"", ""realization_unit_5ecac42a75b6334b912f80b9"", ""realization_unit_75ad7fea5dc939c5411804a6"", ""realization_unit_8cd309013f68eb00aff385c8"", ""realization_unit_9129162454dbf01a87a4ffe2"", ""realization_unit_9f49ca6cec74e3e6ac223140"", ""realization_unit_bd9e15178ec41b709b47decf"", ""realization_unit_be564eba33de34847b06aede"", ""realization_unit_c9a51304abf5cbe95efe3878"", ""realization_unit_d87f1413393eb9e9aac1bbbd""]",none,45edcdb0c87c092100db93ace67fd8cef4adfbf28c5a519983103aa1751facb7,0,92,"{""cell_id"": ""cell_a988b2656051f7e18ac637e4"", ""claim_type"": null, ""product_type"": ""forward_attention"", ""state_role"": null, ""valid_date"": ""2023-12-16""}",0.0,1.0,2023-12-16
stage7_main_task_031,stage7b_execution_item_9d18a1d291284d0ed6a0f9a9,4096,0,B1_STRUCTURED_PROMPT_LLM,0,deepseek-v4-flash,022cc1856e1147c62a50869a96abdebe9e59687d509c013a0fca888fbfd43e8d,evidence_pack_022cc1856e1147c62a50869a,stage6b_presentation_policy_v1_candidate,daily_review,deepseek,"[""realization_unit_1d006c37f9c4c7268d17662e"", ""realization_unit_3c4c1fcffd6e6d5f9a9de4d0"", ""realization_unit_77e6a143c53bbe94434f6b65"", ""realization_unit_951eb150e8a5864f966ea998"", ""realization_unit_c32897365b8c31fe563afc78"", ""realization_unit_c3d668a80369383fa181eff9"", ""realization_unit_ccf07b6f02308ded336d5283"", ""realization_unit_e52b0c9500225a50b696aa52""]",none,cecd2e9c2d248295cd9213445fea119e65a0e80f69c44730fb906e03148cc79c,1,93,"{""cell_id"": ""cell_3d2558b73586465c51997f14"", ""claim_type"": null, ""product_type"": ""daily_review"", ""state_role"": null, ""valid_date"": ""2023-10-08""}",0.0,1.0,2023-10-08
stage7_main_task_031,stage7b_execution_item_1d4d1210c5fa6fff0efcf4c9,4096,0,P_PROPOSED,1,deepseek-v4-flash,47fb0c694f17a9ff6673a707fb56e37fdaff17da193431c449b1244da8e149be,evidence_pack_47fb0c694f17a9ff6673a707,stage6b_presentation_policy_v1_candidate,daily_review,deepseek,"[""realization_unit_1d006c37f9c4c7268d17662e"", ""realization_unit_3c4c1fcffd6e6d5f9a9de4d0"", ""realization_unit_77e6a143c53bbe94434f6b65"", ""realization_unit_951eb150e8a5864f966ea998"", ""realization_unit_c32897365b8c31fe563afc78"", ""realization_unit_c3d668a80369383fa181eff9"", ""realization_unit_ccf07b6f02308ded336d5283"", ""realization_unit_e52b0c9500225a50b696aa52""]",none,cd2d199184472423f93eb981a23bff643ed870f787af7db6efb0565c1e161542,1,94,"{""cell_id"": ""cell_3d2558b73586465c51997f14"", ""claim_type"": null, ""product_type"": ""daily_review"", ""state_role"": null, ""valid_date"": ""2023-10-08""}",0.0,1.0,2023-10-08
stage7_main_task_031,stage7b_execution_item_0a7694795443208724405fc0,4096,0,B0_DIRECT_LLM,2,deepseek-v4-flash,022cc1856e1147c62a50869a96abdebe9e59687d509c013a0fca888fbfd43e8d,evidence_pack_022cc1856e1147c62a50869a,stage6b_presentation_policy_v1_candidate,daily_review,deepseek,"[""realization_unit_1d006c37f9c4c7268d17662e"", ""realization_unit_3c4c1fcffd6e6d5f9a9de4d0"", ""realization_unit_77e6a143c53bbe94434f6b65"", ""realization_unit_951eb150e8a5864f966ea998"", ""realization_unit_c32897365b8c31fe563afc78"", ""realization_unit_c3d668a80369383fa181eff9"", ""realization_unit_ccf07b6f02308ded336d5283"", ""realization_unit_e52b0c9500225a50b696aa52""]",none,658507ec17c76751d6bba1b9725c4a3d69f796168919ff8f2022763eb7c76b41,1,95,"{""cell_id"": ""cell_3d2558b73586465c51997f14"", ""claim_type"": null, ""product_type"": ""daily_review"", ""state_role"": null, ""valid_date"": ""2023-10-08""}",0.0,1.0,2023-10-08
stage7_main_task_032,stage7b_execution_item_03e9ab9ad0f7999d7a88983c,4096,0,P_PROPOSED,0,deepseek-v4-flash,40244b5fe2813841451e8af7a7d482dc21952523180f8240d996b9a5b9ac60a0,evidence_pack_40244b5fe2813841451e8af7,stage6b_presentation_policy_v1_candidate,all,deepseek,"[""realization_unit_00ba73df81635ef8e7e4184b"", ""realization_unit_01f9fdfaa5bc30947c251291"", ""realization_unit_09981dcb43f5ea7b7b310196"", ""realization_unit_18f125b9de8dadaeed699245"", ""realization_unit_343c624ccce255aaa5aa5833"", ""realization_unit_3ef61520997422a29043ed9a"", ""realization_unit_412368f8081d9e61e4d3487d"", ""realization_unit_482619a0fd940d2f533a15b4"", ""realization_unit_49c6ce3799c426e497c2c723"", ""realization_unit_4c17ff0fcf850e8b35366f42"", ""realization_unit_55ea89812b6fa8f297e1edc1"", ""realization_unit_57231c8440e7808e9194499c"", ""realization_unit_592e2b5106ffd7b23f3d1e84"", ""realization_unit_5e5c1b0a247332d5d908aa59"", ""realization_unit_6078a34c9b81fef0c5403422"", ""realization_unit_62bcc559519c78c0d6291237"", ""realization_unit_63b58324e9f422794207e17f"", ""realization_unit_692308c777b609c924488160"", ""realization_unit_6fb2de754165a06264afc982"", ""realization_unit_75ad7fea5dc939c5411804a6"", ""realization_unit_77d50cae4d53073feb760402"", ""realization_unit_7bf6cc9739a9ffcf7464cbd9"", ""realization_unit_7edcc8d8a626330489b765aa"", ""realization_unit_81d42754b23e11d7612b9298"", ""realization_unit_857435aa904de0679ac74545"", ""realization_unit_90808454fdc8391ec64c512a"", ""realization_unit_97921b4b0d4769849e21d8cf"", ""realization_unit_99620890dd02e8b2b7879b6f"", ""realization_unit_9b42737bd3a3e7dd81cfcafa"", ""realization_unit_9c5e2b064b6f0db0cb0be0a2"", ""realization_unit_a58d72c58dc707f6d6f2d645"", ""realization_unit_aa70ba356f5c6894ceef80e6"", ""realization_unit_bda244a93ba661a16023760b"", ""realization_unit_c4d3ea6cd8aed749b293d337"", ""realization_unit_c587575161be667a3e4f774c"", ""realization_unit_c8685e0e8f1e217c58d75b2b"", ""realization_unit_cebe36dddd99afa759ac69fd"", ""realization_unit_cf977ea6b4e4c94827c7c0ed"", ""realization_unit_d0d6a9d7ce9d57687f11be9a"", ""realization_unit_d4b3878abe4a195ff57568a9"", ""realization_unit_dac6f2a64dc15b2286c6bdc3"", ""realization_unit_db8fba3caac9a3a349fbcfce"", ""realization_unit_de2bb8a061a71f9dedaa3262"", ""realization_unit_dfb179b53bfd64a9b81b67ac"", ""realization_unit_e40ea7619425f1c293f463e9"", ""realization_unit_e47553c0e6ae73954871828c"", ""realization_unit_e4f316e01510662b9d8d3a15"", ""realization_unit_f0be138a304ae7ffd301a767"", ""realization_unit_f2778ced334c86c9c5c141ca"", ""realization_unit_f57f7246c675b25f37fcadf6""]",none,982ebea7b801cba9a508f785ba744883e7048d6a8ab9cb0cd15b6e6421f42138,2,96,"{""cell_id"": null, ""claim_type"": null, ""product_type"": ""all"", ""state_role"": null, ""valid_date"": ""2023-12-16""}",0.0,1.0,2023-12-16
stage7_main_task_032,stage7b_execution_item_a4ea9e530e73eedcb31ee4fc,4096,0,B0_DIRECT_LLM,1,deepseek-v4-flash,b9c5b75e2274deb51573e86b375ac669c0d5e295882cd78ae7984ce86524d95a,evidence_pack_b9c5b75e2274deb51573e86b,stage6b_presentation_policy_v1_candidate,all,deepseek,"[""realization_unit_00ba73df81635ef8e7e4184b"", ""realization_unit_01f9fdfaa5bc30947c251291"", ""realization_unit_0253146d77852deab54cf281"", ""realization_unit_02cc726250f6705051f297fb"", ""realization_unit_05f15932011d22557ff26944"", ""realization_unit_09981dcb43f5ea7b7b310196"", ""realization_unit_18913270f84d203b790b7e53"", ""realization_unit_328d59ab72a05b7d97f6473a"", ""realization_unit_343c624ccce255aaa5aa5833"", ""realization_unit_39e07024ee17f91d4261bde2"", ""realization_unit_3d6b0186ceacde43b6bc6d99"", ""realization_unit_482619a0fd940d2f533a15b4"", ""realization_unit_49c6ce3799c426e497c2c723"", ""realization_unit_4adb429781cac04673e364c9"", ""realization_unit_55ea89812b6fa8f297e1edc1"", ""realization_unit_57231c8440e7808e9194499c"", ""realization_unit_58e2399c6184fb0ae5de97d2"", ""realization_unit_592e2b5106ffd7b23f3d1e84"", ""realization_unit_5e5c1b0a247332d5d908aa59"", ""realization_unit_5ebaed462bc88e49c30b04e3"", ""realization_unit_63b58324e9f422794207e17f"", ""realization_unit_692308c777b609c924488160"", ""realization_unit_6ad5498951b299e7810fe31a"", ""realization_unit_75ad7fea5dc939c5411804a6"", ""realization_unit_80e63325cc3c1bcaa96f1ba4"", ""realization_unit_857435aa904de0679ac74545"", ""realization_unit_90808454fdc8391ec64c512a"", ""realization_unit_94e4e9cb518548dc1ba74691"", ""realization_unit_97921b4b0d4769849e21d8cf"", ""realization_unit_99620890dd02e8b2b7879b6f"", ""realization_unit_9b1adf303f1f0f347ca03d03"", ""realization_unit_9d8a898fd643bf51d53cfded"", ""realization_unit_9f9bc94ab383fe68ba677d7d"", ""realization_unit_aa8d0bc5647495018341d255"", ""realization_unit_afe355693cb88e5297badc0e"", ""realization_unit_b86db6536bbc166d41607ed7"", ""realization_unit_bda244a93ba661a16023760b"", ""realization_unit_c4d3ea6cd8aed749b293d337"", ""realization_unit_c587575161be667a3e4f774c"", ""realization_unit_c5e55339a278545776ba9fc0"", ""realization_unit_d0d6a9d7ce9d57687f11be9a"", ""realization_unit_d8f4f75847ad46b925566987"", ""realization_unit_d944396571c70dbf2f3518d2"", ""realization_unit_dac6f2a64dc15b2286c6bdc3"", ""realization_unit_db8fba3caac9a3a349fbcfce"", ""realization_unit_de2bb8a061a71f9dedaa3262"", ""realization_unit_e40ea7619425f1c293f463e9"", ""realization_unit_e47553c0e6ae73954871828c"", ""realization_unit_e4f316e01510662b9d8d3a15"", ""realization_unit_ea7ef5f89159f5cd31eea4c3"", ""realization_unit_eb18dd29fadcd38f00b0ccf4"", ""realization_unit_f0be138a304ae7ffd301a767"", ""realization_unit_fa60d49d819888ff4e2a5628"", ""realization_unit_ff4c43878ab2fcbb38dad32d""]",none,a12ef8ffaeb22ff646593906847f8b949b11d46aeea96e79c07413c0611191c3,2,97,"{""cell_id"": null, ""claim_type"": null, ""product_type"": ""all"", ""state_role"": null, ""valid_date"": ""2023-12-16""}",0.0,1.0,2023-12-16
stage7_main_task_032,stage7b_execution_item_bb543e85c0b7af086a2b0a59,4096,0,B1_STRUCTURED_PROMPT_LLM,2,deepseek-v4-flash,b9c5b75e2274deb51573e86b375ac669c0d5e295882cd78ae7984ce86524d95a,evidence_pack_b9c5b75e2274deb51573e86b,stage6b_presentation_policy_v1_candidate,all,deepseek,"[""realization_unit_00ba73df81635ef8e7e4184b"", ""realization_unit_01f9fdfaa5bc30947c251291"", ""realization_unit_0253146d77852deab54cf281"", ""realization_unit_02cc726250f6705051f297fb"", ""realization_unit_05f15932011d22557ff26944"", ""realization_unit_09981dcb43f5ea7b7b310196"", ""realization_unit_18913270f84d203b790b7e53"", ""realization_unit_328d59ab72a05b7d97f6473a"", ""realization_unit_343c624ccce255aaa5aa5833"", ""realization_unit_39e07024ee17f91d4261bde2"", ""realization_unit_3d6b0186ceacde43b6bc6d99"", ""realization_unit_482619a0fd940d2f533a15b4"", ""realization_unit_49c6ce3799c426e497c2c723"", ""realization_unit_4adb429781cac04673e364c9"", ""realization_unit_55ea89812b6fa8f297e1edc1"", ""realization_unit_57231c8440e7808e9194499c"", ""realization_unit_58e2399c6184fb0ae5de97d2"", ""realization_unit_592e2b5106ffd7b23f3d1e84"", ""realization_unit_5e5c1b0a247332d5d908aa59"", ""realization_unit_5ebaed462bc88e49c30b04e3"", ""realization_unit_63b58324e9f422794207e17f"", ""realization_unit_692308c777b609c924488160"", ""realization_unit_6ad5498951b299e7810fe31a"", ""realization_unit_75ad7fea5dc939c5411804a6"", ""realization_unit_80e63325cc3c1bcaa96f1ba4"", ""realization_unit_857435aa904de0679ac74545"", ""realization_unit_90808454fdc8391ec64c512a"", ""realization_unit_94e4e9cb518548dc1ba74691"", ""realization_unit_97921b4b0d4769849e21d8cf"", ""realization_unit_99620890dd02e8b2b7879b6f"", ""realization_unit_9b1adf303f1f0f347ca03d03"", ""realization_unit_9d8a898fd643bf51d53cfded"", ""realization_unit_9f9bc94ab383fe68ba677d7d"", ""realization_unit_aa8d0bc5647495018341d255"", ""realization_unit_afe355693cb88e5297badc0e"", ""realization_unit_b86db6536bbc166d41607ed7"", ""realization_unit_bda244a93ba661a16023760b"", ""realization_unit_c4d3ea6cd8aed749b293d337"", ""realization_unit_c587575161be667a3e4f774c"", ""realization_unit_c5e55339a278545776ba9fc0"", ""realization_unit_d0d6a9d7ce9d57687f11be9a"", ""realization_unit_d8f4f75847ad46b925566987"", ""realization_unit_d944396571c70dbf2f3518d2"", ""realization_unit_dac6f2a64dc15b2286c6bdc3"", ""realization_unit_db8fba3caac9a3a349fbcfce"", ""realization_unit_de2bb8a061a71f9dedaa3262"", ""realization_unit_e40ea7619425f1c293f463e9"", ""realization_unit_e47553c0e6ae73954871828c"", ""realization_unit_e4f316e01510662b9d8d3a15"", ""realization_unit_ea7ef5f89159f5cd31eea4c3"", ""realization_unit_eb18dd29fadcd38f00b0ccf4"", ""realization_unit_f0be138a304ae7ffd301a767"", ""realization_unit_fa60d49d819888ff4e2a5628"", ""realization_unit_ff4c43878ab2fcbb38dad32d""]",none,56b07f02b6dcb02eadc2c6bfc6a83e993783ba12e13660a8577a80069c20eea8,2,98,"{""cell_id"": null, ""claim_type"": null, ""product_type"": ""all"", ""state_role"": null, ""valid_date"": ""2023-12-16""}",0.0,1.0,2023-12-16
stage7_main_task_033,stage7b_execution_item_66dac22a069f33f1995aa31a,4096,0,B0_DIRECT_LLM,0,deepseek-v4-flash,ab071a96cce5a5241f01bc4d19790e019fcbc3889c90bbe7d347f9513a76f5b7,evidence_pack_ab071a96cce5a5241f01bc4d,stage6b_presentation_policy_v1_candidate,daily_review,deepseek,"[""realization_unit_06e815dacb4094fb89b47af6"", ""realization_unit_103707ad26600156a2f73200"", ""realization_unit_14b57375fb06031044a04701"", ""realization_unit_1c88e7e3a7bbd5dbd13f1915"", ""realization_unit_1f7787fc730f7fd98261c1cb"", ""realization_unit_2f35a1e1c1aab336f3ddca34"", ""realization_unit_337879db342c036ec7c1f573"", ""realization_unit_41e0d003e0ba6844da758ff8"", ""realization_unit_42e8173a02e3e1db0be88bf8"", ""realization_unit_49858345a4c62391d4e59770"", ""realization_unit_4a5260a365c4adc431406f93"", ""realization_unit_4c5ce109012a71afc242bc63"", ""realization_unit_4ca9142534ac09e6da2a0b6d"", ""realization_unit_4fc8e97ee85222921108d821"", ""realization_unit_53249fc22738beddc8062b1f"", ""realization_unit_5849a0917748a75a1af94694"", ""realization_unit_5aa4cd6e8dd53f124bbff000"", ""realization_unit_64da51c8f08f212b8a3ef2bb"", ""realization_unit_7294a7fe78b5a4a9d77ad461"", ""realization_unit_8248ec07ad56ff78633e6d0e"", ""realization_unit_8f7e3dfd9eff8ad024e32905"", ""realization_unit_9776247fd15829b88283dd24"", ""realization_unit_9dbbb005d144c674574803b4"", ""realization_unit_b09309e5877a6ae2c5af7d65"", ""realization_unit_b6c590321bb61d36f8f3a589"", ""realization_unit_c33d569ac2ebdf1cdfa6b4b6"", ""realization_unit_c5b842eb1a6a7e0b3d7b5baf"", ""realization_unit_ca9c0a947fda8bd8740a2cc9"", ""realization_unit_cb6d161dbdae7ae24ccb85a0"", ""realization_unit_ce12b7120a35e3c3001151f6"", ""realization_unit_d2aec260cb6ab343f8ab0ff0"", ""realization_unit_d8cd20c72af7f0ef290fc379"", ""realization_unit_dfe82a4ed7469560094db0ef"", ""realization_unit_e63724523d9b5387f8bea5ab"", ""realization_unit_ea7b17bff192891044d14493"", ""realization_unit_f7ade68b479661898ecfaa8a"", ""realization_unit_f8dc34402aed6767ed661f4f"", ""realization_unit_fd306dcd990de411cc5bed46""]",none,f66c6ff91797e692f7d9c3f4fe2a281e218556eaf10f96ef34f106d490900478,0,99,"{""cell_id"": null, ""claim_type"": null, ""product_type"": ""daily_review"", ""state_role"": null, ""valid_date"": ""2023-10-18""}",0.0,1.0,2023-10-18
stage7_main_task_033,stage7b_execution_item_7728400ff31d2cd3acc62a0f,4096,0,B1_STRUCTURED_PROMPT_LLM,1,deepseek-v4-flash,ab071a96cce5a5241f01bc4d19790e019fcbc3889c90bbe7d347f9513a76f5b7,evidence_pack_ab071a96cce5a5241f01bc4d,stage6b_presentation_policy_v1_candidate,daily_review,deepseek,"[""realization_unit_06e815dacb4094fb89b47af6"", ""realization_unit_103707ad26600156a2f73200"", ""realization_unit_14b57375fb06031044a04701"", ""realization_unit_1c88e7e3a7bbd5dbd13f1915"", ""realization_unit_1f7787fc730f7fd98261c1cb"", ""realization_unit_2f35a1e1c1aab336f3ddca34"", ""realization_unit_337879db342c036ec7c1f573"", ""realization_unit_41e0d003e0ba6844da758ff8"", ""realization_unit_42e8173a02e3e1db0be88bf8"", ""realization_unit_49858345a4c62391d4e59770"", ""realization_unit_4a5260a365c4adc431406f93"", ""realization_unit_4c5ce109012a71afc242bc63"", ""realization_unit_4ca9142534ac09e6da2a0b6d"", ""realization_unit_4fc8e97ee85222921108d821"", ""realization_unit_53249fc22738beddc8062b1f"", ""realization_unit_5849a0917748a75a1af94694"", ""realization_unit_5aa4cd6e8dd53f124bbff000"", ""realization_unit_64da51c8f08f212b8a3ef2bb"", ""realization_unit_7294a7fe78b5a4a9d77ad461"", ""realization_unit_8248ec07ad56ff78633e6d0e"", ""realization_unit_8f7e3dfd9eff8ad024e32905"", ""realization_unit_9776247fd15829b88283dd24"", ""realization_unit_9dbbb005d144c674574803b4"", ""realization_unit_b09309e5877a6ae2c5af7d65"", ""realization_unit_b6c590321bb61d36f8f3a589"", ""realization_unit_c33d569ac2ebdf1cdfa6b4b6"", ""realization_unit_c5b842eb1a6a7e0b3d7b5baf"", ""realization_unit_ca9c0a947fda8bd8740a2cc9"", ""realization_unit_cb6d161dbdae7ae24ccb85a0"", ""realization_unit_ce12b7120a35e3c3001151f6"", ""realization_unit_d2aec260cb6ab343f8ab0ff0"", ""realization_unit_d8cd20c72af7f0ef290fc379"", ""realization_unit_dfe82a4ed7469560094db0ef"", ""realization_unit_e63724523d9b5387f8bea5ab"", ""realization_unit_ea7b17bff192891044d14493"", ""realization_unit_f7ade68b479661898ecfaa8a"", ""realization_unit_f8dc34402aed6767ed661f4f"", ""realization_unit_fd306dcd990de411cc5bed46""]",none,94900a0fb32100f8b84bdb856b64cf1f94e2658c92c4bc495d1ea905a78b6ab4,0,100,"{""cell_id"": null, ""claim_type"": null, ""product_type"": ""daily_review"", ""state_role"": null, ""valid_date"": ""2023-10-18""}",0.0,1.0,2023-10-18
stage7_main_task_033,stage7b_execution_item_fa30a1cb01ff3d42d4633b6e,4096,0,P_PROPOSED,2,deepseek-v4-flash,a674cda4aca0ff424adc5987adcbf686adb0204decbeeb09fc6b896eaa46969d,evidence_pack_a674cda4aca0ff424adc5987,stage6b_presentation_policy_v1_candidate,daily_review,deepseek,"[""realization_unit_06e815dacb4094fb89b47af6"", ""realization_unit_103707ad26600156a2f73200"", ""realization_unit_14b57375fb06031044a04701"", ""realization_unit_1f7787fc730f7fd98261c1cb"", ""realization_unit_2050d787784d5d1c1bde9475"", ""realization_unit_2279f401ee376d7f4d2daba2"", ""realization_unit_2ac43cf959ef499f6d95fdbf"", ""realization_unit_337879db342c036ec7c1f573"", ""realization_unit_40ecd59e6fde048873561e10"", ""realization_unit_41e0d003e0ba6844da758ff8"", ""realization_unit_42e8173a02e3e1db0be88bf8"", ""realization_unit_49858345a4c62391d4e59770"", ""realization_unit_4fc8e97ee85222921108d821"", ""realization_unit_53249fc22738beddc8062b1f"", ""realization_unit_5849a0917748a75a1af94694"", ""realization_unit_5aa4cd6e8dd53f124bbff000"", ""realization_unit_64da51c8f08f212b8a3ef2bb"", ""realization_unit_7294a7fe78b5a4a9d77ad461"", ""realization_unit_8f7e3dfd9eff8ad024e32905"", ""realization_unit_9776247fd15829b88283dd24"", ""realization_unit_9d7d1016a2bbbfca03c2086b"", ""realization_unit_9dbbb005d144c674574803b4"", ""realization_unit_b09309e5877a6ae2c5af7d65"", ""realization_unit_b6c590321bb61d36f8f3a589"", ""realization_unit_bd2f5a7a59d1f93531266fa9"", ""realization_unit_c33d569ac2ebdf1cdfa6b4b6"", ""realization_unit_cb6d161dbdae7ae24ccb85a0"", ""realization_unit_ce12b7120a35e3c3001151f6"", ""realization_unit_dfe82a4ed7469560094db0ef"", ""realization_unit_e20b37a982e615591e2ec4ae"", ""realization_unit_ea7b17bff192891044d14493"", ""realization_unit_eab509017a355c6e25644ba1"", ""realization_unit_f7ade68b479661898ecfaa8a"", ""realization_unit_f8dc34402aed6767ed661f4f"", ""realization_unit_fd306dcd990de411cc5bed46""]",none,eb13bdb52398e0206e22505be5a72781be5ed6013ec265d9e3d571e557ec54b3,0,101,"{""cell_id"": null, ""claim_type"": null, ""product_type"": ""daily_review"", ""state_role"": null, ""valid_date"": ""2023-10-18""}",0.0,1.0,2023-10-18
stage7_main_task_034,stage7b_execution_item_3b5b80b1f8a377356ab26eb2,4096,0,B1_STRUCTURED_PROMPT_LLM,0,deepseek-v4-flash,c6c7b31003f0b29de51ae42a7050f48b8145260f569558789e2f1798201cc41e,evidence_pack_c6c7b31003f0b29de51ae42a,stage6b_presentation_policy_v1_candidate,metric_review,deepseek,"[""realization_unit_041bb3a42a6ebd2ef080bba0"", ""realization_unit_58ba9c32eacd7d74fa4c9223"", ""realization_unit_5da59b9f5f993d33c686569d"", ""realization_unit_750f81ecf2607460cad8337e"", ""realization_unit_99a34c20981c9f30646ad317"", ""realization_unit_b87892b5a799625735b96baf"", ""realization_unit_dc49df6f1c81eeb9b78c4458"", ""realization_unit_e1421cf1e568cc45ba43ad06"", ""realization_unit_e2c960236e69f8a1ecddf6c3"", ""realization_unit_e5bcc4818b0460d0fbf07ac1""]",none,4dc0c3541cf54396d4fa708856655cc54f19440ff16d6c9f35c98a4946535e07,1,102,"{""cell_id"": null, ""claim_type"": null, ""product_type"": ""metric_review"", ""state_role"": null, ""valid_date"": ""2023-12-18""}",0.0,1.0,2023-12-18
stage7_main_task_034,stage7b_execution_item_39c27d5051ed04902393d1d3,4096,0,P_PROPOSED,1,deepseek-v4-flash,30d7077a90d87798d5af505146380c33ab1d13c5510c5109e932254b3c8a5f93,evidence_pack_30d7077a90d87798d5af5051,stage6b_presentation_policy_v1_candidate,metric_review,deepseek,"[""realization_unit_041bb3a42a6ebd2ef080bba0"", ""realization_unit_58ba9c32eacd7d74fa4c9223"", ""realization_unit_5da59b9f5f993d33c686569d"", ""realization_unit_750f81ecf2607460cad8337e"", ""realization_unit_b87892b5a799625735b96baf"", ""realization_unit_dc49df6f1c81eeb9b78c4458"", ""realization_unit_e1421cf1e568cc45ba43ad06"", ""realization_unit_e2c960236e69f8a1ecddf6c3"", ""realization_unit_e5bcc4818b0460d0fbf07ac1""]",none,e2b65348dd4cc9f99a5c2fba968f4ac955af54f1748c67dd62ead784fe6312f7,1,103,"{""cell_id"": null, ""claim_type"": null, ""product_type"": ""metric_review"", ""state_role"": null, ""valid_date"": ""2023-12-18""}",0.0,1.0,2023-12-18
stage7_main_task_034,stage7b_execution_item_2c28efcff1a892c209fc8a48,4096,0,B0_DIRECT_LLM,2,deepseek-v4-flash,c6c7b31003f0b29de51ae42a7050f48b8145260f569558789e2f1798201cc41e,evidence_pack_c6c7b31003f0b29de51ae42a,stage6b_presentation_policy_v1_candidate,metric_review,deepseek,"[""realization_unit_041bb3a42a6ebd2ef080bba0"", ""realization_unit_58ba9c32eacd7d74fa4c9223"", ""realization_unit_5da59b9f5f993d33c686569d"", ""realization_unit_750f81ecf2607460cad8337e"", ""realization_unit_99a34c20981c9f30646ad317"", ""realization_unit_b87892b5a799625735b96baf"", ""realization_unit_dc49df6f1c81eeb9b78c4458"", ""realization_unit_e1421cf1e568cc45ba43ad06"", ""realization_unit_e2c960236e69f8a1ecddf6c3"", ""realization_unit_e5bcc4818b0460d0fbf07ac1""]",none,38b6aad8a9e3ca9e475c8c0229b2327d79a0aa39d0b8414446f2ed8f09054fbd,1,104,"{""cell_id"": null, ""claim_type"": null, ""product_type"": ""metric_review"", ""state_role"": null, ""valid_date"": ""2023-12-18""}",0.0,1.0,2023-12-18
stage7_main_task_035,stage7b_execution_item_27ac32002e69808c3f11c9dd,4096,0,P_PROPOSED,0,deepseek-v4-flash,56560615101f76f9c8bb0d998ad32462bbae72f0224cbad1ea79da4c166487c0,evidence_pack_56560615101f76f9c8bb0d99,stage6b_presentation_policy_v1_candidate,forward_attention,deepseek,"[""realization_unit_31cc0088e5cd91bef2f65321"", ""realization_unit_6fb4e4575410a77f12c937e8"", ""realization_unit_70abaab653c813239247b1f4"", ""realization_unit_7c12269697ef96bcf82c0ac9"", ""realization_unit_8f1d90d0be3bf6befdd2e728"", ""realization_unit_b76809cd7ea9c5cbb515d6a9"", ""realization_unit_f4844c21101a6378eda6a335""]",none,bbb7f7c7b09913e2c27d0d676efc37a2203755875756fe351f643664970bc2ea,2,105,"{""cell_id"": ""cell_0c7c18a1ffef6d9e83e69815"", ""claim_type"": null, ""product_type"": ""forward_attention"", ""state_role"": null, ""valid_date"": ""2023-10-11""}",0.0,1.0,2023-10-11
stage7_main_task_035,stage7b_execution_item_ed120258e45cd3e31f922a4e,4096,0,B0_DIRECT_LLM,1,deepseek-v4-flash,8a299f93a8507075035a8840ec00e24fe5229b6388f4755f66912286663bfb91,evidence_pack_8a299f93a8507075035a8840,stage6b_presentation_policy_v1_candidate,forward_attention,deepseek,"[""realization_unit_31cc0088e5cd91bef2f65321"", ""realization_unit_6fb4e4575410a77f12c937e8"", ""realization_unit_70abaab653c813239247b1f4"", ""realization_unit_7c12269697ef96bcf82c0ac9"", ""realization_unit_8f1d90d0be3bf6befdd2e728"", ""realization_unit_b76809cd7ea9c5cbb515d6a9"", ""realization_unit_f4844c21101a6378eda6a335""]",none,3b7392856b8d2c19b06ea7b21238e28485cdeb5ceed7d60f1a61dec1ac1f3bda,2,106,"{""cell_id"": ""cell_0c7c18a1ffef6d9e83e69815"", ""claim_type"": null, ""product_type"": ""forward_attention"", ""state_role"": null, ""valid_date"": ""2023-10-11""}",0.0,1.0,2023-10-11
stage7_main_task_035,stage7b_execution_item_d8db7e946bcc04a036284659,4096,0,B1_STRUCTURED_PROMPT_LLM,2,deepseek-v4-flash,8a299f93a8507075035a8840ec00e24fe5229b6388f4755f66912286663bfb91,evidence_pack_8a299f93a8507075035a8840,stage6b_presentation_policy_v1_candidate,forward_attention,deepseek,"[""realization_unit_31cc0088e5cd91bef2f65321"", ""realization_unit_6fb4e4575410a77f12c937e8"", ""realization_unit_70abaab653c813239247b1f4"", ""realization_unit_7c12269697ef96bcf82c0ac9"", ""realization_unit_8f1d90d0be3bf6befdd2e728"", ""realization_unit_b76809cd7ea9c5cbb515d6a9"", ""realization_unit_f4844c21101a6378eda6a335""]",none,7747ea29ccf1daccf4568704d2c8d2c2cbd75dc4bd6bee14ce9f937d6fa2a97b,2,107,"{""cell_id"": ""cell_0c7c18a1ffef6d9e83e69815"", ""claim_type"": null, ""product_type"": ""forward_attention"", ""state_role"": null, ""valid_date"": ""2023-10-11""}",0.0,1.0,2023-10-11
stage7_main_task_036,stage7b_execution_item_2688f5d9ebb073f68ec903c8,4096,0,B0_DIRECT_LLM,0,deepseek-v4-flash,f06020123b24c96ee3880c1a4ac7108f087aa8323fc37c76207831eef0d54812,evidence_pack_f06020123b24c96ee3880c1a,stage6b_presentation_policy_v1_candidate,metric_review,deepseek,"[""realization_unit_4aafa019fa2e2e6c3733d2a3"", ""realization_unit_7ca717aab5377c0b4fcebf8a"", ""realization_unit_8606b96d530149f7c6e3d739"", ""realization_unit_98419a6ec4a3232fc9e9d62d"", ""realization_unit_cb9084276a0415551dc73275"", ""realization_unit_e9cd541ffdc4d153f6f72ba9""]",none,8adc91a9ef389011465db1f45ce63d8b7d5a53444bd38fb326a5bf5b5ef830c3,0,108,"{""cell_id"": ""cell_b78c8fe752bb215ebc415f65"", ""claim_type"": null, ""product_type"": ""metric_review"", ""state_role"": null, ""valid_date"": ""2023-11-28""}",0.0,1.0,2023-11-28
stage7_main_task_036,stage7b_execution_item_44b99605374cc6e11a401847,4096,0,B1_STRUCTURED_PROMPT_LLM,1,deepseek-v4-flash,f06020123b24c96ee3880c1a4ac7108f087aa8323fc37c76207831eef0d54812,evidence_pack_f06020123b24c96ee3880c1a,stage6b_presentation_policy_v1_candidate,metric_review,deepseek,"[""realization_unit_4aafa019fa2e2e6c3733d2a3"", ""realization_unit_7ca717aab5377c0b4fcebf8a"", ""realization_unit_8606b96d530149f7c6e3d739"", ""realization_unit_98419a6ec4a3232fc9e9d62d"", ""realization_unit_cb9084276a0415551dc73275"", ""realization_unit_e9cd541ffdc4d153f6f72ba9""]",none,90ec26004d1705ab3c346a5fa85a9c22274b3411ef04ba3e754914572957e3d2,0,109,"{""cell_id"": ""cell_b78c8fe752bb215ebc415f65"", ""claim_type"": null, ""product_type"": ""metric_review"", ""state_role"": null, ""valid_date"": ""2023-11-28""}",0.0,1.0,2023-11-28
stage7_main_task_036,stage7b_execution_item_e5c2055761cd8a845691255e,4096,0,P_PROPOSED,2,deepseek-v4-flash,98497f141cfb9deac2e2a1a55b9472de05093c0066f9962a9059e90d19cbd77f,evidence_pack_98497f141cfb9deac2e2a1a5,stage6b_presentation_policy_v1_candidate,metric_review,deepseek,"[""realization_unit_7ca717aab5377c0b4fcebf8a"", ""realization_unit_cb9084276a0415551dc73275"", ""realization_unit_e9cd541ffdc4d153f6f72ba9""]",none,acd3bb8a27868cc9273ceeae4d48b522e52c5b4d734958911a13ae1edafcbf71,0,110,"{""cell_id"": ""cell_b78c8fe752bb215ebc415f65"", ""claim_type"": null, ""product_type"": ""metric_review"", ""state_role"": null, ""valid_date"": ""2023-11-28""}",0.0,1.0,2023-11-28
stage7_main_task_037,stage7b_execution_item_981f88dc2157d863b9b78a9c,4096,0,B1_STRUCTURED_PROMPT_LLM,0,deepseek-v4-flash,810cf8e19623b4ad3017a049e5ed0fb18db4179ae9fc2584bb150f3fad7e4e63,evidence_pack_810cf8e19623b4ad3017a049,stage6b_presentation_policy_v1_candidate,daily_review,deepseek,"[""realization_unit_02453cdf869e943c2e145dc0"", ""realization_unit_378c1365364d88768b9033d8"", ""realization_unit_3fa82fcf630cc0a7778c7b2b"", ""realization_unit_47f14b547a4fe3889fe9fc8f"", ""realization_unit_48c56e867501f5ca3902311e"", ""realization_unit_5bdd25136c1101b681181669"", ""realization_unit_5f8cacde365f9b2a638a673f"", ""realization_unit_618ba362791e1d38548fd5af"", ""realization_unit_663f85daf2e549ddab5dc4cd"", ""realization_unit_7af784bc322ec1bb11dd1dac"", ""realization_unit_8cd2ee8b8dbca07f1bef423b"", ""realization_unit_9a5bd9333a769f9af1d05600"", ""realization_unit_9fb319d163708a0e85a07dee"", ""realization_unit_acb4c94023267bea41cd9d55"", ""realization_unit_ad4797568b9105226e0eaa7b"", ""realization_unit_adbaf2587dfc3a94a3c6b029"", ""realization_unit_b39bd5ef6bbf1e6f4fab9e82"", ""realization_unit_ce8718b3c5645a1100693cc9"", ""realization_unit_db5be13eee060e1a46dac67d"", ""realization_unit_ed2c65877063d1d798751d85""]",none,9d7125e48d4341ffc6692f379722864584cfc022ee59dfa053a72d7bc8789b60,1,111,"{""cell_id"": ""cell_a7a9faa90556b5f0054f0fd0"", ""claim_type"": null, ""product_type"": ""daily_review"", ""state_role"": null, ""valid_date"": ""2023-09-22""}",0.0,1.0,2023-09-22
stage7_main_task_037,stage7b_execution_item_b2bb4ad4eec281a3dc820ca0,4096,0,P_PROPOSED,1,deepseek-v4-flash,56ad3cd8b193f950765cbcc698dfabf46ec3cadc3c7de569843d51719ceb9950,evidence_pack_56ad3cd8b193f950765cbcc6,stage6b_presentation_policy_v1_candidate,daily_review,deepseek,"[""realization_unit_0a8fd7189028c74bf05532f6"", ""realization_unit_1ae60a55858a7d29374f7934"", ""realization_unit_21eb3324b8e4a8ce50286e09"", ""realization_unit_2ad12e954860abc987b29733"", ""realization_unit_48c56e867501f5ca3902311e"", ""realization_unit_5bdd25136c1101b681181669"", ""realization_unit_618ba362791e1d38548fd5af"", ""realization_unit_8cd2ee8b8dbca07f1bef423b"", ""realization_unit_8d0e694869b8d96a5f64cd11"", ""realization_unit_939bad954432b4fa2fa0e43e"", ""realization_unit_9a5bd9333a769f9af1d05600"", ""realization_unit_9fb319d163708a0e85a07dee"", ""realization_unit_acb4c94023267bea41cd9d55"", ""realization_unit_ad4797568b9105226e0eaa7b"", ""realization_unit_b39bd5ef6bbf1e6f4fab9e82"", ""realization_unit_b6e7d900fba74842e258e3ca"", ""realization_unit_b7ba683f1ac074e59af5fa8c"", ""realization_unit_ce8718b3c5645a1100693cc9"", ""realization_unit_ed2c65877063d1d798751d85""]",none,4fcf03f8b1c0bb1d718cf570207d0df5f0f5fe88fde613fbc368b3d9961c5f11,1,112,"{""cell_id"": ""cell_a7a9faa90556b5f0054f0fd0"", ""claim_type"": null, ""product_type"": ""daily_review"", ""state_role"": null, ""valid_date"": ""2023-09-22""}",0.0,1.0,2023-09-22
stage7_main_task_037,stage7b_execution_item_409ab345c38666283acad43b,4096,0,B0_DIRECT_LLM,2,deepseek-v4-flash,810cf8e19623b4ad3017a049e5ed0fb18db4179ae9fc2584bb150f3fad7e4e63,evidence_pack_810cf8e19623b4ad3017a049,stage6b_presentation_policy_v1_candidate,daily_review,deepseek,"[""realization_unit_02453cdf869e943c2e145dc0"", ""realization_unit_378c1365364d88768b9033d8"", ""realization_unit_3fa82fcf630cc0a7778c7b2b"", ""realization_unit_47f14b547a4fe3889fe9fc8f"", ""realization_unit_48c56e867501f5ca3902311e"", ""realization_unit_5bdd25136c1101b681181669"", ""realization_unit_5f8cacde365f9b2a638a673f"", ""realization_unit_618ba362791e1d38548fd5af"", ""realization_unit_663f85daf2e549ddab5dc4cd"", ""realization_unit_7af784bc322ec1bb11dd1dac"", ""realization_unit_8cd2ee8b8dbca07f1bef423b"", ""realization_unit_9a5bd9333a769f9af1d05600"", ""realization_unit_9fb319d163708a0e85a07dee"", ""realization_unit_acb4c94023267bea41cd9d55"", ""realization_unit_ad4797568b9105226e0eaa7b"", ""realization_unit_adbaf2587dfc3a94a3c6b029"", ""realization_unit_b39bd5ef6bbf1e6f4fab9e82"", ""realization_unit_ce8718b3c5645a1100693cc9"", ""realization_unit_db5be13eee060e1a46dac67d"", ""realization_unit_ed2c65877063d1d798751d85""]",none,5e81f65682487c07b757385ed7d784b789958dd6e122c530835a1881b44090a6,1,113,"{""cell_id"": ""cell_a7a9faa90556b5f0054f0fd0"", ""claim_type"": null, ""product_type"": ""daily_review"", ""state_role"": null, ""valid_date"": ""2023-09-22""}",0.0,1.0,2023-09-22
stage7_main_task_038,stage7b_execution_item_8d384fbc819aca8c2dc90670,4096,0,P_PROPOSED,0,deepseek-v4-flash,36022ff8d5ff667ad5f7b09e8434655cd8f4963734e358ae9031f88368d60fee,evidence_pack_36022ff8d5ff667ad5f7b09e,stage6b_presentation_policy_v1_candidate,forward_attention,deepseek,"[""realization_unit_0ace3eff89803ca02c343ea2"", ""realization_unit_26919edb5b83b140cd0ee526"", ""realization_unit_2ddc2195fbd5ebb1a2209ca3"", ""realization_unit_8179fdca64233d97b2578b4f"", ""realization_unit_b7de399e99cd4833fe6b5f72"", ""realization_unit_c3f54312cf38c619e94b401b"", ""realization_unit_c9c95848e88e2590a9ecde38"", ""realization_unit_eac2214d741fa0e16ed6ba8e"", ""realization_unit_eac3a1b94086c8f934536e72""]",none,00f609eeb59090572d27060ac4e7ce2dd34fde0d72aaac3733e2c04e86916308,2,114,"{""cell_id"": null, ""claim_type"": null, ""product_type"": ""forward_attention"", ""state_role"": null, ""valid_date"": ""2023-09-22""}",0.0,1.0,2023-09-22
stage7_main_task_038,stage7b_execution_item_6be833443d33ba4edf72bcea,4096,0,B0_DIRECT_LLM,1,deepseek-v4-flash,20123f40442ba084a8c3402a1523bd2f0db5a0a94eb1b4a46deec2be70e1f3d4,evidence_pack_20123f40442ba084a8c3402a,stage6b_presentation_policy_v1_candidate,forward_attention,deepseek,"[""realization_unit_0ace3eff89803ca02c343ea2"", ""realization_unit_26919edb5b83b140cd0ee526"", ""realization_unit_2ddc2195fbd5ebb1a2209ca3"", ""realization_unit_8179fdca64233d97b2578b4f"", ""realization_unit_b7de399e99cd4833fe6b5f72"", ""realization_unit_c3f54312cf38c619e94b401b"", ""realization_unit_c9c95848e88e2590a9ecde38"", ""realization_unit_eac2214d741fa0e16ed6ba8e"", ""realization_unit_eac3a1b94086c8f934536e72""]",none,41109708485bcfb949a6560344b54c3de333803d64318a4690962fc273c9a258,2,115,"{""cell_id"": null, ""claim_type"": null, ""product_type"": ""forward_attention"", ""state_role"": null, ""valid_date"": ""2023-09-22""}",0.0,1.0,2023-09-22
stage7_main_task_038,stage7b_execution_item_e3cfd8c13f048802dcf0f5ec,4096,0,B1_STRUCTURED_PROMPT_LLM,2,deepseek-v4-flash,20123f40442ba084a8c3402a1523bd2f0db5a0a94eb1b4a46deec2be70e1f3d4,evidence_pack_20123f40442ba084a8c3402a,stage6b_presentation_policy_v1_candidate,forward_attention,deepseek,"[""realization_unit_0ace3eff89803ca02c343ea2"", ""realization_unit_26919edb5b83b140cd0ee526"", ""realization_unit_2ddc2195fbd5ebb1a2209ca3"", ""realization_unit_8179fdca64233d97b2578b4f"", ""realization_unit_b7de399e99cd4833fe6b5f72"", ""realization_unit_c3f54312cf38c619e94b401b"", ""realization_unit_c9c95848e88e2590a9ecde38"", ""realization_unit_eac2214d741fa0e16ed6ba8e"", ""realization_unit_eac3a1b94086c8f934536e72""]",none,545702895d7cec481f168bcfe2590152b3cafdeb93dffaeddc5d251bbe9b4a09,2,116,"{""cell_id"": null, ""claim_type"": null, ""product_type"": ""forward_attention"", ""state_role"": null, ""valid_date"": ""2023-09-22""}",0.0,1.0,2023-09-22
stage7_main_task_039,stage7b_execution_item_dedc8a9ee85570035e78d420,4096,0,B0_DIRECT_LLM,0,deepseek-v4-flash,0320a5869a9b3832e536ecc7a551108946e2489b88c6b52585304296a964a7bd,evidence_pack_0320a5869a9b3832e536ecc7,stage6b_presentation_policy_v1_candidate,forward_attention,deepseek,"[""realization_unit_31bb439bf5d4c9787724483e"", ""realization_unit_4ea5dbd2b5535cd1e32ce190"", ""realization_unit_5a95427eb75f6f8688c19b5a"", ""realization_unit_b4975dcf3414f6a8f30c55a5"", ""realization_unit_be66c20b9af9150369ce0bb2"", ""realization_unit_ccd3e4065a1d8648f18c15a2"", ""realization_unit_f54b1e6d859b2a340f7fe8a3""]",none,f5ec86b2a205cf5c0d040adc961480edd775054368e106e3207b3b61f752f215,0,117,"{""cell_id"": ""cell_0e03d8262312cadde60398fe"", ""claim_type"": null, ""product_type"": ""forward_attention"", ""state_role"": null, ""valid_date"": ""2023-10-26""}",0.0,1.0,2023-10-26
stage7_main_task_039,stage7b_execution_item_d242fcb20f91b2d04dd31e34,4096,0,B1_STRUCTURED_PROMPT_LLM,1,deepseek-v4-flash,0320a5869a9b3832e536ecc7a551108946e2489b88c6b52585304296a964a7bd,evidence_pack_0320a5869a9b3832e536ecc7,stage6b_presentation_policy_v1_candidate,forward_attention,deepseek,"[""realization_unit_31bb439bf5d4c9787724483e"", ""realization_unit_4ea5dbd2b5535cd1e32ce190"", ""realization_unit_5a95427eb75f6f8688c19b5a"", ""realization_unit_b4975dcf3414f6a8f30c55a5"", ""realization_unit_be66c20b9af9150369ce0bb2"", ""realization_unit_ccd3e4065a1d8648f18c15a2"", ""realization_unit_f54b1e6d859b2a340f7fe8a3""]",none,fd1d01b4d5109b52b18db3d06630e3144fb9cdb8e585ad88b4d4fb5d78bfc307,0,118,"{""cell_id"": ""cell_0e03d8262312cadde60398fe"", ""claim_type"": null, ""product_type"": ""forward_attention"", ""state_role"": null, ""valid_date"": ""2023-10-26""}",0.0,1.0,2023-10-26
stage7_main_task_039,stage7b_execution_item_eb55e8c89e5dbe0edbac3f95,4096,0,P_PROPOSED,2,deepseek-v4-flash,d26817c10ee207221941bedf9fb9be69268980a2ed10119a89eabdcd5b5abe29,evidence_pack_d26817c10ee207221941bedf,stage6b_presentation_policy_v1_candidate,forward_attention,deepseek,"[""realization_unit_31bb439bf5d4c9787724483e"", ""realization_unit_4ea5dbd2b5535cd1e32ce190"", ""realization_unit_5a95427eb75f6f8688c19b5a"", ""realization_unit_b4975dcf3414f6a8f30c55a5"", ""realization_unit_be66c20b9af9150369ce0bb2"", ""realization_unit_ccd3e4065a1d8648f18c15a2"", ""realization_unit_f54b1e6d859b2a340f7fe8a3""]",none,6836f371410823d8ee11d29b0174bca129fc7e68c50c4dcf29f4088f849f1f39,0,119,"{""cell_id"": ""cell_0e03d8262312cadde60398fe"", ""claim_type"": null, ""product_type"": ""forward_attention"", ""state_role"": null, ""valid_date"": ""2023-10-26""}",0.0,1.0,2023-10-26
stage7_main_task_040,stage7b_execution_item_60bc8ced2b4b46c62af57bd8,4096,0,B1_STRUCTURED_PROMPT_LLM,0,deepseek-v4-flash,9051e3200dfcdc00a2d84ffe82b36dfd497d617b18139a30a938c31e44e1d5c0,evidence_pack_9051e3200dfcdc00a2d84ffe,stage6b_presentation_policy_v1_candidate,daily_review,deepseek,"[""realization_unit_0fc22b824778e71f886ba7ae"", ""realization_unit_1d7b363d33cc71dbef01787e"", ""realization_unit_26c6484edf6db7b2c0c2a345"", ""realization_unit_51bcaef57ece237c0a92a320"", ""realization_unit_59a516b8b4e818da4dc97000"", ""realization_unit_8476a7b7f331698721ed6248"", ""realization_unit_92d603a161075ff888a316e0"", ""realization_unit_d36218092db6681db53c3b41"", ""realization_unit_d56f42e14027e1a856ec9dea"", ""realization_unit_e3582b5e6f863a650286f9e3""]",none,8fe2742542ae62b78e90ba3715685704d065012994f23ccdd595abacacc93077,1,120,"{""cell_id"": ""cell_cb5a81a7ae16ac1f806d2b6b"", ""claim_type"": null, ""product_type"": ""daily_review"", ""state_role"": null, ""valid_date"": ""2023-12-06""}",0.0,1.0,2023-12-06
stage7_main_task_040,stage7b_execution_item_fd87e234de6856d515960ece,4096,0,P_PROPOSED,1,deepseek-v4-flash,619e6dcc2370ae81dd406088b5d4b0ee79d26ca3a3f7d38586049d7b3c98d120,evidence_pack_619e6dcc2370ae81dd406088,stage6b_presentation_policy_v1_candidate,daily_review,deepseek,"[""realization_unit_0fc22b824778e71f886ba7ae"", ""realization_unit_1d7b363d33cc71dbef01787e"", ""realization_unit_26c6484edf6db7b2c0c2a345"", ""realization_unit_51bcaef57ece237c0a92a320"", ""realization_unit_59a516b8b4e818da4dc97000"", ""realization_unit_8476a7b7f331698721ed6248"", ""realization_unit_92d603a161075ff888a316e0"", ""realization_unit_d36218092db6681db53c3b41"", ""realization_unit_d56f42e14027e1a856ec9dea"", ""realization_unit_e3582b5e6f863a650286f9e3""]",none,0601f551e04024ebc7916a3ad3503e0ae393b071d53da7570b782fc7dc170ebd,1,121,"{""cell_id"": ""cell_cb5a81a7ae16ac1f806d2b6b"", ""claim_type"": null, ""product_type"": ""daily_review"", ""state_role"": null, ""valid_date"": ""2023-12-06""}",0.0,1.0,2023-12-06
stage7_main_task_040,stage7b_execution_item_2250c0b69ae0508135535eee,4096,0,B0_DIRECT_LLM,2,deepseek-v4-flash,9051e3200dfcdc00a2d84ffe82b36dfd497d617b18139a30a938c31e44e1d5c0,evidence_pack_9051e3200dfcdc00a2d84ffe,stage6b_presentation_policy_v1_candidate,daily_review,deepseek,"[""realization_unit_0fc22b824778e71f886ba7ae"", ""realization_unit_1d7b363d33cc71dbef01787e"", ""realization_unit_26c6484edf6db7b2c0c2a345"", ""realization_unit_51bcaef57ece237c0a92a320"", ""realization_unit_59a516b8b4e818da4dc97000"", ""realization_unit_8476a7b7f331698721ed6248"", ""realization_unit_92d603a161075ff888a316e0"", ""realization_unit_d36218092db6681db53c3b41"", ""realization_unit_d56f42e14027e1a856ec9dea"", ""realization_unit_e3582b5e6f863a650286f9e3""]",none,c34589e1704da089f644e9c23f4af7ed88a703a5fb24fe8c28e62a04df70da50,1,122,"{""cell_id"": ""cell_cb5a81a7ae16ac1f806d2b6b"", ""claim_type"": null, ""product_type"": ""daily_review"", ""state_role"": null, ""valid_date"": ""2023-12-06""}",0.0,1.0,2023-12-06
stage7_main_task_041,stage7b_execution_item_785118c17f1aaf6c3af2bbdd,4096,0,P_PROPOSED,0,deepseek-v4-flash,81d798f7e94efebc2d9d2c02e1c82a3290ca48f28311dd500db2030a8d6d8f21,evidence_pack_81d798f7e94efebc2d9d2c02,stage6b_presentation_policy_v1_candidate,all,deepseek,"[""realization_unit_0fc22b824778e71f886ba7ae"", ""realization_unit_1d7b363d33cc71dbef01787e"", ""realization_unit_26c6484edf6db7b2c0c2a345"", ""realization_unit_51bcaef57ece237c0a92a320"", ""realization_unit_59a516b8b4e818da4dc97000"", ""realization_unit_8476a7b7f331698721ed6248"", ""realization_unit_92d603a161075ff888a316e0"", ""realization_unit_d36218092db6681db53c3b41"", ""realization_unit_d56f42e14027e1a856ec9dea"", ""realization_unit_e3582b5e6f863a650286f9e3""]",none,2e7713ba231e47330cd3156c8fb51f72c6737378e1e8fcb211f65e4bbb80f177,2,123,"{""cell_id"": ""cell_cb5a81a7ae16ac1f806d2b6b"", ""claim_type"": null, ""product_type"": ""all"", ""state_role"": null, ""valid_date"": ""2023-12-06""}",0.0,1.0,2023-12-06
stage7_main_task_041,stage7b_execution_item_172af0fa8c4ceca7e60a9ab8,4096,0,B0_DIRECT_LLM,1,deepseek-v4-flash,d71f5f2e75442b50e08a6f471ee988de90241fdc531069e411dfa0b9c67844aa,evidence_pack_d71f5f2e75442b50e08a6f47,stage6b_presentation_policy_v1_candidate,all,deepseek,"[""realization_unit_0fc22b824778e71f886ba7ae"", ""realization_unit_1d7b363d33cc71dbef01787e"", ""realization_unit_26c6484edf6db7b2c0c2a345"", ""realization_unit_51bcaef57ece237c0a92a320"", ""realization_unit_59a516b8b4e818da4dc97000"", ""realization_unit_8476a7b7f331698721ed6248"", ""realization_unit_92d603a161075ff888a316e0"", ""realization_unit_d36218092db6681db53c3b41"", ""realization_unit_d56f42e14027e1a856ec9dea"", ""realization_unit_e3582b5e6f863a650286f9e3""]",none,ed098d24029b1e365172a571af481f990e550b1b357ec6c7e8e834f2fcdf5fc8,2,124,"{""cell_id"": ""cell_cb5a81a7ae16ac1f806d2b6b"", ""claim_type"": null, ""product_type"": ""all"", ""state_role"": null, ""valid_date"": ""2023-12-06""}",0.0,1.0,2023-12-06
stage7_main_task_041,stage7b_execution_item_b93a5f141a21ba4cdbd0c3fc,4096,0,B1_STRUCTURED_PROMPT_LLM,2,deepseek-v4-flash,d71f5f2e75442b50e08a6f471ee988de90241fdc531069e411dfa0b9c67844aa,evidence_pack_d71f5f2e75442b50e08a6f47,stage6b_presentation_policy_v1_candidate,all,deepseek,"[""realization_unit_0fc22b824778e71f886ba7ae"", ""realization_unit_1d7b363d33cc71dbef01787e"", ""realization_unit_26c6484edf6db7b2c0c2a345"", ""realization_unit_51bcaef57ece237c0a92a320"", ""realization_unit_59a516b8b4e818da4dc97000"", ""realization_unit_8476a7b7f331698721ed6248"", ""realization_unit_92d603a161075ff888a316e0"", ""realization_unit_d36218092db6681db53c3b41"", ""realization_unit_d56f42e14027e1a856ec9dea"", ""realization_unit_e3582b5e6f863a650286f9e3""]",none,17bf0b325cc0c78cafc74ca24f075a04fa59ef7a3dc29c16598da16417e176ad,2,125,"{""cell_id"": ""cell_cb5a81a7ae16ac1f806d2b6b"", ""claim_type"": null, ""product_type"": ""all"", ""state_role"": null, ""valid_date"": ""2023-12-06""}",0.0,1.0,2023-12-06
stage7_main_task_042,stage7b_execution_item_0fa0f5824d8c9713be2b21c3,4096,0,B0_DIRECT_LLM,0,deepseek-v4-flash,d875c7dd24d8d8043e935be84aa8dbb0d6f77fc0f571b65110682ecf2f0631b6,evidence_pack_d875c7dd24d8d8043e935be8,stage6b_presentation_policy_v1_candidate,all,deepseek,"[""realization_unit_02453cdf869e943c2e145dc0"", ""realization_unit_378c1365364d88768b9033d8"", ""realization_unit_3fa82fcf630cc0a7778c7b2b"", ""realization_unit_47f14b547a4fe3889fe9fc8f"", ""realization_unit_48c56e867501f5ca3902311e"", ""realization_unit_5bdd25136c1101b681181669"", ""realization_unit_5f8cacde365f9b2a638a673f"", ""realization_unit_618ba362791e1d38548fd5af"", ""realization_unit_663f85daf2e549ddab5dc4cd"", ""realization_unit_7af784bc322ec1bb11dd1dac"", ""realization_unit_8cd2ee8b8dbca07f1bef423b"", ""realization_unit_9a5bd9333a769f9af1d05600"", ""realization_unit_9fb319d163708a0e85a07dee"", ""realization_unit_acb4c94023267bea41cd9d55"", ""realization_unit_ad4797568b9105226e0eaa7b"", ""realization_unit_adbaf2587dfc3a94a3c6b029"", ""realization_unit_b39bd5ef6bbf1e6f4fab9e82"", ""realization_unit_ce8718b3c5645a1100693cc9"", ""realization_unit_db5be13eee060e1a46dac67d"", ""realization_unit_ed2c65877063d1d798751d85""]",none,0e592c248c2f0d10f662d93af6d57fb83104ca026e430d5cefa7c1426c5ff721,0,126,"{""cell_id"": ""cell_a7a9faa90556b5f0054f0fd0"", ""claim_type"": null, ""product_type"": ""all"", ""state_role"": null, ""valid_date"": ""2023-09-22""}",0.0,1.0,2023-09-22
stage7_main_task_042,stage7b_execution_item_d79633a0b9ae814e8f028207,4096,0,B1_STRUCTURED_PROMPT_LLM,1,deepseek-v4-flash,d875c7dd24d8d8043e935be84aa8dbb0d6f77fc0f571b65110682ecf2f0631b6,evidence_pack_d875c7dd24d8d8043e935be8,stage6b_presentation_policy_v1_candidate,all,deepseek,"[""realization_unit_02453cdf869e943c2e145dc0"", ""realization_unit_378c1365364d88768b9033d8"", ""realization_unit_3fa82fcf630cc0a7778c7b2b"", ""realization_unit_47f14b547a4fe3889fe9fc8f"", ""realization_unit_48c56e867501f5ca3902311e"", ""realization_unit_5bdd25136c1101b681181669"", ""realization_unit_5f8cacde365f9b2a638a673f"", ""realization_unit_618ba362791e1d38548fd5af"", ""realization_unit_663f85daf2e549ddab5dc4cd"", ""realization_unit_7af784bc322ec1bb11dd1dac"", ""realization_unit_8cd2ee8b8dbca07f1bef423b"", ""realization_unit_9a5bd9333a769f9af1d05600"", ""realization_unit_9fb319d163708a0e85a07dee"", ""realization_unit_acb4c94023267bea41cd9d55"", ""realization_unit_ad4797568b9105226e0eaa7b"", ""realization_unit_adbaf2587dfc3a94a3c6b029"", ""realization_unit_b39bd5ef6bbf1e6f4fab9e82"", ""realization_unit_ce8718b3c5645a1100693cc9"", ""realization_unit_db5be13eee060e1a46dac67d"", ""realization_unit_ed2c65877063d1d798751d85""]",none,ffcc90e51196d4bf69ab6babe402003b6da1dcb872ce628cff0d3e26b1d6f584,0,127,"{""cell_id"": ""cell_a7a9faa90556b5f0054f0fd0"", ""claim_type"": null, ""product_type"": ""all"", ""state_role"": null, ""valid_date"": ""2023-09-22""}",0.0,1.0,2023-09-22
stage7_main_task_042,stage7b_execution_item_4ab338a18808db54664b6d1e,4096,0,P_PROPOSED,2,deepseek-v4-flash,702aa01d4cc67a3cfd8114131579d5a9eceb9644502ec854c2c85d4d3fb5bfff,evidence_pack_702aa01d4cc67a3cfd811413,stage6b_presentation_policy_v1_candidate,all,deepseek,"[""realization_unit_0a8fd7189028c74bf05532f6"", ""realization_unit_1ae60a55858a7d29374f7934"", ""realization_unit_21eb3324b8e4a8ce50286e09"", ""realization_unit_2ad12e954860abc987b29733"", ""realization_unit_48c56e867501f5ca3902311e"", ""realization_unit_5bdd25136c1101b681181669"", ""realization_unit_618ba362791e1d38548fd5af"", ""realization_unit_8cd2ee8b8dbca07f1bef423b"", ""realization_unit_8d0e694869b8d96a5f64cd11"", ""realization_unit_939bad954432b4fa2fa0e43e"", ""realization_unit_9a5bd9333a769f9af1d05600"", ""realization_unit_9fb319d163708a0e85a07dee"", ""realization_unit_acb4c94023267bea41cd9d55"", ""realization_unit_ad4797568b9105226e0eaa7b"", ""realization_unit_b39bd5ef6bbf1e6f4fab9e82"", ""realization_unit_b6e7d900fba74842e258e3ca"", ""realization_unit_b7ba683f1ac074e59af5fa8c"", ""realization_unit_ce8718b3c5645a1100693cc9"", ""realization_unit_ed2c65877063d1d798751d85""]",none,3b42e0966cb0e415556d5ab1934a92cb7dd8e3999681f637e12ff434124af36d,0,128,"{""cell_id"": ""cell_a7a9faa90556b5f0054f0fd0"", ""claim_type"": null, ""product_type"": ""all"", ""state_role"": null, ""valid_date"": ""2023-09-22""}",0.0,1.0,2023-09-22
stage7_main_task_043,stage7b_execution_item_1358da44dfe242219c03883d,4096,0,B1_STRUCTURED_PROMPT_LLM,0,deepseek-v4-flash,5c54f0280694e0997038caddb9096aa23962bbad869147c5ce136ef9c13753d7,evidence_pack_5c54f0280694e0997038cadd,stage6b_presentation_policy_v1_candidate,all,deepseek,"[""realization_unit_0d0bcf217e15316f16f42aaa"", ""realization_unit_121f1e9724f36a938c83f741"", ""realization_unit_1452e62d8edabd6bf488019e"", ""realization_unit_24b9fb3489ab912f7d135636"", ""realization_unit_2e5fbe2963b8cda7fa769840"", ""realization_unit_30a5670807291e735ab0290f"", ""realization_unit_3ae5aee315a3096e167a2e20"", ""realization_unit_40a9998df488cf77dfec25e4"", ""realization_unit_44ef02ed4fd5a36ae20e00ed"", ""realization_unit_48b8fcce98c3545b3b275e5e"", ""realization_unit_4a69d11b05ed98ac99835d72"", ""realization_unit_523eb3b1fe0eab21e15a65d3"", ""realization_unit_622592f3959406cb9830b943"", ""realization_unit_6c121ddc64a52ff7028f2d08"", ""realization_unit_6d7100fe4c7c02e252833fa8"", ""realization_unit_77c570787d283873b56ad98e"", ""realization_unit_780411c7debd6500c2d98c6e"", ""realization_unit_7a0578aaa00e9253bb3570e4"", ""realization_unit_7ebe4745d2345cd7a76e5e76"", ""realization_unit_8447b6f9d89d36737c508542"", ""realization_unit_8e2bb595ec458f6b2261703d"", ""realization_unit_95f31bb79a0f9c3398b04be1"", ""realization_unit_a4ff9d77490b9625af6a27f1"", ""realization_unit_bf3f87050b50d51542dbe1d9"", ""realization_unit_cfe9271cc43a552d6b5cb83f"", ""realization_unit_d65ff90188d65ce1b11d97b4"", ""realization_unit_d7a84d276fc71601d853b1e6"", ""realization_unit_d8f3827151bffd3d3c471593"", ""realization_unit_da89b17b099a51951ddf9f0a"", ""realization_unit_dc5c7c4dd95fd77cd4078d6b"", ""realization_unit_df629e793020e094094dabea"", ""realization_unit_ff74a4447ed177d9ac320995""]",none,0563fb59f8862f852c4fdc97186753609a9da382a6a5db9a614f5c88d8d9867c,1,129,"{""cell_id"": ""cell_ff5e7be1c6332ee68423a3aa"", ""claim_type"": null, ""product_type"": ""all"", ""state_role"": null, ""valid_date"": ""2023-11-21""}",0.0,1.0,2023-11-21
stage7_main_task_043,stage7b_execution_item_c82e8846129dca688da20a45,4096,0,P_PROPOSED,1,deepseek-v4-flash,3fbf91ed0c2ec980aeb6600cfdc63002adcbd82c13c0348246052bb65a46581c,evidence_pack_3fbf91ed0c2ec980aeb6600c,stage6b_presentation_policy_v1_candidate,all,deepseek,"[""realization_unit_0d0bcf217e15316f16f42aaa"", ""realization_unit_121f1e9724f36a938c83f741"", ""realization_unit_24bd37749081cbc0ca19fded"", ""realization_unit_26ae881d338151b9e3b768d8"", ""realization_unit_2f691dff7713283f8b6d9859"", ""realization_unit_30a5670807291e735ab0290f"", ""realization_unit_44ef02ed4fd5a36ae20e00ed"", ""realization_unit_4a69d11b05ed98ac99835d72"", ""realization_unit_4e05dc999aafdd47e7a18b07"", ""realization_unit_523eb3b1fe0eab21e15a65d3"", ""realization_unit_53267793636468ac5f266061"", ""realization_unit_622592f3959406cb9830b943"", ""realization_unit_6c121ddc64a52ff7028f2d08"", ""realization_unit_780411c7debd6500c2d98c6e"", ""realization_unit_7a0578aaa00e9253bb3570e4"", ""realization_unit_80a2127d99ca247923170ed4"", ""realization_unit_86f353a0546ff6ef483b5622"", ""realization_unit_8e2bb595ec458f6b2261703d"", ""realization_unit_9f3109a0acb6b8e4d07a01bd"", ""realization_unit_a1d1ec4e58d4aa3babc50808"", ""realization_unit_b0ba357a139b36a0cac0e2e7"", ""realization_unit_bf3f87050b50d51542dbe1d9"", ""realization_unit_c229b88b6f277273c06191a1"", ""realization_unit_c4a8cca23fa3fe8fe5ac69fd"", ""realization_unit_d4371bc17ee9566766b76be5"", ""realization_unit_d65ff90188d65ce1b11d97b4"", ""realization_unit_d7b27aa714564b3ad4d63efa"", ""realization_unit_d8f3827151bffd3d3c471593"", ""realization_unit_ff74a4447ed177d9ac320995""]",none,fc76d4d7a0f66a736b4b980065d790968a215b632a16ec7cb749fc9a63b7b2a3,1,130,"{""cell_id"": ""cell_ff5e7be1c6332ee68423a3aa"", ""claim_type"": null, ""product_type"": ""all"", ""state_role"": null, ""valid_date"": ""2023-11-21""}",0.0,1.0,2023-11-21
stage7_main_task_043,stage7b_execution_item_78a38332a359c012d24fb865,4096,0,B0_DIRECT_LLM,2,deepseek-v4-flash,5c54f0280694e0997038caddb9096aa23962bbad869147c5ce136ef9c13753d7,evidence_pack_5c54f0280694e0997038cadd,stage6b_presentation_policy_v1_candidate,all,deepseek,"[""realization_unit_0d0bcf217e15316f16f42aaa"", ""realization_unit_121f1e9724f36a938c83f741"", ""realization_unit_1452e62d8edabd6bf488019e"", ""realization_unit_24b9fb3489ab912f7d135636"", ""realization_unit_2e5fbe2963b8cda7fa769840"", ""realization_unit_30a5670807291e735ab0290f"", ""realization_unit_3ae5aee315a3096e167a2e20"", ""realization_unit_40a9998df488cf77dfec25e4"", ""realization_unit_44ef02ed4fd5a36ae20e00ed"", ""realization_unit_48b8fcce98c3545b3b275e5e"", ""realization_unit_4a69d11b05ed98ac99835d72"", ""realization_unit_523eb3b1fe0eab21e15a65d3"", ""realization_unit_622592f3959406cb9830b943"", ""realization_unit_6c121ddc64a52ff7028f2d08"", ""realization_unit_6d7100fe4c7c02e252833fa8"", ""realization_unit_77c570787d283873b56ad98e"", ""realization_unit_780411c7debd6500c2d98c6e"", ""realization_unit_7a0578aaa00e9253bb3570e4"", ""realization_unit_7ebe4745d2345cd7a76e5e76"", ""realization_unit_8447b6f9d89d36737c508542"", ""realization_unit_8e2bb595ec458f6b2261703d"", ""realization_unit_95f31bb79a0f9c3398b04be1"", ""realization_unit_a4ff9d77490b9625af6a27f1"", ""realization_unit_bf3f87050b50d51542dbe1d9"", ""realization_unit_cfe9271cc43a552d6b5cb83f"", ""realization_unit_d65ff90188d65ce1b11d97b4"", ""realization_unit_d7a84d276fc71601d853b1e6"", ""realization_unit_d8f3827151bffd3d3c471593"", ""realization_unit_da89b17b099a51951ddf9f0a"", ""realization_unit_dc5c7c4dd95fd77cd4078d6b"", ""realization_unit_df629e793020e094094dabea"", ""realization_unit_ff74a4447ed177d9ac320995""]",none,faf8383227d0b915e094cadad5013faac80c334b7f5467fb38a1a9b4ef27b432,1,131,"{""cell_id"": ""cell_ff5e7be1c6332ee68423a3aa"", ""claim_type"": null, ""product_type"": ""all"", ""state_role"": null, ""valid_date"": ""2023-11-21""}",0.0,1.0,2023-11-21
stage7_main_task_044,stage7b_execution_item_72da86cb99ed3ac5bc560c5a,4096,0,P_PROPOSED,0,deepseek-v4-flash,50e333437a303a85fd0d1603849a81736c644719723bde9eea65f2cd395183c8,evidence_pack_50e333437a303a85fd0d1603,stage6b_presentation_policy_v1_candidate,all,deepseek,"[""realization_unit_103707ad26600156a2f73200"", ""realization_unit_1bfb269431c6bd75363cf3f4"", ""realization_unit_1f7787fc730f7fd98261c1cb"", ""realization_unit_337879db342c036ec7c1f573"", ""realization_unit_3d8ba7af51b9359f8e3c51b1"", ""realization_unit_42e8173a02e3e1db0be88bf8"", ""realization_unit_49858345a4c62391d4e59770"", ""realization_unit_4fc8e97ee85222921108d821"", ""realization_unit_53249fc22738beddc8062b1f"", ""realization_unit_5849a0917748a75a1af94694"", ""realization_unit_5aa4cd6e8dd53f124bbff000"", ""realization_unit_64da51c8f08f212b8a3ef2bb"", ""realization_unit_6881d07044de45b333fe13ca"", ""realization_unit_68b170464f406f149872e5a8"", ""realization_unit_80f6efa14d08b8a63131cab0"", ""realization_unit_9dbbb005d144c674574803b4"", ""realization_unit_c33d569ac2ebdf1cdfa6b4b6"", ""realization_unit_c513c96bf212828d0278c0ba"", ""realization_unit_cb6d161dbdae7ae24ccb85a0"", ""realization_unit_ce12b7120a35e3c3001151f6"", ""realization_unit_dfe82a4ed7469560094db0ef"", ""realization_unit_e3de9b49cc40bd909a3bd219"", ""realization_unit_fb8b3d94fbe6a08e45efb07e""]",none,399f65240d0a40cffb80575bb0fb8e103a109c5b196c906f4bb05e9f33fffd0c,2,132,"{""cell_id"": ""cell_2dfc9a7f03542dcf190b7553"", ""claim_type"": null, ""product_type"": ""all"", ""state_role"": null, ""valid_date"": ""2023-10-18""}",0.0,1.0,2023-10-18
stage7_main_task_044,stage7b_execution_item_687247aece33e0647f7b5eb5,4096,0,B0_DIRECT_LLM,1,deepseek-v4-flash,083b91cf69c72116b7d964390736951d8477a8fb2e7cccd9a2c9b525272d1e06,evidence_pack_083b91cf69c72116b7d96439,stage6b_presentation_policy_v1_candidate,all,deepseek,"[""realization_unit_103707ad26600156a2f73200"", ""realization_unit_1f7787fc730f7fd98261c1cb"", ""realization_unit_337879db342c036ec7c1f573"", ""realization_unit_41a9bbf175010bd07f0aa77d"", ""realization_unit_42e8173a02e3e1db0be88bf8"", ""realization_unit_49858345a4c62391d4e59770"", ""realization_unit_4a5260a365c4adc431406f93"", ""realization_unit_4ca9142534ac09e6da2a0b6d"", ""realization_unit_4fc8e97ee85222921108d821"", ""realization_unit_53249fc22738beddc8062b1f"", ""realization_unit_5849a0917748a75a1af94694"", ""realization_unit_5aa4cd6e8dd53f124bbff000"", ""realization_unit_64da51c8f08f212b8a3ef2bb"", ""realization_unit_69430129f2bb86a7cef66202"", ""realization_unit_76c9abed7b34a84f6f486702"", ""realization_unit_9dbbb005d144c674574803b4"", ""realization_unit_b892e0a90c2a50a9d0d76cbe"", ""realization_unit_c33d569ac2ebdf1cdfa6b4b6"", ""realization_unit_cb6d161dbdae7ae24ccb85a0"", ""realization_unit_ce12b7120a35e3c3001151f6"", ""realization_unit_d8cd20c72af7f0ef290fc379"", ""realization_unit_dde584e65bda3e022f7bea73"", ""realization_unit_dfe82a4ed7469560094db0ef"", ""realization_unit_e00cfbe779da29b1960461d8"", ""realization_unit_e39055d9197a97117e321af9"", ""realization_unit_e7168c9f101b285240477f05""]",none,a75b3cd86582345a6cd0826163cb3b7901a7d5b74bd40a54ce12fa4d32b63314,2,133,"{""cell_id"": ""cell_2dfc9a7f03542dcf190b7553"", ""claim_type"": null, ""product_type"": ""all"", ""state_role"": null, ""valid_date"": ""2023-10-18""}",0.0,1.0,2023-10-18
stage7_main_task_044,stage7b_execution_item_3971d3bbc18d5de1f1ed18f3,4096,0,B1_STRUCTURED_PROMPT_LLM,2,deepseek-v4-flash,083b91cf69c72116b7d964390736951d8477a8fb2e7cccd9a2c9b525272d1e06,evidence_pack_083b91cf69c72116b7d96439,stage6b_presentation_policy_v1_candidate,all,deepseek,"[""realization_unit_103707ad26600156a2f73200"", ""realization_unit_1f7787fc730f7fd98261c1cb"", ""realization_unit_337879db342c036ec7c1f573"", ""realization_unit_41a9bbf175010bd07f0aa77d"", ""realization_unit_42e8173a02e3e1db0be88bf8"", ""realization_unit_49858345a4c62391d4e59770"", ""realization_unit_4a5260a365c4adc431406f93"", ""realization_unit_4ca9142534ac09e6da2a0b6d"", ""realization_unit_4fc8e97ee85222921108d821"", ""realization_unit_53249fc22738beddc8062b1f"", ""realization_unit_5849a0917748a75a1af94694"", ""realization_unit_5aa4cd6e8dd53f124bbff000"", ""realization_unit_64da51c8f08f212b8a3ef2bb"", ""realization_unit_69430129f2bb86a7cef66202"", ""realization_unit_76c9abed7b34a84f6f486702"", ""realization_unit_9dbbb005d144c674574803b4"", ""realization_unit_b892e0a90c2a50a9d0d76cbe"", ""realization_unit_c33d569ac2ebdf1cdfa6b4b6"", ""realization_unit_cb6d161dbdae7ae24ccb85a0"", ""realization_unit_ce12b7120a35e3c3001151f6"", ""realization_unit_d8cd20c72af7f0ef290fc379"", ""realization_unit_dde584e65bda3e022f7bea73"", ""realization_unit_dfe82a4ed7469560094db0ef"", ""realization_unit_e00cfbe779da29b1960461d8"", ""realization_unit_e39055d9197a97117e321af9"", ""realization_unit_e7168c9f101b285240477f05""]",none,301ef3ffe1beea5c303dfedd9a3fcfc8cb9fa9bae4791fd8600ca3b0e82c3f43,2,134,"{""cell_id"": ""cell_2dfc9a7f03542dcf190b7553"", ""claim_type"": null, ""product_type"": ""all"", ""state_role"": null, ""valid_date"": ""2023-10-18""}",0.0,1.0,2023-10-18
stage7_main_task_045,stage7b_execution_item_5c01a76679d1d13a0e57f59c,4096,0,B0_DIRECT_LLM,0,deepseek-v4-flash,a1775a61a020372a4c9c032fd3ccca8ebbee749f1c8917c9aafb28d7aaad63c3,evidence_pack_a1775a61a020372a4c9c032f,stage6b_presentation_policy_v1_candidate,daily_review,deepseek,"[""realization_unit_103707ad26600156a2f73200"", ""realization_unit_1f7787fc730f7fd98261c1cb"", ""realization_unit_337879db342c036ec7c1f573"", ""realization_unit_41a9bbf175010bd07f0aa77d"", ""realization_unit_42e8173a02e3e1db0be88bf8"", ""realization_unit_49858345a4c62391d4e59770"", ""realization_unit_4a5260a365c4adc431406f93"", ""realization_unit_4ca9142534ac09e6da2a0b6d"", ""realization_unit_4fc8e97ee85222921108d821"", ""realization_unit_53249fc22738beddc8062b1f"", ""realization_unit_5849a0917748a75a1af94694"", ""realization_unit_5aa4cd6e8dd53f124bbff000"", ""realization_unit_64da51c8f08f212b8a3ef2bb"", ""realization_unit_69430129f2bb86a7cef66202"", ""realization_unit_76c9abed7b34a84f6f486702"", ""realization_unit_9dbbb005d144c674574803b4"", ""realization_unit_b892e0a90c2a50a9d0d76cbe"", ""realization_unit_c33d569ac2ebdf1cdfa6b4b6"", ""realization_unit_cb6d161dbdae7ae24ccb85a0"", ""realization_unit_ce12b7120a35e3c3001151f6"", ""realization_unit_d8cd20c72af7f0ef290fc379"", ""realization_unit_dde584e65bda3e022f7bea73"", ""realization_unit_dfe82a4ed7469560094db0ef"", ""realization_unit_e00cfbe779da29b1960461d8"", ""realization_unit_e39055d9197a97117e321af9"", ""realization_unit_e7168c9f101b285240477f05""]",none,59d0a6d556addd39af85ab40c60566430925135a5a545ab7dc00882c68f59785,0,135,"{""cell_id"": ""cell_2dfc9a7f03542dcf190b7553"", ""claim_type"": null, ""product_type"": ""daily_review"", ""state_role"": null, ""valid_date"": ""2023-10-18""}",0.0,1.0,2023-10-18
stage7_main_task_045,stage7b_execution_item_80607b4051160b17a5c4ea92,4096,0,B1_STRUCTURED_PROMPT_LLM,1,deepseek-v4-flash,a1775a61a020372a4c9c032fd3ccca8ebbee749f1c8917c9aafb28d7aaad63c3,evidence_pack_a1775a61a020372a4c9c032f,stage6b_presentation_policy_v1_candidate,daily_review,deepseek,"[""realization_unit_103707ad26600156a2f73200"", ""realization_unit_1f7787fc730f7fd98261c1cb"", ""realization_unit_337879db342c036ec7c1f573"", ""realization_unit_41a9bbf175010bd07f0aa77d"", ""realization_unit_42e8173a02e3e1db0be88bf8"", ""realization_unit_49858345a4c62391d4e59770"", ""realization_unit_4a5260a365c4adc431406f93"", ""realization_unit_4ca9142534ac09e6da2a0b6d"", ""realization_unit_4fc8e97ee85222921108d821"", ""realization_unit_53249fc22738beddc8062b1f"", ""realization_unit_5849a0917748a75a1af94694"", ""realization_unit_5aa4cd6e8dd53f124bbff000"", ""realization_unit_64da51c8f08f212b8a3ef2bb"", ""realization_unit_69430129f2bb86a7cef66202"", ""realization_unit_76c9abed7b34a84f6f486702"", ""realization_unit_9dbbb005d144c674574803b4"", ""realization_unit_b892e0a90c2a50a9d0d76cbe"", ""realization_unit_c33d569ac2ebdf1cdfa6b4b6"", ""realization_unit_cb6d161dbdae7ae24ccb85a0"", ""realization_unit_ce12b7120a35e3c3001151f6"", ""realization_unit_d8cd20c72af7f0ef290fc379"", ""realization_unit_dde584e65bda3e022f7bea73"", ""realization_unit_dfe82a4ed7469560094db0ef"", ""realization_unit_e00cfbe779da29b1960461d8"", ""realization_unit_e39055d9197a97117e321af9"", ""realization_unit_e7168c9f101b285240477f05""]",none,df606ab803e1fe0d90f63f00aafcd0cc63cf5e86dcacd2eeeb11f1fee4895d84,0,136,"{""cell_id"": ""cell_2dfc9a7f03542dcf190b7553"", ""claim_type"": null, ""product_type"": ""daily_review"", ""state_role"": null, ""valid_date"": ""2023-10-18""}",0.0,1.0,2023-10-18
stage7_main_task_045,stage7b_execution_item_9f1027bf330c0e78f6ce2665,4096,0,P_PROPOSED,2,deepseek-v4-flash,392da8f4cf1c0007d6c86eb8181f009241a011bde37781dfb50bb50153a6c750,evidence_pack_392da8f4cf1c0007d6c86eb8,stage6b_presentation_policy_v1_candidate,daily_review,deepseek,"[""realization_unit_103707ad26600156a2f73200"", ""realization_unit_1bfb269431c6bd75363cf3f4"", ""realization_unit_1f7787fc730f7fd98261c1cb"", ""realization_unit_337879db342c036ec7c1f573"", ""realization_unit_3d8ba7af51b9359f8e3c51b1"", ""realization_unit_42e8173a02e3e1db0be88bf8"", ""realization_unit_49858345a4c62391d4e59770"", ""realization_unit_4fc8e97ee85222921108d821"", ""realization_unit_53249fc22738beddc8062b1f"", ""realization_unit_5849a0917748a75a1af94694"", ""realization_unit_5aa4cd6e8dd53f124bbff000"", ""realization_unit_64da51c8f08f212b8a3ef2bb"", ""realization_unit_6881d07044de45b333fe13ca"", ""realization_unit_68b170464f406f149872e5a8"", ""realization_unit_80f6efa14d08b8a63131cab0"", ""realization_unit_9dbbb005d144c674574803b4"", ""realization_unit_c33d569ac2ebdf1cdfa6b4b6"", ""realization_unit_c513c96bf212828d0278c0ba"", ""realization_unit_cb6d161dbdae7ae24ccb85a0"", ""realization_unit_ce12b7120a35e3c3001151f6"", ""realization_unit_dfe82a4ed7469560094db0ef"", ""realization_unit_e3de9b49cc40bd909a3bd219"", ""realization_unit_fb8b3d94fbe6a08e45efb07e""]",none,0bf6da226795211d9767d00f298285404a7090df4265e16a643ec5674ac3ef15,0,137,"{""cell_id"": ""cell_2dfc9a7f03542dcf190b7553"", ""claim_type"": null, ""product_type"": ""daily_review"", ""state_role"": null, ""valid_date"": ""2023-10-18""}",0.0,1.0,2023-10-18
stage7_main_task_046,stage7b_execution_item_2c0f1e514d87c7e032695c39,4096,0,B1_STRUCTURED_PROMPT_LLM,0,deepseek-v4-flash,24bcb834f86e6087d14dbb574a7888a47be623b36c608bbaac960a665a1ac679,evidence_pack_24bcb834f86e6087d14dbb57,stage6b_presentation_policy_v1_candidate,metric_review,deepseek,"[""realization_unit_06e815dacb4094fb89b47af6"", ""realization_unit_41e0d003e0ba6844da758ff8"", ""realization_unit_45dac9cdf1143913bcec727a"", ""realization_unit_4a5260a365c4adc431406f93"", ""realization_unit_4ca9142534ac09e6da2a0b6d"", ""realization_unit_5849a0917748a75a1af94694"", ""realization_unit_7126d66b1054ad7ab9f2e795"", ""realization_unit_7c02da3a499384a95ca5c418"", ""realization_unit_9dbbb005d144c674574803b4"", ""realization_unit_b09309e5877a6ae2c5af7d65"", ""realization_unit_bb448bdd1c182c4243f7b9e6"", ""realization_unit_ce12b7120a35e3c3001151f6"", ""realization_unit_d8cd20c72af7f0ef290fc379"", ""realization_unit_ea7b17bff192891044d14493"", ""realization_unit_ed607362c9c49198846e9d6c"", ""realization_unit_f7ade68b479661898ecfaa8a"", ""realization_unit_fd306dcd990de411cc5bed46""]",none,072509d28a17af84c502204814e701713bbaab4633a3c859afcc8aa4e7a8ca79,1,138,"{""cell_id"": null, ""claim_type"": null, ""product_type"": ""metric_review"", ""state_role"": null, ""valid_date"": ""2023-10-18""}",0.0,1.0,2023-10-18
stage7_main_task_046,stage7b_execution_item_5aec9af5b9598f4d2aaad44c,4096,0,P_PROPOSED,1,deepseek-v4-flash,96eb27ee5783e4b3596f16cdfc97e779ce072fc1c233eaf60ae2e5e354d7a94b,evidence_pack_96eb27ee5783e4b3596f16cd,stage6b_presentation_policy_v1_candidate,metric_review,deepseek,"[""realization_unit_06e815dacb4094fb89b47af6"", ""realization_unit_41e0d003e0ba6844da758ff8"", ""realization_unit_5849a0917748a75a1af94694"", ""realization_unit_7c02da3a499384a95ca5c418"", ""realization_unit_9dbbb005d144c674574803b4"", ""realization_unit_b09309e5877a6ae2c5af7d65"", ""realization_unit_bb448bdd1c182c4243f7b9e6"", ""realization_unit_ce12b7120a35e3c3001151f6"", ""realization_unit_ea7b17bff192891044d14493"", ""realization_unit_ed607362c9c49198846e9d6c"", ""realization_unit_f7ade68b479661898ecfaa8a"", ""realization_unit_fd306dcd990de411cc5bed46""]",none,b308d6ae2f2f6202a55a316c3af2fc54d4c7ec450a347c3c80a4eb71141c2845,1,139,"{""cell_id"": null, ""claim_type"": null, ""product_type"": ""metric_review"", ""state_role"": null, ""valid_date"": ""2023-10-18""}",0.0,1.0,2023-10-18
stage7_main_task_046,stage7b_execution_item_a01d409738fd0c0e2e78e7f8,4096,0,B0_DIRECT_LLM,2,deepseek-v4-flash,24bcb834f86e6087d14dbb574a7888a47be623b36c608bbaac960a665a1ac679,evidence_pack_24bcb834f86e6087d14dbb57,stage6b_presentation_policy_v1_candidate,metric_review,deepseek,"[""realization_unit_06e815dacb4094fb89b47af6"", ""realization_unit_41e0d003e0ba6844da758ff8"", ""realization_unit_45dac9cdf1143913bcec727a"", ""realization_unit_4a5260a365c4adc431406f93"", ""realization_unit_4ca9142534ac09e6da2a0b6d"", ""realization_unit_5849a0917748a75a1af94694"", ""realization_unit_7126d66b1054ad7ab9f2e795"", ""realization_unit_7c02da3a499384a95ca5c418"", ""realization_unit_9dbbb005d144c674574803b4"", ""realization_unit_b09309e5877a6ae2c5af7d65"", ""realization_unit_bb448bdd1c182c4243f7b9e6"", ""realization_unit_ce12b7120a35e3c3001151f6"", ""realization_unit_d8cd20c72af7f0ef290fc379"", ""realization_unit_ea7b17bff192891044d14493"", ""realization_unit_ed607362c9c49198846e9d6c"", ""realization_unit_f7ade68b479661898ecfaa8a"", ""realization_unit_fd306dcd990de411cc5bed46""]",none,4e335eae374cfafaf1729156b2a263fff09fea4f916f214c320bc33e2b4e8e5f,1,140,"{""cell_id"": null, ""claim_type"": null, ""product_type"": ""metric_review"", ""state_role"": null, ""valid_date"": ""2023-10-18""}",0.0,1.0,2023-10-18
stage7_main_task_047,stage7b_execution_item_bf0491798b5194c6b8a8963d,4096,0,P_PROPOSED,0,deepseek-v4-flash,9f3803ee953431897ec31421c43d163cd44cec706ebb181204cb4283d88cf044,evidence_pack_9f3803ee953431897ec31421,stage6b_presentation_policy_v1_candidate,daily_review,deepseek,"[""realization_unit_05cd43aeb839ff6d1328da1f"", ""realization_unit_0d0bcf217e15316f16f42aaa"", ""realization_unit_0fa08e439e0604dd967b29ad"", ""realization_unit_121f1e9724f36a938c83f741"", ""realization_unit_1e4c209ffe01911fcd792eda"", ""realization_unit_2146222215eef265ca62465c"", ""realization_unit_24bd37749081cbc0ca19fded"", ""realization_unit_24d0714afa7eb95f260df5cb"", ""realization_unit_26ae881d338151b9e3b768d8"", ""realization_unit_30a5670807291e735ab0290f"", ""realization_unit_36ce2d7c4dbba60588ea370c"", ""realization_unit_3add4af7a548486d120a3b00"", ""realization_unit_3f67bd099204ec9327d618b8"", ""realization_unit_40ad434a3778064fccc14c88"", ""realization_unit_4431cff512eb5253fcaab7c9"", ""realization_unit_44ef02ed4fd5a36ae20e00ed"", ""realization_unit_475d4548e4bacb6abbdcb18b"", ""realization_unit_4a69d11b05ed98ac99835d72"", ""realization_unit_50538b440244bf6126904142"", ""realization_unit_516ac3dabd275b7e3bdbd949"", ""realization_unit_523eb3b1fe0eab21e15a65d3"", ""realization_unit_54ed9eb0bdb9e24e8809acd1"", ""realization_unit_622592f3959406cb9830b943"", ""realization_unit_6c121ddc64a52ff7028f2d08"", ""realization_unit_7114c4f7cf70d707c24b4bf9"", ""realization_unit_780411c7debd6500c2d98c6e"", ""realization_unit_7a0578aaa00e9253bb3570e4"", ""realization_unit_80b6fcc60cf9a6553005f658"", ""realization_unit_88f30f4c9bed7b32a5e5a585"", ""realization_unit_8b1e318d0ea06c2762dc1ef5"", ""realization_unit_8e2bb595ec458f6b2261703d"", ""realization_unit_8ff9812bfa12d2dc071fa8c2"", ""realization_unit_961a8e77365e9382059577de"", ""realization_unit_9711ffeae26b7f6ef86d90ef"", ""realization_unit_9a431b9f0e5d9f2b90974008"", ""realization_unit_9f3109a0acb6b8e4d07a01bd"", ""realization_unit_a1d1ec4e58d4aa3babc50808"", ""realization_unit_a460331bc69fbfb118ca5d86"", ""realization_unit_b4c375e98e254b2d5d50545e"", ""realization_unit_b59f5871cf3a400848d4b874"", ""realization_unit_b820a36beebca732809555d7"", ""realization_unit_bf3f87050b50d51542dbe1d9"", ""realization_unit_c229b88b6f277273c06191a1"", ""realization_unit_c3c9343881d5b99ac17e555f"", ""realization_unit_c855b46e538df4f53ad62cc5"", ""realization_unit_c8e0a8562951633e714a2299"", ""realization_unit_d2fc5c3c4703c9760d1f395b"", ""realization_unit_d65ff90188d65ce1b11d97b4"", ""realization_unit_d6c1150a03014b133cb3d509"", ""realization_unit_d7b27aa714564b3ad4d63efa"", ""realization_unit_d8f3827151bffd3d3c471593"", ""realization_unit_e38d25e5e296e6ebaa67d677"", ""realization_unit_e5a485dda1d7a60f35ffd074"", ""realization_unit_ed68e748910fbf58f1464fb5"", ""realization_unit_f266194a291f9f7be6edf2c9"", ""realization_unit_f40b698aa274dc7c708ace9f"", ""realization_unit_fabada1b7920350ca7cfbfdd"", ""realization_unit_fc6b94367460cf6654f8284b"", ""realization_unit_ff74a4447ed177d9ac320995""]",none,6d65a8b2b79ca41d77d7aa9cd7b7409bd41e774a68af388720ab6ed747f97885,2,141,"{""cell_id"": null, ""claim_type"": null, ""product_type"": ""daily_review"", ""state_role"": null, ""valid_date"": ""2023-11-21""}",0.0,1.0,2023-11-21
stage7_main_task_047,stage7b_execution_item_cc32b812a21a2b1c1815471a,4096,0,B0_DIRECT_LLM,1,deepseek-v4-flash,3c603bace8a3977721cb7e6c8bb60b5f70df8f4017ba8a74ab3eeb29448fc9b3,evidence_pack_3c603bace8a3977721cb7e6c,stage6b_presentation_policy_v1_candidate,daily_review,deepseek,"[""realization_unit_05cd43aeb839ff6d1328da1f"", ""realization_unit_0d0bcf217e15316f16f42aaa"", ""realization_unit_0fa08e439e0604dd967b29ad"", ""realization_unit_121f1e9724f36a938c83f741"", ""realization_unit_1e4c209ffe01911fcd792eda"", ""realization_unit_24b9fb3489ab912f7d135636"", ""realization_unit_30a5670807291e735ab0290f"", ""realization_unit_3add4af7a548486d120a3b00"", ""realization_unit_3f67bd099204ec9327d618b8"", ""realization_unit_40ad434a3778064fccc14c88"", ""realization_unit_4431cff512eb5253fcaab7c9"", ""realization_unit_44ef02ed4fd5a36ae20e00ed"", ""realization_unit_475d4548e4bacb6abbdcb18b"", ""realization_unit_48b8fcce98c3545b3b275e5e"", ""realization_unit_4a69d11b05ed98ac99835d72"", ""realization_unit_4b56f3d328b551d0368c48fc"", ""realization_unit_50538b440244bf6126904142"", ""realization_unit_516ac3dabd275b7e3bdbd949"", ""realization_unit_523eb3b1fe0eab21e15a65d3"", ""realization_unit_54ed9eb0bdb9e24e8809acd1"", ""realization_unit_590dded2db9fb40d93bf8315"", ""realization_unit_622592f3959406cb9830b943"", ""realization_unit_6c121ddc64a52ff7028f2d08"", ""realization_unit_6d7100fe4c7c02e252833fa8"", ""realization_unit_7114c4f7cf70d707c24b4bf9"", ""realization_unit_77c570787d283873b56ad98e"", ""realization_unit_77d63a8fafe56bbea8129d32"", ""realization_unit_780411c7debd6500c2d98c6e"", ""realization_unit_7a0578aaa00e9253bb3570e4"", ""realization_unit_8b1e318d0ea06c2762dc1ef5"", ""realization_unit_8e2bb595ec458f6b2261703d"", ""realization_unit_8ff9812bfa12d2dc071fa8c2"", ""realization_unit_95f31bb79a0f9c3398b04be1"", ""realization_unit_961a8e77365e9382059577de"", ""realization_unit_9711ffeae26b7f6ef86d90ef"", ""realization_unit_9c7b9a9d03fffe1c15b0812b"", ""realization_unit_a460331bc69fbfb118ca5d86"", ""realization_unit_a4ff9d77490b9625af6a27f1"", ""realization_unit_b4c375e98e254b2d5d50545e"", ""realization_unit_b59f5871cf3a400848d4b874"", ""realization_unit_b820a36beebca732809555d7"", ""realization_unit_bf3f87050b50d51542dbe1d9"", ""realization_unit_c3c9343881d5b99ac17e555f"", ""realization_unit_c855b46e538df4f53ad62cc5"", ""realization_unit_c8e0a8562951633e714a2299"", ""realization_unit_cfe9271cc43a552d6b5cb83f"", ""realization_unit_d65ff90188d65ce1b11d97b4"", ""realization_unit_d6c1150a03014b133cb3d509"", ""realization_unit_d7a84d276fc71601d853b1e6"", ""realization_unit_d8f3827151bffd3d3c471593"", ""realization_unit_dc3f63fea941cd43331385ae"", ""realization_unit_deb80e2cfda9fcc63ede9a41"", ""realization_unit_df629e793020e094094dabea"", ""realization_unit_e38d25e5e296e6ebaa67d677"", ""realization_unit_e5a485dda1d7a60f35ffd074"", ""realization_unit_ed68e748910fbf58f1464fb5"", ""realization_unit_edfcfb0e1396e39cb7eb4509"", ""realization_unit_f266194a291f9f7be6edf2c9"", ""realization_unit_f675504df4730d990be63e95"", ""realization_unit_fabada1b7920350ca7cfbfdd"", ""realization_unit_fc6b94367460cf6654f8284b"", ""realization_unit_ff74a4447ed177d9ac320995""]",none,4c13ca2500ba3565313d1e88235220135d997833799dc0d57b5a4921893a1aa4,2,142,"{""cell_id"": null, ""claim_type"": null, ""product_type"": ""daily_review"", ""state_role"": null, ""valid_date"": ""2023-11-21""}",0.0,1.0,2023-11-21
stage7_main_task_047,stage7b_execution_item_da0c33a003e9a7f5d7d28b59,4096,0,B1_STRUCTURED_PROMPT_LLM,2,deepseek-v4-flash,3c603bace8a3977721cb7e6c8bb60b5f70df8f4017ba8a74ab3eeb29448fc9b3,evidence_pack_3c603bace8a3977721cb7e6c,stage6b_presentation_policy_v1_candidate,daily_review,deepseek,"[""realization_unit_05cd43aeb839ff6d1328da1f"", ""realization_unit_0d0bcf217e15316f16f42aaa"", ""realization_unit_0fa08e439e0604dd967b29ad"", ""realization_unit_121f1e9724f36a938c83f741"", ""realization_unit_1e4c209ffe01911fcd792eda"", ""realization_unit_24b9fb3489ab912f7d135636"", ""realization_unit_30a5670807291e735ab0290f"", ""realization_unit_3add4af7a548486d120a3b00"", ""realization_unit_3f67bd099204ec9327d618b8"", ""realization_unit_40ad434a3778064fccc14c88"", ""realization_unit_4431cff512eb5253fcaab7c9"", ""realization_unit_44ef02ed4fd5a36ae20e00ed"", ""realization_unit_475d4548e4bacb6abbdcb18b"", ""realization_unit_48b8fcce98c3545b3b275e5e"", ""realization_unit_4a69d11b05ed98ac99835d72"", ""realization_unit_4b56f3d328b551d0368c48fc"", ""realization_unit_50538b440244bf6126904142"", ""realization_unit_516ac3dabd275b7e3bdbd949"", ""realization_unit_523eb3b1fe0eab21e15a65d3"", ""realization_unit_54ed9eb0bdb9e24e8809acd1"", ""realization_unit_590dded2db9fb40d93bf8315"", ""realization_unit_622592f3959406cb9830b943"", ""realization_unit_6c121ddc64a52ff7028f2d08"", ""realization_unit_6d7100fe4c7c02e252833fa8"", ""realization_unit_7114c4f7cf70d707c24b4bf9"", ""realization_unit_77c570787d283873b56ad98e"", ""realization_unit_77d63a8fafe56bbea8129d32"", ""realization_unit_780411c7debd6500c2d98c6e"", ""realization_unit_7a0578aaa00e9253bb3570e4"", ""realization_unit_8b1e318d0ea06c2762dc1ef5"", ""realization_unit_8e2bb595ec458f6b2261703d"", ""realization_unit_8ff9812bfa12d2dc071fa8c2"", ""realization_unit_95f31bb79a0f9c3398b04be1"", ""realization_unit_961a8e77365e9382059577de"", ""realization_unit_9711ffeae26b7f6ef86d90ef"", ""realization_unit_9c7b9a9d03fffe1c15b0812b"", ""realization_unit_a460331bc69fbfb118ca5d86"", ""realization_unit_a4ff9d77490b9625af6a27f1"", ""realization_unit_b4c375e98e254b2d5d50545e"", ""realization_unit_b59f5871cf3a400848d4b874"", ""realization_unit_b820a36beebca732809555d7"", ""realization_unit_bf3f87050b50d51542dbe1d9"", ""realization_unit_c3c9343881d5b99ac17e555f"", ""realization_unit_c855b46e538df4f53ad62cc5"", ""realization_unit_c8e0a8562951633e714a2299"", ""realization_unit_cfe9271cc43a552d6b5cb83f"", ""realization_unit_d65ff90188d65ce1b11d97b4"", ""realization_unit_d6c1150a03014b133cb3d509"", ""realization_unit_d7a84d276fc71601d853b1e6"", ""realization_unit_d8f3827151bffd3d3c471593"", ""realization_unit_dc3f63fea941cd43331385ae"", ""realization_unit_deb80e2cfda9fcc63ede9a41"", ""realization_unit_df629e793020e094094dabea"", ""realization_unit_e38d25e5e296e6ebaa67d677"", ""realization_unit_e5a485dda1d7a60f35ffd074"", ""realization_unit_ed68e748910fbf58f1464fb5"", ""realization_unit_edfcfb0e1396e39cb7eb4509"", ""realization_unit_f266194a291f9f7be6edf2c9"", ""realization_unit_f675504df4730d990be63e95"", ""realization_unit_fabada1b7920350ca7cfbfdd"", ""realization_unit_fc6b94367460cf6654f8284b"", ""realization_unit_ff74a4447ed177d9ac320995""]",none,fa1ca5f86d538a6777a3e409a1d52146df79bf3782526569ec2ebe55405212a4,2,143,"{""cell_id"": null, ""claim_type"": null, ""product_type"": ""daily_review"", ""state_role"": null, ""valid_date"": ""2023-11-21""}",0.0,1.0,2023-11-21
