claim_id,claim_type,claim_value,epistemic_status,nonprobabilistic_qualifier,order_index,section_id,source_fact_lock_id_for_audit_only,state_role,subject_scope,support_summary,task_id,unit_verified
typed_claim_e4c7b6475a059c36c0231e5d,FORECAST_GEOLOGICAL_CONDITION,"{""attribute_dimension"":null,""attribute_name"":""geological_conclusion"",""normalized_value"":""该段围岩较前段稍有变好。岩性 为板岩夹变质砂岩，弱风化，岩 质软硬不均，节理裂隙发育，岩 体破碎，围岩整体稳定性较差"",""source_evidence_id"":""doc_d1c24a2c5d644ba47f3ef2ec_e0004""}",FORECAST,,0,geological_forecast,fact_lock_88b73f0df05f54d5aca69e33,DAILY_REVIEW_CELL,"{""cell_id"":null,""daily_state_id"":null,""end_chainage"":1013506.0,""point_chainage"":null,""scope_basis"":""hsp_forecast_table_row"",""scope_kind"":""LOCATED_INTERVAL"",""start_chainage"":1013466.0,""state_role"":null,""valid_date"":null}",doc_d1c24a2c5d644ba47f3ef2ec_e0004,stage7_main_task_000,False
typed_claim_6301ad9571de9a33e55b38eb,FORECAST_GEOLOGICAL_CONDITION,"{""attribute_dimension"":null,""attribute_name"":""weathering"",""normalized_value"":""弱风化"",""source_evidence_id"":""doc_d1c24a2c5d644ba47f3ef2ec_e0004""}",FORECAST,,1,geological_forecast,fact_lock_9013b06e4db4a637be9ea2ed,DAILY_REVIEW_CELL,"{""cell_id"":null,""daily_state_id"":null,""end_chainage"":1013506.0,""point_chainage"":null,""scope_basis"":""hsp_forecast_table_row"",""scope_kind"":""LOCATED_INTERVAL"",""start_chainage"":1013466.0,""state_role"":null,""valid_date"":null}",doc_d1c24a2c5d644ba47f3ef2ec_e0004,stage7_main_task_000,False
typed_claim_13dbac6cceca3cf843421b98,FORECAST_GEOLOGICAL_CONDITION,"{""attribute_dimension"":null,""attribute_name"":""lithology"",""normalized_value"":""板岩夹变质砂岩"",""source_evidence_id"":""doc_d1c24a2c5d644ba47f3ef2ec_e0004""}",FORECAST,,2,geological_forecast,fact_lock_01caee92f4c8babe430a4bfe,DAILY_REVIEW_CELL,"{""cell_id"":null,""daily_state_id"":null,""end_chainage"":1013506.0,""point_chainage"":null,""scope_basis"":""hsp_forecast_table_row"",""scope_kind"":""LOCATED_INTERVAL"",""start_chainage"":1013466.0,""state_role"":null,""valid_date"":null}",doc_d1c24a2c5d644ba47f3ef2ec_e0004,stage7_main_task_000,False
typed_claim_ff910119a249cb2e340c4296,FORECAST_GEOLOGICAL_CONDITION,"{""attribute_dimension"":null,""attribute_name"":""joint_development"",""normalized_value"":""节理裂隙发育"",""source_evidence_id"":""doc_d1c24a2c5d644ba47f3ef2ec_e0004""}",FORECAST,,3,geological_forecast,fact_lock_8c638ec26ace682fa875a6df,DAILY_REVIEW_CELL,"{""cell_id"":null,""daily_state_id"":null,""end_chainage"":1013506.0,""point_chainage"":null,""scope_basis"":""hsp_forecast_table_row"",""scope_kind"":""LOCATED_INTERVAL"",""start_chainage"":1013466.0,""state_role"":null,""valid_date"":null}",doc_d1c24a2c5d644ba47f3ef2ec_e0004,stage7_main_task_000,False
typed_claim_e9af4c5efb0af35fad4a0232,FORECAST_GEOLOGICAL_CONDITION,"{""attribute_dimension"":null,""attribute_name"":""suggested_grade"",""normalized_value"":""Ⅳ级"",""source_evidence_id"":""doc_d1c24a2c5d644ba47f3ef2ec_e0004""}",FORECAST,,4,geological_forecast,fact_lock_a3b19b85b45835fed58bff40,DAILY_REVIEW_CELL,"{""cell_id"":null,""daily_state_id"":null,""end_chainage"":1013506.0,""point_chainage"":null,""scope_basis"":""hsp_forecast_table_row"",""scope_kind"":""LOCATED_INTERVAL"",""start_chainage"":1013466.0,""state_role"":null,""valid_date"":null}",doc_d1c24a2c5d644ba47f3ef2ec_e0004,stage7_main_task_000,False
typed_claim_8d63f1d19eb9064c0e7451e0,FORECAST_GEOLOGICAL_CONDITION,"{""attribute_dimension"":null,""attribute_name"":""rock_mass_state"",""normalized_value"":""岩体破碎"",""source_evidence_id"":""doc_d1c24a2c5d644ba47f3ef2ec_e0004""}",FORECAST,,5,geological_forecast,fact_lock_f3b6d2030977246170028d65,DAILY_REVIEW_CELL,"{""cell_id"":null,""daily_state_id"":null,""end_chainage"":1013506.0,""point_chainage"":null,""scope_basis"":""hsp_forecast_table_row"",""scope_kind"":""LOCATED_INTERVAL"",""start_chainage"":1013466.0,""state_role"":null,""valid_date"":null}",doc_d1c24a2c5d644ba47f3ef2ec_e0004,stage7_main_task_000,False
typed_claim_986a6bed7d92f8b13cf1022e,FORECAST_GEOLOGICAL_CONDITION,"{""attribute_dimension"":null,""attribute_name"":""risk_hint"",""normalized_value"":""里程+492 附 近有掉块风 险"",""source_evidence_id"":""doc_d1c24a2c5d644ba47f3ef2ec_e0004""}",FORECAST,,6,geological_forecast,fact_lock_97c681a2a7bd315e6a7e2fa9,DAILY_REVIEW_CELL,"{""cell_id"":null,""daily_state_id"":null,""end_chainage"":1013506.0,""point_chainage"":null,""scope_basis"":""hsp_forecast_table_row"",""scope_kind"":""LOCATED_INTERVAL"",""start_chainage"":1013466.0,""state_role"":null,""valid_date"":null}",doc_d1c24a2c5d644ba47f3ef2ec_e0004,stage7_main_task_000,False
typed_claim_74102aa0e5351516e6dcf4b9,OPERATIONAL_RESPONSE_ATTENTION,"{""is_causal_estimate"":false,""is_hazard_probability"":false,""is_probability"":false,""metric_name"":""RAI"",""metric_semantics"":""OPERATIONAL_RESPONSE_ATTENTION_INDEX"",""metric_status"":""AVAILABLE"",""metric_value"":0.315043708909733,""source_metric_id"":""state_rai_65623bf22f0a3f4d8800b1fc""}",,NONPROBABILISTIC_ATTENTION,7,operational_attention,fact_lock_9dd28fce34896d2835104f64,DAILY_REVIEW_CELL,"{""cell_id"":""cell_3d2558b73586465c51997f14"",""daily_state_id"":null,""end_chainage"":null,""point_chainage"":null,""scope_basis"":""stage5b_bitemporal_state_subject"",""scope_kind"":""CELL"",""start_chainage"":null,""state_role"":""DAILY_REVIEW_CELL"",""valid_date"":""2023-10-07""}",state_rai_65623bf22f0a3f4d8800b1fc,stage7_main_task_000,False
typed_claim_f31931ac1d469de46df32266,GEOLOGICAL_EVIDENCE_ATTENTION_REVIEW,"{""is_causal_estimate"":false,""is_hazard_probability"":false,""is_probability"":false,""metric_name"":""GRS"",""metric_semantics"":""GEOLOGICAL_EVIDENCE_ATTENTION_INDEX"",""metric_status"":""AVAILABLE"",""metric_value"":0.5416666666666666,""source_metric_id"":""state_grs_65623bf22f0a3f4d8800b1fc""}",,NONPROBABILISTIC_ATTENTION,8,geological_attention,fact_lock_d464487bee4b7a46002d6055,DAILY_REVIEW_CELL,"{""cell_id"":""cell_3d2558b73586465c51997f14"",""daily_state_id"":null,""end_chainage"":null,""point_chainage"":null,""scope_basis"":""stage5b_bitemporal_state_subject"",""scope_kind"":""CELL"",""start_chainage"":null,""state_role"":""DAILY_REVIEW_CELL"",""valid_date"":""2023-10-07""}",state_grs_65623bf22f0a3f4d8800b1fc,stage7_main_task_000,False
typed_claim_2730af786ea3aa5a46c472a6,COUPLED_ATTENTION_REVIEW,"{""is_causal_estimate"":false,""is_hazard_probability"":false,""is_probability"":false,""metric_name"":""GRCI"",""metric_semantics"":""NONPROBABILISTIC_CONJUNCTIVE_PRODUCT"",""metric_status"":""AVAILABLE"",""metric_value"":0.1706486756594387,""source_metric_id"":""state_grci_65623bf22f0a3f4d8800b1fc""}",,NONPROBABILISTIC_ATTENTION,9,coupled_attention,fact_lock_b32aea54bf2ead49d23c13e6,DAILY_REVIEW_CELL,"{""cell_id"":""cell_3d2558b73586465c51997f14"",""daily_state_id"":null,""end_chainage"":null,""point_chainage"":null,""scope_basis"":""stage5b_bitemporal_state_subject"",""scope_kind"":""CELL"",""start_chainage"":null,""state_role"":""DAILY_REVIEW_CELL"",""valid_date"":""2023-10-07""}",state_grci_65623bf22f0a3f4d8800b1fc,stage7_main_task_000,False
typed_claim_6e9028fbf1b7cb49c56a21b4,FORECAST_GEOLOGICAL_CONDITION,"{""attribute_dimension"":null,""attribute_name"":""lithology"",""normalized_value"":""板岩夹变质砂岩"",""source_evidence_id"":""doc_e1a6e160ca63e609c5af325e_e0004""}",FORECAST,,0,geological_forecast,fact_lock_cc284e7f2b6e2014283e5375,DAILY_REVIEW_CELL,"{""cell_id"":null,""daily_state_id"":null,""end_chainage"":1014608.0,""point_chainage"":null,""scope_basis"":""hsp_forecast_table_row"",""scope_kind"":""LOCATED_INTERVAL"",""start_chainage"":1014562.0,""state_role"":null,""valid_date"":null}",doc_e1a6e160ca63e609c5af325e_e0004,stage7_main_task_001,False
typed_claim_899f00b2f0f8abd27d7390f2,FORECAST_GEOLOGICAL_CONDITION,"{""attribute_dimension"":null,""attribute_name"":""rock_mass_state"",""normalized_value"":""岩体破碎-极破碎"",""source_evidence_id"":""doc_cd5401e5ca81c4114498f5f2_e0002""}",FORECAST,,1,geological_forecast,fact_lock_b20b5bb0944aae551f7bda10,DAILY_REVIEW_CELL,"{""cell_id"":null,""daily_state_id"":null,""end_chainage"":1014585.0,""point_chainage"":null,""scope_basis"":""forecast_segment"",""scope_kind"":""LOCATED_INTERVAL"",""start_chainage"":1014555.0,""state_role"":null,""valid_date"":null}",doc_cd5401e5ca81c4114498f5f2_e0002,stage7_main_task_001,False
typed_claim_58a0f1325258b2e1e5623e3f,FORECAST_GEOLOGICAL_CONDITION,"{""attribute_dimension"":null,""attribute_name"":""lithology"",""normalized_value"":""板岩夹变质砂岩"",""source_evidence_id"":""doc_cd5401e5ca81c4114498f5f2_e0002""}",FORECAST,,2,geological_forecast,fact_lock_5418c445c11efae4836b0c9a,DAILY_REVIEW_CELL,"{""cell_id"":null,""daily_state_id"":null,""end_chainage"":1014585.0,""point_chainage"":null,""scope_basis"":""forecast_segment"",""scope_kind"":""LOCATED_INTERVAL"",""start_chainage"":1014555.0,""state_role"":null,""valid_date"":null}",doc_cd5401e5ca81c4114498f5f2_e0002,stage7_main_task_001,False
typed_claim_c8efb068c121fc7ca455c562,FORECAST_GEOLOGICAL_CONDITION,"{""attribute_dimension"":null,""attribute_name"":""block_fall_or_collapse"",""normalized_value"":""掉块"",""source_evidence_id"":""doc_cd5401e5ca81c4114498f5f2_e0002""}",FORECAST,,3,geological_forecast,fact_lock_3e62b3d37e7bdcd35f0fa485,DAILY_REVIEW_CELL,"{""cell_id"":null,""daily_state_id"":null,""end_chainage"":1014585.0,""point_chainage"":null,""scope_basis"":""forecast_segment"",""scope_kind"":""LOCATED_INTERVAL"",""start_chainage"":1014555.0,""state_role"":null,""valid_date"":null}",doc_cd5401e5ca81c4114498f5f2_e0002,stage7_main_task_001,False
typed_claim_ca03a2ce5ee59130cfc3ea40,FORECAST_GEOLOGICAL_CONDITION,"{""attribute_dimension"":null,""attribute_name"":""weathering"",""normalized_value"":""弱风化"",""source_evidence_id"":""doc_cd5401e5ca81c4114498f5f2_e0002""}",FORECAST,,4,geological_forecast,fact_lock_7dc4e34a087238083a8eb5f6,DAILY_REVIEW_CELL,"{""cell_id"":null,""daily_state_id"":null,""end_chainage"":1014585.0,""point_chainage"":null,""scope_basis"":""forecast_segment"",""scope_kind"":""LOCATED_INTERVAL"",""start_chainage"":1014555.0,""state_role"":null,""valid_date"":null}",doc_cd5401e5ca81c4114498f5f2_e0002,stage7_main_task_001,False
typed_claim_e63866dd0138ff39343e09d7,FORECAST_GEOLOGICAL_CONDITION,"{""attribute_dimension"":null,""attribute_name"":""joint_development"",""normalized_value"":""节理裂隙发育"",""source_evidence_id"":""doc_15153bf362ec7624d774b345_e0002""}",FORECAST,,5,geological_forecast,fact_lock_88a6b6e9b23beef67856e15a,DAILY_REVIEW_CELL,"{""cell_id"":null,""daily_state_id"":null,""end_chainage"":1014591.0,""point_chainage"":null,""scope_basis"":""forecast_segment"",""scope_kind"":""LOCATED_INTERVAL"",""start_chainage"":1014561.0,""state_role"":null,""valid_date"":null}",doc_15153bf362ec7624d774b345_e0002,stage7_main_task_001,False
typed_claim_381b1bee39c1cdf02ccf36f9,FORECAST_GEOLOGICAL_CONDITION,"{""attribute_dimension"":null,""attribute_name"":""geological_conclusion"",""normalized_value"":""该段围岩较前段稍变好。岩性为 板岩夹变质砂岩，弱风化，岩质 硬，节理裂隙发育，岩体破碎。"",""source_evidence_id"":""doc_e1a6e160ca63e609c5af325e_e0004""}",FORECAST,,6,geological_forecast,fact_lock_81d89bffb11c17afc2bf16ce,DAILY_REVIEW_CELL,"{""cell_id"":null,""daily_state_id"":null,""end_chainage"":1014608.0,""point_chainage"":null,""scope_basis"":""hsp_forecast_table_row"",""scope_kind"":""LOCATED_INTERVAL"",""start_chainage"":1014562.0,""state_role"":null,""valid_date"":null}",doc_e1a6e160ca63e609c5af325e_e0004,stage7_main_task_001,False
typed_claim_d02e8938c583798e58b7a105,FORECAST_GEOLOGICAL_CONDITION,"{""attribute_dimension"":null,""attribute_name"":""weathering"",""normalized_value"":""弱风化"",""source_evidence_id"":""doc_15153bf362ec7624d774b345_e0002""}",FORECAST,,7,geological_forecast,fact_lock_fa3acc729123061326488676,DAILY_REVIEW_CELL,"{""cell_id"":null,""daily_state_id"":null,""end_chainage"":1014591.0,""point_chainage"":null,""scope_basis"":""forecast_segment"",""scope_kind"":""LOCATED_INTERVAL"",""start_chainage"":1014561.0,""state_role"":null,""valid_date"":null}",doc_15153bf362ec7624d774b345_e0002,stage7_main_task_001,False
typed_claim_8eb4a7d1c51e271b80979e82,FORECAST_GEOLOGICAL_CONDITION,"{""attribute_dimension"":null,""attribute_name"":""joint_development"",""normalized_value"":""节理裂隙发育"",""source_evidence_id"":""doc_e1a6e160ca63e609c5af325e_e0004""}",FORECAST,,8,geological_forecast,fact_lock_55e1463b91d40c9bda244904,DAILY_REVIEW_CELL,"{""cell_id"":null,""daily_state_id"":null,""end_chainage"":1014608.0,""point_chainage"":null,""scope_basis"":""hsp_forecast_table_row"",""scope_kind"":""LOCATED_INTERVAL"",""start_chainage"":1014562.0,""state_role"":null,""valid_date"":null}",doc_e1a6e160ca63e609c5af325e_e0004,stage7_main_task_001,False
typed_claim_3faa778b3a883d3338b3b58e,FORECAST_GEOLOGICAL_CONDITION,"{""attribute_dimension"":null,""attribute_name"":""rock_mass_state"",""normalized_value"":""岩体破碎"",""source_evidence_id"":""doc_15153bf362ec7624d774b345_e0002""}",FORECAST,,9,geological_forecast,fact_lock_ee22b3f2a1142fe04b759ba9,DAILY_REVIEW_CELL,"{""cell_id"":null,""daily_state_id"":null,""end_chainage"":1014591.0,""point_chainage"":null,""scope_basis"":""forecast_segment"",""scope_kind"":""LOCATED_INTERVAL"",""start_chainage"":1014561.0,""state_role"":null,""valid_date"":null}",doc_15153bf362ec7624d774b345_e0002,stage7_main_task_001,False
typed_claim_cae09b56b91b2111444d19cb,FORECAST_GEOLOGICAL_CONDITION,"{""attribute_dimension"":null,""attribute_name"":""joint_development"",""normalized_value"":""节理裂隙发育密集"",""source_evidence_id"":""doc_cd5401e5ca81c4114498f5f2_e0002""}",FORECAST,,10,geological_forecast,fact_lock_bc00cda15f2f342b4981b07a,DAILY_REVIEW_CELL,"{""cell_id"":null,""daily_state_id"":null,""end_chainage"":1014585.0,""point_chainage"":null,""scope_basis"":""forecast_segment"",""scope_kind"":""LOCATED_INTERVAL"",""start_chainage"":1014555.0,""state_role"":null,""valid_date"":null}",doc_cd5401e5ca81c4114498f5f2_e0002,stage7_main_task_001,False
typed_claim_1826bfb38d46d867d537dbd4,FORECAST_GEOLOGICAL_CONDITION,"{""attribute_dimension"":null,""attribute_name"":""rock_mass_state"",""normalized_value"":""岩体破碎"",""source_evidence_id"":""doc_e1a6e160ca63e609c5af325e_e0004""}",FORECAST,,11,geological_forecast,fact_lock_c64ead71d8378846cc508a3a,DAILY_REVIEW_CELL,"{""cell_id"":null,""daily_state_id"":null,""end_chainage"":1014608.0,""point_chainage"":null,""scope_basis"":""hsp_forecast_table_row"",""scope_kind"":""LOCATED_INTERVAL"",""start_chainage"":1014562.0,""state_role"":null,""valid_date"":null}",doc_e1a6e160ca63e609c5af325e_e0004,stage7_main_task_001,False
typed_claim_5a4b45c09f252fc967515894,FORECAST_GEOLOGICAL_CONDITION,"{""attribute_dimension"":null,""attribute_name"":""lithology"",""normalized_value"":""板岩夹变质砂岩"",""source_evidence_id"":""doc_15153bf362ec7624d774b345_e0002""}",FORECAST,,12,geological_forecast,fact_lock_a0863ada4c4dd8a42a203262,DAILY_REVIEW_CELL,"{""cell_id"":null,""daily_state_id"":null,""end_chainage"":1014591.0,""point_chainage"":null,""scope_basis"":""forecast_segment"",""scope_kind"":""LOCATED_INTERVAL"",""start_chainage"":1014561.0,""state_role"":null,""valid_date"":null}",doc_15153bf362ec7624d774b345_e0002,stage7_main_task_001,False
typed_claim_ea3b5a07287c85daa71e0c9e,FORECAST_GEOLOGICAL_CONDITION,"{""attribute_dimension"":null,""attribute_name"":""weathering"",""normalized_value"":""弱风化"",""source_evidence_id"":""doc_e1a6e160ca63e609c5af325e_e0004""}",FORECAST,,13,geological_forecast,fact_lock_957b020886e9e80ab786425a,DAILY_REVIEW_CELL,"{""cell_id"":null,""daily_state_id"":null,""end_chainage"":1014608.0,""point_chainage"":null,""scope_basis"":""hsp_forecast_table_row"",""scope_kind"":""LOCATED_INTERVAL"",""start_chainage"":1014562.0,""state_role"":null,""valid_date"":null}",doc_e1a6e160ca63e609c5af325e_e0004,stage7_main_task_001,False
typed_claim_15692911987de86a9182cbaa,FORECAST_GEOLOGICAL_CONDITION,"{""attribute_dimension"":null,""attribute_name"":""narrative_water_observation"",""normalized_value"":""滴渗水"",""source_evidence_id"":""doc_cd5401e5ca81c4114498f5f2_e0002""}",FORECAST,,14,geological_forecast,fact_lock_93e0b71a7a650d3397959622,DAILY_REVIEW_CELL,"{""cell_id"":null,""daily_state_id"":null,""end_chainage"":1014585.0,""point_chainage"":null,""scope_basis"":""forecast_segment"",""scope_kind"":""LOCATED_INTERVAL"",""start_chainage"":1014555.0,""state_role"":null,""valid_date"":null}",doc_cd5401e5ca81c4114498f5f2_e0002,stage7_main_task_001,False
typed_claim_b00c71da82ef6150575a130a,FORECAST_GEOLOGICAL_CONDITION,"{""attribute_dimension"":null,""attribute_name"":""water_type"",""normalized_value"":""滴渗水"",""source_evidence_id"":""doc_cd5401e5ca81c4114498f5f2_e0002""}",FORECAST,,15,geological_forecast,fact_lock_14aa5a67323562fdf1159e7a,DAILY_REVIEW_CELL,"{""cell_id"":null,""daily_state_id"":null,""end_chainage"":1014585.0,""point_chainage"":null,""scope_basis"":""forecast_segment"",""scope_kind"":""LOCATED_INTERVAL"",""start_chainage"":1014555.0,""state_role"":null,""valid_date"":null}",doc_cd5401e5ca81c4114498f5f2_e0002,stage7_main_task_001,False
typed_claim_9d54663fe5513c61e97a833f,FORECAST_GEOLOGICAL_CONDITION,"{""attribute_dimension"":null,""attribute_name"":""suggested_grade"",""normalized_value"":""Ⅳ级"",""source_evidence_id"":""doc_e1a6e160ca63e609c5af325e_e0004""}",FORECAST,,16,geological_forecast,fact_lock_252bcab4af59f084b9763b45,DAILY_REVIEW_CELL,"{""cell_id"":null,""daily_state_id"":null,""end_chainage"":1014608.0,""point_chainage"":null,""scope_basis"":""hsp_forecast_table_row"",""scope_kind"":""LOCATED_INTERVAL"",""start_chainage"":1014562.0,""state_role"":null,""valid_date"":null}",doc_e1a6e160ca63e609c5af325e_e0004,stage7_main_task_001,False
typed_claim_5c905035ffe57714eafdbd93,OPERATIONAL_RESPONSE_ATTENTION,"{""is_causal_estimate"":false,""is_hazard_probability"":false,""is_probability"":false,""metric_name"":""RAI"",""metric_semantics"":""OPERATIONAL_RESPONSE_ATTENTION_INDEX"",""metric_status"":""AVAILABLE"",""metric_value"":0.5172039924283759,""source_metric_id"":""state_rai_3b9646c1b8782b7fc8bb9194""}",,NONPROBABILISTIC_ATTENTION,17,operational_attention,fact_lock_d4a6a6e6b1933591109fb52b,DAILY_REVIEW_CELL,"{""cell_id"":""cell_d633c30ff9721d955f08a540"",""daily_state_id"":null,""end_chainage"":null,""point_chainage"":null,""scope_basis"":""stage5b_bitemporal_state_subject"",""scope_kind"":""CELL"",""start_chainage"":null,""state_role"":""DAILY_REVIEW_CELL"",""valid_date"":""2023-12-28""}",state_rai_3b9646c1b8782b7fc8bb9194,stage7_main_task_001,False
typed_claim_c3565ad7d2496a981f9373bb,GEOLOGICAL_EVIDENCE_ATTENTION_REVIEW,"{""is_causal_estimate"":false,""is_hazard_probability"":false,""is_probability"":false,""metric_name"":""GRS"",""metric_semantics"":""GEOLOGICAL_EVIDENCE_ATTENTION_INDEX"",""metric_status"":""AVAILABLE"",""metric_value"":0.6777777777777777,""source_metric_id"":""state_grs_3b9646c1b8782b7fc8bb9194""}",,NONPROBABILISTIC_ATTENTION,18,geological_attention,fact_lock_41c0e960cbc975d0ef440be6,DAILY_REVIEW_CELL,"{""cell_id"":""cell_d633c30ff9721d955f08a540"",""daily_state_id"":null,""end_chainage"":null,""point_chainage"":null,""scope_basis"":""stage5b_bitemporal_state_subject"",""scope_kind"":""CELL"",""start_chainage"":null,""state_role"":""DAILY_REVIEW_CELL"",""valid_date"":""2023-12-28""}",state_grs_3b9646c1b8782b7fc8bb9194,stage7_main_task_001,False
typed_claim_1fd9ca0e6aad7cc7580e58d4,COUPLED_ATTENTION_REVIEW,"{""is_causal_estimate"":false,""is_hazard_probability"":false,""is_probability"":false,""metric_name"":""GRCI"",""metric_semantics"":""NONPROBABILISTIC_CONJUNCTIVE_PRODUCT"",""metric_status"":""AVAILABLE"",""metric_value"":0.3505493726458992,""source_metric_id"":""state_grci_3b9646c1b8782b7fc8bb9194""}",,NONPROBABILISTIC_ATTENTION,19,coupled_attention,fact_lock_3ce574012639807b599e7ede,DAILY_REVIEW_CELL,"{""cell_id"":""cell_d633c30ff9721d955f08a540"",""daily_state_id"":null,""end_chainage"":null,""point_chainage"":null,""scope_basis"":""stage5b_bitemporal_state_subject"",""scope_kind"":""CELL"",""start_chainage"":null,""state_role"":""DAILY_REVIEW_CELL"",""valid_date"":""2023-12-28""}",state_grci_3b9646c1b8782b7fc8bb9194,stage7_main_task_001,False
typed_claim_f5d100f3317057c17e04a6ff,FORECAST_GEOLOGICAL_CONDITION,"{""attribute_dimension"":null,""attribute_name"":""lithology"",""normalized_value"":""板岩夹变质砂岩"",""source_evidence_id"":""doc_d0afc25463d4776277ebb952_e0003""}",FORECAST,,0,geological_forecast,fact_lock_442f2f0355869b2f6b6f0329,FORWARD_ATTENTION_CELL,"{""cell_id"":null,""daily_state_id"":null,""end_chainage"":1014065.0,""point_chainage"":null,""scope_basis"":""hsp_forecast_table_row"",""scope_kind"":""LOCATED_INTERVAL"",""start_chainage"":1014056.0,""state_role"":null,""valid_date"":null}",doc_d0afc25463d4776277ebb952_e0003,stage7_main_task_002,False
typed_claim_d723839342e4fa1f44357d41,FORECAST_GEOLOGICAL_CONDITION,"{""attribute_dimension"":null,""attribute_name"":""suggested_grade"",""normalized_value"":""Ⅲ级"",""source_evidence_id"":""doc_d0afc25463d4776277ebb952_e0002""}",FORECAST,,1,geological_forecast,fact_lock_55b3bf9d043e262c68b59944,FORWARD_ATTENTION_CELL,"{""cell_id"":null,""daily_state_id"":null,""end_chainage"":1014056.0,""point_chainage"":null,""scope_basis"":""hsp_forecast_table_row"",""scope_kind"":""LOCATED_INTERVAL"",""start_chainage"":1014019.0,""state_role"":null,""valid_date"":null}",doc_d0afc25463d4776277ebb952_e0002,stage7_main_task_002,False
typed_claim_fea53c093d57d1237fd5d91a,FORECAST_GEOLOGICAL_CONDITION,"{""attribute_dimension"":null,""attribute_name"":""suggested_grade"",""normalized_value"":""Ⅲ级"",""source_evidence_id"":""doc_d0afc25463d4776277ebb952_e0002""}",FORECAST,,2,geological_forecast,fact_lock_9df74a80e29d7fd8af015773,FORWARD_ATTENTION_CELL,"{""cell_id"":null,""daily_state_id"":null,""end_chainage"":1014056.0,""point_chainage"":null,""scope_basis"":""hsp_forecast_table_row"",""scope_kind"":""LOCATED_INTERVAL"",""start_chainage"":1014019.0,""state_role"":null,""valid_date"":null}",doc_d0afc25463d4776277ebb952_e0002,stage7_main_task_002,False
typed_claim_46b3f19028954f4e9bf975a5,FORECAST_GEOLOGICAL_CONDITION,"{""attribute_dimension"":null,""attribute_name"":""suggested_grade"",""normalized_value"":""Ⅲ级"",""source_evidence_id"":""doc_d0afc25463d4776277ebb952_e0002""}",FORECAST,,3,geological_forecast,fact_lock_c9d08350474a8ec72b467c49,FORWARD_ATTENTION_CELL,"{""cell_id"":null,""daily_state_id"":null,""end_chainage"":1014056.0,""point_chainage"":null,""scope_basis"":""hsp_forecast_table_row"",""scope_kind"":""LOCATED_INTERVAL"",""start_chainage"":1014019.0,""state_role"":null,""valid_date"":null}",doc_d0afc25463d4776277ebb952_e0002,stage7_main_task_002,False
typed_claim_23e0150668965eb6fe441eb5,FORECAST_GEOLOGICAL_CONDITION,"{""attribute_dimension"":null,""attribute_name"":""joint_development"",""normalized_value"":""节理裂隙较发育-发育"",""source_evidence_id"":""doc_d0afc25463d4776277ebb952_e0003""}",FORECAST,,4,geological_forecast,fact_lock_8aa0c4357ffcaf3c23c396ca,FORWARD_ATTENTION_CELL,"{""cell_id"":null,""daily_state_id"":null,""end_chainage"":1014065.0,""point_chainage"":null,""scope_basis"":""hsp_forecast_table_row"",""scope_kind"":""LOCATED_INTERVAL"",""start_chainage"":1014056.0,""state_role"":null,""valid_date"":null}",doc_d0afc25463d4776277ebb952_e0003,stage7_main_task_002,False
typed_claim_5bc6a02f30059a5a488458d2,FORECAST_GEOLOGICAL_CONDITION,"{""attribute_dimension"":null,""attribute_name"":""risk_hint"",""normalized_value"":""里程+056 附 近有掉块风 险"",""source_evidence_id"":""doc_d0afc25463d4776277ebb952_e0003""}",FORECAST,,5,geological_forecast,fact_lock_49ec979adc3aa9333551b33e,FORWARD_ATTENTION_CELL,"{""cell_id"":null,""daily_state_id"":null,""end_chainage"":1014065.0,""point_chainage"":null,""scope_basis"":""hsp_forecast_table_row"",""scope_kind"":""LOCATED_INTERVAL"",""start_chainage"":1014056.0,""state_role"":null,""valid_date"":null}",doc_d0afc25463d4776277ebb952_e0003,stage7_main_task_002,False
typed_claim_43b806cc29a5f18287aec7d5,FORECAST_GEOLOGICAL_CONDITION,"{""attribute_dimension"":null,""attribute_name"":""suggested_grade"",""normalized_value"":""Ⅳ级"",""source_evidence_id"":""doc_d0afc25463d4776277ebb952_e0003""}",FORECAST,,6,geological_forecast,fact_lock_ce2a8fe9de94e6d3992850e0,FORWARD_ATTENTION_CELL,"{""cell_id"":null,""daily_state_id"":null,""end_chainage"":1014065.0,""point_chainage"":null,""scope_basis"":""hsp_forecast_table_row"",""scope_kind"":""LOCATED_INTERVAL"",""start_chainage"":1014056.0,""state_role"":null,""valid_date"":null}",doc_d0afc25463d4776277ebb952_e0003,stage7_main_task_002,False
typed_claim_94c4d2d2c2a2ac8d748f6203,FORECAST_GEOLOGICAL_CONDITION,"{""attribute_dimension"":null,""attribute_name"":""rock_mass_state"",""normalized_value"":""岩体较破碎-破碎"",""source_evidence_id"":""doc_d0afc25463d4776277ebb952_e0003""}",FORECAST,,7,geological_forecast,fact_lock_60af0fb22d3eb1f75cd80759,FORWARD_ATTENTION_CELL,"{""cell_id"":null,""daily_state_id"":null,""end_chainage"":1014065.0,""point_chainage"":null,""scope_basis"":""hsp_forecast_table_row"",""scope_kind"":""LOCATED_INTERVAL"",""start_chainage"":1014056.0,""state_role"":null,""valid_date"":null}",doc_d0afc25463d4776277ebb952_e0003,stage7_main_task_002,False
typed_claim_eb473c0e5b631795aa6f7e4f,FORECAST_GEOLOGICAL_CONDITION,"{""attribute_dimension"":null,""attribute_name"":""geological_conclusion"",""normalized_value"":""该段围岩与当前掌子面相当。岩 性为板岩夹变质砂岩，弱风化， 岩质软硬不均，节理裂隙较发育， 岩体较破碎。"",""source_evidence_id"":""doc_d0afc25463d4776277ebb952_e0002""}",FORECAST,,8,geological_forecast,fact_lock_2b9c7d4eb3edfc93a0aea9f0,FORWARD_ATTENTION_CELL,"{""cell_id"":null,""daily_state_id"":null,""end_chainage"":1014056.0,""point_chainage"":null,""scope_basis"":""hsp_forecast_table_row"",""scope_kind"":""LOCATED_INTERVAL"",""start_chainage"":1014019.0,""state_role"":null,""valid_date"":null}",doc_d0afc25463d4776277ebb952_e0002,stage7_main_task_002,False
typed_claim_e2626006fdd58b7462ea6ed8,FORECAST_GEOLOGICAL_CONDITION,"{""attribute_dimension"":null,""attribute_name"":""geological_conclusion"",""normalized_value"":""该段围岩与当前掌子面相当。岩 性为板岩夹变质砂岩，弱风化， 岩质软硬不均，节理裂隙较发育， 岩体较破碎。"",""source_evidence_id"":""doc_d0afc25463d4776277ebb952_e0002""}",FORECAST,,9,geological_forecast,fact_lock_864ed5d94b46ca6ac7acf0a0,FORWARD_ATTENTION_CELL,"{""cell_id"":null,""daily_state_id"":null,""end_chainage"":1014056.0,""point_chainage"":null,""scope_basis"":""hsp_forecast_table_row"",""scope_kind"":""LOCATED_INTERVAL"",""start_chainage"":1014019.0,""state_role"":null,""valid_date"":null}",doc_d0afc25463d4776277ebb952_e0002,stage7_main_task_002,False
typed_claim_24adb21e765a059400601d19,FORECAST_GEOLOGICAL_CONDITION,"{""attribute_dimension"":null,""attribute_name"":""geological_conclusion"",""normalized_value"":""该段围岩与当前掌子面相当。岩 性为板岩夹变质砂岩，弱风化， 岩质软硬不均，节理裂隙较发育， 岩体较破碎。"",""source_evidence_id"":""doc_d0afc25463d4776277ebb952_e0002""}",FORECAST,,10,geological_forecast,fact_lock_db3e212879a4ca9d6844e1c4,FORWARD_ATTENTION_CELL,"{""cell_id"":null,""daily_state_id"":null,""end_chainage"":1014056.0,""point_chainage"":null,""scope_basis"":""hsp_forecast_table_row"",""scope_kind"":""LOCATED_INTERVAL"",""start_chainage"":1014019.0,""state_role"":null,""valid_date"":null}",doc_d0afc25463d4776277ebb952_e0002,stage7_main_task_002,False
typed_claim_5a86891d796a6365c7ed26a5,FORECAST_GEOLOGICAL_CONDITION,"{""attribute_dimension"":null,""attribute_name"":""geological_conclusion"",""normalized_value"":""该段围岩较前段变差。岩性为板 岩夹变质砂岩，弱风化，岩质软 硬不均，节理裂隙较发育-发育， 岩体较破碎-破碎，裂隙层间结合 度差。"",""source_evidence_id"":""doc_d0afc25463d4776277ebb952_e0003""}",FORECAST,,11,geological_forecast,fact_lock_04df39a3861a433091e89546,FORWARD_ATTENTION_CELL,"{""cell_id"":null,""daily_state_id"":null,""end_chainage"":1014065.0,""point_chainage"":null,""scope_basis"":""hsp_forecast_table_row"",""scope_kind"":""LOCATED_INTERVAL"",""start_chainage"":1014056.0,""state_role"":null,""valid_date"":null}",doc_d0afc25463d4776277ebb952_e0003,stage7_main_task_002,False
typed_claim_0d18499b4f8cfbd437cb8838,FORECAST_GEOLOGICAL_CONDITION,"{""attribute_dimension"":null,""attribute_name"":""rock_mass_state"",""normalized_value"":""岩体较破碎"",""source_evidence_id"":""doc_d0afc25463d4776277ebb952_e0002""}",FORECAST,,12,geological_forecast,fact_lock_5975c59bfd4b0909d6dbae6c,FORWARD_ATTENTION_CELL,"{""cell_id"":null,""daily_state_id"":null,""end_chainage"":1014056.0,""point_chainage"":null,""scope_basis"":""hsp_forecast_table_row"",""scope_kind"":""LOCATED_INTERVAL"",""start_chainage"":1014019.0,""state_role"":null,""valid_date"":null}",doc_d0afc25463d4776277ebb952_e0002,stage7_main_task_002,False
typed_claim_daf73d5950289c9be0de4340,FORECAST_GEOLOGICAL_CONDITION,"{""attribute_dimension"":null,""attribute_name"":""rock_mass_state"",""normalized_value"":""岩体较破碎"",""source_evidence_id"":""doc_d0afc25463d4776277ebb952_e0002""}",FORECAST,,13,geological_forecast,fact_lock_caac925cc1523a312c12da2e,FORWARD_ATTENTION_CELL,"{""cell_id"":null,""daily_state_id"":null,""end_chainage"":1014056.0,""point_chainage"":null,""scope_basis"":""hsp_forecast_table_row"",""scope_kind"":""LOCATED_INTERVAL"",""start_chainage"":1014019.0,""state_role"":null,""valid_date"":null}",doc_d0afc25463d4776277ebb952_e0002,stage7_main_task_002,False
typed_claim_b7f7bcf61b51e93c01264ef9,FORECAST_GEOLOGICAL_CONDITION,"{""attribute_dimension"":null,""attribute_name"":""rock_mass_state"",""normalized_value"":""岩体较破碎"",""source_evidence_id"":""doc_d0afc25463d4776277ebb952_e0002""}",FORECAST,,14,geological_forecast,fact_lock_e15cf3fbbfed9ebc56b10e44,FORWARD_ATTENTION_CELL,"{""cell_id"":null,""daily_state_id"":null,""end_chainage"":1014056.0,""point_chainage"":null,""scope_basis"":""hsp_forecast_table_row"",""scope_kind"":""LOCATED_INTERVAL"",""start_chainage"":1014019.0,""state_role"":null,""valid_date"":null}",doc_d0afc25463d4776277ebb952_e0002,stage7_main_task_002,False
typed_claim_b758a7785a522bf82f89320f,FORECAST_GEOLOGICAL_CONDITION,"{""attribute_dimension"":null,""attribute_name"":""joint_development"",""normalized_value"":""节理裂隙较发育"",""source_evidence_id"":""doc_d0afc25463d4776277ebb952_e0002""}",FORECAST,,15,geological_forecast,fact_lock_759a1140f6bf94ce7dfbc955,FORWARD_ATTENTION_CELL,"{""cell_id"":null,""daily_state_id"":null,""end_chainage"":1014056.0,""point_chainage"":null,""scope_basis"":""hsp_forecast_table_row"",""scope_kind"":""LOCATED_INTERVAL"",""start_chainage"":1014019.0,""state_role"":null,""valid_date"":null}",doc_d0afc25463d4776277ebb952_e0002,stage7_main_task_002,False
typed_claim_22ddb4220262909809628db0,FORECAST_GEOLOGICAL_CONDITION,"{""attribute_dimension"":null,""attribute_name"":""joint_development"",""normalized_value"":""节理裂隙较发育"",""source_evidence_id"":""doc_d0afc25463d4776277ebb952_e0002""}",FORECAST,,16,geological_forecast,fact_lock_82d2b5a8e1986bba237bf1a6,FORWARD_ATTENTION_CELL,"{""cell_id"":null,""daily_state_id"":null,""end_chainage"":1014056.0,""point_chainage"":null,""scope_basis"":""hsp_forecast_table_row"",""scope_kind"":""LOCATED_INTERVAL"",""start_chainage"":1014019.0,""state_role"":null,""valid_date"":null}",doc_d0afc25463d4776277ebb952_e0002,stage7_main_task_002,False
typed_claim_e101d12121083c29870bf822,FORECAST_GEOLOGICAL_CONDITION,"{""attribute_dimension"":null,""attribute_name"":""joint_development"",""normalized_value"":""节理裂隙较发育"",""source_evidence_id"":""doc_d0afc25463d4776277ebb952_e0002""}",FORECAST,,17,geological_forecast,fact_lock_9aa2ef64a2151596fd86475e,FORWARD_ATTENTION_CELL,"{""cell_id"":null,""daily_state_id"":null,""end_chainage"":1014056.0,""point_chainage"":null,""scope_basis"":""hsp_forecast_table_row"",""scope_kind"":""LOCATED_INTERVAL"",""start_chainage"":1014019.0,""state_role"":null,""valid_date"":null}",doc_d0afc25463d4776277ebb952_e0002,stage7_main_task_002,False
typed_claim_a8a96f753196a641ee1f429c,FORECAST_GEOLOGICAL_CONDITION,"{""attribute_dimension"":null,""attribute_name"":""weathering"",""normalized_value"":""弱风化"",""source_evidence_id"":""doc_d0afc25463d4776277ebb952_e0002""}",FORECAST,,18,geological_forecast,fact_lock_05044f2684aaeacdd60c6902,FORWARD_ATTENTION_CELL,"{""cell_id"":null,""daily_state_id"":null,""end_chainage"":1014056.0,""point_chainage"":null,""scope_basis"":""hsp_forecast_table_row"",""scope_kind"":""LOCATED_INTERVAL"",""start_chainage"":1014019.0,""state_role"":null,""valid_date"":null}",doc_d0afc25463d4776277ebb952_e0002,stage7_main_task_002,False
typed_claim_54676533b97db06e19d8c933,FORECAST_GEOLOGICAL_CONDITION,"{""attribute_dimension"":null,""attribute_name"":""weathering"",""normalized_value"":""弱风化"",""source_evidence_id"":""doc_d0afc25463d4776277ebb952_e0002""}",FORECAST,,19,geological_forecast,fact_lock_5d9438f25641594b6d8a9815,FORWARD_ATTENTION_CELL,"{""cell_id"":null,""daily_state_id"":null,""end_chainage"":1014056.0,""point_chainage"":null,""scope_basis"":""hsp_forecast_table_row"",""scope_kind"":""LOCATED_INTERVAL"",""start_chainage"":1014019.0,""state_role"":null,""valid_date"":null}",doc_d0afc25463d4776277ebb952_e0002,stage7_main_task_002,False
typed_claim_88358ec339d33aea5273709f,FORECAST_GEOLOGICAL_CONDITION,"{""attribute_dimension"":null,""attribute_name"":""weathering"",""normalized_value"":""弱风化"",""source_evidence_id"":""doc_d0afc25463d4776277ebb952_e0002""}",FORECAST,,20,geological_forecast,fact_lock_7b83e932d3aa633ef8296f1f,FORWARD_ATTENTION_CELL,"{""cell_id"":null,""daily_state_id"":null,""end_chainage"":1014056.0,""point_chainage"":null,""scope_basis"":""hsp_forecast_table_row"",""scope_kind"":""LOCATED_INTERVAL"",""start_chainage"":1014019.0,""state_role"":null,""valid_date"":null}",doc_d0afc25463d4776277ebb952_e0002,stage7_main_task_002,False
typed_claim_f5e2ebb583b98b08ee5930da,FORECAST_GEOLOGICAL_CONDITION,"{""attribute_dimension"":null,""attribute_name"":""weathering"",""normalized_value"":""弱风化"",""source_evidence_id"":""doc_d0afc25463d4776277ebb952_e0003""}",FORECAST,,21,geological_forecast,fact_lock_c38a78b9f9e37b7a4a774558,FORWARD_ATTENTION_CELL,"{""cell_id"":null,""daily_state_id"":null,""end_chainage"":1014065.0,""point_chainage"":null,""scope_basis"":""hsp_forecast_table_row"",""scope_kind"":""LOCATED_INTERVAL"",""start_chainage"":1014056.0,""state_role"":null,""valid_date"":null}",doc_d0afc25463d4776277ebb952_e0003,stage7_main_task_002,False
typed_claim_4bf9012efaf8050cf1ad9595,FORECAST_GEOLOGICAL_CONDITION,"{""attribute_dimension"":null,""attribute_name"":""lithology"",""normalized_value"":""板岩夹变质砂岩"",""source_evidence_id"":""doc_d0afc25463d4776277ebb952_e0002""}",FORECAST,,22,geological_forecast,fact_lock_28eca07f9ace64aac28cb805,FORWARD_ATTENTION_CELL,"{""cell_id"":null,""daily_state_id"":null,""end_chainage"":1014056.0,""point_chainage"":null,""scope_basis"":""hsp_forecast_table_row"",""scope_kind"":""LOCATED_INTERVAL"",""start_chainage"":1014019.0,""state_role"":null,""valid_date"":null}",doc_d0afc25463d4776277ebb952_e0002,stage7_main_task_002,False
typed_claim_53d48c8690c45a0119dffa02,FORECAST_GEOLOGICAL_CONDITION,"{""attribute_dimension"":null,""attribute_name"":""lithology"",""normalized_value"":""板岩夹变质砂岩"",""source_evidence_id"":""doc_d0afc25463d4776277ebb952_e0002""}",FORECAST,,23,geological_forecast,fact_lock_29896a61918eda526d82f57e,FORWARD_ATTENTION_CELL,"{""cell_id"":null,""daily_state_id"":null,""end_chainage"":1014056.0,""point_chainage"":null,""scope_basis"":""hsp_forecast_table_row"",""scope_kind"":""LOCATED_INTERVAL"",""start_chainage"":1014019.0,""state_role"":null,""valid_date"":null}",doc_d0afc25463d4776277ebb952_e0002,stage7_main_task_002,False
typed_claim_509b2660e3fdf7e60f6caf8c,FORECAST_GEOLOGICAL_CONDITION,"{""attribute_dimension"":null,""attribute_name"":""lithology"",""normalized_value"":""板岩夹变质砂岩"",""source_evidence_id"":""doc_d0afc25463d4776277ebb952_e0002""}",FORECAST,,24,geological_forecast,fact_lock_ae88a646b762f607d4138f39,FORWARD_ATTENTION_CELL,"{""cell_id"":null,""daily_state_id"":null,""end_chainage"":1014056.0,""point_chainage"":null,""scope_basis"":""hsp_forecast_table_row"",""scope_kind"":""LOCATED_INTERVAL"",""start_chainage"":1014019.0,""state_role"":null,""valid_date"":null}",doc_d0afc25463d4776277ebb952_e0002,stage7_main_task_002,False
typed_claim_6162b2bfaa64eb3f5623fcd2,FORECAST_GEOLOGICAL_CONDITION,"{""attribute_dimension"":null,""attribute_name"":""anomaly_level"",""normalized_value"":""MODERATE"",""source_evidence_id"":""doc_d0afc25463d4776277ebb952_e0003""}",FORECAST,,25,geological_forecast,fact_lock_b181b4a8d214988343084e95,FORWARD_ATTENTION_CELL,"{""cell_id"":null,""daily_state_id"":null,""end_chainage"":1014065.0,""point_chainage"":null,""scope_basis"":""hsp_forecast_table_row"",""scope_kind"":""LOCATED_INTERVAL"",""start_chainage"":1014056.0,""state_role"":null,""valid_date"":null}",doc_d0afc25463d4776277ebb952_e0003,stage7_main_task_002,False
typed_claim_b8390f71bb01cbbb76901c6e,FORWARD_GEOLOGICAL_ATTENTION,"{""is_causal_estimate"":false,""is_hazard_probability"":false,""is_probability"":false,""metric_name"":""GRS"",""metric_semantics"":""FORWARD_GEOLOGICAL_EVIDENCE_ATTENTION_INDEX"",""metric_status"":""AVAILABLE"",""metric_value"":0.20833333333333331,""source_metric_id"":""state_grs_8cb773ca6beddf9b71347860""}",,NONPROBABILISTIC_ATTENTION,26,forward_attention,fact_lock_63695e6f5244c3f749a5e2f7,FORWARD_ATTENTION_CELL,"{""cell_id"":""cell_eb2c3c433c9ba2151c8c98b3"",""daily_state_id"":null,""end_chainage"":null,""point_chainage"":null,""scope_basis"":""stage5b_bitemporal_state_subject"",""scope_kind"":""CELL"",""start_chainage"":null,""state_role"":""FORWARD_ATTENTION_CELL"",""valid_date"":""2023-11-17""}",state_grs_8cb773ca6beddf9b71347860,stage7_main_task_002,False
typed_claim_b088636e789d06a48a8d170a,FORWARD_GEOLOGICAL_ATTENTION,"{""is_causal_estimate"":false,""is_hazard_probability"":false,""is_probability"":false,""metric_name"":""GRS"",""metric_semantics"":""FORWARD_GEOLOGICAL_EVIDENCE_ATTENTION_INDEX"",""metric_status"":""AVAILABLE"",""metric_value"":0.5833333333333333,""source_metric_id"":""state_grs_9d8bbd91768c9db94f08faed""}",,NONPROBABILISTIC_ATTENTION,27,forward_attention,fact_lock_9565a48e68d6ca97b37d73dc,FORWARD_ATTENTION_CELL,"{""cell_id"":""cell_74760c064abb487c9a1b536d"",""daily_state_id"":null,""end_chainage"":null,""point_chainage"":null,""scope_basis"":""stage5b_bitemporal_state_subject"",""scope_kind"":""CELL"",""start_chainage"":null,""state_role"":""FORWARD_ATTENTION_CELL"",""valid_date"":""2023-11-17""}",state_grs_9d8bbd91768c9db94f08faed,stage7_main_task_002,False
typed_claim_19500acedb98464bbb7f8726,FORWARD_GEOLOGICAL_ATTENTION,"{""is_causal_estimate"":false,""is_hazard_probability"":false,""is_probability"":false,""metric_name"":""GRS"",""metric_semantics"":""FORWARD_GEOLOGICAL_EVIDENCE_ATTENTION_INDEX"",""metric_status"":""AVAILABLE"",""metric_value"":0.20833333333333331,""source_metric_id"":""state_grs_1667a287c53a0d6c8ab5ae22""}",,NONPROBABILISTIC_ATTENTION,28,forward_attention,fact_lock_5bd44b00006a93d866307d20,FORWARD_ATTENTION_CELL,"{""cell_id"":""cell_007ae6b7a81e2b90469a65fa"",""daily_state_id"":null,""end_chainage"":null,""point_chainage"":null,""scope_basis"":""stage5b_bitemporal_state_subject"",""scope_kind"":""CELL"",""start_chainage"":null,""state_role"":""FORWARD_ATTENTION_CELL"",""valid_date"":""2023-11-17""}",state_grs_1667a287c53a0d6c8ab5ae22,stage7_main_task_002,False
typed_claim_8d5d7e400ae1977d3be26d30,OBSERVED_GEOLOGICAL_CONDITION,"{""attribute_dimension"":null,""attribute_name"":""rock_strength"",""normalized_value"":""30＜R≤60"",""source_evidence_id"":""doc_02523bc25efb424ef47e6e1b_e0001""}",OBSERVED,,0,geological_observed,fact_lock_58ec8d36d10663176eeea630,DAILY_REVIEW_CELL,"{""cell_id"":null,""daily_state_id"":null,""end_chainage"":null,""point_chainage"":1013403.0,""scope_basis"":""header_face_chainage"",""scope_kind"":""LOCATED_POINT"",""start_chainage"":null,""state_role"":null,""valid_date"":null}",doc_02523bc25efb424ef47e6e1b_e0001,stage7_main_task_003,False
typed_claim_51ba00f238dc24131d4440f6,OBSERVED_GEOLOGICAL_CONDITION,"{""attribute_dimension"":null,""attribute_name"":""joint_aperture"",""normalized_value"":""部分张开0.1～0.5"",""source_evidence_id"":""doc_02523bc25efb424ef47e6e1b_e0001""}",OBSERVED,,1,geological_observed,fact_lock_71d47528b17dd85508142749,DAILY_REVIEW_CELL,"{""cell_id"":null,""daily_state_id"":null,""end_chainage"":null,""point_chainage"":1013403.0,""scope_basis"":""header_face_chainage"",""scope_kind"":""LOCATED_POINT"",""start_chainage"":null,""state_role"":null,""valid_date"":null}",doc_02523bc25efb424ef47e6e1b_e0001,stage7_main_task_003,False
typed_claim_2710cf3dc72cbff2fb44938a,OBSERVED_GEOLOGICAL_CONDITION,"{""attribute_dimension"":null,""attribute_name"":""excavated_face_state"",""normalized_value"":""随时间松弛、掉块"",""source_evidence_id"":""doc_02523bc25efb424ef47e6e1b_e0001""}",OBSERVED,,2,geological_observed,fact_lock_01ca81859e3b70b543cc9704,DAILY_REVIEW_CELL,"{""cell_id"":null,""daily_state_id"":null,""end_chainage"":null,""point_chainage"":1013403.0,""scope_basis"":""header_face_chainage"",""scope_kind"":""LOCATED_POINT"",""start_chainage"":null,""state_role"":null,""valid_date"":null}",doc_02523bc25efb424ef47e6e1b_e0001,stage7_main_task_003,False
typed_claim_7beffbffe8873a52b598d039,OBSERVED_GEOLOGICAL_CONDITION,"{""attribute_dimension"":null,""attribute_name"":""design_surrounding_rock_grade"",""normalized_value"":""Ⅳ级"",""source_evidence_id"":""doc_02523bc25efb424ef47e6e1b_e0001""}",OBSERVED,,3,geological_observed,fact_lock_23a93e9d78bcde10d2338a16,DAILY_REVIEW_CELL,"{""cell_id"":null,""daily_state_id"":null,""end_chainage"":null,""point_chainage"":1013403.0,""scope_basis"":""header_face_chainage"",""scope_kind"":""LOCATED_POINT"",""start_chainage"":null,""state_role"":null,""valid_date"":null}",doc_02523bc25efb424ef47e6e1b_e0001,stage7_main_task_003,False
typed_claim_e0b01d02e9607552ed0641c1,OBSERVED_GEOLOGICAL_CONDITION,"{""attribute_dimension"":null,""attribute_name"":""face_state"",""normalized_value"":""正面掉块"",""source_evidence_id"":""doc_02523bc25efb424ef47e6e1b_e0001""}",OBSERVED,,4,geological_observed,fact_lock_050c45756436a315c0c07260,DAILY_REVIEW_CELL,"{""cell_id"":null,""daily_state_id"":null,""end_chainage"":null,""point_chainage"":1013403.0,""scope_basis"":""header_face_chainage"",""scope_kind"":""LOCATED_POINT"",""start_chainage"":null,""state_role"":null,""valid_date"":null}",doc_02523bc25efb424ef47e6e1b_e0001,stage7_main_task_003,False
typed_claim_01dab84d2d58bcd225a71e0b,OBSERVED_GEOLOGICAL_CONDITION,"{""attribute_dimension"":null,""attribute_name"":""block_fall_or_collapse"",""normalized_value"":""轻微掉块"",""source_evidence_id"":""doc_02523bc25efb424ef47e6e1b_e0001""}",OBSERVED,,5,geological_observed,fact_lock_0556653be6cd872b5db73893,DAILY_REVIEW_CELL,"{""cell_id"":null,""daily_state_id"":null,""end_chainage"":null,""point_chainage"":1013403.0,""scope_basis"":""header_face_chainage"",""scope_kind"":""LOCATED_POINT"",""start_chainage"":null,""state_role"":null,""valid_date"":null}",doc_02523bc25efb424ef47e6e1b_e0001,stage7_main_task_003,False
typed_claim_d82be9d0e5d18856de4afe44,OBSERVED_GEOLOGICAL_CONDITION,"{""attribute_dimension"":null,""attribute_name"":""water_type"",""normalized_value"":""渗滴水"",""source_evidence_id"":""doc_02523bc25efb424ef47e6e1b_e0001""}",OBSERVED,,6,geological_observed,fact_lock_2b75dafbc1da692cb4e564c8,DAILY_REVIEW_CELL,"{""cell_id"":null,""daily_state_id"":null,""end_chainage"":null,""point_chainage"":1013403.0,""scope_basis"":""header_face_chainage"",""scope_kind"":""LOCATED_POINT"",""start_chainage"":null,""state_role"":null,""valid_date"":null}",doc_02523bc25efb424ef47e6e1b_e0001,stage7_main_task_003,False
typed_claim_9adbf4f559b31c80a0714af7,OBSERVED_GEOLOGICAL_CONDITION,"{""attribute_dimension"":null,""attribute_name"":""karst_development"",""normalized_value"":""无"",""source_evidence_id"":""doc_02523bc25efb424ef47e6e1b_e0001""}",OBSERVED,,7,geological_observed,fact_lock_04d212e4875a7e0d3179a5c4,DAILY_REVIEW_CELL,"{""cell_id"":null,""daily_state_id"":null,""end_chainage"":null,""point_chainage"":1013403.0,""scope_basis"":""header_face_chainage"",""scope_kind"":""LOCATED_POINT"",""start_chainage"":null,""state_role"":null,""valid_date"":null}",doc_02523bc25efb424ef47e6e1b_e0001,stage7_main_task_003,False
typed_claim_fd2f298bba5c9f7293552625,OBSERVED_GEOLOGICAL_CONDITION,"{""attribute_dimension"":null,""attribute_name"":""narrative_water_observation"",""normalized_value"":""渗滴水"",""source_evidence_id"":""doc_02523bc25efb424ef47e6e1b_e0001""}",OBSERVED,,8,geological_observed,fact_lock_40313d9d621b7e60869ef160,DAILY_REVIEW_CELL,"{""cell_id"":null,""daily_state_id"":null,""end_chainage"":null,""point_chainage"":1013403.0,""scope_basis"":""header_face_chainage"",""scope_kind"":""LOCATED_POINT"",""start_chainage"":null,""state_role"":null,""valid_date"":null}",doc_02523bc25efb424ef47e6e1b_e0001,stage7_main_task_003,False
typed_claim_e569886c8bd6af64617929e9,OBSERVED_GEOLOGICAL_CONDITION,"{""attribute_dimension"":null,""attribute_name"":""joint_roughness"",""normalized_value"":""平整光滑有擦痕"",""source_evidence_id"":""doc_02523bc25efb424ef47e6e1b_e0001""}",OBSERVED,,9,geological_observed,fact_lock_9a3dc612f2820ee9693758ab,DAILY_REVIEW_CELL,"{""cell_id"":null,""daily_state_id"":null,""end_chainage"":null,""point_chainage"":1013403.0,""scope_basis"":""header_face_chainage"",""scope_kind"":""LOCATED_POINT"",""start_chainage"":null,""state_role"":null,""valid_date"":null}",doc_02523bc25efb424ef47e6e1b_e0001,stage7_main_task_003,False
typed_claim_c7e73ce3951cfd21bf5e27bf,OBSERVED_GEOLOGICAL_CONDITION,"{""attribute_dimension"":null,""attribute_name"":""form_water_status"",""normalized_value"":""25～125涌出或喷出"",""source_evidence_id"":""doc_02523bc25efb424ef47e6e1b_e0001""}",OBSERVED,,10,geological_observed,fact_lock_a7e026a4309f01e3f30fc33a,DAILY_REVIEW_CELL,"{""cell_id"":null,""daily_state_id"":null,""end_chainage"":null,""point_chainage"":1013403.0,""scope_basis"":""header_face_chainage"",""scope_kind"":""LOCATED_POINT"",""start_chainage"":null,""state_role"":null,""valid_date"":null}",doc_02523bc25efb424ef47e6e1b_e0001,stage7_main_task_003,False
typed_claim_17acdc921f4a6fe1af8bfc49,OBSERVED_GEOLOGICAL_CONDITION,"{""attribute_dimension"":null,""attribute_name"":""weathering"",""normalized_value"":""弱风化"",""source_evidence_id"":""doc_02523bc25efb424ef47e6e1b_e0001""}",OBSERVED,,11,geological_observed,fact_lock_caaa6bb2ed85b65f9c57cd85,DAILY_REVIEW_CELL,"{""cell_id"":null,""daily_state_id"":null,""end_chainage"":null,""point_chainage"":1013403.0,""scope_basis"":""header_face_chainage"",""scope_kind"":""LOCATED_POINT"",""start_chainage"":null,""state_role"":null,""valid_date"":null}",doc_02523bc25efb424ef47e6e1b_e0001,stage7_main_task_003,False
typed_claim_bad874b5f467b1a656972b35,OBSERVED_GEOLOGICAL_CONDITION,"{""attribute_dimension"":null,""attribute_name"":""stability"",""normalized_value"":""自稳性较差"",""source_evidence_id"":""doc_02523bc25efb424ef47e6e1b_e0001""}",OBSERVED,,12,geological_observed,fact_lock_35b7e40ee978a910dc91b008,DAILY_REVIEW_CELL,"{""cell_id"":null,""daily_state_id"":null,""end_chainage"":null,""point_chainage"":1013403.0,""scope_basis"":""header_face_chainage"",""scope_kind"":""LOCATED_POINT"",""start_chainage"":null,""state_role"":null,""valid_date"":null}",doc_02523bc25efb424ef47e6e1b_e0001,stage7_main_task_003,False
typed_claim_20cc16aca4c9cc734c2e46d1,OBSERVED_GEOLOGICAL_CONDITION,"{""attribute_dimension"":null,""attribute_name"":""rock_mass_state"",""normalized_value"":""岩体破碎"",""source_evidence_id"":""doc_02523bc25efb424ef47e6e1b_e0001""}",OBSERVED,,13,geological_observed,fact_lock_3d1d7c6e2211a0a2c1dd47bc,DAILY_REVIEW_CELL,"{""cell_id"":null,""daily_state_id"":null,""end_chainage"":null,""point_chainage"":1013403.0,""scope_basis"":""header_face_chainage"",""scope_kind"":""LOCATED_POINT"",""start_chainage"":null,""state_role"":null,""valid_date"":null}",doc_02523bc25efb424ef47e6e1b_e0001,stage7_main_task_003,False
typed_claim_5cf2bbbffea59b49bb5bd5e6,OBSERVED_GEOLOGICAL_CONDITION,"{""attribute_dimension"":null,""attribute_name"":""lithology"",""normalized_value"":""板岩夹变质砂岩"",""source_evidence_id"":""doc_02523bc25efb424ef47e6e1b_e0001""}",OBSERVED,,14,geological_observed,fact_lock_be1b99b0f8fe6cb7541e5f38,DAILY_REVIEW_CELL,"{""cell_id"":null,""daily_state_id"":null,""end_chainage"":null,""point_chainage"":1013403.0,""scope_basis"":""header_face_chainage"",""scope_kind"":""LOCATED_POINT"",""start_chainage"":null,""state_role"":null,""valid_date"":null}",doc_02523bc25efb424ef47e6e1b_e0001,stage7_main_task_003,False
typed_claim_158e2b6c16660075cfb9da4f,OBSERVED_GEOLOGICAL_CONDITION,"{""attribute_dimension"":null,""attribute_name"":""joint_extension"",""normalized_value"":""中等"",""source_evidence_id"":""doc_02523bc25efb424ef47e6e1b_e0001""}",OBSERVED,,15,geological_observed,fact_lock_f71e65d77e5d3650773595d9,DAILY_REVIEW_CELL,"{""cell_id"":null,""daily_state_id"":null,""end_chainage"":null,""point_chainage"":1013403.0,""scope_basis"":""header_face_chainage"",""scope_kind"":""LOCATED_POINT"",""start_chainage"":null,""state_role"":null,""valid_date"":null}",doc_02523bc25efb424ef47e6e1b_e0001,stage7_main_task_003,False
typed_claim_1f0b3a58abc1d95caa188350,OBSERVED_GEOLOGICAL_CONDITION,"{""attribute_dimension"":null,""attribute_name"":""suggested_surrounding_rock_grade"",""normalized_value"":""Ⅳ级"",""source_evidence_id"":""doc_02523bc25efb424ef47e6e1b_e0001""}",OBSERVED,,16,geological_observed,fact_lock_349f38c00c0127416d31beb1,DAILY_REVIEW_CELL,"{""cell_id"":null,""daily_state_id"":null,""end_chainage"":null,""point_chainage"":1013403.0,""scope_basis"":""header_face_chainage"",""scope_kind"":""LOCATED_POINT"",""start_chainage"":null,""state_role"":null,""valid_date"":null}",doc_02523bc25efb424ef47e6e1b_e0001,stage7_main_task_003,False
typed_claim_30e029042bc1942f8cd7f616,OBSERVED_GEOLOGICAL_CONDITION,"{""attribute_dimension"":null,""attribute_name"":""joint_development"",""normalized_value"":""节理裂隙较发育"",""source_evidence_id"":""doc_02523bc25efb424ef47e6e1b_e0001""}",OBSERVED,,17,geological_observed,fact_lock_ab51a8387fc59547367588c0,DAILY_REVIEW_CELL,"{""cell_id"":null,""daily_state_id"":null,""end_chainage"":null,""point_chainage"":1013403.0,""scope_basis"":""header_face_chainage"",""scope_kind"":""LOCATED_POINT"",""start_chainage"":null,""state_role"":null,""valid_date"":null}",doc_02523bc25efb424ef47e6e1b_e0001,stage7_main_task_003,False
typed_claim_e17de7d9afa81d8a996d8db8,OBSERVED_GEOLOGICAL_CONDITION,"{""attribute_dimension"":null,""attribute_name"":""joint_spacing"",""normalized_value"":""0.2～0.6"",""source_evidence_id"":""doc_02523bc25efb424ef47e6e1b_e0001""}",OBSERVED,,18,geological_observed,fact_lock_4d07e4829aa6625ac0f81297,DAILY_REVIEW_CELL,"{""cell_id"":null,""daily_state_id"":null,""end_chainage"":null,""point_chainage"":1013403.0,""scope_basis"":""header_face_chainage"",""scope_kind"":""LOCATED_POINT"",""start_chainage"":null,""state_role"":null,""valid_date"":null}",doc_02523bc25efb424ef47e6e1b_e0001,stage7_main_task_003,False
typed_claim_f8404ad3d32abafee9851c7f,GEOLOGICAL_EVIDENCE_ATTENTION_REVIEW,"{""is_causal_estimate"":false,""is_hazard_probability"":false,""is_probability"":false,""metric_name"":""GRS"",""metric_semantics"":""GEOLOGICAL_EVIDENCE_ATTENTION_INDEX"",""metric_status"":""AVAILABLE"",""metric_value"":0.611111111111111,""source_metric_id"":""state_grs_30c19ab1deac269310e068da""}",,NONPROBABILISTIC_ATTENTION,19,geological_attention,fact_lock_91a4ab7fffaa8178110f3d7f,DAILY_REVIEW_CELL,"{""cell_id"":""cell_1843a9337ceb7ea09519935e"",""daily_state_id"":null,""end_chainage"":null,""point_chainage"":null,""scope_basis"":""stage5b_bitemporal_state_subject"",""scope_kind"":""CELL"",""start_chainage"":null,""state_role"":""DAILY_REVIEW_CELL"",""valid_date"":""2023-10-02""}",state_grs_30c19ab1deac269310e068da,stage7_main_task_003,False
typed_claim_b381c13b00530376e0c06993,FORECAST_GEOLOGICAL_CONDITION,"{""attribute_dimension"":null,""attribute_name"":""weathering"",""normalized_value"":""弱风化"",""source_evidence_id"":""doc_99cb24b0b45c767bece0fac1_e0006""}",FORECAST,,0,geological_forecast,fact_lock_6deed5421c64b0dbf5d6eb8b,FORWARD_ATTENTION_CELL,"{""cell_id"":null,""daily_state_id"":null,""end_chainage"":1014516.0,""point_chainage"":null,""scope_basis"":""hsp_forecast_table_row"",""scope_kind"":""LOCATED_INTERVAL"",""start_chainage"":1014504.0,""state_role"":null,""valid_date"":null}",doc_99cb24b0b45c767bece0fac1_e0006,stage7_main_task_004,False
typed_claim_f0fde656975cccba66db3bdb,FORECAST_GEOLOGICAL_CONDITION,"{""attribute_dimension"":null,""attribute_name"":""lithology"",""normalized_value"":""板岩夹变质砂岩"",""source_evidence_id"":""doc_47d0ca204cbd2b6e6610bd04_e0002""}",FORECAST,,1,geological_forecast,fact_lock_7a22a78fdad95455685afa6c,FORWARD_ATTENTION_CELL,"{""cell_id"":null,""daily_state_id"":null,""end_chainage"":1014531.0,""point_chainage"":null,""scope_basis"":""forecast_segment"",""scope_kind"":""LOCATED_INTERVAL"",""start_chainage"":1014501.0,""state_role"":null,""valid_date"":null}",doc_47d0ca204cbd2b6e6610bd04_e0002,stage7_main_task_004,False
typed_claim_e19c8cacb684b7e1e81cc5a9,FORECAST_GEOLOGICAL_CONDITION,"{""attribute_dimension"":null,""attribute_name"":""risk_hint"",""normalized_value"":""里程+512、 +522 附近有 掉块风险"",""source_evidence_id"":""doc_cae21ab80a31f71dbe3e20e9_e0003""}",FORECAST,,2,geological_forecast,fact_lock_d854e6d2d50518f23add5d97,FORWARD_ATTENTION_CELL,"{""cell_id"":null,""daily_state_id"":null,""end_chainage"":1014527.0,""point_chainage"":null,""scope_basis"":""hsp_forecast_table_row"",""scope_kind"":""LOCATED_INTERVAL"",""start_chainage"":1014512.0,""state_role"":null,""valid_date"":null}",doc_cae21ab80a31f71dbe3e20e9_e0003,stage7_main_task_004,False
typed_claim_913901f5b14391c4bada3925,FORECAST_GEOLOGICAL_CONDITION,"{""attribute_dimension"":null,""attribute_name"":""lithology"",""normalized_value"":""板岩夹变质砂岩"",""source_evidence_id"":""doc_cae21ab80a31f71dbe3e20e9_e0003""}",FORECAST,,3,geological_forecast,fact_lock_e6ad21b53441baf35243e864,FORWARD_ATTENTION_CELL,"{""cell_id"":null,""daily_state_id"":null,""end_chainage"":1014527.0,""point_chainage"":null,""scope_basis"":""hsp_forecast_table_row"",""scope_kind"":""LOCATED_INTERVAL"",""start_chainage"":1014512.0,""state_role"":null,""valid_date"":null}",doc_cae21ab80a31f71dbe3e20e9_e0003,stage7_main_task_004,False
typed_claim_5587460a2cc306f9bd91874f,FORECAST_GEOLOGICAL_CONDITION,"{""attribute_dimension"":null,""attribute_name"":""lithology"",""normalized_value"":""板岩夹变质砂岩"",""source_evidence_id"":""doc_99cb24b0b45c767bece0fac1_e0007""}",FORECAST,,4,geological_forecast,fact_lock_281b683e11b52f75029e8e68,FORWARD_ATTENTION_CELL,"{""cell_id"":null,""daily_state_id"":null,""end_chainage"":1014522.0,""point_chainage"":null,""scope_basis"":""hsp_forecast_table_row"",""scope_kind"":""LOCATED_INTERVAL"",""start_chainage"":1014516.0,""state_role"":null,""valid_date"":null}",doc_99cb24b0b45c767bece0fac1_e0007,stage7_main_task_004,False
typed_claim_5e4a6c51075eb75d6f79f4a3,FORECAST_GEOLOGICAL_CONDITION,"{""attribute_dimension"":null,""attribute_name"":""narrative_water_observation"",""normalized_value"":""滴渗水"",""source_evidence_id"":""doc_47d0ca204cbd2b6e6610bd04_e0002""}",FORECAST,,5,geological_forecast,fact_lock_067cdcdbc986e3ff62912d8e,FORWARD_ATTENTION_CELL,"{""cell_id"":null,""daily_state_id"":null,""end_chainage"":1014531.0,""point_chainage"":null,""scope_basis"":""forecast_segment"",""scope_kind"":""LOCATED_INTERVAL"",""start_chainage"":1014501.0,""state_role"":null,""valid_date"":null}",doc_47d0ca204cbd2b6e6610bd04_e0002,stage7_main_task_004,False
typed_claim_dcd518c92b4dd38961cc4f77,FORECAST_GEOLOGICAL_CONDITION,"{""attribute_dimension"":null,""attribute_name"":""suggested_grade"",""normalized_value"":""Ⅳ级"",""source_evidence_id"":""doc_99cb24b0b45c767bece0fac1_e0006""}",FORECAST,,6,geological_forecast,fact_lock_260d4f4a01d542a51f09a196,FORWARD_ATTENTION_CELL,"{""cell_id"":null,""daily_state_id"":null,""end_chainage"":1014516.0,""point_chainage"":null,""scope_basis"":""hsp_forecast_table_row"",""scope_kind"":""LOCATED_INTERVAL"",""start_chainage"":1014504.0,""state_role"":null,""valid_date"":null}",doc_99cb24b0b45c767bece0fac1_e0006,stage7_main_task_004,False
typed_claim_89db48744ccbbed6ff514f21,FORECAST_GEOLOGICAL_CONDITION,"{""attribute_dimension"":null,""attribute_name"":""rock_mass_state"",""normalized_value"":""岩体破碎"",""source_evidence_id"":""doc_99cb24b0b45c767bece0fac1_e0007""}",FORECAST,,7,geological_forecast,fact_lock_0a3c4339560f33eab67bb941,FORWARD_ATTENTION_CELL,"{""cell_id"":null,""daily_state_id"":null,""end_chainage"":1014522.0,""point_chainage"":null,""scope_basis"":""hsp_forecast_table_row"",""scope_kind"":""LOCATED_INTERVAL"",""start_chainage"":1014516.0,""state_role"":null,""valid_date"":null}",doc_99cb24b0b45c767bece0fac1_e0007,stage7_main_task_004,False
typed_claim_1d06936a1c448eff2e9f888b,FORECAST_GEOLOGICAL_CONDITION,"{""attribute_dimension"":null,""attribute_name"":""weathering"",""normalized_value"":""弱风化"",""source_evidence_id"":""doc_47d0ca204cbd2b6e6610bd04_e0002""}",FORECAST,,8,geological_forecast,fact_lock_d1eafe5b9cee4a63e81e0868,FORWARD_ATTENTION_CELL,"{""cell_id"":null,""daily_state_id"":null,""end_chainage"":1014531.0,""point_chainage"":null,""scope_basis"":""forecast_segment"",""scope_kind"":""LOCATED_INTERVAL"",""start_chainage"":1014501.0,""state_role"":null,""valid_date"":null}",doc_47d0ca204cbd2b6e6610bd04_e0002,stage7_main_task_004,False
typed_claim_0b8e9fbdb75e183e7e992c1f,FORECAST_GEOLOGICAL_CONDITION,"{""attribute_dimension"":null,""attribute_name"":""risk_hint"",""normalized_value"":""里程+516 附 近有掉块风 险"",""source_evidence_id"":""doc_99cb24b0b45c767bece0fac1_e0007""}",FORECAST,,9,geological_forecast,fact_lock_9e28645ea033380a3d508da7,FORWARD_ATTENTION_CELL,"{""cell_id"":null,""daily_state_id"":null,""end_chainage"":1014522.0,""point_chainage"":null,""scope_basis"":""hsp_forecast_table_row"",""scope_kind"":""LOCATED_INTERVAL"",""start_chainage"":1014516.0,""state_role"":null,""valid_date"":null}",doc_99cb24b0b45c767bece0fac1_e0007,stage7_main_task_004,False
typed_claim_c03cebed57bc4cd627983517,FORECAST_GEOLOGICAL_CONDITION,"{""attribute_dimension"":null,""attribute_name"":""geological_conclusion"",""normalized_value"":""该段围岩较前段变差。岩性为板 岩夹变质砂岩，弱风化，岩质软 硬不均，节理裂隙发育密集，岩 体破碎，层间结合差。"",""source_evidence_id"":""doc_99cb24b0b45c767bece0fac1_e0007""}",FORECAST,,10,geological_forecast,fact_lock_635738024a2578ed9306723a,FORWARD_ATTENTION_CELL,"{""cell_id"":null,""daily_state_id"":null,""end_chainage"":1014522.0,""point_chainage"":null,""scope_basis"":""hsp_forecast_table_row"",""scope_kind"":""LOCATED_INTERVAL"",""start_chainage"":1014516.0,""state_role"":null,""valid_date"":null}",doc_99cb24b0b45c767bece0fac1_e0007,stage7_main_task_004,False
typed_claim_de634b63495b3d3bb3e9ca4b,FORECAST_GEOLOGICAL_CONDITION,"{""attribute_dimension"":null,""attribute_name"":""rock_mass_state"",""normalized_value"":""岩体破碎"",""source_evidence_id"":""doc_99cb24b0b45c767bece0fac1_e0006""}",FORECAST,,11,geological_forecast,fact_lock_7547d7a8d174faf040e83974,FORWARD_ATTENTION_CELL,"{""cell_id"":null,""daily_state_id"":null,""end_chainage"":1014516.0,""point_chainage"":null,""scope_basis"":""hsp_forecast_table_row"",""scope_kind"":""LOCATED_INTERVAL"",""start_chainage"":1014504.0,""state_role"":null,""valid_date"":null}",doc_99cb24b0b45c767bece0fac1_e0006,stage7_main_task_004,False
typed_claim_02d391925cfe31d89afce94d,FORECAST_GEOLOGICAL_CONDITION,"{""attribute_dimension"":null,""attribute_name"":""weathering"",""normalized_value"":""弱风化"",""source_evidence_id"":""doc_99cb24b0b45c767bece0fac1_e0007""}",FORECAST,,12,geological_forecast,fact_lock_80d92cdd661858b259942f33,FORWARD_ATTENTION_CELL,"{""cell_id"":null,""daily_state_id"":null,""end_chainage"":1014522.0,""point_chainage"":null,""scope_basis"":""hsp_forecast_table_row"",""scope_kind"":""LOCATED_INTERVAL"",""start_chainage"":1014516.0,""state_role"":null,""valid_date"":null}",doc_99cb24b0b45c767bece0fac1_e0007,stage7_main_task_004,False
typed_claim_b39261f9e4dee5be04d19cb7,FORECAST_GEOLOGICAL_CONDITION,"{""attribute_dimension"":null,""attribute_name"":""suggested_grade"",""normalized_value"":""Ⅳ级"",""source_evidence_id"":""doc_99cb24b0b45c767bece0fac1_e0007""}",FORECAST,,13,geological_forecast,fact_lock_034994c87eedeee99b21eb45,FORWARD_ATTENTION_CELL,"{""cell_id"":null,""daily_state_id"":null,""end_chainage"":1014522.0,""point_chainage"":null,""scope_basis"":""hsp_forecast_table_row"",""scope_kind"":""LOCATED_INTERVAL"",""start_chainage"":1014516.0,""state_role"":null,""valid_date"":null}",doc_99cb24b0b45c767bece0fac1_e0007,stage7_main_task_004,False
typed_claim_5f562ad05b7d77e8d2f3cf93,FORECAST_GEOLOGICAL_CONDITION,"{""attribute_dimension"":null,""attribute_name"":""joint_development"",""normalized_value"":""节理裂隙发育"",""source_evidence_id"":""doc_47d0ca204cbd2b6e6610bd04_e0002""}",FORECAST,,14,geological_forecast,fact_lock_ceae39b9779bbc1914e1fd81,FORWARD_ATTENTION_CELL,"{""cell_id"":null,""daily_state_id"":null,""end_chainage"":1014531.0,""point_chainage"":null,""scope_basis"":""forecast_segment"",""scope_kind"":""LOCATED_INTERVAL"",""start_chainage"":1014501.0,""state_role"":null,""valid_date"":null}",doc_47d0ca204cbd2b6e6610bd04_e0002,stage7_main_task_004,False
typed_claim_b4d2906237c6c4e8eb0f45b0,FORECAST_GEOLOGICAL_CONDITION,"{""attribute_dimension"":null,""attribute_name"":""suggested_grade"",""normalized_value"":""Ⅳ级"",""source_evidence_id"":""doc_cae21ab80a31f71dbe3e20e9_e0003""}",FORECAST,,15,geological_forecast,fact_lock_e56e2a78898f2b8dc76c0265,FORWARD_ATTENTION_CELL,"{""cell_id"":null,""daily_state_id"":null,""end_chainage"":1014527.0,""point_chainage"":null,""scope_basis"":""hsp_forecast_table_row"",""scope_kind"":""LOCATED_INTERVAL"",""start_chainage"":1014512.0,""state_role"":null,""valid_date"":null}",doc_cae21ab80a31f71dbe3e20e9_e0003,stage7_main_task_004,False
typed_claim_8a4e46a54cd96480bd91c011,FORECAST_GEOLOGICAL_CONDITION,"{""attribute_dimension"":null,""attribute_name"":""rock_mass_state"",""normalized_value"":""岩体破碎"",""source_evidence_id"":""doc_cae21ab80a31f71dbe3e20e9_e0003""}",FORECAST,,16,geological_forecast,fact_lock_5c3aaae48818f4c1f6c32a5a,FORWARD_ATTENTION_CELL,"{""cell_id"":null,""daily_state_id"":null,""end_chainage"":1014527.0,""point_chainage"":null,""scope_basis"":""hsp_forecast_table_row"",""scope_kind"":""LOCATED_INTERVAL"",""start_chainage"":1014512.0,""state_role"":null,""valid_date"":null}",doc_cae21ab80a31f71dbe3e20e9_e0003,stage7_main_task_004,False
typed_claim_e7bccf8610c13eb106eb3f1f,FORECAST_GEOLOGICAL_CONDITION,"{""attribute_dimension"":null,""attribute_name"":""joint_development"",""normalized_value"":""节理裂隙发育密集"",""source_evidence_id"":""doc_cae21ab80a31f71dbe3e20e9_e0003""}",FORECAST,,17,geological_forecast,fact_lock_a63c4d7371633822012a0bee,FORWARD_ATTENTION_CELL,"{""cell_id"":null,""daily_state_id"":null,""end_chainage"":1014527.0,""point_chainage"":null,""scope_basis"":""hsp_forecast_table_row"",""scope_kind"":""LOCATED_INTERVAL"",""start_chainage"":1014512.0,""state_role"":null,""valid_date"":null}",doc_cae21ab80a31f71dbe3e20e9_e0003,stage7_main_task_004,False
typed_claim_90323dcd22d8c472bc0d1d8d,FORECAST_GEOLOGICAL_CONDITION,"{""attribute_dimension"":null,""attribute_name"":""joint_development"",""normalized_value"":""节理裂隙发育"",""source_evidence_id"":""doc_99cb24b0b45c767bece0fac1_e0006""}",FORECAST,,18,geological_forecast,fact_lock_69c1eff9e4d3664bfc625815,FORWARD_ATTENTION_CELL,"{""cell_id"":null,""daily_state_id"":null,""end_chainage"":1014516.0,""point_chainage"":null,""scope_basis"":""hsp_forecast_table_row"",""scope_kind"":""LOCATED_INTERVAL"",""start_chainage"":1014504.0,""state_role"":null,""valid_date"":null}",doc_99cb24b0b45c767bece0fac1_e0006,stage7_main_task_004,False
typed_claim_285af9503599131415a17121,FORECAST_GEOLOGICAL_CONDITION,"{""attribute_dimension"":null,""attribute_name"":""block_fall_or_collapse"",""normalized_value"":""掉块"",""source_evidence_id"":""doc_47d0ca204cbd2b6e6610bd04_e0002""}",FORECAST,,19,geological_forecast,fact_lock_0e653ab17a4bed4fa5194cbf,FORWARD_ATTENTION_CELL,"{""cell_id"":null,""daily_state_id"":null,""end_chainage"":1014531.0,""point_chainage"":null,""scope_basis"":""forecast_segment"",""scope_kind"":""LOCATED_INTERVAL"",""start_chainage"":1014501.0,""state_role"":null,""valid_date"":null}",doc_47d0ca204cbd2b6e6610bd04_e0002,stage7_main_task_004,False
typed_claim_2e1a1634f4efc8f093b559de,FORECAST_GEOLOGICAL_CONDITION,"{""attribute_dimension"":null,""attribute_name"":""lithology"",""normalized_value"":""板岩夹变质砂岩"",""source_evidence_id"":""doc_99cb24b0b45c767bece0fac1_e0006""}",FORECAST,,20,geological_forecast,fact_lock_57f305d048892460ffa2a66b,FORWARD_ATTENTION_CELL,"{""cell_id"":null,""daily_state_id"":null,""end_chainage"":1014516.0,""point_chainage"":null,""scope_basis"":""hsp_forecast_table_row"",""scope_kind"":""LOCATED_INTERVAL"",""start_chainage"":1014504.0,""state_role"":null,""valid_date"":null}",doc_99cb24b0b45c767bece0fac1_e0006,stage7_main_task_004,False
typed_claim_cc1e5433fefc6daad18626c8,FORECAST_GEOLOGICAL_CONDITION,"{""attribute_dimension"":null,""attribute_name"":""rock_mass_state"",""normalized_value"":""岩体破碎"",""source_evidence_id"":""doc_47d0ca204cbd2b6e6610bd04_e0002""}",FORECAST,,21,geological_forecast,fact_lock_3d7078180645fa2627e49ae8,FORWARD_ATTENTION_CELL,"{""cell_id"":null,""daily_state_id"":null,""end_chainage"":1014531.0,""point_chainage"":null,""scope_basis"":""forecast_segment"",""scope_kind"":""LOCATED_INTERVAL"",""start_chainage"":1014501.0,""state_role"":null,""valid_date"":null}",doc_47d0ca204cbd2b6e6610bd04_e0002,stage7_main_task_004,False
typed_claim_3497ee35597b937ed8bf1b6b,FORECAST_GEOLOGICAL_CONDITION,"{""attribute_dimension"":null,""attribute_name"":""water_type"",""normalized_value"":""滴渗水"",""source_evidence_id"":""doc_47d0ca204cbd2b6e6610bd04_e0002""}",FORECAST,,22,geological_forecast,fact_lock_c4cab805ae3417282dd40773,FORWARD_ATTENTION_CELL,"{""cell_id"":null,""daily_state_id"":null,""end_chainage"":1014531.0,""point_chainage"":null,""scope_basis"":""forecast_segment"",""scope_kind"":""LOCATED_INTERVAL"",""start_chainage"":1014501.0,""state_role"":null,""valid_date"":null}",doc_47d0ca204cbd2b6e6610bd04_e0002,stage7_main_task_004,False
typed_claim_a7733d4ffb9a043c27d624e0,FORECAST_GEOLOGICAL_CONDITION,"{""attribute_dimension"":null,""attribute_name"":""joint_development"",""normalized_value"":""节理裂隙发育密集"",""source_evidence_id"":""doc_99cb24b0b45c767bece0fac1_e0007""}",FORECAST,,23,geological_forecast,fact_lock_015f344dff4d4c812664e08f,FORWARD_ATTENTION_CELL,"{""cell_id"":null,""daily_state_id"":null,""end_chainage"":1014522.0,""point_chainage"":null,""scope_basis"":""hsp_forecast_table_row"",""scope_kind"":""LOCATED_INTERVAL"",""start_chainage"":1014516.0,""state_role"":null,""valid_date"":null}",doc_99cb24b0b45c767bece0fac1_e0007,stage7_main_task_004,False
typed_claim_a6a4f8e8967d0cd3c2cb8399,FORECAST_GEOLOGICAL_CONDITION,"{""attribute_dimension"":null,""attribute_name"":""anomaly_level"",""normalized_value"":""MODERATE"",""source_evidence_id"":""doc_99cb24b0b45c767bece0fac1_e0007""}",FORECAST,,24,geological_forecast,fact_lock_ced2154d04217e908084c970,FORWARD_ATTENTION_CELL,"{""cell_id"":null,""daily_state_id"":null,""end_chainage"":1014522.0,""point_chainage"":null,""scope_basis"":""hsp_forecast_table_row"",""scope_kind"":""LOCATED_INTERVAL"",""start_chainage"":1014516.0,""state_role"":null,""valid_date"":null}",doc_99cb24b0b45c767bece0fac1_e0007,stage7_main_task_004,False
typed_claim_35f2a65d9e10d5c330fed52a,FORECAST_GEOLOGICAL_CONDITION,"{""attribute_dimension"":null,""attribute_name"":""geological_conclusion"",""normalized_value"":""该段围岩较前段变差。岩性为板 岩夹变质砂岩，弱风化，岩质软 硬不均，节理裂隙发育密集，岩 体破碎，层间结合度差。"",""source_evidence_id"":""doc_cae21ab80a31f71dbe3e20e9_e0003""}",FORECAST,,25,geological_forecast,fact_lock_1b15f6a970046b8d871629fc,FORWARD_ATTENTION_CELL,"{""cell_id"":null,""daily_state_id"":null,""end_chainage"":1014527.0,""point_chainage"":null,""scope_basis"":""hsp_forecast_table_row"",""scope_kind"":""LOCATED_INTERVAL"",""start_chainage"":1014512.0,""state_role"":null,""valid_date"":null}",doc_cae21ab80a31f71dbe3e20e9_e0003,stage7_main_task_004,False
typed_claim_9cc80f7d2cf996e19b0ee831,FORECAST_GEOLOGICAL_CONDITION,"{""attribute_dimension"":null,""attribute_name"":""geological_conclusion"",""normalized_value"":""该段围岩较前段稍变好。岩性为 板岩夹变质砂岩，弱风化，节理 裂隙发育，岩体破碎。"",""source_evidence_id"":""doc_99cb24b0b45c767bece0fac1_e0006""}",FORECAST,,26,geological_forecast,fact_lock_c1d5cf5014a6cbe30a63be34,FORWARD_ATTENTION_CELL,"{""cell_id"":null,""daily_state_id"":null,""end_chainage"":1014516.0,""point_chainage"":null,""scope_basis"":""hsp_forecast_table_row"",""scope_kind"":""LOCATED_INTERVAL"",""start_chainage"":1014504.0,""state_role"":null,""valid_date"":null}",doc_99cb24b0b45c767bece0fac1_e0006,stage7_main_task_004,False
typed_claim_b2f320fc2c18acb459e44cd7,FORECAST_GEOLOGICAL_CONDITION,"{""attribute_dimension"":null,""attribute_name"":""weathering"",""normalized_value"":""弱风化"",""source_evidence_id"":""doc_cae21ab80a31f71dbe3e20e9_e0003""}",FORECAST,,27,geological_forecast,fact_lock_ccb30029b79b710e2c7f863c,FORWARD_ATTENTION_CELL,"{""cell_id"":null,""daily_state_id"":null,""end_chainage"":1014527.0,""point_chainage"":null,""scope_basis"":""hsp_forecast_table_row"",""scope_kind"":""LOCATED_INTERVAL"",""start_chainage"":1014512.0,""state_role"":null,""valid_date"":null}",doc_cae21ab80a31f71dbe3e20e9_e0003,stage7_main_task_004,False
typed_claim_5fadec02f5d8feb28d7b087d,FORWARD_GEOLOGICAL_ATTENTION,"{""is_causal_estimate"":false,""is_hazard_probability"":false,""is_probability"":false,""metric_name"":""GRS"",""metric_semantics"":""FORWARD_GEOLOGICAL_EVIDENCE_ATTENTION_INDEX"",""metric_status"":""AVAILABLE"",""metric_value"":0.7472222222222222,""source_metric_id"":""state_grs_77552f38aba46d2840699964""}",,NONPROBABILISTIC_ATTENTION,28,forward_attention,fact_lock_10e4fb2044c1f31ba794a5c2,FORWARD_ATTENTION_CELL,"{""cell_id"":""cell_24b399ee6cea6a9d1d537cd9"",""daily_state_id"":null,""end_chainage"":null,""point_chainage"":null,""scope_basis"":""stage5b_bitemporal_state_subject"",""scope_kind"":""CELL"",""start_chainage"":null,""state_role"":""FORWARD_ATTENTION_CELL"",""valid_date"":""2023-12-20""}",state_grs_77552f38aba46d2840699964,stage7_main_task_004,False
typed_claim_800f1af64f6d21ff19f5e1d7,OPERATIONAL_RESPONSE_ATTENTION,"{""is_causal_estimate"":false,""is_hazard_probability"":false,""is_probability"":false,""metric_name"":""RAI"",""metric_semantics"":""OPERATIONAL_RESPONSE_ATTENTION_INDEX"",""metric_status"":""AVAILABLE"",""metric_value"":0.5635428210574973,""source_metric_id"":""state_rai_a0912f1badacc18c21f506ec""}",,NONPROBABILISTIC_ATTENTION,0,operational_attention,fact_lock_2813546e89278e1cc19a9c94,DAILY_REVIEW_CELL,"{""cell_id"":""cell_759e1199e2f480da6470348f"",""daily_state_id"":null,""end_chainage"":null,""point_chainage"":null,""scope_basis"":""stage5b_bitemporal_state_subject"",""scope_kind"":""CELL"",""start_chainage"":null,""state_role"":""DAILY_REVIEW_CELL"",""valid_date"":""2023-09-28""}",state_rai_a0912f1badacc18c21f506ec,stage7_main_task_005,False
typed_claim_1bbcbb937f2fbf040046d9ca,GEOLOGICAL_EVIDENCE_ATTENTION_REVIEW,"{""is_causal_estimate"":false,""is_hazard_probability"":false,""is_probability"":false,""metric_name"":""GRS"",""metric_semantics"":""GEOLOGICAL_EVIDENCE_ATTENTION_INDEX"",""metric_status"":""AVAILABLE"",""metric_value"":0.9444444444444445,""source_metric_id"":""state_grs_a0912f1badacc18c21f506ec""}",,NONPROBABILISTIC_ATTENTION,1,geological_attention,fact_lock_4dfe0a01932b6d6739d5db86,DAILY_REVIEW_CELL,"{""cell_id"":""cell_759e1199e2f480da6470348f"",""daily_state_id"":null,""end_chainage"":null,""point_chainage"":null,""scope_basis"":""stage5b_bitemporal_state_subject"",""scope_kind"":""CELL"",""start_chainage"":null,""state_role"":""DAILY_REVIEW_CELL"",""valid_date"":""2023-09-28""}",state_grs_a0912f1badacc18c21f506ec,stage7_main_task_005,False
typed_claim_dafe231660900fd3b0d0f3ae,COUPLED_ATTENTION_REVIEW,"{""is_causal_estimate"":false,""is_hazard_probability"":false,""is_probability"":false,""metric_name"":""GRCI"",""metric_semantics"":""NONPROBABILISTIC_CONJUNCTIVE_PRODUCT"",""metric_status"":""AVAILABLE"",""metric_value"":0.5322348865543031,""source_metric_id"":""state_grci_a0912f1badacc18c21f506ec""}",,NONPROBABILISTIC_ATTENTION,2,coupled_attention,fact_lock_661781297899568e8d4a22eb,DAILY_REVIEW_CELL,"{""cell_id"":""cell_759e1199e2f480da6470348f"",""daily_state_id"":null,""end_chainage"":null,""point_chainage"":null,""scope_basis"":""stage5b_bitemporal_state_subject"",""scope_kind"":""CELL"",""start_chainage"":null,""state_role"":""DAILY_REVIEW_CELL"",""valid_date"":""2023-09-28""}",state_grci_a0912f1badacc18c21f506ec,stage7_main_task_005,False
typed_claim_cf6c111578afaba6ab8c597e,FORECAST_GEOLOGICAL_CONDITION,"{""attribute_dimension"":null,""attribute_name"":""lithology"",""normalized_value"":""板岩夹变质砂岩"",""source_evidence_id"":""doc_28d57b5baaf883772b83b6e8_e0003""}",FORECAST,,0,geological_forecast,fact_lock_09497249038fed0efa051d6d,FORWARD_ATTENTION_CELL,"{""cell_id"":null,""daily_state_id"":null,""end_chainage"":1013922.0,""point_chainage"":null,""scope_basis"":""hsp_forecast_table_row"",""scope_kind"":""LOCATED_INTERVAL"",""start_chainage"":1013886.0,""state_role"":null,""valid_date"":null}",doc_28d57b5baaf883772b83b6e8_e0003,stage7_main_task_006,False
typed_claim_0c71e478231956872d406991,FORECAST_GEOLOGICAL_CONDITION,"{""attribute_dimension"":null,""attribute_name"":""geological_conclusion"",""normalized_value"":""该段围岩较前段变差。岩性为板 岩夹变质砂岩，弱风化，岩质软 硬不均，节理裂隙发育密集，岩 体破碎-极破碎，围岩整体稳定性 差"",""source_evidence_id"":""doc_28d57b5baaf883772b83b6e8_e0003""}",FORECAST,,1,geological_forecast,fact_lock_67e42d0c75f55071a3dac0f2,FORWARD_ATTENTION_CELL,"{""cell_id"":null,""daily_state_id"":null,""end_chainage"":1013922.0,""point_chainage"":null,""scope_basis"":""hsp_forecast_table_row"",""scope_kind"":""LOCATED_INTERVAL"",""start_chainage"":1013886.0,""state_role"":null,""valid_date"":null}",doc_28d57b5baaf883772b83b6e8_e0003,stage7_main_task_006,False
typed_claim_138582386dd270ba4d73ca57,FORECAST_GEOLOGICAL_CONDITION,"{""attribute_dimension"":null,""attribute_name"":""weathering"",""normalized_value"":""弱风化"",""source_evidence_id"":""doc_28d57b5baaf883772b83b6e8_e0003""}",FORECAST,,2,geological_forecast,fact_lock_90d81e9703cc854df9157cc6,FORWARD_ATTENTION_CELL,"{""cell_id"":null,""daily_state_id"":null,""end_chainage"":1013922.0,""point_chainage"":null,""scope_basis"":""hsp_forecast_table_row"",""scope_kind"":""LOCATED_INTERVAL"",""start_chainage"":1013886.0,""state_role"":null,""valid_date"":null}",doc_28d57b5baaf883772b83b6e8_e0003,stage7_main_task_006,False
typed_claim_14aa1f46903101cd2c61377d,FORECAST_GEOLOGICAL_CONDITION,"{""attribute_dimension"":null,""attribute_name"":""anomaly_level"",""normalized_value"":""MODERATE"",""source_evidence_id"":""doc_28d57b5baaf883772b83b6e8_e0003""}",FORECAST,,3,geological_forecast,fact_lock_23801a408c8f179b9bf8e61a,FORWARD_ATTENTION_CELL,"{""cell_id"":null,""daily_state_id"":null,""end_chainage"":1013922.0,""point_chainage"":null,""scope_basis"":""hsp_forecast_table_row"",""scope_kind"":""LOCATED_INTERVAL"",""start_chainage"":1013886.0,""state_role"":null,""valid_date"":null}",doc_28d57b5baaf883772b83b6e8_e0003,stage7_main_task_006,False
typed_claim_57c9625bc37f72d872a9fbe3,FORECAST_GEOLOGICAL_CONDITION,"{""attribute_dimension"":null,""attribute_name"":""joint_development"",""normalized_value"":""节理裂隙发育密集"",""source_evidence_id"":""doc_28d57b5baaf883772b83b6e8_e0003""}",FORECAST,,4,geological_forecast,fact_lock_88022fc5844ef8e480c60490,FORWARD_ATTENTION_CELL,"{""cell_id"":null,""daily_state_id"":null,""end_chainage"":1013922.0,""point_chainage"":null,""scope_basis"":""hsp_forecast_table_row"",""scope_kind"":""LOCATED_INTERVAL"",""start_chainage"":1013886.0,""state_role"":null,""valid_date"":null}",doc_28d57b5baaf883772b83b6e8_e0003,stage7_main_task_006,False
typed_claim_b410e57e83105e149f0d65b0,FORECAST_GEOLOGICAL_CONDITION,"{""attribute_dimension"":null,""attribute_name"":""suggested_grade"",""normalized_value"":""Ⅳ级"",""source_evidence_id"":""doc_28d57b5baaf883772b83b6e8_e0003""}",FORECAST,,5,geological_forecast,fact_lock_f128f25effa8088ce7b154e1,FORWARD_ATTENTION_CELL,"{""cell_id"":null,""daily_state_id"":null,""end_chainage"":1013922.0,""point_chainage"":null,""scope_basis"":""hsp_forecast_table_row"",""scope_kind"":""LOCATED_INTERVAL"",""start_chainage"":1013886.0,""state_role"":null,""valid_date"":null}",doc_28d57b5baaf883772b83b6e8_e0003,stage7_main_task_006,False
typed_claim_4228d9e9a71268443e9f8a3b,FORECAST_GEOLOGICAL_CONDITION,"{""attribute_dimension"":null,""attribute_name"":""risk_hint"",""normalized_value"":""里程+886、 +905、+910、 +919 附近有 掉块风险"",""source_evidence_id"":""doc_28d57b5baaf883772b83b6e8_e0003""}",FORECAST,,6,geological_forecast,fact_lock_1b5573520b115d1ef05fd7a8,FORWARD_ATTENTION_CELL,"{""cell_id"":null,""daily_state_id"":null,""end_chainage"":1013922.0,""point_chainage"":null,""scope_basis"":""hsp_forecast_table_row"",""scope_kind"":""LOCATED_INTERVAL"",""start_chainage"":1013886.0,""state_role"":null,""valid_date"":null}",doc_28d57b5baaf883772b83b6e8_e0003,stage7_main_task_006,False
typed_claim_465a0d2ea32b68cdd61daa6c,FORECAST_GEOLOGICAL_CONDITION,"{""attribute_dimension"":null,""attribute_name"":""rock_mass_state"",""normalized_value"":""岩体破碎-极破碎"",""source_evidence_id"":""doc_28d57b5baaf883772b83b6e8_e0003""}",FORECAST,,7,geological_forecast,fact_lock_863df354b5368f455ad78702,FORWARD_ATTENTION_CELL,"{""cell_id"":null,""daily_state_id"":null,""end_chainage"":1013922.0,""point_chainage"":null,""scope_basis"":""hsp_forecast_table_row"",""scope_kind"":""LOCATED_INTERVAL"",""start_chainage"":1013886.0,""state_role"":null,""valid_date"":null}",doc_28d57b5baaf883772b83b6e8_e0003,stage7_main_task_006,False
typed_claim_0b93857bbd32fe84f9ca35f3,FORWARD_GEOLOGICAL_ATTENTION,"{""is_causal_estimate"":false,""is_hazard_probability"":false,""is_probability"":false,""metric_name"":""GRS"",""metric_semantics"":""FORWARD_GEOLOGICAL_EVIDENCE_ATTENTION_INDEX"",""metric_status"":""AVAILABLE"",""metric_value"":0.8333333333333333,""source_metric_id"":""state_grs_0ce95a03ab7933cc5083a81b""}",,NONPROBABILISTIC_ATTENTION,8,forward_attention,fact_lock_bcc6166b54fcfe1acd38c8c3,FORWARD_ATTENTION_CELL,"{""cell_id"":""cell_2a26eb473c9d5c29f1fb18e5"",""daily_state_id"":null,""end_chainage"":null,""point_chainage"":null,""scope_basis"":""stage5b_bitemporal_state_subject"",""scope_kind"":""CELL"",""start_chainage"":null,""state_role"":""FORWARD_ATTENTION_CELL"",""valid_date"":""2023-10-28""}",state_grs_0ce95a03ab7933cc5083a81b,stage7_main_task_006,False
typed_claim_75fa75b16e4c0bacffb83c05,GEOLOGICAL_EVIDENCE_ATTENTION_REVIEW,"{""is_causal_estimate"":false,""is_hazard_probability"":false,""is_probability"":false,""metric_name"":""GRS"",""metric_semantics"":""GEOLOGICAL_EVIDENCE_ATTENTION_INDEX"",""metric_status"":""AVAILABLE"",""metric_value"":0.6444444444444445,""source_metric_id"":""state_grs_5d48b5fe53ae169858c29086""}",,NONPROBABILISTIC_ATTENTION,0,geological_attention,fact_lock_644cecac6ca14b56154a841d,DAILY_REVIEW_CELL,"{""cell_id"":""cell_cdc5039d5b825fe6a11681a2"",""daily_state_id"":null,""end_chainage"":null,""point_chainage"":null,""scope_basis"":""stage5b_bitemporal_state_subject"",""scope_kind"":""CELL"",""start_chainage"":null,""state_role"":""DAILY_REVIEW_CELL"",""valid_date"":""2023-12-29""}",state_grs_5d48b5fe53ae169858c29086,stage7_main_task_007,False
typed_claim_4b2008e1af91aeb75683ee3b,FORECAST_GEOLOGICAL_CONDITION,"{""attribute_dimension"":null,""attribute_name"":""geological_conclusion"",""normalized_value"":""该段围岩较前段稍变好。岩性为 板岩夹变质砂岩，弱风化，岩质 软硬不均，节理裂隙较发育，岩 体较破碎。"",""source_evidence_id"":""doc_a1ca08b3f141763f45863a07_e0004""}",FORECAST,,0,geological_forecast,fact_lock_7c7dc3966598a343b50490ee,DAILY_REVIEW_CELL,"{""cell_id"":null,""daily_state_id"":null,""end_chainage"":1013992.0,""point_chainage"":null,""scope_basis"":""hsp_forecast_table_row"",""scope_kind"":""LOCATED_INTERVAL"",""start_chainage"":1013974.0,""state_role"":null,""valid_date"":null}",doc_a1ca08b3f141763f45863a07_e0004,stage7_main_task_008,False
typed_claim_35d50a7e74f4c0d7353b2097,FORECAST_GEOLOGICAL_CONDITION,"{""attribute_dimension"":null,""attribute_name"":""weathering"",""normalized_value"":""弱风化"",""source_evidence_id"":""doc_a1ca08b3f141763f45863a07_e0004""}",FORECAST,,1,geological_forecast,fact_lock_035a602d4a45a700cb99565d,DAILY_REVIEW_CELL,"{""cell_id"":null,""daily_state_id"":null,""end_chainage"":1013992.0,""point_chainage"":null,""scope_basis"":""hsp_forecast_table_row"",""scope_kind"":""LOCATED_INTERVAL"",""start_chainage"":1013974.0,""state_role"":null,""valid_date"":null}",doc_a1ca08b3f141763f45863a07_e0004,stage7_main_task_008,False
typed_claim_8cfac0bc030713d2b84904b9,FORECAST_GEOLOGICAL_CONDITION,"{""attribute_dimension"":null,""attribute_name"":""suggested_grade"",""normalized_value"":""Ⅲ级"",""source_evidence_id"":""doc_a1ca08b3f141763f45863a07_e0004""}",FORECAST,,2,geological_forecast,fact_lock_423a0f7c0f66d5367ac3bfab,DAILY_REVIEW_CELL,"{""cell_id"":null,""daily_state_id"":null,""end_chainage"":1013992.0,""point_chainage"":null,""scope_basis"":""hsp_forecast_table_row"",""scope_kind"":""LOCATED_INTERVAL"",""start_chainage"":1013974.0,""state_role"":null,""valid_date"":null}",doc_a1ca08b3f141763f45863a07_e0004,stage7_main_task_008,False
typed_claim_b44cc91e6dd3172dea530088,FORECAST_GEOLOGICAL_CONDITION,"{""attribute_dimension"":null,""attribute_name"":""rock_mass_state"",""normalized_value"":""岩体较破碎"",""source_evidence_id"":""doc_a1ca08b3f141763f45863a07_e0004""}",FORECAST,,3,geological_forecast,fact_lock_b4bf3d597c854c6a47e6dcfc,DAILY_REVIEW_CELL,"{""cell_id"":null,""daily_state_id"":null,""end_chainage"":1013992.0,""point_chainage"":null,""scope_basis"":""hsp_forecast_table_row"",""scope_kind"":""LOCATED_INTERVAL"",""start_chainage"":1013974.0,""state_role"":null,""valid_date"":null}",doc_a1ca08b3f141763f45863a07_e0004,stage7_main_task_008,False
typed_claim_dc8fb84fbb426d74c0e64d5b,FORECAST_GEOLOGICAL_CONDITION,"{""attribute_dimension"":null,""attribute_name"":""lithology"",""normalized_value"":""板岩夹变质砂岩"",""source_evidence_id"":""doc_a1ca08b3f141763f45863a07_e0004""}",FORECAST,,4,geological_forecast,fact_lock_3103194f65b3fbf4335f6f1a,DAILY_REVIEW_CELL,"{""cell_id"":null,""daily_state_id"":null,""end_chainage"":1013992.0,""point_chainage"":null,""scope_basis"":""hsp_forecast_table_row"",""scope_kind"":""LOCATED_INTERVAL"",""start_chainage"":1013974.0,""state_role"":null,""valid_date"":null}",doc_a1ca08b3f141763f45863a07_e0004,stage7_main_task_008,False
typed_claim_f345cb7e9b4c03a6a40ac1e1,FORECAST_GEOLOGICAL_CONDITION,"{""attribute_dimension"":null,""attribute_name"":""joint_development"",""normalized_value"":""节理裂隙较发育"",""source_evidence_id"":""doc_a1ca08b3f141763f45863a07_e0004""}",FORECAST,,5,geological_forecast,fact_lock_4ae26992bfe11037ed2ce755,DAILY_REVIEW_CELL,"{""cell_id"":null,""daily_state_id"":null,""end_chainage"":1013992.0,""point_chainage"":null,""scope_basis"":""hsp_forecast_table_row"",""scope_kind"":""LOCATED_INTERVAL"",""start_chainage"":1013974.0,""state_role"":null,""valid_date"":null}",doc_a1ca08b3f141763f45863a07_e0004,stage7_main_task_008,False
typed_claim_30f64df9f7fd3e5f5906a247,OPERATIONAL_RESPONSE_ATTENTION,"{""is_causal_estimate"":false,""is_hazard_probability"":false,""is_probability"":false,""metric_name"":""RAI"",""metric_semantics"":""OPERATIONAL_RESPONSE_ATTENTION_INDEX"",""metric_status"":""AVAILABLE"",""metric_value"":0.8659291356031981,""source_metric_id"":""state_rai_bb4b0bc05e62a0c129c436ac""}",,NONPROBABILISTIC_ATTENTION,6,operational_attention,fact_lock_5f830818e1605e20f5d1f55f,DAILY_REVIEW_CELL,"{""cell_id"":""cell_e6909af68ebeb6da8c963bf6"",""daily_state_id"":null,""end_chainage"":null,""point_chainage"":null,""scope_basis"":""stage5b_bitemporal_state_subject"",""scope_kind"":""CELL"",""start_chainage"":null,""state_role"":""DAILY_REVIEW_CELL"",""valid_date"":""2023-11-13""}",state_rai_bb4b0bc05e62a0c129c436ac,stage7_main_task_008,False
typed_claim_84079afe626a976b1db2f264,GEOLOGICAL_EVIDENCE_ATTENTION_REVIEW,"{""is_causal_estimate"":false,""is_hazard_probability"":false,""is_probability"":false,""metric_name"":""GRS"",""metric_semantics"":""GEOLOGICAL_EVIDENCE_ATTENTION_INDEX"",""metric_status"":""AVAILABLE"",""metric_value"":0.20833333333333331,""source_metric_id"":""state_grs_bb4b0bc05e62a0c129c436ac""}",,NONPROBABILISTIC_ATTENTION,7,geological_attention,fact_lock_89aa6c570ba901fe0c0be214,DAILY_REVIEW_CELL,"{""cell_id"":""cell_e6909af68ebeb6da8c963bf6"",""daily_state_id"":null,""end_chainage"":null,""point_chainage"":null,""scope_basis"":""stage5b_bitemporal_state_subject"",""scope_kind"":""CELL"",""start_chainage"":null,""state_role"":""DAILY_REVIEW_CELL"",""valid_date"":""2023-11-13""}",state_grs_bb4b0bc05e62a0c129c436ac,stage7_main_task_008,False
typed_claim_4b2ac250e58a1d2e7a5dda02,COUPLED_ATTENTION_REVIEW,"{""is_causal_estimate"":false,""is_hazard_probability"":false,""is_probability"":false,""metric_name"":""GRCI"",""metric_semantics"":""NONPROBABILISTIC_CONJUNCTIVE_PRODUCT"",""metric_status"":""AVAILABLE"",""metric_value"":0.18040190325066624,""source_metric_id"":""state_grci_bb4b0bc05e62a0c129c436ac""}",,NONPROBABILISTIC_ATTENTION,8,coupled_attention,fact_lock_5a95972e3a2358cafe23a05c,DAILY_REVIEW_CELL,"{""cell_id"":""cell_e6909af68ebeb6da8c963bf6"",""daily_state_id"":null,""end_chainage"":null,""point_chainage"":null,""scope_basis"":""stage5b_bitemporal_state_subject"",""scope_kind"":""CELL"",""start_chainage"":null,""state_role"":""DAILY_REVIEW_CELL"",""valid_date"":""2023-11-13""}",state_grci_bb4b0bc05e62a0c129c436ac,stage7_main_task_008,False
typed_claim_a46c7047e75a487f50d81325,FORECAST_GEOLOGICAL_CONDITION,"{""attribute_dimension"":null,""attribute_name"":""anomaly_level"",""normalized_value"":""MODERATE"",""source_evidence_id"":""doc_d0afc25463d4776277ebb952_e0003""}",FORECAST,,0,geological_forecast,fact_lock_61cd9c82c3781e7c9e7afa15,FORWARD_ATTENTION_CELL,"{""cell_id"":null,""daily_state_id"":null,""end_chainage"":1014065.0,""point_chainage"":null,""scope_basis"":""hsp_forecast_table_row"",""scope_kind"":""LOCATED_INTERVAL"",""start_chainage"":1014056.0,""state_role"":null,""valid_date"":null}",doc_d0afc25463d4776277ebb952_e0003,stage7_main_task_009,False
typed_claim_4f0dbf1089466d21ddfb312f,FORECAST_GEOLOGICAL_CONDITION,"{""attribute_dimension"":null,""attribute_name"":""rock_mass_state"",""normalized_value"":""岩体较破碎-破碎"",""source_evidence_id"":""doc_d0afc25463d4776277ebb952_e0003""}",FORECAST,,1,geological_forecast,fact_lock_7267b936fb741bbba8c52478,FORWARD_ATTENTION_CELL,"{""cell_id"":null,""daily_state_id"":null,""end_chainage"":1014065.0,""point_chainage"":null,""scope_basis"":""hsp_forecast_table_row"",""scope_kind"":""LOCATED_INTERVAL"",""start_chainage"":1014056.0,""state_role"":null,""valid_date"":null}",doc_d0afc25463d4776277ebb952_e0003,stage7_main_task_009,False
typed_claim_c3496d2e71ab5b51150639a0,FORECAST_GEOLOGICAL_CONDITION,"{""attribute_dimension"":null,""attribute_name"":""lithology"",""normalized_value"":""板岩夹变质砂岩"",""source_evidence_id"":""doc_d0afc25463d4776277ebb952_e0003""}",FORECAST,,2,geological_forecast,fact_lock_42a8182a7f5c8523a7379906,FORWARD_ATTENTION_CELL,"{""cell_id"":null,""daily_state_id"":null,""end_chainage"":1014065.0,""point_chainage"":null,""scope_basis"":""hsp_forecast_table_row"",""scope_kind"":""LOCATED_INTERVAL"",""start_chainage"":1014056.0,""state_role"":null,""valid_date"":null}",doc_d0afc25463d4776277ebb952_e0003,stage7_main_task_009,False
typed_claim_72f845df2e9ceff9382a13d3,FORECAST_GEOLOGICAL_CONDITION,"{""attribute_dimension"":null,""attribute_name"":""joint_development"",""normalized_value"":""节理裂隙较发育-发育"",""source_evidence_id"":""doc_d0afc25463d4776277ebb952_e0003""}",FORECAST,,3,geological_forecast,fact_lock_cc59d19fed3e416001e352ed,FORWARD_ATTENTION_CELL,"{""cell_id"":null,""daily_state_id"":null,""end_chainage"":1014065.0,""point_chainage"":null,""scope_basis"":""hsp_forecast_table_row"",""scope_kind"":""LOCATED_INTERVAL"",""start_chainage"":1014056.0,""state_role"":null,""valid_date"":null}",doc_d0afc25463d4776277ebb952_e0003,stage7_main_task_009,False
typed_claim_691e71fa3627297b8dc32a30,FORECAST_GEOLOGICAL_CONDITION,"{""attribute_dimension"":null,""attribute_name"":""geological_conclusion"",""normalized_value"":""该段围岩较前段变差。岩性为板 岩夹变质砂岩，弱风化，岩质软 硬不均，节理裂隙较发育-发育， 岩体较破碎-破碎，裂隙层间结合 度差。"",""source_evidence_id"":""doc_d0afc25463d4776277ebb952_e0003""}",FORECAST,,4,geological_forecast,fact_lock_66a1e727b429a84d65240f62,FORWARD_ATTENTION_CELL,"{""cell_id"":null,""daily_state_id"":null,""end_chainage"":1014065.0,""point_chainage"":null,""scope_basis"":""hsp_forecast_table_row"",""scope_kind"":""LOCATED_INTERVAL"",""start_chainage"":1014056.0,""state_role"":null,""valid_date"":null}",doc_d0afc25463d4776277ebb952_e0003,stage7_main_task_009,False
typed_claim_2fa29bdc5aaef342ba562ef4,FORECAST_GEOLOGICAL_CONDITION,"{""attribute_dimension"":null,""attribute_name"":""risk_hint"",""normalized_value"":""里程+056 附 近有掉块风 险"",""source_evidence_id"":""doc_d0afc25463d4776277ebb952_e0003""}",FORECAST,,5,geological_forecast,fact_lock_922850a74d10327df14630e9,FORWARD_ATTENTION_CELL,"{""cell_id"":null,""daily_state_id"":null,""end_chainage"":1014065.0,""point_chainage"":null,""scope_basis"":""hsp_forecast_table_row"",""scope_kind"":""LOCATED_INTERVAL"",""start_chainage"":1014056.0,""state_role"":null,""valid_date"":null}",doc_d0afc25463d4776277ebb952_e0003,stage7_main_task_009,False
typed_claim_5b9159d1f82bb2935e62d214,FORECAST_GEOLOGICAL_CONDITION,"{""attribute_dimension"":null,""attribute_name"":""suggested_grade"",""normalized_value"":""Ⅳ级"",""source_evidence_id"":""doc_d0afc25463d4776277ebb952_e0003""}",FORECAST,,6,geological_forecast,fact_lock_f0fe42805d6ae86a755a20d6,FORWARD_ATTENTION_CELL,"{""cell_id"":null,""daily_state_id"":null,""end_chainage"":1014065.0,""point_chainage"":null,""scope_basis"":""hsp_forecast_table_row"",""scope_kind"":""LOCATED_INTERVAL"",""start_chainage"":1014056.0,""state_role"":null,""valid_date"":null}",doc_d0afc25463d4776277ebb952_e0003,stage7_main_task_009,False
typed_claim_3cd7737bdad34d0ad4d7c887,FORECAST_GEOLOGICAL_CONDITION,"{""attribute_dimension"":null,""attribute_name"":""weathering"",""normalized_value"":""弱风化"",""source_evidence_id"":""doc_d0afc25463d4776277ebb952_e0003""}",FORECAST,,7,geological_forecast,fact_lock_e131e63a933a6af05613ab76,FORWARD_ATTENTION_CELL,"{""cell_id"":null,""daily_state_id"":null,""end_chainage"":1014065.0,""point_chainage"":null,""scope_basis"":""hsp_forecast_table_row"",""scope_kind"":""LOCATED_INTERVAL"",""start_chainage"":1014056.0,""state_role"":null,""valid_date"":null}",doc_d0afc25463d4776277ebb952_e0003,stage7_main_task_009,False
typed_claim_af3cdba1ea1f895af21fa148,FORWARD_GEOLOGICAL_ATTENTION,"{""is_causal_estimate"":false,""is_hazard_probability"":false,""is_probability"":false,""metric_name"":""GRS"",""metric_semantics"":""FORWARD_GEOLOGICAL_EVIDENCE_ATTENTION_INDEX"",""metric_status"":""AVAILABLE"",""metric_value"":0.5833333333333333,""source_metric_id"":""state_grs_62b781a410e414d231579467""}",,NONPROBABILISTIC_ATTENTION,8,forward_attention,fact_lock_a6d26d807c62ed6d07b42b73,FORWARD_ATTENTION_CELL,"{""cell_id"":""cell_74760c064abb487c9a1b536d"",""daily_state_id"":null,""end_chainage"":null,""point_chainage"":null,""scope_basis"":""stage5b_bitemporal_state_subject"",""scope_kind"":""CELL"",""start_chainage"":null,""state_role"":""FORWARD_ATTENTION_CELL"",""valid_date"":""2023-11-18""}",state_grs_62b781a410e414d231579467,stage7_main_task_009,False
typed_claim_8e50c3fbb7b7a3046db55d81,FORECAST_GEOLOGICAL_CONDITION,"{""attribute_dimension"":null,""attribute_name"":""weathering"",""normalized_value"":""弱风化"",""source_evidence_id"":""doc_c19c0e4b52882f445108f4a0_e0007""}",FORECAST,,0,geological_forecast,fact_lock_d5580ff62db5a18f40c05639,FORWARD_ATTENTION_CELL,"{""cell_id"":null,""daily_state_id"":null,""end_chainage"":1014366.0,""point_chainage"":null,""scope_basis"":""hsp_forecast_table_row"",""scope_kind"":""LOCATED_INTERVAL"",""start_chainage"":1014358.0,""state_role"":null,""valid_date"":null}",doc_c19c0e4b52882f445108f4a0_e0007,stage7_main_task_010,False
typed_claim_dad5e42452c912a684f553f9,FORECAST_GEOLOGICAL_CONDITION,"{""attribute_dimension"":null,""attribute_name"":""weathering"",""normalized_value"":""弱风化"",""source_evidence_id"":""doc_c19c0e4b52882f445108f4a0_e0007""}",FORECAST,,1,geological_forecast,fact_lock_f2c27986ce46f3041428b407,FORWARD_ATTENTION_CELL,"{""cell_id"":null,""daily_state_id"":null,""end_chainage"":1014366.0,""point_chainage"":null,""scope_basis"":""hsp_forecast_table_row"",""scope_kind"":""LOCATED_INTERVAL"",""start_chainage"":1014358.0,""state_role"":null,""valid_date"":null}",doc_c19c0e4b52882f445108f4a0_e0007,stage7_main_task_010,False
typed_claim_bb61d01207a55a68f424e125,FORECAST_GEOLOGICAL_CONDITION,"{""attribute_dimension"":null,""attribute_name"":""suggested_grade"",""normalized_value"":""Ⅳ级"",""source_evidence_id"":""doc_c19c0e4b52882f445108f4a0_e0007""}",FORECAST,,2,geological_forecast,fact_lock_16e2cebd38aeab60419b18b1,FORWARD_ATTENTION_CELL,"{""cell_id"":null,""daily_state_id"":null,""end_chainage"":1014366.0,""point_chainage"":null,""scope_basis"":""hsp_forecast_table_row"",""scope_kind"":""LOCATED_INTERVAL"",""start_chainage"":1014358.0,""state_role"":null,""valid_date"":null}",doc_c19c0e4b52882f445108f4a0_e0007,stage7_main_task_010,False
typed_claim_87aa59f25b16cd1e378aa3fd,FORECAST_GEOLOGICAL_CONDITION,"{""attribute_dimension"":null,""attribute_name"":""suggested_grade"",""normalized_value"":""Ⅳ级"",""source_evidence_id"":""doc_c19c0e4b52882f445108f4a0_e0007""}",FORECAST,,3,geological_forecast,fact_lock_f19b82c13ad45fa042b0759f,FORWARD_ATTENTION_CELL,"{""cell_id"":null,""daily_state_id"":null,""end_chainage"":1014366.0,""point_chainage"":null,""scope_basis"":""hsp_forecast_table_row"",""scope_kind"":""LOCATED_INTERVAL"",""start_chainage"":1014358.0,""state_role"":null,""valid_date"":null}",doc_c19c0e4b52882f445108f4a0_e0007,stage7_main_task_010,False
typed_claim_3098d9eded85bc9bbfbaa2a2,FORECAST_GEOLOGICAL_CONDITION,"{""attribute_dimension"":null,""attribute_name"":""joint_development"",""normalized_value"":""节理裂隙发育"",""source_evidence_id"":""doc_c19c0e4b52882f445108f4a0_e0007""}",FORECAST,,4,geological_forecast,fact_lock_1c19c08e330fabbece62af48,FORWARD_ATTENTION_CELL,"{""cell_id"":null,""daily_state_id"":null,""end_chainage"":1014366.0,""point_chainage"":null,""scope_basis"":""hsp_forecast_table_row"",""scope_kind"":""LOCATED_INTERVAL"",""start_chainage"":1014358.0,""state_role"":null,""valid_date"":null}",doc_c19c0e4b52882f445108f4a0_e0007,stage7_main_task_010,False
typed_claim_4b0e94c12031b3d8bdf0c7ae,FORECAST_GEOLOGICAL_CONDITION,"{""attribute_dimension"":null,""attribute_name"":""joint_development"",""normalized_value"":""节理裂隙发育"",""source_evidence_id"":""doc_c19c0e4b52882f445108f4a0_e0007""}",FORECAST,,5,geological_forecast,fact_lock_36bacaf1bdb3f61abf33adf9,FORWARD_ATTENTION_CELL,"{""cell_id"":null,""daily_state_id"":null,""end_chainage"":1014366.0,""point_chainage"":null,""scope_basis"":""hsp_forecast_table_row"",""scope_kind"":""LOCATED_INTERVAL"",""start_chainage"":1014358.0,""state_role"":null,""valid_date"":null}",doc_c19c0e4b52882f445108f4a0_e0007,stage7_main_task_010,False
typed_claim_9ec9188e42b6de332273c5a1,FORECAST_GEOLOGICAL_CONDITION,"{""attribute_dimension"":null,""attribute_name"":""risk_hint"",""normalized_value"":""里程+358 附 近有掉块风 险"",""source_evidence_id"":""doc_c19c0e4b52882f445108f4a0_e0007""}",FORECAST,,6,geological_forecast,fact_lock_845f5e449543ab455779b427,FORWARD_ATTENTION_CELL,"{""cell_id"":null,""daily_state_id"":null,""end_chainage"":1014366.0,""point_chainage"":null,""scope_basis"":""hsp_forecast_table_row"",""scope_kind"":""LOCATED_INTERVAL"",""start_chainage"":1014358.0,""state_role"":null,""valid_date"":null}",doc_c19c0e4b52882f445108f4a0_e0007,stage7_main_task_010,False
typed_claim_d32ad06380e244931ee61519,FORECAST_GEOLOGICAL_CONDITION,"{""attribute_dimension"":null,""attribute_name"":""risk_hint"",""normalized_value"":""里程+358 附 近有掉块风 险"",""source_evidence_id"":""doc_c19c0e4b52882f445108f4a0_e0007""}",FORECAST,,7,geological_forecast,fact_lock_b18c28dec808f2c75fdc8f1f,FORWARD_ATTENTION_CELL,"{""cell_id"":null,""daily_state_id"":null,""end_chainage"":1014366.0,""point_chainage"":null,""scope_basis"":""hsp_forecast_table_row"",""scope_kind"":""LOCATED_INTERVAL"",""start_chainage"":1014358.0,""state_role"":null,""valid_date"":null}",doc_c19c0e4b52882f445108f4a0_e0007,stage7_main_task_010,False
typed_claim_95804e13ea77e85dd72a181f,FORECAST_GEOLOGICAL_CONDITION,"{""attribute_dimension"":null,""attribute_name"":""risk_hint"",""normalized_value"":""里程+352、 +363、+375 附近有掉块 风险"",""source_evidence_id"":""doc_b84482f2cbc3d64012d7baad_e0003""}",FORECAST,,8,geological_forecast,fact_lock_7c29bf3840c09777d3c91a02,FORWARD_ATTENTION_CELL,"{""cell_id"":null,""daily_state_id"":null,""end_chainage"":1014380.0,""point_chainage"":null,""scope_basis"":""hsp_forecast_table_row"",""scope_kind"":""LOCATED_INTERVAL"",""start_chainage"":1014352.0,""state_role"":null,""valid_date"":null}",doc_b84482f2cbc3d64012d7baad_e0003,stage7_main_task_010,False
typed_claim_3fea5bb97c76659dd1ec15da,FORECAST_GEOLOGICAL_CONDITION,"{""attribute_dimension"":null,""attribute_name"":""risk_hint"",""normalized_value"":""里程+352、 +363、+375 附近有掉块 风险"",""source_evidence_id"":""doc_b84482f2cbc3d64012d7baad_e0003""}",FORECAST,,9,geological_forecast,fact_lock_c94be29e005c284b311277f2,FORWARD_ATTENTION_CELL,"{""cell_id"":null,""daily_state_id"":null,""end_chainage"":1014380.0,""point_chainage"":null,""scope_basis"":""hsp_forecast_table_row"",""scope_kind"":""LOCATED_INTERVAL"",""start_chainage"":1014352.0,""state_role"":null,""valid_date"":null}",doc_b84482f2cbc3d64012d7baad_e0003,stage7_main_task_010,False
typed_claim_bee65e9b0e9d882dc060250a,FORECAST_GEOLOGICAL_CONDITION,"{""attribute_dimension"":null,""attribute_name"":""risk_hint"",""normalized_value"":""里程+352、 +363、+375 附近有掉块 风险"",""source_evidence_id"":""doc_b84482f2cbc3d64012d7baad_e0003""}",FORECAST,,10,geological_forecast,fact_lock_f3b9ab506030248acda933b5,FORWARD_ATTENTION_CELL,"{""cell_id"":null,""daily_state_id"":null,""end_chainage"":1014380.0,""point_chainage"":null,""scope_basis"":""hsp_forecast_table_row"",""scope_kind"":""LOCATED_INTERVAL"",""start_chainage"":1014352.0,""state_role"":null,""valid_date"":null}",doc_b84482f2cbc3d64012d7baad_e0003,stage7_main_task_010,False
typed_claim_147eb208e5496b729050da15,FORECAST_GEOLOGICAL_CONDITION,"{""attribute_dimension"":null,""attribute_name"":""geological_conclusion"",""normalized_value"":""该段围岩较前段变差。岩性为板 岩夹变质砂岩，弱风化，岩质软 硬不均，节理裂隙发育密集，层 间结合差，岩体破碎-极破碎"",""source_evidence_id"":""doc_b84482f2cbc3d64012d7baad_e0003""}",FORECAST,,11,geological_forecast,fact_lock_36a2059455ab5d3ea72a5d5e,FORWARD_ATTENTION_CELL,"{""cell_id"":null,""daily_state_id"":null,""end_chainage"":1014380.0,""point_chainage"":null,""scope_basis"":""hsp_forecast_table_row"",""scope_kind"":""LOCATED_INTERVAL"",""start_chainage"":1014352.0,""state_role"":null,""valid_date"":null}",doc_b84482f2cbc3d64012d7baad_e0003,stage7_main_task_010,False
typed_claim_d6700ca4625e7d4ec6764861,FORECAST_GEOLOGICAL_CONDITION,"{""attribute_dimension"":null,""attribute_name"":""geological_conclusion"",""normalized_value"":""该段围岩较前段变差。岩性为板 岩夹变质砂岩，弱风化，岩质软 硬不均，节理裂隙发育密集，层 间结合差，岩体破碎-极破碎"",""source_evidence_id"":""doc_b84482f2cbc3d64012d7baad_e0003""}",FORECAST,,12,geological_forecast,fact_lock_8457003b21b868d7c6ac7a4c,FORWARD_ATTENTION_CELL,"{""cell_id"":null,""daily_state_id"":null,""end_chainage"":1014380.0,""point_chainage"":null,""scope_basis"":""hsp_forecast_table_row"",""scope_kind"":""LOCATED_INTERVAL"",""start_chainage"":1014352.0,""state_role"":null,""valid_date"":null}",doc_b84482f2cbc3d64012d7baad_e0003,stage7_main_task_010,False
typed_claim_3af1e08de1ecf1beaca701fc,FORECAST_GEOLOGICAL_CONDITION,"{""attribute_dimension"":null,""attribute_name"":""geological_conclusion"",""normalized_value"":""该段围岩较前段变差。岩性为板 岩夹变质砂岩，弱风化，岩质软 硬不均，节理裂隙发育密集，层 间结合差，岩体破碎-极破碎"",""source_evidence_id"":""doc_b84482f2cbc3d64012d7baad_e0003""}",FORECAST,,13,geological_forecast,fact_lock_add96cc835d10fe326e83b62,FORWARD_ATTENTION_CELL,"{""cell_id"":null,""daily_state_id"":null,""end_chainage"":1014380.0,""point_chainage"":null,""scope_basis"":""hsp_forecast_table_row"",""scope_kind"":""LOCATED_INTERVAL"",""start_chainage"":1014352.0,""state_role"":null,""valid_date"":null}",doc_b84482f2cbc3d64012d7baad_e0003,stage7_main_task_010,False
typed_claim_6f3122119d06caaf5e70f2b8,FORECAST_GEOLOGICAL_CONDITION,"{""attribute_dimension"":null,""attribute_name"":""suggested_grade"",""normalized_value"":""Ⅳ级"",""source_evidence_id"":""doc_b84482f2cbc3d64012d7baad_e0003""}",FORECAST,,14,geological_forecast,fact_lock_5f2c9ead4d7159dc75d4463d,FORWARD_ATTENTION_CELL,"{""cell_id"":null,""daily_state_id"":null,""end_chainage"":1014380.0,""point_chainage"":null,""scope_basis"":""hsp_forecast_table_row"",""scope_kind"":""LOCATED_INTERVAL"",""start_chainage"":1014352.0,""state_role"":null,""valid_date"":null}",doc_b84482f2cbc3d64012d7baad_e0003,stage7_main_task_010,False
typed_claim_8bca8caf55acf63c225174bb,FORECAST_GEOLOGICAL_CONDITION,"{""attribute_dimension"":null,""attribute_name"":""suggested_grade"",""normalized_value"":""Ⅳ级"",""source_evidence_id"":""doc_b84482f2cbc3d64012d7baad_e0003""}",FORECAST,,15,geological_forecast,fact_lock_afb5d70a41719951d14f10f4,FORWARD_ATTENTION_CELL,"{""cell_id"":null,""daily_state_id"":null,""end_chainage"":1014380.0,""point_chainage"":null,""scope_basis"":""hsp_forecast_table_row"",""scope_kind"":""LOCATED_INTERVAL"",""start_chainage"":1014352.0,""state_role"":null,""valid_date"":null}",doc_b84482f2cbc3d64012d7baad_e0003,stage7_main_task_010,False
typed_claim_c49ef7a8e82f403e02c33915,FORECAST_GEOLOGICAL_CONDITION,"{""attribute_dimension"":null,""attribute_name"":""suggested_grade"",""normalized_value"":""Ⅳ级"",""source_evidence_id"":""doc_b84482f2cbc3d64012d7baad_e0003""}",FORECAST,,16,geological_forecast,fact_lock_bafdb2f059b09b9adf4984cb,FORWARD_ATTENTION_CELL,"{""cell_id"":null,""daily_state_id"":null,""end_chainage"":1014380.0,""point_chainage"":null,""scope_basis"":""hsp_forecast_table_row"",""scope_kind"":""LOCATED_INTERVAL"",""start_chainage"":1014352.0,""state_role"":null,""valid_date"":null}",doc_b84482f2cbc3d64012d7baad_e0003,stage7_main_task_010,False
typed_claim_0df9d68505efb7d4eb488c9c,FORECAST_GEOLOGICAL_CONDITION,"{""attribute_dimension"":null,""attribute_name"":""rock_mass_state"",""normalized_value"":""岩体破碎"",""source_evidence_id"":""doc_c19c0e4b52882f445108f4a0_e0007""}",FORECAST,,17,geological_forecast,fact_lock_1743366d545f2001d18a52a4,FORWARD_ATTENTION_CELL,"{""cell_id"":null,""daily_state_id"":null,""end_chainage"":1014366.0,""point_chainage"":null,""scope_basis"":""hsp_forecast_table_row"",""scope_kind"":""LOCATED_INTERVAL"",""start_chainage"":1014358.0,""state_role"":null,""valid_date"":null}",doc_c19c0e4b52882f445108f4a0_e0007,stage7_main_task_010,False
typed_claim_a78acf022e19145051d06dec,FORECAST_GEOLOGICAL_CONDITION,"{""attribute_dimension"":null,""attribute_name"":""rock_mass_state"",""normalized_value"":""岩体破碎"",""source_evidence_id"":""doc_c19c0e4b52882f445108f4a0_e0007""}",FORECAST,,18,geological_forecast,fact_lock_eb8d21b2ea934896fc8cd17e,FORWARD_ATTENTION_CELL,"{""cell_id"":null,""daily_state_id"":null,""end_chainage"":1014366.0,""point_chainage"":null,""scope_basis"":""hsp_forecast_table_row"",""scope_kind"":""LOCATED_INTERVAL"",""start_chainage"":1014358.0,""state_role"":null,""valid_date"":null}",doc_c19c0e4b52882f445108f4a0_e0007,stage7_main_task_010,False
typed_claim_6bb3d120285895008d8876cf,FORECAST_GEOLOGICAL_CONDITION,"{""attribute_dimension"":null,""attribute_name"":""joint_development"",""normalized_value"":""节理裂隙发育密集"",""source_evidence_id"":""doc_b84482f2cbc3d64012d7baad_e0003""}",FORECAST,,19,geological_forecast,fact_lock_993594cc93c41b7569c747c8,FORWARD_ATTENTION_CELL,"{""cell_id"":null,""daily_state_id"":null,""end_chainage"":1014380.0,""point_chainage"":null,""scope_basis"":""hsp_forecast_table_row"",""scope_kind"":""LOCATED_INTERVAL"",""start_chainage"":1014352.0,""state_role"":null,""valid_date"":null}",doc_b84482f2cbc3d64012d7baad_e0003,stage7_main_task_010,False
typed_claim_0e411aec21fec2178efce41e,FORECAST_GEOLOGICAL_CONDITION,"{""attribute_dimension"":null,""attribute_name"":""joint_development"",""normalized_value"":""节理裂隙发育密集"",""source_evidence_id"":""doc_b84482f2cbc3d64012d7baad_e0003""}",FORECAST,,20,geological_forecast,fact_lock_cbd4f964bfb3c6f3eeb2f1a0,FORWARD_ATTENTION_CELL,"{""cell_id"":null,""daily_state_id"":null,""end_chainage"":1014380.0,""point_chainage"":null,""scope_basis"":""hsp_forecast_table_row"",""scope_kind"":""LOCATED_INTERVAL"",""start_chainage"":1014352.0,""state_role"":null,""valid_date"":null}",doc_b84482f2cbc3d64012d7baad_e0003,stage7_main_task_010,False
typed_claim_08cca4b66f403345bd3f3026,FORECAST_GEOLOGICAL_CONDITION,"{""attribute_dimension"":null,""attribute_name"":""joint_development"",""normalized_value"":""节理裂隙发育密集"",""source_evidence_id"":""doc_b84482f2cbc3d64012d7baad_e0003""}",FORECAST,,21,geological_forecast,fact_lock_cef9ef96cae6a0ae5e57704b,FORWARD_ATTENTION_CELL,"{""cell_id"":null,""daily_state_id"":null,""end_chainage"":1014380.0,""point_chainage"":null,""scope_basis"":""hsp_forecast_table_row"",""scope_kind"":""LOCATED_INTERVAL"",""start_chainage"":1014352.0,""state_role"":null,""valid_date"":null}",doc_b84482f2cbc3d64012d7baad_e0003,stage7_main_task_010,False
typed_claim_b7d80b726766be1929007ea7,FORECAST_GEOLOGICAL_CONDITION,"{""attribute_dimension"":null,""attribute_name"":""anomaly_level"",""normalized_value"":""MODERATE"",""source_evidence_id"":""doc_b84482f2cbc3d64012d7baad_e0003""}",FORECAST,,22,geological_forecast,fact_lock_328861f9e09dd626f7a9e970,FORWARD_ATTENTION_CELL,"{""cell_id"":null,""daily_state_id"":null,""end_chainage"":1014380.0,""point_chainage"":null,""scope_basis"":""hsp_forecast_table_row"",""scope_kind"":""LOCATED_INTERVAL"",""start_chainage"":1014352.0,""state_role"":null,""valid_date"":null}",doc_b84482f2cbc3d64012d7baad_e0003,stage7_main_task_010,False
typed_claim_40ef83fd66acb36858b87904,FORECAST_GEOLOGICAL_CONDITION,"{""attribute_dimension"":null,""attribute_name"":""anomaly_level"",""normalized_value"":""MODERATE"",""source_evidence_id"":""doc_b84482f2cbc3d64012d7baad_e0003""}",FORECAST,,23,geological_forecast,fact_lock_4241d154d9ca9ecd029d8684,FORWARD_ATTENTION_CELL,"{""cell_id"":null,""daily_state_id"":null,""end_chainage"":1014380.0,""point_chainage"":null,""scope_basis"":""hsp_forecast_table_row"",""scope_kind"":""LOCATED_INTERVAL"",""start_chainage"":1014352.0,""state_role"":null,""valid_date"":null}",doc_b84482f2cbc3d64012d7baad_e0003,stage7_main_task_010,False
typed_claim_4f0764b988e1e09cc88506c0,FORECAST_GEOLOGICAL_CONDITION,"{""attribute_dimension"":null,""attribute_name"":""anomaly_level"",""normalized_value"":""MODERATE"",""source_evidence_id"":""doc_b84482f2cbc3d64012d7baad_e0003""}",FORECAST,,24,geological_forecast,fact_lock_50322a8b8ac55b81a2b66592,FORWARD_ATTENTION_CELL,"{""cell_id"":null,""daily_state_id"":null,""end_chainage"":1014380.0,""point_chainage"":null,""scope_basis"":""hsp_forecast_table_row"",""scope_kind"":""LOCATED_INTERVAL"",""start_chainage"":1014352.0,""state_role"":null,""valid_date"":null}",doc_b84482f2cbc3d64012d7baad_e0003,stage7_main_task_010,False
typed_claim_7ac5d2c7177b6fdfac563b35,FORECAST_GEOLOGICAL_CONDITION,"{""attribute_dimension"":null,""attribute_name"":""anomaly_level"",""normalized_value"":""HIGH"",""source_evidence_id"":""doc_c19c0e4b52882f445108f4a0_e0007""}",FORECAST,,25,geological_forecast,fact_lock_a88ca8ea5c3c04dd0463a4e6,FORWARD_ATTENTION_CELL,"{""cell_id"":null,""daily_state_id"":null,""end_chainage"":1014366.0,""point_chainage"":null,""scope_basis"":""hsp_forecast_table_row"",""scope_kind"":""LOCATED_INTERVAL"",""start_chainage"":1014358.0,""state_role"":null,""valid_date"":null}",doc_c19c0e4b52882f445108f4a0_e0007,stage7_main_task_010,False
typed_claim_ca0ffc8008152f563babaa91,FORECAST_GEOLOGICAL_CONDITION,"{""attribute_dimension"":null,""attribute_name"":""anomaly_level"",""normalized_value"":""HIGH"",""source_evidence_id"":""doc_c19c0e4b52882f445108f4a0_e0007""}",FORECAST,,26,geological_forecast,fact_lock_e151f91081310403d5a87d01,FORWARD_ATTENTION_CELL,"{""cell_id"":null,""daily_state_id"":null,""end_chainage"":1014366.0,""point_chainage"":null,""scope_basis"":""hsp_forecast_table_row"",""scope_kind"":""LOCATED_INTERVAL"",""start_chainage"":1014358.0,""state_role"":null,""valid_date"":null}",doc_c19c0e4b52882f445108f4a0_e0007,stage7_main_task_010,False
typed_claim_a17adaa1424bf73c412ce82e,FORECAST_GEOLOGICAL_CONDITION,"{""attribute_dimension"":null,""attribute_name"":""geological_conclusion"",""normalized_value"":""该段围岩较前段变差。岩性为板 岩夹变质砂岩，弱风化，岩质软 硬不均，节理裂隙发育，岩体破 碎，层间结合差。"",""source_evidence_id"":""doc_c19c0e4b52882f445108f4a0_e0007""}",FORECAST,,27,geological_forecast,fact_lock_42c69261810face9b73324a0,FORWARD_ATTENTION_CELL,"{""cell_id"":null,""daily_state_id"":null,""end_chainage"":1014366.0,""point_chainage"":null,""scope_basis"":""hsp_forecast_table_row"",""scope_kind"":""LOCATED_INTERVAL"",""start_chainage"":1014358.0,""state_role"":null,""valid_date"":null}",doc_c19c0e4b52882f445108f4a0_e0007,stage7_main_task_010,False
typed_claim_d45a0db981537e600cd398a7,FORECAST_GEOLOGICAL_CONDITION,"{""attribute_dimension"":null,""attribute_name"":""geological_conclusion"",""normalized_value"":""该段围岩较前段变差。岩性为板 岩夹变质砂岩，弱风化，岩质软 硬不均，节理裂隙发育，岩体破 碎，层间结合差。"",""source_evidence_id"":""doc_c19c0e4b52882f445108f4a0_e0007""}",FORECAST,,28,geological_forecast,fact_lock_ed03906381e634b7ebd2d5da,FORWARD_ATTENTION_CELL,"{""cell_id"":null,""daily_state_id"":null,""end_chainage"":1014366.0,""point_chainage"":null,""scope_basis"":""hsp_forecast_table_row"",""scope_kind"":""LOCATED_INTERVAL"",""start_chainage"":1014358.0,""state_role"":null,""valid_date"":null}",doc_c19c0e4b52882f445108f4a0_e0007,stage7_main_task_010,False
typed_claim_33cea689c3adb2b941f6ac36,FORECAST_GEOLOGICAL_CONDITION,"{""attribute_dimension"":null,""attribute_name"":""lithology"",""normalized_value"":""板岩夹变质砂岩"",""source_evidence_id"":""doc_b84482f2cbc3d64012d7baad_e0003""}",FORECAST,,29,geological_forecast,fact_lock_17a65f8c7d25f7e89eade525,FORWARD_ATTENTION_CELL,"{""cell_id"":null,""daily_state_id"":null,""end_chainage"":1014380.0,""point_chainage"":null,""scope_basis"":""hsp_forecast_table_row"",""scope_kind"":""LOCATED_INTERVAL"",""start_chainage"":1014352.0,""state_role"":null,""valid_date"":null}",doc_b84482f2cbc3d64012d7baad_e0003,stage7_main_task_010,False
typed_claim_6f0b4ad8179269a37c721292,FORECAST_GEOLOGICAL_CONDITION,"{""attribute_dimension"":null,""attribute_name"":""lithology"",""normalized_value"":""板岩夹变质砂岩"",""source_evidence_id"":""doc_b84482f2cbc3d64012d7baad_e0003""}",FORECAST,,30,geological_forecast,fact_lock_2c40e91a6647cea63769dfc7,FORWARD_ATTENTION_CELL,"{""cell_id"":null,""daily_state_id"":null,""end_chainage"":1014380.0,""point_chainage"":null,""scope_basis"":""hsp_forecast_table_row"",""scope_kind"":""LOCATED_INTERVAL"",""start_chainage"":1014352.0,""state_role"":null,""valid_date"":null}",doc_b84482f2cbc3d64012d7baad_e0003,stage7_main_task_010,False
typed_claim_016c7fd7e185087f726fca11,FORECAST_GEOLOGICAL_CONDITION,"{""attribute_dimension"":null,""attribute_name"":""lithology"",""normalized_value"":""板岩夹变质砂岩"",""source_evidence_id"":""doc_b84482f2cbc3d64012d7baad_e0003""}",FORECAST,,31,geological_forecast,fact_lock_d2020aaca3f66edb1912144c,FORWARD_ATTENTION_CELL,"{""cell_id"":null,""daily_state_id"":null,""end_chainage"":1014380.0,""point_chainage"":null,""scope_basis"":""hsp_forecast_table_row"",""scope_kind"":""LOCATED_INTERVAL"",""start_chainage"":1014352.0,""state_role"":null,""valid_date"":null}",doc_b84482f2cbc3d64012d7baad_e0003,stage7_main_task_010,False
typed_claim_a541a73433f03af2360b4b27,FORECAST_GEOLOGICAL_CONDITION,"{""attribute_dimension"":null,""attribute_name"":""rock_mass_state"",""normalized_value"":""岩体破碎-极破碎"",""source_evidence_id"":""doc_b84482f2cbc3d64012d7baad_e0003""}",FORECAST,,32,geological_forecast,fact_lock_2ac185c729dcf6b2eab2e3c7,FORWARD_ATTENTION_CELL,"{""cell_id"":null,""daily_state_id"":null,""end_chainage"":1014380.0,""point_chainage"":null,""scope_basis"":""hsp_forecast_table_row"",""scope_kind"":""LOCATED_INTERVAL"",""start_chainage"":1014352.0,""state_role"":null,""valid_date"":null}",doc_b84482f2cbc3d64012d7baad_e0003,stage7_main_task_010,False
typed_claim_f2c4571e9c0f573c96f09592,FORECAST_GEOLOGICAL_CONDITION,"{""attribute_dimension"":null,""attribute_name"":""rock_mass_state"",""normalized_value"":""岩体破碎-极破碎"",""source_evidence_id"":""doc_b84482f2cbc3d64012d7baad_e0003""}",FORECAST,,33,geological_forecast,fact_lock_5df37e9028b963d27977efa9,FORWARD_ATTENTION_CELL,"{""cell_id"":null,""daily_state_id"":null,""end_chainage"":1014380.0,""point_chainage"":null,""scope_basis"":""hsp_forecast_table_row"",""scope_kind"":""LOCATED_INTERVAL"",""start_chainage"":1014352.0,""state_role"":null,""valid_date"":null}",doc_b84482f2cbc3d64012d7baad_e0003,stage7_main_task_010,False
typed_claim_3e5c76221bc1a4dd7ec7e8f4,FORECAST_GEOLOGICAL_CONDITION,"{""attribute_dimension"":null,""attribute_name"":""rock_mass_state"",""normalized_value"":""岩体破碎-极破碎"",""source_evidence_id"":""doc_b84482f2cbc3d64012d7baad_e0003""}",FORECAST,,34,geological_forecast,fact_lock_62c85bc2353acee58440b64b,FORWARD_ATTENTION_CELL,"{""cell_id"":null,""daily_state_id"":null,""end_chainage"":1014380.0,""point_chainage"":null,""scope_basis"":""hsp_forecast_table_row"",""scope_kind"":""LOCATED_INTERVAL"",""start_chainage"":1014352.0,""state_role"":null,""valid_date"":null}",doc_b84482f2cbc3d64012d7baad_e0003,stage7_main_task_010,False
typed_claim_245091523bd64ce097898a22,FORECAST_GEOLOGICAL_CONDITION,"{""attribute_dimension"":null,""attribute_name"":""lithology"",""normalized_value"":""板岩夹变质砂岩"",""source_evidence_id"":""doc_c19c0e4b52882f445108f4a0_e0007""}",FORECAST,,35,geological_forecast,fact_lock_d9a4ab237b7a5ccbbc5f3e28,FORWARD_ATTENTION_CELL,"{""cell_id"":null,""daily_state_id"":null,""end_chainage"":1014366.0,""point_chainage"":null,""scope_basis"":""hsp_forecast_table_row"",""scope_kind"":""LOCATED_INTERVAL"",""start_chainage"":1014358.0,""state_role"":null,""valid_date"":null}",doc_c19c0e4b52882f445108f4a0_e0007,stage7_main_task_010,False
typed_claim_6b46c438701279265f7c343a,FORECAST_GEOLOGICAL_CONDITION,"{""attribute_dimension"":null,""attribute_name"":""lithology"",""normalized_value"":""板岩夹变质砂岩"",""source_evidence_id"":""doc_c19c0e4b52882f445108f4a0_e0007""}",FORECAST,,36,geological_forecast,fact_lock_ea65908a364a6d4933b1b1ad,FORWARD_ATTENTION_CELL,"{""cell_id"":null,""daily_state_id"":null,""end_chainage"":1014366.0,""point_chainage"":null,""scope_basis"":""hsp_forecast_table_row"",""scope_kind"":""LOCATED_INTERVAL"",""start_chainage"":1014358.0,""state_role"":null,""valid_date"":null}",doc_c19c0e4b52882f445108f4a0_e0007,stage7_main_task_010,False
typed_claim_92a0a136bdcde5603a92f64f,FORECAST_GEOLOGICAL_CONDITION,"{""attribute_dimension"":null,""attribute_name"":""weathering"",""normalized_value"":""弱风化"",""source_evidence_id"":""doc_b84482f2cbc3d64012d7baad_e0003""}",FORECAST,,37,geological_forecast,fact_lock_b8e8c0ef3d5ca3fcbe9bdbae,FORWARD_ATTENTION_CELL,"{""cell_id"":null,""daily_state_id"":null,""end_chainage"":1014380.0,""point_chainage"":null,""scope_basis"":""hsp_forecast_table_row"",""scope_kind"":""LOCATED_INTERVAL"",""start_chainage"":1014352.0,""state_role"":null,""valid_date"":null}",doc_b84482f2cbc3d64012d7baad_e0003,stage7_main_task_010,False
typed_claim_c0b5475797b8c9139e706540,FORECAST_GEOLOGICAL_CONDITION,"{""attribute_dimension"":null,""attribute_name"":""weathering"",""normalized_value"":""弱风化"",""source_evidence_id"":""doc_b84482f2cbc3d64012d7baad_e0003""}",FORECAST,,38,geological_forecast,fact_lock_d29b4f559e5009363a66965f,FORWARD_ATTENTION_CELL,"{""cell_id"":null,""daily_state_id"":null,""end_chainage"":1014380.0,""point_chainage"":null,""scope_basis"":""hsp_forecast_table_row"",""scope_kind"":""LOCATED_INTERVAL"",""start_chainage"":1014352.0,""state_role"":null,""valid_date"":null}",doc_b84482f2cbc3d64012d7baad_e0003,stage7_main_task_010,False
typed_claim_49b0a40400914164ab8c8f95,FORECAST_GEOLOGICAL_CONDITION,"{""attribute_dimension"":null,""attribute_name"":""weathering"",""normalized_value"":""弱风化"",""source_evidence_id"":""doc_b84482f2cbc3d64012d7baad_e0003""}",FORECAST,,39,geological_forecast,fact_lock_e449cef7c9e2d603081cef3b,FORWARD_ATTENTION_CELL,"{""cell_id"":null,""daily_state_id"":null,""end_chainage"":1014380.0,""point_chainage"":null,""scope_basis"":""hsp_forecast_table_row"",""scope_kind"":""LOCATED_INTERVAL"",""start_chainage"":1014352.0,""state_role"":null,""valid_date"":null}",doc_b84482f2cbc3d64012d7baad_e0003,stage7_main_task_010,False
typed_claim_3995dcf288eb97b9b50131eb,FORWARD_GEOLOGICAL_ATTENTION,"{""is_causal_estimate"":false,""is_hazard_probability"":false,""is_probability"":false,""metric_name"":""GRS"",""metric_semantics"":""FORWARD_GEOLOGICAL_EVIDENCE_ATTENTION_INDEX"",""metric_status"":""AVAILABLE"",""metric_value"":0.9166666666666666,""source_metric_id"":""state_grs_aa93e4759a270ab0c0cf39c8""}",,NONPROBABILISTIC_ATTENTION,40,forward_attention,fact_lock_d69a8c1b16a813fc2f4ee937,FORWARD_ATTENTION_CELL,"{""cell_id"":""cell_63f0b623e1aa623002144e00"",""daily_state_id"":null,""end_chainage"":null,""point_chainage"":null,""scope_basis"":""stage5b_bitemporal_state_subject"",""scope_kind"":""CELL"",""start_chainage"":null,""state_role"":""FORWARD_ATTENTION_CELL"",""valid_date"":""2023-12-09""}",state_grs_aa93e4759a270ab0c0cf39c8,stage7_main_task_010,False
typed_claim_a907b4ceebc0663264965580,FORWARD_GEOLOGICAL_ATTENTION,"{""is_causal_estimate"":false,""is_hazard_probability"":false,""is_probability"":false,""metric_name"":""GRS"",""metric_semantics"":""FORWARD_GEOLOGICAL_EVIDENCE_ATTENTION_INDEX"",""metric_status"":""AVAILABLE"",""metric_value"":0.8333333333333333,""source_metric_id"":""state_grs_89e7ec6c010247e912741873""}",,NONPROBABILISTIC_ATTENTION,41,forward_attention,fact_lock_dc4b8bd79e11df5ea66012fd,FORWARD_ATTENTION_CELL,"{""cell_id"":""cell_74aee36f89ce05bc1be1552b"",""daily_state_id"":null,""end_chainage"":null,""point_chainage"":null,""scope_basis"":""stage5b_bitemporal_state_subject"",""scope_kind"":""CELL"",""start_chainage"":null,""state_role"":""FORWARD_ATTENTION_CELL"",""valid_date"":""2023-12-09""}",state_grs_89e7ec6c010247e912741873,stage7_main_task_010,False
typed_claim_27370aa2ba4c54cb99a47100,FORWARD_GEOLOGICAL_ATTENTION,"{""is_causal_estimate"":false,""is_hazard_probability"":false,""is_probability"":false,""metric_name"":""GRS"",""metric_semantics"":""FORWARD_GEOLOGICAL_EVIDENCE_ATTENTION_INDEX"",""metric_status"":""AVAILABLE"",""metric_value"":0.9166666666666666,""source_metric_id"":""state_grs_41864b22d6f17b5d110e92a7""}",,NONPROBABILISTIC_ATTENTION,42,forward_attention,fact_lock_895ae9ba27d6742e4185efb3,FORWARD_ATTENTION_CELL,"{""cell_id"":""cell_18dcb188dff729ae040f264a"",""daily_state_id"":null,""end_chainage"":null,""point_chainage"":null,""scope_basis"":""stage5b_bitemporal_state_subject"",""scope_kind"":""CELL"",""start_chainage"":null,""state_role"":""FORWARD_ATTENTION_CELL"",""valid_date"":""2023-12-09""}",state_grs_41864b22d6f17b5d110e92a7,stage7_main_task_010,False
typed_claim_8ce9aa6f871136bed197f155,OBSERVED_GEOLOGICAL_CONDITION,"{""attribute_dimension"":null,""attribute_name"":""rock_strength"",""normalized_value"":""30＜R≤60"",""source_evidence_id"":""doc_be6f6142364475b8a4f6f41a_e0001""}",OBSERVED,,0,geological_observed,fact_lock_09fb9bab142a4e347fa6a78f,DAILY_REVIEW_CELL,"{""cell_id"":null,""daily_state_id"":null,""end_chainage"":null,""point_chainage"":1014119.0,""scope_basis"":""header_face_chainage"",""scope_kind"":""LOCATED_POINT"",""start_chainage"":null,""state_role"":null,""valid_date"":null}",doc_be6f6142364475b8a4f6f41a_e0001,stage7_main_task_011,False
typed_claim_df317540cb0b943ee27b6ada,OBSERVED_GEOLOGICAL_CONDITION,"{""attribute_dimension"":null,""attribute_name"":""joint_development"",""normalized_value"":""节理裂隙发育"",""source_evidence_id"":""doc_be6f6142364475b8a4f6f41a_e0001""}",OBSERVED,,1,geological_observed,fact_lock_07ab1c1afa94ddd9f6ac347e,DAILY_REVIEW_CELL,"{""cell_id"":null,""daily_state_id"":null,""end_chainage"":null,""point_chainage"":1014119.0,""scope_basis"":""header_face_chainage"",""scope_kind"":""LOCATED_POINT"",""start_chainage"":null,""state_role"":null,""valid_date"":null}",doc_be6f6142364475b8a4f6f41a_e0001,stage7_main_task_011,False
typed_claim_5797f77496019aea1af0c244,OBSERVED_GEOLOGICAL_CONDITION,"{""attribute_dimension"":null,""attribute_name"":""rock_mass_state"",""normalized_value"":""岩体较破碎"",""source_evidence_id"":""doc_62bf6495f3a27bc084947384_e0001""}",OBSERVED,,2,geological_observed,fact_lock_663c4b6ec518cf16097b313f,DAILY_REVIEW_CELL,"{""cell_id"":null,""daily_state_id"":null,""end_chainage"":null,""point_chainage"":1014109.0,""scope_basis"":""hsp_face_chainage_cell"",""scope_kind"":""LOCATED_POINT"",""start_chainage"":null,""state_role"":null,""valid_date"":null}",doc_62bf6495f3a27bc084947384_e0001,stage7_main_task_011,False
typed_claim_02707a17585847effaa2f18e,OBSERVED_GEOLOGICAL_CONDITION,"{""attribute_dimension"":null,""attribute_name"":""joint_spacing"",""normalized_value"":""0.2～0.6"",""source_evidence_id"":""doc_be6f6142364475b8a4f6f41a_e0001""}",OBSERVED,,3,geological_observed,fact_lock_e2c115791ac1182eb436ec4e,DAILY_REVIEW_CELL,"{""cell_id"":null,""daily_state_id"":null,""end_chainage"":null,""point_chainage"":1014119.0,""scope_basis"":""header_face_chainage"",""scope_kind"":""LOCATED_POINT"",""start_chainage"":null,""state_role"":null,""valid_date"":null}",doc_be6f6142364475b8a4f6f41a_e0001,stage7_main_task_011,False
typed_claim_052900278a66ce742801d654,OBSERVED_GEOLOGICAL_CONDITION,"{""attribute_dimension"":null,""attribute_name"":""joint_extension"",""normalized_value"":""中等"",""source_evidence_id"":""doc_be6f6142364475b8a4f6f41a_e0001""}",OBSERVED,,4,geological_observed,fact_lock_a84c97270aa5fa5a24b85f05,DAILY_REVIEW_CELL,"{""cell_id"":null,""daily_state_id"":null,""end_chainage"":null,""point_chainage"":1014119.0,""scope_basis"":""header_face_chainage"",""scope_kind"":""LOCATED_POINT"",""start_chainage"":null,""state_role"":null,""valid_date"":null}",doc_be6f6142364475b8a4f6f41a_e0001,stage7_main_task_011,False
typed_claim_28fb8a4fc1e4b1d581d54ebc,OBSERVED_GEOLOGICAL_CONDITION,"{""attribute_dimension"":null,""attribute_name"":""lithology"",""normalized_value"":""板岩夹变质砂岩"",""source_evidence_id"":""doc_be6f6142364475b8a4f6f41a_e0001""}",OBSERVED,,5,geological_observed,fact_lock_d6e8ea7ae0863fad6e317744,DAILY_REVIEW_CELL,"{""cell_id"":null,""daily_state_id"":null,""end_chainage"":null,""point_chainage"":1014119.0,""scope_basis"":""header_face_chainage"",""scope_kind"":""LOCATED_POINT"",""start_chainage"":null,""state_role"":null,""valid_date"":null}",doc_be6f6142364475b8a4f6f41a_e0001,stage7_main_task_011,False
typed_claim_2ccf71f8aa1a90bd2f1a5983,OBSERVED_GEOLOGICAL_CONDITION,"{""attribute_dimension"":null,""attribute_name"":""water_type"",""normalized_value"":""滴渗水；线状出水"",""source_evidence_id"":""doc_be6f6142364475b8a4f6f41a_e0001""}",OBSERVED,,6,geological_observed,fact_lock_d37ee791bfa149ec482648a1,DAILY_REVIEW_CELL,"{""cell_id"":null,""daily_state_id"":null,""end_chainage"":null,""point_chainage"":1014119.0,""scope_basis"":""header_face_chainage"",""scope_kind"":""LOCATED_POINT"",""start_chainage"":null,""state_role"":null,""valid_date"":null}",doc_be6f6142364475b8a4f6f41a_e0001,stage7_main_task_011,False
typed_claim_ae7e78b138e8142ca269c1f4,OBSERVED_GEOLOGICAL_CONDITION,"{""attribute_dimension"":null,""attribute_name"":""narrative_water_observation"",""normalized_value"":""滴渗水；线状出水"",""source_evidence_id"":""doc_be6f6142364475b8a4f6f41a_e0001""}",OBSERVED,,7,geological_observed,fact_lock_ae609ce07356abedc597c0f4,DAILY_REVIEW_CELL,"{""cell_id"":null,""daily_state_id"":null,""end_chainage"":null,""point_chainage"":1014119.0,""scope_basis"":""header_face_chainage"",""scope_kind"":""LOCATED_POINT"",""start_chainage"":null,""state_role"":null,""valid_date"":null}",doc_be6f6142364475b8a4f6f41a_e0001,stage7_main_task_011,False
typed_claim_fe562b8354ec909aed4fc2bb,OBSERVED_GEOLOGICAL_CONDITION,"{""attribute_dimension"":null,""attribute_name"":""lithology"",""normalized_value"":""板岩夹变质砂岩"",""source_evidence_id"":""doc_62bf6495f3a27bc084947384_e0001""}",OBSERVED,,8,geological_observed,fact_lock_0836908f123eb9285ed3aa5b,DAILY_REVIEW_CELL,"{""cell_id"":null,""daily_state_id"":null,""end_chainage"":null,""point_chainage"":1014109.0,""scope_basis"":""hsp_face_chainage_cell"",""scope_kind"":""LOCATED_POINT"",""start_chainage"":null,""state_role"":null,""valid_date"":null}",doc_62bf6495f3a27bc084947384_e0001,stage7_main_task_011,False
typed_claim_e4a0aa89b55cb1764ce9366a,OBSERVED_GEOLOGICAL_CONDITION,"{""attribute_dimension"":null,""attribute_name"":""weathering"",""normalized_value"":""弱风化"",""source_evidence_id"":""doc_be6f6142364475b8a4f6f41a_e0001""}",OBSERVED,,9,geological_observed,fact_lock_4d4f94a907d0e31460dbb126,DAILY_REVIEW_CELL,"{""cell_id"":null,""daily_state_id"":null,""end_chainage"":null,""point_chainage"":1014119.0,""scope_basis"":""header_face_chainage"",""scope_kind"":""LOCATED_POINT"",""start_chainage"":null,""state_role"":null,""valid_date"":null}",doc_be6f6142364475b8a4f6f41a_e0001,stage7_main_task_011,False
typed_claim_6dc7f9c39f367d08140175cd,OBSERVED_GEOLOGICAL_CONDITION,"{""attribute_dimension"":null,""attribute_name"":""suggested_surrounding_rock_grade"",""normalized_value"":""Ⅳ级"",""source_evidence_id"":""doc_be6f6142364475b8a4f6f41a_e0001""}",OBSERVED,,10,geological_observed,fact_lock_0134286580f5be6bbe97d614,DAILY_REVIEW_CELL,"{""cell_id"":null,""daily_state_id"":null,""end_chainage"":null,""point_chainage"":1014119.0,""scope_basis"":""header_face_chainage"",""scope_kind"":""LOCATED_POINT"",""start_chainage"":null,""state_role"":null,""valid_date"":null}",doc_be6f6142364475b8a4f6f41a_e0001,stage7_main_task_011,False
typed_claim_986eeba297b7060139016b35,OBSERVED_GEOLOGICAL_CONDITION,"{""attribute_dimension"":null,""attribute_name"":""design_surrounding_rock_grade"",""normalized_value"":""Ⅳ级"",""source_evidence_id"":""doc_be6f6142364475b8a4f6f41a_e0001""}",OBSERVED,,11,geological_observed,fact_lock_b36f56f95d3a3c9ff86be600,DAILY_REVIEW_CELL,"{""cell_id"":null,""daily_state_id"":null,""end_chainage"":null,""point_chainage"":1014119.0,""scope_basis"":""header_face_chainage"",""scope_kind"":""LOCATED_POINT"",""start_chainage"":null,""state_role"":null,""valid_date"":null}",doc_be6f6142364475b8a4f6f41a_e0001,stage7_main_task_011,False
typed_claim_889aa05e2e39e162e7ae7a6d,OBSERVED_GEOLOGICAL_CONDITION,"{""attribute_dimension"":null,""attribute_name"":""rock_mass_state"",""normalized_value"":""岩体破碎"",""source_evidence_id"":""doc_be6f6142364475b8a4f6f41a_e0001""}",OBSERVED,,12,geological_observed,fact_lock_f6d2e16cb00f3fb90c4e5e0f,DAILY_REVIEW_CELL,"{""cell_id"":null,""daily_state_id"":null,""end_chainage"":null,""point_chainage"":1014119.0,""scope_basis"":""header_face_chainage"",""scope_kind"":""LOCATED_POINT"",""start_chainage"":null,""state_role"":null,""valid_date"":null}",doc_be6f6142364475b8a4f6f41a_e0001,stage7_main_task_011,False
typed_claim_f9a65de6337fda9db0c559ed,OBSERVED_GEOLOGICAL_CONDITION,"{""attribute_dimension"":null,""attribute_name"":""karst_development"",""normalized_value"":""无"",""source_evidence_id"":""doc_be6f6142364475b8a4f6f41a_e0001""}",OBSERVED,,13,geological_observed,fact_lock_3927a6c3824c95bcb13ab80e,DAILY_REVIEW_CELL,"{""cell_id"":null,""daily_state_id"":null,""end_chainage"":null,""point_chainage"":1014119.0,""scope_basis"":""header_face_chainage"",""scope_kind"":""LOCATED_POINT"",""start_chainage"":null,""state_role"":null,""valid_date"":null}",doc_be6f6142364475b8a4f6f41a_e0001,stage7_main_task_011,False
typed_claim_c2ec2bb2a4c27bfda0bcb996,OBSERVED_GEOLOGICAL_CONDITION,"{""attribute_dimension"":null,""attribute_name"":""geological_description"",""normalized_value"":""开挖面 地质概况 当前掌子面出露岩性为石炭二叠系板岩夹变质砂岩，围岩整体弱风化，岩 质硬，节理裂隙较发育-发育，岩体较破碎-破碎，左侧边墙节理裂隙发育相对密 集，层间结合一般，左右边墙存在轻微掉块现象，见滴渗水-线状出水。"",""source_evidence_id"":""doc_62bf6495f3a27bc084947384_e0001""}",OBSERVED,,14,geological_observed,fact_lock_57749611ee15a93e934d782e,DAILY_REVIEW_CELL,"{""cell_id"":null,""daily_state_id"":null,""end_chainage"":null,""point_chainage"":1014109.0,""scope_basis"":""hsp_face_chainage_cell"",""scope_kind"":""LOCATED_POINT"",""start_chainage"":null,""state_role"":null,""valid_date"":null}",doc_62bf6495f3a27bc084947384_e0001,stage7_main_task_011,False
typed_claim_681fd3ac9fcdd3dad80a0993,OBSERVED_GEOLOGICAL_CONDITION,"{""attribute_dimension"":null,""attribute_name"":""weathering"",""normalized_value"":""弱风化"",""source_evidence_id"":""doc_62bf6495f3a27bc084947384_e0001""}",OBSERVED,,15,geological_observed,fact_lock_1c7e703e6968ff2d5cc3b642,DAILY_REVIEW_CELL,"{""cell_id"":null,""daily_state_id"":null,""end_chainage"":null,""point_chainage"":1014109.0,""scope_basis"":""hsp_face_chainage_cell"",""scope_kind"":""LOCATED_POINT"",""start_chainage"":null,""state_role"":null,""valid_date"":null}",doc_62bf6495f3a27bc084947384_e0001,stage7_main_task_011,False
typed_claim_b2089c8049ba82080e952b75,OBSERVED_GEOLOGICAL_CONDITION,"{""attribute_dimension"":null,""attribute_name"":""face_state"",""normalized_value"":""正面掉块"",""source_evidence_id"":""doc_be6f6142364475b8a4f6f41a_e0001""}",OBSERVED,,16,geological_observed,fact_lock_3a3ce4fd40411a96709d7171,DAILY_REVIEW_CELL,"{""cell_id"":null,""daily_state_id"":null,""end_chainage"":null,""point_chainage"":1014119.0,""scope_basis"":""header_face_chainage"",""scope_kind"":""LOCATED_POINT"",""start_chainage"":null,""state_role"":null,""valid_date"":null}",doc_be6f6142364475b8a4f6f41a_e0001,stage7_main_task_011,False
typed_claim_6aa7f36e157e53cfded8c405,OBSERVED_GEOLOGICAL_CONDITION,"{""attribute_dimension"":null,""attribute_name"":""block_fall_or_collapse"",""normalized_value"":""轻微掉块"",""source_evidence_id"":""doc_be6f6142364475b8a4f6f41a_e0001""}",OBSERVED,,17,geological_observed,fact_lock_d3a3f3638131c7419cb46dcb,DAILY_REVIEW_CELL,"{""cell_id"":null,""daily_state_id"":null,""end_chainage"":null,""point_chainage"":1014119.0,""scope_basis"":""header_face_chainage"",""scope_kind"":""LOCATED_POINT"",""start_chainage"":null,""state_role"":null,""valid_date"":null}",doc_be6f6142364475b8a4f6f41a_e0001,stage7_main_task_011,False
typed_claim_dd17db15f277b7607061a9f0,OBSERVED_GEOLOGICAL_CONDITION,"{""attribute_dimension"":null,""attribute_name"":""form_water_status"",""normalized_value"":""其它500"",""source_evidence_id"":""doc_be6f6142364475b8a4f6f41a_e0001""}",OBSERVED,,18,geological_observed,fact_lock_3208fc3e2b8fed833152da78,DAILY_REVIEW_CELL,"{""cell_id"":null,""daily_state_id"":null,""end_chainage"":null,""point_chainage"":1014119.0,""scope_basis"":""header_face_chainage"",""scope_kind"":""LOCATED_POINT"",""start_chainage"":null,""state_role"":null,""valid_date"":null}",doc_be6f6142364475b8a4f6f41a_e0001,stage7_main_task_011,False
typed_claim_623ab55a77b694b55edd3a37,OBSERVED_GEOLOGICAL_CONDITION,"{""attribute_dimension"":null,""attribute_name"":""joint_aperture"",""normalized_value"":""部分张开0.1～0.5"",""source_evidence_id"":""doc_be6f6142364475b8a4f6f41a_e0001""}",OBSERVED,,19,geological_observed,fact_lock_793f8279e6a83d70d0f92fa0,DAILY_REVIEW_CELL,"{""cell_id"":null,""daily_state_id"":null,""end_chainage"":null,""point_chainage"":1014119.0,""scope_basis"":""header_face_chainage"",""scope_kind"":""LOCATED_POINT"",""start_chainage"":null,""state_role"":null,""valid_date"":null}",doc_be6f6142364475b8a4f6f41a_e0001,stage7_main_task_011,False
typed_claim_f4e9d145aa5709d4ff391a1f,OBSERVED_GEOLOGICAL_CONDITION,"{""attribute_dimension"":null,""attribute_name"":""excavated_face_state"",""normalized_value"":""随时间松弛、掉块"",""source_evidence_id"":""doc_be6f6142364475b8a4f6f41a_e0001""}",OBSERVED,,20,geological_observed,fact_lock_22bb0b15be4398893f378ff2,DAILY_REVIEW_CELL,"{""cell_id"":null,""daily_state_id"":null,""end_chainage"":null,""point_chainage"":1014119.0,""scope_basis"":""header_face_chainage"",""scope_kind"":""LOCATED_POINT"",""start_chainage"":null,""state_role"":null,""valid_date"":null}",doc_be6f6142364475b8a4f6f41a_e0001,stage7_main_task_011,False
typed_claim_d0ad10049680e19d95378e03,OBSERVED_GEOLOGICAL_CONDITION,"{""attribute_dimension"":null,""attribute_name"":""joint_roughness"",""normalized_value"":""平整光滑有擦痕"",""source_evidence_id"":""doc_be6f6142364475b8a4f6f41a_e0001""}",OBSERVED,,21,geological_observed,fact_lock_937758c27d38f2be486a1c2c,DAILY_REVIEW_CELL,"{""cell_id"":null,""daily_state_id"":null,""end_chainage"":null,""point_chainage"":1014119.0,""scope_basis"":""header_face_chainage"",""scope_kind"":""LOCATED_POINT"",""start_chainage"":null,""state_role"":null,""valid_date"":null}",doc_be6f6142364475b8a4f6f41a_e0001,stage7_main_task_011,False
typed_claim_797d0e318b1bc6194c2652f3,FORECAST_GEOLOGICAL_CONDITION,"{""attribute_dimension"":null,""attribute_name"":""joint_development"",""normalized_value"":""节理裂隙较发育-发育"",""source_evidence_id"":""doc_d0afc25463d4776277ebb952_e0007""}",FORECAST,,22,geological_forecast,fact_lock_2d8034862bb481fb1c093979,DAILY_REVIEW_CELL,"{""cell_id"":null,""daily_state_id"":null,""end_chainage"":1014106.0,""point_chainage"":null,""scope_basis"":""hsp_forecast_table_row"",""scope_kind"":""LOCATED_INTERVAL"",""start_chainage"":1014098.0,""state_role"":null,""valid_date"":null}",doc_d0afc25463d4776277ebb952_e0007,stage7_main_task_011,False
typed_claim_3d40cb1339f4f34bba533f98,FORECAST_GEOLOGICAL_CONDITION,"{""attribute_dimension"":null,""attribute_name"":""rock_mass_state"",""normalized_value"":""岩体较破碎-破碎"",""source_evidence_id"":""doc_62bf6495f3a27bc084947384_e0004""}",FORECAST,,23,geological_forecast,fact_lock_b4850e5c257ca736d6692c88,FORWARD_ATTENTION_CELL,"{""cell_id"":null,""daily_state_id"":null,""end_chainage"":1014163.0,""point_chainage"":null,""scope_basis"":""hsp_forecast_table_row"",""scope_kind"":""LOCATED_INTERVAL"",""start_chainage"":1014143.0,""state_role"":null,""valid_date"":null}",doc_62bf6495f3a27bc084947384_e0004,stage7_main_task_011,False
typed_claim_452c3792d729f7258c92693a,FORECAST_GEOLOGICAL_CONDITION,"{""attribute_dimension"":null,""attribute_name"":""risk_hint"",""normalized_value"":""里程+115、 +118附近有 掉块风险"",""source_evidence_id"":""doc_62bf6495f3a27bc084947384_e0002""}",FORECAST,,24,geological_forecast,fact_lock_71e275e138594f30e3c0a319,DAILY_REVIEW_CELL,"{""cell_id"":null,""daily_state_id"":null,""end_chainage"":1014122.0,""point_chainage"":null,""scope_basis"":""hsp_forecast_table_row"",""scope_kind"":""LOCATED_INTERVAL"",""start_chainage"":1014109.0,""state_role"":null,""valid_date"":null}",doc_62bf6495f3a27bc084947384_e0002,stage7_main_task_011,False
typed_claim_1229776921262c2e6a47f20d,FORECAST_GEOLOGICAL_CONDITION,"{""attribute_dimension"":null,""attribute_name"":""risk_hint"",""normalized_value"":""里程+115、 +118附近有 掉块风险"",""source_evidence_id"":""doc_62bf6495f3a27bc084947384_e0002""}",FORECAST,,25,geological_forecast,fact_lock_f968d172b918a33147c4fcca,DAILY_REVIEW_CELL,"{""cell_id"":null,""daily_state_id"":null,""end_chainage"":1014122.0,""point_chainage"":null,""scope_basis"":""hsp_forecast_table_row"",""scope_kind"":""LOCATED_INTERVAL"",""start_chainage"":1014109.0,""state_role"":null,""valid_date"":null}",doc_62bf6495f3a27bc084947384_e0002,stage7_main_task_011,False
typed_claim_5c2ec4289916d1084e778759,FORECAST_GEOLOGICAL_CONDITION,"{""attribute_dimension"":null,""attribute_name"":""lithology"",""normalized_value"":""板岩夹变质砂岩"",""source_evidence_id"":""doc_62bf6495f3a27bc084947384_e0002""}",FORECAST,,26,geological_forecast,fact_lock_b5833079f9149d9bf4f5c23f,DAILY_REVIEW_CELL,"{""cell_id"":null,""daily_state_id"":null,""end_chainage"":1014122.0,""point_chainage"":null,""scope_basis"":""hsp_forecast_table_row"",""scope_kind"":""LOCATED_INTERVAL"",""start_chainage"":1014109.0,""state_role"":null,""valid_date"":null}",doc_62bf6495f3a27bc084947384_e0002,stage7_main_task_011,False
typed_claim_6c520a2b9773a65d92b3b8cd,FORECAST_GEOLOGICAL_CONDITION,"{""attribute_dimension"":null,""attribute_name"":""lithology"",""normalized_value"":""板岩夹变质砂岩"",""source_evidence_id"":""doc_62bf6495f3a27bc084947384_e0002""}",FORECAST,,27,geological_forecast,fact_lock_d01e1c08c74dbf0d9599d060,DAILY_REVIEW_CELL,"{""cell_id"":null,""daily_state_id"":null,""end_chainage"":1014122.0,""point_chainage"":null,""scope_basis"":""hsp_forecast_table_row"",""scope_kind"":""LOCATED_INTERVAL"",""start_chainage"":1014109.0,""state_role"":null,""valid_date"":null}",doc_62bf6495f3a27bc084947384_e0002,stage7_main_task_011,False
typed_claim_47c483ec9edb0c0e4f0038f8,FORECAST_GEOLOGICAL_CONDITION,"{""attribute_dimension"":null,""attribute_name"":""geological_conclusion"",""normalized_value"":""该段围岩较前段稍变好。岩性为 板岩夹变质砂岩，弱风化，岩质 软硬不均，节理裂隙较发育，岩 体较破碎。"",""source_evidence_id"":""doc_d0afc25463d4776277ebb952_e0008""}",FORECAST,,28,geological_forecast,fact_lock_336de4814eea3e5279d2ce4e,DAILY_REVIEW_CELL,"{""cell_id"":null,""daily_state_id"":null,""end_chainage"":1014115.0,""point_chainage"":null,""scope_basis"":""hsp_forecast_table_row"",""scope_kind"":""LOCATED_INTERVAL"",""start_chainage"":1014106.0,""state_role"":null,""valid_date"":null}",doc_d0afc25463d4776277ebb952_e0008,stage7_main_task_011,False
typed_claim_a069546a8b4a3313582876ba,FORECAST_GEOLOGICAL_CONDITION,"{""attribute_dimension"":null,""attribute_name"":""geological_conclusion"",""normalized_value"":""该段围岩较前段稍变好。岩性为 板岩夹变质砂岩，弱风化，岩质 软硬不均，节理裂隙较发育，岩 体较破碎。"",""source_evidence_id"":""doc_d0afc25463d4776277ebb952_e0008""}",FORECAST,,29,geological_forecast,fact_lock_e17381a6dad3d87a44afdfa8,DAILY_REVIEW_CELL,"{""cell_id"":null,""daily_state_id"":null,""end_chainage"":1014115.0,""point_chainage"":null,""scope_basis"":""hsp_forecast_table_row"",""scope_kind"":""LOCATED_INTERVAL"",""start_chainage"":1014106.0,""state_role"":null,""valid_date"":null}",doc_d0afc25463d4776277ebb952_e0008,stage7_main_task_011,False
typed_claim_87639b2f71198a7906c0a0a2,FORECAST_GEOLOGICAL_CONDITION,"{""attribute_dimension"":null,""attribute_name"":""anomaly_level"",""normalized_value"":""LOW"",""source_evidence_id"":""doc_62bf6495f3a27bc084947384_e0002""}",FORECAST,,30,geological_forecast,fact_lock_8b363b25744854952fd7c622,DAILY_REVIEW_CELL,"{""cell_id"":null,""daily_state_id"":null,""end_chainage"":1014122.0,""point_chainage"":null,""scope_basis"":""hsp_forecast_table_row"",""scope_kind"":""LOCATED_INTERVAL"",""start_chainage"":1014109.0,""state_role"":null,""valid_date"":null}",doc_62bf6495f3a27bc084947384_e0002,stage7_main_task_011,False
typed_claim_13e3f9b165fa05bac44caa9d,FORECAST_GEOLOGICAL_CONDITION,"{""attribute_dimension"":null,""attribute_name"":""anomaly_level"",""normalized_value"":""LOW"",""source_evidence_id"":""doc_62bf6495f3a27bc084947384_e0002""}",FORECAST,,31,geological_forecast,fact_lock_9e8bca807694532de25aa474,DAILY_REVIEW_CELL,"{""cell_id"":null,""daily_state_id"":null,""end_chainage"":1014122.0,""point_chainage"":null,""scope_basis"":""hsp_forecast_table_row"",""scope_kind"":""LOCATED_INTERVAL"",""start_chainage"":1014109.0,""state_role"":null,""valid_date"":null}",doc_62bf6495f3a27bc084947384_e0002,stage7_main_task_011,False
typed_claim_197f4f175e4b2e3e85465cd8,FORECAST_GEOLOGICAL_CONDITION,"{""attribute_dimension"":null,""attribute_name"":""geological_conclusion"",""normalized_value"":""该段围岩较前段变差。岩性为板 岩夹变质砂岩，弱风化，岩质软 硬不均，节理裂隙较发育-发育， 岩体较破碎-破碎，层间结合差。"",""source_evidence_id"":""doc_d0afc25463d4776277ebb952_e0009""}",FORECAST,,32,geological_forecast,fact_lock_b5d2be6c03de7d28c81598d0,DAILY_REVIEW_CELL,"{""cell_id"":null,""daily_state_id"":null,""end_chainage"":1014119.0,""point_chainage"":null,""scope_basis"":""hsp_forecast_table_row"",""scope_kind"":""LOCATED_INTERVAL"",""start_chainage"":1014115.0,""state_role"":null,""valid_date"":null}",doc_d0afc25463d4776277ebb952_e0009,stage7_main_task_011,False
typed_claim_c818db5ee7bb792da5558a30,FORECAST_GEOLOGICAL_CONDITION,"{""attribute_dimension"":null,""attribute_name"":""anomaly_level"",""normalized_value"":""MODERATE"",""source_evidence_id"":""doc_d0afc25463d4776277ebb952_e0009""}",FORECAST,,33,geological_forecast,fact_lock_957072abcd65ab8e032989ba,DAILY_REVIEW_CELL,"{""cell_id"":null,""daily_state_id"":null,""end_chainage"":1014119.0,""point_chainage"":null,""scope_basis"":""hsp_forecast_table_row"",""scope_kind"":""LOCATED_INTERVAL"",""start_chainage"":1014115.0,""state_role"":null,""valid_date"":null}",doc_d0afc25463d4776277ebb952_e0009,stage7_main_task_011,False
typed_claim_3e91a9f43a8e9cdf98cb6241,FORECAST_GEOLOGICAL_CONDITION,"{""attribute_dimension"":null,""attribute_name"":""suggested_grade"",""normalized_value"":""Ⅳ级"",""source_evidence_id"":""doc_d0afc25463d4776277ebb952_e0009""}",FORECAST,,34,geological_forecast,fact_lock_295c9e94f3bc15f748785dc4,DAILY_REVIEW_CELL,"{""cell_id"":null,""daily_state_id"":null,""end_chainage"":1014119.0,""point_chainage"":null,""scope_basis"":""hsp_forecast_table_row"",""scope_kind"":""LOCATED_INTERVAL"",""start_chainage"":1014115.0,""state_role"":null,""valid_date"":null}",doc_d0afc25463d4776277ebb952_e0009,stage7_main_task_011,False
typed_claim_03de5aaf545c1cb90aa30288,FORECAST_GEOLOGICAL_CONDITION,"{""attribute_dimension"":null,""attribute_name"":""weathering"",""normalized_value"":""弱风化"",""source_evidence_id"":""doc_d0afc25463d4776277ebb952_e0008""}",FORECAST,,35,geological_forecast,fact_lock_6834d902223f9d81ab6a2c04,DAILY_REVIEW_CELL,"{""cell_id"":null,""daily_state_id"":null,""end_chainage"":1014115.0,""point_chainage"":null,""scope_basis"":""hsp_forecast_table_row"",""scope_kind"":""LOCATED_INTERVAL"",""start_chainage"":1014106.0,""state_role"":null,""valid_date"":null}",doc_d0afc25463d4776277ebb952_e0008,stage7_main_task_011,False
typed_claim_516059b93bcec2b6ec29b54f,FORECAST_GEOLOGICAL_CONDITION,"{""attribute_dimension"":null,""attribute_name"":""weathering"",""normalized_value"":""弱风化"",""source_evidence_id"":""doc_d0afc25463d4776277ebb952_e0008""}",FORECAST,,36,geological_forecast,fact_lock_e54122bb5d6b425bcb01bb38,DAILY_REVIEW_CELL,"{""cell_id"":null,""daily_state_id"":null,""end_chainage"":1014115.0,""point_chainage"":null,""scope_basis"":""hsp_forecast_table_row"",""scope_kind"":""LOCATED_INTERVAL"",""start_chainage"":1014106.0,""state_role"":null,""valid_date"":null}",doc_d0afc25463d4776277ebb952_e0008,stage7_main_task_011,False
typed_claim_1d57805b7fa8d90862cb6c83,FORECAST_GEOLOGICAL_CONDITION,"{""attribute_dimension"":null,""attribute_name"":""lithology"",""normalized_value"":""板岩夹变质砂岩"",""source_evidence_id"":""doc_62bf6495f3a27bc084947384_e0003""}",FORECAST,,37,geological_forecast,fact_lock_4a1396d2380f9205c72547d0,FORWARD_ATTENTION_CELL,"{""cell_id"":null,""daily_state_id"":null,""end_chainage"":1014143.0,""point_chainage"":null,""scope_basis"":""hsp_forecast_table_row"",""scope_kind"":""LOCATED_INTERVAL"",""start_chainage"":1014122.0,""state_role"":null,""valid_date"":null}",doc_62bf6495f3a27bc084947384_e0003,stage7_main_task_011,False
typed_claim_72dde9822c2865630be4e802,FORECAST_GEOLOGICAL_CONDITION,"{""attribute_dimension"":null,""attribute_name"":""lithology"",""normalized_value"":""板岩夹变质砂岩"",""source_evidence_id"":""doc_62bf6495f3a27bc084947384_e0003""}",FORECAST,,38,geological_forecast,fact_lock_af8bc0b154aaafb8aa2d8f85,FORWARD_ATTENTION_CELL,"{""cell_id"":null,""daily_state_id"":null,""end_chainage"":1014143.0,""point_chainage"":null,""scope_basis"":""hsp_forecast_table_row"",""scope_kind"":""LOCATED_INTERVAL"",""start_chainage"":1014122.0,""state_role"":null,""valid_date"":null}",doc_62bf6495f3a27bc084947384_e0003,stage7_main_task_011,False
typed_claim_f233265875aca35b46a5bd2b,FORECAST_GEOLOGICAL_CONDITION,"{""attribute_dimension"":null,""attribute_name"":""lithology"",""normalized_value"":""板岩夹变质砂岩"",""source_evidence_id"":""doc_62bf6495f3a27bc084947384_e0003""}",FORECAST,,39,geological_forecast,fact_lock_d7237b03889b35187a62cfc2,FORWARD_ATTENTION_CELL,"{""cell_id"":null,""daily_state_id"":null,""end_chainage"":1014143.0,""point_chainage"":null,""scope_basis"":""hsp_forecast_table_row"",""scope_kind"":""LOCATED_INTERVAL"",""start_chainage"":1014122.0,""state_role"":null,""valid_date"":null}",doc_62bf6495f3a27bc084947384_e0003,stage7_main_task_011,False
typed_claim_a0e3f1c15272979d4ccdda7c,FORECAST_GEOLOGICAL_CONDITION,"{""attribute_dimension"":null,""attribute_name"":""weathering"",""normalized_value"":""弱风化"",""source_evidence_id"":""doc_d0afc25463d4776277ebb952_e0009""}",FORECAST,,40,geological_forecast,fact_lock_3d2d795f9fb8256eed553329,DAILY_REVIEW_CELL,"{""cell_id"":null,""daily_state_id"":null,""end_chainage"":1014119.0,""point_chainage"":null,""scope_basis"":""hsp_forecast_table_row"",""scope_kind"":""LOCATED_INTERVAL"",""start_chainage"":1014115.0,""state_role"":null,""valid_date"":null}",doc_d0afc25463d4776277ebb952_e0009,stage7_main_task_011,False
typed_claim_69bf7b571e7b62edccab5152,FORECAST_GEOLOGICAL_CONDITION,"{""attribute_dimension"":null,""attribute_name"":""joint_development"",""normalized_value"":""节理裂隙较发育"",""source_evidence_id"":""doc_d0afc25463d4776277ebb952_e0008""}",FORECAST,,41,geological_forecast,fact_lock_41c263e0e2a1d492527adf30,DAILY_REVIEW_CELL,"{""cell_id"":null,""daily_state_id"":null,""end_chainage"":1014115.0,""point_chainage"":null,""scope_basis"":""hsp_forecast_table_row"",""scope_kind"":""LOCATED_INTERVAL"",""start_chainage"":1014106.0,""state_role"":null,""valid_date"":null}",doc_d0afc25463d4776277ebb952_e0008,stage7_main_task_011,False
typed_claim_c66975f546e28c0ffa36ede0,FORECAST_GEOLOGICAL_CONDITION,"{""attribute_dimension"":null,""attribute_name"":""joint_development"",""normalized_value"":""节理裂隙较发育"",""source_evidence_id"":""doc_d0afc25463d4776277ebb952_e0008""}",FORECAST,,42,geological_forecast,fact_lock_b24af787e961d6e244cd7e99,DAILY_REVIEW_CELL,"{""cell_id"":null,""daily_state_id"":null,""end_chainage"":1014115.0,""point_chainage"":null,""scope_basis"":""hsp_forecast_table_row"",""scope_kind"":""LOCATED_INTERVAL"",""start_chainage"":1014106.0,""state_role"":null,""valid_date"":null}",doc_d0afc25463d4776277ebb952_e0008,stage7_main_task_011,False
typed_claim_ce78d31fda13890c3ae83223,FORECAST_GEOLOGICAL_CONDITION,"{""attribute_dimension"":null,""attribute_name"":""suggested_grade"",""normalized_value"":""Ⅳ级"",""source_evidence_id"":""doc_d0afc25463d4776277ebb952_e0007""}",FORECAST,,43,geological_forecast,fact_lock_333a1082892763532ab5361a,DAILY_REVIEW_CELL,"{""cell_id"":null,""daily_state_id"":null,""end_chainage"":1014106.0,""point_chainage"":null,""scope_basis"":""hsp_forecast_table_row"",""scope_kind"":""LOCATED_INTERVAL"",""start_chainage"":1014098.0,""state_role"":null,""valid_date"":null}",doc_d0afc25463d4776277ebb952_e0007,stage7_main_task_011,False
typed_claim_a5c8280608f61db1bc98cd92,FORECAST_GEOLOGICAL_CONDITION,"{""attribute_dimension"":null,""attribute_name"":""geological_conclusion"",""normalized_value"":""该段围岩较当前掌子面稍变差。 岩性为板岩夹变质砂岩，弱风化， 岩质软硬不均，层间结合较差， 节理裂隙较发育-发育，岩体较破 碎-破碎。"",""source_evidence_id"":""doc_62bf6495f3a27bc084947384_e0002""}",FORECAST,,44,geological_forecast,fact_lock_23d2447b243ecc0066e187fb,DAILY_REVIEW_CELL,"{""cell_id"":null,""daily_state_id"":null,""end_chainage"":1014122.0,""point_chainage"":null,""scope_basis"":""hsp_forecast_table_row"",""scope_kind"":""LOCATED_INTERVAL"",""start_chainage"":1014109.0,""state_role"":null,""valid_date"":null}",doc_62bf6495f3a27bc084947384_e0002,stage7_main_task_011,False
typed_claim_34bf3b579e267aa158e3c918,FORECAST_GEOLOGICAL_CONDITION,"{""attribute_dimension"":null,""attribute_name"":""geological_conclusion"",""normalized_value"":""该段围岩较当前掌子面稍变差。 岩性为板岩夹变质砂岩，弱风化， 岩质软硬不均，层间结合较差， 节理裂隙较发育-发育，岩体较破 碎-破碎。"",""source_evidence_id"":""doc_62bf6495f3a27bc084947384_e0002""}",FORECAST,,45,geological_forecast,fact_lock_e4f36054fcd56f3e3b06f768,DAILY_REVIEW_CELL,"{""cell_id"":null,""daily_state_id"":null,""end_chainage"":1014122.0,""point_chainage"":null,""scope_basis"":""hsp_forecast_table_row"",""scope_kind"":""LOCATED_INTERVAL"",""start_chainage"":1014109.0,""state_role"":null,""valid_date"":null}",doc_62bf6495f3a27bc084947384_e0002,stage7_main_task_011,False
typed_claim_aaadcdb7de73c5014d719d53,FORECAST_GEOLOGICAL_CONDITION,"{""attribute_dimension"":null,""attribute_name"":""anomaly_level"",""normalized_value"":""LOW"",""source_evidence_id"":""doc_62bf6495f3a27bc084947384_e0004""}",FORECAST,,46,geological_forecast,fact_lock_6a18eba142478c2c66d01eaa,FORWARD_ATTENTION_CELL,"{""cell_id"":null,""daily_state_id"":null,""end_chainage"":1014163.0,""point_chainage"":null,""scope_basis"":""hsp_forecast_table_row"",""scope_kind"":""LOCATED_INTERVAL"",""start_chainage"":1014143.0,""state_role"":null,""valid_date"":null}",doc_62bf6495f3a27bc084947384_e0004,stage7_main_task_011,False
typed_claim_ef3f9faa6f89020cf64481a7,FORECAST_GEOLOGICAL_CONDITION,"{""attribute_dimension"":null,""attribute_name"":""rock_mass_state"",""normalized_value"":""岩体较破碎-破碎"",""source_evidence_id"":""doc_62bf6495f3a27bc084947384_e0002""}",FORECAST,,47,geological_forecast,fact_lock_497a762a3bc9ec3b7ecba14a,DAILY_REVIEW_CELL,"{""cell_id"":null,""daily_state_id"":null,""end_chainage"":1014122.0,""point_chainage"":null,""scope_basis"":""hsp_forecast_table_row"",""scope_kind"":""LOCATED_INTERVAL"",""start_chainage"":1014109.0,""state_role"":null,""valid_date"":null}",doc_62bf6495f3a27bc084947384_e0002,stage7_main_task_011,False
typed_claim_26e1cb300669aebd72fbc716,FORECAST_GEOLOGICAL_CONDITION,"{""attribute_dimension"":null,""attribute_name"":""rock_mass_state"",""normalized_value"":""岩体较破碎-破碎"",""source_evidence_id"":""doc_62bf6495f3a27bc084947384_e0002""}",FORECAST,,48,geological_forecast,fact_lock_66696e4edba8c334dd63e046,DAILY_REVIEW_CELL,"{""cell_id"":null,""daily_state_id"":null,""end_chainage"":1014122.0,""point_chainage"":null,""scope_basis"":""hsp_forecast_table_row"",""scope_kind"":""LOCATED_INTERVAL"",""start_chainage"":1014109.0,""state_role"":null,""valid_date"":null}",doc_62bf6495f3a27bc084947384_e0002,stage7_main_task_011,False
typed_claim_1f8281d6cacd0b89bc8f033d,FORECAST_GEOLOGICAL_CONDITION,"{""attribute_dimension"":null,""attribute_name"":""lithology"",""normalized_value"":""板岩夹变质砂岩"",""source_evidence_id"":""doc_62bf6495f3a27bc084947384_e0004""}",FORECAST,,49,geological_forecast,fact_lock_d757d1795faae7d97d4928de,FORWARD_ATTENTION_CELL,"{""cell_id"":null,""daily_state_id"":null,""end_chainage"":1014163.0,""point_chainage"":null,""scope_basis"":""hsp_forecast_table_row"",""scope_kind"":""LOCATED_INTERVAL"",""start_chainage"":1014143.0,""state_role"":null,""valid_date"":null}",doc_62bf6495f3a27bc084947384_e0004,stage7_main_task_011,False
typed_claim_2c8e355ccb468ec564f77691,FORECAST_GEOLOGICAL_CONDITION,"{""attribute_dimension"":null,""attribute_name"":""geological_conclusion"",""normalized_value"":""该段围岩较前段稍变差。岩性为 板岩夹变质砂岩，弱风化，岩质 软硬不均，层间结合较差，节理 裂隙较发育-发育，岩体较破碎- 破碎。"",""source_evidence_id"":""doc_62bf6495f3a27bc084947384_e0004""}",FORECAST,,50,geological_forecast,fact_lock_0b1e6c2f0d39ff9442f6d4d6,FORWARD_ATTENTION_CELL,"{""cell_id"":null,""daily_state_id"":null,""end_chainage"":1014163.0,""point_chainage"":null,""scope_basis"":""hsp_forecast_table_row"",""scope_kind"":""LOCATED_INTERVAL"",""start_chainage"":1014143.0,""state_role"":null,""valid_date"":null}",doc_62bf6495f3a27bc084947384_e0004,stage7_main_task_011,False
typed_claim_94712daf9ed72843fc0557a6,FORECAST_GEOLOGICAL_CONDITION,"{""attribute_dimension"":null,""attribute_name"":""risk_hint"",""normalized_value"":""里程+098 附 近有掉块风 险"",""source_evidence_id"":""doc_d0afc25463d4776277ebb952_e0007""}",FORECAST,,51,geological_forecast,fact_lock_6664691c8d13da3d5bbbcfe3,DAILY_REVIEW_CELL,"{""cell_id"":null,""daily_state_id"":null,""end_chainage"":1014106.0,""point_chainage"":null,""scope_basis"":""hsp_forecast_table_row"",""scope_kind"":""LOCATED_INTERVAL"",""start_chainage"":1014098.0,""state_role"":null,""valid_date"":null}",doc_d0afc25463d4776277ebb952_e0007,stage7_main_task_011,False
typed_claim_755d4ac80707449aad03a420,FORECAST_GEOLOGICAL_CONDITION,"{""attribute_dimension"":null,""attribute_name"":""suggested_grade"",""normalized_value"":""Ⅲ级"",""source_evidence_id"":""doc_d0afc25463d4776277ebb952_e0008""}",FORECAST,,52,geological_forecast,fact_lock_76b0e82fcc18cd320157735f,DAILY_REVIEW_CELL,"{""cell_id"":null,""daily_state_id"":null,""end_chainage"":1014115.0,""point_chainage"":null,""scope_basis"":""hsp_forecast_table_row"",""scope_kind"":""LOCATED_INTERVAL"",""start_chainage"":1014106.0,""state_role"":null,""valid_date"":null}",doc_d0afc25463d4776277ebb952_e0008,stage7_main_task_011,False
typed_claim_392fb6a1c5633b31c2aa81d5,FORECAST_GEOLOGICAL_CONDITION,"{""attribute_dimension"":null,""attribute_name"":""suggested_grade"",""normalized_value"":""Ⅲ级"",""source_evidence_id"":""doc_d0afc25463d4776277ebb952_e0008""}",FORECAST,,53,geological_forecast,fact_lock_f41faaa74e3fc97fac55bc3b,DAILY_REVIEW_CELL,"{""cell_id"":null,""daily_state_id"":null,""end_chainage"":1014115.0,""point_chainage"":null,""scope_basis"":""hsp_forecast_table_row"",""scope_kind"":""LOCATED_INTERVAL"",""start_chainage"":1014106.0,""state_role"":null,""valid_date"":null}",doc_d0afc25463d4776277ebb952_e0008,stage7_main_task_011,False
typed_claim_3421f4d3cd7b1efef3b3a32f,FORECAST_GEOLOGICAL_CONDITION,"{""attribute_dimension"":null,""attribute_name"":""suggested_grade"",""normalized_value"":""Ⅳ级"",""source_evidence_id"":""doc_62bf6495f3a27bc084947384_e0003""}",FORECAST,,54,geological_forecast,fact_lock_36dd63fae36d2bdcdc156e13,FORWARD_ATTENTION_CELL,"{""cell_id"":null,""daily_state_id"":null,""end_chainage"":1014143.0,""point_chainage"":null,""scope_basis"":""hsp_forecast_table_row"",""scope_kind"":""LOCATED_INTERVAL"",""start_chainage"":1014122.0,""state_role"":null,""valid_date"":null}",doc_62bf6495f3a27bc084947384_e0003,stage7_main_task_011,False
typed_claim_8842119428803ef56ac5c4a3,FORECAST_GEOLOGICAL_CONDITION,"{""attribute_dimension"":null,""attribute_name"":""suggested_grade"",""normalized_value"":""Ⅳ级"",""source_evidence_id"":""doc_62bf6495f3a27bc084947384_e0003""}",FORECAST,,55,geological_forecast,fact_lock_6277055eb825ce84e35138ea,FORWARD_ATTENTION_CELL,"{""cell_id"":null,""daily_state_id"":null,""end_chainage"":1014143.0,""point_chainage"":null,""scope_basis"":""hsp_forecast_table_row"",""scope_kind"":""LOCATED_INTERVAL"",""start_chainage"":1014122.0,""state_role"":null,""valid_date"":null}",doc_62bf6495f3a27bc084947384_e0003,stage7_main_task_011,False
typed_claim_24e969e17e9021b909723dab,FORECAST_GEOLOGICAL_CONDITION,"{""attribute_dimension"":null,""attribute_name"":""suggested_grade"",""normalized_value"":""Ⅳ级"",""source_evidence_id"":""doc_62bf6495f3a27bc084947384_e0003""}",FORECAST,,56,geological_forecast,fact_lock_ed74ce2a61cc3796c959094a,FORWARD_ATTENTION_CELL,"{""cell_id"":null,""daily_state_id"":null,""end_chainage"":1014143.0,""point_chainage"":null,""scope_basis"":""hsp_forecast_table_row"",""scope_kind"":""LOCATED_INTERVAL"",""start_chainage"":1014122.0,""state_role"":null,""valid_date"":null}",doc_62bf6495f3a27bc084947384_e0003,stage7_main_task_011,False
typed_claim_cc9465ae94e19c57efe54600,FORECAST_GEOLOGICAL_CONDITION,"{""attribute_dimension"":null,""attribute_name"":""suggested_grade"",""normalized_value"":""Ⅳ级"",""source_evidence_id"":""doc_62bf6495f3a27bc084947384_e0002""}",FORECAST,,57,geological_forecast,fact_lock_710f6d3aea7f1f4b4638e058,DAILY_REVIEW_CELL,"{""cell_id"":null,""daily_state_id"":null,""end_chainage"":1014122.0,""point_chainage"":null,""scope_basis"":""hsp_forecast_table_row"",""scope_kind"":""LOCATED_INTERVAL"",""start_chainage"":1014109.0,""state_role"":null,""valid_date"":null}",doc_62bf6495f3a27bc084947384_e0002,stage7_main_task_011,False
typed_claim_d5a448146972e91dd59826ab,FORECAST_GEOLOGICAL_CONDITION,"{""attribute_dimension"":null,""attribute_name"":""suggested_grade"",""normalized_value"":""Ⅳ级"",""source_evidence_id"":""doc_62bf6495f3a27bc084947384_e0002""}",FORECAST,,58,geological_forecast,fact_lock_f44a3a39ab0c6ee32e7b1071,DAILY_REVIEW_CELL,"{""cell_id"":null,""daily_state_id"":null,""end_chainage"":1014122.0,""point_chainage"":null,""scope_basis"":""hsp_forecast_table_row"",""scope_kind"":""LOCATED_INTERVAL"",""start_chainage"":1014109.0,""state_role"":null,""valid_date"":null}",doc_62bf6495f3a27bc084947384_e0002,stage7_main_task_011,False
typed_claim_622361fcab8ee81ee0d11b4c,FORECAST_GEOLOGICAL_CONDITION,"{""attribute_dimension"":null,""attribute_name"":""joint_development"",""normalized_value"":""节理裂隙较发育-发育"",""source_evidence_id"":""doc_62bf6495f3a27bc084947384_e0004""}",FORECAST,,59,geological_forecast,fact_lock_b2e062dfa41059877bab75c1,FORWARD_ATTENTION_CELL,"{""cell_id"":null,""daily_state_id"":null,""end_chainage"":1014163.0,""point_chainage"":null,""scope_basis"":""hsp_forecast_table_row"",""scope_kind"":""LOCATED_INTERVAL"",""start_chainage"":1014143.0,""state_role"":null,""valid_date"":null}",doc_62bf6495f3a27bc084947384_e0004,stage7_main_task_011,False
typed_claim_5eba0bd1c593cde60fa2a691,FORECAST_GEOLOGICAL_CONDITION,"{""attribute_dimension"":null,""attribute_name"":""rock_mass_state"",""normalized_value"":""岩体较破碎"",""source_evidence_id"":""doc_62bf6495f3a27bc084947384_e0003""}",FORECAST,,60,geological_forecast,fact_lock_63c9e4aadcba2dcd1acbbfa7,FORWARD_ATTENTION_CELL,"{""cell_id"":null,""daily_state_id"":null,""end_chainage"":1014143.0,""point_chainage"":null,""scope_basis"":""hsp_forecast_table_row"",""scope_kind"":""LOCATED_INTERVAL"",""start_chainage"":1014122.0,""state_role"":null,""valid_date"":null}",doc_62bf6495f3a27bc084947384_e0003,stage7_main_task_011,False
typed_claim_74b3f72a081c822202626ee8,FORECAST_GEOLOGICAL_CONDITION,"{""attribute_dimension"":null,""attribute_name"":""rock_mass_state"",""normalized_value"":""岩体较破碎"",""source_evidence_id"":""doc_62bf6495f3a27bc084947384_e0003""}",FORECAST,,61,geological_forecast,fact_lock_a792629cbb33ced3e0e5ea97,FORWARD_ATTENTION_CELL,"{""cell_id"":null,""daily_state_id"":null,""end_chainage"":1014143.0,""point_chainage"":null,""scope_basis"":""hsp_forecast_table_row"",""scope_kind"":""LOCATED_INTERVAL"",""start_chainage"":1014122.0,""state_role"":null,""valid_date"":null}",doc_62bf6495f3a27bc084947384_e0003,stage7_main_task_011,False
typed_claim_edfe2535d91b717249967a33,FORECAST_GEOLOGICAL_CONDITION,"{""attribute_dimension"":null,""attribute_name"":""rock_mass_state"",""normalized_value"":""岩体较破碎"",""source_evidence_id"":""doc_62bf6495f3a27bc084947384_e0003""}",FORECAST,,62,geological_forecast,fact_lock_a9c39fbc61d96a4ddf93da8c,FORWARD_ATTENTION_CELL,"{""cell_id"":null,""daily_state_id"":null,""end_chainage"":1014143.0,""point_chainage"":null,""scope_basis"":""hsp_forecast_table_row"",""scope_kind"":""LOCATED_INTERVAL"",""start_chainage"":1014122.0,""state_role"":null,""valid_date"":null}",doc_62bf6495f3a27bc084947384_e0003,stage7_main_task_011,False
typed_claim_4120c531570c8d65575bb64a,FORECAST_GEOLOGICAL_CONDITION,"{""attribute_dimension"":null,""attribute_name"":""lithology"",""normalized_value"":""板岩夹变质砂岩"",""source_evidence_id"":""doc_d0afc25463d4776277ebb952_e0009""}",FORECAST,,63,geological_forecast,fact_lock_c27531d2a5f96ee7804ac843,DAILY_REVIEW_CELL,"{""cell_id"":null,""daily_state_id"":null,""end_chainage"":1014119.0,""point_chainage"":null,""scope_basis"":""hsp_forecast_table_row"",""scope_kind"":""LOCATED_INTERVAL"",""start_chainage"":1014115.0,""state_role"":null,""valid_date"":null}",doc_d0afc25463d4776277ebb952_e0009,stage7_main_task_011,False
typed_claim_534681fd2849b3f38beacbbc,FORECAST_GEOLOGICAL_CONDITION,"{""attribute_dimension"":null,""attribute_name"":""joint_development"",""normalized_value"":""节理裂隙较发育-发育"",""source_evidence_id"":""doc_62bf6495f3a27bc084947384_e0002""}",FORECAST,,64,geological_forecast,fact_lock_b5dfa68e0bc33a661d3b0b08,DAILY_REVIEW_CELL,"{""cell_id"":null,""daily_state_id"":null,""end_chainage"":1014122.0,""point_chainage"":null,""scope_basis"":""hsp_forecast_table_row"",""scope_kind"":""LOCATED_INTERVAL"",""start_chainage"":1014109.0,""state_role"":null,""valid_date"":null}",doc_62bf6495f3a27bc084947384_e0002,stage7_main_task_011,False
typed_claim_5f57dec472a6831642f608c4,FORECAST_GEOLOGICAL_CONDITION,"{""attribute_dimension"":null,""attribute_name"":""joint_development"",""normalized_value"":""节理裂隙较发育-发育"",""source_evidence_id"":""doc_62bf6495f3a27bc084947384_e0002""}",FORECAST,,65,geological_forecast,fact_lock_f4c7c23f40b71bd72ffc2250,DAILY_REVIEW_CELL,"{""cell_id"":null,""daily_state_id"":null,""end_chainage"":1014122.0,""point_chainage"":null,""scope_basis"":""hsp_forecast_table_row"",""scope_kind"":""LOCATED_INTERVAL"",""start_chainage"":1014109.0,""state_role"":null,""valid_date"":null}",doc_62bf6495f3a27bc084947384_e0002,stage7_main_task_011,False
typed_claim_4caa58e0292c75a95b7b12e2,FORECAST_GEOLOGICAL_CONDITION,"{""attribute_dimension"":null,""attribute_name"":""lithology"",""normalized_value"":""板岩夹变质砂岩"",""source_evidence_id"":""doc_d0afc25463d4776277ebb952_e0008""}",FORECAST,,66,geological_forecast,fact_lock_4411a4667aca07983f809379,DAILY_REVIEW_CELL,"{""cell_id"":null,""daily_state_id"":null,""end_chainage"":1014115.0,""point_chainage"":null,""scope_basis"":""hsp_forecast_table_row"",""scope_kind"":""LOCATED_INTERVAL"",""start_chainage"":1014106.0,""state_role"":null,""valid_date"":null}",doc_d0afc25463d4776277ebb952_e0008,stage7_main_task_011,False
typed_claim_00827c6c5e778f8ce65cf083,FORECAST_GEOLOGICAL_CONDITION,"{""attribute_dimension"":null,""attribute_name"":""lithology"",""normalized_value"":""板岩夹变质砂岩"",""source_evidence_id"":""doc_d0afc25463d4776277ebb952_e0008""}",FORECAST,,67,geological_forecast,fact_lock_f601c88a38c67217cd87a432,DAILY_REVIEW_CELL,"{""cell_id"":null,""daily_state_id"":null,""end_chainage"":1014115.0,""point_chainage"":null,""scope_basis"":""hsp_forecast_table_row"",""scope_kind"":""LOCATED_INTERVAL"",""start_chainage"":1014106.0,""state_role"":null,""valid_date"":null}",doc_d0afc25463d4776277ebb952_e0008,stage7_main_task_011,False
typed_claim_8ed9c206048766ac6fe2b02e,FORECAST_GEOLOGICAL_CONDITION,"{""attribute_dimension"":null,""attribute_name"":""geological_conclusion"",""normalized_value"":""该段围岩较前段变差。岩性为板 岩夹变质砂岩，弱风化，岩质软 硬不均，节理裂隙较发育-发育， 岩体较破碎-破碎，层间结合差。"",""source_evidence_id"":""doc_d0afc25463d4776277ebb952_e0007""}",FORECAST,,68,geological_forecast,fact_lock_0c8b47e01763b7dde3c0be0f,DAILY_REVIEW_CELL,"{""cell_id"":null,""daily_state_id"":null,""end_chainage"":1014106.0,""point_chainage"":null,""scope_basis"":""hsp_forecast_table_row"",""scope_kind"":""LOCATED_INTERVAL"",""start_chainage"":1014098.0,""state_role"":null,""valid_date"":null}",doc_d0afc25463d4776277ebb952_e0007,stage7_main_task_011,False
typed_claim_00dfd479c78158d57798409d,FORECAST_GEOLOGICAL_CONDITION,"{""attribute_dimension"":null,""attribute_name"":""suggested_grade"",""normalized_value"":""Ⅳ级"",""source_evidence_id"":""doc_62bf6495f3a27bc084947384_e0004""}",FORECAST,,69,geological_forecast,fact_lock_041c09bac2628d3317a79637,FORWARD_ATTENTION_CELL,"{""cell_id"":null,""daily_state_id"":null,""end_chainage"":1014163.0,""point_chainage"":null,""scope_basis"":""hsp_forecast_table_row"",""scope_kind"":""LOCATED_INTERVAL"",""start_chainage"":1014143.0,""state_role"":null,""valid_date"":null}",doc_62bf6495f3a27bc084947384_e0004,stage7_main_task_011,False
typed_claim_6c58aa13253c32d5e64d18cb,FORECAST_GEOLOGICAL_CONDITION,"{""attribute_dimension"":null,""attribute_name"":""weathering"",""normalized_value"":""弱风化"",""source_evidence_id"":""doc_62bf6495f3a27bc084947384_e0003""}",FORECAST,,70,geological_forecast,fact_lock_07edeb2f066c5a6d8e3a73e4,FORWARD_ATTENTION_CELL,"{""cell_id"":null,""daily_state_id"":null,""end_chainage"":1014143.0,""point_chainage"":null,""scope_basis"":""hsp_forecast_table_row"",""scope_kind"":""LOCATED_INTERVAL"",""start_chainage"":1014122.0,""state_role"":null,""valid_date"":null}",doc_62bf6495f3a27bc084947384_e0003,stage7_main_task_011,False
typed_claim_9b993830fbf3e30740c5487a,FORECAST_GEOLOGICAL_CONDITION,"{""attribute_dimension"":null,""attribute_name"":""weathering"",""normalized_value"":""弱风化"",""source_evidence_id"":""doc_62bf6495f3a27bc084947384_e0003""}",FORECAST,,71,geological_forecast,fact_lock_4a69257a71a97fd9fc039686,FORWARD_ATTENTION_CELL,"{""cell_id"":null,""daily_state_id"":null,""end_chainage"":1014143.0,""point_chainage"":null,""scope_basis"":""hsp_forecast_table_row"",""scope_kind"":""LOCATED_INTERVAL"",""start_chainage"":1014122.0,""state_role"":null,""valid_date"":null}",doc_62bf6495f3a27bc084947384_e0003,stage7_main_task_011,False
typed_claim_c876bc775191035cba260891,FORECAST_GEOLOGICAL_CONDITION,"{""attribute_dimension"":null,""attribute_name"":""weathering"",""normalized_value"":""弱风化"",""source_evidence_id"":""doc_62bf6495f3a27bc084947384_e0003""}",FORECAST,,72,geological_forecast,fact_lock_dd81b2e67ddb2d9a16a78cb4,FORWARD_ATTENTION_CELL,"{""cell_id"":null,""daily_state_id"":null,""end_chainage"":1014143.0,""point_chainage"":null,""scope_basis"":""hsp_forecast_table_row"",""scope_kind"":""LOCATED_INTERVAL"",""start_chainage"":1014122.0,""state_role"":null,""valid_date"":null}",doc_62bf6495f3a27bc084947384_e0003,stage7_main_task_011,False
typed_claim_26737de9b9e51728cd5a82f4,FORECAST_GEOLOGICAL_CONDITION,"{""attribute_dimension"":null,""attribute_name"":""weathering"",""normalized_value"":""弱风化"",""source_evidence_id"":""doc_62bf6495f3a27bc084947384_e0002""}",FORECAST,,73,geological_forecast,fact_lock_2cdd4d7d8a1b135c277d4da4,DAILY_REVIEW_CELL,"{""cell_id"":null,""daily_state_id"":null,""end_chainage"":1014122.0,""point_chainage"":null,""scope_basis"":""hsp_forecast_table_row"",""scope_kind"":""LOCATED_INTERVAL"",""start_chainage"":1014109.0,""state_role"":null,""valid_date"":null}",doc_62bf6495f3a27bc084947384_e0002,stage7_main_task_011,False
typed_claim_a4dca26d3809bc23929f020f,FORECAST_GEOLOGICAL_CONDITION,"{""attribute_dimension"":null,""attribute_name"":""weathering"",""normalized_value"":""弱风化"",""source_evidence_id"":""doc_62bf6495f3a27bc084947384_e0002""}",FORECAST,,74,geological_forecast,fact_lock_3385ce1d4a42ce676e376613,DAILY_REVIEW_CELL,"{""cell_id"":null,""daily_state_id"":null,""end_chainage"":1014122.0,""point_chainage"":null,""scope_basis"":""hsp_forecast_table_row"",""scope_kind"":""LOCATED_INTERVAL"",""start_chainage"":1014109.0,""state_role"":null,""valid_date"":null}",doc_62bf6495f3a27bc084947384_e0002,stage7_main_task_011,False
typed_claim_c69bb8bc0ba183a6435c7e93,FORECAST_GEOLOGICAL_CONDITION,"{""attribute_dimension"":null,""attribute_name"":""weathering"",""normalized_value"":""弱风化"",""source_evidence_id"":""doc_62bf6495f3a27bc084947384_e0004""}",FORECAST,,75,geological_forecast,fact_lock_d17ad21f102d0cda384e6cbb,FORWARD_ATTENTION_CELL,"{""cell_id"":null,""daily_state_id"":null,""end_chainage"":1014163.0,""point_chainage"":null,""scope_basis"":""hsp_forecast_table_row"",""scope_kind"":""LOCATED_INTERVAL"",""start_chainage"":1014143.0,""state_role"":null,""valid_date"":null}",doc_62bf6495f3a27bc084947384_e0004,stage7_main_task_011,False
typed_claim_01cd4e84ee51bde5952ac4eb,FORECAST_GEOLOGICAL_CONDITION,"{""attribute_dimension"":null,""attribute_name"":""weathering"",""normalized_value"":""弱风化"",""source_evidence_id"":""doc_d0afc25463d4776277ebb952_e0007""}",FORECAST,,76,geological_forecast,fact_lock_ddca77fa1ef0e9e83e301008,DAILY_REVIEW_CELL,"{""cell_id"":null,""daily_state_id"":null,""end_chainage"":1014106.0,""point_chainage"":null,""scope_basis"":""hsp_forecast_table_row"",""scope_kind"":""LOCATED_INTERVAL"",""start_chainage"":1014098.0,""state_role"":null,""valid_date"":null}",doc_d0afc25463d4776277ebb952_e0007,stage7_main_task_011,False
typed_claim_ba2067e9e2cd2f1d6de200bc,FORECAST_GEOLOGICAL_CONDITION,"{""attribute_dimension"":null,""attribute_name"":""joint_development"",""normalized_value"":""节理裂隙较发育"",""source_evidence_id"":""doc_62bf6495f3a27bc084947384_e0003""}",FORECAST,,77,geological_forecast,fact_lock_027e8702451e028c981972af,FORWARD_ATTENTION_CELL,"{""cell_id"":null,""daily_state_id"":null,""end_chainage"":1014143.0,""point_chainage"":null,""scope_basis"":""hsp_forecast_table_row"",""scope_kind"":""LOCATED_INTERVAL"",""start_chainage"":1014122.0,""state_role"":null,""valid_date"":null}",doc_62bf6495f3a27bc084947384_e0003,stage7_main_task_011,False
typed_claim_2720a510b7f147219fb39b12,FORECAST_GEOLOGICAL_CONDITION,"{""attribute_dimension"":null,""attribute_name"":""joint_development"",""normalized_value"":""节理裂隙较发育"",""source_evidence_id"":""doc_62bf6495f3a27bc084947384_e0003""}",FORECAST,,78,geological_forecast,fact_lock_6f80d0ddf3fe27e3eb2e4166,FORWARD_ATTENTION_CELL,"{""cell_id"":null,""daily_state_id"":null,""end_chainage"":1014143.0,""point_chainage"":null,""scope_basis"":""hsp_forecast_table_row"",""scope_kind"":""LOCATED_INTERVAL"",""start_chainage"":1014122.0,""state_role"":null,""valid_date"":null}",doc_62bf6495f3a27bc084947384_e0003,stage7_main_task_011,False
typed_claim_870bcf0fbe93bbd6d441330d,FORECAST_GEOLOGICAL_CONDITION,"{""attribute_dimension"":null,""attribute_name"":""joint_development"",""normalized_value"":""节理裂隙较发育"",""source_evidence_id"":""doc_62bf6495f3a27bc084947384_e0003""}",FORECAST,,79,geological_forecast,fact_lock_8f7d6a949cdbbef6d36a025c,FORWARD_ATTENTION_CELL,"{""cell_id"":null,""daily_state_id"":null,""end_chainage"":1014143.0,""point_chainage"":null,""scope_basis"":""hsp_forecast_table_row"",""scope_kind"":""LOCATED_INTERVAL"",""start_chainage"":1014122.0,""state_role"":null,""valid_date"":null}",doc_62bf6495f3a27bc084947384_e0003,stage7_main_task_011,False
typed_claim_2aa7716a234d8f39e1f28ee6,FORECAST_GEOLOGICAL_CONDITION,"{""attribute_dimension"":null,""attribute_name"":""anomaly_level"",""normalized_value"":""MODERATE"",""source_evidence_id"":""doc_d0afc25463d4776277ebb952_e0007""}",FORECAST,,80,geological_forecast,fact_lock_06c9ccb826b879d5a4f3395d,DAILY_REVIEW_CELL,"{""cell_id"":null,""daily_state_id"":null,""end_chainage"":1014106.0,""point_chainage"":null,""scope_basis"":""hsp_forecast_table_row"",""scope_kind"":""LOCATED_INTERVAL"",""start_chainage"":1014098.0,""state_role"":null,""valid_date"":null}",doc_d0afc25463d4776277ebb952_e0007,stage7_main_task_011,False
typed_claim_2984ece7bbbfcd4d0ec86cb3,FORECAST_GEOLOGICAL_CONDITION,"{""attribute_dimension"":null,""attribute_name"":""rock_mass_state"",""normalized_value"":""岩体较破碎"",""source_evidence_id"":""doc_d0afc25463d4776277ebb952_e0008""}",FORECAST,,81,geological_forecast,fact_lock_ac616893927a5d8ec5a889e8,DAILY_REVIEW_CELL,"{""cell_id"":null,""daily_state_id"":null,""end_chainage"":1014115.0,""point_chainage"":null,""scope_basis"":""hsp_forecast_table_row"",""scope_kind"":""LOCATED_INTERVAL"",""start_chainage"":1014106.0,""state_role"":null,""valid_date"":null}",doc_d0afc25463d4776277ebb952_e0008,stage7_main_task_011,False
typed_claim_545f03ee3a95590234aa65b8,FORECAST_GEOLOGICAL_CONDITION,"{""attribute_dimension"":null,""attribute_name"":""rock_mass_state"",""normalized_value"":""岩体较破碎"",""source_evidence_id"":""doc_d0afc25463d4776277ebb952_e0008""}",FORECAST,,82,geological_forecast,fact_lock_c9081640b26dcad1f8bc38b5,DAILY_REVIEW_CELL,"{""cell_id"":null,""daily_state_id"":null,""end_chainage"":1014115.0,""point_chainage"":null,""scope_basis"":""hsp_forecast_table_row"",""scope_kind"":""LOCATED_INTERVAL"",""start_chainage"":1014106.0,""state_role"":null,""valid_date"":null}",doc_d0afc25463d4776277ebb952_e0008,stage7_main_task_011,False
typed_claim_ff77313c54eddf9d9f299ae4,FORECAST_GEOLOGICAL_CONDITION,"{""attribute_dimension"":null,""attribute_name"":""lithology"",""normalized_value"":""板岩夹变质砂岩"",""source_evidence_id"":""doc_d0afc25463d4776277ebb952_e0007""}",FORECAST,,83,geological_forecast,fact_lock_d84cd3cfa0752e07f3b913b4,DAILY_REVIEW_CELL,"{""cell_id"":null,""daily_state_id"":null,""end_chainage"":1014106.0,""point_chainage"":null,""scope_basis"":""hsp_forecast_table_row"",""scope_kind"":""LOCATED_INTERVAL"",""start_chainage"":1014098.0,""state_role"":null,""valid_date"":null}",doc_d0afc25463d4776277ebb952_e0007,stage7_main_task_011,False
typed_claim_96e5a2a5dd025d691ca26f35,FORECAST_GEOLOGICAL_CONDITION,"{""attribute_dimension"":null,""attribute_name"":""risk_hint"",""normalized_value"":""里程+149、 +159 附近有 掉块风险"",""source_evidence_id"":""doc_62bf6495f3a27bc084947384_e0004""}",FORECAST,,84,geological_forecast,fact_lock_1954f3d1e4e8c50dcd617034,FORWARD_ATTENTION_CELL,"{""cell_id"":null,""daily_state_id"":null,""end_chainage"":1014163.0,""point_chainage"":null,""scope_basis"":""hsp_forecast_table_row"",""scope_kind"":""LOCATED_INTERVAL"",""start_chainage"":1014143.0,""state_role"":null,""valid_date"":null}",doc_62bf6495f3a27bc084947384_e0004,stage7_main_task_011,False
typed_claim_1bc2c6596b08498ae738ff9a,FORECAST_GEOLOGICAL_CONDITION,"{""attribute_dimension"":null,""attribute_name"":""rock_mass_state"",""normalized_value"":""岩体较破碎-破碎"",""source_evidence_id"":""doc_d0afc25463d4776277ebb952_e0009""}",FORECAST,,85,geological_forecast,fact_lock_bc2d4a86b09ea882b67843dd,DAILY_REVIEW_CELL,"{""cell_id"":null,""daily_state_id"":null,""end_chainage"":1014119.0,""point_chainage"":null,""scope_basis"":""hsp_forecast_table_row"",""scope_kind"":""LOCATED_INTERVAL"",""start_chainage"":1014115.0,""state_role"":null,""valid_date"":null}",doc_d0afc25463d4776277ebb952_e0009,stage7_main_task_011,False
typed_claim_2bb7fcd462249ea3f2a10021,FORECAST_GEOLOGICAL_CONDITION,"{""attribute_dimension"":null,""attribute_name"":""joint_development"",""normalized_value"":""节理裂隙较发育-发育"",""source_evidence_id"":""doc_d0afc25463d4776277ebb952_e0009""}",FORECAST,,86,geological_forecast,fact_lock_6e128c207f048365fb821efc,DAILY_REVIEW_CELL,"{""cell_id"":null,""daily_state_id"":null,""end_chainage"":1014119.0,""point_chainage"":null,""scope_basis"":""hsp_forecast_table_row"",""scope_kind"":""LOCATED_INTERVAL"",""start_chainage"":1014115.0,""state_role"":null,""valid_date"":null}",doc_d0afc25463d4776277ebb952_e0009,stage7_main_task_011,False
typed_claim_7c7c5f12eb921e678294a1e2,FORECAST_GEOLOGICAL_CONDITION,"{""attribute_dimension"":null,""attribute_name"":""geological_conclusion"",""normalized_value"":""该段围岩较前段稍变好。岩性为 板岩夹变质砂岩，弱风化，岩质 硬，节理裂隙较发育，岩体较破 碎。"",""source_evidence_id"":""doc_62bf6495f3a27bc084947384_e0003""}",FORECAST,,87,geological_forecast,fact_lock_31ffcdea0c24d349caa1441b,FORWARD_ATTENTION_CELL,"{""cell_id"":null,""daily_state_id"":null,""end_chainage"":1014143.0,""point_chainage"":null,""scope_basis"":""hsp_forecast_table_row"",""scope_kind"":""LOCATED_INTERVAL"",""start_chainage"":1014122.0,""state_role"":null,""valid_date"":null}",doc_62bf6495f3a27bc084947384_e0003,stage7_main_task_011,False
typed_claim_f017923b76568bc0fdb81dd2,FORECAST_GEOLOGICAL_CONDITION,"{""attribute_dimension"":null,""attribute_name"":""geological_conclusion"",""normalized_value"":""该段围岩较前段稍变好。岩性为 板岩夹变质砂岩，弱风化，岩质 硬，节理裂隙较发育，岩体较破 碎。"",""source_evidence_id"":""doc_62bf6495f3a27bc084947384_e0003""}",FORECAST,,88,geological_forecast,fact_lock_a49a8f128e8cb2c6644a1700,FORWARD_ATTENTION_CELL,"{""cell_id"":null,""daily_state_id"":null,""end_chainage"":1014143.0,""point_chainage"":null,""scope_basis"":""hsp_forecast_table_row"",""scope_kind"":""LOCATED_INTERVAL"",""start_chainage"":1014122.0,""state_role"":null,""valid_date"":null}",doc_62bf6495f3a27bc084947384_e0003,stage7_main_task_011,False
typed_claim_8486183a11e29e455d44a7c0,FORECAST_GEOLOGICAL_CONDITION,"{""attribute_dimension"":null,""attribute_name"":""geological_conclusion"",""normalized_value"":""该段围岩较前段稍变好。岩性为 板岩夹变质砂岩，弱风化，岩质 硬，节理裂隙较发育，岩体较破 碎。"",""source_evidence_id"":""doc_62bf6495f3a27bc084947384_e0003""}",FORECAST,,89,geological_forecast,fact_lock_b16d915616b9681bb2c2b7b8,FORWARD_ATTENTION_CELL,"{""cell_id"":null,""daily_state_id"":null,""end_chainage"":1014143.0,""point_chainage"":null,""scope_basis"":""hsp_forecast_table_row"",""scope_kind"":""LOCATED_INTERVAL"",""start_chainage"":1014122.0,""state_role"":null,""valid_date"":null}",doc_62bf6495f3a27bc084947384_e0003,stage7_main_task_011,False
typed_claim_17c5b7d9b8c093e1ffafe7c4,FORECAST_GEOLOGICAL_CONDITION,"{""attribute_dimension"":null,""attribute_name"":""risk_hint"",""normalized_value"":""里程+115 附 近有掉块风 险"",""source_evidence_id"":""doc_d0afc25463d4776277ebb952_e0009""}",FORECAST,,90,geological_forecast,fact_lock_f2b0ec32b3c49c818b27de3d,DAILY_REVIEW_CELL,"{""cell_id"":null,""daily_state_id"":null,""end_chainage"":1014119.0,""point_chainage"":null,""scope_basis"":""hsp_forecast_table_row"",""scope_kind"":""LOCATED_INTERVAL"",""start_chainage"":1014115.0,""state_role"":null,""valid_date"":null}",doc_d0afc25463d4776277ebb952_e0009,stage7_main_task_011,False
typed_claim_2d3d57213b7c91b4594b58fc,FORECAST_GEOLOGICAL_CONDITION,"{""attribute_dimension"":null,""attribute_name"":""rock_mass_state"",""normalized_value"":""岩体较破碎-破碎"",""source_evidence_id"":""doc_d0afc25463d4776277ebb952_e0007""}",FORECAST,,91,geological_forecast,fact_lock_2a4e977e8496d74605a48b1d,DAILY_REVIEW_CELL,"{""cell_id"":null,""daily_state_id"":null,""end_chainage"":1014106.0,""point_chainage"":null,""scope_basis"":""hsp_forecast_table_row"",""scope_kind"":""LOCATED_INTERVAL"",""start_chainage"":1014098.0,""state_role"":null,""valid_date"":null}",doc_d0afc25463d4776277ebb952_e0007,stage7_main_task_011,False
typed_claim_30b02002fd7568a949d42175,OPERATIONAL_RESPONSE_ATTENTION,"{""is_causal_estimate"":false,""is_hazard_probability"":false,""is_probability"":false,""metric_name"":""RAI"",""metric_semantics"":""OPERATIONAL_RESPONSE_ATTENTION_INDEX"",""metric_status"":""AVAILABLE"",""metric_value"":0.3267208330594981,""source_metric_id"":""state_rai_4b32d47e63d68962c786b794""}",,NONPROBABILISTIC_ATTENTION,92,operational_attention,fact_lock_2c9632cf1d4841560156b017,DAILY_REVIEW_CELL,"{""cell_id"":""cell_aa9a31d2a4df8d15e2b4d46f"",""daily_state_id"":null,""end_chainage"":null,""point_chainage"":null,""scope_basis"":""stage5b_bitemporal_state_subject"",""scope_kind"":""CELL"",""start_chainage"":null,""state_role"":""DAILY_REVIEW_CELL"",""valid_date"":""2023-11-22""}",state_rai_4b32d47e63d68962c786b794,stage7_main_task_011,False
typed_claim_36215b2e932be9be066cd3b0,OPERATIONAL_RESPONSE_ATTENTION,"{""is_causal_estimate"":false,""is_hazard_probability"":false,""is_probability"":false,""metric_name"":""RAI"",""metric_semantics"":""OPERATIONAL_RESPONSE_ATTENTION_INDEX"",""metric_status"":""AVAILABLE"",""metric_value"":0.6192633788474606,""source_metric_id"":""state_rai_40fad3dbb00b6301eb2bd9ce""}",,NONPROBABILISTIC_ATTENTION,93,operational_attention,fact_lock_9d2631f812462dac7de3d4bf,DAILY_REVIEW_CELL,"{""cell_id"":""cell_ff5e7be1c6332ee68423a3aa"",""daily_state_id"":null,""end_chainage"":null,""point_chainage"":null,""scope_basis"":""stage5b_bitemporal_state_subject"",""scope_kind"":""CELL"",""start_chainage"":null,""state_role"":""DAILY_REVIEW_CELL"",""valid_date"":""2023-11-22""}",state_rai_40fad3dbb00b6301eb2bd9ce,stage7_main_task_011,False
typed_claim_2a281f10ff1f836fde79bb59,GEOLOGICAL_EVIDENCE_ATTENTION_REVIEW,"{""is_causal_estimate"":false,""is_hazard_probability"":false,""is_probability"":false,""metric_name"":""GRS"",""metric_semantics"":""GEOLOGICAL_EVIDENCE_ATTENTION_INDEX"",""metric_status"":""AVAILABLE"",""metric_value"":0.6555555555555556,""source_metric_id"":""state_grs_4b32d47e63d68962c786b794""}",,NONPROBABILISTIC_ATTENTION,94,geological_attention,fact_lock_d4cb4fab7bce207c0458095b,DAILY_REVIEW_CELL,"{""cell_id"":""cell_aa9a31d2a4df8d15e2b4d46f"",""daily_state_id"":null,""end_chainage"":null,""point_chainage"":null,""scope_basis"":""stage5b_bitemporal_state_subject"",""scope_kind"":""CELL"",""start_chainage"":null,""state_role"":""DAILY_REVIEW_CELL"",""valid_date"":""2023-11-22""}",state_grs_4b32d47e63d68962c786b794,stage7_main_task_011,False
typed_claim_1dc88b0955213d210382b6cb,GEOLOGICAL_EVIDENCE_ATTENTION_REVIEW,"{""is_causal_estimate"":false,""is_hazard_probability"":false,""is_probability"":false,""metric_name"":""GRS"",""metric_semantics"":""GEOLOGICAL_EVIDENCE_ATTENTION_INDEX"",""metric_status"":""AVAILABLE"",""metric_value"":0.5833333333333333,""source_metric_id"":""state_grs_40fad3dbb00b6301eb2bd9ce""}",,NONPROBABILISTIC_ATTENTION,95,geological_attention,fact_lock_132c7c64f4b177f2ed6c736b,DAILY_REVIEW_CELL,"{""cell_id"":""cell_ff5e7be1c6332ee68423a3aa"",""daily_state_id"":null,""end_chainage"":null,""point_chainage"":null,""scope_basis"":""stage5b_bitemporal_state_subject"",""scope_kind"":""CELL"",""start_chainage"":null,""state_role"":""DAILY_REVIEW_CELL"",""valid_date"":""2023-11-22""}",state_grs_40fad3dbb00b6301eb2bd9ce,stage7_main_task_011,False
typed_claim_808f578de63b5e26f5ae61ee,COUPLED_ATTENTION_REVIEW,"{""is_causal_estimate"":false,""is_hazard_probability"":false,""is_probability"":false,""metric_name"":""GRCI"",""metric_semantics"":""NONPROBABILISTIC_CONJUNCTIVE_PRODUCT"",""metric_status"":""AVAILABLE"",""metric_value"":0.2141836572278932,""source_metric_id"":""state_grci_4b32d47e63d68962c786b794""}",,NONPROBABILISTIC_ATTENTION,96,coupled_attention,fact_lock_c9473c2979c94e0792bcb477,DAILY_REVIEW_CELL,"{""cell_id"":""cell_aa9a31d2a4df8d15e2b4d46f"",""daily_state_id"":null,""end_chainage"":null,""point_chainage"":null,""scope_basis"":""stage5b_bitemporal_state_subject"",""scope_kind"":""CELL"",""start_chainage"":null,""state_role"":""DAILY_REVIEW_CELL"",""valid_date"":""2023-11-22""}",state_grci_4b32d47e63d68962c786b794,stage7_main_task_011,False
typed_claim_f04c833a9f725bf98a5d5931,COUPLED_ATTENTION_REVIEW,"{""is_causal_estimate"":false,""is_hazard_probability"":false,""is_probability"":false,""metric_name"":""GRCI"",""metric_semantics"":""NONPROBABILISTIC_CONJUNCTIVE_PRODUCT"",""metric_status"":""AVAILABLE"",""metric_value"":0.361236970994352,""source_metric_id"":""state_grci_40fad3dbb00b6301eb2bd9ce""}",,NONPROBABILISTIC_ATTENTION,97,coupled_attention,fact_lock_e3ec0b6ac1ea5cfcddbc833d,DAILY_REVIEW_CELL,"{""cell_id"":""cell_ff5e7be1c6332ee68423a3aa"",""daily_state_id"":null,""end_chainage"":null,""point_chainage"":null,""scope_basis"":""stage5b_bitemporal_state_subject"",""scope_kind"":""CELL"",""start_chainage"":null,""state_role"":""DAILY_REVIEW_CELL"",""valid_date"":""2023-11-22""}",state_grci_40fad3dbb00b6301eb2bd9ce,stage7_main_task_011,False
typed_claim_86d472a36180928f92c47ada,FORWARD_GEOLOGICAL_ATTENTION,"{""is_causal_estimate"":false,""is_hazard_probability"":false,""is_probability"":false,""metric_name"":""GRS"",""metric_semantics"":""FORWARD_GEOLOGICAL_EVIDENCE_ATTENTION_INDEX"",""metric_status"":""AVAILABLE"",""metric_value"":0.29166666666666663,""source_metric_id"":""state_grs_229b7647391d6705e9ebfadb""}",,NONPROBABILISTIC_ATTENTION,98,forward_attention,fact_lock_bb8b2fab6a81a33798e2209f,FORWARD_ATTENTION_CELL,"{""cell_id"":""cell_4d176d99ebe3ce580aa54210"",""daily_state_id"":null,""end_chainage"":null,""point_chainage"":null,""scope_basis"":""stage5b_bitemporal_state_subject"",""scope_kind"":""CELL"",""start_chainage"":null,""state_role"":""FORWARD_ATTENTION_CELL"",""valid_date"":""2023-11-22""}",state_grs_229b7647391d6705e9ebfadb,stage7_main_task_011,False
typed_claim_c708cdd17fc3c424ccce8e5b,FORWARD_GEOLOGICAL_ATTENTION,"{""is_causal_estimate"":false,""is_hazard_probability"":false,""is_probability"":false,""metric_name"":""GRS"",""metric_semantics"":""FORWARD_GEOLOGICAL_EVIDENCE_ATTENTION_INDEX"",""metric_status"":""AVAILABLE"",""metric_value"":0.5,""source_metric_id"":""state_grs_e009ac6314bea3ea13e3890a""}",,NONPROBABILISTIC_ATTENTION,99,forward_attention,fact_lock_abf4e35cf00d1d5353f2b5a3,FORWARD_ATTENTION_CELL,"{""cell_id"":""cell_b798b66695446a0f518c3244"",""daily_state_id"":null,""end_chainage"":null,""point_chainage"":null,""scope_basis"":""stage5b_bitemporal_state_subject"",""scope_kind"":""CELL"",""start_chainage"":null,""state_role"":""FORWARD_ATTENTION_CELL"",""valid_date"":""2023-11-22""}",state_grs_e009ac6314bea3ea13e3890a,stage7_main_task_011,False
typed_claim_1084e758a9a80090f5728c29,FORWARD_GEOLOGICAL_ATTENTION,"{""is_causal_estimate"":false,""is_hazard_probability"":false,""is_probability"":false,""metric_name"":""GRS"",""metric_semantics"":""FORWARD_GEOLOGICAL_EVIDENCE_ATTENTION_INDEX"",""metric_status"":""AVAILABLE"",""metric_value"":0.29166666666666663,""source_metric_id"":""state_grs_7eed68f2d2a75fe95e93d631""}",,NONPROBABILISTIC_ATTENTION,100,forward_attention,fact_lock_4e1de35ec8c26adb1aee5d3d,FORWARD_ATTENTION_CELL,"{""cell_id"":""cell_ba71aad8523a714a32b0c788"",""daily_state_id"":null,""end_chainage"":null,""point_chainage"":null,""scope_basis"":""stage5b_bitemporal_state_subject"",""scope_kind"":""CELL"",""start_chainage"":null,""state_role"":""FORWARD_ATTENTION_CELL"",""valid_date"":""2023-11-22""}",state_grs_7eed68f2d2a75fe95e93d631,stage7_main_task_011,False
typed_claim_3a72a06ddaf48e284107e3aa,FORECAST_GEOLOGICAL_CONDITION,"{""attribute_dimension"":null,""attribute_name"":""risk_hint"",""normalized_value"":""里程+516 附 近有掉块风 险"",""source_evidence_id"":""doc_99cb24b0b45c767bece0fac1_e0007""}",FORECAST,,0,geological_forecast,fact_lock_9b851d857aaf77da267ef112,FORWARD_ATTENTION_CELL,"{""cell_id"":null,""daily_state_id"":null,""end_chainage"":1014522.0,""point_chainage"":null,""scope_basis"":""hsp_forecast_table_row"",""scope_kind"":""LOCATED_INTERVAL"",""start_chainage"":1014516.0,""state_role"":null,""valid_date"":null}",doc_99cb24b0b45c767bece0fac1_e0007,stage7_main_task_012,False
typed_claim_7118c611c74ba633d1fd0aa6,FORECAST_GEOLOGICAL_CONDITION,"{""attribute_dimension"":null,""attribute_name"":""weathering"",""normalized_value"":""弱风化"",""source_evidence_id"":""doc_cae21ab80a31f71dbe3e20e9_e0003""}",FORECAST,,1,geological_forecast,fact_lock_a74e16d530456378a2801868,FORWARD_ATTENTION_CELL,"{""cell_id"":null,""daily_state_id"":null,""end_chainage"":1014527.0,""point_chainage"":null,""scope_basis"":""hsp_forecast_table_row"",""scope_kind"":""LOCATED_INTERVAL"",""start_chainage"":1014512.0,""state_role"":null,""valid_date"":null}",doc_cae21ab80a31f71dbe3e20e9_e0003,stage7_main_task_012,False
typed_claim_78ab14696cdbae5915eb8a7a,FORECAST_GEOLOGICAL_CONDITION,"{""attribute_dimension"":null,""attribute_name"":""rock_mass_state"",""normalized_value"":""岩体破碎"",""source_evidence_id"":""doc_99cb24b0b45c767bece0fac1_e0007""}",FORECAST,,2,geological_forecast,fact_lock_b881f8a02f33dbafe0bd43bc,FORWARD_ATTENTION_CELL,"{""cell_id"":null,""daily_state_id"":null,""end_chainage"":1014522.0,""point_chainage"":null,""scope_basis"":""hsp_forecast_table_row"",""scope_kind"":""LOCATED_INTERVAL"",""start_chainage"":1014516.0,""state_role"":null,""valid_date"":null}",doc_99cb24b0b45c767bece0fac1_e0007,stage7_main_task_012,False
typed_claim_cbcb931532bec15af52bab9e,FORECAST_GEOLOGICAL_CONDITION,"{""attribute_dimension"":null,""attribute_name"":""weathering"",""normalized_value"":""弱风化"",""source_evidence_id"":""doc_99cb24b0b45c767bece0fac1_e0007""}",FORECAST,,3,geological_forecast,fact_lock_e340ab0076a249041c105c15,FORWARD_ATTENTION_CELL,"{""cell_id"":null,""daily_state_id"":null,""end_chainage"":1014522.0,""point_chainage"":null,""scope_basis"":""hsp_forecast_table_row"",""scope_kind"":""LOCATED_INTERVAL"",""start_chainage"":1014516.0,""state_role"":null,""valid_date"":null}",doc_99cb24b0b45c767bece0fac1_e0007,stage7_main_task_012,False
typed_claim_83758192d07b3801ad7a3abb,FORECAST_GEOLOGICAL_CONDITION,"{""attribute_dimension"":null,""attribute_name"":""suggested_grade"",""normalized_value"":""Ⅳ级"",""source_evidence_id"":""doc_99cb24b0b45c767bece0fac1_e0008""}",FORECAST,,4,geological_forecast,fact_lock_454ac1bbee8512a09a10023a,FORWARD_ATTENTION_CELL,"{""cell_id"":null,""daily_state_id"":null,""end_chainage"":1014531.0,""point_chainage"":null,""scope_basis"":""hsp_forecast_table_row"",""scope_kind"":""LOCATED_INTERVAL"",""start_chainage"":1014522.0,""state_role"":null,""valid_date"":null}",doc_99cb24b0b45c767bece0fac1_e0008,stage7_main_task_012,False
typed_claim_ecb1cc0a30aef88538366eea,FORECAST_GEOLOGICAL_CONDITION,"{""attribute_dimension"":null,""attribute_name"":""weathering"",""normalized_value"":""弱风化"",""source_evidence_id"":""doc_cae21ab80a31f71dbe3e20e9_e0004""}",FORECAST,,5,geological_forecast,fact_lock_b8639f5708c50928339435cc,FORWARD_ATTENTION_CELL,"{""cell_id"":null,""daily_state_id"":null,""end_chainage"":1014555.0,""point_chainage"":null,""scope_basis"":""hsp_forecast_table_row"",""scope_kind"":""LOCATED_INTERVAL"",""start_chainage"":1014527.0,""state_role"":null,""valid_date"":null}",doc_cae21ab80a31f71dbe3e20e9_e0004,stage7_main_task_012,False
typed_claim_366ccf8ffd108861b6af1c97,FORECAST_GEOLOGICAL_CONDITION,"{""attribute_dimension"":null,""attribute_name"":""suggested_grade"",""normalized_value"":""Ⅳ级"",""source_evidence_id"":""doc_cae21ab80a31f71dbe3e20e9_e0004""}",FORECAST,,6,geological_forecast,fact_lock_2d92f106cb9debff53e290ab,FORWARD_ATTENTION_CELL,"{""cell_id"":null,""daily_state_id"":null,""end_chainage"":1014555.0,""point_chainage"":null,""scope_basis"":""hsp_forecast_table_row"",""scope_kind"":""LOCATED_INTERVAL"",""start_chainage"":1014527.0,""state_role"":null,""valid_date"":null}",doc_cae21ab80a31f71dbe3e20e9_e0004,stage7_main_task_012,False
typed_claim_5b920b206c0d4107da9c3766,FORECAST_GEOLOGICAL_CONDITION,"{""attribute_dimension"":null,""attribute_name"":""lithology"",""normalized_value"":""板岩夹变质砂岩"",""source_evidence_id"":""doc_cae21ab80a31f71dbe3e20e9_e0003""}",FORECAST,,7,geological_forecast,fact_lock_4965b80fc38066d64290a888,FORWARD_ATTENTION_CELL,"{""cell_id"":null,""daily_state_id"":null,""end_chainage"":1014527.0,""point_chainage"":null,""scope_basis"":""hsp_forecast_table_row"",""scope_kind"":""LOCATED_INTERVAL"",""start_chainage"":1014512.0,""state_role"":null,""valid_date"":null}",doc_cae21ab80a31f71dbe3e20e9_e0003,stage7_main_task_012,False
typed_claim_b298a8c15d3c52663efdecef,FORECAST_GEOLOGICAL_CONDITION,"{""attribute_dimension"":null,""attribute_name"":""rock_mass_state"",""normalized_value"":""岩体破碎"",""source_evidence_id"":""doc_cae21ab80a31f71dbe3e20e9_e0004""}",FORECAST,,8,geological_forecast,fact_lock_fb38dda95e1ddcd788ee972a,FORWARD_ATTENTION_CELL,"{""cell_id"":null,""daily_state_id"":null,""end_chainage"":1014555.0,""point_chainage"":null,""scope_basis"":""hsp_forecast_table_row"",""scope_kind"":""LOCATED_INTERVAL"",""start_chainage"":1014527.0,""state_role"":null,""valid_date"":null}",doc_cae21ab80a31f71dbe3e20e9_e0004,stage7_main_task_012,False
typed_claim_a8033a5fe137f77c329dbbe8,FORECAST_GEOLOGICAL_CONDITION,"{""attribute_dimension"":null,""attribute_name"":""lithology"",""normalized_value"":""板岩夹变质砂岩"",""source_evidence_id"":""doc_99cb24b0b45c767bece0fac1_e0008""}",FORECAST,,9,geological_forecast,fact_lock_9d1632637407f75748b9167a,FORWARD_ATTENTION_CELL,"{""cell_id"":null,""daily_state_id"":null,""end_chainage"":1014531.0,""point_chainage"":null,""scope_basis"":""hsp_forecast_table_row"",""scope_kind"":""LOCATED_INTERVAL"",""start_chainage"":1014522.0,""state_role"":null,""valid_date"":null}",doc_99cb24b0b45c767bece0fac1_e0008,stage7_main_task_012,False
typed_claim_148fa32518ac7385c2ba441b,FORECAST_GEOLOGICAL_CONDITION,"{""attribute_dimension"":null,""attribute_name"":""lithology"",""normalized_value"":""板岩夹变质砂岩"",""source_evidence_id"":""doc_cae21ab80a31f71dbe3e20e9_e0004""}",FORECAST,,10,geological_forecast,fact_lock_53e7a31d2a7631013671dd1b,FORWARD_ATTENTION_CELL,"{""cell_id"":null,""daily_state_id"":null,""end_chainage"":1014555.0,""point_chainage"":null,""scope_basis"":""hsp_forecast_table_row"",""scope_kind"":""LOCATED_INTERVAL"",""start_chainage"":1014527.0,""state_role"":null,""valid_date"":null}",doc_cae21ab80a31f71dbe3e20e9_e0004,stage7_main_task_012,False
typed_claim_22223eab1ea5e37843dd72d2,FORECAST_GEOLOGICAL_CONDITION,"{""attribute_dimension"":null,""attribute_name"":""joint_development"",""normalized_value"":""节理裂隙发育密集"",""source_evidence_id"":""doc_cae21ab80a31f71dbe3e20e9_e0003""}",FORECAST,,11,geological_forecast,fact_lock_4348c1fd740179e6ab836b2b,FORWARD_ATTENTION_CELL,"{""cell_id"":null,""daily_state_id"":null,""end_chainage"":1014527.0,""point_chainage"":null,""scope_basis"":""hsp_forecast_table_row"",""scope_kind"":""LOCATED_INTERVAL"",""start_chainage"":1014512.0,""state_role"":null,""valid_date"":null}",doc_cae21ab80a31f71dbe3e20e9_e0003,stage7_main_task_012,False
typed_claim_702340829144f07715899a34,FORECAST_GEOLOGICAL_CONDITION,"{""attribute_dimension"":null,""attribute_name"":""joint_development"",""normalized_value"":""节理裂隙发育"",""source_evidence_id"":""doc_cae21ab80a31f71dbe3e20e9_e0004""}",FORECAST,,12,geological_forecast,fact_lock_10e725174ec6977985e79234,FORWARD_ATTENTION_CELL,"{""cell_id"":null,""daily_state_id"":null,""end_chainage"":1014555.0,""point_chainage"":null,""scope_basis"":""hsp_forecast_table_row"",""scope_kind"":""LOCATED_INTERVAL"",""start_chainage"":1014527.0,""state_role"":null,""valid_date"":null}",doc_cae21ab80a31f71dbe3e20e9_e0004,stage7_main_task_012,False
typed_claim_16f91c84dae5c18d0ff7d4ce,FORECAST_GEOLOGICAL_CONDITION,"{""attribute_dimension"":null,""attribute_name"":""geological_conclusion"",""normalized_value"":""该段围岩较前段变差。岩性为板 岩夹变质砂岩，弱风化，岩质软 硬不均，节理裂隙发育密集，岩 体破碎，层间结合度差。"",""source_evidence_id"":""doc_cae21ab80a31f71dbe3e20e9_e0003""}",FORECAST,,13,geological_forecast,fact_lock_8b2078b85ca384c6c4072378,FORWARD_ATTENTION_CELL,"{""cell_id"":null,""daily_state_id"":null,""end_chainage"":1014527.0,""point_chainage"":null,""scope_basis"":""hsp_forecast_table_row"",""scope_kind"":""LOCATED_INTERVAL"",""start_chainage"":1014512.0,""state_role"":null,""valid_date"":null}",doc_cae21ab80a31f71dbe3e20e9_e0003,stage7_main_task_012,False
typed_claim_addcc3e04c68351715932093,FORECAST_GEOLOGICAL_CONDITION,"{""attribute_dimension"":null,""attribute_name"":""geological_conclusion"",""normalized_value"":""该段围岩较前段变差。岩性为板 岩夹变质砂岩，弱风化，岩质软 硬不均，节理裂隙发育密集，岩 体破碎，层间结合差。"",""source_evidence_id"":""doc_99cb24b0b45c767bece0fac1_e0007""}",FORECAST,,14,geological_forecast,fact_lock_4f05f8d7d3ccc829b5cba0ac,FORWARD_ATTENTION_CELL,"{""cell_id"":null,""daily_state_id"":null,""end_chainage"":1014522.0,""point_chainage"":null,""scope_basis"":""hsp_forecast_table_row"",""scope_kind"":""LOCATED_INTERVAL"",""start_chainage"":1014516.0,""state_role"":null,""valid_date"":null}",doc_99cb24b0b45c767bece0fac1_e0007,stage7_main_task_012,False
typed_claim_6ee24569bfebe02900e61b7c,FORECAST_GEOLOGICAL_CONDITION,"{""attribute_dimension"":null,""attribute_name"":""suggested_grade"",""normalized_value"":""Ⅳ级"",""source_evidence_id"":""doc_cae21ab80a31f71dbe3e20e9_e0003""}",FORECAST,,15,geological_forecast,fact_lock_7a0bb8a48fdb144986a37fbd,FORWARD_ATTENTION_CELL,"{""cell_id"":null,""daily_state_id"":null,""end_chainage"":1014527.0,""point_chainage"":null,""scope_basis"":""hsp_forecast_table_row"",""scope_kind"":""LOCATED_INTERVAL"",""start_chainage"":1014512.0,""state_role"":null,""valid_date"":null}",doc_cae21ab80a31f71dbe3e20e9_e0003,stage7_main_task_012,False
typed_claim_7348fa7edbe8fdb687ccae38,FORECAST_GEOLOGICAL_CONDITION,"{""attribute_dimension"":null,""attribute_name"":""geological_conclusion"",""normalized_value"":""该段围岩较前段稍变好。岩性为 板岩夹变质砂岩，弱风化，节理 裂隙发育，岩体破碎。"",""source_evidence_id"":""doc_99cb24b0b45c767bece0fac1_e0008""}",FORECAST,,16,geological_forecast,fact_lock_e81235803baf4208a198c471,FORWARD_ATTENTION_CELL,"{""cell_id"":null,""daily_state_id"":null,""end_chainage"":1014531.0,""point_chainage"":null,""scope_basis"":""hsp_forecast_table_row"",""scope_kind"":""LOCATED_INTERVAL"",""start_chainage"":1014522.0,""state_role"":null,""valid_date"":null}",doc_99cb24b0b45c767bece0fac1_e0008,stage7_main_task_012,False
typed_claim_7880bb54630aad750af8b891,FORECAST_GEOLOGICAL_CONDITION,"{""attribute_dimension"":null,""attribute_name"":""geological_conclusion"",""normalized_value"":""该段围岩较前段稍变好。岩性为 板岩夹变质砂岩，弱风化，节理 裂隙发育，岩体破碎。"",""source_evidence_id"":""doc_cae21ab80a31f71dbe3e20e9_e0004""}",FORECAST,,17,geological_forecast,fact_lock_8bf646ca7d6f42f5e6adf305,FORWARD_ATTENTION_CELL,"{""cell_id"":null,""daily_state_id"":null,""end_chainage"":1014555.0,""point_chainage"":null,""scope_basis"":""hsp_forecast_table_row"",""scope_kind"":""LOCATED_INTERVAL"",""start_chainage"":1014527.0,""state_role"":null,""valid_date"":null}",doc_cae21ab80a31f71dbe3e20e9_e0004,stage7_main_task_012,False
typed_claim_0c553d32dd4d076a298fe813,FORECAST_GEOLOGICAL_CONDITION,"{""attribute_dimension"":null,""attribute_name"":""rock_mass_state"",""normalized_value"":""岩体破碎"",""source_evidence_id"":""doc_99cb24b0b45c767bece0fac1_e0008""}",FORECAST,,18,geological_forecast,fact_lock_aa6070281cc8de1b2d3ae418,FORWARD_ATTENTION_CELL,"{""cell_id"":null,""daily_state_id"":null,""end_chainage"":1014531.0,""point_chainage"":null,""scope_basis"":""hsp_forecast_table_row"",""scope_kind"":""LOCATED_INTERVAL"",""start_chainage"":1014522.0,""state_role"":null,""valid_date"":null}",doc_99cb24b0b45c767bece0fac1_e0008,stage7_main_task_012,False
typed_claim_843ab37a22cc7a51696dd2ae,FORECAST_GEOLOGICAL_CONDITION,"{""attribute_dimension"":null,""attribute_name"":""joint_development"",""normalized_value"":""节理裂隙发育密集"",""source_evidence_id"":""doc_99cb24b0b45c767bece0fac1_e0007""}",FORECAST,,19,geological_forecast,fact_lock_a1833d05c5f82c2427fe0af4,FORWARD_ATTENTION_CELL,"{""cell_id"":null,""daily_state_id"":null,""end_chainage"":1014522.0,""point_chainage"":null,""scope_basis"":""hsp_forecast_table_row"",""scope_kind"":""LOCATED_INTERVAL"",""start_chainage"":1014516.0,""state_role"":null,""valid_date"":null}",doc_99cb24b0b45c767bece0fac1_e0007,stage7_main_task_012,False
typed_claim_2843197f05efce8389926ae1,FORECAST_GEOLOGICAL_CONDITION,"{""attribute_dimension"":null,""attribute_name"":""suggested_grade"",""normalized_value"":""Ⅳ级"",""source_evidence_id"":""doc_99cb24b0b45c767bece0fac1_e0007""}",FORECAST,,20,geological_forecast,fact_lock_49e8cf5b892abdc73690e80a,FORWARD_ATTENTION_CELL,"{""cell_id"":null,""daily_state_id"":null,""end_chainage"":1014522.0,""point_chainage"":null,""scope_basis"":""hsp_forecast_table_row"",""scope_kind"":""LOCATED_INTERVAL"",""start_chainage"":1014516.0,""state_role"":null,""valid_date"":null}",doc_99cb24b0b45c767bece0fac1_e0007,stage7_main_task_012,False
typed_claim_bd583a6061378994f0fc0e37,FORECAST_GEOLOGICAL_CONDITION,"{""attribute_dimension"":null,""attribute_name"":""lithology"",""normalized_value"":""板岩夹变质砂岩"",""source_evidence_id"":""doc_99cb24b0b45c767bece0fac1_e0007""}",FORECAST,,21,geological_forecast,fact_lock_17bedce6efaa3cd01a8ffa2f,FORWARD_ATTENTION_CELL,"{""cell_id"":null,""daily_state_id"":null,""end_chainage"":1014522.0,""point_chainage"":null,""scope_basis"":""hsp_forecast_table_row"",""scope_kind"":""LOCATED_INTERVAL"",""start_chainage"":1014516.0,""state_role"":null,""valid_date"":null}",doc_99cb24b0b45c767bece0fac1_e0007,stage7_main_task_012,False
typed_claim_ae3796edc6af2d6555a7c056,FORECAST_GEOLOGICAL_CONDITION,"{""attribute_dimension"":null,""attribute_name"":""weathering"",""normalized_value"":""弱风化"",""source_evidence_id"":""doc_99cb24b0b45c767bece0fac1_e0008""}",FORECAST,,22,geological_forecast,fact_lock_a64e26be2944de1242354538,FORWARD_ATTENTION_CELL,"{""cell_id"":null,""daily_state_id"":null,""end_chainage"":1014531.0,""point_chainage"":null,""scope_basis"":""hsp_forecast_table_row"",""scope_kind"":""LOCATED_INTERVAL"",""start_chainage"":1014522.0,""state_role"":null,""valid_date"":null}",doc_99cb24b0b45c767bece0fac1_e0008,stage7_main_task_012,False
typed_claim_d0edef1a5056fdf89d954eed,FORECAST_GEOLOGICAL_CONDITION,"{""attribute_dimension"":null,""attribute_name"":""risk_hint"",""normalized_value"":""里程+512、 +522 附近有 掉块风险"",""source_evidence_id"":""doc_cae21ab80a31f71dbe3e20e9_e0003""}",FORECAST,,23,geological_forecast,fact_lock_d0db1592786a933395099df3,FORWARD_ATTENTION_CELL,"{""cell_id"":null,""daily_state_id"":null,""end_chainage"":1014527.0,""point_chainage"":null,""scope_basis"":""hsp_forecast_table_row"",""scope_kind"":""LOCATED_INTERVAL"",""start_chainage"":1014512.0,""state_role"":null,""valid_date"":null}",doc_cae21ab80a31f71dbe3e20e9_e0003,stage7_main_task_012,False
typed_claim_4cbaacdf6cf026173d45b744,FORECAST_GEOLOGICAL_CONDITION,"{""attribute_dimension"":null,""attribute_name"":""rock_mass_state"",""normalized_value"":""岩体破碎"",""source_evidence_id"":""doc_cae21ab80a31f71dbe3e20e9_e0003""}",FORECAST,,24,geological_forecast,fact_lock_04720c60de48defcd9337675,FORWARD_ATTENTION_CELL,"{""cell_id"":null,""daily_state_id"":null,""end_chainage"":1014527.0,""point_chainage"":null,""scope_basis"":""hsp_forecast_table_row"",""scope_kind"":""LOCATED_INTERVAL"",""start_chainage"":1014512.0,""state_role"":null,""valid_date"":null}",doc_cae21ab80a31f71dbe3e20e9_e0003,stage7_main_task_012,False
typed_claim_2607ebce7dc5b283c1a26471,FORECAST_GEOLOGICAL_CONDITION,"{""attribute_dimension"":null,""attribute_name"":""anomaly_level"",""normalized_value"":""MODERATE"",""source_evidence_id"":""doc_99cb24b0b45c767bece0fac1_e0007""}",FORECAST,,25,geological_forecast,fact_lock_893384b78eb7738e950ef78e,FORWARD_ATTENTION_CELL,"{""cell_id"":null,""daily_state_id"":null,""end_chainage"":1014522.0,""point_chainage"":null,""scope_basis"":""hsp_forecast_table_row"",""scope_kind"":""LOCATED_INTERVAL"",""start_chainage"":1014516.0,""state_role"":null,""valid_date"":null}",doc_99cb24b0b45c767bece0fac1_e0007,stage7_main_task_012,False
typed_claim_13d27b86266271f063ef0e40,FORECAST_GEOLOGICAL_CONDITION,"{""attribute_dimension"":null,""attribute_name"":""joint_development"",""normalized_value"":""节理裂隙发育"",""source_evidence_id"":""doc_99cb24b0b45c767bece0fac1_e0008""}",FORECAST,,26,geological_forecast,fact_lock_060667df95992b83ebe886e7,FORWARD_ATTENTION_CELL,"{""cell_id"":null,""daily_state_id"":null,""end_chainage"":1014531.0,""point_chainage"":null,""scope_basis"":""hsp_forecast_table_row"",""scope_kind"":""LOCATED_INTERVAL"",""start_chainage"":1014522.0,""state_role"":null,""valid_date"":null}",doc_99cb24b0b45c767bece0fac1_e0008,stage7_main_task_012,False
typed_claim_df0dc2045981adcb7f24a6fe,FORWARD_GEOLOGICAL_ATTENTION,"{""is_causal_estimate"":false,""is_hazard_probability"":false,""is_probability"":false,""metric_name"":""GRS"",""metric_semantics"":""FORWARD_GEOLOGICAL_EVIDENCE_ATTENTION_INDEX"",""metric_status"":""AVAILABLE"",""metric_value"":0.7708333333333333,""source_metric_id"":""state_grs_c15c8c16d4fb0546a2d4d0ca""}",,NONPROBABILISTIC_ATTENTION,27,forward_attention,fact_lock_b1a5bdee778270a3f213a727,FORWARD_ATTENTION_CELL,"{""cell_id"":""cell_b0aefb4d3bc9706a5f861ff1"",""daily_state_id"":null,""end_chainage"":null,""point_chainage"":null,""scope_basis"":""stage5b_bitemporal_state_subject"",""scope_kind"":""CELL"",""start_chainage"":null,""state_role"":""FORWARD_ATTENTION_CELL"",""valid_date"":""2023-12-23""}",state_grs_c15c8c16d4fb0546a2d4d0ca,stage7_main_task_012,False
typed_claim_673e08a7c2ededf34d1a60ef,FORECAST_GEOLOGICAL_CONDITION,"{""attribute_dimension"":null,""attribute_name"":""weathering"",""normalized_value"":""弱风化"",""source_evidence_id"":""doc_56a4057acb6bbfd5196d07a6_e0003""}",FORECAST,,0,geological_forecast,fact_lock_5bd9fc80e44b363240d62d12,FORWARD_ATTENTION_CELL,"{""cell_id"":null,""daily_state_id"":null,""end_chainage"":1013238.0,""point_chainage"":null,""scope_basis"":""hsp_forecast_table_row"",""scope_kind"":""LOCATED_INTERVAL"",""start_chainage"":1013224.0,""state_role"":null,""valid_date"":null}",doc_56a4057acb6bbfd5196d07a6_e0003,stage7_main_task_013,False
typed_claim_c355509740ccc262578d887e,FORECAST_GEOLOGICAL_CONDITION,"{""attribute_dimension"":null,""attribute_name"":""suggested_grade"",""normalized_value"":""Ⅴ级"",""source_evidence_id"":""doc_56a4057acb6bbfd5196d07a6_e0003""}",FORECAST,,1,geological_forecast,fact_lock_5d6f28d6891dd1bfc2d2c76c,FORWARD_ATTENTION_CELL,"{""cell_id"":null,""daily_state_id"":null,""end_chainage"":1013238.0,""point_chainage"":null,""scope_basis"":""hsp_forecast_table_row"",""scope_kind"":""LOCATED_INTERVAL"",""start_chainage"":1013224.0,""state_role"":null,""valid_date"":null}",doc_56a4057acb6bbfd5196d07a6_e0003,stage7_main_task_013,False
typed_claim_39f6c20d8fdf7d6397e58b1f,FORECAST_GEOLOGICAL_CONDITION,"{""attribute_dimension"":null,""attribute_name"":""anomaly_level"",""normalized_value"":""MODERATE"",""source_evidence_id"":""doc_56a4057acb6bbfd5196d07a6_e0003""}",FORECAST,,2,geological_forecast,fact_lock_c342f2de278bce5df5cf77a8,FORWARD_ATTENTION_CELL,"{""cell_id"":null,""daily_state_id"":null,""end_chainage"":1013238.0,""point_chainage"":null,""scope_basis"":""hsp_forecast_table_row"",""scope_kind"":""LOCATED_INTERVAL"",""start_chainage"":1013224.0,""state_role"":null,""valid_date"":null}",doc_56a4057acb6bbfd5196d07a6_e0003,stage7_main_task_013,False
typed_claim_a0a6f13c18b869df5346ef8f,FORECAST_GEOLOGICAL_CONDITION,"{""attribute_dimension"":null,""attribute_name"":""lithology"",""normalized_value"":""板岩夹变质砂岩"",""source_evidence_id"":""doc_56a4057acb6bbfd5196d07a6_e0003""}",FORECAST,,3,geological_forecast,fact_lock_4ef0656b91fbbc52e1263170,FORWARD_ATTENTION_CELL,"{""cell_id"":null,""daily_state_id"":null,""end_chainage"":1013238.0,""point_chainage"":null,""scope_basis"":""hsp_forecast_table_row"",""scope_kind"":""LOCATED_INTERVAL"",""start_chainage"":1013224.0,""state_role"":null,""valid_date"":null}",doc_56a4057acb6bbfd5196d07a6_e0003,stage7_main_task_013,False
typed_claim_dc054347e06bf384d139282c,FORECAST_GEOLOGICAL_CONDITION,"{""attribute_dimension"":null,""attribute_name"":""rock_mass_state"",""normalized_value"":""岩体破碎-极破碎"",""source_evidence_id"":""doc_56a4057acb6bbfd5196d07a6_e0003""}",FORECAST,,4,geological_forecast,fact_lock_3d83de01771d49d220bfcf20,FORWARD_ATTENTION_CELL,"{""cell_id"":null,""daily_state_id"":null,""end_chainage"":1013238.0,""point_chainage"":null,""scope_basis"":""hsp_forecast_table_row"",""scope_kind"":""LOCATED_INTERVAL"",""start_chainage"":1013224.0,""state_role"":null,""valid_date"":null}",doc_56a4057acb6bbfd5196d07a6_e0003,stage7_main_task_013,False
typed_claim_7862531669cf6457b9fc07e4,FORECAST_GEOLOGICAL_CONDITION,"{""attribute_dimension"":null,""attribute_name"":""geological_conclusion"",""normalized_value"":""该段围岩较前段变差。岩性为板 岩夹变质砂岩，弱风化，岩质软 硬不均，节理裂隙发育密集，岩 体破碎-极破碎，围岩整体稳定性 差"",""source_evidence_id"":""doc_56a4057acb6bbfd5196d07a6_e0003""}",FORECAST,,5,geological_forecast,fact_lock_849cda5fa7f01fa874c24614,FORWARD_ATTENTION_CELL,"{""cell_id"":null,""daily_state_id"":null,""end_chainage"":1013238.0,""point_chainage"":null,""scope_basis"":""hsp_forecast_table_row"",""scope_kind"":""LOCATED_INTERVAL"",""start_chainage"":1013224.0,""state_role"":null,""valid_date"":null}",doc_56a4057acb6bbfd5196d07a6_e0003,stage7_main_task_013,False
typed_claim_9ed5ade8271626e1033f34ec,FORECAST_GEOLOGICAL_CONDITION,"{""attribute_dimension"":null,""attribute_name"":""joint_development"",""normalized_value"":""节理裂隙发育密集"",""source_evidence_id"":""doc_56a4057acb6bbfd5196d07a6_e0003""}",FORECAST,,6,geological_forecast,fact_lock_fe55860b31861ee573e48bbc,FORWARD_ATTENTION_CELL,"{""cell_id"":null,""daily_state_id"":null,""end_chainage"":1013238.0,""point_chainage"":null,""scope_basis"":""hsp_forecast_table_row"",""scope_kind"":""LOCATED_INTERVAL"",""start_chainage"":1013224.0,""state_role"":null,""valid_date"":null}",doc_56a4057acb6bbfd5196d07a6_e0003,stage7_main_task_013,False
typed_claim_4114ad07cc56f6f3095939e0,FORECAST_GEOLOGICAL_CONDITION,"{""attribute_dimension"":null,""attribute_name"":""risk_hint"",""normalized_value"":""里程+224、 +232 附近有 掉块风险"",""source_evidence_id"":""doc_56a4057acb6bbfd5196d07a6_e0003""}",FORECAST,,7,geological_forecast,fact_lock_ee6bc26c3732ef7420f647b0,FORWARD_ATTENTION_CELL,"{""cell_id"":null,""daily_state_id"":null,""end_chainage"":1013238.0,""point_chainage"":null,""scope_basis"":""hsp_forecast_table_row"",""scope_kind"":""LOCATED_INTERVAL"",""start_chainage"":1013224.0,""state_role"":null,""valid_date"":null}",doc_56a4057acb6bbfd5196d07a6_e0003,stage7_main_task_013,False
typed_claim_7c4f72eb35e945ffca3e3b1b,FORWARD_GEOLOGICAL_ATTENTION,"{""is_causal_estimate"":false,""is_hazard_probability"":false,""is_probability"":false,""metric_name"":""GRS"",""metric_semantics"":""FORWARD_GEOLOGICAL_EVIDENCE_ATTENTION_INDEX"",""metric_status"":""AVAILABLE"",""metric_value"":0.9166666666666666,""source_metric_id"":""state_grs_ae721254bace4ac01152705e""}",,NONPROBABILISTIC_ATTENTION,8,forward_attention,fact_lock_cc4f994565b8c0236ea8eccc,FORWARD_ATTENTION_CELL,"{""cell_id"":""cell_05f32b18f2a5c3e7cdc8a3bf"",""daily_state_id"":null,""end_chainage"":null,""point_chainage"":null,""scope_basis"":""stage5b_bitemporal_state_subject"",""scope_kind"":""CELL"",""start_chainage"":null,""state_role"":""FORWARD_ATTENTION_CELL"",""valid_date"":""2023-09-17""}",state_grs_ae721254bace4ac01152705e,stage7_main_task_013,False
typed_claim_e005cfcd6d2579c0b7cdb3a1,OPERATIONAL_RESPONSE_ATTENTION,"{""is_causal_estimate"":false,""is_hazard_probability"":false,""is_probability"":false,""metric_name"":""RAI"",""metric_semantics"":""OPERATIONAL_RESPONSE_ATTENTION_INDEX"",""metric_status"":""AVAILABLE"",""metric_value"":1.0,""source_metric_id"":""state_rai_c6e79d70f1ceb4c22414f7ba""}",,NONPROBABILISTIC_ATTENTION,0,operational_attention,fact_lock_997d687ef0181dd3075b0676,DAILY_REVIEW_CELL,"{""cell_id"":""cell_0e03d8262312cadde60398fe"",""daily_state_id"":null,""end_chainage"":null,""point_chainage"":null,""scope_basis"":""stage5b_bitemporal_state_subject"",""scope_kind"":""CELL"",""start_chainage"":null,""state_role"":""DAILY_REVIEW_CELL"",""valid_date"":""2023-10-28""}",state_rai_c6e79d70f1ceb4c22414f7ba,stage7_main_task_014,False
typed_claim_5df6ecc7b2d5216510e83801,OPERATIONAL_RESPONSE_ATTENTION,"{""is_causal_estimate"":false,""is_hazard_probability"":false,""is_probability"":false,""metric_name"":""RAI"",""metric_semantics"":""OPERATIONAL_RESPONSE_ATTENTION_INDEX"",""metric_status"":""AVAILABLE"",""metric_value"":0.9908413365164321,""source_metric_id"":""state_rai_7be440737110e3b82ba95d91""}",,NONPROBABILISTIC_ATTENTION,1,operational_attention,fact_lock_214703e4363ee8fb3384f85c,DAILY_REVIEW_CELL,"{""cell_id"":""cell_b1b5dac189844b4209fccbad"",""daily_state_id"":null,""end_chainage"":null,""point_chainage"":null,""scope_basis"":""stage5b_bitemporal_state_subject"",""scope_kind"":""CELL"",""start_chainage"":null,""state_role"":""DAILY_REVIEW_CELL"",""valid_date"":""2023-10-28""}",state_rai_7be440737110e3b82ba95d91,stage7_main_task_014,False
typed_claim_3374e23043652378f51c0f86,OPERATIONAL_RESPONSE_ATTENTION,"{""is_causal_estimate"":false,""is_hazard_probability"":false,""is_probability"":false,""metric_name"":""RAI"",""metric_semantics"":""OPERATIONAL_RESPONSE_ATTENTION_INDEX"",""metric_status"":""AVAILABLE"",""metric_value"":1.0,""source_metric_id"":""state_rai_a1d5942a70a8989008747704""}",,NONPROBABILISTIC_ATTENTION,2,operational_attention,fact_lock_a718cd081adaba02f119fd7b,DAILY_REVIEW_CELL,"{""cell_id"":""cell_d8fa56c73ebc8ef37293fd07"",""daily_state_id"":null,""end_chainage"":null,""point_chainage"":null,""scope_basis"":""stage5b_bitemporal_state_subject"",""scope_kind"":""CELL"",""start_chainage"":null,""state_role"":""DAILY_REVIEW_CELL"",""valid_date"":""2023-10-28""}",state_rai_a1d5942a70a8989008747704,stage7_main_task_014,False
typed_claim_46cc114e7d9536f851f530b9,GEOLOGICAL_EVIDENCE_ATTENTION_REVIEW,"{""is_causal_estimate"":false,""is_hazard_probability"":false,""is_probability"":false,""metric_name"":""GRS"",""metric_semantics"":""GEOLOGICAL_EVIDENCE_ATTENTION_INDEX"",""metric_status"":""AVAILABLE"",""metric_value"":0.8888888888888888,""source_metric_id"":""state_grs_c6e79d70f1ceb4c22414f7ba""}",,NONPROBABILISTIC_ATTENTION,3,geological_attention,fact_lock_3052decec1d469718b2ab72a,DAILY_REVIEW_CELL,"{""cell_id"":""cell_0e03d8262312cadde60398fe"",""daily_state_id"":null,""end_chainage"":null,""point_chainage"":null,""scope_basis"":""stage5b_bitemporal_state_subject"",""scope_kind"":""CELL"",""start_chainage"":null,""state_role"":""DAILY_REVIEW_CELL"",""valid_date"":""2023-10-28""}",state_grs_c6e79d70f1ceb4c22414f7ba,stage7_main_task_014,False
typed_claim_4c84c7fcabfd7b60aafb888d,GEOLOGICAL_EVIDENCE_ATTENTION_REVIEW,"{""is_causal_estimate"":false,""is_hazard_probability"":false,""is_probability"":false,""metric_name"":""GRS"",""metric_semantics"":""GEOLOGICAL_EVIDENCE_ATTENTION_INDEX"",""metric_status"":""AVAILABLE"",""metric_value"":0.8333333333333333,""source_metric_id"":""state_grs_7be440737110e3b82ba95d91""}",,NONPROBABILISTIC_ATTENTION,4,geological_attention,fact_lock_f5287e67b28fd7273366b762,DAILY_REVIEW_CELL,"{""cell_id"":""cell_b1b5dac189844b4209fccbad"",""daily_state_id"":null,""end_chainage"":null,""point_chainage"":null,""scope_basis"":""stage5b_bitemporal_state_subject"",""scope_kind"":""CELL"",""start_chainage"":null,""state_role"":""DAILY_REVIEW_CELL"",""valid_date"":""2023-10-28""}",state_grs_7be440737110e3b82ba95d91,stage7_main_task_014,False
typed_claim_29d9257d6eac2f1a34d59d1e,GEOLOGICAL_EVIDENCE_ATTENTION_REVIEW,"{""is_causal_estimate"":false,""is_hazard_probability"":false,""is_probability"":false,""metric_name"":""GRS"",""metric_semantics"":""GEOLOGICAL_EVIDENCE_ATTENTION_INDEX"",""metric_status"":""AVAILABLE"",""metric_value"":0.5416666666666666,""source_metric_id"":""state_grs_a1d5942a70a8989008747704""}",,NONPROBABILISTIC_ATTENTION,5,geological_attention,fact_lock_99ceccb3d42229ae24cc718e,DAILY_REVIEW_CELL,"{""cell_id"":""cell_d8fa56c73ebc8ef37293fd07"",""daily_state_id"":null,""end_chainage"":null,""point_chainage"":null,""scope_basis"":""stage5b_bitemporal_state_subject"",""scope_kind"":""CELL"",""start_chainage"":null,""state_role"":""DAILY_REVIEW_CELL"",""valid_date"":""2023-10-28""}",state_grs_a1d5942a70a8989008747704,stage7_main_task_014,False
typed_claim_c598b817301aab1b1c574c83,COUPLED_ATTENTION_REVIEW,"{""is_causal_estimate"":false,""is_hazard_probability"":false,""is_probability"":false,""metric_name"":""GRCI"",""metric_semantics"":""NONPROBABILISTIC_CONJUNCTIVE_PRODUCT"",""metric_status"":""AVAILABLE"",""metric_value"":0.8888888888888888,""source_metric_id"":""state_grci_c6e79d70f1ceb4c22414f7ba""}",,NONPROBABILISTIC_ATTENTION,6,coupled_attention,fact_lock_5ffec5232643f229567a10c8,DAILY_REVIEW_CELL,"{""cell_id"":""cell_0e03d8262312cadde60398fe"",""daily_state_id"":null,""end_chainage"":null,""point_chainage"":null,""scope_basis"":""stage5b_bitemporal_state_subject"",""scope_kind"":""CELL"",""start_chainage"":null,""state_role"":""DAILY_REVIEW_CELL"",""valid_date"":""2023-10-28""}",state_grci_c6e79d70f1ceb4c22414f7ba,stage7_main_task_014,False
typed_claim_94340e70f3b871e97c971517,COUPLED_ATTENTION_REVIEW,"{""is_causal_estimate"":false,""is_hazard_probability"":false,""is_probability"":false,""metric_name"":""GRCI"",""metric_semantics"":""NONPROBABILISTIC_CONJUNCTIVE_PRODUCT"",""metric_status"":""AVAILABLE"",""metric_value"":0.8257011137636934,""source_metric_id"":""state_grci_7be440737110e3b82ba95d91""}",,NONPROBABILISTIC_ATTENTION,7,coupled_attention,fact_lock_bc72aec2df0b446fb5406e55,DAILY_REVIEW_CELL,"{""cell_id"":""cell_b1b5dac189844b4209fccbad"",""daily_state_id"":null,""end_chainage"":null,""point_chainage"":null,""scope_basis"":""stage5b_bitemporal_state_subject"",""scope_kind"":""CELL"",""start_chainage"":null,""state_role"":""DAILY_REVIEW_CELL"",""valid_date"":""2023-10-28""}",state_grci_7be440737110e3b82ba95d91,stage7_main_task_014,False
typed_claim_b57e4f66022375ac1bfe2704,COUPLED_ATTENTION_REVIEW,"{""is_causal_estimate"":false,""is_hazard_probability"":false,""is_probability"":false,""metric_name"":""GRCI"",""metric_semantics"":""NONPROBABILISTIC_CONJUNCTIVE_PRODUCT"",""metric_status"":""AVAILABLE"",""metric_value"":0.5416666666666666,""source_metric_id"":""state_grci_a1d5942a70a8989008747704""}",,NONPROBABILISTIC_ATTENTION,8,coupled_attention,fact_lock_76e2543610118f1bdd2a7a94,DAILY_REVIEW_CELL,"{""cell_id"":""cell_d8fa56c73ebc8ef37293fd07"",""daily_state_id"":null,""end_chainage"":null,""point_chainage"":null,""scope_basis"":""stage5b_bitemporal_state_subject"",""scope_kind"":""CELL"",""start_chainage"":null,""state_role"":""DAILY_REVIEW_CELL"",""valid_date"":""2023-10-28""}",state_grci_a1d5942a70a8989008747704,stage7_main_task_014,False
typed_claim_852a5a6eee6fccfc792ba5c0,FORWARD_GEOLOGICAL_ATTENTION,"{""is_causal_estimate"":false,""is_hazard_probability"":false,""is_probability"":false,""metric_name"":""GRS"",""metric_semantics"":""FORWARD_GEOLOGICAL_EVIDENCE_ATTENTION_INDEX"",""metric_status"":""AVAILABLE"",""metric_value"":0.8333333333333333,""source_metric_id"":""state_grs_dfcdac1f78526089e217a1e8""}",,NONPROBABILISTIC_ATTENTION,9,forward_attention,fact_lock_ce124b52b0df1eab40049a1f,FORWARD_ATTENTION_CELL,"{""cell_id"":""cell_99da166b69111be7d832d179"",""daily_state_id"":null,""end_chainage"":null,""point_chainage"":null,""scope_basis"":""stage5b_bitemporal_state_subject"",""scope_kind"":""CELL"",""start_chainage"":null,""state_role"":""FORWARD_ATTENTION_CELL"",""valid_date"":""2023-10-28""}",state_grs_dfcdac1f78526089e217a1e8,stage7_main_task_014,False
typed_claim_0b93857bbd32fe84f9ca35f3,FORWARD_GEOLOGICAL_ATTENTION,"{""is_causal_estimate"":false,""is_hazard_probability"":false,""is_probability"":false,""metric_name"":""GRS"",""metric_semantics"":""FORWARD_GEOLOGICAL_EVIDENCE_ATTENTION_INDEX"",""metric_status"":""AVAILABLE"",""metric_value"":0.8333333333333333,""source_metric_id"":""state_grs_0ce95a03ab7933cc5083a81b""}",,NONPROBABILISTIC_ATTENTION,10,forward_attention,fact_lock_bcc6166b54fcfe1acd38c8c3,FORWARD_ATTENTION_CELL,"{""cell_id"":""cell_2a26eb473c9d5c29f1fb18e5"",""daily_state_id"":null,""end_chainage"":null,""point_chainage"":null,""scope_basis"":""stage5b_bitemporal_state_subject"",""scope_kind"":""CELL"",""start_chainage"":null,""state_role"":""FORWARD_ATTENTION_CELL"",""valid_date"":""2023-10-28""}",state_grs_0ce95a03ab7933cc5083a81b,stage7_main_task_014,False
typed_claim_cebd9d467c8969fbd4363f02,FORWARD_GEOLOGICAL_ATTENTION,"{""is_causal_estimate"":false,""is_hazard_probability"":false,""is_probability"":false,""metric_name"":""GRS"",""metric_semantics"":""FORWARD_GEOLOGICAL_EVIDENCE_ATTENTION_INDEX"",""metric_status"":""AVAILABLE"",""metric_value"":0.8333333333333333,""source_metric_id"":""state_grs_4d0f3e8ad8e9ccb9ee04afdc""}",,NONPROBABILISTIC_ATTENTION,11,forward_attention,fact_lock_3f4710ddf6b4a08e37cc97b5,FORWARD_ATTENTION_CELL,"{""cell_id"":""cell_9fe846ed7daeaf28b6a6e918"",""daily_state_id"":null,""end_chainage"":null,""point_chainage"":null,""scope_basis"":""stage5b_bitemporal_state_subject"",""scope_kind"":""CELL"",""start_chainage"":null,""state_role"":""FORWARD_ATTENTION_CELL"",""valid_date"":""2023-10-28""}",state_grs_4d0f3e8ad8e9ccb9ee04afdc,stage7_main_task_014,False
typed_claim_5c905035ffe57714eafdbd93,OPERATIONAL_RESPONSE_ATTENTION,"{""is_causal_estimate"":false,""is_hazard_probability"":false,""is_probability"":false,""metric_name"":""RAI"",""metric_semantics"":""OPERATIONAL_RESPONSE_ATTENTION_INDEX"",""metric_status"":""AVAILABLE"",""metric_value"":0.5172039924283759,""source_metric_id"":""state_rai_3b9646c1b8782b7fc8bb9194""}",,NONPROBABILISTIC_ATTENTION,0,operational_attention,fact_lock_d4a6a6e6b1933591109fb52b,DAILY_REVIEW_CELL,"{""cell_id"":""cell_d633c30ff9721d955f08a540"",""daily_state_id"":null,""end_chainage"":null,""point_chainage"":null,""scope_basis"":""stage5b_bitemporal_state_subject"",""scope_kind"":""CELL"",""start_chainage"":null,""state_role"":""DAILY_REVIEW_CELL"",""valid_date"":""2023-12-28""}",state_rai_3b9646c1b8782b7fc8bb9194,stage7_main_task_015,False
typed_claim_c3565ad7d2496a981f9373bb,GEOLOGICAL_EVIDENCE_ATTENTION_REVIEW,"{""is_causal_estimate"":false,""is_hazard_probability"":false,""is_probability"":false,""metric_name"":""GRS"",""metric_semantics"":""GEOLOGICAL_EVIDENCE_ATTENTION_INDEX"",""metric_status"":""AVAILABLE"",""metric_value"":0.6777777777777777,""source_metric_id"":""state_grs_3b9646c1b8782b7fc8bb9194""}",,NONPROBABILISTIC_ATTENTION,1,geological_attention,fact_lock_41c0e960cbc975d0ef440be6,DAILY_REVIEW_CELL,"{""cell_id"":""cell_d633c30ff9721d955f08a540"",""daily_state_id"":null,""end_chainage"":null,""point_chainage"":null,""scope_basis"":""stage5b_bitemporal_state_subject"",""scope_kind"":""CELL"",""start_chainage"":null,""state_role"":""DAILY_REVIEW_CELL"",""valid_date"":""2023-12-28""}",state_grs_3b9646c1b8782b7fc8bb9194,stage7_main_task_015,False
typed_claim_1fd9ca0e6aad7cc7580e58d4,COUPLED_ATTENTION_REVIEW,"{""is_causal_estimate"":false,""is_hazard_probability"":false,""is_probability"":false,""metric_name"":""GRCI"",""metric_semantics"":""NONPROBABILISTIC_CONJUNCTIVE_PRODUCT"",""metric_status"":""AVAILABLE"",""metric_value"":0.3505493726458992,""source_metric_id"":""state_grci_3b9646c1b8782b7fc8bb9194""}",,NONPROBABILISTIC_ATTENTION,2,coupled_attention,fact_lock_3ce574012639807b599e7ede,DAILY_REVIEW_CELL,"{""cell_id"":""cell_d633c30ff9721d955f08a540"",""daily_state_id"":null,""end_chainage"":null,""point_chainage"":null,""scope_basis"":""stage5b_bitemporal_state_subject"",""scope_kind"":""CELL"",""start_chainage"":null,""state_role"":""DAILY_REVIEW_CELL"",""valid_date"":""2023-12-28""}",state_grci_3b9646c1b8782b7fc8bb9194,stage7_main_task_015,False
typed_claim_1f2257271cd8e6fd8baca7c0,FORWARD_GEOLOGICAL_ATTENTION,"{""is_causal_estimate"":false,""is_hazard_probability"":false,""is_probability"":false,""metric_name"":""GRS"",""metric_semantics"":""FORWARD_GEOLOGICAL_EVIDENCE_ATTENTION_INDEX"",""metric_status"":""AVAILABLE"",""metric_value"":0.6444444444444445,""source_metric_id"":""state_grs_1ae2b0b8375b541d53fb5973""}",,NONPROBABILISTIC_ATTENTION,3,forward_attention,fact_lock_a15177a0e84303ffe4a6c5c2,FORWARD_ATTENTION_CELL,"{""cell_id"":""cell_cdc5039d5b825fe6a11681a2"",""daily_state_id"":null,""end_chainage"":null,""point_chainage"":null,""scope_basis"":""stage5b_bitemporal_state_subject"",""scope_kind"":""CELL"",""start_chainage"":null,""state_role"":""FORWARD_ATTENTION_CELL"",""valid_date"":""2023-12-28""}",state_grs_1ae2b0b8375b541d53fb5973,stage7_main_task_015,False
typed_claim_05f53eb4d90353d175a8ee7c,FORWARD_GEOLOGICAL_ATTENTION,"{""is_causal_estimate"":false,""is_hazard_probability"":false,""is_probability"":false,""metric_name"":""GRS"",""metric_semantics"":""FORWARD_GEOLOGICAL_EVIDENCE_ATTENTION_INDEX"",""metric_status"":""AVAILABLE"",""metric_value"":0.54,""source_metric_id"":""state_grs_d4679f970ee786d97402e650""}",,NONPROBABILISTIC_ATTENTION,4,forward_attention,fact_lock_2d103c26f748cb13cabf8c55,FORWARD_ATTENTION_CELL,"{""cell_id"":""cell_679e9857384de37e21b7e8c3"",""daily_state_id"":null,""end_chainage"":null,""point_chainage"":null,""scope_basis"":""stage5b_bitemporal_state_subject"",""scope_kind"":""CELL"",""start_chainage"":null,""state_role"":""FORWARD_ATTENTION_CELL"",""valid_date"":""2023-12-28""}",state_grs_d4679f970ee786d97402e650,stage7_main_task_015,False
typed_claim_81f849b984855802e451ef13,FORECAST_GEOLOGICAL_CONDITION,"{""attribute_dimension"":null,""attribute_name"":""suggested_grade"",""normalized_value"":""Ⅴ级"",""source_evidence_id"":""doc_56a4057acb6bbfd5196d07a6_e0004""}",FORECAST,,0,geological_forecast,fact_lock_0ce8596b73d45edfaec4f502,DAILY_REVIEW_CELL,"{""cell_id"":null,""daily_state_id"":null,""end_chainage"":1013265.0,""point_chainage"":null,""scope_basis"":""hsp_forecast_table_row"",""scope_kind"":""LOCATED_INTERVAL"",""start_chainage"":1013238.0,""state_role"":null,""valid_date"":null}",doc_56a4057acb6bbfd5196d07a6_e0004,stage7_main_task_016,False
typed_claim_48420fb024fd7dc2c52928fc,FORECAST_GEOLOGICAL_CONDITION,"{""attribute_dimension"":null,""attribute_name"":""geological_conclusion"",""normalized_value"":""该段围岩较前段稍有变好。岩性 为板岩夹变质砂岩，弱风化，岩 质软硬不均，节理裂隙发育，岩 体破碎，围岩整体稳定性差"",""source_evidence_id"":""doc_56a4057acb6bbfd5196d07a6_e0004""}",FORECAST,,1,geological_forecast,fact_lock_d95d84acb1d8f5483c05fd3f,DAILY_REVIEW_CELL,"{""cell_id"":null,""daily_state_id"":null,""end_chainage"":1013265.0,""point_chainage"":null,""scope_basis"":""hsp_forecast_table_row"",""scope_kind"":""LOCATED_INTERVAL"",""start_chainage"":1013238.0,""state_role"":null,""valid_date"":null}",doc_56a4057acb6bbfd5196d07a6_e0004,stage7_main_task_016,False
typed_claim_1a6837cf21f5bec4e41f827a,FORECAST_GEOLOGICAL_CONDITION,"{""attribute_dimension"":null,""attribute_name"":""lithology"",""normalized_value"":""板岩夹变质砂岩"",""source_evidence_id"":""doc_56a4057acb6bbfd5196d07a6_e0004""}",FORECAST,,2,geological_forecast,fact_lock_c2f27971a39d4370d1e558c4,DAILY_REVIEW_CELL,"{""cell_id"":null,""daily_state_id"":null,""end_chainage"":1013265.0,""point_chainage"":null,""scope_basis"":""hsp_forecast_table_row"",""scope_kind"":""LOCATED_INTERVAL"",""start_chainage"":1013238.0,""state_role"":null,""valid_date"":null}",doc_56a4057acb6bbfd5196d07a6_e0004,stage7_main_task_016,False
typed_claim_5eb923f9e245f62118d0eb91,FORECAST_GEOLOGICAL_CONDITION,"{""attribute_dimension"":null,""attribute_name"":""weathering"",""normalized_value"":""弱风化"",""source_evidence_id"":""doc_56a4057acb6bbfd5196d07a6_e0004""}",FORECAST,,3,geological_forecast,fact_lock_bb4de1877eee7ffe1b0ee865,DAILY_REVIEW_CELL,"{""cell_id"":null,""daily_state_id"":null,""end_chainage"":1013265.0,""point_chainage"":null,""scope_basis"":""hsp_forecast_table_row"",""scope_kind"":""LOCATED_INTERVAL"",""start_chainage"":1013238.0,""state_role"":null,""valid_date"":null}",doc_56a4057acb6bbfd5196d07a6_e0004,stage7_main_task_016,False
typed_claim_1177fbd9a943cdcbaea82653,FORECAST_GEOLOGICAL_CONDITION,"{""attribute_dimension"":null,""attribute_name"":""rock_mass_state"",""normalized_value"":""岩体破碎"",""source_evidence_id"":""doc_56a4057acb6bbfd5196d07a6_e0004""}",FORECAST,,4,geological_forecast,fact_lock_b34cd73453c5e888723600e2,DAILY_REVIEW_CELL,"{""cell_id"":null,""daily_state_id"":null,""end_chainage"":1013265.0,""point_chainage"":null,""scope_basis"":""hsp_forecast_table_row"",""scope_kind"":""LOCATED_INTERVAL"",""start_chainage"":1013238.0,""state_role"":null,""valid_date"":null}",doc_56a4057acb6bbfd5196d07a6_e0004,stage7_main_task_016,False
typed_claim_cf97e9b7467e049de5d3688c,FORECAST_GEOLOGICAL_CONDITION,"{""attribute_dimension"":null,""attribute_name"":""joint_development"",""normalized_value"":""节理裂隙发育"",""source_evidence_id"":""doc_56a4057acb6bbfd5196d07a6_e0004""}",FORECAST,,5,geological_forecast,fact_lock_b2bbe3605ac598c984cde245,DAILY_REVIEW_CELL,"{""cell_id"":null,""daily_state_id"":null,""end_chainage"":1013265.0,""point_chainage"":null,""scope_basis"":""hsp_forecast_table_row"",""scope_kind"":""LOCATED_INTERVAL"",""start_chainage"":1013238.0,""state_role"":null,""valid_date"":null}",doc_56a4057acb6bbfd5196d07a6_e0004,stage7_main_task_016,False
typed_claim_f6cd38d3d441a0d546157131,FORECAST_GEOLOGICAL_CONDITION,"{""attribute_dimension"":null,""attribute_name"":""geological_conclusion"",""normalized_value"":""该段围岩较前段明显变差。岩性 为板岩夹变质砂岩，弱风化，岩 质软硬不均，节理裂隙发育密集， 岩体破碎-极破碎，围岩整体稳定 性差"",""source_evidence_id"":""doc_56a4057acb6bbfd5196d07a6_e0005""}",FORECAST,,6,geological_forecast,fact_lock_399d2fd595a812e52519f863,DAILY_REVIEW_CELL,"{""cell_id"":null,""daily_state_id"":null,""end_chainage"":1013290.2,""point_chainage"":null,""scope_basis"":""hsp_forecast_table_row"",""scope_kind"":""LOCATED_INTERVAL"",""start_chainage"":1013265.0,""state_role"":null,""valid_date"":null}",doc_56a4057acb6bbfd5196d07a6_e0005,stage7_main_task_016,False
typed_claim_f164627702faa4d7ad145c68,FORECAST_GEOLOGICAL_CONDITION,"{""attribute_dimension"":null,""attribute_name"":""weathering"",""normalized_value"":""弱风化"",""source_evidence_id"":""doc_56a4057acb6bbfd5196d07a6_e0005""}",FORECAST,,7,geological_forecast,fact_lock_a454d62f41406d80e3c536e7,DAILY_REVIEW_CELL,"{""cell_id"":null,""daily_state_id"":null,""end_chainage"":1013290.2,""point_chainage"":null,""scope_basis"":""hsp_forecast_table_row"",""scope_kind"":""LOCATED_INTERVAL"",""start_chainage"":1013265.0,""state_role"":null,""valid_date"":null}",doc_56a4057acb6bbfd5196d07a6_e0005,stage7_main_task_016,False
typed_claim_a0ab98e4fcab30a64e3c4b06,FORECAST_GEOLOGICAL_CONDITION,"{""attribute_dimension"":null,""attribute_name"":""anomaly_level"",""normalized_value"":""HIGH"",""source_evidence_id"":""doc_56a4057acb6bbfd5196d07a6_e0005""}",FORECAST,,8,geological_forecast,fact_lock_3361969543ab2ab8b5042a1b,DAILY_REVIEW_CELL,"{""cell_id"":null,""daily_state_id"":null,""end_chainage"":1013290.2,""point_chainage"":null,""scope_basis"":""hsp_forecast_table_row"",""scope_kind"":""LOCATED_INTERVAL"",""start_chainage"":1013265.0,""state_role"":null,""valid_date"":null}",doc_56a4057acb6bbfd5196d07a6_e0005,stage7_main_task_016,False
typed_claim_d6e1d0a35bd137cb7caf85d5,FORECAST_GEOLOGICAL_CONDITION,"{""attribute_dimension"":null,""attribute_name"":""lithology"",""normalized_value"":""板岩夹变质砂岩"",""source_evidence_id"":""doc_56a4057acb6bbfd5196d07a6_e0005""}",FORECAST,,9,geological_forecast,fact_lock_887b52bcb92aa2b673fe9c71,DAILY_REVIEW_CELL,"{""cell_id"":null,""daily_state_id"":null,""end_chainage"":1013290.2,""point_chainage"":null,""scope_basis"":""hsp_forecast_table_row"",""scope_kind"":""LOCATED_INTERVAL"",""start_chainage"":1013265.0,""state_role"":null,""valid_date"":null}",doc_56a4057acb6bbfd5196d07a6_e0005,stage7_main_task_016,False
typed_claim_33be7162f8a8df7517acb544,FORECAST_GEOLOGICAL_CONDITION,"{""attribute_dimension"":null,""attribute_name"":""suggested_grade"",""normalized_value"":""Ⅴ级"",""source_evidence_id"":""doc_56a4057acb6bbfd5196d07a6_e0005""}",FORECAST,,10,geological_forecast,fact_lock_920fcef2028e33ea73c8f612,DAILY_REVIEW_CELL,"{""cell_id"":null,""daily_state_id"":null,""end_chainage"":1013290.2,""point_chainage"":null,""scope_basis"":""hsp_forecast_table_row"",""scope_kind"":""LOCATED_INTERVAL"",""start_chainage"":1013265.0,""state_role"":null,""valid_date"":null}",doc_56a4057acb6bbfd5196d07a6_e0005,stage7_main_task_016,False
typed_claim_4744318c8f9a4a01377197b6,FORECAST_GEOLOGICAL_CONDITION,"{""attribute_dimension"":null,""attribute_name"":""rock_mass_state"",""normalized_value"":""岩体破碎-极破碎"",""source_evidence_id"":""doc_56a4057acb6bbfd5196d07a6_e0005""}",FORECAST,,11,geological_forecast,fact_lock_5351b276f375f04600fcf027,DAILY_REVIEW_CELL,"{""cell_id"":null,""daily_state_id"":null,""end_chainage"":1013290.2,""point_chainage"":null,""scope_basis"":""hsp_forecast_table_row"",""scope_kind"":""LOCATED_INTERVAL"",""start_chainage"":1013265.0,""state_role"":null,""valid_date"":null}",doc_56a4057acb6bbfd5196d07a6_e0005,stage7_main_task_016,False
typed_claim_26232e01640496d94f505be9,FORECAST_GEOLOGICAL_CONDITION,"{""attribute_dimension"":null,""attribute_name"":""joint_development"",""normalized_value"":""节理裂隙发育密集"",""source_evidence_id"":""doc_56a4057acb6bbfd5196d07a6_e0005""}",FORECAST,,12,geological_forecast,fact_lock_e2bf24f34f8b4c52796ceec2,DAILY_REVIEW_CELL,"{""cell_id"":null,""daily_state_id"":null,""end_chainage"":1013290.2,""point_chainage"":null,""scope_basis"":""hsp_forecast_table_row"",""scope_kind"":""LOCATED_INTERVAL"",""start_chainage"":1013265.0,""state_role"":null,""valid_date"":null}",doc_56a4057acb6bbfd5196d07a6_e0005,stage7_main_task_016,False
typed_claim_323dc21b06da5f338b5e9008,FORECAST_GEOLOGICAL_CONDITION,"{""attribute_dimension"":null,""attribute_name"":""risk_hint"",""normalized_value"":""里程+265、 +273、+282 附近有掉块 风险"",""source_evidence_id"":""doc_56a4057acb6bbfd5196d07a6_e0005""}",FORECAST,,13,geological_forecast,fact_lock_146640c50d76392786666d40,DAILY_REVIEW_CELL,"{""cell_id"":null,""daily_state_id"":null,""end_chainage"":1013290.2,""point_chainage"":null,""scope_basis"":""hsp_forecast_table_row"",""scope_kind"":""LOCATED_INTERVAL"",""start_chainage"":1013265.0,""state_role"":null,""valid_date"":null}",doc_56a4057acb6bbfd5196d07a6_e0005,stage7_main_task_016,False
typed_claim_c1b7f5342e373b536011c5e6,GEOLOGICAL_EVIDENCE_ATTENTION_REVIEW,"{""is_causal_estimate"":false,""is_hazard_probability"":false,""is_probability"":false,""metric_name"":""GRS"",""metric_semantics"":""GEOLOGICAL_EVIDENCE_ATTENTION_INDEX"",""metric_status"":""AVAILABLE"",""metric_value"":1.0,""source_metric_id"":""state_grs_738be7cc4b903fbf1ad2bb67""}",,NONPROBABILISTIC_ATTENTION,14,geological_attention,fact_lock_71cde7d5920c8ea1727c7c14,DAILY_REVIEW_CELL,"{""cell_id"":""cell_ffdbcf9fbc1ae90da8718779"",""daily_state_id"":null,""end_chainage"":null,""point_chainage"":null,""scope_basis"":""stage5b_bitemporal_state_subject"",""scope_kind"":""CELL"",""start_chainage"":null,""state_role"":""DAILY_REVIEW_CELL"",""valid_date"":""2023-09-22""}",state_grs_738be7cc4b903fbf1ad2bb67,stage7_main_task_016,False
typed_claim_0b723e18ff98b2df4c3c864a,OBSERVED_GEOLOGICAL_CONDITION,"{""attribute_dimension"":null,""attribute_name"":""form_water_status"",""normalized_value"":""25～125涌出或喷出"",""source_evidence_id"":""doc_26fd4f8081c6f240644707eb_e0001""}",OBSERVED,,0,geological_observed,fact_lock_7463038fafe80aaca871c46d,DAILY_REVIEW_CELL,"{""cell_id"":null,""daily_state_id"":null,""end_chainage"":null,""point_chainage"":1013575.0,""scope_basis"":""header_face_chainage"",""scope_kind"":""LOCATED_POINT"",""start_chainage"":null,""state_role"":null,""valid_date"":null}",doc_26fd4f8081c6f240644707eb_e0001,stage7_main_task_017,False
typed_claim_fe7cff25052607aeaa4e1526,OBSERVED_GEOLOGICAL_CONDITION,"{""attribute_dimension"":null,""attribute_name"":""joint_extension"",""normalized_value"":""中等"",""source_evidence_id"":""doc_26fd4f8081c6f240644707eb_e0001""}",OBSERVED,,1,geological_observed,fact_lock_31b3200701f736a1dd4f7c81,DAILY_REVIEW_CELL,"{""cell_id"":null,""daily_state_id"":null,""end_chainage"":null,""point_chainage"":1013575.0,""scope_basis"":""header_face_chainage"",""scope_kind"":""LOCATED_POINT"",""start_chainage"":null,""state_role"":null,""valid_date"":null}",doc_26fd4f8081c6f240644707eb_e0001,stage7_main_task_017,False
typed_claim_3924595c2f5f60ed31d70207,OBSERVED_GEOLOGICAL_CONDITION,"{""attribute_dimension"":null,""attribute_name"":""joint_spacing"",""normalized_value"":""0.2～0.6"",""source_evidence_id"":""doc_26fd4f8081c6f240644707eb_e0001""}",OBSERVED,,2,geological_observed,fact_lock_b932a91ee2dfec97423fa164,DAILY_REVIEW_CELL,"{""cell_id"":null,""daily_state_id"":null,""end_chainage"":null,""point_chainage"":1013575.0,""scope_basis"":""header_face_chainage"",""scope_kind"":""LOCATED_POINT"",""start_chainage"":null,""state_role"":null,""valid_date"":null}",doc_26fd4f8081c6f240644707eb_e0001,stage7_main_task_017,False
typed_claim_ca40400ccee90fa6843d26f5,OBSERVED_GEOLOGICAL_CONDITION,"{""attribute_dimension"":null,""attribute_name"":""suggested_surrounding_rock_grade"",""normalized_value"":""Ⅳ级"",""source_evidence_id"":""doc_26fd4f8081c6f240644707eb_e0001""}",OBSERVED,,3,geological_observed,fact_lock_1fa325c1618f549997c96ea0,DAILY_REVIEW_CELL,"{""cell_id"":null,""daily_state_id"":null,""end_chainage"":null,""point_chainage"":1013575.0,""scope_basis"":""header_face_chainage"",""scope_kind"":""LOCATED_POINT"",""start_chainage"":null,""state_role"":null,""valid_date"":null}",doc_26fd4f8081c6f240644707eb_e0001,stage7_main_task_017,False
typed_claim_e55edffb01f433ee35ce1ddd,OBSERVED_GEOLOGICAL_CONDITION,"{""attribute_dimension"":null,""attribute_name"":""design_surrounding_rock_grade"",""normalized_value"":""Ⅳ级"",""source_evidence_id"":""doc_26fd4f8081c6f240644707eb_e0001""}",OBSERVED,,4,geological_observed,fact_lock_bb1ef5b12d6ce6b7f1c5b38d,DAILY_REVIEW_CELL,"{""cell_id"":null,""daily_state_id"":null,""end_chainage"":null,""point_chainage"":1013575.0,""scope_basis"":""header_face_chainage"",""scope_kind"":""LOCATED_POINT"",""start_chainage"":null,""state_role"":null,""valid_date"":null}",doc_26fd4f8081c6f240644707eb_e0001,stage7_main_task_017,False
typed_claim_2332848ccf036c10243ec64a,OBSERVED_GEOLOGICAL_CONDITION,"{""attribute_dimension"":null,""attribute_name"":""face_state"",""normalized_value"":""正面掉块"",""source_evidence_id"":""doc_26fd4f8081c6f240644707eb_e0001""}",OBSERVED,,5,geological_observed,fact_lock_9f8a3b2b1601c1426f7f186c,DAILY_REVIEW_CELL,"{""cell_id"":null,""daily_state_id"":null,""end_chainage"":null,""point_chainage"":1013575.0,""scope_basis"":""header_face_chainage"",""scope_kind"":""LOCATED_POINT"",""start_chainage"":null,""state_role"":null,""valid_date"":null}",doc_26fd4f8081c6f240644707eb_e0001,stage7_main_task_017,False
typed_claim_838aea93002e76421c536236,OBSERVED_GEOLOGICAL_CONDITION,"{""attribute_dimension"":null,""attribute_name"":""stability"",""normalized_value"":""自稳性较差"",""source_evidence_id"":""doc_26fd4f8081c6f240644707eb_e0001""}",OBSERVED,,6,geological_observed,fact_lock_2a51f182d116ff2a7934ee88,DAILY_REVIEW_CELL,"{""cell_id"":null,""daily_state_id"":null,""end_chainage"":null,""point_chainage"":1013575.0,""scope_basis"":""header_face_chainage"",""scope_kind"":""LOCATED_POINT"",""start_chainage"":null,""state_role"":null,""valid_date"":null}",doc_26fd4f8081c6f240644707eb_e0001,stage7_main_task_017,False
typed_claim_73e52227691c9399e0892597,OBSERVED_GEOLOGICAL_CONDITION,"{""attribute_dimension"":null,""attribute_name"":""narrative_water_observation"",""normalized_value"":""滴渗水；滴渗水-线状出水；线状出水"",""source_evidence_id"":""doc_26fd4f8081c6f240644707eb_e0001""}",OBSERVED,,7,geological_observed,fact_lock_5a4a607e69efa80310896a6e,DAILY_REVIEW_CELL,"{""cell_id"":null,""daily_state_id"":null,""end_chainage"":null,""point_chainage"":1013575.0,""scope_basis"":""header_face_chainage"",""scope_kind"":""LOCATED_POINT"",""start_chainage"":null,""state_role"":null,""valid_date"":null}",doc_26fd4f8081c6f240644707eb_e0001,stage7_main_task_017,False
typed_claim_434e35f5ea8409d889b81d60,OBSERVED_GEOLOGICAL_CONDITION,"{""attribute_dimension"":null,""attribute_name"":""weathering"",""normalized_value"":""弱风化"",""source_evidence_id"":""doc_26fd4f8081c6f240644707eb_e0001""}",OBSERVED,,8,geological_observed,fact_lock_4a89b870dd96df06a4f7cbf1,DAILY_REVIEW_CELL,"{""cell_id"":null,""daily_state_id"":null,""end_chainage"":null,""point_chainage"":1013575.0,""scope_basis"":""header_face_chainage"",""scope_kind"":""LOCATED_POINT"",""start_chainage"":null,""state_role"":null,""valid_date"":null}",doc_26fd4f8081c6f240644707eb_e0001,stage7_main_task_017,False
typed_claim_88843dd927dc0a693cd5846e,OBSERVED_GEOLOGICAL_CONDITION,"{""attribute_dimension"":null,""attribute_name"":""joint_development"",""normalized_value"":""节理裂隙发育密集"",""source_evidence_id"":""doc_26fd4f8081c6f240644707eb_e0001""}",OBSERVED,,9,geological_observed,fact_lock_dc0d83bba210bb7cdb8e7777,DAILY_REVIEW_CELL,"{""cell_id"":null,""daily_state_id"":null,""end_chainage"":null,""point_chainage"":1013575.0,""scope_basis"":""header_face_chainage"",""scope_kind"":""LOCATED_POINT"",""start_chainage"":null,""state_role"":null,""valid_date"":null}",doc_26fd4f8081c6f240644707eb_e0001,stage7_main_task_017,False
typed_claim_1a1a8aaf1dbcbcf405dfe26c,OBSERVED_GEOLOGICAL_CONDITION,"{""attribute_dimension"":null,""attribute_name"":""karst_development"",""normalized_value"":""无"",""source_evidence_id"":""doc_26fd4f8081c6f240644707eb_e0001""}",OBSERVED,,10,geological_observed,fact_lock_43ff7cbc363a4dd8cf225e2f,DAILY_REVIEW_CELL,"{""cell_id"":null,""daily_state_id"":null,""end_chainage"":null,""point_chainage"":1013575.0,""scope_basis"":""header_face_chainage"",""scope_kind"":""LOCATED_POINT"",""start_chainage"":null,""state_role"":null,""valid_date"":null}",doc_26fd4f8081c6f240644707eb_e0001,stage7_main_task_017,False
typed_claim_d62665c7a0da6a41740edd34,OBSERVED_GEOLOGICAL_CONDITION,"{""attribute_dimension"":null,""attribute_name"":""excavated_face_state"",""normalized_value"":""随时间松弛、掉块"",""source_evidence_id"":""doc_26fd4f8081c6f240644707eb_e0001""}",OBSERVED,,11,geological_observed,fact_lock_0d2dfbf47046dc806191702a,DAILY_REVIEW_CELL,"{""cell_id"":null,""daily_state_id"":null,""end_chainage"":null,""point_chainage"":1013575.0,""scope_basis"":""header_face_chainage"",""scope_kind"":""LOCATED_POINT"",""start_chainage"":null,""state_role"":null,""valid_date"":null}",doc_26fd4f8081c6f240644707eb_e0001,stage7_main_task_017,False
typed_claim_99c03b9ea79d270e7edcb917,OBSERVED_GEOLOGICAL_CONDITION,"{""attribute_dimension"":null,""attribute_name"":""rock_mass_state"",""normalized_value"":""岩体破碎"",""source_evidence_id"":""doc_26fd4f8081c6f240644707eb_e0001""}",OBSERVED,,12,geological_observed,fact_lock_a938c68600caca168945b5d5,DAILY_REVIEW_CELL,"{""cell_id"":null,""daily_state_id"":null,""end_chainage"":null,""point_chainage"":1013575.0,""scope_basis"":""header_face_chainage"",""scope_kind"":""LOCATED_POINT"",""start_chainage"":null,""state_role"":null,""valid_date"":null}",doc_26fd4f8081c6f240644707eb_e0001,stage7_main_task_017,False
typed_claim_f99c93e00e01e113f91edab9,OBSERVED_GEOLOGICAL_CONDITION,"{""attribute_dimension"":null,""attribute_name"":""joint_aperture"",""normalized_value"":""部分张开0.1～0.5"",""source_evidence_id"":""doc_26fd4f8081c6f240644707eb_e0001""}",OBSERVED,,13,geological_observed,fact_lock_cc2ce6b45c482cd7f683ae84,DAILY_REVIEW_CELL,"{""cell_id"":null,""daily_state_id"":null,""end_chainage"":null,""point_chainage"":1013575.0,""scope_basis"":""header_face_chainage"",""scope_kind"":""LOCATED_POINT"",""start_chainage"":null,""state_role"":null,""valid_date"":null}",doc_26fd4f8081c6f240644707eb_e0001,stage7_main_task_017,False
typed_claim_2d4a4f1a150de2e58783e7b8,OBSERVED_GEOLOGICAL_CONDITION,"{""attribute_dimension"":null,""attribute_name"":""rock_strength"",""normalized_value"":""30＜R≤60"",""source_evidence_id"":""doc_26fd4f8081c6f240644707eb_e0001""}",OBSERVED,,14,geological_observed,fact_lock_5c9888b07f8ce585b38ae623,DAILY_REVIEW_CELL,"{""cell_id"":null,""daily_state_id"":null,""end_chainage"":null,""point_chainage"":1013575.0,""scope_basis"":""header_face_chainage"",""scope_kind"":""LOCATED_POINT"",""start_chainage"":null,""state_role"":null,""valid_date"":null}",doc_26fd4f8081c6f240644707eb_e0001,stage7_main_task_017,False
typed_claim_228a1871f9bdcf05f7461333,OBSERVED_GEOLOGICAL_CONDITION,"{""attribute_dimension"":null,""attribute_name"":""block_fall_or_collapse"",""normalized_value"":""掉块"",""source_evidence_id"":""doc_26fd4f8081c6f240644707eb_e0001""}",OBSERVED,,15,geological_observed,fact_lock_68250986ad322286b263acdf,DAILY_REVIEW_CELL,"{""cell_id"":null,""daily_state_id"":null,""end_chainage"":null,""point_chainage"":1013575.0,""scope_basis"":""header_face_chainage"",""scope_kind"":""LOCATED_POINT"",""start_chainage"":null,""state_role"":null,""valid_date"":null}",doc_26fd4f8081c6f240644707eb_e0001,stage7_main_task_017,False
typed_claim_e900575efa4deb1d13bd0672,OBSERVED_GEOLOGICAL_CONDITION,"{""attribute_dimension"":null,""attribute_name"":""joint_roughness"",""normalized_value"":""平整光滑有擦痕"",""source_evidence_id"":""doc_26fd4f8081c6f240644707eb_e0001""}",OBSERVED,,16,geological_observed,fact_lock_476e2bae8a5f2b969c135ae7,DAILY_REVIEW_CELL,"{""cell_id"":null,""daily_state_id"":null,""end_chainage"":null,""point_chainage"":1013575.0,""scope_basis"":""header_face_chainage"",""scope_kind"":""LOCATED_POINT"",""start_chainage"":null,""state_role"":null,""valid_date"":null}",doc_26fd4f8081c6f240644707eb_e0001,stage7_main_task_017,False
typed_claim_e78ecf1151a2830e1712379a,OBSERVED_GEOLOGICAL_CONDITION,"{""attribute_dimension"":null,""attribute_name"":""water_type"",""normalized_value"":""滴渗水；滴渗水-线状出水；线状出水"",""source_evidence_id"":""doc_26fd4f8081c6f240644707eb_e0001""}",OBSERVED,,17,geological_observed,fact_lock_4e2c80324fa832b2f3921415,DAILY_REVIEW_CELL,"{""cell_id"":null,""daily_state_id"":null,""end_chainage"":null,""point_chainage"":1013575.0,""scope_basis"":""header_face_chainage"",""scope_kind"":""LOCATED_POINT"",""start_chainage"":null,""state_role"":null,""valid_date"":null}",doc_26fd4f8081c6f240644707eb_e0001,stage7_main_task_017,False
typed_claim_6a48565537860c448c45db3a,OBSERVED_GEOLOGICAL_CONDITION,"{""attribute_dimension"":null,""attribute_name"":""lithology"",""normalized_value"":""板岩夹变质砂岩"",""source_evidence_id"":""doc_26fd4f8081c6f240644707eb_e0001""}",OBSERVED,,18,geological_observed,fact_lock_dd6c4b10bfc893674c7d00e5,DAILY_REVIEW_CELL,"{""cell_id"":null,""daily_state_id"":null,""end_chainage"":null,""point_chainage"":1013575.0,""scope_basis"":""header_face_chainage"",""scope_kind"":""LOCATED_POINT"",""start_chainage"":null,""state_role"":null,""valid_date"":null}",doc_26fd4f8081c6f240644707eb_e0001,stage7_main_task_017,False
typed_claim_dcfc57c1be9a1000d1fcbad8,FORECAST_GEOLOGICAL_CONDITION,"{""attribute_dimension"":null,""attribute_name"":""joint_development"",""normalized_value"":""节理裂隙发育密集"",""source_evidence_id"":""doc_c03e80c9fabf17e0b238ec9a_e0005""}",FORECAST,,19,geological_forecast,fact_lock_af467b2db1113e1b0f54f84e,DAILY_REVIEW_CELL,"{""cell_id"":null,""daily_state_id"":null,""end_chainage"":1013585.0,""point_chainage"":null,""scope_basis"":""hsp_forecast_table_row"",""scope_kind"":""LOCATED_INTERVAL"",""start_chainage"":1013568.0,""state_role"":null,""valid_date"":null}",doc_c03e80c9fabf17e0b238ec9a_e0005,stage7_main_task_017,False
typed_claim_794d6a99bddcdde9b47d5a37,FORECAST_GEOLOGICAL_CONDITION,"{""attribute_dimension"":null,""attribute_name"":""rock_mass_state"",""normalized_value"":""岩体破碎-极破碎"",""source_evidence_id"":""doc_c03e80c9fabf17e0b238ec9a_e0005""}",FORECAST,,20,geological_forecast,fact_lock_7dbc394ccaaaa2cfd49cb7ec,DAILY_REVIEW_CELL,"{""cell_id"":null,""daily_state_id"":null,""end_chainage"":1013585.0,""point_chainage"":null,""scope_basis"":""hsp_forecast_table_row"",""scope_kind"":""LOCATED_INTERVAL"",""start_chainage"":1013568.0,""state_role"":null,""valid_date"":null}",doc_c03e80c9fabf17e0b238ec9a_e0005,stage7_main_task_017,False
typed_claim_61bffc1205b4b6026f39929c,FORECAST_GEOLOGICAL_CONDITION,"{""attribute_dimension"":null,""attribute_name"":""weathering"",""normalized_value"":""弱风化"",""source_evidence_id"":""doc_c03e80c9fabf17e0b238ec9a_e0005""}",FORECAST,,21,geological_forecast,fact_lock_6393b0b5dfc98ee4c984bc60,DAILY_REVIEW_CELL,"{""cell_id"":null,""daily_state_id"":null,""end_chainage"":1013585.0,""point_chainage"":null,""scope_basis"":""hsp_forecast_table_row"",""scope_kind"":""LOCATED_INTERVAL"",""start_chainage"":1013568.0,""state_role"":null,""valid_date"":null}",doc_c03e80c9fabf17e0b238ec9a_e0005,stage7_main_task_017,False
typed_claim_5621ddce8a9b17a0061e6842,FORECAST_GEOLOGICAL_CONDITION,"{""attribute_dimension"":null,""attribute_name"":""suggested_grade"",""normalized_value"":""Ⅴ级"",""source_evidence_id"":""doc_c03e80c9fabf17e0b238ec9a_e0005""}",FORECAST,,22,geological_forecast,fact_lock_79ba0001bf0c455477791751,DAILY_REVIEW_CELL,"{""cell_id"":null,""daily_state_id"":null,""end_chainage"":1013585.0,""point_chainage"":null,""scope_basis"":""hsp_forecast_table_row"",""scope_kind"":""LOCATED_INTERVAL"",""start_chainage"":1013568.0,""state_role"":null,""valid_date"":null}",doc_c03e80c9fabf17e0b238ec9a_e0005,stage7_main_task_017,False
typed_claim_a396169bb90ae054b55a55d3,FORECAST_GEOLOGICAL_CONDITION,"{""attribute_dimension"":null,""attribute_name"":""lithology"",""normalized_value"":""板岩"",""source_evidence_id"":""doc_c03e80c9fabf17e0b238ec9a_e0005""}",FORECAST,,23,geological_forecast,fact_lock_58eaac9ba0da202a7e930ec1,DAILY_REVIEW_CELL,"{""cell_id"":null,""daily_state_id"":null,""end_chainage"":1013585.0,""point_chainage"":null,""scope_basis"":""hsp_forecast_table_row"",""scope_kind"":""LOCATED_INTERVAL"",""start_chainage"":1013568.0,""state_role"":null,""valid_date"":null}",doc_c03e80c9fabf17e0b238ec9a_e0005,stage7_main_task_017,False
typed_claim_3cc9c56fe7a6ee98f4030a12,FORECAST_GEOLOGICAL_CONDITION,"{""attribute_dimension"":null,""attribute_name"":""anomaly_level"",""normalized_value"":""MODERATE"",""source_evidence_id"":""doc_c03e80c9fabf17e0b238ec9a_e0005""}",FORECAST,,24,geological_forecast,fact_lock_b6198e1ba2842b44e0c2b01c,DAILY_REVIEW_CELL,"{""cell_id"":null,""daily_state_id"":null,""end_chainage"":1013585.0,""point_chainage"":null,""scope_basis"":""hsp_forecast_table_row"",""scope_kind"":""LOCATED_INTERVAL"",""start_chainage"":1013568.0,""state_role"":null,""valid_date"":null}",doc_c03e80c9fabf17e0b238ec9a_e0005,stage7_main_task_017,False
typed_claim_5e8bc1907077a91ed1746dba,FORECAST_GEOLOGICAL_CONDITION,"{""attribute_dimension"":null,""attribute_name"":""geological_conclusion"",""normalized_value"":""该段围岩较前段变差。岩性以板 岩为主，弱风化，岩质软，节理 裂隙发育密集，岩体破碎-极破 碎，围岩整体稳定性差"",""source_evidence_id"":""doc_c03e80c9fabf17e0b238ec9a_e0005""}",FORECAST,,25,geological_forecast,fact_lock_23c2548a0c5a6a8f9855a1df,DAILY_REVIEW_CELL,"{""cell_id"":null,""daily_state_id"":null,""end_chainage"":1013585.0,""point_chainage"":null,""scope_basis"":""hsp_forecast_table_row"",""scope_kind"":""LOCATED_INTERVAL"",""start_chainage"":1013568.0,""state_role"":null,""valid_date"":null}",doc_c03e80c9fabf17e0b238ec9a_e0005,stage7_main_task_017,False
typed_claim_c462c60ec688368ab1604960,FORECAST_GEOLOGICAL_CONDITION,"{""attribute_dimension"":null,""attribute_name"":""risk_hint"",""normalized_value"":""里程+568、 +578、+581 附近有掉块 风险"",""source_evidence_id"":""doc_c03e80c9fabf17e0b238ec9a_e0005""}",FORECAST,,26,geological_forecast,fact_lock_1ba5714d9bd1459919fd2f96,DAILY_REVIEW_CELL,"{""cell_id"":null,""daily_state_id"":null,""end_chainage"":1013585.0,""point_chainage"":null,""scope_basis"":""hsp_forecast_table_row"",""scope_kind"":""LOCATED_INTERVAL"",""start_chainage"":1013568.0,""state_role"":null,""valid_date"":null}",doc_c03e80c9fabf17e0b238ec9a_e0005,stage7_main_task_017,False
typed_claim_5f832aaf37dc1826072185d0,OPERATIONAL_RESPONSE_ATTENTION,"{""is_causal_estimate"":false,""is_hazard_probability"":false,""is_probability"":false,""metric_name"":""RAI"",""metric_semantics"":""OPERATIONAL_RESPONSE_ATTENTION_INDEX"",""metric_status"":""AVAILABLE"",""metric_value"":0.297847581638655,""source_metric_id"":""state_rai_3bc71526b4cc502e2f8b5172""}",,NONPROBABILISTIC_ATTENTION,27,operational_attention,fact_lock_7fda813187c4dad2eb832160,DAILY_REVIEW_CELL,"{""cell_id"":""cell_e64cfd0ce48c0a1b76f17f99"",""daily_state_id"":null,""end_chainage"":null,""point_chainage"":null,""scope_basis"":""stage5b_bitemporal_state_subject"",""scope_kind"":""CELL"",""start_chainage"":null,""state_role"":""DAILY_REVIEW_CELL"",""valid_date"":""2023-10-14""}",state_rai_3bc71526b4cc502e2f8b5172,stage7_main_task_017,False
typed_claim_e0b898baf3a1589e0e1b7f8e,GEOLOGICAL_EVIDENCE_ATTENTION_REVIEW,"{""is_causal_estimate"":false,""is_hazard_probability"":false,""is_probability"":false,""metric_name"":""GRS"",""metric_semantics"":""GEOLOGICAL_EVIDENCE_ATTENTION_INDEX"",""metric_status"":""AVAILABLE"",""metric_value"":0.9444444444444445,""source_metric_id"":""state_grs_3bc71526b4cc502e2f8b5172""}",,NONPROBABILISTIC_ATTENTION,28,geological_attention,fact_lock_c5d57c99c850476aa57522b7,DAILY_REVIEW_CELL,"{""cell_id"":""cell_e64cfd0ce48c0a1b76f17f99"",""daily_state_id"":null,""end_chainage"":null,""point_chainage"":null,""scope_basis"":""stage5b_bitemporal_state_subject"",""scope_kind"":""CELL"",""start_chainage"":null,""state_role"":""DAILY_REVIEW_CELL"",""valid_date"":""2023-10-14""}",state_grs_3bc71526b4cc502e2f8b5172,stage7_main_task_017,False
typed_claim_3c6e2138d9c3263493e1693d,COUPLED_ATTENTION_REVIEW,"{""is_causal_estimate"":false,""is_hazard_probability"":false,""is_probability"":false,""metric_name"":""GRCI"",""metric_semantics"":""NONPROBABILISTIC_CONJUNCTIVE_PRODUCT"",""metric_status"":""AVAILABLE"",""metric_value"":0.28130049376984084,""source_metric_id"":""state_grci_3bc71526b4cc502e2f8b5172""}",,NONPROBABILISTIC_ATTENTION,29,coupled_attention,fact_lock_081909a441473db44fbb4e5a,DAILY_REVIEW_CELL,"{""cell_id"":""cell_e64cfd0ce48c0a1b76f17f99"",""daily_state_id"":null,""end_chainage"":null,""point_chainage"":null,""scope_basis"":""stage5b_bitemporal_state_subject"",""scope_kind"":""CELL"",""start_chainage"":null,""state_role"":""DAILY_REVIEW_CELL"",""valid_date"":""2023-10-14""}",state_grci_3bc71526b4cc502e2f8b5172,stage7_main_task_017,False
typed_claim_9990de0b7f2a13045c325ca9,FORECAST_GEOLOGICAL_CONDITION,"{""attribute_dimension"":null,""attribute_name"":""risk_hint"",""normalized_value"":""里程+512、 +520、+527、 +535 附近有 掉块风险"",""source_evidence_id"":""doc_d1c24a2c5d644ba47f3ef2ec_e0005""}",FORECAST,,0,geological_forecast,fact_lock_42da0df55d78626bcef8675a,FORWARD_ATTENTION_CELL,"{""cell_id"":null,""daily_state_id"":null,""end_chainage"":1013545.0,""point_chainage"":null,""scope_basis"":""hsp_forecast_table_row"",""scope_kind"":""LOCATED_INTERVAL"",""start_chainage"":1013506.0,""state_role"":null,""valid_date"":null}",doc_d1c24a2c5d644ba47f3ef2ec_e0005,stage7_main_task_018,False
typed_claim_bad66e371e8d421fffa29024,FORECAST_GEOLOGICAL_CONDITION,"{""attribute_dimension"":null,""attribute_name"":""lithology"",""normalized_value"":""板岩"",""source_evidence_id"":""doc_d1c24a2c5d644ba47f3ef2ec_e0005""}",FORECAST,,1,geological_forecast,fact_lock_d20ef67b64f2fa39653ce3c8,FORWARD_ATTENTION_CELL,"{""cell_id"":null,""daily_state_id"":null,""end_chainage"":1013545.0,""point_chainage"":null,""scope_basis"":""hsp_forecast_table_row"",""scope_kind"":""LOCATED_INTERVAL"",""start_chainage"":1013506.0,""state_role"":null,""valid_date"":null}",doc_d1c24a2c5d644ba47f3ef2ec_e0005,stage7_main_task_018,False
typed_claim_7ec3e82b585a2ce63dd494a4,FORECAST_GEOLOGICAL_CONDITION,"{""attribute_dimension"":null,""attribute_name"":""rock_mass_state"",""normalized_value"":""岩体破碎-极破碎"",""source_evidence_id"":""doc_d1c24a2c5d644ba47f3ef2ec_e0005""}",FORECAST,,2,geological_forecast,fact_lock_9d4cdb154d7b401388b18b76,FORWARD_ATTENTION_CELL,"{""cell_id"":null,""daily_state_id"":null,""end_chainage"":1013545.0,""point_chainage"":null,""scope_basis"":""hsp_forecast_table_row"",""scope_kind"":""LOCATED_INTERVAL"",""start_chainage"":1013506.0,""state_role"":null,""valid_date"":null}",doc_d1c24a2c5d644ba47f3ef2ec_e0005,stage7_main_task_018,False
typed_claim_16eac3aecf8519954184d24c,FORECAST_GEOLOGICAL_CONDITION,"{""attribute_dimension"":null,""attribute_name"":""geological_conclusion"",""normalized_value"":""该段围岩较前段变差。岩性以板 岩为主，弱风化，岩质软，节理 裂隙发育密集，岩体破碎-极破 碎，围岩整体稳定性差"",""source_evidence_id"":""doc_d1c24a2c5d644ba47f3ef2ec_e0005""}",FORECAST,,3,geological_forecast,fact_lock_acccef0e9f461df495d38c91,FORWARD_ATTENTION_CELL,"{""cell_id"":null,""daily_state_id"":null,""end_chainage"":1013545.0,""point_chainage"":null,""scope_basis"":""hsp_forecast_table_row"",""scope_kind"":""LOCATED_INTERVAL"",""start_chainage"":1013506.0,""state_role"":null,""valid_date"":null}",doc_d1c24a2c5d644ba47f3ef2ec_e0005,stage7_main_task_018,False
typed_claim_3c0ec4207f3f5db4e9244e0c,FORECAST_GEOLOGICAL_CONDITION,"{""attribute_dimension"":null,""attribute_name"":""weathering"",""normalized_value"":""弱风化"",""source_evidence_id"":""doc_d1c24a2c5d644ba47f3ef2ec_e0005""}",FORECAST,,4,geological_forecast,fact_lock_a0ab69ef7e2b097581444342,FORWARD_ATTENTION_CELL,"{""cell_id"":null,""daily_state_id"":null,""end_chainage"":1013545.0,""point_chainage"":null,""scope_basis"":""hsp_forecast_table_row"",""scope_kind"":""LOCATED_INTERVAL"",""start_chainage"":1013506.0,""state_role"":null,""valid_date"":null}",doc_d1c24a2c5d644ba47f3ef2ec_e0005,stage7_main_task_018,False
typed_claim_5a79ad8bc3cdd7a08ef45ab8,FORECAST_GEOLOGICAL_CONDITION,"{""attribute_dimension"":null,""attribute_name"":""suggested_grade"",""normalized_value"":""Ⅴ级"",""source_evidence_id"":""doc_d1c24a2c5d644ba47f3ef2ec_e0005""}",FORECAST,,5,geological_forecast,fact_lock_4d4c971e544a02b75c400046,FORWARD_ATTENTION_CELL,"{""cell_id"":null,""daily_state_id"":null,""end_chainage"":1013545.0,""point_chainage"":null,""scope_basis"":""hsp_forecast_table_row"",""scope_kind"":""LOCATED_INTERVAL"",""start_chainage"":1013506.0,""state_role"":null,""valid_date"":null}",doc_d1c24a2c5d644ba47f3ef2ec_e0005,stage7_main_task_018,False
typed_claim_4727f90c999f7154daa0e818,FORECAST_GEOLOGICAL_CONDITION,"{""attribute_dimension"":null,""attribute_name"":""joint_development"",""normalized_value"":""节理裂隙发育密集"",""source_evidence_id"":""doc_d1c24a2c5d644ba47f3ef2ec_e0005""}",FORECAST,,6,geological_forecast,fact_lock_c32c9c624477d82503adfd1d,FORWARD_ATTENTION_CELL,"{""cell_id"":null,""daily_state_id"":null,""end_chainage"":1013545.0,""point_chainage"":null,""scope_basis"":""hsp_forecast_table_row"",""scope_kind"":""LOCATED_INTERVAL"",""start_chainage"":1013506.0,""state_role"":null,""valid_date"":null}",doc_d1c24a2c5d644ba47f3ef2ec_e0005,stage7_main_task_018,False
typed_claim_0634ec627d7c6f2a46892154,FORECAST_GEOLOGICAL_CONDITION,"{""attribute_dimension"":null,""attribute_name"":""anomaly_level"",""normalized_value"":""MODERATE"",""source_evidence_id"":""doc_d1c24a2c5d644ba47f3ef2ec_e0005""}",FORECAST,,7,geological_forecast,fact_lock_08b11da425b36bcec97b6c01,FORWARD_ATTENTION_CELL,"{""cell_id"":null,""daily_state_id"":null,""end_chainage"":1013545.0,""point_chainage"":null,""scope_basis"":""hsp_forecast_table_row"",""scope_kind"":""LOCATED_INTERVAL"",""start_chainage"":1013506.0,""state_role"":null,""valid_date"":null}",doc_d1c24a2c5d644ba47f3ef2ec_e0005,stage7_main_task_018,False
typed_claim_8319b4201275a7e0097f70f9,FORWARD_GEOLOGICAL_ATTENTION,"{""is_causal_estimate"":false,""is_hazard_probability"":false,""is_probability"":false,""metric_name"":""GRS"",""metric_semantics"":""FORWARD_GEOLOGICAL_EVIDENCE_ATTENTION_INDEX"",""metric_status"":""AVAILABLE"",""metric_value"":0.9166666666666666,""source_metric_id"":""state_grs_843adae910974b382c718441""}",,NONPROBABILISTIC_ATTENTION,8,forward_attention,fact_lock_9e1669c80cab93ec2789e3df,FORWARD_ATTENTION_CELL,"{""cell_id"":""cell_15ba0458e0da9d03f0b43817"",""daily_state_id"":null,""end_chainage"":null,""point_chainage"":null,""scope_basis"":""stage5b_bitemporal_state_subject"",""scope_kind"":""CELL"",""start_chainage"":null,""state_role"":""FORWARD_ATTENTION_CELL"",""valid_date"":""2023-10-08""}",state_grs_843adae910974b382c718441,stage7_main_task_018,False
typed_claim_f818827d459abbe73a6450dc,OBSERVED_GEOLOGICAL_CONDITION,"{""attribute_dimension"":null,""attribute_name"":""lithology"",""normalized_value"":""板岩夹变质砂岩"",""source_evidence_id"":""doc_56a4057acb6bbfd5196d07a6_e0001""}",OBSERVED,,0,geological_observed,fact_lock_6f4e9b44f33066c888c128d1,DAILY_REVIEW_CELL,"{""cell_id"":null,""daily_state_id"":null,""end_chainage"":null,""point_chainage"":1013190.2,""scope_basis"":""hsp_face_chainage_cell"",""scope_kind"":""LOCATED_POINT"",""start_chainage"":null,""state_role"":null,""valid_date"":null}",doc_56a4057acb6bbfd5196d07a6_e0001,stage7_main_task_019,False
typed_claim_4f2a85a8a748ca9fcaf1b6d5,OBSERVED_GEOLOGICAL_CONDITION,"{""attribute_dimension"":null,""attribute_name"":""rock_mass_state"",""normalized_value"":""岩体破碎"",""source_evidence_id"":""doc_56a4057acb6bbfd5196d07a6_e0001""}",OBSERVED,,1,geological_observed,fact_lock_a126a72f9afac104667bd53f,DAILY_REVIEW_CELL,"{""cell_id"":null,""daily_state_id"":null,""end_chainage"":null,""point_chainage"":1013190.2,""scope_basis"":""hsp_face_chainage_cell"",""scope_kind"":""LOCATED_POINT"",""start_chainage"":null,""state_role"":null,""valid_date"":null}",doc_56a4057acb6bbfd5196d07a6_e0001,stage7_main_task_019,False
typed_claim_52ced9235f8834cf67eee700,OBSERVED_GEOLOGICAL_CONDITION,"{""attribute_dimension"":null,""attribute_name"":""geological_description"",""normalized_value"":""开挖面 地质概况 掌子面地层岩性为石炭二叠系板岩夹变质砂岩，围岩整体弱风化，岩质软 硬不均，节理裂隙发育，岩体破碎，拱顶节理裂隙发育相对密集，存在掉块现 象，岩体相对破碎，围岩自稳性差。"",""source_evidence_id"":""doc_56a4057acb6bbfd5196d07a6_e0001""}",OBSERVED,,2,geological_observed,fact_lock_54b722d176bfb08985315a23,DAILY_REVIEW_CELL,"{""cell_id"":null,""daily_state_id"":null,""end_chainage"":null,""point_chainage"":1013190.2,""scope_basis"":""hsp_face_chainage_cell"",""scope_kind"":""LOCATED_POINT"",""start_chainage"":null,""state_role"":null,""valid_date"":null}",doc_56a4057acb6bbfd5196d07a6_e0001,stage7_main_task_019,False
typed_claim_4ec647bbcc1cf5433eeeba85,OBSERVED_GEOLOGICAL_CONDITION,"{""attribute_dimension"":null,""attribute_name"":""weathering"",""normalized_value"":""弱风化"",""source_evidence_id"":""doc_56a4057acb6bbfd5196d07a6_e0001""}",OBSERVED,,3,geological_observed,fact_lock_cd7485714b600e95c8cb0cd5,DAILY_REVIEW_CELL,"{""cell_id"":null,""daily_state_id"":null,""end_chainage"":null,""point_chainage"":1013190.2,""scope_basis"":""hsp_face_chainage_cell"",""scope_kind"":""LOCATED_POINT"",""start_chainage"":null,""state_role"":null,""valid_date"":null}",doc_56a4057acb6bbfd5196d07a6_e0001,stage7_main_task_019,False
typed_claim_d89a85ad1169e0a84a67e43f,FORECAST_GEOLOGICAL_CONDITION,"{""attribute_dimension"":null,""attribute_name"":""joint_development"",""normalized_value"":""节理裂隙发育密集"",""source_evidence_id"":""doc_58b5929e39d044c3fabb2d14_e0008""}",FORECAST,,4,geological_forecast,fact_lock_6727f281b0856a7b6ecb4c5c,DAILY_REVIEW_CELL,"{""cell_id"":null,""daily_state_id"":null,""end_chainage"":1013200.2,""point_chainage"":null,""scope_basis"":""tsp_forecast_table_row"",""scope_kind"":""LOCATED_INTERVAL"",""start_chainage"":1013182.0,""state_role"":null,""valid_date"":null}",doc_58b5929e39d044c3fabb2d14_e0008,stage7_main_task_019,False
typed_claim_8fda79ba03b84005c39ecc04,FORECAST_GEOLOGICAL_CONDITION,"{""attribute_dimension"":null,""attribute_name"":""weathering"",""normalized_value"":""弱风化"",""source_evidence_id"":""doc_56a4057acb6bbfd5196d07a6_e0002""}",FORECAST,,5,geological_forecast,fact_lock_de257a43a8c8ed6777791c54,DAILY_REVIEW_CELL,"{""cell_id"":null,""daily_state_id"":null,""end_chainage"":1013224.0,""point_chainage"":null,""scope_basis"":""hsp_forecast_table_row"",""scope_kind"":""LOCATED_INTERVAL"",""start_chainage"":1013190.2,""state_role"":null,""valid_date"":null}",doc_56a4057acb6bbfd5196d07a6_e0002,stage7_main_task_019,False
typed_claim_8cdb8e6132ac70e55182e1ba,FORECAST_GEOLOGICAL_CONDITION,"{""attribute_dimension"":null,""attribute_name"":""rock_mass_state"",""normalized_value"":""岩体破碎"",""source_evidence_id"":""doc_56a4057acb6bbfd5196d07a6_e0002""}",FORECAST,,6,geological_forecast,fact_lock_aa0411652b7b9cd60a557183,DAILY_REVIEW_CELL,"{""cell_id"":null,""daily_state_id"":null,""end_chainage"":1013224.0,""point_chainage"":null,""scope_basis"":""hsp_forecast_table_row"",""scope_kind"":""LOCATED_INTERVAL"",""start_chainage"":1013190.2,""state_role"":null,""valid_date"":null}",doc_56a4057acb6bbfd5196d07a6_e0002,stage7_main_task_019,False
typed_claim_7ff68b362ae4fe9e2c7cd3eb,FORECAST_GEOLOGICAL_CONDITION,"{""attribute_dimension"":null,""attribute_name"":""rock_mass_state"",""normalized_value"":""岩体破碎-极破碎"",""source_evidence_id"":""doc_58b5929e39d044c3fabb2d14_e0008""}",FORECAST,,7,geological_forecast,fact_lock_995241401871f2669e12e8d0,DAILY_REVIEW_CELL,"{""cell_id"":null,""daily_state_id"":null,""end_chainage"":1013200.2,""point_chainage"":null,""scope_basis"":""tsp_forecast_table_row"",""scope_kind"":""LOCATED_INTERVAL"",""start_chainage"":1013182.0,""state_role"":null,""valid_date"":null}",doc_58b5929e39d044c3fabb2d14_e0008,stage7_main_task_019,False
typed_claim_36e80431894a5ae6dbdde6c4,FORECAST_GEOLOGICAL_CONDITION,"{""attribute_dimension"":null,""attribute_name"":""water_type"",""normalized_value"":""线-股状出水"",""source_evidence_id"":""doc_58b5929e39d044c3fabb2d14_e0008""}",FORECAST,,8,geological_forecast,fact_lock_7d8053382644e8bc12a729f8,DAILY_REVIEW_CELL,"{""cell_id"":null,""daily_state_id"":null,""end_chainage"":1013200.2,""point_chainage"":null,""scope_basis"":""tsp_forecast_table_row"",""scope_kind"":""LOCATED_INTERVAL"",""start_chainage"":1013182.0,""state_role"":null,""valid_date"":null}",doc_58b5929e39d044c3fabb2d14_e0008,stage7_main_task_019,False
typed_claim_554b533cbd5078fa6ccf7228,FORECAST_GEOLOGICAL_CONDITION,"{""attribute_dimension"":null,""attribute_name"":""suggested_grade"",""normalized_value"":""Ⅴ级"",""source_evidence_id"":""doc_56a4057acb6bbfd5196d07a6_e0002""}",FORECAST,,9,geological_forecast,fact_lock_c827d3e17f088df26be9541d,DAILY_REVIEW_CELL,"{""cell_id"":null,""daily_state_id"":null,""end_chainage"":1013224.0,""point_chainage"":null,""scope_basis"":""hsp_forecast_table_row"",""scope_kind"":""LOCATED_INTERVAL"",""start_chainage"":1013190.2,""state_role"":null,""valid_date"":null}",doc_56a4057acb6bbfd5196d07a6_e0002,stage7_main_task_019,False
typed_claim_c7e697103a216031a57e7e48,FORECAST_GEOLOGICAL_CONDITION,"{""attribute_dimension"":null,""attribute_name"":""joint_development"",""normalized_value"":""节理裂隙发育"",""source_evidence_id"":""doc_56a4057acb6bbfd5196d07a6_e0002""}",FORECAST,,10,geological_forecast,fact_lock_87ddd49d1a6ffe79054d03c4,DAILY_REVIEW_CELL,"{""cell_id"":null,""daily_state_id"":null,""end_chainage"":1013224.0,""point_chainage"":null,""scope_basis"":""hsp_forecast_table_row"",""scope_kind"":""LOCATED_INTERVAL"",""start_chainage"":1013190.2,""state_role"":null,""valid_date"":null}",doc_56a4057acb6bbfd5196d07a6_e0002,stage7_main_task_019,False
typed_claim_43766e4b1db5555634e4f5c5,FORECAST_GEOLOGICAL_CONDITION,"{""attribute_dimension"":null,""attribute_name"":""lithology"",""normalized_value"":""板岩夹变质砂岩"",""source_evidence_id"":""doc_56a4057acb6bbfd5196d07a6_e0002""}",FORECAST,,11,geological_forecast,fact_lock_ae9103b340407035f8a1af4c,DAILY_REVIEW_CELL,"{""cell_id"":null,""daily_state_id"":null,""end_chainage"":1013224.0,""point_chainage"":null,""scope_basis"":""hsp_forecast_table_row"",""scope_kind"":""LOCATED_INTERVAL"",""start_chainage"":1013190.2,""state_role"":null,""valid_date"":null}",doc_56a4057acb6bbfd5196d07a6_e0002,stage7_main_task_019,False
typed_claim_23e78784deb433f8626aeb0e,FORECAST_GEOLOGICAL_CONDITION,"{""attribute_dimension"":null,""attribute_name"":""lithology"",""normalized_value"":""板岩夹变质砂岩"",""source_evidence_id"":""doc_58b5929e39d044c3fabb2d14_e0008""}",FORECAST,,12,geological_forecast,fact_lock_cf71d0d967b81e6780a5d8d0,DAILY_REVIEW_CELL,"{""cell_id"":null,""daily_state_id"":null,""end_chainage"":1013200.2,""point_chainage"":null,""scope_basis"":""tsp_forecast_table_row"",""scope_kind"":""LOCATED_INTERVAL"",""start_chainage"":1013182.0,""state_role"":null,""valid_date"":null}",doc_58b5929e39d044c3fabb2d14_e0008,stage7_main_task_019,False
typed_claim_7494cce8b46ea1eb66b593ce,FORECAST_GEOLOGICAL_CONDITION,"{""attribute_dimension"":null,""attribute_name"":""geological_conclusion"",""normalized_value"":""推测该段地层岩性为石炭二叠 系板岩夹变质砂岩，弱风化，岩质 软硬不均，节理裂隙发育密集，局 部泥质填充，岩体破碎-极破碎，掌 子面存在线-股状出水，围岩整体稳 定性较差，建议该段按Ⅴ级围岩施 工。"",""source_evidence_id"":""doc_58b5929e39d044c3fabb2d14_e0008""}",FORECAST,,13,geological_forecast,fact_lock_eef3333fa767c8676395a2d9,DAILY_REVIEW_CELL,"{""cell_id"":null,""daily_state_id"":null,""end_chainage"":1013200.2,""point_chainage"":null,""scope_basis"":""tsp_forecast_table_row"",""scope_kind"":""LOCATED_INTERVAL"",""start_chainage"":1013182.0,""state_role"":null,""valid_date"":null}",doc_58b5929e39d044c3fabb2d14_e0008,stage7_main_task_019,False
typed_claim_76c5a3999b74e2ae766079d0,FORECAST_GEOLOGICAL_CONDITION,"{""attribute_dimension"":null,""attribute_name"":""weathering"",""normalized_value"":""弱风化"",""source_evidence_id"":""doc_58b5929e39d044c3fabb2d14_e0008""}",FORECAST,,14,geological_forecast,fact_lock_1f736ecd42ea99a109505a01,DAILY_REVIEW_CELL,"{""cell_id"":null,""daily_state_id"":null,""end_chainage"":1013200.2,""point_chainage"":null,""scope_basis"":""tsp_forecast_table_row"",""scope_kind"":""LOCATED_INTERVAL"",""start_chainage"":1013182.0,""state_role"":null,""valid_date"":null}",doc_58b5929e39d044c3fabb2d14_e0008,stage7_main_task_019,False
typed_claim_752e75fa26d61f6a046ef8bb,FORECAST_GEOLOGICAL_CONDITION,"{""attribute_dimension"":null,""attribute_name"":""geological_conclusion"",""normalized_value"":""该段围岩与当前掌子面相当。岩 性为板岩夹变质砂岩，弱风化， 岩质软硬不均，节理裂隙发育， 岩体破碎，围岩整体稳定性差"",""source_evidence_id"":""doc_56a4057acb6bbfd5196d07a6_e0002""}",FORECAST,,15,geological_forecast,fact_lock_5392346b0a615def42b97cfc,DAILY_REVIEW_CELL,"{""cell_id"":null,""daily_state_id"":null,""end_chainage"":1013224.0,""point_chainage"":null,""scope_basis"":""hsp_forecast_table_row"",""scope_kind"":""LOCATED_INTERVAL"",""start_chainage"":1013190.2,""state_role"":null,""valid_date"":null}",doc_56a4057acb6bbfd5196d07a6_e0002,stage7_main_task_019,False
typed_claim_13c0c681ee8ed50182d1b391,FORECAST_GEOLOGICAL_CONDITION,"{""attribute_dimension"":null,""attribute_name"":""suggested_grade"",""normalized_value"":""Ⅴ级"",""source_evidence_id"":""doc_58b5929e39d044c3fabb2d14_e0008""}",FORECAST,,16,geological_forecast,fact_lock_adc8b24142ae4d708b4e71c3,DAILY_REVIEW_CELL,"{""cell_id"":null,""daily_state_id"":null,""end_chainage"":1013200.2,""point_chainage"":null,""scope_basis"":""tsp_forecast_table_row"",""scope_kind"":""LOCATED_INTERVAL"",""start_chainage"":1013182.0,""state_role"":null,""valid_date"":null}",doc_58b5929e39d044c3fabb2d14_e0008,stage7_main_task_019,False
typed_claim_177f6ba08f2556a066095c31,GEOLOGICAL_EVIDENCE_ATTENTION_REVIEW,"{""is_causal_estimate"":false,""is_hazard_probability"":false,""is_probability"":false,""metric_name"":""GRS"",""metric_semantics"":""GEOLOGICAL_EVIDENCE_ATTENTION_INDEX"",""metric_status"":""AVAILABLE"",""metric_value"":0.76,""source_metric_id"":""state_grs_d2744c1aef743b4ca3f6edab""}",,NONPROBABILISTIC_ATTENTION,17,geological_attention,fact_lock_d4225edc41abf4b9389685a7,DAILY_REVIEW_CELL,"{""cell_id"":""cell_ef1e570e1653555101dff5f3"",""daily_state_id"":null,""end_chainage"":null,""point_chainage"":null,""scope_basis"":""stage5b_bitemporal_state_subject"",""scope_kind"":""CELL"",""start_chainage"":null,""state_role"":""DAILY_REVIEW_CELL"",""valid_date"":""2023-09-15""}",state_grs_d2744c1aef743b4ca3f6edab,stage7_main_task_019,False
typed_claim_a9bdab67ecf30132298f9fd4,OPERATIONAL_RESPONSE_ATTENTION,"{""is_causal_estimate"":false,""is_hazard_probability"":false,""is_probability"":false,""metric_name"":""RAI"",""metric_semantics"":""OPERATIONAL_RESPONSE_ATTENTION_INDEX"",""metric_status"":""AVAILABLE"",""metric_value"":0.3009903704546621,""source_metric_id"":""state_rai_f7253e663898fb4d0be86835""}",,NONPROBABILISTIC_ATTENTION,0,operational_attention,fact_lock_ac0add56425e9513cf54b66f,DAILY_REVIEW_CELL,"{""cell_id"":""cell_1786a4b270fc12b3e2cbde93"",""daily_state_id"":null,""end_chainage"":null,""point_chainage"":null,""scope_basis"":""stage5b_bitemporal_state_subject"",""scope_kind"":""CELL"",""start_chainage"":null,""state_role"":""DAILY_REVIEW_CELL"",""valid_date"":""2023-12-02""}",state_rai_f7253e663898fb4d0be86835,stage7_main_task_020,False
typed_claim_ed12bda56851115e10cf21c2,GEOLOGICAL_EVIDENCE_ATTENTION_REVIEW,"{""is_causal_estimate"":false,""is_hazard_probability"":false,""is_probability"":false,""metric_name"":""GRS"",""metric_semantics"":""GEOLOGICAL_EVIDENCE_ATTENTION_INDEX"",""metric_status"":""AVAILABLE"",""metric_value"":0.5416666666666666,""source_metric_id"":""state_grs_f7253e663898fb4d0be86835""}",,NONPROBABILISTIC_ATTENTION,1,geological_attention,fact_lock_8cc3ddfd7f1efdd788d945cb,DAILY_REVIEW_CELL,"{""cell_id"":""cell_1786a4b270fc12b3e2cbde93"",""daily_state_id"":null,""end_chainage"":null,""point_chainage"":null,""scope_basis"":""stage5b_bitemporal_state_subject"",""scope_kind"":""CELL"",""start_chainage"":null,""state_role"":""DAILY_REVIEW_CELL"",""valid_date"":""2023-12-02""}",state_grs_f7253e663898fb4d0be86835,stage7_main_task_020,False
typed_claim_2584d52bdfbab8ae5d3b655b,COUPLED_ATTENTION_REVIEW,"{""is_causal_estimate"":false,""is_hazard_probability"":false,""is_probability"":false,""metric_name"":""GRCI"",""metric_semantics"":""NONPROBABILISTIC_CONJUNCTIVE_PRODUCT"",""metric_status"":""AVAILABLE"",""metric_value"":0.16303645066294195,""source_metric_id"":""state_grci_f7253e663898fb4d0be86835""}",,NONPROBABILISTIC_ATTENTION,2,coupled_attention,fact_lock_a88672cb861a690cb40918b6,DAILY_REVIEW_CELL,"{""cell_id"":""cell_1786a4b270fc12b3e2cbde93"",""daily_state_id"":null,""end_chainage"":null,""point_chainage"":null,""scope_basis"":""stage5b_bitemporal_state_subject"",""scope_kind"":""CELL"",""start_chainage"":null,""state_role"":""DAILY_REVIEW_CELL"",""valid_date"":""2023-12-02""}",state_grci_f7253e663898fb4d0be86835,stage7_main_task_020,False
typed_claim_aaa4a1d9dad2c2cc2d01073a,FORWARD_GEOLOGICAL_ATTENTION,"{""is_causal_estimate"":false,""is_hazard_probability"":false,""is_probability"":false,""metric_name"":""GRS"",""metric_semantics"":""FORWARD_GEOLOGICAL_EVIDENCE_ATTENTION_INDEX"",""metric_status"":""AVAILABLE"",""metric_value"":0.7083333333333333,""source_metric_id"":""state_grs_4ef62a62260c7e27112b35af""}",,NONPROBABILISTIC_ATTENTION,3,forward_attention,fact_lock_8dd6e738a858dd9fe1cda182,FORWARD_ATTENTION_CELL,"{""cell_id"":""cell_cbe6f12faedc4a536f287879"",""daily_state_id"":null,""end_chainage"":null,""point_chainage"":null,""scope_basis"":""stage5b_bitemporal_state_subject"",""scope_kind"":""CELL"",""start_chainage"":null,""state_role"":""FORWARD_ATTENTION_CELL"",""valid_date"":""2023-12-02""}",state_grs_4ef62a62260c7e27112b35af,stage7_main_task_020,False
typed_claim_5b7ea5fcdee2549cca1d3dcd,FORWARD_GEOLOGICAL_ATTENTION,"{""is_causal_estimate"":false,""is_hazard_probability"":false,""is_probability"":false,""metric_name"":""GRS"",""metric_semantics"":""FORWARD_GEOLOGICAL_EVIDENCE_ATTENTION_INDEX"",""metric_status"":""AVAILABLE"",""metric_value"":0.5416666666666666,""source_metric_id"":""state_grs_d81f790f04d06cab11c1ecfc""}",,NONPROBABILISTIC_ATTENTION,4,forward_attention,fact_lock_4e8852534728a141609dfd0b,FORWARD_ATTENTION_CELL,"{""cell_id"":""cell_e05c5d458652315d2804569f"",""daily_state_id"":null,""end_chainage"":null,""point_chainage"":null,""scope_basis"":""stage5b_bitemporal_state_subject"",""scope_kind"":""CELL"",""start_chainage"":null,""state_role"":""FORWARD_ATTENTION_CELL"",""valid_date"":""2023-12-02""}",state_grs_d81f790f04d06cab11c1ecfc,stage7_main_task_020,False
typed_claim_3390f5551516b2aeb6297909,OBSERVED_GEOLOGICAL_CONDITION,"{""attribute_dimension"":null,""attribute_name"":""suggested_surrounding_rock_grade"",""normalized_value"":""Ⅳ级"",""source_evidence_id"":""doc_c6033d47fac60b63875a730d_e0001""}",OBSERVED,,0,geological_observed,fact_lock_403609213cd4b2dedf6f965f,DAILY_REVIEW_CELL,"{""cell_id"":null,""daily_state_id"":null,""end_chainage"":null,""point_chainage"":1014441.0,""scope_basis"":""header_face_chainage"",""scope_kind"":""LOCATED_POINT"",""start_chainage"":null,""state_role"":null,""valid_date"":null}",doc_c6033d47fac60b63875a730d_e0001,stage7_main_task_021,False
typed_claim_339e4144ded4fd3a193d97ae,OBSERVED_GEOLOGICAL_CONDITION,"{""attribute_dimension"":null,""attribute_name"":""face_state"",""normalized_value"":""正面掉块"",""source_evidence_id"":""doc_c6033d47fac60b63875a730d_e0001""}",OBSERVED,,1,geological_observed,fact_lock_100e65124ef7eb2e65d86e06,DAILY_REVIEW_CELL,"{""cell_id"":null,""daily_state_id"":null,""end_chainage"":null,""point_chainage"":1014441.0,""scope_basis"":""header_face_chainage"",""scope_kind"":""LOCATED_POINT"",""start_chainage"":null,""state_role"":null,""valid_date"":null}",doc_c6033d47fac60b63875a730d_e0001,stage7_main_task_021,False
typed_claim_b6db61aad10befbd6917719e,OBSERVED_GEOLOGICAL_CONDITION,"{""attribute_dimension"":null,""attribute_name"":""form_water_status"",""normalized_value"":""10～25偶有渗水"",""source_evidence_id"":""doc_c6033d47fac60b63875a730d_e0001""}",OBSERVED,,2,geological_observed,fact_lock_6db8b4cc8d882744309b3bda,DAILY_REVIEW_CELL,"{""cell_id"":null,""daily_state_id"":null,""end_chainage"":null,""point_chainage"":1014441.0,""scope_basis"":""header_face_chainage"",""scope_kind"":""LOCATED_POINT"",""start_chainage"":null,""state_role"":null,""valid_date"":null}",doc_c6033d47fac60b63875a730d_e0001,stage7_main_task_021,False
typed_claim_b26fb5a669cf66a89683c7e5,OBSERVED_GEOLOGICAL_CONDITION,"{""attribute_dimension"":null,""attribute_name"":""design_surrounding_rock_grade"",""normalized_value"":""Ⅳ级"",""source_evidence_id"":""doc_c6033d47fac60b63875a730d_e0001""}",OBSERVED,,3,geological_observed,fact_lock_873778d7f87f35ac0a83d384,DAILY_REVIEW_CELL,"{""cell_id"":null,""daily_state_id"":null,""end_chainage"":null,""point_chainage"":1014441.0,""scope_basis"":""header_face_chainage"",""scope_kind"":""LOCATED_POINT"",""start_chainage"":null,""state_role"":null,""valid_date"":null}",doc_c6033d47fac60b63875a730d_e0001,stage7_main_task_021,False
typed_claim_89de3c87f027e1a393cc7402,OBSERVED_GEOLOGICAL_CONDITION,"{""attribute_dimension"":null,""attribute_name"":""water_type"",""normalized_value"":""滴渗水"",""source_evidence_id"":""doc_c6033d47fac60b63875a730d_e0001""}",OBSERVED,,4,geological_observed,fact_lock_bb35fa1f8b27a37ccfc01537,DAILY_REVIEW_CELL,"{""cell_id"":null,""daily_state_id"":null,""end_chainage"":null,""point_chainage"":1014441.0,""scope_basis"":""header_face_chainage"",""scope_kind"":""LOCATED_POINT"",""start_chainage"":null,""state_role"":null,""valid_date"":null}",doc_c6033d47fac60b63875a730d_e0001,stage7_main_task_021,False
typed_claim_3cc421cd365a28d034eb6b7c,OBSERVED_GEOLOGICAL_CONDITION,"{""attribute_dimension"":null,""attribute_name"":""rock_strength"",""normalized_value"":""30＜R≤60"",""source_evidence_id"":""doc_c6033d47fac60b63875a730d_e0001""}",OBSERVED,,5,geological_observed,fact_lock_bef7a183098843686f74277d,DAILY_REVIEW_CELL,"{""cell_id"":null,""daily_state_id"":null,""end_chainage"":null,""point_chainage"":1014441.0,""scope_basis"":""header_face_chainage"",""scope_kind"":""LOCATED_POINT"",""start_chainage"":null,""state_role"":null,""valid_date"":null}",doc_c6033d47fac60b63875a730d_e0001,stage7_main_task_021,False
typed_claim_d6cf8e2aa234c6abab1d7722,OBSERVED_GEOLOGICAL_CONDITION,"{""attribute_dimension"":null,""attribute_name"":""joint_extension"",""normalized_value"":""差"",""source_evidence_id"":""doc_c6033d47fac60b63875a730d_e0001""}",OBSERVED,,6,geological_observed,fact_lock_9c97af598c336412417a87d9,DAILY_REVIEW_CELL,"{""cell_id"":null,""daily_state_id"":null,""end_chainage"":null,""point_chainage"":1014441.0,""scope_basis"":""header_face_chainage"",""scope_kind"":""LOCATED_POINT"",""start_chainage"":null,""state_role"":null,""valid_date"":null}",doc_c6033d47fac60b63875a730d_e0001,stage7_main_task_021,False
typed_claim_abdd8392860bff32b60d99fc,OBSERVED_GEOLOGICAL_CONDITION,"{""attribute_dimension"":null,""attribute_name"":""joint_spacing"",""normalized_value"":""0.2～0.6"",""source_evidence_id"":""doc_c6033d47fac60b63875a730d_e0001""}",OBSERVED,,7,geological_observed,fact_lock_e96596e3d62e643730f6f289,DAILY_REVIEW_CELL,"{""cell_id"":null,""daily_state_id"":null,""end_chainage"":null,""point_chainage"":1014441.0,""scope_basis"":""header_face_chainage"",""scope_kind"":""LOCATED_POINT"",""start_chainage"":null,""state_role"":null,""valid_date"":null}",doc_c6033d47fac60b63875a730d_e0001,stage7_main_task_021,False
typed_claim_c01c3328e5ac3c1f29d20b1f,OBSERVED_GEOLOGICAL_CONDITION,"{""attribute_dimension"":null,""attribute_name"":""joint_aperture"",""normalized_value"":""无充填张开＞1.0"",""source_evidence_id"":""doc_c6033d47fac60b63875a730d_e0001""}",OBSERVED,,8,geological_observed,fact_lock_8e4c8c7e1c4297d4ceb44d85,DAILY_REVIEW_CELL,"{""cell_id"":null,""daily_state_id"":null,""end_chainage"":null,""point_chainage"":1014441.0,""scope_basis"":""header_face_chainage"",""scope_kind"":""LOCATED_POINT"",""start_chainage"":null,""state_role"":null,""valid_date"":null}",doc_c6033d47fac60b63875a730d_e0001,stage7_main_task_021,False
typed_claim_89debe6ce09611914c0fd14a,OBSERVED_GEOLOGICAL_CONDITION,"{""attribute_dimension"":null,""attribute_name"":""weathering"",""normalized_value"":""弱风化"",""source_evidence_id"":""doc_99cb24b0b45c767bece0fac1_e0001""}",OBSERVED,,9,geological_observed,fact_lock_45e789badaa8be2aeae6dc5f,DAILY_REVIEW_CELL,"{""cell_id"":null,""daily_state_id"":null,""end_chainage"":null,""point_chainage"":1014431.0,""scope_basis"":""hsp_face_chainage_cell"",""scope_kind"":""LOCATED_POINT"",""start_chainage"":null,""state_role"":null,""valid_date"":null}",doc_99cb24b0b45c767bece0fac1_e0001,stage7_main_task_021,False
typed_claim_eb59dfd3863d27fef444ed6e,OBSERVED_GEOLOGICAL_CONDITION,"{""attribute_dimension"":null,""attribute_name"":""lithology"",""normalized_value"":""板岩夹变质砂岩"",""source_evidence_id"":""doc_99cb24b0b45c767bece0fac1_e0001""}",OBSERVED,,10,geological_observed,fact_lock_957b38a051c61212d2c5ea41,DAILY_REVIEW_CELL,"{""cell_id"":null,""daily_state_id"":null,""end_chainage"":null,""point_chainage"":1014431.0,""scope_basis"":""hsp_face_chainage_cell"",""scope_kind"":""LOCATED_POINT"",""start_chainage"":null,""state_role"":null,""valid_date"":null}",doc_99cb24b0b45c767bece0fac1_e0001,stage7_main_task_021,False
typed_claim_a125bb195c18904266474d6f,OBSERVED_GEOLOGICAL_CONDITION,"{""attribute_dimension"":null,""attribute_name"":""geological_description"",""normalized_value"":""开挖面 地质概况 当前掌子面地层岩性为石炭二叠系板岩夹变质砂岩，矿物成分以石英、长 石为主，钙质胶结。围岩整体弱风化，岩质硬，节理裂隙发育密集，岩体破碎, 层间结合差，掌子面滴渗水，存在掉块现象。"",""source_evidence_id"":""doc_99cb24b0b45c767bece0fac1_e0001""}",OBSERVED,,11,geological_observed,fact_lock_9c8ceb43b11adab09d198c99,DAILY_REVIEW_CELL,"{""cell_id"":null,""daily_state_id"":null,""end_chainage"":null,""point_chainage"":1014431.0,""scope_basis"":""hsp_face_chainage_cell"",""scope_kind"":""LOCATED_POINT"",""start_chainage"":null,""state_role"":null,""valid_date"":null}",doc_99cb24b0b45c767bece0fac1_e0001,stage7_main_task_021,False
typed_claim_2a528e0722d3c284bcd9299e,OBSERVED_GEOLOGICAL_CONDITION,"{""attribute_dimension"":null,""attribute_name"":""rock_mass_state"",""normalized_value"":""岩体破碎"",""source_evidence_id"":""doc_99cb24b0b45c767bece0fac1_e0001""}",OBSERVED,,12,geological_observed,fact_lock_ef55acb21298bf5010e116d7,DAILY_REVIEW_CELL,"{""cell_id"":null,""daily_state_id"":null,""end_chainage"":null,""point_chainage"":1014431.0,""scope_basis"":""hsp_face_chainage_cell"",""scope_kind"":""LOCATED_POINT"",""start_chainage"":null,""state_role"":null,""valid_date"":null}",doc_99cb24b0b45c767bece0fac1_e0001,stage7_main_task_021,False
typed_claim_c102c66caf6a2d1ea3ea0294,OBSERVED_GEOLOGICAL_CONDITION,"{""attribute_dimension"":null,""attribute_name"":""weathering"",""normalized_value"":""弱风化"",""source_evidence_id"":""doc_c6033d47fac60b63875a730d_e0001""}",OBSERVED,,13,geological_observed,fact_lock_ad741d0f87d0fca2528f1747,DAILY_REVIEW_CELL,"{""cell_id"":null,""daily_state_id"":null,""end_chainage"":null,""point_chainage"":1014441.0,""scope_basis"":""header_face_chainage"",""scope_kind"":""LOCATED_POINT"",""start_chainage"":null,""state_role"":null,""valid_date"":null}",doc_c6033d47fac60b63875a730d_e0001,stage7_main_task_021,False
typed_claim_9feeda63a5814cce0ce4ead3,OBSERVED_GEOLOGICAL_CONDITION,"{""attribute_dimension"":null,""attribute_name"":""narrative_water_observation"",""normalized_value"":""滴渗水"",""source_evidence_id"":""doc_c6033d47fac60b63875a730d_e0001""}",OBSERVED,,14,geological_observed,fact_lock_8f991bff1d916624df97335b,DAILY_REVIEW_CELL,"{""cell_id"":null,""daily_state_id"":null,""end_chainage"":null,""point_chainage"":1014441.0,""scope_basis"":""header_face_chainage"",""scope_kind"":""LOCATED_POINT"",""start_chainage"":null,""state_role"":null,""valid_date"":null}",doc_c6033d47fac60b63875a730d_e0001,stage7_main_task_021,False
typed_claim_fda86db1910a05a41525c575,OBSERVED_GEOLOGICAL_CONDITION,"{""attribute_dimension"":null,""attribute_name"":""joint_roughness"",""normalized_value"":""平整光滑有擦痕"",""source_evidence_id"":""doc_c6033d47fac60b63875a730d_e0001""}",OBSERVED,,15,geological_observed,fact_lock_c3542343773bbcaa8a5946f9,DAILY_REVIEW_CELL,"{""cell_id"":null,""daily_state_id"":null,""end_chainage"":null,""point_chainage"":1014441.0,""scope_basis"":""header_face_chainage"",""scope_kind"":""LOCATED_POINT"",""start_chainage"":null,""state_role"":null,""valid_date"":null}",doc_c6033d47fac60b63875a730d_e0001,stage7_main_task_021,False
typed_claim_a1ba7688c1952edd2af57039,OBSERVED_GEOLOGICAL_CONDITION,"{""attribute_dimension"":null,""attribute_name"":""karst_development"",""normalized_value"":""无"",""source_evidence_id"":""doc_c6033d47fac60b63875a730d_e0001""}",OBSERVED,,16,geological_observed,fact_lock_ae45ccee32ae2e58aa45f1a0,DAILY_REVIEW_CELL,"{""cell_id"":null,""daily_state_id"":null,""end_chainage"":null,""point_chainage"":1014441.0,""scope_basis"":""header_face_chainage"",""scope_kind"":""LOCATED_POINT"",""start_chainage"":null,""state_role"":null,""valid_date"":null}",doc_c6033d47fac60b63875a730d_e0001,stage7_main_task_021,False
typed_claim_ea214d92459af18ca99f87ae,OBSERVED_GEOLOGICAL_CONDITION,"{""attribute_dimension"":null,""attribute_name"":""excavated_face_state"",""normalized_value"":""随时间松弛、掉块"",""source_evidence_id"":""doc_c6033d47fac60b63875a730d_e0001""}",OBSERVED,,17,geological_observed,fact_lock_205dd1fb57fe36b18ebbdf38,DAILY_REVIEW_CELL,"{""cell_id"":null,""daily_state_id"":null,""end_chainage"":null,""point_chainage"":1014441.0,""scope_basis"":""header_face_chainage"",""scope_kind"":""LOCATED_POINT"",""start_chainage"":null,""state_role"":null,""valid_date"":null}",doc_c6033d47fac60b63875a730d_e0001,stage7_main_task_021,False
typed_claim_a655d2a027cf66d4a9d4e013,FORECAST_GEOLOGICAL_CONDITION,"{""attribute_dimension"":null,""attribute_name"":""lithology"",""normalized_value"":""板岩夹变质砂岩"",""source_evidence_id"":""doc_99cb24b0b45c767bece0fac1_e0004""}",FORECAST,,18,geological_forecast,fact_lock_fa78453e3d6874e36862f187,FORWARD_ATTENTION_CELL,"{""cell_id"":null,""daily_state_id"":null,""end_chainage"":1014494.0,""point_chainage"":null,""scope_basis"":""hsp_forecast_table_row"",""scope_kind"":""LOCATED_INTERVAL"",""start_chainage"":1014476.0,""state_role"":null,""valid_date"":null}",doc_99cb24b0b45c767bece0fac1_e0004,stage7_main_task_021,False
typed_claim_d6ef4a20898441361ed4fbce,FORECAST_GEOLOGICAL_CONDITION,"{""attribute_dimension"":null,""attribute_name"":""joint_development"",""normalized_value"":""节理裂隙发育密集"",""source_evidence_id"":""doc_99cb24b0b45c767bece0fac1_e0003""}",FORECAST,,19,geological_forecast,fact_lock_b0addc51741be635024d5712,DAILY_REVIEW_CELL,"{""cell_id"":null,""daily_state_id"":null,""end_chainage"":1014476.0,""point_chainage"":null,""scope_basis"":""hsp_forecast_table_row"",""scope_kind"":""LOCATED_INTERVAL"",""start_chainage"":1014445.0,""state_role"":null,""valid_date"":null}",doc_99cb24b0b45c767bece0fac1_e0003,stage7_main_task_021,False
typed_claim_7023e9fa4f8f5d10414559ff,FORECAST_GEOLOGICAL_CONDITION,"{""attribute_dimension"":null,""attribute_name"":""anomaly_level"",""normalized_value"":""MODERATE"",""source_evidence_id"":""doc_b84482f2cbc3d64012d7baad_e0005""}",FORECAST,,20,geological_forecast,fact_lock_098acc80ee25dec4503c5ae3,DAILY_REVIEW_CELL,"{""cell_id"":null,""daily_state_id"":null,""end_chainage"":1014441.0,""point_chainage"":null,""scope_basis"":""hsp_forecast_table_row"",""scope_kind"":""LOCATED_INTERVAL"",""start_chainage"":1014410.0,""state_role"":null,""valid_date"":null}",doc_b84482f2cbc3d64012d7baad_e0005,stage7_main_task_021,False
typed_claim_87e6f0b170f6c913d49ea5bd,FORECAST_GEOLOGICAL_CONDITION,"{""attribute_dimension"":null,""attribute_name"":""anomaly_level"",""normalized_value"":""MODERATE"",""source_evidence_id"":""doc_b84482f2cbc3d64012d7baad_e0005""}",FORECAST,,21,geological_forecast,fact_lock_f7c1d5a3b90997ce24013efc,DAILY_REVIEW_CELL,"{""cell_id"":null,""daily_state_id"":null,""end_chainage"":1014441.0,""point_chainage"":null,""scope_basis"":""hsp_forecast_table_row"",""scope_kind"":""LOCATED_INTERVAL"",""start_chainage"":1014410.0,""state_role"":null,""valid_date"":null}",doc_b84482f2cbc3d64012d7baad_e0005,stage7_main_task_021,False
typed_claim_a2713caf2f34aa27ce7681e3,FORECAST_GEOLOGICAL_CONDITION,"{""attribute_dimension"":null,""attribute_name"":""block_fall_or_collapse"",""normalized_value"":""掉块"",""source_evidence_id"":""doc_665dc65538c9aec44e36752a_e0002""}",FORECAST,,22,geological_forecast,fact_lock_e5fca8f7647eaf44b3127f1b,DAILY_REVIEW_CELL,"{""cell_id"":null,""daily_state_id"":null,""end_chainage"":1014449.0,""point_chainage"":null,""scope_basis"":""forecast_segment"",""scope_kind"":""LOCATED_INTERVAL"",""start_chainage"":1014419.0,""state_role"":null,""valid_date"":null}",doc_665dc65538c9aec44e36752a_e0002,stage7_main_task_021,False
typed_claim_1bcc3d93d43bfdcdebb34c2d,FORECAST_GEOLOGICAL_CONDITION,"{""attribute_dimension"":null,""attribute_name"":""block_fall_or_collapse"",""normalized_value"":""掉块"",""source_evidence_id"":""doc_665dc65538c9aec44e36752a_e0002""}",FORECAST,,23,geological_forecast,fact_lock_f319889bbddb5e01644f8eab,DAILY_REVIEW_CELL,"{""cell_id"":null,""daily_state_id"":null,""end_chainage"":1014449.0,""point_chainage"":null,""scope_basis"":""forecast_segment"",""scope_kind"":""LOCATED_INTERVAL"",""start_chainage"":1014419.0,""state_role"":null,""valid_date"":null}",doc_665dc65538c9aec44e36752a_e0002,stage7_main_task_021,False
typed_claim_0afae38d3fa6efca6dbed99c,FORECAST_GEOLOGICAL_CONDITION,"{""attribute_dimension"":null,""attribute_name"":""rock_mass_state"",""normalized_value"":""岩体破碎"",""source_evidence_id"":""doc_99cb24b0b45c767bece0fac1_e0002""}",FORECAST,,24,geological_forecast,fact_lock_393a550cd8e3896008802272,DAILY_REVIEW_CELL,"{""cell_id"":null,""daily_state_id"":null,""end_chainage"":1014445.0,""point_chainage"":null,""scope_basis"":""hsp_forecast_table_row"",""scope_kind"":""LOCATED_INTERVAL"",""start_chainage"":1014431.0,""state_role"":null,""valid_date"":null}",doc_99cb24b0b45c767bece0fac1_e0002,stage7_main_task_021,False
typed_claim_8e2b0c51dd6f102f263f8a0c,FORECAST_GEOLOGICAL_CONDITION,"{""attribute_dimension"":null,""attribute_name"":""rock_mass_state"",""normalized_value"":""岩体破碎"",""source_evidence_id"":""doc_99cb24b0b45c767bece0fac1_e0002""}",FORECAST,,25,geological_forecast,fact_lock_3a317a242eac2b99dff02355,DAILY_REVIEW_CELL,"{""cell_id"":null,""daily_state_id"":null,""end_chainage"":1014445.0,""point_chainage"":null,""scope_basis"":""hsp_forecast_table_row"",""scope_kind"":""LOCATED_INTERVAL"",""start_chainage"":1014431.0,""state_role"":null,""valid_date"":null}",doc_99cb24b0b45c767bece0fac1_e0002,stage7_main_task_021,False
typed_claim_5a93b079c8c72004f9179b55,FORECAST_GEOLOGICAL_CONDITION,"{""attribute_dimension"":null,""attribute_name"":""rock_mass_state"",""normalized_value"":""岩体破碎"",""source_evidence_id"":""doc_99cb24b0b45c767bece0fac1_e0004""}",FORECAST,,26,geological_forecast,fact_lock_688a2172b3432b82340d5ee5,FORWARD_ATTENTION_CELL,"{""cell_id"":null,""daily_state_id"":null,""end_chainage"":1014494.0,""point_chainage"":null,""scope_basis"":""hsp_forecast_table_row"",""scope_kind"":""LOCATED_INTERVAL"",""start_chainage"":1014476.0,""state_role"":null,""valid_date"":null}",doc_99cb24b0b45c767bece0fac1_e0004,stage7_main_task_021,False
typed_claim_a70081539fb4ea658582279f,FORECAST_GEOLOGICAL_CONDITION,"{""attribute_dimension"":null,""attribute_name"":""weathering"",""normalized_value"":""弱风化"",""source_evidence_id"":""doc_c6033d47fac60b63875a730d_e0002""}",FORECAST,,27,geological_forecast,fact_lock_6cb2095fb7b0fbefe1d194ed,DAILY_REVIEW_CELL,"{""cell_id"":null,""daily_state_id"":null,""end_chainage"":1014471.0,""point_chainage"":null,""scope_basis"":""forecast_segment"",""scope_kind"":""LOCATED_INTERVAL"",""start_chainage"":1014441.0,""state_role"":null,""valid_date"":null}",doc_c6033d47fac60b63875a730d_e0002,stage7_main_task_021,False
typed_claim_6d6f0b96c3e471ec201e7b3a,FORECAST_GEOLOGICAL_CONDITION,"{""attribute_dimension"":null,""attribute_name"":""lithology"",""normalized_value"":""板岩夹变质砂岩"",""source_evidence_id"":""doc_c6033d47fac60b63875a730d_e0002""}",FORECAST,,28,geological_forecast,fact_lock_1d38b0a29fc30a26b767a934,DAILY_REVIEW_CELL,"{""cell_id"":null,""daily_state_id"":null,""end_chainage"":1014471.0,""point_chainage"":null,""scope_basis"":""forecast_segment"",""scope_kind"":""LOCATED_INTERVAL"",""start_chainage"":1014441.0,""state_role"":null,""valid_date"":null}",doc_c6033d47fac60b63875a730d_e0002,stage7_main_task_021,False
typed_claim_8c127284eac6b9fb4ff3ea04,FORECAST_GEOLOGICAL_CONDITION,"{""attribute_dimension"":null,""attribute_name"":""narrative_water_observation"",""normalized_value"":""滴渗水"",""source_evidence_id"":""doc_26329a21844828d7f27d1512_e0002""}",FORECAST,,29,geological_forecast,fact_lock_01b1336f0ab6cf89fe8d9596,FORWARD_ATTENTION_CELL,"{""cell_id"":null,""daily_state_id"":null,""end_chainage"":1014501.0,""point_chainage"":null,""scope_basis"":""forecast_segment"",""scope_kind"":""LOCATED_INTERVAL"",""start_chainage"":1014471.0,""state_role"":null,""valid_date"":null}",doc_26329a21844828d7f27d1512_e0002,stage7_main_task_021,False
typed_claim_379868334c67a1b2c6faf7a6,FORECAST_GEOLOGICAL_CONDITION,"{""attribute_dimension"":null,""attribute_name"":""rock_mass_state"",""normalized_value"":""岩体破碎"",""source_evidence_id"":""doc_665dc65538c9aec44e36752a_e0002""}",FORECAST,,30,geological_forecast,fact_lock_10bd562f6b159b766da9a4da,DAILY_REVIEW_CELL,"{""cell_id"":null,""daily_state_id"":null,""end_chainage"":1014449.0,""point_chainage"":null,""scope_basis"":""forecast_segment"",""scope_kind"":""LOCATED_INTERVAL"",""start_chainage"":1014419.0,""state_role"":null,""valid_date"":null}",doc_665dc65538c9aec44e36752a_e0002,stage7_main_task_021,False
typed_claim_6da36b3b10ca5f0defa04ed0,FORECAST_GEOLOGICAL_CONDITION,"{""attribute_dimension"":null,""attribute_name"":""rock_mass_state"",""normalized_value"":""岩体破碎"",""source_evidence_id"":""doc_665dc65538c9aec44e36752a_e0002""}",FORECAST,,31,geological_forecast,fact_lock_57c8b0e83b47be5cfa2d8e94,DAILY_REVIEW_CELL,"{""cell_id"":null,""daily_state_id"":null,""end_chainage"":1014449.0,""point_chainage"":null,""scope_basis"":""forecast_segment"",""scope_kind"":""LOCATED_INTERVAL"",""start_chainage"":1014419.0,""state_role"":null,""valid_date"":null}",doc_665dc65538c9aec44e36752a_e0002,stage7_main_task_021,False
typed_claim_2cc05faa2b9f103ba927bdf6,FORECAST_GEOLOGICAL_CONDITION,"{""attribute_dimension"":null,""attribute_name"":""suggested_grade"",""normalized_value"":""Ⅳ级"",""source_evidence_id"":""doc_cae21ab80a31f71dbe3e20e9_e0002""}",FORECAST,,32,geological_forecast,fact_lock_5ff6e761056515a594d2b17b,FORWARD_ATTENTION_CELL,"{""cell_id"":null,""daily_state_id"":null,""end_chainage"":1014512.0,""point_chainage"":null,""scope_basis"":""hsp_forecast_table_row"",""scope_kind"":""LOCATED_INTERVAL"",""start_chainage"":1014455.0,""state_role"":null,""valid_date"":null}",doc_cae21ab80a31f71dbe3e20e9_e0002,stage7_main_task_021,False
typed_claim_c694d06882595b17a80f5226,FORECAST_GEOLOGICAL_CONDITION,"{""attribute_dimension"":null,""attribute_name"":""suggested_grade"",""normalized_value"":""Ⅳ级"",""source_evidence_id"":""doc_cae21ab80a31f71dbe3e20e9_e0002""}",FORECAST,,33,geological_forecast,fact_lock_7e95a71a02dffc54e9bf0545,FORWARD_ATTENTION_CELL,"{""cell_id"":null,""daily_state_id"":null,""end_chainage"":1014512.0,""point_chainage"":null,""scope_basis"":""hsp_forecast_table_row"",""scope_kind"":""LOCATED_INTERVAL"",""start_chainage"":1014455.0,""state_role"":null,""valid_date"":null}",doc_cae21ab80a31f71dbe3e20e9_e0002,stage7_main_task_021,False
typed_claim_d7e52bc17ce66f044b83de7c,FORECAST_GEOLOGICAL_CONDITION,"{""attribute_dimension"":null,""attribute_name"":""suggested_grade"",""normalized_value"":""Ⅳ级"",""source_evidence_id"":""doc_cae21ab80a31f71dbe3e20e9_e0002""}",FORECAST,,34,geological_forecast,fact_lock_919a3e5f34809564b7798953,FORWARD_ATTENTION_CELL,"{""cell_id"":null,""daily_state_id"":null,""end_chainage"":1014512.0,""point_chainage"":null,""scope_basis"":""hsp_forecast_table_row"",""scope_kind"":""LOCATED_INTERVAL"",""start_chainage"":1014455.0,""state_role"":null,""valid_date"":null}",doc_cae21ab80a31f71dbe3e20e9_e0002,stage7_main_task_021,False
typed_claim_d57fe3d33f11f6131e5c4aa4,FORECAST_GEOLOGICAL_CONDITION,"{""attribute_dimension"":null,""attribute_name"":""joint_development"",""normalized_value"":""节理裂隙发育"",""source_evidence_id"":""doc_26329a21844828d7f27d1512_e0002""}",FORECAST,,35,geological_forecast,fact_lock_a12d61aa9249bb624e4cc862,FORWARD_ATTENTION_CELL,"{""cell_id"":null,""daily_state_id"":null,""end_chainage"":1014501.0,""point_chainage"":null,""scope_basis"":""forecast_segment"",""scope_kind"":""LOCATED_INTERVAL"",""start_chainage"":1014471.0,""state_role"":null,""valid_date"":null}",doc_26329a21844828d7f27d1512_e0002,stage7_main_task_021,False
typed_claim_ae07bc16141535ff98f3cd76,FORECAST_GEOLOGICAL_CONDITION,"{""attribute_dimension"":null,""attribute_name"":""water_type"",""normalized_value"":""滴渗水"",""source_evidence_id"":""doc_665dc65538c9aec44e36752a_e0002""}",FORECAST,,36,geological_forecast,fact_lock_18d091481f8a5cb0fda5519c,DAILY_REVIEW_CELL,"{""cell_id"":null,""daily_state_id"":null,""end_chainage"":1014449.0,""point_chainage"":null,""scope_basis"":""forecast_segment"",""scope_kind"":""LOCATED_INTERVAL"",""start_chainage"":1014419.0,""state_role"":null,""valid_date"":null}",doc_665dc65538c9aec44e36752a_e0002,stage7_main_task_021,False
typed_claim_17cd86c3872a8804fb6612b8,FORECAST_GEOLOGICAL_CONDITION,"{""attribute_dimension"":null,""attribute_name"":""water_type"",""normalized_value"":""滴渗水"",""source_evidence_id"":""doc_665dc65538c9aec44e36752a_e0002""}",FORECAST,,37,geological_forecast,fact_lock_d9589a19a5431bc8127afbfc,DAILY_REVIEW_CELL,"{""cell_id"":null,""daily_state_id"":null,""end_chainage"":1014449.0,""point_chainage"":null,""scope_basis"":""forecast_segment"",""scope_kind"":""LOCATED_INTERVAL"",""start_chainage"":1014419.0,""state_role"":null,""valid_date"":null}",doc_665dc65538c9aec44e36752a_e0002,stage7_main_task_021,False
typed_claim_85c5926d0ba74f4bbfb6acea,FORECAST_GEOLOGICAL_CONDITION,"{""attribute_dimension"":null,""attribute_name"":""weathering"",""normalized_value"":""弱风化"",""source_evidence_id"":""doc_99cb24b0b45c767bece0fac1_e0003""}",FORECAST,,38,geological_forecast,fact_lock_df3683fa470390d0428400b2,DAILY_REVIEW_CELL,"{""cell_id"":null,""daily_state_id"":null,""end_chainage"":1014476.0,""point_chainage"":null,""scope_basis"":""hsp_forecast_table_row"",""scope_kind"":""LOCATED_INTERVAL"",""start_chainage"":1014445.0,""state_role"":null,""valid_date"":null}",doc_99cb24b0b45c767bece0fac1_e0003,stage7_main_task_021,False
typed_claim_604a83a031380294c6b77fe7,FORECAST_GEOLOGICAL_CONDITION,"{""attribute_dimension"":null,""attribute_name"":""suggested_grade"",""normalized_value"":""Ⅳ级"",""source_evidence_id"":""doc_99cb24b0b45c767bece0fac1_e0003""}",FORECAST,,39,geological_forecast,fact_lock_fe72596eb5b19ba4e048915e,DAILY_REVIEW_CELL,"{""cell_id"":null,""daily_state_id"":null,""end_chainage"":1014476.0,""point_chainage"":null,""scope_basis"":""hsp_forecast_table_row"",""scope_kind"":""LOCATED_INTERVAL"",""start_chainage"":1014445.0,""state_role"":null,""valid_date"":null}",doc_99cb24b0b45c767bece0fac1_e0003,stage7_main_task_021,False
typed_claim_f636d9cdf63a2fb41c94347b,FORECAST_GEOLOGICAL_CONDITION,"{""attribute_dimension"":null,""attribute_name"":""geological_conclusion"",""normalized_value"":""该段围岩较前段变差。岩性为板 岩夹变质砂岩，弱风化，岩质软 硬不均，节理裂隙发育密集，层 间结合差，岩体破碎-极破碎"",""source_evidence_id"":""doc_b84482f2cbc3d64012d7baad_e0005""}",FORECAST,,40,geological_forecast,fact_lock_83daddbcefb6c92eb13de623,DAILY_REVIEW_CELL,"{""cell_id"":null,""daily_state_id"":null,""end_chainage"":1014441.0,""point_chainage"":null,""scope_basis"":""hsp_forecast_table_row"",""scope_kind"":""LOCATED_INTERVAL"",""start_chainage"":1014410.0,""state_role"":null,""valid_date"":null}",doc_b84482f2cbc3d64012d7baad_e0005,stage7_main_task_021,False
typed_claim_b753c1349ca861bc7d93391c,FORECAST_GEOLOGICAL_CONDITION,"{""attribute_dimension"":null,""attribute_name"":""geological_conclusion"",""normalized_value"":""该段围岩较前段变差。岩性为板 岩夹变质砂岩，弱风化，岩质软 硬不均，节理裂隙发育密集，层 间结合差，岩体破碎-极破碎"",""source_evidence_id"":""doc_b84482f2cbc3d64012d7baad_e0005""}",FORECAST,,41,geological_forecast,fact_lock_ae9850b0748105a5c11702b0,DAILY_REVIEW_CELL,"{""cell_id"":null,""daily_state_id"":null,""end_chainage"":1014441.0,""point_chainage"":null,""scope_basis"":""hsp_forecast_table_row"",""scope_kind"":""LOCATED_INTERVAL"",""start_chainage"":1014410.0,""state_role"":null,""valid_date"":null}",doc_b84482f2cbc3d64012d7baad_e0005,stage7_main_task_021,False
typed_claim_f82b8e6b16a59973867276d9,FORECAST_GEOLOGICAL_CONDITION,"{""attribute_dimension"":null,""attribute_name"":""weathering"",""normalized_value"":""弱风化"",""source_evidence_id"":""doc_99cb24b0b45c767bece0fac1_e0002""}",FORECAST,,42,geological_forecast,fact_lock_1595d611e95e86497951bd54,DAILY_REVIEW_CELL,"{""cell_id"":null,""daily_state_id"":null,""end_chainage"":1014445.0,""point_chainage"":null,""scope_basis"":""hsp_forecast_table_row"",""scope_kind"":""LOCATED_INTERVAL"",""start_chainage"":1014431.0,""state_role"":null,""valid_date"":null}",doc_99cb24b0b45c767bece0fac1_e0002,stage7_main_task_021,False
typed_claim_594ab18782bc008142689e29,FORECAST_GEOLOGICAL_CONDITION,"{""attribute_dimension"":null,""attribute_name"":""weathering"",""normalized_value"":""弱风化"",""source_evidence_id"":""doc_99cb24b0b45c767bece0fac1_e0002""}",FORECAST,,43,geological_forecast,fact_lock_b7fa40615d3bebe6f5d95bf1,DAILY_REVIEW_CELL,"{""cell_id"":null,""daily_state_id"":null,""end_chainage"":1014445.0,""point_chainage"":null,""scope_basis"":""hsp_forecast_table_row"",""scope_kind"":""LOCATED_INTERVAL"",""start_chainage"":1014431.0,""state_role"":null,""valid_date"":null}",doc_99cb24b0b45c767bece0fac1_e0002,stage7_main_task_021,False
typed_claim_49b2cb6e95d7f72dc7163e04,FORECAST_GEOLOGICAL_CONDITION,"{""attribute_dimension"":null,""attribute_name"":""lithology"",""normalized_value"":""板岩夹变质砂岩"",""source_evidence_id"":""doc_99cb24b0b45c767bece0fac1_e0003""}",FORECAST,,44,geological_forecast,fact_lock_89f68d7139745fdac506f16c,DAILY_REVIEW_CELL,"{""cell_id"":null,""daily_state_id"":null,""end_chainage"":1014476.0,""point_chainage"":null,""scope_basis"":""hsp_forecast_table_row"",""scope_kind"":""LOCATED_INTERVAL"",""start_chainage"":1014445.0,""state_role"":null,""valid_date"":null}",doc_99cb24b0b45c767bece0fac1_e0003,stage7_main_task_021,False
typed_claim_3fd8ee41a5efabb1b29b43c3,FORECAST_GEOLOGICAL_CONDITION,"{""attribute_dimension"":null,""attribute_name"":""narrative_water_observation"",""normalized_value"":""滴渗水"",""source_evidence_id"":""doc_c6033d47fac60b63875a730d_e0002""}",FORECAST,,45,geological_forecast,fact_lock_a736eaa763a40d337337a50d,DAILY_REVIEW_CELL,"{""cell_id"":null,""daily_state_id"":null,""end_chainage"":1014471.0,""point_chainage"":null,""scope_basis"":""forecast_segment"",""scope_kind"":""LOCATED_INTERVAL"",""start_chainage"":1014441.0,""state_role"":null,""valid_date"":null}",doc_c6033d47fac60b63875a730d_e0002,stage7_main_task_021,False
typed_claim_187a0c70b12089598fde1981,FORECAST_GEOLOGICAL_CONDITION,"{""attribute_dimension"":null,""attribute_name"":""rock_mass_state"",""normalized_value"":""岩体破碎"",""source_evidence_id"":""doc_c6033d47fac60b63875a730d_e0002""}",FORECAST,,46,geological_forecast,fact_lock_2581d1909d43e0bdff3ed315,DAILY_REVIEW_CELL,"{""cell_id"":null,""daily_state_id"":null,""end_chainage"":1014471.0,""point_chainage"":null,""scope_basis"":""forecast_segment"",""scope_kind"":""LOCATED_INTERVAL"",""start_chainage"":1014441.0,""state_role"":null,""valid_date"":null}",doc_c6033d47fac60b63875a730d_e0002,stage7_main_task_021,False
typed_claim_babf38ba2ce85dc7478c357a,FORECAST_GEOLOGICAL_CONDITION,"{""attribute_dimension"":null,""attribute_name"":""joint_development"",""normalized_value"":""节理裂隙发育密集"",""source_evidence_id"":""doc_665dc65538c9aec44e36752a_e0002""}",FORECAST,,47,geological_forecast,fact_lock_8308a850c5216cecddd2b93c,DAILY_REVIEW_CELL,"{""cell_id"":null,""daily_state_id"":null,""end_chainage"":1014449.0,""point_chainage"":null,""scope_basis"":""forecast_segment"",""scope_kind"":""LOCATED_INTERVAL"",""start_chainage"":1014419.0,""state_role"":null,""valid_date"":null}",doc_665dc65538c9aec44e36752a_e0002,stage7_main_task_021,False
typed_claim_794232e72a42b2cbd1e85309,FORECAST_GEOLOGICAL_CONDITION,"{""attribute_dimension"":null,""attribute_name"":""joint_development"",""normalized_value"":""节理裂隙发育密集"",""source_evidence_id"":""doc_665dc65538c9aec44e36752a_e0002""}",FORECAST,,48,geological_forecast,fact_lock_dfaf79b17a3396f7613d52d2,DAILY_REVIEW_CELL,"{""cell_id"":null,""daily_state_id"":null,""end_chainage"":1014449.0,""point_chainage"":null,""scope_basis"":""forecast_segment"",""scope_kind"":""LOCATED_INTERVAL"",""start_chainage"":1014419.0,""state_role"":null,""valid_date"":null}",doc_665dc65538c9aec44e36752a_e0002,stage7_main_task_021,False
typed_claim_cdd4a3d4eaeb4eaa3106274f,FORECAST_GEOLOGICAL_CONDITION,"{""attribute_dimension"":null,""attribute_name"":""suggested_grade"",""normalized_value"":""Ⅳ级"",""source_evidence_id"":""doc_b84482f2cbc3d64012d7baad_e0005""}",FORECAST,,49,geological_forecast,fact_lock_00d2ada012f8aa7c9ec72a1d,DAILY_REVIEW_CELL,"{""cell_id"":null,""daily_state_id"":null,""end_chainage"":1014441.0,""point_chainage"":null,""scope_basis"":""hsp_forecast_table_row"",""scope_kind"":""LOCATED_INTERVAL"",""start_chainage"":1014410.0,""state_role"":null,""valid_date"":null}",doc_b84482f2cbc3d64012d7baad_e0005,stage7_main_task_021,False
typed_claim_a708f6f997d7552f00e9985d,FORECAST_GEOLOGICAL_CONDITION,"{""attribute_dimension"":null,""attribute_name"":""suggested_grade"",""normalized_value"":""Ⅳ级"",""source_evidence_id"":""doc_b84482f2cbc3d64012d7baad_e0005""}",FORECAST,,50,geological_forecast,fact_lock_2fd6e7ab73bd3b9ea35b7ea8,DAILY_REVIEW_CELL,"{""cell_id"":null,""daily_state_id"":null,""end_chainage"":1014441.0,""point_chainage"":null,""scope_basis"":""hsp_forecast_table_row"",""scope_kind"":""LOCATED_INTERVAL"",""start_chainage"":1014410.0,""state_role"":null,""valid_date"":null}",doc_b84482f2cbc3d64012d7baad_e0005,stage7_main_task_021,False
typed_claim_2ee20b4f2a402311d6caf9a9,FORECAST_GEOLOGICAL_CONDITION,"{""attribute_dimension"":null,""attribute_name"":""geological_conclusion"",""normalized_value"":""该段围岩与当前掌子面相当。岩 性为板岩夹变质砂岩，弱风化， 节理裂隙发育，岩体破碎。"",""source_evidence_id"":""doc_cae21ab80a31f71dbe3e20e9_e0002""}",FORECAST,,51,geological_forecast,fact_lock_1a4ed194fd929abcb2c1b316,FORWARD_ATTENTION_CELL,"{""cell_id"":null,""daily_state_id"":null,""end_chainage"":1014512.0,""point_chainage"":null,""scope_basis"":""hsp_forecast_table_row"",""scope_kind"":""LOCATED_INTERVAL"",""start_chainage"":1014455.0,""state_role"":null,""valid_date"":null}",doc_cae21ab80a31f71dbe3e20e9_e0002,stage7_main_task_021,False
typed_claim_53974aaf52acae8f4c7022d6,FORECAST_GEOLOGICAL_CONDITION,"{""attribute_dimension"":null,""attribute_name"":""geological_conclusion"",""normalized_value"":""该段围岩与当前掌子面相当。岩 性为板岩夹变质砂岩，弱风化， 节理裂隙发育，岩体破碎。"",""source_evidence_id"":""doc_cae21ab80a31f71dbe3e20e9_e0002""}",FORECAST,,52,geological_forecast,fact_lock_b8d763246924d897982dc0dd,FORWARD_ATTENTION_CELL,"{""cell_id"":null,""daily_state_id"":null,""end_chainage"":1014512.0,""point_chainage"":null,""scope_basis"":""hsp_forecast_table_row"",""scope_kind"":""LOCATED_INTERVAL"",""start_chainage"":1014455.0,""state_role"":null,""valid_date"":null}",doc_cae21ab80a31f71dbe3e20e9_e0002,stage7_main_task_021,False
typed_claim_917336815b4a220348450d2b,FORECAST_GEOLOGICAL_CONDITION,"{""attribute_dimension"":null,""attribute_name"":""geological_conclusion"",""normalized_value"":""该段围岩与当前掌子面相当。岩 性为板岩夹变质砂岩，弱风化， 节理裂隙发育，岩体破碎。"",""source_evidence_id"":""doc_cae21ab80a31f71dbe3e20e9_e0002""}",FORECAST,,53,geological_forecast,fact_lock_c128e3e4482049d4b5a5de99,FORWARD_ATTENTION_CELL,"{""cell_id"":null,""daily_state_id"":null,""end_chainage"":1014512.0,""point_chainage"":null,""scope_basis"":""hsp_forecast_table_row"",""scope_kind"":""LOCATED_INTERVAL"",""start_chainage"":1014455.0,""state_role"":null,""valid_date"":null}",doc_cae21ab80a31f71dbe3e20e9_e0002,stage7_main_task_021,False
typed_claim_01b7fe8e252b68450a374f5f,FORECAST_GEOLOGICAL_CONDITION,"{""attribute_dimension"":null,""attribute_name"":""risk_hint"",""normalized_value"":""里程+412、 +417、+423、 +428、+433、 +438 附近有 掉块风险"",""source_evidence_id"":""doc_b84482f2cbc3d64012d7baad_e0005""}",FORECAST,,54,geological_forecast,fact_lock_c55d1c05cbdbe15e85c973d9,DAILY_REVIEW_CELL,"{""cell_id"":null,""daily_state_id"":null,""end_chainage"":1014441.0,""point_chainage"":null,""scope_basis"":""hsp_forecast_table_row"",""scope_kind"":""LOCATED_INTERVAL"",""start_chainage"":1014410.0,""state_role"":null,""valid_date"":null}",doc_b84482f2cbc3d64012d7baad_e0005,stage7_main_task_021,False
typed_claim_f1d6bb5e5f491b2072418e25,FORECAST_GEOLOGICAL_CONDITION,"{""attribute_dimension"":null,""attribute_name"":""risk_hint"",""normalized_value"":""里程+412、 +417、+423、 +428、+433、 +438 附近有 掉块风险"",""source_evidence_id"":""doc_b84482f2cbc3d64012d7baad_e0005""}",FORECAST,,55,geological_forecast,fact_lock_c75c0c08ae66ec9489764d19,DAILY_REVIEW_CELL,"{""cell_id"":null,""daily_state_id"":null,""end_chainage"":1014441.0,""point_chainage"":null,""scope_basis"":""hsp_forecast_table_row"",""scope_kind"":""LOCATED_INTERVAL"",""start_chainage"":1014410.0,""state_role"":null,""valid_date"":null}",doc_b84482f2cbc3d64012d7baad_e0005,stage7_main_task_021,False
typed_claim_643795bd4d13193be85b21d4,FORECAST_GEOLOGICAL_CONDITION,"{""attribute_dimension"":null,""attribute_name"":""weathering"",""normalized_value"":""弱风化"",""source_evidence_id"":""doc_99cb24b0b45c767bece0fac1_e0004""}",FORECAST,,56,geological_forecast,fact_lock_311727dc877e50cc44050f9e,FORWARD_ATTENTION_CELL,"{""cell_id"":null,""daily_state_id"":null,""end_chainage"":1014494.0,""point_chainage"":null,""scope_basis"":""hsp_forecast_table_row"",""scope_kind"":""LOCATED_INTERVAL"",""start_chainage"":1014476.0,""state_role"":null,""valid_date"":null}",doc_99cb24b0b45c767bece0fac1_e0004,stage7_main_task_021,False
typed_claim_81d4f859677eba293e0f4312,FORECAST_GEOLOGICAL_CONDITION,"{""attribute_dimension"":null,""attribute_name"":""narrative_water_observation"",""normalized_value"":""滴渗水"",""source_evidence_id"":""doc_665dc65538c9aec44e36752a_e0002""}",FORECAST,,57,geological_forecast,fact_lock_8ca3837e8bffb38f8d9fab49,DAILY_REVIEW_CELL,"{""cell_id"":null,""daily_state_id"":null,""end_chainage"":1014449.0,""point_chainage"":null,""scope_basis"":""forecast_segment"",""scope_kind"":""LOCATED_INTERVAL"",""start_chainage"":1014419.0,""state_role"":null,""valid_date"":null}",doc_665dc65538c9aec44e36752a_e0002,stage7_main_task_021,False
typed_claim_cda2c96081ee45f304c9af79,FORECAST_GEOLOGICAL_CONDITION,"{""attribute_dimension"":null,""attribute_name"":""narrative_water_observation"",""normalized_value"":""滴渗水"",""source_evidence_id"":""doc_665dc65538c9aec44e36752a_e0002""}",FORECAST,,58,geological_forecast,fact_lock_b551c5f7c7043ef76442c7b7,DAILY_REVIEW_CELL,"{""cell_id"":null,""daily_state_id"":null,""end_chainage"":1014449.0,""point_chainage"":null,""scope_basis"":""forecast_segment"",""scope_kind"":""LOCATED_INTERVAL"",""start_chainage"":1014419.0,""state_role"":null,""valid_date"":null}",doc_665dc65538c9aec44e36752a_e0002,stage7_main_task_021,False
typed_claim_440aa3311d326be25f756134,FORECAST_GEOLOGICAL_CONDITION,"{""attribute_dimension"":null,""attribute_name"":""joint_development"",""normalized_value"":""节理裂隙发育"",""source_evidence_id"":""doc_cae21ab80a31f71dbe3e20e9_e0002""}",FORECAST,,59,geological_forecast,fact_lock_361b1bff743ec33dc8a1b2f1,FORWARD_ATTENTION_CELL,"{""cell_id"":null,""daily_state_id"":null,""end_chainage"":1014512.0,""point_chainage"":null,""scope_basis"":""hsp_forecast_table_row"",""scope_kind"":""LOCATED_INTERVAL"",""start_chainage"":1014455.0,""state_role"":null,""valid_date"":null}",doc_cae21ab80a31f71dbe3e20e9_e0002,stage7_main_task_021,False
typed_claim_e29a84ee58ebeab826f73b44,FORECAST_GEOLOGICAL_CONDITION,"{""attribute_dimension"":null,""attribute_name"":""joint_development"",""normalized_value"":""节理裂隙发育"",""source_evidence_id"":""doc_cae21ab80a31f71dbe3e20e9_e0002""}",FORECAST,,60,geological_forecast,fact_lock_54d93ff171df884ae00554a8,FORWARD_ATTENTION_CELL,"{""cell_id"":null,""daily_state_id"":null,""end_chainage"":1014512.0,""point_chainage"":null,""scope_basis"":""hsp_forecast_table_row"",""scope_kind"":""LOCATED_INTERVAL"",""start_chainage"":1014455.0,""state_role"":null,""valid_date"":null}",doc_cae21ab80a31f71dbe3e20e9_e0002,stage7_main_task_021,False
typed_claim_59d7c4cfe9f3f679b2a5c312,FORECAST_GEOLOGICAL_CONDITION,"{""attribute_dimension"":null,""attribute_name"":""joint_development"",""normalized_value"":""节理裂隙发育"",""source_evidence_id"":""doc_cae21ab80a31f71dbe3e20e9_e0002""}",FORECAST,,61,geological_forecast,fact_lock_fcc6f53b7f6a6807976b74dd,FORWARD_ATTENTION_CELL,"{""cell_id"":null,""daily_state_id"":null,""end_chainage"":1014512.0,""point_chainage"":null,""scope_basis"":""hsp_forecast_table_row"",""scope_kind"":""LOCATED_INTERVAL"",""start_chainage"":1014455.0,""state_role"":null,""valid_date"":null}",doc_cae21ab80a31f71dbe3e20e9_e0002,stage7_main_task_021,False
typed_claim_492167ed47f0fec638d4598a,FORECAST_GEOLOGICAL_CONDITION,"{""attribute_dimension"":null,""attribute_name"":""lithology"",""normalized_value"":""板岩夹变质砂岩"",""source_evidence_id"":""doc_b84482f2cbc3d64012d7baad_e0005""}",FORECAST,,62,geological_forecast,fact_lock_4007e97d2442206ba0f799fa,DAILY_REVIEW_CELL,"{""cell_id"":null,""daily_state_id"":null,""end_chainage"":1014441.0,""point_chainage"":null,""scope_basis"":""hsp_forecast_table_row"",""scope_kind"":""LOCATED_INTERVAL"",""start_chainage"":1014410.0,""state_role"":null,""valid_date"":null}",doc_b84482f2cbc3d64012d7baad_e0005,stage7_main_task_021,False
typed_claim_81554fe2edcc22f6e3baf662,FORECAST_GEOLOGICAL_CONDITION,"{""attribute_dimension"":null,""attribute_name"":""lithology"",""normalized_value"":""板岩夹变质砂岩"",""source_evidence_id"":""doc_b84482f2cbc3d64012d7baad_e0005""}",FORECAST,,63,geological_forecast,fact_lock_79414218f6eecdc779cf39a9,DAILY_REVIEW_CELL,"{""cell_id"":null,""daily_state_id"":null,""end_chainage"":1014441.0,""point_chainage"":null,""scope_basis"":""hsp_forecast_table_row"",""scope_kind"":""LOCATED_INTERVAL"",""start_chainage"":1014410.0,""state_role"":null,""valid_date"":null}",doc_b84482f2cbc3d64012d7baad_e0005,stage7_main_task_021,False
typed_claim_63d73308aa9063c605995e55,FORECAST_GEOLOGICAL_CONDITION,"{""attribute_dimension"":null,""attribute_name"":""lithology"",""normalized_value"":""板岩夹变质砂岩"",""source_evidence_id"":""doc_cae21ab80a31f71dbe3e20e9_e0002""}",FORECAST,,64,geological_forecast,fact_lock_3e8d4d8921b664b615c69e49,FORWARD_ATTENTION_CELL,"{""cell_id"":null,""daily_state_id"":null,""end_chainage"":1014512.0,""point_chainage"":null,""scope_basis"":""hsp_forecast_table_row"",""scope_kind"":""LOCATED_INTERVAL"",""start_chainage"":1014455.0,""state_role"":null,""valid_date"":null}",doc_cae21ab80a31f71dbe3e20e9_e0002,stage7_main_task_021,False
typed_claim_7b5a8cb05b1bc4a2540c6b3e,FORECAST_GEOLOGICAL_CONDITION,"{""attribute_dimension"":null,""attribute_name"":""lithology"",""normalized_value"":""板岩夹变质砂岩"",""source_evidence_id"":""doc_cae21ab80a31f71dbe3e20e9_e0002""}",FORECAST,,65,geological_forecast,fact_lock_590dc4167267677690f8d11d,FORWARD_ATTENTION_CELL,"{""cell_id"":null,""daily_state_id"":null,""end_chainage"":1014512.0,""point_chainage"":null,""scope_basis"":""hsp_forecast_table_row"",""scope_kind"":""LOCATED_INTERVAL"",""start_chainage"":1014455.0,""state_role"":null,""valid_date"":null}",doc_cae21ab80a31f71dbe3e20e9_e0002,stage7_main_task_021,False
typed_claim_231020039742be88dcd23a71,FORECAST_GEOLOGICAL_CONDITION,"{""attribute_dimension"":null,""attribute_name"":""lithology"",""normalized_value"":""板岩夹变质砂岩"",""source_evidence_id"":""doc_cae21ab80a31f71dbe3e20e9_e0002""}",FORECAST,,66,geological_forecast,fact_lock_b0e8e742ada1a97b0a8fbf46,FORWARD_ATTENTION_CELL,"{""cell_id"":null,""daily_state_id"":null,""end_chainage"":1014512.0,""point_chainage"":null,""scope_basis"":""hsp_forecast_table_row"",""scope_kind"":""LOCATED_INTERVAL"",""start_chainage"":1014455.0,""state_role"":null,""valid_date"":null}",doc_cae21ab80a31f71dbe3e20e9_e0002,stage7_main_task_021,False
typed_claim_2405e6295859cb3a37b42592,FORECAST_GEOLOGICAL_CONDITION,"{""attribute_dimension"":null,""attribute_name"":""weathering"",""normalized_value"":""弱风化"",""source_evidence_id"":""doc_b84482f2cbc3d64012d7baad_e0005""}",FORECAST,,67,geological_forecast,fact_lock_38678320c72d6b70d9337c28,DAILY_REVIEW_CELL,"{""cell_id"":null,""daily_state_id"":null,""end_chainage"":1014441.0,""point_chainage"":null,""scope_basis"":""hsp_forecast_table_row"",""scope_kind"":""LOCATED_INTERVAL"",""start_chainage"":1014410.0,""state_role"":null,""valid_date"":null}",doc_b84482f2cbc3d64012d7baad_e0005,stage7_main_task_021,False
typed_claim_606e7f59246d21d5b8a2569d,FORECAST_GEOLOGICAL_CONDITION,"{""attribute_dimension"":null,""attribute_name"":""weathering"",""normalized_value"":""弱风化"",""source_evidence_id"":""doc_b84482f2cbc3d64012d7baad_e0005""}",FORECAST,,68,geological_forecast,fact_lock_8e04dd81903398200bf29f00,DAILY_REVIEW_CELL,"{""cell_id"":null,""daily_state_id"":null,""end_chainage"":1014441.0,""point_chainage"":null,""scope_basis"":""hsp_forecast_table_row"",""scope_kind"":""LOCATED_INTERVAL"",""start_chainage"":1014410.0,""state_role"":null,""valid_date"":null}",doc_b84482f2cbc3d64012d7baad_e0005,stage7_main_task_021,False
typed_claim_1853dca5b47131a291deff63,FORECAST_GEOLOGICAL_CONDITION,"{""attribute_dimension"":null,""attribute_name"":""geological_conclusion"",""normalized_value"":""该段围岩较前段稍变好。岩性为 板岩夹变质砂岩，弱风化，节理 裂隙发育，岩体破碎。"",""source_evidence_id"":""doc_99cb24b0b45c767bece0fac1_e0004""}",FORECAST,,69,geological_forecast,fact_lock_a4fe2de9d2faf198cf4d3967,FORWARD_ATTENTION_CELL,"{""cell_id"":null,""daily_state_id"":null,""end_chainage"":1014494.0,""point_chainage"":null,""scope_basis"":""hsp_forecast_table_row"",""scope_kind"":""LOCATED_INTERVAL"",""start_chainage"":1014476.0,""state_role"":null,""valid_date"":null}",doc_99cb24b0b45c767bece0fac1_e0004,stage7_main_task_021,False
typed_claim_8282c295a6649fafc2f57778,FORECAST_GEOLOGICAL_CONDITION,"{""attribute_dimension"":null,""attribute_name"":""suggested_grade"",""normalized_value"":""Ⅳ级"",""source_evidence_id"":""doc_99cb24b0b45c767bece0fac1_e0004""}",FORECAST,,70,geological_forecast,fact_lock_633aea3b04e254e44a09cd7d,FORWARD_ATTENTION_CELL,"{""cell_id"":null,""daily_state_id"":null,""end_chainage"":1014494.0,""point_chainage"":null,""scope_basis"":""hsp_forecast_table_row"",""scope_kind"":""LOCATED_INTERVAL"",""start_chainage"":1014476.0,""state_role"":null,""valid_date"":null}",doc_99cb24b0b45c767bece0fac1_e0004,stage7_main_task_021,False
typed_claim_fd4c2c94e531b4374ce480a1,FORECAST_GEOLOGICAL_CONDITION,"{""attribute_dimension"":null,""attribute_name"":""water_type"",""normalized_value"":""滴渗水"",""source_evidence_id"":""doc_26329a21844828d7f27d1512_e0002""}",FORECAST,,71,geological_forecast,fact_lock_3f16375d5508ac8151479d57,FORWARD_ATTENTION_CELL,"{""cell_id"":null,""daily_state_id"":null,""end_chainage"":1014501.0,""point_chainage"":null,""scope_basis"":""forecast_segment"",""scope_kind"":""LOCATED_INTERVAL"",""start_chainage"":1014471.0,""state_role"":null,""valid_date"":null}",doc_26329a21844828d7f27d1512_e0002,stage7_main_task_021,False
typed_claim_fdb9ced428db7b78cf3c4976,FORECAST_GEOLOGICAL_CONDITION,"{""attribute_dimension"":null,""attribute_name"":""risk_hint"",""normalized_value"":""里程+448、 +458、+470 附近有掉块 风险"",""source_evidence_id"":""doc_99cb24b0b45c767bece0fac1_e0003""}",FORECAST,,72,geological_forecast,fact_lock_9cc067f6e36b3abe802ce096,DAILY_REVIEW_CELL,"{""cell_id"":null,""daily_state_id"":null,""end_chainage"":1014476.0,""point_chainage"":null,""scope_basis"":""hsp_forecast_table_row"",""scope_kind"":""LOCATED_INTERVAL"",""start_chainage"":1014445.0,""state_role"":null,""valid_date"":null}",doc_99cb24b0b45c767bece0fac1_e0003,stage7_main_task_021,False
typed_claim_5522566a6ad96c1b15f27def,FORECAST_GEOLOGICAL_CONDITION,"{""attribute_dimension"":null,""attribute_name"":""weathering"",""normalized_value"":""弱风化"",""source_evidence_id"":""doc_26329a21844828d7f27d1512_e0002""}",FORECAST,,73,geological_forecast,fact_lock_2d3de7b77060efb450c6649d,FORWARD_ATTENTION_CELL,"{""cell_id"":null,""daily_state_id"":null,""end_chainage"":1014501.0,""point_chainage"":null,""scope_basis"":""forecast_segment"",""scope_kind"":""LOCATED_INTERVAL"",""start_chainage"":1014471.0,""state_role"":null,""valid_date"":null}",doc_26329a21844828d7f27d1512_e0002,stage7_main_task_021,False
typed_claim_47c980c69af0044c5290b465,FORECAST_GEOLOGICAL_CONDITION,"{""attribute_dimension"":null,""attribute_name"":""lithology"",""normalized_value"":""板岩夹变质砂岩"",""source_evidence_id"":""doc_99cb24b0b45c767bece0fac1_e0002""}",FORECAST,,74,geological_forecast,fact_lock_7d5725b5cbd94ad54a2bf896,DAILY_REVIEW_CELL,"{""cell_id"":null,""daily_state_id"":null,""end_chainage"":1014445.0,""point_chainage"":null,""scope_basis"":""hsp_forecast_table_row"",""scope_kind"":""LOCATED_INTERVAL"",""start_chainage"":1014431.0,""state_role"":null,""valid_date"":null}",doc_99cb24b0b45c767bece0fac1_e0002,stage7_main_task_021,False
typed_claim_4a1f552d59bb70b1595ce784,FORECAST_GEOLOGICAL_CONDITION,"{""attribute_dimension"":null,""attribute_name"":""lithology"",""normalized_value"":""板岩夹变质砂岩"",""source_evidence_id"":""doc_99cb24b0b45c767bece0fac1_e0002""}",FORECAST,,75,geological_forecast,fact_lock_c843197f68d48f29bc9b1a92,DAILY_REVIEW_CELL,"{""cell_id"":null,""daily_state_id"":null,""end_chainage"":1014445.0,""point_chainage"":null,""scope_basis"":""hsp_forecast_table_row"",""scope_kind"":""LOCATED_INTERVAL"",""start_chainage"":1014431.0,""state_role"":null,""valid_date"":null}",doc_99cb24b0b45c767bece0fac1_e0002,stage7_main_task_021,False
typed_claim_8d7a93b5ee278d5aaa53b26b,FORECAST_GEOLOGICAL_CONDITION,"{""attribute_dimension"":null,""attribute_name"":""block_fall_or_collapse"",""normalized_value"":""掉块"",""source_evidence_id"":""doc_26329a21844828d7f27d1512_e0002""}",FORECAST,,76,geological_forecast,fact_lock_15f3ce5d8aade9b9aa6f5a05,FORWARD_ATTENTION_CELL,"{""cell_id"":null,""daily_state_id"":null,""end_chainage"":1014501.0,""point_chainage"":null,""scope_basis"":""forecast_segment"",""scope_kind"":""LOCATED_INTERVAL"",""start_chainage"":1014471.0,""state_role"":null,""valid_date"":null}",doc_26329a21844828d7f27d1512_e0002,stage7_main_task_021,False
typed_claim_0905bbca226025f5f7afe011,FORECAST_GEOLOGICAL_CONDITION,"{""attribute_dimension"":null,""attribute_name"":""weathering"",""normalized_value"":""弱风化"",""source_evidence_id"":""doc_665dc65538c9aec44e36752a_e0002""}",FORECAST,,77,geological_forecast,fact_lock_82468d73ca877d949f192129,DAILY_REVIEW_CELL,"{""cell_id"":null,""daily_state_id"":null,""end_chainage"":1014449.0,""point_chainage"":null,""scope_basis"":""forecast_segment"",""scope_kind"":""LOCATED_INTERVAL"",""start_chainage"":1014419.0,""state_role"":null,""valid_date"":null}",doc_665dc65538c9aec44e36752a_e0002,stage7_main_task_021,False
typed_claim_f1bf3a75bd19d3cda1781fa4,FORECAST_GEOLOGICAL_CONDITION,"{""attribute_dimension"":null,""attribute_name"":""weathering"",""normalized_value"":""弱风化"",""source_evidence_id"":""doc_665dc65538c9aec44e36752a_e0002""}",FORECAST,,78,geological_forecast,fact_lock_b24dcff4cb627dac6269211a,DAILY_REVIEW_CELL,"{""cell_id"":null,""daily_state_id"":null,""end_chainage"":1014449.0,""point_chainage"":null,""scope_basis"":""forecast_segment"",""scope_kind"":""LOCATED_INTERVAL"",""start_chainage"":1014419.0,""state_role"":null,""valid_date"":null}",doc_665dc65538c9aec44e36752a_e0002,stage7_main_task_021,False
typed_claim_1069d51ae6f3b1edaf3bea95,FORECAST_GEOLOGICAL_CONDITION,"{""attribute_dimension"":null,""attribute_name"":""rock_mass_state"",""normalized_value"":""岩体破碎-极破碎"",""source_evidence_id"":""doc_b84482f2cbc3d64012d7baad_e0005""}",FORECAST,,79,geological_forecast,fact_lock_114b11e2cb843c902db51c79,DAILY_REVIEW_CELL,"{""cell_id"":null,""daily_state_id"":null,""end_chainage"":1014441.0,""point_chainage"":null,""scope_basis"":""hsp_forecast_table_row"",""scope_kind"":""LOCATED_INTERVAL"",""start_chainage"":1014410.0,""state_role"":null,""valid_date"":null}",doc_b84482f2cbc3d64012d7baad_e0005,stage7_main_task_021,False
typed_claim_fc3cb93e65c6c0667d7bff1f,FORECAST_GEOLOGICAL_CONDITION,"{""attribute_dimension"":null,""attribute_name"":""rock_mass_state"",""normalized_value"":""岩体破碎-极破碎"",""source_evidence_id"":""doc_b84482f2cbc3d64012d7baad_e0005""}",FORECAST,,80,geological_forecast,fact_lock_9cbb2b3e91f6741d362efaf1,DAILY_REVIEW_CELL,"{""cell_id"":null,""daily_state_id"":null,""end_chainage"":1014441.0,""point_chainage"":null,""scope_basis"":""hsp_forecast_table_row"",""scope_kind"":""LOCATED_INTERVAL"",""start_chainage"":1014410.0,""state_role"":null,""valid_date"":null}",doc_b84482f2cbc3d64012d7baad_e0005,stage7_main_task_021,False
typed_claim_925b3ca5df756154eda799da,FORECAST_GEOLOGICAL_CONDITION,"{""attribute_dimension"":null,""attribute_name"":""lithology"",""normalized_value"":""板岩夹变质砂岩"",""source_evidence_id"":""doc_26329a21844828d7f27d1512_e0002""}",FORECAST,,81,geological_forecast,fact_lock_0ce7d8177055f250f0b26bfc,FORWARD_ATTENTION_CELL,"{""cell_id"":null,""daily_state_id"":null,""end_chainage"":1014501.0,""point_chainage"":null,""scope_basis"":""forecast_segment"",""scope_kind"":""LOCATED_INTERVAL"",""start_chainage"":1014471.0,""state_role"":null,""valid_date"":null}",doc_26329a21844828d7f27d1512_e0002,stage7_main_task_021,False
typed_claim_16f087018185fce078909af1,FORECAST_GEOLOGICAL_CONDITION,"{""attribute_dimension"":null,""attribute_name"":""lithology"",""normalized_value"":""板岩夹变质砂岩"",""source_evidence_id"":""doc_665dc65538c9aec44e36752a_e0002""}",FORECAST,,82,geological_forecast,fact_lock_0ca05aeaa9477ec48d9b3454,DAILY_REVIEW_CELL,"{""cell_id"":null,""daily_state_id"":null,""end_chainage"":1014449.0,""point_chainage"":null,""scope_basis"":""forecast_segment"",""scope_kind"":""LOCATED_INTERVAL"",""start_chainage"":1014419.0,""state_role"":null,""valid_date"":null}",doc_665dc65538c9aec44e36752a_e0002,stage7_main_task_021,False
typed_claim_971811d46366995eadfbc2cf,FORECAST_GEOLOGICAL_CONDITION,"{""attribute_dimension"":null,""attribute_name"":""lithology"",""normalized_value"":""板岩夹变质砂岩"",""source_evidence_id"":""doc_665dc65538c9aec44e36752a_e0002""}",FORECAST,,83,geological_forecast,fact_lock_5fb9a8a6ac9570345eb49555,DAILY_REVIEW_CELL,"{""cell_id"":null,""daily_state_id"":null,""end_chainage"":1014449.0,""point_chainage"":null,""scope_basis"":""forecast_segment"",""scope_kind"":""LOCATED_INTERVAL"",""start_chainage"":1014419.0,""state_role"":null,""valid_date"":null}",doc_665dc65538c9aec44e36752a_e0002,stage7_main_task_021,False
typed_claim_d9c2af9caa6a784fc804d2a7,FORECAST_GEOLOGICAL_CONDITION,"{""attribute_dimension"":null,""attribute_name"":""weathering"",""normalized_value"":""弱风化"",""source_evidence_id"":""doc_cae21ab80a31f71dbe3e20e9_e0002""}",FORECAST,,84,geological_forecast,fact_lock_50458a79851ce38b547c7aed,FORWARD_ATTENTION_CELL,"{""cell_id"":null,""daily_state_id"":null,""end_chainage"":1014512.0,""point_chainage"":null,""scope_basis"":""hsp_forecast_table_row"",""scope_kind"":""LOCATED_INTERVAL"",""start_chainage"":1014455.0,""state_role"":null,""valid_date"":null}",doc_cae21ab80a31f71dbe3e20e9_e0002,stage7_main_task_021,False
typed_claim_9d05f67268e9081eebcdae19,FORECAST_GEOLOGICAL_CONDITION,"{""attribute_dimension"":null,""attribute_name"":""weathering"",""normalized_value"":""弱风化"",""source_evidence_id"":""doc_cae21ab80a31f71dbe3e20e9_e0002""}",FORECAST,,85,geological_forecast,fact_lock_ac00d98b28f8ec0ae612078c,FORWARD_ATTENTION_CELL,"{""cell_id"":null,""daily_state_id"":null,""end_chainage"":1014512.0,""point_chainage"":null,""scope_basis"":""hsp_forecast_table_row"",""scope_kind"":""LOCATED_INTERVAL"",""start_chainage"":1014455.0,""state_role"":null,""valid_date"":null}",doc_cae21ab80a31f71dbe3e20e9_e0002,stage7_main_task_021,False
typed_claim_14628005dd02fe37423d88b8,FORECAST_GEOLOGICAL_CONDITION,"{""attribute_dimension"":null,""attribute_name"":""weathering"",""normalized_value"":""弱风化"",""source_evidence_id"":""doc_cae21ab80a31f71dbe3e20e9_e0002""}",FORECAST,,86,geological_forecast,fact_lock_bf49f5fe2038ce786362166d,FORWARD_ATTENTION_CELL,"{""cell_id"":null,""daily_state_id"":null,""end_chainage"":1014512.0,""point_chainage"":null,""scope_basis"":""hsp_forecast_table_row"",""scope_kind"":""LOCATED_INTERVAL"",""start_chainage"":1014455.0,""state_role"":null,""valid_date"":null}",doc_cae21ab80a31f71dbe3e20e9_e0002,stage7_main_task_021,False
typed_claim_e73066cfb82cb3d8e3af8683,FORECAST_GEOLOGICAL_CONDITION,"{""attribute_dimension"":null,""attribute_name"":""geological_conclusion"",""normalized_value"":""该段围岩与当前掌子面相当。岩 性为板岩夹变质砂岩，弱风化， 节理裂隙发育，岩体破碎。"",""source_evidence_id"":""doc_99cb24b0b45c767bece0fac1_e0002""}",FORECAST,,87,geological_forecast,fact_lock_0d437e7aec9ee03f3dadcbd2,DAILY_REVIEW_CELL,"{""cell_id"":null,""daily_state_id"":null,""end_chainage"":1014445.0,""point_chainage"":null,""scope_basis"":""hsp_forecast_table_row"",""scope_kind"":""LOCATED_INTERVAL"",""start_chainage"":1014431.0,""state_role"":null,""valid_date"":null}",doc_99cb24b0b45c767bece0fac1_e0002,stage7_main_task_021,False
typed_claim_146ad752302843e30fee1e48,FORECAST_GEOLOGICAL_CONDITION,"{""attribute_dimension"":null,""attribute_name"":""geological_conclusion"",""normalized_value"":""该段围岩与当前掌子面相当。岩 性为板岩夹变质砂岩，弱风化， 节理裂隙发育，岩体破碎。"",""source_evidence_id"":""doc_99cb24b0b45c767bece0fac1_e0002""}",FORECAST,,88,geological_forecast,fact_lock_2e0b0dba76ad00e566534173,DAILY_REVIEW_CELL,"{""cell_id"":null,""daily_state_id"":null,""end_chainage"":1014445.0,""point_chainage"":null,""scope_basis"":""hsp_forecast_table_row"",""scope_kind"":""LOCATED_INTERVAL"",""start_chainage"":1014431.0,""state_role"":null,""valid_date"":null}",doc_99cb24b0b45c767bece0fac1_e0002,stage7_main_task_021,False
typed_claim_6cda1b0d7fb3d9932a4f5802,FORECAST_GEOLOGICAL_CONDITION,"{""attribute_dimension"":null,""attribute_name"":""rock_mass_state"",""normalized_value"":""岩体破碎"",""source_evidence_id"":""doc_26329a21844828d7f27d1512_e0002""}",FORECAST,,89,geological_forecast,fact_lock_9d2560450a2f9d304ccd4d29,FORWARD_ATTENTION_CELL,"{""cell_id"":null,""daily_state_id"":null,""end_chainage"":1014501.0,""point_chainage"":null,""scope_basis"":""forecast_segment"",""scope_kind"":""LOCATED_INTERVAL"",""start_chainage"":1014471.0,""state_role"":null,""valid_date"":null}",doc_26329a21844828d7f27d1512_e0002,stage7_main_task_021,False
typed_claim_0457df06ff77112e01cc953f,FORECAST_GEOLOGICAL_CONDITION,"{""attribute_dimension"":null,""attribute_name"":""joint_development"",""normalized_value"":""节理裂隙发育密集"",""source_evidence_id"":""doc_b84482f2cbc3d64012d7baad_e0005""}",FORECAST,,90,geological_forecast,fact_lock_ac8ca70b4e40008854cf6500,DAILY_REVIEW_CELL,"{""cell_id"":null,""daily_state_id"":null,""end_chainage"":1014441.0,""point_chainage"":null,""scope_basis"":""hsp_forecast_table_row"",""scope_kind"":""LOCATED_INTERVAL"",""start_chainage"":1014410.0,""state_role"":null,""valid_date"":null}",doc_b84482f2cbc3d64012d7baad_e0005,stage7_main_task_021,False
typed_claim_916dcc57fe46976b012f32bd,FORECAST_GEOLOGICAL_CONDITION,"{""attribute_dimension"":null,""attribute_name"":""joint_development"",""normalized_value"":""节理裂隙发育密集"",""source_evidence_id"":""doc_b84482f2cbc3d64012d7baad_e0005""}",FORECAST,,91,geological_forecast,fact_lock_b45b2cff91648051c0c876bd,DAILY_REVIEW_CELL,"{""cell_id"":null,""daily_state_id"":null,""end_chainage"":1014441.0,""point_chainage"":null,""scope_basis"":""hsp_forecast_table_row"",""scope_kind"":""LOCATED_INTERVAL"",""start_chainage"":1014410.0,""state_role"":null,""valid_date"":null}",doc_b84482f2cbc3d64012d7baad_e0005,stage7_main_task_021,False
typed_claim_92df8a604cb7d835e0d6015c,FORECAST_GEOLOGICAL_CONDITION,"{""attribute_dimension"":null,""attribute_name"":""joint_development"",""normalized_value"":""节理裂隙发育"",""source_evidence_id"":""doc_99cb24b0b45c767bece0fac1_e0004""}",FORECAST,,92,geological_forecast,fact_lock_ebe36f78f30d0859e86628f2,FORWARD_ATTENTION_CELL,"{""cell_id"":null,""daily_state_id"":null,""end_chainage"":1014494.0,""point_chainage"":null,""scope_basis"":""hsp_forecast_table_row"",""scope_kind"":""LOCATED_INTERVAL"",""start_chainage"":1014476.0,""state_role"":null,""valid_date"":null}",doc_99cb24b0b45c767bece0fac1_e0004,stage7_main_task_021,False
typed_claim_7191fd3f0df492383048411e,FORECAST_GEOLOGICAL_CONDITION,"{""attribute_dimension"":null,""attribute_name"":""rock_mass_state"",""normalized_value"":""岩体破碎"",""source_evidence_id"":""doc_cae21ab80a31f71dbe3e20e9_e0002""}",FORECAST,,93,geological_forecast,fact_lock_442e62b0d7a3109fc855030a,FORWARD_ATTENTION_CELL,"{""cell_id"":null,""daily_state_id"":null,""end_chainage"":1014512.0,""point_chainage"":null,""scope_basis"":""hsp_forecast_table_row"",""scope_kind"":""LOCATED_INTERVAL"",""start_chainage"":1014455.0,""state_role"":null,""valid_date"":null}",doc_cae21ab80a31f71dbe3e20e9_e0002,stage7_main_task_021,False
typed_claim_9404d5f967f559fba547ca3a,FORECAST_GEOLOGICAL_CONDITION,"{""attribute_dimension"":null,""attribute_name"":""rock_mass_state"",""normalized_value"":""岩体破碎"",""source_evidence_id"":""doc_cae21ab80a31f71dbe3e20e9_e0002""}",FORECAST,,94,geological_forecast,fact_lock_66e9fcf5a83ada8bd292356d,FORWARD_ATTENTION_CELL,"{""cell_id"":null,""daily_state_id"":null,""end_chainage"":1014512.0,""point_chainage"":null,""scope_basis"":""hsp_forecast_table_row"",""scope_kind"":""LOCATED_INTERVAL"",""start_chainage"":1014455.0,""state_role"":null,""valid_date"":null}",doc_cae21ab80a31f71dbe3e20e9_e0002,stage7_main_task_021,False
typed_claim_6639a1921ae4e140350a53f7,FORECAST_GEOLOGICAL_CONDITION,"{""attribute_dimension"":null,""attribute_name"":""rock_mass_state"",""normalized_value"":""岩体破碎"",""source_evidence_id"":""doc_cae21ab80a31f71dbe3e20e9_e0002""}",FORECAST,,95,geological_forecast,fact_lock_7ababa9eb7c09590e80a26c3,FORWARD_ATTENTION_CELL,"{""cell_id"":null,""daily_state_id"":null,""end_chainage"":1014512.0,""point_chainage"":null,""scope_basis"":""hsp_forecast_table_row"",""scope_kind"":""LOCATED_INTERVAL"",""start_chainage"":1014455.0,""state_role"":null,""valid_date"":null}",doc_cae21ab80a31f71dbe3e20e9_e0002,stage7_main_task_021,False
typed_claim_5beefde7e16e8ee258cb9b0a,FORECAST_GEOLOGICAL_CONDITION,"{""attribute_dimension"":null,""attribute_name"":""suggested_grade"",""normalized_value"":""Ⅳ级"",""source_evidence_id"":""doc_99cb24b0b45c767bece0fac1_e0002""}",FORECAST,,96,geological_forecast,fact_lock_0949aa68b80fefbda5c458b3,DAILY_REVIEW_CELL,"{""cell_id"":null,""daily_state_id"":null,""end_chainage"":1014445.0,""point_chainage"":null,""scope_basis"":""hsp_forecast_table_row"",""scope_kind"":""LOCATED_INTERVAL"",""start_chainage"":1014431.0,""state_role"":null,""valid_date"":null}",doc_99cb24b0b45c767bece0fac1_e0002,stage7_main_task_021,False
typed_claim_643e9e3dbce21400053db953,FORECAST_GEOLOGICAL_CONDITION,"{""attribute_dimension"":null,""attribute_name"":""suggested_grade"",""normalized_value"":""Ⅳ级"",""source_evidence_id"":""doc_99cb24b0b45c767bece0fac1_e0002""}",FORECAST,,97,geological_forecast,fact_lock_cb2a3e24ec292cea3554b36d,DAILY_REVIEW_CELL,"{""cell_id"":null,""daily_state_id"":null,""end_chainage"":1014445.0,""point_chainage"":null,""scope_basis"":""hsp_forecast_table_row"",""scope_kind"":""LOCATED_INTERVAL"",""start_chainage"":1014431.0,""state_role"":null,""valid_date"":null}",doc_99cb24b0b45c767bece0fac1_e0002,stage7_main_task_021,False
typed_claim_e8d5c2930da2ddf586da403b,FORECAST_GEOLOGICAL_CONDITION,"{""attribute_dimension"":null,""attribute_name"":""geological_conclusion"",""normalized_value"":""该段围岩较前段变差。岩性为板 岩夹变质砂岩，弱风化，岩质软 硬不均，节理裂隙发育密集，岩 体破碎，裂隙层间结合度差。"",""source_evidence_id"":""doc_99cb24b0b45c767bece0fac1_e0003""}",FORECAST,,98,geological_forecast,fact_lock_545065c46b8a236d5960d9ca,DAILY_REVIEW_CELL,"{""cell_id"":null,""daily_state_id"":null,""end_chainage"":1014476.0,""point_chainage"":null,""scope_basis"":""hsp_forecast_table_row"",""scope_kind"":""LOCATED_INTERVAL"",""start_chainage"":1014445.0,""state_role"":null,""valid_date"":null}",doc_99cb24b0b45c767bece0fac1_e0003,stage7_main_task_021,False
typed_claim_b5d9f251a06c7b12e48ca4f7,FORECAST_GEOLOGICAL_CONDITION,"{""attribute_dimension"":null,""attribute_name"":""anomaly_level"",""normalized_value"":""MODERATE"",""source_evidence_id"":""doc_99cb24b0b45c767bece0fac1_e0003""}",FORECAST,,99,geological_forecast,fact_lock_ff46d0155e393fdc1af11d65,DAILY_REVIEW_CELL,"{""cell_id"":null,""daily_state_id"":null,""end_chainage"":1014476.0,""point_chainage"":null,""scope_basis"":""hsp_forecast_table_row"",""scope_kind"":""LOCATED_INTERVAL"",""start_chainage"":1014445.0,""state_role"":null,""valid_date"":null}",doc_99cb24b0b45c767bece0fac1_e0003,stage7_main_task_021,False
typed_claim_2c11c68c38127b7defb5b347,FORECAST_GEOLOGICAL_CONDITION,"{""attribute_dimension"":null,""attribute_name"":""joint_development"",""normalized_value"":""节理裂隙发育"",""source_evidence_id"":""doc_99cb24b0b45c767bece0fac1_e0002""}",FORECAST,,100,geological_forecast,fact_lock_da27579e75acb7fc72b17ff8,DAILY_REVIEW_CELL,"{""cell_id"":null,""daily_state_id"":null,""end_chainage"":1014445.0,""point_chainage"":null,""scope_basis"":""hsp_forecast_table_row"",""scope_kind"":""LOCATED_INTERVAL"",""start_chainage"":1014431.0,""state_role"":null,""valid_date"":null}",doc_99cb24b0b45c767bece0fac1_e0002,stage7_main_task_021,False
typed_claim_25415ef17c72e0947fb3a6a6,FORECAST_GEOLOGICAL_CONDITION,"{""attribute_dimension"":null,""attribute_name"":""joint_development"",""normalized_value"":""节理裂隙发育"",""source_evidence_id"":""doc_99cb24b0b45c767bece0fac1_e0002""}",FORECAST,,101,geological_forecast,fact_lock_ffa47ff139572e08880f45a1,DAILY_REVIEW_CELL,"{""cell_id"":null,""daily_state_id"":null,""end_chainage"":1014445.0,""point_chainage"":null,""scope_basis"":""hsp_forecast_table_row"",""scope_kind"":""LOCATED_INTERVAL"",""start_chainage"":1014431.0,""state_role"":null,""valid_date"":null}",doc_99cb24b0b45c767bece0fac1_e0002,stage7_main_task_021,False
typed_claim_bc63a50168b04a0f9750827c,FORECAST_GEOLOGICAL_CONDITION,"{""attribute_dimension"":null,""attribute_name"":""block_fall_or_collapse"",""normalized_value"":""掉块"",""source_evidence_id"":""doc_c6033d47fac60b63875a730d_e0002""}",FORECAST,,102,geological_forecast,fact_lock_4052248b9ddb477224e906f8,DAILY_REVIEW_CELL,"{""cell_id"":null,""daily_state_id"":null,""end_chainage"":1014471.0,""point_chainage"":null,""scope_basis"":""forecast_segment"",""scope_kind"":""LOCATED_INTERVAL"",""start_chainage"":1014441.0,""state_role"":null,""valid_date"":null}",doc_c6033d47fac60b63875a730d_e0002,stage7_main_task_021,False
typed_claim_77df17f80f9d85198185810d,FORECAST_GEOLOGICAL_CONDITION,"{""attribute_dimension"":null,""attribute_name"":""joint_development"",""normalized_value"":""节理裂隙发育"",""source_evidence_id"":""doc_c6033d47fac60b63875a730d_e0002""}",FORECAST,,103,geological_forecast,fact_lock_84c2769b54802f4363bb2db0,DAILY_REVIEW_CELL,"{""cell_id"":null,""daily_state_id"":null,""end_chainage"":1014471.0,""point_chainage"":null,""scope_basis"":""forecast_segment"",""scope_kind"":""LOCATED_INTERVAL"",""start_chainage"":1014441.0,""state_role"":null,""valid_date"":null}",doc_c6033d47fac60b63875a730d_e0002,stage7_main_task_021,False
typed_claim_c42c9b72498ff44a70bbf170,FORECAST_GEOLOGICAL_CONDITION,"{""attribute_dimension"":null,""attribute_name"":""water_type"",""normalized_value"":""滴渗水"",""source_evidence_id"":""doc_c6033d47fac60b63875a730d_e0002""}",FORECAST,,104,geological_forecast,fact_lock_141ac05082338a1ac67be8df,DAILY_REVIEW_CELL,"{""cell_id"":null,""daily_state_id"":null,""end_chainage"":1014471.0,""point_chainage"":null,""scope_basis"":""forecast_segment"",""scope_kind"":""LOCATED_INTERVAL"",""start_chainage"":1014441.0,""state_role"":null,""valid_date"":null}",doc_c6033d47fac60b63875a730d_e0002,stage7_main_task_021,False
typed_claim_fc32d40e06fd13ded4b77ae7,FORECAST_GEOLOGICAL_CONDITION,"{""attribute_dimension"":null,""attribute_name"":""rock_mass_state"",""normalized_value"":""岩体破碎"",""source_evidence_id"":""doc_99cb24b0b45c767bece0fac1_e0003""}",FORECAST,,105,geological_forecast,fact_lock_eca15d6fb17b1799216ec23b,DAILY_REVIEW_CELL,"{""cell_id"":null,""daily_state_id"":null,""end_chainage"":1014476.0,""point_chainage"":null,""scope_basis"":""hsp_forecast_table_row"",""scope_kind"":""LOCATED_INTERVAL"",""start_chainage"":1014445.0,""state_role"":null,""valid_date"":null}",doc_99cb24b0b45c767bece0fac1_e0003,stage7_main_task_021,False
typed_claim_ef624ca94ccb98e5c2886996,OPERATIONAL_RESPONSE_ATTENTION,"{""is_causal_estimate"":false,""is_hazard_probability"":false,""is_probability"":false,""metric_name"":""RAI"",""metric_semantics"":""OPERATIONAL_RESPONSE_ATTENTION_INDEX"",""metric_status"":""AVAILABLE"",""metric_value"":0.24604738185781358,""source_metric_id"":""state_rai_32350d67cadbf4438557f61e""}",,NONPROBABILISTIC_ATTENTION,106,operational_attention,fact_lock_48bd128fc4e058b113174ee9,DAILY_REVIEW_CELL,"{""cell_id"":""cell_45e09953a5ddef4462c0a147"",""daily_state_id"":null,""end_chainage"":null,""point_chainage"":null,""scope_basis"":""stage5b_bitemporal_state_subject"",""scope_kind"":""CELL"",""start_chainage"":null,""state_role"":""DAILY_REVIEW_CELL"",""valid_date"":""2023-12-18""}",state_rai_32350d67cadbf4438557f61e,stage7_main_task_021,False
typed_claim_544a33f4203325bd4d891237,OPERATIONAL_RESPONSE_ATTENTION,"{""is_causal_estimate"":false,""is_hazard_probability"":false,""is_probability"":false,""metric_name"":""RAI"",""metric_semantics"":""OPERATIONAL_RESPONSE_ATTENTION_INDEX"",""metric_status"":""AVAILABLE"",""metric_value"":0.5029477974847817,""source_metric_id"":""state_rai_91c7e55c3c37d9d41e294e13""}",,NONPROBABILISTIC_ATTENTION,107,operational_attention,fact_lock_e4a5e740e6ba11d1152c5310,DAILY_REVIEW_CELL,"{""cell_id"":""cell_9cfca22fbc766370829a5d1b"",""daily_state_id"":null,""end_chainage"":null,""point_chainage"":null,""scope_basis"":""stage5b_bitemporal_state_subject"",""scope_kind"":""CELL"",""start_chainage"":null,""state_role"":""DAILY_REVIEW_CELL"",""valid_date"":""2023-12-18""}",state_rai_91c7e55c3c37d9d41e294e13,stage7_main_task_021,False
typed_claim_813e3ec396f6be59a6f6a664,GEOLOGICAL_EVIDENCE_ATTENTION_REVIEW,"{""is_causal_estimate"":false,""is_hazard_probability"":false,""is_probability"":false,""metric_name"":""GRS"",""metric_semantics"":""GEOLOGICAL_EVIDENCE_ATTENTION_INDEX"",""metric_status"":""AVAILABLE"",""metric_value"":0.7888888888888889,""source_metric_id"":""state_grs_32350d67cadbf4438557f61e""}",,NONPROBABILISTIC_ATTENTION,108,geological_attention,fact_lock_95a2ea3262a602d8f10023be,DAILY_REVIEW_CELL,"{""cell_id"":""cell_45e09953a5ddef4462c0a147"",""daily_state_id"":null,""end_chainage"":null,""point_chainage"":null,""scope_basis"":""stage5b_bitemporal_state_subject"",""scope_kind"":""CELL"",""start_chainage"":null,""state_role"":""DAILY_REVIEW_CELL"",""valid_date"":""2023-12-18""}",state_grs_32350d67cadbf4438557f61e,stage7_main_task_021,False
typed_claim_154bd0df988385425d3348f1,GEOLOGICAL_EVIDENCE_ATTENTION_REVIEW,"{""is_causal_estimate"":false,""is_hazard_probability"":false,""is_probability"":false,""metric_name"":""GRS"",""metric_semantics"":""GEOLOGICAL_EVIDENCE_ATTENTION_INDEX"",""metric_status"":""AVAILABLE"",""metric_value"":0.7888888888888889,""source_metric_id"":""state_grs_91c7e55c3c37d9d41e294e13""}",,NONPROBABILISTIC_ATTENTION,109,geological_attention,fact_lock_6f2a9b13e7d023cbabc8bfdc,DAILY_REVIEW_CELL,"{""cell_id"":""cell_9cfca22fbc766370829a5d1b"",""daily_state_id"":null,""end_chainage"":null,""point_chainage"":null,""scope_basis"":""stage5b_bitemporal_state_subject"",""scope_kind"":""CELL"",""start_chainage"":null,""state_role"":""DAILY_REVIEW_CELL"",""valid_date"":""2023-12-18""}",state_grs_91c7e55c3c37d9d41e294e13,stage7_main_task_021,False
typed_claim_921a784ac749a43a8fa69abb,COUPLED_ATTENTION_REVIEW,"{""is_causal_estimate"":false,""is_hazard_probability"":false,""is_probability"":false,""metric_name"":""GRCI"",""metric_semantics"":""NONPROBABILISTIC_CONJUNCTIVE_PRODUCT"",""metric_status"":""AVAILABLE"",""metric_value"":0.1941040456878307,""source_metric_id"":""state_grci_32350d67cadbf4438557f61e""}",,NONPROBABILISTIC_ATTENTION,110,coupled_attention,fact_lock_b45c35f557679a9fba26c836,DAILY_REVIEW_CELL,"{""cell_id"":""cell_45e09953a5ddef4462c0a147"",""daily_state_id"":null,""end_chainage"":null,""point_chainage"":null,""scope_basis"":""stage5b_bitemporal_state_subject"",""scope_kind"":""CELL"",""start_chainage"":null,""state_role"":""DAILY_REVIEW_CELL"",""valid_date"":""2023-12-18""}",state_grci_32350d67cadbf4438557f61e,stage7_main_task_021,False
typed_claim_d3a9113b981c1c24aa3474bb,COUPLED_ATTENTION_REVIEW,"{""is_causal_estimate"":false,""is_hazard_probability"":false,""is_probability"":false,""metric_name"":""GRCI"",""metric_semantics"":""NONPROBABILISTIC_CONJUNCTIVE_PRODUCT"",""metric_status"":""AVAILABLE"",""metric_value"":0.3967699291268833,""source_metric_id"":""state_grci_91c7e55c3c37d9d41e294e13""}",,NONPROBABILISTIC_ATTENTION,111,coupled_attention,fact_lock_f6d32a83385e28dc3fc89e80,DAILY_REVIEW_CELL,"{""cell_id"":""cell_9cfca22fbc766370829a5d1b"",""daily_state_id"":null,""end_chainage"":null,""point_chainage"":null,""scope_basis"":""stage5b_bitemporal_state_subject"",""scope_kind"":""CELL"",""start_chainage"":null,""state_role"":""DAILY_REVIEW_CELL"",""valid_date"":""2023-12-18""}",state_grci_91c7e55c3c37d9d41e294e13,stage7_main_task_021,False
typed_claim_f763e1679ee7f49201c2e2f0,FORWARD_GEOLOGICAL_ATTENTION,"{""is_causal_estimate"":false,""is_hazard_probability"":false,""is_probability"":false,""metric_name"":""GRS"",""metric_semantics"":""FORWARD_GEOLOGICAL_EVIDENCE_ATTENTION_INDEX"",""metric_status"":""AVAILABLE"",""metric_value"":0.5416666666666666,""source_metric_id"":""state_grs_b02a3aba9ea993db6dbe98a9""}",,NONPROBABILISTIC_ATTENTION,112,forward_attention,fact_lock_c831bd7994f131f42fdfc0f8,FORWARD_ATTENTION_CELL,"{""cell_id"":""cell_64ff35e15826ff3f4f73e53f"",""daily_state_id"":null,""end_chainage"":null,""point_chainage"":null,""scope_basis"":""stage5b_bitemporal_state_subject"",""scope_kind"":""CELL"",""start_chainage"":null,""state_role"":""FORWARD_ATTENTION_CELL"",""valid_date"":""2023-12-18""}",state_grs_b02a3aba9ea993db6dbe98a9,stage7_main_task_021,False
typed_claim_e36289050b690b01be3b7f29,FORWARD_GEOLOGICAL_ATTENTION,"{""is_causal_estimate"":false,""is_hazard_probability"":false,""is_probability"":false,""metric_name"":""GRS"",""metric_semantics"":""FORWARD_GEOLOGICAL_EVIDENCE_ATTENTION_INDEX"",""metric_status"":""AVAILABLE"",""metric_value"":0.5416666666666666,""source_metric_id"":""state_grs_00a10d796507eab137ba4afa""}",,NONPROBABILISTIC_ATTENTION,113,forward_attention,fact_lock_d658463a9045fa53b94cc861,FORWARD_ATTENTION_CELL,"{""cell_id"":""cell_a988b2656051f7e18ac637e4"",""daily_state_id"":null,""end_chainage"":null,""point_chainage"":null,""scope_basis"":""stage5b_bitemporal_state_subject"",""scope_kind"":""CELL"",""start_chainage"":null,""state_role"":""FORWARD_ATTENTION_CELL"",""valid_date"":""2023-12-18""}",state_grs_00a10d796507eab137ba4afa,stage7_main_task_021,False
typed_claim_9c7374a2fbb283f5ac88a556,FORWARD_GEOLOGICAL_ATTENTION,"{""is_causal_estimate"":false,""is_hazard_probability"":false,""is_probability"":false,""metric_name"":""GRS"",""metric_semantics"":""FORWARD_GEOLOGICAL_EVIDENCE_ATTENTION_INDEX"",""metric_status"":""AVAILABLE"",""metric_value"":0.5944444444444444,""source_metric_id"":""state_grs_eb20313900a9f2ccbc3a363a""}",,NONPROBABILISTIC_ATTENTION,114,forward_attention,fact_lock_7ec1acd100cbb367e129de6b,FORWARD_ATTENTION_CELL,"{""cell_id"":""cell_8daeb32ef201b43aa2396d30"",""daily_state_id"":null,""end_chainage"":null,""point_chainage"":null,""scope_basis"":""stage5b_bitemporal_state_subject"",""scope_kind"":""CELL"",""start_chainage"":null,""state_role"":""FORWARD_ATTENTION_CELL"",""valid_date"":""2023-12-18""}",state_grs_eb20313900a9f2ccbc3a363a,stage7_main_task_021,False
typed_claim_ca0ffc8008152f563babaa91,FORECAST_GEOLOGICAL_CONDITION,"{""attribute_dimension"":null,""attribute_name"":""anomaly_level"",""normalized_value"":""HIGH"",""source_evidence_id"":""doc_c19c0e4b52882f445108f4a0_e0007""}",FORECAST,,0,geological_forecast,fact_lock_e151f91081310403d5a87d01,FORWARD_ATTENTION_CELL,"{""cell_id"":null,""daily_state_id"":null,""end_chainage"":1014366.0,""point_chainage"":null,""scope_basis"":""hsp_forecast_table_row"",""scope_kind"":""LOCATED_INTERVAL"",""start_chainage"":1014358.0,""state_role"":null,""valid_date"":null}",doc_c19c0e4b52882f445108f4a0_e0007,stage7_main_task_023,False
typed_claim_4b0e94c12031b3d8bdf0c7ae,FORECAST_GEOLOGICAL_CONDITION,"{""attribute_dimension"":null,""attribute_name"":""joint_development"",""normalized_value"":""节理裂隙发育"",""source_evidence_id"":""doc_c19c0e4b52882f445108f4a0_e0007""}",FORECAST,,1,geological_forecast,fact_lock_36bacaf1bdb3f61abf33adf9,FORWARD_ATTENTION_CELL,"{""cell_id"":null,""daily_state_id"":null,""end_chainage"":1014366.0,""point_chainage"":null,""scope_basis"":""hsp_forecast_table_row"",""scope_kind"":""LOCATED_INTERVAL"",""start_chainage"":1014358.0,""state_role"":null,""valid_date"":null}",doc_c19c0e4b52882f445108f4a0_e0007,stage7_main_task_023,False
typed_claim_49b0a40400914164ab8c8f95,FORECAST_GEOLOGICAL_CONDITION,"{""attribute_dimension"":null,""attribute_name"":""weathering"",""normalized_value"":""弱风化"",""source_evidence_id"":""doc_b84482f2cbc3d64012d7baad_e0003""}",FORECAST,,2,geological_forecast,fact_lock_e449cef7c9e2d603081cef3b,FORWARD_ATTENTION_CELL,"{""cell_id"":null,""daily_state_id"":null,""end_chainage"":1014380.0,""point_chainage"":null,""scope_basis"":""hsp_forecast_table_row"",""scope_kind"":""LOCATED_INTERVAL"",""start_chainage"":1014352.0,""state_role"":null,""valid_date"":null}",doc_b84482f2cbc3d64012d7baad_e0003,stage7_main_task_023,False
typed_claim_c49ef7a8e82f403e02c33915,FORECAST_GEOLOGICAL_CONDITION,"{""attribute_dimension"":null,""attribute_name"":""suggested_grade"",""normalized_value"":""Ⅳ级"",""source_evidence_id"":""doc_b84482f2cbc3d64012d7baad_e0003""}",FORECAST,,3,geological_forecast,fact_lock_bafdb2f059b09b9adf4984cb,FORWARD_ATTENTION_CELL,"{""cell_id"":null,""daily_state_id"":null,""end_chainage"":1014380.0,""point_chainage"":null,""scope_basis"":""hsp_forecast_table_row"",""scope_kind"":""LOCATED_INTERVAL"",""start_chainage"":1014352.0,""state_role"":null,""valid_date"":null}",doc_b84482f2cbc3d64012d7baad_e0003,stage7_main_task_023,False
typed_claim_8e50c3fbb7b7a3046db55d81,FORECAST_GEOLOGICAL_CONDITION,"{""attribute_dimension"":null,""attribute_name"":""weathering"",""normalized_value"":""弱风化"",""source_evidence_id"":""doc_c19c0e4b52882f445108f4a0_e0007""}",FORECAST,,4,geological_forecast,fact_lock_d5580ff62db5a18f40c05639,FORWARD_ATTENTION_CELL,"{""cell_id"":null,""daily_state_id"":null,""end_chainage"":1014366.0,""point_chainage"":null,""scope_basis"":""hsp_forecast_table_row"",""scope_kind"":""LOCATED_INTERVAL"",""start_chainage"":1014358.0,""state_role"":null,""valid_date"":null}",doc_c19c0e4b52882f445108f4a0_e0007,stage7_main_task_023,False
typed_claim_d45a0db981537e600cd398a7,FORECAST_GEOLOGICAL_CONDITION,"{""attribute_dimension"":null,""attribute_name"":""geological_conclusion"",""normalized_value"":""该段围岩较前段变差。岩性为板 岩夹变质砂岩，弱风化，岩质软 硬不均，节理裂隙发育，岩体破 碎，层间结合差。"",""source_evidence_id"":""doc_c19c0e4b52882f445108f4a0_e0007""}",FORECAST,,5,geological_forecast,fact_lock_ed03906381e634b7ebd2d5da,FORWARD_ATTENTION_CELL,"{""cell_id"":null,""daily_state_id"":null,""end_chainage"":1014366.0,""point_chainage"":null,""scope_basis"":""hsp_forecast_table_row"",""scope_kind"":""LOCATED_INTERVAL"",""start_chainage"":1014358.0,""state_role"":null,""valid_date"":null}",doc_c19c0e4b52882f445108f4a0_e0007,stage7_main_task_023,False
typed_claim_6bb3d120285895008d8876cf,FORECAST_GEOLOGICAL_CONDITION,"{""attribute_dimension"":null,""attribute_name"":""joint_development"",""normalized_value"":""节理裂隙发育密集"",""source_evidence_id"":""doc_b84482f2cbc3d64012d7baad_e0003""}",FORECAST,,6,geological_forecast,fact_lock_993594cc93c41b7569c747c8,FORWARD_ATTENTION_CELL,"{""cell_id"":null,""daily_state_id"":null,""end_chainage"":1014380.0,""point_chainage"":null,""scope_basis"":""hsp_forecast_table_row"",""scope_kind"":""LOCATED_INTERVAL"",""start_chainage"":1014352.0,""state_role"":null,""valid_date"":null}",doc_b84482f2cbc3d64012d7baad_e0003,stage7_main_task_023,False
typed_claim_3fea5bb97c76659dd1ec15da,FORECAST_GEOLOGICAL_CONDITION,"{""attribute_dimension"":null,""attribute_name"":""risk_hint"",""normalized_value"":""里程+352、 +363、+375 附近有掉块 风险"",""source_evidence_id"":""doc_b84482f2cbc3d64012d7baad_e0003""}",FORECAST,,7,geological_forecast,fact_lock_c94be29e005c284b311277f2,FORWARD_ATTENTION_CELL,"{""cell_id"":null,""daily_state_id"":null,""end_chainage"":1014380.0,""point_chainage"":null,""scope_basis"":""hsp_forecast_table_row"",""scope_kind"":""LOCATED_INTERVAL"",""start_chainage"":1014352.0,""state_role"":null,""valid_date"":null}",doc_b84482f2cbc3d64012d7baad_e0003,stage7_main_task_023,False
typed_claim_33cea689c3adb2b941f6ac36,FORECAST_GEOLOGICAL_CONDITION,"{""attribute_dimension"":null,""attribute_name"":""lithology"",""normalized_value"":""板岩夹变质砂岩"",""source_evidence_id"":""doc_b84482f2cbc3d64012d7baad_e0003""}",FORECAST,,8,geological_forecast,fact_lock_17a65f8c7d25f7e89eade525,FORWARD_ATTENTION_CELL,"{""cell_id"":null,""daily_state_id"":null,""end_chainage"":1014380.0,""point_chainage"":null,""scope_basis"":""hsp_forecast_table_row"",""scope_kind"":""LOCATED_INTERVAL"",""start_chainage"":1014352.0,""state_role"":null,""valid_date"":null}",doc_b84482f2cbc3d64012d7baad_e0003,stage7_main_task_023,False
typed_claim_6b46c438701279265f7c343a,FORECAST_GEOLOGICAL_CONDITION,"{""attribute_dimension"":null,""attribute_name"":""lithology"",""normalized_value"":""板岩夹变质砂岩"",""source_evidence_id"":""doc_c19c0e4b52882f445108f4a0_e0007""}",FORECAST,,9,geological_forecast,fact_lock_ea65908a364a6d4933b1b1ad,FORWARD_ATTENTION_CELL,"{""cell_id"":null,""daily_state_id"":null,""end_chainage"":1014366.0,""point_chainage"":null,""scope_basis"":""hsp_forecast_table_row"",""scope_kind"":""LOCATED_INTERVAL"",""start_chainage"":1014358.0,""state_role"":null,""valid_date"":null}",doc_c19c0e4b52882f445108f4a0_e0007,stage7_main_task_023,False
typed_claim_3af1e08de1ecf1beaca701fc,FORECAST_GEOLOGICAL_CONDITION,"{""attribute_dimension"":null,""attribute_name"":""geological_conclusion"",""normalized_value"":""该段围岩较前段变差。岩性为板 岩夹变质砂岩，弱风化，岩质软 硬不均，节理裂隙发育密集，层 间结合差，岩体破碎-极破碎"",""source_evidence_id"":""doc_b84482f2cbc3d64012d7baad_e0003""}",FORECAST,,10,geological_forecast,fact_lock_add96cc835d10fe326e83b62,FORWARD_ATTENTION_CELL,"{""cell_id"":null,""daily_state_id"":null,""end_chainage"":1014380.0,""point_chainage"":null,""scope_basis"":""hsp_forecast_table_row"",""scope_kind"":""LOCATED_INTERVAL"",""start_chainage"":1014352.0,""state_role"":null,""valid_date"":null}",doc_b84482f2cbc3d64012d7baad_e0003,stage7_main_task_023,False
typed_claim_f2c4571e9c0f573c96f09592,FORECAST_GEOLOGICAL_CONDITION,"{""attribute_dimension"":null,""attribute_name"":""rock_mass_state"",""normalized_value"":""岩体破碎-极破碎"",""source_evidence_id"":""doc_b84482f2cbc3d64012d7baad_e0003""}",FORECAST,,11,geological_forecast,fact_lock_5df37e9028b963d27977efa9,FORWARD_ATTENTION_CELL,"{""cell_id"":null,""daily_state_id"":null,""end_chainage"":1014380.0,""point_chainage"":null,""scope_basis"":""hsp_forecast_table_row"",""scope_kind"":""LOCATED_INTERVAL"",""start_chainage"":1014352.0,""state_role"":null,""valid_date"":null}",doc_b84482f2cbc3d64012d7baad_e0003,stage7_main_task_023,False
typed_claim_87aa59f25b16cd1e378aa3fd,FORECAST_GEOLOGICAL_CONDITION,"{""attribute_dimension"":null,""attribute_name"":""suggested_grade"",""normalized_value"":""Ⅳ级"",""source_evidence_id"":""doc_c19c0e4b52882f445108f4a0_e0007""}",FORECAST,,12,geological_forecast,fact_lock_f19b82c13ad45fa042b0759f,FORWARD_ATTENTION_CELL,"{""cell_id"":null,""daily_state_id"":null,""end_chainage"":1014366.0,""point_chainage"":null,""scope_basis"":""hsp_forecast_table_row"",""scope_kind"":""LOCATED_INTERVAL"",""start_chainage"":1014358.0,""state_role"":null,""valid_date"":null}",doc_c19c0e4b52882f445108f4a0_e0007,stage7_main_task_023,False
typed_claim_0df9d68505efb7d4eb488c9c,FORECAST_GEOLOGICAL_CONDITION,"{""attribute_dimension"":null,""attribute_name"":""rock_mass_state"",""normalized_value"":""岩体破碎"",""source_evidence_id"":""doc_c19c0e4b52882f445108f4a0_e0007""}",FORECAST,,13,geological_forecast,fact_lock_1743366d545f2001d18a52a4,FORWARD_ATTENTION_CELL,"{""cell_id"":null,""daily_state_id"":null,""end_chainage"":1014366.0,""point_chainage"":null,""scope_basis"":""hsp_forecast_table_row"",""scope_kind"":""LOCATED_INTERVAL"",""start_chainage"":1014358.0,""state_role"":null,""valid_date"":null}",doc_c19c0e4b52882f445108f4a0_e0007,stage7_main_task_023,False
typed_claim_4f0764b988e1e09cc88506c0,FORECAST_GEOLOGICAL_CONDITION,"{""attribute_dimension"":null,""attribute_name"":""anomaly_level"",""normalized_value"":""MODERATE"",""source_evidence_id"":""doc_b84482f2cbc3d64012d7baad_e0003""}",FORECAST,,14,geological_forecast,fact_lock_50322a8b8ac55b81a2b66592,FORWARD_ATTENTION_CELL,"{""cell_id"":null,""daily_state_id"":null,""end_chainage"":1014380.0,""point_chainage"":null,""scope_basis"":""hsp_forecast_table_row"",""scope_kind"":""LOCATED_INTERVAL"",""start_chainage"":1014352.0,""state_role"":null,""valid_date"":null}",doc_b84482f2cbc3d64012d7baad_e0003,stage7_main_task_023,False
typed_claim_9ec9188e42b6de332273c5a1,FORECAST_GEOLOGICAL_CONDITION,"{""attribute_dimension"":null,""attribute_name"":""risk_hint"",""normalized_value"":""里程+358 附 近有掉块风 险"",""source_evidence_id"":""doc_c19c0e4b52882f445108f4a0_e0007""}",FORECAST,,15,geological_forecast,fact_lock_845f5e449543ab455779b427,FORWARD_ATTENTION_CELL,"{""cell_id"":null,""daily_state_id"":null,""end_chainage"":1014366.0,""point_chainage"":null,""scope_basis"":""hsp_forecast_table_row"",""scope_kind"":""LOCATED_INTERVAL"",""start_chainage"":1014358.0,""state_role"":null,""valid_date"":null}",doc_c19c0e4b52882f445108f4a0_e0007,stage7_main_task_023,False
typed_claim_27370aa2ba4c54cb99a47100,FORWARD_GEOLOGICAL_ATTENTION,"{""is_causal_estimate"":false,""is_hazard_probability"":false,""is_probability"":false,""metric_name"":""GRS"",""metric_semantics"":""FORWARD_GEOLOGICAL_EVIDENCE_ATTENTION_INDEX"",""metric_status"":""AVAILABLE"",""metric_value"":0.9166666666666666,""source_metric_id"":""state_grs_41864b22d6f17b5d110e92a7""}",,NONPROBABILISTIC_ATTENTION,16,forward_attention,fact_lock_895ae9ba27d6742e4185efb3,FORWARD_ATTENTION_CELL,"{""cell_id"":""cell_18dcb188dff729ae040f264a"",""daily_state_id"":null,""end_chainage"":null,""point_chainage"":null,""scope_basis"":""stage5b_bitemporal_state_subject"",""scope_kind"":""CELL"",""start_chainage"":null,""state_role"":""FORWARD_ATTENTION_CELL"",""valid_date"":""2023-12-09""}",state_grs_41864b22d6f17b5d110e92a7,stage7_main_task_023,False
typed_claim_58e40d638d0d6295be426774,FORECAST_GEOLOGICAL_CONDITION,"{""attribute_dimension"":null,""attribute_name"":""water_type"",""normalized_value"":""滴渗水"",""source_evidence_id"":""doc_c6033d47fac60b63875a730d_e0002""}",FORECAST,,0,geological_forecast,fact_lock_bd9ecfd923968248f3824fbf,FORWARD_ATTENTION_CELL,"{""cell_id"":null,""daily_state_id"":null,""end_chainage"":1014471.0,""point_chainage"":null,""scope_basis"":""forecast_segment"",""scope_kind"":""LOCATED_INTERVAL"",""start_chainage"":1014441.0,""state_role"":null,""valid_date"":null}",doc_c6033d47fac60b63875a730d_e0002,stage7_main_task_024,False
typed_claim_7cbc81ae4cd539f7398d78c2,FORECAST_GEOLOGICAL_CONDITION,"{""attribute_dimension"":null,""attribute_name"":""joint_development"",""normalized_value"":""节理裂隙发育密集"",""source_evidence_id"":""doc_99cb24b0b45c767bece0fac1_e0003""}",FORECAST,,1,geological_forecast,fact_lock_2b772224e913b987eaf5d29a,FORWARD_ATTENTION_CELL,"{""cell_id"":null,""daily_state_id"":null,""end_chainage"":1014476.0,""point_chainage"":null,""scope_basis"":""hsp_forecast_table_row"",""scope_kind"":""LOCATED_INTERVAL"",""start_chainage"":1014445.0,""state_role"":null,""valid_date"":null}",doc_99cb24b0b45c767bece0fac1_e0003,stage7_main_task_024,False
typed_claim_faf26b5b22dd9d1e1fc6bf08,FORECAST_GEOLOGICAL_CONDITION,"{""attribute_dimension"":null,""attribute_name"":""narrative_water_observation"",""normalized_value"":""滴渗水"",""source_evidence_id"":""doc_c6033d47fac60b63875a730d_e0002""}",FORECAST,,2,geological_forecast,fact_lock_cdf48cab014e7a903a53508c,FORWARD_ATTENTION_CELL,"{""cell_id"":null,""daily_state_id"":null,""end_chainage"":1014471.0,""point_chainage"":null,""scope_basis"":""forecast_segment"",""scope_kind"":""LOCATED_INTERVAL"",""start_chainage"":1014441.0,""state_role"":null,""valid_date"":null}",doc_c6033d47fac60b63875a730d_e0002,stage7_main_task_024,False
typed_claim_82841a33bb3524529919a3c2,FORECAST_GEOLOGICAL_CONDITION,"{""attribute_dimension"":null,""attribute_name"":""weathering"",""normalized_value"":""弱风化"",""source_evidence_id"":""doc_99cb24b0b45c767bece0fac1_e0003""}",FORECAST,,3,geological_forecast,fact_lock_93f7719a45d16a6ca7ee76df,FORWARD_ATTENTION_CELL,"{""cell_id"":null,""daily_state_id"":null,""end_chainage"":1014476.0,""point_chainage"":null,""scope_basis"":""hsp_forecast_table_row"",""scope_kind"":""LOCATED_INTERVAL"",""start_chainage"":1014445.0,""state_role"":null,""valid_date"":null}",doc_99cb24b0b45c767bece0fac1_e0003,stage7_main_task_024,False
typed_claim_660ad24274331b7196d2d7e2,FORECAST_GEOLOGICAL_CONDITION,"{""attribute_dimension"":null,""attribute_name"":""block_fall_or_collapse"",""normalized_value"":""掉块"",""source_evidence_id"":""doc_c6033d47fac60b63875a730d_e0002""}",FORECAST,,4,geological_forecast,fact_lock_64705c8d3d43a25cb119fc83,FORWARD_ATTENTION_CELL,"{""cell_id"":null,""daily_state_id"":null,""end_chainage"":1014471.0,""point_chainage"":null,""scope_basis"":""forecast_segment"",""scope_kind"":""LOCATED_INTERVAL"",""start_chainage"":1014441.0,""state_role"":null,""valid_date"":null}",doc_c6033d47fac60b63875a730d_e0002,stage7_main_task_024,False
typed_claim_bb187a019cafc0f58324c31e,FORECAST_GEOLOGICAL_CONDITION,"{""attribute_dimension"":null,""attribute_name"":""risk_hint"",""normalized_value"":""里程+448、 +458、+470 附近有掉块 风险"",""source_evidence_id"":""doc_99cb24b0b45c767bece0fac1_e0003""}",FORECAST,,5,geological_forecast,fact_lock_48932e74e0918cafee7a2468,FORWARD_ATTENTION_CELL,"{""cell_id"":null,""daily_state_id"":null,""end_chainage"":1014476.0,""point_chainage"":null,""scope_basis"":""hsp_forecast_table_row"",""scope_kind"":""LOCATED_INTERVAL"",""start_chainage"":1014445.0,""state_role"":null,""valid_date"":null}",doc_99cb24b0b45c767bece0fac1_e0003,stage7_main_task_024,False
typed_claim_d5343627fa5b1bda5fee2493,FORECAST_GEOLOGICAL_CONDITION,"{""attribute_dimension"":null,""attribute_name"":""suggested_grade"",""normalized_value"":""Ⅳ级"",""source_evidence_id"":""doc_99cb24b0b45c767bece0fac1_e0003""}",FORECAST,,6,geological_forecast,fact_lock_1e92f282177acd8377bb1f1d,FORWARD_ATTENTION_CELL,"{""cell_id"":null,""daily_state_id"":null,""end_chainage"":1014476.0,""point_chainage"":null,""scope_basis"":""hsp_forecast_table_row"",""scope_kind"":""LOCATED_INTERVAL"",""start_chainage"":1014445.0,""state_role"":null,""valid_date"":null}",doc_99cb24b0b45c767bece0fac1_e0003,stage7_main_task_024,False
typed_claim_965c0c2a9e60a55e87ea96a1,FORECAST_GEOLOGICAL_CONDITION,"{""attribute_dimension"":null,""attribute_name"":""joint_development"",""normalized_value"":""节理裂隙发育"",""source_evidence_id"":""doc_c6033d47fac60b63875a730d_e0002""}",FORECAST,,7,geological_forecast,fact_lock_364181fa53aeef5383ab4d5c,FORWARD_ATTENTION_CELL,"{""cell_id"":null,""daily_state_id"":null,""end_chainage"":1014471.0,""point_chainage"":null,""scope_basis"":""forecast_segment"",""scope_kind"":""LOCATED_INTERVAL"",""start_chainage"":1014441.0,""state_role"":null,""valid_date"":null}",doc_c6033d47fac60b63875a730d_e0002,stage7_main_task_024,False
typed_claim_2c8c379d926fe0812d35bd10,FORECAST_GEOLOGICAL_CONDITION,"{""attribute_dimension"":null,""attribute_name"":""geological_conclusion"",""normalized_value"":""该段围岩较前段变差。岩性为板 岩夹变质砂岩，弱风化，岩质软 硬不均，节理裂隙发育密集，岩 体破碎，裂隙层间结合度差。"",""source_evidence_id"":""doc_99cb24b0b45c767bece0fac1_e0003""}",FORECAST,,8,geological_forecast,fact_lock_8868e8ab564c2a70d2fa7457,FORWARD_ATTENTION_CELL,"{""cell_id"":null,""daily_state_id"":null,""end_chainage"":1014476.0,""point_chainage"":null,""scope_basis"":""hsp_forecast_table_row"",""scope_kind"":""LOCATED_INTERVAL"",""start_chainage"":1014445.0,""state_role"":null,""valid_date"":null}",doc_99cb24b0b45c767bece0fac1_e0003,stage7_main_task_024,False
typed_claim_e1f57103fc56419e30ff2b6c,FORECAST_GEOLOGICAL_CONDITION,"{""attribute_dimension"":null,""attribute_name"":""lithology"",""normalized_value"":""板岩夹变质砂岩"",""source_evidence_id"":""doc_c6033d47fac60b63875a730d_e0002""}",FORECAST,,9,geological_forecast,fact_lock_7b722e812cc0b2b68ef2ccc8,FORWARD_ATTENTION_CELL,"{""cell_id"":null,""daily_state_id"":null,""end_chainage"":1014471.0,""point_chainage"":null,""scope_basis"":""forecast_segment"",""scope_kind"":""LOCATED_INTERVAL"",""start_chainage"":1014441.0,""state_role"":null,""valid_date"":null}",doc_c6033d47fac60b63875a730d_e0002,stage7_main_task_024,False
typed_claim_cf9f8b424bd7231937234595,FORECAST_GEOLOGICAL_CONDITION,"{""attribute_dimension"":null,""attribute_name"":""rock_mass_state"",""normalized_value"":""岩体破碎"",""source_evidence_id"":""doc_c6033d47fac60b63875a730d_e0002""}",FORECAST,,10,geological_forecast,fact_lock_ceb6775ed1c4d5476e9eb461,FORWARD_ATTENTION_CELL,"{""cell_id"":null,""daily_state_id"":null,""end_chainage"":1014471.0,""point_chainage"":null,""scope_basis"":""forecast_segment"",""scope_kind"":""LOCATED_INTERVAL"",""start_chainage"":1014441.0,""state_role"":null,""valid_date"":null}",doc_c6033d47fac60b63875a730d_e0002,stage7_main_task_024,False
typed_claim_3d3e199da1e63064c8e8cb90,FORECAST_GEOLOGICAL_CONDITION,"{""attribute_dimension"":null,""attribute_name"":""weathering"",""normalized_value"":""弱风化"",""source_evidence_id"":""doc_c6033d47fac60b63875a730d_e0002""}",FORECAST,,11,geological_forecast,fact_lock_baca08d1bb12920de46c48a1,FORWARD_ATTENTION_CELL,"{""cell_id"":null,""daily_state_id"":null,""end_chainage"":1014471.0,""point_chainage"":null,""scope_basis"":""forecast_segment"",""scope_kind"":""LOCATED_INTERVAL"",""start_chainage"":1014441.0,""state_role"":null,""valid_date"":null}",doc_c6033d47fac60b63875a730d_e0002,stage7_main_task_024,False
typed_claim_31a84aa856afb32b30da5c3c,FORECAST_GEOLOGICAL_CONDITION,"{""attribute_dimension"":null,""attribute_name"":""lithology"",""normalized_value"":""板岩夹变质砂岩"",""source_evidence_id"":""doc_99cb24b0b45c767bece0fac1_e0003""}",FORECAST,,12,geological_forecast,fact_lock_a59e1bb2769b635674e93d59,FORWARD_ATTENTION_CELL,"{""cell_id"":null,""daily_state_id"":null,""end_chainage"":1014476.0,""point_chainage"":null,""scope_basis"":""hsp_forecast_table_row"",""scope_kind"":""LOCATED_INTERVAL"",""start_chainage"":1014445.0,""state_role"":null,""valid_date"":null}",doc_99cb24b0b45c767bece0fac1_e0003,stage7_main_task_024,False
typed_claim_dc47f6854d13418ff84bfce4,FORECAST_GEOLOGICAL_CONDITION,"{""attribute_dimension"":null,""attribute_name"":""rock_mass_state"",""normalized_value"":""岩体破碎"",""source_evidence_id"":""doc_99cb24b0b45c767bece0fac1_e0003""}",FORECAST,,13,geological_forecast,fact_lock_cfbd06a86c1f3414bc97c60c,FORWARD_ATTENTION_CELL,"{""cell_id"":null,""daily_state_id"":null,""end_chainage"":1014476.0,""point_chainage"":null,""scope_basis"":""hsp_forecast_table_row"",""scope_kind"":""LOCATED_INTERVAL"",""start_chainage"":1014445.0,""state_role"":null,""valid_date"":null}",doc_99cb24b0b45c767bece0fac1_e0003,stage7_main_task_024,False
typed_claim_9a8c75b8a91d8256fa3ab9d8,FORECAST_GEOLOGICAL_CONDITION,"{""attribute_dimension"":null,""attribute_name"":""anomaly_level"",""normalized_value"":""MODERATE"",""source_evidence_id"":""doc_99cb24b0b45c767bece0fac1_e0003""}",FORECAST,,14,geological_forecast,fact_lock_8a6bc131a85521a75f57b505,FORWARD_ATTENTION_CELL,"{""cell_id"":null,""daily_state_id"":null,""end_chainage"":1014476.0,""point_chainage"":null,""scope_basis"":""hsp_forecast_table_row"",""scope_kind"":""LOCATED_INTERVAL"",""start_chainage"":1014445.0,""state_role"":null,""valid_date"":null}",doc_99cb24b0b45c767bece0fac1_e0003,stage7_main_task_024,False
typed_claim_d1e70a228f7fe7a98800ed18,FORWARD_GEOLOGICAL_ATTENTION,"{""is_causal_estimate"":false,""is_hazard_probability"":false,""is_probability"":false,""metric_name"":""GRS"",""metric_semantics"":""FORWARD_GEOLOGICAL_EVIDENCE_ATTENTION_INDEX"",""metric_status"":""AVAILABLE"",""metric_value"":0.7472222222222222,""source_metric_id"":""state_grs_8f040d30d1258ed597b24b67""}",,NONPROBABILISTIC_ATTENTION,15,forward_attention,fact_lock_7da8fdccd8dc8ae4deb483ca,FORWARD_ATTENTION_CELL,"{""cell_id"":""cell_64ff35e15826ff3f4f73e53f"",""daily_state_id"":null,""end_chainage"":null,""point_chainage"":null,""scope_basis"":""stage5b_bitemporal_state_subject"",""scope_kind"":""CELL"",""start_chainage"":null,""state_role"":""FORWARD_ATTENTION_CELL"",""valid_date"":""2023-12-16""}",state_grs_8f040d30d1258ed597b24b67,stage7_main_task_024,False
typed_claim_694359be1dba19a639bac437,OPERATIONAL_RESPONSE_ATTENTION,"{""is_causal_estimate"":false,""is_hazard_probability"":false,""is_probability"":false,""metric_name"":""RAI"",""metric_semantics"":""OPERATIONAL_RESPONSE_ATTENTION_INDEX"",""metric_status"":""AVAILABLE"",""metric_value"":0.36750418448019645,""source_metric_id"":""state_rai_fd35d68e79dd8e7368ead49d""}",,NONPROBABILISTIC_ATTENTION,0,operational_attention,fact_lock_eb363e321327f7fd66bbeeb3,DAILY_REVIEW_CELL,"{""cell_id"":""cell_3f0b8f25291fde24a559e007"",""daily_state_id"":null,""end_chainage"":null,""point_chainage"":null,""scope_basis"":""stage5b_bitemporal_state_subject"",""scope_kind"":""CELL"",""start_chainage"":null,""state_role"":""DAILY_REVIEW_CELL"",""valid_date"":""2023-12-14""}",state_rai_fd35d68e79dd8e7368ead49d,stage7_main_task_025,False
typed_claim_a52820db1c1773e27b8ed1ee,OPERATIONAL_RESPONSE_ATTENTION,"{""is_causal_estimate"":false,""is_hazard_probability"":false,""is_probability"":false,""metric_name"":""RAI"",""metric_semantics"":""OPERATIONAL_RESPONSE_ATTENTION_INDEX"",""metric_status"":""AVAILABLE"",""metric_value"":0.20285886224246932,""source_metric_id"":""state_rai_9885d11e4d38d96f479c707c""}",,NONPROBABILISTIC_ATTENTION,1,operational_attention,fact_lock_05a6f09d124ea701b4cfd815,DAILY_REVIEW_CELL,"{""cell_id"":""cell_0c1a8a5de6439f092738b956"",""daily_state_id"":null,""end_chainage"":null,""point_chainage"":null,""scope_basis"":""stage5b_bitemporal_state_subject"",""scope_kind"":""CELL"",""start_chainage"":null,""state_role"":""DAILY_REVIEW_CELL"",""valid_date"":""2023-12-14""}",state_rai_9885d11e4d38d96f479c707c,stage7_main_task_025,False
typed_claim_079e4012c041b5255deb9923,GEOLOGICAL_EVIDENCE_ATTENTION_REVIEW,"{""is_causal_estimate"":false,""is_hazard_probability"":false,""is_probability"":false,""metric_name"":""GRS"",""metric_semantics"":""GEOLOGICAL_EVIDENCE_ATTENTION_INDEX"",""metric_status"":""AVAILABLE"",""metric_value"":0.7888888888888889,""source_metric_id"":""state_grs_fd35d68e79dd8e7368ead49d""}",,NONPROBABILISTIC_ATTENTION,2,geological_attention,fact_lock_f44f350d626dc6a34649830b,DAILY_REVIEW_CELL,"{""cell_id"":""cell_3f0b8f25291fde24a559e007"",""daily_state_id"":null,""end_chainage"":null,""point_chainage"":null,""scope_basis"":""stage5b_bitemporal_state_subject"",""scope_kind"":""CELL"",""start_chainage"":null,""state_role"":""DAILY_REVIEW_CELL"",""valid_date"":""2023-12-14""}",state_grs_fd35d68e79dd8e7368ead49d,stage7_main_task_025,False
typed_claim_01640b0c973264eda9d5d89d,GEOLOGICAL_EVIDENCE_ATTENTION_REVIEW,"{""is_causal_estimate"":false,""is_hazard_probability"":false,""is_probability"":false,""metric_name"":""GRS"",""metric_semantics"":""GEOLOGICAL_EVIDENCE_ATTENTION_INDEX"",""metric_status"":""AVAILABLE"",""metric_value"":0.7888888888888889,""source_metric_id"":""state_grs_9885d11e4d38d96f479c707c""}",,NONPROBABILISTIC_ATTENTION,3,geological_attention,fact_lock_44726b0fb34c8e68e04d7147,DAILY_REVIEW_CELL,"{""cell_id"":""cell_0c1a8a5de6439f092738b956"",""daily_state_id"":null,""end_chainage"":null,""point_chainage"":null,""scope_basis"":""stage5b_bitemporal_state_subject"",""scope_kind"":""CELL"",""start_chainage"":null,""state_role"":""DAILY_REVIEW_CELL"",""valid_date"":""2023-12-14""}",state_grs_9885d11e4d38d96f479c707c,stage7_main_task_025,False
typed_claim_b0d02333ea45d5f27bb7542c,COUPLED_ATTENTION_REVIEW,"{""is_causal_estimate"":false,""is_hazard_probability"":false,""is_probability"":false,""metric_name"":""GRCI"",""metric_semantics"":""NONPROBABILISTIC_CONJUNCTIVE_PRODUCT"",""metric_status"":""AVAILABLE"",""metric_value"":0.2899199677565994,""source_metric_id"":""state_grci_fd35d68e79dd8e7368ead49d""}",,NONPROBABILISTIC_ATTENTION,4,coupled_attention,fact_lock_c084a2bb0ddaca9ab1d0e025,DAILY_REVIEW_CELL,"{""cell_id"":""cell_3f0b8f25291fde24a559e007"",""daily_state_id"":null,""end_chainage"":null,""point_chainage"":null,""scope_basis"":""stage5b_bitemporal_state_subject"",""scope_kind"":""CELL"",""start_chainage"":null,""state_role"":""DAILY_REVIEW_CELL"",""valid_date"":""2023-12-14""}",state_grci_fd35d68e79dd8e7368ead49d,stage7_main_task_025,False
typed_claim_f2f13d007d87dd883e54a673,COUPLED_ATTENTION_REVIEW,"{""is_causal_estimate"":false,""is_hazard_probability"":false,""is_probability"":false,""metric_name"":""GRCI"",""metric_semantics"":""NONPROBABILISTIC_CONJUNCTIVE_PRODUCT"",""metric_status"":""AVAILABLE"",""metric_value"":0.1600331024357258,""source_metric_id"":""state_grci_9885d11e4d38d96f479c707c""}",,NONPROBABILISTIC_ATTENTION,5,coupled_attention,fact_lock_f1c227f1c59b190a3ad8650a,DAILY_REVIEW_CELL,"{""cell_id"":""cell_0c1a8a5de6439f092738b956"",""daily_state_id"":null,""end_chainage"":null,""point_chainage"":null,""scope_basis"":""stage5b_bitemporal_state_subject"",""scope_kind"":""CELL"",""start_chainage"":null,""state_role"":""DAILY_REVIEW_CELL"",""valid_date"":""2023-12-14""}",state_grci_9885d11e4d38d96f479c707c,stage7_main_task_025,False
typed_claim_32e65cfae25a7ffbf45f56f1,FORWARD_GEOLOGICAL_ATTENTION,"{""is_causal_estimate"":false,""is_hazard_probability"":false,""is_probability"":false,""metric_name"":""GRS"",""metric_semantics"":""FORWARD_GEOLOGICAL_EVIDENCE_ATTENTION_INDEX"",""metric_status"":""AVAILABLE"",""metric_value"":0.5416666666666666,""source_metric_id"":""state_grs_201861382576d76354bc0af4""}",,NONPROBABILISTIC_ATTENTION,0,forward_attention,fact_lock_acf38792970b624f65923370,FORWARD_ATTENTION_CELL,"{""cell_id"":""cell_8f3c162903e22fbfe2cbba42"",""daily_state_id"":null,""end_chainage"":null,""point_chainage"":null,""scope_basis"":""stage5b_bitemporal_state_subject"",""scope_kind"":""CELL"",""start_chainage"":null,""state_role"":""FORWARD_ATTENTION_CELL"",""valid_date"":""2023-09-22""}",state_grs_201861382576d76354bc0af4,stage7_main_task_027,False
typed_claim_992e0792e772cbfdd6dc926d,OPERATIONAL_RESPONSE_ATTENTION,"{""is_causal_estimate"":false,""is_hazard_probability"":false,""is_probability"":false,""metric_name"":""RAI"",""metric_semantics"":""OPERATIONAL_RESPONSE_ATTENTION_INDEX"",""metric_status"":""AVAILABLE"",""metric_value"":0.30143157703869194,""source_metric_id"":""state_rai_dae68719f768cbc3c0f9fbc4""}",,NONPROBABILISTIC_ATTENTION,0,operational_attention,fact_lock_2269af449cfce87af288cfbd,DAILY_REVIEW_CELL,"{""cell_id"":""cell_a9e80bb164104fa9f94acd7a"",""daily_state_id"":null,""end_chainage"":null,""point_chainage"":null,""scope_basis"":""stage5b_bitemporal_state_subject"",""scope_kind"":""CELL"",""start_chainage"":null,""state_role"":""DAILY_REVIEW_CELL"",""valid_date"":""2023-10-22""}",state_rai_dae68719f768cbc3c0f9fbc4,stage7_main_task_028,False
typed_claim_1176debe3542469457ebf37f,OPERATIONAL_RESPONSE_ATTENTION,"{""is_causal_estimate"":false,""is_hazard_probability"":false,""is_probability"":false,""metric_name"":""RAI"",""metric_semantics"":""OPERATIONAL_RESPONSE_ATTENTION_INDEX"",""metric_status"":""AVAILABLE"",""metric_value"":0.505176282229349,""source_metric_id"":""state_rai_d47397d0ed92f592c77dd37c""}",,NONPROBABILISTIC_ATTENTION,1,operational_attention,fact_lock_7b51ab9e419f4934ad739fdf,DAILY_REVIEW_CELL,"{""cell_id"":""cell_96b4757cd7a8528a4fb821e7"",""daily_state_id"":null,""end_chainage"":null,""point_chainage"":null,""scope_basis"":""stage5b_bitemporal_state_subject"",""scope_kind"":""CELL"",""start_chainage"":null,""state_role"":""DAILY_REVIEW_CELL"",""valid_date"":""2023-10-22""}",state_rai_d47397d0ed92f592c77dd37c,stage7_main_task_028,False
typed_claim_c29d7bc932c04d9097b4a433,OPERATIONAL_RESPONSE_ATTENTION,"{""is_causal_estimate"":false,""is_hazard_probability"":false,""is_probability"":false,""metric_name"":""RAI"",""metric_semantics"":""OPERATIONAL_RESPONSE_ATTENTION_INDEX"",""metric_status"":""AVAILABLE"",""metric_value"":0.13402984195208476,""source_metric_id"":""state_rai_03e827c91c7f32d5d05f75df""}",,NONPROBABILISTIC_ATTENTION,2,operational_attention,fact_lock_c03c1695be738dde0fdd66cc,DAILY_REVIEW_CELL,"{""cell_id"":""cell_c8a195ce5490d52eac969260"",""daily_state_id"":null,""end_chainage"":null,""point_chainage"":null,""scope_basis"":""stage5b_bitemporal_state_subject"",""scope_kind"":""CELL"",""start_chainage"":null,""state_role"":""DAILY_REVIEW_CELL"",""valid_date"":""2023-10-22""}",state_rai_03e827c91c7f32d5d05f75df,stage7_main_task_028,False
typed_claim_b884a13c4a60584d8caa8681,OPERATIONAL_RESPONSE_ATTENTION,"{""is_causal_estimate"":false,""is_hazard_probability"":false,""is_probability"":false,""metric_name"":""RAI"",""metric_semantics"":""OPERATIONAL_RESPONSE_ATTENTION_INDEX"",""metric_status"":""AVAILABLE"",""metric_value"":0.3004277809267227,""source_metric_id"":""state_rai_2c6f4afc5cb0aa886050c901""}",,NONPROBABILISTIC_ATTENTION,3,operational_attention,fact_lock_8f48d93b6de61566842bca9b,DAILY_REVIEW_CELL,"{""cell_id"":""cell_fccd76a8459740ecc3617390"",""daily_state_id"":null,""end_chainage"":null,""point_chainage"":null,""scope_basis"":""stage5b_bitemporal_state_subject"",""scope_kind"":""CELL"",""start_chainage"":null,""state_role"":""DAILY_REVIEW_CELL"",""valid_date"":""2023-10-22""}",state_rai_2c6f4afc5cb0aa886050c901,stage7_main_task_028,False
typed_claim_d0a8f9abb7a855a10c1c86d7,GEOLOGICAL_EVIDENCE_ATTENTION_REVIEW,"{""is_causal_estimate"":false,""is_hazard_probability"":false,""is_probability"":false,""metric_name"":""GRS"",""metric_semantics"":""GEOLOGICAL_EVIDENCE_ATTENTION_INDEX"",""metric_status"":""AVAILABLE"",""metric_value"":0.5416666666666666,""source_metric_id"":""state_grs_dae68719f768cbc3c0f9fbc4""}",,NONPROBABILISTIC_ATTENTION,4,geological_attention,fact_lock_b6a76925f181eb144d98b0ac,DAILY_REVIEW_CELL,"{""cell_id"":""cell_a9e80bb164104fa9f94acd7a"",""daily_state_id"":null,""end_chainage"":null,""point_chainage"":null,""scope_basis"":""stage5b_bitemporal_state_subject"",""scope_kind"":""CELL"",""start_chainage"":null,""state_role"":""DAILY_REVIEW_CELL"",""valid_date"":""2023-10-22""}",state_grs_dae68719f768cbc3c0f9fbc4,stage7_main_task_028,False
typed_claim_7d03afadf58b9dbc98d55d2c,GEOLOGICAL_EVIDENCE_ATTENTION_REVIEW,"{""is_causal_estimate"":false,""is_hazard_probability"":false,""is_probability"":false,""metric_name"":""GRS"",""metric_semantics"":""GEOLOGICAL_EVIDENCE_ATTENTION_INDEX"",""metric_status"":""AVAILABLE"",""metric_value"":0.5416666666666666,""source_metric_id"":""state_grs_d47397d0ed92f592c77dd37c""}",,NONPROBABILISTIC_ATTENTION,5,geological_attention,fact_lock_5e5c06478b21e079eded046a,DAILY_REVIEW_CELL,"{""cell_id"":""cell_96b4757cd7a8528a4fb821e7"",""daily_state_id"":null,""end_chainage"":null,""point_chainage"":null,""scope_basis"":""stage5b_bitemporal_state_subject"",""scope_kind"":""CELL"",""start_chainage"":null,""state_role"":""DAILY_REVIEW_CELL"",""valid_date"":""2023-10-22""}",state_grs_d47397d0ed92f592c77dd37c,stage7_main_task_028,False
typed_claim_3400dcbb11339e87326b88b2,GEOLOGICAL_EVIDENCE_ATTENTION_REVIEW,"{""is_causal_estimate"":false,""is_hazard_probability"":false,""is_probability"":false,""metric_name"":""GRS"",""metric_semantics"":""GEOLOGICAL_EVIDENCE_ATTENTION_INDEX"",""metric_status"":""AVAILABLE"",""metric_value"":0.5416666666666666,""source_metric_id"":""state_grs_03e827c91c7f32d5d05f75df""}",,NONPROBABILISTIC_ATTENTION,6,geological_attention,fact_lock_e03f8f1b9a4c58087399ee1b,DAILY_REVIEW_CELL,"{""cell_id"":""cell_c8a195ce5490d52eac969260"",""daily_state_id"":null,""end_chainage"":null,""point_chainage"":null,""scope_basis"":""stage5b_bitemporal_state_subject"",""scope_kind"":""CELL"",""start_chainage"":null,""state_role"":""DAILY_REVIEW_CELL"",""valid_date"":""2023-10-22""}",state_grs_03e827c91c7f32d5d05f75df,stage7_main_task_028,False
typed_claim_eaec506abd6a2453e96cbec7,GEOLOGICAL_EVIDENCE_ATTENTION_REVIEW,"{""is_causal_estimate"":false,""is_hazard_probability"":false,""is_probability"":false,""metric_name"":""GRS"",""metric_semantics"":""GEOLOGICAL_EVIDENCE_ATTENTION_INDEX"",""metric_status"":""AVAILABLE"",""metric_value"":0.8333333333333333,""source_metric_id"":""state_grs_2c6f4afc5cb0aa886050c901""}",,NONPROBABILISTIC_ATTENTION,7,geological_attention,fact_lock_1cf1416d8cae2e683063a02c,DAILY_REVIEW_CELL,"{""cell_id"":""cell_fccd76a8459740ecc3617390"",""daily_state_id"":null,""end_chainage"":null,""point_chainage"":null,""scope_basis"":""stage5b_bitemporal_state_subject"",""scope_kind"":""CELL"",""start_chainage"":null,""state_role"":""DAILY_REVIEW_CELL"",""valid_date"":""2023-10-22""}",state_grs_2c6f4afc5cb0aa886050c901,stage7_main_task_028,False
typed_claim_5cc673d4bdbd17fbadc820bc,COUPLED_ATTENTION_REVIEW,"{""is_causal_estimate"":false,""is_hazard_probability"":false,""is_probability"":false,""metric_name"":""GRCI"",""metric_semantics"":""NONPROBABILISTIC_CONJUNCTIVE_PRODUCT"",""metric_status"":""AVAILABLE"",""metric_value"":0.1632754375626248,""source_metric_id"":""state_grci_dae68719f768cbc3c0f9fbc4""}",,NONPROBABILISTIC_ATTENTION,8,coupled_attention,fact_lock_9aac9dc6405c0c82cfc36f59,DAILY_REVIEW_CELL,"{""cell_id"":""cell_a9e80bb164104fa9f94acd7a"",""daily_state_id"":null,""end_chainage"":null,""point_chainage"":null,""scope_basis"":""stage5b_bitemporal_state_subject"",""scope_kind"":""CELL"",""start_chainage"":null,""state_role"":""DAILY_REVIEW_CELL"",""valid_date"":""2023-10-22""}",state_grci_dae68719f768cbc3c0f9fbc4,stage7_main_task_028,False
typed_claim_2ef2736b26ea2db539819125,COUPLED_ATTENTION_REVIEW,"{""is_causal_estimate"":false,""is_hazard_probability"":false,""is_probability"":false,""metric_name"":""GRCI"",""metric_semantics"":""NONPROBABILISTIC_CONJUNCTIVE_PRODUCT"",""metric_status"":""AVAILABLE"",""metric_value"":0.2736371528742307,""source_metric_id"":""state_grci_d47397d0ed92f592c77dd37c""}",,NONPROBABILISTIC_ATTENTION,9,coupled_attention,fact_lock_d74e471506bb70781b947733,DAILY_REVIEW_CELL,"{""cell_id"":""cell_96b4757cd7a8528a4fb821e7"",""daily_state_id"":null,""end_chainage"":null,""point_chainage"":null,""scope_basis"":""stage5b_bitemporal_state_subject"",""scope_kind"":""CELL"",""start_chainage"":null,""state_role"":""DAILY_REVIEW_CELL"",""valid_date"":""2023-10-22""}",state_grci_d47397d0ed92f592c77dd37c,stage7_main_task_028,False
typed_claim_d119faa75ba1f7cbd36b29f4,COUPLED_ATTENTION_REVIEW,"{""is_causal_estimate"":false,""is_hazard_probability"":false,""is_probability"":false,""metric_name"":""GRCI"",""metric_semantics"":""NONPROBABILISTIC_CONJUNCTIVE_PRODUCT"",""metric_status"":""AVAILABLE"",""metric_value"":0.0725994977240459,""source_metric_id"":""state_grci_03e827c91c7f32d5d05f75df""}",,NONPROBABILISTIC_ATTENTION,10,coupled_attention,fact_lock_af7274bb43f74b90ad8c5cb8,DAILY_REVIEW_CELL,"{""cell_id"":""cell_c8a195ce5490d52eac969260"",""daily_state_id"":null,""end_chainage"":null,""point_chainage"":null,""scope_basis"":""stage5b_bitemporal_state_subject"",""scope_kind"":""CELL"",""start_chainage"":null,""state_role"":""DAILY_REVIEW_CELL"",""valid_date"":""2023-10-22""}",state_grci_03e827c91c7f32d5d05f75df,stage7_main_task_028,False
typed_claim_ead17a147ca63819d874b502,COUPLED_ATTENTION_REVIEW,"{""is_causal_estimate"":false,""is_hazard_probability"":false,""is_probability"":false,""metric_name"":""GRCI"",""metric_semantics"":""NONPROBABILISTIC_CONJUNCTIVE_PRODUCT"",""metric_status"":""AVAILABLE"",""metric_value"":0.2503564841056022,""source_metric_id"":""state_grci_2c6f4afc5cb0aa886050c901""}",,NONPROBABILISTIC_ATTENTION,11,coupled_attention,fact_lock_3e75b8059247b5db238474b9,DAILY_REVIEW_CELL,"{""cell_id"":""cell_fccd76a8459740ecc3617390"",""daily_state_id"":null,""end_chainage"":null,""point_chainage"":null,""scope_basis"":""stage5b_bitemporal_state_subject"",""scope_kind"":""CELL"",""start_chainage"":null,""state_role"":""DAILY_REVIEW_CELL"",""valid_date"":""2023-10-22""}",state_grci_2c6f4afc5cb0aa886050c901,stage7_main_task_028,False
typed_claim_4ac825427ee0ebebeb55c850,FORECAST_GEOLOGICAL_CONDITION,"{""attribute_dimension"":null,""attribute_name"":""lithology"",""normalized_value"":""板岩夹变质砂岩"",""source_evidence_id"":""doc_d0afc25463d4776277ebb952_e0002""}",FORECAST,,0,geological_forecast,fact_lock_cd98156e0a03573eafcab296,DAILY_REVIEW_CELL,"{""cell_id"":null,""daily_state_id"":null,""end_chainage"":1014056.0,""point_chainage"":null,""scope_basis"":""hsp_forecast_table_row"",""scope_kind"":""LOCATED_INTERVAL"",""start_chainage"":1014019.0,""state_role"":null,""valid_date"":null}",doc_d0afc25463d4776277ebb952_e0002,stage7_main_task_029,False
typed_claim_c5c2104685c8704fe1e9d2c2,FORECAST_GEOLOGICAL_CONDITION,"{""attribute_dimension"":null,""attribute_name"":""rock_mass_state"",""normalized_value"":""岩体较破碎"",""source_evidence_id"":""doc_d0afc25463d4776277ebb952_e0002""}",FORECAST,,1,geological_forecast,fact_lock_98a6f502f2894491c7818baf,DAILY_REVIEW_CELL,"{""cell_id"":null,""daily_state_id"":null,""end_chainage"":1014056.0,""point_chainage"":null,""scope_basis"":""hsp_forecast_table_row"",""scope_kind"":""LOCATED_INTERVAL"",""start_chainage"":1014019.0,""state_role"":null,""valid_date"":null}",doc_d0afc25463d4776277ebb952_e0002,stage7_main_task_029,False
typed_claim_5e7995b38223a200dda8ec36,FORECAST_GEOLOGICAL_CONDITION,"{""attribute_dimension"":null,""attribute_name"":""suggested_grade"",""normalized_value"":""Ⅲ级"",""source_evidence_id"":""doc_a1ca08b3f141763f45863a07_e0008""}",FORECAST,,2,geological_forecast,fact_lock_00272e7967353b8c92d81f06,DAILY_REVIEW_CELL,"{""cell_id"":null,""daily_state_id"":null,""end_chainage"":1014029.0,""point_chainage"":null,""scope_basis"":""hsp_forecast_table_row"",""scope_kind"":""LOCATED_INTERVAL"",""start_chainage"":1014020.0,""state_role"":null,""valid_date"":null}",doc_a1ca08b3f141763f45863a07_e0008,stage7_main_task_029,False
typed_claim_723ca1575f1e1a88fa5afd31,FORECAST_GEOLOGICAL_CONDITION,"{""attribute_dimension"":null,""attribute_name"":""geological_conclusion"",""normalized_value"":""该段围岩较前段稍变好。岩性为 板岩夹变质砂岩，弱风化，岩质 软硬不均，节理裂隙较发育，岩 体较破碎。"",""source_evidence_id"":""doc_a1ca08b3f141763f45863a07_e0008""}",FORECAST,,3,geological_forecast,fact_lock_3065a9ad948e072bcf870631,DAILY_REVIEW_CELL,"{""cell_id"":null,""daily_state_id"":null,""end_chainage"":1014029.0,""point_chainage"":null,""scope_basis"":""hsp_forecast_table_row"",""scope_kind"":""LOCATED_INTERVAL"",""start_chainage"":1014020.0,""state_role"":null,""valid_date"":null}",doc_a1ca08b3f141763f45863a07_e0008,stage7_main_task_029,False
typed_claim_cb525d189bbff957a444c6cd,FORECAST_GEOLOGICAL_CONDITION,"{""attribute_dimension"":null,""attribute_name"":""geological_conclusion"",""normalized_value"":""该段围岩与当前掌子面相当。岩 性为板岩夹变质砂岩，弱风化， 岩质软硬不均，节理裂隙较发育， 岩体较破碎。"",""source_evidence_id"":""doc_d0afc25463d4776277ebb952_e0002""}",FORECAST,,4,geological_forecast,fact_lock_0ff8aee906985cde3e84b5be,DAILY_REVIEW_CELL,"{""cell_id"":null,""daily_state_id"":null,""end_chainage"":1014056.0,""point_chainage"":null,""scope_basis"":""hsp_forecast_table_row"",""scope_kind"":""LOCATED_INTERVAL"",""start_chainage"":1014019.0,""state_role"":null,""valid_date"":null}",doc_d0afc25463d4776277ebb952_e0002,stage7_main_task_029,False
typed_claim_96c54ad110e5f0a1c156a845,FORECAST_GEOLOGICAL_CONDITION,"{""attribute_dimension"":null,""attribute_name"":""rock_mass_state"",""normalized_value"":""岩体较破碎"",""source_evidence_id"":""doc_a1ca08b3f141763f45863a07_e0008""}",FORECAST,,5,geological_forecast,fact_lock_89ee33be1788eaa0c5e4f7e8,DAILY_REVIEW_CELL,"{""cell_id"":null,""daily_state_id"":null,""end_chainage"":1014029.0,""point_chainage"":null,""scope_basis"":""hsp_forecast_table_row"",""scope_kind"":""LOCATED_INTERVAL"",""start_chainage"":1014020.0,""state_role"":null,""valid_date"":null}",doc_a1ca08b3f141763f45863a07_e0008,stage7_main_task_029,False
typed_claim_ae6d6aea60f7babda6df5ed8,FORECAST_GEOLOGICAL_CONDITION,"{""attribute_dimension"":null,""attribute_name"":""suggested_grade"",""normalized_value"":""Ⅲ级"",""source_evidence_id"":""doc_d0afc25463d4776277ebb952_e0002""}",FORECAST,,6,geological_forecast,fact_lock_f7c029b64e0ba2e0bc38c1ee,DAILY_REVIEW_CELL,"{""cell_id"":null,""daily_state_id"":null,""end_chainage"":1014056.0,""point_chainage"":null,""scope_basis"":""hsp_forecast_table_row"",""scope_kind"":""LOCATED_INTERVAL"",""start_chainage"":1014019.0,""state_role"":null,""valid_date"":null}",doc_d0afc25463d4776277ebb952_e0002,stage7_main_task_029,False
typed_claim_6c37481f4d883bb2e3d5ae6b,FORECAST_GEOLOGICAL_CONDITION,"{""attribute_dimension"":null,""attribute_name"":""weathering"",""normalized_value"":""弱风化"",""source_evidence_id"":""doc_a1ca08b3f141763f45863a07_e0008""}",FORECAST,,7,geological_forecast,fact_lock_22114a7058df8c68b16132ed,DAILY_REVIEW_CELL,"{""cell_id"":null,""daily_state_id"":null,""end_chainage"":1014029.0,""point_chainage"":null,""scope_basis"":""hsp_forecast_table_row"",""scope_kind"":""LOCATED_INTERVAL"",""start_chainage"":1014020.0,""state_role"":null,""valid_date"":null}",doc_a1ca08b3f141763f45863a07_e0008,stage7_main_task_029,False
typed_claim_4752292a7f799676cde6829f,FORECAST_GEOLOGICAL_CONDITION,"{""attribute_dimension"":null,""attribute_name"":""joint_development"",""normalized_value"":""节理裂隙较发育"",""source_evidence_id"":""doc_d0afc25463d4776277ebb952_e0002""}",FORECAST,,8,geological_forecast,fact_lock_ceb2b074fbf8d76ac6b57cb0,DAILY_REVIEW_CELL,"{""cell_id"":null,""daily_state_id"":null,""end_chainage"":1014056.0,""point_chainage"":null,""scope_basis"":""hsp_forecast_table_row"",""scope_kind"":""LOCATED_INTERVAL"",""start_chainage"":1014019.0,""state_role"":null,""valid_date"":null}",doc_d0afc25463d4776277ebb952_e0002,stage7_main_task_029,False
typed_claim_522114832909a93e2ef68f18,FORECAST_GEOLOGICAL_CONDITION,"{""attribute_dimension"":null,""attribute_name"":""lithology"",""normalized_value"":""板岩夹变质砂岩"",""source_evidence_id"":""doc_a1ca08b3f141763f45863a07_e0008""}",FORECAST,,9,geological_forecast,fact_lock_915eca22ac69f38e5bdc47c5,DAILY_REVIEW_CELL,"{""cell_id"":null,""daily_state_id"":null,""end_chainage"":1014029.0,""point_chainage"":null,""scope_basis"":""hsp_forecast_table_row"",""scope_kind"":""LOCATED_INTERVAL"",""start_chainage"":1014020.0,""state_role"":null,""valid_date"":null}",doc_a1ca08b3f141763f45863a07_e0008,stage7_main_task_029,False
typed_claim_6748b46f8c66a894560cd3eb,FORECAST_GEOLOGICAL_CONDITION,"{""attribute_dimension"":null,""attribute_name"":""weathering"",""normalized_value"":""弱风化"",""source_evidence_id"":""doc_d0afc25463d4776277ebb952_e0002""}",FORECAST,,10,geological_forecast,fact_lock_e1774ca8735c9000e5c3be81,DAILY_REVIEW_CELL,"{""cell_id"":null,""daily_state_id"":null,""end_chainage"":1014056.0,""point_chainage"":null,""scope_basis"":""hsp_forecast_table_row"",""scope_kind"":""LOCATED_INTERVAL"",""start_chainage"":1014019.0,""state_role"":null,""valid_date"":null}",doc_d0afc25463d4776277ebb952_e0002,stage7_main_task_029,False
typed_claim_461b6fa54a85f86950ac36c8,FORECAST_GEOLOGICAL_CONDITION,"{""attribute_dimension"":null,""attribute_name"":""joint_development"",""normalized_value"":""节理裂隙较发育"",""source_evidence_id"":""doc_a1ca08b3f141763f45863a07_e0008""}",FORECAST,,11,geological_forecast,fact_lock_d8c3842572356f076d61e066,DAILY_REVIEW_CELL,"{""cell_id"":null,""daily_state_id"":null,""end_chainage"":1014029.0,""point_chainage"":null,""scope_basis"":""hsp_forecast_table_row"",""scope_kind"":""LOCATED_INTERVAL"",""start_chainage"":1014020.0,""state_role"":null,""valid_date"":null}",doc_a1ca08b3f141763f45863a07_e0008,stage7_main_task_029,False
typed_claim_acf81d471d47719777ccd39f,OPERATIONAL_RESPONSE_ATTENTION,"{""is_causal_estimate"":false,""is_hazard_probability"":false,""is_probability"":false,""metric_name"":""RAI"",""metric_semantics"":""OPERATIONAL_RESPONSE_ATTENTION_INDEX"",""metric_status"":""AVAILABLE"",""metric_value"":0.32288935667217433,""source_metric_id"":""state_rai_49826a20fa4bda96f7b95bed""}",,NONPROBABILISTIC_ATTENTION,12,operational_attention,fact_lock_8b0e59f623e61a5010b763b7,DAILY_REVIEW_CELL,"{""cell_id"":""cell_8e31894debfd91db79f6b261"",""daily_state_id"":null,""end_chainage"":null,""point_chainage"":null,""scope_basis"":""stage5b_bitemporal_state_subject"",""scope_kind"":""CELL"",""start_chainage"":null,""state_role"":""DAILY_REVIEW_CELL"",""valid_date"":""2023-11-17""}",state_rai_49826a20fa4bda96f7b95bed,stage7_main_task_029,False
typed_claim_4ef9301d98c9726693fe3d0b,GEOLOGICAL_EVIDENCE_ATTENTION_REVIEW,"{""is_causal_estimate"":false,""is_hazard_probability"":false,""is_probability"":false,""metric_name"":""GRS"",""metric_semantics"":""GEOLOGICAL_EVIDENCE_ATTENTION_INDEX"",""metric_status"":""AVAILABLE"",""metric_value"":0.20833333333333331,""source_metric_id"":""state_grs_49826a20fa4bda96f7b95bed""}",,NONPROBABILISTIC_ATTENTION,13,geological_attention,fact_lock_6cf66ff1f91b54991162ffbc,DAILY_REVIEW_CELL,"{""cell_id"":""cell_8e31894debfd91db79f6b261"",""daily_state_id"":null,""end_chainage"":null,""point_chainage"":null,""scope_basis"":""stage5b_bitemporal_state_subject"",""scope_kind"":""CELL"",""start_chainage"":null,""state_role"":""DAILY_REVIEW_CELL"",""valid_date"":""2023-11-17""}",state_grs_49826a20fa4bda96f7b95bed,stage7_main_task_029,False
typed_claim_1faa4d75b7e97662b0186b63,COUPLED_ATTENTION_REVIEW,"{""is_causal_estimate"":false,""is_hazard_probability"":false,""is_probability"":false,""metric_name"":""GRCI"",""metric_semantics"":""NONPROBABILISTIC_CONJUNCTIVE_PRODUCT"",""metric_status"":""AVAILABLE"",""metric_value"":0.06726861597336965,""source_metric_id"":""state_grci_49826a20fa4bda96f7b95bed""}",,NONPROBABILISTIC_ATTENTION,14,coupled_attention,fact_lock_3279c922046c568fb68795d1,DAILY_REVIEW_CELL,"{""cell_id"":""cell_8e31894debfd91db79f6b261"",""daily_state_id"":null,""end_chainage"":null,""point_chainage"":null,""scope_basis"":""stage5b_bitemporal_state_subject"",""scope_kind"":""CELL"",""start_chainage"":null,""state_role"":""DAILY_REVIEW_CELL"",""valid_date"":""2023-11-17""}",state_grci_49826a20fa4bda96f7b95bed,stage7_main_task_029,False
typed_claim_371b6d0cc4e4ddb66e78f8d3,FORECAST_GEOLOGICAL_CONDITION,"{""attribute_dimension"":null,""attribute_name"":""narrative_water_observation"",""normalized_value"":""滴渗水"",""source_evidence_id"":""doc_c6033d47fac60b63875a730d_e0002""}",FORECAST,,0,geological_forecast,fact_lock_0b7a0efa120b0512f67a8121,FORWARD_ATTENTION_CELL,"{""cell_id"":null,""daily_state_id"":null,""end_chainage"":1014471.0,""point_chainage"":null,""scope_basis"":""forecast_segment"",""scope_kind"":""LOCATED_INTERVAL"",""start_chainage"":1014441.0,""state_role"":null,""valid_date"":null}",doc_c6033d47fac60b63875a730d_e0002,stage7_main_task_030,False
typed_claim_01392fb144b47ae9e5c7a951,FORECAST_GEOLOGICAL_CONDITION,"{""attribute_dimension"":null,""attribute_name"":""rock_mass_state"",""normalized_value"":""岩体破碎"",""source_evidence_id"":""doc_99cb24b0b45c767bece0fac1_e0003""}",FORECAST,,1,geological_forecast,fact_lock_36fdd0cb027fa8cb4fed9202,FORWARD_ATTENTION_CELL,"{""cell_id"":null,""daily_state_id"":null,""end_chainage"":1014476.0,""point_chainage"":null,""scope_basis"":""hsp_forecast_table_row"",""scope_kind"":""LOCATED_INTERVAL"",""start_chainage"":1014445.0,""state_role"":null,""valid_date"":null}",doc_99cb24b0b45c767bece0fac1_e0003,stage7_main_task_030,False
typed_claim_186e417db0e288c92c8174ba,FORECAST_GEOLOGICAL_CONDITION,"{""attribute_dimension"":null,""attribute_name"":""lithology"",""normalized_value"":""板岩夹变质砂岩"",""source_evidence_id"":""doc_c6033d47fac60b63875a730d_e0002""}",FORECAST,,2,geological_forecast,fact_lock_c50ae9b6162c984e2cd18666,FORWARD_ATTENTION_CELL,"{""cell_id"":null,""daily_state_id"":null,""end_chainage"":1014471.0,""point_chainage"":null,""scope_basis"":""forecast_segment"",""scope_kind"":""LOCATED_INTERVAL"",""start_chainage"":1014441.0,""state_role"":null,""valid_date"":null}",doc_c6033d47fac60b63875a730d_e0002,stage7_main_task_030,False
typed_claim_e794c16d232596aa41a8b7c4,FORECAST_GEOLOGICAL_CONDITION,"{""attribute_dimension"":null,""attribute_name"":""geological_conclusion"",""normalized_value"":""该段围岩较前段变差。岩性为板 岩夹变质砂岩，弱风化，岩质软 硬不均，节理裂隙发育密集，岩 体破碎，裂隙层间结合度差。"",""source_evidence_id"":""doc_99cb24b0b45c767bece0fac1_e0003""}",FORECAST,,3,geological_forecast,fact_lock_543fa8d63cae971ff3e8bdc5,FORWARD_ATTENTION_CELL,"{""cell_id"":null,""daily_state_id"":null,""end_chainage"":1014476.0,""point_chainage"":null,""scope_basis"":""hsp_forecast_table_row"",""scope_kind"":""LOCATED_INTERVAL"",""start_chainage"":1014445.0,""state_role"":null,""valid_date"":null}",doc_99cb24b0b45c767bece0fac1_e0003,stage7_main_task_030,False
typed_claim_b05764895386cda110ea486d,FORECAST_GEOLOGICAL_CONDITION,"{""attribute_dimension"":null,""attribute_name"":""weathering"",""normalized_value"":""弱风化"",""source_evidence_id"":""doc_c6033d47fac60b63875a730d_e0002""}",FORECAST,,4,geological_forecast,fact_lock_5b2fc434f808a4d42e66acaa,FORWARD_ATTENTION_CELL,"{""cell_id"":null,""daily_state_id"":null,""end_chainage"":1014471.0,""point_chainage"":null,""scope_basis"":""forecast_segment"",""scope_kind"":""LOCATED_INTERVAL"",""start_chainage"":1014441.0,""state_role"":null,""valid_date"":null}",doc_c6033d47fac60b63875a730d_e0002,stage7_main_task_030,False
typed_claim_27d9a451340c8f020fa5afb8,FORECAST_GEOLOGICAL_CONDITION,"{""attribute_dimension"":null,""attribute_name"":""risk_hint"",""normalized_value"":""里程+448、 +458、+470 附近有掉块 风险"",""source_evidence_id"":""doc_99cb24b0b45c767bece0fac1_e0003""}",FORECAST,,5,geological_forecast,fact_lock_58d43ff10e762c80c81af74b,FORWARD_ATTENTION_CELL,"{""cell_id"":null,""daily_state_id"":null,""end_chainage"":1014476.0,""point_chainage"":null,""scope_basis"":""hsp_forecast_table_row"",""scope_kind"":""LOCATED_INTERVAL"",""start_chainage"":1014445.0,""state_role"":null,""valid_date"":null}",doc_99cb24b0b45c767bece0fac1_e0003,stage7_main_task_030,False
typed_claim_5dbacfcef12b590c3faac95c,FORECAST_GEOLOGICAL_CONDITION,"{""attribute_dimension"":null,""attribute_name"":""joint_development"",""normalized_value"":""节理裂隙发育"",""source_evidence_id"":""doc_c6033d47fac60b63875a730d_e0002""}",FORECAST,,6,geological_forecast,fact_lock_39eff5c94dfcd01e3586b792,FORWARD_ATTENTION_CELL,"{""cell_id"":null,""daily_state_id"":null,""end_chainage"":1014471.0,""point_chainage"":null,""scope_basis"":""forecast_segment"",""scope_kind"":""LOCATED_INTERVAL"",""start_chainage"":1014441.0,""state_role"":null,""valid_date"":null}",doc_c6033d47fac60b63875a730d_e0002,stage7_main_task_030,False
typed_claim_29f2c01bed3ddf20f03ee4b2,FORECAST_GEOLOGICAL_CONDITION,"{""attribute_dimension"":null,""attribute_name"":""lithology"",""normalized_value"":""板岩夹变质砂岩"",""source_evidence_id"":""doc_99cb24b0b45c767bece0fac1_e0003""}",FORECAST,,7,geological_forecast,fact_lock_335797db5081e002698dca93,FORWARD_ATTENTION_CELL,"{""cell_id"":null,""daily_state_id"":null,""end_chainage"":1014476.0,""point_chainage"":null,""scope_basis"":""hsp_forecast_table_row"",""scope_kind"":""LOCATED_INTERVAL"",""start_chainage"":1014445.0,""state_role"":null,""valid_date"":null}",doc_99cb24b0b45c767bece0fac1_e0003,stage7_main_task_030,False
typed_claim_dca4e1c299a740b62e191f53,FORECAST_GEOLOGICAL_CONDITION,"{""attribute_dimension"":null,""attribute_name"":""joint_development"",""normalized_value"":""节理裂隙发育密集"",""source_evidence_id"":""doc_99cb24b0b45c767bece0fac1_e0003""}",FORECAST,,8,geological_forecast,fact_lock_bb61aba23f3c4e1d57035a75,FORWARD_ATTENTION_CELL,"{""cell_id"":null,""daily_state_id"":null,""end_chainage"":1014476.0,""point_chainage"":null,""scope_basis"":""hsp_forecast_table_row"",""scope_kind"":""LOCATED_INTERVAL"",""start_chainage"":1014445.0,""state_role"":null,""valid_date"":null}",doc_99cb24b0b45c767bece0fac1_e0003,stage7_main_task_030,False
typed_claim_f40d0bf9c77b8c6677f2eb34,FORECAST_GEOLOGICAL_CONDITION,"{""attribute_dimension"":null,""attribute_name"":""suggested_grade"",""normalized_value"":""Ⅳ级"",""source_evidence_id"":""doc_99cb24b0b45c767bece0fac1_e0003""}",FORECAST,,9,geological_forecast,fact_lock_b3a6104bd2f9459748093e90,FORWARD_ATTENTION_CELL,"{""cell_id"":null,""daily_state_id"":null,""end_chainage"":1014476.0,""point_chainage"":null,""scope_basis"":""hsp_forecast_table_row"",""scope_kind"":""LOCATED_INTERVAL"",""start_chainage"":1014445.0,""state_role"":null,""valid_date"":null}",doc_99cb24b0b45c767bece0fac1_e0003,stage7_main_task_030,False
typed_claim_d25d97a3e7c2eb4b7a3f89a2,FORECAST_GEOLOGICAL_CONDITION,"{""attribute_dimension"":null,""attribute_name"":""anomaly_level"",""normalized_value"":""MODERATE"",""source_evidence_id"":""doc_99cb24b0b45c767bece0fac1_e0003""}",FORECAST,,10,geological_forecast,fact_lock_f7e14ab5cbbd4f255e1d3712,FORWARD_ATTENTION_CELL,"{""cell_id"":null,""daily_state_id"":null,""end_chainage"":1014476.0,""point_chainage"":null,""scope_basis"":""hsp_forecast_table_row"",""scope_kind"":""LOCATED_INTERVAL"",""start_chainage"":1014445.0,""state_role"":null,""valid_date"":null}",doc_99cb24b0b45c767bece0fac1_e0003,stage7_main_task_030,False
typed_claim_114fed8c771657abf6c8d570,FORECAST_GEOLOGICAL_CONDITION,"{""attribute_dimension"":null,""attribute_name"":""weathering"",""normalized_value"":""弱风化"",""source_evidence_id"":""doc_99cb24b0b45c767bece0fac1_e0003""}",FORECAST,,11,geological_forecast,fact_lock_64b45db2bbb72970a5ddfb26,FORWARD_ATTENTION_CELL,"{""cell_id"":null,""daily_state_id"":null,""end_chainage"":1014476.0,""point_chainage"":null,""scope_basis"":""hsp_forecast_table_row"",""scope_kind"":""LOCATED_INTERVAL"",""start_chainage"":1014445.0,""state_role"":null,""valid_date"":null}",doc_99cb24b0b45c767bece0fac1_e0003,stage7_main_task_030,False
typed_claim_43912a5b99967ab0be30227f,FORECAST_GEOLOGICAL_CONDITION,"{""attribute_dimension"":null,""attribute_name"":""block_fall_or_collapse"",""normalized_value"":""掉块"",""source_evidence_id"":""doc_c6033d47fac60b63875a730d_e0002""}",FORECAST,,12,geological_forecast,fact_lock_8d74274e5c07756cb2c5c98f,FORWARD_ATTENTION_CELL,"{""cell_id"":null,""daily_state_id"":null,""end_chainage"":1014471.0,""point_chainage"":null,""scope_basis"":""forecast_segment"",""scope_kind"":""LOCATED_INTERVAL"",""start_chainage"":1014441.0,""state_role"":null,""valid_date"":null}",doc_c6033d47fac60b63875a730d_e0002,stage7_main_task_030,False
typed_claim_f6c48f196f3d22d6df6629c8,FORECAST_GEOLOGICAL_CONDITION,"{""attribute_dimension"":null,""attribute_name"":""water_type"",""normalized_value"":""滴渗水"",""source_evidence_id"":""doc_c6033d47fac60b63875a730d_e0002""}",FORECAST,,13,geological_forecast,fact_lock_080e3495ae5bb8b2546a3477,FORWARD_ATTENTION_CELL,"{""cell_id"":null,""daily_state_id"":null,""end_chainage"":1014471.0,""point_chainage"":null,""scope_basis"":""forecast_segment"",""scope_kind"":""LOCATED_INTERVAL"",""start_chainage"":1014441.0,""state_role"":null,""valid_date"":null}",doc_c6033d47fac60b63875a730d_e0002,stage7_main_task_030,False
typed_claim_bdd553151377ac92b6534def,FORECAST_GEOLOGICAL_CONDITION,"{""attribute_dimension"":null,""attribute_name"":""rock_mass_state"",""normalized_value"":""岩体破碎"",""source_evidence_id"":""doc_c6033d47fac60b63875a730d_e0002""}",FORECAST,,14,geological_forecast,fact_lock_f90a282e0da7ca77317d2f5c,FORWARD_ATTENTION_CELL,"{""cell_id"":null,""daily_state_id"":null,""end_chainage"":1014471.0,""point_chainage"":null,""scope_basis"":""forecast_segment"",""scope_kind"":""LOCATED_INTERVAL"",""start_chainage"":1014441.0,""state_role"":null,""valid_date"":null}",doc_c6033d47fac60b63875a730d_e0002,stage7_main_task_030,False
typed_claim_ea9f14a57f1c6083e1a754f6,FORWARD_GEOLOGICAL_ATTENTION,"{""is_causal_estimate"":false,""is_hazard_probability"":false,""is_probability"":false,""metric_name"":""GRS"",""metric_semantics"":""FORWARD_GEOLOGICAL_EVIDENCE_ATTENTION_INDEX"",""metric_status"":""AVAILABLE"",""metric_value"":0.7472222222222222,""source_metric_id"":""state_grs_b0b9ceedddbd917c9837db04""}",,NONPROBABILISTIC_ATTENTION,15,forward_attention,fact_lock_34077fd5ae9731409fc43156,FORWARD_ATTENTION_CELL,"{""cell_id"":""cell_a988b2656051f7e18ac637e4"",""daily_state_id"":null,""end_chainage"":null,""point_chainage"":null,""scope_basis"":""stage5b_bitemporal_state_subject"",""scope_kind"":""CELL"",""start_chainage"":null,""state_role"":""FORWARD_ATTENTION_CELL"",""valid_date"":""2023-12-16""}",state_grs_b0b9ceedddbd917c9837db04,stage7_main_task_030,False
typed_claim_f7f6eb5ac67b4c6b5d1c311d,FORECAST_GEOLOGICAL_CONDITION,"{""attribute_dimension"":null,""attribute_name"":""rock_mass_state"",""normalized_value"":""岩体破碎"",""source_evidence_id"":""doc_d1c24a2c5d644ba47f3ef2ec_e0004""}",FORECAST,,0,geological_forecast,fact_lock_0dbabadee5e7064be9d9449d,DAILY_REVIEW_CELL,"{""cell_id"":null,""daily_state_id"":null,""end_chainage"":1013506.0,""point_chainage"":null,""scope_basis"":""hsp_forecast_table_row"",""scope_kind"":""LOCATED_INTERVAL"",""start_chainage"":1013466.0,""state_role"":null,""valid_date"":null}",doc_d1c24a2c5d644ba47f3ef2ec_e0004,stage7_main_task_031,False
typed_claim_25b7ce7a59be25c739179208,FORECAST_GEOLOGICAL_CONDITION,"{""attribute_dimension"":null,""attribute_name"":""geological_conclusion"",""normalized_value"":""该段围岩较前段稍有变好。岩性 为板岩夹变质砂岩，弱风化，岩 质软硬不均，节理裂隙发育，岩 体破碎，围岩整体稳定性较差"",""source_evidence_id"":""doc_d1c24a2c5d644ba47f3ef2ec_e0004""}",FORECAST,,1,geological_forecast,fact_lock_17b6997b811e7569911adc44,DAILY_REVIEW_CELL,"{""cell_id"":null,""daily_state_id"":null,""end_chainage"":1013506.0,""point_chainage"":null,""scope_basis"":""hsp_forecast_table_row"",""scope_kind"":""LOCATED_INTERVAL"",""start_chainage"":1013466.0,""state_role"":null,""valid_date"":null}",doc_d1c24a2c5d644ba47f3ef2ec_e0004,stage7_main_task_031,False
typed_claim_f632e32452092e544d1b3a17,FORECAST_GEOLOGICAL_CONDITION,"{""attribute_dimension"":null,""attribute_name"":""risk_hint"",""normalized_value"":""里程+492 附 近有掉块风 险"",""source_evidence_id"":""doc_d1c24a2c5d644ba47f3ef2ec_e0004""}",FORECAST,,2,geological_forecast,fact_lock_7e93f5f451508856c3971da3,DAILY_REVIEW_CELL,"{""cell_id"":null,""daily_state_id"":null,""end_chainage"":1013506.0,""point_chainage"":null,""scope_basis"":""hsp_forecast_table_row"",""scope_kind"":""LOCATED_INTERVAL"",""start_chainage"":1013466.0,""state_role"":null,""valid_date"":null}",doc_d1c24a2c5d644ba47f3ef2ec_e0004,stage7_main_task_031,False
typed_claim_220f5ee02a98b81822315fdb,FORECAST_GEOLOGICAL_CONDITION,"{""attribute_dimension"":null,""attribute_name"":""lithology"",""normalized_value"":""板岩夹变质砂岩"",""source_evidence_id"":""doc_d1c24a2c5d644ba47f3ef2ec_e0004""}",FORECAST,,3,geological_forecast,fact_lock_94b2c0f5541d6eb3b3373ac1,DAILY_REVIEW_CELL,"{""cell_id"":null,""daily_state_id"":null,""end_chainage"":1013506.0,""point_chainage"":null,""scope_basis"":""hsp_forecast_table_row"",""scope_kind"":""LOCATED_INTERVAL"",""start_chainage"":1013466.0,""state_role"":null,""valid_date"":null}",doc_d1c24a2c5d644ba47f3ef2ec_e0004,stage7_main_task_031,False
typed_claim_44ff5ec90edd3888cb97e9b9,FORECAST_GEOLOGICAL_CONDITION,"{""attribute_dimension"":null,""attribute_name"":""weathering"",""normalized_value"":""弱风化"",""source_evidence_id"":""doc_d1c24a2c5d644ba47f3ef2ec_e0004""}",FORECAST,,4,geological_forecast,fact_lock_48fc7e810e242111377862ee,DAILY_REVIEW_CELL,"{""cell_id"":null,""daily_state_id"":null,""end_chainage"":1013506.0,""point_chainage"":null,""scope_basis"":""hsp_forecast_table_row"",""scope_kind"":""LOCATED_INTERVAL"",""start_chainage"":1013466.0,""state_role"":null,""valid_date"":null}",doc_d1c24a2c5d644ba47f3ef2ec_e0004,stage7_main_task_031,False
typed_claim_609adab0284ebe637cea471b,FORECAST_GEOLOGICAL_CONDITION,"{""attribute_dimension"":null,""attribute_name"":""joint_development"",""normalized_value"":""节理裂隙发育"",""source_evidence_id"":""doc_d1c24a2c5d644ba47f3ef2ec_e0004""}",FORECAST,,5,geological_forecast,fact_lock_94d86705264717616ec91b1e,DAILY_REVIEW_CELL,"{""cell_id"":null,""daily_state_id"":null,""end_chainage"":1013506.0,""point_chainage"":null,""scope_basis"":""hsp_forecast_table_row"",""scope_kind"":""LOCATED_INTERVAL"",""start_chainage"":1013466.0,""state_role"":null,""valid_date"":null}",doc_d1c24a2c5d644ba47f3ef2ec_e0004,stage7_main_task_031,False
typed_claim_b37b69261cccbbd0224e17f2,FORECAST_GEOLOGICAL_CONDITION,"{""attribute_dimension"":null,""attribute_name"":""suggested_grade"",""normalized_value"":""Ⅳ级"",""source_evidence_id"":""doc_d1c24a2c5d644ba47f3ef2ec_e0004""}",FORECAST,,6,geological_forecast,fact_lock_5e90755d75618fff8f296e13,DAILY_REVIEW_CELL,"{""cell_id"":null,""daily_state_id"":null,""end_chainage"":1013506.0,""point_chainage"":null,""scope_basis"":""hsp_forecast_table_row"",""scope_kind"":""LOCATED_INTERVAL"",""start_chainage"":1013466.0,""state_role"":null,""valid_date"":null}",doc_d1c24a2c5d644ba47f3ef2ec_e0004,stage7_main_task_031,False
typed_claim_10e99712368998255f3ee067,GEOLOGICAL_EVIDENCE_ATTENTION_REVIEW,"{""is_causal_estimate"":false,""is_hazard_probability"":false,""is_probability"":false,""metric_name"":""GRS"",""metric_semantics"":""GEOLOGICAL_EVIDENCE_ATTENTION_INDEX"",""metric_status"":""AVAILABLE"",""metric_value"":0.5416666666666666,""source_metric_id"":""state_grs_2eed925a14cd21632079694f""}",,NONPROBABILISTIC_ATTENTION,7,geological_attention,fact_lock_f44ccdf5d15532f45150a260,DAILY_REVIEW_CELL,"{""cell_id"":""cell_3d2558b73586465c51997f14"",""daily_state_id"":null,""end_chainage"":null,""point_chainage"":null,""scope_basis"":""stage5b_bitemporal_state_subject"",""scope_kind"":""CELL"",""start_chainage"":null,""state_role"":""DAILY_REVIEW_CELL"",""valid_date"":""2023-10-08""}",state_grs_2eed925a14cd21632079694f,stage7_main_task_031,False
typed_claim_9ccf55f6369e3db63c5a0e3a,OBSERVED_GEOLOGICAL_CONDITION,"{""attribute_dimension"":null,""attribute_name"":""rock_mass_state"",""normalized_value"":""岩体破碎"",""source_evidence_id"":""doc_99cb24b0b45c767bece0fac1_e0001""}",OBSERVED,,0,geological_observed,fact_lock_263553add614fe76341aa07c,DAILY_REVIEW_CELL,"{""cell_id"":null,""daily_state_id"":null,""end_chainage"":null,""point_chainage"":1014431.0,""scope_basis"":""hsp_face_chainage_cell"",""scope_kind"":""LOCATED_POINT"",""start_chainage"":null,""state_role"":null,""valid_date"":null}",doc_99cb24b0b45c767bece0fac1_e0001,stage7_main_task_032,False
typed_claim_4a6aa6bea2915fc0c114e258,OBSERVED_GEOLOGICAL_CONDITION,"{""attribute_dimension"":null,""attribute_name"":""lithology"",""normalized_value"":""板岩夹变质砂岩"",""source_evidence_id"":""doc_99cb24b0b45c767bece0fac1_e0001""}",OBSERVED,,1,geological_observed,fact_lock_49d40207ab0f28ae0255aff9,DAILY_REVIEW_CELL,"{""cell_id"":null,""daily_state_id"":null,""end_chainage"":null,""point_chainage"":1014431.0,""scope_basis"":""hsp_face_chainage_cell"",""scope_kind"":""LOCATED_POINT"",""start_chainage"":null,""state_role"":null,""valid_date"":null}",doc_99cb24b0b45c767bece0fac1_e0001,stage7_main_task_032,False
typed_claim_4ba84a798ea1c077a85caf95,OBSERVED_GEOLOGICAL_CONDITION,"{""attribute_dimension"":null,""attribute_name"":""geological_description"",""normalized_value"":""开挖面 地质概况 当前掌子面地层岩性为石炭二叠系板岩夹变质砂岩，矿物成分以石英、长 石为主，钙质胶结。围岩整体弱风化，岩质硬，节理裂隙发育密集，岩体破碎, 层间结合差，掌子面滴渗水，存在掉块现象。"",""source_evidence_id"":""doc_99cb24b0b45c767bece0fac1_e0001""}",OBSERVED,,2,geological_observed,fact_lock_67ad01559b7a429c17ccb6e6,DAILY_REVIEW_CELL,"{""cell_id"":null,""daily_state_id"":null,""end_chainage"":null,""point_chainage"":1014431.0,""scope_basis"":""hsp_face_chainage_cell"",""scope_kind"":""LOCATED_POINT"",""start_chainage"":null,""state_role"":null,""valid_date"":null}",doc_99cb24b0b45c767bece0fac1_e0001,stage7_main_task_032,False
typed_claim_9a30215fabcb8da49cb7efd2,OBSERVED_GEOLOGICAL_CONDITION,"{""attribute_dimension"":null,""attribute_name"":""weathering"",""normalized_value"":""弱风化"",""source_evidence_id"":""doc_99cb24b0b45c767bece0fac1_e0001""}",OBSERVED,,3,geological_observed,fact_lock_c444e8fc36bd6cf35a113162,DAILY_REVIEW_CELL,"{""cell_id"":null,""daily_state_id"":null,""end_chainage"":null,""point_chainage"":1014431.0,""scope_basis"":""hsp_face_chainage_cell"",""scope_kind"":""LOCATED_POINT"",""start_chainage"":null,""state_role"":null,""valid_date"":null}",doc_99cb24b0b45c767bece0fac1_e0001,stage7_main_task_032,False
typed_claim_030dcaa14622c675b8167ac4,FORECAST_GEOLOGICAL_CONDITION,"{""attribute_dimension"":null,""attribute_name"":""rock_mass_state"",""normalized_value"":""岩体破碎"",""source_evidence_id"":""doc_99cb24b0b45c767bece0fac1_e0002""}",FORECAST,,4,geological_forecast,fact_lock_624d623ff414353fb835a8ec,DAILY_REVIEW_CELL,"{""cell_id"":null,""daily_state_id"":null,""end_chainage"":1014445.0,""point_chainage"":null,""scope_basis"":""hsp_forecast_table_row"",""scope_kind"":""LOCATED_INTERVAL"",""start_chainage"":1014431.0,""state_role"":null,""valid_date"":null}",doc_99cb24b0b45c767bece0fac1_e0002,stage7_main_task_032,False
typed_claim_100efeb00f4e4cb96fd5b3c6,FORECAST_GEOLOGICAL_CONDITION,"{""attribute_dimension"":null,""attribute_name"":""joint_development"",""normalized_value"":""节理裂隙发育密集"",""source_evidence_id"":""doc_665dc65538c9aec44e36752a_e0002""}",FORECAST,,5,geological_forecast,fact_lock_40cb5710af1d31f5979fed82,DAILY_REVIEW_CELL,"{""cell_id"":null,""daily_state_id"":null,""end_chainage"":1014449.0,""point_chainage"":null,""scope_basis"":""forecast_segment"",""scope_kind"":""LOCATED_INTERVAL"",""start_chainage"":1014419.0,""state_role"":null,""valid_date"":null}",doc_665dc65538c9aec44e36752a_e0002,stage7_main_task_032,False
typed_claim_e5759bb2d6b95f32f409bfd5,FORECAST_GEOLOGICAL_CONDITION,"{""attribute_dimension"":null,""attribute_name"":""joint_development"",""normalized_value"":""节理裂隙发育"",""source_evidence_id"":""doc_99cb24b0b45c767bece0fac1_e0002""}",FORECAST,,6,geological_forecast,fact_lock_1d3aaa5ccfb1cc9b52899825,DAILY_REVIEW_CELL,"{""cell_id"":null,""daily_state_id"":null,""end_chainage"":1014445.0,""point_chainage"":null,""scope_basis"":""hsp_forecast_table_row"",""scope_kind"":""LOCATED_INTERVAL"",""start_chainage"":1014431.0,""state_role"":null,""valid_date"":null}",doc_99cb24b0b45c767bece0fac1_e0002,stage7_main_task_032,False
typed_claim_002321f049a5ba4821afc7c8,FORECAST_GEOLOGICAL_CONDITION,"{""attribute_dimension"":null,""attribute_name"":""weathering"",""normalized_value"":""弱风化"",""source_evidence_id"":""doc_665dc65538c9aec44e36752a_e0002""}",FORECAST,,7,geological_forecast,fact_lock_2f9d18ae71bea3daaadd314c,DAILY_REVIEW_CELL,"{""cell_id"":null,""daily_state_id"":null,""end_chainage"":1014449.0,""point_chainage"":null,""scope_basis"":""forecast_segment"",""scope_kind"":""LOCATED_INTERVAL"",""start_chainage"":1014419.0,""state_role"":null,""valid_date"":null}",doc_665dc65538c9aec44e36752a_e0002,stage7_main_task_032,False
typed_claim_3c3b8ea340e33dbfdbef2496,FORECAST_GEOLOGICAL_CONDITION,"{""attribute_dimension"":null,""attribute_name"":""rock_mass_state"",""normalized_value"":""岩体破碎"",""source_evidence_id"":""doc_665dc65538c9aec44e36752a_e0002""}",FORECAST,,8,geological_forecast,fact_lock_602d7764a037ef36846adfcf,DAILY_REVIEW_CELL,"{""cell_id"":null,""daily_state_id"":null,""end_chainage"":1014449.0,""point_chainage"":null,""scope_basis"":""forecast_segment"",""scope_kind"":""LOCATED_INTERVAL"",""start_chainage"":1014419.0,""state_role"":null,""valid_date"":null}",doc_665dc65538c9aec44e36752a_e0002,stage7_main_task_032,False
typed_claim_a8e4f338c4eb16902ce123f9,FORECAST_GEOLOGICAL_CONDITION,"{""attribute_dimension"":null,""attribute_name"":""rock_mass_state"",""normalized_value"":""岩体破碎"",""source_evidence_id"":""doc_99cb24b0b45c767bece0fac1_e0002""}",FORECAST,,9,geological_forecast,fact_lock_76d003a2c36c25087916b13a,FORWARD_ATTENTION_CELL,"{""cell_id"":null,""daily_state_id"":null,""end_chainage"":1014445.0,""point_chainage"":null,""scope_basis"":""hsp_forecast_table_row"",""scope_kind"":""LOCATED_INTERVAL"",""start_chainage"":1014431.0,""state_role"":null,""valid_date"":null}",doc_99cb24b0b45c767bece0fac1_e0002,stage7_main_task_032,False
typed_claim_55f91c84bb18f0162d3536e4,FORECAST_GEOLOGICAL_CONDITION,"{""attribute_dimension"":null,""attribute_name"":""rock_mass_state"",""normalized_value"":""岩体破碎-极破碎"",""source_evidence_id"":""doc_b84482f2cbc3d64012d7baad_e0005""}",FORECAST,,10,geological_forecast,fact_lock_9d9e342fd6c3e3c6d60a22fe,DAILY_REVIEW_CELL,"{""cell_id"":null,""daily_state_id"":null,""end_chainage"":1014441.0,""point_chainage"":null,""scope_basis"":""hsp_forecast_table_row"",""scope_kind"":""LOCATED_INTERVAL"",""start_chainage"":1014410.0,""state_role"":null,""valid_date"":null}",doc_b84482f2cbc3d64012d7baad_e0005,stage7_main_task_032,False
typed_claim_edba968bce2dd43c00c344b5,FORECAST_GEOLOGICAL_CONDITION,"{""attribute_dimension"":null,""attribute_name"":""lithology"",""normalized_value"":""板岩夹变质砂岩"",""source_evidence_id"":""doc_99cb24b0b45c767bece0fac1_e0002""}",FORECAST,,11,geological_forecast,fact_lock_e6d1036dde68fa79a924f2a4,DAILY_REVIEW_CELL,"{""cell_id"":null,""daily_state_id"":null,""end_chainage"":1014445.0,""point_chainage"":null,""scope_basis"":""hsp_forecast_table_row"",""scope_kind"":""LOCATED_INTERVAL"",""start_chainage"":1014431.0,""state_role"":null,""valid_date"":null}",doc_99cb24b0b45c767bece0fac1_e0002,stage7_main_task_032,False
typed_claim_ad10a833427b898576459a76,FORECAST_GEOLOGICAL_CONDITION,"{""attribute_dimension"":null,""attribute_name"":""joint_development"",""normalized_value"":""节理裂隙发育"",""source_evidence_id"":""doc_99cb24b0b45c767bece0fac1_e0002""}",FORECAST,,12,geological_forecast,fact_lock_2a77a6aacbd9d15e33d3d0b6,FORWARD_ATTENTION_CELL,"{""cell_id"":null,""daily_state_id"":null,""end_chainage"":1014445.0,""point_chainage"":null,""scope_basis"":""hsp_forecast_table_row"",""scope_kind"":""LOCATED_INTERVAL"",""start_chainage"":1014431.0,""state_role"":null,""valid_date"":null}",doc_99cb24b0b45c767bece0fac1_e0002,stage7_main_task_032,False
typed_claim_434f052ff094f55a89a0a642,FORECAST_GEOLOGICAL_CONDITION,"{""attribute_dimension"":null,""attribute_name"":""narrative_water_observation"",""normalized_value"":""滴渗水"",""source_evidence_id"":""doc_665dc65538c9aec44e36752a_e0002""}",FORECAST,,13,geological_forecast,fact_lock_edcf23ce7806d80c1f309537,DAILY_REVIEW_CELL,"{""cell_id"":null,""daily_state_id"":null,""end_chainage"":1014449.0,""point_chainage"":null,""scope_basis"":""forecast_segment"",""scope_kind"":""LOCATED_INTERVAL"",""start_chainage"":1014419.0,""state_role"":null,""valid_date"":null}",doc_665dc65538c9aec44e36752a_e0002,stage7_main_task_032,False
typed_claim_dda5601c2ac9f6d9574c52e0,FORECAST_GEOLOGICAL_CONDITION,"{""attribute_dimension"":null,""attribute_name"":""risk_hint"",""normalized_value"":""里程+412、 +417、+423、 +428、+433、 +438 附近有 掉块风险"",""source_evidence_id"":""doc_b84482f2cbc3d64012d7baad_e0005""}",FORECAST,,14,geological_forecast,fact_lock_3bdd9a902220780574a135c9,DAILY_REVIEW_CELL,"{""cell_id"":null,""daily_state_id"":null,""end_chainage"":1014441.0,""point_chainage"":null,""scope_basis"":""hsp_forecast_table_row"",""scope_kind"":""LOCATED_INTERVAL"",""start_chainage"":1014410.0,""state_role"":null,""valid_date"":null}",doc_b84482f2cbc3d64012d7baad_e0005,stage7_main_task_032,False
typed_claim_7cbc81ae4cd539f7398d78c2,FORECAST_GEOLOGICAL_CONDITION,"{""attribute_dimension"":null,""attribute_name"":""joint_development"",""normalized_value"":""节理裂隙发育密集"",""source_evidence_id"":""doc_99cb24b0b45c767bece0fac1_e0003""}",FORECAST,,15,geological_forecast,fact_lock_2b772224e913b987eaf5d29a,FORWARD_ATTENTION_CELL,"{""cell_id"":null,""daily_state_id"":null,""end_chainage"":1014476.0,""point_chainage"":null,""scope_basis"":""hsp_forecast_table_row"",""scope_kind"":""LOCATED_INTERVAL"",""start_chainage"":1014445.0,""state_role"":null,""valid_date"":null}",doc_99cb24b0b45c767bece0fac1_e0003,stage7_main_task_032,False
typed_claim_dca4e1c299a740b62e191f53,FORECAST_GEOLOGICAL_CONDITION,"{""attribute_dimension"":null,""attribute_name"":""joint_development"",""normalized_value"":""节理裂隙发育密集"",""source_evidence_id"":""doc_99cb24b0b45c767bece0fac1_e0003""}",FORECAST,,16,geological_forecast,fact_lock_bb61aba23f3c4e1d57035a75,FORWARD_ATTENTION_CELL,"{""cell_id"":null,""daily_state_id"":null,""end_chainage"":1014476.0,""point_chainage"":null,""scope_basis"":""hsp_forecast_table_row"",""scope_kind"":""LOCATED_INTERVAL"",""start_chainage"":1014445.0,""state_role"":null,""valid_date"":null}",doc_99cb24b0b45c767bece0fac1_e0003,stage7_main_task_032,False
typed_claim_19e697ec913a27691e53ec5c,FORECAST_GEOLOGICAL_CONDITION,"{""attribute_dimension"":null,""attribute_name"":""joint_development"",""normalized_value"":""节理裂隙发育密集"",""source_evidence_id"":""doc_99cb24b0b45c767bece0fac1_e0003""}",FORECAST,,17,geological_forecast,fact_lock_bbe2d9fe1da272cfd52a0a22,FORWARD_ATTENTION_CELL,"{""cell_id"":null,""daily_state_id"":null,""end_chainage"":1014476.0,""point_chainage"":null,""scope_basis"":""hsp_forecast_table_row"",""scope_kind"":""LOCATED_INTERVAL"",""start_chainage"":1014445.0,""state_role"":null,""valid_date"":null}",doc_99cb24b0b45c767bece0fac1_e0003,stage7_main_task_032,False
typed_claim_9a8c75b8a91d8256fa3ab9d8,FORECAST_GEOLOGICAL_CONDITION,"{""attribute_dimension"":null,""attribute_name"":""anomaly_level"",""normalized_value"":""MODERATE"",""source_evidence_id"":""doc_99cb24b0b45c767bece0fac1_e0003""}",FORECAST,,18,geological_forecast,fact_lock_8a6bc131a85521a75f57b505,FORWARD_ATTENTION_CELL,"{""cell_id"":null,""daily_state_id"":null,""end_chainage"":1014476.0,""point_chainage"":null,""scope_basis"":""hsp_forecast_table_row"",""scope_kind"":""LOCATED_INTERVAL"",""start_chainage"":1014445.0,""state_role"":null,""valid_date"":null}",doc_99cb24b0b45c767bece0fac1_e0003,stage7_main_task_032,False
typed_claim_913e29e3791f46390c5e8779,FORECAST_GEOLOGICAL_CONDITION,"{""attribute_dimension"":null,""attribute_name"":""anomaly_level"",""normalized_value"":""MODERATE"",""source_evidence_id"":""doc_99cb24b0b45c767bece0fac1_e0003""}",FORECAST,,19,geological_forecast,fact_lock_dc41f9d4bcc3b4d2fdd987df,FORWARD_ATTENTION_CELL,"{""cell_id"":null,""daily_state_id"":null,""end_chainage"":1014476.0,""point_chainage"":null,""scope_basis"":""hsp_forecast_table_row"",""scope_kind"":""LOCATED_INTERVAL"",""start_chainage"":1014445.0,""state_role"":null,""valid_date"":null}",doc_99cb24b0b45c767bece0fac1_e0003,stage7_main_task_032,False
typed_claim_d25d97a3e7c2eb4b7a3f89a2,FORECAST_GEOLOGICAL_CONDITION,"{""attribute_dimension"":null,""attribute_name"":""anomaly_level"",""normalized_value"":""MODERATE"",""source_evidence_id"":""doc_99cb24b0b45c767bece0fac1_e0003""}",FORECAST,,20,geological_forecast,fact_lock_f7e14ab5cbbd4f255e1d3712,FORWARD_ATTENTION_CELL,"{""cell_id"":null,""daily_state_id"":null,""end_chainage"":1014476.0,""point_chainage"":null,""scope_basis"":""hsp_forecast_table_row"",""scope_kind"":""LOCATED_INTERVAL"",""start_chainage"":1014445.0,""state_role"":null,""valid_date"":null}",doc_99cb24b0b45c767bece0fac1_e0003,stage7_main_task_032,False
typed_claim_f6c48f196f3d22d6df6629c8,FORECAST_GEOLOGICAL_CONDITION,"{""attribute_dimension"":null,""attribute_name"":""water_type"",""normalized_value"":""滴渗水"",""source_evidence_id"":""doc_c6033d47fac60b63875a730d_e0002""}",FORECAST,,21,geological_forecast,fact_lock_080e3495ae5bb8b2546a3477,FORWARD_ATTENTION_CELL,"{""cell_id"":null,""daily_state_id"":null,""end_chainage"":1014471.0,""point_chainage"":null,""scope_basis"":""forecast_segment"",""scope_kind"":""LOCATED_INTERVAL"",""start_chainage"":1014441.0,""state_role"":null,""valid_date"":null}",doc_c6033d47fac60b63875a730d_e0002,stage7_main_task_032,False
typed_claim_94f943045d351a5a2f1add0e,FORECAST_GEOLOGICAL_CONDITION,"{""attribute_dimension"":null,""attribute_name"":""water_type"",""normalized_value"":""滴渗水"",""source_evidence_id"":""doc_c6033d47fac60b63875a730d_e0002""}",FORECAST,,22,geological_forecast,fact_lock_a0a47f090b5855628d8d9f3e,FORWARD_ATTENTION_CELL,"{""cell_id"":null,""daily_state_id"":null,""end_chainage"":1014471.0,""point_chainage"":null,""scope_basis"":""forecast_segment"",""scope_kind"":""LOCATED_INTERVAL"",""start_chainage"":1014441.0,""state_role"":null,""valid_date"":null}",doc_c6033d47fac60b63875a730d_e0002,stage7_main_task_032,False
typed_claim_58e40d638d0d6295be426774,FORECAST_GEOLOGICAL_CONDITION,"{""attribute_dimension"":null,""attribute_name"":""water_type"",""normalized_value"":""滴渗水"",""source_evidence_id"":""doc_c6033d47fac60b63875a730d_e0002""}",FORECAST,,23,geological_forecast,fact_lock_bd9ecfd923968248f3824fbf,FORWARD_ATTENTION_CELL,"{""cell_id"":null,""daily_state_id"":null,""end_chainage"":1014471.0,""point_chainage"":null,""scope_basis"":""forecast_segment"",""scope_kind"":""LOCATED_INTERVAL"",""start_chainage"":1014441.0,""state_role"":null,""valid_date"":null}",doc_c6033d47fac60b63875a730d_e0002,stage7_main_task_032,False
typed_claim_0c6b0faa8d88a07e9923b32d,FORECAST_GEOLOGICAL_CONDITION,"{""attribute_dimension"":null,""attribute_name"":""water_type"",""normalized_value"":""滴渗水"",""source_evidence_id"":""doc_665dc65538c9aec44e36752a_e0002""}",FORECAST,,24,geological_forecast,fact_lock_8a78691b120ae70981ffd035,DAILY_REVIEW_CELL,"{""cell_id"":null,""daily_state_id"":null,""end_chainage"":1014449.0,""point_chainage"":null,""scope_basis"":""forecast_segment"",""scope_kind"":""LOCATED_INTERVAL"",""start_chainage"":1014419.0,""state_role"":null,""valid_date"":null}",doc_665dc65538c9aec44e36752a_e0002,stage7_main_task_032,False
typed_claim_90213193ef41298ae66d3bda,FORECAST_GEOLOGICAL_CONDITION,"{""attribute_dimension"":null,""attribute_name"":""anomaly_level"",""normalized_value"":""MODERATE"",""source_evidence_id"":""doc_b84482f2cbc3d64012d7baad_e0005""}",FORECAST,,25,geological_forecast,fact_lock_ad3f928fcaaf95640c517845,DAILY_REVIEW_CELL,"{""cell_id"":null,""daily_state_id"":null,""end_chainage"":1014441.0,""point_chainage"":null,""scope_basis"":""hsp_forecast_table_row"",""scope_kind"":""LOCATED_INTERVAL"",""start_chainage"":1014410.0,""state_role"":null,""valid_date"":null}",doc_b84482f2cbc3d64012d7baad_e0005,stage7_main_task_032,False
typed_claim_e1f57103fc56419e30ff2b6c,FORECAST_GEOLOGICAL_CONDITION,"{""attribute_dimension"":null,""attribute_name"":""lithology"",""normalized_value"":""板岩夹变质砂岩"",""source_evidence_id"":""doc_c6033d47fac60b63875a730d_e0002""}",FORECAST,,26,geological_forecast,fact_lock_7b722e812cc0b2b68ef2ccc8,FORWARD_ATTENTION_CELL,"{""cell_id"":null,""daily_state_id"":null,""end_chainage"":1014471.0,""point_chainage"":null,""scope_basis"":""forecast_segment"",""scope_kind"":""LOCATED_INTERVAL"",""start_chainage"":1014441.0,""state_role"":null,""valid_date"":null}",doc_c6033d47fac60b63875a730d_e0002,stage7_main_task_032,False
typed_claim_186e417db0e288c92c8174ba,FORECAST_GEOLOGICAL_CONDITION,"{""attribute_dimension"":null,""attribute_name"":""lithology"",""normalized_value"":""板岩夹变质砂岩"",""source_evidence_id"":""doc_c6033d47fac60b63875a730d_e0002""}",FORECAST,,27,geological_forecast,fact_lock_c50ae9b6162c984e2cd18666,FORWARD_ATTENTION_CELL,"{""cell_id"":null,""daily_state_id"":null,""end_chainage"":1014471.0,""point_chainage"":null,""scope_basis"":""forecast_segment"",""scope_kind"":""LOCATED_INTERVAL"",""start_chainage"":1014441.0,""state_role"":null,""valid_date"":null}",doc_c6033d47fac60b63875a730d_e0002,stage7_main_task_032,False
typed_claim_d9d63c4d37b2eb97b212e5c2,FORECAST_GEOLOGICAL_CONDITION,"{""attribute_dimension"":null,""attribute_name"":""lithology"",""normalized_value"":""板岩夹变质砂岩"",""source_evidence_id"":""doc_c6033d47fac60b63875a730d_e0002""}",FORECAST,,28,geological_forecast,fact_lock_f0409d5e344fcda255e1f768,FORWARD_ATTENTION_CELL,"{""cell_id"":null,""daily_state_id"":null,""end_chainage"":1014471.0,""point_chainage"":null,""scope_basis"":""forecast_segment"",""scope_kind"":""LOCATED_INTERVAL"",""start_chainage"":1014441.0,""state_role"":null,""valid_date"":null}",doc_c6033d47fac60b63875a730d_e0002,stage7_main_task_032,False
typed_claim_660ad24274331b7196d2d7e2,FORECAST_GEOLOGICAL_CONDITION,"{""attribute_dimension"":null,""attribute_name"":""block_fall_or_collapse"",""normalized_value"":""掉块"",""source_evidence_id"":""doc_c6033d47fac60b63875a730d_e0002""}",FORECAST,,29,geological_forecast,fact_lock_64705c8d3d43a25cb119fc83,FORWARD_ATTENTION_CELL,"{""cell_id"":null,""daily_state_id"":null,""end_chainage"":1014471.0,""point_chainage"":null,""scope_basis"":""forecast_segment"",""scope_kind"":""LOCATED_INTERVAL"",""start_chainage"":1014441.0,""state_role"":null,""valid_date"":null}",doc_c6033d47fac60b63875a730d_e0002,stage7_main_task_032,False
typed_claim_559564e7ae59ac1943c15a9e,FORECAST_GEOLOGICAL_CONDITION,"{""attribute_dimension"":null,""attribute_name"":""block_fall_or_collapse"",""normalized_value"":""掉块"",""source_evidence_id"":""doc_c6033d47fac60b63875a730d_e0002""}",FORECAST,,30,geological_forecast,fact_lock_7664c99d5e3fbb7009eb564e,FORWARD_ATTENTION_CELL,"{""cell_id"":null,""daily_state_id"":null,""end_chainage"":1014471.0,""point_chainage"":null,""scope_basis"":""forecast_segment"",""scope_kind"":""LOCATED_INTERVAL"",""start_chainage"":1014441.0,""state_role"":null,""valid_date"":null}",doc_c6033d47fac60b63875a730d_e0002,stage7_main_task_032,False
typed_claim_43912a5b99967ab0be30227f,FORECAST_GEOLOGICAL_CONDITION,"{""attribute_dimension"":null,""attribute_name"":""block_fall_or_collapse"",""normalized_value"":""掉块"",""source_evidence_id"":""doc_c6033d47fac60b63875a730d_e0002""}",FORECAST,,31,geological_forecast,fact_lock_8d74274e5c07756cb2c5c98f,FORWARD_ATTENTION_CELL,"{""cell_id"":null,""daily_state_id"":null,""end_chainage"":1014471.0,""point_chainage"":null,""scope_basis"":""forecast_segment"",""scope_kind"":""LOCATED_INTERVAL"",""start_chainage"":1014441.0,""state_role"":null,""valid_date"":null}",doc_c6033d47fac60b63875a730d_e0002,stage7_main_task_032,False
typed_claim_9de2a83d7a2ec194a7262bf7,FORECAST_GEOLOGICAL_CONDITION,"{""attribute_dimension"":null,""attribute_name"":""lithology"",""normalized_value"":""板岩夹变质砂岩"",""source_evidence_id"":""doc_99cb24b0b45c767bece0fac1_e0002""}",FORECAST,,32,geological_forecast,fact_lock_4b759b3a8debba38e8399fff,FORWARD_ATTENTION_CELL,"{""cell_id"":null,""daily_state_id"":null,""end_chainage"":1014445.0,""point_chainage"":null,""scope_basis"":""hsp_forecast_table_row"",""scope_kind"":""LOCATED_INTERVAL"",""start_chainage"":1014431.0,""state_role"":null,""valid_date"":null}",doc_99cb24b0b45c767bece0fac1_e0002,stage7_main_task_032,False
typed_claim_abe63c75545933b00d120143,FORECAST_GEOLOGICAL_CONDITION,"{""attribute_dimension"":null,""attribute_name"":""suggested_grade"",""normalized_value"":""Ⅳ级"",""source_evidence_id"":""doc_99cb24b0b45c767bece0fac1_e0002""}",FORECAST,,33,geological_forecast,fact_lock_42ce03a64470de4766aeb0a7,DAILY_REVIEW_CELL,"{""cell_id"":null,""daily_state_id"":null,""end_chainage"":1014445.0,""point_chainage"":null,""scope_basis"":""hsp_forecast_table_row"",""scope_kind"":""LOCATED_INTERVAL"",""start_chainage"":1014431.0,""state_role"":null,""valid_date"":null}",doc_99cb24b0b45c767bece0fac1_e0002,stage7_main_task_032,False
typed_claim_907b8c5542f1587b9816a415,FORECAST_GEOLOGICAL_CONDITION,"{""attribute_dimension"":null,""attribute_name"":""lithology"",""normalized_value"":""板岩夹变质砂岩"",""source_evidence_id"":""doc_b84482f2cbc3d64012d7baad_e0005""}",FORECAST,,34,geological_forecast,fact_lock_008b105c72441c49f73f13ce,DAILY_REVIEW_CELL,"{""cell_id"":null,""daily_state_id"":null,""end_chainage"":1014441.0,""point_chainage"":null,""scope_basis"":""hsp_forecast_table_row"",""scope_kind"":""LOCATED_INTERVAL"",""start_chainage"":1014410.0,""state_role"":null,""valid_date"":null}",doc_b84482f2cbc3d64012d7baad_e0005,stage7_main_task_032,False
typed_claim_965c0c2a9e60a55e87ea96a1,FORECAST_GEOLOGICAL_CONDITION,"{""attribute_dimension"":null,""attribute_name"":""joint_development"",""normalized_value"":""节理裂隙发育"",""source_evidence_id"":""doc_c6033d47fac60b63875a730d_e0002""}",FORECAST,,35,geological_forecast,fact_lock_364181fa53aeef5383ab4d5c,FORWARD_ATTENTION_CELL,"{""cell_id"":null,""daily_state_id"":null,""end_chainage"":1014471.0,""point_chainage"":null,""scope_basis"":""forecast_segment"",""scope_kind"":""LOCATED_INTERVAL"",""start_chainage"":1014441.0,""state_role"":null,""valid_date"":null}",doc_c6033d47fac60b63875a730d_e0002,stage7_main_task_032,False
typed_claim_5dbacfcef12b590c3faac95c,FORECAST_GEOLOGICAL_CONDITION,"{""attribute_dimension"":null,""attribute_name"":""joint_development"",""normalized_value"":""节理裂隙发育"",""source_evidence_id"":""doc_c6033d47fac60b63875a730d_e0002""}",FORECAST,,36,geological_forecast,fact_lock_39eff5c94dfcd01e3586b792,FORWARD_ATTENTION_CELL,"{""cell_id"":null,""daily_state_id"":null,""end_chainage"":1014471.0,""point_chainage"":null,""scope_basis"":""forecast_segment"",""scope_kind"":""LOCATED_INTERVAL"",""start_chainage"":1014441.0,""state_role"":null,""valid_date"":null}",doc_c6033d47fac60b63875a730d_e0002,stage7_main_task_032,False
typed_claim_7c55d8afd1e5da37fab14f9d,FORECAST_GEOLOGICAL_CONDITION,"{""attribute_dimension"":null,""attribute_name"":""joint_development"",""normalized_value"":""节理裂隙发育"",""source_evidence_id"":""doc_c6033d47fac60b63875a730d_e0002""}",FORECAST,,37,geological_forecast,fact_lock_f69aec19c03804efc3bbf634,FORWARD_ATTENTION_CELL,"{""cell_id"":null,""daily_state_id"":null,""end_chainage"":1014471.0,""point_chainage"":null,""scope_basis"":""forecast_segment"",""scope_kind"":""LOCATED_INTERVAL"",""start_chainage"":1014441.0,""state_role"":null,""valid_date"":null}",doc_c6033d47fac60b63875a730d_e0002,stage7_main_task_032,False
typed_claim_936330f476d3581eb3fe9fe2,FORECAST_GEOLOGICAL_CONDITION,"{""attribute_dimension"":null,""attribute_name"":""suggested_grade"",""normalized_value"":""Ⅳ级"",""source_evidence_id"":""doc_b84482f2cbc3d64012d7baad_e0005""}",FORECAST,,38,geological_forecast,fact_lock_598627b263ee68c6e278e7c9,DAILY_REVIEW_CELL,"{""cell_id"":null,""daily_state_id"":null,""end_chainage"":1014441.0,""point_chainage"":null,""scope_basis"":""hsp_forecast_table_row"",""scope_kind"":""LOCATED_INTERVAL"",""start_chainage"":1014410.0,""state_role"":null,""valid_date"":null}",doc_b84482f2cbc3d64012d7baad_e0005,stage7_main_task_032,False
typed_claim_710f4fc9d97f1a45a3339ef6,FORECAST_GEOLOGICAL_CONDITION,"{""attribute_dimension"":null,""attribute_name"":""geological_conclusion"",""normalized_value"":""该段围岩较前段变差。岩性为板 岩夹变质砂岩，弱风化，岩质软 硬不均，节理裂隙发育密集，层 间结合差，岩体破碎-极破碎"",""source_evidence_id"":""doc_b84482f2cbc3d64012d7baad_e0005""}",FORECAST,,39,geological_forecast,fact_lock_42930690bb4e703314fd1d93,DAILY_REVIEW_CELL,"{""cell_id"":null,""daily_state_id"":null,""end_chainage"":1014441.0,""point_chainage"":null,""scope_basis"":""hsp_forecast_table_row"",""scope_kind"":""LOCATED_INTERVAL"",""start_chainage"":1014410.0,""state_role"":null,""valid_date"":null}",doc_b84482f2cbc3d64012d7baad_e0005,stage7_main_task_032,False
typed_claim_8d7cc629b1a06f8333713fe9,FORECAST_GEOLOGICAL_CONDITION,"{""attribute_dimension"":null,""attribute_name"":""weathering"",""normalized_value"":""弱风化"",""source_evidence_id"":""doc_99cb24b0b45c767bece0fac1_e0002""}",FORECAST,,40,geological_forecast,fact_lock_9c855bccfe724ddc6506ae29,FORWARD_ATTENTION_CELL,"{""cell_id"":null,""daily_state_id"":null,""end_chainage"":1014445.0,""point_chainage"":null,""scope_basis"":""hsp_forecast_table_row"",""scope_kind"":""LOCATED_INTERVAL"",""start_chainage"":1014431.0,""state_role"":null,""valid_date"":null}",doc_99cb24b0b45c767bece0fac1_e0002,stage7_main_task_032,False
typed_claim_29f2c01bed3ddf20f03ee4b2,FORECAST_GEOLOGICAL_CONDITION,"{""attribute_dimension"":null,""attribute_name"":""lithology"",""normalized_value"":""板岩夹变质砂岩"",""source_evidence_id"":""doc_99cb24b0b45c767bece0fac1_e0003""}",FORECAST,,41,geological_forecast,fact_lock_335797db5081e002698dca93,FORWARD_ATTENTION_CELL,"{""cell_id"":null,""daily_state_id"":null,""end_chainage"":1014476.0,""point_chainage"":null,""scope_basis"":""hsp_forecast_table_row"",""scope_kind"":""LOCATED_INTERVAL"",""start_chainage"":1014445.0,""state_role"":null,""valid_date"":null}",doc_99cb24b0b45c767bece0fac1_e0003,stage7_main_task_032,False
typed_claim_31a84aa856afb32b30da5c3c,FORECAST_GEOLOGICAL_CONDITION,"{""attribute_dimension"":null,""attribute_name"":""lithology"",""normalized_value"":""板岩夹变质砂岩"",""source_evidence_id"":""doc_99cb24b0b45c767bece0fac1_e0003""}",FORECAST,,42,geological_forecast,fact_lock_a59e1bb2769b635674e93d59,FORWARD_ATTENTION_CELL,"{""cell_id"":null,""daily_state_id"":null,""end_chainage"":1014476.0,""point_chainage"":null,""scope_basis"":""hsp_forecast_table_row"",""scope_kind"":""LOCATED_INTERVAL"",""start_chainage"":1014445.0,""state_role"":null,""valid_date"":null}",doc_99cb24b0b45c767bece0fac1_e0003,stage7_main_task_032,False
typed_claim_9a225af08b84eeda737e8f6f,FORECAST_GEOLOGICAL_CONDITION,"{""attribute_dimension"":null,""attribute_name"":""lithology"",""normalized_value"":""板岩夹变质砂岩"",""source_evidence_id"":""doc_99cb24b0b45c767bece0fac1_e0003""}",FORECAST,,43,geological_forecast,fact_lock_d72f8a776281069649318b91,FORWARD_ATTENTION_CELL,"{""cell_id"":null,""daily_state_id"":null,""end_chainage"":1014476.0,""point_chainage"":null,""scope_basis"":""hsp_forecast_table_row"",""scope_kind"":""LOCATED_INTERVAL"",""start_chainage"":1014445.0,""state_role"":null,""valid_date"":null}",doc_99cb24b0b45c767bece0fac1_e0003,stage7_main_task_032,False
typed_claim_e794c16d232596aa41a8b7c4,FORECAST_GEOLOGICAL_CONDITION,"{""attribute_dimension"":null,""attribute_name"":""geological_conclusion"",""normalized_value"":""该段围岩较前段变差。岩性为板 岩夹变质砂岩，弱风化，岩质软 硬不均，节理裂隙发育密集，岩 体破碎，裂隙层间结合度差。"",""source_evidence_id"":""doc_99cb24b0b45c767bece0fac1_e0003""}",FORECAST,,44,geological_forecast,fact_lock_543fa8d63cae971ff3e8bdc5,FORWARD_ATTENTION_CELL,"{""cell_id"":null,""daily_state_id"":null,""end_chainage"":1014476.0,""point_chainage"":null,""scope_basis"":""hsp_forecast_table_row"",""scope_kind"":""LOCATED_INTERVAL"",""start_chainage"":1014445.0,""state_role"":null,""valid_date"":null}",doc_99cb24b0b45c767bece0fac1_e0003,stage7_main_task_032,False
typed_claim_6b1d61239277874d684c2f7e,FORECAST_GEOLOGICAL_CONDITION,"{""attribute_dimension"":null,""attribute_name"":""geological_conclusion"",""normalized_value"":""该段围岩较前段变差。岩性为板 岩夹变质砂岩，弱风化，岩质软 硬不均，节理裂隙发育密集，岩 体破碎，裂隙层间结合度差。"",""source_evidence_id"":""doc_99cb24b0b45c767bece0fac1_e0003""}",FORECAST,,45,geological_forecast,fact_lock_83dfbfdd193518d7c55f96a2,FORWARD_ATTENTION_CELL,"{""cell_id"":null,""daily_state_id"":null,""end_chainage"":1014476.0,""point_chainage"":null,""scope_basis"":""hsp_forecast_table_row"",""scope_kind"":""LOCATED_INTERVAL"",""start_chainage"":1014445.0,""state_role"":null,""valid_date"":null}",doc_99cb24b0b45c767bece0fac1_e0003,stage7_main_task_032,False
typed_claim_2c8c379d926fe0812d35bd10,FORECAST_GEOLOGICAL_CONDITION,"{""attribute_dimension"":null,""attribute_name"":""geological_conclusion"",""normalized_value"":""该段围岩较前段变差。岩性为板 岩夹变质砂岩，弱风化，岩质软 硬不均，节理裂隙发育密集，岩 体破碎，裂隙层间结合度差。"",""source_evidence_id"":""doc_99cb24b0b45c767bece0fac1_e0003""}",FORECAST,,46,geological_forecast,fact_lock_8868e8ab564c2a70d2fa7457,FORWARD_ATTENTION_CELL,"{""cell_id"":null,""daily_state_id"":null,""end_chainage"":1014476.0,""point_chainage"":null,""scope_basis"":""hsp_forecast_table_row"",""scope_kind"":""LOCATED_INTERVAL"",""start_chainage"":1014445.0,""state_role"":null,""valid_date"":null}",doc_99cb24b0b45c767bece0fac1_e0003,stage7_main_task_032,False
typed_claim_b7e789ddb5105d15df337ab7,FORECAST_GEOLOGICAL_CONDITION,"{""attribute_dimension"":null,""attribute_name"":""rock_mass_state"",""normalized_value"":""岩体破碎"",""source_evidence_id"":""doc_c6033d47fac60b63875a730d_e0002""}",FORECAST,,47,geological_forecast,fact_lock_74266f4d41612a5fcc6d3f9f,FORWARD_ATTENTION_CELL,"{""cell_id"":null,""daily_state_id"":null,""end_chainage"":1014471.0,""point_chainage"":null,""scope_basis"":""forecast_segment"",""scope_kind"":""LOCATED_INTERVAL"",""start_chainage"":1014441.0,""state_role"":null,""valid_date"":null}",doc_c6033d47fac60b63875a730d_e0002,stage7_main_task_032,False
typed_claim_cf9f8b424bd7231937234595,FORECAST_GEOLOGICAL_CONDITION,"{""attribute_dimension"":null,""attribute_name"":""rock_mass_state"",""normalized_value"":""岩体破碎"",""source_evidence_id"":""doc_c6033d47fac60b63875a730d_e0002""}",FORECAST,,48,geological_forecast,fact_lock_ceb6775ed1c4d5476e9eb461,FORWARD_ATTENTION_CELL,"{""cell_id"":null,""daily_state_id"":null,""end_chainage"":1014471.0,""point_chainage"":null,""scope_basis"":""forecast_segment"",""scope_kind"":""LOCATED_INTERVAL"",""start_chainage"":1014441.0,""state_role"":null,""valid_date"":null}",doc_c6033d47fac60b63875a730d_e0002,stage7_main_task_032,False
typed_claim_bdd553151377ac92b6534def,FORECAST_GEOLOGICAL_CONDITION,"{""attribute_dimension"":null,""attribute_name"":""rock_mass_state"",""normalized_value"":""岩体破碎"",""source_evidence_id"":""doc_c6033d47fac60b63875a730d_e0002""}",FORECAST,,49,geological_forecast,fact_lock_f90a282e0da7ca77317d2f5c,FORWARD_ATTENTION_CELL,"{""cell_id"":null,""daily_state_id"":null,""end_chainage"":1014471.0,""point_chainage"":null,""scope_basis"":""forecast_segment"",""scope_kind"":""LOCATED_INTERVAL"",""start_chainage"":1014441.0,""state_role"":null,""valid_date"":null}",doc_c6033d47fac60b63875a730d_e0002,stage7_main_task_032,False
typed_claim_ab0b1876d612b744c9a4cf55,FORECAST_GEOLOGICAL_CONDITION,"{""attribute_dimension"":null,""attribute_name"":""lithology"",""normalized_value"":""板岩夹变质砂岩"",""source_evidence_id"":""doc_665dc65538c9aec44e36752a_e0002""}",FORECAST,,50,geological_forecast,fact_lock_9a22f6aa299c23d26da8b70b,DAILY_REVIEW_CELL,"{""cell_id"":null,""daily_state_id"":null,""end_chainage"":1014449.0,""point_chainage"":null,""scope_basis"":""forecast_segment"",""scope_kind"":""LOCATED_INTERVAL"",""start_chainage"":1014419.0,""state_role"":null,""valid_date"":null}",doc_665dc65538c9aec44e36752a_e0002,stage7_main_task_032,False
typed_claim_a55f14c65c55b12c6f5ef1be,FORECAST_GEOLOGICAL_CONDITION,"{""attribute_dimension"":null,""attribute_name"":""weathering"",""normalized_value"":""弱风化"",""source_evidence_id"":""doc_c6033d47fac60b63875a730d_e0002""}",FORECAST,,51,geological_forecast,fact_lock_0322b2bb532885144b20fc88,FORWARD_ATTENTION_CELL,"{""cell_id"":null,""daily_state_id"":null,""end_chainage"":1014471.0,""point_chainage"":null,""scope_basis"":""forecast_segment"",""scope_kind"":""LOCATED_INTERVAL"",""start_chainage"":1014441.0,""state_role"":null,""valid_date"":null}",doc_c6033d47fac60b63875a730d_e0002,stage7_main_task_032,False
typed_claim_b05764895386cda110ea486d,FORECAST_GEOLOGICAL_CONDITION,"{""attribute_dimension"":null,""attribute_name"":""weathering"",""normalized_value"":""弱风化"",""source_evidence_id"":""doc_c6033d47fac60b63875a730d_e0002""}",FORECAST,,52,geological_forecast,fact_lock_5b2fc434f808a4d42e66acaa,FORWARD_ATTENTION_CELL,"{""cell_id"":null,""daily_state_id"":null,""end_chainage"":1014471.0,""point_chainage"":null,""scope_basis"":""forecast_segment"",""scope_kind"":""LOCATED_INTERVAL"",""start_chainage"":1014441.0,""state_role"":null,""valid_date"":null}",doc_c6033d47fac60b63875a730d_e0002,stage7_main_task_032,False
typed_claim_3d3e199da1e63064c8e8cb90,FORECAST_GEOLOGICAL_CONDITION,"{""attribute_dimension"":null,""attribute_name"":""weathering"",""normalized_value"":""弱风化"",""source_evidence_id"":""doc_c6033d47fac60b63875a730d_e0002""}",FORECAST,,53,geological_forecast,fact_lock_baca08d1bb12920de46c48a1,FORWARD_ATTENTION_CELL,"{""cell_id"":null,""daily_state_id"":null,""end_chainage"":1014471.0,""point_chainage"":null,""scope_basis"":""forecast_segment"",""scope_kind"":""LOCATED_INTERVAL"",""start_chainage"":1014441.0,""state_role"":null,""valid_date"":null}",doc_c6033d47fac60b63875a730d_e0002,stage7_main_task_032,False
typed_claim_f365a654816ba3f3fb6bc129,FORECAST_GEOLOGICAL_CONDITION,"{""attribute_dimension"":null,""attribute_name"":""geological_conclusion"",""normalized_value"":""该段围岩与当前掌子面相当。岩 性为板岩夹变质砂岩，弱风化， 节理裂隙发育，岩体破碎。"",""source_evidence_id"":""doc_99cb24b0b45c767bece0fac1_e0002""}",FORECAST,,54,geological_forecast,fact_lock_4abf31e859dab909433a4187,FORWARD_ATTENTION_CELL,"{""cell_id"":null,""daily_state_id"":null,""end_chainage"":1014445.0,""point_chainage"":null,""scope_basis"":""hsp_forecast_table_row"",""scope_kind"":""LOCATED_INTERVAL"",""start_chainage"":1014431.0,""state_role"":null,""valid_date"":null}",doc_99cb24b0b45c767bece0fac1_e0002,stage7_main_task_032,False
typed_claim_46bdaa2f92eae8bef8b5dc48,FORECAST_GEOLOGICAL_CONDITION,"{""attribute_dimension"":null,""attribute_name"":""joint_development"",""normalized_value"":""节理裂隙发育密集"",""source_evidence_id"":""doc_b84482f2cbc3d64012d7baad_e0005""}",FORECAST,,55,geological_forecast,fact_lock_3fb66024f47dc7de8595f5f2,DAILY_REVIEW_CELL,"{""cell_id"":null,""daily_state_id"":null,""end_chainage"":1014441.0,""point_chainage"":null,""scope_basis"":""hsp_forecast_table_row"",""scope_kind"":""LOCATED_INTERVAL"",""start_chainage"":1014410.0,""state_role"":null,""valid_date"":null}",doc_b84482f2cbc3d64012d7baad_e0005,stage7_main_task_032,False
typed_claim_7e96207f724e58d1481a4428,FORECAST_GEOLOGICAL_CONDITION,"{""attribute_dimension"":null,""attribute_name"":""geological_conclusion"",""normalized_value"":""该段围岩与当前掌子面相当。岩 性为板岩夹变质砂岩，弱风化， 节理裂隙发育，岩体破碎。"",""source_evidence_id"":""doc_99cb24b0b45c767bece0fac1_e0002""}",FORECAST,,56,geological_forecast,fact_lock_e07eed0ad2d492530e186850,DAILY_REVIEW_CELL,"{""cell_id"":null,""daily_state_id"":null,""end_chainage"":1014445.0,""point_chainage"":null,""scope_basis"":""hsp_forecast_table_row"",""scope_kind"":""LOCATED_INTERVAL"",""start_chainage"":1014431.0,""state_role"":null,""valid_date"":null}",doc_99cb24b0b45c767bece0fac1_e0002,stage7_main_task_032,False
typed_claim_01392fb144b47ae9e5c7a951,FORECAST_GEOLOGICAL_CONDITION,"{""attribute_dimension"":null,""attribute_name"":""rock_mass_state"",""normalized_value"":""岩体破碎"",""source_evidence_id"":""doc_99cb24b0b45c767bece0fac1_e0003""}",FORECAST,,57,geological_forecast,fact_lock_36fdd0cb027fa8cb4fed9202,FORWARD_ATTENTION_CELL,"{""cell_id"":null,""daily_state_id"":null,""end_chainage"":1014476.0,""point_chainage"":null,""scope_basis"":""hsp_forecast_table_row"",""scope_kind"":""LOCATED_INTERVAL"",""start_chainage"":1014445.0,""state_role"":null,""valid_date"":null}",doc_99cb24b0b45c767bece0fac1_e0003,stage7_main_task_032,False
typed_claim_f04a008f8f38fda47f787ae4,FORECAST_GEOLOGICAL_CONDITION,"{""attribute_dimension"":null,""attribute_name"":""rock_mass_state"",""normalized_value"":""岩体破碎"",""source_evidence_id"":""doc_99cb24b0b45c767bece0fac1_e0003""}",FORECAST,,58,geological_forecast,fact_lock_85e97f1bd861c687c89037b1,FORWARD_ATTENTION_CELL,"{""cell_id"":null,""daily_state_id"":null,""end_chainage"":1014476.0,""point_chainage"":null,""scope_basis"":""hsp_forecast_table_row"",""scope_kind"":""LOCATED_INTERVAL"",""start_chainage"":1014445.0,""state_role"":null,""valid_date"":null}",doc_99cb24b0b45c767bece0fac1_e0003,stage7_main_task_032,False
typed_claim_dc47f6854d13418ff84bfce4,FORECAST_GEOLOGICAL_CONDITION,"{""attribute_dimension"":null,""attribute_name"":""rock_mass_state"",""normalized_value"":""岩体破碎"",""source_evidence_id"":""doc_99cb24b0b45c767bece0fac1_e0003""}",FORECAST,,59,geological_forecast,fact_lock_cfbd06a86c1f3414bc97c60c,FORWARD_ATTENTION_CELL,"{""cell_id"":null,""daily_state_id"":null,""end_chainage"":1014476.0,""point_chainage"":null,""scope_basis"":""hsp_forecast_table_row"",""scope_kind"":""LOCATED_INTERVAL"",""start_chainage"":1014445.0,""state_role"":null,""valid_date"":null}",doc_99cb24b0b45c767bece0fac1_e0003,stage7_main_task_032,False
typed_claim_51e3d63953682fe10fd228be,FORECAST_GEOLOGICAL_CONDITION,"{""attribute_dimension"":null,""attribute_name"":""weathering"",""normalized_value"":""弱风化"",""source_evidence_id"":""doc_99cb24b0b45c767bece0fac1_e0002""}",FORECAST,,60,geological_forecast,fact_lock_fe47004c7bce7f58326359e9,DAILY_REVIEW_CELL,"{""cell_id"":null,""daily_state_id"":null,""end_chainage"":1014445.0,""point_chainage"":null,""scope_basis"":""hsp_forecast_table_row"",""scope_kind"":""LOCATED_INTERVAL"",""start_chainage"":1014431.0,""state_role"":null,""valid_date"":null}",doc_99cb24b0b45c767bece0fac1_e0002,stage7_main_task_032,False
typed_claim_f4c52ba914ec804e34fc6271,FORECAST_GEOLOGICAL_CONDITION,"{""attribute_dimension"":null,""attribute_name"":""weathering"",""normalized_value"":""弱风化"",""source_evidence_id"":""doc_b84482f2cbc3d64012d7baad_e0005""}",FORECAST,,61,geological_forecast,fact_lock_f6d63a818752786ac6507ccb,DAILY_REVIEW_CELL,"{""cell_id"":null,""daily_state_id"":null,""end_chainage"":1014441.0,""point_chainage"":null,""scope_basis"":""hsp_forecast_table_row"",""scope_kind"":""LOCATED_INTERVAL"",""start_chainage"":1014410.0,""state_role"":null,""valid_date"":null}",doc_b84482f2cbc3d64012d7baad_e0005,stage7_main_task_032,False
typed_claim_772b3e3c577c273621658205,FORECAST_GEOLOGICAL_CONDITION,"{""attribute_dimension"":null,""attribute_name"":""risk_hint"",""normalized_value"":""里程+448、 +458、+470 附近有掉块 风险"",""source_evidence_id"":""doc_99cb24b0b45c767bece0fac1_e0003""}",FORECAST,,62,geological_forecast,fact_lock_3654d6263479d801a1c41afd,FORWARD_ATTENTION_CELL,"{""cell_id"":null,""daily_state_id"":null,""end_chainage"":1014476.0,""point_chainage"":null,""scope_basis"":""hsp_forecast_table_row"",""scope_kind"":""LOCATED_INTERVAL"",""start_chainage"":1014445.0,""state_role"":null,""valid_date"":null}",doc_99cb24b0b45c767bece0fac1_e0003,stage7_main_task_032,False
typed_claim_bb187a019cafc0f58324c31e,FORECAST_GEOLOGICAL_CONDITION,"{""attribute_dimension"":null,""attribute_name"":""risk_hint"",""normalized_value"":""里程+448、 +458、+470 附近有掉块 风险"",""source_evidence_id"":""doc_99cb24b0b45c767bece0fac1_e0003""}",FORECAST,,63,geological_forecast,fact_lock_48932e74e0918cafee7a2468,FORWARD_ATTENTION_CELL,"{""cell_id"":null,""daily_state_id"":null,""end_chainage"":1014476.0,""point_chainage"":null,""scope_basis"":""hsp_forecast_table_row"",""scope_kind"":""LOCATED_INTERVAL"",""start_chainage"":1014445.0,""state_role"":null,""valid_date"":null}",doc_99cb24b0b45c767bece0fac1_e0003,stage7_main_task_032,False
typed_claim_27d9a451340c8f020fa5afb8,FORECAST_GEOLOGICAL_CONDITION,"{""attribute_dimension"":null,""attribute_name"":""risk_hint"",""normalized_value"":""里程+448、 +458、+470 附近有掉块 风险"",""source_evidence_id"":""doc_99cb24b0b45c767bece0fac1_e0003""}",FORECAST,,64,geological_forecast,fact_lock_58d43ff10e762c80c81af74b,FORWARD_ATTENTION_CELL,"{""cell_id"":null,""daily_state_id"":null,""end_chainage"":1014476.0,""point_chainage"":null,""scope_basis"":""hsp_forecast_table_row"",""scope_kind"":""LOCATED_INTERVAL"",""start_chainage"":1014445.0,""state_role"":null,""valid_date"":null}",doc_99cb24b0b45c767bece0fac1_e0003,stage7_main_task_032,False
typed_claim_5ce0cf643a7f956f186c6823,FORECAST_GEOLOGICAL_CONDITION,"{""attribute_dimension"":null,""attribute_name"":""suggested_grade"",""normalized_value"":""Ⅳ级"",""source_evidence_id"":""doc_99cb24b0b45c767bece0fac1_e0002""}",FORECAST,,65,geological_forecast,fact_lock_3a724b9b809cd1225869ccd3,FORWARD_ATTENTION_CELL,"{""cell_id"":null,""daily_state_id"":null,""end_chainage"":1014445.0,""point_chainage"":null,""scope_basis"":""hsp_forecast_table_row"",""scope_kind"":""LOCATED_INTERVAL"",""start_chainage"":1014431.0,""state_role"":null,""valid_date"":null}",doc_99cb24b0b45c767bece0fac1_e0002,stage7_main_task_032,False
typed_claim_114fed8c771657abf6c8d570,FORECAST_GEOLOGICAL_CONDITION,"{""attribute_dimension"":null,""attribute_name"":""weathering"",""normalized_value"":""弱风化"",""source_evidence_id"":""doc_99cb24b0b45c767bece0fac1_e0003""}",FORECAST,,66,geological_forecast,fact_lock_64b45db2bbb72970a5ddfb26,FORWARD_ATTENTION_CELL,"{""cell_id"":null,""daily_state_id"":null,""end_chainage"":1014476.0,""point_chainage"":null,""scope_basis"":""hsp_forecast_table_row"",""scope_kind"":""LOCATED_INTERVAL"",""start_chainage"":1014445.0,""state_role"":null,""valid_date"":null}",doc_99cb24b0b45c767bece0fac1_e0003,stage7_main_task_032,False
typed_claim_82841a33bb3524529919a3c2,FORECAST_GEOLOGICAL_CONDITION,"{""attribute_dimension"":null,""attribute_name"":""weathering"",""normalized_value"":""弱风化"",""source_evidence_id"":""doc_99cb24b0b45c767bece0fac1_e0003""}",FORECAST,,67,geological_forecast,fact_lock_93f7719a45d16a6ca7ee76df,FORWARD_ATTENTION_CELL,"{""cell_id"":null,""daily_state_id"":null,""end_chainage"":1014476.0,""point_chainage"":null,""scope_basis"":""hsp_forecast_table_row"",""scope_kind"":""LOCATED_INTERVAL"",""start_chainage"":1014445.0,""state_role"":null,""valid_date"":null}",doc_99cb24b0b45c767bece0fac1_e0003,stage7_main_task_032,False
typed_claim_cd9388cfbfbfbaf5c58f31ac,FORECAST_GEOLOGICAL_CONDITION,"{""attribute_dimension"":null,""attribute_name"":""weathering"",""normalized_value"":""弱风化"",""source_evidence_id"":""doc_99cb24b0b45c767bece0fac1_e0003""}",FORECAST,,68,geological_forecast,fact_lock_bc56074f4defa11ec95269c4,FORWARD_ATTENTION_CELL,"{""cell_id"":null,""daily_state_id"":null,""end_chainage"":1014476.0,""point_chainage"":null,""scope_basis"":""hsp_forecast_table_row"",""scope_kind"":""LOCATED_INTERVAL"",""start_chainage"":1014445.0,""state_role"":null,""valid_date"":null}",doc_99cb24b0b45c767bece0fac1_e0003,stage7_main_task_032,False
typed_claim_d5343627fa5b1bda5fee2493,FORECAST_GEOLOGICAL_CONDITION,"{""attribute_dimension"":null,""attribute_name"":""suggested_grade"",""normalized_value"":""Ⅳ级"",""source_evidence_id"":""doc_99cb24b0b45c767bece0fac1_e0003""}",FORECAST,,69,geological_forecast,fact_lock_1e92f282177acd8377bb1f1d,FORWARD_ATTENTION_CELL,"{""cell_id"":null,""daily_state_id"":null,""end_chainage"":1014476.0,""point_chainage"":null,""scope_basis"":""hsp_forecast_table_row"",""scope_kind"":""LOCATED_INTERVAL"",""start_chainage"":1014445.0,""state_role"":null,""valid_date"":null}",doc_99cb24b0b45c767bece0fac1_e0003,stage7_main_task_032,False
typed_claim_e37c1ff43fab42b7b8e37545,FORECAST_GEOLOGICAL_CONDITION,"{""attribute_dimension"":null,""attribute_name"":""suggested_grade"",""normalized_value"":""Ⅳ级"",""source_evidence_id"":""doc_99cb24b0b45c767bece0fac1_e0003""}",FORECAST,,70,geological_forecast,fact_lock_9df2c594f38ca984d033f894,FORWARD_ATTENTION_CELL,"{""cell_id"":null,""daily_state_id"":null,""end_chainage"":1014476.0,""point_chainage"":null,""scope_basis"":""hsp_forecast_table_row"",""scope_kind"":""LOCATED_INTERVAL"",""start_chainage"":1014445.0,""state_role"":null,""valid_date"":null}",doc_99cb24b0b45c767bece0fac1_e0003,stage7_main_task_032,False
typed_claim_f40d0bf9c77b8c6677f2eb34,FORECAST_GEOLOGICAL_CONDITION,"{""attribute_dimension"":null,""attribute_name"":""suggested_grade"",""normalized_value"":""Ⅳ级"",""source_evidence_id"":""doc_99cb24b0b45c767bece0fac1_e0003""}",FORECAST,,71,geological_forecast,fact_lock_b3a6104bd2f9459748093e90,FORWARD_ATTENTION_CELL,"{""cell_id"":null,""daily_state_id"":null,""end_chainage"":1014476.0,""point_chainage"":null,""scope_basis"":""hsp_forecast_table_row"",""scope_kind"":""LOCATED_INTERVAL"",""start_chainage"":1014445.0,""state_role"":null,""valid_date"":null}",doc_99cb24b0b45c767bece0fac1_e0003,stage7_main_task_032,False
typed_claim_3a1f0dd01147072075effaf3,FORECAST_GEOLOGICAL_CONDITION,"{""attribute_dimension"":null,""attribute_name"":""block_fall_or_collapse"",""normalized_value"":""掉块"",""source_evidence_id"":""doc_665dc65538c9aec44e36752a_e0002""}",FORECAST,,72,geological_forecast,fact_lock_14c1750533618ce2ddb2944a,DAILY_REVIEW_CELL,"{""cell_id"":null,""daily_state_id"":null,""end_chainage"":1014449.0,""point_chainage"":null,""scope_basis"":""forecast_segment"",""scope_kind"":""LOCATED_INTERVAL"",""start_chainage"":1014419.0,""state_role"":null,""valid_date"":null}",doc_665dc65538c9aec44e36752a_e0002,stage7_main_task_032,False
typed_claim_371b6d0cc4e4ddb66e78f8d3,FORECAST_GEOLOGICAL_CONDITION,"{""attribute_dimension"":null,""attribute_name"":""narrative_water_observation"",""normalized_value"":""滴渗水"",""source_evidence_id"":""doc_c6033d47fac60b63875a730d_e0002""}",FORECAST,,73,geological_forecast,fact_lock_0b7a0efa120b0512f67a8121,FORWARD_ATTENTION_CELL,"{""cell_id"":null,""daily_state_id"":null,""end_chainage"":1014471.0,""point_chainage"":null,""scope_basis"":""forecast_segment"",""scope_kind"":""LOCATED_INTERVAL"",""start_chainage"":1014441.0,""state_role"":null,""valid_date"":null}",doc_c6033d47fac60b63875a730d_e0002,stage7_main_task_032,False
typed_claim_59ff9672f1b509b3d2b2ab9f,FORECAST_GEOLOGICAL_CONDITION,"{""attribute_dimension"":null,""attribute_name"":""narrative_water_observation"",""normalized_value"":""滴渗水"",""source_evidence_id"":""doc_c6033d47fac60b63875a730d_e0002""}",FORECAST,,74,geological_forecast,fact_lock_34dd9809eb0ef94438dece7a,FORWARD_ATTENTION_CELL,"{""cell_id"":null,""daily_state_id"":null,""end_chainage"":1014471.0,""point_chainage"":null,""scope_basis"":""forecast_segment"",""scope_kind"":""LOCATED_INTERVAL"",""start_chainage"":1014441.0,""state_role"":null,""valid_date"":null}",doc_c6033d47fac60b63875a730d_e0002,stage7_main_task_032,False
typed_claim_faf26b5b22dd9d1e1fc6bf08,FORECAST_GEOLOGICAL_CONDITION,"{""attribute_dimension"":null,""attribute_name"":""narrative_water_observation"",""normalized_value"":""滴渗水"",""source_evidence_id"":""doc_c6033d47fac60b63875a730d_e0002""}",FORECAST,,75,geological_forecast,fact_lock_cdf48cab014e7a903a53508c,FORWARD_ATTENTION_CELL,"{""cell_id"":null,""daily_state_id"":null,""end_chainage"":1014471.0,""point_chainage"":null,""scope_basis"":""forecast_segment"",""scope_kind"":""LOCATED_INTERVAL"",""start_chainage"":1014441.0,""state_role"":null,""valid_date"":null}",doc_c6033d47fac60b63875a730d_e0002,stage7_main_task_032,False
typed_claim_ada08bd3d4ae57251a08281a,GEOLOGICAL_EVIDENCE_ATTENTION_REVIEW,"{""is_causal_estimate"":false,""is_hazard_probability"":false,""is_probability"":false,""metric_name"":""GRS"",""metric_semantics"":""GEOLOGICAL_EVIDENCE_ATTENTION_INDEX"",""metric_status"":""AVAILABLE"",""metric_value"":0.7888888888888889,""source_metric_id"":""state_grs_66ac0bc85d9e8392ae7271fb""}",,NONPROBABILISTIC_ATTENTION,76,geological_attention,fact_lock_aa394fa72d6069065cada5b8,DAILY_REVIEW_CELL,"{""cell_id"":""cell_9cfca22fbc766370829a5d1b"",""daily_state_id"":null,""end_chainage"":null,""point_chainage"":null,""scope_basis"":""stage5b_bitemporal_state_subject"",""scope_kind"":""CELL"",""start_chainage"":null,""state_role"":""DAILY_REVIEW_CELL"",""valid_date"":""2023-12-16""}",state_grs_66ac0bc85d9e8392ae7271fb,stage7_main_task_032,False
typed_claim_c26d300f83b8c35481417c65,FORWARD_GEOLOGICAL_ATTENTION,"{""is_causal_estimate"":false,""is_hazard_probability"":false,""is_probability"":false,""metric_name"":""GRS"",""metric_semantics"":""FORWARD_GEOLOGICAL_EVIDENCE_ATTENTION_INDEX"",""metric_status"":""AVAILABLE"",""metric_value"":0.7472222222222222,""source_metric_id"":""state_grs_eb3e9dd0fa0f2d2f85676957""}",,NONPROBABILISTIC_ATTENTION,77,forward_attention,fact_lock_a36c7374a3f0e7620f4ec037,FORWARD_ATTENTION_CELL,"{""cell_id"":""cell_45e09953a5ddef4462c0a147"",""daily_state_id"":null,""end_chainage"":null,""point_chainage"":null,""scope_basis"":""stage5b_bitemporal_state_subject"",""scope_kind"":""CELL"",""start_chainage"":null,""state_role"":""FORWARD_ATTENTION_CELL"",""valid_date"":""2023-12-16""}",state_grs_eb3e9dd0fa0f2d2f85676957,stage7_main_task_032,False
typed_claim_d1e70a228f7fe7a98800ed18,FORWARD_GEOLOGICAL_ATTENTION,"{""is_causal_estimate"":false,""is_hazard_probability"":false,""is_probability"":false,""metric_name"":""GRS"",""metric_semantics"":""FORWARD_GEOLOGICAL_EVIDENCE_ATTENTION_INDEX"",""metric_status"":""AVAILABLE"",""metric_value"":0.7472222222222222,""source_metric_id"":""state_grs_8f040d30d1258ed597b24b67""}",,NONPROBABILISTIC_ATTENTION,78,forward_attention,fact_lock_7da8fdccd8dc8ae4deb483ca,FORWARD_ATTENTION_CELL,"{""cell_id"":""cell_64ff35e15826ff3f4f73e53f"",""daily_state_id"":null,""end_chainage"":null,""point_chainage"":null,""scope_basis"":""stage5b_bitemporal_state_subject"",""scope_kind"":""CELL"",""start_chainage"":null,""state_role"":""FORWARD_ATTENTION_CELL"",""valid_date"":""2023-12-16""}",state_grs_8f040d30d1258ed597b24b67,stage7_main_task_032,False
typed_claim_ea9f14a57f1c6083e1a754f6,FORWARD_GEOLOGICAL_ATTENTION,"{""is_causal_estimate"":false,""is_hazard_probability"":false,""is_probability"":false,""metric_name"":""GRS"",""metric_semantics"":""FORWARD_GEOLOGICAL_EVIDENCE_ATTENTION_INDEX"",""metric_status"":""AVAILABLE"",""metric_value"":0.7472222222222222,""source_metric_id"":""state_grs_b0b9ceedddbd917c9837db04""}",,NONPROBABILISTIC_ATTENTION,79,forward_attention,fact_lock_34077fd5ae9731409fc43156,FORWARD_ATTENTION_CELL,"{""cell_id"":""cell_a988b2656051f7e18ac637e4"",""daily_state_id"":null,""end_chainage"":null,""point_chainage"":null,""scope_basis"":""stage5b_bitemporal_state_subject"",""scope_kind"":""CELL"",""start_chainage"":null,""state_role"":""FORWARD_ATTENTION_CELL"",""valid_date"":""2023-12-16""}",state_grs_b0b9ceedddbd917c9837db04,stage7_main_task_032,False
typed_claim_5646b71a7289d5edd24cf434,OBSERVED_GEOLOGICAL_CONDITION,"{""attribute_dimension"":null,""attribute_name"":""rock_mass_state"",""normalized_value"":""岩体破碎"",""source_evidence_id"":""doc_ce88b5055d612f9f8fb8012e_e0001""}",OBSERVED,,0,geological_observed,fact_lock_e6c6eaed99723b3e45dd5854,DAILY_REVIEW_CELL,"{""cell_id"":null,""daily_state_id"":null,""end_chainage"":null,""point_chainage"":1013674.0,""scope_basis"":""hsp_face_chainage_cell"",""scope_kind"":""LOCATED_POINT"",""start_chainage"":null,""state_role"":null,""valid_date"":null}",doc_ce88b5055d612f9f8fb8012e_e0001,stage7_main_task_033,False
typed_claim_a7e79209c7d92aa113b64eb3,OBSERVED_GEOLOGICAL_CONDITION,"{""attribute_dimension"":null,""attribute_name"":""lithology"",""normalized_value"":""板岩夹变质砂岩"",""source_evidence_id"":""doc_ce88b5055d612f9f8fb8012e_e0001""}",OBSERVED,,1,geological_observed,fact_lock_33670df43a9742867f78a486,DAILY_REVIEW_CELL,"{""cell_id"":null,""daily_state_id"":null,""end_chainage"":null,""point_chainage"":1013674.0,""scope_basis"":""hsp_face_chainage_cell"",""scope_kind"":""LOCATED_POINT"",""start_chainage"":null,""state_role"":null,""valid_date"":null}",doc_ce88b5055d612f9f8fb8012e_e0001,stage7_main_task_033,False
typed_claim_6f956cc10081736f5dc870f7,OBSERVED_GEOLOGICAL_CONDITION,"{""attribute_dimension"":null,""attribute_name"":""weathering"",""normalized_value"":""弱风化"",""source_evidence_id"":""doc_ce88b5055d612f9f8fb8012e_e0001""}",OBSERVED,,2,geological_observed,fact_lock_2e189e0b946075c654d9aad3,DAILY_REVIEW_CELL,"{""cell_id"":null,""daily_state_id"":null,""end_chainage"":null,""point_chainage"":1013674.0,""scope_basis"":""hsp_face_chainage_cell"",""scope_kind"":""LOCATED_POINT"",""start_chainage"":null,""state_role"":null,""valid_date"":null}",doc_ce88b5055d612f9f8fb8012e_e0001,stage7_main_task_033,False
typed_claim_c9509684bcd95d9afdb46786,OBSERVED_GEOLOGICAL_CONDITION,"{""attribute_dimension"":null,""attribute_name"":""geological_description"",""normalized_value"":""开挖面 地质概况 掌子面地层岩性为石炭二叠系板岩夹变质砂岩，围岩整体弱风化，岩质软 硬不均，节理裂隙发育，岩体破碎，拱顶节理裂隙发育密集，存在掉块现象， 岩体相对破碎，拱顶见滴渗水，围岩自稳性较差。"",""source_evidence_id"":""doc_ce88b5055d612f9f8fb8012e_e0001""}",OBSERVED,,3,geological_observed,fact_lock_731b656a91a6dc769acb5137,DAILY_REVIEW_CELL,"{""cell_id"":null,""daily_state_id"":null,""end_chainage"":null,""point_chainage"":1013674.0,""scope_basis"":""hsp_face_chainage_cell"",""scope_kind"":""LOCATED_POINT"",""start_chainage"":null,""state_role"":null,""valid_date"":null}",doc_ce88b5055d612f9f8fb8012e_e0001,stage7_main_task_033,False
typed_claim_a9da2109e7f1cd0f0a35a13c,FORECAST_GEOLOGICAL_CONDITION,"{""attribute_dimension"":null,""attribute_name"":""risk_hint"",""normalized_value"":""里程+680、 +706、+716、 +733附近有 掉块风险"",""source_evidence_id"":""doc_ce88b5055d612f9f8fb8012e_e0002""}",FORECAST,,4,geological_forecast,fact_lock_057a1d7e8946b7ea655d4093,DAILY_REVIEW_CELL,"{""cell_id"":null,""daily_state_id"":null,""end_chainage"":1013736.0,""point_chainage"":null,""scope_basis"":""hsp_forecast_table_row"",""scope_kind"":""LOCATED_INTERVAL"",""start_chainage"":1013674.0,""state_role"":null,""valid_date"":null}",doc_ce88b5055d612f9f8fb8012e_e0002,stage7_main_task_033,False
typed_claim_9975fd69ac5b62c381dbb8e1,FORECAST_GEOLOGICAL_CONDITION,"{""attribute_dimension"":null,""attribute_name"":""joint_development"",""normalized_value"":""节理裂隙发育"",""source_evidence_id"":""doc_6af39821d5a37fd21b28de70_e0004""}",FORECAST,,5,geological_forecast,fact_lock_1e4ecc2267d3b30a79d94d86,DAILY_REVIEW_CELL,"{""cell_id"":null,""daily_state_id"":null,""end_chainage"":1013660.0,""point_chainage"":null,""scope_basis"":""hsp_forecast_table_row"",""scope_kind"":""LOCATED_INTERVAL"",""start_chainage"":1013636.0,""state_role"":null,""valid_date"":null}",doc_6af39821d5a37fd21b28de70_e0004,stage7_main_task_033,False
typed_claim_df4f88482ae65d6a30a87fcf,FORECAST_GEOLOGICAL_CONDITION,"{""attribute_dimension"":null,""attribute_name"":""lithology"",""normalized_value"":""板岩"",""source_evidence_id"":""doc_6af39821d5a37fd21b28de70_e0005""}",FORECAST,,6,geological_forecast,fact_lock_656df5baba8012785107a77e,DAILY_REVIEW_CELL,"{""cell_id"":null,""daily_state_id"":null,""end_chainage"":1013691.0,""point_chainage"":null,""scope_basis"":""hsp_forecast_table_row"",""scope_kind"":""LOCATED_INTERVAL"",""start_chainage"":1013660.0,""state_role"":null,""valid_date"":null}",doc_6af39821d5a37fd21b28de70_e0005,stage7_main_task_033,False
typed_claim_8dbbe5480989dde375f9f90a,FORECAST_GEOLOGICAL_CONDITION,"{""attribute_dimension"":null,""attribute_name"":""lithology"",""normalized_value"":""板岩"",""source_evidence_id"":""doc_6af39821d5a37fd21b28de70_e0005""}",FORECAST,,7,geological_forecast,fact_lock_8a44f54e65cb1e6fbd30a6d3,DAILY_REVIEW_CELL,"{""cell_id"":null,""daily_state_id"":null,""end_chainage"":1013691.0,""point_chainage"":null,""scope_basis"":""hsp_forecast_table_row"",""scope_kind"":""LOCATED_INTERVAL"",""start_chainage"":1013660.0,""state_role"":null,""valid_date"":null}",doc_6af39821d5a37fd21b28de70_e0005,stage7_main_task_033,False
typed_claim_6c50091e66257c51fe9ae666,FORECAST_GEOLOGICAL_CONDITION,"{""attribute_dimension"":null,""attribute_name"":""suggested_grade"",""normalized_value"":""Ⅴ级"",""source_evidence_id"":""doc_6af39821d5a37fd21b28de70_e0005""}",FORECAST,,8,geological_forecast,fact_lock_046dbe7c780054300dc19979,DAILY_REVIEW_CELL,"{""cell_id"":null,""daily_state_id"":null,""end_chainage"":1013691.0,""point_chainage"":null,""scope_basis"":""hsp_forecast_table_row"",""scope_kind"":""LOCATED_INTERVAL"",""start_chainage"":1013660.0,""state_role"":null,""valid_date"":null}",doc_6af39821d5a37fd21b28de70_e0005,stage7_main_task_033,False
typed_claim_ea2af3c05a81a09c89df4fa4,FORECAST_GEOLOGICAL_CONDITION,"{""attribute_dimension"":null,""attribute_name"":""suggested_grade"",""normalized_value"":""Ⅴ级"",""source_evidence_id"":""doc_6af39821d5a37fd21b28de70_e0005""}",FORECAST,,9,geological_forecast,fact_lock_1c895873e432ea0135749588,DAILY_REVIEW_CELL,"{""cell_id"":null,""daily_state_id"":null,""end_chainage"":1013691.0,""point_chainage"":null,""scope_basis"":""hsp_forecast_table_row"",""scope_kind"":""LOCATED_INTERVAL"",""start_chainage"":1013660.0,""state_role"":null,""valid_date"":null}",doc_6af39821d5a37fd21b28de70_e0005,stage7_main_task_033,False
typed_claim_c6242260258bdfdc90017bbc,FORECAST_GEOLOGICAL_CONDITION,"{""attribute_dimension"":null,""attribute_name"":""anomaly_level"",""normalized_value"":""MODERATE"",""source_evidence_id"":""doc_6af39821d5a37fd21b28de70_e0005""}",FORECAST,,10,geological_forecast,fact_lock_3bf39ea4f1fdf8e73c96e103,DAILY_REVIEW_CELL,"{""cell_id"":null,""daily_state_id"":null,""end_chainage"":1013691.0,""point_chainage"":null,""scope_basis"":""hsp_forecast_table_row"",""scope_kind"":""LOCATED_INTERVAL"",""start_chainage"":1013660.0,""state_role"":null,""valid_date"":null}",doc_6af39821d5a37fd21b28de70_e0005,stage7_main_task_033,False
typed_claim_3616701946e654a572c63dbf,FORECAST_GEOLOGICAL_CONDITION,"{""attribute_dimension"":null,""attribute_name"":""anomaly_level"",""normalized_value"":""MODERATE"",""source_evidence_id"":""doc_6af39821d5a37fd21b28de70_e0005""}",FORECAST,,11,geological_forecast,fact_lock_5d7cef478b816a1bc091a9dc,DAILY_REVIEW_CELL,"{""cell_id"":null,""daily_state_id"":null,""end_chainage"":1013691.0,""point_chainage"":null,""scope_basis"":""hsp_forecast_table_row"",""scope_kind"":""LOCATED_INTERVAL"",""start_chainage"":1013660.0,""state_role"":null,""valid_date"":null}",doc_6af39821d5a37fd21b28de70_e0005,stage7_main_task_033,False
typed_claim_38d7cdfa4b8aa4b10d9497b1,FORECAST_GEOLOGICAL_CONDITION,"{""attribute_dimension"":null,""attribute_name"":""lithology"",""normalized_value"":""板岩夹变质砂岩"",""source_evidence_id"":""doc_ce88b5055d612f9f8fb8012e_e0002""}",FORECAST,,12,geological_forecast,fact_lock_70148200c91ebc526bd7992b,DAILY_REVIEW_CELL,"{""cell_id"":null,""daily_state_id"":null,""end_chainage"":1013736.0,""point_chainage"":null,""scope_basis"":""hsp_forecast_table_row"",""scope_kind"":""LOCATED_INTERVAL"",""start_chainage"":1013674.0,""state_role"":null,""valid_date"":null}",doc_ce88b5055d612f9f8fb8012e_e0002,stage7_main_task_033,False
typed_claim_e7d298745cbc6cabac9c2f52,FORECAST_GEOLOGICAL_CONDITION,"{""attribute_dimension"":null,""attribute_name"":""weathering"",""normalized_value"":""弱风化"",""source_evidence_id"":""doc_6af39821d5a37fd21b28de70_e0005""}",FORECAST,,13,geological_forecast,fact_lock_198c3517448076117e4b78c0,DAILY_REVIEW_CELL,"{""cell_id"":null,""daily_state_id"":null,""end_chainage"":1013691.0,""point_chainage"":null,""scope_basis"":""hsp_forecast_table_row"",""scope_kind"":""LOCATED_INTERVAL"",""start_chainage"":1013660.0,""state_role"":null,""valid_date"":null}",doc_6af39821d5a37fd21b28de70_e0005,stage7_main_task_033,False
typed_claim_627c93cebc2d02bb9dadf1d3,FORECAST_GEOLOGICAL_CONDITION,"{""attribute_dimension"":null,""attribute_name"":""weathering"",""normalized_value"":""弱风化"",""source_evidence_id"":""doc_6af39821d5a37fd21b28de70_e0005""}",FORECAST,,14,geological_forecast,fact_lock_54eab64720cb54095085b065,DAILY_REVIEW_CELL,"{""cell_id"":null,""daily_state_id"":null,""end_chainage"":1013691.0,""point_chainage"":null,""scope_basis"":""hsp_forecast_table_row"",""scope_kind"":""LOCATED_INTERVAL"",""start_chainage"":1013660.0,""state_role"":null,""valid_date"":null}",doc_6af39821d5a37fd21b28de70_e0005,stage7_main_task_033,False
typed_claim_51eb321da7368f5199de277c,FORECAST_GEOLOGICAL_CONDITION,"{""attribute_dimension"":null,""attribute_name"":""weathering"",""normalized_value"":""弱风化"",""source_evidence_id"":""doc_ce88b5055d612f9f8fb8012e_e0002""}",FORECAST,,15,geological_forecast,fact_lock_2224eafaca3ae173a544aef6,DAILY_REVIEW_CELL,"{""cell_id"":null,""daily_state_id"":null,""end_chainage"":1013736.0,""point_chainage"":null,""scope_basis"":""hsp_forecast_table_row"",""scope_kind"":""LOCATED_INTERVAL"",""start_chainage"":1013674.0,""state_role"":null,""valid_date"":null}",doc_ce88b5055d612f9f8fb8012e_e0002,stage7_main_task_033,False
typed_claim_3d48468079fa091a302f994a,FORECAST_GEOLOGICAL_CONDITION,"{""attribute_dimension"":null,""attribute_name"":""anomaly_level"",""normalized_value"":""MODERATE"",""source_evidence_id"":""doc_ce88b5055d612f9f8fb8012e_e0002""}",FORECAST,,16,geological_forecast,fact_lock_51e4a23a878d023e8dfc14eb,DAILY_REVIEW_CELL,"{""cell_id"":null,""daily_state_id"":null,""end_chainage"":1013736.0,""point_chainage"":null,""scope_basis"":""hsp_forecast_table_row"",""scope_kind"":""LOCATED_INTERVAL"",""start_chainage"":1013674.0,""state_role"":null,""valid_date"":null}",doc_ce88b5055d612f9f8fb8012e_e0002,stage7_main_task_033,False
typed_claim_8aca47b1c4539812d3d00c0b,FORECAST_GEOLOGICAL_CONDITION,"{""attribute_dimension"":null,""attribute_name"":""joint_development"",""normalized_value"":""节理裂隙发育密集"",""source_evidence_id"":""doc_ce88b5055d612f9f8fb8012e_e0002""}",FORECAST,,17,geological_forecast,fact_lock_52f78e65cddf0919ad6b10ce,DAILY_REVIEW_CELL,"{""cell_id"":null,""daily_state_id"":null,""end_chainage"":1013736.0,""point_chainage"":null,""scope_basis"":""hsp_forecast_table_row"",""scope_kind"":""LOCATED_INTERVAL"",""start_chainage"":1013674.0,""state_role"":null,""valid_date"":null}",doc_ce88b5055d612f9f8fb8012e_e0002,stage7_main_task_033,False
typed_claim_f23375c6a02de22d33ac8ea0,FORECAST_GEOLOGICAL_CONDITION,"{""attribute_dimension"":null,""attribute_name"":""rock_mass_state"",""normalized_value"":""岩体破碎-极破碎"",""source_evidence_id"":""doc_ce88b5055d612f9f8fb8012e_e0002""}",FORECAST,,18,geological_forecast,fact_lock_e9ac18456b20216cb9559189,DAILY_REVIEW_CELL,"{""cell_id"":null,""daily_state_id"":null,""end_chainage"":1013736.0,""point_chainage"":null,""scope_basis"":""hsp_forecast_table_row"",""scope_kind"":""LOCATED_INTERVAL"",""start_chainage"":1013674.0,""state_role"":null,""valid_date"":null}",doc_ce88b5055d612f9f8fb8012e_e0002,stage7_main_task_033,False
typed_claim_427b71d92f38cbdca35ef9aa,FORECAST_GEOLOGICAL_CONDITION,"{""attribute_dimension"":null,""attribute_name"":""lithology"",""normalized_value"":""板岩夹变质砂岩"",""source_evidence_id"":""doc_6af39821d5a37fd21b28de70_e0004""}",FORECAST,,19,geological_forecast,fact_lock_7d1c9eb1d69ad207ea12532d,DAILY_REVIEW_CELL,"{""cell_id"":null,""daily_state_id"":null,""end_chainage"":1013660.0,""point_chainage"":null,""scope_basis"":""hsp_forecast_table_row"",""scope_kind"":""LOCATED_INTERVAL"",""start_chainage"":1013636.0,""state_role"":null,""valid_date"":null}",doc_6af39821d5a37fd21b28de70_e0004,stage7_main_task_033,False
typed_claim_242c1395433e3e0e12d75990,FORECAST_GEOLOGICAL_CONDITION,"{""attribute_dimension"":null,""attribute_name"":""suggested_grade"",""normalized_value"":""Ⅳ级"",""source_evidence_id"":""doc_6af39821d5a37fd21b28de70_e0004""}",FORECAST,,20,geological_forecast,fact_lock_b9012127d522426632934d24,DAILY_REVIEW_CELL,"{""cell_id"":null,""daily_state_id"":null,""end_chainage"":1013660.0,""point_chainage"":null,""scope_basis"":""hsp_forecast_table_row"",""scope_kind"":""LOCATED_INTERVAL"",""start_chainage"":1013636.0,""state_role"":null,""valid_date"":null}",doc_6af39821d5a37fd21b28de70_e0004,stage7_main_task_033,False
typed_claim_ff9eef52aa408e1857708979,FORECAST_GEOLOGICAL_CONDITION,"{""attribute_dimension"":null,""attribute_name"":""geological_conclusion"",""normalized_value"":""该段围岩较前段稍有变好。岩性 为板岩夹变质砂岩，弱风化，岩 质软硬不均，节理裂隙发育，岩 体破碎，围岩整体稳定性较差"",""source_evidence_id"":""doc_6af39821d5a37fd21b28de70_e0004""}",FORECAST,,21,geological_forecast,fact_lock_c06f7d4fe7e27cdffecf96fe,DAILY_REVIEW_CELL,"{""cell_id"":null,""daily_state_id"":null,""end_chainage"":1013660.0,""point_chainage"":null,""scope_basis"":""hsp_forecast_table_row"",""scope_kind"":""LOCATED_INTERVAL"",""start_chainage"":1013636.0,""state_role"":null,""valid_date"":null}",doc_6af39821d5a37fd21b28de70_e0004,stage7_main_task_033,False
typed_claim_ae129d8ff38b078e0b6e756a,FORECAST_GEOLOGICAL_CONDITION,"{""attribute_dimension"":null,""attribute_name"":""rock_mass_state"",""normalized_value"":""岩体破碎-极破碎"",""source_evidence_id"":""doc_6af39821d5a37fd21b28de70_e0005""}",FORECAST,,22,geological_forecast,fact_lock_1728d6ec5b9e19fff499958c,DAILY_REVIEW_CELL,"{""cell_id"":null,""daily_state_id"":null,""end_chainage"":1013691.0,""point_chainage"":null,""scope_basis"":""hsp_forecast_table_row"",""scope_kind"":""LOCATED_INTERVAL"",""start_chainage"":1013660.0,""state_role"":null,""valid_date"":null}",doc_6af39821d5a37fd21b28de70_e0005,stage7_main_task_033,False
typed_claim_757d089bfc52b043a783a024,FORECAST_GEOLOGICAL_CONDITION,"{""attribute_dimension"":null,""attribute_name"":""rock_mass_state"",""normalized_value"":""岩体破碎-极破碎"",""source_evidence_id"":""doc_6af39821d5a37fd21b28de70_e0005""}",FORECAST,,23,geological_forecast,fact_lock_9a57b48cb81123f707892fc9,DAILY_REVIEW_CELL,"{""cell_id"":null,""daily_state_id"":null,""end_chainage"":1013691.0,""point_chainage"":null,""scope_basis"":""hsp_forecast_table_row"",""scope_kind"":""LOCATED_INTERVAL"",""start_chainage"":1013660.0,""state_role"":null,""valid_date"":null}",doc_6af39821d5a37fd21b28de70_e0005,stage7_main_task_033,False
typed_claim_f62ea9cd5bd241fce316f8fc,FORECAST_GEOLOGICAL_CONDITION,"{""attribute_dimension"":null,""attribute_name"":""weathering"",""normalized_value"":""弱风化"",""source_evidence_id"":""doc_6af39821d5a37fd21b28de70_e0004""}",FORECAST,,24,geological_forecast,fact_lock_90c7d096674f58b52d20515b,DAILY_REVIEW_CELL,"{""cell_id"":null,""daily_state_id"":null,""end_chainage"":1013660.0,""point_chainage"":null,""scope_basis"":""hsp_forecast_table_row"",""scope_kind"":""LOCATED_INTERVAL"",""start_chainage"":1013636.0,""state_role"":null,""valid_date"":null}",doc_6af39821d5a37fd21b28de70_e0004,stage7_main_task_033,False
typed_claim_9fb473f77c2fd6a4e92e6ddb,FORECAST_GEOLOGICAL_CONDITION,"{""attribute_dimension"":null,""attribute_name"":""geological_conclusion"",""normalized_value"":""该段围岩较前段变差。岩性以板 岩为主，弱风化，岩质软，节理 裂隙发育密集，岩体破碎-极破 碎，围岩整体稳定性差"",""source_evidence_id"":""doc_6af39821d5a37fd21b28de70_e0005""}",FORECAST,,25,geological_forecast,fact_lock_0bc072b3c0055d111f131d1f,DAILY_REVIEW_CELL,"{""cell_id"":null,""daily_state_id"":null,""end_chainage"":1013691.0,""point_chainage"":null,""scope_basis"":""hsp_forecast_table_row"",""scope_kind"":""LOCATED_INTERVAL"",""start_chainage"":1013660.0,""state_role"":null,""valid_date"":null}",doc_6af39821d5a37fd21b28de70_e0005,stage7_main_task_033,False
typed_claim_baadfa49428553b603e99372,FORECAST_GEOLOGICAL_CONDITION,"{""attribute_dimension"":null,""attribute_name"":""geological_conclusion"",""normalized_value"":""该段围岩较前段变差。岩性以板 岩为主，弱风化，岩质软，节理 裂隙发育密集，岩体破碎-极破 碎，围岩整体稳定性差"",""source_evidence_id"":""doc_6af39821d5a37fd21b28de70_e0005""}",FORECAST,,26,geological_forecast,fact_lock_67a522824cbc0cbcaee40010,DAILY_REVIEW_CELL,"{""cell_id"":null,""daily_state_id"":null,""end_chainage"":1013691.0,""point_chainage"":null,""scope_basis"":""hsp_forecast_table_row"",""scope_kind"":""LOCATED_INTERVAL"",""start_chainage"":1013660.0,""state_role"":null,""valid_date"":null}",doc_6af39821d5a37fd21b28de70_e0005,stage7_main_task_033,False
typed_claim_094af41ea72f4919b2e84ca0,FORECAST_GEOLOGICAL_CONDITION,"{""attribute_dimension"":null,""attribute_name"":""geological_conclusion"",""normalized_value"":""该段围岩整体较当前掌子面变 差。岩性为板岩夹变质砂岩，弱 风化，岩质软硬不均，节理裂隙 发育，局部段落节理裂隙发育密 集，岩体破碎-极破碎，围岩整体 稳定性差"",""source_evidence_id"":""doc_ce88b5055d612f9f8fb8012e_e0002""}",FORECAST,,27,geological_forecast,fact_lock_bccf051673b9f1631bd37d59,DAILY_REVIEW_CELL,"{""cell_id"":null,""daily_state_id"":null,""end_chainage"":1013736.0,""point_chainage"":null,""scope_basis"":""hsp_forecast_table_row"",""scope_kind"":""LOCATED_INTERVAL"",""start_chainage"":1013674.0,""state_role"":null,""valid_date"":null}",doc_ce88b5055d612f9f8fb8012e_e0002,stage7_main_task_033,False
typed_claim_21ca0799ffb7cd13d32c3817,FORECAST_GEOLOGICAL_CONDITION,"{""attribute_dimension"":null,""attribute_name"":""suggested_grade"",""normalized_value"":""Ⅳ级"",""source_evidence_id"":""doc_ce88b5055d612f9f8fb8012e_e0002""}",FORECAST,,28,geological_forecast,fact_lock_87bd57527b23f838ff9dfe28,DAILY_REVIEW_CELL,"{""cell_id"":null,""daily_state_id"":null,""end_chainage"":1013736.0,""point_chainage"":null,""scope_basis"":""hsp_forecast_table_row"",""scope_kind"":""LOCATED_INTERVAL"",""start_chainage"":1013674.0,""state_role"":null,""valid_date"":null}",doc_ce88b5055d612f9f8fb8012e_e0002,stage7_main_task_033,False
typed_claim_eb456e35c2d2a348e0f297a6,FORECAST_GEOLOGICAL_CONDITION,"{""attribute_dimension"":null,""attribute_name"":""risk_hint"",""normalized_value"":""里程+661、 +664、+668、 +674、+678、 +683 附近有 掉块风险"",""source_evidence_id"":""doc_6af39821d5a37fd21b28de70_e0005""}",FORECAST,,29,geological_forecast,fact_lock_c1816f4654fef83523452b98,DAILY_REVIEW_CELL,"{""cell_id"":null,""daily_state_id"":null,""end_chainage"":1013691.0,""point_chainage"":null,""scope_basis"":""hsp_forecast_table_row"",""scope_kind"":""LOCATED_INTERVAL"",""start_chainage"":1013660.0,""state_role"":null,""valid_date"":null}",doc_6af39821d5a37fd21b28de70_e0005,stage7_main_task_033,False
typed_claim_595ee538572ce3e23d104fe8,FORECAST_GEOLOGICAL_CONDITION,"{""attribute_dimension"":null,""attribute_name"":""risk_hint"",""normalized_value"":""里程+661、 +664、+668、 +674、+678、 +683 附近有 掉块风险"",""source_evidence_id"":""doc_6af39821d5a37fd21b28de70_e0005""}",FORECAST,,30,geological_forecast,fact_lock_de90e702ba8f64827945898e,DAILY_REVIEW_CELL,"{""cell_id"":null,""daily_state_id"":null,""end_chainage"":1013691.0,""point_chainage"":null,""scope_basis"":""hsp_forecast_table_row"",""scope_kind"":""LOCATED_INTERVAL"",""start_chainage"":1013660.0,""state_role"":null,""valid_date"":null}",doc_6af39821d5a37fd21b28de70_e0005,stage7_main_task_033,False
typed_claim_c5eda3dd5876550b54b41cda,FORECAST_GEOLOGICAL_CONDITION,"{""attribute_dimension"":null,""attribute_name"":""joint_development"",""normalized_value"":""节理裂隙发育密集"",""source_evidence_id"":""doc_6af39821d5a37fd21b28de70_e0005""}",FORECAST,,31,geological_forecast,fact_lock_a16727a0593d475ff70a2125,DAILY_REVIEW_CELL,"{""cell_id"":null,""daily_state_id"":null,""end_chainage"":1013691.0,""point_chainage"":null,""scope_basis"":""hsp_forecast_table_row"",""scope_kind"":""LOCATED_INTERVAL"",""start_chainage"":1013660.0,""state_role"":null,""valid_date"":null}",doc_6af39821d5a37fd21b28de70_e0005,stage7_main_task_033,False
typed_claim_7481ca54f6e51bed9d48323b,FORECAST_GEOLOGICAL_CONDITION,"{""attribute_dimension"":null,""attribute_name"":""joint_development"",""normalized_value"":""节理裂隙发育密集"",""source_evidence_id"":""doc_6af39821d5a37fd21b28de70_e0005""}",FORECAST,,32,geological_forecast,fact_lock_ec08d84f5850e068a12de251,DAILY_REVIEW_CELL,"{""cell_id"":null,""daily_state_id"":null,""end_chainage"":1013691.0,""point_chainage"":null,""scope_basis"":""hsp_forecast_table_row"",""scope_kind"":""LOCATED_INTERVAL"",""start_chainage"":1013660.0,""state_role"":null,""valid_date"":null}",doc_6af39821d5a37fd21b28de70_e0005,stage7_main_task_033,False
typed_claim_9115b083e2c613e358f59f68,FORECAST_GEOLOGICAL_CONDITION,"{""attribute_dimension"":null,""attribute_name"":""rock_mass_state"",""normalized_value"":""岩体破碎"",""source_evidence_id"":""doc_6af39821d5a37fd21b28de70_e0004""}",FORECAST,,33,geological_forecast,fact_lock_ada6442f7afc6d757e1eebe4,DAILY_REVIEW_CELL,"{""cell_id"":null,""daily_state_id"":null,""end_chainage"":1013660.0,""point_chainage"":null,""scope_basis"":""hsp_forecast_table_row"",""scope_kind"":""LOCATED_INTERVAL"",""start_chainage"":1013636.0,""state_role"":null,""valid_date"":null}",doc_6af39821d5a37fd21b28de70_e0004,stage7_main_task_033,False
typed_claim_eac683603d48bded5fd4474d,OPERATIONAL_RESPONSE_ATTENTION,"{""is_causal_estimate"":false,""is_hazard_probability"":false,""is_probability"":false,""metric_name"":""RAI"",""metric_semantics"":""OPERATIONAL_RESPONSE_ATTENTION_INDEX"",""metric_status"":""AVAILABLE"",""metric_value"":0.21121909698774477,""source_metric_id"":""state_rai_39772fe30dde2192a0bad331""}",,NONPROBABILISTIC_ATTENTION,34,operational_attention,fact_lock_72915178f6bc0b02c0d5a0d1,DAILY_REVIEW_CELL,"{""cell_id"":""cell_2dfc9a7f03542dcf190b7553"",""daily_state_id"":null,""end_chainage"":null,""point_chainage"":null,""scope_basis"":""stage5b_bitemporal_state_subject"",""scope_kind"":""CELL"",""start_chainage"":null,""state_role"":""DAILY_REVIEW_CELL"",""valid_date"":""2023-10-18""}",state_rai_39772fe30dde2192a0bad331,stage7_main_task_033,False
typed_claim_bd89525622ca00fe60491ef9,OPERATIONAL_RESPONSE_ATTENTION,"{""is_causal_estimate"":false,""is_hazard_probability"":false,""is_probability"":false,""metric_name"":""RAI"",""metric_semantics"":""OPERATIONAL_RESPONSE_ATTENTION_INDEX"",""metric_status"":""AVAILABLE"",""metric_value"":0.20885738107476373,""source_metric_id"":""state_rai_1e0a4aaffabaa9d80b2e263c""}",,NONPROBABILISTIC_ATTENTION,35,operational_attention,fact_lock_e7ea4469949252c58891ab16,DAILY_REVIEW_CELL,"{""cell_id"":""cell_bf453b474a2d9306cdad13e0"",""daily_state_id"":null,""end_chainage"":null,""point_chainage"":null,""scope_basis"":""stage5b_bitemporal_state_subject"",""scope_kind"":""CELL"",""start_chainage"":null,""state_role"":""DAILY_REVIEW_CELL"",""valid_date"":""2023-10-18""}",state_rai_1e0a4aaffabaa9d80b2e263c,stage7_main_task_033,False
typed_claim_849119e3a185ec1216f40a89,OPERATIONAL_RESPONSE_ATTENTION,"{""is_causal_estimate"":false,""is_hazard_probability"":false,""is_probability"":false,""metric_name"":""RAI"",""metric_semantics"":""OPERATIONAL_RESPONSE_ATTENTION_INDEX"",""metric_status"":""AVAILABLE"",""metric_value"":0.47258538916752507,""source_metric_id"":""state_rai_6c00bd433b684ad13e32b86f""}",,NONPROBABILISTIC_ATTENTION,36,operational_attention,fact_lock_b237f500ccc92840db5ee06f,DAILY_REVIEW_CELL,"{""cell_id"":""cell_83789dbb3816b79a8bf0fcff"",""daily_state_id"":null,""end_chainage"":null,""point_chainage"":null,""scope_basis"":""stage5b_bitemporal_state_subject"",""scope_kind"":""CELL"",""start_chainage"":null,""state_role"":""DAILY_REVIEW_CELL"",""valid_date"":""2023-10-18""}",state_rai_6c00bd433b684ad13e32b86f,stage7_main_task_033,False
typed_claim_9c732c6cfb3c611d75a451a1,GEOLOGICAL_EVIDENCE_ATTENTION_REVIEW,"{""is_causal_estimate"":false,""is_hazard_probability"":false,""is_probability"":false,""metric_name"":""GRS"",""metric_semantics"":""GEOLOGICAL_EVIDENCE_ATTENTION_INDEX"",""metric_status"":""AVAILABLE"",""metric_value"":0.9166666666666666,""source_metric_id"":""state_grs_39772fe30dde2192a0bad331""}",,NONPROBABILISTIC_ATTENTION,37,geological_attention,fact_lock_58760ec851e2937e6faa51c8,DAILY_REVIEW_CELL,"{""cell_id"":""cell_2dfc9a7f03542dcf190b7553"",""daily_state_id"":null,""end_chainage"":null,""point_chainage"":null,""scope_basis"":""stage5b_bitemporal_state_subject"",""scope_kind"":""CELL"",""start_chainage"":null,""state_role"":""DAILY_REVIEW_CELL"",""valid_date"":""2023-10-18""}",state_grs_39772fe30dde2192a0bad331,stage7_main_task_033,False
typed_claim_24228b1a06f7290a78759761,GEOLOGICAL_EVIDENCE_ATTENTION_REVIEW,"{""is_causal_estimate"":false,""is_hazard_probability"":false,""is_probability"":false,""metric_name"":""GRS"",""metric_semantics"":""GEOLOGICAL_EVIDENCE_ATTENTION_INDEX"",""metric_status"":""AVAILABLE"",""metric_value"":0.9166666666666666,""source_metric_id"":""state_grs_1e0a4aaffabaa9d80b2e263c""}",,NONPROBABILISTIC_ATTENTION,38,geological_attention,fact_lock_e4a87f07aabf2a0d4e5a82b1,DAILY_REVIEW_CELL,"{""cell_id"":""cell_bf453b474a2d9306cdad13e0"",""daily_state_id"":null,""end_chainage"":null,""point_chainage"":null,""scope_basis"":""stage5b_bitemporal_state_subject"",""scope_kind"":""CELL"",""start_chainage"":null,""state_role"":""DAILY_REVIEW_CELL"",""valid_date"":""2023-10-18""}",state_grs_1e0a4aaffabaa9d80b2e263c,stage7_main_task_033,False
typed_claim_b9fd45cc7a48513ce8e901b8,GEOLOGICAL_EVIDENCE_ATTENTION_REVIEW,"{""is_causal_estimate"":false,""is_hazard_probability"":false,""is_probability"":false,""metric_name"":""GRS"",""metric_semantics"":""GEOLOGICAL_EVIDENCE_ATTENTION_INDEX"",""metric_status"":""AVAILABLE"",""metric_value"":0.5416666666666666,""source_metric_id"":""state_grs_6c00bd433b684ad13e32b86f""}",,NONPROBABILISTIC_ATTENTION,39,geological_attention,fact_lock_e98d6b125effd763cf7474bc,DAILY_REVIEW_CELL,"{""cell_id"":""cell_83789dbb3816b79a8bf0fcff"",""daily_state_id"":null,""end_chainage"":null,""point_chainage"":null,""scope_basis"":""stage5b_bitemporal_state_subject"",""scope_kind"":""CELL"",""start_chainage"":null,""state_role"":""DAILY_REVIEW_CELL"",""valid_date"":""2023-10-18""}",state_grs_6c00bd433b684ad13e32b86f,stage7_main_task_033,False
typed_claim_e21764a673291eb29a021cf1,COUPLED_ATTENTION_REVIEW,"{""is_causal_estimate"":false,""is_hazard_probability"":false,""is_probability"":false,""metric_name"":""GRCI"",""metric_semantics"":""NONPROBABILISTIC_CONJUNCTIVE_PRODUCT"",""metric_status"":""AVAILABLE"",""metric_value"":0.25598375246574273,""source_metric_id"":""state_grci_6c00bd433b684ad13e32b86f""}",,NONPROBABILISTIC_ATTENTION,40,coupled_attention,fact_lock_fdf4867f46913558dff92235,DAILY_REVIEW_CELL,"{""cell_id"":""cell_83789dbb3816b79a8bf0fcff"",""daily_state_id"":null,""end_chainage"":null,""point_chainage"":null,""scope_basis"":""stage5b_bitemporal_state_subject"",""scope_kind"":""CELL"",""start_chainage"":null,""state_role"":""DAILY_REVIEW_CELL"",""valid_date"":""2023-10-18""}",state_grci_6c00bd433b684ad13e32b86f,stage7_main_task_033,False
typed_claim_206e3a8bc85aefc79ca56bf9,COUPLED_ATTENTION_REVIEW,"{""is_causal_estimate"":false,""is_hazard_probability"":false,""is_probability"":false,""metric_name"":""GRCI"",""metric_semantics"":""NONPROBABILISTIC_CONJUNCTIVE_PRODUCT"",""metric_status"":""AVAILABLE"",""metric_value"":0.19145259931853342,""source_metric_id"":""state_grci_1e0a4aaffabaa9d80b2e263c""}",,NONPROBABILISTIC_ATTENTION,41,coupled_attention,fact_lock_fcea40c069ddd4deb35712ae,DAILY_REVIEW_CELL,"{""cell_id"":""cell_bf453b474a2d9306cdad13e0"",""daily_state_id"":null,""end_chainage"":null,""point_chainage"":null,""scope_basis"":""stage5b_bitemporal_state_subject"",""scope_kind"":""CELL"",""start_chainage"":null,""state_role"":""DAILY_REVIEW_CELL"",""valid_date"":""2023-10-18""}",state_grci_1e0a4aaffabaa9d80b2e263c,stage7_main_task_033,False
typed_claim_42943472b80336b12a40862d,COUPLED_ATTENTION_REVIEW,"{""is_causal_estimate"":false,""is_hazard_probability"":false,""is_probability"":false,""metric_name"":""GRCI"",""metric_semantics"":""NONPROBABILISTIC_CONJUNCTIVE_PRODUCT"",""metric_status"":""AVAILABLE"",""metric_value"":0.19361750557209936,""source_metric_id"":""state_grci_39772fe30dde2192a0bad331""}",,NONPROBABILISTIC_ATTENTION,42,coupled_attention,fact_lock_37cba09ba5ebd227cb81e587,DAILY_REVIEW_CELL,"{""cell_id"":""cell_2dfc9a7f03542dcf190b7553"",""daily_state_id"":null,""end_chainage"":null,""point_chainage"":null,""scope_basis"":""stage5b_bitemporal_state_subject"",""scope_kind"":""CELL"",""start_chainage"":null,""state_role"":""DAILY_REVIEW_CELL"",""valid_date"":""2023-10-18""}",state_grci_39772fe30dde2192a0bad331,stage7_main_task_033,False
typed_claim_ef624ca94ccb98e5c2886996,OPERATIONAL_RESPONSE_ATTENTION,"{""is_causal_estimate"":false,""is_hazard_probability"":false,""is_probability"":false,""metric_name"":""RAI"",""metric_semantics"":""OPERATIONAL_RESPONSE_ATTENTION_INDEX"",""metric_status"":""AVAILABLE"",""metric_value"":0.24604738185781358,""source_metric_id"":""state_rai_32350d67cadbf4438557f61e""}",,NONPROBABILISTIC_ATTENTION,0,operational_attention,fact_lock_48bd128fc4e058b113174ee9,DAILY_REVIEW_CELL,"{""cell_id"":""cell_45e09953a5ddef4462c0a147"",""daily_state_id"":null,""end_chainage"":null,""point_chainage"":null,""scope_basis"":""stage5b_bitemporal_state_subject"",""scope_kind"":""CELL"",""start_chainage"":null,""state_role"":""DAILY_REVIEW_CELL"",""valid_date"":""2023-12-18""}",state_rai_32350d67cadbf4438557f61e,stage7_main_task_034,False
typed_claim_544a33f4203325bd4d891237,OPERATIONAL_RESPONSE_ATTENTION,"{""is_causal_estimate"":false,""is_hazard_probability"":false,""is_probability"":false,""metric_name"":""RAI"",""metric_semantics"":""OPERATIONAL_RESPONSE_ATTENTION_INDEX"",""metric_status"":""AVAILABLE"",""metric_value"":0.5029477974847817,""source_metric_id"":""state_rai_91c7e55c3c37d9d41e294e13""}",,NONPROBABILISTIC_ATTENTION,1,operational_attention,fact_lock_e4a5e740e6ba11d1152c5310,DAILY_REVIEW_CELL,"{""cell_id"":""cell_9cfca22fbc766370829a5d1b"",""daily_state_id"":null,""end_chainage"":null,""point_chainage"":null,""scope_basis"":""stage5b_bitemporal_state_subject"",""scope_kind"":""CELL"",""start_chainage"":null,""state_role"":""DAILY_REVIEW_CELL"",""valid_date"":""2023-12-18""}",state_rai_91c7e55c3c37d9d41e294e13,stage7_main_task_034,False
typed_claim_813e3ec396f6be59a6f6a664,GEOLOGICAL_EVIDENCE_ATTENTION_REVIEW,"{""is_causal_estimate"":false,""is_hazard_probability"":false,""is_probability"":false,""metric_name"":""GRS"",""metric_semantics"":""GEOLOGICAL_EVIDENCE_ATTENTION_INDEX"",""metric_status"":""AVAILABLE"",""metric_value"":0.7888888888888889,""source_metric_id"":""state_grs_32350d67cadbf4438557f61e""}",,NONPROBABILISTIC_ATTENTION,2,geological_attention,fact_lock_95a2ea3262a602d8f10023be,DAILY_REVIEW_CELL,"{""cell_id"":""cell_45e09953a5ddef4462c0a147"",""daily_state_id"":null,""end_chainage"":null,""point_chainage"":null,""scope_basis"":""stage5b_bitemporal_state_subject"",""scope_kind"":""CELL"",""start_chainage"":null,""state_role"":""DAILY_REVIEW_CELL"",""valid_date"":""2023-12-18""}",state_grs_32350d67cadbf4438557f61e,stage7_main_task_034,False
typed_claim_154bd0df988385425d3348f1,GEOLOGICAL_EVIDENCE_ATTENTION_REVIEW,"{""is_causal_estimate"":false,""is_hazard_probability"":false,""is_probability"":false,""metric_name"":""GRS"",""metric_semantics"":""GEOLOGICAL_EVIDENCE_ATTENTION_INDEX"",""metric_status"":""AVAILABLE"",""metric_value"":0.7888888888888889,""source_metric_id"":""state_grs_91c7e55c3c37d9d41e294e13""}",,NONPROBABILISTIC_ATTENTION,3,geological_attention,fact_lock_6f2a9b13e7d023cbabc8bfdc,DAILY_REVIEW_CELL,"{""cell_id"":""cell_9cfca22fbc766370829a5d1b"",""daily_state_id"":null,""end_chainage"":null,""point_chainage"":null,""scope_basis"":""stage5b_bitemporal_state_subject"",""scope_kind"":""CELL"",""start_chainage"":null,""state_role"":""DAILY_REVIEW_CELL"",""valid_date"":""2023-12-18""}",state_grs_91c7e55c3c37d9d41e294e13,stage7_main_task_034,False
typed_claim_921a784ac749a43a8fa69abb,COUPLED_ATTENTION_REVIEW,"{""is_causal_estimate"":false,""is_hazard_probability"":false,""is_probability"":false,""metric_name"":""GRCI"",""metric_semantics"":""NONPROBABILISTIC_CONJUNCTIVE_PRODUCT"",""metric_status"":""AVAILABLE"",""metric_value"":0.1941040456878307,""source_metric_id"":""state_grci_32350d67cadbf4438557f61e""}",,NONPROBABILISTIC_ATTENTION,4,coupled_attention,fact_lock_b45c35f557679a9fba26c836,DAILY_REVIEW_CELL,"{""cell_id"":""cell_45e09953a5ddef4462c0a147"",""daily_state_id"":null,""end_chainage"":null,""point_chainage"":null,""scope_basis"":""stage5b_bitemporal_state_subject"",""scope_kind"":""CELL"",""start_chainage"":null,""state_role"":""DAILY_REVIEW_CELL"",""valid_date"":""2023-12-18""}",state_grci_32350d67cadbf4438557f61e,stage7_main_task_034,False
typed_claim_d3a9113b981c1c24aa3474bb,COUPLED_ATTENTION_REVIEW,"{""is_causal_estimate"":false,""is_hazard_probability"":false,""is_probability"":false,""metric_name"":""GRCI"",""metric_semantics"":""NONPROBABILISTIC_CONJUNCTIVE_PRODUCT"",""metric_status"":""AVAILABLE"",""metric_value"":0.3967699291268833,""source_metric_id"":""state_grci_91c7e55c3c37d9d41e294e13""}",,NONPROBABILISTIC_ATTENTION,5,coupled_attention,fact_lock_f6d32a83385e28dc3fc89e80,DAILY_REVIEW_CELL,"{""cell_id"":""cell_9cfca22fbc766370829a5d1b"",""daily_state_id"":null,""end_chainage"":null,""point_chainage"":null,""scope_basis"":""stage5b_bitemporal_state_subject"",""scope_kind"":""CELL"",""start_chainage"":null,""state_role"":""DAILY_REVIEW_CELL"",""valid_date"":""2023-12-18""}",state_grci_91c7e55c3c37d9d41e294e13,stage7_main_task_034,False
typed_claim_f763e1679ee7f49201c2e2f0,FORWARD_GEOLOGICAL_ATTENTION,"{""is_causal_estimate"":false,""is_hazard_probability"":false,""is_probability"":false,""metric_name"":""GRS"",""metric_semantics"":""FORWARD_GEOLOGICAL_EVIDENCE_ATTENTION_INDEX"",""metric_status"":""AVAILABLE"",""metric_value"":0.5416666666666666,""source_metric_id"":""state_grs_b02a3aba9ea993db6dbe98a9""}",,NONPROBABILISTIC_ATTENTION,6,forward_attention,fact_lock_c831bd7994f131f42fdfc0f8,FORWARD_ATTENTION_CELL,"{""cell_id"":""cell_64ff35e15826ff3f4f73e53f"",""daily_state_id"":null,""end_chainage"":null,""point_chainage"":null,""scope_basis"":""stage5b_bitemporal_state_subject"",""scope_kind"":""CELL"",""start_chainage"":null,""state_role"":""FORWARD_ATTENTION_CELL"",""valid_date"":""2023-12-18""}",state_grs_b02a3aba9ea993db6dbe98a9,stage7_main_task_034,False
typed_claim_e36289050b690b01be3b7f29,FORWARD_GEOLOGICAL_ATTENTION,"{""is_causal_estimate"":false,""is_hazard_probability"":false,""is_probability"":false,""metric_name"":""GRS"",""metric_semantics"":""FORWARD_GEOLOGICAL_EVIDENCE_ATTENTION_INDEX"",""metric_status"":""AVAILABLE"",""metric_value"":0.5416666666666666,""source_metric_id"":""state_grs_00a10d796507eab137ba4afa""}",,NONPROBABILISTIC_ATTENTION,7,forward_attention,fact_lock_d658463a9045fa53b94cc861,FORWARD_ATTENTION_CELL,"{""cell_id"":""cell_a988b2656051f7e18ac637e4"",""daily_state_id"":null,""end_chainage"":null,""point_chainage"":null,""scope_basis"":""stage5b_bitemporal_state_subject"",""scope_kind"":""CELL"",""start_chainage"":null,""state_role"":""FORWARD_ATTENTION_CELL"",""valid_date"":""2023-12-18""}",state_grs_00a10d796507eab137ba4afa,stage7_main_task_034,False
typed_claim_9c7374a2fbb283f5ac88a556,FORWARD_GEOLOGICAL_ATTENTION,"{""is_causal_estimate"":false,""is_hazard_probability"":false,""is_probability"":false,""metric_name"":""GRS"",""metric_semantics"":""FORWARD_GEOLOGICAL_EVIDENCE_ATTENTION_INDEX"",""metric_status"":""AVAILABLE"",""metric_value"":0.5944444444444444,""source_metric_id"":""state_grs_eb20313900a9f2ccbc3a363a""}",,NONPROBABILISTIC_ATTENTION,8,forward_attention,fact_lock_7ec1acd100cbb367e129de6b,FORWARD_ATTENTION_CELL,"{""cell_id"":""cell_8daeb32ef201b43aa2396d30"",""daily_state_id"":null,""end_chainage"":null,""point_chainage"":null,""scope_basis"":""stage5b_bitemporal_state_subject"",""scope_kind"":""CELL"",""start_chainage"":null,""state_role"":""FORWARD_ATTENTION_CELL"",""valid_date"":""2023-12-18""}",state_grs_eb20313900a9f2ccbc3a363a,stage7_main_task_034,False
typed_claim_8c5963815e55471cdb098ac3,FORECAST_GEOLOGICAL_CONDITION,"{""attribute_dimension"":null,""attribute_name"":""suggested_grade"",""normalized_value"":""Ⅳ级"",""source_evidence_id"":""doc_c03e80c9fabf17e0b238ec9a_e0002""}",FORECAST,,0,geological_forecast,fact_lock_2134431916103d5ccb1a0f74,FORWARD_ATTENTION_CELL,"{""cell_id"":null,""daily_state_id"":null,""end_chainage"":1013540.0,""point_chainage"":null,""scope_basis"":""hsp_forecast_table_row"",""scope_kind"":""LOCATED_INTERVAL"",""start_chainage"":1013525.0,""state_role"":null,""valid_date"":null}",doc_c03e80c9fabf17e0b238ec9a_e0002,stage7_main_task_035,False
typed_claim_f621179f655194bfdf59cecb,FORECAST_GEOLOGICAL_CONDITION,"{""attribute_dimension"":null,""attribute_name"":""geological_conclusion"",""normalized_value"":""该段围岩与当前掌子面相当。岩 性为板岩夹变质砂岩，弱风化， 岩质软硬不均，节理裂隙发育， 岩体破碎，围岩整体稳定性较差"",""source_evidence_id"":""doc_c03e80c9fabf17e0b238ec9a_e0002""}",FORECAST,,1,geological_forecast,fact_lock_185f2f0b7b9a3796e6826f55,FORWARD_ATTENTION_CELL,"{""cell_id"":null,""daily_state_id"":null,""end_chainage"":1013540.0,""point_chainage"":null,""scope_basis"":""hsp_forecast_table_row"",""scope_kind"":""LOCATED_INTERVAL"",""start_chainage"":1013525.0,""state_role"":null,""valid_date"":null}",doc_c03e80c9fabf17e0b238ec9a_e0002,stage7_main_task_035,False
typed_claim_348912de2eb579a37fb642ea,FORECAST_GEOLOGICAL_CONDITION,"{""attribute_dimension"":null,""attribute_name"":""rock_mass_state"",""normalized_value"":""岩体破碎"",""source_evidence_id"":""doc_c03e80c9fabf17e0b238ec9a_e0002""}",FORECAST,,2,geological_forecast,fact_lock_8d2b68748cd1380d19da40f4,FORWARD_ATTENTION_CELL,"{""cell_id"":null,""daily_state_id"":null,""end_chainage"":1013540.0,""point_chainage"":null,""scope_basis"":""hsp_forecast_table_row"",""scope_kind"":""LOCATED_INTERVAL"",""start_chainage"":1013525.0,""state_role"":null,""valid_date"":null}",doc_c03e80c9fabf17e0b238ec9a_e0002,stage7_main_task_035,False
typed_claim_db0aaf0ae5258d2244897ded,FORECAST_GEOLOGICAL_CONDITION,"{""attribute_dimension"":null,""attribute_name"":""lithology"",""normalized_value"":""板岩夹变质砂岩"",""source_evidence_id"":""doc_c03e80c9fabf17e0b238ec9a_e0002""}",FORECAST,,3,geological_forecast,fact_lock_9e43c81e7fc889b19ffbb74c,FORWARD_ATTENTION_CELL,"{""cell_id"":null,""daily_state_id"":null,""end_chainage"":1013540.0,""point_chainage"":null,""scope_basis"":""hsp_forecast_table_row"",""scope_kind"":""LOCATED_INTERVAL"",""start_chainage"":1013525.0,""state_role"":null,""valid_date"":null}",doc_c03e80c9fabf17e0b238ec9a_e0002,stage7_main_task_035,False
typed_claim_0405b5eb8b93d655bb711576,FORECAST_GEOLOGICAL_CONDITION,"{""attribute_dimension"":null,""attribute_name"":""joint_development"",""normalized_value"":""节理裂隙发育"",""source_evidence_id"":""doc_c03e80c9fabf17e0b238ec9a_e0002""}",FORECAST,,4,geological_forecast,fact_lock_4486b7fd83df4c308e0689af,FORWARD_ATTENTION_CELL,"{""cell_id"":null,""daily_state_id"":null,""end_chainage"":1013540.0,""point_chainage"":null,""scope_basis"":""hsp_forecast_table_row"",""scope_kind"":""LOCATED_INTERVAL"",""start_chainage"":1013525.0,""state_role"":null,""valid_date"":null}",doc_c03e80c9fabf17e0b238ec9a_e0002,stage7_main_task_035,False
typed_claim_72d9e860a518e8ba8e50f793,FORECAST_GEOLOGICAL_CONDITION,"{""attribute_dimension"":null,""attribute_name"":""weathering"",""normalized_value"":""弱风化"",""source_evidence_id"":""doc_c03e80c9fabf17e0b238ec9a_e0002""}",FORECAST,,5,geological_forecast,fact_lock_b54df8f79388fea474e8daa8,FORWARD_ATTENTION_CELL,"{""cell_id"":null,""daily_state_id"":null,""end_chainage"":1013540.0,""point_chainage"":null,""scope_basis"":""hsp_forecast_table_row"",""scope_kind"":""LOCATED_INTERVAL"",""start_chainage"":1013525.0,""state_role"":null,""valid_date"":null}",doc_c03e80c9fabf17e0b238ec9a_e0002,stage7_main_task_035,False
typed_claim_ec3c12ea67eebe5d87444866,FORWARD_GEOLOGICAL_ATTENTION,"{""is_causal_estimate"":false,""is_hazard_probability"":false,""is_probability"":false,""metric_name"":""GRS"",""metric_semantics"":""FORWARD_GEOLOGICAL_EVIDENCE_ATTENTION_INDEX"",""metric_status"":""AVAILABLE"",""metric_value"":0.5416666666666666,""source_metric_id"":""state_grs_b57a8b444010f9b87547eae0""}",,NONPROBABILISTIC_ATTENTION,6,forward_attention,fact_lock_54690ef1dd54ceebd15f3799,FORWARD_ATTENTION_CELL,"{""cell_id"":""cell_0c7c18a1ffef6d9e83e69815"",""daily_state_id"":null,""end_chainage"":null,""point_chainage"":null,""scope_basis"":""stage5b_bitemporal_state_subject"",""scope_kind"":""CELL"",""start_chainage"":null,""state_role"":""FORWARD_ATTENTION_CELL"",""valid_date"":""2023-10-11""}",state_grs_b57a8b444010f9b87547eae0,stage7_main_task_035,False
typed_claim_07e15fea76c4966e0e0aea31,OPERATIONAL_RESPONSE_ATTENTION,"{""is_causal_estimate"":false,""is_hazard_probability"":false,""is_probability"":false,""metric_name"":""RAI"",""metric_semantics"":""OPERATIONAL_RESPONSE_ATTENTION_INDEX"",""metric_status"":""AVAILABLE"",""metric_value"":0.17911600980745943,""source_metric_id"":""state_rai_7ccad46dd5f7e4a12761df9c""}",,NONPROBABILISTIC_ATTENTION,0,operational_attention,fact_lock_d5d742e58e9386ebff35697f,DAILY_REVIEW_CELL,"{""cell_id"":""cell_b78c8fe752bb215ebc415f65"",""daily_state_id"":null,""end_chainage"":null,""point_chainage"":null,""scope_basis"":""stage5b_bitemporal_state_subject"",""scope_kind"":""CELL"",""start_chainage"":null,""state_role"":""DAILY_REVIEW_CELL"",""valid_date"":""2023-11-28""}",state_rai_7ccad46dd5f7e4a12761df9c,stage7_main_task_036,False
typed_claim_f95491cf7b405ac97e88f3a6,GEOLOGICAL_EVIDENCE_ATTENTION_REVIEW,"{""is_causal_estimate"":false,""is_hazard_probability"":false,""is_probability"":false,""metric_name"":""GRS"",""metric_semantics"":""GEOLOGICAL_EVIDENCE_ATTENTION_INDEX"",""metric_status"":""AVAILABLE"",""metric_value"":0.7916666666666666,""source_metric_id"":""state_grs_7ccad46dd5f7e4a12761df9c""}",,NONPROBABILISTIC_ATTENTION,1,geological_attention,fact_lock_323fc4a958e58f52d83d0da3,DAILY_REVIEW_CELL,"{""cell_id"":""cell_b78c8fe752bb215ebc415f65"",""daily_state_id"":null,""end_chainage"":null,""point_chainage"":null,""scope_basis"":""stage5b_bitemporal_state_subject"",""scope_kind"":""CELL"",""start_chainage"":null,""state_role"":""DAILY_REVIEW_CELL"",""valid_date"":""2023-11-28""}",state_grs_7ccad46dd5f7e4a12761df9c,stage7_main_task_036,False
typed_claim_82e126109e26b016ecea9812,COUPLED_ATTENTION_REVIEW,"{""is_causal_estimate"":false,""is_hazard_probability"":false,""is_probability"":false,""metric_name"":""GRCI"",""metric_semantics"":""NONPROBABILISTIC_CONJUNCTIVE_PRODUCT"",""metric_status"":""AVAILABLE"",""metric_value"":0.14180017443090537,""source_metric_id"":""state_grci_7ccad46dd5f7e4a12761df9c""}",,NONPROBABILISTIC_ATTENTION,2,coupled_attention,fact_lock_3f1e5cee2ee94e118acfb9e4,DAILY_REVIEW_CELL,"{""cell_id"":""cell_b78c8fe752bb215ebc415f65"",""daily_state_id"":null,""end_chainage"":null,""point_chainage"":null,""scope_basis"":""stage5b_bitemporal_state_subject"",""scope_kind"":""CELL"",""start_chainage"":null,""state_role"":""DAILY_REVIEW_CELL"",""valid_date"":""2023-11-28""}",state_grci_7ccad46dd5f7e4a12761df9c,stage7_main_task_036,False
typed_claim_b7a819598d148a8e4b7eb389,OBSERVED_GEOLOGICAL_CONDITION,"{""attribute_dimension"":null,""attribute_name"":""weathering"",""normalized_value"":""弱风化"",""source_evidence_id"":""doc_042ef22be43ba006975946e2_e0001""}",OBSERVED,,0,geological_observed,fact_lock_97551053045bcb201c2e98bd,DAILY_REVIEW_CELL,"{""cell_id"":null,""daily_state_id"":null,""end_chainage"":null,""point_chainage"":1013273.0,""scope_basis"":""hsp_face_chainage_cell"",""scope_kind"":""LOCATED_POINT"",""start_chainage"":null,""state_role"":null,""valid_date"":null}",doc_042ef22be43ba006975946e2_e0001,stage7_main_task_037,False
typed_claim_2f20e1964658cbd04bb3ece3,OBSERVED_GEOLOGICAL_CONDITION,"{""attribute_dimension"":null,""attribute_name"":""geological_description"",""normalized_value"":""开挖面 地质概况 掌子面地层岩性为石炭二叠系板岩夹变质砂岩，围岩整体弱风化，岩质软 硬不均，节理裂隙发育，岩体破碎，拱顶节理裂隙发育相对密集，存在轻微掉 块现象，围岩自稳性较差。"",""source_evidence_id"":""doc_042ef22be43ba006975946e2_e0001""}",OBSERVED,,1,geological_observed,fact_lock_294ee2b043962a764fd92012,DAILY_REVIEW_CELL,"{""cell_id"":null,""daily_state_id"":null,""end_chainage"":null,""point_chainage"":1013273.0,""scope_basis"":""hsp_face_chainage_cell"",""scope_kind"":""LOCATED_POINT"",""start_chainage"":null,""state_role"":null,""valid_date"":null}",doc_042ef22be43ba006975946e2_e0001,stage7_main_task_037,False
typed_claim_f835c47de09a321b52cccd69,OBSERVED_GEOLOGICAL_CONDITION,"{""attribute_dimension"":null,""attribute_name"":""lithology"",""normalized_value"":""板岩夹变质砂岩"",""source_evidence_id"":""doc_042ef22be43ba006975946e2_e0001""}",OBSERVED,,2,geological_observed,fact_lock_483a4fe33c75cbe02385e4b8,DAILY_REVIEW_CELL,"{""cell_id"":null,""daily_state_id"":null,""end_chainage"":null,""point_chainage"":1013273.0,""scope_basis"":""hsp_face_chainage_cell"",""scope_kind"":""LOCATED_POINT"",""start_chainage"":null,""state_role"":null,""valid_date"":null}",doc_042ef22be43ba006975946e2_e0001,stage7_main_task_037,False
typed_claim_bc13ce71a6d86af9647c5dd8,OBSERVED_GEOLOGICAL_CONDITION,"{""attribute_dimension"":null,""attribute_name"":""rock_mass_state"",""normalized_value"":""岩体破碎"",""source_evidence_id"":""doc_042ef22be43ba006975946e2_e0001""}",OBSERVED,,3,geological_observed,fact_lock_fc5ef47bc7853465bf4d458a,DAILY_REVIEW_CELL,"{""cell_id"":null,""daily_state_id"":null,""end_chainage"":null,""point_chainage"":1013273.0,""scope_basis"":""hsp_face_chainage_cell"",""scope_kind"":""LOCATED_POINT"",""start_chainage"":null,""state_role"":null,""valid_date"":null}",doc_042ef22be43ba006975946e2_e0001,stage7_main_task_037,False
typed_claim_c1ee71241c1fe53aadae338b,FORECAST_GEOLOGICAL_CONDITION,"{""attribute_dimension"":null,""attribute_name"":""suggested_grade"",""normalized_value"":""Ⅴ级"",""source_evidence_id"":""doc_56a4057acb6bbfd5196d07a6_e0005""}",FORECAST,,4,geological_forecast,fact_lock_9a0650b2fe4efe185ef751a9,DAILY_REVIEW_CELL,"{""cell_id"":null,""daily_state_id"":null,""end_chainage"":1013290.2,""point_chainage"":null,""scope_basis"":""hsp_forecast_table_row"",""scope_kind"":""LOCATED_INTERVAL"",""start_chainage"":1013265.0,""state_role"":null,""valid_date"":null}",doc_56a4057acb6bbfd5196d07a6_e0005,stage7_main_task_037,False
typed_claim_0c7c6dd770a3e760858c90c6,FORECAST_GEOLOGICAL_CONDITION,"{""attribute_dimension"":null,""attribute_name"":""anomaly_level"",""normalized_value"":""HIGH"",""source_evidence_id"":""doc_56a4057acb6bbfd5196d07a6_e0005""}",FORECAST,,5,geological_forecast,fact_lock_f06a066281dcd859222f86d1,DAILY_REVIEW_CELL,"{""cell_id"":null,""daily_state_id"":null,""end_chainage"":1013290.2,""point_chainage"":null,""scope_basis"":""hsp_forecast_table_row"",""scope_kind"":""LOCATED_INTERVAL"",""start_chainage"":1013265.0,""state_role"":null,""valid_date"":null}",doc_56a4057acb6bbfd5196d07a6_e0005,stage7_main_task_037,False
typed_claim_27d0bdf2ce4c9630e112ae83,FORECAST_GEOLOGICAL_CONDITION,"{""attribute_dimension"":null,""attribute_name"":""risk_hint"",""normalized_value"":""里程+265、 +273、+282 附近有掉块 风险"",""source_evidence_id"":""doc_56a4057acb6bbfd5196d07a6_e0005""}",FORECAST,,6,geological_forecast,fact_lock_005bcdb0249cf7e75ccc2c5c,DAILY_REVIEW_CELL,"{""cell_id"":null,""daily_state_id"":null,""end_chainage"":1013290.2,""point_chainage"":null,""scope_basis"":""hsp_forecast_table_row"",""scope_kind"":""LOCATED_INTERVAL"",""start_chainage"":1013265.0,""state_role"":null,""valid_date"":null}",doc_56a4057acb6bbfd5196d07a6_e0005,stage7_main_task_037,False
typed_claim_d18d47abfde57eb77d2c9b86,FORECAST_GEOLOGICAL_CONDITION,"{""attribute_dimension"":null,""attribute_name"":""lithology"",""normalized_value"":""板岩夹变质砂岩"",""source_evidence_id"":""doc_56a4057acb6bbfd5196d07a6_e0005""}",FORECAST,,7,geological_forecast,fact_lock_b2b5f7bdb66ace8debaa6762,DAILY_REVIEW_CELL,"{""cell_id"":null,""daily_state_id"":null,""end_chainage"":1013290.2,""point_chainage"":null,""scope_basis"":""hsp_forecast_table_row"",""scope_kind"":""LOCATED_INTERVAL"",""start_chainage"":1013265.0,""state_role"":null,""valid_date"":null}",doc_56a4057acb6bbfd5196d07a6_e0005,stage7_main_task_037,False
typed_claim_8b4d16162789469c1a1037cd,FORECAST_GEOLOGICAL_CONDITION,"{""attribute_dimension"":null,""attribute_name"":""lithology"",""normalized_value"":""板岩夹变质砂岩"",""source_evidence_id"":""doc_042ef22be43ba006975946e2_e0002""}",FORECAST,,8,geological_forecast,fact_lock_64395f973096b9921156769b,DAILY_REVIEW_CELL,"{""cell_id"":null,""daily_state_id"":null,""end_chainage"":1013320.0,""point_chainage"":null,""scope_basis"":""hsp_forecast_table_row"",""scope_kind"":""LOCATED_INTERVAL"",""start_chainage"":1013273.0,""state_role"":null,""valid_date"":null}",doc_042ef22be43ba006975946e2_e0002,stage7_main_task_037,False
typed_claim_85d6622c8623bb45dbf11652,FORECAST_GEOLOGICAL_CONDITION,"{""attribute_dimension"":null,""attribute_name"":""geological_conclusion"",""normalized_value"":""该段围岩与当前掌子面相当。岩 性为板岩夹变质砂岩，弱风化， 岩质软硬不均，节理裂隙发育， 岩体破碎，围岩整体稳定性差"",""source_evidence_id"":""doc_042ef22be43ba006975946e2_e0002""}",FORECAST,,9,geological_forecast,fact_lock_e70d4be7e49a8e34db3e1603,DAILY_REVIEW_CELL,"{""cell_id"":null,""daily_state_id"":null,""end_chainage"":1013320.0,""point_chainage"":null,""scope_basis"":""hsp_forecast_table_row"",""scope_kind"":""LOCATED_INTERVAL"",""start_chainage"":1013273.0,""state_role"":null,""valid_date"":null}",doc_042ef22be43ba006975946e2_e0002,stage7_main_task_037,False
typed_claim_55d4c7175050b658a1c4b83e,FORECAST_GEOLOGICAL_CONDITION,"{""attribute_dimension"":null,""attribute_name"":""joint_development"",""normalized_value"":""节理裂隙发育"",""source_evidence_id"":""doc_042ef22be43ba006975946e2_e0002""}",FORECAST,,10,geological_forecast,fact_lock_67834006690d83a75e4a5a36,DAILY_REVIEW_CELL,"{""cell_id"":null,""daily_state_id"":null,""end_chainage"":1013320.0,""point_chainage"":null,""scope_basis"":""hsp_forecast_table_row"",""scope_kind"":""LOCATED_INTERVAL"",""start_chainage"":1013273.0,""state_role"":null,""valid_date"":null}",doc_042ef22be43ba006975946e2_e0002,stage7_main_task_037,False
typed_claim_6dd1287609f9b8d01a88f643,FORECAST_GEOLOGICAL_CONDITION,"{""attribute_dimension"":null,""attribute_name"":""joint_development"",""normalized_value"":""节理裂隙发育密集"",""source_evidence_id"":""doc_56a4057acb6bbfd5196d07a6_e0005""}",FORECAST,,11,geological_forecast,fact_lock_7204f73e0862debb247d170f,DAILY_REVIEW_CELL,"{""cell_id"":null,""daily_state_id"":null,""end_chainage"":1013290.2,""point_chainage"":null,""scope_basis"":""hsp_forecast_table_row"",""scope_kind"":""LOCATED_INTERVAL"",""start_chainage"":1013265.0,""state_role"":null,""valid_date"":null}",doc_56a4057acb6bbfd5196d07a6_e0005,stage7_main_task_037,False
typed_claim_19a4002d377a1f48e0f5277a,FORECAST_GEOLOGICAL_CONDITION,"{""attribute_dimension"":null,""attribute_name"":""weathering"",""normalized_value"":""弱风化"",""source_evidence_id"":""doc_56a4057acb6bbfd5196d07a6_e0005""}",FORECAST,,12,geological_forecast,fact_lock_9362aeeccdb9e6997ad702d8,DAILY_REVIEW_CELL,"{""cell_id"":null,""daily_state_id"":null,""end_chainage"":1013290.2,""point_chainage"":null,""scope_basis"":""hsp_forecast_table_row"",""scope_kind"":""LOCATED_INTERVAL"",""start_chainage"":1013265.0,""state_role"":null,""valid_date"":null}",doc_56a4057acb6bbfd5196d07a6_e0005,stage7_main_task_037,False
typed_claim_3e8d18239afc7b8064c1385d,FORECAST_GEOLOGICAL_CONDITION,"{""attribute_dimension"":null,""attribute_name"":""suggested_grade"",""normalized_value"":""Ⅳ级"",""source_evidence_id"":""doc_042ef22be43ba006975946e2_e0002""}",FORECAST,,13,geological_forecast,fact_lock_1becba42fc51238bfcdcaba5,DAILY_REVIEW_CELL,"{""cell_id"":null,""daily_state_id"":null,""end_chainage"":1013320.0,""point_chainage"":null,""scope_basis"":""hsp_forecast_table_row"",""scope_kind"":""LOCATED_INTERVAL"",""start_chainage"":1013273.0,""state_role"":null,""valid_date"":null}",doc_042ef22be43ba006975946e2_e0002,stage7_main_task_037,False
typed_claim_5a48f4055430593bb9bdb1f5,FORECAST_GEOLOGICAL_CONDITION,"{""attribute_dimension"":null,""attribute_name"":""rock_mass_state"",""normalized_value"":""岩体破碎"",""source_evidence_id"":""doc_042ef22be43ba006975946e2_e0002""}",FORECAST,,14,geological_forecast,fact_lock_55154f6035b33e7f39eaf10a,DAILY_REVIEW_CELL,"{""cell_id"":null,""daily_state_id"":null,""end_chainage"":1013320.0,""point_chainage"":null,""scope_basis"":""hsp_forecast_table_row"",""scope_kind"":""LOCATED_INTERVAL"",""start_chainage"":1013273.0,""state_role"":null,""valid_date"":null}",doc_042ef22be43ba006975946e2_e0002,stage7_main_task_037,False
typed_claim_228f6cadb0570b027addf5d3,FORECAST_GEOLOGICAL_CONDITION,"{""attribute_dimension"":null,""attribute_name"":""rock_mass_state"",""normalized_value"":""岩体破碎-极破碎"",""source_evidence_id"":""doc_56a4057acb6bbfd5196d07a6_e0005""}",FORECAST,,15,geological_forecast,fact_lock_cfaed46426c0182cb953c840,DAILY_REVIEW_CELL,"{""cell_id"":null,""daily_state_id"":null,""end_chainage"":1013290.2,""point_chainage"":null,""scope_basis"":""hsp_forecast_table_row"",""scope_kind"":""LOCATED_INTERVAL"",""start_chainage"":1013265.0,""state_role"":null,""valid_date"":null}",doc_56a4057acb6bbfd5196d07a6_e0005,stage7_main_task_037,False
typed_claim_d46947b0855885b05a0efea5,FORECAST_GEOLOGICAL_CONDITION,"{""attribute_dimension"":null,""attribute_name"":""geological_conclusion"",""normalized_value"":""该段围岩较前段明显变差。岩性 为板岩夹变质砂岩，弱风化，岩 质软硬不均，节理裂隙发育密集， 岩体破碎-极破碎，围岩整体稳定 性差"",""source_evidence_id"":""doc_56a4057acb6bbfd5196d07a6_e0005""}",FORECAST,,16,geological_forecast,fact_lock_7ce6174ba211d18382ca6d71,DAILY_REVIEW_CELL,"{""cell_id"":null,""daily_state_id"":null,""end_chainage"":1013290.2,""point_chainage"":null,""scope_basis"":""hsp_forecast_table_row"",""scope_kind"":""LOCATED_INTERVAL"",""start_chainage"":1013265.0,""state_role"":null,""valid_date"":null}",doc_56a4057acb6bbfd5196d07a6_e0005,stage7_main_task_037,False
typed_claim_883d8744bd41d2858f22cf8d,FORECAST_GEOLOGICAL_CONDITION,"{""attribute_dimension"":null,""attribute_name"":""weathering"",""normalized_value"":""弱风化"",""source_evidence_id"":""doc_042ef22be43ba006975946e2_e0002""}",FORECAST,,17,geological_forecast,fact_lock_fe7c5208200f7f3321a25ec6,DAILY_REVIEW_CELL,"{""cell_id"":null,""daily_state_id"":null,""end_chainage"":1013320.0,""point_chainage"":null,""scope_basis"":""hsp_forecast_table_row"",""scope_kind"":""LOCATED_INTERVAL"",""start_chainage"":1013273.0,""state_role"":null,""valid_date"":null}",doc_042ef22be43ba006975946e2_e0002,stage7_main_task_037,False
typed_claim_12ff2f4fcd18d1dd97b2f863,GEOLOGICAL_EVIDENCE_ATTENTION_REVIEW,"{""is_causal_estimate"":false,""is_hazard_probability"":false,""is_probability"":false,""metric_name"":""GRS"",""metric_semantics"":""GEOLOGICAL_EVIDENCE_ATTENTION_INDEX"",""metric_status"":""AVAILABLE"",""metric_value"":1.0,""source_metric_id"":""state_grs_34d2e00055e8575c980655b7""}",,NONPROBABILISTIC_ATTENTION,18,geological_attention,fact_lock_f4e68c7b486e1944d680b0ea,DAILY_REVIEW_CELL,"{""cell_id"":""cell_a7a9faa90556b5f0054f0fd0"",""daily_state_id"":null,""end_chainage"":null,""point_chainage"":null,""scope_basis"":""stage5b_bitemporal_state_subject"",""scope_kind"":""CELL"",""start_chainage"":null,""state_role"":""DAILY_REVIEW_CELL"",""valid_date"":""2023-09-22""}",state_grs_34d2e00055e8575c980655b7,stage7_main_task_037,False
typed_claim_67691a759059fdf2d5d98fe4,FORECAST_GEOLOGICAL_CONDITION,"{""attribute_dimension"":null,""attribute_name"":""weathering"",""normalized_value"":""弱风化"",""source_evidence_id"":""doc_042ef22be43ba006975946e2_e0002""}",FORECAST,,0,geological_forecast,fact_lock_1a00a3e91a66e486f6681f55,FORWARD_ATTENTION_CELL,"{""cell_id"":null,""daily_state_id"":null,""end_chainage"":1013320.0,""point_chainage"":null,""scope_basis"":""hsp_forecast_table_row"",""scope_kind"":""LOCATED_INTERVAL"",""start_chainage"":1013273.0,""state_role"":null,""valid_date"":null}",doc_042ef22be43ba006975946e2_e0002,stage7_main_task_038,False
typed_claim_e613875da0f2c9f27de3ede7,FORECAST_GEOLOGICAL_CONDITION,"{""attribute_dimension"":null,""attribute_name"":""weathering"",""normalized_value"":""弱风化"",""source_evidence_id"":""doc_042ef22be43ba006975946e2_e0002""}",FORECAST,,1,geological_forecast,fact_lock_bd72d1294819973418d68078,FORWARD_ATTENTION_CELL,"{""cell_id"":null,""daily_state_id"":null,""end_chainage"":1013320.0,""point_chainage"":null,""scope_basis"":""hsp_forecast_table_row"",""scope_kind"":""LOCATED_INTERVAL"",""start_chainage"":1013273.0,""state_role"":null,""valid_date"":null}",doc_042ef22be43ba006975946e2_e0002,stage7_main_task_038,False
typed_claim_bb325600c3f1d9dd3b720f1b,FORECAST_GEOLOGICAL_CONDITION,"{""attribute_dimension"":null,""attribute_name"":""weathering"",""normalized_value"":""弱风化"",""source_evidence_id"":""doc_042ef22be43ba006975946e2_e0002""}",FORECAST,,2,geological_forecast,fact_lock_cf8f809ab88603914524bba5,FORWARD_ATTENTION_CELL,"{""cell_id"":null,""daily_state_id"":null,""end_chainage"":1013320.0,""point_chainage"":null,""scope_basis"":""hsp_forecast_table_row"",""scope_kind"":""LOCATED_INTERVAL"",""start_chainage"":1013273.0,""state_role"":null,""valid_date"":null}",doc_042ef22be43ba006975946e2_e0002,stage7_main_task_038,False
typed_claim_cb26494a241ca79272e68d62,FORECAST_GEOLOGICAL_CONDITION,"{""attribute_dimension"":null,""attribute_name"":""suggested_grade"",""normalized_value"":""Ⅳ级"",""source_evidence_id"":""doc_042ef22be43ba006975946e2_e0002""}",FORECAST,,3,geological_forecast,fact_lock_073f7a87551d6fe03d342c56,FORWARD_ATTENTION_CELL,"{""cell_id"":null,""daily_state_id"":null,""end_chainage"":1013320.0,""point_chainage"":null,""scope_basis"":""hsp_forecast_table_row"",""scope_kind"":""LOCATED_INTERVAL"",""start_chainage"":1013273.0,""state_role"":null,""valid_date"":null}",doc_042ef22be43ba006975946e2_e0002,stage7_main_task_038,False
typed_claim_f8a5cf25b5ecdb50fb74bdf0,FORECAST_GEOLOGICAL_CONDITION,"{""attribute_dimension"":null,""attribute_name"":""suggested_grade"",""normalized_value"":""Ⅳ级"",""source_evidence_id"":""doc_042ef22be43ba006975946e2_e0002""}",FORECAST,,4,geological_forecast,fact_lock_5a47083d4160af1bb90f4d94,FORWARD_ATTENTION_CELL,"{""cell_id"":null,""daily_state_id"":null,""end_chainage"":1013320.0,""point_chainage"":null,""scope_basis"":""hsp_forecast_table_row"",""scope_kind"":""LOCATED_INTERVAL"",""start_chainage"":1013273.0,""state_role"":null,""valid_date"":null}",doc_042ef22be43ba006975946e2_e0002,stage7_main_task_038,False
typed_claim_abab6195f711396bb2d5336f,FORECAST_GEOLOGICAL_CONDITION,"{""attribute_dimension"":null,""attribute_name"":""suggested_grade"",""normalized_value"":""Ⅳ级"",""source_evidence_id"":""doc_042ef22be43ba006975946e2_e0002""}",FORECAST,,5,geological_forecast,fact_lock_9741b41124773d88b9609b51,FORWARD_ATTENTION_CELL,"{""cell_id"":null,""daily_state_id"":null,""end_chainage"":1013320.0,""point_chainage"":null,""scope_basis"":""hsp_forecast_table_row"",""scope_kind"":""LOCATED_INTERVAL"",""start_chainage"":1013273.0,""state_role"":null,""valid_date"":null}",doc_042ef22be43ba006975946e2_e0002,stage7_main_task_038,False
typed_claim_8bd0d2efe494fa32bca050af,FORECAST_GEOLOGICAL_CONDITION,"{""attribute_dimension"":null,""attribute_name"":""lithology"",""normalized_value"":""板岩夹变质砂岩"",""source_evidence_id"":""doc_042ef22be43ba006975946e2_e0002""}",FORECAST,,6,geological_forecast,fact_lock_447dae955325aebb14828a52,FORWARD_ATTENTION_CELL,"{""cell_id"":null,""daily_state_id"":null,""end_chainage"":1013320.0,""point_chainage"":null,""scope_basis"":""hsp_forecast_table_row"",""scope_kind"":""LOCATED_INTERVAL"",""start_chainage"":1013273.0,""state_role"":null,""valid_date"":null}",doc_042ef22be43ba006975946e2_e0002,stage7_main_task_038,False
typed_claim_3ed99f5328c8fa8256fcd157,FORECAST_GEOLOGICAL_CONDITION,"{""attribute_dimension"":null,""attribute_name"":""lithology"",""normalized_value"":""板岩夹变质砂岩"",""source_evidence_id"":""doc_042ef22be43ba006975946e2_e0002""}",FORECAST,,7,geological_forecast,fact_lock_c865685225295652c375d63a,FORWARD_ATTENTION_CELL,"{""cell_id"":null,""daily_state_id"":null,""end_chainage"":1013320.0,""point_chainage"":null,""scope_basis"":""hsp_forecast_table_row"",""scope_kind"":""LOCATED_INTERVAL"",""start_chainage"":1013273.0,""state_role"":null,""valid_date"":null}",doc_042ef22be43ba006975946e2_e0002,stage7_main_task_038,False
typed_claim_6f6508312e14c55c99447194,FORECAST_GEOLOGICAL_CONDITION,"{""attribute_dimension"":null,""attribute_name"":""lithology"",""normalized_value"":""板岩夹变质砂岩"",""source_evidence_id"":""doc_042ef22be43ba006975946e2_e0002""}",FORECAST,,8,geological_forecast,fact_lock_c8cbbc164dd37ab2aa4a72c2,FORWARD_ATTENTION_CELL,"{""cell_id"":null,""daily_state_id"":null,""end_chainage"":1013320.0,""point_chainage"":null,""scope_basis"":""hsp_forecast_table_row"",""scope_kind"":""LOCATED_INTERVAL"",""start_chainage"":1013273.0,""state_role"":null,""valid_date"":null}",doc_042ef22be43ba006975946e2_e0002,stage7_main_task_038,False
typed_claim_422dabf217f7453263d9360e,FORECAST_GEOLOGICAL_CONDITION,"{""attribute_dimension"":null,""attribute_name"":""geological_conclusion"",""normalized_value"":""该段围岩与当前掌子面相当。岩 性为板岩夹变质砂岩，弱风化， 岩质软硬不均，节理裂隙发育， 岩体破碎，围岩整体稳定性差"",""source_evidence_id"":""doc_042ef22be43ba006975946e2_e0002""}",FORECAST,,9,geological_forecast,fact_lock_2812cfae4d352d310103149b,FORWARD_ATTENTION_CELL,"{""cell_id"":null,""daily_state_id"":null,""end_chainage"":1013320.0,""point_chainage"":null,""scope_basis"":""hsp_forecast_table_row"",""scope_kind"":""LOCATED_INTERVAL"",""start_chainage"":1013273.0,""state_role"":null,""valid_date"":null}",doc_042ef22be43ba006975946e2_e0002,stage7_main_task_038,False
typed_claim_be9df97eaffb704ac009322a,FORECAST_GEOLOGICAL_CONDITION,"{""attribute_dimension"":null,""attribute_name"":""geological_conclusion"",""normalized_value"":""该段围岩与当前掌子面相当。岩 性为板岩夹变质砂岩，弱风化， 岩质软硬不均，节理裂隙发育， 岩体破碎，围岩整体稳定性差"",""source_evidence_id"":""doc_042ef22be43ba006975946e2_e0002""}",FORECAST,,10,geological_forecast,fact_lock_2a44cedc6c6aec099155e2e4,FORWARD_ATTENTION_CELL,"{""cell_id"":null,""daily_state_id"":null,""end_chainage"":1013320.0,""point_chainage"":null,""scope_basis"":""hsp_forecast_table_row"",""scope_kind"":""LOCATED_INTERVAL"",""start_chainage"":1013273.0,""state_role"":null,""valid_date"":null}",doc_042ef22be43ba006975946e2_e0002,stage7_main_task_038,False
typed_claim_c6532b272dd38ada16a30dd1,FORECAST_GEOLOGICAL_CONDITION,"{""attribute_dimension"":null,""attribute_name"":""geological_conclusion"",""normalized_value"":""该段围岩与当前掌子面相当。岩 性为板岩夹变质砂岩，弱风化， 岩质软硬不均，节理裂隙发育， 岩体破碎，围岩整体稳定性差"",""source_evidence_id"":""doc_042ef22be43ba006975946e2_e0002""}",FORECAST,,11,geological_forecast,fact_lock_dacaa890be50c00beaf02772,FORWARD_ATTENTION_CELL,"{""cell_id"":null,""daily_state_id"":null,""end_chainage"":1013320.0,""point_chainage"":null,""scope_basis"":""hsp_forecast_table_row"",""scope_kind"":""LOCATED_INTERVAL"",""start_chainage"":1013273.0,""state_role"":null,""valid_date"":null}",doc_042ef22be43ba006975946e2_e0002,stage7_main_task_038,False
typed_claim_f8d4bca7b275a2901f93800f,FORECAST_GEOLOGICAL_CONDITION,"{""attribute_dimension"":null,""attribute_name"":""rock_mass_state"",""normalized_value"":""岩体破碎"",""source_evidence_id"":""doc_042ef22be43ba006975946e2_e0002""}",FORECAST,,12,geological_forecast,fact_lock_1efff9bdcb7d0bad86ccccf6,FORWARD_ATTENTION_CELL,"{""cell_id"":null,""daily_state_id"":null,""end_chainage"":1013320.0,""point_chainage"":null,""scope_basis"":""hsp_forecast_table_row"",""scope_kind"":""LOCATED_INTERVAL"",""start_chainage"":1013273.0,""state_role"":null,""valid_date"":null}",doc_042ef22be43ba006975946e2_e0002,stage7_main_task_038,False
typed_claim_b25cd4fef4c9726e2f956ea7,FORECAST_GEOLOGICAL_CONDITION,"{""attribute_dimension"":null,""attribute_name"":""rock_mass_state"",""normalized_value"":""岩体破碎"",""source_evidence_id"":""doc_042ef22be43ba006975946e2_e0002""}",FORECAST,,13,geological_forecast,fact_lock_33561c79a06d3e4943a31eb6,FORWARD_ATTENTION_CELL,"{""cell_id"":null,""daily_state_id"":null,""end_chainage"":1013320.0,""point_chainage"":null,""scope_basis"":""hsp_forecast_table_row"",""scope_kind"":""LOCATED_INTERVAL"",""start_chainage"":1013273.0,""state_role"":null,""valid_date"":null}",doc_042ef22be43ba006975946e2_e0002,stage7_main_task_038,False
typed_claim_e99cf6389e63eece57840aaf,FORECAST_GEOLOGICAL_CONDITION,"{""attribute_dimension"":null,""attribute_name"":""rock_mass_state"",""normalized_value"":""岩体破碎"",""source_evidence_id"":""doc_042ef22be43ba006975946e2_e0002""}",FORECAST,,14,geological_forecast,fact_lock_ed7951550abe6b5fd698c187,FORWARD_ATTENTION_CELL,"{""cell_id"":null,""daily_state_id"":null,""end_chainage"":1013320.0,""point_chainage"":null,""scope_basis"":""hsp_forecast_table_row"",""scope_kind"":""LOCATED_INTERVAL"",""start_chainage"":1013273.0,""state_role"":null,""valid_date"":null}",doc_042ef22be43ba006975946e2_e0002,stage7_main_task_038,False
typed_claim_921a4ba97948a8b94d67b2d7,FORECAST_GEOLOGICAL_CONDITION,"{""attribute_dimension"":null,""attribute_name"":""joint_development"",""normalized_value"":""节理裂隙发育"",""source_evidence_id"":""doc_042ef22be43ba006975946e2_e0002""}",FORECAST,,15,geological_forecast,fact_lock_e9fae2eb4941c6eda95e0808,FORWARD_ATTENTION_CELL,"{""cell_id"":null,""daily_state_id"":null,""end_chainage"":1013320.0,""point_chainage"":null,""scope_basis"":""hsp_forecast_table_row"",""scope_kind"":""LOCATED_INTERVAL"",""start_chainage"":1013273.0,""state_role"":null,""valid_date"":null}",doc_042ef22be43ba006975946e2_e0002,stage7_main_task_038,False
typed_claim_62eabdb9e38a53bd18305c1d,FORECAST_GEOLOGICAL_CONDITION,"{""attribute_dimension"":null,""attribute_name"":""joint_development"",""normalized_value"":""节理裂隙发育"",""source_evidence_id"":""doc_042ef22be43ba006975946e2_e0002""}",FORECAST,,16,geological_forecast,fact_lock_f7af0afcc65d7b54d16041a2,FORWARD_ATTENTION_CELL,"{""cell_id"":null,""daily_state_id"":null,""end_chainage"":1013320.0,""point_chainage"":null,""scope_basis"":""hsp_forecast_table_row"",""scope_kind"":""LOCATED_INTERVAL"",""start_chainage"":1013273.0,""state_role"":null,""valid_date"":null}",doc_042ef22be43ba006975946e2_e0002,stage7_main_task_038,False
typed_claim_beaea84696eafa398aa7d66b,FORECAST_GEOLOGICAL_CONDITION,"{""attribute_dimension"":null,""attribute_name"":""joint_development"",""normalized_value"":""节理裂隙发育"",""source_evidence_id"":""doc_042ef22be43ba006975946e2_e0002""}",FORECAST,,17,geological_forecast,fact_lock_f7d2bc3d5a9c58758a457bf9,FORWARD_ATTENTION_CELL,"{""cell_id"":null,""daily_state_id"":null,""end_chainage"":1013320.0,""point_chainage"":null,""scope_basis"":""hsp_forecast_table_row"",""scope_kind"":""LOCATED_INTERVAL"",""start_chainage"":1013273.0,""state_role"":null,""valid_date"":null}",doc_042ef22be43ba006975946e2_e0002,stage7_main_task_038,False
typed_claim_7be7e206fc7a019289b446b8,FORWARD_GEOLOGICAL_ATTENTION,"{""is_causal_estimate"":false,""is_hazard_probability"":false,""is_probability"":false,""metric_name"":""GRS"",""metric_semantics"":""FORWARD_GEOLOGICAL_EVIDENCE_ATTENTION_INDEX"",""metric_status"":""AVAILABLE"",""metric_value"":0.5416666666666666,""source_metric_id"":""state_grs_98159d0b7913b040f7e14533""}",,NONPROBABILISTIC_ATTENTION,18,forward_attention,fact_lock_da396a8a0b755b624d3b1adb,FORWARD_ATTENTION_CELL,"{""cell_id"":""cell_59d7ded1be93617fff859fd7"",""daily_state_id"":null,""end_chainage"":null,""point_chainage"":null,""scope_basis"":""stage5b_bitemporal_state_subject"",""scope_kind"":""CELL"",""start_chainage"":null,""state_role"":""FORWARD_ATTENTION_CELL"",""valid_date"":""2023-09-22""}",state_grs_98159d0b7913b040f7e14533,stage7_main_task_038,False
typed_claim_32e65cfae25a7ffbf45f56f1,FORWARD_GEOLOGICAL_ATTENTION,"{""is_causal_estimate"":false,""is_hazard_probability"":false,""is_probability"":false,""metric_name"":""GRS"",""metric_semantics"":""FORWARD_GEOLOGICAL_EVIDENCE_ATTENTION_INDEX"",""metric_status"":""AVAILABLE"",""metric_value"":0.5416666666666666,""source_metric_id"":""state_grs_201861382576d76354bc0af4""}",,NONPROBABILISTIC_ATTENTION,19,forward_attention,fact_lock_acf38792970b624f65923370,FORWARD_ATTENTION_CELL,"{""cell_id"":""cell_8f3c162903e22fbfe2cbba42"",""daily_state_id"":null,""end_chainage"":null,""point_chainage"":null,""scope_basis"":""stage5b_bitemporal_state_subject"",""scope_kind"":""CELL"",""start_chainage"":null,""state_role"":""FORWARD_ATTENTION_CELL"",""valid_date"":""2023-09-22""}",state_grs_201861382576d76354bc0af4,stage7_main_task_038,False
typed_claim_176d95408c6ddbaf2876c1a6,FORWARD_GEOLOGICAL_ATTENTION,"{""is_causal_estimate"":false,""is_hazard_probability"":false,""is_probability"":false,""metric_name"":""GRS"",""metric_semantics"":""FORWARD_GEOLOGICAL_EVIDENCE_ATTENTION_INDEX"",""metric_status"":""AVAILABLE"",""metric_value"":0.5416666666666666,""source_metric_id"":""state_grs_e0d00a17528902fdbe0d2470""}",,NONPROBABILISTIC_ATTENTION,20,forward_attention,fact_lock_7c1536ae8c4bed7e47ff32ab,FORWARD_ATTENTION_CELL,"{""cell_id"":""cell_5f623d6b57b59266e65e7d26"",""daily_state_id"":null,""end_chainage"":null,""point_chainage"":null,""scope_basis"":""stage5b_bitemporal_state_subject"",""scope_kind"":""CELL"",""start_chainage"":null,""state_role"":""FORWARD_ATTENTION_CELL"",""valid_date"":""2023-09-22""}",state_grs_e0d00a17528902fdbe0d2470,stage7_main_task_038,False
typed_claim_8eaa5c95d7edb90ace230ba5,FORECAST_GEOLOGICAL_CONDITION,"{""attribute_dimension"":null,""attribute_name"":""joint_development"",""normalized_value"":""节理裂隙发育"",""source_evidence_id"":""doc_28d57b5baaf883772b83b6e8_e0002""}",FORECAST,,0,geological_forecast,fact_lock_f212105d022f1dbacb6f9c01,FORWARD_ATTENTION_CELL,"{""cell_id"":null,""daily_state_id"":null,""end_chainage"":1013886.0,""point_chainage"":null,""scope_basis"":""hsp_forecast_table_row"",""scope_kind"":""LOCATED_INTERVAL"",""start_chainage"":1013845.0,""state_role"":null,""valid_date"":null}",doc_28d57b5baaf883772b83b6e8_e0002,stage7_main_task_039,False
typed_claim_69f12b9148f9586f128aec0e,FORECAST_GEOLOGICAL_CONDITION,"{""attribute_dimension"":null,""attribute_name"":""weathering"",""normalized_value"":""弱风化"",""source_evidence_id"":""doc_28d57b5baaf883772b83b6e8_e0002""}",FORECAST,,1,geological_forecast,fact_lock_0ec9c5b1143c0a1907293b75,FORWARD_ATTENTION_CELL,"{""cell_id"":null,""daily_state_id"":null,""end_chainage"":1013886.0,""point_chainage"":null,""scope_basis"":""hsp_forecast_table_row"",""scope_kind"":""LOCATED_INTERVAL"",""start_chainage"":1013845.0,""state_role"":null,""valid_date"":null}",doc_28d57b5baaf883772b83b6e8_e0002,stage7_main_task_039,False
typed_claim_dc2fe6eead60b91a54ac655b,FORECAST_GEOLOGICAL_CONDITION,"{""attribute_dimension"":null,""attribute_name"":""suggested_grade"",""normalized_value"":""Ⅳ级"",""source_evidence_id"":""doc_28d57b5baaf883772b83b6e8_e0002""}",FORECAST,,2,geological_forecast,fact_lock_e9cfe07196cbf768985530e9,FORWARD_ATTENTION_CELL,"{""cell_id"":null,""daily_state_id"":null,""end_chainage"":1013886.0,""point_chainage"":null,""scope_basis"":""hsp_forecast_table_row"",""scope_kind"":""LOCATED_INTERVAL"",""start_chainage"":1013845.0,""state_role"":null,""valid_date"":null}",doc_28d57b5baaf883772b83b6e8_e0002,stage7_main_task_039,False
typed_claim_97cb42677ecd7d0a4e3b6f5b,FORECAST_GEOLOGICAL_CONDITION,"{""attribute_dimension"":null,""attribute_name"":""lithology"",""normalized_value"":""板岩夹变质砂岩"",""source_evidence_id"":""doc_28d57b5baaf883772b83b6e8_e0002""}",FORECAST,,3,geological_forecast,fact_lock_f9d36469a5f15ee35d655cca,FORWARD_ATTENTION_CELL,"{""cell_id"":null,""daily_state_id"":null,""end_chainage"":1013886.0,""point_chainage"":null,""scope_basis"":""hsp_forecast_table_row"",""scope_kind"":""LOCATED_INTERVAL"",""start_chainage"":1013845.0,""state_role"":null,""valid_date"":null}",doc_28d57b5baaf883772b83b6e8_e0002,stage7_main_task_039,False
typed_claim_69c942189eee5c38344f8db5,FORECAST_GEOLOGICAL_CONDITION,"{""attribute_dimension"":null,""attribute_name"":""geological_conclusion"",""normalized_value"":""该段围岩与当前掌子面相当。岩 性为板岩夹变质砂岩，弱风化， 岩质软硬不均，节理裂隙发育， 岩体破碎，围岩整体稳定性较差"",""source_evidence_id"":""doc_28d57b5baaf883772b83b6e8_e0002""}",FORECAST,,4,geological_forecast,fact_lock_b9b64e384092b78a9945b1b5,FORWARD_ATTENTION_CELL,"{""cell_id"":null,""daily_state_id"":null,""end_chainage"":1013886.0,""point_chainage"":null,""scope_basis"":""hsp_forecast_table_row"",""scope_kind"":""LOCATED_INTERVAL"",""start_chainage"":1013845.0,""state_role"":null,""valid_date"":null}",doc_28d57b5baaf883772b83b6e8_e0002,stage7_main_task_039,False
typed_claim_ce6165b0bf31a698abf2ee0e,FORECAST_GEOLOGICAL_CONDITION,"{""attribute_dimension"":null,""attribute_name"":""rock_mass_state"",""normalized_value"":""岩体破碎"",""source_evidence_id"":""doc_28d57b5baaf883772b83b6e8_e0002""}",FORECAST,,5,geological_forecast,fact_lock_72aed7acc7c4d2c15c53d5db,FORWARD_ATTENTION_CELL,"{""cell_id"":null,""daily_state_id"":null,""end_chainage"":1013886.0,""point_chainage"":null,""scope_basis"":""hsp_forecast_table_row"",""scope_kind"":""LOCATED_INTERVAL"",""start_chainage"":1013845.0,""state_role"":null,""valid_date"":null}",doc_28d57b5baaf883772b83b6e8_e0002,stage7_main_task_039,False
typed_claim_d9b47d781c26e2482ef89a06,FORWARD_GEOLOGICAL_ATTENTION,"{""is_causal_estimate"":false,""is_hazard_probability"":false,""is_probability"":false,""metric_name"":""GRS"",""metric_semantics"":""FORWARD_GEOLOGICAL_EVIDENCE_ATTENTION_INDEX"",""metric_status"":""AVAILABLE"",""metric_value"":0.5416666666666666,""source_metric_id"":""state_grs_15b86426f0992d7129fc5fb3""}",,NONPROBABILISTIC_ATTENTION,6,forward_attention,fact_lock_b7805d1e5f4435577b42fdc5,FORWARD_ATTENTION_CELL,"{""cell_id"":""cell_0e03d8262312cadde60398fe"",""daily_state_id"":null,""end_chainage"":null,""point_chainage"":null,""scope_basis"":""stage5b_bitemporal_state_subject"",""scope_kind"":""CELL"",""start_chainage"":null,""state_role"":""FORWARD_ATTENTION_CELL"",""valid_date"":""2023-10-26""}",state_grs_15b86426f0992d7129fc5fb3,stage7_main_task_039,False
typed_claim_ff06d75a2f89a39c06e4079d,OBSERVED_GEOLOGICAL_CONDITION,"{""attribute_dimension"":null,""attribute_name"":""lithology"",""normalized_value"":""板岩夹变质砂岩"",""source_evidence_id"":""doc_8022d2d99bfe5dfacfebc8e6_e0002""}",OBSERVED,,0,geological_observed,fact_lock_be8f2b56c8fc50b812c27766,DAILY_REVIEW_CELL,"{""cell_id"":null,""daily_state_id"":null,""end_chainage"":1014329.0,""point_chainage"":null,""scope_basis"":""current_excavated_interval"",""scope_kind"":""LOCATED_INTERVAL"",""start_chainage"":1014299.0,""state_role"":null,""valid_date"":null}",doc_8022d2d99bfe5dfacfebc8e6_e0002,stage7_main_task_040,False
typed_claim_35a40c64e9b0f69038e4f3c5,FORECAST_GEOLOGICAL_CONDITION,"{""attribute_dimension"":null,""attribute_name"":""suggested_grade"",""normalized_value"":""Ⅳ级"",""source_evidence_id"":""doc_c19c0e4b52882f445108f4a0_e0002""}",FORECAST,,1,geological_forecast,fact_lock_cd8481b7d970ff1edb286b77,DAILY_REVIEW_CELL,"{""cell_id"":null,""daily_state_id"":null,""end_chainage"":1014317.0,""point_chainage"":null,""scope_basis"":""hsp_forecast_table_row"",""scope_kind"":""LOCATED_INTERVAL"",""start_chainage"":1014266.0,""state_role"":null,""valid_date"":null}",doc_c19c0e4b52882f445108f4a0_e0002,stage7_main_task_040,False
typed_claim_9b59e3f5d7cf161c74ecc765,FORECAST_GEOLOGICAL_CONDITION,"{""attribute_dimension"":null,""attribute_name"":""weathering"",""normalized_value"":""弱风化"",""source_evidence_id"":""doc_c19c0e4b52882f445108f4a0_e0002""}",FORECAST,,2,geological_forecast,fact_lock_4ccd764607c02078eab83519,DAILY_REVIEW_CELL,"{""cell_id"":null,""daily_state_id"":null,""end_chainage"":1014317.0,""point_chainage"":null,""scope_basis"":""hsp_forecast_table_row"",""scope_kind"":""LOCATED_INTERVAL"",""start_chainage"":1014266.0,""state_role"":null,""valid_date"":null}",doc_c19c0e4b52882f445108f4a0_e0002,stage7_main_task_040,False
typed_claim_ca05f834c1eeeff52330fc8d,FORECAST_GEOLOGICAL_CONDITION,"{""attribute_dimension"":null,""attribute_name"":""joint_development"",""normalized_value"":""节理裂隙发育"",""source_evidence_id"":""doc_c19c0e4b52882f445108f4a0_e0002""}",FORECAST,,3,geological_forecast,fact_lock_9eeb388eb802faa6ca75b8da,DAILY_REVIEW_CELL,"{""cell_id"":null,""daily_state_id"":null,""end_chainage"":1014317.0,""point_chainage"":null,""scope_basis"":""hsp_forecast_table_row"",""scope_kind"":""LOCATED_INTERVAL"",""start_chainage"":1014266.0,""state_role"":null,""valid_date"":null}",doc_c19c0e4b52882f445108f4a0_e0002,stage7_main_task_040,False
typed_claim_339555710057f362b7dc3286,FORECAST_GEOLOGICAL_CONDITION,"{""attribute_dimension"":null,""attribute_name"":""rock_mass_state"",""normalized_value"":""岩体破碎"",""source_evidence_id"":""doc_c19c0e4b52882f445108f4a0_e0002""}",FORECAST,,4,geological_forecast,fact_lock_9def047bd83e6c7527d92ad5,DAILY_REVIEW_CELL,"{""cell_id"":null,""daily_state_id"":null,""end_chainage"":1014317.0,""point_chainage"":null,""scope_basis"":""hsp_forecast_table_row"",""scope_kind"":""LOCATED_INTERVAL"",""start_chainage"":1014266.0,""state_role"":null,""valid_date"":null}",doc_c19c0e4b52882f445108f4a0_e0002,stage7_main_task_040,False
typed_claim_8bafc5b36f9dfa02cfccd156,FORECAST_GEOLOGICAL_CONDITION,"{""attribute_dimension"":null,""attribute_name"":""geological_conclusion"",""normalized_value"":""该段围岩与当前掌子面相当。岩 性为板岩夹变质砂岩，围岩整体 弱风化，岩质硬，节理裂隙发育， 岩体破碎。"",""source_evidence_id"":""doc_c19c0e4b52882f445108f4a0_e0002""}",FORECAST,,5,geological_forecast,fact_lock_f30c7c3a6c1b5a8c9ea15c35,DAILY_REVIEW_CELL,"{""cell_id"":null,""daily_state_id"":null,""end_chainage"":1014317.0,""point_chainage"":null,""scope_basis"":""hsp_forecast_table_row"",""scope_kind"":""LOCATED_INTERVAL"",""start_chainage"":1014266.0,""state_role"":null,""valid_date"":null}",doc_c19c0e4b52882f445108f4a0_e0002,stage7_main_task_040,False
typed_claim_08fbd0e1838f691760643286,FORECAST_GEOLOGICAL_CONDITION,"{""attribute_dimension"":null,""attribute_name"":""lithology"",""normalized_value"":""板岩夹变质砂岩"",""source_evidence_id"":""doc_c19c0e4b52882f445108f4a0_e0002""}",FORECAST,,6,geological_forecast,fact_lock_ec4c27f03c4a0bebf1effe57,DAILY_REVIEW_CELL,"{""cell_id"":null,""daily_state_id"":null,""end_chainage"":1014317.0,""point_chainage"":null,""scope_basis"":""hsp_forecast_table_row"",""scope_kind"":""LOCATED_INTERVAL"",""start_chainage"":1014266.0,""state_role"":null,""valid_date"":null}",doc_c19c0e4b52882f445108f4a0_e0002,stage7_main_task_040,False
typed_claim_7515f97eb3e5833cc9a63715,OPERATIONAL_RESPONSE_ATTENTION,"{""is_causal_estimate"":false,""is_hazard_probability"":false,""is_probability"":false,""metric_name"":""RAI"",""metric_semantics"":""OPERATIONAL_RESPONSE_ATTENTION_INDEX"",""metric_status"":""AVAILABLE"",""metric_value"":0.4055647868775912,""source_metric_id"":""state_rai_6bbfd23859f4047f8afeca1f""}",,NONPROBABILISTIC_ATTENTION,7,operational_attention,fact_lock_16be408110599c83f58fdb6a,DAILY_REVIEW_CELL,"{""cell_id"":""cell_cb5a81a7ae16ac1f806d2b6b"",""daily_state_id"":null,""end_chainage"":null,""point_chainage"":null,""scope_basis"":""stage5b_bitemporal_state_subject"",""scope_kind"":""CELL"",""start_chainage"":null,""state_role"":""DAILY_REVIEW_CELL"",""valid_date"":""2023-12-06""}",state_rai_6bbfd23859f4047f8afeca1f,stage7_main_task_040,False
typed_claim_086bc62d8d6f3dc110b1f46f,GEOLOGICAL_EVIDENCE_ATTENTION_REVIEW,"{""is_causal_estimate"":false,""is_hazard_probability"":false,""is_probability"":false,""metric_name"":""GRS"",""metric_semantics"":""GEOLOGICAL_EVIDENCE_ATTENTION_INDEX"",""metric_status"":""AVAILABLE"",""metric_value"":0.5416666666666666,""source_metric_id"":""state_grs_6bbfd23859f4047f8afeca1f""}",,NONPROBABILISTIC_ATTENTION,8,geological_attention,fact_lock_4a52bb00a2d97b6d16f0e138,DAILY_REVIEW_CELL,"{""cell_id"":""cell_cb5a81a7ae16ac1f806d2b6b"",""daily_state_id"":null,""end_chainage"":null,""point_chainage"":null,""scope_basis"":""stage5b_bitemporal_state_subject"",""scope_kind"":""CELL"",""start_chainage"":null,""state_role"":""DAILY_REVIEW_CELL"",""valid_date"":""2023-12-06""}",state_grs_6bbfd23859f4047f8afeca1f,stage7_main_task_040,False
typed_claim_f1c9967fa1c74a2571e85dc9,COUPLED_ATTENTION_REVIEW,"{""is_causal_estimate"":false,""is_hazard_probability"":false,""is_probability"":false,""metric_name"":""GRCI"",""metric_semantics"":""NONPROBABILISTIC_CONJUNCTIVE_PRODUCT"",""metric_status"":""AVAILABLE"",""metric_value"":0.21968092622536187,""source_metric_id"":""state_grci_6bbfd23859f4047f8afeca1f""}",,NONPROBABILISTIC_ATTENTION,9,coupled_attention,fact_lock_b234e594f9298837cd2e36fc,DAILY_REVIEW_CELL,"{""cell_id"":""cell_cb5a81a7ae16ac1f806d2b6b"",""daily_state_id"":null,""end_chainage"":null,""point_chainage"":null,""scope_basis"":""stage5b_bitemporal_state_subject"",""scope_kind"":""CELL"",""start_chainage"":null,""state_role"":""DAILY_REVIEW_CELL"",""valid_date"":""2023-12-06""}",state_grci_6bbfd23859f4047f8afeca1f,stage7_main_task_040,False
typed_claim_ff06d75a2f89a39c06e4079d,OBSERVED_GEOLOGICAL_CONDITION,"{""attribute_dimension"":null,""attribute_name"":""lithology"",""normalized_value"":""板岩夹变质砂岩"",""source_evidence_id"":""doc_8022d2d99bfe5dfacfebc8e6_e0002""}",OBSERVED,,0,geological_observed,fact_lock_be8f2b56c8fc50b812c27766,DAILY_REVIEW_CELL,"{""cell_id"":null,""daily_state_id"":null,""end_chainage"":1014329.0,""point_chainage"":null,""scope_basis"":""current_excavated_interval"",""scope_kind"":""LOCATED_INTERVAL"",""start_chainage"":1014299.0,""state_role"":null,""valid_date"":null}",doc_8022d2d99bfe5dfacfebc8e6_e0002,stage7_main_task_041,False
typed_claim_35a40c64e9b0f69038e4f3c5,FORECAST_GEOLOGICAL_CONDITION,"{""attribute_dimension"":null,""attribute_name"":""suggested_grade"",""normalized_value"":""Ⅳ级"",""source_evidence_id"":""doc_c19c0e4b52882f445108f4a0_e0002""}",FORECAST,,1,geological_forecast,fact_lock_cd8481b7d970ff1edb286b77,DAILY_REVIEW_CELL,"{""cell_id"":null,""daily_state_id"":null,""end_chainage"":1014317.0,""point_chainage"":null,""scope_basis"":""hsp_forecast_table_row"",""scope_kind"":""LOCATED_INTERVAL"",""start_chainage"":1014266.0,""state_role"":null,""valid_date"":null}",doc_c19c0e4b52882f445108f4a0_e0002,stage7_main_task_041,False
typed_claim_9b59e3f5d7cf161c74ecc765,FORECAST_GEOLOGICAL_CONDITION,"{""attribute_dimension"":null,""attribute_name"":""weathering"",""normalized_value"":""弱风化"",""source_evidence_id"":""doc_c19c0e4b52882f445108f4a0_e0002""}",FORECAST,,2,geological_forecast,fact_lock_4ccd764607c02078eab83519,DAILY_REVIEW_CELL,"{""cell_id"":null,""daily_state_id"":null,""end_chainage"":1014317.0,""point_chainage"":null,""scope_basis"":""hsp_forecast_table_row"",""scope_kind"":""LOCATED_INTERVAL"",""start_chainage"":1014266.0,""state_role"":null,""valid_date"":null}",doc_c19c0e4b52882f445108f4a0_e0002,stage7_main_task_041,False
typed_claim_ca05f834c1eeeff52330fc8d,FORECAST_GEOLOGICAL_CONDITION,"{""attribute_dimension"":null,""attribute_name"":""joint_development"",""normalized_value"":""节理裂隙发育"",""source_evidence_id"":""doc_c19c0e4b52882f445108f4a0_e0002""}",FORECAST,,3,geological_forecast,fact_lock_9eeb388eb802faa6ca75b8da,DAILY_REVIEW_CELL,"{""cell_id"":null,""daily_state_id"":null,""end_chainage"":1014317.0,""point_chainage"":null,""scope_basis"":""hsp_forecast_table_row"",""scope_kind"":""LOCATED_INTERVAL"",""start_chainage"":1014266.0,""state_role"":null,""valid_date"":null}",doc_c19c0e4b52882f445108f4a0_e0002,stage7_main_task_041,False
typed_claim_339555710057f362b7dc3286,FORECAST_GEOLOGICAL_CONDITION,"{""attribute_dimension"":null,""attribute_name"":""rock_mass_state"",""normalized_value"":""岩体破碎"",""source_evidence_id"":""doc_c19c0e4b52882f445108f4a0_e0002""}",FORECAST,,4,geological_forecast,fact_lock_9def047bd83e6c7527d92ad5,DAILY_REVIEW_CELL,"{""cell_id"":null,""daily_state_id"":null,""end_chainage"":1014317.0,""point_chainage"":null,""scope_basis"":""hsp_forecast_table_row"",""scope_kind"":""LOCATED_INTERVAL"",""start_chainage"":1014266.0,""state_role"":null,""valid_date"":null}",doc_c19c0e4b52882f445108f4a0_e0002,stage7_main_task_041,False
typed_claim_8bafc5b36f9dfa02cfccd156,FORECAST_GEOLOGICAL_CONDITION,"{""attribute_dimension"":null,""attribute_name"":""geological_conclusion"",""normalized_value"":""该段围岩与当前掌子面相当。岩 性为板岩夹变质砂岩，围岩整体 弱风化，岩质硬，节理裂隙发育， 岩体破碎。"",""source_evidence_id"":""doc_c19c0e4b52882f445108f4a0_e0002""}",FORECAST,,5,geological_forecast,fact_lock_f30c7c3a6c1b5a8c9ea15c35,DAILY_REVIEW_CELL,"{""cell_id"":null,""daily_state_id"":null,""end_chainage"":1014317.0,""point_chainage"":null,""scope_basis"":""hsp_forecast_table_row"",""scope_kind"":""LOCATED_INTERVAL"",""start_chainage"":1014266.0,""state_role"":null,""valid_date"":null}",doc_c19c0e4b52882f445108f4a0_e0002,stage7_main_task_041,False
typed_claim_08fbd0e1838f691760643286,FORECAST_GEOLOGICAL_CONDITION,"{""attribute_dimension"":null,""attribute_name"":""lithology"",""normalized_value"":""板岩夹变质砂岩"",""source_evidence_id"":""doc_c19c0e4b52882f445108f4a0_e0002""}",FORECAST,,6,geological_forecast,fact_lock_ec4c27f03c4a0bebf1effe57,DAILY_REVIEW_CELL,"{""cell_id"":null,""daily_state_id"":null,""end_chainage"":1014317.0,""point_chainage"":null,""scope_basis"":""hsp_forecast_table_row"",""scope_kind"":""LOCATED_INTERVAL"",""start_chainage"":1014266.0,""state_role"":null,""valid_date"":null}",doc_c19c0e4b52882f445108f4a0_e0002,stage7_main_task_041,False
typed_claim_7515f97eb3e5833cc9a63715,OPERATIONAL_RESPONSE_ATTENTION,"{""is_causal_estimate"":false,""is_hazard_probability"":false,""is_probability"":false,""metric_name"":""RAI"",""metric_semantics"":""OPERATIONAL_RESPONSE_ATTENTION_INDEX"",""metric_status"":""AVAILABLE"",""metric_value"":0.4055647868775912,""source_metric_id"":""state_rai_6bbfd23859f4047f8afeca1f""}",,NONPROBABILISTIC_ATTENTION,7,operational_attention,fact_lock_16be408110599c83f58fdb6a,DAILY_REVIEW_CELL,"{""cell_id"":""cell_cb5a81a7ae16ac1f806d2b6b"",""daily_state_id"":null,""end_chainage"":null,""point_chainage"":null,""scope_basis"":""stage5b_bitemporal_state_subject"",""scope_kind"":""CELL"",""start_chainage"":null,""state_role"":""DAILY_REVIEW_CELL"",""valid_date"":""2023-12-06""}",state_rai_6bbfd23859f4047f8afeca1f,stage7_main_task_041,False
typed_claim_086bc62d8d6f3dc110b1f46f,GEOLOGICAL_EVIDENCE_ATTENTION_REVIEW,"{""is_causal_estimate"":false,""is_hazard_probability"":false,""is_probability"":false,""metric_name"":""GRS"",""metric_semantics"":""GEOLOGICAL_EVIDENCE_ATTENTION_INDEX"",""metric_status"":""AVAILABLE"",""metric_value"":0.5416666666666666,""source_metric_id"":""state_grs_6bbfd23859f4047f8afeca1f""}",,NONPROBABILISTIC_ATTENTION,8,geological_attention,fact_lock_4a52bb00a2d97b6d16f0e138,DAILY_REVIEW_CELL,"{""cell_id"":""cell_cb5a81a7ae16ac1f806d2b6b"",""daily_state_id"":null,""end_chainage"":null,""point_chainage"":null,""scope_basis"":""stage5b_bitemporal_state_subject"",""scope_kind"":""CELL"",""start_chainage"":null,""state_role"":""DAILY_REVIEW_CELL"",""valid_date"":""2023-12-06""}",state_grs_6bbfd23859f4047f8afeca1f,stage7_main_task_041,False
typed_claim_f1c9967fa1c74a2571e85dc9,COUPLED_ATTENTION_REVIEW,"{""is_causal_estimate"":false,""is_hazard_probability"":false,""is_probability"":false,""metric_name"":""GRCI"",""metric_semantics"":""NONPROBABILISTIC_CONJUNCTIVE_PRODUCT"",""metric_status"":""AVAILABLE"",""metric_value"":0.21968092622536187,""source_metric_id"":""state_grci_6bbfd23859f4047f8afeca1f""}",,NONPROBABILISTIC_ATTENTION,9,coupled_attention,fact_lock_b234e594f9298837cd2e36fc,DAILY_REVIEW_CELL,"{""cell_id"":""cell_cb5a81a7ae16ac1f806d2b6b"",""daily_state_id"":null,""end_chainage"":null,""point_chainage"":null,""scope_basis"":""stage5b_bitemporal_state_subject"",""scope_kind"":""CELL"",""start_chainage"":null,""state_role"":""DAILY_REVIEW_CELL"",""valid_date"":""2023-12-06""}",state_grci_6bbfd23859f4047f8afeca1f,stage7_main_task_041,False
typed_claim_d01af430698e9e67a4f41e4c,OBSERVED_GEOLOGICAL_CONDITION,"{""attribute_dimension"":null,""attribute_name"":""lithology"",""normalized_value"":""板岩夹变质砂岩"",""source_evidence_id"":""doc_62bf6495f3a27bc084947384_e0001""}",OBSERVED,,0,geological_observed,fact_lock_27485cc489909e2812db1196,DAILY_REVIEW_CELL,"{""cell_id"":null,""daily_state_id"":null,""end_chainage"":null,""point_chainage"":1014109.0,""scope_basis"":""hsp_face_chainage_cell"",""scope_kind"":""LOCATED_POINT"",""start_chainage"":null,""state_role"":null,""valid_date"":null}",doc_62bf6495f3a27bc084947384_e0001,stage7_main_task_043,False
typed_claim_f85eaa56058060aabcd7041e,OBSERVED_GEOLOGICAL_CONDITION,"{""attribute_dimension"":null,""attribute_name"":""geological_description"",""normalized_value"":""开挖面 地质概况 当前掌子面出露岩性为石炭二叠系板岩夹变质砂岩，围岩整体弱风化，岩 质硬，节理裂隙较发育-发育，岩体较破碎-破碎，左侧边墙节理裂隙发育相对密 集，层间结合一般，左右边墙存在轻微掉块现象，见滴渗水-线状出水。"",""source_evidence_id"":""doc_62bf6495f3a27bc084947384_e0001""}",OBSERVED,,1,geological_observed,fact_lock_1178b5eed9fa52f364999d92,DAILY_REVIEW_CELL,"{""cell_id"":null,""daily_state_id"":null,""end_chainage"":null,""point_chainage"":1014109.0,""scope_basis"":""hsp_face_chainage_cell"",""scope_kind"":""LOCATED_POINT"",""start_chainage"":null,""state_role"":null,""valid_date"":null}",doc_62bf6495f3a27bc084947384_e0001,stage7_main_task_043,False
typed_claim_d81f02796da454610a9be5da,OBSERVED_GEOLOGICAL_CONDITION,"{""attribute_dimension"":null,""attribute_name"":""rock_mass_state"",""normalized_value"":""岩体较破碎"",""source_evidence_id"":""doc_62bf6495f3a27bc084947384_e0001""}",OBSERVED,,2,geological_observed,fact_lock_2cbd5785deb63dc83514f0e5,DAILY_REVIEW_CELL,"{""cell_id"":null,""daily_state_id"":null,""end_chainage"":null,""point_chainage"":1014109.0,""scope_basis"":""hsp_face_chainage_cell"",""scope_kind"":""LOCATED_POINT"",""start_chainage"":null,""state_role"":null,""valid_date"":null}",doc_62bf6495f3a27bc084947384_e0001,stage7_main_task_043,False
typed_claim_c3cc065ac2d5ba0045aead57,OBSERVED_GEOLOGICAL_CONDITION,"{""attribute_dimension"":null,""attribute_name"":""weathering"",""normalized_value"":""弱风化"",""source_evidence_id"":""doc_62bf6495f3a27bc084947384_e0001""}",OBSERVED,,3,geological_observed,fact_lock_a3c9d36628fe9073c06c55ab,DAILY_REVIEW_CELL,"{""cell_id"":null,""daily_state_id"":null,""end_chainage"":null,""point_chainage"":1014109.0,""scope_basis"":""hsp_face_chainage_cell"",""scope_kind"":""LOCATED_POINT"",""start_chainage"":null,""state_role"":null,""valid_date"":null}",doc_62bf6495f3a27bc084947384_e0001,stage7_main_task_043,False
typed_claim_ed396a67b373b5132cc25278,FORECAST_GEOLOGICAL_CONDITION,"{""attribute_dimension"":null,""attribute_name"":""rock_mass_state"",""normalized_value"":""岩体较破碎-破碎"",""source_evidence_id"":""doc_62bf6495f3a27bc084947384_e0002""}",FORECAST,,4,geological_forecast,fact_lock_f654bd57bc7196a350d9bb6f,DAILY_REVIEW_CELL,"{""cell_id"":null,""daily_state_id"":null,""end_chainage"":1014122.0,""point_chainage"":null,""scope_basis"":""hsp_forecast_table_row"",""scope_kind"":""LOCATED_INTERVAL"",""start_chainage"":1014109.0,""state_role"":null,""valid_date"":null}",doc_62bf6495f3a27bc084947384_e0002,stage7_main_task_043,False
typed_claim_bd72f86b237e5ff4037ed668,FORECAST_GEOLOGICAL_CONDITION,"{""attribute_dimension"":null,""attribute_name"":""suggested_grade"",""normalized_value"":""Ⅳ级"",""source_evidence_id"":""doc_62bf6495f3a27bc084947384_e0002""}",FORECAST,,5,geological_forecast,fact_lock_c3f82ff4d102c91d32014d51,DAILY_REVIEW_CELL,"{""cell_id"":null,""daily_state_id"":null,""end_chainage"":1014122.0,""point_chainage"":null,""scope_basis"":""hsp_forecast_table_row"",""scope_kind"":""LOCATED_INTERVAL"",""start_chainage"":1014109.0,""state_role"":null,""valid_date"":null}",doc_62bf6495f3a27bc084947384_e0002,stage7_main_task_043,False
typed_claim_88e8bfcb9f32066ec9aae6e7,FORECAST_GEOLOGICAL_CONDITION,"{""attribute_dimension"":null,""attribute_name"":""joint_development"",""normalized_value"":""节理裂隙较发育"",""source_evidence_id"":""doc_d0afc25463d4776277ebb952_e0008""}",FORECAST,,6,geological_forecast,fact_lock_8d57bd1f96721e3a3d05852a,DAILY_REVIEW_CELL,"{""cell_id"":null,""daily_state_id"":null,""end_chainage"":1014115.0,""point_chainage"":null,""scope_basis"":""hsp_forecast_table_row"",""scope_kind"":""LOCATED_INTERVAL"",""start_chainage"":1014106.0,""state_role"":null,""valid_date"":null}",doc_d0afc25463d4776277ebb952_e0008,stage7_main_task_043,False
typed_claim_d8e131186f08a8626b9e6526,FORECAST_GEOLOGICAL_CONDITION,"{""attribute_dimension"":null,""attribute_name"":""lithology"",""normalized_value"":""板岩夹变质砂岩"",""source_evidence_id"":""doc_d0afc25463d4776277ebb952_e0008""}",FORECAST,,7,geological_forecast,fact_lock_222b684fdd6f4ca6efee49b5,DAILY_REVIEW_CELL,"{""cell_id"":null,""daily_state_id"":null,""end_chainage"":1014115.0,""point_chainage"":null,""scope_basis"":""hsp_forecast_table_row"",""scope_kind"":""LOCATED_INTERVAL"",""start_chainage"":1014106.0,""state_role"":null,""valid_date"":null}",doc_d0afc25463d4776277ebb952_e0008,stage7_main_task_043,False
typed_claim_ea77116e695f4789268bc56e,FORECAST_GEOLOGICAL_CONDITION,"{""attribute_dimension"":null,""attribute_name"":""lithology"",""normalized_value"":""板岩夹变质砂岩"",""source_evidence_id"":""doc_d0afc25463d4776277ebb952_e0007""}",FORECAST,,8,geological_forecast,fact_lock_4ba1133ff09d665eacdc7fb4,DAILY_REVIEW_CELL,"{""cell_id"":null,""daily_state_id"":null,""end_chainage"":1014106.0,""point_chainage"":null,""scope_basis"":""hsp_forecast_table_row"",""scope_kind"":""LOCATED_INTERVAL"",""start_chainage"":1014098.0,""state_role"":null,""valid_date"":null}",doc_d0afc25463d4776277ebb952_e0007,stage7_main_task_043,False
typed_claim_787d8ee9d19ea232344e78b6,FORECAST_GEOLOGICAL_CONDITION,"{""attribute_dimension"":null,""attribute_name"":""geological_conclusion"",""normalized_value"":""该段围岩较当前掌子面稍变差。 岩性为板岩夹变质砂岩，弱风化， 岩质软硬不均，层间结合较差， 节理裂隙较发育-发育，岩体较破 碎-破碎。"",""source_evidence_id"":""doc_62bf6495f3a27bc084947384_e0002""}",FORECAST,,9,geological_forecast,fact_lock_b391225c05472194d9bbe46f,DAILY_REVIEW_CELL,"{""cell_id"":null,""daily_state_id"":null,""end_chainage"":1014122.0,""point_chainage"":null,""scope_basis"":""hsp_forecast_table_row"",""scope_kind"":""LOCATED_INTERVAL"",""start_chainage"":1014109.0,""state_role"":null,""valid_date"":null}",doc_62bf6495f3a27bc084947384_e0002,stage7_main_task_043,False
typed_claim_795789d03e103bd4d0d8c885,FORECAST_GEOLOGICAL_CONDITION,"{""attribute_dimension"":null,""attribute_name"":""risk_hint"",""normalized_value"":""里程+115、 +118附近有 掉块风险"",""source_evidence_id"":""doc_62bf6495f3a27bc084947384_e0002""}",FORECAST,,10,geological_forecast,fact_lock_a5371c847e77de5d9548fe1c,DAILY_REVIEW_CELL,"{""cell_id"":null,""daily_state_id"":null,""end_chainage"":1014122.0,""point_chainage"":null,""scope_basis"":""hsp_forecast_table_row"",""scope_kind"":""LOCATED_INTERVAL"",""start_chainage"":1014109.0,""state_role"":null,""valid_date"":null}",doc_62bf6495f3a27bc084947384_e0002,stage7_main_task_043,False
typed_claim_62d2da6f0d18c01d9e436745,FORECAST_GEOLOGICAL_CONDITION,"{""attribute_dimension"":null,""attribute_name"":""anomaly_level"",""normalized_value"":""MODERATE"",""source_evidence_id"":""doc_d0afc25463d4776277ebb952_e0007""}",FORECAST,,11,geological_forecast,fact_lock_d96abc3c67c985c51a45aa9e,DAILY_REVIEW_CELL,"{""cell_id"":null,""daily_state_id"":null,""end_chainage"":1014106.0,""point_chainage"":null,""scope_basis"":""hsp_forecast_table_row"",""scope_kind"":""LOCATED_INTERVAL"",""start_chainage"":1014098.0,""state_role"":null,""valid_date"":null}",doc_d0afc25463d4776277ebb952_e0007,stage7_main_task_043,False
typed_claim_892aae3aca8fe3be4ccf5fa6,FORECAST_GEOLOGICAL_CONDITION,"{""attribute_dimension"":null,""attribute_name"":""joint_development"",""normalized_value"":""节理裂隙较发育-发育"",""source_evidence_id"":""doc_62bf6495f3a27bc084947384_e0002""}",FORECAST,,12,geological_forecast,fact_lock_6e477127edb7356f88afd89c,DAILY_REVIEW_CELL,"{""cell_id"":null,""daily_state_id"":null,""end_chainage"":1014122.0,""point_chainage"":null,""scope_basis"":""hsp_forecast_table_row"",""scope_kind"":""LOCATED_INTERVAL"",""start_chainage"":1014109.0,""state_role"":null,""valid_date"":null}",doc_62bf6495f3a27bc084947384_e0002,stage7_main_task_043,False
typed_claim_f25252ada0baacc81892bb48,FORECAST_GEOLOGICAL_CONDITION,"{""attribute_dimension"":null,""attribute_name"":""suggested_grade"",""normalized_value"":""Ⅳ级"",""source_evidence_id"":""doc_d0afc25463d4776277ebb952_e0007""}",FORECAST,,13,geological_forecast,fact_lock_9f4131982690d737c9192b5c,DAILY_REVIEW_CELL,"{""cell_id"":null,""daily_state_id"":null,""end_chainage"":1014106.0,""point_chainage"":null,""scope_basis"":""hsp_forecast_table_row"",""scope_kind"":""LOCATED_INTERVAL"",""start_chainage"":1014098.0,""state_role"":null,""valid_date"":null}",doc_d0afc25463d4776277ebb952_e0007,stage7_main_task_043,False
typed_claim_ea126021b5f04ae473273e86,FORECAST_GEOLOGICAL_CONDITION,"{""attribute_dimension"":null,""attribute_name"":""weathering"",""normalized_value"":""弱风化"",""source_evidence_id"":""doc_d0afc25463d4776277ebb952_e0007""}",FORECAST,,14,geological_forecast,fact_lock_38572f83c6c877734545d893,DAILY_REVIEW_CELL,"{""cell_id"":null,""daily_state_id"":null,""end_chainage"":1014106.0,""point_chainage"":null,""scope_basis"":""hsp_forecast_table_row"",""scope_kind"":""LOCATED_INTERVAL"",""start_chainage"":1014098.0,""state_role"":null,""valid_date"":null}",doc_d0afc25463d4776277ebb952_e0007,stage7_main_task_043,False
typed_claim_cb6e0ba810c17b06688d2450,FORECAST_GEOLOGICAL_CONDITION,"{""attribute_dimension"":null,""attribute_name"":""rock_mass_state"",""normalized_value"":""岩体较破碎-破碎"",""source_evidence_id"":""doc_d0afc25463d4776277ebb952_e0007""}",FORECAST,,15,geological_forecast,fact_lock_67f44b54a9427443e13ce76c,DAILY_REVIEW_CELL,"{""cell_id"":null,""daily_state_id"":null,""end_chainage"":1014106.0,""point_chainage"":null,""scope_basis"":""hsp_forecast_table_row"",""scope_kind"":""LOCATED_INTERVAL"",""start_chainage"":1014098.0,""state_role"":null,""valid_date"":null}",doc_d0afc25463d4776277ebb952_e0007,stage7_main_task_043,False
typed_claim_d361546190e3bb4b2102697d,FORECAST_GEOLOGICAL_CONDITION,"{""attribute_dimension"":null,""attribute_name"":""lithology"",""normalized_value"":""板岩夹变质砂岩"",""source_evidence_id"":""doc_62bf6495f3a27bc084947384_e0002""}",FORECAST,,16,geological_forecast,fact_lock_ed37f5f32139f9be99f526c7,DAILY_REVIEW_CELL,"{""cell_id"":null,""daily_state_id"":null,""end_chainage"":1014122.0,""point_chainage"":null,""scope_basis"":""hsp_forecast_table_row"",""scope_kind"":""LOCATED_INTERVAL"",""start_chainage"":1014109.0,""state_role"":null,""valid_date"":null}",doc_62bf6495f3a27bc084947384_e0002,stage7_main_task_043,False
typed_claim_16defa97196ffd6243c4ff8a,FORECAST_GEOLOGICAL_CONDITION,"{""attribute_dimension"":null,""attribute_name"":""geological_conclusion"",""normalized_value"":""该段围岩较前段稍变好。岩性为 板岩夹变质砂岩，弱风化，岩质 软硬不均，节理裂隙较发育，岩 体较破碎。"",""source_evidence_id"":""doc_d0afc25463d4776277ebb952_e0008""}",FORECAST,,17,geological_forecast,fact_lock_6081ad10a2a75facdfea92a1,DAILY_REVIEW_CELL,"{""cell_id"":null,""daily_state_id"":null,""end_chainage"":1014115.0,""point_chainage"":null,""scope_basis"":""hsp_forecast_table_row"",""scope_kind"":""LOCATED_INTERVAL"",""start_chainage"":1014106.0,""state_role"":null,""valid_date"":null}",doc_d0afc25463d4776277ebb952_e0008,stage7_main_task_043,False
typed_claim_180aadb86e461bc7e3f466f9,FORECAST_GEOLOGICAL_CONDITION,"{""attribute_dimension"":null,""attribute_name"":""rock_mass_state"",""normalized_value"":""岩体较破碎"",""source_evidence_id"":""doc_d0afc25463d4776277ebb952_e0008""}",FORECAST,,18,geological_forecast,fact_lock_efc9cc5deeba6bd11eb4bf5c,DAILY_REVIEW_CELL,"{""cell_id"":null,""daily_state_id"":null,""end_chainage"":1014115.0,""point_chainage"":null,""scope_basis"":""hsp_forecast_table_row"",""scope_kind"":""LOCATED_INTERVAL"",""start_chainage"":1014106.0,""state_role"":null,""valid_date"":null}",doc_d0afc25463d4776277ebb952_e0008,stage7_main_task_043,False
typed_claim_b87fea5fc629a1be1ffc8fcb,FORECAST_GEOLOGICAL_CONDITION,"{""attribute_dimension"":null,""attribute_name"":""joint_development"",""normalized_value"":""节理裂隙较发育-发育"",""source_evidence_id"":""doc_d0afc25463d4776277ebb952_e0007""}",FORECAST,,19,geological_forecast,fact_lock_b345311342aa56e7fb4b15e8,DAILY_REVIEW_CELL,"{""cell_id"":null,""daily_state_id"":null,""end_chainage"":1014106.0,""point_chainage"":null,""scope_basis"":""hsp_forecast_table_row"",""scope_kind"":""LOCATED_INTERVAL"",""start_chainage"":1014098.0,""state_role"":null,""valid_date"":null}",doc_d0afc25463d4776277ebb952_e0007,stage7_main_task_043,False
typed_claim_741a17abaf6e3dfda953a9b0,FORECAST_GEOLOGICAL_CONDITION,"{""attribute_dimension"":null,""attribute_name"":""weathering"",""normalized_value"":""弱风化"",""source_evidence_id"":""doc_62bf6495f3a27bc084947384_e0002""}",FORECAST,,20,geological_forecast,fact_lock_31efb1d4dff2e04bb9e7e0d3,DAILY_REVIEW_CELL,"{""cell_id"":null,""daily_state_id"":null,""end_chainage"":1014122.0,""point_chainage"":null,""scope_basis"":""hsp_forecast_table_row"",""scope_kind"":""LOCATED_INTERVAL"",""start_chainage"":1014109.0,""state_role"":null,""valid_date"":null}",doc_62bf6495f3a27bc084947384_e0002,stage7_main_task_043,False
typed_claim_b2f4f0f2baa439660eb66271,FORECAST_GEOLOGICAL_CONDITION,"{""attribute_dimension"":null,""attribute_name"":""weathering"",""normalized_value"":""弱风化"",""source_evidence_id"":""doc_d0afc25463d4776277ebb952_e0008""}",FORECAST,,21,geological_forecast,fact_lock_847ed472ddf0c81262da777d,DAILY_REVIEW_CELL,"{""cell_id"":null,""daily_state_id"":null,""end_chainage"":1014115.0,""point_chainage"":null,""scope_basis"":""hsp_forecast_table_row"",""scope_kind"":""LOCATED_INTERVAL"",""start_chainage"":1014106.0,""state_role"":null,""valid_date"":null}",doc_d0afc25463d4776277ebb952_e0008,stage7_main_task_043,False
typed_claim_65cc1ff9cff43d915fc36154,FORECAST_GEOLOGICAL_CONDITION,"{""attribute_dimension"":null,""attribute_name"":""risk_hint"",""normalized_value"":""里程+098 附 近有掉块风 险"",""source_evidence_id"":""doc_d0afc25463d4776277ebb952_e0007""}",FORECAST,,22,geological_forecast,fact_lock_1c0d7f8167bd1e2fa888b5b1,DAILY_REVIEW_CELL,"{""cell_id"":null,""daily_state_id"":null,""end_chainage"":1014106.0,""point_chainage"":null,""scope_basis"":""hsp_forecast_table_row"",""scope_kind"":""LOCATED_INTERVAL"",""start_chainage"":1014098.0,""state_role"":null,""valid_date"":null}",doc_d0afc25463d4776277ebb952_e0007,stage7_main_task_043,False
typed_claim_0d9a3fbe19de3eb95777a79c,FORECAST_GEOLOGICAL_CONDITION,"{""attribute_dimension"":null,""attribute_name"":""geological_conclusion"",""normalized_value"":""该段围岩较前段变差。岩性为板 岩夹变质砂岩，弱风化，岩质软 硬不均，节理裂隙较发育-发育， 岩体较破碎-破碎，层间结合差。"",""source_evidence_id"":""doc_d0afc25463d4776277ebb952_e0007""}",FORECAST,,23,geological_forecast,fact_lock_ab162bff2a506180ba80b829,DAILY_REVIEW_CELL,"{""cell_id"":null,""daily_state_id"":null,""end_chainage"":1014106.0,""point_chainage"":null,""scope_basis"":""hsp_forecast_table_row"",""scope_kind"":""LOCATED_INTERVAL"",""start_chainage"":1014098.0,""state_role"":null,""valid_date"":null}",doc_d0afc25463d4776277ebb952_e0007,stage7_main_task_043,False
typed_claim_81907061a12a37f42ed528c7,FORECAST_GEOLOGICAL_CONDITION,"{""attribute_dimension"":null,""attribute_name"":""suggested_grade"",""normalized_value"":""Ⅲ级"",""source_evidence_id"":""doc_d0afc25463d4776277ebb952_e0008""}",FORECAST,,24,geological_forecast,fact_lock_3579bcb464f4cadf08f07ebc,DAILY_REVIEW_CELL,"{""cell_id"":null,""daily_state_id"":null,""end_chainage"":1014115.0,""point_chainage"":null,""scope_basis"":""hsp_forecast_table_row"",""scope_kind"":""LOCATED_INTERVAL"",""start_chainage"":1014106.0,""state_role"":null,""valid_date"":null}",doc_d0afc25463d4776277ebb952_e0008,stage7_main_task_043,False
typed_claim_315639aa37ab346ab705147c,FORECAST_GEOLOGICAL_CONDITION,"{""attribute_dimension"":null,""attribute_name"":""anomaly_level"",""normalized_value"":""LOW"",""source_evidence_id"":""doc_62bf6495f3a27bc084947384_e0002""}",FORECAST,,25,geological_forecast,fact_lock_3f09a0451d11f567ed64dcaa,DAILY_REVIEW_CELL,"{""cell_id"":null,""daily_state_id"":null,""end_chainage"":1014122.0,""point_chainage"":null,""scope_basis"":""hsp_forecast_table_row"",""scope_kind"":""LOCATED_INTERVAL"",""start_chainage"":1014109.0,""state_role"":null,""valid_date"":null}",doc_62bf6495f3a27bc084947384_e0002,stage7_main_task_043,False
typed_claim_c8953ba029a5def67c075b72,OPERATIONAL_RESPONSE_ATTENTION,"{""is_causal_estimate"":false,""is_hazard_probability"":false,""is_probability"":false,""metric_name"":""RAI"",""metric_semantics"":""OPERATIONAL_RESPONSE_ATTENTION_INDEX"",""metric_status"":""AVAILABLE"",""metric_value"":0.63513130894664,""source_metric_id"":""state_rai_30c58e9f3d39f9826cc5993c""}",,NONPROBABILISTIC_ATTENTION,26,operational_attention,fact_lock_68bea9e8ac6b995649d1bbe9,DAILY_REVIEW_CELL,"{""cell_id"":""cell_ff5e7be1c6332ee68423a3aa"",""daily_state_id"":null,""end_chainage"":null,""point_chainage"":null,""scope_basis"":""stage5b_bitemporal_state_subject"",""scope_kind"":""CELL"",""start_chainage"":null,""state_role"":""DAILY_REVIEW_CELL"",""valid_date"":""2023-11-21""}",state_rai_30c58e9f3d39f9826cc5993c,stage7_main_task_043,False
typed_claim_f7c7da629ef0e4c4b113465f,GEOLOGICAL_EVIDENCE_ATTENTION_REVIEW,"{""is_causal_estimate"":false,""is_hazard_probability"":false,""is_probability"":false,""metric_name"":""GRS"",""metric_semantics"":""GEOLOGICAL_EVIDENCE_ATTENTION_INDEX"",""metric_status"":""AVAILABLE"",""metric_value"":0.5833333333333333,""source_metric_id"":""state_grs_30c58e9f3d39f9826cc5993c""}",,NONPROBABILISTIC_ATTENTION,27,geological_attention,fact_lock_5bbc2483dabd2f23bbfc7274,DAILY_REVIEW_CELL,"{""cell_id"":""cell_ff5e7be1c6332ee68423a3aa"",""daily_state_id"":null,""end_chainage"":null,""point_chainage"":null,""scope_basis"":""stage5b_bitemporal_state_subject"",""scope_kind"":""CELL"",""start_chainage"":null,""state_role"":""DAILY_REVIEW_CELL"",""valid_date"":""2023-11-21""}",state_grs_30c58e9f3d39f9826cc5993c,stage7_main_task_043,False
typed_claim_9e8fd393ec70258817f84087,COUPLED_ATTENTION_REVIEW,"{""is_causal_estimate"":false,""is_hazard_probability"":false,""is_probability"":false,""metric_name"":""GRCI"",""metric_semantics"":""NONPROBABILISTIC_CONJUNCTIVE_PRODUCT"",""metric_status"":""AVAILABLE"",""metric_value"":0.37049326355220663,""source_metric_id"":""state_grci_30c58e9f3d39f9826cc5993c""}",,NONPROBABILISTIC_ATTENTION,28,coupled_attention,fact_lock_c56a09aaf5dac13d56e89817,DAILY_REVIEW_CELL,"{""cell_id"":""cell_ff5e7be1c6332ee68423a3aa"",""daily_state_id"":null,""end_chainage"":null,""point_chainage"":null,""scope_basis"":""stage5b_bitemporal_state_subject"",""scope_kind"":""CELL"",""start_chainage"":null,""state_role"":""DAILY_REVIEW_CELL"",""valid_date"":""2023-11-21""}",state_grci_30c58e9f3d39f9826cc5993c,stage7_main_task_043,False
typed_claim_5646b71a7289d5edd24cf434,OBSERVED_GEOLOGICAL_CONDITION,"{""attribute_dimension"":null,""attribute_name"":""rock_mass_state"",""normalized_value"":""岩体破碎"",""source_evidence_id"":""doc_ce88b5055d612f9f8fb8012e_e0001""}",OBSERVED,,0,geological_observed,fact_lock_e6c6eaed99723b3e45dd5854,DAILY_REVIEW_CELL,"{""cell_id"":null,""daily_state_id"":null,""end_chainage"":null,""point_chainage"":1013674.0,""scope_basis"":""hsp_face_chainage_cell"",""scope_kind"":""LOCATED_POINT"",""start_chainage"":null,""state_role"":null,""valid_date"":null}",doc_ce88b5055d612f9f8fb8012e_e0001,stage7_main_task_044,False
typed_claim_a7e79209c7d92aa113b64eb3,OBSERVED_GEOLOGICAL_CONDITION,"{""attribute_dimension"":null,""attribute_name"":""lithology"",""normalized_value"":""板岩夹变质砂岩"",""source_evidence_id"":""doc_ce88b5055d612f9f8fb8012e_e0001""}",OBSERVED,,1,geological_observed,fact_lock_33670df43a9742867f78a486,DAILY_REVIEW_CELL,"{""cell_id"":null,""daily_state_id"":null,""end_chainage"":null,""point_chainage"":1013674.0,""scope_basis"":""hsp_face_chainage_cell"",""scope_kind"":""LOCATED_POINT"",""start_chainage"":null,""state_role"":null,""valid_date"":null}",doc_ce88b5055d612f9f8fb8012e_e0001,stage7_main_task_044,False
typed_claim_6f956cc10081736f5dc870f7,OBSERVED_GEOLOGICAL_CONDITION,"{""attribute_dimension"":null,""attribute_name"":""weathering"",""normalized_value"":""弱风化"",""source_evidence_id"":""doc_ce88b5055d612f9f8fb8012e_e0001""}",OBSERVED,,2,geological_observed,fact_lock_2e189e0b946075c654d9aad3,DAILY_REVIEW_CELL,"{""cell_id"":null,""daily_state_id"":null,""end_chainage"":null,""point_chainage"":1013674.0,""scope_basis"":""hsp_face_chainage_cell"",""scope_kind"":""LOCATED_POINT"",""start_chainage"":null,""state_role"":null,""valid_date"":null}",doc_ce88b5055d612f9f8fb8012e_e0001,stage7_main_task_044,False
typed_claim_c9509684bcd95d9afdb46786,OBSERVED_GEOLOGICAL_CONDITION,"{""attribute_dimension"":null,""attribute_name"":""geological_description"",""normalized_value"":""开挖面 地质概况 掌子面地层岩性为石炭二叠系板岩夹变质砂岩，围岩整体弱风化，岩质软 硬不均，节理裂隙发育，岩体破碎，拱顶节理裂隙发育密集，存在掉块现象， 岩体相对破碎，拱顶见滴渗水，围岩自稳性较差。"",""source_evidence_id"":""doc_ce88b5055d612f9f8fb8012e_e0001""}",OBSERVED,,3,geological_observed,fact_lock_731b656a91a6dc769acb5137,DAILY_REVIEW_CELL,"{""cell_id"":null,""daily_state_id"":null,""end_chainage"":null,""point_chainage"":1013674.0,""scope_basis"":""hsp_face_chainage_cell"",""scope_kind"":""LOCATED_POINT"",""start_chainage"":null,""state_role"":null,""valid_date"":null}",doc_ce88b5055d612f9f8fb8012e_e0001,stage7_main_task_044,False
typed_claim_a9da2109e7f1cd0f0a35a13c,FORECAST_GEOLOGICAL_CONDITION,"{""attribute_dimension"":null,""attribute_name"":""risk_hint"",""normalized_value"":""里程+680、 +706、+716、 +733附近有 掉块风险"",""source_evidence_id"":""doc_ce88b5055d612f9f8fb8012e_e0002""}",FORECAST,,4,geological_forecast,fact_lock_057a1d7e8946b7ea655d4093,DAILY_REVIEW_CELL,"{""cell_id"":null,""daily_state_id"":null,""end_chainage"":1013736.0,""point_chainage"":null,""scope_basis"":""hsp_forecast_table_row"",""scope_kind"":""LOCATED_INTERVAL"",""start_chainage"":1013674.0,""state_role"":null,""valid_date"":null}",doc_ce88b5055d612f9f8fb8012e_e0002,stage7_main_task_044,False
typed_claim_595ee538572ce3e23d104fe8,FORECAST_GEOLOGICAL_CONDITION,"{""attribute_dimension"":null,""attribute_name"":""risk_hint"",""normalized_value"":""里程+661、 +664、+668、 +674、+678、 +683 附近有 掉块风险"",""source_evidence_id"":""doc_6af39821d5a37fd21b28de70_e0005""}",FORECAST,,5,geological_forecast,fact_lock_de90e702ba8f64827945898e,DAILY_REVIEW_CELL,"{""cell_id"":null,""daily_state_id"":null,""end_chainage"":1013691.0,""point_chainage"":null,""scope_basis"":""hsp_forecast_table_row"",""scope_kind"":""LOCATED_INTERVAL"",""start_chainage"":1013660.0,""state_role"":null,""valid_date"":null}",doc_6af39821d5a37fd21b28de70_e0005,stage7_main_task_044,False
typed_claim_38d7cdfa4b8aa4b10d9497b1,FORECAST_GEOLOGICAL_CONDITION,"{""attribute_dimension"":null,""attribute_name"":""lithology"",""normalized_value"":""板岩夹变质砂岩"",""source_evidence_id"":""doc_ce88b5055d612f9f8fb8012e_e0002""}",FORECAST,,6,geological_forecast,fact_lock_70148200c91ebc526bd7992b,DAILY_REVIEW_CELL,"{""cell_id"":null,""daily_state_id"":null,""end_chainage"":1013736.0,""point_chainage"":null,""scope_basis"":""hsp_forecast_table_row"",""scope_kind"":""LOCATED_INTERVAL"",""start_chainage"":1013674.0,""state_role"":null,""valid_date"":null}",doc_ce88b5055d612f9f8fb8012e_e0002,stage7_main_task_044,False
typed_claim_c5eda3dd5876550b54b41cda,FORECAST_GEOLOGICAL_CONDITION,"{""attribute_dimension"":null,""attribute_name"":""joint_development"",""normalized_value"":""节理裂隙发育密集"",""source_evidence_id"":""doc_6af39821d5a37fd21b28de70_e0005""}",FORECAST,,7,geological_forecast,fact_lock_a16727a0593d475ff70a2125,DAILY_REVIEW_CELL,"{""cell_id"":null,""daily_state_id"":null,""end_chainage"":1013691.0,""point_chainage"":null,""scope_basis"":""hsp_forecast_table_row"",""scope_kind"":""LOCATED_INTERVAL"",""start_chainage"":1013660.0,""state_role"":null,""valid_date"":null}",doc_6af39821d5a37fd21b28de70_e0005,stage7_main_task_044,False
typed_claim_51eb321da7368f5199de277c,FORECAST_GEOLOGICAL_CONDITION,"{""attribute_dimension"":null,""attribute_name"":""weathering"",""normalized_value"":""弱风化"",""source_evidence_id"":""doc_ce88b5055d612f9f8fb8012e_e0002""}",FORECAST,,8,geological_forecast,fact_lock_2224eafaca3ae173a544aef6,DAILY_REVIEW_CELL,"{""cell_id"":null,""daily_state_id"":null,""end_chainage"":1013736.0,""point_chainage"":null,""scope_basis"":""hsp_forecast_table_row"",""scope_kind"":""LOCATED_INTERVAL"",""start_chainage"":1013674.0,""state_role"":null,""valid_date"":null}",doc_ce88b5055d612f9f8fb8012e_e0002,stage7_main_task_044,False
typed_claim_3d48468079fa091a302f994a,FORECAST_GEOLOGICAL_CONDITION,"{""attribute_dimension"":null,""attribute_name"":""anomaly_level"",""normalized_value"":""MODERATE"",""source_evidence_id"":""doc_ce88b5055d612f9f8fb8012e_e0002""}",FORECAST,,9,geological_forecast,fact_lock_51e4a23a878d023e8dfc14eb,DAILY_REVIEW_CELL,"{""cell_id"":null,""daily_state_id"":null,""end_chainage"":1013736.0,""point_chainage"":null,""scope_basis"":""hsp_forecast_table_row"",""scope_kind"":""LOCATED_INTERVAL"",""start_chainage"":1013674.0,""state_role"":null,""valid_date"":null}",doc_ce88b5055d612f9f8fb8012e_e0002,stage7_main_task_044,False
typed_claim_8aca47b1c4539812d3d00c0b,FORECAST_GEOLOGICAL_CONDITION,"{""attribute_dimension"":null,""attribute_name"":""joint_development"",""normalized_value"":""节理裂隙发育密集"",""source_evidence_id"":""doc_ce88b5055d612f9f8fb8012e_e0002""}",FORECAST,,10,geological_forecast,fact_lock_52f78e65cddf0919ad6b10ce,DAILY_REVIEW_CELL,"{""cell_id"":null,""daily_state_id"":null,""end_chainage"":1013736.0,""point_chainage"":null,""scope_basis"":""hsp_forecast_table_row"",""scope_kind"":""LOCATED_INTERVAL"",""start_chainage"":1013674.0,""state_role"":null,""valid_date"":null}",doc_ce88b5055d612f9f8fb8012e_e0002,stage7_main_task_044,False
typed_claim_f23375c6a02de22d33ac8ea0,FORECAST_GEOLOGICAL_CONDITION,"{""attribute_dimension"":null,""attribute_name"":""rock_mass_state"",""normalized_value"":""岩体破碎-极破碎"",""source_evidence_id"":""doc_ce88b5055d612f9f8fb8012e_e0002""}",FORECAST,,11,geological_forecast,fact_lock_e9ac18456b20216cb9559189,DAILY_REVIEW_CELL,"{""cell_id"":null,""daily_state_id"":null,""end_chainage"":1013736.0,""point_chainage"":null,""scope_basis"":""hsp_forecast_table_row"",""scope_kind"":""LOCATED_INTERVAL"",""start_chainage"":1013674.0,""state_role"":null,""valid_date"":null}",doc_ce88b5055d612f9f8fb8012e_e0002,stage7_main_task_044,False
typed_claim_ae129d8ff38b078e0b6e756a,FORECAST_GEOLOGICAL_CONDITION,"{""attribute_dimension"":null,""attribute_name"":""rock_mass_state"",""normalized_value"":""岩体破碎-极破碎"",""source_evidence_id"":""doc_6af39821d5a37fd21b28de70_e0005""}",FORECAST,,12,geological_forecast,fact_lock_1728d6ec5b9e19fff499958c,DAILY_REVIEW_CELL,"{""cell_id"":null,""daily_state_id"":null,""end_chainage"":1013691.0,""point_chainage"":null,""scope_basis"":""hsp_forecast_table_row"",""scope_kind"":""LOCATED_INTERVAL"",""start_chainage"":1013660.0,""state_role"":null,""valid_date"":null}",doc_6af39821d5a37fd21b28de70_e0005,stage7_main_task_044,False
typed_claim_baadfa49428553b603e99372,FORECAST_GEOLOGICAL_CONDITION,"{""attribute_dimension"":null,""attribute_name"":""geological_conclusion"",""normalized_value"":""该段围岩较前段变差。岩性以板 岩为主，弱风化，岩质软，节理 裂隙发育密集，岩体破碎-极破 碎，围岩整体稳定性差"",""source_evidence_id"":""doc_6af39821d5a37fd21b28de70_e0005""}",FORECAST,,13,geological_forecast,fact_lock_67a522824cbc0cbcaee40010,DAILY_REVIEW_CELL,"{""cell_id"":null,""daily_state_id"":null,""end_chainage"":1013691.0,""point_chainage"":null,""scope_basis"":""hsp_forecast_table_row"",""scope_kind"":""LOCATED_INTERVAL"",""start_chainage"":1013660.0,""state_role"":null,""valid_date"":null}",doc_6af39821d5a37fd21b28de70_e0005,stage7_main_task_044,False
typed_claim_8dbbe5480989dde375f9f90a,FORECAST_GEOLOGICAL_CONDITION,"{""attribute_dimension"":null,""attribute_name"":""lithology"",""normalized_value"":""板岩"",""source_evidence_id"":""doc_6af39821d5a37fd21b28de70_e0005""}",FORECAST,,14,geological_forecast,fact_lock_8a44f54e65cb1e6fbd30a6d3,DAILY_REVIEW_CELL,"{""cell_id"":null,""daily_state_id"":null,""end_chainage"":1013691.0,""point_chainage"":null,""scope_basis"":""hsp_forecast_table_row"",""scope_kind"":""LOCATED_INTERVAL"",""start_chainage"":1013660.0,""state_role"":null,""valid_date"":null}",doc_6af39821d5a37fd21b28de70_e0005,stage7_main_task_044,False
typed_claim_094af41ea72f4919b2e84ca0,FORECAST_GEOLOGICAL_CONDITION,"{""attribute_dimension"":null,""attribute_name"":""geological_conclusion"",""normalized_value"":""该段围岩整体较当前掌子面变 差。岩性为板岩夹变质砂岩，弱 风化，岩质软硬不均，节理裂隙 发育，局部段落节理裂隙发育密 集，岩体破碎-极破碎，围岩整体 稳定性差"",""source_evidence_id"":""doc_ce88b5055d612f9f8fb8012e_e0002""}",FORECAST,,15,geological_forecast,fact_lock_bccf051673b9f1631bd37d59,DAILY_REVIEW_CELL,"{""cell_id"":null,""daily_state_id"":null,""end_chainage"":1013736.0,""point_chainage"":null,""scope_basis"":""hsp_forecast_table_row"",""scope_kind"":""LOCATED_INTERVAL"",""start_chainage"":1013674.0,""state_role"":null,""valid_date"":null}",doc_ce88b5055d612f9f8fb8012e_e0002,stage7_main_task_044,False
typed_claim_3616701946e654a572c63dbf,FORECAST_GEOLOGICAL_CONDITION,"{""attribute_dimension"":null,""attribute_name"":""anomaly_level"",""normalized_value"":""MODERATE"",""source_evidence_id"":""doc_6af39821d5a37fd21b28de70_e0005""}",FORECAST,,16,geological_forecast,fact_lock_5d7cef478b816a1bc091a9dc,DAILY_REVIEW_CELL,"{""cell_id"":null,""daily_state_id"":null,""end_chainage"":1013691.0,""point_chainage"":null,""scope_basis"":""hsp_forecast_table_row"",""scope_kind"":""LOCATED_INTERVAL"",""start_chainage"":1013660.0,""state_role"":null,""valid_date"":null}",doc_6af39821d5a37fd21b28de70_e0005,stage7_main_task_044,False
typed_claim_21ca0799ffb7cd13d32c3817,FORECAST_GEOLOGICAL_CONDITION,"{""attribute_dimension"":null,""attribute_name"":""suggested_grade"",""normalized_value"":""Ⅳ级"",""source_evidence_id"":""doc_ce88b5055d612f9f8fb8012e_e0002""}",FORECAST,,17,geological_forecast,fact_lock_87bd57527b23f838ff9dfe28,DAILY_REVIEW_CELL,"{""cell_id"":null,""daily_state_id"":null,""end_chainage"":1013736.0,""point_chainage"":null,""scope_basis"":""hsp_forecast_table_row"",""scope_kind"":""LOCATED_INTERVAL"",""start_chainage"":1013674.0,""state_role"":null,""valid_date"":null}",doc_ce88b5055d612f9f8fb8012e_e0002,stage7_main_task_044,False
typed_claim_6c50091e66257c51fe9ae666,FORECAST_GEOLOGICAL_CONDITION,"{""attribute_dimension"":null,""attribute_name"":""suggested_grade"",""normalized_value"":""Ⅴ级"",""source_evidence_id"":""doc_6af39821d5a37fd21b28de70_e0005""}",FORECAST,,18,geological_forecast,fact_lock_046dbe7c780054300dc19979,DAILY_REVIEW_CELL,"{""cell_id"":null,""daily_state_id"":null,""end_chainage"":1013691.0,""point_chainage"":null,""scope_basis"":""hsp_forecast_table_row"",""scope_kind"":""LOCATED_INTERVAL"",""start_chainage"":1013660.0,""state_role"":null,""valid_date"":null}",doc_6af39821d5a37fd21b28de70_e0005,stage7_main_task_044,False
typed_claim_627c93cebc2d02bb9dadf1d3,FORECAST_GEOLOGICAL_CONDITION,"{""attribute_dimension"":null,""attribute_name"":""weathering"",""normalized_value"":""弱风化"",""source_evidence_id"":""doc_6af39821d5a37fd21b28de70_e0005""}",FORECAST,,19,geological_forecast,fact_lock_54eab64720cb54095085b065,DAILY_REVIEW_CELL,"{""cell_id"":null,""daily_state_id"":null,""end_chainage"":1013691.0,""point_chainage"":null,""scope_basis"":""hsp_forecast_table_row"",""scope_kind"":""LOCATED_INTERVAL"",""start_chainage"":1013660.0,""state_role"":null,""valid_date"":null}",doc_6af39821d5a37fd21b28de70_e0005,stage7_main_task_044,False
typed_claim_eac683603d48bded5fd4474d,OPERATIONAL_RESPONSE_ATTENTION,"{""is_causal_estimate"":false,""is_hazard_probability"":false,""is_probability"":false,""metric_name"":""RAI"",""metric_semantics"":""OPERATIONAL_RESPONSE_ATTENTION_INDEX"",""metric_status"":""AVAILABLE"",""metric_value"":0.21121909698774477,""source_metric_id"":""state_rai_39772fe30dde2192a0bad331""}",,NONPROBABILISTIC_ATTENTION,20,operational_attention,fact_lock_72915178f6bc0b02c0d5a0d1,DAILY_REVIEW_CELL,"{""cell_id"":""cell_2dfc9a7f03542dcf190b7553"",""daily_state_id"":null,""end_chainage"":null,""point_chainage"":null,""scope_basis"":""stage5b_bitemporal_state_subject"",""scope_kind"":""CELL"",""start_chainage"":null,""state_role"":""DAILY_REVIEW_CELL"",""valid_date"":""2023-10-18""}",state_rai_39772fe30dde2192a0bad331,stage7_main_task_044,False
typed_claim_9c732c6cfb3c611d75a451a1,GEOLOGICAL_EVIDENCE_ATTENTION_REVIEW,"{""is_causal_estimate"":false,""is_hazard_probability"":false,""is_probability"":false,""metric_name"":""GRS"",""metric_semantics"":""GEOLOGICAL_EVIDENCE_ATTENTION_INDEX"",""metric_status"":""AVAILABLE"",""metric_value"":0.9166666666666666,""source_metric_id"":""state_grs_39772fe30dde2192a0bad331""}",,NONPROBABILISTIC_ATTENTION,21,geological_attention,fact_lock_58760ec851e2937e6faa51c8,DAILY_REVIEW_CELL,"{""cell_id"":""cell_2dfc9a7f03542dcf190b7553"",""daily_state_id"":null,""end_chainage"":null,""point_chainage"":null,""scope_basis"":""stage5b_bitemporal_state_subject"",""scope_kind"":""CELL"",""start_chainage"":null,""state_role"":""DAILY_REVIEW_CELL"",""valid_date"":""2023-10-18""}",state_grs_39772fe30dde2192a0bad331,stage7_main_task_044,False
typed_claim_42943472b80336b12a40862d,COUPLED_ATTENTION_REVIEW,"{""is_causal_estimate"":false,""is_hazard_probability"":false,""is_probability"":false,""metric_name"":""GRCI"",""metric_semantics"":""NONPROBABILISTIC_CONJUNCTIVE_PRODUCT"",""metric_status"":""AVAILABLE"",""metric_value"":0.19361750557209936,""source_metric_id"":""state_grci_39772fe30dde2192a0bad331""}",,NONPROBABILISTIC_ATTENTION,22,coupled_attention,fact_lock_37cba09ba5ebd227cb81e587,DAILY_REVIEW_CELL,"{""cell_id"":""cell_2dfc9a7f03542dcf190b7553"",""daily_state_id"":null,""end_chainage"":null,""point_chainage"":null,""scope_basis"":""stage5b_bitemporal_state_subject"",""scope_kind"":""CELL"",""start_chainage"":null,""state_role"":""DAILY_REVIEW_CELL"",""valid_date"":""2023-10-18""}",state_grci_39772fe30dde2192a0bad331,stage7_main_task_044,False
typed_claim_5646b71a7289d5edd24cf434,OBSERVED_GEOLOGICAL_CONDITION,"{""attribute_dimension"":null,""attribute_name"":""rock_mass_state"",""normalized_value"":""岩体破碎"",""source_evidence_id"":""doc_ce88b5055d612f9f8fb8012e_e0001""}",OBSERVED,,0,geological_observed,fact_lock_e6c6eaed99723b3e45dd5854,DAILY_REVIEW_CELL,"{""cell_id"":null,""daily_state_id"":null,""end_chainage"":null,""point_chainage"":1013674.0,""scope_basis"":""hsp_face_chainage_cell"",""scope_kind"":""LOCATED_POINT"",""start_chainage"":null,""state_role"":null,""valid_date"":null}",doc_ce88b5055d612f9f8fb8012e_e0001,stage7_main_task_045,False
typed_claim_a7e79209c7d92aa113b64eb3,OBSERVED_GEOLOGICAL_CONDITION,"{""attribute_dimension"":null,""attribute_name"":""lithology"",""normalized_value"":""板岩夹变质砂岩"",""source_evidence_id"":""doc_ce88b5055d612f9f8fb8012e_e0001""}",OBSERVED,,1,geological_observed,fact_lock_33670df43a9742867f78a486,DAILY_REVIEW_CELL,"{""cell_id"":null,""daily_state_id"":null,""end_chainage"":null,""point_chainage"":1013674.0,""scope_basis"":""hsp_face_chainage_cell"",""scope_kind"":""LOCATED_POINT"",""start_chainage"":null,""state_role"":null,""valid_date"":null}",doc_ce88b5055d612f9f8fb8012e_e0001,stage7_main_task_045,False
typed_claim_6f956cc10081736f5dc870f7,OBSERVED_GEOLOGICAL_CONDITION,"{""attribute_dimension"":null,""attribute_name"":""weathering"",""normalized_value"":""弱风化"",""source_evidence_id"":""doc_ce88b5055d612f9f8fb8012e_e0001""}",OBSERVED,,2,geological_observed,fact_lock_2e189e0b946075c654d9aad3,DAILY_REVIEW_CELL,"{""cell_id"":null,""daily_state_id"":null,""end_chainage"":null,""point_chainage"":1013674.0,""scope_basis"":""hsp_face_chainage_cell"",""scope_kind"":""LOCATED_POINT"",""start_chainage"":null,""state_role"":null,""valid_date"":null}",doc_ce88b5055d612f9f8fb8012e_e0001,stage7_main_task_045,False
typed_claim_c9509684bcd95d9afdb46786,OBSERVED_GEOLOGICAL_CONDITION,"{""attribute_dimension"":null,""attribute_name"":""geological_description"",""normalized_value"":""开挖面 地质概况 掌子面地层岩性为石炭二叠系板岩夹变质砂岩，围岩整体弱风化，岩质软 硬不均，节理裂隙发育，岩体破碎，拱顶节理裂隙发育密集，存在掉块现象， 岩体相对破碎，拱顶见滴渗水，围岩自稳性较差。"",""source_evidence_id"":""doc_ce88b5055d612f9f8fb8012e_e0001""}",OBSERVED,,3,geological_observed,fact_lock_731b656a91a6dc769acb5137,DAILY_REVIEW_CELL,"{""cell_id"":null,""daily_state_id"":null,""end_chainage"":null,""point_chainage"":1013674.0,""scope_basis"":""hsp_face_chainage_cell"",""scope_kind"":""LOCATED_POINT"",""start_chainage"":null,""state_role"":null,""valid_date"":null}",doc_ce88b5055d612f9f8fb8012e_e0001,stage7_main_task_045,False
typed_claim_a9da2109e7f1cd0f0a35a13c,FORECAST_GEOLOGICAL_CONDITION,"{""attribute_dimension"":null,""attribute_name"":""risk_hint"",""normalized_value"":""里程+680、 +706、+716、 +733附近有 掉块风险"",""source_evidence_id"":""doc_ce88b5055d612f9f8fb8012e_e0002""}",FORECAST,,4,geological_forecast,fact_lock_057a1d7e8946b7ea655d4093,DAILY_REVIEW_CELL,"{""cell_id"":null,""daily_state_id"":null,""end_chainage"":1013736.0,""point_chainage"":null,""scope_basis"":""hsp_forecast_table_row"",""scope_kind"":""LOCATED_INTERVAL"",""start_chainage"":1013674.0,""state_role"":null,""valid_date"":null}",doc_ce88b5055d612f9f8fb8012e_e0002,stage7_main_task_045,False
typed_claim_595ee538572ce3e23d104fe8,FORECAST_GEOLOGICAL_CONDITION,"{""attribute_dimension"":null,""attribute_name"":""risk_hint"",""normalized_value"":""里程+661、 +664、+668、 +674、+678、 +683 附近有 掉块风险"",""source_evidence_id"":""doc_6af39821d5a37fd21b28de70_e0005""}",FORECAST,,5,geological_forecast,fact_lock_de90e702ba8f64827945898e,DAILY_REVIEW_CELL,"{""cell_id"":null,""daily_state_id"":null,""end_chainage"":1013691.0,""point_chainage"":null,""scope_basis"":""hsp_forecast_table_row"",""scope_kind"":""LOCATED_INTERVAL"",""start_chainage"":1013660.0,""state_role"":null,""valid_date"":null}",doc_6af39821d5a37fd21b28de70_e0005,stage7_main_task_045,False
typed_claim_38d7cdfa4b8aa4b10d9497b1,FORECAST_GEOLOGICAL_CONDITION,"{""attribute_dimension"":null,""attribute_name"":""lithology"",""normalized_value"":""板岩夹变质砂岩"",""source_evidence_id"":""doc_ce88b5055d612f9f8fb8012e_e0002""}",FORECAST,,6,geological_forecast,fact_lock_70148200c91ebc526bd7992b,DAILY_REVIEW_CELL,"{""cell_id"":null,""daily_state_id"":null,""end_chainage"":1013736.0,""point_chainage"":null,""scope_basis"":""hsp_forecast_table_row"",""scope_kind"":""LOCATED_INTERVAL"",""start_chainage"":1013674.0,""state_role"":null,""valid_date"":null}",doc_ce88b5055d612f9f8fb8012e_e0002,stage7_main_task_045,False
typed_claim_c5eda3dd5876550b54b41cda,FORECAST_GEOLOGICAL_CONDITION,"{""attribute_dimension"":null,""attribute_name"":""joint_development"",""normalized_value"":""节理裂隙发育密集"",""source_evidence_id"":""doc_6af39821d5a37fd21b28de70_e0005""}",FORECAST,,7,geological_forecast,fact_lock_a16727a0593d475ff70a2125,DAILY_REVIEW_CELL,"{""cell_id"":null,""daily_state_id"":null,""end_chainage"":1013691.0,""point_chainage"":null,""scope_basis"":""hsp_forecast_table_row"",""scope_kind"":""LOCATED_INTERVAL"",""start_chainage"":1013660.0,""state_role"":null,""valid_date"":null}",doc_6af39821d5a37fd21b28de70_e0005,stage7_main_task_045,False
typed_claim_51eb321da7368f5199de277c,FORECAST_GEOLOGICAL_CONDITION,"{""attribute_dimension"":null,""attribute_name"":""weathering"",""normalized_value"":""弱风化"",""source_evidence_id"":""doc_ce88b5055d612f9f8fb8012e_e0002""}",FORECAST,,8,geological_forecast,fact_lock_2224eafaca3ae173a544aef6,DAILY_REVIEW_CELL,"{""cell_id"":null,""daily_state_id"":null,""end_chainage"":1013736.0,""point_chainage"":null,""scope_basis"":""hsp_forecast_table_row"",""scope_kind"":""LOCATED_INTERVAL"",""start_chainage"":1013674.0,""state_role"":null,""valid_date"":null}",doc_ce88b5055d612f9f8fb8012e_e0002,stage7_main_task_045,False
typed_claim_3d48468079fa091a302f994a,FORECAST_GEOLOGICAL_CONDITION,"{""attribute_dimension"":null,""attribute_name"":""anomaly_level"",""normalized_value"":""MODERATE"",""source_evidence_id"":""doc_ce88b5055d612f9f8fb8012e_e0002""}",FORECAST,,9,geological_forecast,fact_lock_51e4a23a878d023e8dfc14eb,DAILY_REVIEW_CELL,"{""cell_id"":null,""daily_state_id"":null,""end_chainage"":1013736.0,""point_chainage"":null,""scope_basis"":""hsp_forecast_table_row"",""scope_kind"":""LOCATED_INTERVAL"",""start_chainage"":1013674.0,""state_role"":null,""valid_date"":null}",doc_ce88b5055d612f9f8fb8012e_e0002,stage7_main_task_045,False
typed_claim_8aca47b1c4539812d3d00c0b,FORECAST_GEOLOGICAL_CONDITION,"{""attribute_dimension"":null,""attribute_name"":""joint_development"",""normalized_value"":""节理裂隙发育密集"",""source_evidence_id"":""doc_ce88b5055d612f9f8fb8012e_e0002""}",FORECAST,,10,geological_forecast,fact_lock_52f78e65cddf0919ad6b10ce,DAILY_REVIEW_CELL,"{""cell_id"":null,""daily_state_id"":null,""end_chainage"":1013736.0,""point_chainage"":null,""scope_basis"":""hsp_forecast_table_row"",""scope_kind"":""LOCATED_INTERVAL"",""start_chainage"":1013674.0,""state_role"":null,""valid_date"":null}",doc_ce88b5055d612f9f8fb8012e_e0002,stage7_main_task_045,False
typed_claim_f23375c6a02de22d33ac8ea0,FORECAST_GEOLOGICAL_CONDITION,"{""attribute_dimension"":null,""attribute_name"":""rock_mass_state"",""normalized_value"":""岩体破碎-极破碎"",""source_evidence_id"":""doc_ce88b5055d612f9f8fb8012e_e0002""}",FORECAST,,11,geological_forecast,fact_lock_e9ac18456b20216cb9559189,DAILY_REVIEW_CELL,"{""cell_id"":null,""daily_state_id"":null,""end_chainage"":1013736.0,""point_chainage"":null,""scope_basis"":""hsp_forecast_table_row"",""scope_kind"":""LOCATED_INTERVAL"",""start_chainage"":1013674.0,""state_role"":null,""valid_date"":null}",doc_ce88b5055d612f9f8fb8012e_e0002,stage7_main_task_045,False
typed_claim_ae129d8ff38b078e0b6e756a,FORECAST_GEOLOGICAL_CONDITION,"{""attribute_dimension"":null,""attribute_name"":""rock_mass_state"",""normalized_value"":""岩体破碎-极破碎"",""source_evidence_id"":""doc_6af39821d5a37fd21b28de70_e0005""}",FORECAST,,12,geological_forecast,fact_lock_1728d6ec5b9e19fff499958c,DAILY_REVIEW_CELL,"{""cell_id"":null,""daily_state_id"":null,""end_chainage"":1013691.0,""point_chainage"":null,""scope_basis"":""hsp_forecast_table_row"",""scope_kind"":""LOCATED_INTERVAL"",""start_chainage"":1013660.0,""state_role"":null,""valid_date"":null}",doc_6af39821d5a37fd21b28de70_e0005,stage7_main_task_045,False
typed_claim_baadfa49428553b603e99372,FORECAST_GEOLOGICAL_CONDITION,"{""attribute_dimension"":null,""attribute_name"":""geological_conclusion"",""normalized_value"":""该段围岩较前段变差。岩性以板 岩为主，弱风化，岩质软，节理 裂隙发育密集，岩体破碎-极破 碎，围岩整体稳定性差"",""source_evidence_id"":""doc_6af39821d5a37fd21b28de70_e0005""}",FORECAST,,13,geological_forecast,fact_lock_67a522824cbc0cbcaee40010,DAILY_REVIEW_CELL,"{""cell_id"":null,""daily_state_id"":null,""end_chainage"":1013691.0,""point_chainage"":null,""scope_basis"":""hsp_forecast_table_row"",""scope_kind"":""LOCATED_INTERVAL"",""start_chainage"":1013660.0,""state_role"":null,""valid_date"":null}",doc_6af39821d5a37fd21b28de70_e0005,stage7_main_task_045,False
typed_claim_8dbbe5480989dde375f9f90a,FORECAST_GEOLOGICAL_CONDITION,"{""attribute_dimension"":null,""attribute_name"":""lithology"",""normalized_value"":""板岩"",""source_evidence_id"":""doc_6af39821d5a37fd21b28de70_e0005""}",FORECAST,,14,geological_forecast,fact_lock_8a44f54e65cb1e6fbd30a6d3,DAILY_REVIEW_CELL,"{""cell_id"":null,""daily_state_id"":null,""end_chainage"":1013691.0,""point_chainage"":null,""scope_basis"":""hsp_forecast_table_row"",""scope_kind"":""LOCATED_INTERVAL"",""start_chainage"":1013660.0,""state_role"":null,""valid_date"":null}",doc_6af39821d5a37fd21b28de70_e0005,stage7_main_task_045,False
typed_claim_094af41ea72f4919b2e84ca0,FORECAST_GEOLOGICAL_CONDITION,"{""attribute_dimension"":null,""attribute_name"":""geological_conclusion"",""normalized_value"":""该段围岩整体较当前掌子面变 差。岩性为板岩夹变质砂岩，弱 风化，岩质软硬不均，节理裂隙 发育，局部段落节理裂隙发育密 集，岩体破碎-极破碎，围岩整体 稳定性差"",""source_evidence_id"":""doc_ce88b5055d612f9f8fb8012e_e0002""}",FORECAST,,15,geological_forecast,fact_lock_bccf051673b9f1631bd37d59,DAILY_REVIEW_CELL,"{""cell_id"":null,""daily_state_id"":null,""end_chainage"":1013736.0,""point_chainage"":null,""scope_basis"":""hsp_forecast_table_row"",""scope_kind"":""LOCATED_INTERVAL"",""start_chainage"":1013674.0,""state_role"":null,""valid_date"":null}",doc_ce88b5055d612f9f8fb8012e_e0002,stage7_main_task_045,False
typed_claim_3616701946e654a572c63dbf,FORECAST_GEOLOGICAL_CONDITION,"{""attribute_dimension"":null,""attribute_name"":""anomaly_level"",""normalized_value"":""MODERATE"",""source_evidence_id"":""doc_6af39821d5a37fd21b28de70_e0005""}",FORECAST,,16,geological_forecast,fact_lock_5d7cef478b816a1bc091a9dc,DAILY_REVIEW_CELL,"{""cell_id"":null,""daily_state_id"":null,""end_chainage"":1013691.0,""point_chainage"":null,""scope_basis"":""hsp_forecast_table_row"",""scope_kind"":""LOCATED_INTERVAL"",""start_chainage"":1013660.0,""state_role"":null,""valid_date"":null}",doc_6af39821d5a37fd21b28de70_e0005,stage7_main_task_045,False
typed_claim_21ca0799ffb7cd13d32c3817,FORECAST_GEOLOGICAL_CONDITION,"{""attribute_dimension"":null,""attribute_name"":""suggested_grade"",""normalized_value"":""Ⅳ级"",""source_evidence_id"":""doc_ce88b5055d612f9f8fb8012e_e0002""}",FORECAST,,17,geological_forecast,fact_lock_87bd57527b23f838ff9dfe28,DAILY_REVIEW_CELL,"{""cell_id"":null,""daily_state_id"":null,""end_chainage"":1013736.0,""point_chainage"":null,""scope_basis"":""hsp_forecast_table_row"",""scope_kind"":""LOCATED_INTERVAL"",""start_chainage"":1013674.0,""state_role"":null,""valid_date"":null}",doc_ce88b5055d612f9f8fb8012e_e0002,stage7_main_task_045,False
typed_claim_6c50091e66257c51fe9ae666,FORECAST_GEOLOGICAL_CONDITION,"{""attribute_dimension"":null,""attribute_name"":""suggested_grade"",""normalized_value"":""Ⅴ级"",""source_evidence_id"":""doc_6af39821d5a37fd21b28de70_e0005""}",FORECAST,,18,geological_forecast,fact_lock_046dbe7c780054300dc19979,DAILY_REVIEW_CELL,"{""cell_id"":null,""daily_state_id"":null,""end_chainage"":1013691.0,""point_chainage"":null,""scope_basis"":""hsp_forecast_table_row"",""scope_kind"":""LOCATED_INTERVAL"",""start_chainage"":1013660.0,""state_role"":null,""valid_date"":null}",doc_6af39821d5a37fd21b28de70_e0005,stage7_main_task_045,False
typed_claim_627c93cebc2d02bb9dadf1d3,FORECAST_GEOLOGICAL_CONDITION,"{""attribute_dimension"":null,""attribute_name"":""weathering"",""normalized_value"":""弱风化"",""source_evidence_id"":""doc_6af39821d5a37fd21b28de70_e0005""}",FORECAST,,19,geological_forecast,fact_lock_54eab64720cb54095085b065,DAILY_REVIEW_CELL,"{""cell_id"":null,""daily_state_id"":null,""end_chainage"":1013691.0,""point_chainage"":null,""scope_basis"":""hsp_forecast_table_row"",""scope_kind"":""LOCATED_INTERVAL"",""start_chainage"":1013660.0,""state_role"":null,""valid_date"":null}",doc_6af39821d5a37fd21b28de70_e0005,stage7_main_task_045,False
typed_claim_eac683603d48bded5fd4474d,OPERATIONAL_RESPONSE_ATTENTION,"{""is_causal_estimate"":false,""is_hazard_probability"":false,""is_probability"":false,""metric_name"":""RAI"",""metric_semantics"":""OPERATIONAL_RESPONSE_ATTENTION_INDEX"",""metric_status"":""AVAILABLE"",""metric_value"":0.21121909698774477,""source_metric_id"":""state_rai_39772fe30dde2192a0bad331""}",,NONPROBABILISTIC_ATTENTION,20,operational_attention,fact_lock_72915178f6bc0b02c0d5a0d1,DAILY_REVIEW_CELL,"{""cell_id"":""cell_2dfc9a7f03542dcf190b7553"",""daily_state_id"":null,""end_chainage"":null,""point_chainage"":null,""scope_basis"":""stage5b_bitemporal_state_subject"",""scope_kind"":""CELL"",""start_chainage"":null,""state_role"":""DAILY_REVIEW_CELL"",""valid_date"":""2023-10-18""}",state_rai_39772fe30dde2192a0bad331,stage7_main_task_045,False
typed_claim_9c732c6cfb3c611d75a451a1,GEOLOGICAL_EVIDENCE_ATTENTION_REVIEW,"{""is_causal_estimate"":false,""is_hazard_probability"":false,""is_probability"":false,""metric_name"":""GRS"",""metric_semantics"":""GEOLOGICAL_EVIDENCE_ATTENTION_INDEX"",""metric_status"":""AVAILABLE"",""metric_value"":0.9166666666666666,""source_metric_id"":""state_grs_39772fe30dde2192a0bad331""}",,NONPROBABILISTIC_ATTENTION,21,geological_attention,fact_lock_58760ec851e2937e6faa51c8,DAILY_REVIEW_CELL,"{""cell_id"":""cell_2dfc9a7f03542dcf190b7553"",""daily_state_id"":null,""end_chainage"":null,""point_chainage"":null,""scope_basis"":""stage5b_bitemporal_state_subject"",""scope_kind"":""CELL"",""start_chainage"":null,""state_role"":""DAILY_REVIEW_CELL"",""valid_date"":""2023-10-18""}",state_grs_39772fe30dde2192a0bad331,stage7_main_task_045,False
typed_claim_42943472b80336b12a40862d,COUPLED_ATTENTION_REVIEW,"{""is_causal_estimate"":false,""is_hazard_probability"":false,""is_probability"":false,""metric_name"":""GRCI"",""metric_semantics"":""NONPROBABILISTIC_CONJUNCTIVE_PRODUCT"",""metric_status"":""AVAILABLE"",""metric_value"":0.19361750557209936,""source_metric_id"":""state_grci_39772fe30dde2192a0bad331""}",,NONPROBABILISTIC_ATTENTION,22,coupled_attention,fact_lock_37cba09ba5ebd227cb81e587,DAILY_REVIEW_CELL,"{""cell_id"":""cell_2dfc9a7f03542dcf190b7553"",""daily_state_id"":null,""end_chainage"":null,""point_chainage"":null,""scope_basis"":""stage5b_bitemporal_state_subject"",""scope_kind"":""CELL"",""start_chainage"":null,""state_role"":""DAILY_REVIEW_CELL"",""valid_date"":""2023-10-18""}",state_grci_39772fe30dde2192a0bad331,stage7_main_task_045,False
typed_claim_849119e3a185ec1216f40a89,OPERATIONAL_RESPONSE_ATTENTION,"{""is_causal_estimate"":false,""is_hazard_probability"":false,""is_probability"":false,""metric_name"":""RAI"",""metric_semantics"":""OPERATIONAL_RESPONSE_ATTENTION_INDEX"",""metric_status"":""AVAILABLE"",""metric_value"":0.47258538916752507,""source_metric_id"":""state_rai_6c00bd433b684ad13e32b86f""}",,NONPROBABILISTIC_ATTENTION,0,operational_attention,fact_lock_b237f500ccc92840db5ee06f,DAILY_REVIEW_CELL,"{""cell_id"":""cell_83789dbb3816b79a8bf0fcff"",""daily_state_id"":null,""end_chainage"":null,""point_chainage"":null,""scope_basis"":""stage5b_bitemporal_state_subject"",""scope_kind"":""CELL"",""start_chainage"":null,""state_role"":""DAILY_REVIEW_CELL"",""valid_date"":""2023-10-18""}",state_rai_6c00bd433b684ad13e32b86f,stage7_main_task_046,False
typed_claim_bd89525622ca00fe60491ef9,OPERATIONAL_RESPONSE_ATTENTION,"{""is_causal_estimate"":false,""is_hazard_probability"":false,""is_probability"":false,""metric_name"":""RAI"",""metric_semantics"":""OPERATIONAL_RESPONSE_ATTENTION_INDEX"",""metric_status"":""AVAILABLE"",""metric_value"":0.20885738107476373,""source_metric_id"":""state_rai_1e0a4aaffabaa9d80b2e263c""}",,NONPROBABILISTIC_ATTENTION,1,operational_attention,fact_lock_e7ea4469949252c58891ab16,DAILY_REVIEW_CELL,"{""cell_id"":""cell_bf453b474a2d9306cdad13e0"",""daily_state_id"":null,""end_chainage"":null,""point_chainage"":null,""scope_basis"":""stage5b_bitemporal_state_subject"",""scope_kind"":""CELL"",""start_chainage"":null,""state_role"":""DAILY_REVIEW_CELL"",""valid_date"":""2023-10-18""}",state_rai_1e0a4aaffabaa9d80b2e263c,stage7_main_task_046,False
typed_claim_eac683603d48bded5fd4474d,OPERATIONAL_RESPONSE_ATTENTION,"{""is_causal_estimate"":false,""is_hazard_probability"":false,""is_probability"":false,""metric_name"":""RAI"",""metric_semantics"":""OPERATIONAL_RESPONSE_ATTENTION_INDEX"",""metric_status"":""AVAILABLE"",""metric_value"":0.21121909698774477,""source_metric_id"":""state_rai_39772fe30dde2192a0bad331""}",,NONPROBABILISTIC_ATTENTION,2,operational_attention,fact_lock_72915178f6bc0b02c0d5a0d1,DAILY_REVIEW_CELL,"{""cell_id"":""cell_2dfc9a7f03542dcf190b7553"",""daily_state_id"":null,""end_chainage"":null,""point_chainage"":null,""scope_basis"":""stage5b_bitemporal_state_subject"",""scope_kind"":""CELL"",""start_chainage"":null,""state_role"":""DAILY_REVIEW_CELL"",""valid_date"":""2023-10-18""}",state_rai_39772fe30dde2192a0bad331,stage7_main_task_046,False
typed_claim_b9fd45cc7a48513ce8e901b8,GEOLOGICAL_EVIDENCE_ATTENTION_REVIEW,"{""is_causal_estimate"":false,""is_hazard_probability"":false,""is_probability"":false,""metric_name"":""GRS"",""metric_semantics"":""GEOLOGICAL_EVIDENCE_ATTENTION_INDEX"",""metric_status"":""AVAILABLE"",""metric_value"":0.5416666666666666,""source_metric_id"":""state_grs_6c00bd433b684ad13e32b86f""}",,NONPROBABILISTIC_ATTENTION,3,geological_attention,fact_lock_e98d6b125effd763cf7474bc,DAILY_REVIEW_CELL,"{""cell_id"":""cell_83789dbb3816b79a8bf0fcff"",""daily_state_id"":null,""end_chainage"":null,""point_chainage"":null,""scope_basis"":""stage5b_bitemporal_state_subject"",""scope_kind"":""CELL"",""start_chainage"":null,""state_role"":""DAILY_REVIEW_CELL"",""valid_date"":""2023-10-18""}",state_grs_6c00bd433b684ad13e32b86f,stage7_main_task_046,False
typed_claim_24228b1a06f7290a78759761,GEOLOGICAL_EVIDENCE_ATTENTION_REVIEW,"{""is_causal_estimate"":false,""is_hazard_probability"":false,""is_probability"":false,""metric_name"":""GRS"",""metric_semantics"":""GEOLOGICAL_EVIDENCE_ATTENTION_INDEX"",""metric_status"":""AVAILABLE"",""metric_value"":0.9166666666666666,""source_metric_id"":""state_grs_1e0a4aaffabaa9d80b2e263c""}",,NONPROBABILISTIC_ATTENTION,4,geological_attention,fact_lock_e4a87f07aabf2a0d4e5a82b1,DAILY_REVIEW_CELL,"{""cell_id"":""cell_bf453b474a2d9306cdad13e0"",""daily_state_id"":null,""end_chainage"":null,""point_chainage"":null,""scope_basis"":""stage5b_bitemporal_state_subject"",""scope_kind"":""CELL"",""start_chainage"":null,""state_role"":""DAILY_REVIEW_CELL"",""valid_date"":""2023-10-18""}",state_grs_1e0a4aaffabaa9d80b2e263c,stage7_main_task_046,False
typed_claim_9c732c6cfb3c611d75a451a1,GEOLOGICAL_EVIDENCE_ATTENTION_REVIEW,"{""is_causal_estimate"":false,""is_hazard_probability"":false,""is_probability"":false,""metric_name"":""GRS"",""metric_semantics"":""GEOLOGICAL_EVIDENCE_ATTENTION_INDEX"",""metric_status"":""AVAILABLE"",""metric_value"":0.9166666666666666,""source_metric_id"":""state_grs_39772fe30dde2192a0bad331""}",,NONPROBABILISTIC_ATTENTION,5,geological_attention,fact_lock_58760ec851e2937e6faa51c8,DAILY_REVIEW_CELL,"{""cell_id"":""cell_2dfc9a7f03542dcf190b7553"",""daily_state_id"":null,""end_chainage"":null,""point_chainage"":null,""scope_basis"":""stage5b_bitemporal_state_subject"",""scope_kind"":""CELL"",""start_chainage"":null,""state_role"":""DAILY_REVIEW_CELL"",""valid_date"":""2023-10-18""}",state_grs_39772fe30dde2192a0bad331,stage7_main_task_046,False
typed_claim_e21764a673291eb29a021cf1,COUPLED_ATTENTION_REVIEW,"{""is_causal_estimate"":false,""is_hazard_probability"":false,""is_probability"":false,""metric_name"":""GRCI"",""metric_semantics"":""NONPROBABILISTIC_CONJUNCTIVE_PRODUCT"",""metric_status"":""AVAILABLE"",""metric_value"":0.25598375246574273,""source_metric_id"":""state_grci_6c00bd433b684ad13e32b86f""}",,NONPROBABILISTIC_ATTENTION,6,coupled_attention,fact_lock_fdf4867f46913558dff92235,DAILY_REVIEW_CELL,"{""cell_id"":""cell_83789dbb3816b79a8bf0fcff"",""daily_state_id"":null,""end_chainage"":null,""point_chainage"":null,""scope_basis"":""stage5b_bitemporal_state_subject"",""scope_kind"":""CELL"",""start_chainage"":null,""state_role"":""DAILY_REVIEW_CELL"",""valid_date"":""2023-10-18""}",state_grci_6c00bd433b684ad13e32b86f,stage7_main_task_046,False
typed_claim_206e3a8bc85aefc79ca56bf9,COUPLED_ATTENTION_REVIEW,"{""is_causal_estimate"":false,""is_hazard_probability"":false,""is_probability"":false,""metric_name"":""GRCI"",""metric_semantics"":""NONPROBABILISTIC_CONJUNCTIVE_PRODUCT"",""metric_status"":""AVAILABLE"",""metric_value"":0.19145259931853342,""source_metric_id"":""state_grci_1e0a4aaffabaa9d80b2e263c""}",,NONPROBABILISTIC_ATTENTION,7,coupled_attention,fact_lock_fcea40c069ddd4deb35712ae,DAILY_REVIEW_CELL,"{""cell_id"":""cell_bf453b474a2d9306cdad13e0"",""daily_state_id"":null,""end_chainage"":null,""point_chainage"":null,""scope_basis"":""stage5b_bitemporal_state_subject"",""scope_kind"":""CELL"",""start_chainage"":null,""state_role"":""DAILY_REVIEW_CELL"",""valid_date"":""2023-10-18""}",state_grci_1e0a4aaffabaa9d80b2e263c,stage7_main_task_046,False
typed_claim_42943472b80336b12a40862d,COUPLED_ATTENTION_REVIEW,"{""is_causal_estimate"":false,""is_hazard_probability"":false,""is_probability"":false,""metric_name"":""GRCI"",""metric_semantics"":""NONPROBABILISTIC_CONJUNCTIVE_PRODUCT"",""metric_status"":""AVAILABLE"",""metric_value"":0.19361750557209936,""source_metric_id"":""state_grci_39772fe30dde2192a0bad331""}",,NONPROBABILISTIC_ATTENTION,8,coupled_attention,fact_lock_37cba09ba5ebd227cb81e587,DAILY_REVIEW_CELL,"{""cell_id"":""cell_2dfc9a7f03542dcf190b7553"",""daily_state_id"":null,""end_chainage"":null,""point_chainage"":null,""scope_basis"":""stage5b_bitemporal_state_subject"",""scope_kind"":""CELL"",""start_chainage"":null,""state_role"":""DAILY_REVIEW_CELL"",""valid_date"":""2023-10-18""}",state_grci_39772fe30dde2192a0bad331,stage7_main_task_046,False
typed_claim_608b3b3eecce761eeab4c599,FORWARD_GEOLOGICAL_ATTENTION,"{""is_causal_estimate"":false,""is_hazard_probability"":false,""is_probability"":false,""metric_name"":""GRS"",""metric_semantics"":""FORWARD_GEOLOGICAL_EVIDENCE_ATTENTION_INDEX"",""metric_status"":""AVAILABLE"",""metric_value"":0.8333333333333333,""source_metric_id"":""state_grs_ecf3501edda2757c936f3e6c""}",,NONPROBABILISTIC_ATTENTION,9,forward_attention,fact_lock_806af81dcc0fa77d66f6d835,FORWARD_ATTENTION_CELL,"{""cell_id"":""cell_e610b4ce3922994ac4da48cb"",""daily_state_id"":null,""end_chainage"":null,""point_chainage"":null,""scope_basis"":""stage5b_bitemporal_state_subject"",""scope_kind"":""CELL"",""start_chainage"":null,""state_role"":""FORWARD_ATTENTION_CELL"",""valid_date"":""2023-10-18""}",state_grs_ecf3501edda2757c936f3e6c,stage7_main_task_046,False
typed_claim_8bc6aa7a6f72c88e8795fdb0,FORWARD_GEOLOGICAL_ATTENTION,"{""is_causal_estimate"":false,""is_hazard_probability"":false,""is_probability"":false,""metric_name"":""GRS"",""metric_semantics"":""FORWARD_GEOLOGICAL_EVIDENCE_ATTENTION_INDEX"",""metric_status"":""AVAILABLE"",""metric_value"":0.8333333333333333,""source_metric_id"":""state_grs_5e34c835e08798e845e03f3d""}",,NONPROBABILISTIC_ATTENTION,10,forward_attention,fact_lock_9865cf56b7f277077fba2c8e,FORWARD_ATTENTION_CELL,"{""cell_id"":""cell_9014e249e35a590ee949d882"",""daily_state_id"":null,""end_chainage"":null,""point_chainage"":null,""scope_basis"":""stage5b_bitemporal_state_subject"",""scope_kind"":""CELL"",""start_chainage"":null,""state_role"":""FORWARD_ATTENTION_CELL"",""valid_date"":""2023-10-18""}",state_grs_5e34c835e08798e845e03f3d,stage7_main_task_046,False
typed_claim_81107e13ae5f0682fd9e6d07,FORWARD_GEOLOGICAL_ATTENTION,"{""is_causal_estimate"":false,""is_hazard_probability"":false,""is_probability"":false,""metric_name"":""GRS"",""metric_semantics"":""FORWARD_GEOLOGICAL_EVIDENCE_ATTENTION_INDEX"",""metric_status"":""AVAILABLE"",""metric_value"":0.8333333333333333,""source_metric_id"":""state_grs_e7a4515cd812b863eae37044""}",,NONPROBABILISTIC_ATTENTION,11,forward_attention,fact_lock_72ebabe67c458f5d6763221f,FORWARD_ATTENTION_CELL,"{""cell_id"":""cell_feb25603908516ff7807e05b"",""daily_state_id"":null,""end_chainage"":null,""point_chainage"":null,""scope_basis"":""stage5b_bitemporal_state_subject"",""scope_kind"":""CELL"",""start_chainage"":null,""state_role"":""FORWARD_ATTENTION_CELL"",""valid_date"":""2023-10-18""}",state_grs_e7a4515cd812b863eae37044,stage7_main_task_046,False
typed_claim_2c0a71ad03c0cce05947dc79,OBSERVED_GEOLOGICAL_CONDITION,"{""attribute_dimension"":null,""attribute_name"":""excavated_face_state"",""normalized_value"":""随时间松弛、掉块"",""source_evidence_id"":""doc_92ed6fc990e0bcf3c15a3e67_e0001""}",OBSERVED,,0,geological_observed,fact_lock_27ce68cbcfcd12182dde102c,DAILY_REVIEW_CELL,"{""cell_id"":null,""daily_state_id"":null,""end_chainage"":null,""point_chainage"":1014081.8,""scope_basis"":""header_face_chainage"",""scope_kind"":""LOCATED_POINT"",""start_chainage"":null,""state_role"":null,""valid_date"":null}",doc_92ed6fc990e0bcf3c15a3e67_e0001,stage7_main_task_047,False
typed_claim_1a6ea67548bfec3f3f46bde6,OBSERVED_GEOLOGICAL_CONDITION,"{""attribute_dimension"":null,""attribute_name"":""rock_strength"",""normalized_value"":""30＜R≤60"",""source_evidence_id"":""doc_92ed6fc990e0bcf3c15a3e67_e0001""}",OBSERVED,,1,geological_observed,fact_lock_0e9e57fba1eb5cb41df62b27,DAILY_REVIEW_CELL,"{""cell_id"":null,""daily_state_id"":null,""end_chainage"":null,""point_chainage"":1014081.8,""scope_basis"":""header_face_chainage"",""scope_kind"":""LOCATED_POINT"",""start_chainage"":null,""state_role"":null,""valid_date"":null}",doc_92ed6fc990e0bcf3c15a3e67_e0001,stage7_main_task_047,False
typed_claim_64d521a695f1691314d1b407,OBSERVED_GEOLOGICAL_CONDITION,"{""attribute_dimension"":null,""attribute_name"":""water_type"",""normalized_value"":""滴渗水；线状出水"",""source_evidence_id"":""doc_92ed6fc990e0bcf3c15a3e67_e0001""}",OBSERVED,,2,geological_observed,fact_lock_eb09b1ea4b4837c2a0f9ddf3,DAILY_REVIEW_CELL,"{""cell_id"":null,""daily_state_id"":null,""end_chainage"":null,""point_chainage"":1014081.8,""scope_basis"":""header_face_chainage"",""scope_kind"":""LOCATED_POINT"",""start_chainage"":null,""state_role"":null,""valid_date"":null}",doc_92ed6fc990e0bcf3c15a3e67_e0001,stage7_main_task_047,False
typed_claim_501890e094c46d6ef0883afe,OBSERVED_GEOLOGICAL_CONDITION,"{""attribute_dimension"":null,""attribute_name"":""design_surrounding_rock_grade"",""normalized_value"":""Ⅲ级"",""source_evidence_id"":""doc_92ed6fc990e0bcf3c15a3e67_e0001""}",OBSERVED,,3,geological_observed,fact_lock_5fbb93533857c274dd5fcadb,DAILY_REVIEW_CELL,"{""cell_id"":null,""daily_state_id"":null,""end_chainage"":null,""point_chainage"":1014081.8,""scope_basis"":""header_face_chainage"",""scope_kind"":""LOCATED_POINT"",""start_chainage"":null,""state_role"":null,""valid_date"":null}",doc_92ed6fc990e0bcf3c15a3e67_e0001,stage7_main_task_047,False
typed_claim_ee39a1f313f1bfcaab40e053,OBSERVED_GEOLOGICAL_CONDITION,"{""attribute_dimension"":null,""attribute_name"":""form_water_status"",""normalized_value"":""其它500"",""source_evidence_id"":""doc_92ed6fc990e0bcf3c15a3e67_e0001""}",OBSERVED,,4,geological_observed,fact_lock_cea80287877909306731d81e,DAILY_REVIEW_CELL,"{""cell_id"":null,""daily_state_id"":null,""end_chainage"":null,""point_chainage"":1014081.8,""scope_basis"":""header_face_chainage"",""scope_kind"":""LOCATED_POINT"",""start_chainage"":null,""state_role"":null,""valid_date"":null}",doc_92ed6fc990e0bcf3c15a3e67_e0001,stage7_main_task_047,False
typed_claim_d01af430698e9e67a4f41e4c,OBSERVED_GEOLOGICAL_CONDITION,"{""attribute_dimension"":null,""attribute_name"":""lithology"",""normalized_value"":""板岩夹变质砂岩"",""source_evidence_id"":""doc_62bf6495f3a27bc084947384_e0001""}",OBSERVED,,5,geological_observed,fact_lock_27485cc489909e2812db1196,DAILY_REVIEW_CELL,"{""cell_id"":null,""daily_state_id"":null,""end_chainage"":null,""point_chainage"":1014109.0,""scope_basis"":""hsp_face_chainage_cell"",""scope_kind"":""LOCATED_POINT"",""start_chainage"":null,""state_role"":null,""valid_date"":null}",doc_62bf6495f3a27bc084947384_e0001,stage7_main_task_047,False
typed_claim_a6a80545035081556a7fd618,OBSERVED_GEOLOGICAL_CONDITION,"{""attribute_dimension"":null,""attribute_name"":""narrative_water_observation"",""normalized_value"":""滴渗水；线状出水"",""source_evidence_id"":""doc_92ed6fc990e0bcf3c15a3e67_e0001""}",OBSERVED,,6,geological_observed,fact_lock_1b45f43e892316f87f1669c4,DAILY_REVIEW_CELL,"{""cell_id"":null,""daily_state_id"":null,""end_chainage"":null,""point_chainage"":1014081.8,""scope_basis"":""header_face_chainage"",""scope_kind"":""LOCATED_POINT"",""start_chainage"":null,""state_role"":null,""valid_date"":null}",doc_92ed6fc990e0bcf3c15a3e67_e0001,stage7_main_task_047,False
typed_claim_f85eaa56058060aabcd7041e,OBSERVED_GEOLOGICAL_CONDITION,"{""attribute_dimension"":null,""attribute_name"":""geological_description"",""normalized_value"":""开挖面 地质概况 当前掌子面出露岩性为石炭二叠系板岩夹变质砂岩，围岩整体弱风化，岩 质硬，节理裂隙较发育-发育，岩体较破碎-破碎，左侧边墙节理裂隙发育相对密 集，层间结合一般，左右边墙存在轻微掉块现象，见滴渗水-线状出水。"",""source_evidence_id"":""doc_62bf6495f3a27bc084947384_e0001""}",OBSERVED,,7,geological_observed,fact_lock_1178b5eed9fa52f364999d92,DAILY_REVIEW_CELL,"{""cell_id"":null,""daily_state_id"":null,""end_chainage"":null,""point_chainage"":1014109.0,""scope_basis"":""hsp_face_chainage_cell"",""scope_kind"":""LOCATED_POINT"",""start_chainage"":null,""state_role"":null,""valid_date"":null}",doc_62bf6495f3a27bc084947384_e0001,stage7_main_task_047,False
typed_claim_24f71be872cb95bb58ba0530,OBSERVED_GEOLOGICAL_CONDITION,"{""attribute_dimension"":null,""attribute_name"":""suggested_surrounding_rock_grade"",""normalized_value"":""Ⅲ级"",""source_evidence_id"":""doc_92ed6fc990e0bcf3c15a3e67_e0001""}",OBSERVED,,8,geological_observed,fact_lock_de0df51bcaece486f6255e96,DAILY_REVIEW_CELL,"{""cell_id"":null,""daily_state_id"":null,""end_chainage"":null,""point_chainage"":1014081.8,""scope_basis"":""header_face_chainage"",""scope_kind"":""LOCATED_POINT"",""start_chainage"":null,""state_role"":null,""valid_date"":null}",doc_92ed6fc990e0bcf3c15a3e67_e0001,stage7_main_task_047,False
typed_claim_cbd105e64a2d9ae28d23b2cd,OBSERVED_GEOLOGICAL_CONDITION,"{""attribute_dimension"":null,""attribute_name"":""joint_development"",""normalized_value"":""节理裂隙较发育"",""source_evidence_id"":""doc_92ed6fc990e0bcf3c15a3e67_e0001""}",OBSERVED,,9,geological_observed,fact_lock_fa47e3359a0912ecd5d989a7,DAILY_REVIEW_CELL,"{""cell_id"":null,""daily_state_id"":null,""end_chainage"":null,""point_chainage"":1014081.8,""scope_basis"":""header_face_chainage"",""scope_kind"":""LOCATED_POINT"",""start_chainage"":null,""state_role"":null,""valid_date"":null}",doc_92ed6fc990e0bcf3c15a3e67_e0001,stage7_main_task_047,False
typed_claim_7e25b01140e89cb0d3b2c571,OBSERVED_GEOLOGICAL_CONDITION,"{""attribute_dimension"":null,""attribute_name"":""karst_development"",""normalized_value"":""无"",""source_evidence_id"":""doc_92ed6fc990e0bcf3c15a3e67_e0001""}",OBSERVED,,10,geological_observed,fact_lock_2c7a8479708df7e3c7e0bd7d,DAILY_REVIEW_CELL,"{""cell_id"":null,""daily_state_id"":null,""end_chainage"":null,""point_chainage"":1014081.8,""scope_basis"":""header_face_chainage"",""scope_kind"":""LOCATED_POINT"",""start_chainage"":null,""state_role"":null,""valid_date"":null}",doc_92ed6fc990e0bcf3c15a3e67_e0001,stage7_main_task_047,False
typed_claim_624157686750d8771a2ba959,OBSERVED_GEOLOGICAL_CONDITION,"{""attribute_dimension"":null,""attribute_name"":""lithology"",""normalized_value"":""板岩夹变质砂岩"",""source_evidence_id"":""doc_92ed6fc990e0bcf3c15a3e67_e0001""}",OBSERVED,,11,geological_observed,fact_lock_dcc79b5f4fb7cb22a16a17fe,DAILY_REVIEW_CELL,"{""cell_id"":null,""daily_state_id"":null,""end_chainage"":null,""point_chainage"":1014081.8,""scope_basis"":""header_face_chainage"",""scope_kind"":""LOCATED_POINT"",""start_chainage"":null,""state_role"":null,""valid_date"":null}",doc_92ed6fc990e0bcf3c15a3e67_e0001,stage7_main_task_047,False
typed_claim_01da036b54fd86f08047355b,OBSERVED_GEOLOGICAL_CONDITION,"{""attribute_dimension"":null,""attribute_name"":""joint_roughness"",""normalized_value"":""平整光滑有擦痕"",""source_evidence_id"":""doc_92ed6fc990e0bcf3c15a3e67_e0001""}",OBSERVED,,12,geological_observed,fact_lock_36ba5258b15256b570a7a8d5,DAILY_REVIEW_CELL,"{""cell_id"":null,""daily_state_id"":null,""end_chainage"":null,""point_chainage"":1014081.8,""scope_basis"":""header_face_chainage"",""scope_kind"":""LOCATED_POINT"",""start_chainage"":null,""state_role"":null,""valid_date"":null}",doc_92ed6fc990e0bcf3c15a3e67_e0001,stage7_main_task_047,False
typed_claim_5ce42fecf1cb9c34136be85a,OBSERVED_GEOLOGICAL_CONDITION,"{""attribute_dimension"":null,""attribute_name"":""joint_aperture"",""normalized_value"":""部分张开0.1～0.5"",""source_evidence_id"":""doc_92ed6fc990e0bcf3c15a3e67_e0001""}",OBSERVED,,13,geological_observed,fact_lock_e6ffab4c809cbfbe97b67d37,DAILY_REVIEW_CELL,"{""cell_id"":null,""daily_state_id"":null,""end_chainage"":null,""point_chainage"":1014081.8,""scope_basis"":""header_face_chainage"",""scope_kind"":""LOCATED_POINT"",""start_chainage"":null,""state_role"":null,""valid_date"":null}",doc_92ed6fc990e0bcf3c15a3e67_e0001,stage7_main_task_047,False
typed_claim_d81f02796da454610a9be5da,OBSERVED_GEOLOGICAL_CONDITION,"{""attribute_dimension"":null,""attribute_name"":""rock_mass_state"",""normalized_value"":""岩体较破碎"",""source_evidence_id"":""doc_62bf6495f3a27bc084947384_e0001""}",OBSERVED,,14,geological_observed,fact_lock_2cbd5785deb63dc83514f0e5,DAILY_REVIEW_CELL,"{""cell_id"":null,""daily_state_id"":null,""end_chainage"":null,""point_chainage"":1014109.0,""scope_basis"":""hsp_face_chainage_cell"",""scope_kind"":""LOCATED_POINT"",""start_chainage"":null,""state_role"":null,""valid_date"":null}",doc_62bf6495f3a27bc084947384_e0001,stage7_main_task_047,False
typed_claim_7d36b0f1be538d915f0cb744,OBSERVED_GEOLOGICAL_CONDITION,"{""attribute_dimension"":null,""attribute_name"":""weathering"",""normalized_value"":""弱风化"",""source_evidence_id"":""doc_92ed6fc990e0bcf3c15a3e67_e0001""}",OBSERVED,,15,geological_observed,fact_lock_4925566838bce5d9980b8099,DAILY_REVIEW_CELL,"{""cell_id"":null,""daily_state_id"":null,""end_chainage"":null,""point_chainage"":1014081.8,""scope_basis"":""header_face_chainage"",""scope_kind"":""LOCATED_POINT"",""start_chainage"":null,""state_role"":null,""valid_date"":null}",doc_92ed6fc990e0bcf3c15a3e67_e0001,stage7_main_task_047,False
typed_claim_c3cc065ac2d5ba0045aead57,OBSERVED_GEOLOGICAL_CONDITION,"{""attribute_dimension"":null,""attribute_name"":""weathering"",""normalized_value"":""弱风化"",""source_evidence_id"":""doc_62bf6495f3a27bc084947384_e0001""}",OBSERVED,,16,geological_observed,fact_lock_a3c9d36628fe9073c06c55ab,DAILY_REVIEW_CELL,"{""cell_id"":null,""daily_state_id"":null,""end_chainage"":null,""point_chainage"":1014109.0,""scope_basis"":""hsp_face_chainage_cell"",""scope_kind"":""LOCATED_POINT"",""start_chainage"":null,""state_role"":null,""valid_date"":null}",doc_62bf6495f3a27bc084947384_e0001,stage7_main_task_047,False
typed_claim_15203b14fe4188ea6a0afaac,OBSERVED_GEOLOGICAL_CONDITION,"{""attribute_dimension"":null,""attribute_name"":""rock_mass_state"",""normalized_value"":""岩体较破碎"",""source_evidence_id"":""doc_92ed6fc990e0bcf3c15a3e67_e0001""}",OBSERVED,,17,geological_observed,fact_lock_daa2ae74eea7c475e564e318,DAILY_REVIEW_CELL,"{""cell_id"":null,""daily_state_id"":null,""end_chainage"":null,""point_chainage"":1014081.8,""scope_basis"":""header_face_chainage"",""scope_kind"":""LOCATED_POINT"",""start_chainage"":null,""state_role"":null,""valid_date"":null}",doc_92ed6fc990e0bcf3c15a3e67_e0001,stage7_main_task_047,False
typed_claim_56ea2c83c4d082286144da10,OBSERVED_GEOLOGICAL_CONDITION,"{""attribute_dimension"":null,""attribute_name"":""block_fall_or_collapse"",""normalized_value"":""轻微掉块"",""source_evidence_id"":""doc_92ed6fc990e0bcf3c15a3e67_e0001""}",OBSERVED,,18,geological_observed,fact_lock_855eebfbd310d14dea9e6de9,DAILY_REVIEW_CELL,"{""cell_id"":null,""daily_state_id"":null,""end_chainage"":null,""point_chainage"":1014081.8,""scope_basis"":""header_face_chainage"",""scope_kind"":""LOCATED_POINT"",""start_chainage"":null,""state_role"":null,""valid_date"":null}",doc_92ed6fc990e0bcf3c15a3e67_e0001,stage7_main_task_047,False
typed_claim_0f8b1088ae4567a26a197143,OBSERVED_GEOLOGICAL_CONDITION,"{""attribute_dimension"":null,""attribute_name"":""joint_spacing"",""normalized_value"":""0.2～0.6"",""source_evidence_id"":""doc_92ed6fc990e0bcf3c15a3e67_e0001""}",OBSERVED,,19,geological_observed,fact_lock_c509015379f815be2d133de2,DAILY_REVIEW_CELL,"{""cell_id"":null,""daily_state_id"":null,""end_chainage"":null,""point_chainage"":1014081.8,""scope_basis"":""header_face_chainage"",""scope_kind"":""LOCATED_POINT"",""start_chainage"":null,""state_role"":null,""valid_date"":null}",doc_92ed6fc990e0bcf3c15a3e67_e0001,stage7_main_task_047,False
typed_claim_d9fc40debf3b9f5693d9d499,OBSERVED_GEOLOGICAL_CONDITION,"{""attribute_dimension"":null,""attribute_name"":""face_state"",""normalized_value"":""正面掉块"",""source_evidence_id"":""doc_92ed6fc990e0bcf3c15a3e67_e0001""}",OBSERVED,,20,geological_observed,fact_lock_5c63fb88c12254fddf95033f,DAILY_REVIEW_CELL,"{""cell_id"":null,""daily_state_id"":null,""end_chainage"":null,""point_chainage"":1014081.8,""scope_basis"":""header_face_chainage"",""scope_kind"":""LOCATED_POINT"",""start_chainage"":null,""state_role"":null,""valid_date"":null}",doc_92ed6fc990e0bcf3c15a3e67_e0001,stage7_main_task_047,False
typed_claim_b0979c119f50e601740603f2,OBSERVED_GEOLOGICAL_CONDITION,"{""attribute_dimension"":null,""attribute_name"":""joint_extension"",""normalized_value"":""中等"",""source_evidence_id"":""doc_92ed6fc990e0bcf3c15a3e67_e0001""}",OBSERVED,,21,geological_observed,fact_lock_79c82a96a514bdd455b48a17,DAILY_REVIEW_CELL,"{""cell_id"":null,""daily_state_id"":null,""end_chainage"":null,""point_chainage"":1014081.8,""scope_basis"":""header_face_chainage"",""scope_kind"":""LOCATED_POINT"",""start_chainage"":null,""state_role"":null,""valid_date"":null}",doc_92ed6fc990e0bcf3c15a3e67_e0001,stage7_main_task_047,False
typed_claim_ed396a67b373b5132cc25278,FORECAST_GEOLOGICAL_CONDITION,"{""attribute_dimension"":null,""attribute_name"":""rock_mass_state"",""normalized_value"":""岩体较破碎-破碎"",""source_evidence_id"":""doc_62bf6495f3a27bc084947384_e0002""}",FORECAST,,22,geological_forecast,fact_lock_f654bd57bc7196a350d9bb6f,DAILY_REVIEW_CELL,"{""cell_id"":null,""daily_state_id"":null,""end_chainage"":1014122.0,""point_chainage"":null,""scope_basis"":""hsp_forecast_table_row"",""scope_kind"":""LOCATED_INTERVAL"",""start_chainage"":1014109.0,""state_role"":null,""valid_date"":null}",doc_62bf6495f3a27bc084947384_e0002,stage7_main_task_047,False
typed_claim_bd72f86b237e5ff4037ed668,FORECAST_GEOLOGICAL_CONDITION,"{""attribute_dimension"":null,""attribute_name"":""suggested_grade"",""normalized_value"":""Ⅳ级"",""source_evidence_id"":""doc_62bf6495f3a27bc084947384_e0002""}",FORECAST,,23,geological_forecast,fact_lock_c3f82ff4d102c91d32014d51,DAILY_REVIEW_CELL,"{""cell_id"":null,""daily_state_id"":null,""end_chainage"":1014122.0,""point_chainage"":null,""scope_basis"":""hsp_forecast_table_row"",""scope_kind"":""LOCATED_INTERVAL"",""start_chainage"":1014109.0,""state_role"":null,""valid_date"":null}",doc_62bf6495f3a27bc084947384_e0002,stage7_main_task_047,False
typed_claim_cb5cf5472d20ff374c230d8f,FORECAST_GEOLOGICAL_CONDITION,"{""attribute_dimension"":null,""attribute_name"":""suggested_grade"",""normalized_value"":""Ⅲ级"",""source_evidence_id"":""doc_d0afc25463d4776277ebb952_e0006""}",FORECAST,,24,geological_forecast,fact_lock_7a9e74c1c01c7c402585b22c,DAILY_REVIEW_CELL,"{""cell_id"":null,""daily_state_id"":null,""end_chainage"":1014098.0,""point_chainage"":null,""scope_basis"":""hsp_forecast_table_row"",""scope_kind"":""LOCATED_INTERVAL"",""start_chainage"":1014079.0,""state_role"":null,""valid_date"":null}",doc_d0afc25463d4776277ebb952_e0006,stage7_main_task_047,False
typed_claim_4bbf03a1a9c5b2b637ed3092,FORECAST_GEOLOGICAL_CONDITION,"{""attribute_dimension"":null,""attribute_name"":""suggested_grade"",""normalized_value"":""Ⅲ级"",""source_evidence_id"":""doc_d0afc25463d4776277ebb952_e0006""}",FORECAST,,25,geological_forecast,fact_lock_913076e26dd118b61c6acb51,DAILY_REVIEW_CELL,"{""cell_id"":null,""daily_state_id"":null,""end_chainage"":1014098.0,""point_chainage"":null,""scope_basis"":""hsp_forecast_table_row"",""scope_kind"":""LOCATED_INTERVAL"",""start_chainage"":1014079.0,""state_role"":null,""valid_date"":null}",doc_d0afc25463d4776277ebb952_e0006,stage7_main_task_047,False
typed_claim_98d2da00f19b3bb621967bf6,FORECAST_GEOLOGICAL_CONDITION,"{""attribute_dimension"":null,""attribute_name"":""geological_conclusion"",""normalized_value"":""该段围岩较前段变差。岩性为板 岩夹变质砂岩，弱风化，岩质软 硬不均，节理裂隙较发育-发育， 岩体较破碎-破碎，层间结合差。"",""source_evidence_id"":""doc_d0afc25463d4776277ebb952_e0007""}",FORECAST,,26,geological_forecast,fact_lock_41a6def73ff6779335488d18,DAILY_REVIEW_CELL,"{""cell_id"":null,""daily_state_id"":null,""end_chainage"":1014106.0,""point_chainage"":null,""scope_basis"":""hsp_forecast_table_row"",""scope_kind"":""LOCATED_INTERVAL"",""start_chainage"":1014098.0,""state_role"":null,""valid_date"":null}",doc_d0afc25463d4776277ebb952_e0007,stage7_main_task_047,False
typed_claim_0d9a3fbe19de3eb95777a79c,FORECAST_GEOLOGICAL_CONDITION,"{""attribute_dimension"":null,""attribute_name"":""geological_conclusion"",""normalized_value"":""该段围岩较前段变差。岩性为板 岩夹变质砂岩，弱风化，岩质软 硬不均，节理裂隙较发育-发育， 岩体较破碎-破碎，层间结合差。"",""source_evidence_id"":""doc_d0afc25463d4776277ebb952_e0007""}",FORECAST,,27,geological_forecast,fact_lock_ab162bff2a506180ba80b829,DAILY_REVIEW_CELL,"{""cell_id"":null,""daily_state_id"":null,""end_chainage"":1014106.0,""point_chainage"":null,""scope_basis"":""hsp_forecast_table_row"",""scope_kind"":""LOCATED_INTERVAL"",""start_chainage"":1014098.0,""state_role"":null,""valid_date"":null}",doc_d0afc25463d4776277ebb952_e0007,stage7_main_task_047,False
typed_claim_88e8bfcb9f32066ec9aae6e7,FORECAST_GEOLOGICAL_CONDITION,"{""attribute_dimension"":null,""attribute_name"":""joint_development"",""normalized_value"":""节理裂隙较发育"",""source_evidence_id"":""doc_d0afc25463d4776277ebb952_e0008""}",FORECAST,,28,geological_forecast,fact_lock_8d57bd1f96721e3a3d05852a,DAILY_REVIEW_CELL,"{""cell_id"":null,""daily_state_id"":null,""end_chainage"":1014115.0,""point_chainage"":null,""scope_basis"":""hsp_forecast_table_row"",""scope_kind"":""LOCATED_INTERVAL"",""start_chainage"":1014106.0,""state_role"":null,""valid_date"":null}",doc_d0afc25463d4776277ebb952_e0008,stage7_main_task_047,False
typed_claim_72404a89bb0d75f2f502a664,FORECAST_GEOLOGICAL_CONDITION,"{""attribute_dimension"":null,""attribute_name"":""joint_development"",""normalized_value"":""节理裂隙较发育-发育"",""source_evidence_id"":""doc_d0afc25463d4776277ebb952_e0007""}",FORECAST,,29,geological_forecast,fact_lock_8eccf4671657d28f7b2c3c84,DAILY_REVIEW_CELL,"{""cell_id"":null,""daily_state_id"":null,""end_chainage"":1014106.0,""point_chainage"":null,""scope_basis"":""hsp_forecast_table_row"",""scope_kind"":""LOCATED_INTERVAL"",""start_chainage"":1014098.0,""state_role"":null,""valid_date"":null}",doc_d0afc25463d4776277ebb952_e0007,stage7_main_task_047,False
typed_claim_b87fea5fc629a1be1ffc8fcb,FORECAST_GEOLOGICAL_CONDITION,"{""attribute_dimension"":null,""attribute_name"":""joint_development"",""normalized_value"":""节理裂隙较发育-发育"",""source_evidence_id"":""doc_d0afc25463d4776277ebb952_e0007""}",FORECAST,,30,geological_forecast,fact_lock_b345311342aa56e7fb4b15e8,DAILY_REVIEW_CELL,"{""cell_id"":null,""daily_state_id"":null,""end_chainage"":1014106.0,""point_chainage"":null,""scope_basis"":""hsp_forecast_table_row"",""scope_kind"":""LOCATED_INTERVAL"",""start_chainage"":1014098.0,""state_role"":null,""valid_date"":null}",doc_d0afc25463d4776277ebb952_e0007,stage7_main_task_047,False
typed_claim_d8e131186f08a8626b9e6526,FORECAST_GEOLOGICAL_CONDITION,"{""attribute_dimension"":null,""attribute_name"":""lithology"",""normalized_value"":""板岩夹变质砂岩"",""source_evidence_id"":""doc_d0afc25463d4776277ebb952_e0008""}",FORECAST,,31,geological_forecast,fact_lock_222b684fdd6f4ca6efee49b5,DAILY_REVIEW_CELL,"{""cell_id"":null,""daily_state_id"":null,""end_chainage"":1014115.0,""point_chainage"":null,""scope_basis"":""hsp_forecast_table_row"",""scope_kind"":""LOCATED_INTERVAL"",""start_chainage"":1014106.0,""state_role"":null,""valid_date"":null}",doc_d0afc25463d4776277ebb952_e0008,stage7_main_task_047,False
typed_claim_452ac01c883255521b75f4fd,FORECAST_GEOLOGICAL_CONDITION,"{""attribute_dimension"":null,""attribute_name"":""rock_mass_state"",""normalized_value"":""岩体较破碎-破碎"",""source_evidence_id"":""doc_d0afc25463d4776277ebb952_e0007""}",FORECAST,,32,geological_forecast,fact_lock_315160bfb69e7d3062fb0cc9,DAILY_REVIEW_CELL,"{""cell_id"":null,""daily_state_id"":null,""end_chainage"":1014106.0,""point_chainage"":null,""scope_basis"":""hsp_forecast_table_row"",""scope_kind"":""LOCATED_INTERVAL"",""start_chainage"":1014098.0,""state_role"":null,""valid_date"":null}",doc_d0afc25463d4776277ebb952_e0007,stage7_main_task_047,False
typed_claim_cb6e0ba810c17b06688d2450,FORECAST_GEOLOGICAL_CONDITION,"{""attribute_dimension"":null,""attribute_name"":""rock_mass_state"",""normalized_value"":""岩体较破碎-破碎"",""source_evidence_id"":""doc_d0afc25463d4776277ebb952_e0007""}",FORECAST,,33,geological_forecast,fact_lock_67f44b54a9427443e13ce76c,DAILY_REVIEW_CELL,"{""cell_id"":null,""daily_state_id"":null,""end_chainage"":1014106.0,""point_chainage"":null,""scope_basis"":""hsp_forecast_table_row"",""scope_kind"":""LOCATED_INTERVAL"",""start_chainage"":1014098.0,""state_role"":null,""valid_date"":null}",doc_d0afc25463d4776277ebb952_e0007,stage7_main_task_047,False
typed_claim_9716f721d9c367fceed31ec2,FORECAST_GEOLOGICAL_CONDITION,"{""attribute_dimension"":null,""attribute_name"":""lithology"",""normalized_value"":""板岩夹变质砂岩"",""source_evidence_id"":""doc_d0afc25463d4776277ebb952_e0006""}",FORECAST,,34,geological_forecast,fact_lock_556ae08bf00fdad3de82bdfe,DAILY_REVIEW_CELL,"{""cell_id"":null,""daily_state_id"":null,""end_chainage"":1014098.0,""point_chainage"":null,""scope_basis"":""hsp_forecast_table_row"",""scope_kind"":""LOCATED_INTERVAL"",""start_chainage"":1014079.0,""state_role"":null,""valid_date"":null}",doc_d0afc25463d4776277ebb952_e0006,stage7_main_task_047,False
typed_claim_d8be51e4cdbe932e71885c7d,FORECAST_GEOLOGICAL_CONDITION,"{""attribute_dimension"":null,""attribute_name"":""lithology"",""normalized_value"":""板岩夹变质砂岩"",""source_evidence_id"":""doc_d0afc25463d4776277ebb952_e0006""}",FORECAST,,35,geological_forecast,fact_lock_b6005c6eb4bc5d81de6033a8,DAILY_REVIEW_CELL,"{""cell_id"":null,""daily_state_id"":null,""end_chainage"":1014098.0,""point_chainage"":null,""scope_basis"":""hsp_forecast_table_row"",""scope_kind"":""LOCATED_INTERVAL"",""start_chainage"":1014079.0,""state_role"":null,""valid_date"":null}",doc_d0afc25463d4776277ebb952_e0006,stage7_main_task_047,False
typed_claim_787d8ee9d19ea232344e78b6,FORECAST_GEOLOGICAL_CONDITION,"{""attribute_dimension"":null,""attribute_name"":""geological_conclusion"",""normalized_value"":""该段围岩较当前掌子面稍变差。 岩性为板岩夹变质砂岩，弱风化， 岩质软硬不均，层间结合较差， 节理裂隙较发育-发育，岩体较破 碎-破碎。"",""source_evidence_id"":""doc_62bf6495f3a27bc084947384_e0002""}",FORECAST,,36,geological_forecast,fact_lock_b391225c05472194d9bbe46f,DAILY_REVIEW_CELL,"{""cell_id"":null,""daily_state_id"":null,""end_chainage"":1014122.0,""point_chainage"":null,""scope_basis"":""hsp_forecast_table_row"",""scope_kind"":""LOCATED_INTERVAL"",""start_chainage"":1014109.0,""state_role"":null,""valid_date"":null}",doc_62bf6495f3a27bc084947384_e0002,stage7_main_task_047,False
typed_claim_94ce7f2850c1c2b16f25c114,FORECAST_GEOLOGICAL_CONDITION,"{""attribute_dimension"":null,""attribute_name"":""joint_development"",""normalized_value"":""节理裂隙较发育"",""source_evidence_id"":""doc_d0afc25463d4776277ebb952_e0006""}",FORECAST,,37,geological_forecast,fact_lock_1909c7dff5b9b1bacf917ed1,DAILY_REVIEW_CELL,"{""cell_id"":null,""daily_state_id"":null,""end_chainage"":1014098.0,""point_chainage"":null,""scope_basis"":""hsp_forecast_table_row"",""scope_kind"":""LOCATED_INTERVAL"",""start_chainage"":1014079.0,""state_role"":null,""valid_date"":null}",doc_d0afc25463d4776277ebb952_e0006,stage7_main_task_047,False
typed_claim_de024b8f26d40e8204f1eb9a,FORECAST_GEOLOGICAL_CONDITION,"{""attribute_dimension"":null,""attribute_name"":""joint_development"",""normalized_value"":""节理裂隙较发育"",""source_evidence_id"":""doc_d0afc25463d4776277ebb952_e0006""}",FORECAST,,38,geological_forecast,fact_lock_38cc2a1a90b9508c9847f476,DAILY_REVIEW_CELL,"{""cell_id"":null,""daily_state_id"":null,""end_chainage"":1014098.0,""point_chainage"":null,""scope_basis"":""hsp_forecast_table_row"",""scope_kind"":""LOCATED_INTERVAL"",""start_chainage"":1014079.0,""state_role"":null,""valid_date"":null}",doc_d0afc25463d4776277ebb952_e0006,stage7_main_task_047,False
typed_claim_795789d03e103bd4d0d8c885,FORECAST_GEOLOGICAL_CONDITION,"{""attribute_dimension"":null,""attribute_name"":""risk_hint"",""normalized_value"":""里程+115、 +118附近有 掉块风险"",""source_evidence_id"":""doc_62bf6495f3a27bc084947384_e0002""}",FORECAST,,39,geological_forecast,fact_lock_a5371c847e77de5d9548fe1c,DAILY_REVIEW_CELL,"{""cell_id"":null,""daily_state_id"":null,""end_chainage"":1014122.0,""point_chainage"":null,""scope_basis"":""hsp_forecast_table_row"",""scope_kind"":""LOCATED_INTERVAL"",""start_chainage"":1014109.0,""state_role"":null,""valid_date"":null}",doc_62bf6495f3a27bc084947384_e0002,stage7_main_task_047,False
typed_claim_892aae3aca8fe3be4ccf5fa6,FORECAST_GEOLOGICAL_CONDITION,"{""attribute_dimension"":null,""attribute_name"":""joint_development"",""normalized_value"":""节理裂隙较发育-发育"",""source_evidence_id"":""doc_62bf6495f3a27bc084947384_e0002""}",FORECAST,,40,geological_forecast,fact_lock_6e477127edb7356f88afd89c,DAILY_REVIEW_CELL,"{""cell_id"":null,""daily_state_id"":null,""end_chainage"":1014122.0,""point_chainage"":null,""scope_basis"":""hsp_forecast_table_row"",""scope_kind"":""LOCATED_INTERVAL"",""start_chainage"":1014109.0,""state_role"":null,""valid_date"":null}",doc_62bf6495f3a27bc084947384_e0002,stage7_main_task_047,False
typed_claim_734c8edab5a3093a3fe1a58e,FORECAST_GEOLOGICAL_CONDITION,"{""attribute_dimension"":null,""attribute_name"":""lithology"",""normalized_value"":""板岩夹变质砂岩"",""source_evidence_id"":""doc_d0afc25463d4776277ebb952_e0007""}",FORECAST,,41,geological_forecast,fact_lock_084656316886f70669501a2e,DAILY_REVIEW_CELL,"{""cell_id"":null,""daily_state_id"":null,""end_chainage"":1014106.0,""point_chainage"":null,""scope_basis"":""hsp_forecast_table_row"",""scope_kind"":""LOCATED_INTERVAL"",""start_chainage"":1014098.0,""state_role"":null,""valid_date"":null}",doc_d0afc25463d4776277ebb952_e0007,stage7_main_task_047,False
typed_claim_ea77116e695f4789268bc56e,FORECAST_GEOLOGICAL_CONDITION,"{""attribute_dimension"":null,""attribute_name"":""lithology"",""normalized_value"":""板岩夹变质砂岩"",""source_evidence_id"":""doc_d0afc25463d4776277ebb952_e0007""}",FORECAST,,42,geological_forecast,fact_lock_4ba1133ff09d665eacdc7fb4,DAILY_REVIEW_CELL,"{""cell_id"":null,""daily_state_id"":null,""end_chainage"":1014106.0,""point_chainage"":null,""scope_basis"":""hsp_forecast_table_row"",""scope_kind"":""LOCATED_INTERVAL"",""start_chainage"":1014098.0,""state_role"":null,""valid_date"":null}",doc_d0afc25463d4776277ebb952_e0007,stage7_main_task_047,False
typed_claim_65cc1ff9cff43d915fc36154,FORECAST_GEOLOGICAL_CONDITION,"{""attribute_dimension"":null,""attribute_name"":""risk_hint"",""normalized_value"":""里程+098 附 近有掉块风 险"",""source_evidence_id"":""doc_d0afc25463d4776277ebb952_e0007""}",FORECAST,,43,geological_forecast,fact_lock_1c0d7f8167bd1e2fa888b5b1,DAILY_REVIEW_CELL,"{""cell_id"":null,""daily_state_id"":null,""end_chainage"":1014106.0,""point_chainage"":null,""scope_basis"":""hsp_forecast_table_row"",""scope_kind"":""LOCATED_INTERVAL"",""start_chainage"":1014098.0,""state_role"":null,""valid_date"":null}",doc_d0afc25463d4776277ebb952_e0007,stage7_main_task_047,False
typed_claim_087deb26219523c021a904d4,FORECAST_GEOLOGICAL_CONDITION,"{""attribute_dimension"":null,""attribute_name"":""risk_hint"",""normalized_value"":""里程+098 附 近有掉块风 险"",""source_evidence_id"":""doc_d0afc25463d4776277ebb952_e0007""}",FORECAST,,44,geological_forecast,fact_lock_a6ca39fa7ee8a6cb5968d9c8,DAILY_REVIEW_CELL,"{""cell_id"":null,""daily_state_id"":null,""end_chainage"":1014106.0,""point_chainage"":null,""scope_basis"":""hsp_forecast_table_row"",""scope_kind"":""LOCATED_INTERVAL"",""start_chainage"":1014098.0,""state_role"":null,""valid_date"":null}",doc_d0afc25463d4776277ebb952_e0007,stage7_main_task_047,False
typed_claim_d361546190e3bb4b2102697d,FORECAST_GEOLOGICAL_CONDITION,"{""attribute_dimension"":null,""attribute_name"":""lithology"",""normalized_value"":""板岩夹变质砂岩"",""source_evidence_id"":""doc_62bf6495f3a27bc084947384_e0002""}",FORECAST,,45,geological_forecast,fact_lock_ed37f5f32139f9be99f526c7,DAILY_REVIEW_CELL,"{""cell_id"":null,""daily_state_id"":null,""end_chainage"":1014122.0,""point_chainage"":null,""scope_basis"":""hsp_forecast_table_row"",""scope_kind"":""LOCATED_INTERVAL"",""start_chainage"":1014109.0,""state_role"":null,""valid_date"":null}",doc_62bf6495f3a27bc084947384_e0002,stage7_main_task_047,False
typed_claim_d521cbbba7f3aabc19d7aada,FORECAST_GEOLOGICAL_CONDITION,"{""attribute_dimension"":null,""attribute_name"":""suggested_grade"",""normalized_value"":""Ⅳ级"",""source_evidence_id"":""doc_d0afc25463d4776277ebb952_e0007""}",FORECAST,,46,geological_forecast,fact_lock_817968a2f1be45ed36046776,DAILY_REVIEW_CELL,"{""cell_id"":null,""daily_state_id"":null,""end_chainage"":1014106.0,""point_chainage"":null,""scope_basis"":""hsp_forecast_table_row"",""scope_kind"":""LOCATED_INTERVAL"",""start_chainage"":1014098.0,""state_role"":null,""valid_date"":null}",doc_d0afc25463d4776277ebb952_e0007,stage7_main_task_047,False
typed_claim_f25252ada0baacc81892bb48,FORECAST_GEOLOGICAL_CONDITION,"{""attribute_dimension"":null,""attribute_name"":""suggested_grade"",""normalized_value"":""Ⅳ级"",""source_evidence_id"":""doc_d0afc25463d4776277ebb952_e0007""}",FORECAST,,47,geological_forecast,fact_lock_9f4131982690d737c9192b5c,DAILY_REVIEW_CELL,"{""cell_id"":null,""daily_state_id"":null,""end_chainage"":1014106.0,""point_chainage"":null,""scope_basis"":""hsp_forecast_table_row"",""scope_kind"":""LOCATED_INTERVAL"",""start_chainage"":1014098.0,""state_role"":null,""valid_date"":null}",doc_d0afc25463d4776277ebb952_e0007,stage7_main_task_047,False
typed_claim_16defa97196ffd6243c4ff8a,FORECAST_GEOLOGICAL_CONDITION,"{""attribute_dimension"":null,""attribute_name"":""geological_conclusion"",""normalized_value"":""该段围岩较前段稍变好。岩性为 板岩夹变质砂岩，弱风化，岩质 软硬不均，节理裂隙较发育，岩 体较破碎。"",""source_evidence_id"":""doc_d0afc25463d4776277ebb952_e0008""}",FORECAST,,48,geological_forecast,fact_lock_6081ad10a2a75facdfea92a1,DAILY_REVIEW_CELL,"{""cell_id"":null,""daily_state_id"":null,""end_chainage"":1014115.0,""point_chainage"":null,""scope_basis"":""hsp_forecast_table_row"",""scope_kind"":""LOCATED_INTERVAL"",""start_chainage"":1014106.0,""state_role"":null,""valid_date"":null}",doc_d0afc25463d4776277ebb952_e0008,stage7_main_task_047,False
typed_claim_180aadb86e461bc7e3f466f9,FORECAST_GEOLOGICAL_CONDITION,"{""attribute_dimension"":null,""attribute_name"":""rock_mass_state"",""normalized_value"":""岩体较破碎"",""source_evidence_id"":""doc_d0afc25463d4776277ebb952_e0008""}",FORECAST,,49,geological_forecast,fact_lock_efc9cc5deeba6bd11eb4bf5c,DAILY_REVIEW_CELL,"{""cell_id"":null,""daily_state_id"":null,""end_chainage"":1014115.0,""point_chainage"":null,""scope_basis"":""hsp_forecast_table_row"",""scope_kind"":""LOCATED_INTERVAL"",""start_chainage"":1014106.0,""state_role"":null,""valid_date"":null}",doc_d0afc25463d4776277ebb952_e0008,stage7_main_task_047,False
typed_claim_40e5a9238c8004836c5638fb,FORECAST_GEOLOGICAL_CONDITION,"{""attribute_dimension"":null,""attribute_name"":""weathering"",""normalized_value"":""弱风化"",""source_evidence_id"":""doc_d0afc25463d4776277ebb952_e0006""}",FORECAST,,50,geological_forecast,fact_lock_1b92f0d987aadc560c201230,DAILY_REVIEW_CELL,"{""cell_id"":null,""daily_state_id"":null,""end_chainage"":1014098.0,""point_chainage"":null,""scope_basis"":""hsp_forecast_table_row"",""scope_kind"":""LOCATED_INTERVAL"",""start_chainage"":1014079.0,""state_role"":null,""valid_date"":null}",doc_d0afc25463d4776277ebb952_e0006,stage7_main_task_047,False
typed_claim_bcfdd885fc728e5f0ab328d3,FORECAST_GEOLOGICAL_CONDITION,"{""attribute_dimension"":null,""attribute_name"":""weathering"",""normalized_value"":""弱风化"",""source_evidence_id"":""doc_d0afc25463d4776277ebb952_e0006""}",FORECAST,,51,geological_forecast,fact_lock_57ad9a56e89a66c35f14da05,DAILY_REVIEW_CELL,"{""cell_id"":null,""daily_state_id"":null,""end_chainage"":1014098.0,""point_chainage"":null,""scope_basis"":""hsp_forecast_table_row"",""scope_kind"":""LOCATED_INTERVAL"",""start_chainage"":1014079.0,""state_role"":null,""valid_date"":null}",doc_d0afc25463d4776277ebb952_e0006,stage7_main_task_047,False
typed_claim_a75fa19ddefd64ff1001c376,FORECAST_GEOLOGICAL_CONDITION,"{""attribute_dimension"":null,""attribute_name"":""geological_conclusion"",""normalized_value"":""该段围岩较前段稍变好。岩性为 板岩夹变质砂岩，弱风化，岩质 软硬不均，节理裂隙较发育，岩 体较破碎。"",""source_evidence_id"":""doc_d0afc25463d4776277ebb952_e0006""}",FORECAST,,52,geological_forecast,fact_lock_1a2a3b33e9a70fdbb1ce7fcb,DAILY_REVIEW_CELL,"{""cell_id"":null,""daily_state_id"":null,""end_chainage"":1014098.0,""point_chainage"":null,""scope_basis"":""hsp_forecast_table_row"",""scope_kind"":""LOCATED_INTERVAL"",""start_chainage"":1014079.0,""state_role"":null,""valid_date"":null}",doc_d0afc25463d4776277ebb952_e0006,stage7_main_task_047,False
typed_claim_cf65284e2a7613b49b2e72e9,FORECAST_GEOLOGICAL_CONDITION,"{""attribute_dimension"":null,""attribute_name"":""geological_conclusion"",""normalized_value"":""该段围岩较前段稍变好。岩性为 板岩夹变质砂岩，弱风化，岩质 软硬不均，节理裂隙较发育，岩 体较破碎。"",""source_evidence_id"":""doc_d0afc25463d4776277ebb952_e0006""}",FORECAST,,53,geological_forecast,fact_lock_28a6c1e683a62381e9d740cb,DAILY_REVIEW_CELL,"{""cell_id"":null,""daily_state_id"":null,""end_chainage"":1014098.0,""point_chainage"":null,""scope_basis"":""hsp_forecast_table_row"",""scope_kind"":""LOCATED_INTERVAL"",""start_chainage"":1014079.0,""state_role"":null,""valid_date"":null}",doc_d0afc25463d4776277ebb952_e0006,stage7_main_task_047,False
typed_claim_928835cce2f95fcc6e405d6a,FORECAST_GEOLOGICAL_CONDITION,"{""attribute_dimension"":null,""attribute_name"":""rock_mass_state"",""normalized_value"":""岩体较破碎"",""source_evidence_id"":""doc_d0afc25463d4776277ebb952_e0006""}",FORECAST,,54,geological_forecast,fact_lock_1cac0a996693049e09f87dae,DAILY_REVIEW_CELL,"{""cell_id"":null,""daily_state_id"":null,""end_chainage"":1014098.0,""point_chainage"":null,""scope_basis"":""hsp_forecast_table_row"",""scope_kind"":""LOCATED_INTERVAL"",""start_chainage"":1014079.0,""state_role"":null,""valid_date"":null}",doc_d0afc25463d4776277ebb952_e0006,stage7_main_task_047,False
typed_claim_32b3102fcbd18b6cc392cd60,FORECAST_GEOLOGICAL_CONDITION,"{""attribute_dimension"":null,""attribute_name"":""rock_mass_state"",""normalized_value"":""岩体较破碎"",""source_evidence_id"":""doc_d0afc25463d4776277ebb952_e0006""}",FORECAST,,55,geological_forecast,fact_lock_260aaac56de51f92ef1ea54f,DAILY_REVIEW_CELL,"{""cell_id"":null,""daily_state_id"":null,""end_chainage"":1014098.0,""point_chainage"":null,""scope_basis"":""hsp_forecast_table_row"",""scope_kind"":""LOCATED_INTERVAL"",""start_chainage"":1014079.0,""state_role"":null,""valid_date"":null}",doc_d0afc25463d4776277ebb952_e0006,stage7_main_task_047,False
typed_claim_741a17abaf6e3dfda953a9b0,FORECAST_GEOLOGICAL_CONDITION,"{""attribute_dimension"":null,""attribute_name"":""weathering"",""normalized_value"":""弱风化"",""source_evidence_id"":""doc_62bf6495f3a27bc084947384_e0002""}",FORECAST,,56,geological_forecast,fact_lock_31efb1d4dff2e04bb9e7e0d3,DAILY_REVIEW_CELL,"{""cell_id"":null,""daily_state_id"":null,""end_chainage"":1014122.0,""point_chainage"":null,""scope_basis"":""hsp_forecast_table_row"",""scope_kind"":""LOCATED_INTERVAL"",""start_chainage"":1014109.0,""state_role"":null,""valid_date"":null}",doc_62bf6495f3a27bc084947384_e0002,stage7_main_task_047,False
typed_claim_b2f4f0f2baa439660eb66271,FORECAST_GEOLOGICAL_CONDITION,"{""attribute_dimension"":null,""attribute_name"":""weathering"",""normalized_value"":""弱风化"",""source_evidence_id"":""doc_d0afc25463d4776277ebb952_e0008""}",FORECAST,,57,geological_forecast,fact_lock_847ed472ddf0c81262da777d,DAILY_REVIEW_CELL,"{""cell_id"":null,""daily_state_id"":null,""end_chainage"":1014115.0,""point_chainage"":null,""scope_basis"":""hsp_forecast_table_row"",""scope_kind"":""LOCATED_INTERVAL"",""start_chainage"":1014106.0,""state_role"":null,""valid_date"":null}",doc_d0afc25463d4776277ebb952_e0008,stage7_main_task_047,False
typed_claim_ea126021b5f04ae473273e86,FORECAST_GEOLOGICAL_CONDITION,"{""attribute_dimension"":null,""attribute_name"":""weathering"",""normalized_value"":""弱风化"",""source_evidence_id"":""doc_d0afc25463d4776277ebb952_e0007""}",FORECAST,,58,geological_forecast,fact_lock_38572f83c6c877734545d893,DAILY_REVIEW_CELL,"{""cell_id"":null,""daily_state_id"":null,""end_chainage"":1014106.0,""point_chainage"":null,""scope_basis"":""hsp_forecast_table_row"",""scope_kind"":""LOCATED_INTERVAL"",""start_chainage"":1014098.0,""state_role"":null,""valid_date"":null}",doc_d0afc25463d4776277ebb952_e0007,stage7_main_task_047,False
typed_claim_7e3efa92155caa38be2a1430,FORECAST_GEOLOGICAL_CONDITION,"{""attribute_dimension"":null,""attribute_name"":""weathering"",""normalized_value"":""弱风化"",""source_evidence_id"":""doc_d0afc25463d4776277ebb952_e0007""}",FORECAST,,59,geological_forecast,fact_lock_fe3239bd3ee2c77bf789a542,DAILY_REVIEW_CELL,"{""cell_id"":null,""daily_state_id"":null,""end_chainage"":1014106.0,""point_chainage"":null,""scope_basis"":""hsp_forecast_table_row"",""scope_kind"":""LOCATED_INTERVAL"",""start_chainage"":1014098.0,""state_role"":null,""valid_date"":null}",doc_d0afc25463d4776277ebb952_e0007,stage7_main_task_047,False
typed_claim_81907061a12a37f42ed528c7,FORECAST_GEOLOGICAL_CONDITION,"{""attribute_dimension"":null,""attribute_name"":""suggested_grade"",""normalized_value"":""Ⅲ级"",""source_evidence_id"":""doc_d0afc25463d4776277ebb952_e0008""}",FORECAST,,60,geological_forecast,fact_lock_3579bcb464f4cadf08f07ebc,DAILY_REVIEW_CELL,"{""cell_id"":null,""daily_state_id"":null,""end_chainage"":1014115.0,""point_chainage"":null,""scope_basis"":""hsp_forecast_table_row"",""scope_kind"":""LOCATED_INTERVAL"",""start_chainage"":1014106.0,""state_role"":null,""valid_date"":null}",doc_d0afc25463d4776277ebb952_e0008,stage7_main_task_047,False
typed_claim_b8d46338b1f8a167531a0206,FORECAST_GEOLOGICAL_CONDITION,"{""attribute_dimension"":null,""attribute_name"":""anomaly_level"",""normalized_value"":""MODERATE"",""source_evidence_id"":""doc_d0afc25463d4776277ebb952_e0007""}",FORECAST,,61,geological_forecast,fact_lock_91065aa0edd28eb72a642483,DAILY_REVIEW_CELL,"{""cell_id"":null,""daily_state_id"":null,""end_chainage"":1014106.0,""point_chainage"":null,""scope_basis"":""hsp_forecast_table_row"",""scope_kind"":""LOCATED_INTERVAL"",""start_chainage"":1014098.0,""state_role"":null,""valid_date"":null}",doc_d0afc25463d4776277ebb952_e0007,stage7_main_task_047,False
typed_claim_62d2da6f0d18c01d9e436745,FORECAST_GEOLOGICAL_CONDITION,"{""attribute_dimension"":null,""attribute_name"":""anomaly_level"",""normalized_value"":""MODERATE"",""source_evidence_id"":""doc_d0afc25463d4776277ebb952_e0007""}",FORECAST,,62,geological_forecast,fact_lock_d96abc3c67c985c51a45aa9e,DAILY_REVIEW_CELL,"{""cell_id"":null,""daily_state_id"":null,""end_chainage"":1014106.0,""point_chainage"":null,""scope_basis"":""hsp_forecast_table_row"",""scope_kind"":""LOCATED_INTERVAL"",""start_chainage"":1014098.0,""state_role"":null,""valid_date"":null}",doc_d0afc25463d4776277ebb952_e0007,stage7_main_task_047,False
typed_claim_315639aa37ab346ab705147c,FORECAST_GEOLOGICAL_CONDITION,"{""attribute_dimension"":null,""attribute_name"":""anomaly_level"",""normalized_value"":""LOW"",""source_evidence_id"":""doc_62bf6495f3a27bc084947384_e0002""}",FORECAST,,63,geological_forecast,fact_lock_3f09a0451d11f567ed64dcaa,DAILY_REVIEW_CELL,"{""cell_id"":null,""daily_state_id"":null,""end_chainage"":1014122.0,""point_chainage"":null,""scope_basis"":""hsp_forecast_table_row"",""scope_kind"":""LOCATED_INTERVAL"",""start_chainage"":1014109.0,""state_role"":null,""valid_date"":null}",doc_62bf6495f3a27bc084947384_e0002,stage7_main_task_047,False
typed_claim_fc90453df5e911633289f00f,OPERATIONAL_RESPONSE_ATTENTION,"{""is_causal_estimate"":false,""is_hazard_probability"":false,""is_probability"":false,""metric_name"":""RAI"",""metric_semantics"":""OPERATIONAL_RESPONSE_ATTENTION_INDEX"",""metric_status"":""AVAILABLE"",""metric_value"":0.20951206158765515,""source_metric_id"":""state_rai_ae928dd0f9abc1b9d3948a62""}",,NONPROBABILISTIC_ATTENTION,64,operational_attention,fact_lock_46dbac7bc69e6bf0656010fb,DAILY_REVIEW_CELL,"{""cell_id"":""cell_755f0624cffe8fc133dd76a0"",""daily_state_id"":null,""end_chainage"":null,""point_chainage"":null,""scope_basis"":""stage5b_bitemporal_state_subject"",""scope_kind"":""CELL"",""start_chainage"":null,""state_role"":""DAILY_REVIEW_CELL"",""valid_date"":""2023-11-21""}",state_rai_ae928dd0f9abc1b9d3948a62,stage7_main_task_047,False
typed_claim_c8953ba029a5def67c075b72,OPERATIONAL_RESPONSE_ATTENTION,"{""is_causal_estimate"":false,""is_hazard_probability"":false,""is_probability"":false,""metric_name"":""RAI"",""metric_semantics"":""OPERATIONAL_RESPONSE_ATTENTION_INDEX"",""metric_status"":""AVAILABLE"",""metric_value"":0.63513130894664,""source_metric_id"":""state_rai_30c58e9f3d39f9826cc5993c""}",,NONPROBABILISTIC_ATTENTION,65,operational_attention,fact_lock_68bea9e8ac6b995649d1bbe9,DAILY_REVIEW_CELL,"{""cell_id"":""cell_ff5e7be1c6332ee68423a3aa"",""daily_state_id"":null,""end_chainage"":null,""point_chainage"":null,""scope_basis"":""stage5b_bitemporal_state_subject"",""scope_kind"":""CELL"",""start_chainage"":null,""state_role"":""DAILY_REVIEW_CELL"",""valid_date"":""2023-11-21""}",state_rai_30c58e9f3d39f9826cc5993c,stage7_main_task_047,False
typed_claim_5c24f9a12ddd13422f28c691,OPERATIONAL_RESPONSE_ATTENTION,"{""is_causal_estimate"":false,""is_hazard_probability"":false,""is_probability"":false,""metric_name"":""RAI"",""metric_semantics"":""OPERATIONAL_RESPONSE_ATTENTION_INDEX"",""metric_status"":""AVAILABLE"",""metric_value"":0.1883233850820648,""source_metric_id"":""state_rai_f1b93251d6d56d011c3387b3""}",,NONPROBABILISTIC_ATTENTION,66,operational_attention,fact_lock_ab7c5119794bd5aae2934492,DAILY_REVIEW_CELL,"{""cell_id"":""cell_1a79c4be59c0faaa67f15970"",""daily_state_id"":null,""end_chainage"":null,""point_chainage"":null,""scope_basis"":""stage5b_bitemporal_state_subject"",""scope_kind"":""CELL"",""start_chainage"":null,""state_role"":""DAILY_REVIEW_CELL"",""valid_date"":""2023-11-21""}",state_rai_f1b93251d6d56d011c3387b3,stage7_main_task_047,False
typed_claim_d1d5a4f5573847ca8742a927,GEOLOGICAL_EVIDENCE_ATTENTION_REVIEW,"{""is_causal_estimate"":false,""is_hazard_probability"":false,""is_probability"":false,""metric_name"":""GRS"",""metric_semantics"":""GEOLOGICAL_EVIDENCE_ATTENTION_INDEX"",""metric_status"":""AVAILABLE"",""metric_value"":0.5833333333333333,""source_metric_id"":""state_grs_ae928dd0f9abc1b9d3948a62""}",,NONPROBABILISTIC_ATTENTION,67,geological_attention,fact_lock_6333b3e41a1cfff4b36229dd,DAILY_REVIEW_CELL,"{""cell_id"":""cell_755f0624cffe8fc133dd76a0"",""daily_state_id"":null,""end_chainage"":null,""point_chainage"":null,""scope_basis"":""stage5b_bitemporal_state_subject"",""scope_kind"":""CELL"",""start_chainage"":null,""state_role"":""DAILY_REVIEW_CELL"",""valid_date"":""2023-11-21""}",state_grs_ae928dd0f9abc1b9d3948a62,stage7_main_task_047,False
typed_claim_f7c7da629ef0e4c4b113465f,GEOLOGICAL_EVIDENCE_ATTENTION_REVIEW,"{""is_causal_estimate"":false,""is_hazard_probability"":false,""is_probability"":false,""metric_name"":""GRS"",""metric_semantics"":""GEOLOGICAL_EVIDENCE_ATTENTION_INDEX"",""metric_status"":""AVAILABLE"",""metric_value"":0.5833333333333333,""source_metric_id"":""state_grs_30c58e9f3d39f9826cc5993c""}",,NONPROBABILISTIC_ATTENTION,68,geological_attention,fact_lock_5bbc2483dabd2f23bbfc7274,DAILY_REVIEW_CELL,"{""cell_id"":""cell_ff5e7be1c6332ee68423a3aa"",""daily_state_id"":null,""end_chainage"":null,""point_chainage"":null,""scope_basis"":""stage5b_bitemporal_state_subject"",""scope_kind"":""CELL"",""start_chainage"":null,""state_role"":""DAILY_REVIEW_CELL"",""valid_date"":""2023-11-21""}",state_grs_30c58e9f3d39f9826cc5993c,stage7_main_task_047,False
typed_claim_163b3f141e9f519ef437f98b,GEOLOGICAL_EVIDENCE_ATTENTION_REVIEW,"{""is_causal_estimate"":false,""is_hazard_probability"":false,""is_probability"":false,""metric_name"":""GRS"",""metric_semantics"":""GEOLOGICAL_EVIDENCE_ATTENTION_INDEX"",""metric_status"":""AVAILABLE"",""metric_value"":0.32222222222222224,""source_metric_id"":""state_grs_f1b93251d6d56d011c3387b3""}",,NONPROBABILISTIC_ATTENTION,69,geological_attention,fact_lock_8242f534b176980064a4f09e,DAILY_REVIEW_CELL,"{""cell_id"":""cell_1a79c4be59c0faaa67f15970"",""daily_state_id"":null,""end_chainage"":null,""point_chainage"":null,""scope_basis"":""stage5b_bitemporal_state_subject"",""scope_kind"":""CELL"",""start_chainage"":null,""state_role"":""DAILY_REVIEW_CELL"",""valid_date"":""2023-11-21""}",state_grs_f1b93251d6d56d011c3387b3,stage7_main_task_047,False
typed_claim_8d5243a73483b151074c6973,COUPLED_ATTENTION_REVIEW,"{""is_causal_estimate"":false,""is_hazard_probability"":false,""is_probability"":false,""metric_name"":""GRCI"",""metric_semantics"":""NONPROBABILISTIC_CONJUNCTIVE_PRODUCT"",""metric_status"":""AVAILABLE"",""metric_value"":0.12221536925946548,""source_metric_id"":""state_grci_ae928dd0f9abc1b9d3948a62""}",,NONPROBABILISTIC_ATTENTION,70,coupled_attention,fact_lock_b76ce114b598351ae9f2d794,DAILY_REVIEW_CELL,"{""cell_id"":""cell_755f0624cffe8fc133dd76a0"",""daily_state_id"":null,""end_chainage"":null,""point_chainage"":null,""scope_basis"":""stage5b_bitemporal_state_subject"",""scope_kind"":""CELL"",""start_chainage"":null,""state_role"":""DAILY_REVIEW_CELL"",""valid_date"":""2023-11-21""}",state_grci_ae928dd0f9abc1b9d3948a62,stage7_main_task_047,False
typed_claim_9e8fd393ec70258817f84087,COUPLED_ATTENTION_REVIEW,"{""is_causal_estimate"":false,""is_hazard_probability"":false,""is_probability"":false,""metric_name"":""GRCI"",""metric_semantics"":""NONPROBABILISTIC_CONJUNCTIVE_PRODUCT"",""metric_status"":""AVAILABLE"",""metric_value"":0.37049326355220663,""source_metric_id"":""state_grci_30c58e9f3d39f9826cc5993c""}",,NONPROBABILISTIC_ATTENTION,71,coupled_attention,fact_lock_c56a09aaf5dac13d56e89817,DAILY_REVIEW_CELL,"{""cell_id"":""cell_ff5e7be1c6332ee68423a3aa"",""daily_state_id"":null,""end_chainage"":null,""point_chainage"":null,""scope_basis"":""stage5b_bitemporal_state_subject"",""scope_kind"":""CELL"",""start_chainage"":null,""state_role"":""DAILY_REVIEW_CELL"",""valid_date"":""2023-11-21""}",state_grci_30c58e9f3d39f9826cc5993c,stage7_main_task_047,False
typed_claim_297106bbccbf062fc50e3e19,COUPLED_ATTENTION_REVIEW,"{""is_causal_estimate"":false,""is_hazard_probability"":false,""is_probability"":false,""metric_name"":""GRCI"",""metric_semantics"":""NONPROBABILISTIC_CONJUNCTIVE_PRODUCT"",""metric_status"":""AVAILABLE"",""metric_value"":0.06068197963755422,""source_metric_id"":""state_grci_f1b93251d6d56d011c3387b3""}",,NONPROBABILISTIC_ATTENTION,72,coupled_attention,fact_lock_e60495678d3df0060bc6431a,DAILY_REVIEW_CELL,"{""cell_id"":""cell_1a79c4be59c0faaa67f15970"",""daily_state_id"":null,""end_chainage"":null,""point_chainage"":null,""scope_basis"":""stage5b_bitemporal_state_subject"",""scope_kind"":""CELL"",""start_chainage"":null,""state_role"":""DAILY_REVIEW_CELL"",""valid_date"":""2023-11-21""}",state_grci_f1b93251d6d56d011c3387b3,stage7_main_task_047,False
