absolute_delta,availability_transition,cell_id,exact_state_version_id,exact_status,exact_value,final_state_version_id,final_status,final_value,metric_type,relative_delta,state_role,status_changed,task_id,value_changed
0.0,UNCHANGED,cell_3d2558b73586465c51997f14,bitemporal_version_0fe4f28f30bcde0cc1b2cf31,AVAILABLE,0.315043708909733,bitemporal_version_0fe4f28f30bcde0cc1b2cf31,AVAILABLE,0.315043708909733,RAI,0.0,DAILY_REVIEW_CELL,False,stage7_main_task_000,False
0.0,UNCHANGED,cell_3d2558b73586465c51997f14,bitemporal_version_0fe4f28f30bcde0cc1b2cf31,AVAILABLE,0.5416666666666666,bitemporal_version_0fe4f28f30bcde0cc1b2cf31,AVAILABLE,0.5416666666666666,GRS,0.0,DAILY_REVIEW_CELL,False,stage7_main_task_000,False
0.0,UNCHANGED,cell_3d2558b73586465c51997f14,bitemporal_version_0fe4f28f30bcde0cc1b2cf31,AVAILABLE,0.1706486756594387,bitemporal_version_0fe4f28f30bcde0cc1b2cf31,AVAILABLE,0.1706486756594387,GRCI,0.0,DAILY_REVIEW_CELL,False,stage7_main_task_000,False
0.0,UNCHANGED,cell_d633c30ff9721d955f08a540,bitemporal_version_896b6cdef1575f39d0b9e441,AVAILABLE,0.5172039924283759,bitemporal_version_896b6cdef1575f39d0b9e441,AVAILABLE,0.5172039924283759,RAI,0.0,DAILY_REVIEW_CELL,False,stage7_main_task_001,False
0.0,UNCHANGED,cell_d633c30ff9721d955f08a540,bitemporal_version_896b6cdef1575f39d0b9e441,AVAILABLE,0.6777777777777777,bitemporal_version_896b6cdef1575f39d0b9e441,AVAILABLE,0.6777777777777777,GRS,0.0,DAILY_REVIEW_CELL,False,stage7_main_task_001,False
0.0,UNCHANGED,cell_d633c30ff9721d955f08a540,bitemporal_version_896b6cdef1575f39d0b9e441,AVAILABLE,0.3505493726458992,bitemporal_version_896b6cdef1575f39d0b9e441,AVAILABLE,0.3505493726458992,GRCI,0.0,DAILY_REVIEW_CELL,False,stage7_main_task_001,False
,UNCHANGED,cell_eb2c3c433c9ba2151c8c98b3,bitemporal_version_02d28ec2df7c79a3dd141295,NO_CELL_LINKED_OPERATIONAL_RESPONSE,,bitemporal_version_02d28ec2df7c79a3dd141295,NO_CELL_LINKED_OPERATIONAL_RESPONSE,,RAI,,FORWARD_ATTENTION_CELL,False,stage7_main_task_002,False
0.0,UNCHANGED,cell_eb2c3c433c9ba2151c8c98b3,bitemporal_version_02d28ec2df7c79a3dd141295,AVAILABLE,0.20833333333333331,bitemporal_version_02d28ec2df7c79a3dd141295,AVAILABLE,0.20833333333333331,GRS,0.0,FORWARD_ATTENTION_CELL,False,stage7_main_task_002,False
,UNCHANGED,cell_eb2c3c433c9ba2151c8c98b3,bitemporal_version_02d28ec2df7c79a3dd141295,GRCI_NOT_DEFINED_FOR_FORWARD_ATTENTION,,bitemporal_version_02d28ec2df7c79a3dd141295,GRCI_NOT_DEFINED_FOR_FORWARD_ATTENTION,,GRCI,,FORWARD_ATTENTION_CELL,False,stage7_main_task_002,False
,UNCHANGED,cell_007ae6b7a81e2b90469a65fa,bitemporal_version_0d5cb098f47e01f501eaba27,NO_CELL_LINKED_OPERATIONAL_RESPONSE,,bitemporal_version_0d5cb098f47e01f501eaba27,NO_CELL_LINKED_OPERATIONAL_RESPONSE,,RAI,,FORWARD_ATTENTION_CELL,False,stage7_main_task_002,False
0.0,UNCHANGED,cell_007ae6b7a81e2b90469a65fa,bitemporal_version_0d5cb098f47e01f501eaba27,AVAILABLE,0.20833333333333331,bitemporal_version_0d5cb098f47e01f501eaba27,AVAILABLE,0.20833333333333331,GRS,0.0,FORWARD_ATTENTION_CELL,False,stage7_main_task_002,False
,UNCHANGED,cell_007ae6b7a81e2b90469a65fa,bitemporal_version_0d5cb098f47e01f501eaba27,GRCI_NOT_DEFINED_FOR_FORWARD_ATTENTION,,bitemporal_version_0d5cb098f47e01f501eaba27,GRCI_NOT_DEFINED_FOR_FORWARD_ATTENTION,,GRCI,,FORWARD_ATTENTION_CELL,False,stage7_main_task_002,False
,UNCHANGED,cell_74760c064abb487c9a1b536d,bitemporal_version_623f48c8a2398ae7604e93b6,NO_CELL_LINKED_OPERATIONAL_RESPONSE,,bitemporal_version_623f48c8a2398ae7604e93b6,NO_CELL_LINKED_OPERATIONAL_RESPONSE,,RAI,,FORWARD_ATTENTION_CELL,False,stage7_main_task_002,False
0.0,UNCHANGED,cell_74760c064abb487c9a1b536d,bitemporal_version_623f48c8a2398ae7604e93b6,AVAILABLE,0.5833333333333333,bitemporal_version_623f48c8a2398ae7604e93b6,AVAILABLE,0.5833333333333333,GRS,0.0,FORWARD_ATTENTION_CELL,False,stage7_main_task_002,False
,UNCHANGED,cell_74760c064abb487c9a1b536d,bitemporal_version_623f48c8a2398ae7604e93b6,GRCI_NOT_DEFINED_FOR_FORWARD_ATTENTION,,bitemporal_version_623f48c8a2398ae7604e93b6,GRCI_NOT_DEFINED_FOR_FORWARD_ATTENTION,,GRCI,,FORWARD_ATTENTION_CELL,False,stage7_main_task_002,False
,UNCHANGED,cell_1843a9337ceb7ea09519935e,bitemporal_version_8e54371853e5324ba263e140,NO_CELL_LINKED_OPERATIONAL_RESPONSE,,bitemporal_version_8e54371853e5324ba263e140,NO_CELL_LINKED_OPERATIONAL_RESPONSE,,RAI,,DAILY_REVIEW_CELL,False,stage7_main_task_003,False
0.0,UNCHANGED,cell_1843a9337ceb7ea09519935e,bitemporal_version_8e54371853e5324ba263e140,AVAILABLE,0.611111111111111,bitemporal_version_8e54371853e5324ba263e140,AVAILABLE,0.611111111111111,GRS,0.0,DAILY_REVIEW_CELL,False,stage7_main_task_003,False
,UNCHANGED,cell_1843a9337ceb7ea09519935e,bitemporal_version_8e54371853e5324ba263e140,RAI_UNAVAILABLE,,bitemporal_version_8e54371853e5324ba263e140,RAI_UNAVAILABLE,,GRCI,,DAILY_REVIEW_CELL,False,stage7_main_task_003,False
,UNCHANGED,cell_24b399ee6cea6a9d1d537cd9,bitemporal_version_83f6b003c91a25e7bf490d1c,NO_CELL_LINKED_OPERATIONAL_RESPONSE,,bitemporal_version_83f6b003c91a25e7bf490d1c,NO_CELL_LINKED_OPERATIONAL_RESPONSE,,RAI,,FORWARD_ATTENTION_CELL,False,stage7_main_task_004,False
0.0,UNCHANGED,cell_24b399ee6cea6a9d1d537cd9,bitemporal_version_83f6b003c91a25e7bf490d1c,AVAILABLE,0.7472222222222222,bitemporal_version_83f6b003c91a25e7bf490d1c,AVAILABLE,0.7472222222222222,GRS,0.0,FORWARD_ATTENTION_CELL,False,stage7_main_task_004,False
,UNCHANGED,cell_24b399ee6cea6a9d1d537cd9,bitemporal_version_83f6b003c91a25e7bf490d1c,GRCI_NOT_DEFINED_FOR_FORWARD_ATTENTION,,bitemporal_version_83f6b003c91a25e7bf490d1c,GRCI_NOT_DEFINED_FOR_FORWARD_ATTENTION,,GRCI,,FORWARD_ATTENTION_CELL,False,stage7_main_task_004,False
0.0,UNCHANGED,cell_759e1199e2f480da6470348f,bitemporal_version_1e9a100bc744755b35195499,AVAILABLE,0.5635428210574973,bitemporal_version_1e9a100bc744755b35195499,AVAILABLE,0.5635428210574973,RAI,0.0,DAILY_REVIEW_CELL,False,stage7_main_task_005,False
0.0,UNCHANGED,cell_759e1199e2f480da6470348f,bitemporal_version_1e9a100bc744755b35195499,AVAILABLE,0.9444444444444445,bitemporal_version_1e9a100bc744755b35195499,AVAILABLE,0.9444444444444445,GRS,0.0,DAILY_REVIEW_CELL,False,stage7_main_task_005,False
0.0,UNCHANGED,cell_759e1199e2f480da6470348f,bitemporal_version_1e9a100bc744755b35195499,AVAILABLE,0.5322348865543031,bitemporal_version_1e9a100bc744755b35195499,AVAILABLE,0.5322348865543031,GRCI,0.0,DAILY_REVIEW_CELL,False,stage7_main_task_005,False
,UNCHANGED,cell_2a26eb473c9d5c29f1fb18e5,bitemporal_version_4834a4738caf0ce9deda4ebc,NO_CELL_LINKED_OPERATIONAL_RESPONSE,,bitemporal_version_4834a4738caf0ce9deda4ebc,NO_CELL_LINKED_OPERATIONAL_RESPONSE,,RAI,,FORWARD_ATTENTION_CELL,False,stage7_main_task_006,False
0.0,UNCHANGED,cell_2a26eb473c9d5c29f1fb18e5,bitemporal_version_4834a4738caf0ce9deda4ebc,AVAILABLE,0.8333333333333333,bitemporal_version_4834a4738caf0ce9deda4ebc,AVAILABLE,0.8333333333333333,GRS,0.0,FORWARD_ATTENTION_CELL,False,stage7_main_task_006,False
,UNCHANGED,cell_2a26eb473c9d5c29f1fb18e5,bitemporal_version_4834a4738caf0ce9deda4ebc,GRCI_NOT_DEFINED_FOR_FORWARD_ATTENTION,,bitemporal_version_4834a4738caf0ce9deda4ebc,GRCI_NOT_DEFINED_FOR_FORWARD_ATTENTION,,GRCI,,FORWARD_ATTENTION_CELL,False,stage7_main_task_006,False
,UNCHANGED,cell_cdc5039d5b825fe6a11681a2,bitemporal_version_4a854c050c003733a110bebc,NO_CELL_LINKED_OPERATIONAL_RESPONSE,,bitemporal_version_4a854c050c003733a110bebc,NO_CELL_LINKED_OPERATIONAL_RESPONSE,,RAI,,DAILY_REVIEW_CELL,False,stage7_main_task_007,False
0.0,UNCHANGED,cell_cdc5039d5b825fe6a11681a2,bitemporal_version_4a854c050c003733a110bebc,AVAILABLE,0.6444444444444445,bitemporal_version_4a854c050c003733a110bebc,AVAILABLE,0.6444444444444445,GRS,0.0,DAILY_REVIEW_CELL,False,stage7_main_task_007,False
,UNCHANGED,cell_cdc5039d5b825fe6a11681a2,bitemporal_version_4a854c050c003733a110bebc,RAI_UNAVAILABLE,,bitemporal_version_4a854c050c003733a110bebc,RAI_UNAVAILABLE,,GRCI,,DAILY_REVIEW_CELL,False,stage7_main_task_007,False
0.0,UNCHANGED,cell_e6909af68ebeb6da8c963bf6,bitemporal_version_9f8d29b5e3da9cf362c7bfea,AVAILABLE,0.8659291356031981,bitemporal_version_9f8d29b5e3da9cf362c7bfea,AVAILABLE,0.8659291356031981,RAI,0.0,DAILY_REVIEW_CELL,False,stage7_main_task_008,False
0.0,UNCHANGED,cell_e6909af68ebeb6da8c963bf6,bitemporal_version_9f8d29b5e3da9cf362c7bfea,AVAILABLE,0.20833333333333331,bitemporal_version_9f8d29b5e3da9cf362c7bfea,AVAILABLE,0.20833333333333331,GRS,0.0,DAILY_REVIEW_CELL,False,stage7_main_task_008,False
0.0,UNCHANGED,cell_e6909af68ebeb6da8c963bf6,bitemporal_version_9f8d29b5e3da9cf362c7bfea,AVAILABLE,0.18040190325066624,bitemporal_version_9f8d29b5e3da9cf362c7bfea,AVAILABLE,0.18040190325066624,GRCI,0.0,DAILY_REVIEW_CELL,False,stage7_main_task_008,False
,UNCHANGED,cell_74760c064abb487c9a1b536d,bitemporal_version_711502719d76bb990750c5c0,NO_CELL_LINKED_OPERATIONAL_RESPONSE,,bitemporal_version_711502719d76bb990750c5c0,NO_CELL_LINKED_OPERATIONAL_RESPONSE,,RAI,,FORWARD_ATTENTION_CELL,False,stage7_main_task_009,False
0.0,UNCHANGED,cell_74760c064abb487c9a1b536d,bitemporal_version_711502719d76bb990750c5c0,AVAILABLE,0.5833333333333333,bitemporal_version_711502719d76bb990750c5c0,AVAILABLE,0.5833333333333333,GRS,0.0,FORWARD_ATTENTION_CELL,False,stage7_main_task_009,False
,UNCHANGED,cell_74760c064abb487c9a1b536d,bitemporal_version_711502719d76bb990750c5c0,GRCI_NOT_DEFINED_FOR_FORWARD_ATTENTION,,bitemporal_version_711502719d76bb990750c5c0,GRCI_NOT_DEFINED_FOR_FORWARD_ATTENTION,,GRCI,,FORWARD_ATTENTION_CELL,False,stage7_main_task_009,False
,UNCHANGED,cell_74aee36f89ce05bc1be1552b,bitemporal_version_12081a43b7b3b8ce3a94869b,NO_CELL_LINKED_OPERATIONAL_RESPONSE,,bitemporal_version_12081a43b7b3b8ce3a94869b,NO_CELL_LINKED_OPERATIONAL_RESPONSE,,RAI,,FORWARD_ATTENTION_CELL,False,stage7_main_task_010,False
0.0,UNCHANGED,cell_74aee36f89ce05bc1be1552b,bitemporal_version_12081a43b7b3b8ce3a94869b,AVAILABLE,0.8333333333333333,bitemporal_version_12081a43b7b3b8ce3a94869b,AVAILABLE,0.8333333333333333,GRS,0.0,FORWARD_ATTENTION_CELL,False,stage7_main_task_010,False
,UNCHANGED,cell_74aee36f89ce05bc1be1552b,bitemporal_version_12081a43b7b3b8ce3a94869b,GRCI_NOT_DEFINED_FOR_FORWARD_ATTENTION,,bitemporal_version_12081a43b7b3b8ce3a94869b,GRCI_NOT_DEFINED_FOR_FORWARD_ATTENTION,,GRCI,,FORWARD_ATTENTION_CELL,False,stage7_main_task_010,False
,UNCHANGED,cell_63f0b623e1aa623002144e00,bitemporal_version_481174774170041aba15861e,NO_CELL_LINKED_OPERATIONAL_RESPONSE,,bitemporal_version_481174774170041aba15861e,NO_CELL_LINKED_OPERATIONAL_RESPONSE,,RAI,,FORWARD_ATTENTION_CELL,False,stage7_main_task_010,False
0.0,UNCHANGED,cell_63f0b623e1aa623002144e00,bitemporal_version_481174774170041aba15861e,AVAILABLE,0.9166666666666666,bitemporal_version_481174774170041aba15861e,AVAILABLE,0.9166666666666666,GRS,0.0,FORWARD_ATTENTION_CELL,False,stage7_main_task_010,False
,UNCHANGED,cell_63f0b623e1aa623002144e00,bitemporal_version_481174774170041aba15861e,GRCI_NOT_DEFINED_FOR_FORWARD_ATTENTION,,bitemporal_version_481174774170041aba15861e,GRCI_NOT_DEFINED_FOR_FORWARD_ATTENTION,,GRCI,,FORWARD_ATTENTION_CELL,False,stage7_main_task_010,False
,UNCHANGED,cell_18dcb188dff729ae040f264a,bitemporal_version_cbe6f3f9e0f596bc88ed69c9,NO_CELL_LINKED_OPERATIONAL_RESPONSE,,bitemporal_version_cbe6f3f9e0f596bc88ed69c9,NO_CELL_LINKED_OPERATIONAL_RESPONSE,,RAI,,FORWARD_ATTENTION_CELL,False,stage7_main_task_010,False
0.0,UNCHANGED,cell_18dcb188dff729ae040f264a,bitemporal_version_cbe6f3f9e0f596bc88ed69c9,AVAILABLE,0.9166666666666666,bitemporal_version_cbe6f3f9e0f596bc88ed69c9,AVAILABLE,0.9166666666666666,GRS,0.0,FORWARD_ATTENTION_CELL,False,stage7_main_task_010,False
,UNCHANGED,cell_18dcb188dff729ae040f264a,bitemporal_version_cbe6f3f9e0f596bc88ed69c9,GRCI_NOT_DEFINED_FOR_FORWARD_ATTENTION,,bitemporal_version_cbe6f3f9e0f596bc88ed69c9,GRCI_NOT_DEFINED_FOR_FORWARD_ATTENTION,,GRCI,,FORWARD_ATTENTION_CELL,False,stage7_main_task_010,False
,UNCHANGED,cell_8e31894debfd91db79f6b261,bitemporal_version_08d998a78501d5d6a920e96b,NO_CELL_LINKED_OPERATIONAL_RESPONSE,,bitemporal_version_08d998a78501d5d6a920e96b,NO_CELL_LINKED_OPERATIONAL_RESPONSE,,RAI,,LOCAL_BACKGROUND_CELL,False,stage7_main_task_011,False
0.0,UNCHANGED,cell_8e31894debfd91db79f6b261,bitemporal_version_08d998a78501d5d6a920e96b,AVAILABLE,0.20833333333333331,bitemporal_version_08d998a78501d5d6a920e96b,AVAILABLE,0.20833333333333331,GRS,0.0,LOCAL_BACKGROUND_CELL,False,stage7_main_task_011,False
,UNCHANGED,cell_8e31894debfd91db79f6b261,bitemporal_version_08d998a78501d5d6a920e96b,GRCI_NOT_DEFINED_FOR_LOCAL_BACKGROUND,,bitemporal_version_08d998a78501d5d6a920e96b,GRCI_NOT_DEFINED_FOR_LOCAL_BACKGROUND,,GRCI,,LOCAL_BACKGROUND_CELL,False,stage7_main_task_011,False
0.0,UNCHANGED,cell_ff5e7be1c6332ee68423a3aa,bitemporal_version_0a6efbacb85445d05d95e41a,AVAILABLE,0.6192633788474606,bitemporal_version_0a6efbacb85445d05d95e41a,AVAILABLE,0.6192633788474606,RAI,0.0,DAILY_REVIEW_CELL,False,stage7_main_task_011,False
0.0,UNCHANGED,cell_ff5e7be1c6332ee68423a3aa,bitemporal_version_0a6efbacb85445d05d95e41a,AVAILABLE,0.5833333333333333,bitemporal_version_0a6efbacb85445d05d95e41a,AVAILABLE,0.5833333333333333,GRS,0.0,DAILY_REVIEW_CELL,False,stage7_main_task_011,False
0.0,UNCHANGED,cell_ff5e7be1c6332ee68423a3aa,bitemporal_version_0a6efbacb85445d05d95e41a,AVAILABLE,0.361236970994352,bitemporal_version_0a6efbacb85445d05d95e41a,AVAILABLE,0.361236970994352,GRCI,0.0,DAILY_REVIEW_CELL,False,stage7_main_task_011,False
,UNCHANGED,cell_b798b66695446a0f518c3244,bitemporal_version_34a7af8cb322ed9d0fb15c4e,NO_CELL_LINKED_OPERATIONAL_RESPONSE,,bitemporal_version_34a7af8cb322ed9d0fb15c4e,NO_CELL_LINKED_OPERATIONAL_RESPONSE,,RAI,,FORWARD_ATTENTION_CELL,False,stage7_main_task_011,False
0.0,UNCHANGED,cell_b798b66695446a0f518c3244,bitemporal_version_34a7af8cb322ed9d0fb15c4e,AVAILABLE,0.5,bitemporal_version_34a7af8cb322ed9d0fb15c4e,AVAILABLE,0.5,GRS,0.0,FORWARD_ATTENTION_CELL,False,stage7_main_task_011,False
,UNCHANGED,cell_b798b66695446a0f518c3244,bitemporal_version_34a7af8cb322ed9d0fb15c4e,GRCI_NOT_DEFINED_FOR_FORWARD_ATTENTION,,bitemporal_version_34a7af8cb322ed9d0fb15c4e,GRCI_NOT_DEFINED_FOR_FORWARD_ATTENTION,,GRCI,,FORWARD_ATTENTION_CELL,False,stage7_main_task_011,False
,UNCHANGED,cell_755f0624cffe8fc133dd76a0,bitemporal_version_5c9ddf895806d919939db9b1,NO_CELL_LINKED_OPERATIONAL_RESPONSE,,bitemporal_version_5c9ddf895806d919939db9b1,NO_CELL_LINKED_OPERATIONAL_RESPONSE,,RAI,,LOCAL_BACKGROUND_CELL,False,stage7_main_task_011,False
0.0,UNCHANGED,cell_755f0624cffe8fc133dd76a0,bitemporal_version_5c9ddf895806d919939db9b1,AVAILABLE,0.32222222222222224,bitemporal_version_5c9ddf895806d919939db9b1,AVAILABLE,0.32222222222222224,GRS,0.0,LOCAL_BACKGROUND_CELL,False,stage7_main_task_011,False
,UNCHANGED,cell_755f0624cffe8fc133dd76a0,bitemporal_version_5c9ddf895806d919939db9b1,GRCI_NOT_DEFINED_FOR_LOCAL_BACKGROUND,,bitemporal_version_5c9ddf895806d919939db9b1,GRCI_NOT_DEFINED_FOR_LOCAL_BACKGROUND,,GRCI,,LOCAL_BACKGROUND_CELL,False,stage7_main_task_011,False
,UNCHANGED,cell_4d176d99ebe3ce580aa54210,bitemporal_version_60b7bc8afef2de12caf7eda6,NO_CELL_LINKED_OPERATIONAL_RESPONSE,,bitemporal_version_60b7bc8afef2de12caf7eda6,NO_CELL_LINKED_OPERATIONAL_RESPONSE,,RAI,,FORWARD_ATTENTION_CELL,False,stage7_main_task_011,False
0.0,UNCHANGED,cell_4d176d99ebe3ce580aa54210,bitemporal_version_60b7bc8afef2de12caf7eda6,AVAILABLE,0.29166666666666663,bitemporal_version_60b7bc8afef2de12caf7eda6,AVAILABLE,0.29166666666666663,GRS,0.0,FORWARD_ATTENTION_CELL,False,stage7_main_task_011,False
,UNCHANGED,cell_4d176d99ebe3ce580aa54210,bitemporal_version_60b7bc8afef2de12caf7eda6,GRCI_NOT_DEFINED_FOR_FORWARD_ATTENTION,,bitemporal_version_60b7bc8afef2de12caf7eda6,GRCI_NOT_DEFINED_FOR_FORWARD_ATTENTION,,GRCI,,FORWARD_ATTENTION_CELL,False,stage7_main_task_011,False
,UNCHANGED,cell_eb2c3c433c9ba2151c8c98b3,bitemporal_version_7c97c30e9d66acb82d7e97f3,NO_CELL_LINKED_OPERATIONAL_RESPONSE,,bitemporal_version_7c97c30e9d66acb82d7e97f3,NO_CELL_LINKED_OPERATIONAL_RESPONSE,,RAI,,LOCAL_BACKGROUND_CELL,False,stage7_main_task_011,False
0.0,UNCHANGED,cell_eb2c3c433c9ba2151c8c98b3,bitemporal_version_7c97c30e9d66acb82d7e97f3,AVAILABLE,0.20833333333333331,bitemporal_version_7c97c30e9d66acb82d7e97f3,AVAILABLE,0.20833333333333331,GRS,0.0,LOCAL_BACKGROUND_CELL,False,stage7_main_task_011,False
,UNCHANGED,cell_eb2c3c433c9ba2151c8c98b3,bitemporal_version_7c97c30e9d66acb82d7e97f3,GRCI_NOT_DEFINED_FOR_LOCAL_BACKGROUND,,bitemporal_version_7c97c30e9d66acb82d7e97f3,GRCI_NOT_DEFINED_FOR_LOCAL_BACKGROUND,,GRCI,,LOCAL_BACKGROUND_CELL,False,stage7_main_task_011,False
,UNCHANGED,cell_96c0aad794c12294c62b9b04,bitemporal_version_7f5e2e2ddacdd13029e4ca42,NO_CELL_LINKED_OPERATIONAL_RESPONSE,,bitemporal_version_7f5e2e2ddacdd13029e4ca42,NO_CELL_LINKED_OPERATIONAL_RESPONSE,,RAI,,LOCAL_BACKGROUND_CELL,False,stage7_main_task_011,False
0.0,UNCHANGED,cell_96c0aad794c12294c62b9b04,bitemporal_version_7f5e2e2ddacdd13029e4ca42,AVAILABLE,0.37777777777777777,bitemporal_version_7f5e2e2ddacdd13029e4ca42,AVAILABLE,0.37777777777777777,GRS,0.0,LOCAL_BACKGROUND_CELL,False,stage7_main_task_011,False
,UNCHANGED,cell_96c0aad794c12294c62b9b04,bitemporal_version_7f5e2e2ddacdd13029e4ca42,GRCI_NOT_DEFINED_FOR_LOCAL_BACKGROUND,,bitemporal_version_7f5e2e2ddacdd13029e4ca42,GRCI_NOT_DEFINED_FOR_LOCAL_BACKGROUND,,GRCI,,LOCAL_BACKGROUND_CELL,False,stage7_main_task_011,False
,UNCHANGED,cell_09ba3be6b7c383abc8f38eb2,bitemporal_version_82262bba3ee42a2b63e4de6a,NO_CELL_LINKED_OPERATIONAL_RESPONSE,,bitemporal_version_82262bba3ee42a2b63e4de6a,NO_CELL_LINKED_OPERATIONAL_RESPONSE,,RAI,,LOCAL_BACKGROUND_CELL,False,stage7_main_task_011,False
0.0,UNCHANGED,cell_09ba3be6b7c383abc8f38eb2,bitemporal_version_82262bba3ee42a2b63e4de6a,AVAILABLE,0.5722222222222222,bitemporal_version_82262bba3ee42a2b63e4de6a,AVAILABLE,0.5722222222222222,GRS,0.0,LOCAL_BACKGROUND_CELL,False,stage7_main_task_011,False
,UNCHANGED,cell_09ba3be6b7c383abc8f38eb2,bitemporal_version_82262bba3ee42a2b63e4de6a,GRCI_NOT_DEFINED_FOR_LOCAL_BACKGROUND,,bitemporal_version_82262bba3ee42a2b63e4de6a,GRCI_NOT_DEFINED_FOR_LOCAL_BACKGROUND,,GRCI,,LOCAL_BACKGROUND_CELL,False,stage7_main_task_011,False
,UNCHANGED,cell_84a0fd97f5093abedccb6ecb,bitemporal_version_831ac0a15128a286445a35af,NO_CELL_LINKED_OPERATIONAL_RESPONSE,,bitemporal_version_831ac0a15128a286445a35af,NO_CELL_LINKED_OPERATIONAL_RESPONSE,,RAI,,LOCAL_BACKGROUND_CELL,False,stage7_main_task_011,False
0.0,UNCHANGED,cell_84a0fd97f5093abedccb6ecb,bitemporal_version_831ac0a15128a286445a35af,AVAILABLE,0.29166666666666663,bitemporal_version_831ac0a15128a286445a35af,AVAILABLE,0.29166666666666663,GRS,0.0,LOCAL_BACKGROUND_CELL,False,stage7_main_task_011,False
,UNCHANGED,cell_84a0fd97f5093abedccb6ecb,bitemporal_version_831ac0a15128a286445a35af,GRCI_NOT_DEFINED_FOR_LOCAL_BACKGROUND,,bitemporal_version_831ac0a15128a286445a35af,GRCI_NOT_DEFINED_FOR_LOCAL_BACKGROUND,,GRCI,,LOCAL_BACKGROUND_CELL,False,stage7_main_task_011,False
0.0,UNCHANGED,cell_aa9a31d2a4df8d15e2b4d46f,bitemporal_version_bc2c76285db51f4b2cdd2619,AVAILABLE,0.3267208330594981,bitemporal_version_bc2c76285db51f4b2cdd2619,AVAILABLE,0.3267208330594981,RAI,0.0,DAILY_REVIEW_CELL,False,stage7_main_task_011,False
0.0,UNCHANGED,cell_aa9a31d2a4df8d15e2b4d46f,bitemporal_version_bc2c76285db51f4b2cdd2619,AVAILABLE,0.6555555555555556,bitemporal_version_bc2c76285db51f4b2cdd2619,AVAILABLE,0.6555555555555556,GRS,0.0,DAILY_REVIEW_CELL,False,stage7_main_task_011,False
0.0,UNCHANGED,cell_aa9a31d2a4df8d15e2b4d46f,bitemporal_version_bc2c76285db51f4b2cdd2619,AVAILABLE,0.2141836572278932,bitemporal_version_bc2c76285db51f4b2cdd2619,AVAILABLE,0.2141836572278932,GRCI,0.0,DAILY_REVIEW_CELL,False,stage7_main_task_011,False
,UNCHANGED,cell_1a79c4be59c0faaa67f15970,bitemporal_version_bfa4bef98835dfa287e289c5,NO_CELL_LINKED_OPERATIONAL_RESPONSE,,bitemporal_version_bfa4bef98835dfa287e289c5,NO_CELL_LINKED_OPERATIONAL_RESPONSE,,RAI,,LOCAL_BACKGROUND_CELL,False,stage7_main_task_011,False
0.0,UNCHANGED,cell_1a79c4be59c0faaa67f15970,bitemporal_version_bfa4bef98835dfa287e289c5,AVAILABLE,0.32222222222222224,bitemporal_version_bfa4bef98835dfa287e289c5,AVAILABLE,0.32222222222222224,GRS,0.0,LOCAL_BACKGROUND_CELL,False,stage7_main_task_011,False
,UNCHANGED,cell_1a79c4be59c0faaa67f15970,bitemporal_version_bfa4bef98835dfa287e289c5,GRCI_NOT_DEFINED_FOR_LOCAL_BACKGROUND,,bitemporal_version_bfa4bef98835dfa287e289c5,GRCI_NOT_DEFINED_FOR_LOCAL_BACKGROUND,,GRCI,,LOCAL_BACKGROUND_CELL,False,stage7_main_task_011,False
,UNCHANGED,cell_8d1c49d3e1718f64fcb81f76,bitemporal_version_c4159daed74e98f8baa9ec28,NO_CELL_LINKED_OPERATIONAL_RESPONSE,,bitemporal_version_c4159daed74e98f8baa9ec28,NO_CELL_LINKED_OPERATIONAL_RESPONSE,,RAI,,LOCAL_BACKGROUND_CELL,False,stage7_main_task_011,False
0.0,UNCHANGED,cell_8d1c49d3e1718f64fcb81f76,bitemporal_version_c4159daed74e98f8baa9ec28,AVAILABLE,0.5722222222222222,bitemporal_version_c4159daed74e98f8baa9ec28,AVAILABLE,0.5722222222222222,GRS,0.0,LOCAL_BACKGROUND_CELL,False,stage7_main_task_011,False
,UNCHANGED,cell_8d1c49d3e1718f64fcb81f76,bitemporal_version_c4159daed74e98f8baa9ec28,GRCI_NOT_DEFINED_FOR_LOCAL_BACKGROUND,,bitemporal_version_c4159daed74e98f8baa9ec28,GRCI_NOT_DEFINED_FOR_LOCAL_BACKGROUND,,GRCI,,LOCAL_BACKGROUND_CELL,False,stage7_main_task_011,False
,UNCHANGED,cell_007ae6b7a81e2b90469a65fa,bitemporal_version_cc71db4e9d96606c1b707095,NO_CELL_LINKED_OPERATIONAL_RESPONSE,,bitemporal_version_cc71db4e9d96606c1b707095,NO_CELL_LINKED_OPERATIONAL_RESPONSE,,RAI,,LOCAL_BACKGROUND_CELL,False,stage7_main_task_011,False
0.0,UNCHANGED,cell_007ae6b7a81e2b90469a65fa,bitemporal_version_cc71db4e9d96606c1b707095,AVAILABLE,0.32222222222222224,bitemporal_version_cc71db4e9d96606c1b707095,AVAILABLE,0.32222222222222224,GRS,0.0,LOCAL_BACKGROUND_CELL,False,stage7_main_task_011,False
,UNCHANGED,cell_007ae6b7a81e2b90469a65fa,bitemporal_version_cc71db4e9d96606c1b707095,GRCI_NOT_DEFINED_FOR_LOCAL_BACKGROUND,,bitemporal_version_cc71db4e9d96606c1b707095,GRCI_NOT_DEFINED_FOR_LOCAL_BACKGROUND,,GRCI,,LOCAL_BACKGROUND_CELL,False,stage7_main_task_011,False
,UNCHANGED,cell_ba71aad8523a714a32b0c788,bitemporal_version_e1f57ba8d8a1aae167594462,NO_CELL_LINKED_OPERATIONAL_RESPONSE,,bitemporal_version_e1f57ba8d8a1aae167594462,NO_CELL_LINKED_OPERATIONAL_RESPONSE,,RAI,,FORWARD_ATTENTION_CELL,False,stage7_main_task_011,False
0.0,UNCHANGED,cell_ba71aad8523a714a32b0c788,bitemporal_version_e1f57ba8d8a1aae167594462,AVAILABLE,0.29166666666666663,bitemporal_version_e1f57ba8d8a1aae167594462,AVAILABLE,0.29166666666666663,GRS,0.0,FORWARD_ATTENTION_CELL,False,stage7_main_task_011,False
,UNCHANGED,cell_ba71aad8523a714a32b0c788,bitemporal_version_e1f57ba8d8a1aae167594462,GRCI_NOT_DEFINED_FOR_FORWARD_ATTENTION,,bitemporal_version_e1f57ba8d8a1aae167594462,GRCI_NOT_DEFINED_FOR_FORWARD_ATTENTION,,GRCI,,FORWARD_ATTENTION_CELL,False,stage7_main_task_011,False
,UNCHANGED,cell_74760c064abb487c9a1b536d,bitemporal_version_edddab05bf6ba79fa0925e75,NO_CELL_LINKED_OPERATIONAL_RESPONSE,,bitemporal_version_edddab05bf6ba79fa0925e75,NO_CELL_LINKED_OPERATIONAL_RESPONSE,,RAI,,LOCAL_BACKGROUND_CELL,False,stage7_main_task_011,False
0.0,UNCHANGED,cell_74760c064abb487c9a1b536d,bitemporal_version_edddab05bf6ba79fa0925e75,AVAILABLE,0.5833333333333333,bitemporal_version_edddab05bf6ba79fa0925e75,AVAILABLE,0.5833333333333333,GRS,0.0,LOCAL_BACKGROUND_CELL,False,stage7_main_task_011,False
,UNCHANGED,cell_74760c064abb487c9a1b536d,bitemporal_version_edddab05bf6ba79fa0925e75,GRCI_NOT_DEFINED_FOR_LOCAL_BACKGROUND,,bitemporal_version_edddab05bf6ba79fa0925e75,GRCI_NOT_DEFINED_FOR_LOCAL_BACKGROUND,,GRCI,,LOCAL_BACKGROUND_CELL,False,stage7_main_task_011,False
,UNCHANGED,cell_b0aefb4d3bc9706a5f861ff1,bitemporal_version_546af95576f59984c40e6a5e,NO_CELL_LINKED_OPERATIONAL_RESPONSE,,bitemporal_version_546af95576f59984c40e6a5e,NO_CELL_LINKED_OPERATIONAL_RESPONSE,,RAI,,FORWARD_ATTENTION_CELL,False,stage7_main_task_012,False
0.0,UNCHANGED,cell_b0aefb4d3bc9706a5f861ff1,bitemporal_version_546af95576f59984c40e6a5e,AVAILABLE,0.7708333333333333,bitemporal_version_546af95576f59984c40e6a5e,AVAILABLE,0.7708333333333333,GRS,0.0,FORWARD_ATTENTION_CELL,False,stage7_main_task_012,False
,UNCHANGED,cell_b0aefb4d3bc9706a5f861ff1,bitemporal_version_546af95576f59984c40e6a5e,GRCI_NOT_DEFINED_FOR_FORWARD_ATTENTION,,bitemporal_version_546af95576f59984c40e6a5e,GRCI_NOT_DEFINED_FOR_FORWARD_ATTENTION,,GRCI,,FORWARD_ATTENTION_CELL,False,stage7_main_task_012,False
,UNCHANGED,cell_05f32b18f2a5c3e7cdc8a3bf,bitemporal_version_619cef753d09525b03a8cf6d,NO_CELL_LINKED_OPERATIONAL_RESPONSE,,bitemporal_version_619cef753d09525b03a8cf6d,NO_CELL_LINKED_OPERATIONAL_RESPONSE,,RAI,,FORWARD_ATTENTION_CELL,False,stage7_main_task_013,False
0.0,UNCHANGED,cell_05f32b18f2a5c3e7cdc8a3bf,bitemporal_version_619cef753d09525b03a8cf6d,AVAILABLE,0.9166666666666666,bitemporal_version_619cef753d09525b03a8cf6d,AVAILABLE,0.9166666666666666,GRS,0.0,FORWARD_ATTENTION_CELL,False,stage7_main_task_013,False
,UNCHANGED,cell_05f32b18f2a5c3e7cdc8a3bf,bitemporal_version_619cef753d09525b03a8cf6d,GRCI_NOT_DEFINED_FOR_FORWARD_ATTENTION,,bitemporal_version_619cef753d09525b03a8cf6d,GRCI_NOT_DEFINED_FOR_FORWARD_ATTENTION,,GRCI,,FORWARD_ATTENTION_CELL,False,stage7_main_task_013,False
,UNCHANGED,cell_99da166b69111be7d832d179,bitemporal_version_1c8fdbee108a3dcfde84a93d,NO_CELL_LINKED_OPERATIONAL_RESPONSE,,bitemporal_version_1c8fdbee108a3dcfde84a93d,NO_CELL_LINKED_OPERATIONAL_RESPONSE,,RAI,,FORWARD_ATTENTION_CELL,False,stage7_main_task_014,False
0.0,UNCHANGED,cell_99da166b69111be7d832d179,bitemporal_version_1c8fdbee108a3dcfde84a93d,AVAILABLE,0.8333333333333333,bitemporal_version_1c8fdbee108a3dcfde84a93d,AVAILABLE,0.8333333333333333,GRS,0.0,FORWARD_ATTENTION_CELL,False,stage7_main_task_014,False
,UNCHANGED,cell_99da166b69111be7d832d179,bitemporal_version_1c8fdbee108a3dcfde84a93d,GRCI_NOT_DEFINED_FOR_FORWARD_ATTENTION,,bitemporal_version_1c8fdbee108a3dcfde84a93d,GRCI_NOT_DEFINED_FOR_FORWARD_ATTENTION,,GRCI,,FORWARD_ATTENTION_CELL,False,stage7_main_task_014,False
,UNCHANGED,cell_cbfc1284b8ff0a829fc000d1,bitemporal_version_1d3a13ef3e6539cdb0f5a656,NO_CELL_LINKED_OPERATIONAL_RESPONSE,,bitemporal_version_1d3a13ef3e6539cdb0f5a656,NO_CELL_LINKED_OPERATIONAL_RESPONSE,,RAI,,LOCAL_BACKGROUND_CELL,False,stage7_main_task_014,False
,UNCHANGED,cell_cbfc1284b8ff0a829fc000d1,bitemporal_version_1d3a13ef3e6539cdb0f5a656,NO_MAPPED_GEOLOGICAL_ATTENTION_DIMENSION,,bitemporal_version_1d3a13ef3e6539cdb0f5a656,NO_MAPPED_GEOLOGICAL_ATTENTION_DIMENSION,,GRS,,LOCAL_BACKGROUND_CELL,False,stage7_main_task_014,False
,UNCHANGED,cell_cbfc1284b8ff0a829fc000d1,bitemporal_version_1d3a13ef3e6539cdb0f5a656,GRCI_NOT_DEFINED_FOR_LOCAL_BACKGROUND,,bitemporal_version_1d3a13ef3e6539cdb0f5a656,GRCI_NOT_DEFINED_FOR_LOCAL_BACKGROUND,,GRCI,,LOCAL_BACKGROUND_CELL,False,stage7_main_task_014,False
,UNCHANGED,cell_9fe846ed7daeaf28b6a6e918,bitemporal_version_24aeef8318dd98edaa65f6d0,NO_CELL_LINKED_OPERATIONAL_RESPONSE,,bitemporal_version_24aeef8318dd98edaa65f6d0,NO_CELL_LINKED_OPERATIONAL_RESPONSE,,RAI,,FORWARD_ATTENTION_CELL,False,stage7_main_task_014,False
0.0,UNCHANGED,cell_9fe846ed7daeaf28b6a6e918,bitemporal_version_24aeef8318dd98edaa65f6d0,AVAILABLE,0.8333333333333333,bitemporal_version_24aeef8318dd98edaa65f6d0,AVAILABLE,0.8333333333333333,GRS,0.0,FORWARD_ATTENTION_CELL,False,stage7_main_task_014,False
,UNCHANGED,cell_9fe846ed7daeaf28b6a6e918,bitemporal_version_24aeef8318dd98edaa65f6d0,GRCI_NOT_DEFINED_FOR_FORWARD_ATTENTION,,bitemporal_version_24aeef8318dd98edaa65f6d0,GRCI_NOT_DEFINED_FOR_FORWARD_ATTENTION,,GRCI,,FORWARD_ATTENTION_CELL,False,stage7_main_task_014,False
,UNCHANGED,cell_6a1588be58e9c5a91d6b2534,bitemporal_version_2eb5d01595ceb3bda614f7a0,NO_CELL_LINKED_OPERATIONAL_RESPONSE,,bitemporal_version_2eb5d01595ceb3bda614f7a0,NO_CELL_LINKED_OPERATIONAL_RESPONSE,,RAI,,LOCAL_BACKGROUND_CELL,False,stage7_main_task_014,False
,UNCHANGED,cell_6a1588be58e9c5a91d6b2534,bitemporal_version_2eb5d01595ceb3bda614f7a0,NO_MAPPED_GEOLOGICAL_ATTENTION_DIMENSION,,bitemporal_version_2eb5d01595ceb3bda614f7a0,NO_MAPPED_GEOLOGICAL_ATTENTION_DIMENSION,,GRS,,LOCAL_BACKGROUND_CELL,False,stage7_main_task_014,False
,UNCHANGED,cell_6a1588be58e9c5a91d6b2534,bitemporal_version_2eb5d01595ceb3bda614f7a0,GRCI_NOT_DEFINED_FOR_LOCAL_BACKGROUND,,bitemporal_version_2eb5d01595ceb3bda614f7a0,GRCI_NOT_DEFINED_FOR_LOCAL_BACKGROUND,,GRCI,,LOCAL_BACKGROUND_CELL,False,stage7_main_task_014,False
,UNCHANGED,cell_faa7efd3c3e249cc878fd291,bitemporal_version_36462c506f8ae42a35ff2be0,NO_CELL_LINKED_OPERATIONAL_RESPONSE,,bitemporal_version_36462c506f8ae42a35ff2be0,NO_CELL_LINKED_OPERATIONAL_RESPONSE,,RAI,,LOCAL_BACKGROUND_CELL,False,stage7_main_task_014,False
0.0,UNCHANGED,cell_faa7efd3c3e249cc878fd291,bitemporal_version_36462c506f8ae42a35ff2be0,AVAILABLE,0.611111111111111,bitemporal_version_36462c506f8ae42a35ff2be0,AVAILABLE,0.611111111111111,GRS,0.0,LOCAL_BACKGROUND_CELL,False,stage7_main_task_014,False
,UNCHANGED,cell_faa7efd3c3e249cc878fd291,bitemporal_version_36462c506f8ae42a35ff2be0,GRCI_NOT_DEFINED_FOR_LOCAL_BACKGROUND,,bitemporal_version_36462c506f8ae42a35ff2be0,GRCI_NOT_DEFINED_FOR_LOCAL_BACKGROUND,,GRCI,,LOCAL_BACKGROUND_CELL,False,stage7_main_task_014,False
,UNCHANGED,cell_fccd76a8459740ecc3617390,bitemporal_version_42680b83a326f464b92d95e5,NO_CELL_LINKED_OPERATIONAL_RESPONSE,,bitemporal_version_42680b83a326f464b92d95e5,NO_CELL_LINKED_OPERATIONAL_RESPONSE,,RAI,,LOCAL_BACKGROUND_CELL,False,stage7_main_task_014,False
0.0,UNCHANGED,cell_fccd76a8459740ecc3617390,bitemporal_version_42680b83a326f464b92d95e5,AVAILABLE,0.5416666666666666,bitemporal_version_42680b83a326f464b92d95e5,AVAILABLE,0.5416666666666666,GRS,0.0,LOCAL_BACKGROUND_CELL,False,stage7_main_task_014,False
,UNCHANGED,cell_fccd76a8459740ecc3617390,bitemporal_version_42680b83a326f464b92d95e5,GRCI_NOT_DEFINED_FOR_LOCAL_BACKGROUND,,bitemporal_version_42680b83a326f464b92d95e5,GRCI_NOT_DEFINED_FOR_LOCAL_BACKGROUND,,GRCI,,LOCAL_BACKGROUND_CELL,False,stage7_main_task_014,False
0.0,UNCHANGED,cell_0e03d8262312cadde60398fe,bitemporal_version_430fe0deb57ac6302a452f3a,AVAILABLE,1.0,bitemporal_version_430fe0deb57ac6302a452f3a,AVAILABLE,1.0,RAI,0.0,DAILY_REVIEW_CELL,False,stage7_main_task_014,False
0.0,UNCHANGED,cell_0e03d8262312cadde60398fe,bitemporal_version_430fe0deb57ac6302a452f3a,AVAILABLE,0.8888888888888888,bitemporal_version_430fe0deb57ac6302a452f3a,AVAILABLE,0.8888888888888888,GRS,0.0,DAILY_REVIEW_CELL,False,stage7_main_task_014,False
0.0,UNCHANGED,cell_0e03d8262312cadde60398fe,bitemporal_version_430fe0deb57ac6302a452f3a,AVAILABLE,0.8888888888888888,bitemporal_version_430fe0deb57ac6302a452f3a,AVAILABLE,0.8888888888888888,GRCI,0.0,DAILY_REVIEW_CELL,False,stage7_main_task_014,False
,UNCHANGED,cell_2a26eb473c9d5c29f1fb18e5,bitemporal_version_4834a4738caf0ce9deda4ebc,NO_CELL_LINKED_OPERATIONAL_RESPONSE,,bitemporal_version_4834a4738caf0ce9deda4ebc,NO_CELL_LINKED_OPERATIONAL_RESPONSE,,RAI,,FORWARD_ATTENTION_CELL,False,stage7_main_task_014,False
0.0,UNCHANGED,cell_2a26eb473c9d5c29f1fb18e5,bitemporal_version_4834a4738caf0ce9deda4ebc,AVAILABLE,0.8333333333333333,bitemporal_version_4834a4738caf0ce9deda4ebc,AVAILABLE,0.8333333333333333,GRS,0.0,FORWARD_ATTENTION_CELL,False,stage7_main_task_014,False
,UNCHANGED,cell_2a26eb473c9d5c29f1fb18e5,bitemporal_version_4834a4738caf0ce9deda4ebc,GRCI_NOT_DEFINED_FOR_FORWARD_ATTENTION,,bitemporal_version_4834a4738caf0ce9deda4ebc,GRCI_NOT_DEFINED_FOR_FORWARD_ATTENTION,,GRCI,,FORWARD_ATTENTION_CELL,False,stage7_main_task_014,False
,UNCHANGED,cell_6ab76a141b599fbf0d333f38,bitemporal_version_638e913706e37530ae2f2b1f,NO_CELL_LINKED_OPERATIONAL_RESPONSE,,bitemporal_version_638e913706e37530ae2f2b1f,NO_CELL_LINKED_OPERATIONAL_RESPONSE,,RAI,,LOCAL_BACKGROUND_CELL,False,stage7_main_task_014,False
0.0,UNCHANGED,cell_6ab76a141b599fbf0d333f38,bitemporal_version_638e913706e37530ae2f2b1f,AVAILABLE,0.7361111111111112,bitemporal_version_638e913706e37530ae2f2b1f,AVAILABLE,0.7361111111111112,GRS,0.0,LOCAL_BACKGROUND_CELL,False,stage7_main_task_014,False
,UNCHANGED,cell_6ab76a141b599fbf0d333f38,bitemporal_version_638e913706e37530ae2f2b1f,GRCI_NOT_DEFINED_FOR_LOCAL_BACKGROUND,,bitemporal_version_638e913706e37530ae2f2b1f,GRCI_NOT_DEFINED_FOR_LOCAL_BACKGROUND,,GRCI,,LOCAL_BACKGROUND_CELL,False,stage7_main_task_014,False
0.0,UNCHANGED,cell_d8fa56c73ebc8ef37293fd07,bitemporal_version_68638b424dd812a8d79b12f5,AVAILABLE,1.0,bitemporal_version_68638b424dd812a8d79b12f5,AVAILABLE,1.0,RAI,0.0,DAILY_REVIEW_CELL,False,stage7_main_task_014,False
0.0,UNCHANGED,cell_d8fa56c73ebc8ef37293fd07,bitemporal_version_68638b424dd812a8d79b12f5,AVAILABLE,0.5416666666666666,bitemporal_version_68638b424dd812a8d79b12f5,AVAILABLE,0.5416666666666666,GRS,0.0,DAILY_REVIEW_CELL,False,stage7_main_task_014,False
0.0,UNCHANGED,cell_d8fa56c73ebc8ef37293fd07,bitemporal_version_68638b424dd812a8d79b12f5,AVAILABLE,0.5416666666666666,bitemporal_version_68638b424dd812a8d79b12f5,AVAILABLE,0.5416666666666666,GRCI,0.0,DAILY_REVIEW_CELL,False,stage7_main_task_014,False
,UNCHANGED,cell_c8a195ce5490d52eac969260,bitemporal_version_73aee85ec14c96cc2478087e,NO_CELL_LINKED_OPERATIONAL_RESPONSE,,bitemporal_version_73aee85ec14c96cc2478087e,NO_CELL_LINKED_OPERATIONAL_RESPONSE,,RAI,,LOCAL_BACKGROUND_CELL,False,stage7_main_task_014,False
0.0,UNCHANGED,cell_c8a195ce5490d52eac969260,bitemporal_version_73aee85ec14c96cc2478087e,AVAILABLE,0.5416666666666666,bitemporal_version_73aee85ec14c96cc2478087e,AVAILABLE,0.5416666666666666,GRS,0.0,LOCAL_BACKGROUND_CELL,False,stage7_main_task_014,False
,UNCHANGED,cell_c8a195ce5490d52eac969260,bitemporal_version_73aee85ec14c96cc2478087e,GRCI_NOT_DEFINED_FOR_LOCAL_BACKGROUND,,bitemporal_version_73aee85ec14c96cc2478087e,GRCI_NOT_DEFINED_FOR_LOCAL_BACKGROUND,,GRCI,,LOCAL_BACKGROUND_CELL,False,stage7_main_task_014,False
0.0,UNCHANGED,cell_b1b5dac189844b4209fccbad,bitemporal_version_8b432e6bc44d04eccc6d234c,AVAILABLE,0.9908413365164321,bitemporal_version_8b432e6bc44d04eccc6d234c,AVAILABLE,0.9908413365164321,RAI,0.0,DAILY_REVIEW_CELL,False,stage7_main_task_014,False
0.0,UNCHANGED,cell_b1b5dac189844b4209fccbad,bitemporal_version_8b432e6bc44d04eccc6d234c,AVAILABLE,0.8333333333333333,bitemporal_version_8b432e6bc44d04eccc6d234c,AVAILABLE,0.8333333333333333,GRS,0.0,DAILY_REVIEW_CELL,False,stage7_main_task_014,False
0.0,UNCHANGED,cell_b1b5dac189844b4209fccbad,bitemporal_version_8b432e6bc44d04eccc6d234c,AVAILABLE,0.8257011137636934,bitemporal_version_8b432e6bc44d04eccc6d234c,AVAILABLE,0.8257011137636934,GRCI,0.0,DAILY_REVIEW_CELL,False,stage7_main_task_014,False
,UNCHANGED,cell_96b4757cd7a8528a4fb821e7,bitemporal_version_b6730d155489b01735c7a817,NO_CELL_LINKED_OPERATIONAL_RESPONSE,,bitemporal_version_b6730d155489b01735c7a817,NO_CELL_LINKED_OPERATIONAL_RESPONSE,,RAI,,LOCAL_BACKGROUND_CELL,False,stage7_main_task_014,False
0.0,UNCHANGED,cell_96b4757cd7a8528a4fb821e7,bitemporal_version_b6730d155489b01735c7a817,AVAILABLE,0.6944444444444445,bitemporal_version_b6730d155489b01735c7a817,AVAILABLE,0.6944444444444445,GRS,0.0,LOCAL_BACKGROUND_CELL,False,stage7_main_task_014,False
,UNCHANGED,cell_96b4757cd7a8528a4fb821e7,bitemporal_version_b6730d155489b01735c7a817,GRCI_NOT_DEFINED_FOR_LOCAL_BACKGROUND,,bitemporal_version_b6730d155489b01735c7a817,GRCI_NOT_DEFINED_FOR_LOCAL_BACKGROUND,,GRCI,,LOCAL_BACKGROUND_CELL,False,stage7_main_task_014,False
,UNCHANGED,cell_a9e80bb164104fa9f94acd7a,bitemporal_version_c0ac54ff9e429bf32de64d2b,NO_CELL_LINKED_OPERATIONAL_RESPONSE,,bitemporal_version_c0ac54ff9e429bf32de64d2b,NO_CELL_LINKED_OPERATIONAL_RESPONSE,,RAI,,LOCAL_BACKGROUND_CELL,False,stage7_main_task_014,False
0.0,UNCHANGED,cell_a9e80bb164104fa9f94acd7a,bitemporal_version_c0ac54ff9e429bf32de64d2b,AVAILABLE,0.5416666666666666,bitemporal_version_c0ac54ff9e429bf32de64d2b,AVAILABLE,0.5416666666666666,GRS,0.0,LOCAL_BACKGROUND_CELL,False,stage7_main_task_014,False
,UNCHANGED,cell_a9e80bb164104fa9f94acd7a,bitemporal_version_c0ac54ff9e429bf32de64d2b,GRCI_NOT_DEFINED_FOR_LOCAL_BACKGROUND,,bitemporal_version_c0ac54ff9e429bf32de64d2b,GRCI_NOT_DEFINED_FOR_LOCAL_BACKGROUND,,GRCI,,LOCAL_BACKGROUND_CELL,False,stage7_main_task_014,False
,UNCHANGED,cell_94715b3df97ea9686ead3cfe,bitemporal_version_e69ae8435c46ea94354fcb80,NO_CELL_LINKED_OPERATIONAL_RESPONSE,,bitemporal_version_e69ae8435c46ea94354fcb80,NO_CELL_LINKED_OPERATIONAL_RESPONSE,,RAI,,LOCAL_BACKGROUND_CELL,False,stage7_main_task_014,False
,UNCHANGED,cell_94715b3df97ea9686ead3cfe,bitemporal_version_e69ae8435c46ea94354fcb80,NO_MAPPED_GEOLOGICAL_ATTENTION_DIMENSION,,bitemporal_version_e69ae8435c46ea94354fcb80,NO_MAPPED_GEOLOGICAL_ATTENTION_DIMENSION,,GRS,,LOCAL_BACKGROUND_CELL,False,stage7_main_task_014,False
,UNCHANGED,cell_94715b3df97ea9686ead3cfe,bitemporal_version_e69ae8435c46ea94354fcb80,GRCI_NOT_DEFINED_FOR_LOCAL_BACKGROUND,,bitemporal_version_e69ae8435c46ea94354fcb80,GRCI_NOT_DEFINED_FOR_LOCAL_BACKGROUND,,GRCI,,LOCAL_BACKGROUND_CELL,False,stage7_main_task_014,False
,UNCHANGED,cell_121053c3508b6529026d1b1e,bitemporal_version_efc4ef5679e58a119c0f03f6,NO_CELL_LINKED_OPERATIONAL_RESPONSE,,bitemporal_version_efc4ef5679e58a119c0f03f6,NO_CELL_LINKED_OPERATIONAL_RESPONSE,,RAI,,LOCAL_BACKGROUND_CELL,False,stage7_main_task_014,False
0.0,UNCHANGED,cell_121053c3508b6529026d1b1e,bitemporal_version_efc4ef5679e58a119c0f03f6,AVAILABLE,0.611111111111111,bitemporal_version_efc4ef5679e58a119c0f03f6,AVAILABLE,0.611111111111111,GRS,0.0,LOCAL_BACKGROUND_CELL,False,stage7_main_task_014,False
,UNCHANGED,cell_121053c3508b6529026d1b1e,bitemporal_version_efc4ef5679e58a119c0f03f6,GRCI_NOT_DEFINED_FOR_LOCAL_BACKGROUND,,bitemporal_version_efc4ef5679e58a119c0f03f6,GRCI_NOT_DEFINED_FOR_LOCAL_BACKGROUND,,GRCI,,LOCAL_BACKGROUND_CELL,False,stage7_main_task_014,False
,UNCHANGED,cell_baa0129877491a16a221c738,bitemporal_version_2e5806b81aad51eb5ebeaa35,NO_CELL_LINKED_OPERATIONAL_RESPONSE,,bitemporal_version_2e5806b81aad51eb5ebeaa35,NO_CELL_LINKED_OPERATIONAL_RESPONSE,,RAI,,LOCAL_BACKGROUND_CELL,False,stage7_main_task_015,False
0.0,UNCHANGED,cell_baa0129877491a16a221c738,bitemporal_version_2e5806b81aad51eb5ebeaa35,AVAILABLE,0.5944444444444444,bitemporal_version_2e5806b81aad51eb5ebeaa35,AVAILABLE,0.5944444444444444,GRS,0.0,LOCAL_BACKGROUND_CELL,False,stage7_main_task_015,False
,UNCHANGED,cell_baa0129877491a16a221c738,bitemporal_version_2e5806b81aad51eb5ebeaa35,GRCI_NOT_DEFINED_FOR_LOCAL_BACKGROUND,,bitemporal_version_2e5806b81aad51eb5ebeaa35,GRCI_NOT_DEFINED_FOR_LOCAL_BACKGROUND,,GRCI,,LOCAL_BACKGROUND_CELL,False,stage7_main_task_015,False
,UNCHANGED,cell_9a9745f01c52edcb50fb088f,bitemporal_version_339f6e502cf8b966239acb5f,NO_CELL_LINKED_OPERATIONAL_RESPONSE,,bitemporal_version_339f6e502cf8b966239acb5f,NO_CELL_LINKED_OPERATIONAL_RESPONSE,,RAI,,LOCAL_BACKGROUND_CELL,False,stage7_main_task_015,False
0.0,UNCHANGED,cell_9a9745f01c52edcb50fb088f,bitemporal_version_339f6e502cf8b966239acb5f,AVAILABLE,0.6777777777777777,bitemporal_version_339f6e502cf8b966239acb5f,AVAILABLE,0.6777777777777777,GRS,0.0,LOCAL_BACKGROUND_CELL,False,stage7_main_task_015,False
,UNCHANGED,cell_9a9745f01c52edcb50fb088f,bitemporal_version_339f6e502cf8b966239acb5f,GRCI_NOT_DEFINED_FOR_LOCAL_BACKGROUND,,bitemporal_version_339f6e502cf8b966239acb5f,GRCI_NOT_DEFINED_FOR_LOCAL_BACKGROUND,,GRCI,,LOCAL_BACKGROUND_CELL,False,stage7_main_task_015,False
,UNCHANGED,cell_ea85c22cdbb2abd8b322b425,bitemporal_version_403b6e11a6da12815992bf16,NO_CELL_LINKED_OPERATIONAL_RESPONSE,,bitemporal_version_403b6e11a6da12815992bf16,NO_CELL_LINKED_OPERATIONAL_RESPONSE,,RAI,,LOCAL_BACKGROUND_CELL,False,stage7_main_task_015,False
0.0,UNCHANGED,cell_ea85c22cdbb2abd8b322b425,bitemporal_version_403b6e11a6da12815992bf16,AVAILABLE,0.6799999999999999,bitemporal_version_403b6e11a6da12815992bf16,AVAILABLE,0.6799999999999999,GRS,0.0,LOCAL_BACKGROUND_CELL,False,stage7_main_task_015,False
,UNCHANGED,cell_ea85c22cdbb2abd8b322b425,bitemporal_version_403b6e11a6da12815992bf16,GRCI_NOT_DEFINED_FOR_LOCAL_BACKGROUND,,bitemporal_version_403b6e11a6da12815992bf16,GRCI_NOT_DEFINED_FOR_LOCAL_BACKGROUND,,GRCI,,LOCAL_BACKGROUND_CELL,False,stage7_main_task_015,False
,UNCHANGED,cell_5ee6c0a84a9a7c9c26f550a8,bitemporal_version_465ae8d70b2be6de880ed63b,NO_CELL_LINKED_OPERATIONAL_RESPONSE,,bitemporal_version_465ae8d70b2be6de880ed63b,NO_CELL_LINKED_OPERATIONAL_RESPONSE,,RAI,,LOCAL_BACKGROUND_CELL,False,stage7_main_task_015,False
0.0,UNCHANGED,cell_5ee6c0a84a9a7c9c26f550a8,bitemporal_version_465ae8d70b2be6de880ed63b,AVAILABLE,0.65,bitemporal_version_465ae8d70b2be6de880ed63b,AVAILABLE,0.65,GRS,0.0,LOCAL_BACKGROUND_CELL,False,stage7_main_task_015,False
,UNCHANGED,cell_5ee6c0a84a9a7c9c26f550a8,bitemporal_version_465ae8d70b2be6de880ed63b,GRCI_NOT_DEFINED_FOR_LOCAL_BACKGROUND,,bitemporal_version_465ae8d70b2be6de880ed63b,GRCI_NOT_DEFINED_FOR_LOCAL_BACKGROUND,,GRCI,,LOCAL_BACKGROUND_CELL,False,stage7_main_task_015,False
,UNCHANGED,cell_cdc5039d5b825fe6a11681a2,bitemporal_version_59e8872b5b535382bedec398,NO_CELL_LINKED_OPERATIONAL_RESPONSE,,bitemporal_version_59e8872b5b535382bedec398,NO_CELL_LINKED_OPERATIONAL_RESPONSE,,RAI,,FORWARD_ATTENTION_CELL,False,stage7_main_task_015,False
0.0,UNCHANGED,cell_cdc5039d5b825fe6a11681a2,bitemporal_version_59e8872b5b535382bedec398,AVAILABLE,0.6444444444444445,bitemporal_version_59e8872b5b535382bedec398,AVAILABLE,0.6444444444444445,GRS,0.0,FORWARD_ATTENTION_CELL,False,stage7_main_task_015,False
,UNCHANGED,cell_cdc5039d5b825fe6a11681a2,bitemporal_version_59e8872b5b535382bedec398,GRCI_NOT_DEFINED_FOR_FORWARD_ATTENTION,,bitemporal_version_59e8872b5b535382bedec398,GRCI_NOT_DEFINED_FOR_FORWARD_ATTENTION,,GRCI,,FORWARD_ATTENTION_CELL,False,stage7_main_task_015,False
,UNCHANGED,cell_679e9857384de37e21b7e8c3,bitemporal_version_63e89bd80f0acc368743bdb3,NO_CELL_LINKED_OPERATIONAL_RESPONSE,,bitemporal_version_63e89bd80f0acc368743bdb3,NO_CELL_LINKED_OPERATIONAL_RESPONSE,,RAI,,FORWARD_ATTENTION_CELL,False,stage7_main_task_015,False
0.0,UNCHANGED,cell_679e9857384de37e21b7e8c3,bitemporal_version_63e89bd80f0acc368743bdb3,AVAILABLE,0.54,bitemporal_version_63e89bd80f0acc368743bdb3,AVAILABLE,0.54,GRS,0.0,FORWARD_ATTENTION_CELL,False,stage7_main_task_015,False
,UNCHANGED,cell_679e9857384de37e21b7e8c3,bitemporal_version_63e89bd80f0acc368743bdb3,GRCI_NOT_DEFINED_FOR_FORWARD_ATTENTION,,bitemporal_version_63e89bd80f0acc368743bdb3,GRCI_NOT_DEFINED_FOR_FORWARD_ATTENTION,,GRCI,,FORWARD_ATTENTION_CELL,False,stage7_main_task_015,False
,UNCHANGED,cell_8daeb32ef201b43aa2396d30,bitemporal_version_6c92d37dea8ad2396d2de433,NO_CELL_LINKED_OPERATIONAL_RESPONSE,,bitemporal_version_6c92d37dea8ad2396d2de433,NO_CELL_LINKED_OPERATIONAL_RESPONSE,,RAI,,LOCAL_BACKGROUND_CELL,False,stage7_main_task_015,False
0.0,UNCHANGED,cell_8daeb32ef201b43aa2396d30,bitemporal_version_6c92d37dea8ad2396d2de433,AVAILABLE,0.7472222222222222,bitemporal_version_6c92d37dea8ad2396d2de433,AVAILABLE,0.7472222222222222,GRS,0.0,LOCAL_BACKGROUND_CELL,False,stage7_main_task_015,False
,UNCHANGED,cell_8daeb32ef201b43aa2396d30,bitemporal_version_6c92d37dea8ad2396d2de433,GRCI_NOT_DEFINED_FOR_LOCAL_BACKGROUND,,bitemporal_version_6c92d37dea8ad2396d2de433,GRCI_NOT_DEFINED_FOR_LOCAL_BACKGROUND,,GRCI,,LOCAL_BACKGROUND_CELL,False,stage7_main_task_015,False
,UNCHANGED,cell_b0aefb4d3bc9706a5f861ff1,bitemporal_version_71a4526b43fd2417741ba2ab,NO_CELL_LINKED_OPERATIONAL_RESPONSE,,bitemporal_version_71a4526b43fd2417741ba2ab,NO_CELL_LINKED_OPERATIONAL_RESPONSE,,RAI,,LOCAL_BACKGROUND_CELL,False,stage7_main_task_015,False
0.0,UNCHANGED,cell_b0aefb4d3bc9706a5f861ff1,bitemporal_version_71a4526b43fd2417741ba2ab,AVAILABLE,0.7472222222222222,bitemporal_version_71a4526b43fd2417741ba2ab,AVAILABLE,0.7472222222222222,GRS,0.0,LOCAL_BACKGROUND_CELL,False,stage7_main_task_015,False
,UNCHANGED,cell_b0aefb4d3bc9706a5f861ff1,bitemporal_version_71a4526b43fd2417741ba2ab,GRCI_NOT_DEFINED_FOR_LOCAL_BACKGROUND,,bitemporal_version_71a4526b43fd2417741ba2ab,GRCI_NOT_DEFINED_FOR_LOCAL_BACKGROUND,,GRCI,,LOCAL_BACKGROUND_CELL,False,stage7_main_task_015,False
0.0,UNCHANGED,cell_d633c30ff9721d955f08a540,bitemporal_version_896b6cdef1575f39d0b9e441,AVAILABLE,0.5172039924283759,bitemporal_version_896b6cdef1575f39d0b9e441,AVAILABLE,0.5172039924283759,RAI,0.0,DAILY_REVIEW_CELL,False,stage7_main_task_015,False
0.0,UNCHANGED,cell_d633c30ff9721d955f08a540,bitemporal_version_896b6cdef1575f39d0b9e441,AVAILABLE,0.6777777777777777,bitemporal_version_896b6cdef1575f39d0b9e441,AVAILABLE,0.6777777777777777,GRS,0.0,DAILY_REVIEW_CELL,False,stage7_main_task_015,False
0.0,UNCHANGED,cell_d633c30ff9721d955f08a540,bitemporal_version_896b6cdef1575f39d0b9e441,AVAILABLE,0.3505493726458992,bitemporal_version_896b6cdef1575f39d0b9e441,AVAILABLE,0.3505493726458992,GRCI,0.0,DAILY_REVIEW_CELL,False,stage7_main_task_015,False
,UNCHANGED,cell_dc3cb4a34f23706944e9a6cd,bitemporal_version_8ece2502a4a1d9afc128d6d4,NO_CELL_LINKED_OPERATIONAL_RESPONSE,,bitemporal_version_8ece2502a4a1d9afc128d6d4,NO_CELL_LINKED_OPERATIONAL_RESPONSE,,RAI,,LOCAL_BACKGROUND_CELL,False,stage7_main_task_015,False
0.0,UNCHANGED,cell_dc3cb4a34f23706944e9a6cd,bitemporal_version_8ece2502a4a1d9afc128d6d4,AVAILABLE,0.7333333333333334,bitemporal_version_8ece2502a4a1d9afc128d6d4,AVAILABLE,0.7333333333333334,GRS,0.0,LOCAL_BACKGROUND_CELL,False,stage7_main_task_015,False
,UNCHANGED,cell_dc3cb4a34f23706944e9a6cd,bitemporal_version_8ece2502a4a1d9afc128d6d4,GRCI_NOT_DEFINED_FOR_LOCAL_BACKGROUND,,bitemporal_version_8ece2502a4a1d9afc128d6d4,GRCI_NOT_DEFINED_FOR_LOCAL_BACKGROUND,,GRCI,,LOCAL_BACKGROUND_CELL,False,stage7_main_task_015,False
,UNCHANGED,cell_808b3bd148c7398a6acfe429,bitemporal_version_92cc963c3e2e3eaf4ddca550,NO_CELL_LINKED_OPERATIONAL_RESPONSE,,bitemporal_version_92cc963c3e2e3eaf4ddca550,NO_CELL_LINKED_OPERATIONAL_RESPONSE,,RAI,,LOCAL_BACKGROUND_CELL,False,stage7_main_task_015,False
0.0,UNCHANGED,cell_808b3bd148c7398a6acfe429,bitemporal_version_92cc963c3e2e3eaf4ddca550,AVAILABLE,0.6666666666666666,bitemporal_version_92cc963c3e2e3eaf4ddca550,AVAILABLE,0.6666666666666666,GRS,0.0,LOCAL_BACKGROUND_CELL,False,stage7_main_task_015,False
,UNCHANGED,cell_808b3bd148c7398a6acfe429,bitemporal_version_92cc963c3e2e3eaf4ddca550,GRCI_NOT_DEFINED_FOR_LOCAL_BACKGROUND,,bitemporal_version_92cc963c3e2e3eaf4ddca550,GRCI_NOT_DEFINED_FOR_LOCAL_BACKGROUND,,GRCI,,LOCAL_BACKGROUND_CELL,False,stage7_main_task_015,False
,UNCHANGED,cell_24b399ee6cea6a9d1d537cd9,bitemporal_version_bdbf8db3cd84bd0c9df3adb0,NO_CELL_LINKED_OPERATIONAL_RESPONSE,,bitemporal_version_bdbf8db3cd84bd0c9df3adb0,NO_CELL_LINKED_OPERATIONAL_RESPONSE,,RAI,,LOCAL_BACKGROUND_CELL,False,stage7_main_task_015,False
0.0,UNCHANGED,cell_24b399ee6cea6a9d1d537cd9,bitemporal_version_bdbf8db3cd84bd0c9df3adb0,AVAILABLE,0.7472222222222222,bitemporal_version_bdbf8db3cd84bd0c9df3adb0,AVAILABLE,0.7472222222222222,GRS,0.0,LOCAL_BACKGROUND_CELL,False,stage7_main_task_015,False
,UNCHANGED,cell_24b399ee6cea6a9d1d537cd9,bitemporal_version_bdbf8db3cd84bd0c9df3adb0,GRCI_NOT_DEFINED_FOR_LOCAL_BACKGROUND,,bitemporal_version_bdbf8db3cd84bd0c9df3adb0,GRCI_NOT_DEFINED_FOR_LOCAL_BACKGROUND,,GRCI,,LOCAL_BACKGROUND_CELL,False,stage7_main_task_015,False
,UNCHANGED,cell_185eefb1956ac00e6e6c4239,bitemporal_version_fbd7f672df99142de44a8e7e,NO_CELL_LINKED_OPERATIONAL_RESPONSE,,bitemporal_version_fbd7f672df99142de44a8e7e,NO_CELL_LINKED_OPERATIONAL_RESPONSE,,RAI,,FORWARD_ATTENTION_CELL,False,stage7_main_task_015,False
,UNCHANGED,cell_185eefb1956ac00e6e6c4239,bitemporal_version_fbd7f672df99142de44a8e7e,NO_MAPPED_GEOLOGICAL_ATTENTION_DIMENSION,,bitemporal_version_fbd7f672df99142de44a8e7e,NO_MAPPED_GEOLOGICAL_ATTENTION_DIMENSION,,GRS,,FORWARD_ATTENTION_CELL,False,stage7_main_task_015,False
,UNCHANGED,cell_185eefb1956ac00e6e6c4239,bitemporal_version_fbd7f672df99142de44a8e7e,GRCI_NOT_DEFINED_FOR_FORWARD_ATTENTION,,bitemporal_version_fbd7f672df99142de44a8e7e,GRCI_NOT_DEFINED_FOR_FORWARD_ATTENTION,,GRCI,,FORWARD_ATTENTION_CELL,False,stage7_main_task_015,False
,UNCHANGED,cell_ce28cbcbff1448def0120b58,bitemporal_version_ffdf682012831ff0ed087362,NO_CELL_LINKED_OPERATIONAL_RESPONSE,,bitemporal_version_ffdf682012831ff0ed087362,NO_CELL_LINKED_OPERATIONAL_RESPONSE,,RAI,,LOCAL_BACKGROUND_CELL,False,stage7_main_task_015,False
0.0,UNCHANGED,cell_ce28cbcbff1448def0120b58,bitemporal_version_ffdf682012831ff0ed087362,AVAILABLE,0.65,bitemporal_version_ffdf682012831ff0ed087362,AVAILABLE,0.65,GRS,0.0,LOCAL_BACKGROUND_CELL,False,stage7_main_task_015,False
,UNCHANGED,cell_ce28cbcbff1448def0120b58,bitemporal_version_ffdf682012831ff0ed087362,GRCI_NOT_DEFINED_FOR_LOCAL_BACKGROUND,,bitemporal_version_ffdf682012831ff0ed087362,GRCI_NOT_DEFINED_FOR_LOCAL_BACKGROUND,,GRCI,,LOCAL_BACKGROUND_CELL,False,stage7_main_task_015,False
,UNCHANGED,cell_ffdbcf9fbc1ae90da8718779,bitemporal_version_ecfff63efd0fadd2c962f655,NO_CELL_LINKED_OPERATIONAL_RESPONSE,,bitemporal_version_ecfff63efd0fadd2c962f655,NO_CELL_LINKED_OPERATIONAL_RESPONSE,,RAI,,DAILY_REVIEW_CELL,False,stage7_main_task_016,False
0.0,UNCHANGED,cell_ffdbcf9fbc1ae90da8718779,bitemporal_version_ecfff63efd0fadd2c962f655,AVAILABLE,1.0,bitemporal_version_ecfff63efd0fadd2c962f655,AVAILABLE,1.0,GRS,0.0,DAILY_REVIEW_CELL,False,stage7_main_task_016,False
,UNCHANGED,cell_ffdbcf9fbc1ae90da8718779,bitemporal_version_ecfff63efd0fadd2c962f655,RAI_UNAVAILABLE,,bitemporal_version_ecfff63efd0fadd2c962f655,RAI_UNAVAILABLE,,GRCI,,DAILY_REVIEW_CELL,False,stage7_main_task_016,False
0.0,UNCHANGED,cell_e64cfd0ce48c0a1b76f17f99,bitemporal_version_0758798216ebb581804e6756,AVAILABLE,0.297847581638655,bitemporal_version_0758798216ebb581804e6756,AVAILABLE,0.297847581638655,RAI,0.0,DAILY_REVIEW_CELL,False,stage7_main_task_017,False
0.0,UNCHANGED,cell_e64cfd0ce48c0a1b76f17f99,bitemporal_version_0758798216ebb581804e6756,AVAILABLE,0.9444444444444445,bitemporal_version_0758798216ebb581804e6756,AVAILABLE,0.9444444444444445,GRS,0.0,DAILY_REVIEW_CELL,False,stage7_main_task_017,False
0.0,UNCHANGED,cell_e64cfd0ce48c0a1b76f17f99,bitemporal_version_0758798216ebb581804e6756,AVAILABLE,0.28130049376984084,bitemporal_version_0758798216ebb581804e6756,AVAILABLE,0.28130049376984084,GRCI,0.0,DAILY_REVIEW_CELL,False,stage7_main_task_017,False
,UNCHANGED,cell_43fd94ae193227608247e217,bitemporal_version_1edd89f74d2060787ee2c499,NO_CELL_LINKED_OPERATIONAL_RESPONSE,,bitemporal_version_1edd89f74d2060787ee2c499,NO_CELL_LINKED_OPERATIONAL_RESPONSE,,RAI,,FORWARD_ATTENTION_CELL,False,stage7_main_task_018,False
,UNCHANGED,cell_43fd94ae193227608247e217,bitemporal_version_1edd89f74d2060787ee2c499,NO_MAPPED_GEOLOGICAL_ATTENTION_DIMENSION,,bitemporal_version_1edd89f74d2060787ee2c499,NO_MAPPED_GEOLOGICAL_ATTENTION_DIMENSION,,GRS,,FORWARD_ATTENTION_CELL,False,stage7_main_task_018,False
,UNCHANGED,cell_43fd94ae193227608247e217,bitemporal_version_1edd89f74d2060787ee2c499,GRCI_NOT_DEFINED_FOR_FORWARD_ATTENTION,,bitemporal_version_1edd89f74d2060787ee2c499,GRCI_NOT_DEFINED_FOR_FORWARD_ATTENTION,,GRCI,,FORWARD_ATTENTION_CELL,False,stage7_main_task_018,False
,UNCHANGED,cell_fdd3167c8ebd633010aa0306,bitemporal_version_257a725a28a8e367cef68cb7,NO_CELL_LINKED_OPERATIONAL_RESPONSE,,bitemporal_version_257a725a28a8e367cef68cb7,NO_CELL_LINKED_OPERATIONAL_RESPONSE,,RAI,,FORWARD_ATTENTION_CELL,False,stage7_main_task_018,False
,UNCHANGED,cell_fdd3167c8ebd633010aa0306,bitemporal_version_257a725a28a8e367cef68cb7,NO_MAPPED_GEOLOGICAL_ATTENTION_DIMENSION,,bitemporal_version_257a725a28a8e367cef68cb7,NO_MAPPED_GEOLOGICAL_ATTENTION_DIMENSION,,GRS,,FORWARD_ATTENTION_CELL,False,stage7_main_task_018,False
,UNCHANGED,cell_fdd3167c8ebd633010aa0306,bitemporal_version_257a725a28a8e367cef68cb7,GRCI_NOT_DEFINED_FOR_FORWARD_ATTENTION,,bitemporal_version_257a725a28a8e367cef68cb7,GRCI_NOT_DEFINED_FOR_FORWARD_ATTENTION,,GRCI,,FORWARD_ATTENTION_CELL,False,stage7_main_task_018,False
,UNCHANGED,cell_15ba0458e0da9d03f0b43817,bitemporal_version_cd9311e94cefd6b4c4fac751,NO_CELL_LINKED_OPERATIONAL_RESPONSE,,bitemporal_version_cd9311e94cefd6b4c4fac751,NO_CELL_LINKED_OPERATIONAL_RESPONSE,,RAI,,FORWARD_ATTENTION_CELL,False,stage7_main_task_018,False
0.0,UNCHANGED,cell_15ba0458e0da9d03f0b43817,bitemporal_version_cd9311e94cefd6b4c4fac751,AVAILABLE,0.9166666666666666,bitemporal_version_cd9311e94cefd6b4c4fac751,AVAILABLE,0.9166666666666666,GRS,0.0,FORWARD_ATTENTION_CELL,False,stage7_main_task_018,False
,UNCHANGED,cell_15ba0458e0da9d03f0b43817,bitemporal_version_cd9311e94cefd6b4c4fac751,GRCI_NOT_DEFINED_FOR_FORWARD_ATTENTION,,bitemporal_version_cd9311e94cefd6b4c4fac751,GRCI_NOT_DEFINED_FOR_FORWARD_ATTENTION,,GRCI,,FORWARD_ATTENTION_CELL,False,stage7_main_task_018,False
,UNCHANGED,cell_ef1e570e1653555101dff5f3,bitemporal_version_3cd37f13a0b718c14a51ef09,INSUFFICIENT_CAUSAL_BASELINE,,bitemporal_version_3cd37f13a0b718c14a51ef09,INSUFFICIENT_CAUSAL_BASELINE,,RAI,,DAILY_REVIEW_CELL,False,stage7_main_task_019,False
0.0,UNCHANGED,cell_ef1e570e1653555101dff5f3,bitemporal_version_3cd37f13a0b718c14a51ef09,AVAILABLE,0.76,bitemporal_version_3cd37f13a0b718c14a51ef09,AVAILABLE,0.76,GRS,0.0,DAILY_REVIEW_CELL,False,stage7_main_task_019,False
,UNCHANGED,cell_ef1e570e1653555101dff5f3,bitemporal_version_3cd37f13a0b718c14a51ef09,RAI_UNAVAILABLE,,bitemporal_version_3cd37f13a0b718c14a51ef09,RAI_UNAVAILABLE,,GRCI,,DAILY_REVIEW_CELL,False,stage7_main_task_019,False
,UNCHANGED,cell_3c06fd31dd7df6b969bdbc8f,bitemporal_version_0ff50cc91bccb69579fdb03b,NO_CELL_LINKED_OPERATIONAL_RESPONSE,,bitemporal_version_0ff50cc91bccb69579fdb03b,NO_CELL_LINKED_OPERATIONAL_RESPONSE,,RAI,,LOCAL_BACKGROUND_CELL,False,stage7_main_task_020,False
0.0,UNCHANGED,cell_3c06fd31dd7df6b969bdbc8f,bitemporal_version_0ff50cc91bccb69579fdb03b,AVAILABLE,0.29166666666666663,bitemporal_version_0ff50cc91bccb69579fdb03b,AVAILABLE,0.29166666666666663,GRS,0.0,LOCAL_BACKGROUND_CELL,False,stage7_main_task_020,False
,UNCHANGED,cell_3c06fd31dd7df6b969bdbc8f,bitemporal_version_0ff50cc91bccb69579fdb03b,GRCI_NOT_DEFINED_FOR_LOCAL_BACKGROUND,,bitemporal_version_0ff50cc91bccb69579fdb03b,GRCI_NOT_DEFINED_FOR_LOCAL_BACKGROUND,,GRCI,,LOCAL_BACKGROUND_CELL,False,stage7_main_task_020,False
,UNCHANGED,cell_cbe6f12faedc4a536f287879,bitemporal_version_115ac45b1531b0fd6db91bdc,NO_CELL_LINKED_OPERATIONAL_RESPONSE,,bitemporal_version_115ac45b1531b0fd6db91bdc,NO_CELL_LINKED_OPERATIONAL_RESPONSE,,RAI,,FORWARD_ATTENTION_CELL,False,stage7_main_task_020,False
0.0,UNCHANGED,cell_cbe6f12faedc4a536f287879,bitemporal_version_115ac45b1531b0fd6db91bdc,AVAILABLE,0.7083333333333333,bitemporal_version_115ac45b1531b0fd6db91bdc,AVAILABLE,0.7083333333333333,GRS,0.0,FORWARD_ATTENTION_CELL,False,stage7_main_task_020,False
,UNCHANGED,cell_cbe6f12faedc4a536f287879,bitemporal_version_115ac45b1531b0fd6db91bdc,GRCI_NOT_DEFINED_FOR_FORWARD_ATTENTION,,bitemporal_version_115ac45b1531b0fd6db91bdc,GRCI_NOT_DEFINED_FOR_FORWARD_ATTENTION,,GRCI,,FORWARD_ATTENTION_CELL,False,stage7_main_task_020,False
,UNCHANGED,cell_1f11a05f3bcc69dd553318b8,bitemporal_version_192a88dbb6d7c5b082367627,NO_CELL_LINKED_OPERATIONAL_RESPONSE,,bitemporal_version_192a88dbb6d7c5b082367627,NO_CELL_LINKED_OPERATIONAL_RESPONSE,,RAI,,LOCAL_BACKGROUND_CELL,False,stage7_main_task_020,False
0.0,UNCHANGED,cell_1f11a05f3bcc69dd553318b8,bitemporal_version_192a88dbb6d7c5b082367627,AVAILABLE,0.5583333333333333,bitemporal_version_192a88dbb6d7c5b082367627,AVAILABLE,0.5583333333333333,GRS,0.0,LOCAL_BACKGROUND_CELL,False,stage7_main_task_020,False
,UNCHANGED,cell_1f11a05f3bcc69dd553318b8,bitemporal_version_192a88dbb6d7c5b082367627,GRCI_NOT_DEFINED_FOR_LOCAL_BACKGROUND,,bitemporal_version_192a88dbb6d7c5b082367627,GRCI_NOT_DEFINED_FOR_LOCAL_BACKGROUND,,GRCI,,LOCAL_BACKGROUND_CELL,False,stage7_main_task_020,False
0.0,UNCHANGED,cell_1786a4b270fc12b3e2cbde93,bitemporal_version_28ac848e9b804e8fabc83913,AVAILABLE,0.3009903704546621,bitemporal_version_28ac848e9b804e8fabc83913,AVAILABLE,0.3009903704546621,RAI,0.0,DAILY_REVIEW_CELL,False,stage7_main_task_020,False
0.0,UNCHANGED,cell_1786a4b270fc12b3e2cbde93,bitemporal_version_28ac848e9b804e8fabc83913,AVAILABLE,0.5416666666666666,bitemporal_version_28ac848e9b804e8fabc83913,AVAILABLE,0.5416666666666666,GRS,0.0,DAILY_REVIEW_CELL,False,stage7_main_task_020,False
0.0,UNCHANGED,cell_1786a4b270fc12b3e2cbde93,bitemporal_version_28ac848e9b804e8fabc83913,AVAILABLE,0.16303645066294195,bitemporal_version_28ac848e9b804e8fabc83913,AVAILABLE,0.16303645066294195,GRCI,0.0,DAILY_REVIEW_CELL,False,stage7_main_task_020,False
,UNCHANGED,cell_ee76ecb149a38cfe2eff82bf,bitemporal_version_4b641e732d48223681e74e5c,NO_CELL_LINKED_OPERATIONAL_RESPONSE,,bitemporal_version_4b641e732d48223681e74e5c,NO_CELL_LINKED_OPERATIONAL_RESPONSE,,RAI,,LOCAL_BACKGROUND_CELL,False,stage7_main_task_020,False
0.0,UNCHANGED,cell_ee76ecb149a38cfe2eff82bf,bitemporal_version_4b641e732d48223681e74e5c,AVAILABLE,0.5416666666666666,bitemporal_version_4b641e732d48223681e74e5c,AVAILABLE,0.5416666666666666,GRS,0.0,LOCAL_BACKGROUND_CELL,False,stage7_main_task_020,False
,UNCHANGED,cell_ee76ecb149a38cfe2eff82bf,bitemporal_version_4b641e732d48223681e74e5c,GRCI_NOT_DEFINED_FOR_LOCAL_BACKGROUND,,bitemporal_version_4b641e732d48223681e74e5c,GRCI_NOT_DEFINED_FOR_LOCAL_BACKGROUND,,GRCI,,LOCAL_BACKGROUND_CELL,False,stage7_main_task_020,False
,UNCHANGED,cell_012f9a7ab4b7443b96de1240,bitemporal_version_4dd200af4006c5407b2cccb6,NO_CELL_LINKED_OPERATIONAL_RESPONSE,,bitemporal_version_4dd200af4006c5407b2cccb6,NO_CELL_LINKED_OPERATIONAL_RESPONSE,,RAI,,LOCAL_BACKGROUND_CELL,False,stage7_main_task_020,False
0.0,UNCHANGED,cell_012f9a7ab4b7443b96de1240,bitemporal_version_4dd200af4006c5407b2cccb6,AVAILABLE,0.7916666666666666,bitemporal_version_4dd200af4006c5407b2cccb6,AVAILABLE,0.7916666666666666,GRS,0.0,LOCAL_BACKGROUND_CELL,False,stage7_main_task_020,False
,UNCHANGED,cell_012f9a7ab4b7443b96de1240,bitemporal_version_4dd200af4006c5407b2cccb6,GRCI_NOT_DEFINED_FOR_LOCAL_BACKGROUND,,bitemporal_version_4dd200af4006c5407b2cccb6,GRCI_NOT_DEFINED_FOR_LOCAL_BACKGROUND,,GRCI,,LOCAL_BACKGROUND_CELL,False,stage7_main_task_020,False
,UNCHANGED,cell_bf64fbf6243db5ccc68f8d6e,bitemporal_version_5c5c1d321c5acc26b9abd8fe,NO_CELL_LINKED_OPERATIONAL_RESPONSE,,bitemporal_version_5c5c1d321c5acc26b9abd8fe,NO_CELL_LINKED_OPERATIONAL_RESPONSE,,RAI,,LOCAL_BACKGROUND_CELL,False,stage7_main_task_020,False
0.0,UNCHANGED,cell_bf64fbf6243db5ccc68f8d6e,bitemporal_version_5c5c1d321c5acc26b9abd8fe,AVAILABLE,0.5444444444444444,bitemporal_version_5c5c1d321c5acc26b9abd8fe,AVAILABLE,0.5444444444444444,GRS,0.0,LOCAL_BACKGROUND_CELL,False,stage7_main_task_020,False
,UNCHANGED,cell_bf64fbf6243db5ccc68f8d6e,bitemporal_version_5c5c1d321c5acc26b9abd8fe,GRCI_NOT_DEFINED_FOR_LOCAL_BACKGROUND,,bitemporal_version_5c5c1d321c5acc26b9abd8fe,GRCI_NOT_DEFINED_FOR_LOCAL_BACKGROUND,,GRCI,,LOCAL_BACKGROUND_CELL,False,stage7_main_task_020,False
,UNCHANGED,cell_b798b66695446a0f518c3244,bitemporal_version_61ecaa6077d098fae7b60568,NO_CELL_LINKED_OPERATIONAL_RESPONSE,,bitemporal_version_61ecaa6077d098fae7b60568,NO_CELL_LINKED_OPERATIONAL_RESPONSE,,RAI,,LOCAL_BACKGROUND_CELL,False,stage7_main_task_020,False
0.0,UNCHANGED,cell_b798b66695446a0f518c3244,bitemporal_version_61ecaa6077d098fae7b60568,AVAILABLE,0.5,bitemporal_version_61ecaa6077d098fae7b60568,AVAILABLE,0.5,GRS,0.0,LOCAL_BACKGROUND_CELL,False,stage7_main_task_020,False
,UNCHANGED,cell_b798b66695446a0f518c3244,bitemporal_version_61ecaa6077d098fae7b60568,GRCI_NOT_DEFINED_FOR_LOCAL_BACKGROUND,,bitemporal_version_61ecaa6077d098fae7b60568,GRCI_NOT_DEFINED_FOR_LOCAL_BACKGROUND,,GRCI,,LOCAL_BACKGROUND_CELL,False,stage7_main_task_020,False
,UNCHANGED,cell_af293191decaff8df7b1d72b,bitemporal_version_6bb26433aad07568bd59cb70,NO_CELL_LINKED_OPERATIONAL_RESPONSE,,bitemporal_version_6bb26433aad07568bd59cb70,NO_CELL_LINKED_OPERATIONAL_RESPONSE,,RAI,,LOCAL_BACKGROUND_CELL,False,stage7_main_task_020,False
0.0,UNCHANGED,cell_af293191decaff8df7b1d72b,bitemporal_version_6bb26433aad07568bd59cb70,AVAILABLE,0.5444444444444444,bitemporal_version_6bb26433aad07568bd59cb70,AVAILABLE,0.5444444444444444,GRS,0.0,LOCAL_BACKGROUND_CELL,False,stage7_main_task_020,False
,UNCHANGED,cell_af293191decaff8df7b1d72b,bitemporal_version_6bb26433aad07568bd59cb70,GRCI_NOT_DEFINED_FOR_LOCAL_BACKGROUND,,bitemporal_version_6bb26433aad07568bd59cb70,GRCI_NOT_DEFINED_FOR_LOCAL_BACKGROUND,,GRCI,,LOCAL_BACKGROUND_CELL,False,stage7_main_task_020,False
,UNCHANGED,cell_e05c5d458652315d2804569f,bitemporal_version_756f32585cdad159d2242070,NO_CELL_LINKED_OPERATIONAL_RESPONSE,,bitemporal_version_756f32585cdad159d2242070,NO_CELL_LINKED_OPERATIONAL_RESPONSE,,RAI,,FORWARD_ATTENTION_CELL,False,stage7_main_task_020,False
0.0,UNCHANGED,cell_e05c5d458652315d2804569f,bitemporal_version_756f32585cdad159d2242070,AVAILABLE,0.5416666666666666,bitemporal_version_756f32585cdad159d2242070,AVAILABLE,0.5416666666666666,GRS,0.0,FORWARD_ATTENTION_CELL,False,stage7_main_task_020,False
,UNCHANGED,cell_e05c5d458652315d2804569f,bitemporal_version_756f32585cdad159d2242070,GRCI_NOT_DEFINED_FOR_FORWARD_ATTENTION,,bitemporal_version_756f32585cdad159d2242070,GRCI_NOT_DEFINED_FOR_FORWARD_ATTENTION,,GRCI,,FORWARD_ATTENTION_CELL,False,stage7_main_task_020,False
,UNCHANGED,cell_b6d670d0cd786f4441e43f36,bitemporal_version_84580164ee54832b16cdaa64,NO_CELL_LINKED_OPERATIONAL_RESPONSE,,bitemporal_version_84580164ee54832b16cdaa64,NO_CELL_LINKED_OPERATIONAL_RESPONSE,,RAI,,LOCAL_BACKGROUND_CELL,False,stage7_main_task_020,False
0.0,UNCHANGED,cell_b6d670d0cd786f4441e43f36,bitemporal_version_84580164ee54832b16cdaa64,AVAILABLE,0.6,bitemporal_version_84580164ee54832b16cdaa64,AVAILABLE,0.6,GRS,0.0,LOCAL_BACKGROUND_CELL,False,stage7_main_task_020,False
,UNCHANGED,cell_b6d670d0cd786f4441e43f36,bitemporal_version_84580164ee54832b16cdaa64,GRCI_NOT_DEFINED_FOR_LOCAL_BACKGROUND,,bitemporal_version_84580164ee54832b16cdaa64,GRCI_NOT_DEFINED_FOR_LOCAL_BACKGROUND,,GRCI,,LOCAL_BACKGROUND_CELL,False,stage7_main_task_020,False
,UNCHANGED,cell_b78c8fe752bb215ebc415f65,bitemporal_version_8b101b3735a8e58ce6c004ad,NO_CELL_LINKED_OPERATIONAL_RESPONSE,,bitemporal_version_8b101b3735a8e58ce6c004ad,NO_CELL_LINKED_OPERATIONAL_RESPONSE,,RAI,,LOCAL_BACKGROUND_CELL,False,stage7_main_task_020,False
0.0,UNCHANGED,cell_b78c8fe752bb215ebc415f65,bitemporal_version_8b101b3735a8e58ce6c004ad,AVAILABLE,0.7111111111111111,bitemporal_version_8b101b3735a8e58ce6c004ad,AVAILABLE,0.7111111111111111,GRS,0.0,LOCAL_BACKGROUND_CELL,False,stage7_main_task_020,False
,UNCHANGED,cell_b78c8fe752bb215ebc415f65,bitemporal_version_8b101b3735a8e58ce6c004ad,GRCI_NOT_DEFINED_FOR_LOCAL_BACKGROUND,,bitemporal_version_8b101b3735a8e58ce6c004ad,GRCI_NOT_DEFINED_FOR_LOCAL_BACKGROUND,,GRCI,,LOCAL_BACKGROUND_CELL,False,stage7_main_task_020,False
,UNCHANGED,cell_7f60fb415d2265a3f3a9e060,bitemporal_version_ac6c85a962a4b63aabacea8c,NO_CELL_LINKED_OPERATIONAL_RESPONSE,,bitemporal_version_ac6c85a962a4b63aabacea8c,NO_CELL_LINKED_OPERATIONAL_RESPONSE,,RAI,,LOCAL_BACKGROUND_CELL,False,stage7_main_task_020,False
0.0,UNCHANGED,cell_7f60fb415d2265a3f3a9e060,bitemporal_version_ac6c85a962a4b63aabacea8c,AVAILABLE,0.625,bitemporal_version_ac6c85a962a4b63aabacea8c,AVAILABLE,0.625,GRS,0.0,LOCAL_BACKGROUND_CELL,False,stage7_main_task_020,False
,UNCHANGED,cell_7f60fb415d2265a3f3a9e060,bitemporal_version_ac6c85a962a4b63aabacea8c,GRCI_NOT_DEFINED_FOR_LOCAL_BACKGROUND,,bitemporal_version_ac6c85a962a4b63aabacea8c,GRCI_NOT_DEFINED_FOR_LOCAL_BACKGROUND,,GRCI,,LOCAL_BACKGROUND_CELL,False,stage7_main_task_020,False
,UNCHANGED,cell_a356e7fd53aed114c2239ae5,bitemporal_version_fe231fdd0edfc0f6cc689ae4,NO_CELL_LINKED_OPERATIONAL_RESPONSE,,bitemporal_version_fe231fdd0edfc0f6cc689ae4,NO_CELL_LINKED_OPERATIONAL_RESPONSE,,RAI,,FORWARD_ATTENTION_CELL,False,stage7_main_task_020,False
,UNCHANGED,cell_a356e7fd53aed114c2239ae5,bitemporal_version_fe231fdd0edfc0f6cc689ae4,NO_MAPPED_GEOLOGICAL_ATTENTION_DIMENSION,,bitemporal_version_fe231fdd0edfc0f6cc689ae4,NO_MAPPED_GEOLOGICAL_ATTENTION_DIMENSION,,GRS,,FORWARD_ATTENTION_CELL,False,stage7_main_task_020,False
,UNCHANGED,cell_a356e7fd53aed114c2239ae5,bitemporal_version_fe231fdd0edfc0f6cc689ae4,GRCI_NOT_DEFINED_FOR_FORWARD_ATTENTION,,bitemporal_version_fe231fdd0edfc0f6cc689ae4,GRCI_NOT_DEFINED_FOR_FORWARD_ATTENTION,,GRCI,,FORWARD_ATTENTION_CELL,False,stage7_main_task_020,False
,UNCHANGED,cell_74aee36f89ce05bc1be1552b,bitemporal_version_08bdb7abfcb9aece891abd98,NO_CELL_LINKED_OPERATIONAL_RESPONSE,,bitemporal_version_08bdb7abfcb9aece891abd98,NO_CELL_LINKED_OPERATIONAL_RESPONSE,,RAI,,LOCAL_BACKGROUND_CELL,False,stage7_main_task_021,False
0.0,UNCHANGED,cell_74aee36f89ce05bc1be1552b,bitemporal_version_08bdb7abfcb9aece891abd98,AVAILABLE,0.7888888888888889,bitemporal_version_08bdb7abfcb9aece891abd98,AVAILABLE,0.7888888888888889,GRS,0.0,LOCAL_BACKGROUND_CELL,False,stage7_main_task_021,False
,UNCHANGED,cell_74aee36f89ce05bc1be1552b,bitemporal_version_08bdb7abfcb9aece891abd98,GRCI_NOT_DEFINED_FOR_LOCAL_BACKGROUND,,bitemporal_version_08bdb7abfcb9aece891abd98,GRCI_NOT_DEFINED_FOR_LOCAL_BACKGROUND,,GRCI,,LOCAL_BACKGROUND_CELL,False,stage7_main_task_021,False
,UNCHANGED,cell_a7cf03a43029172147498f1d,bitemporal_version_10ac3ab58ad9405eb52355a3,NO_CELL_LINKED_OPERATIONAL_RESPONSE,,bitemporal_version_10ac3ab58ad9405eb52355a3,NO_CELL_LINKED_OPERATIONAL_RESPONSE,,RAI,,LOCAL_BACKGROUND_CELL,False,stage7_main_task_021,False
0.0,UNCHANGED,cell_a7cf03a43029172147498f1d,bitemporal_version_10ac3ab58ad9405eb52355a3,AVAILABLE,0.6777777777777777,bitemporal_version_10ac3ab58ad9405eb52355a3,AVAILABLE,0.6777777777777777,GRS,0.0,LOCAL_BACKGROUND_CELL,False,stage7_main_task_021,False
,UNCHANGED,cell_a7cf03a43029172147498f1d,bitemporal_version_10ac3ab58ad9405eb52355a3,GRCI_NOT_DEFINED_FOR_LOCAL_BACKGROUND,,bitemporal_version_10ac3ab58ad9405eb52355a3,GRCI_NOT_DEFINED_FOR_LOCAL_BACKGROUND,,GRCI,,LOCAL_BACKGROUND_CELL,False,stage7_main_task_021,False
,UNCHANGED,cell_64ff35e15826ff3f4f73e53f,bitemporal_version_304e54396fecdd90a362eb34,NO_CELL_LINKED_OPERATIONAL_RESPONSE,,bitemporal_version_304e54396fecdd90a362eb34,NO_CELL_LINKED_OPERATIONAL_RESPONSE,,RAI,,FORWARD_ATTENTION_CELL,False,stage7_main_task_021,False
0.0,UNCHANGED,cell_64ff35e15826ff3f4f73e53f,bitemporal_version_304e54396fecdd90a362eb34,AVAILABLE,0.5416666666666666,bitemporal_version_304e54396fecdd90a362eb34,AVAILABLE,0.5416666666666666,GRS,0.0,FORWARD_ATTENTION_CELL,False,stage7_main_task_021,False
,UNCHANGED,cell_64ff35e15826ff3f4f73e53f,bitemporal_version_304e54396fecdd90a362eb34,GRCI_NOT_DEFINED_FOR_FORWARD_ATTENTION,,bitemporal_version_304e54396fecdd90a362eb34,GRCI_NOT_DEFINED_FOR_FORWARD_ATTENTION,,GRCI,,FORWARD_ATTENTION_CELL,False,stage7_main_task_021,False
,UNCHANGED,cell_58560187f2076d85b5a6f74a,bitemporal_version_4f1f4bcd48988fda803b7b16,NO_CELL_LINKED_OPERATIONAL_RESPONSE,,bitemporal_version_4f1f4bcd48988fda803b7b16,NO_CELL_LINKED_OPERATIONAL_RESPONSE,,RAI,,LOCAL_BACKGROUND_CELL,False,stage7_main_task_021,False
0.0,UNCHANGED,cell_58560187f2076d85b5a6f74a,bitemporal_version_4f1f4bcd48988fda803b7b16,AVAILABLE,0.6777777777777777,bitemporal_version_4f1f4bcd48988fda803b7b16,AVAILABLE,0.6777777777777777,GRS,0.0,LOCAL_BACKGROUND_CELL,False,stage7_main_task_021,False
,UNCHANGED,cell_58560187f2076d85b5a6f74a,bitemporal_version_4f1f4bcd48988fda803b7b16,GRCI_NOT_DEFINED_FOR_LOCAL_BACKGROUND,,bitemporal_version_4f1f4bcd48988fda803b7b16,GRCI_NOT_DEFINED_FOR_LOCAL_BACKGROUND,,GRCI,,LOCAL_BACKGROUND_CELL,False,stage7_main_task_021,False
,UNCHANGED,cell_eb963d9033a751600f00caf8,bitemporal_version_537df6363dc17f00de7f8ebd,NO_CELL_LINKED_OPERATIONAL_RESPONSE,,bitemporal_version_537df6363dc17f00de7f8ebd,NO_CELL_LINKED_OPERATIONAL_RESPONSE,,RAI,,LOCAL_BACKGROUND_CELL,False,stage7_main_task_021,False
0.0,UNCHANGED,cell_eb963d9033a751600f00caf8,bitemporal_version_537df6363dc17f00de7f8ebd,AVAILABLE,0.6777777777777777,bitemporal_version_537df6363dc17f00de7f8ebd,AVAILABLE,0.6777777777777777,GRS,0.0,LOCAL_BACKGROUND_CELL,False,stage7_main_task_021,False
,UNCHANGED,cell_eb963d9033a751600f00caf8,bitemporal_version_537df6363dc17f00de7f8ebd,GRCI_NOT_DEFINED_FOR_LOCAL_BACKGROUND,,bitemporal_version_537df6363dc17f00de7f8ebd,GRCI_NOT_DEFINED_FOR_LOCAL_BACKGROUND,,GRCI,,LOCAL_BACKGROUND_CELL,False,stage7_main_task_021,False
,UNCHANGED,cell_18dcb188dff729ae040f264a,bitemporal_version_5c8e58ea2a1b05ecf8963d45,NO_CELL_LINKED_OPERATIONAL_RESPONSE,,bitemporal_version_5c8e58ea2a1b05ecf8963d45,NO_CELL_LINKED_OPERATIONAL_RESPONSE,,RAI,,LOCAL_BACKGROUND_CELL,False,stage7_main_task_021,False
0.0,UNCHANGED,cell_18dcb188dff729ae040f264a,bitemporal_version_5c8e58ea2a1b05ecf8963d45,AVAILABLE,0.8444444444444444,bitemporal_version_5c8e58ea2a1b05ecf8963d45,AVAILABLE,0.8444444444444444,GRS,0.0,LOCAL_BACKGROUND_CELL,False,stage7_main_task_021,False
,UNCHANGED,cell_18dcb188dff729ae040f264a,bitemporal_version_5c8e58ea2a1b05ecf8963d45,GRCI_NOT_DEFINED_FOR_LOCAL_BACKGROUND,,bitemporal_version_5c8e58ea2a1b05ecf8963d45,GRCI_NOT_DEFINED_FOR_LOCAL_BACKGROUND,,GRCI,,LOCAL_BACKGROUND_CELL,False,stage7_main_task_021,False
,UNCHANGED,cell_63f0b623e1aa623002144e00,bitemporal_version_6d1e17a2b701f85c24fd341f,NO_CELL_LINKED_OPERATIONAL_RESPONSE,,bitemporal_version_6d1e17a2b701f85c24fd341f,NO_CELL_LINKED_OPERATIONAL_RESPONSE,,RAI,,LOCAL_BACKGROUND_CELL,False,stage7_main_task_021,False
0.0,UNCHANGED,cell_63f0b623e1aa623002144e00,bitemporal_version_6d1e17a2b701f85c24fd341f,AVAILABLE,0.8444444444444444,bitemporal_version_6d1e17a2b701f85c24fd341f,AVAILABLE,0.8444444444444444,GRS,0.0,LOCAL_BACKGROUND_CELL,False,stage7_main_task_021,False
,UNCHANGED,cell_63f0b623e1aa623002144e00,bitemporal_version_6d1e17a2b701f85c24fd341f,GRCI_NOT_DEFINED_FOR_LOCAL_BACKGROUND,,bitemporal_version_6d1e17a2b701f85c24fd341f,GRCI_NOT_DEFINED_FOR_LOCAL_BACKGROUND,,GRCI,,LOCAL_BACKGROUND_CELL,False,stage7_main_task_021,False
,UNCHANGED,cell_51ca099470b9519c3f21c337,bitemporal_version_ab411b02e5655dbb832046f9,NO_CELL_LINKED_OPERATIONAL_RESPONSE,,bitemporal_version_ab411b02e5655dbb832046f9,NO_CELL_LINKED_OPERATIONAL_RESPONSE,,RAI,,LOCAL_BACKGROUND_CELL,False,stage7_main_task_021,False
0.0,UNCHANGED,cell_51ca099470b9519c3f21c337,bitemporal_version_ab411b02e5655dbb832046f9,AVAILABLE,0.625,bitemporal_version_ab411b02e5655dbb832046f9,AVAILABLE,0.625,GRS,0.0,LOCAL_BACKGROUND_CELL,False,stage7_main_task_021,False
,UNCHANGED,cell_51ca099470b9519c3f21c337,bitemporal_version_ab411b02e5655dbb832046f9,GRCI_NOT_DEFINED_FOR_LOCAL_BACKGROUND,,bitemporal_version_ab411b02e5655dbb832046f9,GRCI_NOT_DEFINED_FOR_LOCAL_BACKGROUND,,GRCI,,LOCAL_BACKGROUND_CELL,False,stage7_main_task_021,False
,UNCHANGED,cell_0c1a8a5de6439f092738b956,bitemporal_version_cabf72e5c673596be494b5ee,NO_CELL_LINKED_OPERATIONAL_RESPONSE,,bitemporal_version_cabf72e5c673596be494b5ee,NO_CELL_LINKED_OPERATIONAL_RESPONSE,,RAI,,LOCAL_BACKGROUND_CELL,False,stage7_main_task_021,False
,UNCHANGED,cell_0c1a8a5de6439f092738b956,bitemporal_version_cabf72e5c673596be494b5ee,NO_MAPPED_GEOLOGICAL_ATTENTION_DIMENSION,,bitemporal_version_cabf72e5c673596be494b5ee,NO_MAPPED_GEOLOGICAL_ATTENTION_DIMENSION,,GRS,,LOCAL_BACKGROUND_CELL,False,stage7_main_task_021,False
,UNCHANGED,cell_0c1a8a5de6439f092738b956,bitemporal_version_cabf72e5c673596be494b5ee,GRCI_NOT_DEFINED_FOR_LOCAL_BACKGROUND,,bitemporal_version_cabf72e5c673596be494b5ee,GRCI_NOT_DEFINED_FOR_LOCAL_BACKGROUND,,GRCI,,LOCAL_BACKGROUND_CELL,False,stage7_main_task_021,False
,UNCHANGED,cell_3f0b8f25291fde24a559e007,bitemporal_version_e3a48a5f6994ff54730f3394,NO_CELL_LINKED_OPERATIONAL_RESPONSE,,bitemporal_version_e3a48a5f6994ff54730f3394,NO_CELL_LINKED_OPERATIONAL_RESPONSE,,RAI,,LOCAL_BACKGROUND_CELL,False,stage7_main_task_021,False
0.0,UNCHANGED,cell_3f0b8f25291fde24a559e007,bitemporal_version_e3a48a5f6994ff54730f3394,AVAILABLE,0.6777777777777777,bitemporal_version_e3a48a5f6994ff54730f3394,AVAILABLE,0.6777777777777777,GRS,0.0,LOCAL_BACKGROUND_CELL,False,stage7_main_task_021,False
,UNCHANGED,cell_3f0b8f25291fde24a559e007,bitemporal_version_e3a48a5f6994ff54730f3394,GRCI_NOT_DEFINED_FOR_LOCAL_BACKGROUND,,bitemporal_version_e3a48a5f6994ff54730f3394,GRCI_NOT_DEFINED_FOR_LOCAL_BACKGROUND,,GRCI,,LOCAL_BACKGROUND_CELL,False,stage7_main_task_021,False
,UNCHANGED,cell_8daeb32ef201b43aa2396d30,bitemporal_version_e5bbdba4470a5f716c642573,NO_CELL_LINKED_OPERATIONAL_RESPONSE,,bitemporal_version_e5bbdba4470a5f716c642573,NO_CELL_LINKED_OPERATIONAL_RESPONSE,,RAI,,FORWARD_ATTENTION_CELL,False,stage7_main_task_021,False
0.0,UNCHANGED,cell_8daeb32ef201b43aa2396d30,bitemporal_version_e5bbdba4470a5f716c642573,AVAILABLE,0.5944444444444444,bitemporal_version_e5bbdba4470a5f716c642573,AVAILABLE,0.5944444444444444,GRS,0.0,FORWARD_ATTENTION_CELL,False,stage7_main_task_021,False
,UNCHANGED,cell_8daeb32ef201b43aa2396d30,bitemporal_version_e5bbdba4470a5f716c642573,GRCI_NOT_DEFINED_FOR_FORWARD_ATTENTION,,bitemporal_version_e5bbdba4470a5f716c642573,GRCI_NOT_DEFINED_FOR_FORWARD_ATTENTION,,GRCI,,FORWARD_ATTENTION_CELL,False,stage7_main_task_021,False
,UNCHANGED,cell_a988b2656051f7e18ac637e4,bitemporal_version_ea8f0838e5f0c5364da9b1bb,NO_CELL_LINKED_OPERATIONAL_RESPONSE,,bitemporal_version_ea8f0838e5f0c5364da9b1bb,NO_CELL_LINKED_OPERATIONAL_RESPONSE,,RAI,,FORWARD_ATTENTION_CELL,False,stage7_main_task_021,False
0.0,UNCHANGED,cell_a988b2656051f7e18ac637e4,bitemporal_version_ea8f0838e5f0c5364da9b1bb,AVAILABLE,0.5416666666666666,bitemporal_version_ea8f0838e5f0c5364da9b1bb,AVAILABLE,0.5416666666666666,GRS,0.0,FORWARD_ATTENTION_CELL,False,stage7_main_task_021,False
,UNCHANGED,cell_a988b2656051f7e18ac637e4,bitemporal_version_ea8f0838e5f0c5364da9b1bb,GRCI_NOT_DEFINED_FOR_FORWARD_ATTENTION,,bitemporal_version_ea8f0838e5f0c5364da9b1bb,GRCI_NOT_DEFINED_FOR_FORWARD_ATTENTION,,GRCI,,FORWARD_ATTENTION_CELL,False,stage7_main_task_021,False
0.0,UNCHANGED,cell_9cfca22fbc766370829a5d1b,bitemporal_version_edffb25e2b8cb8fb7da98105,AVAILABLE,0.5029477974847817,bitemporal_version_edffb25e2b8cb8fb7da98105,AVAILABLE,0.5029477974847817,RAI,0.0,DAILY_REVIEW_CELL,False,stage7_main_task_021,False
0.0,UNCHANGED,cell_9cfca22fbc766370829a5d1b,bitemporal_version_edffb25e2b8cb8fb7da98105,AVAILABLE,0.7888888888888889,bitemporal_version_edffb25e2b8cb8fb7da98105,AVAILABLE,0.7888888888888889,GRS,0.0,DAILY_REVIEW_CELL,False,stage7_main_task_021,False
0.0,UNCHANGED,cell_9cfca22fbc766370829a5d1b,bitemporal_version_edffb25e2b8cb8fb7da98105,AVAILABLE,0.3967699291268833,bitemporal_version_edffb25e2b8cb8fb7da98105,AVAILABLE,0.3967699291268833,GRCI,0.0,DAILY_REVIEW_CELL,False,stage7_main_task_021,False
,UNCHANGED,cell_e74dbbf425d6747d204d3810,bitemporal_version_f58d0de6bd7712e1540b640e,NO_CELL_LINKED_OPERATIONAL_RESPONSE,,bitemporal_version_f58d0de6bd7712e1540b640e,NO_CELL_LINKED_OPERATIONAL_RESPONSE,,RAI,,LOCAL_BACKGROUND_CELL,False,stage7_main_task_021,False
0.0,UNCHANGED,cell_e74dbbf425d6747d204d3810,bitemporal_version_f58d0de6bd7712e1540b640e,AVAILABLE,0.5416666666666666,bitemporal_version_f58d0de6bd7712e1540b640e,AVAILABLE,0.5416666666666666,GRS,0.0,LOCAL_BACKGROUND_CELL,False,stage7_main_task_021,False
,UNCHANGED,cell_e74dbbf425d6747d204d3810,bitemporal_version_f58d0de6bd7712e1540b640e,GRCI_NOT_DEFINED_FOR_LOCAL_BACKGROUND,,bitemporal_version_f58d0de6bd7712e1540b640e,GRCI_NOT_DEFINED_FOR_LOCAL_BACKGROUND,,GRCI,,LOCAL_BACKGROUND_CELL,False,stage7_main_task_021,False
0.0,UNCHANGED,cell_45e09953a5ddef4462c0a147,bitemporal_version_fe80e12dadec0d1607aa739e,AVAILABLE,0.24604738185781358,bitemporal_version_fe80e12dadec0d1607aa739e,AVAILABLE,0.24604738185781358,RAI,0.0,DAILY_REVIEW_CELL,False,stage7_main_task_021,False
0.0,UNCHANGED,cell_45e09953a5ddef4462c0a147,bitemporal_version_fe80e12dadec0d1607aa739e,AVAILABLE,0.7888888888888889,bitemporal_version_fe80e12dadec0d1607aa739e,AVAILABLE,0.7888888888888889,GRS,0.0,DAILY_REVIEW_CELL,False,stage7_main_task_021,False
0.0,UNCHANGED,cell_45e09953a5ddef4462c0a147,bitemporal_version_fe80e12dadec0d1607aa739e,AVAILABLE,0.1941040456878307,bitemporal_version_fe80e12dadec0d1607aa739e,AVAILABLE,0.1941040456878307,GRCI,0.0,DAILY_REVIEW_CELL,False,stage7_main_task_021,False
0.0,UNCHANGED,cell_146050071152b2bd18f8a541,bitemporal_version_156d5b272e3e7b11ac2ded03,AVAILABLE,0.8061198134233232,bitemporal_version_156d5b272e3e7b11ac2ded03,AVAILABLE,0.8061198134233232,RAI,0.0,DAILY_REVIEW_CELL,False,stage7_main_task_022,False
0.0,UNCHANGED,cell_146050071152b2bd18f8a541,bitemporal_version_156d5b272e3e7b11ac2ded03,AVAILABLE,0.8333333333333333,bitemporal_version_156d5b272e3e7b11ac2ded03,AVAILABLE,0.8333333333333333,GRS,0.0,DAILY_REVIEW_CELL,False,stage7_main_task_022,False
0.0,UNCHANGED,cell_146050071152b2bd18f8a541,bitemporal_version_156d5b272e3e7b11ac2ded03,AVAILABLE,0.6717665111861025,bitemporal_version_156d5b272e3e7b11ac2ded03,AVAILABLE,0.6717665111861025,GRCI,0.0,DAILY_REVIEW_CELL,False,stage7_main_task_022,False
,UNCHANGED,cell_18dcb188dff729ae040f264a,bitemporal_version_cbe6f3f9e0f596bc88ed69c9,NO_CELL_LINKED_OPERATIONAL_RESPONSE,,bitemporal_version_cbe6f3f9e0f596bc88ed69c9,NO_CELL_LINKED_OPERATIONAL_RESPONSE,,RAI,,FORWARD_ATTENTION_CELL,False,stage7_main_task_023,False
0.0,UNCHANGED,cell_18dcb188dff729ae040f264a,bitemporal_version_cbe6f3f9e0f596bc88ed69c9,AVAILABLE,0.9166666666666666,bitemporal_version_cbe6f3f9e0f596bc88ed69c9,AVAILABLE,0.9166666666666666,GRS,0.0,FORWARD_ATTENTION_CELL,False,stage7_main_task_023,False
,UNCHANGED,cell_18dcb188dff729ae040f264a,bitemporal_version_cbe6f3f9e0f596bc88ed69c9,GRCI_NOT_DEFINED_FOR_FORWARD_ATTENTION,,bitemporal_version_cbe6f3f9e0f596bc88ed69c9,GRCI_NOT_DEFINED_FOR_FORWARD_ATTENTION,,GRCI,,FORWARD_ATTENTION_CELL,False,stage7_main_task_023,False
,UNCHANGED,cell_64ff35e15826ff3f4f73e53f,bitemporal_version_fe3f915a22ed341d647d39b7,NO_CELL_LINKED_OPERATIONAL_RESPONSE,,bitemporal_version_fe3f915a22ed341d647d39b7,NO_CELL_LINKED_OPERATIONAL_RESPONSE,,RAI,,FORWARD_ATTENTION_CELL,False,stage7_main_task_024,False
0.0,UNCHANGED,cell_64ff35e15826ff3f4f73e53f,bitemporal_version_fe3f915a22ed341d647d39b7,AVAILABLE,0.7472222222222222,bitemporal_version_fe3f915a22ed341d647d39b7,AVAILABLE,0.7472222222222222,GRS,0.0,FORWARD_ATTENTION_CELL,False,stage7_main_task_024,False
,UNCHANGED,cell_64ff35e15826ff3f4f73e53f,bitemporal_version_fe3f915a22ed341d647d39b7,GRCI_NOT_DEFINED_FOR_FORWARD_ATTENTION,,bitemporal_version_fe3f915a22ed341d647d39b7,GRCI_NOT_DEFINED_FOR_FORWARD_ATTENTION,,GRCI,,FORWARD_ATTENTION_CELL,False,stage7_main_task_024,False
,UNCHANGED,cell_e74dbbf425d6747d204d3810,bitemporal_version_111220f8749248750763ab5b,NO_CELL_LINKED_OPERATIONAL_RESPONSE,,bitemporal_version_111220f8749248750763ab5b,NO_CELL_LINKED_OPERATIONAL_RESPONSE,,RAI,,LOCAL_BACKGROUND_CELL,False,stage7_main_task_025,False
0.0,UNCHANGED,cell_e74dbbf425d6747d204d3810,bitemporal_version_111220f8749248750763ab5b,AVAILABLE,0.5416666666666666,bitemporal_version_111220f8749248750763ab5b,AVAILABLE,0.5416666666666666,GRS,0.0,LOCAL_BACKGROUND_CELL,False,stage7_main_task_025,False
,UNCHANGED,cell_e74dbbf425d6747d204d3810,bitemporal_version_111220f8749248750763ab5b,GRCI_NOT_DEFINED_FOR_LOCAL_BACKGROUND,,bitemporal_version_111220f8749248750763ab5b,GRCI_NOT_DEFINED_FOR_LOCAL_BACKGROUND,,GRCI,,LOCAL_BACKGROUND_CELL,False,stage7_main_task_025,False
,UNCHANGED,cell_aa6a328c3c70903fa58222ee,bitemporal_version_1cbbab229df8d6e5082b0c85,NO_CELL_LINKED_OPERATIONAL_RESPONSE,,bitemporal_version_1cbbab229df8d6e5082b0c85,NO_CELL_LINKED_OPERATIONAL_RESPONSE,,RAI,,LOCAL_BACKGROUND_CELL,False,stage7_main_task_025,False
0.0,UNCHANGED,cell_aa6a328c3c70903fa58222ee,bitemporal_version_1cbbab229df8d6e5082b0c85,AVAILABLE,0.625,bitemporal_version_1cbbab229df8d6e5082b0c85,AVAILABLE,0.625,GRS,0.0,LOCAL_BACKGROUND_CELL,False,stage7_main_task_025,False
,UNCHANGED,cell_aa6a328c3c70903fa58222ee,bitemporal_version_1cbbab229df8d6e5082b0c85,GRCI_NOT_DEFINED_FOR_LOCAL_BACKGROUND,,bitemporal_version_1cbbab229df8d6e5082b0c85,GRCI_NOT_DEFINED_FOR_LOCAL_BACKGROUND,,GRCI,,LOCAL_BACKGROUND_CELL,False,stage7_main_task_025,False
0.0,UNCHANGED,cell_3f0b8f25291fde24a559e007,bitemporal_version_28226e3546bf4c33aeccd26d,AVAILABLE,0.36750418448019645,bitemporal_version_28226e3546bf4c33aeccd26d,AVAILABLE,0.36750418448019645,RAI,0.0,DAILY_REVIEW_CELL,False,stage7_main_task_025,False
0.0,UNCHANGED,cell_3f0b8f25291fde24a559e007,bitemporal_version_28226e3546bf4c33aeccd26d,AVAILABLE,0.7888888888888889,bitemporal_version_28226e3546bf4c33aeccd26d,AVAILABLE,0.7888888888888889,GRS,0.0,DAILY_REVIEW_CELL,False,stage7_main_task_025,False
0.0,UNCHANGED,cell_3f0b8f25291fde24a559e007,bitemporal_version_28226e3546bf4c33aeccd26d,AVAILABLE,0.2899199677565994,bitemporal_version_28226e3546bf4c33aeccd26d,AVAILABLE,0.2899199677565994,GRCI,0.0,DAILY_REVIEW_CELL,False,stage7_main_task_025,False
,UNCHANGED,cell_a988b2656051f7e18ac637e4,bitemporal_version_2e5228c7cabacfb616f37cb4,NO_CELL_LINKED_OPERATIONAL_RESPONSE,,bitemporal_version_2e5228c7cabacfb616f37cb4,NO_CELL_LINKED_OPERATIONAL_RESPONSE,,RAI,,FORWARD_ATTENTION_CELL,False,stage7_main_task_025,False
,UNCHANGED,cell_a988b2656051f7e18ac637e4,bitemporal_version_2e5228c7cabacfb616f37cb4,NO_MAPPED_GEOLOGICAL_ATTENTION_DIMENSION,,bitemporal_version_2e5228c7cabacfb616f37cb4,NO_MAPPED_GEOLOGICAL_ATTENTION_DIMENSION,,GRS,,FORWARD_ATTENTION_CELL,False,stage7_main_task_025,False
,UNCHANGED,cell_a988b2656051f7e18ac637e4,bitemporal_version_2e5228c7cabacfb616f37cb4,GRCI_NOT_DEFINED_FOR_FORWARD_ATTENTION,,bitemporal_version_2e5228c7cabacfb616f37cb4,GRCI_NOT_DEFINED_FOR_FORWARD_ATTENTION,,GRCI,,FORWARD_ATTENTION_CELL,False,stage7_main_task_025,False
,UNCHANGED,cell_45e09953a5ddef4462c0a147,bitemporal_version_37675092c54a87eafb70dff1,NO_CELL_LINKED_OPERATIONAL_RESPONSE,,bitemporal_version_37675092c54a87eafb70dff1,NO_CELL_LINKED_OPERATIONAL_RESPONSE,,RAI,,FORWARD_ATTENTION_CELL,False,stage7_main_task_025,False
,UNCHANGED,cell_45e09953a5ddef4462c0a147,bitemporal_version_37675092c54a87eafb70dff1,NO_MAPPED_GEOLOGICAL_ATTENTION_DIMENSION,,bitemporal_version_37675092c54a87eafb70dff1,NO_MAPPED_GEOLOGICAL_ATTENTION_DIMENSION,,GRS,,FORWARD_ATTENTION_CELL,False,stage7_main_task_025,False
,UNCHANGED,cell_45e09953a5ddef4462c0a147,bitemporal_version_37675092c54a87eafb70dff1,GRCI_NOT_DEFINED_FOR_FORWARD_ATTENTION,,bitemporal_version_37675092c54a87eafb70dff1,GRCI_NOT_DEFINED_FOR_FORWARD_ATTENTION,,GRCI,,FORWARD_ATTENTION_CELL,False,stage7_main_task_025,False
,UNCHANGED,cell_9cfca22fbc766370829a5d1b,bitemporal_version_46fb2e606e72af1fc35c4fde,NO_CELL_LINKED_OPERATIONAL_RESPONSE,,bitemporal_version_46fb2e606e72af1fc35c4fde,NO_CELL_LINKED_OPERATIONAL_RESPONSE,,RAI,,FORWARD_ATTENTION_CELL,False,stage7_main_task_025,False
,UNCHANGED,cell_9cfca22fbc766370829a5d1b,bitemporal_version_46fb2e606e72af1fc35c4fde,NO_MAPPED_GEOLOGICAL_ATTENTION_DIMENSION,,bitemporal_version_46fb2e606e72af1fc35c4fde,NO_MAPPED_GEOLOGICAL_ATTENTION_DIMENSION,,GRS,,FORWARD_ATTENTION_CELL,False,stage7_main_task_025,False
,UNCHANGED,cell_9cfca22fbc766370829a5d1b,bitemporal_version_46fb2e606e72af1fc35c4fde,GRCI_NOT_DEFINED_FOR_FORWARD_ATTENTION,,bitemporal_version_46fb2e606e72af1fc35c4fde,GRCI_NOT_DEFINED_FOR_FORWARD_ATTENTION,,GRCI,,FORWARD_ATTENTION_CELL,False,stage7_main_task_025,False
,UNCHANGED,cell_eb963d9033a751600f00caf8,bitemporal_version_620f7d19c3100cbf8e656054,NO_CELL_LINKED_OPERATIONAL_RESPONSE,,bitemporal_version_620f7d19c3100cbf8e656054,NO_CELL_LINKED_OPERATIONAL_RESPONSE,,RAI,,LOCAL_BACKGROUND_CELL,False,stage7_main_task_025,False
0.0,UNCHANGED,cell_eb963d9033a751600f00caf8,bitemporal_version_620f7d19c3100cbf8e656054,AVAILABLE,0.5416666666666666,bitemporal_version_620f7d19c3100cbf8e656054,AVAILABLE,0.5416666666666666,GRS,0.0,LOCAL_BACKGROUND_CELL,False,stage7_main_task_025,False
,UNCHANGED,cell_eb963d9033a751600f00caf8,bitemporal_version_620f7d19c3100cbf8e656054,GRCI_NOT_DEFINED_FOR_LOCAL_BACKGROUND,,bitemporal_version_620f7d19c3100cbf8e656054,GRCI_NOT_DEFINED_FOR_LOCAL_BACKGROUND,,GRCI,,LOCAL_BACKGROUND_CELL,False,stage7_main_task_025,False
,UNCHANGED,cell_44ef6fbfe662ce889b412cff,bitemporal_version_828a59b877d38a9120419e06,NO_CELL_LINKED_OPERATIONAL_RESPONSE,,bitemporal_version_828a59b877d38a9120419e06,NO_CELL_LINKED_OPERATIONAL_RESPONSE,,RAI,,LOCAL_BACKGROUND_CELL,False,stage7_main_task_025,False
0.0,UNCHANGED,cell_44ef6fbfe662ce889b412cff,bitemporal_version_828a59b877d38a9120419e06,AVAILABLE,0.65,bitemporal_version_828a59b877d38a9120419e06,AVAILABLE,0.65,GRS,0.0,LOCAL_BACKGROUND_CELL,False,stage7_main_task_025,False
,UNCHANGED,cell_44ef6fbfe662ce889b412cff,bitemporal_version_828a59b877d38a9120419e06,GRCI_NOT_DEFINED_FOR_LOCAL_BACKGROUND,,bitemporal_version_828a59b877d38a9120419e06,GRCI_NOT_DEFINED_FOR_LOCAL_BACKGROUND,,GRCI,,LOCAL_BACKGROUND_CELL,False,stage7_main_task_025,False
,UNCHANGED,cell_a7cf03a43029172147498f1d,bitemporal_version_a1a678bdc680f8036f3ef8da,NO_CELL_LINKED_OPERATIONAL_RESPONSE,,bitemporal_version_a1a678bdc680f8036f3ef8da,NO_CELL_LINKED_OPERATIONAL_RESPONSE,,RAI,,LOCAL_BACKGROUND_CELL,False,stage7_main_task_025,False
0.0,UNCHANGED,cell_a7cf03a43029172147498f1d,bitemporal_version_a1a678bdc680f8036f3ef8da,AVAILABLE,0.5416666666666666,bitemporal_version_a1a678bdc680f8036f3ef8da,AVAILABLE,0.5416666666666666,GRS,0.0,LOCAL_BACKGROUND_CELL,False,stage7_main_task_025,False
,UNCHANGED,cell_a7cf03a43029172147498f1d,bitemporal_version_a1a678bdc680f8036f3ef8da,GRCI_NOT_DEFINED_FOR_LOCAL_BACKGROUND,,bitemporal_version_a1a678bdc680f8036f3ef8da,GRCI_NOT_DEFINED_FOR_LOCAL_BACKGROUND,,GRCI,,LOCAL_BACKGROUND_CELL,False,stage7_main_task_025,False
,UNCHANGED,cell_58560187f2076d85b5a6f74a,bitemporal_version_a1d7e6d0f1089129c8f15367,NO_CELL_LINKED_OPERATIONAL_RESPONSE,,bitemporal_version_a1d7e6d0f1089129c8f15367,NO_CELL_LINKED_OPERATIONAL_RESPONSE,,RAI,,LOCAL_BACKGROUND_CELL,False,stage7_main_task_025,False
0.0,UNCHANGED,cell_58560187f2076d85b5a6f74a,bitemporal_version_a1d7e6d0f1089129c8f15367,AVAILABLE,0.5944444444444444,bitemporal_version_a1d7e6d0f1089129c8f15367,AVAILABLE,0.5944444444444444,GRS,0.0,LOCAL_BACKGROUND_CELL,False,stage7_main_task_025,False
,UNCHANGED,cell_58560187f2076d85b5a6f74a,bitemporal_version_a1d7e6d0f1089129c8f15367,GRCI_NOT_DEFINED_FOR_LOCAL_BACKGROUND,,bitemporal_version_a1d7e6d0f1089129c8f15367,GRCI_NOT_DEFINED_FOR_LOCAL_BACKGROUND,,GRCI,,LOCAL_BACKGROUND_CELL,False,stage7_main_task_025,False
0.0,UNCHANGED,cell_0c1a8a5de6439f092738b956,bitemporal_version_c3c84c16e72a8d2cd7f5291c,AVAILABLE,0.20285886224246932,bitemporal_version_c3c84c16e72a8d2cd7f5291c,AVAILABLE,0.20285886224246932,RAI,0.0,DAILY_REVIEW_CELL,False,stage7_main_task_025,False
0.0,UNCHANGED,cell_0c1a8a5de6439f092738b956,bitemporal_version_c3c84c16e72a8d2cd7f5291c,AVAILABLE,0.7888888888888889,bitemporal_version_c3c84c16e72a8d2cd7f5291c,AVAILABLE,0.7888888888888889,GRS,0.0,DAILY_REVIEW_CELL,False,stage7_main_task_025,False
0.0,UNCHANGED,cell_0c1a8a5de6439f092738b956,bitemporal_version_c3c84c16e72a8d2cd7f5291c,AVAILABLE,0.1600331024357258,bitemporal_version_c3c84c16e72a8d2cd7f5291c,AVAILABLE,0.1600331024357258,GRCI,0.0,DAILY_REVIEW_CELL,False,stage7_main_task_025,False
,UNCHANGED,cell_18dcb188dff729ae040f264a,bitemporal_version_caca69d42a5155ca374c77a0,NO_CELL_LINKED_OPERATIONAL_RESPONSE,,bitemporal_version_caca69d42a5155ca374c77a0,NO_CELL_LINKED_OPERATIONAL_RESPONSE,,RAI,,LOCAL_BACKGROUND_CELL,False,stage7_main_task_025,False
0.0,UNCHANGED,cell_18dcb188dff729ae040f264a,bitemporal_version_caca69d42a5155ca374c77a0,AVAILABLE,0.8444444444444444,bitemporal_version_caca69d42a5155ca374c77a0,AVAILABLE,0.8444444444444444,GRS,0.0,LOCAL_BACKGROUND_CELL,False,stage7_main_task_025,False
,UNCHANGED,cell_18dcb188dff729ae040f264a,bitemporal_version_caca69d42a5155ca374c77a0,GRCI_NOT_DEFINED_FOR_LOCAL_BACKGROUND,,bitemporal_version_caca69d42a5155ca374c77a0,GRCI_NOT_DEFINED_FOR_LOCAL_BACKGROUND,,GRCI,,LOCAL_BACKGROUND_CELL,False,stage7_main_task_025,False
,UNCHANGED,cell_63f0b623e1aa623002144e00,bitemporal_version_ce8af922be70cff2a55cb3be,NO_CELL_LINKED_OPERATIONAL_RESPONSE,,bitemporal_version_ce8af922be70cff2a55cb3be,NO_CELL_LINKED_OPERATIONAL_RESPONSE,,RAI,,LOCAL_BACKGROUND_CELL,False,stage7_main_task_025,False
0.0,UNCHANGED,cell_63f0b623e1aa623002144e00,bitemporal_version_ce8af922be70cff2a55cb3be,AVAILABLE,0.8444444444444444,bitemporal_version_ce8af922be70cff2a55cb3be,AVAILABLE,0.8444444444444444,GRS,0.0,LOCAL_BACKGROUND_CELL,False,stage7_main_task_025,False
,UNCHANGED,cell_63f0b623e1aa623002144e00,bitemporal_version_ce8af922be70cff2a55cb3be,GRCI_NOT_DEFINED_FOR_LOCAL_BACKGROUND,,bitemporal_version_ce8af922be70cff2a55cb3be,GRCI_NOT_DEFINED_FOR_LOCAL_BACKGROUND,,GRCI,,LOCAL_BACKGROUND_CELL,False,stage7_main_task_025,False
,UNCHANGED,cell_74aee36f89ce05bc1be1552b,bitemporal_version_db420b88f5fd65eee761dcd0,NO_CELL_LINKED_OPERATIONAL_RESPONSE,,bitemporal_version_db420b88f5fd65eee761dcd0,NO_CELL_LINKED_OPERATIONAL_RESPONSE,,RAI,,LOCAL_BACKGROUND_CELL,False,stage7_main_task_025,False
0.0,UNCHANGED,cell_74aee36f89ce05bc1be1552b,bitemporal_version_db420b88f5fd65eee761dcd0,AVAILABLE,0.7888888888888889,bitemporal_version_db420b88f5fd65eee761dcd0,AVAILABLE,0.7888888888888889,GRS,0.0,LOCAL_BACKGROUND_CELL,False,stage7_main_task_025,False
,UNCHANGED,cell_74aee36f89ce05bc1be1552b,bitemporal_version_db420b88f5fd65eee761dcd0,GRCI_NOT_DEFINED_FOR_LOCAL_BACKGROUND,,bitemporal_version_db420b88f5fd65eee761dcd0,GRCI_NOT_DEFINED_FOR_LOCAL_BACKGROUND,,GRCI,,LOCAL_BACKGROUND_CELL,False,stage7_main_task_025,False
,UNCHANGED,cell_51ca099470b9519c3f21c337,bitemporal_version_f6c43696471f49502c8c94bb,NO_CELL_LINKED_OPERATIONAL_RESPONSE,,bitemporal_version_f6c43696471f49502c8c94bb,NO_CELL_LINKED_OPERATIONAL_RESPONSE,,RAI,,LOCAL_BACKGROUND_CELL,False,stage7_main_task_025,False
0.0,UNCHANGED,cell_51ca099470b9519c3f21c337,bitemporal_version_f6c43696471f49502c8c94bb,AVAILABLE,0.625,bitemporal_version_f6c43696471f49502c8c94bb,AVAILABLE,0.625,GRS,0.0,LOCAL_BACKGROUND_CELL,False,stage7_main_task_025,False
,UNCHANGED,cell_51ca099470b9519c3f21c337,bitemporal_version_f6c43696471f49502c8c94bb,GRCI_NOT_DEFINED_FOR_LOCAL_BACKGROUND,,bitemporal_version_f6c43696471f49502c8c94bb,GRCI_NOT_DEFINED_FOR_LOCAL_BACKGROUND,,GRCI,,LOCAL_BACKGROUND_CELL,False,stage7_main_task_025,False
0.0,UNCHANGED,cell_e5477cc9d090c69443f67a6a,bitemporal_version_74224b4b30ba9084bdd8ac94,AVAILABLE,0.27034473201852055,bitemporal_version_74224b4b30ba9084bdd8ac94,AVAILABLE,0.27034473201852055,RAI,0.0,DAILY_REVIEW_CELL,False,stage7_main_task_026,False
0.0,UNCHANGED,cell_e5477cc9d090c69443f67a6a,bitemporal_version_74224b4b30ba9084bdd8ac94,AVAILABLE,0.5833333333333333,bitemporal_version_74224b4b30ba9084bdd8ac94,AVAILABLE,0.5833333333333333,GRS,0.0,DAILY_REVIEW_CELL,False,stage7_main_task_026,False
0.0,UNCHANGED,cell_e5477cc9d090c69443f67a6a,bitemporal_version_74224b4b30ba9084bdd8ac94,AVAILABLE,0.1577010936774703,bitemporal_version_74224b4b30ba9084bdd8ac94,AVAILABLE,0.1577010936774703,GRCI,0.0,DAILY_REVIEW_CELL,False,stage7_main_task_026,False
,UNCHANGED,cell_8f3c162903e22fbfe2cbba42,bitemporal_version_43194bb14cfc647ee8b539c8,NO_CELL_LINKED_OPERATIONAL_RESPONSE,,bitemporal_version_43194bb14cfc647ee8b539c8,NO_CELL_LINKED_OPERATIONAL_RESPONSE,,RAI,,FORWARD_ATTENTION_CELL,False,stage7_main_task_027,False
0.0,UNCHANGED,cell_8f3c162903e22fbfe2cbba42,bitemporal_version_43194bb14cfc647ee8b539c8,AVAILABLE,0.5416666666666666,bitemporal_version_43194bb14cfc647ee8b539c8,AVAILABLE,0.5416666666666666,GRS,0.0,FORWARD_ATTENTION_CELL,False,stage7_main_task_027,False
,UNCHANGED,cell_8f3c162903e22fbfe2cbba42,bitemporal_version_43194bb14cfc647ee8b539c8,GRCI_NOT_DEFINED_FOR_FORWARD_ATTENTION,,bitemporal_version_43194bb14cfc647ee8b539c8,GRCI_NOT_DEFINED_FOR_FORWARD_ATTENTION,,GRCI,,FORWARD_ATTENTION_CELL,False,stage7_main_task_027,False
,UNCHANGED,cell_83789dbb3816b79a8bf0fcff,bitemporal_version_099fba5e70afd35ae1248935,NO_CELL_LINKED_OPERATIONAL_RESPONSE,,bitemporal_version_099fba5e70afd35ae1248935,NO_CELL_LINKED_OPERATIONAL_RESPONSE,,RAI,,LOCAL_BACKGROUND_CELL,False,stage7_main_task_028,False
0.0,UNCHANGED,cell_83789dbb3816b79a8bf0fcff,bitemporal_version_099fba5e70afd35ae1248935,AVAILABLE,0.5416666666666666,bitemporal_version_099fba5e70afd35ae1248935,AVAILABLE,0.5416666666666666,GRS,0.0,LOCAL_BACKGROUND_CELL,False,stage7_main_task_028,False
,UNCHANGED,cell_83789dbb3816b79a8bf0fcff,bitemporal_version_099fba5e70afd35ae1248935,GRCI_NOT_DEFINED_FOR_LOCAL_BACKGROUND,,bitemporal_version_099fba5e70afd35ae1248935,GRCI_NOT_DEFINED_FOR_LOCAL_BACKGROUND,,GRCI,,LOCAL_BACKGROUND_CELL,False,stage7_main_task_028,False
0.0,UNCHANGED,cell_fccd76a8459740ecc3617390,bitemporal_version_19e1fc849f06b2b80a323389,AVAILABLE,0.3004277809267227,bitemporal_version_19e1fc849f06b2b80a323389,AVAILABLE,0.3004277809267227,RAI,0.0,DAILY_REVIEW_CELL,False,stage7_main_task_028,False
0.0,UNCHANGED,cell_fccd76a8459740ecc3617390,bitemporal_version_19e1fc849f06b2b80a323389,AVAILABLE,0.8333333333333333,bitemporal_version_19e1fc849f06b2b80a323389,AVAILABLE,0.8333333333333333,GRS,0.0,DAILY_REVIEW_CELL,False,stage7_main_task_028,False
0.0,UNCHANGED,cell_fccd76a8459740ecc3617390,bitemporal_version_19e1fc849f06b2b80a323389,AVAILABLE,0.2503564841056022,bitemporal_version_19e1fc849f06b2b80a323389,AVAILABLE,0.2503564841056022,GRCI,0.0,DAILY_REVIEW_CELL,False,stage7_main_task_028,False
,UNCHANGED,cell_121053c3508b6529026d1b1e,bitemporal_version_227edd2b8751473fea93230b,NO_CELL_LINKED_OPERATIONAL_RESPONSE,,bitemporal_version_227edd2b8751473fea93230b,NO_CELL_LINKED_OPERATIONAL_RESPONSE,,RAI,,FORWARD_ATTENTION_CELL,False,stage7_main_task_028,False
,UNCHANGED,cell_121053c3508b6529026d1b1e,bitemporal_version_227edd2b8751473fea93230b,NO_MAPPED_GEOLOGICAL_ATTENTION_DIMENSION,,bitemporal_version_227edd2b8751473fea93230b,NO_MAPPED_GEOLOGICAL_ATTENTION_DIMENSION,,GRS,,FORWARD_ATTENTION_CELL,False,stage7_main_task_028,False
,UNCHANGED,cell_121053c3508b6529026d1b1e,bitemporal_version_227edd2b8751473fea93230b,GRCI_NOT_DEFINED_FOR_FORWARD_ATTENTION,,bitemporal_version_227edd2b8751473fea93230b,GRCI_NOT_DEFINED_FOR_FORWARD_ATTENTION,,GRCI,,FORWARD_ATTENTION_CELL,False,stage7_main_task_028,False
,UNCHANGED,cell_faa7efd3c3e249cc878fd291,bitemporal_version_243c479459aa190acd481413,NO_CELL_LINKED_OPERATIONAL_RESPONSE,,bitemporal_version_243c479459aa190acd481413,NO_CELL_LINKED_OPERATIONAL_RESPONSE,,RAI,,FORWARD_ATTENTION_CELL,False,stage7_main_task_028,False
,UNCHANGED,cell_faa7efd3c3e249cc878fd291,bitemporal_version_243c479459aa190acd481413,NO_MAPPED_GEOLOGICAL_ATTENTION_DIMENSION,,bitemporal_version_243c479459aa190acd481413,NO_MAPPED_GEOLOGICAL_ATTENTION_DIMENSION,,GRS,,FORWARD_ATTENTION_CELL,False,stage7_main_task_028,False
,UNCHANGED,cell_faa7efd3c3e249cc878fd291,bitemporal_version_243c479459aa190acd481413,GRCI_NOT_DEFINED_FOR_FORWARD_ATTENTION,,bitemporal_version_243c479459aa190acd481413,GRCI_NOT_DEFINED_FOR_FORWARD_ATTENTION,,GRCI,,FORWARD_ATTENTION_CELL,False,stage7_main_task_028,False
,UNCHANGED,cell_bf453b474a2d9306cdad13e0,bitemporal_version_266a9026379e03c6579e7636,NO_CELL_LINKED_OPERATIONAL_RESPONSE,,bitemporal_version_266a9026379e03c6579e7636,NO_CELL_LINKED_OPERATIONAL_RESPONSE,,RAI,,LOCAL_BACKGROUND_CELL,False,stage7_main_task_028,False
0.0,UNCHANGED,cell_bf453b474a2d9306cdad13e0,bitemporal_version_266a9026379e03c6579e7636,AVAILABLE,0.9166666666666666,bitemporal_version_266a9026379e03c6579e7636,AVAILABLE,0.9166666666666666,GRS,0.0,LOCAL_BACKGROUND_CELL,False,stage7_main_task_028,False
,UNCHANGED,cell_bf453b474a2d9306cdad13e0,bitemporal_version_266a9026379e03c6579e7636,GRCI_NOT_DEFINED_FOR_LOCAL_BACKGROUND,,bitemporal_version_266a9026379e03c6579e7636,GRCI_NOT_DEFINED_FOR_LOCAL_BACKGROUND,,GRCI,,LOCAL_BACKGROUND_CELL,False,stage7_main_task_028,False
,UNCHANGED,cell_6a1588be58e9c5a91d6b2534,bitemporal_version_29a6ec970cf17d8cd3b58ea8,NO_CELL_LINKED_OPERATIONAL_RESPONSE,,bitemporal_version_29a6ec970cf17d8cd3b58ea8,NO_CELL_LINKED_OPERATIONAL_RESPONSE,,RAI,,FORWARD_ATTENTION_CELL,False,stage7_main_task_028,False
,UNCHANGED,cell_6a1588be58e9c5a91d6b2534,bitemporal_version_29a6ec970cf17d8cd3b58ea8,NO_MAPPED_GEOLOGICAL_ATTENTION_DIMENSION,,bitemporal_version_29a6ec970cf17d8cd3b58ea8,NO_MAPPED_GEOLOGICAL_ATTENTION_DIMENSION,,GRS,,FORWARD_ATTENTION_CELL,False,stage7_main_task_028,False
,UNCHANGED,cell_6a1588be58e9c5a91d6b2534,bitemporal_version_29a6ec970cf17d8cd3b58ea8,GRCI_NOT_DEFINED_FOR_FORWARD_ATTENTION,,bitemporal_version_29a6ec970cf17d8cd3b58ea8,GRCI_NOT_DEFINED_FOR_FORWARD_ATTENTION,,GRCI,,FORWARD_ATTENTION_CELL,False,stage7_main_task_028,False
,UNCHANGED,cell_7c79414987c86917f8fe4747,bitemporal_version_35e52639fd4bb64e7929f925,NO_CELL_LINKED_OPERATIONAL_RESPONSE,,bitemporal_version_35e52639fd4bb64e7929f925,NO_CELL_LINKED_OPERATIONAL_RESPONSE,,RAI,,LOCAL_BACKGROUND_CELL,False,stage7_main_task_028,False
0.0,UNCHANGED,cell_7c79414987c86917f8fe4747,bitemporal_version_35e52639fd4bb64e7929f925,AVAILABLE,0.8888888888888888,bitemporal_version_35e52639fd4bb64e7929f925,AVAILABLE,0.8888888888888888,GRS,0.0,LOCAL_BACKGROUND_CELL,False,stage7_main_task_028,False
,UNCHANGED,cell_7c79414987c86917f8fe4747,bitemporal_version_35e52639fd4bb64e7929f925,GRCI_NOT_DEFINED_FOR_LOCAL_BACKGROUND,,bitemporal_version_35e52639fd4bb64e7929f925,GRCI_NOT_DEFINED_FOR_LOCAL_BACKGROUND,,GRCI,,LOCAL_BACKGROUND_CELL,False,stage7_main_task_028,False
,UNCHANGED,cell_2dfc9a7f03542dcf190b7553,bitemporal_version_5c99ec9f129d1a026b8be57d,NO_CELL_LINKED_OPERATIONAL_RESPONSE,,bitemporal_version_5c99ec9f129d1a026b8be57d,NO_CELL_LINKED_OPERATIONAL_RESPONSE,,RAI,,LOCAL_BACKGROUND_CELL,False,stage7_main_task_028,False
0.0,UNCHANGED,cell_2dfc9a7f03542dcf190b7553,bitemporal_version_5c99ec9f129d1a026b8be57d,AVAILABLE,0.9444444444444445,bitemporal_version_5c99ec9f129d1a026b8be57d,AVAILABLE,0.9444444444444445,GRS,0.0,LOCAL_BACKGROUND_CELL,False,stage7_main_task_028,False
,UNCHANGED,cell_2dfc9a7f03542dcf190b7553,bitemporal_version_5c99ec9f129d1a026b8be57d,GRCI_NOT_DEFINED_FOR_LOCAL_BACKGROUND,,bitemporal_version_5c99ec9f129d1a026b8be57d,GRCI_NOT_DEFINED_FOR_LOCAL_BACKGROUND,,GRCI,,LOCAL_BACKGROUND_CELL,False,stage7_main_task_028,False
,UNCHANGED,cell_4ae16fac54b95ee524718c7e,bitemporal_version_6376273395e4b492755caae5,NO_CELL_LINKED_OPERATIONAL_RESPONSE,,bitemporal_version_6376273395e4b492755caae5,NO_CELL_LINKED_OPERATIONAL_RESPONSE,,RAI,,LOCAL_BACKGROUND_CELL,False,stage7_main_task_028,False
0.0,UNCHANGED,cell_4ae16fac54b95ee524718c7e,bitemporal_version_6376273395e4b492755caae5,AVAILABLE,0.8333333333333333,bitemporal_version_6376273395e4b492755caae5,AVAILABLE,0.8333333333333333,GRS,0.0,LOCAL_BACKGROUND_CELL,False,stage7_main_task_028,False
,UNCHANGED,cell_4ae16fac54b95ee524718c7e,bitemporal_version_6376273395e4b492755caae5,GRCI_NOT_DEFINED_FOR_LOCAL_BACKGROUND,,bitemporal_version_6376273395e4b492755caae5,GRCI_NOT_DEFINED_FOR_LOCAL_BACKGROUND,,GRCI,,LOCAL_BACKGROUND_CELL,False,stage7_main_task_028,False
,UNCHANGED,cell_e646a5e99626f665adf53dfb,bitemporal_version_817d5dc652f9a9eb3e96bd83,NO_CELL_LINKED_OPERATIONAL_RESPONSE,,bitemporal_version_817d5dc652f9a9eb3e96bd83,NO_CELL_LINKED_OPERATIONAL_RESPONSE,,RAI,,LOCAL_BACKGROUND_CELL,False,stage7_main_task_028,False
0.0,UNCHANGED,cell_e646a5e99626f665adf53dfb,bitemporal_version_817d5dc652f9a9eb3e96bd83,AVAILABLE,0.611111111111111,bitemporal_version_817d5dc652f9a9eb3e96bd83,AVAILABLE,0.611111111111111,GRS,0.0,LOCAL_BACKGROUND_CELL,False,stage7_main_task_028,False
,UNCHANGED,cell_e646a5e99626f665adf53dfb,bitemporal_version_817d5dc652f9a9eb3e96bd83,GRCI_NOT_DEFINED_FOR_LOCAL_BACKGROUND,,bitemporal_version_817d5dc652f9a9eb3e96bd83,GRCI_NOT_DEFINED_FOR_LOCAL_BACKGROUND,,GRCI,,LOCAL_BACKGROUND_CELL,False,stage7_main_task_028,False
0.0,UNCHANGED,cell_c8a195ce5490d52eac969260,bitemporal_version_cd8d41ee8fea9fdf498ef393,AVAILABLE,0.13402984195208476,bitemporal_version_cd8d41ee8fea9fdf498ef393,AVAILABLE,0.13402984195208476,RAI,0.0,DAILY_REVIEW_CELL,False,stage7_main_task_028,False
0.0,UNCHANGED,cell_c8a195ce5490d52eac969260,bitemporal_version_cd8d41ee8fea9fdf498ef393,AVAILABLE,0.5416666666666666,bitemporal_version_cd8d41ee8fea9fdf498ef393,AVAILABLE,0.5416666666666666,GRS,0.0,DAILY_REVIEW_CELL,False,stage7_main_task_028,False
0.0,UNCHANGED,cell_c8a195ce5490d52eac969260,bitemporal_version_cd8d41ee8fea9fdf498ef393,AVAILABLE,0.0725994977240459,bitemporal_version_cd8d41ee8fea9fdf498ef393,AVAILABLE,0.0725994977240459,GRCI,0.0,DAILY_REVIEW_CELL,False,stage7_main_task_028,False
,UNCHANGED,cell_feb25603908516ff7807e05b,bitemporal_version_d41179f1e4ef4d7ced87bcf0,NO_CELL_LINKED_OPERATIONAL_RESPONSE,,bitemporal_version_d41179f1e4ef4d7ced87bcf0,NO_CELL_LINKED_OPERATIONAL_RESPONSE,,RAI,,LOCAL_BACKGROUND_CELL,False,stage7_main_task_028,False
0.0,UNCHANGED,cell_feb25603908516ff7807e05b,bitemporal_version_d41179f1e4ef4d7ced87bcf0,AVAILABLE,0.8888888888888888,bitemporal_version_d41179f1e4ef4d7ced87bcf0,AVAILABLE,0.8888888888888888,GRS,0.0,LOCAL_BACKGROUND_CELL,False,stage7_main_task_028,False
,UNCHANGED,cell_feb25603908516ff7807e05b,bitemporal_version_d41179f1e4ef4d7ced87bcf0,GRCI_NOT_DEFINED_FOR_LOCAL_BACKGROUND,,bitemporal_version_d41179f1e4ef4d7ced87bcf0,GRCI_NOT_DEFINED_FOR_LOCAL_BACKGROUND,,GRCI,,LOCAL_BACKGROUND_CELL,False,stage7_main_task_028,False
,UNCHANGED,cell_f2bab7e8e692c04d8beb482b,bitemporal_version_e05462fe95e27ad4ca9a2bf5,NO_CELL_LINKED_OPERATIONAL_RESPONSE,,bitemporal_version_e05462fe95e27ad4ca9a2bf5,NO_CELL_LINKED_OPERATIONAL_RESPONSE,,RAI,,LOCAL_BACKGROUND_CELL,False,stage7_main_task_028,False
0.0,UNCHANGED,cell_f2bab7e8e692c04d8beb482b,bitemporal_version_e05462fe95e27ad4ca9a2bf5,AVAILABLE,0.8333333333333333,bitemporal_version_e05462fe95e27ad4ca9a2bf5,AVAILABLE,0.8333333333333333,GRS,0.0,LOCAL_BACKGROUND_CELL,False,stage7_main_task_028,False
,UNCHANGED,cell_f2bab7e8e692c04d8beb482b,bitemporal_version_e05462fe95e27ad4ca9a2bf5,GRCI_NOT_DEFINED_FOR_LOCAL_BACKGROUND,,bitemporal_version_e05462fe95e27ad4ca9a2bf5,GRCI_NOT_DEFINED_FOR_LOCAL_BACKGROUND,,GRCI,,LOCAL_BACKGROUND_CELL,False,stage7_main_task_028,False
0.0,UNCHANGED,cell_96b4757cd7a8528a4fb821e7,bitemporal_version_eb535e8c75c57a18d5adca25,AVAILABLE,0.505176282229349,bitemporal_version_eb535e8c75c57a18d5adca25,AVAILABLE,0.505176282229349,RAI,0.0,DAILY_REVIEW_CELL,False,stage7_main_task_028,False
0.0,UNCHANGED,cell_96b4757cd7a8528a4fb821e7,bitemporal_version_eb535e8c75c57a18d5adca25,AVAILABLE,0.5416666666666666,bitemporal_version_eb535e8c75c57a18d5adca25,AVAILABLE,0.5416666666666666,GRS,0.0,DAILY_REVIEW_CELL,False,stage7_main_task_028,False
0.0,UNCHANGED,cell_96b4757cd7a8528a4fb821e7,bitemporal_version_eb535e8c75c57a18d5adca25,AVAILABLE,0.2736371528742307,bitemporal_version_eb535e8c75c57a18d5adca25,AVAILABLE,0.2736371528742307,GRCI,0.0,DAILY_REVIEW_CELL,False,stage7_main_task_028,False
0.0,UNCHANGED,cell_a9e80bb164104fa9f94acd7a,bitemporal_version_ec113848cdb47adc55e8ca2a,AVAILABLE,0.30143157703869194,bitemporal_version_ec113848cdb47adc55e8ca2a,AVAILABLE,0.30143157703869194,RAI,0.0,DAILY_REVIEW_CELL,False,stage7_main_task_028,False
0.0,UNCHANGED,cell_a9e80bb164104fa9f94acd7a,bitemporal_version_ec113848cdb47adc55e8ca2a,AVAILABLE,0.5416666666666666,bitemporal_version_ec113848cdb47adc55e8ca2a,AVAILABLE,0.5416666666666666,GRS,0.0,DAILY_REVIEW_CELL,False,stage7_main_task_028,False
0.0,UNCHANGED,cell_a9e80bb164104fa9f94acd7a,bitemporal_version_ec113848cdb47adc55e8ca2a,AVAILABLE,0.1632754375626248,bitemporal_version_ec113848cdb47adc55e8ca2a,AVAILABLE,0.1632754375626248,GRCI,0.0,DAILY_REVIEW_CELL,False,stage7_main_task_028,False
,UNCHANGED,cell_e610b4ce3922994ac4da48cb,bitemporal_version_efd4a6f3fe2d0289f12bbd03,NO_CELL_LINKED_OPERATIONAL_RESPONSE,,bitemporal_version_efd4a6f3fe2d0289f12bbd03,NO_CELL_LINKED_OPERATIONAL_RESPONSE,,RAI,,LOCAL_BACKGROUND_CELL,False,stage7_main_task_028,False
0.0,UNCHANGED,cell_e610b4ce3922994ac4da48cb,bitemporal_version_efd4a6f3fe2d0289f12bbd03,AVAILABLE,0.9166666666666666,bitemporal_version_efd4a6f3fe2d0289f12bbd03,AVAILABLE,0.9166666666666666,GRS,0.0,LOCAL_BACKGROUND_CELL,False,stage7_main_task_028,False
,UNCHANGED,cell_e610b4ce3922994ac4da48cb,bitemporal_version_efd4a6f3fe2d0289f12bbd03,GRCI_NOT_DEFINED_FOR_LOCAL_BACKGROUND,,bitemporal_version_efd4a6f3fe2d0289f12bbd03,GRCI_NOT_DEFINED_FOR_LOCAL_BACKGROUND,,GRCI,,LOCAL_BACKGROUND_CELL,False,stage7_main_task_028,False
,UNCHANGED,cell_9014e249e35a590ee949d882,bitemporal_version_f9e2a18d77747823e1ff09a7,NO_CELL_LINKED_OPERATIONAL_RESPONSE,,bitemporal_version_f9e2a18d77747823e1ff09a7,NO_CELL_LINKED_OPERATIONAL_RESPONSE,,RAI,,LOCAL_BACKGROUND_CELL,False,stage7_main_task_028,False
0.0,UNCHANGED,cell_9014e249e35a590ee949d882,bitemporal_version_f9e2a18d77747823e1ff09a7,AVAILABLE,0.9166666666666666,bitemporal_version_f9e2a18d77747823e1ff09a7,AVAILABLE,0.9166666666666666,GRS,0.0,LOCAL_BACKGROUND_CELL,False,stage7_main_task_028,False
,UNCHANGED,cell_9014e249e35a590ee949d882,bitemporal_version_f9e2a18d77747823e1ff09a7,GRCI_NOT_DEFINED_FOR_LOCAL_BACKGROUND,,bitemporal_version_f9e2a18d77747823e1ff09a7,GRCI_NOT_DEFINED_FOR_LOCAL_BACKGROUND,,GRCI,,LOCAL_BACKGROUND_CELL,False,stage7_main_task_028,False
0.0,UNCHANGED,cell_8e31894debfd91db79f6b261,bitemporal_version_13b129363dc48ac52c9e3fbc,AVAILABLE,0.32288935667217433,bitemporal_version_13b129363dc48ac52c9e3fbc,AVAILABLE,0.32288935667217433,RAI,0.0,DAILY_REVIEW_CELL,False,stage7_main_task_029,False
0.0,UNCHANGED,cell_8e31894debfd91db79f6b261,bitemporal_version_13b129363dc48ac52c9e3fbc,AVAILABLE,0.20833333333333331,bitemporal_version_13b129363dc48ac52c9e3fbc,AVAILABLE,0.20833333333333331,GRS,0.0,DAILY_REVIEW_CELL,False,stage7_main_task_029,False
0.0,UNCHANGED,cell_8e31894debfd91db79f6b261,bitemporal_version_13b129363dc48ac52c9e3fbc,AVAILABLE,0.06726861597336965,bitemporal_version_13b129363dc48ac52c9e3fbc,AVAILABLE,0.06726861597336965,GRCI,0.0,DAILY_REVIEW_CELL,False,stage7_main_task_029,False
,UNCHANGED,cell_a988b2656051f7e18ac637e4,bitemporal_version_9418128c653968d6175c40d1,NO_CELL_LINKED_OPERATIONAL_RESPONSE,,bitemporal_version_9418128c653968d6175c40d1,NO_CELL_LINKED_OPERATIONAL_RESPONSE,,RAI,,FORWARD_ATTENTION_CELL,False,stage7_main_task_030,False
0.0,UNCHANGED,cell_a988b2656051f7e18ac637e4,bitemporal_version_9418128c653968d6175c40d1,AVAILABLE,0.7472222222222222,bitemporal_version_9418128c653968d6175c40d1,AVAILABLE,0.7472222222222222,GRS,0.0,FORWARD_ATTENTION_CELL,False,stage7_main_task_030,False
,UNCHANGED,cell_a988b2656051f7e18ac637e4,bitemporal_version_9418128c653968d6175c40d1,GRCI_NOT_DEFINED_FOR_FORWARD_ATTENTION,,bitemporal_version_9418128c653968d6175c40d1,GRCI_NOT_DEFINED_FOR_FORWARD_ATTENTION,,GRCI,,FORWARD_ATTENTION_CELL,False,stage7_main_task_030,False
,UNCHANGED,cell_3d2558b73586465c51997f14,bitemporal_version_fe8dd696d0ae762e294b6740,NO_CELL_LINKED_OPERATIONAL_RESPONSE,,bitemporal_version_fe8dd696d0ae762e294b6740,NO_CELL_LINKED_OPERATIONAL_RESPONSE,,RAI,,DAILY_REVIEW_CELL,False,stage7_main_task_031,False
0.0,UNCHANGED,cell_3d2558b73586465c51997f14,bitemporal_version_fe8dd696d0ae762e294b6740,AVAILABLE,0.5416666666666666,bitemporal_version_fe8dd696d0ae762e294b6740,AVAILABLE,0.5416666666666666,GRS,0.0,DAILY_REVIEW_CELL,False,stage7_main_task_031,False
,UNCHANGED,cell_3d2558b73586465c51997f14,bitemporal_version_fe8dd696d0ae762e294b6740,RAI_UNAVAILABLE,,bitemporal_version_fe8dd696d0ae762e294b6740,RAI_UNAVAILABLE,,GRCI,,DAILY_REVIEW_CELL,False,stage7_main_task_031,False
,UNCHANGED,cell_a7cf03a43029172147498f1d,bitemporal_version_0a135d163192d7d91687997f,NO_CELL_LINKED_OPERATIONAL_RESPONSE,,bitemporal_version_0a135d163192d7d91687997f,NO_CELL_LINKED_OPERATIONAL_RESPONSE,,RAI,,LOCAL_BACKGROUND_CELL,False,stage7_main_task_032,False
0.0,UNCHANGED,cell_a7cf03a43029172147498f1d,bitemporal_version_0a135d163192d7d91687997f,AVAILABLE,0.6777777777777777,bitemporal_version_0a135d163192d7d91687997f,AVAILABLE,0.6777777777777777,GRS,0.0,LOCAL_BACKGROUND_CELL,False,stage7_main_task_032,False
,UNCHANGED,cell_a7cf03a43029172147498f1d,bitemporal_version_0a135d163192d7d91687997f,GRCI_NOT_DEFINED_FOR_LOCAL_BACKGROUND,,bitemporal_version_0a135d163192d7d91687997f,GRCI_NOT_DEFINED_FOR_LOCAL_BACKGROUND,,GRCI,,LOCAL_BACKGROUND_CELL,False,stage7_main_task_032,False
,UNCHANGED,cell_0c1a8a5de6439f092738b956,bitemporal_version_2043c50b24d81df699fa780b,NO_CELL_LINKED_OPERATIONAL_RESPONSE,,bitemporal_version_2043c50b24d81df699fa780b,NO_CELL_LINKED_OPERATIONAL_RESPONSE,,RAI,,LOCAL_BACKGROUND_CELL,False,stage7_main_task_032,False
,UNCHANGED,cell_0c1a8a5de6439f092738b956,bitemporal_version_2043c50b24d81df699fa780b,NO_MAPPED_GEOLOGICAL_ATTENTION_DIMENSION,,bitemporal_version_2043c50b24d81df699fa780b,NO_MAPPED_GEOLOGICAL_ATTENTION_DIMENSION,,GRS,,LOCAL_BACKGROUND_CELL,False,stage7_main_task_032,False
,UNCHANGED,cell_0c1a8a5de6439f092738b956,bitemporal_version_2043c50b24d81df699fa780b,GRCI_NOT_DEFINED_FOR_LOCAL_BACKGROUND,,bitemporal_version_2043c50b24d81df699fa780b,GRCI_NOT_DEFINED_FOR_LOCAL_BACKGROUND,,GRCI,,LOCAL_BACKGROUND_CELL,False,stage7_main_task_032,False
,UNCHANGED,cell_9cfca22fbc766370829a5d1b,bitemporal_version_26d919feaaf6b56a1fdc7e57,NO_CELL_LINKED_OPERATIONAL_RESPONSE,,bitemporal_version_26d919feaaf6b56a1fdc7e57,NO_CELL_LINKED_OPERATIONAL_RESPONSE,,RAI,,DAILY_REVIEW_CELL,False,stage7_main_task_032,False
0.0,UNCHANGED,cell_9cfca22fbc766370829a5d1b,bitemporal_version_26d919feaaf6b56a1fdc7e57,AVAILABLE,0.7888888888888889,bitemporal_version_26d919feaaf6b56a1fdc7e57,AVAILABLE,0.7888888888888889,GRS,0.0,DAILY_REVIEW_CELL,False,stage7_main_task_032,False
,UNCHANGED,cell_9cfca22fbc766370829a5d1b,bitemporal_version_26d919feaaf6b56a1fdc7e57,RAI_UNAVAILABLE,,bitemporal_version_26d919feaaf6b56a1fdc7e57,RAI_UNAVAILABLE,,GRCI,,DAILY_REVIEW_CELL,False,stage7_main_task_032,False
,UNCHANGED,cell_74aee36f89ce05bc1be1552b,bitemporal_version_2a31fd25b78add14c0156b6d,NO_CELL_LINKED_OPERATIONAL_RESPONSE,,bitemporal_version_2a31fd25b78add14c0156b6d,NO_CELL_LINKED_OPERATIONAL_RESPONSE,,RAI,,LOCAL_BACKGROUND_CELL,False,stage7_main_task_032,False
0.0,UNCHANGED,cell_74aee36f89ce05bc1be1552b,bitemporal_version_2a31fd25b78add14c0156b6d,AVAILABLE,0.7888888888888889,bitemporal_version_2a31fd25b78add14c0156b6d,AVAILABLE,0.7888888888888889,GRS,0.0,LOCAL_BACKGROUND_CELL,False,stage7_main_task_032,False
,UNCHANGED,cell_74aee36f89ce05bc1be1552b,bitemporal_version_2a31fd25b78add14c0156b6d,GRCI_NOT_DEFINED_FOR_LOCAL_BACKGROUND,,bitemporal_version_2a31fd25b78add14c0156b6d,GRCI_NOT_DEFINED_FOR_LOCAL_BACKGROUND,,GRCI,,LOCAL_BACKGROUND_CELL,False,stage7_main_task_032,False
,UNCHANGED,cell_63f0b623e1aa623002144e00,bitemporal_version_4a54853c11e8b430c5c145d2,NO_CELL_LINKED_OPERATIONAL_RESPONSE,,bitemporal_version_4a54853c11e8b430c5c145d2,NO_CELL_LINKED_OPERATIONAL_RESPONSE,,RAI,,LOCAL_BACKGROUND_CELL,False,stage7_main_task_032,False
0.0,UNCHANGED,cell_63f0b623e1aa623002144e00,bitemporal_version_4a54853c11e8b430c5c145d2,AVAILABLE,0.8444444444444444,bitemporal_version_4a54853c11e8b430c5c145d2,AVAILABLE,0.8444444444444444,GRS,0.0,LOCAL_BACKGROUND_CELL,False,stage7_main_task_032,False
,UNCHANGED,cell_63f0b623e1aa623002144e00,bitemporal_version_4a54853c11e8b430c5c145d2,GRCI_NOT_DEFINED_FOR_LOCAL_BACKGROUND,,bitemporal_version_4a54853c11e8b430c5c145d2,GRCI_NOT_DEFINED_FOR_LOCAL_BACKGROUND,,GRCI,,LOCAL_BACKGROUND_CELL,False,stage7_main_task_032,False
,UNCHANGED,cell_3f0b8f25291fde24a559e007,bitemporal_version_68919cfd480b4ce48ec4daa4,NO_CELL_LINKED_OPERATIONAL_RESPONSE,,bitemporal_version_68919cfd480b4ce48ec4daa4,NO_CELL_LINKED_OPERATIONAL_RESPONSE,,RAI,,LOCAL_BACKGROUND_CELL,False,stage7_main_task_032,False
0.0,UNCHANGED,cell_3f0b8f25291fde24a559e007,bitemporal_version_68919cfd480b4ce48ec4daa4,AVAILABLE,0.6777777777777777,bitemporal_version_68919cfd480b4ce48ec4daa4,AVAILABLE,0.6777777777777777,GRS,0.0,LOCAL_BACKGROUND_CELL,False,stage7_main_task_032,False
,UNCHANGED,cell_3f0b8f25291fde24a559e007,bitemporal_version_68919cfd480b4ce48ec4daa4,GRCI_NOT_DEFINED_FOR_LOCAL_BACKGROUND,,bitemporal_version_68919cfd480b4ce48ec4daa4,GRCI_NOT_DEFINED_FOR_LOCAL_BACKGROUND,,GRCI,,LOCAL_BACKGROUND_CELL,False,stage7_main_task_032,False
,UNCHANGED,cell_a988b2656051f7e18ac637e4,bitemporal_version_9418128c653968d6175c40d1,NO_CELL_LINKED_OPERATIONAL_RESPONSE,,bitemporal_version_9418128c653968d6175c40d1,NO_CELL_LINKED_OPERATIONAL_RESPONSE,,RAI,,FORWARD_ATTENTION_CELL,False,stage7_main_task_032,False
0.0,UNCHANGED,cell_a988b2656051f7e18ac637e4,bitemporal_version_9418128c653968d6175c40d1,AVAILABLE,0.7472222222222222,bitemporal_version_9418128c653968d6175c40d1,AVAILABLE,0.7472222222222222,GRS,0.0,FORWARD_ATTENTION_CELL,False,stage7_main_task_032,False
,UNCHANGED,cell_a988b2656051f7e18ac637e4,bitemporal_version_9418128c653968d6175c40d1,GRCI_NOT_DEFINED_FOR_FORWARD_ATTENTION,,bitemporal_version_9418128c653968d6175c40d1,GRCI_NOT_DEFINED_FOR_FORWARD_ATTENTION,,GRCI,,FORWARD_ATTENTION_CELL,False,stage7_main_task_032,False
,UNCHANGED,cell_18dcb188dff729ae040f264a,bitemporal_version_a5db2f41407c796f2fb32e0a,NO_CELL_LINKED_OPERATIONAL_RESPONSE,,bitemporal_version_a5db2f41407c796f2fb32e0a,NO_CELL_LINKED_OPERATIONAL_RESPONSE,,RAI,,LOCAL_BACKGROUND_CELL,False,stage7_main_task_032,False
0.0,UNCHANGED,cell_18dcb188dff729ae040f264a,bitemporal_version_a5db2f41407c796f2fb32e0a,AVAILABLE,0.8444444444444444,bitemporal_version_a5db2f41407c796f2fb32e0a,AVAILABLE,0.8444444444444444,GRS,0.0,LOCAL_BACKGROUND_CELL,False,stage7_main_task_032,False
,UNCHANGED,cell_18dcb188dff729ae040f264a,bitemporal_version_a5db2f41407c796f2fb32e0a,GRCI_NOT_DEFINED_FOR_LOCAL_BACKGROUND,,bitemporal_version_a5db2f41407c796f2fb32e0a,GRCI_NOT_DEFINED_FOR_LOCAL_BACKGROUND,,GRCI,,LOCAL_BACKGROUND_CELL,False,stage7_main_task_032,False
,UNCHANGED,cell_eb963d9033a751600f00caf8,bitemporal_version_aa6fe236bb9d9f4300e6bb48,NO_CELL_LINKED_OPERATIONAL_RESPONSE,,bitemporal_version_aa6fe236bb9d9f4300e6bb48,NO_CELL_LINKED_OPERATIONAL_RESPONSE,,RAI,,LOCAL_BACKGROUND_CELL,False,stage7_main_task_032,False
0.0,UNCHANGED,cell_eb963d9033a751600f00caf8,bitemporal_version_aa6fe236bb9d9f4300e6bb48,AVAILABLE,0.6777777777777777,bitemporal_version_aa6fe236bb9d9f4300e6bb48,AVAILABLE,0.6777777777777777,GRS,0.0,LOCAL_BACKGROUND_CELL,False,stage7_main_task_032,False
,UNCHANGED,cell_eb963d9033a751600f00caf8,bitemporal_version_aa6fe236bb9d9f4300e6bb48,GRCI_NOT_DEFINED_FOR_LOCAL_BACKGROUND,,bitemporal_version_aa6fe236bb9d9f4300e6bb48,GRCI_NOT_DEFINED_FOR_LOCAL_BACKGROUND,,GRCI,,LOCAL_BACKGROUND_CELL,False,stage7_main_task_032,False
,UNCHANGED,cell_58560187f2076d85b5a6f74a,bitemporal_version_b62d9b5495beed00865c4b45,NO_CELL_LINKED_OPERATIONAL_RESPONSE,,bitemporal_version_b62d9b5495beed00865c4b45,NO_CELL_LINKED_OPERATIONAL_RESPONSE,,RAI,,LOCAL_BACKGROUND_CELL,False,stage7_main_task_032,False
0.0,UNCHANGED,cell_58560187f2076d85b5a6f74a,bitemporal_version_b62d9b5495beed00865c4b45,AVAILABLE,0.6777777777777777,bitemporal_version_b62d9b5495beed00865c4b45,AVAILABLE,0.6777777777777777,GRS,0.0,LOCAL_BACKGROUND_CELL,False,stage7_main_task_032,False
,UNCHANGED,cell_58560187f2076d85b5a6f74a,bitemporal_version_b62d9b5495beed00865c4b45,GRCI_NOT_DEFINED_FOR_LOCAL_BACKGROUND,,bitemporal_version_b62d9b5495beed00865c4b45,GRCI_NOT_DEFINED_FOR_LOCAL_BACKGROUND,,GRCI,,LOCAL_BACKGROUND_CELL,False,stage7_main_task_032,False
,UNCHANGED,cell_51ca099470b9519c3f21c337,bitemporal_version_c78bf4d5087c5f98ce8e210c,NO_CELL_LINKED_OPERATIONAL_RESPONSE,,bitemporal_version_c78bf4d5087c5f98ce8e210c,NO_CELL_LINKED_OPERATIONAL_RESPONSE,,RAI,,LOCAL_BACKGROUND_CELL,False,stage7_main_task_032,False
0.0,UNCHANGED,cell_51ca099470b9519c3f21c337,bitemporal_version_c78bf4d5087c5f98ce8e210c,AVAILABLE,0.625,bitemporal_version_c78bf4d5087c5f98ce8e210c,AVAILABLE,0.625,GRS,0.0,LOCAL_BACKGROUND_CELL,False,stage7_main_task_032,False
,UNCHANGED,cell_51ca099470b9519c3f21c337,bitemporal_version_c78bf4d5087c5f98ce8e210c,GRCI_NOT_DEFINED_FOR_LOCAL_BACKGROUND,,bitemporal_version_c78bf4d5087c5f98ce8e210c,GRCI_NOT_DEFINED_FOR_LOCAL_BACKGROUND,,GRCI,,LOCAL_BACKGROUND_CELL,False,stage7_main_task_032,False
,UNCHANGED,cell_45e09953a5ddef4462c0a147,bitemporal_version_cc4b6d222a68b847e6f5d1f8,NO_CELL_LINKED_OPERATIONAL_RESPONSE,,bitemporal_version_cc4b6d222a68b847e6f5d1f8,NO_CELL_LINKED_OPERATIONAL_RESPONSE,,RAI,,FORWARD_ATTENTION_CELL,False,stage7_main_task_032,False
0.0,UNCHANGED,cell_45e09953a5ddef4462c0a147,bitemporal_version_cc4b6d222a68b847e6f5d1f8,AVAILABLE,0.7472222222222222,bitemporal_version_cc4b6d222a68b847e6f5d1f8,AVAILABLE,0.7472222222222222,GRS,0.0,FORWARD_ATTENTION_CELL,False,stage7_main_task_032,False
,UNCHANGED,cell_45e09953a5ddef4462c0a147,bitemporal_version_cc4b6d222a68b847e6f5d1f8,GRCI_NOT_DEFINED_FOR_FORWARD_ATTENTION,,bitemporal_version_cc4b6d222a68b847e6f5d1f8,GRCI_NOT_DEFINED_FOR_FORWARD_ATTENTION,,GRCI,,FORWARD_ATTENTION_CELL,False,stage7_main_task_032,False
,UNCHANGED,cell_e74dbbf425d6747d204d3810,bitemporal_version_fb373c9971cdd6aab8ca2f9f,NO_CELL_LINKED_OPERATIONAL_RESPONSE,,bitemporal_version_fb373c9971cdd6aab8ca2f9f,NO_CELL_LINKED_OPERATIONAL_RESPONSE,,RAI,,LOCAL_BACKGROUND_CELL,False,stage7_main_task_032,False
0.0,UNCHANGED,cell_e74dbbf425d6747d204d3810,bitemporal_version_fb373c9971cdd6aab8ca2f9f,AVAILABLE,0.5416666666666666,bitemporal_version_fb373c9971cdd6aab8ca2f9f,AVAILABLE,0.5416666666666666,GRS,0.0,LOCAL_BACKGROUND_CELL,False,stage7_main_task_032,False
,UNCHANGED,cell_e74dbbf425d6747d204d3810,bitemporal_version_fb373c9971cdd6aab8ca2f9f,GRCI_NOT_DEFINED_FOR_LOCAL_BACKGROUND,,bitemporal_version_fb373c9971cdd6aab8ca2f9f,GRCI_NOT_DEFINED_FOR_LOCAL_BACKGROUND,,GRCI,,LOCAL_BACKGROUND_CELL,False,stage7_main_task_032,False
,UNCHANGED,cell_64ff35e15826ff3f4f73e53f,bitemporal_version_fe3f915a22ed341d647d39b7,NO_CELL_LINKED_OPERATIONAL_RESPONSE,,bitemporal_version_fe3f915a22ed341d647d39b7,NO_CELL_LINKED_OPERATIONAL_RESPONSE,,RAI,,FORWARD_ATTENTION_CELL,False,stage7_main_task_032,False
0.0,UNCHANGED,cell_64ff35e15826ff3f4f73e53f,bitemporal_version_fe3f915a22ed341d647d39b7,AVAILABLE,0.7472222222222222,bitemporal_version_fe3f915a22ed341d647d39b7,AVAILABLE,0.7472222222222222,GRS,0.0,FORWARD_ATTENTION_CELL,False,stage7_main_task_032,False
,UNCHANGED,cell_64ff35e15826ff3f4f73e53f,bitemporal_version_fe3f915a22ed341d647d39b7,GRCI_NOT_DEFINED_FOR_FORWARD_ATTENTION,,bitemporal_version_fe3f915a22ed341d647d39b7,GRCI_NOT_DEFINED_FOR_FORWARD_ATTENTION,,GRCI,,FORWARD_ATTENTION_CELL,False,stage7_main_task_032,False
0.0,UNCHANGED,cell_83789dbb3816b79a8bf0fcff,bitemporal_version_3005ef08630feaa5140bb522,AVAILABLE,0.47258538916752507,bitemporal_version_3005ef08630feaa5140bb522,AVAILABLE,0.47258538916752507,RAI,0.0,DAILY_REVIEW_CELL,False,stage7_main_task_033,False
0.0,UNCHANGED,cell_83789dbb3816b79a8bf0fcff,bitemporal_version_3005ef08630feaa5140bb522,AVAILABLE,0.5416666666666666,bitemporal_version_3005ef08630feaa5140bb522,AVAILABLE,0.5416666666666666,GRS,0.0,DAILY_REVIEW_CELL,False,stage7_main_task_033,False
0.0,UNCHANGED,cell_83789dbb3816b79a8bf0fcff,bitemporal_version_3005ef08630feaa5140bb522,AVAILABLE,0.25598375246574273,bitemporal_version_3005ef08630feaa5140bb522,AVAILABLE,0.25598375246574273,GRCI,0.0,DAILY_REVIEW_CELL,False,stage7_main_task_033,False
0.0,UNCHANGED,cell_bf453b474a2d9306cdad13e0,bitemporal_version_9bf6e3be2d520b0129fa42f7,AVAILABLE,0.20885738107476373,bitemporal_version_9bf6e3be2d520b0129fa42f7,AVAILABLE,0.20885738107476373,RAI,0.0,DAILY_REVIEW_CELL,False,stage7_main_task_033,False
0.0,UNCHANGED,cell_bf453b474a2d9306cdad13e0,bitemporal_version_9bf6e3be2d520b0129fa42f7,AVAILABLE,0.9166666666666666,bitemporal_version_9bf6e3be2d520b0129fa42f7,AVAILABLE,0.9166666666666666,GRS,0.0,DAILY_REVIEW_CELL,False,stage7_main_task_033,False
0.0,UNCHANGED,cell_bf453b474a2d9306cdad13e0,bitemporal_version_9bf6e3be2d520b0129fa42f7,AVAILABLE,0.19145259931853342,bitemporal_version_9bf6e3be2d520b0129fa42f7,AVAILABLE,0.19145259931853342,GRCI,0.0,DAILY_REVIEW_CELL,False,stage7_main_task_033,False
0.0,UNCHANGED,cell_2dfc9a7f03542dcf190b7553,bitemporal_version_f4250e9fb3b6db0f869b0130,AVAILABLE,0.21121909698774477,bitemporal_version_f4250e9fb3b6db0f869b0130,AVAILABLE,0.21121909698774477,RAI,0.0,DAILY_REVIEW_CELL,False,stage7_main_task_033,False
0.0,UNCHANGED,cell_2dfc9a7f03542dcf190b7553,bitemporal_version_f4250e9fb3b6db0f869b0130,AVAILABLE,0.9166666666666666,bitemporal_version_f4250e9fb3b6db0f869b0130,AVAILABLE,0.9166666666666666,GRS,0.0,DAILY_REVIEW_CELL,False,stage7_main_task_033,False
0.0,UNCHANGED,cell_2dfc9a7f03542dcf190b7553,bitemporal_version_f4250e9fb3b6db0f869b0130,AVAILABLE,0.19361750557209936,bitemporal_version_f4250e9fb3b6db0f869b0130,AVAILABLE,0.19361750557209936,GRCI,0.0,DAILY_REVIEW_CELL,False,stage7_main_task_033,False
,UNCHANGED,cell_74aee36f89ce05bc1be1552b,bitemporal_version_08bdb7abfcb9aece891abd98,NO_CELL_LINKED_OPERATIONAL_RESPONSE,,bitemporal_version_08bdb7abfcb9aece891abd98,NO_CELL_LINKED_OPERATIONAL_RESPONSE,,RAI,,LOCAL_BACKGROUND_CELL,False,stage7_main_task_034,False
0.0,UNCHANGED,cell_74aee36f89ce05bc1be1552b,bitemporal_version_08bdb7abfcb9aece891abd98,AVAILABLE,0.7888888888888889,bitemporal_version_08bdb7abfcb9aece891abd98,AVAILABLE,0.7888888888888889,GRS,0.0,LOCAL_BACKGROUND_CELL,False,stage7_main_task_034,False
,UNCHANGED,cell_74aee36f89ce05bc1be1552b,bitemporal_version_08bdb7abfcb9aece891abd98,GRCI_NOT_DEFINED_FOR_LOCAL_BACKGROUND,,bitemporal_version_08bdb7abfcb9aece891abd98,GRCI_NOT_DEFINED_FOR_LOCAL_BACKGROUND,,GRCI,,LOCAL_BACKGROUND_CELL,False,stage7_main_task_034,False
,UNCHANGED,cell_a7cf03a43029172147498f1d,bitemporal_version_10ac3ab58ad9405eb52355a3,NO_CELL_LINKED_OPERATIONAL_RESPONSE,,bitemporal_version_10ac3ab58ad9405eb52355a3,NO_CELL_LINKED_OPERATIONAL_RESPONSE,,RAI,,LOCAL_BACKGROUND_CELL,False,stage7_main_task_034,False
0.0,UNCHANGED,cell_a7cf03a43029172147498f1d,bitemporal_version_10ac3ab58ad9405eb52355a3,AVAILABLE,0.6777777777777777,bitemporal_version_10ac3ab58ad9405eb52355a3,AVAILABLE,0.6777777777777777,GRS,0.0,LOCAL_BACKGROUND_CELL,False,stage7_main_task_034,False
,UNCHANGED,cell_a7cf03a43029172147498f1d,bitemporal_version_10ac3ab58ad9405eb52355a3,GRCI_NOT_DEFINED_FOR_LOCAL_BACKGROUND,,bitemporal_version_10ac3ab58ad9405eb52355a3,GRCI_NOT_DEFINED_FOR_LOCAL_BACKGROUND,,GRCI,,LOCAL_BACKGROUND_CELL,False,stage7_main_task_034,False
,UNCHANGED,cell_64ff35e15826ff3f4f73e53f,bitemporal_version_304e54396fecdd90a362eb34,NO_CELL_LINKED_OPERATIONAL_RESPONSE,,bitemporal_version_304e54396fecdd90a362eb34,NO_CELL_LINKED_OPERATIONAL_RESPONSE,,RAI,,FORWARD_ATTENTION_CELL,False,stage7_main_task_034,False
0.0,UNCHANGED,cell_64ff35e15826ff3f4f73e53f,bitemporal_version_304e54396fecdd90a362eb34,AVAILABLE,0.5416666666666666,bitemporal_version_304e54396fecdd90a362eb34,AVAILABLE,0.5416666666666666,GRS,0.0,FORWARD_ATTENTION_CELL,False,stage7_main_task_034,False
,UNCHANGED,cell_64ff35e15826ff3f4f73e53f,bitemporal_version_304e54396fecdd90a362eb34,GRCI_NOT_DEFINED_FOR_FORWARD_ATTENTION,,bitemporal_version_304e54396fecdd90a362eb34,GRCI_NOT_DEFINED_FOR_FORWARD_ATTENTION,,GRCI,,FORWARD_ATTENTION_CELL,False,stage7_main_task_034,False
,UNCHANGED,cell_58560187f2076d85b5a6f74a,bitemporal_version_4f1f4bcd48988fda803b7b16,NO_CELL_LINKED_OPERATIONAL_RESPONSE,,bitemporal_version_4f1f4bcd48988fda803b7b16,NO_CELL_LINKED_OPERATIONAL_RESPONSE,,RAI,,LOCAL_BACKGROUND_CELL,False,stage7_main_task_034,False
0.0,UNCHANGED,cell_58560187f2076d85b5a6f74a,bitemporal_version_4f1f4bcd48988fda803b7b16,AVAILABLE,0.6777777777777777,bitemporal_version_4f1f4bcd48988fda803b7b16,AVAILABLE,0.6777777777777777,GRS,0.0,LOCAL_BACKGROUND_CELL,False,stage7_main_task_034,False
,UNCHANGED,cell_58560187f2076d85b5a6f74a,bitemporal_version_4f1f4bcd48988fda803b7b16,GRCI_NOT_DEFINED_FOR_LOCAL_BACKGROUND,,bitemporal_version_4f1f4bcd48988fda803b7b16,GRCI_NOT_DEFINED_FOR_LOCAL_BACKGROUND,,GRCI,,LOCAL_BACKGROUND_CELL,False,stage7_main_task_034,False
,UNCHANGED,cell_eb963d9033a751600f00caf8,bitemporal_version_537df6363dc17f00de7f8ebd,NO_CELL_LINKED_OPERATIONAL_RESPONSE,,bitemporal_version_537df6363dc17f00de7f8ebd,NO_CELL_LINKED_OPERATIONAL_RESPONSE,,RAI,,LOCAL_BACKGROUND_CELL,False,stage7_main_task_034,False
0.0,UNCHANGED,cell_eb963d9033a751600f00caf8,bitemporal_version_537df6363dc17f00de7f8ebd,AVAILABLE,0.6777777777777777,bitemporal_version_537df6363dc17f00de7f8ebd,AVAILABLE,0.6777777777777777,GRS,0.0,LOCAL_BACKGROUND_CELL,False,stage7_main_task_034,False
,UNCHANGED,cell_eb963d9033a751600f00caf8,bitemporal_version_537df6363dc17f00de7f8ebd,GRCI_NOT_DEFINED_FOR_LOCAL_BACKGROUND,,bitemporal_version_537df6363dc17f00de7f8ebd,GRCI_NOT_DEFINED_FOR_LOCAL_BACKGROUND,,GRCI,,LOCAL_BACKGROUND_CELL,False,stage7_main_task_034,False
,UNCHANGED,cell_18dcb188dff729ae040f264a,bitemporal_version_5c8e58ea2a1b05ecf8963d45,NO_CELL_LINKED_OPERATIONAL_RESPONSE,,bitemporal_version_5c8e58ea2a1b05ecf8963d45,NO_CELL_LINKED_OPERATIONAL_RESPONSE,,RAI,,LOCAL_BACKGROUND_CELL,False,stage7_main_task_034,False
0.0,UNCHANGED,cell_18dcb188dff729ae040f264a,bitemporal_version_5c8e58ea2a1b05ecf8963d45,AVAILABLE,0.8444444444444444,bitemporal_version_5c8e58ea2a1b05ecf8963d45,AVAILABLE,0.8444444444444444,GRS,0.0,LOCAL_BACKGROUND_CELL,False,stage7_main_task_034,False
,UNCHANGED,cell_18dcb188dff729ae040f264a,bitemporal_version_5c8e58ea2a1b05ecf8963d45,GRCI_NOT_DEFINED_FOR_LOCAL_BACKGROUND,,bitemporal_version_5c8e58ea2a1b05ecf8963d45,GRCI_NOT_DEFINED_FOR_LOCAL_BACKGROUND,,GRCI,,LOCAL_BACKGROUND_CELL,False,stage7_main_task_034,False
,UNCHANGED,cell_63f0b623e1aa623002144e00,bitemporal_version_6d1e17a2b701f85c24fd341f,NO_CELL_LINKED_OPERATIONAL_RESPONSE,,bitemporal_version_6d1e17a2b701f85c24fd341f,NO_CELL_LINKED_OPERATIONAL_RESPONSE,,RAI,,LOCAL_BACKGROUND_CELL,False,stage7_main_task_034,False
0.0,UNCHANGED,cell_63f0b623e1aa623002144e00,bitemporal_version_6d1e17a2b701f85c24fd341f,AVAILABLE,0.8444444444444444,bitemporal_version_6d1e17a2b701f85c24fd341f,AVAILABLE,0.8444444444444444,GRS,0.0,LOCAL_BACKGROUND_CELL,False,stage7_main_task_034,False
,UNCHANGED,cell_63f0b623e1aa623002144e00,bitemporal_version_6d1e17a2b701f85c24fd341f,GRCI_NOT_DEFINED_FOR_LOCAL_BACKGROUND,,bitemporal_version_6d1e17a2b701f85c24fd341f,GRCI_NOT_DEFINED_FOR_LOCAL_BACKGROUND,,GRCI,,LOCAL_BACKGROUND_CELL,False,stage7_main_task_034,False
,UNCHANGED,cell_51ca099470b9519c3f21c337,bitemporal_version_ab411b02e5655dbb832046f9,NO_CELL_LINKED_OPERATIONAL_RESPONSE,,bitemporal_version_ab411b02e5655dbb832046f9,NO_CELL_LINKED_OPERATIONAL_RESPONSE,,RAI,,LOCAL_BACKGROUND_CELL,False,stage7_main_task_034,False
0.0,UNCHANGED,cell_51ca099470b9519c3f21c337,bitemporal_version_ab411b02e5655dbb832046f9,AVAILABLE,0.625,bitemporal_version_ab411b02e5655dbb832046f9,AVAILABLE,0.625,GRS,0.0,LOCAL_BACKGROUND_CELL,False,stage7_main_task_034,False
,UNCHANGED,cell_51ca099470b9519c3f21c337,bitemporal_version_ab411b02e5655dbb832046f9,GRCI_NOT_DEFINED_FOR_LOCAL_BACKGROUND,,bitemporal_version_ab411b02e5655dbb832046f9,GRCI_NOT_DEFINED_FOR_LOCAL_BACKGROUND,,GRCI,,LOCAL_BACKGROUND_CELL,False,stage7_main_task_034,False
,UNCHANGED,cell_0c1a8a5de6439f092738b956,bitemporal_version_cabf72e5c673596be494b5ee,NO_CELL_LINKED_OPERATIONAL_RESPONSE,,bitemporal_version_cabf72e5c673596be494b5ee,NO_CELL_LINKED_OPERATIONAL_RESPONSE,,RAI,,LOCAL_BACKGROUND_CELL,False,stage7_main_task_034,False
,UNCHANGED,cell_0c1a8a5de6439f092738b956,bitemporal_version_cabf72e5c673596be494b5ee,NO_MAPPED_GEOLOGICAL_ATTENTION_DIMENSION,,bitemporal_version_cabf72e5c673596be494b5ee,NO_MAPPED_GEOLOGICAL_ATTENTION_DIMENSION,,GRS,,LOCAL_BACKGROUND_CELL,False,stage7_main_task_034,False
,UNCHANGED,cell_0c1a8a5de6439f092738b956,bitemporal_version_cabf72e5c673596be494b5ee,GRCI_NOT_DEFINED_FOR_LOCAL_BACKGROUND,,bitemporal_version_cabf72e5c673596be494b5ee,GRCI_NOT_DEFINED_FOR_LOCAL_BACKGROUND,,GRCI,,LOCAL_BACKGROUND_CELL,False,stage7_main_task_034,False
,UNCHANGED,cell_3f0b8f25291fde24a559e007,bitemporal_version_e3a48a5f6994ff54730f3394,NO_CELL_LINKED_OPERATIONAL_RESPONSE,,bitemporal_version_e3a48a5f6994ff54730f3394,NO_CELL_LINKED_OPERATIONAL_RESPONSE,,RAI,,LOCAL_BACKGROUND_CELL,False,stage7_main_task_034,False
0.0,UNCHANGED,cell_3f0b8f25291fde24a559e007,bitemporal_version_e3a48a5f6994ff54730f3394,AVAILABLE,0.6777777777777777,bitemporal_version_e3a48a5f6994ff54730f3394,AVAILABLE,0.6777777777777777,GRS,0.0,LOCAL_BACKGROUND_CELL,False,stage7_main_task_034,False
,UNCHANGED,cell_3f0b8f25291fde24a559e007,bitemporal_version_e3a48a5f6994ff54730f3394,GRCI_NOT_DEFINED_FOR_LOCAL_BACKGROUND,,bitemporal_version_e3a48a5f6994ff54730f3394,GRCI_NOT_DEFINED_FOR_LOCAL_BACKGROUND,,GRCI,,LOCAL_BACKGROUND_CELL,False,stage7_main_task_034,False
,UNCHANGED,cell_8daeb32ef201b43aa2396d30,bitemporal_version_e5bbdba4470a5f716c642573,NO_CELL_LINKED_OPERATIONAL_RESPONSE,,bitemporal_version_e5bbdba4470a5f716c642573,NO_CELL_LINKED_OPERATIONAL_RESPONSE,,RAI,,FORWARD_ATTENTION_CELL,False,stage7_main_task_034,False
0.0,UNCHANGED,cell_8daeb32ef201b43aa2396d30,bitemporal_version_e5bbdba4470a5f716c642573,AVAILABLE,0.5944444444444444,bitemporal_version_e5bbdba4470a5f716c642573,AVAILABLE,0.5944444444444444,GRS,0.0,FORWARD_ATTENTION_CELL,False,stage7_main_task_034,False
,UNCHANGED,cell_8daeb32ef201b43aa2396d30,bitemporal_version_e5bbdba4470a5f716c642573,GRCI_NOT_DEFINED_FOR_FORWARD_ATTENTION,,bitemporal_version_e5bbdba4470a5f716c642573,GRCI_NOT_DEFINED_FOR_FORWARD_ATTENTION,,GRCI,,FORWARD_ATTENTION_CELL,False,stage7_main_task_034,False
,UNCHANGED,cell_a988b2656051f7e18ac637e4,bitemporal_version_ea8f0838e5f0c5364da9b1bb,NO_CELL_LINKED_OPERATIONAL_RESPONSE,,bitemporal_version_ea8f0838e5f0c5364da9b1bb,NO_CELL_LINKED_OPERATIONAL_RESPONSE,,RAI,,FORWARD_ATTENTION_CELL,False,stage7_main_task_034,False
0.0,UNCHANGED,cell_a988b2656051f7e18ac637e4,bitemporal_version_ea8f0838e5f0c5364da9b1bb,AVAILABLE,0.5416666666666666,bitemporal_version_ea8f0838e5f0c5364da9b1bb,AVAILABLE,0.5416666666666666,GRS,0.0,FORWARD_ATTENTION_CELL,False,stage7_main_task_034,False
,UNCHANGED,cell_a988b2656051f7e18ac637e4,bitemporal_version_ea8f0838e5f0c5364da9b1bb,GRCI_NOT_DEFINED_FOR_FORWARD_ATTENTION,,bitemporal_version_ea8f0838e5f0c5364da9b1bb,GRCI_NOT_DEFINED_FOR_FORWARD_ATTENTION,,GRCI,,FORWARD_ATTENTION_CELL,False,stage7_main_task_034,False
0.0,UNCHANGED,cell_9cfca22fbc766370829a5d1b,bitemporal_version_edffb25e2b8cb8fb7da98105,AVAILABLE,0.5029477974847817,bitemporal_version_edffb25e2b8cb8fb7da98105,AVAILABLE,0.5029477974847817,RAI,0.0,DAILY_REVIEW_CELL,False,stage7_main_task_034,False
0.0,UNCHANGED,cell_9cfca22fbc766370829a5d1b,bitemporal_version_edffb25e2b8cb8fb7da98105,AVAILABLE,0.7888888888888889,bitemporal_version_edffb25e2b8cb8fb7da98105,AVAILABLE,0.7888888888888889,GRS,0.0,DAILY_REVIEW_CELL,False,stage7_main_task_034,False
0.0,UNCHANGED,cell_9cfca22fbc766370829a5d1b,bitemporal_version_edffb25e2b8cb8fb7da98105,AVAILABLE,0.3967699291268833,bitemporal_version_edffb25e2b8cb8fb7da98105,AVAILABLE,0.3967699291268833,GRCI,0.0,DAILY_REVIEW_CELL,False,stage7_main_task_034,False
,UNCHANGED,cell_e74dbbf425d6747d204d3810,bitemporal_version_f58d0de6bd7712e1540b640e,NO_CELL_LINKED_OPERATIONAL_RESPONSE,,bitemporal_version_f58d0de6bd7712e1540b640e,NO_CELL_LINKED_OPERATIONAL_RESPONSE,,RAI,,LOCAL_BACKGROUND_CELL,False,stage7_main_task_034,False
0.0,UNCHANGED,cell_e74dbbf425d6747d204d3810,bitemporal_version_f58d0de6bd7712e1540b640e,AVAILABLE,0.5416666666666666,bitemporal_version_f58d0de6bd7712e1540b640e,AVAILABLE,0.5416666666666666,GRS,0.0,LOCAL_BACKGROUND_CELL,False,stage7_main_task_034,False
,UNCHANGED,cell_e74dbbf425d6747d204d3810,bitemporal_version_f58d0de6bd7712e1540b640e,GRCI_NOT_DEFINED_FOR_LOCAL_BACKGROUND,,bitemporal_version_f58d0de6bd7712e1540b640e,GRCI_NOT_DEFINED_FOR_LOCAL_BACKGROUND,,GRCI,,LOCAL_BACKGROUND_CELL,False,stage7_main_task_034,False
0.0,UNCHANGED,cell_45e09953a5ddef4462c0a147,bitemporal_version_fe80e12dadec0d1607aa739e,AVAILABLE,0.24604738185781358,bitemporal_version_fe80e12dadec0d1607aa739e,AVAILABLE,0.24604738185781358,RAI,0.0,DAILY_REVIEW_CELL,False,stage7_main_task_034,False
0.0,UNCHANGED,cell_45e09953a5ddef4462c0a147,bitemporal_version_fe80e12dadec0d1607aa739e,AVAILABLE,0.7888888888888889,bitemporal_version_fe80e12dadec0d1607aa739e,AVAILABLE,0.7888888888888889,GRS,0.0,DAILY_REVIEW_CELL,False,stage7_main_task_034,False
0.0,UNCHANGED,cell_45e09953a5ddef4462c0a147,bitemporal_version_fe80e12dadec0d1607aa739e,AVAILABLE,0.1941040456878307,bitemporal_version_fe80e12dadec0d1607aa739e,AVAILABLE,0.1941040456878307,GRCI,0.0,DAILY_REVIEW_CELL,False,stage7_main_task_034,False
,UNCHANGED,cell_0c7c18a1ffef6d9e83e69815,bitemporal_version_c12d8b91a76ec85621accc70,NO_CELL_LINKED_OPERATIONAL_RESPONSE,,bitemporal_version_c12d8b91a76ec85621accc70,NO_CELL_LINKED_OPERATIONAL_RESPONSE,,RAI,,FORWARD_ATTENTION_CELL,False,stage7_main_task_035,False
0.0,UNCHANGED,cell_0c7c18a1ffef6d9e83e69815,bitemporal_version_c12d8b91a76ec85621accc70,AVAILABLE,0.5416666666666666,bitemporal_version_c12d8b91a76ec85621accc70,AVAILABLE,0.5416666666666666,GRS,0.0,FORWARD_ATTENTION_CELL,False,stage7_main_task_035,False
,UNCHANGED,cell_0c7c18a1ffef6d9e83e69815,bitemporal_version_c12d8b91a76ec85621accc70,GRCI_NOT_DEFINED_FOR_FORWARD_ATTENTION,,bitemporal_version_c12d8b91a76ec85621accc70,GRCI_NOT_DEFINED_FOR_FORWARD_ATTENTION,,GRCI,,FORWARD_ATTENTION_CELL,False,stage7_main_task_035,False
0.0,UNCHANGED,cell_b78c8fe752bb215ebc415f65,bitemporal_version_86ec5723a3ac346f6be1dbcd,AVAILABLE,0.17911600980745943,bitemporal_version_86ec5723a3ac346f6be1dbcd,AVAILABLE,0.17911600980745943,RAI,0.0,DAILY_REVIEW_CELL,False,stage7_main_task_036,False
0.0,UNCHANGED,cell_b78c8fe752bb215ebc415f65,bitemporal_version_86ec5723a3ac346f6be1dbcd,AVAILABLE,0.7916666666666666,bitemporal_version_86ec5723a3ac346f6be1dbcd,AVAILABLE,0.7916666666666666,GRS,0.0,DAILY_REVIEW_CELL,False,stage7_main_task_036,False
0.0,UNCHANGED,cell_b78c8fe752bb215ebc415f65,bitemporal_version_86ec5723a3ac346f6be1dbcd,AVAILABLE,0.14180017443090537,bitemporal_version_86ec5723a3ac346f6be1dbcd,AVAILABLE,0.14180017443090537,GRCI,0.0,DAILY_REVIEW_CELL,False,stage7_main_task_036,False
,UNCHANGED,cell_a7a9faa90556b5f0054f0fd0,bitemporal_version_b80fc9058f82768576705a0c,INSUFFICIENT_CAUSAL_BASELINE,,bitemporal_version_b80fc9058f82768576705a0c,INSUFFICIENT_CAUSAL_BASELINE,,RAI,,DAILY_REVIEW_CELL,False,stage7_main_task_037,False
0.0,UNCHANGED,cell_a7a9faa90556b5f0054f0fd0,bitemporal_version_b80fc9058f82768576705a0c,AVAILABLE,1.0,bitemporal_version_b80fc9058f82768576705a0c,AVAILABLE,1.0,GRS,0.0,DAILY_REVIEW_CELL,False,stage7_main_task_037,False
,UNCHANGED,cell_a7a9faa90556b5f0054f0fd0,bitemporal_version_b80fc9058f82768576705a0c,RAI_UNAVAILABLE,,bitemporal_version_b80fc9058f82768576705a0c,RAI_UNAVAILABLE,,GRCI,,DAILY_REVIEW_CELL,False,stage7_main_task_037,False
,UNCHANGED,cell_8f3c162903e22fbfe2cbba42,bitemporal_version_43194bb14cfc647ee8b539c8,NO_CELL_LINKED_OPERATIONAL_RESPONSE,,bitemporal_version_43194bb14cfc647ee8b539c8,NO_CELL_LINKED_OPERATIONAL_RESPONSE,,RAI,,FORWARD_ATTENTION_CELL,False,stage7_main_task_038,False
0.0,UNCHANGED,cell_8f3c162903e22fbfe2cbba42,bitemporal_version_43194bb14cfc647ee8b539c8,AVAILABLE,0.5416666666666666,bitemporal_version_43194bb14cfc647ee8b539c8,AVAILABLE,0.5416666666666666,GRS,0.0,FORWARD_ATTENTION_CELL,False,stage7_main_task_038,False
,UNCHANGED,cell_8f3c162903e22fbfe2cbba42,bitemporal_version_43194bb14cfc647ee8b539c8,GRCI_NOT_DEFINED_FOR_FORWARD_ATTENTION,,bitemporal_version_43194bb14cfc647ee8b539c8,GRCI_NOT_DEFINED_FOR_FORWARD_ATTENTION,,GRCI,,FORWARD_ATTENTION_CELL,False,stage7_main_task_038,False
,UNCHANGED,cell_59d7ded1be93617fff859fd7,bitemporal_version_89c9c8c5cc5c29a3ecc3eab1,NO_CELL_LINKED_OPERATIONAL_RESPONSE,,bitemporal_version_89c9c8c5cc5c29a3ecc3eab1,NO_CELL_LINKED_OPERATIONAL_RESPONSE,,RAI,,FORWARD_ATTENTION_CELL,False,stage7_main_task_038,False
0.0,UNCHANGED,cell_59d7ded1be93617fff859fd7,bitemporal_version_89c9c8c5cc5c29a3ecc3eab1,AVAILABLE,0.5416666666666666,bitemporal_version_89c9c8c5cc5c29a3ecc3eab1,AVAILABLE,0.5416666666666666,GRS,0.0,FORWARD_ATTENTION_CELL,False,stage7_main_task_038,False
,UNCHANGED,cell_59d7ded1be93617fff859fd7,bitemporal_version_89c9c8c5cc5c29a3ecc3eab1,GRCI_NOT_DEFINED_FOR_FORWARD_ATTENTION,,bitemporal_version_89c9c8c5cc5c29a3ecc3eab1,GRCI_NOT_DEFINED_FOR_FORWARD_ATTENTION,,GRCI,,FORWARD_ATTENTION_CELL,False,stage7_main_task_038,False
,UNCHANGED,cell_5f623d6b57b59266e65e7d26,bitemporal_version_e505f340e809e30ce92b9ec1,NO_CELL_LINKED_OPERATIONAL_RESPONSE,,bitemporal_version_e505f340e809e30ce92b9ec1,NO_CELL_LINKED_OPERATIONAL_RESPONSE,,RAI,,FORWARD_ATTENTION_CELL,False,stage7_main_task_038,False
0.0,UNCHANGED,cell_5f623d6b57b59266e65e7d26,bitemporal_version_e505f340e809e30ce92b9ec1,AVAILABLE,0.5416666666666666,bitemporal_version_e505f340e809e30ce92b9ec1,AVAILABLE,0.5416666666666666,GRS,0.0,FORWARD_ATTENTION_CELL,False,stage7_main_task_038,False
,UNCHANGED,cell_5f623d6b57b59266e65e7d26,bitemporal_version_e505f340e809e30ce92b9ec1,GRCI_NOT_DEFINED_FOR_FORWARD_ATTENTION,,bitemporal_version_e505f340e809e30ce92b9ec1,GRCI_NOT_DEFINED_FOR_FORWARD_ATTENTION,,GRCI,,FORWARD_ATTENTION_CELL,False,stage7_main_task_038,False
,UNCHANGED,cell_0e03d8262312cadde60398fe,bitemporal_version_c19f2563a180297090a3bab9,NO_CELL_LINKED_OPERATIONAL_RESPONSE,,bitemporal_version_c19f2563a180297090a3bab9,NO_CELL_LINKED_OPERATIONAL_RESPONSE,,RAI,,FORWARD_ATTENTION_CELL,False,stage7_main_task_039,False
0.0,UNCHANGED,cell_0e03d8262312cadde60398fe,bitemporal_version_c19f2563a180297090a3bab9,AVAILABLE,0.5416666666666666,bitemporal_version_c19f2563a180297090a3bab9,AVAILABLE,0.5416666666666666,GRS,0.0,FORWARD_ATTENTION_CELL,False,stage7_main_task_039,False
,UNCHANGED,cell_0e03d8262312cadde60398fe,bitemporal_version_c19f2563a180297090a3bab9,GRCI_NOT_DEFINED_FOR_FORWARD_ATTENTION,,bitemporal_version_c19f2563a180297090a3bab9,GRCI_NOT_DEFINED_FOR_FORWARD_ATTENTION,,GRCI,,FORWARD_ATTENTION_CELL,False,stage7_main_task_039,False
0.0,UNCHANGED,cell_cb5a81a7ae16ac1f806d2b6b,bitemporal_version_886c520d081e77e5f96d649d,AVAILABLE,0.4055647868775912,bitemporal_version_886c520d081e77e5f96d649d,AVAILABLE,0.4055647868775912,RAI,0.0,DAILY_REVIEW_CELL,False,stage7_main_task_040,False
0.0,UNCHANGED,cell_cb5a81a7ae16ac1f806d2b6b,bitemporal_version_886c520d081e77e5f96d649d,AVAILABLE,0.5416666666666666,bitemporal_version_886c520d081e77e5f96d649d,AVAILABLE,0.5416666666666666,GRS,0.0,DAILY_REVIEW_CELL,False,stage7_main_task_040,False
0.0,UNCHANGED,cell_cb5a81a7ae16ac1f806d2b6b,bitemporal_version_886c520d081e77e5f96d649d,AVAILABLE,0.21968092622536187,bitemporal_version_886c520d081e77e5f96d649d,AVAILABLE,0.21968092622536187,GRCI,0.0,DAILY_REVIEW_CELL,False,stage7_main_task_040,False
0.0,UNCHANGED,cell_cb5a81a7ae16ac1f806d2b6b,bitemporal_version_886c520d081e77e5f96d649d,AVAILABLE,0.4055647868775912,bitemporal_version_886c520d081e77e5f96d649d,AVAILABLE,0.4055647868775912,RAI,0.0,DAILY_REVIEW_CELL,False,stage7_main_task_041,False
0.0,UNCHANGED,cell_cb5a81a7ae16ac1f806d2b6b,bitemporal_version_886c520d081e77e5f96d649d,AVAILABLE,0.5416666666666666,bitemporal_version_886c520d081e77e5f96d649d,AVAILABLE,0.5416666666666666,GRS,0.0,DAILY_REVIEW_CELL,False,stage7_main_task_041,False
0.0,UNCHANGED,cell_cb5a81a7ae16ac1f806d2b6b,bitemporal_version_886c520d081e77e5f96d649d,AVAILABLE,0.21968092622536187,bitemporal_version_886c520d081e77e5f96d649d,AVAILABLE,0.21968092622536187,GRCI,0.0,DAILY_REVIEW_CELL,False,stage7_main_task_041,False
,UNCHANGED,cell_a7a9faa90556b5f0054f0fd0,bitemporal_version_b80fc9058f82768576705a0c,INSUFFICIENT_CAUSAL_BASELINE,,bitemporal_version_b80fc9058f82768576705a0c,INSUFFICIENT_CAUSAL_BASELINE,,RAI,,DAILY_REVIEW_CELL,False,stage7_main_task_042,False
0.0,UNCHANGED,cell_a7a9faa90556b5f0054f0fd0,bitemporal_version_b80fc9058f82768576705a0c,AVAILABLE,1.0,bitemporal_version_b80fc9058f82768576705a0c,AVAILABLE,1.0,GRS,0.0,DAILY_REVIEW_CELL,False,stage7_main_task_042,False
,UNCHANGED,cell_a7a9faa90556b5f0054f0fd0,bitemporal_version_b80fc9058f82768576705a0c,RAI_UNAVAILABLE,,bitemporal_version_b80fc9058f82768576705a0c,RAI_UNAVAILABLE,,GRCI,,DAILY_REVIEW_CELL,False,stage7_main_task_042,False
0.0,UNCHANGED,cell_ff5e7be1c6332ee68423a3aa,bitemporal_version_31e892d8d8cff9b59e635067,AVAILABLE,0.63513130894664,bitemporal_version_31e892d8d8cff9b59e635067,AVAILABLE,0.63513130894664,RAI,0.0,DAILY_REVIEW_CELL,False,stage7_main_task_043,False
0.0,UNCHANGED,cell_ff5e7be1c6332ee68423a3aa,bitemporal_version_31e892d8d8cff9b59e635067,AVAILABLE,0.5833333333333333,bitemporal_version_31e892d8d8cff9b59e635067,AVAILABLE,0.5833333333333333,GRS,0.0,DAILY_REVIEW_CELL,False,stage7_main_task_043,False
0.0,UNCHANGED,cell_ff5e7be1c6332ee68423a3aa,bitemporal_version_31e892d8d8cff9b59e635067,AVAILABLE,0.37049326355220663,bitemporal_version_31e892d8d8cff9b59e635067,AVAILABLE,0.37049326355220663,GRCI,0.0,DAILY_REVIEW_CELL,False,stage7_main_task_043,False
0.0,UNCHANGED,cell_2dfc9a7f03542dcf190b7553,bitemporal_version_f4250e9fb3b6db0f869b0130,AVAILABLE,0.21121909698774477,bitemporal_version_f4250e9fb3b6db0f869b0130,AVAILABLE,0.21121909698774477,RAI,0.0,DAILY_REVIEW_CELL,False,stage7_main_task_044,False
0.0,UNCHANGED,cell_2dfc9a7f03542dcf190b7553,bitemporal_version_f4250e9fb3b6db0f869b0130,AVAILABLE,0.9166666666666666,bitemporal_version_f4250e9fb3b6db0f869b0130,AVAILABLE,0.9166666666666666,GRS,0.0,DAILY_REVIEW_CELL,False,stage7_main_task_044,False
0.0,UNCHANGED,cell_2dfc9a7f03542dcf190b7553,bitemporal_version_f4250e9fb3b6db0f869b0130,AVAILABLE,0.19361750557209936,bitemporal_version_f4250e9fb3b6db0f869b0130,AVAILABLE,0.19361750557209936,GRCI,0.0,DAILY_REVIEW_CELL,False,stage7_main_task_044,False
0.0,UNCHANGED,cell_2dfc9a7f03542dcf190b7553,bitemporal_version_f4250e9fb3b6db0f869b0130,AVAILABLE,0.21121909698774477,bitemporal_version_f4250e9fb3b6db0f869b0130,AVAILABLE,0.21121909698774477,RAI,0.0,DAILY_REVIEW_CELL,False,stage7_main_task_045,False
0.0,UNCHANGED,cell_2dfc9a7f03542dcf190b7553,bitemporal_version_f4250e9fb3b6db0f869b0130,AVAILABLE,0.9166666666666666,bitemporal_version_f4250e9fb3b6db0f869b0130,AVAILABLE,0.9166666666666666,GRS,0.0,DAILY_REVIEW_CELL,False,stage7_main_task_045,False
0.0,UNCHANGED,cell_2dfc9a7f03542dcf190b7553,bitemporal_version_f4250e9fb3b6db0f869b0130,AVAILABLE,0.19361750557209936,bitemporal_version_f4250e9fb3b6db0f869b0130,AVAILABLE,0.19361750557209936,GRCI,0.0,DAILY_REVIEW_CELL,False,stage7_main_task_045,False
,UNCHANGED,cell_63d1e25f2b61b93ebb0d39c0,bitemporal_version_0b2d3b47a6658eeeef3bb4e3,NO_CELL_LINKED_OPERATIONAL_RESPONSE,,bitemporal_version_0b2d3b47a6658eeeef3bb4e3,NO_CELL_LINKED_OPERATIONAL_RESPONSE,,RAI,,LOCAL_BACKGROUND_CELL,False,stage7_main_task_046,False
0.0,UNCHANGED,cell_63d1e25f2b61b93ebb0d39c0,bitemporal_version_0b2d3b47a6658eeeef3bb4e3,AVAILABLE,0.7916666666666666,bitemporal_version_0b2d3b47a6658eeeef3bb4e3,AVAILABLE,0.7916666666666666,GRS,0.0,LOCAL_BACKGROUND_CELL,False,stage7_main_task_046,False
,UNCHANGED,cell_63d1e25f2b61b93ebb0d39c0,bitemporal_version_0b2d3b47a6658eeeef3bb4e3,GRCI_NOT_DEFINED_FOR_LOCAL_BACKGROUND,,bitemporal_version_0b2d3b47a6658eeeef3bb4e3,GRCI_NOT_DEFINED_FOR_LOCAL_BACKGROUND,,GRCI,,LOCAL_BACKGROUND_CELL,False,stage7_main_task_046,False
,UNCHANGED,cell_d0aaf3ebeddde7e26d32be3b,bitemporal_version_0c1983de26a49745d8a3cb7d,NO_CELL_LINKED_OPERATIONAL_RESPONSE,,bitemporal_version_0c1983de26a49745d8a3cb7d,NO_CELL_LINKED_OPERATIONAL_RESPONSE,,RAI,,LOCAL_BACKGROUND_CELL,False,stage7_main_task_046,False
0.0,UNCHANGED,cell_d0aaf3ebeddde7e26d32be3b,bitemporal_version_0c1983de26a49745d8a3cb7d,AVAILABLE,0.625,bitemporal_version_0c1983de26a49745d8a3cb7d,AVAILABLE,0.625,GRS,0.0,LOCAL_BACKGROUND_CELL,False,stage7_main_task_046,False
,UNCHANGED,cell_d0aaf3ebeddde7e26d32be3b,bitemporal_version_0c1983de26a49745d8a3cb7d,GRCI_NOT_DEFINED_FOR_LOCAL_BACKGROUND,,bitemporal_version_0c1983de26a49745d8a3cb7d,GRCI_NOT_DEFINED_FOR_LOCAL_BACKGROUND,,GRCI,,LOCAL_BACKGROUND_CELL,False,stage7_main_task_046,False
,UNCHANGED,cell_3ae33164a8e71987590e3ceb,bitemporal_version_0dea87710991f32adaa9ca0a,NO_CELL_LINKED_OPERATIONAL_RESPONSE,,bitemporal_version_0dea87710991f32adaa9ca0a,NO_CELL_LINKED_OPERATIONAL_RESPONSE,,RAI,,LOCAL_BACKGROUND_CELL,False,stage7_main_task_046,False
0.0,UNCHANGED,cell_3ae33164a8e71987590e3ceb,bitemporal_version_0dea87710991f32adaa9ca0a,AVAILABLE,0.9166666666666666,bitemporal_version_0dea87710991f32adaa9ca0a,AVAILABLE,0.9166666666666666,GRS,0.0,LOCAL_BACKGROUND_CELL,False,stage7_main_task_046,False
,UNCHANGED,cell_3ae33164a8e71987590e3ceb,bitemporal_version_0dea87710991f32adaa9ca0a,GRCI_NOT_DEFINED_FOR_LOCAL_BACKGROUND,,bitemporal_version_0dea87710991f32adaa9ca0a,GRCI_NOT_DEFINED_FOR_LOCAL_BACKGROUND,,GRCI,,LOCAL_BACKGROUND_CELL,False,stage7_main_task_046,False
,UNCHANGED,cell_9918a6975e555bb8745426a6,bitemporal_version_0f2d09f548a16421440bf368,NO_CELL_LINKED_OPERATIONAL_RESPONSE,,bitemporal_version_0f2d09f548a16421440bf368,NO_CELL_LINKED_OPERATIONAL_RESPONSE,,RAI,,LOCAL_BACKGROUND_CELL,False,stage7_main_task_046,False
0.0,UNCHANGED,cell_9918a6975e555bb8745426a6,bitemporal_version_0f2d09f548a16421440bf368,AVAILABLE,0.611111111111111,bitemporal_version_0f2d09f548a16421440bf368,AVAILABLE,0.611111111111111,GRS,0.0,LOCAL_BACKGROUND_CELL,False,stage7_main_task_046,False
,UNCHANGED,cell_9918a6975e555bb8745426a6,bitemporal_version_0f2d09f548a16421440bf368,GRCI_NOT_DEFINED_FOR_LOCAL_BACKGROUND,,bitemporal_version_0f2d09f548a16421440bf368,GRCI_NOT_DEFINED_FOR_LOCAL_BACKGROUND,,GRCI,,LOCAL_BACKGROUND_CELL,False,stage7_main_task_046,False
0.0,UNCHANGED,cell_83789dbb3816b79a8bf0fcff,bitemporal_version_3005ef08630feaa5140bb522,AVAILABLE,0.47258538916752507,bitemporal_version_3005ef08630feaa5140bb522,AVAILABLE,0.47258538916752507,RAI,0.0,DAILY_REVIEW_CELL,False,stage7_main_task_046,False
0.0,UNCHANGED,cell_83789dbb3816b79a8bf0fcff,bitemporal_version_3005ef08630feaa5140bb522,AVAILABLE,0.5416666666666666,bitemporal_version_3005ef08630feaa5140bb522,AVAILABLE,0.5416666666666666,GRS,0.0,DAILY_REVIEW_CELL,False,stage7_main_task_046,False
0.0,UNCHANGED,cell_83789dbb3816b79a8bf0fcff,bitemporal_version_3005ef08630feaa5140bb522,AVAILABLE,0.25598375246574273,bitemporal_version_3005ef08630feaa5140bb522,AVAILABLE,0.25598375246574273,GRCI,0.0,DAILY_REVIEW_CELL,False,stage7_main_task_046,False
,UNCHANGED,cell_feb25603908516ff7807e05b,bitemporal_version_3f751532866431f62b647174,NO_CELL_LINKED_OPERATIONAL_RESPONSE,,bitemporal_version_3f751532866431f62b647174,NO_CELL_LINKED_OPERATIONAL_RESPONSE,,RAI,,FORWARD_ATTENTION_CELL,False,stage7_main_task_046,False
0.0,UNCHANGED,cell_feb25603908516ff7807e05b,bitemporal_version_3f751532866431f62b647174,AVAILABLE,0.8333333333333333,bitemporal_version_3f751532866431f62b647174,AVAILABLE,0.8333333333333333,GRS,0.0,FORWARD_ATTENTION_CELL,False,stage7_main_task_046,False
,UNCHANGED,cell_feb25603908516ff7807e05b,bitemporal_version_3f751532866431f62b647174,GRCI_NOT_DEFINED_FOR_FORWARD_ATTENTION,,bitemporal_version_3f751532866431f62b647174,GRCI_NOT_DEFINED_FOR_FORWARD_ATTENTION,,GRCI,,FORWARD_ATTENTION_CELL,False,stage7_main_task_046,False
,UNCHANGED,cell_e64cfd0ce48c0a1b76f17f99,bitemporal_version_6d2706db1318495f34a0732b,NO_CELL_LINKED_OPERATIONAL_RESPONSE,,bitemporal_version_6d2706db1318495f34a0732b,NO_CELL_LINKED_OPERATIONAL_RESPONSE,,RAI,,LOCAL_BACKGROUND_CELL,False,stage7_main_task_046,False
0.0,UNCHANGED,cell_e64cfd0ce48c0a1b76f17f99,bitemporal_version_6d2706db1318495f34a0732b,AVAILABLE,0.9444444444444445,bitemporal_version_6d2706db1318495f34a0732b,AVAILABLE,0.9444444444444445,GRS,0.0,LOCAL_BACKGROUND_CELL,False,stage7_main_task_046,False
,UNCHANGED,cell_e64cfd0ce48c0a1b76f17f99,bitemporal_version_6d2706db1318495f34a0732b,GRCI_NOT_DEFINED_FOR_LOCAL_BACKGROUND,,bitemporal_version_6d2706db1318495f34a0732b,GRCI_NOT_DEFINED_FOR_LOCAL_BACKGROUND,,GRCI,,LOCAL_BACKGROUND_CELL,False,stage7_main_task_046,False
,UNCHANGED,cell_350b42c938b67c3ef980544e,bitemporal_version_831612ebfa13888afde32f8b,NO_CELL_LINKED_OPERATIONAL_RESPONSE,,bitemporal_version_831612ebfa13888afde32f8b,NO_CELL_LINKED_OPERATIONAL_RESPONSE,,RAI,,LOCAL_BACKGROUND_CELL,False,stage7_main_task_046,False
0.0,UNCHANGED,cell_350b42c938b67c3ef980544e,bitemporal_version_831612ebfa13888afde32f8b,AVAILABLE,0.9166666666666666,bitemporal_version_831612ebfa13888afde32f8b,AVAILABLE,0.9166666666666666,GRS,0.0,LOCAL_BACKGROUND_CELL,False,stage7_main_task_046,False
,UNCHANGED,cell_350b42c938b67c3ef980544e,bitemporal_version_831612ebfa13888afde32f8b,GRCI_NOT_DEFINED_FOR_LOCAL_BACKGROUND,,bitemporal_version_831612ebfa13888afde32f8b,GRCI_NOT_DEFINED_FOR_LOCAL_BACKGROUND,,GRCI,,LOCAL_BACKGROUND_CELL,False,stage7_main_task_046,False
,UNCHANGED,cell_e610b4ce3922994ac4da48cb,bitemporal_version_99cfe2496a591a4ad0dd6260,NO_CELL_LINKED_OPERATIONAL_RESPONSE,,bitemporal_version_99cfe2496a591a4ad0dd6260,NO_CELL_LINKED_OPERATIONAL_RESPONSE,,RAI,,FORWARD_ATTENTION_CELL,False,stage7_main_task_046,False
0.0,UNCHANGED,cell_e610b4ce3922994ac4da48cb,bitemporal_version_99cfe2496a591a4ad0dd6260,AVAILABLE,0.8333333333333333,bitemporal_version_99cfe2496a591a4ad0dd6260,AVAILABLE,0.8333333333333333,GRS,0.0,FORWARD_ATTENTION_CELL,False,stage7_main_task_046,False
,UNCHANGED,cell_e610b4ce3922994ac4da48cb,bitemporal_version_99cfe2496a591a4ad0dd6260,GRCI_NOT_DEFINED_FOR_FORWARD_ATTENTION,,bitemporal_version_99cfe2496a591a4ad0dd6260,GRCI_NOT_DEFINED_FOR_FORWARD_ATTENTION,,GRCI,,FORWARD_ATTENTION_CELL,False,stage7_main_task_046,False
,UNCHANGED,cell_9014e249e35a590ee949d882,bitemporal_version_9adaa74c6a635ae61bd8f4ae,NO_CELL_LINKED_OPERATIONAL_RESPONSE,,bitemporal_version_9adaa74c6a635ae61bd8f4ae,NO_CELL_LINKED_OPERATIONAL_RESPONSE,,RAI,,FORWARD_ATTENTION_CELL,False,stage7_main_task_046,False
0.0,UNCHANGED,cell_9014e249e35a590ee949d882,bitemporal_version_9adaa74c6a635ae61bd8f4ae,AVAILABLE,0.8333333333333333,bitemporal_version_9adaa74c6a635ae61bd8f4ae,AVAILABLE,0.8333333333333333,GRS,0.0,FORWARD_ATTENTION_CELL,False,stage7_main_task_046,False
,UNCHANGED,cell_9014e249e35a590ee949d882,bitemporal_version_9adaa74c6a635ae61bd8f4ae,GRCI_NOT_DEFINED_FOR_FORWARD_ATTENTION,,bitemporal_version_9adaa74c6a635ae61bd8f4ae,GRCI_NOT_DEFINED_FOR_FORWARD_ATTENTION,,GRCI,,FORWARD_ATTENTION_CELL,False,stage7_main_task_046,False
0.0,UNCHANGED,cell_bf453b474a2d9306cdad13e0,bitemporal_version_9bf6e3be2d520b0129fa42f7,AVAILABLE,0.20885738107476373,bitemporal_version_9bf6e3be2d520b0129fa42f7,AVAILABLE,0.20885738107476373,RAI,0.0,DAILY_REVIEW_CELL,False,stage7_main_task_046,False
0.0,UNCHANGED,cell_bf453b474a2d9306cdad13e0,bitemporal_version_9bf6e3be2d520b0129fa42f7,AVAILABLE,0.9166666666666666,bitemporal_version_9bf6e3be2d520b0129fa42f7,AVAILABLE,0.9166666666666666,GRS,0.0,DAILY_REVIEW_CELL,False,stage7_main_task_046,False
0.0,UNCHANGED,cell_bf453b474a2d9306cdad13e0,bitemporal_version_9bf6e3be2d520b0129fa42f7,AVAILABLE,0.19145259931853342,bitemporal_version_9bf6e3be2d520b0129fa42f7,AVAILABLE,0.19145259931853342,GRCI,0.0,DAILY_REVIEW_CELL,False,stage7_main_task_046,False
,UNCHANGED,cell_15d2c322bb0814f83525b455,bitemporal_version_a47d9b6335c7cdb569e03fe8,NO_CELL_LINKED_OPERATIONAL_RESPONSE,,bitemporal_version_a47d9b6335c7cdb569e03fe8,NO_CELL_LINKED_OPERATIONAL_RESPONSE,,RAI,,LOCAL_BACKGROUND_CELL,False,stage7_main_task_046,False
0.0,UNCHANGED,cell_15d2c322bb0814f83525b455,bitemporal_version_a47d9b6335c7cdb569e03fe8,AVAILABLE,0.9444444444444445,bitemporal_version_a47d9b6335c7cdb569e03fe8,AVAILABLE,0.9444444444444445,GRS,0.0,LOCAL_BACKGROUND_CELL,False,stage7_main_task_046,False
,UNCHANGED,cell_15d2c322bb0814f83525b455,bitemporal_version_a47d9b6335c7cdb569e03fe8,GRCI_NOT_DEFINED_FOR_LOCAL_BACKGROUND,,bitemporal_version_a47d9b6335c7cdb569e03fe8,GRCI_NOT_DEFINED_FOR_LOCAL_BACKGROUND,,GRCI,,LOCAL_BACKGROUND_CELL,False,stage7_main_task_046,False
,UNCHANGED,cell_31e74eece7a614a6a6e6ad67,bitemporal_version_c2c02938309c4ccb7b2749f6,NO_CELL_LINKED_OPERATIONAL_RESPONSE,,bitemporal_version_c2c02938309c4ccb7b2749f6,NO_CELL_LINKED_OPERATIONAL_RESPONSE,,RAI,,LOCAL_BACKGROUND_CELL,False,stage7_main_task_046,False
0.0,UNCHANGED,cell_31e74eece7a614a6a6e6ad67,bitemporal_version_c2c02938309c4ccb7b2749f6,AVAILABLE,0.625,bitemporal_version_c2c02938309c4ccb7b2749f6,AVAILABLE,0.625,GRS,0.0,LOCAL_BACKGROUND_CELL,False,stage7_main_task_046,False
,UNCHANGED,cell_31e74eece7a614a6a6e6ad67,bitemporal_version_c2c02938309c4ccb7b2749f6,GRCI_NOT_DEFINED_FOR_LOCAL_BACKGROUND,,bitemporal_version_c2c02938309c4ccb7b2749f6,GRCI_NOT_DEFINED_FOR_LOCAL_BACKGROUND,,GRCI,,LOCAL_BACKGROUND_CELL,False,stage7_main_task_046,False
,UNCHANGED,cell_323c9f43486ba2940d7eb18e,bitemporal_version_e2662dd5bfca8f58ba5059bb,NO_CELL_LINKED_OPERATIONAL_RESPONSE,,bitemporal_version_e2662dd5bfca8f58ba5059bb,NO_CELL_LINKED_OPERATIONAL_RESPONSE,,RAI,,LOCAL_BACKGROUND_CELL,False,stage7_main_task_046,False
0.0,UNCHANGED,cell_323c9f43486ba2940d7eb18e,bitemporal_version_e2662dd5bfca8f58ba5059bb,AVAILABLE,0.9166666666666666,bitemporal_version_e2662dd5bfca8f58ba5059bb,AVAILABLE,0.9166666666666666,GRS,0.0,LOCAL_BACKGROUND_CELL,False,stage7_main_task_046,False
,UNCHANGED,cell_323c9f43486ba2940d7eb18e,bitemporal_version_e2662dd5bfca8f58ba5059bb,GRCI_NOT_DEFINED_FOR_LOCAL_BACKGROUND,,bitemporal_version_e2662dd5bfca8f58ba5059bb,GRCI_NOT_DEFINED_FOR_LOCAL_BACKGROUND,,GRCI,,LOCAL_BACKGROUND_CELL,False,stage7_main_task_046,False
,UNCHANGED,cell_739b1858e1eec353b36657cc,bitemporal_version_f2c4fbc76dc7c2ceef0ec7a4,NO_CELL_LINKED_OPERATIONAL_RESPONSE,,bitemporal_version_f2c4fbc76dc7c2ceef0ec7a4,NO_CELL_LINKED_OPERATIONAL_RESPONSE,,RAI,,LOCAL_BACKGROUND_CELL,False,stage7_main_task_046,False
0.0,UNCHANGED,cell_739b1858e1eec353b36657cc,bitemporal_version_f2c4fbc76dc7c2ceef0ec7a4,AVAILABLE,0.9166666666666666,bitemporal_version_f2c4fbc76dc7c2ceef0ec7a4,AVAILABLE,0.9166666666666666,GRS,0.0,LOCAL_BACKGROUND_CELL,False,stage7_main_task_046,False
,UNCHANGED,cell_739b1858e1eec353b36657cc,bitemporal_version_f2c4fbc76dc7c2ceef0ec7a4,GRCI_NOT_DEFINED_FOR_LOCAL_BACKGROUND,,bitemporal_version_f2c4fbc76dc7c2ceef0ec7a4,GRCI_NOT_DEFINED_FOR_LOCAL_BACKGROUND,,GRCI,,LOCAL_BACKGROUND_CELL,False,stage7_main_task_046,False
0.0,UNCHANGED,cell_2dfc9a7f03542dcf190b7553,bitemporal_version_f4250e9fb3b6db0f869b0130,AVAILABLE,0.21121909698774477,bitemporal_version_f4250e9fb3b6db0f869b0130,AVAILABLE,0.21121909698774477,RAI,0.0,DAILY_REVIEW_CELL,False,stage7_main_task_046,False
0.0,UNCHANGED,cell_2dfc9a7f03542dcf190b7553,bitemporal_version_f4250e9fb3b6db0f869b0130,AVAILABLE,0.9166666666666666,bitemporal_version_f4250e9fb3b6db0f869b0130,AVAILABLE,0.9166666666666666,GRS,0.0,DAILY_REVIEW_CELL,False,stage7_main_task_046,False
0.0,UNCHANGED,cell_2dfc9a7f03542dcf190b7553,bitemporal_version_f4250e9fb3b6db0f869b0130,AVAILABLE,0.19361750557209936,bitemporal_version_f4250e9fb3b6db0f869b0130,AVAILABLE,0.19361750557209936,GRCI,0.0,DAILY_REVIEW_CELL,False,stage7_main_task_046,False
0.0,UNCHANGED,cell_755f0624cffe8fc133dd76a0,bitemporal_version_021bc61ec3f13983dcffef5a,AVAILABLE,0.20951206158765515,bitemporal_version_021bc61ec3f13983dcffef5a,AVAILABLE,0.20951206158765515,RAI,0.0,DAILY_REVIEW_CELL,False,stage7_main_task_047,False
0.0,UNCHANGED,cell_755f0624cffe8fc133dd76a0,bitemporal_version_021bc61ec3f13983dcffef5a,AVAILABLE,0.5833333333333333,bitemporal_version_021bc61ec3f13983dcffef5a,AVAILABLE,0.5833333333333333,GRS,0.0,DAILY_REVIEW_CELL,False,stage7_main_task_047,False
0.0,UNCHANGED,cell_755f0624cffe8fc133dd76a0,bitemporal_version_021bc61ec3f13983dcffef5a,AVAILABLE,0.12221536925946548,bitemporal_version_021bc61ec3f13983dcffef5a,AVAILABLE,0.12221536925946548,GRCI,0.0,DAILY_REVIEW_CELL,False,stage7_main_task_047,False
0.0,UNCHANGED,cell_ff5e7be1c6332ee68423a3aa,bitemporal_version_31e892d8d8cff9b59e635067,AVAILABLE,0.63513130894664,bitemporal_version_31e892d8d8cff9b59e635067,AVAILABLE,0.63513130894664,RAI,0.0,DAILY_REVIEW_CELL,False,stage7_main_task_047,False
0.0,UNCHANGED,cell_ff5e7be1c6332ee68423a3aa,bitemporal_version_31e892d8d8cff9b59e635067,AVAILABLE,0.5833333333333333,bitemporal_version_31e892d8d8cff9b59e635067,AVAILABLE,0.5833333333333333,GRS,0.0,DAILY_REVIEW_CELL,False,stage7_main_task_047,False
0.0,UNCHANGED,cell_ff5e7be1c6332ee68423a3aa,bitemporal_version_31e892d8d8cff9b59e635067,AVAILABLE,0.37049326355220663,bitemporal_version_31e892d8d8cff9b59e635067,AVAILABLE,0.37049326355220663,GRCI,0.0,DAILY_REVIEW_CELL,False,stage7_main_task_047,False
0.0,UNCHANGED,cell_1a79c4be59c0faaa67f15970,bitemporal_version_c0b196903f7a0184aab663fe,AVAILABLE,0.1883233850820648,bitemporal_version_c0b196903f7a0184aab663fe,AVAILABLE,0.1883233850820648,RAI,0.0,DAILY_REVIEW_CELL,False,stage7_main_task_047,False
0.0,UNCHANGED,cell_1a79c4be59c0faaa67f15970,bitemporal_version_c0b196903f7a0184aab663fe,AVAILABLE,0.32222222222222224,bitemporal_version_c0b196903f7a0184aab663fe,AVAILABLE,0.32222222222222224,GRS,0.0,DAILY_REVIEW_CELL,False,stage7_main_task_047,False
0.0,UNCHANGED,cell_1a79c4be59c0faaa67f15970,bitemporal_version_c0b196903f7a0184aab663fe,AVAILABLE,0.06068197963755422,bitemporal_version_c0b196903f7a0184aab663fe,AVAILABLE,0.06068197963755422,GRCI,0.0,DAILY_REVIEW_CELL,False,stage7_main_task_047,False
