asset_id,audit_type,canonical_asset_id,duplicate_of_asset_id,filename,label,mark_bbox,mark_cell_text,marker_position,prefix_checkmark,research_scope,selected_bbox,selected_cell_text,selection_rule,source_path,source_type
0ad8909b3dca17540f02c871,CHECKBOX_POSITION,0ad8909b3dca17540f02c871,,DyK1013+184.20_伯舒拉岭进口右线DyK1013+184.2洞身素描记录表.pdf,掌子面状态,"(224.7, 213.78999999999996, 295.55, 229.89)",正面掉块√,INLINE_OR_SUFFIX,False,IN_SCOPE,"(224.7, 213.78999999999996, 295.55, 229.89)",正面掉块√,same_cell_mark,/Users/zhaoxiaoda/Library/CloudStorage/GoogleDrive-xiaodazhao0608@gmail.com/我的云端硬盘/TBM9/SKETCH/DyK1013+184.20_伯舒拉岭进口右线DyK1013+184.2洞身素描记录表.pdf,FACE_SKETCH
0ad8909b3dca17540f02c871,CHECKBOX_POSITION,0ad8909b3dca17540f02c871,,DyK1013+184.20_伯舒拉岭进口右线DyK1013+184.2洞身素描记录表.pdf,毛开挖面状态,"(224.7, 229.89, 295.55, 261.59000000000003)",随时间松弛、 掉块√,INLINE_OR_SUFFIX,False,IN_SCOPE,"(224.7, 229.89, 295.55, 261.59000000000003)",随时间松弛、 掉块√,same_cell_mark,/Users/zhaoxiaoda/Library/CloudStorage/GoogleDrive-xiaodazhao0608@gmail.com/我的云端硬盘/TBM9/SKETCH/DyK1013+184.20_伯舒拉岭进口右线DyK1013+184.2洞身素描记录表.pdf,FACE_SKETCH
0ad8909b3dca17540f02c871,CHECKBOX_POSITION,0ad8909b3dca17540f02c871,,DyK1013+184.20_伯舒拉岭进口右线DyK1013+184.2洞身素描记录表.pdf,岩石强度,"(224.7, 261.59000000000003, 295.55, 293.2900000000001)",30＜R≤60√,INLINE_OR_SUFFIX,False,IN_SCOPE,"(224.7, 261.59000000000003, 295.55, 293.2900000000001)",30＜R≤60√,same_cell_mark,/Users/zhaoxiaoda/Library/CloudStorage/GoogleDrive-xiaodazhao0608@gmail.com/我的云端硬盘/TBM9/SKETCH/DyK1013+184.20_伯舒拉岭进口右线DyK1013+184.2洞身素描记录表.pdf,FACE_SKETCH
0ad8909b3dca17540f02c871,CHECKBOX_POSITION,0ad8909b3dca17540f02c871,,DyK1013+184.20_伯舒拉岭进口右线DyK1013+184.2洞身素描记录表.pdf,风化程度,"(295.55, 293.2900000000001, 350.9, 309.39)",弱风化√,INLINE_OR_SUFFIX,False,IN_SCOPE,"(295.55, 293.2900000000001, 350.9, 309.39)",弱风化√,same_cell_mark,/Users/zhaoxiaoda/Library/CloudStorage/GoogleDrive-xiaodazhao0608@gmail.com/我的云端硬盘/TBM9/SKETCH/DyK1013+184.20_伯舒拉岭进口右线DyK1013+184.2洞身素描记录表.pdf,FACE_SKETCH
0ad8909b3dca17540f02c871,CHECKBOX_POSITION,0ad8909b3dca17540f02c871,,DyK1013+184.20_伯舒拉岭进口右线DyK1013+184.2洞身素描记录表.pdf,间距,"(295.55, 309.39, 350.9, 336.59)",0.2～0.6√,INLINE_OR_SUFFIX,False,IN_SCOPE,"(295.55, 309.39, 350.9, 336.59)",0.2～0.6√,same_cell_mark,/Users/zhaoxiaoda/Library/CloudStorage/GoogleDrive-xiaodazhao0608@gmail.com/我的云端硬盘/TBM9/SKETCH/DyK1013+184.20_伯舒拉岭进口右线DyK1013+184.2洞身素描记录表.pdf,FACE_SKETCH
0ad8909b3dca17540f02c871,CHECKBOX_POSITION,0ad8909b3dca17540f02c871,,DyK1013+184.20_伯舒拉岭进口右线DyK1013+184.2洞身素描记录表.pdf,延伸性,"(295.55, 336.59, 350.9, 353.49)",中等√,INLINE_OR_SUFFIX,False,IN_SCOPE,"(295.55, 336.59, 350.9, 353.49)",中等√,same_cell_mark,/Users/zhaoxiaoda/Library/CloudStorage/GoogleDrive-xiaodazhao0608@gmail.com/我的云端硬盘/TBM9/SKETCH/DyK1013+184.20_伯舒拉岭进口右线DyK1013+184.2洞身素描记录表.pdf,FACE_SKETCH
0ad8909b3dca17540f02c871,CHECKBOX_POSITION,0ad8909b3dca17540f02c871,,DyK1013+184.20_伯舒拉岭进口右线DyK1013+184.2洞身素描记录表.pdf,粗糙度,"(302.65, 353.49, 394.5, 373.09)",平整光滑有擦痕√,INLINE_OR_SUFFIX,False,IN_SCOPE,"(302.65, 353.49, 394.5, 373.09)",平整光滑有擦痕√,same_cell_mark,/Users/zhaoxiaoda/Library/CloudStorage/GoogleDrive-xiaodazhao0608@gmail.com/我的云端硬盘/TBM9/SKETCH/DyK1013+184.20_伯舒拉岭进口右线DyK1013+184.2洞身素描记录表.pdf,FACE_SKETCH
0ad8909b3dca17540f02c871,CHECKBOX_POSITION,0ad8909b3dca17540f02c871,,DyK1013+184.20_伯舒拉岭进口右线DyK1013+184.2洞身素描记录表.pdf,张开性,"(224.7, 373.09, 295.55, 404.79)",部分张开 0.1～0.5√,INLINE_OR_SUFFIX,False,IN_SCOPE,"(224.7, 373.09, 295.55, 404.79)",部分张开 0.1～0.5√,same_cell_mark,/Users/zhaoxiaoda/Library/CloudStorage/GoogleDrive-xiaodazhao0608@gmail.com/我的云端硬盘/TBM9/SKETCH/DyK1013+184.20_伯舒拉岭进口右线DyK1013+184.2洞身素描记录表.pdf,FACE_SKETCH
0ad8909b3dca17540f02c871,CHECKBOX_POSITION,0ad8909b3dca17540f02c871,,DyK1013+184.20_伯舒拉岭进口右线DyK1013+184.2洞身素描记录表.pdf,涌水状态,"(373.5, 404.79, 466.45, 436.49)",25～125 涌出或喷出√,INLINE_OR_SUFFIX,False,IN_SCOPE,"(373.5, 404.79, 466.45, 436.49)",25～125 涌出或喷出√,same_cell_mark,/Users/zhaoxiaoda/Library/CloudStorage/GoogleDrive-xiaodazhao0608@gmail.com/我的云端硬盘/TBM9/SKETCH/DyK1013+184.20_伯舒拉岭进口右线DyK1013+184.2洞身素描记录表.pdf,FACE_SKETCH
0ad8909b3dca17540f02c871,CHECKBOX_POSITION,0ad8909b3dca17540f02c871,,DyK1013+184.20_伯舒拉岭进口右线DyK1013+184.2洞身素描记录表.pdf,岩溶发育程度,"(224.7, 436.49, 295.55, 452.59)",无√,INLINE_OR_SUFFIX,False,IN_SCOPE,"(224.7, 436.49, 295.55, 452.59)",无√,same_cell_mark,/Users/zhaoxiaoda/Library/CloudStorage/GoogleDrive-xiaodazhao0608@gmail.com/我的云端硬盘/TBM9/SKETCH/DyK1013+184.20_伯舒拉岭进口右线DyK1013+184.2洞身素描记录表.pdf,FACE_SKETCH
859f83de3f71c5e2e55823bf,CHECKBOX_POSITION,859f83de3f71c5e2e55823bf,,DyK1013+190.20_伯舒拉岭进口右线DyK1013+190.2洞身素描记录表.pdf,掌子面状态,"(224.7, 213.78999999999996, 295.55, 229.89)",正面掉块√,INLINE_OR_SUFFIX,False,IN_SCOPE,"(224.7, 213.78999999999996, 295.55, 229.89)",正面掉块√,same_cell_mark,/Users/zhaoxiaoda/Library/CloudStorage/GoogleDrive-xiaodazhao0608@gmail.com/我的云端硬盘/TBM9/SKETCH/DyK1013+190.20_伯舒拉岭进口右线DyK1013+190.2洞身素描记录表.pdf,FACE_SKETCH
859f83de3f71c5e2e55823bf,CHECKBOX_POSITION,859f83de3f71c5e2e55823bf,,DyK1013+190.20_伯舒拉岭进口右线DyK1013+190.2洞身素描记录表.pdf,毛开挖面状态,"(224.7, 229.89, 295.55, 261.59000000000003)",随时间松弛、 掉块√,INLINE_OR_SUFFIX,False,IN_SCOPE,"(224.7, 229.89, 295.55, 261.59000000000003)",随时间松弛、 掉块√,same_cell_mark,/Users/zhaoxiaoda/Library/CloudStorage/GoogleDrive-xiaodazhao0608@gmail.com/我的云端硬盘/TBM9/SKETCH/DyK1013+190.20_伯舒拉岭进口右线DyK1013+190.2洞身素描记录表.pdf,FACE_SKETCH
859f83de3f71c5e2e55823bf,CHECKBOX_POSITION,859f83de3f71c5e2e55823bf,,DyK1013+190.20_伯舒拉岭进口右线DyK1013+190.2洞身素描记录表.pdf,岩石强度,"(224.7, 261.59000000000003, 295.55, 293.2900000000001)",30＜R≤60√,INLINE_OR_SUFFIX,False,IN_SCOPE,"(224.7, 261.59000000000003, 295.55, 293.2900000000001)",30＜R≤60√,same_cell_mark,/Users/zhaoxiaoda/Library/CloudStorage/GoogleDrive-xiaodazhao0608@gmail.com/我的云端硬盘/TBM9/SKETCH/DyK1013+190.20_伯舒拉岭进口右线DyK1013+190.2洞身素描记录表.pdf,FACE_SKETCH
859f83de3f71c5e2e55823bf,CHECKBOX_POSITION,859f83de3f71c5e2e55823bf,,DyK1013+190.20_伯舒拉岭进口右线DyK1013+190.2洞身素描记录表.pdf,风化程度,"(295.55, 293.2900000000001, 350.9, 309.39)",弱风化√,INLINE_OR_SUFFIX,False,IN_SCOPE,"(295.55, 293.2900000000001, 350.9, 309.39)",弱风化√,same_cell_mark,/Users/zhaoxiaoda/Library/CloudStorage/GoogleDrive-xiaodazhao0608@gmail.com/我的云端硬盘/TBM9/SKETCH/DyK1013+190.20_伯舒拉岭进口右线DyK1013+190.2洞身素描记录表.pdf,FACE_SKETCH
859f83de3f71c5e2e55823bf,CHECKBOX_POSITION,859f83de3f71c5e2e55823bf,,DyK1013+190.20_伯舒拉岭进口右线DyK1013+190.2洞身素描记录表.pdf,间距,"(295.55, 309.39, 350.9, 336.59)",0.2～0.6√,INLINE_OR_SUFFIX,False,IN_SCOPE,"(295.55, 309.39, 350.9, 336.59)",0.2～0.6√,same_cell_mark,/Users/zhaoxiaoda/Library/CloudStorage/GoogleDrive-xiaodazhao0608@gmail.com/我的云端硬盘/TBM9/SKETCH/DyK1013+190.20_伯舒拉岭进口右线DyK1013+190.2洞身素描记录表.pdf,FACE_SKETCH
859f83de3f71c5e2e55823bf,CHECKBOX_POSITION,859f83de3f71c5e2e55823bf,,DyK1013+190.20_伯舒拉岭进口右线DyK1013+190.2洞身素描记录表.pdf,延伸性,"(295.55, 336.59, 350.9, 353.49)",中等√,INLINE_OR_SUFFIX,False,IN_SCOPE,"(295.55, 336.59, 350.9, 353.49)",中等√,same_cell_mark,/Users/zhaoxiaoda/Library/CloudStorage/GoogleDrive-xiaodazhao0608@gmail.com/我的云端硬盘/TBM9/SKETCH/DyK1013+190.20_伯舒拉岭进口右线DyK1013+190.2洞身素描记录表.pdf,FACE_SKETCH
859f83de3f71c5e2e55823bf,CHECKBOX_POSITION,859f83de3f71c5e2e55823bf,,DyK1013+190.20_伯舒拉岭进口右线DyK1013+190.2洞身素描记录表.pdf,粗糙度,"(302.65, 353.49, 394.5, 373.09)",平整光滑有擦痕√,INLINE_OR_SUFFIX,False,IN_SCOPE,"(302.65, 353.49, 394.5, 373.09)",平整光滑有擦痕√,same_cell_mark,/Users/zhaoxiaoda/Library/CloudStorage/GoogleDrive-xiaodazhao0608@gmail.com/我的云端硬盘/TBM9/SKETCH/DyK1013+190.20_伯舒拉岭进口右线DyK1013+190.2洞身素描记录表.pdf,FACE_SKETCH
859f83de3f71c5e2e55823bf,CHECKBOX_POSITION,859f83de3f71c5e2e55823bf,,DyK1013+190.20_伯舒拉岭进口右线DyK1013+190.2洞身素描记录表.pdf,张开性,"(224.7, 373.09, 295.55, 404.79)",部分张开 0.1～0.5√,INLINE_OR_SUFFIX,False,IN_SCOPE,"(224.7, 373.09, 295.55, 404.79)",部分张开 0.1～0.5√,same_cell_mark,/Users/zhaoxiaoda/Library/CloudStorage/GoogleDrive-xiaodazhao0608@gmail.com/我的云端硬盘/TBM9/SKETCH/DyK1013+190.20_伯舒拉岭进口右线DyK1013+190.2洞身素描记录表.pdf,FACE_SKETCH
859f83de3f71c5e2e55823bf,CHECKBOX_POSITION,859f83de3f71c5e2e55823bf,,DyK1013+190.20_伯舒拉岭进口右线DyK1013+190.2洞身素描记录表.pdf,涌水状态,"(373.5, 404.79, 466.45, 436.49)",25～125 涌出或喷出√,INLINE_OR_SUFFIX,False,IN_SCOPE,"(373.5, 404.79, 466.45, 436.49)",25～125 涌出或喷出√,same_cell_mark,/Users/zhaoxiaoda/Library/CloudStorage/GoogleDrive-xiaodazhao0608@gmail.com/我的云端硬盘/TBM9/SKETCH/DyK1013+190.20_伯舒拉岭进口右线DyK1013+190.2洞身素描记录表.pdf,FACE_SKETCH
859f83de3f71c5e2e55823bf,CHECKBOX_POSITION,859f83de3f71c5e2e55823bf,,DyK1013+190.20_伯舒拉岭进口右线DyK1013+190.2洞身素描记录表.pdf,岩溶发育程度,"(224.7, 436.49, 295.55, 452.59)",无√,INLINE_OR_SUFFIX,False,IN_SCOPE,"(224.7, 436.49, 295.55, 452.59)",无√,same_cell_mark,/Users/zhaoxiaoda/Library/CloudStorage/GoogleDrive-xiaodazhao0608@gmail.com/我的云端硬盘/TBM9/SKETCH/DyK1013+190.20_伯舒拉岭进口右线DyK1013+190.2洞身素描记录表.pdf,FACE_SKETCH
4eb6eb6db956703cca83a995,CHECKBOX_POSITION,4eb6eb6db956703cca83a995,,DyK1013+220.20_伯舒拉岭进口右线DyK10+220.2洞身素描记录表.pdf,掌子面状态,"(224.7, 213.78999999999996, 295.55, 229.89)",正面掉块√,INLINE_OR_SUFFIX,False,IN_SCOPE,"(224.7, 213.78999999999996, 295.55, 229.89)",正面掉块√,same_cell_mark,/Users/zhaoxiaoda/Library/CloudStorage/GoogleDrive-xiaodazhao0608@gmail.com/我的云端硬盘/TBM9/SKETCH/DyK1013+220.20_伯舒拉岭进口右线DyK10+220.2洞身素描记录表.pdf,FACE_SKETCH
4eb6eb6db956703cca83a995,CHECKBOX_POSITION,4eb6eb6db956703cca83a995,,DyK1013+220.20_伯舒拉岭进口右线DyK10+220.2洞身素描记录表.pdf,毛开挖面状态,"(224.7, 229.89, 295.55, 261.59000000000003)",随时间松弛、 掉块√,INLINE_OR_SUFFIX,False,IN_SCOPE,"(224.7, 229.89, 295.55, 261.59000000000003)",随时间松弛、 掉块√,same_cell_mark,/Users/zhaoxiaoda/Library/CloudStorage/GoogleDrive-xiaodazhao0608@gmail.com/我的云端硬盘/TBM9/SKETCH/DyK1013+220.20_伯舒拉岭进口右线DyK10+220.2洞身素描记录表.pdf,FACE_SKETCH
4eb6eb6db956703cca83a995,CHECKBOX_POSITION,4eb6eb6db956703cca83a995,,DyK1013+220.20_伯舒拉岭进口右线DyK10+220.2洞身素描记录表.pdf,岩石强度,"(224.7, 261.59000000000003, 295.55, 293.2900000000001)",30＜R≤60√,INLINE_OR_SUFFIX,False,IN_SCOPE,"(224.7, 261.59000000000003, 295.55, 293.2900000000001)",30＜R≤60√,same_cell_mark,/Users/zhaoxiaoda/Library/CloudStorage/GoogleDrive-xiaodazhao0608@gmail.com/我的云端硬盘/TBM9/SKETCH/DyK1013+220.20_伯舒拉岭进口右线DyK10+220.2洞身素描记录表.pdf,FACE_SKETCH
4eb6eb6db956703cca83a995,CHECKBOX_POSITION,4eb6eb6db956703cca83a995,,DyK1013+220.20_伯舒拉岭进口右线DyK10+220.2洞身素描记录表.pdf,风化程度,"(295.55, 293.2900000000001, 350.9, 309.39)",弱风化√,INLINE_OR_SUFFIX,False,IN_SCOPE,"(295.55, 293.2900000000001, 350.9, 309.39)",弱风化√,same_cell_mark,/Users/zhaoxiaoda/Library/CloudStorage/GoogleDrive-xiaodazhao0608@gmail.com/我的云端硬盘/TBM9/SKETCH/DyK1013+220.20_伯舒拉岭进口右线DyK10+220.2洞身素描记录表.pdf,FACE_SKETCH
4eb6eb6db956703cca83a995,CHECKBOX_POSITION,4eb6eb6db956703cca83a995,,DyK1013+220.20_伯舒拉岭进口右线DyK10+220.2洞身素描记录表.pdf,间距,"(295.55, 309.39, 350.9, 336.59)",0.2～0.6√,INLINE_OR_SUFFIX,False,IN_SCOPE,"(295.55, 309.39, 350.9, 336.59)",0.2～0.6√,same_cell_mark,/Users/zhaoxiaoda/Library/CloudStorage/GoogleDrive-xiaodazhao0608@gmail.com/我的云端硬盘/TBM9/SKETCH/DyK1013+220.20_伯舒拉岭进口右线DyK10+220.2洞身素描记录表.pdf,FACE_SKETCH
4eb6eb6db956703cca83a995,CHECKBOX_POSITION,4eb6eb6db956703cca83a995,,DyK1013+220.20_伯舒拉岭进口右线DyK10+220.2洞身素描记录表.pdf,延伸性,"(295.55, 336.59, 350.9, 353.49)",中等√,INLINE_OR_SUFFIX,False,IN_SCOPE,"(295.55, 336.59, 350.9, 353.49)",中等√,same_cell_mark,/Users/zhaoxiaoda/Library/CloudStorage/GoogleDrive-xiaodazhao0608@gmail.com/我的云端硬盘/TBM9/SKETCH/DyK1013+220.20_伯舒拉岭进口右线DyK10+220.2洞身素描记录表.pdf,FACE_SKETCH
4eb6eb6db956703cca83a995,CHECKBOX_POSITION,4eb6eb6db956703cca83a995,,DyK1013+220.20_伯舒拉岭进口右线DyK10+220.2洞身素描记录表.pdf,粗糙度,"(302.65, 353.49, 394.5, 373.09)",平整光滑有擦痕√,INLINE_OR_SUFFIX,False,IN_SCOPE,"(302.65, 353.49, 394.5, 373.09)",平整光滑有擦痕√,same_cell_mark,/Users/zhaoxiaoda/Library/CloudStorage/GoogleDrive-xiaodazhao0608@gmail.com/我的云端硬盘/TBM9/SKETCH/DyK1013+220.20_伯舒拉岭进口右线DyK10+220.2洞身素描记录表.pdf,FACE_SKETCH
4eb6eb6db956703cca83a995,CHECKBOX_POSITION,4eb6eb6db956703cca83a995,,DyK1013+220.20_伯舒拉岭进口右线DyK10+220.2洞身素描记录表.pdf,张开性,"(224.7, 373.09, 295.55, 404.79)",部分张开 0.1～0.5√,INLINE_OR_SUFFIX,False,IN_SCOPE,"(224.7, 373.09, 295.55, 404.79)",部分张开 0.1～0.5√,same_cell_mark,/Users/zhaoxiaoda/Library/CloudStorage/GoogleDrive-xiaodazhao0608@gmail.com/我的云端硬盘/TBM9/SKETCH/DyK1013+220.20_伯舒拉岭进口右线DyK10+220.2洞身素描记录表.pdf,FACE_SKETCH
4eb6eb6db956703cca83a995,CHECKBOX_POSITION,4eb6eb6db956703cca83a995,,DyK1013+220.20_伯舒拉岭进口右线DyK10+220.2洞身素描记录表.pdf,涌水状态,"(373.5, 404.79, 466.45, 436.49)",25～125 涌出或喷出√,INLINE_OR_SUFFIX,False,IN_SCOPE,"(373.5, 404.79, 466.45, 436.49)",25～125 涌出或喷出√,same_cell_mark,/Users/zhaoxiaoda/Library/CloudStorage/GoogleDrive-xiaodazhao0608@gmail.com/我的云端硬盘/TBM9/SKETCH/DyK1013+220.20_伯舒拉岭进口右线DyK10+220.2洞身素描记录表.pdf,FACE_SKETCH
4eb6eb6db956703cca83a995,CHECKBOX_POSITION,4eb6eb6db956703cca83a995,,DyK1013+220.20_伯舒拉岭进口右线DyK10+220.2洞身素描记录表.pdf,岩溶发育程度,"(224.7, 436.49, 295.55, 452.59)",无√,INLINE_OR_SUFFIX,False,IN_SCOPE,"(224.7, 436.49, 295.55, 452.59)",无√,same_cell_mark,/Users/zhaoxiaoda/Library/CloudStorage/GoogleDrive-xiaodazhao0608@gmail.com/我的云端硬盘/TBM9/SKETCH/DyK1013+220.20_伯舒拉岭进口右线DyK10+220.2洞身素描记录表.pdf,FACE_SKETCH
677502242ca7e9a5ce91ba78,CHECKBOX_POSITION,677502242ca7e9a5ce91ba78,,DyK1013+250.20_伯舒拉岭进口右线DyK10+250.2洞身素描记录表.pdf,掌子面状态,"(224.7, 213.78999999999996, 295.55, 229.89)",正面掉块√,INLINE_OR_SUFFIX,False,IN_SCOPE,"(224.7, 213.78999999999996, 295.55, 229.89)",正面掉块√,same_cell_mark,/Users/zhaoxiaoda/Library/CloudStorage/GoogleDrive-xiaodazhao0608@gmail.com/我的云端硬盘/TBM9/SKETCH/DyK1013+250.20_伯舒拉岭进口右线DyK10+250.2洞身素描记录表.pdf,FACE_SKETCH
677502242ca7e9a5ce91ba78,CHECKBOX_POSITION,677502242ca7e9a5ce91ba78,,DyK1013+250.20_伯舒拉岭进口右线DyK10+250.2洞身素描记录表.pdf,毛开挖面状态,"(224.7, 229.89, 295.55, 261.59000000000003)",随时间松弛、 掉块√,INLINE_OR_SUFFIX,False,IN_SCOPE,"(224.7, 229.89, 295.55, 261.59000000000003)",随时间松弛、 掉块√,same_cell_mark,/Users/zhaoxiaoda/Library/CloudStorage/GoogleDrive-xiaodazhao0608@gmail.com/我的云端硬盘/TBM9/SKETCH/DyK1013+250.20_伯舒拉岭进口右线DyK10+250.2洞身素描记录表.pdf,FACE_SKETCH
677502242ca7e9a5ce91ba78,CHECKBOX_POSITION,677502242ca7e9a5ce91ba78,,DyK1013+250.20_伯舒拉岭进口右线DyK10+250.2洞身素描记录表.pdf,岩石强度,"(224.7, 261.59000000000003, 295.55, 293.2900000000001)",30＜R≤60√,INLINE_OR_SUFFIX,False,IN_SCOPE,"(224.7, 261.59000000000003, 295.55, 293.2900000000001)",30＜R≤60√,same_cell_mark,/Users/zhaoxiaoda/Library/CloudStorage/GoogleDrive-xiaodazhao0608@gmail.com/我的云端硬盘/TBM9/SKETCH/DyK1013+250.20_伯舒拉岭进口右线DyK10+250.2洞身素描记录表.pdf,FACE_SKETCH
677502242ca7e9a5ce91ba78,CHECKBOX_POSITION,677502242ca7e9a5ce91ba78,,DyK1013+250.20_伯舒拉岭进口右线DyK10+250.2洞身素描记录表.pdf,风化程度,"(295.55, 293.2900000000001, 350.9, 309.39)",弱风化√,INLINE_OR_SUFFIX,False,IN_SCOPE,"(295.55, 293.2900000000001, 350.9, 309.39)",弱风化√,same_cell_mark,/Users/zhaoxiaoda/Library/CloudStorage/GoogleDrive-xiaodazhao0608@gmail.com/我的云端硬盘/TBM9/SKETCH/DyK1013+250.20_伯舒拉岭进口右线DyK10+250.2洞身素描记录表.pdf,FACE_SKETCH
677502242ca7e9a5ce91ba78,CHECKBOX_POSITION,677502242ca7e9a5ce91ba78,,DyK1013+250.20_伯舒拉岭进口右线DyK10+250.2洞身素描记录表.pdf,间距,"(295.55, 309.39, 350.9, 336.59)",0.2～0.6√,INLINE_OR_SUFFIX,False,IN_SCOPE,"(295.55, 309.39, 350.9, 336.59)",0.2～0.6√,same_cell_mark,/Users/zhaoxiaoda/Library/CloudStorage/GoogleDrive-xiaodazhao0608@gmail.com/我的云端硬盘/TBM9/SKETCH/DyK1013+250.20_伯舒拉岭进口右线DyK10+250.2洞身素描记录表.pdf,FACE_SKETCH
677502242ca7e9a5ce91ba78,CHECKBOX_POSITION,677502242ca7e9a5ce91ba78,,DyK1013+250.20_伯舒拉岭进口右线DyK10+250.2洞身素描记录表.pdf,延伸性,"(295.55, 336.59, 350.9, 353.49)",中等√,INLINE_OR_SUFFIX,False,IN_SCOPE,"(295.55, 336.59, 350.9, 353.49)",中等√,same_cell_mark,/Users/zhaoxiaoda/Library/CloudStorage/GoogleDrive-xiaodazhao0608@gmail.com/我的云端硬盘/TBM9/SKETCH/DyK1013+250.20_伯舒拉岭进口右线DyK10+250.2洞身素描记录表.pdf,FACE_SKETCH
677502242ca7e9a5ce91ba78,CHECKBOX_POSITION,677502242ca7e9a5ce91ba78,,DyK1013+250.20_伯舒拉岭进口右线DyK10+250.2洞身素描记录表.pdf,粗糙度,"(302.65, 353.49, 394.5, 373.09)",平整光滑有擦痕√,INLINE_OR_SUFFIX,False,IN_SCOPE,"(302.65, 353.49, 394.5, 373.09)",平整光滑有擦痕√,same_cell_mark,/Users/zhaoxiaoda/Library/CloudStorage/GoogleDrive-xiaodazhao0608@gmail.com/我的云端硬盘/TBM9/SKETCH/DyK1013+250.20_伯舒拉岭进口右线DyK10+250.2洞身素描记录表.pdf,FACE_SKETCH
677502242ca7e9a5ce91ba78,CHECKBOX_POSITION,677502242ca7e9a5ce91ba78,,DyK1013+250.20_伯舒拉岭进口右线DyK10+250.2洞身素描记录表.pdf,张开性,"(224.7, 373.09, 295.55, 404.79)",部分张开 0.1～0.5√,INLINE_OR_SUFFIX,False,IN_SCOPE,"(224.7, 373.09, 295.55, 404.79)",部分张开 0.1～0.5√,same_cell_mark,/Users/zhaoxiaoda/Library/CloudStorage/GoogleDrive-xiaodazhao0608@gmail.com/我的云端硬盘/TBM9/SKETCH/DyK1013+250.20_伯舒拉岭进口右线DyK10+250.2洞身素描记录表.pdf,FACE_SKETCH
677502242ca7e9a5ce91ba78,CHECKBOX_POSITION,677502242ca7e9a5ce91ba78,,DyK1013+250.20_伯舒拉岭进口右线DyK10+250.2洞身素描记录表.pdf,涌水状态,"(373.5, 404.79, 466.45, 436.49)",25～125 涌出或喷出√,INLINE_OR_SUFFIX,False,IN_SCOPE,"(373.5, 404.79, 466.45, 436.49)",25～125 涌出或喷出√,same_cell_mark,/Users/zhaoxiaoda/Library/CloudStorage/GoogleDrive-xiaodazhao0608@gmail.com/我的云端硬盘/TBM9/SKETCH/DyK1013+250.20_伯舒拉岭进口右线DyK10+250.2洞身素描记录表.pdf,FACE_SKETCH
677502242ca7e9a5ce91ba78,CHECKBOX_POSITION,677502242ca7e9a5ce91ba78,,DyK1013+250.20_伯舒拉岭进口右线DyK10+250.2洞身素描记录表.pdf,岩溶发育程度,"(224.7, 436.49, 295.55, 452.59)",无√,INLINE_OR_SUFFIX,False,IN_SCOPE,"(224.7, 436.49, 295.55, 452.59)",无√,same_cell_mark,/Users/zhaoxiaoda/Library/CloudStorage/GoogleDrive-xiaodazhao0608@gmail.com/我的云端硬盘/TBM9/SKETCH/DyK1013+250.20_伯舒拉岭进口右线DyK10+250.2洞身素描记录表.pdf,FACE_SKETCH
2137b78c241632d9ca4ae2ae,CHECKBOX_POSITION,2137b78c241632d9ca4ae2ae,,DyK1013+280.20_伯舒拉岭进口右线DyK10+280.2洞身素描记录表.pdf,掌子面状态,"(224.7, 213.78999999999996, 295.55, 229.89)",正面掉块√,INLINE_OR_SUFFIX,False,IN_SCOPE,"(224.7, 213.78999999999996, 295.55, 229.89)",正面掉块√,same_cell_mark,/Users/zhaoxiaoda/Library/CloudStorage/GoogleDrive-xiaodazhao0608@gmail.com/我的云端硬盘/TBM9/SKETCH/DyK1013+280.20_伯舒拉岭进口右线DyK10+280.2洞身素描记录表.pdf,FACE_SKETCH
2137b78c241632d9ca4ae2ae,CHECKBOX_POSITION,2137b78c241632d9ca4ae2ae,,DyK1013+280.20_伯舒拉岭进口右线DyK10+280.2洞身素描记录表.pdf,毛开挖面状态,"(224.7, 229.89, 295.55, 261.59000000000003)",随时间松弛、 掉块√,INLINE_OR_SUFFIX,False,IN_SCOPE,"(224.7, 229.89, 295.55, 261.59000000000003)",随时间松弛、 掉块√,same_cell_mark,/Users/zhaoxiaoda/Library/CloudStorage/GoogleDrive-xiaodazhao0608@gmail.com/我的云端硬盘/TBM9/SKETCH/DyK1013+280.20_伯舒拉岭进口右线DyK10+280.2洞身素描记录表.pdf,FACE_SKETCH
2137b78c241632d9ca4ae2ae,CHECKBOX_POSITION,2137b78c241632d9ca4ae2ae,,DyK1013+280.20_伯舒拉岭进口右线DyK10+280.2洞身素描记录表.pdf,岩石强度,"(224.7, 261.59000000000003, 295.55, 293.2900000000001)",30＜R≤60√,INLINE_OR_SUFFIX,False,IN_SCOPE,"(224.7, 261.59000000000003, 295.55, 293.2900000000001)",30＜R≤60√,same_cell_mark,/Users/zhaoxiaoda/Library/CloudStorage/GoogleDrive-xiaodazhao0608@gmail.com/我的云端硬盘/TBM9/SKETCH/DyK1013+280.20_伯舒拉岭进口右线DyK10+280.2洞身素描记录表.pdf,FACE_SKETCH
2137b78c241632d9ca4ae2ae,CHECKBOX_POSITION,2137b78c241632d9ca4ae2ae,,DyK1013+280.20_伯舒拉岭进口右线DyK10+280.2洞身素描记录表.pdf,风化程度,"(295.55, 293.2900000000001, 350.9, 309.39)",弱风化√,INLINE_OR_SUFFIX,False,IN_SCOPE,"(295.55, 293.2900000000001, 350.9, 309.39)",弱风化√,same_cell_mark,/Users/zhaoxiaoda/Library/CloudStorage/GoogleDrive-xiaodazhao0608@gmail.com/我的云端硬盘/TBM9/SKETCH/DyK1013+280.20_伯舒拉岭进口右线DyK10+280.2洞身素描记录表.pdf,FACE_SKETCH
2137b78c241632d9ca4ae2ae,CHECKBOX_POSITION,2137b78c241632d9ca4ae2ae,,DyK1013+280.20_伯舒拉岭进口右线DyK10+280.2洞身素描记录表.pdf,间距,"(295.55, 309.39, 350.9, 336.59)",0.2～0.6√,INLINE_OR_SUFFIX,False,IN_SCOPE,"(295.55, 309.39, 350.9, 336.59)",0.2～0.6√,same_cell_mark,/Users/zhaoxiaoda/Library/CloudStorage/GoogleDrive-xiaodazhao0608@gmail.com/我的云端硬盘/TBM9/SKETCH/DyK1013+280.20_伯舒拉岭进口右线DyK10+280.2洞身素描记录表.pdf,FACE_SKETCH
2137b78c241632d9ca4ae2ae,CHECKBOX_POSITION,2137b78c241632d9ca4ae2ae,,DyK1013+280.20_伯舒拉岭进口右线DyK10+280.2洞身素描记录表.pdf,延伸性,"(295.55, 336.59, 350.9, 353.49)",中等√,INLINE_OR_SUFFIX,False,IN_SCOPE,"(295.55, 336.59, 350.9, 353.49)",中等√,same_cell_mark,/Users/zhaoxiaoda/Library/CloudStorage/GoogleDrive-xiaodazhao0608@gmail.com/我的云端硬盘/TBM9/SKETCH/DyK1013+280.20_伯舒拉岭进口右线DyK10+280.2洞身素描记录表.pdf,FACE_SKETCH
2137b78c241632d9ca4ae2ae,CHECKBOX_POSITION,2137b78c241632d9ca4ae2ae,,DyK1013+280.20_伯舒拉岭进口右线DyK10+280.2洞身素描记录表.pdf,粗糙度,"(302.65, 353.49, 394.5, 373.09)",平整光滑有擦痕√,INLINE_OR_SUFFIX,False,IN_SCOPE,"(302.65, 353.49, 394.5, 373.09)",平整光滑有擦痕√,same_cell_mark,/Users/zhaoxiaoda/Library/CloudStorage/GoogleDrive-xiaodazhao0608@gmail.com/我的云端硬盘/TBM9/SKETCH/DyK1013+280.20_伯舒拉岭进口右线DyK10+280.2洞身素描记录表.pdf,FACE_SKETCH
2137b78c241632d9ca4ae2ae,CHECKBOX_POSITION,2137b78c241632d9ca4ae2ae,,DyK1013+280.20_伯舒拉岭进口右线DyK10+280.2洞身素描记录表.pdf,张开性,"(224.7, 373.09, 295.55, 404.79)",部分张开 0.1～0.5√,INLINE_OR_SUFFIX,False,IN_SCOPE,"(224.7, 373.09, 295.55, 404.79)",部分张开 0.1～0.5√,same_cell_mark,/Users/zhaoxiaoda/Library/CloudStorage/GoogleDrive-xiaodazhao0608@gmail.com/我的云端硬盘/TBM9/SKETCH/DyK1013+280.20_伯舒拉岭进口右线DyK10+280.2洞身素描记录表.pdf,FACE_SKETCH
2137b78c241632d9ca4ae2ae,CHECKBOX_POSITION,2137b78c241632d9ca4ae2ae,,DyK1013+280.20_伯舒拉岭进口右线DyK10+280.2洞身素描记录表.pdf,涌水状态,"(373.5, 404.79, 466.45, 436.49)",25～125 涌出或喷出√,INLINE_OR_SUFFIX,False,IN_SCOPE,"(373.5, 404.79, 466.45, 436.49)",25～125 涌出或喷出√,same_cell_mark,/Users/zhaoxiaoda/Library/CloudStorage/GoogleDrive-xiaodazhao0608@gmail.com/我的云端硬盘/TBM9/SKETCH/DyK1013+280.20_伯舒拉岭进口右线DyK10+280.2洞身素描记录表.pdf,FACE_SKETCH
2137b78c241632d9ca4ae2ae,CHECKBOX_POSITION,2137b78c241632d9ca4ae2ae,,DyK1013+280.20_伯舒拉岭进口右线DyK10+280.2洞身素描记录表.pdf,岩溶发育程度,"(224.7, 436.49, 295.55, 452.59)",无√,INLINE_OR_SUFFIX,False,IN_SCOPE,"(224.7, 436.49, 295.55, 452.59)",无√,same_cell_mark,/Users/zhaoxiaoda/Library/CloudStorage/GoogleDrive-xiaodazhao0608@gmail.com/我的云端硬盘/TBM9/SKETCH/DyK1013+280.20_伯舒拉岭进口右线DyK10+280.2洞身素描记录表.pdf,FACE_SKETCH
4bfb59b96dd77affde7668ba,CHECKBOX_POSITION,4bfb59b96dd77affde7668ba,,DyK1013+290.20_伯舒拉岭进口右线DyK10+290.2洞身素描记录表.pdf,掌子面状态,"(224.7, 213.78999999999996, 295.55, 229.89)",正面掉块√,INLINE_OR_SUFFIX,False,IN_SCOPE,"(224.7, 213.78999999999996, 295.55, 229.89)",正面掉块√,same_cell_mark,/Users/zhaoxiaoda/Library/CloudStorage/GoogleDrive-xiaodazhao0608@gmail.com/我的云端硬盘/TBM9/SKETCH/DyK1013+290.20_伯舒拉岭进口右线DyK10+290.2洞身素描记录表.pdf,FACE_SKETCH
4bfb59b96dd77affde7668ba,CHECKBOX_POSITION,4bfb59b96dd77affde7668ba,,DyK1013+290.20_伯舒拉岭进口右线DyK10+290.2洞身素描记录表.pdf,毛开挖面状态,"(224.7, 229.89, 295.55, 261.59000000000003)",随时间松弛、 掉块√,INLINE_OR_SUFFIX,False,IN_SCOPE,"(224.7, 229.89, 295.55, 261.59000000000003)",随时间松弛、 掉块√,same_cell_mark,/Users/zhaoxiaoda/Library/CloudStorage/GoogleDrive-xiaodazhao0608@gmail.com/我的云端硬盘/TBM9/SKETCH/DyK1013+290.20_伯舒拉岭进口右线DyK10+290.2洞身素描记录表.pdf,FACE_SKETCH
4bfb59b96dd77affde7668ba,CHECKBOX_POSITION,4bfb59b96dd77affde7668ba,,DyK1013+290.20_伯舒拉岭进口右线DyK10+290.2洞身素描记录表.pdf,岩石强度,"(224.7, 261.59000000000003, 295.55, 293.2900000000001)",30＜R≤60√,INLINE_OR_SUFFIX,False,IN_SCOPE,"(224.7, 261.59000000000003, 295.55, 293.2900000000001)",30＜R≤60√,same_cell_mark,/Users/zhaoxiaoda/Library/CloudStorage/GoogleDrive-xiaodazhao0608@gmail.com/我的云端硬盘/TBM9/SKETCH/DyK1013+290.20_伯舒拉岭进口右线DyK10+290.2洞身素描记录表.pdf,FACE_SKETCH
4bfb59b96dd77affde7668ba,CHECKBOX_POSITION,4bfb59b96dd77affde7668ba,,DyK1013+290.20_伯舒拉岭进口右线DyK10+290.2洞身素描记录表.pdf,风化程度,"(295.55, 293.2900000000001, 350.9, 309.39)",弱风化√,INLINE_OR_SUFFIX,False,IN_SCOPE,"(295.55, 293.2900000000001, 350.9, 309.39)",弱风化√,same_cell_mark,/Users/zhaoxiaoda/Library/CloudStorage/GoogleDrive-xiaodazhao0608@gmail.com/我的云端硬盘/TBM9/SKETCH/DyK1013+290.20_伯舒拉岭进口右线DyK10+290.2洞身素描记录表.pdf,FACE_SKETCH
4bfb59b96dd77affde7668ba,CHECKBOX_POSITION,4bfb59b96dd77affde7668ba,,DyK1013+290.20_伯舒拉岭进口右线DyK10+290.2洞身素描记录表.pdf,间距,"(295.55, 309.39, 350.9, 336.59)",0.2～0.6√,INLINE_OR_SUFFIX,False,IN_SCOPE,"(295.55, 309.39, 350.9, 336.59)",0.2～0.6√,same_cell_mark,/Users/zhaoxiaoda/Library/CloudStorage/GoogleDrive-xiaodazhao0608@gmail.com/我的云端硬盘/TBM9/SKETCH/DyK1013+290.20_伯舒拉岭进口右线DyK10+290.2洞身素描记录表.pdf,FACE_SKETCH
4bfb59b96dd77affde7668ba,CHECKBOX_POSITION,4bfb59b96dd77affde7668ba,,DyK1013+290.20_伯舒拉岭进口右线DyK10+290.2洞身素描记录表.pdf,延伸性,"(295.55, 336.59, 350.9, 353.49)",中等√,INLINE_OR_SUFFIX,False,IN_SCOPE,"(295.55, 336.59, 350.9, 353.49)",中等√,same_cell_mark,/Users/zhaoxiaoda/Library/CloudStorage/GoogleDrive-xiaodazhao0608@gmail.com/我的云端硬盘/TBM9/SKETCH/DyK1013+290.20_伯舒拉岭进口右线DyK10+290.2洞身素描记录表.pdf,FACE_SKETCH
4bfb59b96dd77affde7668ba,CHECKBOX_POSITION,4bfb59b96dd77affde7668ba,,DyK1013+290.20_伯舒拉岭进口右线DyK10+290.2洞身素描记录表.pdf,粗糙度,"(302.65, 353.49, 394.5, 373.09)",平整光滑有擦痕√,INLINE_OR_SUFFIX,False,IN_SCOPE,"(302.65, 353.49, 394.5, 373.09)",平整光滑有擦痕√,same_cell_mark,/Users/zhaoxiaoda/Library/CloudStorage/GoogleDrive-xiaodazhao0608@gmail.com/我的云端硬盘/TBM9/SKETCH/DyK1013+290.20_伯舒拉岭进口右线DyK10+290.2洞身素描记录表.pdf,FACE_SKETCH
4bfb59b96dd77affde7668ba,CHECKBOX_POSITION,4bfb59b96dd77affde7668ba,,DyK1013+290.20_伯舒拉岭进口右线DyK10+290.2洞身素描记录表.pdf,张开性,"(224.7, 373.09, 295.55, 404.79)",部分张开 0.1～0.5√,INLINE_OR_SUFFIX,False,IN_SCOPE,"(224.7, 373.09, 295.55, 404.79)",部分张开 0.1～0.5√,same_cell_mark,/Users/zhaoxiaoda/Library/CloudStorage/GoogleDrive-xiaodazhao0608@gmail.com/我的云端硬盘/TBM9/SKETCH/DyK1013+290.20_伯舒拉岭进口右线DyK10+290.2洞身素描记录表.pdf,FACE_SKETCH
4bfb59b96dd77affde7668ba,CHECKBOX_POSITION,4bfb59b96dd77affde7668ba,,DyK1013+290.20_伯舒拉岭进口右线DyK10+290.2洞身素描记录表.pdf,涌水状态,"(373.5, 404.79, 466.45, 436.49)",25～125 涌出或喷出√,INLINE_OR_SUFFIX,False,IN_SCOPE,"(373.5, 404.79, 466.45, 436.49)",25～125 涌出或喷出√,same_cell_mark,/Users/zhaoxiaoda/Library/CloudStorage/GoogleDrive-xiaodazhao0608@gmail.com/我的云端硬盘/TBM9/SKETCH/DyK1013+290.20_伯舒拉岭进口右线DyK10+290.2洞身素描记录表.pdf,FACE_SKETCH
4bfb59b96dd77affde7668ba,CHECKBOX_POSITION,4bfb59b96dd77affde7668ba,,DyK1013+290.20_伯舒拉岭进口右线DyK10+290.2洞身素描记录表.pdf,岩溶发育程度,"(224.7, 436.49, 295.55, 452.59)",无√,INLINE_OR_SUFFIX,False,IN_SCOPE,"(224.7, 436.49, 295.55, 452.59)",无√,same_cell_mark,/Users/zhaoxiaoda/Library/CloudStorage/GoogleDrive-xiaodazhao0608@gmail.com/我的云端硬盘/TBM9/SKETCH/DyK1013+290.20_伯舒拉岭进口右线DyK10+290.2洞身素描记录表.pdf,FACE_SKETCH
2cf221382d9fbc0b90870dbe,CHECKBOX_POSITION,2cf221382d9fbc0b90870dbe,,DyK1013+320.20_伯舒拉岭进口右线DyK10+320.2洞身素描记录表.pdf,掌子面状态,"(224.7, 213.78999999999996, 295.55, 229.89)",正面掉块√,INLINE_OR_SUFFIX,False,IN_SCOPE,"(224.7, 213.78999999999996, 295.55, 229.89)",正面掉块√,same_cell_mark,/Users/zhaoxiaoda/Library/CloudStorage/GoogleDrive-xiaodazhao0608@gmail.com/我的云端硬盘/TBM9/SKETCH/DyK1013+320.20_伯舒拉岭进口右线DyK10+320.2洞身素描记录表.pdf,FACE_SKETCH
2cf221382d9fbc0b90870dbe,CHECKBOX_POSITION,2cf221382d9fbc0b90870dbe,,DyK1013+320.20_伯舒拉岭进口右线DyK10+320.2洞身素描记录表.pdf,毛开挖面状态,"(224.7, 229.89, 295.55, 261.59000000000003)",随时间松弛、 掉块√,INLINE_OR_SUFFIX,False,IN_SCOPE,"(224.7, 229.89, 295.55, 261.59000000000003)",随时间松弛、 掉块√,same_cell_mark,/Users/zhaoxiaoda/Library/CloudStorage/GoogleDrive-xiaodazhao0608@gmail.com/我的云端硬盘/TBM9/SKETCH/DyK1013+320.20_伯舒拉岭进口右线DyK10+320.2洞身素描记录表.pdf,FACE_SKETCH
2cf221382d9fbc0b90870dbe,CHECKBOX_POSITION,2cf221382d9fbc0b90870dbe,,DyK1013+320.20_伯舒拉岭进口右线DyK10+320.2洞身素描记录表.pdf,岩石强度,"(224.7, 261.59000000000003, 295.55, 293.2900000000001)",30＜R≤60√,INLINE_OR_SUFFIX,False,IN_SCOPE,"(224.7, 261.59000000000003, 295.55, 293.2900000000001)",30＜R≤60√,same_cell_mark,/Users/zhaoxiaoda/Library/CloudStorage/GoogleDrive-xiaodazhao0608@gmail.com/我的云端硬盘/TBM9/SKETCH/DyK1013+320.20_伯舒拉岭进口右线DyK10+320.2洞身素描记录表.pdf,FACE_SKETCH
2cf221382d9fbc0b90870dbe,CHECKBOX_POSITION,2cf221382d9fbc0b90870dbe,,DyK1013+320.20_伯舒拉岭进口右线DyK10+320.2洞身素描记录表.pdf,风化程度,"(295.55, 293.2900000000001, 350.9, 309.39)",弱风化√,INLINE_OR_SUFFIX,False,IN_SCOPE,"(295.55, 293.2900000000001, 350.9, 309.39)",弱风化√,same_cell_mark,/Users/zhaoxiaoda/Library/CloudStorage/GoogleDrive-xiaodazhao0608@gmail.com/我的云端硬盘/TBM9/SKETCH/DyK1013+320.20_伯舒拉岭进口右线DyK10+320.2洞身素描记录表.pdf,FACE_SKETCH
2cf221382d9fbc0b90870dbe,CHECKBOX_POSITION,2cf221382d9fbc0b90870dbe,,DyK1013+320.20_伯舒拉岭进口右线DyK10+320.2洞身素描记录表.pdf,间距,"(295.55, 309.39, 350.9, 336.59)",0.2～0.6√,INLINE_OR_SUFFIX,False,IN_SCOPE,"(295.55, 309.39, 350.9, 336.59)",0.2～0.6√,same_cell_mark,/Users/zhaoxiaoda/Library/CloudStorage/GoogleDrive-xiaodazhao0608@gmail.com/我的云端硬盘/TBM9/SKETCH/DyK1013+320.20_伯舒拉岭进口右线DyK10+320.2洞身素描记录表.pdf,FACE_SKETCH
2cf221382d9fbc0b90870dbe,CHECKBOX_POSITION,2cf221382d9fbc0b90870dbe,,DyK1013+320.20_伯舒拉岭进口右线DyK10+320.2洞身素描记录表.pdf,延伸性,"(295.55, 336.59, 350.9, 353.49)",中等√,INLINE_OR_SUFFIX,False,IN_SCOPE,"(295.55, 336.59, 350.9, 353.49)",中等√,same_cell_mark,/Users/zhaoxiaoda/Library/CloudStorage/GoogleDrive-xiaodazhao0608@gmail.com/我的云端硬盘/TBM9/SKETCH/DyK1013+320.20_伯舒拉岭进口右线DyK10+320.2洞身素描记录表.pdf,FACE_SKETCH
2cf221382d9fbc0b90870dbe,CHECKBOX_POSITION,2cf221382d9fbc0b90870dbe,,DyK1013+320.20_伯舒拉岭进口右线DyK10+320.2洞身素描记录表.pdf,粗糙度,"(302.65, 353.49, 394.5, 373.09)",平整光滑有擦痕√,INLINE_OR_SUFFIX,False,IN_SCOPE,"(302.65, 353.49, 394.5, 373.09)",平整光滑有擦痕√,same_cell_mark,/Users/zhaoxiaoda/Library/CloudStorage/GoogleDrive-xiaodazhao0608@gmail.com/我的云端硬盘/TBM9/SKETCH/DyK1013+320.20_伯舒拉岭进口右线DyK10+320.2洞身素描记录表.pdf,FACE_SKETCH
2cf221382d9fbc0b90870dbe,CHECKBOX_POSITION,2cf221382d9fbc0b90870dbe,,DyK1013+320.20_伯舒拉岭进口右线DyK10+320.2洞身素描记录表.pdf,张开性,"(224.7, 373.09, 295.55, 404.79)",部分张开 0.1～0.5√,INLINE_OR_SUFFIX,False,IN_SCOPE,"(224.7, 373.09, 295.55, 404.79)",部分张开 0.1～0.5√,same_cell_mark,/Users/zhaoxiaoda/Library/CloudStorage/GoogleDrive-xiaodazhao0608@gmail.com/我的云端硬盘/TBM9/SKETCH/DyK1013+320.20_伯舒拉岭进口右线DyK10+320.2洞身素描记录表.pdf,FACE_SKETCH
2cf221382d9fbc0b90870dbe,CHECKBOX_POSITION,2cf221382d9fbc0b90870dbe,,DyK1013+320.20_伯舒拉岭进口右线DyK10+320.2洞身素描记录表.pdf,涌水状态,"(373.5, 404.79, 466.45, 436.49)",25～125 涌出或喷出√,INLINE_OR_SUFFIX,False,IN_SCOPE,"(373.5, 404.79, 466.45, 436.49)",25～125 涌出或喷出√,same_cell_mark,/Users/zhaoxiaoda/Library/CloudStorage/GoogleDrive-xiaodazhao0608@gmail.com/我的云端硬盘/TBM9/SKETCH/DyK1013+320.20_伯舒拉岭进口右线DyK10+320.2洞身素描记录表.pdf,FACE_SKETCH
2cf221382d9fbc0b90870dbe,CHECKBOX_POSITION,2cf221382d9fbc0b90870dbe,,DyK1013+320.20_伯舒拉岭进口右线DyK10+320.2洞身素描记录表.pdf,岩溶发育程度,"(224.7, 436.49, 295.55, 452.59)",无√,INLINE_OR_SUFFIX,False,IN_SCOPE,"(224.7, 436.49, 295.55, 452.59)",无√,same_cell_mark,/Users/zhaoxiaoda/Library/CloudStorage/GoogleDrive-xiaodazhao0608@gmail.com/我的云端硬盘/TBM9/SKETCH/DyK1013+320.20_伯舒拉岭进口右线DyK10+320.2洞身素描记录表.pdf,FACE_SKETCH
b290b377eec3a4f765a29e4b,CHECKBOX_POSITION,b290b377eec3a4f765a29e4b,,DyK1013+350.20_伯舒拉岭进口右线DyK10+350.2洞身素描记录表.pdf,掌子面状态,"(224.7, 213.78999999999996, 295.55, 229.89)",正面掉块√,INLINE_OR_SUFFIX,False,IN_SCOPE,"(224.7, 213.78999999999996, 295.55, 229.89)",正面掉块√,same_cell_mark,/Users/zhaoxiaoda/Library/CloudStorage/GoogleDrive-xiaodazhao0608@gmail.com/我的云端硬盘/TBM9/SKETCH/DyK1013+350.20_伯舒拉岭进口右线DyK10+350.2洞身素描记录表.pdf,FACE_SKETCH
b290b377eec3a4f765a29e4b,CHECKBOX_POSITION,b290b377eec3a4f765a29e4b,,DyK1013+350.20_伯舒拉岭进口右线DyK10+350.2洞身素描记录表.pdf,毛开挖面状态,"(224.7, 229.89, 295.55, 261.59000000000003)",随时间松弛、 掉块√,INLINE_OR_SUFFIX,False,IN_SCOPE,"(224.7, 229.89, 295.55, 261.59000000000003)",随时间松弛、 掉块√,same_cell_mark,/Users/zhaoxiaoda/Library/CloudStorage/GoogleDrive-xiaodazhao0608@gmail.com/我的云端硬盘/TBM9/SKETCH/DyK1013+350.20_伯舒拉岭进口右线DyK10+350.2洞身素描记录表.pdf,FACE_SKETCH
b290b377eec3a4f765a29e4b,CHECKBOX_POSITION,b290b377eec3a4f765a29e4b,,DyK1013+350.20_伯舒拉岭进口右线DyK10+350.2洞身素描记录表.pdf,岩石强度,"(224.7, 261.59000000000003, 295.55, 293.2900000000001)",30＜R≤60√,INLINE_OR_SUFFIX,False,IN_SCOPE,"(224.7, 261.59000000000003, 295.55, 293.2900000000001)",30＜R≤60√,same_cell_mark,/Users/zhaoxiaoda/Library/CloudStorage/GoogleDrive-xiaodazhao0608@gmail.com/我的云端硬盘/TBM9/SKETCH/DyK1013+350.20_伯舒拉岭进口右线DyK10+350.2洞身素描记录表.pdf,FACE_SKETCH
b290b377eec3a4f765a29e4b,CHECKBOX_POSITION,b290b377eec3a4f765a29e4b,,DyK1013+350.20_伯舒拉岭进口右线DyK10+350.2洞身素描记录表.pdf,风化程度,"(295.55, 293.2900000000001, 350.9, 309.39)",弱风化√,INLINE_OR_SUFFIX,False,IN_SCOPE,"(295.55, 293.2900000000001, 350.9, 309.39)",弱风化√,same_cell_mark,/Users/zhaoxiaoda/Library/CloudStorage/GoogleDrive-xiaodazhao0608@gmail.com/我的云端硬盘/TBM9/SKETCH/DyK1013+350.20_伯舒拉岭进口右线DyK10+350.2洞身素描记录表.pdf,FACE_SKETCH
b290b377eec3a4f765a29e4b,CHECKBOX_POSITION,b290b377eec3a4f765a29e4b,,DyK1013+350.20_伯舒拉岭进口右线DyK10+350.2洞身素描记录表.pdf,间距,"(295.55, 309.39, 350.9, 336.59)",0.2～0.6√,INLINE_OR_SUFFIX,False,IN_SCOPE,"(295.55, 309.39, 350.9, 336.59)",0.2～0.6√,same_cell_mark,/Users/zhaoxiaoda/Library/CloudStorage/GoogleDrive-xiaodazhao0608@gmail.com/我的云端硬盘/TBM9/SKETCH/DyK1013+350.20_伯舒拉岭进口右线DyK10+350.2洞身素描记录表.pdf,FACE_SKETCH
b290b377eec3a4f765a29e4b,CHECKBOX_POSITION,b290b377eec3a4f765a29e4b,,DyK1013+350.20_伯舒拉岭进口右线DyK10+350.2洞身素描记录表.pdf,延伸性,"(295.55, 336.59, 350.9, 353.49)",中等√,INLINE_OR_SUFFIX,False,IN_SCOPE,"(295.55, 336.59, 350.9, 353.49)",中等√,same_cell_mark,/Users/zhaoxiaoda/Library/CloudStorage/GoogleDrive-xiaodazhao0608@gmail.com/我的云端硬盘/TBM9/SKETCH/DyK1013+350.20_伯舒拉岭进口右线DyK10+350.2洞身素描记录表.pdf,FACE_SKETCH
b290b377eec3a4f765a29e4b,CHECKBOX_POSITION,b290b377eec3a4f765a29e4b,,DyK1013+350.20_伯舒拉岭进口右线DyK10+350.2洞身素描记录表.pdf,粗糙度,"(302.65, 353.49, 394.5, 373.09)",平整光滑有擦痕√,INLINE_OR_SUFFIX,False,IN_SCOPE,"(302.65, 353.49, 394.5, 373.09)",平整光滑有擦痕√,same_cell_mark,/Users/zhaoxiaoda/Library/CloudStorage/GoogleDrive-xiaodazhao0608@gmail.com/我的云端硬盘/TBM9/SKETCH/DyK1013+350.20_伯舒拉岭进口右线DyK10+350.2洞身素描记录表.pdf,FACE_SKETCH
b290b377eec3a4f765a29e4b,CHECKBOX_POSITION,b290b377eec3a4f765a29e4b,,DyK1013+350.20_伯舒拉岭进口右线DyK10+350.2洞身素描记录表.pdf,张开性,"(224.7, 373.09, 295.55, 404.79)",部分张开 0.1～0.5√,INLINE_OR_SUFFIX,False,IN_SCOPE,"(224.7, 373.09, 295.55, 404.79)",部分张开 0.1～0.5√,same_cell_mark,/Users/zhaoxiaoda/Library/CloudStorage/GoogleDrive-xiaodazhao0608@gmail.com/我的云端硬盘/TBM9/SKETCH/DyK1013+350.20_伯舒拉岭进口右线DyK10+350.2洞身素描记录表.pdf,FACE_SKETCH
b290b377eec3a4f765a29e4b,CHECKBOX_POSITION,b290b377eec3a4f765a29e4b,,DyK1013+350.20_伯舒拉岭进口右线DyK10+350.2洞身素描记录表.pdf,涌水状态,"(373.5, 404.79, 466.45, 436.49)",25～125 涌出或喷出√,INLINE_OR_SUFFIX,False,IN_SCOPE,"(373.5, 404.79, 466.45, 436.49)",25～125 涌出或喷出√,same_cell_mark,/Users/zhaoxiaoda/Library/CloudStorage/GoogleDrive-xiaodazhao0608@gmail.com/我的云端硬盘/TBM9/SKETCH/DyK1013+350.20_伯舒拉岭进口右线DyK10+350.2洞身素描记录表.pdf,FACE_SKETCH
b290b377eec3a4f765a29e4b,CHECKBOX_POSITION,b290b377eec3a4f765a29e4b,,DyK1013+350.20_伯舒拉岭进口右线DyK10+350.2洞身素描记录表.pdf,岩溶发育程度,"(224.7, 436.49, 295.55, 452.59)",无√,INLINE_OR_SUFFIX,False,IN_SCOPE,"(224.7, 436.49, 295.55, 452.59)",无√,same_cell_mark,/Users/zhaoxiaoda/Library/CloudStorage/GoogleDrive-xiaodazhao0608@gmail.com/我的云端硬盘/TBM9/SKETCH/DyK1013+350.20_伯舒拉岭进口右线DyK10+350.2洞身素描记录表.pdf,FACE_SKETCH
da98da5ae2750f54728a633f,CHECKBOX_POSITION,da98da5ae2750f54728a633f,,DyK1013+373.00_伯舒拉岭进口右线DyK10+373洞身素描记录表.pdf,掌子面状态,"(224.7, 213.78999999999996, 295.55, 229.89)",正面掉块√,INLINE_OR_SUFFIX,False,IN_SCOPE,"(224.7, 213.78999999999996, 295.55, 229.89)",正面掉块√,same_cell_mark,/Users/zhaoxiaoda/Library/CloudStorage/GoogleDrive-xiaodazhao0608@gmail.com/我的云端硬盘/TBM9/SKETCH/DyK1013+373.00_伯舒拉岭进口右线DyK10+373洞身素描记录表.pdf,FACE_SKETCH
da98da5ae2750f54728a633f,CHECKBOX_POSITION,da98da5ae2750f54728a633f,,DyK1013+373.00_伯舒拉岭进口右线DyK10+373洞身素描记录表.pdf,毛开挖面状态,"(224.7, 229.89, 295.55, 261.59000000000003)",随时间松弛、 掉块√,INLINE_OR_SUFFIX,False,IN_SCOPE,"(224.7, 229.89, 295.55, 261.59000000000003)",随时间松弛、 掉块√,same_cell_mark,/Users/zhaoxiaoda/Library/CloudStorage/GoogleDrive-xiaodazhao0608@gmail.com/我的云端硬盘/TBM9/SKETCH/DyK1013+373.00_伯舒拉岭进口右线DyK10+373洞身素描记录表.pdf,FACE_SKETCH
da98da5ae2750f54728a633f,CHECKBOX_POSITION,da98da5ae2750f54728a633f,,DyK1013+373.00_伯舒拉岭进口右线DyK10+373洞身素描记录表.pdf,岩石强度,"(224.7, 261.59000000000003, 295.55, 293.2900000000001)",30＜R≤60√,INLINE_OR_SUFFIX,False,IN_SCOPE,"(224.7, 261.59000000000003, 295.55, 293.2900000000001)",30＜R≤60√,same_cell_mark,/Users/zhaoxiaoda/Library/CloudStorage/GoogleDrive-xiaodazhao0608@gmail.com/我的云端硬盘/TBM9/SKETCH/DyK1013+373.00_伯舒拉岭进口右线DyK10+373洞身素描记录表.pdf,FACE_SKETCH
da98da5ae2750f54728a633f,CHECKBOX_POSITION,da98da5ae2750f54728a633f,,DyK1013+373.00_伯舒拉岭进口右线DyK10+373洞身素描记录表.pdf,风化程度,"(295.55, 293.2900000000001, 350.9, 309.39)",弱风化√,INLINE_OR_SUFFIX,False,IN_SCOPE,"(295.55, 293.2900000000001, 350.9, 309.39)",弱风化√,same_cell_mark,/Users/zhaoxiaoda/Library/CloudStorage/GoogleDrive-xiaodazhao0608@gmail.com/我的云端硬盘/TBM9/SKETCH/DyK1013+373.00_伯舒拉岭进口右线DyK10+373洞身素描记录表.pdf,FACE_SKETCH
da98da5ae2750f54728a633f,CHECKBOX_POSITION,da98da5ae2750f54728a633f,,DyK1013+373.00_伯舒拉岭进口右线DyK10+373洞身素描记录表.pdf,间距,"(295.55, 309.39, 350.9, 336.59)",0.2～0.6√,INLINE_OR_SUFFIX,False,IN_SCOPE,"(295.55, 309.39, 350.9, 336.59)",0.2～0.6√,same_cell_mark,/Users/zhaoxiaoda/Library/CloudStorage/GoogleDrive-xiaodazhao0608@gmail.com/我的云端硬盘/TBM9/SKETCH/DyK1013+373.00_伯舒拉岭进口右线DyK10+373洞身素描记录表.pdf,FACE_SKETCH
da98da5ae2750f54728a633f,CHECKBOX_POSITION,da98da5ae2750f54728a633f,,DyK1013+373.00_伯舒拉岭进口右线DyK10+373洞身素描记录表.pdf,延伸性,"(295.55, 336.59, 350.9, 353.49)",中等√,INLINE_OR_SUFFIX,False,IN_SCOPE,"(295.55, 336.59, 350.9, 353.49)",中等√,same_cell_mark,/Users/zhaoxiaoda/Library/CloudStorage/GoogleDrive-xiaodazhao0608@gmail.com/我的云端硬盘/TBM9/SKETCH/DyK1013+373.00_伯舒拉岭进口右线DyK10+373洞身素描记录表.pdf,FACE_SKETCH
da98da5ae2750f54728a633f,CHECKBOX_POSITION,da98da5ae2750f54728a633f,,DyK1013+373.00_伯舒拉岭进口右线DyK10+373洞身素描记录表.pdf,粗糙度,"(302.65, 353.49, 394.5, 373.09)",平整光滑有擦痕√,INLINE_OR_SUFFIX,False,IN_SCOPE,"(302.65, 353.49, 394.5, 373.09)",平整光滑有擦痕√,same_cell_mark,/Users/zhaoxiaoda/Library/CloudStorage/GoogleDrive-xiaodazhao0608@gmail.com/我的云端硬盘/TBM9/SKETCH/DyK1013+373.00_伯舒拉岭进口右线DyK10+373洞身素描记录表.pdf,FACE_SKETCH
da98da5ae2750f54728a633f,CHECKBOX_POSITION,da98da5ae2750f54728a633f,,DyK1013+373.00_伯舒拉岭进口右线DyK10+373洞身素描记录表.pdf,张开性,"(224.7, 373.09, 295.55, 404.79)",部分张开 0.1～0.5√,INLINE_OR_SUFFIX,False,IN_SCOPE,"(224.7, 373.09, 295.55, 404.79)",部分张开 0.1～0.5√,same_cell_mark,/Users/zhaoxiaoda/Library/CloudStorage/GoogleDrive-xiaodazhao0608@gmail.com/我的云端硬盘/TBM9/SKETCH/DyK1013+373.00_伯舒拉岭进口右线DyK10+373洞身素描记录表.pdf,FACE_SKETCH
da98da5ae2750f54728a633f,CHECKBOX_POSITION,da98da5ae2750f54728a633f,,DyK1013+373.00_伯舒拉岭进口右线DyK10+373洞身素描记录表.pdf,涌水状态,"(373.5, 404.79, 466.45, 436.49)",25～125 涌出或喷出√,INLINE_OR_SUFFIX,False,IN_SCOPE,"(373.5, 404.79, 466.45, 436.49)",25～125 涌出或喷出√,same_cell_mark,/Users/zhaoxiaoda/Library/CloudStorage/GoogleDrive-xiaodazhao0608@gmail.com/我的云端硬盘/TBM9/SKETCH/DyK1013+373.00_伯舒拉岭进口右线DyK10+373洞身素描记录表.pdf,FACE_SKETCH
da98da5ae2750f54728a633f,CHECKBOX_POSITION,da98da5ae2750f54728a633f,,DyK1013+373.00_伯舒拉岭进口右线DyK10+373洞身素描记录表.pdf,岩溶发育程度,"(224.7, 436.49, 295.55, 452.59)",无√,INLINE_OR_SUFFIX,False,IN_SCOPE,"(224.7, 436.49, 295.55, 452.59)",无√,same_cell_mark,/Users/zhaoxiaoda/Library/CloudStorage/GoogleDrive-xiaodazhao0608@gmail.com/我的云端硬盘/TBM9/SKETCH/DyK1013+373.00_伯舒拉岭进口右线DyK10+373洞身素描记录表.pdf,FACE_SKETCH
02523bc25efb424ef47e6e1b,CHECKBOX_POSITION,02523bc25efb424ef47e6e1b,,DyK1013+403.00_伯舒拉岭进口右线DyK10+403洞身素描记录表.pdf,掌子面状态,"(224.7, 213.78999999999996, 295.55, 229.89)",正面掉块√,INLINE_OR_SUFFIX,False,IN_SCOPE,"(224.7, 213.78999999999996, 295.55, 229.89)",正面掉块√,same_cell_mark,/Users/zhaoxiaoda/Library/CloudStorage/GoogleDrive-xiaodazhao0608@gmail.com/我的云端硬盘/TBM9/SKETCH/DyK1013+403.00_伯舒拉岭进口右线DyK10+403洞身素描记录表.pdf,FACE_SKETCH
02523bc25efb424ef47e6e1b,CHECKBOX_POSITION,02523bc25efb424ef47e6e1b,,DyK1013+403.00_伯舒拉岭进口右线DyK10+403洞身素描记录表.pdf,毛开挖面状态,"(224.7, 229.89, 295.55, 261.59000000000003)",随时间松弛、 掉块√,INLINE_OR_SUFFIX,False,IN_SCOPE,"(224.7, 229.89, 295.55, 261.59000000000003)",随时间松弛、 掉块√,same_cell_mark,/Users/zhaoxiaoda/Library/CloudStorage/GoogleDrive-xiaodazhao0608@gmail.com/我的云端硬盘/TBM9/SKETCH/DyK1013+403.00_伯舒拉岭进口右线DyK10+403洞身素描记录表.pdf,FACE_SKETCH
02523bc25efb424ef47e6e1b,CHECKBOX_POSITION,02523bc25efb424ef47e6e1b,,DyK1013+403.00_伯舒拉岭进口右线DyK10+403洞身素描记录表.pdf,岩石强度,"(224.7, 261.59000000000003, 295.55, 293.2900000000001)",30＜R≤60√,INLINE_OR_SUFFIX,False,IN_SCOPE,"(224.7, 261.59000000000003, 295.55, 293.2900000000001)",30＜R≤60√,same_cell_mark,/Users/zhaoxiaoda/Library/CloudStorage/GoogleDrive-xiaodazhao0608@gmail.com/我的云端硬盘/TBM9/SKETCH/DyK1013+403.00_伯舒拉岭进口右线DyK10+403洞身素描记录表.pdf,FACE_SKETCH
02523bc25efb424ef47e6e1b,CHECKBOX_POSITION,02523bc25efb424ef47e6e1b,,DyK1013+403.00_伯舒拉岭进口右线DyK10+403洞身素描记录表.pdf,风化程度,"(295.55, 293.2900000000001, 350.9, 309.39)",弱风化√,INLINE_OR_SUFFIX,False,IN_SCOPE,"(295.55, 293.2900000000001, 350.9, 309.39)",弱风化√,same_cell_mark,/Users/zhaoxiaoda/Library/CloudStorage/GoogleDrive-xiaodazhao0608@gmail.com/我的云端硬盘/TBM9/SKETCH/DyK1013+403.00_伯舒拉岭进口右线DyK10+403洞身素描记录表.pdf,FACE_SKETCH
02523bc25efb424ef47e6e1b,CHECKBOX_POSITION,02523bc25efb424ef47e6e1b,,DyK1013+403.00_伯舒拉岭进口右线DyK10+403洞身素描记录表.pdf,间距,"(295.55, 309.39, 350.9, 336.59)",0.2～0.6√,INLINE_OR_SUFFIX,False,IN_SCOPE,"(295.55, 309.39, 350.9, 336.59)",0.2～0.6√,same_cell_mark,/Users/zhaoxiaoda/Library/CloudStorage/GoogleDrive-xiaodazhao0608@gmail.com/我的云端硬盘/TBM9/SKETCH/DyK1013+403.00_伯舒拉岭进口右线DyK10+403洞身素描记录表.pdf,FACE_SKETCH
02523bc25efb424ef47e6e1b,CHECKBOX_POSITION,02523bc25efb424ef47e6e1b,,DyK1013+403.00_伯舒拉岭进口右线DyK10+403洞身素描记录表.pdf,延伸性,"(295.55, 336.59, 350.9, 353.49)",中等√,INLINE_OR_SUFFIX,False,IN_SCOPE,"(295.55, 336.59, 350.9, 353.49)",中等√,same_cell_mark,/Users/zhaoxiaoda/Library/CloudStorage/GoogleDrive-xiaodazhao0608@gmail.com/我的云端硬盘/TBM9/SKETCH/DyK1013+403.00_伯舒拉岭进口右线DyK10+403洞身素描记录表.pdf,FACE_SKETCH
02523bc25efb424ef47e6e1b,CHECKBOX_POSITION,02523bc25efb424ef47e6e1b,,DyK1013+403.00_伯舒拉岭进口右线DyK10+403洞身素描记录表.pdf,粗糙度,"(302.65, 353.49, 394.5, 373.09)",平整光滑有擦痕√,INLINE_OR_SUFFIX,False,IN_SCOPE,"(302.65, 353.49, 394.5, 373.09)",平整光滑有擦痕√,same_cell_mark,/Users/zhaoxiaoda/Library/CloudStorage/GoogleDrive-xiaodazhao0608@gmail.com/我的云端硬盘/TBM9/SKETCH/DyK1013+403.00_伯舒拉岭进口右线DyK10+403洞身素描记录表.pdf,FACE_SKETCH
02523bc25efb424ef47e6e1b,CHECKBOX_POSITION,02523bc25efb424ef47e6e1b,,DyK1013+403.00_伯舒拉岭进口右线DyK10+403洞身素描记录表.pdf,张开性,"(224.7, 373.09, 295.55, 404.79)",部分张开 0.1～0.5√,INLINE_OR_SUFFIX,False,IN_SCOPE,"(224.7, 373.09, 295.55, 404.79)",部分张开 0.1～0.5√,same_cell_mark,/Users/zhaoxiaoda/Library/CloudStorage/GoogleDrive-xiaodazhao0608@gmail.com/我的云端硬盘/TBM9/SKETCH/DyK1013+403.00_伯舒拉岭进口右线DyK10+403洞身素描记录表.pdf,FACE_SKETCH
02523bc25efb424ef47e6e1b,CHECKBOX_POSITION,02523bc25efb424ef47e6e1b,,DyK1013+403.00_伯舒拉岭进口右线DyK10+403洞身素描记录表.pdf,涌水状态,"(373.5, 404.79, 466.45, 436.49)",25～125 涌出或喷出√,INLINE_OR_SUFFIX,False,IN_SCOPE,"(373.5, 404.79, 466.45, 436.49)",25～125 涌出或喷出√,same_cell_mark,/Users/zhaoxiaoda/Library/CloudStorage/GoogleDrive-xiaodazhao0608@gmail.com/我的云端硬盘/TBM9/SKETCH/DyK1013+403.00_伯舒拉岭进口右线DyK10+403洞身素描记录表.pdf,FACE_SKETCH
02523bc25efb424ef47e6e1b,CHECKBOX_POSITION,02523bc25efb424ef47e6e1b,,DyK1013+403.00_伯舒拉岭进口右线DyK10+403洞身素描记录表.pdf,岩溶发育程度,"(224.7, 436.49, 295.55, 452.59)",无√,INLINE_OR_SUFFIX,False,IN_SCOPE,"(224.7, 436.49, 295.55, 452.59)",无√,same_cell_mark,/Users/zhaoxiaoda/Library/CloudStorage/GoogleDrive-xiaodazhao0608@gmail.com/我的云端硬盘/TBM9/SKETCH/DyK1013+403.00_伯舒拉岭进口右线DyK10+403洞身素描记录表.pdf,FACE_SKETCH
209325ba8775902829eb062a,CHECKBOX_POSITION,209325ba8775902829eb062a,,DyK1013+433.00_伯舒拉岭进口右线DyK10+433洞身素描记录表.pdf,掌子面状态,"(224.7, 213.78999999999996, 295.55, 229.89)",正面掉块√,INLINE_OR_SUFFIX,False,IN_SCOPE,"(224.7, 213.78999999999996, 295.55, 229.89)",正面掉块√,same_cell_mark,/Users/zhaoxiaoda/Library/CloudStorage/GoogleDrive-xiaodazhao0608@gmail.com/我的云端硬盘/TBM9/SKETCH/DyK1013+433.00_伯舒拉岭进口右线DyK10+433洞身素描记录表.pdf,FACE_SKETCH
209325ba8775902829eb062a,CHECKBOX_POSITION,209325ba8775902829eb062a,,DyK1013+433.00_伯舒拉岭进口右线DyK10+433洞身素描记录表.pdf,毛开挖面状态,"(224.7, 229.89, 295.55, 261.59000000000003)",随时间松弛、 掉块√,INLINE_OR_SUFFIX,False,IN_SCOPE,"(224.7, 229.89, 295.55, 261.59000000000003)",随时间松弛、 掉块√,same_cell_mark,/Users/zhaoxiaoda/Library/CloudStorage/GoogleDrive-xiaodazhao0608@gmail.com/我的云端硬盘/TBM9/SKETCH/DyK1013+433.00_伯舒拉岭进口右线DyK10+433洞身素描记录表.pdf,FACE_SKETCH
209325ba8775902829eb062a,CHECKBOX_POSITION,209325ba8775902829eb062a,,DyK1013+433.00_伯舒拉岭进口右线DyK10+433洞身素描记录表.pdf,岩石强度,"(224.7, 261.59000000000003, 295.55, 293.2900000000001)",30＜R≤60√,INLINE_OR_SUFFIX,False,IN_SCOPE,"(224.7, 261.59000000000003, 295.55, 293.2900000000001)",30＜R≤60√,same_cell_mark,/Users/zhaoxiaoda/Library/CloudStorage/GoogleDrive-xiaodazhao0608@gmail.com/我的云端硬盘/TBM9/SKETCH/DyK1013+433.00_伯舒拉岭进口右线DyK10+433洞身素描记录表.pdf,FACE_SKETCH
209325ba8775902829eb062a,CHECKBOX_POSITION,209325ba8775902829eb062a,,DyK1013+433.00_伯舒拉岭进口右线DyK10+433洞身素描记录表.pdf,风化程度,"(295.55, 293.2900000000001, 350.9, 309.39)",弱风化√,INLINE_OR_SUFFIX,False,IN_SCOPE,"(295.55, 293.2900000000001, 350.9, 309.39)",弱风化√,same_cell_mark,/Users/zhaoxiaoda/Library/CloudStorage/GoogleDrive-xiaodazhao0608@gmail.com/我的云端硬盘/TBM9/SKETCH/DyK1013+433.00_伯舒拉岭进口右线DyK10+433洞身素描记录表.pdf,FACE_SKETCH
209325ba8775902829eb062a,CHECKBOX_POSITION,209325ba8775902829eb062a,,DyK1013+433.00_伯舒拉岭进口右线DyK10+433洞身素描记录表.pdf,间距,"(295.55, 309.39, 350.9, 336.59)",0.2～0.6√,INLINE_OR_SUFFIX,False,IN_SCOPE,"(295.55, 309.39, 350.9, 336.59)",0.2～0.6√,same_cell_mark,/Users/zhaoxiaoda/Library/CloudStorage/GoogleDrive-xiaodazhao0608@gmail.com/我的云端硬盘/TBM9/SKETCH/DyK1013+433.00_伯舒拉岭进口右线DyK10+433洞身素描记录表.pdf,FACE_SKETCH
209325ba8775902829eb062a,CHECKBOX_POSITION,209325ba8775902829eb062a,,DyK1013+433.00_伯舒拉岭进口右线DyK10+433洞身素描记录表.pdf,延伸性,"(295.55, 336.59, 350.9, 353.49)",中等√,INLINE_OR_SUFFIX,False,IN_SCOPE,"(295.55, 336.59, 350.9, 353.49)",中等√,same_cell_mark,/Users/zhaoxiaoda/Library/CloudStorage/GoogleDrive-xiaodazhao0608@gmail.com/我的云端硬盘/TBM9/SKETCH/DyK1013+433.00_伯舒拉岭进口右线DyK10+433洞身素描记录表.pdf,FACE_SKETCH
209325ba8775902829eb062a,CHECKBOX_POSITION,209325ba8775902829eb062a,,DyK1013+433.00_伯舒拉岭进口右线DyK10+433洞身素描记录表.pdf,粗糙度,"(302.65, 353.49, 394.5, 373.09)",平整光滑有擦痕√,INLINE_OR_SUFFIX,False,IN_SCOPE,"(302.65, 353.49, 394.5, 373.09)",平整光滑有擦痕√,same_cell_mark,/Users/zhaoxiaoda/Library/CloudStorage/GoogleDrive-xiaodazhao0608@gmail.com/我的云端硬盘/TBM9/SKETCH/DyK1013+433.00_伯舒拉岭进口右线DyK10+433洞身素描记录表.pdf,FACE_SKETCH
209325ba8775902829eb062a,CHECKBOX_POSITION,209325ba8775902829eb062a,,DyK1013+433.00_伯舒拉岭进口右线DyK10+433洞身素描记录表.pdf,张开性,"(224.7, 373.09, 295.55, 404.79)",部分张开 0.1～0.5√,INLINE_OR_SUFFIX,False,IN_SCOPE,"(224.7, 373.09, 295.55, 404.79)",部分张开 0.1～0.5√,same_cell_mark,/Users/zhaoxiaoda/Library/CloudStorage/GoogleDrive-xiaodazhao0608@gmail.com/我的云端硬盘/TBM9/SKETCH/DyK1013+433.00_伯舒拉岭进口右线DyK10+433洞身素描记录表.pdf,FACE_SKETCH
209325ba8775902829eb062a,CHECKBOX_POSITION,209325ba8775902829eb062a,,DyK1013+433.00_伯舒拉岭进口右线DyK10+433洞身素描记录表.pdf,涌水状态,"(373.5, 404.79, 466.45, 436.49)",25～125 涌出或喷出√,INLINE_OR_SUFFIX,False,IN_SCOPE,"(373.5, 404.79, 466.45, 436.49)",25～125 涌出或喷出√,same_cell_mark,/Users/zhaoxiaoda/Library/CloudStorage/GoogleDrive-xiaodazhao0608@gmail.com/我的云端硬盘/TBM9/SKETCH/DyK1013+433.00_伯舒拉岭进口右线DyK10+433洞身素描记录表.pdf,FACE_SKETCH
209325ba8775902829eb062a,CHECKBOX_POSITION,209325ba8775902829eb062a,,DyK1013+433.00_伯舒拉岭进口右线DyK10+433洞身素描记录表.pdf,岩溶发育程度,"(224.7, 436.49, 295.55, 452.59)",无√,INLINE_OR_SUFFIX,False,IN_SCOPE,"(224.7, 436.49, 295.55, 452.59)",无√,same_cell_mark,/Users/zhaoxiaoda/Library/CloudStorage/GoogleDrive-xiaodazhao0608@gmail.com/我的云端硬盘/TBM9/SKETCH/DyK1013+433.00_伯舒拉岭进口右线DyK10+433洞身素描记录表.pdf,FACE_SKETCH
1251701479b35d57166165ad,CHECKBOX_POSITION,1251701479b35d57166165ad,,DyK1013+455.20_伯舒拉岭进口右线DyK10+455.2洞身素描记录表.pdf,掌子面状态,"(224.7, 213.78999999999996, 295.55, 229.89)",正面掉块√,INLINE_OR_SUFFIX,False,IN_SCOPE,"(224.7, 213.78999999999996, 295.55, 229.89)",正面掉块√,same_cell_mark,/Users/zhaoxiaoda/Library/CloudStorage/GoogleDrive-xiaodazhao0608@gmail.com/我的云端硬盘/TBM9/SKETCH/DyK1013+455.20_伯舒拉岭进口右线DyK10+455.2洞身素描记录表.pdf,FACE_SKETCH
1251701479b35d57166165ad,CHECKBOX_POSITION,1251701479b35d57166165ad,,DyK1013+455.20_伯舒拉岭进口右线DyK10+455.2洞身素描记录表.pdf,毛开挖面状态,"(224.7, 229.89, 295.55, 261.59000000000003)",随时间松弛、 掉块√,INLINE_OR_SUFFIX,False,IN_SCOPE,"(224.7, 229.89, 295.55, 261.59000000000003)",随时间松弛、 掉块√,same_cell_mark,/Users/zhaoxiaoda/Library/CloudStorage/GoogleDrive-xiaodazhao0608@gmail.com/我的云端硬盘/TBM9/SKETCH/DyK1013+455.20_伯舒拉岭进口右线DyK10+455.2洞身素描记录表.pdf,FACE_SKETCH
1251701479b35d57166165ad,CHECKBOX_POSITION,1251701479b35d57166165ad,,DyK1013+455.20_伯舒拉岭进口右线DyK10+455.2洞身素描记录表.pdf,岩石强度,"(224.7, 261.59000000000003, 295.55, 293.2900000000001)",30＜R≤60√,INLINE_OR_SUFFIX,False,IN_SCOPE,"(224.7, 261.59000000000003, 295.55, 293.2900000000001)",30＜R≤60√,same_cell_mark,/Users/zhaoxiaoda/Library/CloudStorage/GoogleDrive-xiaodazhao0608@gmail.com/我的云端硬盘/TBM9/SKETCH/DyK1013+455.20_伯舒拉岭进口右线DyK10+455.2洞身素描记录表.pdf,FACE_SKETCH
1251701479b35d57166165ad,CHECKBOX_POSITION,1251701479b35d57166165ad,,DyK1013+455.20_伯舒拉岭进口右线DyK10+455.2洞身素描记录表.pdf,风化程度,"(295.55, 293.2900000000001, 350.9, 309.39)",弱风化√,INLINE_OR_SUFFIX,False,IN_SCOPE,"(295.55, 293.2900000000001, 350.9, 309.39)",弱风化√,same_cell_mark,/Users/zhaoxiaoda/Library/CloudStorage/GoogleDrive-xiaodazhao0608@gmail.com/我的云端硬盘/TBM9/SKETCH/DyK1013+455.20_伯舒拉岭进口右线DyK10+455.2洞身素描记录表.pdf,FACE_SKETCH
1251701479b35d57166165ad,CHECKBOX_POSITION,1251701479b35d57166165ad,,DyK1013+455.20_伯舒拉岭进口右线DyK10+455.2洞身素描记录表.pdf,间距,"(295.55, 309.39, 350.9, 336.59)",0.2～0.6√,INLINE_OR_SUFFIX,False,IN_SCOPE,"(295.55, 309.39, 350.9, 336.59)",0.2～0.6√,same_cell_mark,/Users/zhaoxiaoda/Library/CloudStorage/GoogleDrive-xiaodazhao0608@gmail.com/我的云端硬盘/TBM9/SKETCH/DyK1013+455.20_伯舒拉岭进口右线DyK10+455.2洞身素描记录表.pdf,FACE_SKETCH
1251701479b35d57166165ad,CHECKBOX_POSITION,1251701479b35d57166165ad,,DyK1013+455.20_伯舒拉岭进口右线DyK10+455.2洞身素描记录表.pdf,延伸性,"(295.55, 336.59, 350.9, 353.49)",中等√,INLINE_OR_SUFFIX,False,IN_SCOPE,"(295.55, 336.59, 350.9, 353.49)",中等√,same_cell_mark,/Users/zhaoxiaoda/Library/CloudStorage/GoogleDrive-xiaodazhao0608@gmail.com/我的云端硬盘/TBM9/SKETCH/DyK1013+455.20_伯舒拉岭进口右线DyK10+455.2洞身素描记录表.pdf,FACE_SKETCH
1251701479b35d57166165ad,CHECKBOX_POSITION,1251701479b35d57166165ad,,DyK1013+455.20_伯舒拉岭进口右线DyK10+455.2洞身素描记录表.pdf,粗糙度,"(302.65, 353.49, 394.5, 373.09)",平整光滑有擦痕√,INLINE_OR_SUFFIX,False,IN_SCOPE,"(302.65, 353.49, 394.5, 373.09)",平整光滑有擦痕√,same_cell_mark,/Users/zhaoxiaoda/Library/CloudStorage/GoogleDrive-xiaodazhao0608@gmail.com/我的云端硬盘/TBM9/SKETCH/DyK1013+455.20_伯舒拉岭进口右线DyK10+455.2洞身素描记录表.pdf,FACE_SKETCH
1251701479b35d57166165ad,CHECKBOX_POSITION,1251701479b35d57166165ad,,DyK1013+455.20_伯舒拉岭进口右线DyK10+455.2洞身素描记录表.pdf,张开性,"(224.7, 373.09, 295.55, 404.79)",部分张开 0.1～0.5√,INLINE_OR_SUFFIX,False,IN_SCOPE,"(224.7, 373.09, 295.55, 404.79)",部分张开 0.1～0.5√,same_cell_mark,/Users/zhaoxiaoda/Library/CloudStorage/GoogleDrive-xiaodazhao0608@gmail.com/我的云端硬盘/TBM9/SKETCH/DyK1013+455.20_伯舒拉岭进口右线DyK10+455.2洞身素描记录表.pdf,FACE_SKETCH
1251701479b35d57166165ad,CHECKBOX_POSITION,1251701479b35d57166165ad,,DyK1013+455.20_伯舒拉岭进口右线DyK10+455.2洞身素描记录表.pdf,涌水状态,"(373.5, 404.79, 466.45, 436.49)",25～125 涌出或喷出√,INLINE_OR_SUFFIX,False,IN_SCOPE,"(373.5, 404.79, 466.45, 436.49)",25～125 涌出或喷出√,same_cell_mark,/Users/zhaoxiaoda/Library/CloudStorage/GoogleDrive-xiaodazhao0608@gmail.com/我的云端硬盘/TBM9/SKETCH/DyK1013+455.20_伯舒拉岭进口右线DyK10+455.2洞身素描记录表.pdf,FACE_SKETCH
1251701479b35d57166165ad,CHECKBOX_POSITION,1251701479b35d57166165ad,,DyK1013+455.20_伯舒拉岭进口右线DyK10+455.2洞身素描记录表.pdf,岩溶发育程度,"(224.7, 436.49, 295.55, 452.59)",无√,INLINE_OR_SUFFIX,False,IN_SCOPE,"(224.7, 436.49, 295.55, 452.59)",无√,same_cell_mark,/Users/zhaoxiaoda/Library/CloudStorage/GoogleDrive-xiaodazhao0608@gmail.com/我的云端硬盘/TBM9/SKETCH/DyK1013+455.20_伯舒拉岭进口右线DyK10+455.2洞身素描记录表.pdf,FACE_SKETCH
52cacac91fb5b92032fa961d,CHECKBOX_POSITION,52cacac91fb5b92032fa961d,,DyK1013+485.20_伯舒拉岭进口右线DyK10+485.2洞身素描记录表.pdf,掌子面状态,"(224.7, 213.78999999999996, 295.55, 229.89)",正面掉块√,INLINE_OR_SUFFIX,False,IN_SCOPE,"(224.7, 213.78999999999996, 295.55, 229.89)",正面掉块√,same_cell_mark,/Users/zhaoxiaoda/Library/CloudStorage/GoogleDrive-xiaodazhao0608@gmail.com/我的云端硬盘/TBM9/SKETCH/DyK1013+485.20_伯舒拉岭进口右线DyK10+485.2洞身素描记录表.pdf,FACE_SKETCH
52cacac91fb5b92032fa961d,CHECKBOX_POSITION,52cacac91fb5b92032fa961d,,DyK1013+485.20_伯舒拉岭进口右线DyK10+485.2洞身素描记录表.pdf,毛开挖面状态,"(224.7, 229.89, 295.55, 261.59000000000003)",随时间松弛、 掉块√,INLINE_OR_SUFFIX,False,IN_SCOPE,"(224.7, 229.89, 295.55, 261.59000000000003)",随时间松弛、 掉块√,same_cell_mark,/Users/zhaoxiaoda/Library/CloudStorage/GoogleDrive-xiaodazhao0608@gmail.com/我的云端硬盘/TBM9/SKETCH/DyK1013+485.20_伯舒拉岭进口右线DyK10+485.2洞身素描记录表.pdf,FACE_SKETCH
52cacac91fb5b92032fa961d,CHECKBOX_POSITION,52cacac91fb5b92032fa961d,,DyK1013+485.20_伯舒拉岭进口右线DyK10+485.2洞身素描记录表.pdf,岩石强度,"(224.7, 261.59000000000003, 295.55, 293.2900000000001)",30＜R≤60√,INLINE_OR_SUFFIX,False,IN_SCOPE,"(224.7, 261.59000000000003, 295.55, 293.2900000000001)",30＜R≤60√,same_cell_mark,/Users/zhaoxiaoda/Library/CloudStorage/GoogleDrive-xiaodazhao0608@gmail.com/我的云端硬盘/TBM9/SKETCH/DyK1013+485.20_伯舒拉岭进口右线DyK10+485.2洞身素描记录表.pdf,FACE_SKETCH
52cacac91fb5b92032fa961d,CHECKBOX_POSITION,52cacac91fb5b92032fa961d,,DyK1013+485.20_伯舒拉岭进口右线DyK10+485.2洞身素描记录表.pdf,风化程度,"(295.55, 293.2900000000001, 350.9, 309.39)",弱风化√,INLINE_OR_SUFFIX,False,IN_SCOPE,"(295.55, 293.2900000000001, 350.9, 309.39)",弱风化√,same_cell_mark,/Users/zhaoxiaoda/Library/CloudStorage/GoogleDrive-xiaodazhao0608@gmail.com/我的云端硬盘/TBM9/SKETCH/DyK1013+485.20_伯舒拉岭进口右线DyK10+485.2洞身素描记录表.pdf,FACE_SKETCH
52cacac91fb5b92032fa961d,CHECKBOX_POSITION,52cacac91fb5b92032fa961d,,DyK1013+485.20_伯舒拉岭进口右线DyK10+485.2洞身素描记录表.pdf,间距,"(295.55, 309.39, 350.9, 336.59)",0.2～0.6√,INLINE_OR_SUFFIX,False,IN_SCOPE,"(295.55, 309.39, 350.9, 336.59)",0.2～0.6√,same_cell_mark,/Users/zhaoxiaoda/Library/CloudStorage/GoogleDrive-xiaodazhao0608@gmail.com/我的云端硬盘/TBM9/SKETCH/DyK1013+485.20_伯舒拉岭进口右线DyK10+485.2洞身素描记录表.pdf,FACE_SKETCH
52cacac91fb5b92032fa961d,CHECKBOX_POSITION,52cacac91fb5b92032fa961d,,DyK1013+485.20_伯舒拉岭进口右线DyK10+485.2洞身素描记录表.pdf,延伸性,"(295.55, 336.59, 350.9, 353.49)",中等√,INLINE_OR_SUFFIX,False,IN_SCOPE,"(295.55, 336.59, 350.9, 353.49)",中等√,same_cell_mark,/Users/zhaoxiaoda/Library/CloudStorage/GoogleDrive-xiaodazhao0608@gmail.com/我的云端硬盘/TBM9/SKETCH/DyK1013+485.20_伯舒拉岭进口右线DyK10+485.2洞身素描记录表.pdf,FACE_SKETCH
52cacac91fb5b92032fa961d,CHECKBOX_POSITION,52cacac91fb5b92032fa961d,,DyK1013+485.20_伯舒拉岭进口右线DyK10+485.2洞身素描记录表.pdf,粗糙度,"(302.65, 353.49, 394.5, 373.09)",平整光滑有擦痕√,INLINE_OR_SUFFIX,False,IN_SCOPE,"(302.65, 353.49, 394.5, 373.09)",平整光滑有擦痕√,same_cell_mark,/Users/zhaoxiaoda/Library/CloudStorage/GoogleDrive-xiaodazhao0608@gmail.com/我的云端硬盘/TBM9/SKETCH/DyK1013+485.20_伯舒拉岭进口右线DyK10+485.2洞身素描记录表.pdf,FACE_SKETCH
52cacac91fb5b92032fa961d,CHECKBOX_POSITION,52cacac91fb5b92032fa961d,,DyK1013+485.20_伯舒拉岭进口右线DyK10+485.2洞身素描记录表.pdf,张开性,"(224.7, 373.09, 295.55, 404.79)",部分张开 0.1～0.5√,INLINE_OR_SUFFIX,False,IN_SCOPE,"(224.7, 373.09, 295.55, 404.79)",部分张开 0.1～0.5√,same_cell_mark,/Users/zhaoxiaoda/Library/CloudStorage/GoogleDrive-xiaodazhao0608@gmail.com/我的云端硬盘/TBM9/SKETCH/DyK1013+485.20_伯舒拉岭进口右线DyK10+485.2洞身素描记录表.pdf,FACE_SKETCH
52cacac91fb5b92032fa961d,CHECKBOX_POSITION,52cacac91fb5b92032fa961d,,DyK1013+485.20_伯舒拉岭进口右线DyK10+485.2洞身素描记录表.pdf,涌水状态,"(373.5, 404.79, 466.45, 436.49)",25～125 涌出或喷出√,INLINE_OR_SUFFIX,False,IN_SCOPE,"(373.5, 404.79, 466.45, 436.49)",25～125 涌出或喷出√,same_cell_mark,/Users/zhaoxiaoda/Library/CloudStorage/GoogleDrive-xiaodazhao0608@gmail.com/我的云端硬盘/TBM9/SKETCH/DyK1013+485.20_伯舒拉岭进口右线DyK10+485.2洞身素描记录表.pdf,FACE_SKETCH
52cacac91fb5b92032fa961d,CHECKBOX_POSITION,52cacac91fb5b92032fa961d,,DyK1013+485.20_伯舒拉岭进口右线DyK10+485.2洞身素描记录表.pdf,岩溶发育程度,"(224.7, 436.49, 295.55, 452.59)",无√,INLINE_OR_SUFFIX,False,IN_SCOPE,"(224.7, 436.49, 295.55, 452.59)",无√,same_cell_mark,/Users/zhaoxiaoda/Library/CloudStorage/GoogleDrive-xiaodazhao0608@gmail.com/我的云端硬盘/TBM9/SKETCH/DyK1013+485.20_伯舒拉岭进口右线DyK10+485.2洞身素描记录表.pdf,FACE_SKETCH
461518eeef3ab92c61be900b,CHECKBOX_POSITION,461518eeef3ab92c61be900b,,DyK1013+515.20_伯舒拉岭进口右线DyK10+515.2洞身素描记录表.pdf,掌子面状态,"(224.7, 213.78999999999996, 295.55, 229.89)",正面掉块√,INLINE_OR_SUFFIX,False,IN_SCOPE,"(224.7, 213.78999999999996, 295.55, 229.89)",正面掉块√,same_cell_mark,/Users/zhaoxiaoda/Library/CloudStorage/GoogleDrive-xiaodazhao0608@gmail.com/我的云端硬盘/TBM9/SKETCH/DyK1013+515.20_伯舒拉岭进口右线DyK10+515.2洞身素描记录表.pdf,FACE_SKETCH
461518eeef3ab92c61be900b,CHECKBOX_POSITION,461518eeef3ab92c61be900b,,DyK1013+515.20_伯舒拉岭进口右线DyK10+515.2洞身素描记录表.pdf,毛开挖面状态,"(224.7, 229.89, 295.55, 261.59000000000003)",随时间松弛、 掉块√,INLINE_OR_SUFFIX,False,IN_SCOPE,"(224.7, 229.89, 295.55, 261.59000000000003)",随时间松弛、 掉块√,same_cell_mark,/Users/zhaoxiaoda/Library/CloudStorage/GoogleDrive-xiaodazhao0608@gmail.com/我的云端硬盘/TBM9/SKETCH/DyK1013+515.20_伯舒拉岭进口右线DyK10+515.2洞身素描记录表.pdf,FACE_SKETCH
461518eeef3ab92c61be900b,CHECKBOX_POSITION,461518eeef3ab92c61be900b,,DyK1013+515.20_伯舒拉岭进口右线DyK10+515.2洞身素描记录表.pdf,岩石强度,"(224.7, 261.59000000000003, 295.55, 293.2900000000001)",30＜R≤60√,INLINE_OR_SUFFIX,False,IN_SCOPE,"(224.7, 261.59000000000003, 295.55, 293.2900000000001)",30＜R≤60√,same_cell_mark,/Users/zhaoxiaoda/Library/CloudStorage/GoogleDrive-xiaodazhao0608@gmail.com/我的云端硬盘/TBM9/SKETCH/DyK1013+515.20_伯舒拉岭进口右线DyK10+515.2洞身素描记录表.pdf,FACE_SKETCH
461518eeef3ab92c61be900b,CHECKBOX_POSITION,461518eeef3ab92c61be900b,,DyK1013+515.20_伯舒拉岭进口右线DyK10+515.2洞身素描记录表.pdf,风化程度,"(295.55, 293.2900000000001, 350.9, 309.39)",弱风化√,INLINE_OR_SUFFIX,False,IN_SCOPE,"(295.55, 293.2900000000001, 350.9, 309.39)",弱风化√,same_cell_mark,/Users/zhaoxiaoda/Library/CloudStorage/GoogleDrive-xiaodazhao0608@gmail.com/我的云端硬盘/TBM9/SKETCH/DyK1013+515.20_伯舒拉岭进口右线DyK10+515.2洞身素描记录表.pdf,FACE_SKETCH
461518eeef3ab92c61be900b,CHECKBOX_POSITION,461518eeef3ab92c61be900b,,DyK1013+515.20_伯舒拉岭进口右线DyK10+515.2洞身素描记录表.pdf,间距,"(295.55, 309.39, 350.9, 336.59)",0.2～0.6√,INLINE_OR_SUFFIX,False,IN_SCOPE,"(295.55, 309.39, 350.9, 336.59)",0.2～0.6√,same_cell_mark,/Users/zhaoxiaoda/Library/CloudStorage/GoogleDrive-xiaodazhao0608@gmail.com/我的云端硬盘/TBM9/SKETCH/DyK1013+515.20_伯舒拉岭进口右线DyK10+515.2洞身素描记录表.pdf,FACE_SKETCH
461518eeef3ab92c61be900b,CHECKBOX_POSITION,461518eeef3ab92c61be900b,,DyK1013+515.20_伯舒拉岭进口右线DyK10+515.2洞身素描记录表.pdf,延伸性,"(295.55, 336.59, 350.9, 353.49)",中等√,INLINE_OR_SUFFIX,False,IN_SCOPE,"(295.55, 336.59, 350.9, 353.49)",中等√,same_cell_mark,/Users/zhaoxiaoda/Library/CloudStorage/GoogleDrive-xiaodazhao0608@gmail.com/我的云端硬盘/TBM9/SKETCH/DyK1013+515.20_伯舒拉岭进口右线DyK10+515.2洞身素描记录表.pdf,FACE_SKETCH
461518eeef3ab92c61be900b,CHECKBOX_POSITION,461518eeef3ab92c61be900b,,DyK1013+515.20_伯舒拉岭进口右线DyK10+515.2洞身素描记录表.pdf,粗糙度,"(302.65, 353.49, 394.5, 373.09)",平整光滑有擦痕√,INLINE_OR_SUFFIX,False,IN_SCOPE,"(302.65, 353.49, 394.5, 373.09)",平整光滑有擦痕√,same_cell_mark,/Users/zhaoxiaoda/Library/CloudStorage/GoogleDrive-xiaodazhao0608@gmail.com/我的云端硬盘/TBM9/SKETCH/DyK1013+515.20_伯舒拉岭进口右线DyK10+515.2洞身素描记录表.pdf,FACE_SKETCH
461518eeef3ab92c61be900b,CHECKBOX_POSITION,461518eeef3ab92c61be900b,,DyK1013+515.20_伯舒拉岭进口右线DyK10+515.2洞身素描记录表.pdf,张开性,"(224.7, 373.09, 295.55, 404.79)",部分张开 0.1～0.5√,INLINE_OR_SUFFIX,False,IN_SCOPE,"(224.7, 373.09, 295.55, 404.79)",部分张开 0.1～0.5√,same_cell_mark,/Users/zhaoxiaoda/Library/CloudStorage/GoogleDrive-xiaodazhao0608@gmail.com/我的云端硬盘/TBM9/SKETCH/DyK1013+515.20_伯舒拉岭进口右线DyK10+515.2洞身素描记录表.pdf,FACE_SKETCH
461518eeef3ab92c61be900b,CHECKBOX_POSITION,461518eeef3ab92c61be900b,,DyK1013+515.20_伯舒拉岭进口右线DyK10+515.2洞身素描记录表.pdf,涌水状态,"(373.5, 404.79, 466.45, 436.49)",25～125 涌出或喷出√,INLINE_OR_SUFFIX,False,IN_SCOPE,"(373.5, 404.79, 466.45, 436.49)",25～125 涌出或喷出√,same_cell_mark,/Users/zhaoxiaoda/Library/CloudStorage/GoogleDrive-xiaodazhao0608@gmail.com/我的云端硬盘/TBM9/SKETCH/DyK1013+515.20_伯舒拉岭进口右线DyK10+515.2洞身素描记录表.pdf,FACE_SKETCH
461518eeef3ab92c61be900b,CHECKBOX_POSITION,461518eeef3ab92c61be900b,,DyK1013+515.20_伯舒拉岭进口右线DyK10+515.2洞身素描记录表.pdf,岩溶发育程度,"(224.7, 436.49, 295.55, 452.59)",无√,INLINE_OR_SUFFIX,False,IN_SCOPE,"(224.7, 436.49, 295.55, 452.59)",无√,same_cell_mark,/Users/zhaoxiaoda/Library/CloudStorage/GoogleDrive-xiaodazhao0608@gmail.com/我的云端硬盘/TBM9/SKETCH/DyK1013+515.20_伯舒拉岭进口右线DyK10+515.2洞身素描记录表.pdf,FACE_SKETCH
a78d4ad4e8f5dc81b15b774a,CHECKBOX_POSITION,a78d4ad4e8f5dc81b15b774a,,DyK1013+545.00_伯舒拉岭进口右线DyK10+545洞身素描记录表.pdf,掌子面状态,"(224.7, 213.78999999999996, 295.55, 229.89)",正面掉块√,INLINE_OR_SUFFIX,False,IN_SCOPE,"(224.7, 213.78999999999996, 295.55, 229.89)",正面掉块√,same_cell_mark,/Users/zhaoxiaoda/Library/CloudStorage/GoogleDrive-xiaodazhao0608@gmail.com/我的云端硬盘/TBM9/SKETCH/DyK1013+545.00_伯舒拉岭进口右线DyK10+545洞身素描记录表.pdf,FACE_SKETCH
a78d4ad4e8f5dc81b15b774a,CHECKBOX_POSITION,a78d4ad4e8f5dc81b15b774a,,DyK1013+545.00_伯舒拉岭进口右线DyK10+545洞身素描记录表.pdf,毛开挖面状态,"(224.7, 229.89, 295.55, 261.59000000000003)",随时间松弛、 掉块√,INLINE_OR_SUFFIX,False,IN_SCOPE,"(224.7, 229.89, 295.55, 261.59000000000003)",随时间松弛、 掉块√,same_cell_mark,/Users/zhaoxiaoda/Library/CloudStorage/GoogleDrive-xiaodazhao0608@gmail.com/我的云端硬盘/TBM9/SKETCH/DyK1013+545.00_伯舒拉岭进口右线DyK10+545洞身素描记录表.pdf,FACE_SKETCH
a78d4ad4e8f5dc81b15b774a,CHECKBOX_POSITION,a78d4ad4e8f5dc81b15b774a,,DyK1013+545.00_伯舒拉岭进口右线DyK10+545洞身素描记录表.pdf,岩石强度,"(224.7, 261.59000000000003, 295.55, 293.2900000000001)",30＜R≤60√,INLINE_OR_SUFFIX,False,IN_SCOPE,"(224.7, 261.59000000000003, 295.55, 293.2900000000001)",30＜R≤60√,same_cell_mark,/Users/zhaoxiaoda/Library/CloudStorage/GoogleDrive-xiaodazhao0608@gmail.com/我的云端硬盘/TBM9/SKETCH/DyK1013+545.00_伯舒拉岭进口右线DyK10+545洞身素描记录表.pdf,FACE_SKETCH
a78d4ad4e8f5dc81b15b774a,CHECKBOX_POSITION,a78d4ad4e8f5dc81b15b774a,,DyK1013+545.00_伯舒拉岭进口右线DyK10+545洞身素描记录表.pdf,风化程度,"(295.55, 293.2900000000001, 350.9, 309.39)",弱风化√,INLINE_OR_SUFFIX,False,IN_SCOPE,"(295.55, 293.2900000000001, 350.9, 309.39)",弱风化√,same_cell_mark,/Users/zhaoxiaoda/Library/CloudStorage/GoogleDrive-xiaodazhao0608@gmail.com/我的云端硬盘/TBM9/SKETCH/DyK1013+545.00_伯舒拉岭进口右线DyK10+545洞身素描记录表.pdf,FACE_SKETCH
a78d4ad4e8f5dc81b15b774a,CHECKBOX_POSITION,a78d4ad4e8f5dc81b15b774a,,DyK1013+545.00_伯舒拉岭进口右线DyK10+545洞身素描记录表.pdf,间距,"(295.55, 309.39, 350.9, 336.59)",0.2～0.6√,INLINE_OR_SUFFIX,False,IN_SCOPE,"(295.55, 309.39, 350.9, 336.59)",0.2～0.6√,same_cell_mark,/Users/zhaoxiaoda/Library/CloudStorage/GoogleDrive-xiaodazhao0608@gmail.com/我的云端硬盘/TBM9/SKETCH/DyK1013+545.00_伯舒拉岭进口右线DyK10+545洞身素描记录表.pdf,FACE_SKETCH
a78d4ad4e8f5dc81b15b774a,CHECKBOX_POSITION,a78d4ad4e8f5dc81b15b774a,,DyK1013+545.00_伯舒拉岭进口右线DyK10+545洞身素描记录表.pdf,延伸性,"(295.55, 336.59, 350.9, 353.49)",中等√,INLINE_OR_SUFFIX,False,IN_SCOPE,"(295.55, 336.59, 350.9, 353.49)",中等√,same_cell_mark,/Users/zhaoxiaoda/Library/CloudStorage/GoogleDrive-xiaodazhao0608@gmail.com/我的云端硬盘/TBM9/SKETCH/DyK1013+545.00_伯舒拉岭进口右线DyK10+545洞身素描记录表.pdf,FACE_SKETCH
a78d4ad4e8f5dc81b15b774a,CHECKBOX_POSITION,a78d4ad4e8f5dc81b15b774a,,DyK1013+545.00_伯舒拉岭进口右线DyK10+545洞身素描记录表.pdf,粗糙度,"(302.65, 353.49, 394.5, 373.09)",平整光滑有擦痕√,INLINE_OR_SUFFIX,False,IN_SCOPE,"(302.65, 353.49, 394.5, 373.09)",平整光滑有擦痕√,same_cell_mark,/Users/zhaoxiaoda/Library/CloudStorage/GoogleDrive-xiaodazhao0608@gmail.com/我的云端硬盘/TBM9/SKETCH/DyK1013+545.00_伯舒拉岭进口右线DyK10+545洞身素描记录表.pdf,FACE_SKETCH
a78d4ad4e8f5dc81b15b774a,CHECKBOX_POSITION,a78d4ad4e8f5dc81b15b774a,,DyK1013+545.00_伯舒拉岭进口右线DyK10+545洞身素描记录表.pdf,张开性,"(224.7, 373.09, 295.55, 404.79)",部分张开 0.1～0.5√,INLINE_OR_SUFFIX,False,IN_SCOPE,"(224.7, 373.09, 295.55, 404.79)",部分张开 0.1～0.5√,same_cell_mark,/Users/zhaoxiaoda/Library/CloudStorage/GoogleDrive-xiaodazhao0608@gmail.com/我的云端硬盘/TBM9/SKETCH/DyK1013+545.00_伯舒拉岭进口右线DyK10+545洞身素描记录表.pdf,FACE_SKETCH
a78d4ad4e8f5dc81b15b774a,CHECKBOX_POSITION,a78d4ad4e8f5dc81b15b774a,,DyK1013+545.00_伯舒拉岭进口右线DyK10+545洞身素描记录表.pdf,涌水状态,"(373.5, 404.79, 466.45, 436.49)",25～125 涌出或喷出√,INLINE_OR_SUFFIX,False,IN_SCOPE,"(373.5, 404.79, 466.45, 436.49)",25～125 涌出或喷出√,same_cell_mark,/Users/zhaoxiaoda/Library/CloudStorage/GoogleDrive-xiaodazhao0608@gmail.com/我的云端硬盘/TBM9/SKETCH/DyK1013+545.00_伯舒拉岭进口右线DyK10+545洞身素描记录表.pdf,FACE_SKETCH
a78d4ad4e8f5dc81b15b774a,CHECKBOX_POSITION,a78d4ad4e8f5dc81b15b774a,,DyK1013+545.00_伯舒拉岭进口右线DyK10+545洞身素描记录表.pdf,岩溶发育程度,"(224.7, 436.49, 295.55, 452.59)",无√,INLINE_OR_SUFFIX,False,IN_SCOPE,"(224.7, 436.49, 295.55, 452.59)",无√,same_cell_mark,/Users/zhaoxiaoda/Library/CloudStorage/GoogleDrive-xiaodazhao0608@gmail.com/我的云端硬盘/TBM9/SKETCH/DyK1013+545.00_伯舒拉岭进口右线DyK10+545洞身素描记录表.pdf,FACE_SKETCH
26fd4f8081c6f240644707eb,CHECKBOX_POSITION,26fd4f8081c6f240644707eb,,DyK1013+575.00_伯舒拉岭进口右线DyK10+575洞身素描记录表.pdf,掌子面状态,"(224.7, 213.78999999999996, 295.55, 229.89)",正面掉块√,INLINE_OR_SUFFIX,False,IN_SCOPE,"(224.7, 213.78999999999996, 295.55, 229.89)",正面掉块√,same_cell_mark,/Users/zhaoxiaoda/Library/CloudStorage/GoogleDrive-xiaodazhao0608@gmail.com/我的云端硬盘/TBM9/SKETCH/DyK1013+575.00_伯舒拉岭进口右线DyK10+575洞身素描记录表.pdf,FACE_SKETCH
26fd4f8081c6f240644707eb,CHECKBOX_POSITION,26fd4f8081c6f240644707eb,,DyK1013+575.00_伯舒拉岭进口右线DyK10+575洞身素描记录表.pdf,毛开挖面状态,"(224.7, 229.89, 295.55, 261.59000000000003)",随时间松弛、 掉块√,INLINE_OR_SUFFIX,False,IN_SCOPE,"(224.7, 229.89, 295.55, 261.59000000000003)",随时间松弛、 掉块√,same_cell_mark,/Users/zhaoxiaoda/Library/CloudStorage/GoogleDrive-xiaodazhao0608@gmail.com/我的云端硬盘/TBM9/SKETCH/DyK1013+575.00_伯舒拉岭进口右线DyK10+575洞身素描记录表.pdf,FACE_SKETCH
26fd4f8081c6f240644707eb,CHECKBOX_POSITION,26fd4f8081c6f240644707eb,,DyK1013+575.00_伯舒拉岭进口右线DyK10+575洞身素描记录表.pdf,岩石强度,"(224.7, 261.59000000000003, 295.55, 293.2900000000001)",30＜R≤60√,INLINE_OR_SUFFIX,False,IN_SCOPE,"(224.7, 261.59000000000003, 295.55, 293.2900000000001)",30＜R≤60√,same_cell_mark,/Users/zhaoxiaoda/Library/CloudStorage/GoogleDrive-xiaodazhao0608@gmail.com/我的云端硬盘/TBM9/SKETCH/DyK1013+575.00_伯舒拉岭进口右线DyK10+575洞身素描记录表.pdf,FACE_SKETCH
26fd4f8081c6f240644707eb,CHECKBOX_POSITION,26fd4f8081c6f240644707eb,,DyK1013+575.00_伯舒拉岭进口右线DyK10+575洞身素描记录表.pdf,风化程度,"(295.55, 293.2900000000001, 350.9, 309.39)",弱风化√,INLINE_OR_SUFFIX,False,IN_SCOPE,"(295.55, 293.2900000000001, 350.9, 309.39)",弱风化√,same_cell_mark,/Users/zhaoxiaoda/Library/CloudStorage/GoogleDrive-xiaodazhao0608@gmail.com/我的云端硬盘/TBM9/SKETCH/DyK1013+575.00_伯舒拉岭进口右线DyK10+575洞身素描记录表.pdf,FACE_SKETCH
26fd4f8081c6f240644707eb,CHECKBOX_POSITION,26fd4f8081c6f240644707eb,,DyK1013+575.00_伯舒拉岭进口右线DyK10+575洞身素描记录表.pdf,间距,"(295.55, 309.39, 350.9, 336.59)",0.2～0.6√,INLINE_OR_SUFFIX,False,IN_SCOPE,"(295.55, 309.39, 350.9, 336.59)",0.2～0.6√,same_cell_mark,/Users/zhaoxiaoda/Library/CloudStorage/GoogleDrive-xiaodazhao0608@gmail.com/我的云端硬盘/TBM9/SKETCH/DyK1013+575.00_伯舒拉岭进口右线DyK10+575洞身素描记录表.pdf,FACE_SKETCH
26fd4f8081c6f240644707eb,CHECKBOX_POSITION,26fd4f8081c6f240644707eb,,DyK1013+575.00_伯舒拉岭进口右线DyK10+575洞身素描记录表.pdf,延伸性,"(295.55, 336.59, 350.9, 353.49)",中等√,INLINE_OR_SUFFIX,False,IN_SCOPE,"(295.55, 336.59, 350.9, 353.49)",中等√,same_cell_mark,/Users/zhaoxiaoda/Library/CloudStorage/GoogleDrive-xiaodazhao0608@gmail.com/我的云端硬盘/TBM9/SKETCH/DyK1013+575.00_伯舒拉岭进口右线DyK10+575洞身素描记录表.pdf,FACE_SKETCH
26fd4f8081c6f240644707eb,CHECKBOX_POSITION,26fd4f8081c6f240644707eb,,DyK1013+575.00_伯舒拉岭进口右线DyK10+575洞身素描记录表.pdf,粗糙度,"(302.65, 353.49, 394.5, 373.09)",平整光滑有擦痕√,INLINE_OR_SUFFIX,False,IN_SCOPE,"(302.65, 353.49, 394.5, 373.09)",平整光滑有擦痕√,same_cell_mark,/Users/zhaoxiaoda/Library/CloudStorage/GoogleDrive-xiaodazhao0608@gmail.com/我的云端硬盘/TBM9/SKETCH/DyK1013+575.00_伯舒拉岭进口右线DyK10+575洞身素描记录表.pdf,FACE_SKETCH
26fd4f8081c6f240644707eb,CHECKBOX_POSITION,26fd4f8081c6f240644707eb,,DyK1013+575.00_伯舒拉岭进口右线DyK10+575洞身素描记录表.pdf,张开性,"(224.7, 373.09, 295.55, 404.79)",部分张开 0.1～0.5√,INLINE_OR_SUFFIX,False,IN_SCOPE,"(224.7, 373.09, 295.55, 404.79)",部分张开 0.1～0.5√,same_cell_mark,/Users/zhaoxiaoda/Library/CloudStorage/GoogleDrive-xiaodazhao0608@gmail.com/我的云端硬盘/TBM9/SKETCH/DyK1013+575.00_伯舒拉岭进口右线DyK10+575洞身素描记录表.pdf,FACE_SKETCH
26fd4f8081c6f240644707eb,CHECKBOX_POSITION,26fd4f8081c6f240644707eb,,DyK1013+575.00_伯舒拉岭进口右线DyK10+575洞身素描记录表.pdf,涌水状态,"(373.5, 404.79, 466.45, 436.49)",25～125 涌出或喷出√,INLINE_OR_SUFFIX,False,IN_SCOPE,"(373.5, 404.79, 466.45, 436.49)",25～125 涌出或喷出√,same_cell_mark,/Users/zhaoxiaoda/Library/CloudStorage/GoogleDrive-xiaodazhao0608@gmail.com/我的云端硬盘/TBM9/SKETCH/DyK1013+575.00_伯舒拉岭进口右线DyK10+575洞身素描记录表.pdf,FACE_SKETCH
26fd4f8081c6f240644707eb,CHECKBOX_POSITION,26fd4f8081c6f240644707eb,,DyK1013+575.00_伯舒拉岭进口右线DyK10+575洞身素描记录表.pdf,岩溶发育程度,"(224.7, 436.49, 295.55, 452.59)",无√,INLINE_OR_SUFFIX,False,IN_SCOPE,"(224.7, 436.49, 295.55, 452.59)",无√,same_cell_mark,/Users/zhaoxiaoda/Library/CloudStorage/GoogleDrive-xiaodazhao0608@gmail.com/我的云端硬盘/TBM9/SKETCH/DyK1013+575.00_伯舒拉岭进口右线DyK10+575洞身素描记录表.pdf,FACE_SKETCH
ec175e09cec4dd7f79757054,CHECKBOX_POSITION,ec175e09cec4dd7f79757054,,DyK1013+605.00_伯舒拉岭进口右线DyK10+605洞身素描记录表.pdf,掌子面状态,"(224.7, 213.78999999999996, 295.55, 229.89)",正面掉块√,INLINE_OR_SUFFIX,False,IN_SCOPE,"(224.7, 213.78999999999996, 295.55, 229.89)",正面掉块√,same_cell_mark,/Users/zhaoxiaoda/Library/CloudStorage/GoogleDrive-xiaodazhao0608@gmail.com/我的云端硬盘/TBM9/SKETCH/DyK1013+605.00_伯舒拉岭进口右线DyK10+605洞身素描记录表.pdf,FACE_SKETCH
ec175e09cec4dd7f79757054,CHECKBOX_POSITION,ec175e09cec4dd7f79757054,,DyK1013+605.00_伯舒拉岭进口右线DyK10+605洞身素描记录表.pdf,毛开挖面状态,"(224.7, 229.89, 295.55, 261.59000000000003)",随时间松弛、 掉块√,INLINE_OR_SUFFIX,False,IN_SCOPE,"(224.7, 229.89, 295.55, 261.59000000000003)",随时间松弛、 掉块√,same_cell_mark,/Users/zhaoxiaoda/Library/CloudStorage/GoogleDrive-xiaodazhao0608@gmail.com/我的云端硬盘/TBM9/SKETCH/DyK1013+605.00_伯舒拉岭进口右线DyK10+605洞身素描记录表.pdf,FACE_SKETCH
ec175e09cec4dd7f79757054,CHECKBOX_POSITION,ec175e09cec4dd7f79757054,,DyK1013+605.00_伯舒拉岭进口右线DyK10+605洞身素描记录表.pdf,岩石强度,"(224.7, 261.59000000000003, 295.55, 293.2900000000001)",30＜R≤60√,INLINE_OR_SUFFIX,False,IN_SCOPE,"(224.7, 261.59000000000003, 295.55, 293.2900000000001)",30＜R≤60√,same_cell_mark,/Users/zhaoxiaoda/Library/CloudStorage/GoogleDrive-xiaodazhao0608@gmail.com/我的云端硬盘/TBM9/SKETCH/DyK1013+605.00_伯舒拉岭进口右线DyK10+605洞身素描记录表.pdf,FACE_SKETCH
ec175e09cec4dd7f79757054,CHECKBOX_POSITION,ec175e09cec4dd7f79757054,,DyK1013+605.00_伯舒拉岭进口右线DyK10+605洞身素描记录表.pdf,风化程度,"(295.55, 293.2900000000001, 350.9, 309.39)",弱风化√,INLINE_OR_SUFFIX,False,IN_SCOPE,"(295.55, 293.2900000000001, 350.9, 309.39)",弱风化√,same_cell_mark,/Users/zhaoxiaoda/Library/CloudStorage/GoogleDrive-xiaodazhao0608@gmail.com/我的云端硬盘/TBM9/SKETCH/DyK1013+605.00_伯舒拉岭进口右线DyK10+605洞身素描记录表.pdf,FACE_SKETCH
ec175e09cec4dd7f79757054,CHECKBOX_POSITION,ec175e09cec4dd7f79757054,,DyK1013+605.00_伯舒拉岭进口右线DyK10+605洞身素描记录表.pdf,间距,"(295.55, 309.39, 350.9, 336.59)",0.2～0.6√,INLINE_OR_SUFFIX,False,IN_SCOPE,"(295.55, 309.39, 350.9, 336.59)",0.2～0.6√,same_cell_mark,/Users/zhaoxiaoda/Library/CloudStorage/GoogleDrive-xiaodazhao0608@gmail.com/我的云端硬盘/TBM9/SKETCH/DyK1013+605.00_伯舒拉岭进口右线DyK10+605洞身素描记录表.pdf,FACE_SKETCH
ec175e09cec4dd7f79757054,CHECKBOX_POSITION,ec175e09cec4dd7f79757054,,DyK1013+605.00_伯舒拉岭进口右线DyK10+605洞身素描记录表.pdf,延伸性,"(295.55, 336.59, 350.9, 353.49)",中等√,INLINE_OR_SUFFIX,False,IN_SCOPE,"(295.55, 336.59, 350.9, 353.49)",中等√,same_cell_mark,/Users/zhaoxiaoda/Library/CloudStorage/GoogleDrive-xiaodazhao0608@gmail.com/我的云端硬盘/TBM9/SKETCH/DyK1013+605.00_伯舒拉岭进口右线DyK10+605洞身素描记录表.pdf,FACE_SKETCH
ec175e09cec4dd7f79757054,CHECKBOX_POSITION,ec175e09cec4dd7f79757054,,DyK1013+605.00_伯舒拉岭进口右线DyK10+605洞身素描记录表.pdf,粗糙度,"(302.65, 353.49, 394.5, 373.09)",平整光滑有擦痕√,INLINE_OR_SUFFIX,False,IN_SCOPE,"(302.65, 353.49, 394.5, 373.09)",平整光滑有擦痕√,same_cell_mark,/Users/zhaoxiaoda/Library/CloudStorage/GoogleDrive-xiaodazhao0608@gmail.com/我的云端硬盘/TBM9/SKETCH/DyK1013+605.00_伯舒拉岭进口右线DyK10+605洞身素描记录表.pdf,FACE_SKETCH
ec175e09cec4dd7f79757054,CHECKBOX_POSITION,ec175e09cec4dd7f79757054,,DyK1013+605.00_伯舒拉岭进口右线DyK10+605洞身素描记录表.pdf,张开性,"(224.7, 373.09, 295.55, 404.79)",部分张开 0.1～0.5√,INLINE_OR_SUFFIX,False,IN_SCOPE,"(224.7, 373.09, 295.55, 404.79)",部分张开 0.1～0.5√,same_cell_mark,/Users/zhaoxiaoda/Library/CloudStorage/GoogleDrive-xiaodazhao0608@gmail.com/我的云端硬盘/TBM9/SKETCH/DyK1013+605.00_伯舒拉岭进口右线DyK10+605洞身素描记录表.pdf,FACE_SKETCH
ec175e09cec4dd7f79757054,CHECKBOX_POSITION,ec175e09cec4dd7f79757054,,DyK1013+605.00_伯舒拉岭进口右线DyK10+605洞身素描记录表.pdf,涌水状态,"(373.5, 404.79, 466.45, 436.49)",25～125 涌出或喷出√,INLINE_OR_SUFFIX,False,IN_SCOPE,"(373.5, 404.79, 466.45, 436.49)",25～125 涌出或喷出√,same_cell_mark,/Users/zhaoxiaoda/Library/CloudStorage/GoogleDrive-xiaodazhao0608@gmail.com/我的云端硬盘/TBM9/SKETCH/DyK1013+605.00_伯舒拉岭进口右线DyK10+605洞身素描记录表.pdf,FACE_SKETCH
ec175e09cec4dd7f79757054,CHECKBOX_POSITION,ec175e09cec4dd7f79757054,,DyK1013+605.00_伯舒拉岭进口右线DyK10+605洞身素描记录表.pdf,岩溶发育程度,"(224.7, 436.49, 295.55, 452.59)",无√,INLINE_OR_SUFFIX,False,IN_SCOPE,"(224.7, 436.49, 295.55, 452.59)",无√,same_cell_mark,/Users/zhaoxiaoda/Library/CloudStorage/GoogleDrive-xiaodazhao0608@gmail.com/我的云端硬盘/TBM9/SKETCH/DyK1013+605.00_伯舒拉岭进口右线DyK10+605洞身素描记录表.pdf,FACE_SKETCH
b6f41b0f8e27bb5957bdc568,CHECKBOX_POSITION,b6f41b0f8e27bb5957bdc568,,DyK1013+621.00_伯舒拉岭进口右线DyK10+621洞身素描记录表.pdf,掌子面状态,"(224.7, 213.78999999999996, 295.55, 229.89)",正面掉块√,INLINE_OR_SUFFIX,False,IN_SCOPE,"(224.7, 213.78999999999996, 295.55, 229.89)",正面掉块√,same_cell_mark,/Users/zhaoxiaoda/Library/CloudStorage/GoogleDrive-xiaodazhao0608@gmail.com/我的云端硬盘/TBM9/SKETCH/DyK1013+621.00_伯舒拉岭进口右线DyK10+621洞身素描记录表.pdf,FACE_SKETCH
b6f41b0f8e27bb5957bdc568,CHECKBOX_POSITION,b6f41b0f8e27bb5957bdc568,,DyK1013+621.00_伯舒拉岭进口右线DyK10+621洞身素描记录表.pdf,毛开挖面状态,"(224.7, 229.89, 295.55, 261.59000000000003)",随时间松弛、 掉块√,INLINE_OR_SUFFIX,False,IN_SCOPE,"(224.7, 229.89, 295.55, 261.59000000000003)",随时间松弛、 掉块√,same_cell_mark,/Users/zhaoxiaoda/Library/CloudStorage/GoogleDrive-xiaodazhao0608@gmail.com/我的云端硬盘/TBM9/SKETCH/DyK1013+621.00_伯舒拉岭进口右线DyK10+621洞身素描记录表.pdf,FACE_SKETCH
b6f41b0f8e27bb5957bdc568,CHECKBOX_POSITION,b6f41b0f8e27bb5957bdc568,,DyK1013+621.00_伯舒拉岭进口右线DyK10+621洞身素描记录表.pdf,岩石强度,"(224.7, 261.59000000000003, 295.55, 293.2900000000001)",30＜R≤60√,INLINE_OR_SUFFIX,False,IN_SCOPE,"(224.7, 261.59000000000003, 295.55, 293.2900000000001)",30＜R≤60√,same_cell_mark,/Users/zhaoxiaoda/Library/CloudStorage/GoogleDrive-xiaodazhao0608@gmail.com/我的云端硬盘/TBM9/SKETCH/DyK1013+621.00_伯舒拉岭进口右线DyK10+621洞身素描记录表.pdf,FACE_SKETCH
b6f41b0f8e27bb5957bdc568,CHECKBOX_POSITION,b6f41b0f8e27bb5957bdc568,,DyK1013+621.00_伯舒拉岭进口右线DyK10+621洞身素描记录表.pdf,风化程度,"(295.55, 293.2900000000001, 350.9, 309.39)",弱风化√,INLINE_OR_SUFFIX,False,IN_SCOPE,"(295.55, 293.2900000000001, 350.9, 309.39)",弱风化√,same_cell_mark,/Users/zhaoxiaoda/Library/CloudStorage/GoogleDrive-xiaodazhao0608@gmail.com/我的云端硬盘/TBM9/SKETCH/DyK1013+621.00_伯舒拉岭进口右线DyK10+621洞身素描记录表.pdf,FACE_SKETCH
b6f41b0f8e27bb5957bdc568,CHECKBOX_POSITION,b6f41b0f8e27bb5957bdc568,,DyK1013+621.00_伯舒拉岭进口右线DyK10+621洞身素描记录表.pdf,间距,"(295.55, 309.39, 350.9, 336.59)",0.2～0.6√,INLINE_OR_SUFFIX,False,IN_SCOPE,"(295.55, 309.39, 350.9, 336.59)",0.2～0.6√,same_cell_mark,/Users/zhaoxiaoda/Library/CloudStorage/GoogleDrive-xiaodazhao0608@gmail.com/我的云端硬盘/TBM9/SKETCH/DyK1013+621.00_伯舒拉岭进口右线DyK10+621洞身素描记录表.pdf,FACE_SKETCH
b6f41b0f8e27bb5957bdc568,CHECKBOX_POSITION,b6f41b0f8e27bb5957bdc568,,DyK1013+621.00_伯舒拉岭进口右线DyK10+621洞身素描记录表.pdf,延伸性,"(295.55, 336.59, 350.9, 353.49)",中等√,INLINE_OR_SUFFIX,False,IN_SCOPE,"(295.55, 336.59, 350.9, 353.49)",中等√,same_cell_mark,/Users/zhaoxiaoda/Library/CloudStorage/GoogleDrive-xiaodazhao0608@gmail.com/我的云端硬盘/TBM9/SKETCH/DyK1013+621.00_伯舒拉岭进口右线DyK10+621洞身素描记录表.pdf,FACE_SKETCH
b6f41b0f8e27bb5957bdc568,CHECKBOX_POSITION,b6f41b0f8e27bb5957bdc568,,DyK1013+621.00_伯舒拉岭进口右线DyK10+621洞身素描记录表.pdf,粗糙度,"(302.65, 353.49, 394.5, 373.09)",平整光滑有擦痕√,INLINE_OR_SUFFIX,False,IN_SCOPE,"(302.65, 353.49, 394.5, 373.09)",平整光滑有擦痕√,same_cell_mark,/Users/zhaoxiaoda/Library/CloudStorage/GoogleDrive-xiaodazhao0608@gmail.com/我的云端硬盘/TBM9/SKETCH/DyK1013+621.00_伯舒拉岭进口右线DyK10+621洞身素描记录表.pdf,FACE_SKETCH
b6f41b0f8e27bb5957bdc568,CHECKBOX_POSITION,b6f41b0f8e27bb5957bdc568,,DyK1013+621.00_伯舒拉岭进口右线DyK10+621洞身素描记录表.pdf,张开性,"(224.7, 373.09, 295.55, 404.79)",部分张开 0.1～0.5√,INLINE_OR_SUFFIX,False,IN_SCOPE,"(224.7, 373.09, 295.55, 404.79)",部分张开 0.1～0.5√,same_cell_mark,/Users/zhaoxiaoda/Library/CloudStorage/GoogleDrive-xiaodazhao0608@gmail.com/我的云端硬盘/TBM9/SKETCH/DyK1013+621.00_伯舒拉岭进口右线DyK10+621洞身素描记录表.pdf,FACE_SKETCH
b6f41b0f8e27bb5957bdc568,CHECKBOX_POSITION,b6f41b0f8e27bb5957bdc568,,DyK1013+621.00_伯舒拉岭进口右线DyK10+621洞身素描记录表.pdf,涌水状态,"(373.5, 404.79, 466.45, 436.49)",25～125 涌出或喷出√,INLINE_OR_SUFFIX,False,IN_SCOPE,"(373.5, 404.79, 466.45, 436.49)",25～125 涌出或喷出√,same_cell_mark,/Users/zhaoxiaoda/Library/CloudStorage/GoogleDrive-xiaodazhao0608@gmail.com/我的云端硬盘/TBM9/SKETCH/DyK1013+621.00_伯舒拉岭进口右线DyK10+621洞身素描记录表.pdf,FACE_SKETCH
b6f41b0f8e27bb5957bdc568,CHECKBOX_POSITION,b6f41b0f8e27bb5957bdc568,,DyK1013+621.00_伯舒拉岭进口右线DyK10+621洞身素描记录表.pdf,岩溶发育程度,"(224.7, 436.49, 295.55, 452.59)",无√,INLINE_OR_SUFFIX,False,IN_SCOPE,"(224.7, 436.49, 295.55, 452.59)",无√,same_cell_mark,/Users/zhaoxiaoda/Library/CloudStorage/GoogleDrive-xiaodazhao0608@gmail.com/我的云端硬盘/TBM9/SKETCH/DyK1013+621.00_伯舒拉岭进口右线DyK10+621洞身素描记录表.pdf,FACE_SKETCH
f9d7b028077917484ab028c9,CHECKBOX_POSITION,f9d7b028077917484ab028c9,,DyK1013+644.40_伯舒拉岭进口右线DyK10+644.4洞身素描记录表.pdf,掌子面状态,"(224.7, 213.78999999999996, 295.55, 229.89)",正面掉块√,INLINE_OR_SUFFIX,False,IN_SCOPE,"(224.7, 213.78999999999996, 295.55, 229.89)",正面掉块√,same_cell_mark,/Users/zhaoxiaoda/Library/CloudStorage/GoogleDrive-xiaodazhao0608@gmail.com/我的云端硬盘/TBM9/SKETCH/DyK1013+644.40_伯舒拉岭进口右线DyK10+644.4洞身素描记录表.pdf,FACE_SKETCH
f9d7b028077917484ab028c9,CHECKBOX_POSITION,f9d7b028077917484ab028c9,,DyK1013+644.40_伯舒拉岭进口右线DyK10+644.4洞身素描记录表.pdf,毛开挖面状态,"(224.7, 229.89, 295.55, 261.59000000000003)",随时间松弛、 掉块√,INLINE_OR_SUFFIX,False,IN_SCOPE,"(224.7, 229.89, 295.55, 261.59000000000003)",随时间松弛、 掉块√,same_cell_mark,/Users/zhaoxiaoda/Library/CloudStorage/GoogleDrive-xiaodazhao0608@gmail.com/我的云端硬盘/TBM9/SKETCH/DyK1013+644.40_伯舒拉岭进口右线DyK10+644.4洞身素描记录表.pdf,FACE_SKETCH
f9d7b028077917484ab028c9,CHECKBOX_POSITION,f9d7b028077917484ab028c9,,DyK1013+644.40_伯舒拉岭进口右线DyK10+644.4洞身素描记录表.pdf,岩石强度,"(224.7, 261.59000000000003, 295.55, 293.2900000000001)",30＜R≤60√,INLINE_OR_SUFFIX,False,IN_SCOPE,"(224.7, 261.59000000000003, 295.55, 293.2900000000001)",30＜R≤60√,same_cell_mark,/Users/zhaoxiaoda/Library/CloudStorage/GoogleDrive-xiaodazhao0608@gmail.com/我的云端硬盘/TBM9/SKETCH/DyK1013+644.40_伯舒拉岭进口右线DyK10+644.4洞身素描记录表.pdf,FACE_SKETCH
f9d7b028077917484ab028c9,CHECKBOX_POSITION,f9d7b028077917484ab028c9,,DyK1013+644.40_伯舒拉岭进口右线DyK10+644.4洞身素描记录表.pdf,风化程度,"(295.55, 293.2900000000001, 350.9, 309.39)",弱风化√,INLINE_OR_SUFFIX,False,IN_SCOPE,"(295.55, 293.2900000000001, 350.9, 309.39)",弱风化√,same_cell_mark,/Users/zhaoxiaoda/Library/CloudStorage/GoogleDrive-xiaodazhao0608@gmail.com/我的云端硬盘/TBM9/SKETCH/DyK1013+644.40_伯舒拉岭进口右线DyK10+644.4洞身素描记录表.pdf,FACE_SKETCH
f9d7b028077917484ab028c9,CHECKBOX_POSITION,f9d7b028077917484ab028c9,,DyK1013+644.40_伯舒拉岭进口右线DyK10+644.4洞身素描记录表.pdf,间距,"(295.55, 309.39, 350.9, 336.59)",0.2～0.6√,INLINE_OR_SUFFIX,False,IN_SCOPE,"(295.55, 309.39, 350.9, 336.59)",0.2～0.6√,same_cell_mark,/Users/zhaoxiaoda/Library/CloudStorage/GoogleDrive-xiaodazhao0608@gmail.com/我的云端硬盘/TBM9/SKETCH/DyK1013+644.40_伯舒拉岭进口右线DyK10+644.4洞身素描记录表.pdf,FACE_SKETCH
f9d7b028077917484ab028c9,CHECKBOX_POSITION,f9d7b028077917484ab028c9,,DyK1013+644.40_伯舒拉岭进口右线DyK10+644.4洞身素描记录表.pdf,延伸性,"(295.55, 336.59, 350.9, 353.49)",中等√,INLINE_OR_SUFFIX,False,IN_SCOPE,"(295.55, 336.59, 350.9, 353.49)",中等√,same_cell_mark,/Users/zhaoxiaoda/Library/CloudStorage/GoogleDrive-xiaodazhao0608@gmail.com/我的云端硬盘/TBM9/SKETCH/DyK1013+644.40_伯舒拉岭进口右线DyK10+644.4洞身素描记录表.pdf,FACE_SKETCH
f9d7b028077917484ab028c9,CHECKBOX_POSITION,f9d7b028077917484ab028c9,,DyK1013+644.40_伯舒拉岭进口右线DyK10+644.4洞身素描记录表.pdf,粗糙度,"(302.65, 353.49, 394.5, 373.09)",平整光滑有擦痕√,INLINE_OR_SUFFIX,False,IN_SCOPE,"(302.65, 353.49, 394.5, 373.09)",平整光滑有擦痕√,same_cell_mark,/Users/zhaoxiaoda/Library/CloudStorage/GoogleDrive-xiaodazhao0608@gmail.com/我的云端硬盘/TBM9/SKETCH/DyK1013+644.40_伯舒拉岭进口右线DyK10+644.4洞身素描记录表.pdf,FACE_SKETCH
f9d7b028077917484ab028c9,CHECKBOX_POSITION,f9d7b028077917484ab028c9,,DyK1013+644.40_伯舒拉岭进口右线DyK10+644.4洞身素描记录表.pdf,张开性,"(224.7, 373.09, 295.55, 404.79)",部分张开 0.1～0.5√,INLINE_OR_SUFFIX,False,IN_SCOPE,"(224.7, 373.09, 295.55, 404.79)",部分张开 0.1～0.5√,same_cell_mark,/Users/zhaoxiaoda/Library/CloudStorage/GoogleDrive-xiaodazhao0608@gmail.com/我的云端硬盘/TBM9/SKETCH/DyK1013+644.40_伯舒拉岭进口右线DyK10+644.4洞身素描记录表.pdf,FACE_SKETCH
f9d7b028077917484ab028c9,CHECKBOX_POSITION,f9d7b028077917484ab028c9,,DyK1013+644.40_伯舒拉岭进口右线DyK10+644.4洞身素描记录表.pdf,涌水状态,"(373.5, 404.79, 466.45, 436.49)",25～125 涌出或喷出√,INLINE_OR_SUFFIX,False,IN_SCOPE,"(373.5, 404.79, 466.45, 436.49)",25～125 涌出或喷出√,same_cell_mark,/Users/zhaoxiaoda/Library/CloudStorage/GoogleDrive-xiaodazhao0608@gmail.com/我的云端硬盘/TBM9/SKETCH/DyK1013+644.40_伯舒拉岭进口右线DyK10+644.4洞身素描记录表.pdf,FACE_SKETCH
f9d7b028077917484ab028c9,CHECKBOX_POSITION,f9d7b028077917484ab028c9,,DyK1013+644.40_伯舒拉岭进口右线DyK10+644.4洞身素描记录表.pdf,岩溶发育程度,"(224.7, 436.49, 295.55, 452.59)",无√,INLINE_OR_SUFFIX,False,IN_SCOPE,"(224.7, 436.49, 295.55, 452.59)",无√,same_cell_mark,/Users/zhaoxiaoda/Library/CloudStorage/GoogleDrive-xiaodazhao0608@gmail.com/我的云端硬盘/TBM9/SKETCH/DyK1013+644.40_伯舒拉岭进口右线DyK10+644.4洞身素描记录表.pdf,FACE_SKETCH
f4614b7cc245815098c5ba13,CHECKBOX_POSITION,f4614b7cc245815098c5ba13,,DyK1013+674.40_伯舒拉岭进口右线DyK10+674.4洞身素描记录表.pdf,掌子面状态,"(224.7, 213.78999999999996, 295.55, 229.89)",正面掉块√,INLINE_OR_SUFFIX,False,IN_SCOPE,"(224.7, 213.78999999999996, 295.55, 229.89)",正面掉块√,same_cell_mark,/Users/zhaoxiaoda/Library/CloudStorage/GoogleDrive-xiaodazhao0608@gmail.com/我的云端硬盘/TBM9/SKETCH/DyK1013+674.40_伯舒拉岭进口右线DyK10+674.4洞身素描记录表.pdf,FACE_SKETCH
f4614b7cc245815098c5ba13,CHECKBOX_POSITION,f4614b7cc245815098c5ba13,,DyK1013+674.40_伯舒拉岭进口右线DyK10+674.4洞身素描记录表.pdf,毛开挖面状态,"(224.7, 229.89, 295.55, 261.59000000000003)",随时间松弛、 掉块√,INLINE_OR_SUFFIX,False,IN_SCOPE,"(224.7, 229.89, 295.55, 261.59000000000003)",随时间松弛、 掉块√,same_cell_mark,/Users/zhaoxiaoda/Library/CloudStorage/GoogleDrive-xiaodazhao0608@gmail.com/我的云端硬盘/TBM9/SKETCH/DyK1013+674.40_伯舒拉岭进口右线DyK10+674.4洞身素描记录表.pdf,FACE_SKETCH
f4614b7cc245815098c5ba13,CHECKBOX_POSITION,f4614b7cc245815098c5ba13,,DyK1013+674.40_伯舒拉岭进口右线DyK10+674.4洞身素描记录表.pdf,岩石强度,"(224.7, 261.59000000000003, 295.55, 293.2900000000001)",30＜R≤60√,INLINE_OR_SUFFIX,False,IN_SCOPE,"(224.7, 261.59000000000003, 295.55, 293.2900000000001)",30＜R≤60√,same_cell_mark,/Users/zhaoxiaoda/Library/CloudStorage/GoogleDrive-xiaodazhao0608@gmail.com/我的云端硬盘/TBM9/SKETCH/DyK1013+674.40_伯舒拉岭进口右线DyK10+674.4洞身素描记录表.pdf,FACE_SKETCH
f4614b7cc245815098c5ba13,CHECKBOX_POSITION,f4614b7cc245815098c5ba13,,DyK1013+674.40_伯舒拉岭进口右线DyK10+674.4洞身素描记录表.pdf,风化程度,"(295.55, 293.2900000000001, 350.9, 309.39)",弱风化√,INLINE_OR_SUFFIX,False,IN_SCOPE,"(295.55, 293.2900000000001, 350.9, 309.39)",弱风化√,same_cell_mark,/Users/zhaoxiaoda/Library/CloudStorage/GoogleDrive-xiaodazhao0608@gmail.com/我的云端硬盘/TBM9/SKETCH/DyK1013+674.40_伯舒拉岭进口右线DyK10+674.4洞身素描记录表.pdf,FACE_SKETCH
f4614b7cc245815098c5ba13,CHECKBOX_POSITION,f4614b7cc245815098c5ba13,,DyK1013+674.40_伯舒拉岭进口右线DyK10+674.4洞身素描记录表.pdf,间距,"(295.55, 309.39, 350.9, 336.59)",0.2～0.6√,INLINE_OR_SUFFIX,False,IN_SCOPE,"(295.55, 309.39, 350.9, 336.59)",0.2～0.6√,same_cell_mark,/Users/zhaoxiaoda/Library/CloudStorage/GoogleDrive-xiaodazhao0608@gmail.com/我的云端硬盘/TBM9/SKETCH/DyK1013+674.40_伯舒拉岭进口右线DyK10+674.4洞身素描记录表.pdf,FACE_SKETCH
f4614b7cc245815098c5ba13,CHECKBOX_POSITION,f4614b7cc245815098c5ba13,,DyK1013+674.40_伯舒拉岭进口右线DyK10+674.4洞身素描记录表.pdf,延伸性,"(295.55, 336.59, 350.9, 353.49)",中等√,INLINE_OR_SUFFIX,False,IN_SCOPE,"(295.55, 336.59, 350.9, 353.49)",中等√,same_cell_mark,/Users/zhaoxiaoda/Library/CloudStorage/GoogleDrive-xiaodazhao0608@gmail.com/我的云端硬盘/TBM9/SKETCH/DyK1013+674.40_伯舒拉岭进口右线DyK10+674.4洞身素描记录表.pdf,FACE_SKETCH
f4614b7cc245815098c5ba13,CHECKBOX_POSITION,f4614b7cc245815098c5ba13,,DyK1013+674.40_伯舒拉岭进口右线DyK10+674.4洞身素描记录表.pdf,粗糙度,"(302.65, 353.49, 394.5, 373.09)",平整光滑有擦痕√,INLINE_OR_SUFFIX,False,IN_SCOPE,"(302.65, 353.49, 394.5, 373.09)",平整光滑有擦痕√,same_cell_mark,/Users/zhaoxiaoda/Library/CloudStorage/GoogleDrive-xiaodazhao0608@gmail.com/我的云端硬盘/TBM9/SKETCH/DyK1013+674.40_伯舒拉岭进口右线DyK10+674.4洞身素描记录表.pdf,FACE_SKETCH
f4614b7cc245815098c5ba13,CHECKBOX_POSITION,f4614b7cc245815098c5ba13,,DyK1013+674.40_伯舒拉岭进口右线DyK10+674.4洞身素描记录表.pdf,张开性,"(224.7, 373.09, 295.55, 404.79)",部分张开 0.1～0.5√,INLINE_OR_SUFFIX,False,IN_SCOPE,"(224.7, 373.09, 295.55, 404.79)",部分张开 0.1～0.5√,same_cell_mark,/Users/zhaoxiaoda/Library/CloudStorage/GoogleDrive-xiaodazhao0608@gmail.com/我的云端硬盘/TBM9/SKETCH/DyK1013+674.40_伯舒拉岭进口右线DyK10+674.4洞身素描记录表.pdf,FACE_SKETCH
f4614b7cc245815098c5ba13,CHECKBOX_POSITION,f4614b7cc245815098c5ba13,,DyK1013+674.40_伯舒拉岭进口右线DyK10+674.4洞身素描记录表.pdf,涌水状态,"(373.5, 404.79, 466.45, 436.49)",25～125 涌出或喷出√,INLINE_OR_SUFFIX,False,IN_SCOPE,"(373.5, 404.79, 466.45, 436.49)",25～125 涌出或喷出√,same_cell_mark,/Users/zhaoxiaoda/Library/CloudStorage/GoogleDrive-xiaodazhao0608@gmail.com/我的云端硬盘/TBM9/SKETCH/DyK1013+674.40_伯舒拉岭进口右线DyK10+674.4洞身素描记录表.pdf,FACE_SKETCH
f4614b7cc245815098c5ba13,CHECKBOX_POSITION,f4614b7cc245815098c5ba13,,DyK1013+674.40_伯舒拉岭进口右线DyK10+674.4洞身素描记录表.pdf,岩溶发育程度,"(224.7, 436.49, 295.55, 452.59)",无√,INLINE_OR_SUFFIX,False,IN_SCOPE,"(224.7, 436.49, 295.55, 452.59)",无√,same_cell_mark,/Users/zhaoxiaoda/Library/CloudStorage/GoogleDrive-xiaodazhao0608@gmail.com/我的云端硬盘/TBM9/SKETCH/DyK1013+674.40_伯舒拉岭进口右线DyK10+674.4洞身素描记录表.pdf,FACE_SKETCH
c07b0a00996054098b2a9fb7,CHECKBOX_POSITION,c07b0a00996054098b2a9fb7,,DyK1013+701.00_伯舒拉岭进口右线DyK10+701洞身素描记录表.pdf,掌子面状态,"(224.7, 213.78999999999996, 295.55, 229.89)",正面掉块√,INLINE_OR_SUFFIX,False,IN_SCOPE,"(224.7, 213.78999999999996, 295.55, 229.89)",正面掉块√,same_cell_mark,/Users/zhaoxiaoda/Library/CloudStorage/GoogleDrive-xiaodazhao0608@gmail.com/我的云端硬盘/TBM9/SKETCH/DyK1013+701.00_伯舒拉岭进口右线DyK10+701洞身素描记录表.pdf,FACE_SKETCH
c07b0a00996054098b2a9fb7,CHECKBOX_POSITION,c07b0a00996054098b2a9fb7,,DyK1013+701.00_伯舒拉岭进口右线DyK10+701洞身素描记录表.pdf,毛开挖面状态,"(224.7, 229.89, 295.55, 261.59000000000003)",随时间松弛、 掉块√,INLINE_OR_SUFFIX,False,IN_SCOPE,"(224.7, 229.89, 295.55, 261.59000000000003)",随时间松弛、 掉块√,same_cell_mark,/Users/zhaoxiaoda/Library/CloudStorage/GoogleDrive-xiaodazhao0608@gmail.com/我的云端硬盘/TBM9/SKETCH/DyK1013+701.00_伯舒拉岭进口右线DyK10+701洞身素描记录表.pdf,FACE_SKETCH
c07b0a00996054098b2a9fb7,CHECKBOX_POSITION,c07b0a00996054098b2a9fb7,,DyK1013+701.00_伯舒拉岭进口右线DyK10+701洞身素描记录表.pdf,岩石强度,"(224.7, 261.59000000000003, 295.55, 293.2900000000001)",30＜R≤60√,INLINE_OR_SUFFIX,False,IN_SCOPE,"(224.7, 261.59000000000003, 295.55, 293.2900000000001)",30＜R≤60√,same_cell_mark,/Users/zhaoxiaoda/Library/CloudStorage/GoogleDrive-xiaodazhao0608@gmail.com/我的云端硬盘/TBM9/SKETCH/DyK1013+701.00_伯舒拉岭进口右线DyK10+701洞身素描记录表.pdf,FACE_SKETCH
c07b0a00996054098b2a9fb7,CHECKBOX_POSITION,c07b0a00996054098b2a9fb7,,DyK1013+701.00_伯舒拉岭进口右线DyK10+701洞身素描记录表.pdf,风化程度,"(295.55, 293.2900000000001, 350.9, 309.39)",弱风化√,INLINE_OR_SUFFIX,False,IN_SCOPE,"(295.55, 293.2900000000001, 350.9, 309.39)",弱风化√,same_cell_mark,/Users/zhaoxiaoda/Library/CloudStorage/GoogleDrive-xiaodazhao0608@gmail.com/我的云端硬盘/TBM9/SKETCH/DyK1013+701.00_伯舒拉岭进口右线DyK10+701洞身素描记录表.pdf,FACE_SKETCH
c07b0a00996054098b2a9fb7,CHECKBOX_POSITION,c07b0a00996054098b2a9fb7,,DyK1013+701.00_伯舒拉岭进口右线DyK10+701洞身素描记录表.pdf,间距,"(295.55, 309.39, 350.9, 336.59)",0.2～0.6√,INLINE_OR_SUFFIX,False,IN_SCOPE,"(295.55, 309.39, 350.9, 336.59)",0.2～0.6√,same_cell_mark,/Users/zhaoxiaoda/Library/CloudStorage/GoogleDrive-xiaodazhao0608@gmail.com/我的云端硬盘/TBM9/SKETCH/DyK1013+701.00_伯舒拉岭进口右线DyK10+701洞身素描记录表.pdf,FACE_SKETCH
c07b0a00996054098b2a9fb7,CHECKBOX_POSITION,c07b0a00996054098b2a9fb7,,DyK1013+701.00_伯舒拉岭进口右线DyK10+701洞身素描记录表.pdf,延伸性,"(295.55, 336.59, 350.9, 353.49)",中等√,INLINE_OR_SUFFIX,False,IN_SCOPE,"(295.55, 336.59, 350.9, 353.49)",中等√,same_cell_mark,/Users/zhaoxiaoda/Library/CloudStorage/GoogleDrive-xiaodazhao0608@gmail.com/我的云端硬盘/TBM9/SKETCH/DyK1013+701.00_伯舒拉岭进口右线DyK10+701洞身素描记录表.pdf,FACE_SKETCH
c07b0a00996054098b2a9fb7,CHECKBOX_POSITION,c07b0a00996054098b2a9fb7,,DyK1013+701.00_伯舒拉岭进口右线DyK10+701洞身素描记录表.pdf,粗糙度,"(302.65, 353.49, 394.5, 373.09)",平整光滑有擦痕√,INLINE_OR_SUFFIX,False,IN_SCOPE,"(302.65, 353.49, 394.5, 373.09)",平整光滑有擦痕√,same_cell_mark,/Users/zhaoxiaoda/Library/CloudStorage/GoogleDrive-xiaodazhao0608@gmail.com/我的云端硬盘/TBM9/SKETCH/DyK1013+701.00_伯舒拉岭进口右线DyK10+701洞身素描记录表.pdf,FACE_SKETCH
c07b0a00996054098b2a9fb7,CHECKBOX_POSITION,c07b0a00996054098b2a9fb7,,DyK1013+701.00_伯舒拉岭进口右线DyK10+701洞身素描记录表.pdf,张开性,"(224.7, 373.09, 295.55, 404.79)",部分张开 0.1～0.5√,INLINE_OR_SUFFIX,False,IN_SCOPE,"(224.7, 373.09, 295.55, 404.79)",部分张开 0.1～0.5√,same_cell_mark,/Users/zhaoxiaoda/Library/CloudStorage/GoogleDrive-xiaodazhao0608@gmail.com/我的云端硬盘/TBM9/SKETCH/DyK1013+701.00_伯舒拉岭进口右线DyK10+701洞身素描记录表.pdf,FACE_SKETCH
c07b0a00996054098b2a9fb7,CHECKBOX_POSITION,c07b0a00996054098b2a9fb7,,DyK1013+701.00_伯舒拉岭进口右线DyK10+701洞身素描记录表.pdf,涌水状态,"(373.5, 404.79, 466.45, 436.49)",25～125 涌出或喷出√,INLINE_OR_SUFFIX,False,IN_SCOPE,"(373.5, 404.79, 466.45, 436.49)",25～125 涌出或喷出√,same_cell_mark,/Users/zhaoxiaoda/Library/CloudStorage/GoogleDrive-xiaodazhao0608@gmail.com/我的云端硬盘/TBM9/SKETCH/DyK1013+701.00_伯舒拉岭进口右线DyK10+701洞身素描记录表.pdf,FACE_SKETCH
c07b0a00996054098b2a9fb7,CHECKBOX_POSITION,c07b0a00996054098b2a9fb7,,DyK1013+701.00_伯舒拉岭进口右线DyK10+701洞身素描记录表.pdf,岩溶发育程度,"(224.7, 436.49, 295.55, 452.59)",无√,INLINE_OR_SUFFIX,False,IN_SCOPE,"(224.7, 436.49, 295.55, 452.59)",无√,same_cell_mark,/Users/zhaoxiaoda/Library/CloudStorage/GoogleDrive-xiaodazhao0608@gmail.com/我的云端硬盘/TBM9/SKETCH/DyK1013+701.00_伯舒拉岭进口右线DyK10+701洞身素描记录表.pdf,FACE_SKETCH
00e536fe7ea614a87b155918,CHECKBOX_POSITION,00e536fe7ea614a87b155918,,DyK1013+723.60_伯舒拉岭进口右线DyK10+723.6洞身素描记录表.pdf,掌子面状态,"(224.7, 213.78999999999996, 295.55, 229.89)",正面掉块√,INLINE_OR_SUFFIX,False,IN_SCOPE,"(224.7, 213.78999999999996, 295.55, 229.89)",正面掉块√,same_cell_mark,/Users/zhaoxiaoda/Library/CloudStorage/GoogleDrive-xiaodazhao0608@gmail.com/我的云端硬盘/TBM9/SKETCH/DyK1013+723.60_伯舒拉岭进口右线DyK10+723.6洞身素描记录表.pdf,FACE_SKETCH
00e536fe7ea614a87b155918,CHECKBOX_POSITION,00e536fe7ea614a87b155918,,DyK1013+723.60_伯舒拉岭进口右线DyK10+723.6洞身素描记录表.pdf,毛开挖面状态,"(224.7, 229.89, 295.55, 261.59000000000003)",随时间松弛、 掉块√,INLINE_OR_SUFFIX,False,IN_SCOPE,"(224.7, 229.89, 295.55, 261.59000000000003)",随时间松弛、 掉块√,same_cell_mark,/Users/zhaoxiaoda/Library/CloudStorage/GoogleDrive-xiaodazhao0608@gmail.com/我的云端硬盘/TBM9/SKETCH/DyK1013+723.60_伯舒拉岭进口右线DyK10+723.6洞身素描记录表.pdf,FACE_SKETCH
00e536fe7ea614a87b155918,CHECKBOX_POSITION,00e536fe7ea614a87b155918,,DyK1013+723.60_伯舒拉岭进口右线DyK10+723.6洞身素描记录表.pdf,岩石强度,"(224.7, 261.59000000000003, 295.55, 293.2900000000001)",30＜R≤60√,INLINE_OR_SUFFIX,False,IN_SCOPE,"(224.7, 261.59000000000003, 295.55, 293.2900000000001)",30＜R≤60√,same_cell_mark,/Users/zhaoxiaoda/Library/CloudStorage/GoogleDrive-xiaodazhao0608@gmail.com/我的云端硬盘/TBM9/SKETCH/DyK1013+723.60_伯舒拉岭进口右线DyK10+723.6洞身素描记录表.pdf,FACE_SKETCH
00e536fe7ea614a87b155918,CHECKBOX_POSITION,00e536fe7ea614a87b155918,,DyK1013+723.60_伯舒拉岭进口右线DyK10+723.6洞身素描记录表.pdf,风化程度,"(295.55, 293.2900000000001, 350.9, 309.39)",弱风化√,INLINE_OR_SUFFIX,False,IN_SCOPE,"(295.55, 293.2900000000001, 350.9, 309.39)",弱风化√,same_cell_mark,/Users/zhaoxiaoda/Library/CloudStorage/GoogleDrive-xiaodazhao0608@gmail.com/我的云端硬盘/TBM9/SKETCH/DyK1013+723.60_伯舒拉岭进口右线DyK10+723.6洞身素描记录表.pdf,FACE_SKETCH
00e536fe7ea614a87b155918,CHECKBOX_POSITION,00e536fe7ea614a87b155918,,DyK1013+723.60_伯舒拉岭进口右线DyK10+723.6洞身素描记录表.pdf,间距,"(295.55, 309.39, 350.9, 336.59)",0.2～0.6√,INLINE_OR_SUFFIX,False,IN_SCOPE,"(295.55, 309.39, 350.9, 336.59)",0.2～0.6√,same_cell_mark,/Users/zhaoxiaoda/Library/CloudStorage/GoogleDrive-xiaodazhao0608@gmail.com/我的云端硬盘/TBM9/SKETCH/DyK1013+723.60_伯舒拉岭进口右线DyK10+723.6洞身素描记录表.pdf,FACE_SKETCH
00e536fe7ea614a87b155918,CHECKBOX_POSITION,00e536fe7ea614a87b155918,,DyK1013+723.60_伯舒拉岭进口右线DyK10+723.6洞身素描记录表.pdf,延伸性,"(295.55, 336.59, 350.9, 353.49)",中等√,INLINE_OR_SUFFIX,False,IN_SCOPE,"(295.55, 336.59, 350.9, 353.49)",中等√,same_cell_mark,/Users/zhaoxiaoda/Library/CloudStorage/GoogleDrive-xiaodazhao0608@gmail.com/我的云端硬盘/TBM9/SKETCH/DyK1013+723.60_伯舒拉岭进口右线DyK10+723.6洞身素描记录表.pdf,FACE_SKETCH
00e536fe7ea614a87b155918,CHECKBOX_POSITION,00e536fe7ea614a87b155918,,DyK1013+723.60_伯舒拉岭进口右线DyK10+723.6洞身素描记录表.pdf,粗糙度,"(302.65, 353.49, 394.5, 373.09)",平整光滑有擦痕√,INLINE_OR_SUFFIX,False,IN_SCOPE,"(302.65, 353.49, 394.5, 373.09)",平整光滑有擦痕√,same_cell_mark,/Users/zhaoxiaoda/Library/CloudStorage/GoogleDrive-xiaodazhao0608@gmail.com/我的云端硬盘/TBM9/SKETCH/DyK1013+723.60_伯舒拉岭进口右线DyK10+723.6洞身素描记录表.pdf,FACE_SKETCH
00e536fe7ea614a87b155918,CHECKBOX_POSITION,00e536fe7ea614a87b155918,,DyK1013+723.60_伯舒拉岭进口右线DyK10+723.6洞身素描记录表.pdf,张开性,"(224.7, 373.09, 295.55, 404.79)",部分张开 0.1～0.5√,INLINE_OR_SUFFIX,False,IN_SCOPE,"(224.7, 373.09, 295.55, 404.79)",部分张开 0.1～0.5√,same_cell_mark,/Users/zhaoxiaoda/Library/CloudStorage/GoogleDrive-xiaodazhao0608@gmail.com/我的云端硬盘/TBM9/SKETCH/DyK1013+723.60_伯舒拉岭进口右线DyK10+723.6洞身素描记录表.pdf,FACE_SKETCH
00e536fe7ea614a87b155918,CHECKBOX_POSITION,00e536fe7ea614a87b155918,,DyK1013+723.60_伯舒拉岭进口右线DyK10+723.6洞身素描记录表.pdf,涌水状态,"(373.5, 404.79, 466.45, 436.49)",25～125 涌出或喷出√,INLINE_OR_SUFFIX,False,IN_SCOPE,"(373.5, 404.79, 466.45, 436.49)",25～125 涌出或喷出√,same_cell_mark,/Users/zhaoxiaoda/Library/CloudStorage/GoogleDrive-xiaodazhao0608@gmail.com/我的云端硬盘/TBM9/SKETCH/DyK1013+723.60_伯舒拉岭进口右线DyK10+723.6洞身素描记录表.pdf,FACE_SKETCH
00e536fe7ea614a87b155918,CHECKBOX_POSITION,00e536fe7ea614a87b155918,,DyK1013+723.60_伯舒拉岭进口右线DyK10+723.6洞身素描记录表.pdf,岩溶发育程度,"(224.7, 436.49, 295.55, 452.59)",无√,INLINE_OR_SUFFIX,False,IN_SCOPE,"(224.7, 436.49, 295.55, 452.59)",无√,same_cell_mark,/Users/zhaoxiaoda/Library/CloudStorage/GoogleDrive-xiaodazhao0608@gmail.com/我的云端硬盘/TBM9/SKETCH/DyK1013+723.60_伯舒拉岭进口右线DyK10+723.6洞身素描记录表.pdf,FACE_SKETCH
cbaa16a8d1f054c07369f26d,CHECKBOX_POSITION,cbaa16a8d1f054c07369f26d,,DyK1013+747.00_伯舒拉岭进口右线DyK10+747洞身素描记录表.pdf,掌子面状态,"(224.7, 213.78999999999996, 295.55, 229.89)",正面掉块√,INLINE_OR_SUFFIX,False,IN_SCOPE,"(224.7, 213.78999999999996, 295.55, 229.89)",正面掉块√,same_cell_mark,/Users/zhaoxiaoda/Library/CloudStorage/GoogleDrive-xiaodazhao0608@gmail.com/我的云端硬盘/TBM9/SKETCH/DyK1013+747.00_伯舒拉岭进口右线DyK10+747洞身素描记录表.pdf,FACE_SKETCH
cbaa16a8d1f054c07369f26d,CHECKBOX_POSITION,cbaa16a8d1f054c07369f26d,,DyK1013+747.00_伯舒拉岭进口右线DyK10+747洞身素描记录表.pdf,毛开挖面状态,"(224.7, 229.89, 295.55, 261.59000000000003)",随时间松弛、 掉块√,INLINE_OR_SUFFIX,False,IN_SCOPE,"(224.7, 229.89, 295.55, 261.59000000000003)",随时间松弛、 掉块√,same_cell_mark,/Users/zhaoxiaoda/Library/CloudStorage/GoogleDrive-xiaodazhao0608@gmail.com/我的云端硬盘/TBM9/SKETCH/DyK1013+747.00_伯舒拉岭进口右线DyK10+747洞身素描记录表.pdf,FACE_SKETCH
cbaa16a8d1f054c07369f26d,CHECKBOX_POSITION,cbaa16a8d1f054c07369f26d,,DyK1013+747.00_伯舒拉岭进口右线DyK10+747洞身素描记录表.pdf,岩石强度,"(224.7, 261.59000000000003, 295.55, 293.2900000000001)",30＜R≤60√,INLINE_OR_SUFFIX,False,IN_SCOPE,"(224.7, 261.59000000000003, 295.55, 293.2900000000001)",30＜R≤60√,same_cell_mark,/Users/zhaoxiaoda/Library/CloudStorage/GoogleDrive-xiaodazhao0608@gmail.com/我的云端硬盘/TBM9/SKETCH/DyK1013+747.00_伯舒拉岭进口右线DyK10+747洞身素描记录表.pdf,FACE_SKETCH
cbaa16a8d1f054c07369f26d,CHECKBOX_POSITION,cbaa16a8d1f054c07369f26d,,DyK1013+747.00_伯舒拉岭进口右线DyK10+747洞身素描记录表.pdf,风化程度,"(295.55, 293.2900000000001, 350.9, 309.39)",弱风化√,INLINE_OR_SUFFIX,False,IN_SCOPE,"(295.55, 293.2900000000001, 350.9, 309.39)",弱风化√,same_cell_mark,/Users/zhaoxiaoda/Library/CloudStorage/GoogleDrive-xiaodazhao0608@gmail.com/我的云端硬盘/TBM9/SKETCH/DyK1013+747.00_伯舒拉岭进口右线DyK10+747洞身素描记录表.pdf,FACE_SKETCH
cbaa16a8d1f054c07369f26d,CHECKBOX_POSITION,cbaa16a8d1f054c07369f26d,,DyK1013+747.00_伯舒拉岭进口右线DyK10+747洞身素描记录表.pdf,间距,"(295.55, 309.39, 350.9, 336.59)",0.2～0.6√,INLINE_OR_SUFFIX,False,IN_SCOPE,"(295.55, 309.39, 350.9, 336.59)",0.2～0.6√,same_cell_mark,/Users/zhaoxiaoda/Library/CloudStorage/GoogleDrive-xiaodazhao0608@gmail.com/我的云端硬盘/TBM9/SKETCH/DyK1013+747.00_伯舒拉岭进口右线DyK10+747洞身素描记录表.pdf,FACE_SKETCH
cbaa16a8d1f054c07369f26d,CHECKBOX_POSITION,cbaa16a8d1f054c07369f26d,,DyK1013+747.00_伯舒拉岭进口右线DyK10+747洞身素描记录表.pdf,延伸性,"(295.55, 336.59, 350.9, 353.49)",中等√,INLINE_OR_SUFFIX,False,IN_SCOPE,"(295.55, 336.59, 350.9, 353.49)",中等√,same_cell_mark,/Users/zhaoxiaoda/Library/CloudStorage/GoogleDrive-xiaodazhao0608@gmail.com/我的云端硬盘/TBM9/SKETCH/DyK1013+747.00_伯舒拉岭进口右线DyK10+747洞身素描记录表.pdf,FACE_SKETCH
cbaa16a8d1f054c07369f26d,CHECKBOX_POSITION,cbaa16a8d1f054c07369f26d,,DyK1013+747.00_伯舒拉岭进口右线DyK10+747洞身素描记录表.pdf,粗糙度,"(302.65, 353.49, 394.5, 373.09)",平整光滑有擦痕√,INLINE_OR_SUFFIX,False,IN_SCOPE,"(302.65, 353.49, 394.5, 373.09)",平整光滑有擦痕√,same_cell_mark,/Users/zhaoxiaoda/Library/CloudStorage/GoogleDrive-xiaodazhao0608@gmail.com/我的云端硬盘/TBM9/SKETCH/DyK1013+747.00_伯舒拉岭进口右线DyK10+747洞身素描记录表.pdf,FACE_SKETCH
cbaa16a8d1f054c07369f26d,CHECKBOX_POSITION,cbaa16a8d1f054c07369f26d,,DyK1013+747.00_伯舒拉岭进口右线DyK10+747洞身素描记录表.pdf,张开性,"(224.7, 373.09, 295.55, 404.79)",部分张开 0.1～0.5√,INLINE_OR_SUFFIX,False,IN_SCOPE,"(224.7, 373.09, 295.55, 404.79)",部分张开 0.1～0.5√,same_cell_mark,/Users/zhaoxiaoda/Library/CloudStorage/GoogleDrive-xiaodazhao0608@gmail.com/我的云端硬盘/TBM9/SKETCH/DyK1013+747.00_伯舒拉岭进口右线DyK10+747洞身素描记录表.pdf,FACE_SKETCH
cbaa16a8d1f054c07369f26d,CHECKBOX_POSITION,cbaa16a8d1f054c07369f26d,,DyK1013+747.00_伯舒拉岭进口右线DyK10+747洞身素描记录表.pdf,涌水状态,"(373.5, 404.79, 466.45, 436.49)",25～125 涌出或喷出√,INLINE_OR_SUFFIX,False,IN_SCOPE,"(373.5, 404.79, 466.45, 436.49)",25～125 涌出或喷出√,same_cell_mark,/Users/zhaoxiaoda/Library/CloudStorage/GoogleDrive-xiaodazhao0608@gmail.com/我的云端硬盘/TBM9/SKETCH/DyK1013+747.00_伯舒拉岭进口右线DyK10+747洞身素描记录表.pdf,FACE_SKETCH
cbaa16a8d1f054c07369f26d,CHECKBOX_POSITION,cbaa16a8d1f054c07369f26d,,DyK1013+747.00_伯舒拉岭进口右线DyK10+747洞身素描记录表.pdf,岩溶发育程度,"(224.7, 436.49, 295.55, 452.59)",无√,INLINE_OR_SUFFIX,False,IN_SCOPE,"(224.7, 436.49, 295.55, 452.59)",无√,same_cell_mark,/Users/zhaoxiaoda/Library/CloudStorage/GoogleDrive-xiaodazhao0608@gmail.com/我的云端硬盘/TBM9/SKETCH/DyK1013+747.00_伯舒拉岭进口右线DyK10+747洞身素描记录表.pdf,FACE_SKETCH
44ad9e1bbc5923d99bfbf395,CHECKBOX_POSITION,44ad9e1bbc5923d99bfbf395,,DyK1013+768.60_伯舒拉岭进口右线DyK10+768.6洞身素描记录表.pdf,掌子面状态,"(224.7, 213.78999999999996, 295.55, 229.89)",正面掉块√,INLINE_OR_SUFFIX,False,IN_SCOPE,"(224.7, 213.78999999999996, 295.55, 229.89)",正面掉块√,same_cell_mark,/Users/zhaoxiaoda/Library/CloudStorage/GoogleDrive-xiaodazhao0608@gmail.com/我的云端硬盘/TBM9/SKETCH/DyK1013+768.60_伯舒拉岭进口右线DyK10+768.6洞身素描记录表.pdf,FACE_SKETCH
44ad9e1bbc5923d99bfbf395,CHECKBOX_POSITION,44ad9e1bbc5923d99bfbf395,,DyK1013+768.60_伯舒拉岭进口右线DyK10+768.6洞身素描记录表.pdf,毛开挖面状态,"(224.7, 229.89, 295.55, 261.59000000000003)",随时间松弛、 掉块√,INLINE_OR_SUFFIX,False,IN_SCOPE,"(224.7, 229.89, 295.55, 261.59000000000003)",随时间松弛、 掉块√,same_cell_mark,/Users/zhaoxiaoda/Library/CloudStorage/GoogleDrive-xiaodazhao0608@gmail.com/我的云端硬盘/TBM9/SKETCH/DyK1013+768.60_伯舒拉岭进口右线DyK10+768.6洞身素描记录表.pdf,FACE_SKETCH
44ad9e1bbc5923d99bfbf395,CHECKBOX_POSITION,44ad9e1bbc5923d99bfbf395,,DyK1013+768.60_伯舒拉岭进口右线DyK10+768.6洞身素描记录表.pdf,岩石强度,"(224.7, 261.59000000000003, 295.55, 293.2900000000001)",30＜R≤60√,INLINE_OR_SUFFIX,False,IN_SCOPE,"(224.7, 261.59000000000003, 295.55, 293.2900000000001)",30＜R≤60√,same_cell_mark,/Users/zhaoxiaoda/Library/CloudStorage/GoogleDrive-xiaodazhao0608@gmail.com/我的云端硬盘/TBM9/SKETCH/DyK1013+768.60_伯舒拉岭进口右线DyK10+768.6洞身素描记录表.pdf,FACE_SKETCH
44ad9e1bbc5923d99bfbf395,CHECKBOX_POSITION,44ad9e1bbc5923d99bfbf395,,DyK1013+768.60_伯舒拉岭进口右线DyK10+768.6洞身素描记录表.pdf,风化程度,"(295.55, 293.2900000000001, 350.9, 309.39)",弱风化√,INLINE_OR_SUFFIX,False,IN_SCOPE,"(295.55, 293.2900000000001, 350.9, 309.39)",弱风化√,same_cell_mark,/Users/zhaoxiaoda/Library/CloudStorage/GoogleDrive-xiaodazhao0608@gmail.com/我的云端硬盘/TBM9/SKETCH/DyK1013+768.60_伯舒拉岭进口右线DyK10+768.6洞身素描记录表.pdf,FACE_SKETCH
44ad9e1bbc5923d99bfbf395,CHECKBOX_POSITION,44ad9e1bbc5923d99bfbf395,,DyK1013+768.60_伯舒拉岭进口右线DyK10+768.6洞身素描记录表.pdf,间距,"(295.55, 309.39, 350.9, 336.59)",0.2～0.6√,INLINE_OR_SUFFIX,False,IN_SCOPE,"(295.55, 309.39, 350.9, 336.59)",0.2～0.6√,same_cell_mark,/Users/zhaoxiaoda/Library/CloudStorage/GoogleDrive-xiaodazhao0608@gmail.com/我的云端硬盘/TBM9/SKETCH/DyK1013+768.60_伯舒拉岭进口右线DyK10+768.6洞身素描记录表.pdf,FACE_SKETCH
44ad9e1bbc5923d99bfbf395,CHECKBOX_POSITION,44ad9e1bbc5923d99bfbf395,,DyK1013+768.60_伯舒拉岭进口右线DyK10+768.6洞身素描记录表.pdf,延伸性,"(295.55, 336.59, 350.9, 353.49)",中等√,INLINE_OR_SUFFIX,False,IN_SCOPE,"(295.55, 336.59, 350.9, 353.49)",中等√,same_cell_mark,/Users/zhaoxiaoda/Library/CloudStorage/GoogleDrive-xiaodazhao0608@gmail.com/我的云端硬盘/TBM9/SKETCH/DyK1013+768.60_伯舒拉岭进口右线DyK10+768.6洞身素描记录表.pdf,FACE_SKETCH
44ad9e1bbc5923d99bfbf395,CHECKBOX_POSITION,44ad9e1bbc5923d99bfbf395,,DyK1013+768.60_伯舒拉岭进口右线DyK10+768.6洞身素描记录表.pdf,粗糙度,"(302.65, 353.49, 394.5, 373.09)",平整光滑有擦痕√,INLINE_OR_SUFFIX,False,IN_SCOPE,"(302.65, 353.49, 394.5, 373.09)",平整光滑有擦痕√,same_cell_mark,/Users/zhaoxiaoda/Library/CloudStorage/GoogleDrive-xiaodazhao0608@gmail.com/我的云端硬盘/TBM9/SKETCH/DyK1013+768.60_伯舒拉岭进口右线DyK10+768.6洞身素描记录表.pdf,FACE_SKETCH
44ad9e1bbc5923d99bfbf395,CHECKBOX_POSITION,44ad9e1bbc5923d99bfbf395,,DyK1013+768.60_伯舒拉岭进口右线DyK10+768.6洞身素描记录表.pdf,张开性,"(224.7, 373.09, 295.55, 404.79)",部分张开 0.1～0.5√,INLINE_OR_SUFFIX,False,IN_SCOPE,"(224.7, 373.09, 295.55, 404.79)",部分张开 0.1～0.5√,same_cell_mark,/Users/zhaoxiaoda/Library/CloudStorage/GoogleDrive-xiaodazhao0608@gmail.com/我的云端硬盘/TBM9/SKETCH/DyK1013+768.60_伯舒拉岭进口右线DyK10+768.6洞身素描记录表.pdf,FACE_SKETCH
44ad9e1bbc5923d99bfbf395,CHECKBOX_POSITION,44ad9e1bbc5923d99bfbf395,,DyK1013+768.60_伯舒拉岭进口右线DyK10+768.6洞身素描记录表.pdf,涌水状态,"(373.5, 404.79, 466.45, 436.49)",25～125 涌出或喷出√,INLINE_OR_SUFFIX,False,IN_SCOPE,"(373.5, 404.79, 466.45, 436.49)",25～125 涌出或喷出√,same_cell_mark,/Users/zhaoxiaoda/Library/CloudStorage/GoogleDrive-xiaodazhao0608@gmail.com/我的云端硬盘/TBM9/SKETCH/DyK1013+768.60_伯舒拉岭进口右线DyK10+768.6洞身素描记录表.pdf,FACE_SKETCH
44ad9e1bbc5923d99bfbf395,CHECKBOX_POSITION,44ad9e1bbc5923d99bfbf395,,DyK1013+768.60_伯舒拉岭进口右线DyK10+768.6洞身素描记录表.pdf,岩溶发育程度,"(224.7, 436.49, 295.55, 452.59)",无√,INLINE_OR_SUFFIX,False,IN_SCOPE,"(224.7, 436.49, 295.55, 452.59)",无√,same_cell_mark,/Users/zhaoxiaoda/Library/CloudStorage/GoogleDrive-xiaodazhao0608@gmail.com/我的云端硬盘/TBM9/SKETCH/DyK1013+768.60_伯舒拉岭进口右线DyK10+768.6洞身素描记录表.pdf,FACE_SKETCH
d4d239117cf91c326097d573,CHECKBOX_POSITION,d4d239117cf91c326097d573,,DyK1013+790.20_伯舒拉岭进口右线DyK10+790.2洞身素描记录表.pdf,掌子面状态,"(224.7, 213.78999999999996, 295.55, 229.89)",正面掉块√,INLINE_OR_SUFFIX,False,IN_SCOPE,"(224.7, 213.78999999999996, 295.55, 229.89)",正面掉块√,same_cell_mark,/Users/zhaoxiaoda/Library/CloudStorage/GoogleDrive-xiaodazhao0608@gmail.com/我的云端硬盘/TBM9/SKETCH/DyK1013+790.20_伯舒拉岭进口右线DyK10+790.2洞身素描记录表.pdf,FACE_SKETCH
d4d239117cf91c326097d573,CHECKBOX_POSITION,d4d239117cf91c326097d573,,DyK1013+790.20_伯舒拉岭进口右线DyK10+790.2洞身素描记录表.pdf,毛开挖面状态,"(224.7, 229.89, 295.55, 261.59000000000003)",随时间松弛、 掉块√,INLINE_OR_SUFFIX,False,IN_SCOPE,"(224.7, 229.89, 295.55, 261.59000000000003)",随时间松弛、 掉块√,same_cell_mark,/Users/zhaoxiaoda/Library/CloudStorage/GoogleDrive-xiaodazhao0608@gmail.com/我的云端硬盘/TBM9/SKETCH/DyK1013+790.20_伯舒拉岭进口右线DyK10+790.2洞身素描记录表.pdf,FACE_SKETCH
d4d239117cf91c326097d573,CHECKBOX_POSITION,d4d239117cf91c326097d573,,DyK1013+790.20_伯舒拉岭进口右线DyK10+790.2洞身素描记录表.pdf,岩石强度,"(224.7, 261.59000000000003, 295.55, 293.2900000000001)",30＜R≤60√,INLINE_OR_SUFFIX,False,IN_SCOPE,"(224.7, 261.59000000000003, 295.55, 293.2900000000001)",30＜R≤60√,same_cell_mark,/Users/zhaoxiaoda/Library/CloudStorage/GoogleDrive-xiaodazhao0608@gmail.com/我的云端硬盘/TBM9/SKETCH/DyK1013+790.20_伯舒拉岭进口右线DyK10+790.2洞身素描记录表.pdf,FACE_SKETCH
d4d239117cf91c326097d573,CHECKBOX_POSITION,d4d239117cf91c326097d573,,DyK1013+790.20_伯舒拉岭进口右线DyK10+790.2洞身素描记录表.pdf,风化程度,"(295.55, 293.2900000000001, 350.9, 309.39)",弱风化√,INLINE_OR_SUFFIX,False,IN_SCOPE,"(295.55, 293.2900000000001, 350.9, 309.39)",弱风化√,same_cell_mark,/Users/zhaoxiaoda/Library/CloudStorage/GoogleDrive-xiaodazhao0608@gmail.com/我的云端硬盘/TBM9/SKETCH/DyK1013+790.20_伯舒拉岭进口右线DyK10+790.2洞身素描记录表.pdf,FACE_SKETCH
d4d239117cf91c326097d573,CHECKBOX_POSITION,d4d239117cf91c326097d573,,DyK1013+790.20_伯舒拉岭进口右线DyK10+790.2洞身素描记录表.pdf,间距,"(295.55, 309.39, 350.9, 336.59)",0.2～0.6√,INLINE_OR_SUFFIX,False,IN_SCOPE,"(295.55, 309.39, 350.9, 336.59)",0.2～0.6√,same_cell_mark,/Users/zhaoxiaoda/Library/CloudStorage/GoogleDrive-xiaodazhao0608@gmail.com/我的云端硬盘/TBM9/SKETCH/DyK1013+790.20_伯舒拉岭进口右线DyK10+790.2洞身素描记录表.pdf,FACE_SKETCH
d4d239117cf91c326097d573,CHECKBOX_POSITION,d4d239117cf91c326097d573,,DyK1013+790.20_伯舒拉岭进口右线DyK10+790.2洞身素描记录表.pdf,延伸性,"(295.55, 336.59, 350.9, 353.49)",中等√,INLINE_OR_SUFFIX,False,IN_SCOPE,"(295.55, 336.59, 350.9, 353.49)",中等√,same_cell_mark,/Users/zhaoxiaoda/Library/CloudStorage/GoogleDrive-xiaodazhao0608@gmail.com/我的云端硬盘/TBM9/SKETCH/DyK1013+790.20_伯舒拉岭进口右线DyK10+790.2洞身素描记录表.pdf,FACE_SKETCH
d4d239117cf91c326097d573,CHECKBOX_POSITION,d4d239117cf91c326097d573,,DyK1013+790.20_伯舒拉岭进口右线DyK10+790.2洞身素描记录表.pdf,粗糙度,"(302.65, 353.49, 394.5, 373.09)",平整光滑有擦痕√,INLINE_OR_SUFFIX,False,IN_SCOPE,"(302.65, 353.49, 394.5, 373.09)",平整光滑有擦痕√,same_cell_mark,/Users/zhaoxiaoda/Library/CloudStorage/GoogleDrive-xiaodazhao0608@gmail.com/我的云端硬盘/TBM9/SKETCH/DyK1013+790.20_伯舒拉岭进口右线DyK10+790.2洞身素描记录表.pdf,FACE_SKETCH
d4d239117cf91c326097d573,CHECKBOX_POSITION,d4d239117cf91c326097d573,,DyK1013+790.20_伯舒拉岭进口右线DyK10+790.2洞身素描记录表.pdf,张开性,"(224.7, 373.09, 295.55, 404.79)",部分张开 0.1～0.5√,INLINE_OR_SUFFIX,False,IN_SCOPE,"(224.7, 373.09, 295.55, 404.79)",部分张开 0.1～0.5√,same_cell_mark,/Users/zhaoxiaoda/Library/CloudStorage/GoogleDrive-xiaodazhao0608@gmail.com/我的云端硬盘/TBM9/SKETCH/DyK1013+790.20_伯舒拉岭进口右线DyK10+790.2洞身素描记录表.pdf,FACE_SKETCH
d4d239117cf91c326097d573,CHECKBOX_POSITION,d4d239117cf91c326097d573,,DyK1013+790.20_伯舒拉岭进口右线DyK10+790.2洞身素描记录表.pdf,涌水状态,"(373.5, 404.79, 466.45, 436.49)",25～125 涌出或喷出√,INLINE_OR_SUFFIX,False,IN_SCOPE,"(373.5, 404.79, 466.45, 436.49)",25～125 涌出或喷出√,same_cell_mark,/Users/zhaoxiaoda/Library/CloudStorage/GoogleDrive-xiaodazhao0608@gmail.com/我的云端硬盘/TBM9/SKETCH/DyK1013+790.20_伯舒拉岭进口右线DyK10+790.2洞身素描记录表.pdf,FACE_SKETCH
d4d239117cf91c326097d573,CHECKBOX_POSITION,d4d239117cf91c326097d573,,DyK1013+790.20_伯舒拉岭进口右线DyK10+790.2洞身素描记录表.pdf,岩溶发育程度,"(224.7, 436.49, 295.55, 452.59)",无√,INLINE_OR_SUFFIX,False,IN_SCOPE,"(224.7, 436.49, 295.55, 452.59)",无√,same_cell_mark,/Users/zhaoxiaoda/Library/CloudStorage/GoogleDrive-xiaodazhao0608@gmail.com/我的云端硬盘/TBM9/SKETCH/DyK1013+790.20_伯舒拉岭进口右线DyK10+790.2洞身素描记录表.pdf,FACE_SKETCH
6e942e09ef8e4f22d0ea76aa,CHECKBOX_POSITION,6e942e09ef8e4f22d0ea76aa,,DyK1013+813.60_伯舒拉岭进口右线DyK10+813.6洞身素描记录表.pdf,掌子面状态,"(224.7, 213.78999999999996, 295.55, 229.89)",正面掉块√,INLINE_OR_SUFFIX,False,IN_SCOPE,"(224.7, 213.78999999999996, 295.55, 229.89)",正面掉块√,same_cell_mark,/Users/zhaoxiaoda/Library/CloudStorage/GoogleDrive-xiaodazhao0608@gmail.com/我的云端硬盘/TBM9/SKETCH/DyK1013+813.60_伯舒拉岭进口右线DyK10+813.6洞身素描记录表.pdf,FACE_SKETCH
6e942e09ef8e4f22d0ea76aa,CHECKBOX_POSITION,6e942e09ef8e4f22d0ea76aa,,DyK1013+813.60_伯舒拉岭进口右线DyK10+813.6洞身素描记录表.pdf,毛开挖面状态,"(224.7, 229.89, 295.55, 261.59000000000003)",随时间松弛、 掉块√,INLINE_OR_SUFFIX,False,IN_SCOPE,"(224.7, 229.89, 295.55, 261.59000000000003)",随时间松弛、 掉块√,same_cell_mark,/Users/zhaoxiaoda/Library/CloudStorage/GoogleDrive-xiaodazhao0608@gmail.com/我的云端硬盘/TBM9/SKETCH/DyK1013+813.60_伯舒拉岭进口右线DyK10+813.6洞身素描记录表.pdf,FACE_SKETCH
6e942e09ef8e4f22d0ea76aa,CHECKBOX_POSITION,6e942e09ef8e4f22d0ea76aa,,DyK1013+813.60_伯舒拉岭进口右线DyK10+813.6洞身素描记录表.pdf,岩石强度,"(224.7, 261.59000000000003, 295.55, 293.2900000000001)",30＜R≤60√,INLINE_OR_SUFFIX,False,IN_SCOPE,"(224.7, 261.59000000000003, 295.55, 293.2900000000001)",30＜R≤60√,same_cell_mark,/Users/zhaoxiaoda/Library/CloudStorage/GoogleDrive-xiaodazhao0608@gmail.com/我的云端硬盘/TBM9/SKETCH/DyK1013+813.60_伯舒拉岭进口右线DyK10+813.6洞身素描记录表.pdf,FACE_SKETCH
6e942e09ef8e4f22d0ea76aa,CHECKBOX_POSITION,6e942e09ef8e4f22d0ea76aa,,DyK1013+813.60_伯舒拉岭进口右线DyK10+813.6洞身素描记录表.pdf,风化程度,"(295.55, 293.2900000000001, 350.9, 309.39)",弱风化√,INLINE_OR_SUFFIX,False,IN_SCOPE,"(295.55, 293.2900000000001, 350.9, 309.39)",弱风化√,same_cell_mark,/Users/zhaoxiaoda/Library/CloudStorage/GoogleDrive-xiaodazhao0608@gmail.com/我的云端硬盘/TBM9/SKETCH/DyK1013+813.60_伯舒拉岭进口右线DyK10+813.6洞身素描记录表.pdf,FACE_SKETCH
6e942e09ef8e4f22d0ea76aa,CHECKBOX_POSITION,6e942e09ef8e4f22d0ea76aa,,DyK1013+813.60_伯舒拉岭进口右线DyK10+813.6洞身素描记录表.pdf,间距,"(295.55, 309.39, 350.9, 336.59)",0.2～0.6√,INLINE_OR_SUFFIX,False,IN_SCOPE,"(295.55, 309.39, 350.9, 336.59)",0.2～0.6√,same_cell_mark,/Users/zhaoxiaoda/Library/CloudStorage/GoogleDrive-xiaodazhao0608@gmail.com/我的云端硬盘/TBM9/SKETCH/DyK1013+813.60_伯舒拉岭进口右线DyK10+813.6洞身素描记录表.pdf,FACE_SKETCH
6e942e09ef8e4f22d0ea76aa,CHECKBOX_POSITION,6e942e09ef8e4f22d0ea76aa,,DyK1013+813.60_伯舒拉岭进口右线DyK10+813.6洞身素描记录表.pdf,延伸性,"(295.55, 336.59, 350.9, 353.49)",中等√,INLINE_OR_SUFFIX,False,IN_SCOPE,"(295.55, 336.59, 350.9, 353.49)",中等√,same_cell_mark,/Users/zhaoxiaoda/Library/CloudStorage/GoogleDrive-xiaodazhao0608@gmail.com/我的云端硬盘/TBM9/SKETCH/DyK1013+813.60_伯舒拉岭进口右线DyK10+813.6洞身素描记录表.pdf,FACE_SKETCH
6e942e09ef8e4f22d0ea76aa,CHECKBOX_POSITION,6e942e09ef8e4f22d0ea76aa,,DyK1013+813.60_伯舒拉岭进口右线DyK10+813.6洞身素描记录表.pdf,粗糙度,"(302.65, 353.49, 394.5, 373.09)",平整光滑有擦痕√,INLINE_OR_SUFFIX,False,IN_SCOPE,"(302.65, 353.49, 394.5, 373.09)",平整光滑有擦痕√,same_cell_mark,/Users/zhaoxiaoda/Library/CloudStorage/GoogleDrive-xiaodazhao0608@gmail.com/我的云端硬盘/TBM9/SKETCH/DyK1013+813.60_伯舒拉岭进口右线DyK10+813.6洞身素描记录表.pdf,FACE_SKETCH
6e942e09ef8e4f22d0ea76aa,CHECKBOX_POSITION,6e942e09ef8e4f22d0ea76aa,,DyK1013+813.60_伯舒拉岭进口右线DyK10+813.6洞身素描记录表.pdf,张开性,"(224.7, 373.09, 295.55, 404.79)",部分张开 0.1～0.5√,INLINE_OR_SUFFIX,False,IN_SCOPE,"(224.7, 373.09, 295.55, 404.79)",部分张开 0.1～0.5√,same_cell_mark,/Users/zhaoxiaoda/Library/CloudStorage/GoogleDrive-xiaodazhao0608@gmail.com/我的云端硬盘/TBM9/SKETCH/DyK1013+813.60_伯舒拉岭进口右线DyK10+813.6洞身素描记录表.pdf,FACE_SKETCH
6e942e09ef8e4f22d0ea76aa,CHECKBOX_POSITION,6e942e09ef8e4f22d0ea76aa,,DyK1013+813.60_伯舒拉岭进口右线DyK10+813.6洞身素描记录表.pdf,涌水状态,"(373.5, 404.79, 466.45, 436.49)",25～125 涌出或喷出√,INLINE_OR_SUFFIX,False,IN_SCOPE,"(373.5, 404.79, 466.45, 436.49)",25～125 涌出或喷出√,same_cell_mark,/Users/zhaoxiaoda/Library/CloudStorage/GoogleDrive-xiaodazhao0608@gmail.com/我的云端硬盘/TBM9/SKETCH/DyK1013+813.60_伯舒拉岭进口右线DyK10+813.6洞身素描记录表.pdf,FACE_SKETCH
6e942e09ef8e4f22d0ea76aa,CHECKBOX_POSITION,6e942e09ef8e4f22d0ea76aa,,DyK1013+813.60_伯舒拉岭进口右线DyK10+813.6洞身素描记录表.pdf,岩溶发育程度,"(224.7, 436.49, 295.55, 452.59)",无√,INLINE_OR_SUFFIX,False,IN_SCOPE,"(224.7, 436.49, 295.55, 452.59)",无√,same_cell_mark,/Users/zhaoxiaoda/Library/CloudStorage/GoogleDrive-xiaodazhao0608@gmail.com/我的云端硬盘/TBM9/SKETCH/DyK1013+813.60_伯舒拉岭进口右线DyK10+813.6洞身素描记录表.pdf,FACE_SKETCH
768ef42847f6d8bfa5af2a91,CHECKBOX_POSITION,768ef42847f6d8bfa5af2a91,,DyK1013+840.60_伯舒拉岭进口右线DyK10+840.6洞身素描记录表.pdf,掌子面状态,"(224.7, 213.78999999999996, 295.55, 229.89)",正面掉块√,INLINE_OR_SUFFIX,False,IN_SCOPE,"(224.7, 213.78999999999996, 295.55, 229.89)",正面掉块√,same_cell_mark,/Users/zhaoxiaoda/Library/CloudStorage/GoogleDrive-xiaodazhao0608@gmail.com/我的云端硬盘/TBM9/SKETCH/DyK1013+840.60_伯舒拉岭进口右线DyK10+840.6洞身素描记录表.pdf,FACE_SKETCH
768ef42847f6d8bfa5af2a91,CHECKBOX_POSITION,768ef42847f6d8bfa5af2a91,,DyK1013+840.60_伯舒拉岭进口右线DyK10+840.6洞身素描记录表.pdf,毛开挖面状态,"(224.7, 229.89, 295.55, 261.59000000000003)",随时间松弛、 掉块√,INLINE_OR_SUFFIX,False,IN_SCOPE,"(224.7, 229.89, 295.55, 261.59000000000003)",随时间松弛、 掉块√,same_cell_mark,/Users/zhaoxiaoda/Library/CloudStorage/GoogleDrive-xiaodazhao0608@gmail.com/我的云端硬盘/TBM9/SKETCH/DyK1013+840.60_伯舒拉岭进口右线DyK10+840.6洞身素描记录表.pdf,FACE_SKETCH
768ef42847f6d8bfa5af2a91,CHECKBOX_POSITION,768ef42847f6d8bfa5af2a91,,DyK1013+840.60_伯舒拉岭进口右线DyK10+840.6洞身素描记录表.pdf,岩石强度,"(224.7, 261.59000000000003, 295.55, 293.2900000000001)",30＜R≤60√,INLINE_OR_SUFFIX,False,IN_SCOPE,"(224.7, 261.59000000000003, 295.55, 293.2900000000001)",30＜R≤60√,same_cell_mark,/Users/zhaoxiaoda/Library/CloudStorage/GoogleDrive-xiaodazhao0608@gmail.com/我的云端硬盘/TBM9/SKETCH/DyK1013+840.60_伯舒拉岭进口右线DyK10+840.6洞身素描记录表.pdf,FACE_SKETCH
768ef42847f6d8bfa5af2a91,CHECKBOX_POSITION,768ef42847f6d8bfa5af2a91,,DyK1013+840.60_伯舒拉岭进口右线DyK10+840.6洞身素描记录表.pdf,风化程度,"(295.55, 293.2900000000001, 350.9, 309.39)",弱风化√,INLINE_OR_SUFFIX,False,IN_SCOPE,"(295.55, 293.2900000000001, 350.9, 309.39)",弱风化√,same_cell_mark,/Users/zhaoxiaoda/Library/CloudStorage/GoogleDrive-xiaodazhao0608@gmail.com/我的云端硬盘/TBM9/SKETCH/DyK1013+840.60_伯舒拉岭进口右线DyK10+840.6洞身素描记录表.pdf,FACE_SKETCH
768ef42847f6d8bfa5af2a91,CHECKBOX_POSITION,768ef42847f6d8bfa5af2a91,,DyK1013+840.60_伯舒拉岭进口右线DyK10+840.6洞身素描记录表.pdf,间距,"(295.55, 309.39, 350.9, 336.59)",0.2～0.6√,INLINE_OR_SUFFIX,False,IN_SCOPE,"(295.55, 309.39, 350.9, 336.59)",0.2～0.6√,same_cell_mark,/Users/zhaoxiaoda/Library/CloudStorage/GoogleDrive-xiaodazhao0608@gmail.com/我的云端硬盘/TBM9/SKETCH/DyK1013+840.60_伯舒拉岭进口右线DyK10+840.6洞身素描记录表.pdf,FACE_SKETCH
768ef42847f6d8bfa5af2a91,CHECKBOX_POSITION,768ef42847f6d8bfa5af2a91,,DyK1013+840.60_伯舒拉岭进口右线DyK10+840.6洞身素描记录表.pdf,延伸性,"(295.55, 336.59, 350.9, 353.49)",中等√,INLINE_OR_SUFFIX,False,IN_SCOPE,"(295.55, 336.59, 350.9, 353.49)",中等√,same_cell_mark,/Users/zhaoxiaoda/Library/CloudStorage/GoogleDrive-xiaodazhao0608@gmail.com/我的云端硬盘/TBM9/SKETCH/DyK1013+840.60_伯舒拉岭进口右线DyK10+840.6洞身素描记录表.pdf,FACE_SKETCH
768ef42847f6d8bfa5af2a91,CHECKBOX_POSITION,768ef42847f6d8bfa5af2a91,,DyK1013+840.60_伯舒拉岭进口右线DyK10+840.6洞身素描记录表.pdf,粗糙度,"(302.65, 353.49, 394.5, 373.09)",平整光滑有擦痕√,INLINE_OR_SUFFIX,False,IN_SCOPE,"(302.65, 353.49, 394.5, 373.09)",平整光滑有擦痕√,same_cell_mark,/Users/zhaoxiaoda/Library/CloudStorage/GoogleDrive-xiaodazhao0608@gmail.com/我的云端硬盘/TBM9/SKETCH/DyK1013+840.60_伯舒拉岭进口右线DyK10+840.6洞身素描记录表.pdf,FACE_SKETCH
768ef42847f6d8bfa5af2a91,CHECKBOX_POSITION,768ef42847f6d8bfa5af2a91,,DyK1013+840.60_伯舒拉岭进口右线DyK10+840.6洞身素描记录表.pdf,张开性,"(224.7, 373.09, 295.55, 404.79)",部分张开 0.1～0.5√,INLINE_OR_SUFFIX,False,IN_SCOPE,"(224.7, 373.09, 295.55, 404.79)",部分张开 0.1～0.5√,same_cell_mark,/Users/zhaoxiaoda/Library/CloudStorage/GoogleDrive-xiaodazhao0608@gmail.com/我的云端硬盘/TBM9/SKETCH/DyK1013+840.60_伯舒拉岭进口右线DyK10+840.6洞身素描记录表.pdf,FACE_SKETCH
768ef42847f6d8bfa5af2a91,CHECKBOX_POSITION,768ef42847f6d8bfa5af2a91,,DyK1013+840.60_伯舒拉岭进口右线DyK10+840.6洞身素描记录表.pdf,涌水状态,"(466.45, 404.79, 534.95, 436.49)",其它2000 √,INLINE_OR_SUFFIX,False,IN_SCOPE,"(466.45, 404.79, 534.95, 436.49)",其它2000 √,same_cell_mark,/Users/zhaoxiaoda/Library/CloudStorage/GoogleDrive-xiaodazhao0608@gmail.com/我的云端硬盘/TBM9/SKETCH/DyK1013+840.60_伯舒拉岭进口右线DyK10+840.6洞身素描记录表.pdf,FACE_SKETCH
768ef42847f6d8bfa5af2a91,CHECKBOX_POSITION,768ef42847f6d8bfa5af2a91,,DyK1013+840.60_伯舒拉岭进口右线DyK10+840.6洞身素描记录表.pdf,岩溶发育程度,"(224.7, 436.49, 295.55, 452.59)",无√,INLINE_OR_SUFFIX,False,IN_SCOPE,"(224.7, 436.49, 295.55, 452.59)",无√,same_cell_mark,/Users/zhaoxiaoda/Library/CloudStorage/GoogleDrive-xiaodazhao0608@gmail.com/我的云端硬盘/TBM9/SKETCH/DyK1013+840.60_伯舒拉岭进口右线DyK10+840.6洞身素描记录表.pdf,FACE_SKETCH
38c8f84450aaa7ae237ae63c,CHECKBOX_POSITION,38c8f84450aaa7ae237ae63c,,DyK1013+851.40_伯舒拉岭进口右线DyK10+851.4洞身素描记录表.pdf,掌子面状态,"(224.7, 213.78999999999996, 295.55, 229.89)",正面掉块√,INLINE_OR_SUFFIX,False,IN_SCOPE,"(224.7, 213.78999999999996, 295.55, 229.89)",正面掉块√,same_cell_mark,/Users/zhaoxiaoda/Library/CloudStorage/GoogleDrive-xiaodazhao0608@gmail.com/我的云端硬盘/TBM9/SKETCH/DyK1013+851.40_伯舒拉岭进口右线DyK10+851.4洞身素描记录表.pdf,FACE_SKETCH
38c8f84450aaa7ae237ae63c,CHECKBOX_POSITION,38c8f84450aaa7ae237ae63c,,DyK1013+851.40_伯舒拉岭进口右线DyK10+851.4洞身素描记录表.pdf,毛开挖面状态,"(224.7, 229.89, 295.55, 261.59000000000003)",随时间松弛、 掉块√,INLINE_OR_SUFFIX,False,IN_SCOPE,"(224.7, 229.89, 295.55, 261.59000000000003)",随时间松弛、 掉块√,same_cell_mark,/Users/zhaoxiaoda/Library/CloudStorage/GoogleDrive-xiaodazhao0608@gmail.com/我的云端硬盘/TBM9/SKETCH/DyK1013+851.40_伯舒拉岭进口右线DyK10+851.4洞身素描记录表.pdf,FACE_SKETCH
38c8f84450aaa7ae237ae63c,CHECKBOX_POSITION,38c8f84450aaa7ae237ae63c,,DyK1013+851.40_伯舒拉岭进口右线DyK10+851.4洞身素描记录表.pdf,岩石强度,"(224.7, 261.59000000000003, 295.55, 293.2900000000001)",30＜R≤60√,INLINE_OR_SUFFIX,False,IN_SCOPE,"(224.7, 261.59000000000003, 295.55, 293.2900000000001)",30＜R≤60√,same_cell_mark,/Users/zhaoxiaoda/Library/CloudStorage/GoogleDrive-xiaodazhao0608@gmail.com/我的云端硬盘/TBM9/SKETCH/DyK1013+851.40_伯舒拉岭进口右线DyK10+851.4洞身素描记录表.pdf,FACE_SKETCH
38c8f84450aaa7ae237ae63c,CHECKBOX_POSITION,38c8f84450aaa7ae237ae63c,,DyK1013+851.40_伯舒拉岭进口右线DyK10+851.4洞身素描记录表.pdf,风化程度,"(295.55, 293.2900000000001, 350.9, 309.39)",弱风化√,INLINE_OR_SUFFIX,False,IN_SCOPE,"(295.55, 293.2900000000001, 350.9, 309.39)",弱风化√,same_cell_mark,/Users/zhaoxiaoda/Library/CloudStorage/GoogleDrive-xiaodazhao0608@gmail.com/我的云端硬盘/TBM9/SKETCH/DyK1013+851.40_伯舒拉岭进口右线DyK10+851.4洞身素描记录表.pdf,FACE_SKETCH
38c8f84450aaa7ae237ae63c,CHECKBOX_POSITION,38c8f84450aaa7ae237ae63c,,DyK1013+851.40_伯舒拉岭进口右线DyK10+851.4洞身素描记录表.pdf,间距,"(295.55, 309.39, 350.9, 336.59)",0.2～0.6√,INLINE_OR_SUFFIX,False,IN_SCOPE,"(295.55, 309.39, 350.9, 336.59)",0.2～0.6√,same_cell_mark,/Users/zhaoxiaoda/Library/CloudStorage/GoogleDrive-xiaodazhao0608@gmail.com/我的云端硬盘/TBM9/SKETCH/DyK1013+851.40_伯舒拉岭进口右线DyK10+851.4洞身素描记录表.pdf,FACE_SKETCH
38c8f84450aaa7ae237ae63c,CHECKBOX_POSITION,38c8f84450aaa7ae237ae63c,,DyK1013+851.40_伯舒拉岭进口右线DyK10+851.4洞身素描记录表.pdf,延伸性,"(295.55, 336.59, 350.9, 353.49)",中等√,INLINE_OR_SUFFIX,False,IN_SCOPE,"(295.55, 336.59, 350.9, 353.49)",中等√,same_cell_mark,/Users/zhaoxiaoda/Library/CloudStorage/GoogleDrive-xiaodazhao0608@gmail.com/我的云端硬盘/TBM9/SKETCH/DyK1013+851.40_伯舒拉岭进口右线DyK10+851.4洞身素描记录表.pdf,FACE_SKETCH
38c8f84450aaa7ae237ae63c,CHECKBOX_POSITION,38c8f84450aaa7ae237ae63c,,DyK1013+851.40_伯舒拉岭进口右线DyK10+851.4洞身素描记录表.pdf,粗糙度,"(302.65, 353.49, 394.5, 373.09)",平整光滑有擦痕√,INLINE_OR_SUFFIX,False,IN_SCOPE,"(302.65, 353.49, 394.5, 373.09)",平整光滑有擦痕√,same_cell_mark,/Users/zhaoxiaoda/Library/CloudStorage/GoogleDrive-xiaodazhao0608@gmail.com/我的云端硬盘/TBM9/SKETCH/DyK1013+851.40_伯舒拉岭进口右线DyK10+851.4洞身素描记录表.pdf,FACE_SKETCH
38c8f84450aaa7ae237ae63c,CHECKBOX_POSITION,38c8f84450aaa7ae237ae63c,,DyK1013+851.40_伯舒拉岭进口右线DyK10+851.4洞身素描记录表.pdf,张开性,"(224.7, 373.09, 295.55, 404.79)",部分张开 0.1～0.5√,INLINE_OR_SUFFIX,False,IN_SCOPE,"(224.7, 373.09, 295.55, 404.79)",部分张开 0.1～0.5√,same_cell_mark,/Users/zhaoxiaoda/Library/CloudStorage/GoogleDrive-xiaodazhao0608@gmail.com/我的云端硬盘/TBM9/SKETCH/DyK1013+851.40_伯舒拉岭进口右线DyK10+851.4洞身素描记录表.pdf,FACE_SKETCH
38c8f84450aaa7ae237ae63c,CHECKBOX_POSITION,38c8f84450aaa7ae237ae63c,,DyK1013+851.40_伯舒拉岭进口右线DyK10+851.4洞身素描记录表.pdf,涌水状态,"(466.45, 404.79, 534.95, 436.49)",其它2000 √,INLINE_OR_SUFFIX,False,IN_SCOPE,"(466.45, 404.79, 534.95, 436.49)",其它2000 √,same_cell_mark,/Users/zhaoxiaoda/Library/CloudStorage/GoogleDrive-xiaodazhao0608@gmail.com/我的云端硬盘/TBM9/SKETCH/DyK1013+851.40_伯舒拉岭进口右线DyK10+851.4洞身素描记录表.pdf,FACE_SKETCH
38c8f84450aaa7ae237ae63c,CHECKBOX_POSITION,38c8f84450aaa7ae237ae63c,,DyK1013+851.40_伯舒拉岭进口右线DyK10+851.4洞身素描记录表.pdf,岩溶发育程度,"(224.7, 436.49, 295.55, 452.59)",无√,INLINE_OR_SUFFIX,False,IN_SCOPE,"(224.7, 436.49, 295.55, 452.59)",无√,same_cell_mark,/Users/zhaoxiaoda/Library/CloudStorage/GoogleDrive-xiaodazhao0608@gmail.com/我的云端硬盘/TBM9/SKETCH/DyK1013+851.40_伯舒拉岭进口右线DyK10+851.4洞身素描记录表.pdf,FACE_SKETCH
ef1f13d1332945f7a370fa19,CHECKBOX_POSITION,ef1f13d1332945f7a370fa19,,DyK1013+869.40_伯舒拉岭进口右线DyK10+869.4洞身素描记录表.pdf,掌子面状态,"(224.7, 213.78999999999996, 295.55, 229.89)",正面掉块√,INLINE_OR_SUFFIX,False,IN_SCOPE,"(224.7, 213.78999999999996, 295.55, 229.89)",正面掉块√,same_cell_mark,/Users/zhaoxiaoda/Library/CloudStorage/GoogleDrive-xiaodazhao0608@gmail.com/我的云端硬盘/TBM9/SKETCH/DyK1013+869.40_伯舒拉岭进口右线DyK10+869.4洞身素描记录表.pdf,FACE_SKETCH
ef1f13d1332945f7a370fa19,CHECKBOX_POSITION,ef1f13d1332945f7a370fa19,,DyK1013+869.40_伯舒拉岭进口右线DyK10+869.4洞身素描记录表.pdf,毛开挖面状态,"(224.7, 229.89, 295.55, 261.59000000000003)",随时间松弛、 掉块√,INLINE_OR_SUFFIX,False,IN_SCOPE,"(224.7, 229.89, 295.55, 261.59000000000003)",随时间松弛、 掉块√,same_cell_mark,/Users/zhaoxiaoda/Library/CloudStorage/GoogleDrive-xiaodazhao0608@gmail.com/我的云端硬盘/TBM9/SKETCH/DyK1013+869.40_伯舒拉岭进口右线DyK10+869.4洞身素描记录表.pdf,FACE_SKETCH
ef1f13d1332945f7a370fa19,CHECKBOX_POSITION,ef1f13d1332945f7a370fa19,,DyK1013+869.40_伯舒拉岭进口右线DyK10+869.4洞身素描记录表.pdf,岩石强度,"(224.7, 261.59000000000003, 295.55, 293.2900000000001)",30＜R≤60√,INLINE_OR_SUFFIX,False,IN_SCOPE,"(224.7, 261.59000000000003, 295.55, 293.2900000000001)",30＜R≤60√,same_cell_mark,/Users/zhaoxiaoda/Library/CloudStorage/GoogleDrive-xiaodazhao0608@gmail.com/我的云端硬盘/TBM9/SKETCH/DyK1013+869.40_伯舒拉岭进口右线DyK10+869.4洞身素描记录表.pdf,FACE_SKETCH
ef1f13d1332945f7a370fa19,CHECKBOX_POSITION,ef1f13d1332945f7a370fa19,,DyK1013+869.40_伯舒拉岭进口右线DyK10+869.4洞身素描记录表.pdf,风化程度,"(295.55, 293.2900000000001, 350.9, 309.39)",弱风化√,INLINE_OR_SUFFIX,False,IN_SCOPE,"(295.55, 293.2900000000001, 350.9, 309.39)",弱风化√,same_cell_mark,/Users/zhaoxiaoda/Library/CloudStorage/GoogleDrive-xiaodazhao0608@gmail.com/我的云端硬盘/TBM9/SKETCH/DyK1013+869.40_伯舒拉岭进口右线DyK10+869.4洞身素描记录表.pdf,FACE_SKETCH
ef1f13d1332945f7a370fa19,CHECKBOX_POSITION,ef1f13d1332945f7a370fa19,,DyK1013+869.40_伯舒拉岭进口右线DyK10+869.4洞身素描记录表.pdf,间距,"(295.55, 309.39, 350.9, 336.59)",0.2～0.6√,INLINE_OR_SUFFIX,False,IN_SCOPE,"(295.55, 309.39, 350.9, 336.59)",0.2～0.6√,same_cell_mark,/Users/zhaoxiaoda/Library/CloudStorage/GoogleDrive-xiaodazhao0608@gmail.com/我的云端硬盘/TBM9/SKETCH/DyK1013+869.40_伯舒拉岭进口右线DyK10+869.4洞身素描记录表.pdf,FACE_SKETCH
ef1f13d1332945f7a370fa19,CHECKBOX_POSITION,ef1f13d1332945f7a370fa19,,DyK1013+869.40_伯舒拉岭进口右线DyK10+869.4洞身素描记录表.pdf,延伸性,"(295.55, 336.59, 350.9, 353.49)",中等√,INLINE_OR_SUFFIX,False,IN_SCOPE,"(295.55, 336.59, 350.9, 353.49)",中等√,same_cell_mark,/Users/zhaoxiaoda/Library/CloudStorage/GoogleDrive-xiaodazhao0608@gmail.com/我的云端硬盘/TBM9/SKETCH/DyK1013+869.40_伯舒拉岭进口右线DyK10+869.4洞身素描记录表.pdf,FACE_SKETCH
ef1f13d1332945f7a370fa19,CHECKBOX_POSITION,ef1f13d1332945f7a370fa19,,DyK1013+869.40_伯舒拉岭进口右线DyK10+869.4洞身素描记录表.pdf,粗糙度,"(302.65, 353.49, 394.5, 373.09)",平整光滑有擦痕√,INLINE_OR_SUFFIX,False,IN_SCOPE,"(302.65, 353.49, 394.5, 373.09)",平整光滑有擦痕√,same_cell_mark,/Users/zhaoxiaoda/Library/CloudStorage/GoogleDrive-xiaodazhao0608@gmail.com/我的云端硬盘/TBM9/SKETCH/DyK1013+869.40_伯舒拉岭进口右线DyK10+869.4洞身素描记录表.pdf,FACE_SKETCH
ef1f13d1332945f7a370fa19,CHECKBOX_POSITION,ef1f13d1332945f7a370fa19,,DyK1013+869.40_伯舒拉岭进口右线DyK10+869.4洞身素描记录表.pdf,张开性,"(224.7, 373.09, 295.55, 404.79)",部分张开 0.1～0.5√,INLINE_OR_SUFFIX,False,IN_SCOPE,"(224.7, 373.09, 295.55, 404.79)",部分张开 0.1～0.5√,same_cell_mark,/Users/zhaoxiaoda/Library/CloudStorage/GoogleDrive-xiaodazhao0608@gmail.com/我的云端硬盘/TBM9/SKETCH/DyK1013+869.40_伯舒拉岭进口右线DyK10+869.4洞身素描记录表.pdf,FACE_SKETCH
ef1f13d1332945f7a370fa19,CHECKBOX_POSITION,ef1f13d1332945f7a370fa19,,DyK1013+869.40_伯舒拉岭进口右线DyK10+869.4洞身素描记录表.pdf,涌水状态,"(466.45, 404.79, 534.95, 436.49)",其它2000 √,INLINE_OR_SUFFIX,False,IN_SCOPE,"(466.45, 404.79, 534.95, 436.49)",其它2000 √,same_cell_mark,/Users/zhaoxiaoda/Library/CloudStorage/GoogleDrive-xiaodazhao0608@gmail.com/我的云端硬盘/TBM9/SKETCH/DyK1013+869.40_伯舒拉岭进口右线DyK10+869.4洞身素描记录表.pdf,FACE_SKETCH
ef1f13d1332945f7a370fa19,CHECKBOX_POSITION,ef1f13d1332945f7a370fa19,,DyK1013+869.40_伯舒拉岭进口右线DyK10+869.4洞身素描记录表.pdf,岩溶发育程度,"(224.7, 436.49, 295.55, 452.59)",无√,INLINE_OR_SUFFIX,False,IN_SCOPE,"(224.7, 436.49, 295.55, 452.59)",无√,same_cell_mark,/Users/zhaoxiaoda/Library/CloudStorage/GoogleDrive-xiaodazhao0608@gmail.com/我的云端硬盘/TBM9/SKETCH/DyK1013+869.40_伯舒拉岭进口右线DyK10+869.4洞身素描记录表.pdf,FACE_SKETCH
d18280884169f13cf2a02c5f,CHECKBOX_POSITION,d18280884169f13cf2a02c5f,,DyK1013+894.60_伯舒拉岭进口右线DyK10+894.6洞身素描记录表.pdf,掌子面状态,"(224.7, 213.78999999999996, 295.55, 229.89)",正面掉块√,INLINE_OR_SUFFIX,False,IN_SCOPE,"(224.7, 213.78999999999996, 295.55, 229.89)",正面掉块√,same_cell_mark,/Users/zhaoxiaoda/Library/CloudStorage/GoogleDrive-xiaodazhao0608@gmail.com/我的云端硬盘/TBM9/SKETCH/DyK1013+894.60_伯舒拉岭进口右线DyK10+894.6洞身素描记录表.pdf,FACE_SKETCH
d18280884169f13cf2a02c5f,CHECKBOX_POSITION,d18280884169f13cf2a02c5f,,DyK1013+894.60_伯舒拉岭进口右线DyK10+894.6洞身素描记录表.pdf,毛开挖面状态,"(224.7, 229.89, 295.55, 261.59000000000003)",随时间松弛、 掉块√,INLINE_OR_SUFFIX,False,IN_SCOPE,"(224.7, 229.89, 295.55, 261.59000000000003)",随时间松弛、 掉块√,same_cell_mark,/Users/zhaoxiaoda/Library/CloudStorage/GoogleDrive-xiaodazhao0608@gmail.com/我的云端硬盘/TBM9/SKETCH/DyK1013+894.60_伯舒拉岭进口右线DyK10+894.6洞身素描记录表.pdf,FACE_SKETCH
d18280884169f13cf2a02c5f,CHECKBOX_POSITION,d18280884169f13cf2a02c5f,,DyK1013+894.60_伯舒拉岭进口右线DyK10+894.6洞身素描记录表.pdf,岩石强度,"(224.7, 261.59000000000003, 295.55, 293.2900000000001)",30＜R≤60√,INLINE_OR_SUFFIX,False,IN_SCOPE,"(224.7, 261.59000000000003, 295.55, 293.2900000000001)",30＜R≤60√,same_cell_mark,/Users/zhaoxiaoda/Library/CloudStorage/GoogleDrive-xiaodazhao0608@gmail.com/我的云端硬盘/TBM9/SKETCH/DyK1013+894.60_伯舒拉岭进口右线DyK10+894.6洞身素描记录表.pdf,FACE_SKETCH
d18280884169f13cf2a02c5f,CHECKBOX_POSITION,d18280884169f13cf2a02c5f,,DyK1013+894.60_伯舒拉岭进口右线DyK10+894.6洞身素描记录表.pdf,风化程度,"(295.55, 293.2900000000001, 350.9, 309.39)",弱风化√,INLINE_OR_SUFFIX,False,IN_SCOPE,"(295.55, 293.2900000000001, 350.9, 309.39)",弱风化√,same_cell_mark,/Users/zhaoxiaoda/Library/CloudStorage/GoogleDrive-xiaodazhao0608@gmail.com/我的云端硬盘/TBM9/SKETCH/DyK1013+894.60_伯舒拉岭进口右线DyK10+894.6洞身素描记录表.pdf,FACE_SKETCH
d18280884169f13cf2a02c5f,CHECKBOX_POSITION,d18280884169f13cf2a02c5f,,DyK1013+894.60_伯舒拉岭进口右线DyK10+894.6洞身素描记录表.pdf,间距,"(295.55, 309.39, 350.9, 336.59)",0.2～0.6√,INLINE_OR_SUFFIX,False,IN_SCOPE,"(295.55, 309.39, 350.9, 336.59)",0.2～0.6√,same_cell_mark,/Users/zhaoxiaoda/Library/CloudStorage/GoogleDrive-xiaodazhao0608@gmail.com/我的云端硬盘/TBM9/SKETCH/DyK1013+894.60_伯舒拉岭进口右线DyK10+894.6洞身素描记录表.pdf,FACE_SKETCH
d18280884169f13cf2a02c5f,CHECKBOX_POSITION,d18280884169f13cf2a02c5f,,DyK1013+894.60_伯舒拉岭进口右线DyK10+894.6洞身素描记录表.pdf,延伸性,"(295.55, 336.59, 350.9, 353.49)",中等√,INLINE_OR_SUFFIX,False,IN_SCOPE,"(295.55, 336.59, 350.9, 353.49)",中等√,same_cell_mark,/Users/zhaoxiaoda/Library/CloudStorage/GoogleDrive-xiaodazhao0608@gmail.com/我的云端硬盘/TBM9/SKETCH/DyK1013+894.60_伯舒拉岭进口右线DyK10+894.6洞身素描记录表.pdf,FACE_SKETCH
d18280884169f13cf2a02c5f,CHECKBOX_POSITION,d18280884169f13cf2a02c5f,,DyK1013+894.60_伯舒拉岭进口右线DyK10+894.6洞身素描记录表.pdf,粗糙度,"(302.65, 353.49, 394.5, 373.09)",平整光滑有擦痕√,INLINE_OR_SUFFIX,False,IN_SCOPE,"(302.65, 353.49, 394.5, 373.09)",平整光滑有擦痕√,same_cell_mark,/Users/zhaoxiaoda/Library/CloudStorage/GoogleDrive-xiaodazhao0608@gmail.com/我的云端硬盘/TBM9/SKETCH/DyK1013+894.60_伯舒拉岭进口右线DyK10+894.6洞身素描记录表.pdf,FACE_SKETCH
d18280884169f13cf2a02c5f,CHECKBOX_POSITION,d18280884169f13cf2a02c5f,,DyK1013+894.60_伯舒拉岭进口右线DyK10+894.6洞身素描记录表.pdf,张开性,"(224.7, 373.09, 295.55, 404.79)",部分张开 0.1～0.5√,INLINE_OR_SUFFIX,False,IN_SCOPE,"(224.7, 373.09, 295.55, 404.79)",部分张开 0.1～0.5√,same_cell_mark,/Users/zhaoxiaoda/Library/CloudStorage/GoogleDrive-xiaodazhao0608@gmail.com/我的云端硬盘/TBM9/SKETCH/DyK1013+894.60_伯舒拉岭进口右线DyK10+894.6洞身素描记录表.pdf,FACE_SKETCH
d18280884169f13cf2a02c5f,CHECKBOX_POSITION,d18280884169f13cf2a02c5f,,DyK1013+894.60_伯舒拉岭进口右线DyK10+894.6洞身素描记录表.pdf,涌水状态,"(466.45, 404.79, 534.95, 436.49)",其它2000 √,INLINE_OR_SUFFIX,False,IN_SCOPE,"(466.45, 404.79, 534.95, 436.49)",其它2000 √,same_cell_mark,/Users/zhaoxiaoda/Library/CloudStorage/GoogleDrive-xiaodazhao0608@gmail.com/我的云端硬盘/TBM9/SKETCH/DyK1013+894.60_伯舒拉岭进口右线DyK10+894.6洞身素描记录表.pdf,FACE_SKETCH
d18280884169f13cf2a02c5f,CHECKBOX_POSITION,d18280884169f13cf2a02c5f,,DyK1013+894.60_伯舒拉岭进口右线DyK10+894.6洞身素描记录表.pdf,岩溶发育程度,"(224.7, 436.49, 295.55, 452.59)",无√,INLINE_OR_SUFFIX,False,IN_SCOPE,"(224.7, 436.49, 295.55, 452.59)",无√,same_cell_mark,/Users/zhaoxiaoda/Library/CloudStorage/GoogleDrive-xiaodazhao0608@gmail.com/我的云端硬盘/TBM9/SKETCH/DyK1013+894.60_伯舒拉岭进口右线DyK10+894.6洞身素描记录表.pdf,FACE_SKETCH
00b9dd298253daf3a1a0aafd,CHECKBOX_POSITION,00b9dd298253daf3a1a0aafd,,DyK1013+924.60_伯舒拉岭进口右线DyK1013+924.6洞身素描记录表.pdf,掌子面状态,"(224.7, 213.78999999999996, 295.55, 229.89)",正面掉块√,INLINE_OR_SUFFIX,False,IN_SCOPE,"(224.7, 213.78999999999996, 295.55, 229.89)",正面掉块√,same_cell_mark,/Users/zhaoxiaoda/Library/CloudStorage/GoogleDrive-xiaodazhao0608@gmail.com/我的云端硬盘/TBM9/SKETCH/DyK1013+924.60_伯舒拉岭进口右线DyK1013+924.6洞身素描记录表.pdf,FACE_SKETCH
00b9dd298253daf3a1a0aafd,CHECKBOX_POSITION,00b9dd298253daf3a1a0aafd,,DyK1013+924.60_伯舒拉岭进口右线DyK1013+924.6洞身素描记录表.pdf,毛开挖面状态,"(224.7, 229.89, 295.55, 261.59000000000003)",随时间松弛、 掉块√,INLINE_OR_SUFFIX,False,IN_SCOPE,"(224.7, 229.89, 295.55, 261.59000000000003)",随时间松弛、 掉块√,same_cell_mark,/Users/zhaoxiaoda/Library/CloudStorage/GoogleDrive-xiaodazhao0608@gmail.com/我的云端硬盘/TBM9/SKETCH/DyK1013+924.60_伯舒拉岭进口右线DyK1013+924.6洞身素描记录表.pdf,FACE_SKETCH
00b9dd298253daf3a1a0aafd,CHECKBOX_POSITION,00b9dd298253daf3a1a0aafd,,DyK1013+924.60_伯舒拉岭进口右线DyK1013+924.6洞身素描记录表.pdf,岩石强度,"(224.7, 261.59000000000003, 295.55, 293.2900000000001)",30＜R≤60√,INLINE_OR_SUFFIX,False,IN_SCOPE,"(224.7, 261.59000000000003, 295.55, 293.2900000000001)",30＜R≤60√,same_cell_mark,/Users/zhaoxiaoda/Library/CloudStorage/GoogleDrive-xiaodazhao0608@gmail.com/我的云端硬盘/TBM9/SKETCH/DyK1013+924.60_伯舒拉岭进口右线DyK1013+924.6洞身素描记录表.pdf,FACE_SKETCH
00b9dd298253daf3a1a0aafd,CHECKBOX_POSITION,00b9dd298253daf3a1a0aafd,,DyK1013+924.60_伯舒拉岭进口右线DyK1013+924.6洞身素描记录表.pdf,风化程度,"(295.55, 293.2900000000001, 350.9, 309.39)",弱风化√,INLINE_OR_SUFFIX,False,IN_SCOPE,"(295.55, 293.2900000000001, 350.9, 309.39)",弱风化√,same_cell_mark,/Users/zhaoxiaoda/Library/CloudStorage/GoogleDrive-xiaodazhao0608@gmail.com/我的云端硬盘/TBM9/SKETCH/DyK1013+924.60_伯舒拉岭进口右线DyK1013+924.6洞身素描记录表.pdf,FACE_SKETCH
00b9dd298253daf3a1a0aafd,CHECKBOX_POSITION,00b9dd298253daf3a1a0aafd,,DyK1013+924.60_伯舒拉岭进口右线DyK1013+924.6洞身素描记录表.pdf,间距,"(295.55, 309.39, 350.9, 336.59)",0.2～0.6√,INLINE_OR_SUFFIX,False,IN_SCOPE,"(295.55, 309.39, 350.9, 336.59)",0.2～0.6√,same_cell_mark,/Users/zhaoxiaoda/Library/CloudStorage/GoogleDrive-xiaodazhao0608@gmail.com/我的云端硬盘/TBM9/SKETCH/DyK1013+924.60_伯舒拉岭进口右线DyK1013+924.6洞身素描记录表.pdf,FACE_SKETCH
00b9dd298253daf3a1a0aafd,CHECKBOX_POSITION,00b9dd298253daf3a1a0aafd,,DyK1013+924.60_伯舒拉岭进口右线DyK1013+924.6洞身素描记录表.pdf,延伸性,"(295.55, 336.59, 350.9, 353.49)",中等√,INLINE_OR_SUFFIX,False,IN_SCOPE,"(295.55, 336.59, 350.9, 353.49)",中等√,same_cell_mark,/Users/zhaoxiaoda/Library/CloudStorage/GoogleDrive-xiaodazhao0608@gmail.com/我的云端硬盘/TBM9/SKETCH/DyK1013+924.60_伯舒拉岭进口右线DyK1013+924.6洞身素描记录表.pdf,FACE_SKETCH
00b9dd298253daf3a1a0aafd,CHECKBOX_POSITION,00b9dd298253daf3a1a0aafd,,DyK1013+924.60_伯舒拉岭进口右线DyK1013+924.6洞身素描记录表.pdf,粗糙度,"(302.65, 353.49, 394.5, 373.09)",平整光滑有擦痕√,INLINE_OR_SUFFIX,False,IN_SCOPE,"(302.65, 353.49, 394.5, 373.09)",平整光滑有擦痕√,same_cell_mark,/Users/zhaoxiaoda/Library/CloudStorage/GoogleDrive-xiaodazhao0608@gmail.com/我的云端硬盘/TBM9/SKETCH/DyK1013+924.60_伯舒拉岭进口右线DyK1013+924.6洞身素描记录表.pdf,FACE_SKETCH
00b9dd298253daf3a1a0aafd,CHECKBOX_POSITION,00b9dd298253daf3a1a0aafd,,DyK1013+924.60_伯舒拉岭进口右线DyK1013+924.6洞身素描记录表.pdf,张开性,"(224.7, 373.09, 295.55, 404.79)",部分张开 0.1～0.5√,INLINE_OR_SUFFIX,False,IN_SCOPE,"(224.7, 373.09, 295.55, 404.79)",部分张开 0.1～0.5√,same_cell_mark,/Users/zhaoxiaoda/Library/CloudStorage/GoogleDrive-xiaodazhao0608@gmail.com/我的云端硬盘/TBM9/SKETCH/DyK1013+924.60_伯舒拉岭进口右线DyK1013+924.6洞身素描记录表.pdf,FACE_SKETCH
00b9dd298253daf3a1a0aafd,CHECKBOX_POSITION,00b9dd298253daf3a1a0aafd,,DyK1013+924.60_伯舒拉岭进口右线DyK1013+924.6洞身素描记录表.pdf,涌水状态,"(466.45, 404.79, 534.95, 436.49)",其它500 √,INLINE_OR_SUFFIX,False,IN_SCOPE,"(466.45, 404.79, 534.95, 436.49)",其它500 √,same_cell_mark,/Users/zhaoxiaoda/Library/CloudStorage/GoogleDrive-xiaodazhao0608@gmail.com/我的云端硬盘/TBM9/SKETCH/DyK1013+924.60_伯舒拉岭进口右线DyK1013+924.6洞身素描记录表.pdf,FACE_SKETCH
00b9dd298253daf3a1a0aafd,CHECKBOX_POSITION,00b9dd298253daf3a1a0aafd,,DyK1013+924.60_伯舒拉岭进口右线DyK1013+924.6洞身素描记录表.pdf,岩溶发育程度,"(224.7, 436.49, 295.55, 452.59)",无√,INLINE_OR_SUFFIX,False,IN_SCOPE,"(224.7, 436.49, 295.55, 452.59)",无√,same_cell_mark,/Users/zhaoxiaoda/Library/CloudStorage/GoogleDrive-xiaodazhao0608@gmail.com/我的云端硬盘/TBM9/SKETCH/DyK1013+924.60_伯舒拉岭进口右线DyK1013+924.6洞身素描记录表.pdf,FACE_SKETCH
96f8d3c0780d9576f68724de,CHECKBOX_POSITION,96f8d3c0780d9576f68724de,,DyK1013+925.20_伯舒拉岭进口右线DyK1013+925.2洞身素描记录表.pdf,掌子面状态,"(224.7, 213.78999999999996, 295.55, 229.89)",正面掉块√,INLINE_OR_SUFFIX,False,IN_SCOPE,"(224.7, 213.78999999999996, 295.55, 229.89)",正面掉块√,same_cell_mark,/Users/zhaoxiaoda/Library/CloudStorage/GoogleDrive-xiaodazhao0608@gmail.com/我的云端硬盘/TBM9/SKETCH/DyK1013+925.20_伯舒拉岭进口右线DyK1013+925.2洞身素描记录表.pdf,FACE_SKETCH
96f8d3c0780d9576f68724de,CHECKBOX_POSITION,96f8d3c0780d9576f68724de,,DyK1013+925.20_伯舒拉岭进口右线DyK1013+925.2洞身素描记录表.pdf,毛开挖面状态,"(224.7, 229.89, 295.55, 261.59000000000003)",随时间松弛、 掉块√,INLINE_OR_SUFFIX,False,IN_SCOPE,"(224.7, 229.89, 295.55, 261.59000000000003)",随时间松弛、 掉块√,same_cell_mark,/Users/zhaoxiaoda/Library/CloudStorage/GoogleDrive-xiaodazhao0608@gmail.com/我的云端硬盘/TBM9/SKETCH/DyK1013+925.20_伯舒拉岭进口右线DyK1013+925.2洞身素描记录表.pdf,FACE_SKETCH
96f8d3c0780d9576f68724de,CHECKBOX_POSITION,96f8d3c0780d9576f68724de,,DyK1013+925.20_伯舒拉岭进口右线DyK1013+925.2洞身素描记录表.pdf,岩石强度,"(224.7, 261.59000000000003, 295.55, 293.2900000000001)",30＜R≤60√,INLINE_OR_SUFFIX,False,IN_SCOPE,"(224.7, 261.59000000000003, 295.55, 293.2900000000001)",30＜R≤60√,same_cell_mark,/Users/zhaoxiaoda/Library/CloudStorage/GoogleDrive-xiaodazhao0608@gmail.com/我的云端硬盘/TBM9/SKETCH/DyK1013+925.20_伯舒拉岭进口右线DyK1013+925.2洞身素描记录表.pdf,FACE_SKETCH
96f8d3c0780d9576f68724de,CHECKBOX_POSITION,96f8d3c0780d9576f68724de,,DyK1013+925.20_伯舒拉岭进口右线DyK1013+925.2洞身素描记录表.pdf,风化程度,"(295.55, 293.2900000000001, 350.9, 309.39)",弱风化√,INLINE_OR_SUFFIX,False,IN_SCOPE,"(295.55, 293.2900000000001, 350.9, 309.39)",弱风化√,same_cell_mark,/Users/zhaoxiaoda/Library/CloudStorage/GoogleDrive-xiaodazhao0608@gmail.com/我的云端硬盘/TBM9/SKETCH/DyK1013+925.20_伯舒拉岭进口右线DyK1013+925.2洞身素描记录表.pdf,FACE_SKETCH
96f8d3c0780d9576f68724de,CHECKBOX_POSITION,96f8d3c0780d9576f68724de,,DyK1013+925.20_伯舒拉岭进口右线DyK1013+925.2洞身素描记录表.pdf,间距,"(295.55, 309.39, 350.9, 336.59)",0.2～0.6√,INLINE_OR_SUFFIX,False,IN_SCOPE,"(295.55, 309.39, 350.9, 336.59)",0.2～0.6√,same_cell_mark,/Users/zhaoxiaoda/Library/CloudStorage/GoogleDrive-xiaodazhao0608@gmail.com/我的云端硬盘/TBM9/SKETCH/DyK1013+925.20_伯舒拉岭进口右线DyK1013+925.2洞身素描记录表.pdf,FACE_SKETCH
96f8d3c0780d9576f68724de,CHECKBOX_POSITION,96f8d3c0780d9576f68724de,,DyK1013+925.20_伯舒拉岭进口右线DyK1013+925.2洞身素描记录表.pdf,延伸性,"(295.55, 336.59, 350.9, 353.49)",中等√,INLINE_OR_SUFFIX,False,IN_SCOPE,"(295.55, 336.59, 350.9, 353.49)",中等√,same_cell_mark,/Users/zhaoxiaoda/Library/CloudStorage/GoogleDrive-xiaodazhao0608@gmail.com/我的云端硬盘/TBM9/SKETCH/DyK1013+925.20_伯舒拉岭进口右线DyK1013+925.2洞身素描记录表.pdf,FACE_SKETCH
96f8d3c0780d9576f68724de,CHECKBOX_POSITION,96f8d3c0780d9576f68724de,,DyK1013+925.20_伯舒拉岭进口右线DyK1013+925.2洞身素描记录表.pdf,粗糙度,"(302.65, 353.49, 394.5, 373.09)",平整光滑有擦痕√,INLINE_OR_SUFFIX,False,IN_SCOPE,"(302.65, 353.49, 394.5, 373.09)",平整光滑有擦痕√,same_cell_mark,/Users/zhaoxiaoda/Library/CloudStorage/GoogleDrive-xiaodazhao0608@gmail.com/我的云端硬盘/TBM9/SKETCH/DyK1013+925.20_伯舒拉岭进口右线DyK1013+925.2洞身素描记录表.pdf,FACE_SKETCH
96f8d3c0780d9576f68724de,CHECKBOX_POSITION,96f8d3c0780d9576f68724de,,DyK1013+925.20_伯舒拉岭进口右线DyK1013+925.2洞身素描记录表.pdf,张开性,"(224.7, 373.09, 295.55, 404.79)",部分张开 0.1～0.5√,INLINE_OR_SUFFIX,False,IN_SCOPE,"(224.7, 373.09, 295.55, 404.79)",部分张开 0.1～0.5√,same_cell_mark,/Users/zhaoxiaoda/Library/CloudStorage/GoogleDrive-xiaodazhao0608@gmail.com/我的云端硬盘/TBM9/SKETCH/DyK1013+925.20_伯舒拉岭进口右线DyK1013+925.2洞身素描记录表.pdf,FACE_SKETCH
96f8d3c0780d9576f68724de,CHECKBOX_POSITION,96f8d3c0780d9576f68724de,,DyK1013+925.20_伯舒拉岭进口右线DyK1013+925.2洞身素描记录表.pdf,涌水状态,"(466.45, 404.79, 534.95, 436.49)",其它500 √,INLINE_OR_SUFFIX,False,IN_SCOPE,"(466.45, 404.79, 534.95, 436.49)",其它500 √,same_cell_mark,/Users/zhaoxiaoda/Library/CloudStorage/GoogleDrive-xiaodazhao0608@gmail.com/我的云端硬盘/TBM9/SKETCH/DyK1013+925.20_伯舒拉岭进口右线DyK1013+925.2洞身素描记录表.pdf,FACE_SKETCH
96f8d3c0780d9576f68724de,CHECKBOX_POSITION,96f8d3c0780d9576f68724de,,DyK1013+925.20_伯舒拉岭进口右线DyK1013+925.2洞身素描记录表.pdf,岩溶发育程度,"(224.7, 436.49, 295.55, 452.59)",无√,INLINE_OR_SUFFIX,False,IN_SCOPE,"(224.7, 436.49, 295.55, 452.59)",无√,same_cell_mark,/Users/zhaoxiaoda/Library/CloudStorage/GoogleDrive-xiaodazhao0608@gmail.com/我的云端硬盘/TBM9/SKETCH/DyK1013+925.20_伯舒拉岭进口右线DyK1013+925.2洞身素描记录表.pdf,FACE_SKETCH
2cece822f2cb62dc15e48e46,CHECKBOX_POSITION,2cece822f2cb62dc15e48e46,,DyK1013+943.20_伯舒拉岭进口右线DyK1013+943.2洞身素描记录表.pdf,掌子面状态,"(224.7, 213.78999999999996, 295.55, 229.89)",正面掉块√,INLINE_OR_SUFFIX,False,IN_SCOPE,"(224.7, 213.78999999999996, 295.55, 229.89)",正面掉块√,same_cell_mark,/Users/zhaoxiaoda/Library/CloudStorage/GoogleDrive-xiaodazhao0608@gmail.com/我的云端硬盘/TBM9/SKETCH/DyK1013+943.20_伯舒拉岭进口右线DyK1013+943.2洞身素描记录表.pdf,FACE_SKETCH
2cece822f2cb62dc15e48e46,CHECKBOX_POSITION,2cece822f2cb62dc15e48e46,,DyK1013+943.20_伯舒拉岭进口右线DyK1013+943.2洞身素描记录表.pdf,毛开挖面状态,"(224.7, 229.89, 295.55, 261.59000000000003)",随时间松弛、 掉块√,INLINE_OR_SUFFIX,False,IN_SCOPE,"(224.7, 229.89, 295.55, 261.59000000000003)",随时间松弛、 掉块√,same_cell_mark,/Users/zhaoxiaoda/Library/CloudStorage/GoogleDrive-xiaodazhao0608@gmail.com/我的云端硬盘/TBM9/SKETCH/DyK1013+943.20_伯舒拉岭进口右线DyK1013+943.2洞身素描记录表.pdf,FACE_SKETCH
2cece822f2cb62dc15e48e46,CHECKBOX_POSITION,2cece822f2cb62dc15e48e46,,DyK1013+943.20_伯舒拉岭进口右线DyK1013+943.2洞身素描记录表.pdf,岩石强度,"(224.7, 261.59000000000003, 295.55, 293.2900000000001)",30＜R≤60√,INLINE_OR_SUFFIX,False,IN_SCOPE,"(224.7, 261.59000000000003, 295.55, 293.2900000000001)",30＜R≤60√,same_cell_mark,/Users/zhaoxiaoda/Library/CloudStorage/GoogleDrive-xiaodazhao0608@gmail.com/我的云端硬盘/TBM9/SKETCH/DyK1013+943.20_伯舒拉岭进口右线DyK1013+943.2洞身素描记录表.pdf,FACE_SKETCH
2cece822f2cb62dc15e48e46,CHECKBOX_POSITION,2cece822f2cb62dc15e48e46,,DyK1013+943.20_伯舒拉岭进口右线DyK1013+943.2洞身素描记录表.pdf,风化程度,"(295.55, 293.2900000000001, 350.9, 309.39)",弱风化√,INLINE_OR_SUFFIX,False,IN_SCOPE,"(295.55, 293.2900000000001, 350.9, 309.39)",弱风化√,same_cell_mark,/Users/zhaoxiaoda/Library/CloudStorage/GoogleDrive-xiaodazhao0608@gmail.com/我的云端硬盘/TBM9/SKETCH/DyK1013+943.20_伯舒拉岭进口右线DyK1013+943.2洞身素描记录表.pdf,FACE_SKETCH
2cece822f2cb62dc15e48e46,CHECKBOX_POSITION,2cece822f2cb62dc15e48e46,,DyK1013+943.20_伯舒拉岭进口右线DyK1013+943.2洞身素描记录表.pdf,间距,"(295.55, 309.39, 350.9, 336.59)",0.2～0.6√,INLINE_OR_SUFFIX,False,IN_SCOPE,"(295.55, 309.39, 350.9, 336.59)",0.2～0.6√,same_cell_mark,/Users/zhaoxiaoda/Library/CloudStorage/GoogleDrive-xiaodazhao0608@gmail.com/我的云端硬盘/TBM9/SKETCH/DyK1013+943.20_伯舒拉岭进口右线DyK1013+943.2洞身素描记录表.pdf,FACE_SKETCH
2cece822f2cb62dc15e48e46,CHECKBOX_POSITION,2cece822f2cb62dc15e48e46,,DyK1013+943.20_伯舒拉岭进口右线DyK1013+943.2洞身素描记录表.pdf,延伸性,"(295.55, 336.59, 350.9, 353.49)",中等√,INLINE_OR_SUFFIX,False,IN_SCOPE,"(295.55, 336.59, 350.9, 353.49)",中等√,same_cell_mark,/Users/zhaoxiaoda/Library/CloudStorage/GoogleDrive-xiaodazhao0608@gmail.com/我的云端硬盘/TBM9/SKETCH/DyK1013+943.20_伯舒拉岭进口右线DyK1013+943.2洞身素描记录表.pdf,FACE_SKETCH
2cece822f2cb62dc15e48e46,CHECKBOX_POSITION,2cece822f2cb62dc15e48e46,,DyK1013+943.20_伯舒拉岭进口右线DyK1013+943.2洞身素描记录表.pdf,粗糙度,"(302.65, 353.49, 394.5, 373.09)",平整光滑有擦痕√,INLINE_OR_SUFFIX,False,IN_SCOPE,"(302.65, 353.49, 394.5, 373.09)",平整光滑有擦痕√,same_cell_mark,/Users/zhaoxiaoda/Library/CloudStorage/GoogleDrive-xiaodazhao0608@gmail.com/我的云端硬盘/TBM9/SKETCH/DyK1013+943.20_伯舒拉岭进口右线DyK1013+943.2洞身素描记录表.pdf,FACE_SKETCH
2cece822f2cb62dc15e48e46,CHECKBOX_POSITION,2cece822f2cb62dc15e48e46,,DyK1013+943.20_伯舒拉岭进口右线DyK1013+943.2洞身素描记录表.pdf,张开性,"(224.7, 373.09, 295.55, 404.79)",部分张开 0.1～0.5√,INLINE_OR_SUFFIX,False,IN_SCOPE,"(224.7, 373.09, 295.55, 404.79)",部分张开 0.1～0.5√,same_cell_mark,/Users/zhaoxiaoda/Library/CloudStorage/GoogleDrive-xiaodazhao0608@gmail.com/我的云端硬盘/TBM9/SKETCH/DyK1013+943.20_伯舒拉岭进口右线DyK1013+943.2洞身素描记录表.pdf,FACE_SKETCH
2cece822f2cb62dc15e48e46,CHECKBOX_POSITION,2cece822f2cb62dc15e48e46,,DyK1013+943.20_伯舒拉岭进口右线DyK1013+943.2洞身素描记录表.pdf,涌水状态,"(466.45, 404.79, 534.95, 436.49)",其它500 √,INLINE_OR_SUFFIX,False,IN_SCOPE,"(466.45, 404.79, 534.95, 436.49)",其它500 √,same_cell_mark,/Users/zhaoxiaoda/Library/CloudStorage/GoogleDrive-xiaodazhao0608@gmail.com/我的云端硬盘/TBM9/SKETCH/DyK1013+943.20_伯舒拉岭进口右线DyK1013+943.2洞身素描记录表.pdf,FACE_SKETCH
2cece822f2cb62dc15e48e46,CHECKBOX_POSITION,2cece822f2cb62dc15e48e46,,DyK1013+943.20_伯舒拉岭进口右线DyK1013+943.2洞身素描记录表.pdf,岩溶发育程度,"(224.7, 436.49, 295.55, 452.59)",无√,INLINE_OR_SUFFIX,False,IN_SCOPE,"(224.7, 436.49, 295.55, 452.59)",无√,same_cell_mark,/Users/zhaoxiaoda/Library/CloudStorage/GoogleDrive-xiaodazhao0608@gmail.com/我的云端硬盘/TBM9/SKETCH/DyK1013+943.20_伯舒拉岭进口右线DyK1013+943.2洞身素描记录表.pdf,FACE_SKETCH
0cbd80f2f12b2b7c126cc4cb,CHECKBOX_POSITION,0cbd80f2f12b2b7c126cc4cb,,DyK1013+966.60_伯舒拉岭进口右线DyK1013+966.6洞身素描记录表.pdf,掌子面状态,"(224.7, 213.78999999999996, 295.55, 229.89)",正面掉块√,INLINE_OR_SUFFIX,False,IN_SCOPE,"(224.7, 213.78999999999996, 295.55, 229.89)",正面掉块√,same_cell_mark,/Users/zhaoxiaoda/Library/CloudStorage/GoogleDrive-xiaodazhao0608@gmail.com/我的云端硬盘/TBM9/SKETCH/DyK1013+966.60_伯舒拉岭进口右线DyK1013+966.6洞身素描记录表.pdf,FACE_SKETCH
0cbd80f2f12b2b7c126cc4cb,CHECKBOX_POSITION,0cbd80f2f12b2b7c126cc4cb,,DyK1013+966.60_伯舒拉岭进口右线DyK1013+966.6洞身素描记录表.pdf,毛开挖面状态,"(224.7, 229.89, 295.55, 261.59000000000003)",随时间松弛、 掉块√,INLINE_OR_SUFFIX,False,IN_SCOPE,"(224.7, 229.89, 295.55, 261.59000000000003)",随时间松弛、 掉块√,same_cell_mark,/Users/zhaoxiaoda/Library/CloudStorage/GoogleDrive-xiaodazhao0608@gmail.com/我的云端硬盘/TBM9/SKETCH/DyK1013+966.60_伯舒拉岭进口右线DyK1013+966.6洞身素描记录表.pdf,FACE_SKETCH
0cbd80f2f12b2b7c126cc4cb,CHECKBOX_POSITION,0cbd80f2f12b2b7c126cc4cb,,DyK1013+966.60_伯舒拉岭进口右线DyK1013+966.6洞身素描记录表.pdf,岩石强度,"(224.7, 261.59000000000003, 295.55, 293.2900000000001)",30＜R≤60√,INLINE_OR_SUFFIX,False,IN_SCOPE,"(224.7, 261.59000000000003, 295.55, 293.2900000000001)",30＜R≤60√,same_cell_mark,/Users/zhaoxiaoda/Library/CloudStorage/GoogleDrive-xiaodazhao0608@gmail.com/我的云端硬盘/TBM9/SKETCH/DyK1013+966.60_伯舒拉岭进口右线DyK1013+966.6洞身素描记录表.pdf,FACE_SKETCH
0cbd80f2f12b2b7c126cc4cb,CHECKBOX_POSITION,0cbd80f2f12b2b7c126cc4cb,,DyK1013+966.60_伯舒拉岭进口右线DyK1013+966.6洞身素描记录表.pdf,风化程度,"(295.55, 293.2900000000001, 350.9, 309.39)",弱风化√,INLINE_OR_SUFFIX,False,IN_SCOPE,"(295.55, 293.2900000000001, 350.9, 309.39)",弱风化√,same_cell_mark,/Users/zhaoxiaoda/Library/CloudStorage/GoogleDrive-xiaodazhao0608@gmail.com/我的云端硬盘/TBM9/SKETCH/DyK1013+966.60_伯舒拉岭进口右线DyK1013+966.6洞身素描记录表.pdf,FACE_SKETCH
0cbd80f2f12b2b7c126cc4cb,CHECKBOX_POSITION,0cbd80f2f12b2b7c126cc4cb,,DyK1013+966.60_伯舒拉岭进口右线DyK1013+966.6洞身素描记录表.pdf,间距,"(295.55, 309.39, 350.9, 336.59)",0.2～0.6√,INLINE_OR_SUFFIX,False,IN_SCOPE,"(295.55, 309.39, 350.9, 336.59)",0.2～0.6√,same_cell_mark,/Users/zhaoxiaoda/Library/CloudStorage/GoogleDrive-xiaodazhao0608@gmail.com/我的云端硬盘/TBM9/SKETCH/DyK1013+966.60_伯舒拉岭进口右线DyK1013+966.6洞身素描记录表.pdf,FACE_SKETCH
0cbd80f2f12b2b7c126cc4cb,CHECKBOX_POSITION,0cbd80f2f12b2b7c126cc4cb,,DyK1013+966.60_伯舒拉岭进口右线DyK1013+966.6洞身素描记录表.pdf,延伸性,"(295.55, 336.59, 350.9, 353.49)",中等√,INLINE_OR_SUFFIX,False,IN_SCOPE,"(295.55, 336.59, 350.9, 353.49)",中等√,same_cell_mark,/Users/zhaoxiaoda/Library/CloudStorage/GoogleDrive-xiaodazhao0608@gmail.com/我的云端硬盘/TBM9/SKETCH/DyK1013+966.60_伯舒拉岭进口右线DyK1013+966.6洞身素描记录表.pdf,FACE_SKETCH
0cbd80f2f12b2b7c126cc4cb,CHECKBOX_POSITION,0cbd80f2f12b2b7c126cc4cb,,DyK1013+966.60_伯舒拉岭进口右线DyK1013+966.6洞身素描记录表.pdf,粗糙度,"(302.65, 353.49, 394.5, 373.09)",平整光滑有擦痕√,INLINE_OR_SUFFIX,False,IN_SCOPE,"(302.65, 353.49, 394.5, 373.09)",平整光滑有擦痕√,same_cell_mark,/Users/zhaoxiaoda/Library/CloudStorage/GoogleDrive-xiaodazhao0608@gmail.com/我的云端硬盘/TBM9/SKETCH/DyK1013+966.60_伯舒拉岭进口右线DyK1013+966.6洞身素描记录表.pdf,FACE_SKETCH
0cbd80f2f12b2b7c126cc4cb,CHECKBOX_POSITION,0cbd80f2f12b2b7c126cc4cb,,DyK1013+966.60_伯舒拉岭进口右线DyK1013+966.6洞身素描记录表.pdf,张开性,"(224.7, 373.09, 295.55, 404.79)",部分张开 0.1～0.5√,INLINE_OR_SUFFIX,False,IN_SCOPE,"(224.7, 373.09, 295.55, 404.79)",部分张开 0.1～0.5√,same_cell_mark,/Users/zhaoxiaoda/Library/CloudStorage/GoogleDrive-xiaodazhao0608@gmail.com/我的云端硬盘/TBM9/SKETCH/DyK1013+966.60_伯舒拉岭进口右线DyK1013+966.6洞身素描记录表.pdf,FACE_SKETCH
0cbd80f2f12b2b7c126cc4cb,CHECKBOX_POSITION,0cbd80f2f12b2b7c126cc4cb,,DyK1013+966.60_伯舒拉岭进口右线DyK1013+966.6洞身素描记录表.pdf,涌水状态,"(466.45, 404.79, 534.95, 436.49)",其它500 √,INLINE_OR_SUFFIX,False,IN_SCOPE,"(466.45, 404.79, 534.95, 436.49)",其它500 √,same_cell_mark,/Users/zhaoxiaoda/Library/CloudStorage/GoogleDrive-xiaodazhao0608@gmail.com/我的云端硬盘/TBM9/SKETCH/DyK1013+966.60_伯舒拉岭进口右线DyK1013+966.6洞身素描记录表.pdf,FACE_SKETCH
0cbd80f2f12b2b7c126cc4cb,CHECKBOX_POSITION,0cbd80f2f12b2b7c126cc4cb,,DyK1013+966.60_伯舒拉岭进口右线DyK1013+966.6洞身素描记录表.pdf,岩溶发育程度,"(224.7, 436.49, 295.55, 452.59)",无√,INLINE_OR_SUFFIX,False,IN_SCOPE,"(224.7, 436.49, 295.55, 452.59)",无√,same_cell_mark,/Users/zhaoxiaoda/Library/CloudStorage/GoogleDrive-xiaodazhao0608@gmail.com/我的云端硬盘/TBM9/SKETCH/DyK1013+966.60_伯舒拉岭进口右线DyK1013+966.6洞身素描记录表.pdf,FACE_SKETCH
0ea449e9a718deb00b8e4001,CHECKBOX_POSITION,0ea449e9a718deb00b8e4001,,DyK1013+979.20_伯舒拉岭进口右线DyK1013+979.2洞身素描记录表.pdf,掌子面状态,"(224.7, 213.78999999999996, 295.55, 229.89)",正面掉块√,INLINE_OR_SUFFIX,False,IN_SCOPE,"(224.7, 213.78999999999996, 295.55, 229.89)",正面掉块√,same_cell_mark,/Users/zhaoxiaoda/Library/CloudStorage/GoogleDrive-xiaodazhao0608@gmail.com/我的云端硬盘/TBM9/SKETCH/DyK1013+979.20_伯舒拉岭进口右线DyK1013+979.2洞身素描记录表.pdf,FACE_SKETCH
0ea449e9a718deb00b8e4001,CHECKBOX_POSITION,0ea449e9a718deb00b8e4001,,DyK1013+979.20_伯舒拉岭进口右线DyK1013+979.2洞身素描记录表.pdf,毛开挖面状态,"(224.7, 229.89, 295.55, 261.59000000000003)",随时间松弛、 掉块√,INLINE_OR_SUFFIX,False,IN_SCOPE,"(224.7, 229.89, 295.55, 261.59000000000003)",随时间松弛、 掉块√,same_cell_mark,/Users/zhaoxiaoda/Library/CloudStorage/GoogleDrive-xiaodazhao0608@gmail.com/我的云端硬盘/TBM9/SKETCH/DyK1013+979.20_伯舒拉岭进口右线DyK1013+979.2洞身素描记录表.pdf,FACE_SKETCH
0ea449e9a718deb00b8e4001,CHECKBOX_POSITION,0ea449e9a718deb00b8e4001,,DyK1013+979.20_伯舒拉岭进口右线DyK1013+979.2洞身素描记录表.pdf,岩石强度,"(224.7, 261.59000000000003, 295.55, 293.2900000000001)",30＜R≤60√,INLINE_OR_SUFFIX,False,IN_SCOPE,"(224.7, 261.59000000000003, 295.55, 293.2900000000001)",30＜R≤60√,same_cell_mark,/Users/zhaoxiaoda/Library/CloudStorage/GoogleDrive-xiaodazhao0608@gmail.com/我的云端硬盘/TBM9/SKETCH/DyK1013+979.20_伯舒拉岭进口右线DyK1013+979.2洞身素描记录表.pdf,FACE_SKETCH
0ea449e9a718deb00b8e4001,CHECKBOX_POSITION,0ea449e9a718deb00b8e4001,,DyK1013+979.20_伯舒拉岭进口右线DyK1013+979.2洞身素描记录表.pdf,风化程度,"(295.55, 293.2900000000001, 350.9, 309.39)",弱风化√,INLINE_OR_SUFFIX,False,IN_SCOPE,"(295.55, 293.2900000000001, 350.9, 309.39)",弱风化√,same_cell_mark,/Users/zhaoxiaoda/Library/CloudStorage/GoogleDrive-xiaodazhao0608@gmail.com/我的云端硬盘/TBM9/SKETCH/DyK1013+979.20_伯舒拉岭进口右线DyK1013+979.2洞身素描记录表.pdf,FACE_SKETCH
0ea449e9a718deb00b8e4001,CHECKBOX_POSITION,0ea449e9a718deb00b8e4001,,DyK1013+979.20_伯舒拉岭进口右线DyK1013+979.2洞身素描记录表.pdf,间距,"(295.55, 309.39, 350.9, 336.59)",0.2～0.6√,INLINE_OR_SUFFIX,False,IN_SCOPE,"(295.55, 309.39, 350.9, 336.59)",0.2～0.6√,same_cell_mark,/Users/zhaoxiaoda/Library/CloudStorage/GoogleDrive-xiaodazhao0608@gmail.com/我的云端硬盘/TBM9/SKETCH/DyK1013+979.20_伯舒拉岭进口右线DyK1013+979.2洞身素描记录表.pdf,FACE_SKETCH
0ea449e9a718deb00b8e4001,CHECKBOX_POSITION,0ea449e9a718deb00b8e4001,,DyK1013+979.20_伯舒拉岭进口右线DyK1013+979.2洞身素描记录表.pdf,延伸性,"(295.55, 336.59, 350.9, 353.49)",中等√,INLINE_OR_SUFFIX,False,IN_SCOPE,"(295.55, 336.59, 350.9, 353.49)",中等√,same_cell_mark,/Users/zhaoxiaoda/Library/CloudStorage/GoogleDrive-xiaodazhao0608@gmail.com/我的云端硬盘/TBM9/SKETCH/DyK1013+979.20_伯舒拉岭进口右线DyK1013+979.2洞身素描记录表.pdf,FACE_SKETCH
0ea449e9a718deb00b8e4001,CHECKBOX_POSITION,0ea449e9a718deb00b8e4001,,DyK1013+979.20_伯舒拉岭进口右线DyK1013+979.2洞身素描记录表.pdf,粗糙度,"(302.65, 353.49, 394.5, 373.09)",平整光滑有擦痕√,INLINE_OR_SUFFIX,False,IN_SCOPE,"(302.65, 353.49, 394.5, 373.09)",平整光滑有擦痕√,same_cell_mark,/Users/zhaoxiaoda/Library/CloudStorage/GoogleDrive-xiaodazhao0608@gmail.com/我的云端硬盘/TBM9/SKETCH/DyK1013+979.20_伯舒拉岭进口右线DyK1013+979.2洞身素描记录表.pdf,FACE_SKETCH
0ea449e9a718deb00b8e4001,CHECKBOX_POSITION,0ea449e9a718deb00b8e4001,,DyK1013+979.20_伯舒拉岭进口右线DyK1013+979.2洞身素描记录表.pdf,张开性,"(224.7, 373.09, 295.55, 404.79)",部分张开 0.1～0.5√,INLINE_OR_SUFFIX,False,IN_SCOPE,"(224.7, 373.09, 295.55, 404.79)",部分张开 0.1～0.5√,same_cell_mark,/Users/zhaoxiaoda/Library/CloudStorage/GoogleDrive-xiaodazhao0608@gmail.com/我的云端硬盘/TBM9/SKETCH/DyK1013+979.20_伯舒拉岭进口右线DyK1013+979.2洞身素描记录表.pdf,FACE_SKETCH
0ea449e9a718deb00b8e4001,CHECKBOX_POSITION,0ea449e9a718deb00b8e4001,,DyK1013+979.20_伯舒拉岭进口右线DyK1013+979.2洞身素描记录表.pdf,涌水状态,"(466.45, 404.79, 534.95, 436.49)",其它500 √,INLINE_OR_SUFFIX,False,IN_SCOPE,"(466.45, 404.79, 534.95, 436.49)",其它500 √,same_cell_mark,/Users/zhaoxiaoda/Library/CloudStorage/GoogleDrive-xiaodazhao0608@gmail.com/我的云端硬盘/TBM9/SKETCH/DyK1013+979.20_伯舒拉岭进口右线DyK1013+979.2洞身素描记录表.pdf,FACE_SKETCH
0ea449e9a718deb00b8e4001,CHECKBOX_POSITION,0ea449e9a718deb00b8e4001,,DyK1013+979.20_伯舒拉岭进口右线DyK1013+979.2洞身素描记录表.pdf,岩溶发育程度,"(224.7, 436.49, 295.55, 452.59)",无√,INLINE_OR_SUFFIX,False,IN_SCOPE,"(224.7, 436.49, 295.55, 452.59)",无√,same_cell_mark,/Users/zhaoxiaoda/Library/CloudStorage/GoogleDrive-xiaodazhao0608@gmail.com/我的云端硬盘/TBM9/SKETCH/DyK1013+979.20_伯舒拉岭进口右线DyK1013+979.2洞身素描记录表.pdf,FACE_SKETCH
9c909304462731024235bfbf,CHECKBOX_POSITION,9c909304462731024235bfbf,,DyK1014+004.40_伯舒拉岭进口右线DyK1014+004洞身素描记录表.pdf,掌子面状态,"(224.7, 213.78999999999996, 295.55, 229.89)",正面掉块√,INLINE_OR_SUFFIX,False,IN_SCOPE,"(224.7, 213.78999999999996, 295.55, 229.89)",正面掉块√,same_cell_mark,/Users/zhaoxiaoda/Library/CloudStorage/GoogleDrive-xiaodazhao0608@gmail.com/我的云端硬盘/TBM9/SKETCH/DyK1014+004.40_伯舒拉岭进口右线DyK1014+004洞身素描记录表.pdf,FACE_SKETCH
9c909304462731024235bfbf,CHECKBOX_POSITION,9c909304462731024235bfbf,,DyK1014+004.40_伯舒拉岭进口右线DyK1014+004洞身素描记录表.pdf,毛开挖面状态,"(224.7, 229.89, 295.55, 261.59000000000003)",随时间松弛、 掉块√,INLINE_OR_SUFFIX,False,IN_SCOPE,"(224.7, 229.89, 295.55, 261.59000000000003)",随时间松弛、 掉块√,same_cell_mark,/Users/zhaoxiaoda/Library/CloudStorage/GoogleDrive-xiaodazhao0608@gmail.com/我的云端硬盘/TBM9/SKETCH/DyK1014+004.40_伯舒拉岭进口右线DyK1014+004洞身素描记录表.pdf,FACE_SKETCH
9c909304462731024235bfbf,CHECKBOX_POSITION,9c909304462731024235bfbf,,DyK1014+004.40_伯舒拉岭进口右线DyK1014+004洞身素描记录表.pdf,岩石强度,"(224.7, 261.59000000000003, 295.55, 293.2900000000001)",30＜R≤60√,INLINE_OR_SUFFIX,False,IN_SCOPE,"(224.7, 261.59000000000003, 295.55, 293.2900000000001)",30＜R≤60√,same_cell_mark,/Users/zhaoxiaoda/Library/CloudStorage/GoogleDrive-xiaodazhao0608@gmail.com/我的云端硬盘/TBM9/SKETCH/DyK1014+004.40_伯舒拉岭进口右线DyK1014+004洞身素描记录表.pdf,FACE_SKETCH
9c909304462731024235bfbf,CHECKBOX_POSITION,9c909304462731024235bfbf,,DyK1014+004.40_伯舒拉岭进口右线DyK1014+004洞身素描记录表.pdf,风化程度,"(295.55, 293.2900000000001, 350.9, 309.39)",弱风化√,INLINE_OR_SUFFIX,False,IN_SCOPE,"(295.55, 293.2900000000001, 350.9, 309.39)",弱风化√,same_cell_mark,/Users/zhaoxiaoda/Library/CloudStorage/GoogleDrive-xiaodazhao0608@gmail.com/我的云端硬盘/TBM9/SKETCH/DyK1014+004.40_伯舒拉岭进口右线DyK1014+004洞身素描记录表.pdf,FACE_SKETCH
9c909304462731024235bfbf,CHECKBOX_POSITION,9c909304462731024235bfbf,,DyK1014+004.40_伯舒拉岭进口右线DyK1014+004洞身素描记录表.pdf,间距,"(295.55, 309.39, 350.9, 336.59)",0.2～0.6√,INLINE_OR_SUFFIX,False,IN_SCOPE,"(295.55, 309.39, 350.9, 336.59)",0.2～0.6√,same_cell_mark,/Users/zhaoxiaoda/Library/CloudStorage/GoogleDrive-xiaodazhao0608@gmail.com/我的云端硬盘/TBM9/SKETCH/DyK1014+004.40_伯舒拉岭进口右线DyK1014+004洞身素描记录表.pdf,FACE_SKETCH
9c909304462731024235bfbf,CHECKBOX_POSITION,9c909304462731024235bfbf,,DyK1014+004.40_伯舒拉岭进口右线DyK1014+004洞身素描记录表.pdf,延伸性,"(295.55, 336.59, 350.9, 353.49)",中等√,INLINE_OR_SUFFIX,False,IN_SCOPE,"(295.55, 336.59, 350.9, 353.49)",中等√,same_cell_mark,/Users/zhaoxiaoda/Library/CloudStorage/GoogleDrive-xiaodazhao0608@gmail.com/我的云端硬盘/TBM9/SKETCH/DyK1014+004.40_伯舒拉岭进口右线DyK1014+004洞身素描记录表.pdf,FACE_SKETCH
9c909304462731024235bfbf,CHECKBOX_POSITION,9c909304462731024235bfbf,,DyK1014+004.40_伯舒拉岭进口右线DyK1014+004洞身素描记录表.pdf,粗糙度,"(302.65, 353.49, 394.5, 373.09)",平整光滑有擦痕√,INLINE_OR_SUFFIX,False,IN_SCOPE,"(302.65, 353.49, 394.5, 373.09)",平整光滑有擦痕√,same_cell_mark,/Users/zhaoxiaoda/Library/CloudStorage/GoogleDrive-xiaodazhao0608@gmail.com/我的云端硬盘/TBM9/SKETCH/DyK1014+004.40_伯舒拉岭进口右线DyK1014+004洞身素描记录表.pdf,FACE_SKETCH
9c909304462731024235bfbf,CHECKBOX_POSITION,9c909304462731024235bfbf,,DyK1014+004.40_伯舒拉岭进口右线DyK1014+004洞身素描记录表.pdf,张开性,"(224.7, 373.09, 295.55, 404.79)",部分张开 0.1～0.5√,INLINE_OR_SUFFIX,False,IN_SCOPE,"(224.7, 373.09, 295.55, 404.79)",部分张开 0.1～0.5√,same_cell_mark,/Users/zhaoxiaoda/Library/CloudStorage/GoogleDrive-xiaodazhao0608@gmail.com/我的云端硬盘/TBM9/SKETCH/DyK1014+004.40_伯舒拉岭进口右线DyK1014+004洞身素描记录表.pdf,FACE_SKETCH
9c909304462731024235bfbf,CHECKBOX_POSITION,9c909304462731024235bfbf,,DyK1014+004.40_伯舒拉岭进口右线DyK1014+004洞身素描记录表.pdf,涌水状态,"(466.45, 404.79, 534.95, 436.49)",其它500 √,INLINE_OR_SUFFIX,False,IN_SCOPE,"(466.45, 404.79, 534.95, 436.49)",其它500 √,same_cell_mark,/Users/zhaoxiaoda/Library/CloudStorage/GoogleDrive-xiaodazhao0608@gmail.com/我的云端硬盘/TBM9/SKETCH/DyK1014+004.40_伯舒拉岭进口右线DyK1014+004洞身素描记录表.pdf,FACE_SKETCH
9c909304462731024235bfbf,CHECKBOX_POSITION,9c909304462731024235bfbf,,DyK1014+004.40_伯舒拉岭进口右线DyK1014+004洞身素描记录表.pdf,岩溶发育程度,"(224.7, 436.49, 295.55, 452.59)",无√,INLINE_OR_SUFFIX,False,IN_SCOPE,"(224.7, 436.49, 295.55, 452.59)",无√,same_cell_mark,/Users/zhaoxiaoda/Library/CloudStorage/GoogleDrive-xiaodazhao0608@gmail.com/我的云端硬盘/TBM9/SKETCH/DyK1014+004.40_伯舒拉岭进口右线DyK1014+004洞身素描记录表.pdf,FACE_SKETCH
f35a75c4f6674700c040b8a2,CHECKBOX_POSITION,f35a75c4f6674700c040b8a2,,DyK1014+018.80_伯舒拉岭进口右线DyK1014+018.8洞身素描记录表.pdf,掌子面状态,"(224.7, 213.78999999999996, 295.55, 229.89)",正面掉块√,INLINE_OR_SUFFIX,False,IN_SCOPE,"(224.7, 213.78999999999996, 295.55, 229.89)",正面掉块√,same_cell_mark,/Users/zhaoxiaoda/Library/CloudStorage/GoogleDrive-xiaodazhao0608@gmail.com/我的云端硬盘/TBM9/SKETCH/DyK1014+018.80_伯舒拉岭进口右线DyK1014+018.8洞身素描记录表.pdf,FACE_SKETCH
f35a75c4f6674700c040b8a2,CHECKBOX_POSITION,f35a75c4f6674700c040b8a2,,DyK1014+018.80_伯舒拉岭进口右线DyK1014+018.8洞身素描记录表.pdf,毛开挖面状态,"(224.7, 229.89, 295.55, 261.59000000000003)",随时间松弛、 掉块√,INLINE_OR_SUFFIX,False,IN_SCOPE,"(224.7, 229.89, 295.55, 261.59000000000003)",随时间松弛、 掉块√,same_cell_mark,/Users/zhaoxiaoda/Library/CloudStorage/GoogleDrive-xiaodazhao0608@gmail.com/我的云端硬盘/TBM9/SKETCH/DyK1014+018.80_伯舒拉岭进口右线DyK1014+018.8洞身素描记录表.pdf,FACE_SKETCH
f35a75c4f6674700c040b8a2,CHECKBOX_POSITION,f35a75c4f6674700c040b8a2,,DyK1014+018.80_伯舒拉岭进口右线DyK1014+018.8洞身素描记录表.pdf,岩石强度,"(224.7, 261.59000000000003, 295.55, 293.2900000000001)",30＜R≤60√,INLINE_OR_SUFFIX,False,IN_SCOPE,"(224.7, 261.59000000000003, 295.55, 293.2900000000001)",30＜R≤60√,same_cell_mark,/Users/zhaoxiaoda/Library/CloudStorage/GoogleDrive-xiaodazhao0608@gmail.com/我的云端硬盘/TBM9/SKETCH/DyK1014+018.80_伯舒拉岭进口右线DyK1014+018.8洞身素描记录表.pdf,FACE_SKETCH
f35a75c4f6674700c040b8a2,CHECKBOX_POSITION,f35a75c4f6674700c040b8a2,,DyK1014+018.80_伯舒拉岭进口右线DyK1014+018.8洞身素描记录表.pdf,风化程度,"(295.55, 293.2900000000001, 350.9, 309.39)",弱风化√,INLINE_OR_SUFFIX,False,IN_SCOPE,"(295.55, 293.2900000000001, 350.9, 309.39)",弱风化√,same_cell_mark,/Users/zhaoxiaoda/Library/CloudStorage/GoogleDrive-xiaodazhao0608@gmail.com/我的云端硬盘/TBM9/SKETCH/DyK1014+018.80_伯舒拉岭进口右线DyK1014+018.8洞身素描记录表.pdf,FACE_SKETCH
f35a75c4f6674700c040b8a2,CHECKBOX_POSITION,f35a75c4f6674700c040b8a2,,DyK1014+018.80_伯舒拉岭进口右线DyK1014+018.8洞身素描记录表.pdf,间距,"(295.55, 309.39, 350.9, 336.59)",0.2～0.6√,INLINE_OR_SUFFIX,False,IN_SCOPE,"(295.55, 309.39, 350.9, 336.59)",0.2～0.6√,same_cell_mark,/Users/zhaoxiaoda/Library/CloudStorage/GoogleDrive-xiaodazhao0608@gmail.com/我的云端硬盘/TBM9/SKETCH/DyK1014+018.80_伯舒拉岭进口右线DyK1014+018.8洞身素描记录表.pdf,FACE_SKETCH
f35a75c4f6674700c040b8a2,CHECKBOX_POSITION,f35a75c4f6674700c040b8a2,,DyK1014+018.80_伯舒拉岭进口右线DyK1014+018.8洞身素描记录表.pdf,延伸性,"(295.55, 336.59, 350.9, 353.49)",中等√,INLINE_OR_SUFFIX,False,IN_SCOPE,"(295.55, 336.59, 350.9, 353.49)",中等√,same_cell_mark,/Users/zhaoxiaoda/Library/CloudStorage/GoogleDrive-xiaodazhao0608@gmail.com/我的云端硬盘/TBM9/SKETCH/DyK1014+018.80_伯舒拉岭进口右线DyK1014+018.8洞身素描记录表.pdf,FACE_SKETCH
f35a75c4f6674700c040b8a2,CHECKBOX_POSITION,f35a75c4f6674700c040b8a2,,DyK1014+018.80_伯舒拉岭进口右线DyK1014+018.8洞身素描记录表.pdf,粗糙度,"(302.65, 353.49, 394.5, 373.09)",平整光滑有擦痕√,INLINE_OR_SUFFIX,False,IN_SCOPE,"(302.65, 353.49, 394.5, 373.09)",平整光滑有擦痕√,same_cell_mark,/Users/zhaoxiaoda/Library/CloudStorage/GoogleDrive-xiaodazhao0608@gmail.com/我的云端硬盘/TBM9/SKETCH/DyK1014+018.80_伯舒拉岭进口右线DyK1014+018.8洞身素描记录表.pdf,FACE_SKETCH
f35a75c4f6674700c040b8a2,CHECKBOX_POSITION,f35a75c4f6674700c040b8a2,,DyK1014+018.80_伯舒拉岭进口右线DyK1014+018.8洞身素描记录表.pdf,张开性,"(224.7, 373.09, 295.55, 404.79)",部分张开 0.1～0.5√,INLINE_OR_SUFFIX,False,IN_SCOPE,"(224.7, 373.09, 295.55, 404.79)",部分张开 0.1～0.5√,same_cell_mark,/Users/zhaoxiaoda/Library/CloudStorage/GoogleDrive-xiaodazhao0608@gmail.com/我的云端硬盘/TBM9/SKETCH/DyK1014+018.80_伯舒拉岭进口右线DyK1014+018.8洞身素描记录表.pdf,FACE_SKETCH
f35a75c4f6674700c040b8a2,CHECKBOX_POSITION,f35a75c4f6674700c040b8a2,,DyK1014+018.80_伯舒拉岭进口右线DyK1014+018.8洞身素描记录表.pdf,涌水状态,"(466.45, 404.79, 534.95, 436.49)",其它500 √,INLINE_OR_SUFFIX,False,IN_SCOPE,"(466.45, 404.79, 534.95, 436.49)",其它500 √,same_cell_mark,/Users/zhaoxiaoda/Library/CloudStorage/GoogleDrive-xiaodazhao0608@gmail.com/我的云端硬盘/TBM9/SKETCH/DyK1014+018.80_伯舒拉岭进口右线DyK1014+018.8洞身素描记录表.pdf,FACE_SKETCH
f35a75c4f6674700c040b8a2,CHECKBOX_POSITION,f35a75c4f6674700c040b8a2,,DyK1014+018.80_伯舒拉岭进口右线DyK1014+018.8洞身素描记录表.pdf,岩溶发育程度,"(224.7, 436.49, 295.55, 452.59)",无√,INLINE_OR_SUFFIX,False,IN_SCOPE,"(224.7, 436.49, 295.55, 452.59)",无√,same_cell_mark,/Users/zhaoxiaoda/Library/CloudStorage/GoogleDrive-xiaodazhao0608@gmail.com/我的云端硬盘/TBM9/SKETCH/DyK1014+018.80_伯舒拉岭进口右线DyK1014+018.8洞身素描记录表.pdf,FACE_SKETCH
636ad293c952180054cc36a6,CHECKBOX_POSITION,636ad293c952180054cc36a6,,DyK1014+038.60_伯舒拉岭进口右线DyK1014+038.6洞身素描记录表.pdf,掌子面状态,"(224.7, 213.78999999999996, 295.55, 229.89)",正面掉块√,INLINE_OR_SUFFIX,False,IN_SCOPE,"(224.7, 213.78999999999996, 295.55, 229.89)",正面掉块√,same_cell_mark,/Users/zhaoxiaoda/Library/CloudStorage/GoogleDrive-xiaodazhao0608@gmail.com/我的云端硬盘/TBM9/SKETCH/DyK1014+038.60_伯舒拉岭进口右线DyK1014+038.6洞身素描记录表.pdf,FACE_SKETCH
636ad293c952180054cc36a6,CHECKBOX_POSITION,636ad293c952180054cc36a6,,DyK1014+038.60_伯舒拉岭进口右线DyK1014+038.6洞身素描记录表.pdf,毛开挖面状态,"(224.7, 229.89, 295.55, 261.59000000000003)",随时间松弛、 掉块√,INLINE_OR_SUFFIX,False,IN_SCOPE,"(224.7, 229.89, 295.55, 261.59000000000003)",随时间松弛、 掉块√,same_cell_mark,/Users/zhaoxiaoda/Library/CloudStorage/GoogleDrive-xiaodazhao0608@gmail.com/我的云端硬盘/TBM9/SKETCH/DyK1014+038.60_伯舒拉岭进口右线DyK1014+038.6洞身素描记录表.pdf,FACE_SKETCH
636ad293c952180054cc36a6,CHECKBOX_POSITION,636ad293c952180054cc36a6,,DyK1014+038.60_伯舒拉岭进口右线DyK1014+038.6洞身素描记录表.pdf,岩石强度,"(224.7, 261.59000000000003, 295.55, 293.2900000000001)",30＜R≤60√,INLINE_OR_SUFFIX,False,IN_SCOPE,"(224.7, 261.59000000000003, 295.55, 293.2900000000001)",30＜R≤60√,same_cell_mark,/Users/zhaoxiaoda/Library/CloudStorage/GoogleDrive-xiaodazhao0608@gmail.com/我的云端硬盘/TBM9/SKETCH/DyK1014+038.60_伯舒拉岭进口右线DyK1014+038.6洞身素描记录表.pdf,FACE_SKETCH
636ad293c952180054cc36a6,CHECKBOX_POSITION,636ad293c952180054cc36a6,,DyK1014+038.60_伯舒拉岭进口右线DyK1014+038.6洞身素描记录表.pdf,风化程度,"(295.55, 293.2900000000001, 350.9, 309.39)",弱风化√,INLINE_OR_SUFFIX,False,IN_SCOPE,"(295.55, 293.2900000000001, 350.9, 309.39)",弱风化√,same_cell_mark,/Users/zhaoxiaoda/Library/CloudStorage/GoogleDrive-xiaodazhao0608@gmail.com/我的云端硬盘/TBM9/SKETCH/DyK1014+038.60_伯舒拉岭进口右线DyK1014+038.6洞身素描记录表.pdf,FACE_SKETCH
636ad293c952180054cc36a6,CHECKBOX_POSITION,636ad293c952180054cc36a6,,DyK1014+038.60_伯舒拉岭进口右线DyK1014+038.6洞身素描记录表.pdf,间距,"(295.55, 309.39, 350.9, 336.59)",0.2～0.6√,INLINE_OR_SUFFIX,False,IN_SCOPE,"(295.55, 309.39, 350.9, 336.59)",0.2～0.6√,same_cell_mark,/Users/zhaoxiaoda/Library/CloudStorage/GoogleDrive-xiaodazhao0608@gmail.com/我的云端硬盘/TBM9/SKETCH/DyK1014+038.60_伯舒拉岭进口右线DyK1014+038.6洞身素描记录表.pdf,FACE_SKETCH
636ad293c952180054cc36a6,CHECKBOX_POSITION,636ad293c952180054cc36a6,,DyK1014+038.60_伯舒拉岭进口右线DyK1014+038.6洞身素描记录表.pdf,延伸性,"(295.55, 336.59, 350.9, 353.49)",中等√,INLINE_OR_SUFFIX,False,IN_SCOPE,"(295.55, 336.59, 350.9, 353.49)",中等√,same_cell_mark,/Users/zhaoxiaoda/Library/CloudStorage/GoogleDrive-xiaodazhao0608@gmail.com/我的云端硬盘/TBM9/SKETCH/DyK1014+038.60_伯舒拉岭进口右线DyK1014+038.6洞身素描记录表.pdf,FACE_SKETCH
636ad293c952180054cc36a6,CHECKBOX_POSITION,636ad293c952180054cc36a6,,DyK1014+038.60_伯舒拉岭进口右线DyK1014+038.6洞身素描记录表.pdf,粗糙度,"(302.65, 353.49, 394.5, 373.09)",平整光滑有擦痕√,INLINE_OR_SUFFIX,False,IN_SCOPE,"(302.65, 353.49, 394.5, 373.09)",平整光滑有擦痕√,same_cell_mark,/Users/zhaoxiaoda/Library/CloudStorage/GoogleDrive-xiaodazhao0608@gmail.com/我的云端硬盘/TBM9/SKETCH/DyK1014+038.60_伯舒拉岭进口右线DyK1014+038.6洞身素描记录表.pdf,FACE_SKETCH
636ad293c952180054cc36a6,CHECKBOX_POSITION,636ad293c952180054cc36a6,,DyK1014+038.60_伯舒拉岭进口右线DyK1014+038.6洞身素描记录表.pdf,张开性,"(224.7, 373.09, 295.55, 404.79)",部分张开 0.1～0.5√,INLINE_OR_SUFFIX,False,IN_SCOPE,"(224.7, 373.09, 295.55, 404.79)",部分张开 0.1～0.5√,same_cell_mark,/Users/zhaoxiaoda/Library/CloudStorage/GoogleDrive-xiaodazhao0608@gmail.com/我的云端硬盘/TBM9/SKETCH/DyK1014+038.60_伯舒拉岭进口右线DyK1014+038.6洞身素描记录表.pdf,FACE_SKETCH
636ad293c952180054cc36a6,CHECKBOX_POSITION,636ad293c952180054cc36a6,,DyK1014+038.60_伯舒拉岭进口右线DyK1014+038.6洞身素描记录表.pdf,涌水状态,"(466.45, 404.79, 534.95, 436.49)",其它500 √,INLINE_OR_SUFFIX,False,IN_SCOPE,"(466.45, 404.79, 534.95, 436.49)",其它500 √,same_cell_mark,/Users/zhaoxiaoda/Library/CloudStorage/GoogleDrive-xiaodazhao0608@gmail.com/我的云端硬盘/TBM9/SKETCH/DyK1014+038.60_伯舒拉岭进口右线DyK1014+038.6洞身素描记录表.pdf,FACE_SKETCH
636ad293c952180054cc36a6,CHECKBOX_POSITION,636ad293c952180054cc36a6,,DyK1014+038.60_伯舒拉岭进口右线DyK1014+038.6洞身素描记录表.pdf,岩溶发育程度,"(224.7, 436.49, 295.55, 452.59)",无√,INLINE_OR_SUFFIX,False,IN_SCOPE,"(224.7, 436.49, 295.55, 452.59)",无√,same_cell_mark,/Users/zhaoxiaoda/Library/CloudStorage/GoogleDrive-xiaodazhao0608@gmail.com/我的云端硬盘/TBM9/SKETCH/DyK1014+038.60_伯舒拉岭进口右线DyK1014+038.6洞身素描记录表.pdf,FACE_SKETCH
45f916c0ce4f9d2ecbc0c82b,CHECKBOX_POSITION,45f916c0ce4f9d2ecbc0c82b,,DyK1014+063.80_伯舒拉岭进口右线DyK1014+063.8洞身素描记录表.pdf,掌子面状态,"(224.7, 213.78999999999996, 295.55, 229.89)",正面掉块√,INLINE_OR_SUFFIX,False,IN_SCOPE,"(224.7, 213.78999999999996, 295.55, 229.89)",正面掉块√,same_cell_mark,/Users/zhaoxiaoda/Library/CloudStorage/GoogleDrive-xiaodazhao0608@gmail.com/我的云端硬盘/TBM9/SKETCH/DyK1014+063.80_伯舒拉岭进口右线DyK1014+063.8洞身素描记录表.pdf,FACE_SKETCH
45f916c0ce4f9d2ecbc0c82b,CHECKBOX_POSITION,45f916c0ce4f9d2ecbc0c82b,,DyK1014+063.80_伯舒拉岭进口右线DyK1014+063.8洞身素描记录表.pdf,毛开挖面状态,"(224.7, 229.89, 295.55, 261.59000000000003)",随时间松弛、 掉块√,INLINE_OR_SUFFIX,False,IN_SCOPE,"(224.7, 229.89, 295.55, 261.59000000000003)",随时间松弛、 掉块√,same_cell_mark,/Users/zhaoxiaoda/Library/CloudStorage/GoogleDrive-xiaodazhao0608@gmail.com/我的云端硬盘/TBM9/SKETCH/DyK1014+063.80_伯舒拉岭进口右线DyK1014+063.8洞身素描记录表.pdf,FACE_SKETCH
45f916c0ce4f9d2ecbc0c82b,CHECKBOX_POSITION,45f916c0ce4f9d2ecbc0c82b,,DyK1014+063.80_伯舒拉岭进口右线DyK1014+063.8洞身素描记录表.pdf,岩石强度,"(224.7, 261.59000000000003, 295.55, 293.2900000000001)",30＜R≤60√,INLINE_OR_SUFFIX,False,IN_SCOPE,"(224.7, 261.59000000000003, 295.55, 293.2900000000001)",30＜R≤60√,same_cell_mark,/Users/zhaoxiaoda/Library/CloudStorage/GoogleDrive-xiaodazhao0608@gmail.com/我的云端硬盘/TBM9/SKETCH/DyK1014+063.80_伯舒拉岭进口右线DyK1014+063.8洞身素描记录表.pdf,FACE_SKETCH
45f916c0ce4f9d2ecbc0c82b,CHECKBOX_POSITION,45f916c0ce4f9d2ecbc0c82b,,DyK1014+063.80_伯舒拉岭进口右线DyK1014+063.8洞身素描记录表.pdf,风化程度,"(295.55, 293.2900000000001, 350.9, 309.39)",弱风化√,INLINE_OR_SUFFIX,False,IN_SCOPE,"(295.55, 293.2900000000001, 350.9, 309.39)",弱风化√,same_cell_mark,/Users/zhaoxiaoda/Library/CloudStorage/GoogleDrive-xiaodazhao0608@gmail.com/我的云端硬盘/TBM9/SKETCH/DyK1014+063.80_伯舒拉岭进口右线DyK1014+063.8洞身素描记录表.pdf,FACE_SKETCH
45f916c0ce4f9d2ecbc0c82b,CHECKBOX_POSITION,45f916c0ce4f9d2ecbc0c82b,,DyK1014+063.80_伯舒拉岭进口右线DyK1014+063.8洞身素描记录表.pdf,间距,"(295.55, 309.39, 350.9, 336.59)",0.2～0.6√,INLINE_OR_SUFFIX,False,IN_SCOPE,"(295.55, 309.39, 350.9, 336.59)",0.2～0.6√,same_cell_mark,/Users/zhaoxiaoda/Library/CloudStorage/GoogleDrive-xiaodazhao0608@gmail.com/我的云端硬盘/TBM9/SKETCH/DyK1014+063.80_伯舒拉岭进口右线DyK1014+063.8洞身素描记录表.pdf,FACE_SKETCH
45f916c0ce4f9d2ecbc0c82b,CHECKBOX_POSITION,45f916c0ce4f9d2ecbc0c82b,,DyK1014+063.80_伯舒拉岭进口右线DyK1014+063.8洞身素描记录表.pdf,延伸性,"(295.55, 336.59, 350.9, 353.49)",中等√,INLINE_OR_SUFFIX,False,IN_SCOPE,"(295.55, 336.59, 350.9, 353.49)",中等√,same_cell_mark,/Users/zhaoxiaoda/Library/CloudStorage/GoogleDrive-xiaodazhao0608@gmail.com/我的云端硬盘/TBM9/SKETCH/DyK1014+063.80_伯舒拉岭进口右线DyK1014+063.8洞身素描记录表.pdf,FACE_SKETCH
45f916c0ce4f9d2ecbc0c82b,CHECKBOX_POSITION,45f916c0ce4f9d2ecbc0c82b,,DyK1014+063.80_伯舒拉岭进口右线DyK1014+063.8洞身素描记录表.pdf,粗糙度,"(302.65, 353.49, 394.5, 373.09)",平整光滑有擦痕√,INLINE_OR_SUFFIX,False,IN_SCOPE,"(302.65, 353.49, 394.5, 373.09)",平整光滑有擦痕√,same_cell_mark,/Users/zhaoxiaoda/Library/CloudStorage/GoogleDrive-xiaodazhao0608@gmail.com/我的云端硬盘/TBM9/SKETCH/DyK1014+063.80_伯舒拉岭进口右线DyK1014+063.8洞身素描记录表.pdf,FACE_SKETCH
45f916c0ce4f9d2ecbc0c82b,CHECKBOX_POSITION,45f916c0ce4f9d2ecbc0c82b,,DyK1014+063.80_伯舒拉岭进口右线DyK1014+063.8洞身素描记录表.pdf,张开性,"(224.7, 373.09, 295.55, 404.79)",部分张开 0.1～0.5√,INLINE_OR_SUFFIX,False,IN_SCOPE,"(224.7, 373.09, 295.55, 404.79)",部分张开 0.1～0.5√,same_cell_mark,/Users/zhaoxiaoda/Library/CloudStorage/GoogleDrive-xiaodazhao0608@gmail.com/我的云端硬盘/TBM9/SKETCH/DyK1014+063.80_伯舒拉岭进口右线DyK1014+063.8洞身素描记录表.pdf,FACE_SKETCH
45f916c0ce4f9d2ecbc0c82b,CHECKBOX_POSITION,45f916c0ce4f9d2ecbc0c82b,,DyK1014+063.80_伯舒拉岭进口右线DyK1014+063.8洞身素描记录表.pdf,涌水状态,"(466.45, 404.79, 534.95, 436.49)",其它500 √,INLINE_OR_SUFFIX,False,IN_SCOPE,"(466.45, 404.79, 534.95, 436.49)",其它500 √,same_cell_mark,/Users/zhaoxiaoda/Library/CloudStorage/GoogleDrive-xiaodazhao0608@gmail.com/我的云端硬盘/TBM9/SKETCH/DyK1014+063.80_伯舒拉岭进口右线DyK1014+063.8洞身素描记录表.pdf,FACE_SKETCH
45f916c0ce4f9d2ecbc0c82b,CHECKBOX_POSITION,45f916c0ce4f9d2ecbc0c82b,,DyK1014+063.80_伯舒拉岭进口右线DyK1014+063.8洞身素描记录表.pdf,岩溶发育程度,"(224.7, 436.49, 295.55, 452.59)",无√,INLINE_OR_SUFFIX,False,IN_SCOPE,"(224.7, 436.49, 295.55, 452.59)",无√,same_cell_mark,/Users/zhaoxiaoda/Library/CloudStorage/GoogleDrive-xiaodazhao0608@gmail.com/我的云端硬盘/TBM9/SKETCH/DyK1014+063.80_伯舒拉岭进口右线DyK1014+063.8洞身素描记录表.pdf,FACE_SKETCH
92ed6fc990e0bcf3c15a3e67,CHECKBOX_POSITION,92ed6fc990e0bcf3c15a3e67,,DyK1014+081.80_伯舒拉岭进口右线DyK1014+081.8洞身素描记录表.pdf,掌子面状态,"(224.7, 213.78999999999996, 295.55, 229.89)",正面掉块√,INLINE_OR_SUFFIX,False,IN_SCOPE,"(224.7, 213.78999999999996, 295.55, 229.89)",正面掉块√,same_cell_mark,/Users/zhaoxiaoda/Library/CloudStorage/GoogleDrive-xiaodazhao0608@gmail.com/我的云端硬盘/TBM9/SKETCH/DyK1014+081.80_伯舒拉岭进口右线DyK1014+081.8洞身素描记录表.pdf,FACE_SKETCH
92ed6fc990e0bcf3c15a3e67,CHECKBOX_POSITION,92ed6fc990e0bcf3c15a3e67,,DyK1014+081.80_伯舒拉岭进口右线DyK1014+081.8洞身素描记录表.pdf,毛开挖面状态,"(224.7, 229.89, 295.55, 261.59000000000003)",随时间松弛、 掉块√,INLINE_OR_SUFFIX,False,IN_SCOPE,"(224.7, 229.89, 295.55, 261.59000000000003)",随时间松弛、 掉块√,same_cell_mark,/Users/zhaoxiaoda/Library/CloudStorage/GoogleDrive-xiaodazhao0608@gmail.com/我的云端硬盘/TBM9/SKETCH/DyK1014+081.80_伯舒拉岭进口右线DyK1014+081.8洞身素描记录表.pdf,FACE_SKETCH
92ed6fc990e0bcf3c15a3e67,CHECKBOX_POSITION,92ed6fc990e0bcf3c15a3e67,,DyK1014+081.80_伯舒拉岭进口右线DyK1014+081.8洞身素描记录表.pdf,岩石强度,"(224.7, 261.59000000000003, 295.55, 293.2900000000001)",30＜R≤60√,INLINE_OR_SUFFIX,False,IN_SCOPE,"(224.7, 261.59000000000003, 295.55, 293.2900000000001)",30＜R≤60√,same_cell_mark,/Users/zhaoxiaoda/Library/CloudStorage/GoogleDrive-xiaodazhao0608@gmail.com/我的云端硬盘/TBM9/SKETCH/DyK1014+081.80_伯舒拉岭进口右线DyK1014+081.8洞身素描记录表.pdf,FACE_SKETCH
92ed6fc990e0bcf3c15a3e67,CHECKBOX_POSITION,92ed6fc990e0bcf3c15a3e67,,DyK1014+081.80_伯舒拉岭进口右线DyK1014+081.8洞身素描记录表.pdf,风化程度,"(295.55, 293.2900000000001, 350.9, 309.39)",弱风化√,INLINE_OR_SUFFIX,False,IN_SCOPE,"(295.55, 293.2900000000001, 350.9, 309.39)",弱风化√,same_cell_mark,/Users/zhaoxiaoda/Library/CloudStorage/GoogleDrive-xiaodazhao0608@gmail.com/我的云端硬盘/TBM9/SKETCH/DyK1014+081.80_伯舒拉岭进口右线DyK1014+081.8洞身素描记录表.pdf,FACE_SKETCH
92ed6fc990e0bcf3c15a3e67,CHECKBOX_POSITION,92ed6fc990e0bcf3c15a3e67,,DyK1014+081.80_伯舒拉岭进口右线DyK1014+081.8洞身素描记录表.pdf,间距,"(295.55, 309.39, 350.9, 336.59)",0.2～0.6√,INLINE_OR_SUFFIX,False,IN_SCOPE,"(295.55, 309.39, 350.9, 336.59)",0.2～0.6√,same_cell_mark,/Users/zhaoxiaoda/Library/CloudStorage/GoogleDrive-xiaodazhao0608@gmail.com/我的云端硬盘/TBM9/SKETCH/DyK1014+081.80_伯舒拉岭进口右线DyK1014+081.8洞身素描记录表.pdf,FACE_SKETCH
92ed6fc990e0bcf3c15a3e67,CHECKBOX_POSITION,92ed6fc990e0bcf3c15a3e67,,DyK1014+081.80_伯舒拉岭进口右线DyK1014+081.8洞身素描记录表.pdf,延伸性,"(295.55, 336.59, 350.9, 353.49)",中等√,INLINE_OR_SUFFIX,False,IN_SCOPE,"(295.55, 336.59, 350.9, 353.49)",中等√,same_cell_mark,/Users/zhaoxiaoda/Library/CloudStorage/GoogleDrive-xiaodazhao0608@gmail.com/我的云端硬盘/TBM9/SKETCH/DyK1014+081.80_伯舒拉岭进口右线DyK1014+081.8洞身素描记录表.pdf,FACE_SKETCH
92ed6fc990e0bcf3c15a3e67,CHECKBOX_POSITION,92ed6fc990e0bcf3c15a3e67,,DyK1014+081.80_伯舒拉岭进口右线DyK1014+081.8洞身素描记录表.pdf,粗糙度,"(302.65, 353.49, 394.5, 373.09)",平整光滑有擦痕√,INLINE_OR_SUFFIX,False,IN_SCOPE,"(302.65, 353.49, 394.5, 373.09)",平整光滑有擦痕√,same_cell_mark,/Users/zhaoxiaoda/Library/CloudStorage/GoogleDrive-xiaodazhao0608@gmail.com/我的云端硬盘/TBM9/SKETCH/DyK1014+081.80_伯舒拉岭进口右线DyK1014+081.8洞身素描记录表.pdf,FACE_SKETCH
92ed6fc990e0bcf3c15a3e67,CHECKBOX_POSITION,92ed6fc990e0bcf3c15a3e67,,DyK1014+081.80_伯舒拉岭进口右线DyK1014+081.8洞身素描记录表.pdf,张开性,"(224.7, 373.09, 295.55, 404.79)",部分张开 0.1～0.5√,INLINE_OR_SUFFIX,False,IN_SCOPE,"(224.7, 373.09, 295.55, 404.79)",部分张开 0.1～0.5√,same_cell_mark,/Users/zhaoxiaoda/Library/CloudStorage/GoogleDrive-xiaodazhao0608@gmail.com/我的云端硬盘/TBM9/SKETCH/DyK1014+081.80_伯舒拉岭进口右线DyK1014+081.8洞身素描记录表.pdf,FACE_SKETCH
92ed6fc990e0bcf3c15a3e67,CHECKBOX_POSITION,92ed6fc990e0bcf3c15a3e67,,DyK1014+081.80_伯舒拉岭进口右线DyK1014+081.8洞身素描记录表.pdf,涌水状态,"(466.45, 404.79, 534.95, 436.49)",其它500 √,INLINE_OR_SUFFIX,False,IN_SCOPE,"(466.45, 404.79, 534.95, 436.49)",其它500 √,same_cell_mark,/Users/zhaoxiaoda/Library/CloudStorage/GoogleDrive-xiaodazhao0608@gmail.com/我的云端硬盘/TBM9/SKETCH/DyK1014+081.80_伯舒拉岭进口右线DyK1014+081.8洞身素描记录表.pdf,FACE_SKETCH
92ed6fc990e0bcf3c15a3e67,CHECKBOX_POSITION,92ed6fc990e0bcf3c15a3e67,,DyK1014+081.80_伯舒拉岭进口右线DyK1014+081.8洞身素描记录表.pdf,岩溶发育程度,"(224.7, 436.49, 295.55, 452.59)",无√,INLINE_OR_SUFFIX,False,IN_SCOPE,"(224.7, 436.49, 295.55, 452.59)",无√,same_cell_mark,/Users/zhaoxiaoda/Library/CloudStorage/GoogleDrive-xiaodazhao0608@gmail.com/我的云端硬盘/TBM9/SKETCH/DyK1014+081.80_伯舒拉岭进口右线DyK1014+081.8洞身素描记录表.pdf,FACE_SKETCH
335d34f944b9b6ae276a59ad,CHECKBOX_POSITION,335d34f944b9b6ae276a59ad,,DyK1014+099.80_伯舒拉岭进口右线DyK1014+099.8洞身素描记录表.pdf,掌子面状态,"(224.7, 213.78999999999996, 295.55, 229.89)",正面掉块√,INLINE_OR_SUFFIX,False,IN_SCOPE,"(224.7, 213.78999999999996, 295.55, 229.89)",正面掉块√,same_cell_mark,/Users/zhaoxiaoda/Library/CloudStorage/GoogleDrive-xiaodazhao0608@gmail.com/我的云端硬盘/TBM9/SKETCH/DyK1014+099.80_伯舒拉岭进口右线DyK1014+099.8洞身素描记录表.pdf,FACE_SKETCH
335d34f944b9b6ae276a59ad,CHECKBOX_POSITION,335d34f944b9b6ae276a59ad,,DyK1014+099.80_伯舒拉岭进口右线DyK1014+099.8洞身素描记录表.pdf,毛开挖面状态,"(224.7, 229.89, 295.55, 261.59000000000003)",随时间松弛、 掉块√,INLINE_OR_SUFFIX,False,IN_SCOPE,"(224.7, 229.89, 295.55, 261.59000000000003)",随时间松弛、 掉块√,same_cell_mark,/Users/zhaoxiaoda/Library/CloudStorage/GoogleDrive-xiaodazhao0608@gmail.com/我的云端硬盘/TBM9/SKETCH/DyK1014+099.80_伯舒拉岭进口右线DyK1014+099.8洞身素描记录表.pdf,FACE_SKETCH
335d34f944b9b6ae276a59ad,CHECKBOX_POSITION,335d34f944b9b6ae276a59ad,,DyK1014+099.80_伯舒拉岭进口右线DyK1014+099.8洞身素描记录表.pdf,岩石强度,"(224.7, 261.59000000000003, 295.55, 293.2900000000001)",30＜R≤60√,INLINE_OR_SUFFIX,False,IN_SCOPE,"(224.7, 261.59000000000003, 295.55, 293.2900000000001)",30＜R≤60√,same_cell_mark,/Users/zhaoxiaoda/Library/CloudStorage/GoogleDrive-xiaodazhao0608@gmail.com/我的云端硬盘/TBM9/SKETCH/DyK1014+099.80_伯舒拉岭进口右线DyK1014+099.8洞身素描记录表.pdf,FACE_SKETCH
335d34f944b9b6ae276a59ad,CHECKBOX_POSITION,335d34f944b9b6ae276a59ad,,DyK1014+099.80_伯舒拉岭进口右线DyK1014+099.8洞身素描记录表.pdf,风化程度,"(295.55, 293.2900000000001, 350.9, 309.39)",弱风化√,INLINE_OR_SUFFIX,False,IN_SCOPE,"(295.55, 293.2900000000001, 350.9, 309.39)",弱风化√,same_cell_mark,/Users/zhaoxiaoda/Library/CloudStorage/GoogleDrive-xiaodazhao0608@gmail.com/我的云端硬盘/TBM9/SKETCH/DyK1014+099.80_伯舒拉岭进口右线DyK1014+099.8洞身素描记录表.pdf,FACE_SKETCH
335d34f944b9b6ae276a59ad,CHECKBOX_POSITION,335d34f944b9b6ae276a59ad,,DyK1014+099.80_伯舒拉岭进口右线DyK1014+099.8洞身素描记录表.pdf,间距,"(295.55, 309.39, 350.9, 336.59)",0.2～0.6√,INLINE_OR_SUFFIX,False,IN_SCOPE,"(295.55, 309.39, 350.9, 336.59)",0.2～0.6√,same_cell_mark,/Users/zhaoxiaoda/Library/CloudStorage/GoogleDrive-xiaodazhao0608@gmail.com/我的云端硬盘/TBM9/SKETCH/DyK1014+099.80_伯舒拉岭进口右线DyK1014+099.8洞身素描记录表.pdf,FACE_SKETCH
335d34f944b9b6ae276a59ad,CHECKBOX_POSITION,335d34f944b9b6ae276a59ad,,DyK1014+099.80_伯舒拉岭进口右线DyK1014+099.8洞身素描记录表.pdf,延伸性,"(295.55, 336.59, 350.9, 353.49)",中等√,INLINE_OR_SUFFIX,False,IN_SCOPE,"(295.55, 336.59, 350.9, 353.49)",中等√,same_cell_mark,/Users/zhaoxiaoda/Library/CloudStorage/GoogleDrive-xiaodazhao0608@gmail.com/我的云端硬盘/TBM9/SKETCH/DyK1014+099.80_伯舒拉岭进口右线DyK1014+099.8洞身素描记录表.pdf,FACE_SKETCH
335d34f944b9b6ae276a59ad,CHECKBOX_POSITION,335d34f944b9b6ae276a59ad,,DyK1014+099.80_伯舒拉岭进口右线DyK1014+099.8洞身素描记录表.pdf,粗糙度,"(302.65, 353.49, 394.5, 373.09)",平整光滑有擦痕√,INLINE_OR_SUFFIX,False,IN_SCOPE,"(302.65, 353.49, 394.5, 373.09)",平整光滑有擦痕√,same_cell_mark,/Users/zhaoxiaoda/Library/CloudStorage/GoogleDrive-xiaodazhao0608@gmail.com/我的云端硬盘/TBM9/SKETCH/DyK1014+099.80_伯舒拉岭进口右线DyK1014+099.8洞身素描记录表.pdf,FACE_SKETCH
335d34f944b9b6ae276a59ad,CHECKBOX_POSITION,335d34f944b9b6ae276a59ad,,DyK1014+099.80_伯舒拉岭进口右线DyK1014+099.8洞身素描记录表.pdf,张开性,"(224.7, 373.09, 295.55, 404.79)",部分张开 0.1～0.5√,INLINE_OR_SUFFIX,False,IN_SCOPE,"(224.7, 373.09, 295.55, 404.79)",部分张开 0.1～0.5√,same_cell_mark,/Users/zhaoxiaoda/Library/CloudStorage/GoogleDrive-xiaodazhao0608@gmail.com/我的云端硬盘/TBM9/SKETCH/DyK1014+099.80_伯舒拉岭进口右线DyK1014+099.8洞身素描记录表.pdf,FACE_SKETCH
335d34f944b9b6ae276a59ad,CHECKBOX_POSITION,335d34f944b9b6ae276a59ad,,DyK1014+099.80_伯舒拉岭进口右线DyK1014+099.8洞身素描记录表.pdf,涌水状态,"(466.45, 404.79, 534.95, 436.49)",其它500 √,INLINE_OR_SUFFIX,False,IN_SCOPE,"(466.45, 404.79, 534.95, 436.49)",其它500 √,same_cell_mark,/Users/zhaoxiaoda/Library/CloudStorage/GoogleDrive-xiaodazhao0608@gmail.com/我的云端硬盘/TBM9/SKETCH/DyK1014+099.80_伯舒拉岭进口右线DyK1014+099.8洞身素描记录表.pdf,FACE_SKETCH
335d34f944b9b6ae276a59ad,CHECKBOX_POSITION,335d34f944b9b6ae276a59ad,,DyK1014+099.80_伯舒拉岭进口右线DyK1014+099.8洞身素描记录表.pdf,岩溶发育程度,"(224.7, 436.49, 295.55, 452.59)",无√,INLINE_OR_SUFFIX,False,IN_SCOPE,"(224.7, 436.49, 295.55, 452.59)",无√,same_cell_mark,/Users/zhaoxiaoda/Library/CloudStorage/GoogleDrive-xiaodazhao0608@gmail.com/我的云端硬盘/TBM9/SKETCH/DyK1014+099.80_伯舒拉岭进口右线DyK1014+099.8洞身素描记录表.pdf,FACE_SKETCH
be6f6142364475b8a4f6f41a,CHECKBOX_POSITION,be6f6142364475b8a4f6f41a,,DyK1014+119.00_伯舒拉岭进口右线DyK1014+119洞身素描记录表.pdf,掌子面状态,"(224.7, 213.78999999999996, 295.55, 229.89)",正面掉块√,INLINE_OR_SUFFIX,False,IN_SCOPE,"(224.7, 213.78999999999996, 295.55, 229.89)",正面掉块√,same_cell_mark,/Users/zhaoxiaoda/Library/CloudStorage/GoogleDrive-xiaodazhao0608@gmail.com/我的云端硬盘/TBM9/SKETCH/DyK1014+119.00_伯舒拉岭进口右线DyK1014+119洞身素描记录表.pdf,FACE_SKETCH
be6f6142364475b8a4f6f41a,CHECKBOX_POSITION,be6f6142364475b8a4f6f41a,,DyK1014+119.00_伯舒拉岭进口右线DyK1014+119洞身素描记录表.pdf,毛开挖面状态,"(224.7, 229.89, 295.55, 261.59000000000003)",随时间松弛、 掉块√,INLINE_OR_SUFFIX,False,IN_SCOPE,"(224.7, 229.89, 295.55, 261.59000000000003)",随时间松弛、 掉块√,same_cell_mark,/Users/zhaoxiaoda/Library/CloudStorage/GoogleDrive-xiaodazhao0608@gmail.com/我的云端硬盘/TBM9/SKETCH/DyK1014+119.00_伯舒拉岭进口右线DyK1014+119洞身素描记录表.pdf,FACE_SKETCH
be6f6142364475b8a4f6f41a,CHECKBOX_POSITION,be6f6142364475b8a4f6f41a,,DyK1014+119.00_伯舒拉岭进口右线DyK1014+119洞身素描记录表.pdf,岩石强度,"(224.7, 261.59000000000003, 295.55, 293.2900000000001)",30＜R≤60√,INLINE_OR_SUFFIX,False,IN_SCOPE,"(224.7, 261.59000000000003, 295.55, 293.2900000000001)",30＜R≤60√,same_cell_mark,/Users/zhaoxiaoda/Library/CloudStorage/GoogleDrive-xiaodazhao0608@gmail.com/我的云端硬盘/TBM9/SKETCH/DyK1014+119.00_伯舒拉岭进口右线DyK1014+119洞身素描记录表.pdf,FACE_SKETCH
be6f6142364475b8a4f6f41a,CHECKBOX_POSITION,be6f6142364475b8a4f6f41a,,DyK1014+119.00_伯舒拉岭进口右线DyK1014+119洞身素描记录表.pdf,风化程度,"(295.55, 293.2900000000001, 350.9, 309.39)",弱风化√,INLINE_OR_SUFFIX,False,IN_SCOPE,"(295.55, 293.2900000000001, 350.9, 309.39)",弱风化√,same_cell_mark,/Users/zhaoxiaoda/Library/CloudStorage/GoogleDrive-xiaodazhao0608@gmail.com/我的云端硬盘/TBM9/SKETCH/DyK1014+119.00_伯舒拉岭进口右线DyK1014+119洞身素描记录表.pdf,FACE_SKETCH
be6f6142364475b8a4f6f41a,CHECKBOX_POSITION,be6f6142364475b8a4f6f41a,,DyK1014+119.00_伯舒拉岭进口右线DyK1014+119洞身素描记录表.pdf,间距,"(295.55, 309.39, 350.9, 336.59)",0.2～0.6√,INLINE_OR_SUFFIX,False,IN_SCOPE,"(295.55, 309.39, 350.9, 336.59)",0.2～0.6√,same_cell_mark,/Users/zhaoxiaoda/Library/CloudStorage/GoogleDrive-xiaodazhao0608@gmail.com/我的云端硬盘/TBM9/SKETCH/DyK1014+119.00_伯舒拉岭进口右线DyK1014+119洞身素描记录表.pdf,FACE_SKETCH
be6f6142364475b8a4f6f41a,CHECKBOX_POSITION,be6f6142364475b8a4f6f41a,,DyK1014+119.00_伯舒拉岭进口右线DyK1014+119洞身素描记录表.pdf,延伸性,"(295.55, 336.59, 350.9, 353.49)",中等√,INLINE_OR_SUFFIX,False,IN_SCOPE,"(295.55, 336.59, 350.9, 353.49)",中等√,same_cell_mark,/Users/zhaoxiaoda/Library/CloudStorage/GoogleDrive-xiaodazhao0608@gmail.com/我的云端硬盘/TBM9/SKETCH/DyK1014+119.00_伯舒拉岭进口右线DyK1014+119洞身素描记录表.pdf,FACE_SKETCH
be6f6142364475b8a4f6f41a,CHECKBOX_POSITION,be6f6142364475b8a4f6f41a,,DyK1014+119.00_伯舒拉岭进口右线DyK1014+119洞身素描记录表.pdf,粗糙度,"(302.65, 353.49, 394.5, 373.09)",平整光滑有擦痕√,INLINE_OR_SUFFIX,False,IN_SCOPE,"(302.65, 353.49, 394.5, 373.09)",平整光滑有擦痕√,same_cell_mark,/Users/zhaoxiaoda/Library/CloudStorage/GoogleDrive-xiaodazhao0608@gmail.com/我的云端硬盘/TBM9/SKETCH/DyK1014+119.00_伯舒拉岭进口右线DyK1014+119洞身素描记录表.pdf,FACE_SKETCH
be6f6142364475b8a4f6f41a,CHECKBOX_POSITION,be6f6142364475b8a4f6f41a,,DyK1014+119.00_伯舒拉岭进口右线DyK1014+119洞身素描记录表.pdf,张开性,"(224.7, 373.09, 295.55, 404.79)",部分张开 0.1～0.5√,INLINE_OR_SUFFIX,False,IN_SCOPE,"(224.7, 373.09, 295.55, 404.79)",部分张开 0.1～0.5√,same_cell_mark,/Users/zhaoxiaoda/Library/CloudStorage/GoogleDrive-xiaodazhao0608@gmail.com/我的云端硬盘/TBM9/SKETCH/DyK1014+119.00_伯舒拉岭进口右线DyK1014+119洞身素描记录表.pdf,FACE_SKETCH
be6f6142364475b8a4f6f41a,CHECKBOX_POSITION,be6f6142364475b8a4f6f41a,,DyK1014+119.00_伯舒拉岭进口右线DyK1014+119洞身素描记录表.pdf,涌水状态,"(466.45, 404.79, 534.95, 436.49)",其它500 √,INLINE_OR_SUFFIX,False,IN_SCOPE,"(466.45, 404.79, 534.95, 436.49)",其它500 √,same_cell_mark,/Users/zhaoxiaoda/Library/CloudStorage/GoogleDrive-xiaodazhao0608@gmail.com/我的云端硬盘/TBM9/SKETCH/DyK1014+119.00_伯舒拉岭进口右线DyK1014+119洞身素描记录表.pdf,FACE_SKETCH
be6f6142364475b8a4f6f41a,CHECKBOX_POSITION,be6f6142364475b8a4f6f41a,,DyK1014+119.00_伯舒拉岭进口右线DyK1014+119洞身素描记录表.pdf,岩溶发育程度,"(224.7, 436.49, 295.55, 452.59)",无√,INLINE_OR_SUFFIX,False,IN_SCOPE,"(224.7, 436.49, 295.55, 452.59)",无√,same_cell_mark,/Users/zhaoxiaoda/Library/CloudStorage/GoogleDrive-xiaodazhao0608@gmail.com/我的云端硬盘/TBM9/SKETCH/DyK1014+119.00_伯舒拉岭进口右线DyK1014+119洞身素描记录表.pdf,FACE_SKETCH
83b3edad4953f55492994132,CHECKBOX_POSITION,83b3edad4953f55492994132,,DyK1014+130.40_伯舒拉岭进口右线DyK1014+130.6洞身素描记录表.pdf,掌子面状态,"(224.7, 213.78999999999996, 295.55, 229.89)",正面掉块√,INLINE_OR_SUFFIX,False,IN_SCOPE,"(224.7, 213.78999999999996, 295.55, 229.89)",正面掉块√,same_cell_mark,/Users/zhaoxiaoda/Library/CloudStorage/GoogleDrive-xiaodazhao0608@gmail.com/我的云端硬盘/TBM9/SKETCH/DyK1014+130.40_伯舒拉岭进口右线DyK1014+130.6洞身素描记录表.pdf,FACE_SKETCH
83b3edad4953f55492994132,CHECKBOX_POSITION,83b3edad4953f55492994132,,DyK1014+130.40_伯舒拉岭进口右线DyK1014+130.6洞身素描记录表.pdf,毛开挖面状态,"(224.7, 229.89, 295.55, 261.59000000000003)",随时间松弛、 掉块√,INLINE_OR_SUFFIX,False,IN_SCOPE,"(224.7, 229.89, 295.55, 261.59000000000003)",随时间松弛、 掉块√,same_cell_mark,/Users/zhaoxiaoda/Library/CloudStorage/GoogleDrive-xiaodazhao0608@gmail.com/我的云端硬盘/TBM9/SKETCH/DyK1014+130.40_伯舒拉岭进口右线DyK1014+130.6洞身素描记录表.pdf,FACE_SKETCH
83b3edad4953f55492994132,CHECKBOX_POSITION,83b3edad4953f55492994132,,DyK1014+130.40_伯舒拉岭进口右线DyK1014+130.6洞身素描记录表.pdf,岩石强度,"(224.7, 261.59000000000003, 295.55, 293.2900000000001)",30＜R≤60√,INLINE_OR_SUFFIX,False,IN_SCOPE,"(224.7, 261.59000000000003, 295.55, 293.2900000000001)",30＜R≤60√,same_cell_mark,/Users/zhaoxiaoda/Library/CloudStorage/GoogleDrive-xiaodazhao0608@gmail.com/我的云端硬盘/TBM9/SKETCH/DyK1014+130.40_伯舒拉岭进口右线DyK1014+130.6洞身素描记录表.pdf,FACE_SKETCH
83b3edad4953f55492994132,CHECKBOX_POSITION,83b3edad4953f55492994132,,DyK1014+130.40_伯舒拉岭进口右线DyK1014+130.6洞身素描记录表.pdf,风化程度,"(295.55, 293.2900000000001, 350.9, 309.39)",弱风化√,INLINE_OR_SUFFIX,False,IN_SCOPE,"(295.55, 293.2900000000001, 350.9, 309.39)",弱风化√,same_cell_mark,/Users/zhaoxiaoda/Library/CloudStorage/GoogleDrive-xiaodazhao0608@gmail.com/我的云端硬盘/TBM9/SKETCH/DyK1014+130.40_伯舒拉岭进口右线DyK1014+130.6洞身素描记录表.pdf,FACE_SKETCH
83b3edad4953f55492994132,CHECKBOX_POSITION,83b3edad4953f55492994132,,DyK1014+130.40_伯舒拉岭进口右线DyK1014+130.6洞身素描记录表.pdf,间距,"(295.55, 309.39, 350.9, 336.59)",0.2～0.6√,INLINE_OR_SUFFIX,False,IN_SCOPE,"(295.55, 309.39, 350.9, 336.59)",0.2～0.6√,same_cell_mark,/Users/zhaoxiaoda/Library/CloudStorage/GoogleDrive-xiaodazhao0608@gmail.com/我的云端硬盘/TBM9/SKETCH/DyK1014+130.40_伯舒拉岭进口右线DyK1014+130.6洞身素描记录表.pdf,FACE_SKETCH
83b3edad4953f55492994132,CHECKBOX_POSITION,83b3edad4953f55492994132,,DyK1014+130.40_伯舒拉岭进口右线DyK1014+130.6洞身素描记录表.pdf,延伸性,"(295.55, 336.59, 350.9, 353.49)",中等√,INLINE_OR_SUFFIX,False,IN_SCOPE,"(295.55, 336.59, 350.9, 353.49)",中等√,same_cell_mark,/Users/zhaoxiaoda/Library/CloudStorage/GoogleDrive-xiaodazhao0608@gmail.com/我的云端硬盘/TBM9/SKETCH/DyK1014+130.40_伯舒拉岭进口右线DyK1014+130.6洞身素描记录表.pdf,FACE_SKETCH
83b3edad4953f55492994132,CHECKBOX_POSITION,83b3edad4953f55492994132,,DyK1014+130.40_伯舒拉岭进口右线DyK1014+130.6洞身素描记录表.pdf,粗糙度,"(302.65, 353.49, 394.5, 373.09)",平整光滑有擦痕√,INLINE_OR_SUFFIX,False,IN_SCOPE,"(302.65, 353.49, 394.5, 373.09)",平整光滑有擦痕√,same_cell_mark,/Users/zhaoxiaoda/Library/CloudStorage/GoogleDrive-xiaodazhao0608@gmail.com/我的云端硬盘/TBM9/SKETCH/DyK1014+130.40_伯舒拉岭进口右线DyK1014+130.6洞身素描记录表.pdf,FACE_SKETCH
83b3edad4953f55492994132,CHECKBOX_POSITION,83b3edad4953f55492994132,,DyK1014+130.40_伯舒拉岭进口右线DyK1014+130.6洞身素描记录表.pdf,张开性,"(224.7, 373.09, 295.55, 404.79)",部分张开 0.1～0.5√,INLINE_OR_SUFFIX,False,IN_SCOPE,"(224.7, 373.09, 295.55, 404.79)",部分张开 0.1～0.5√,same_cell_mark,/Users/zhaoxiaoda/Library/CloudStorage/GoogleDrive-xiaodazhao0608@gmail.com/我的云端硬盘/TBM9/SKETCH/DyK1014+130.40_伯舒拉岭进口右线DyK1014+130.6洞身素描记录表.pdf,FACE_SKETCH
83b3edad4953f55492994132,CHECKBOX_POSITION,83b3edad4953f55492994132,,DyK1014+130.40_伯舒拉岭进口右线DyK1014+130.6洞身素描记录表.pdf,涌水状态,"(466.45, 404.79, 534.95, 436.49)",其它500 √,INLINE_OR_SUFFIX,False,IN_SCOPE,"(466.45, 404.79, 534.95, 436.49)",其它500 √,same_cell_mark,/Users/zhaoxiaoda/Library/CloudStorage/GoogleDrive-xiaodazhao0608@gmail.com/我的云端硬盘/TBM9/SKETCH/DyK1014+130.40_伯舒拉岭进口右线DyK1014+130.6洞身素描记录表.pdf,FACE_SKETCH
83b3edad4953f55492994132,CHECKBOX_POSITION,83b3edad4953f55492994132,,DyK1014+130.40_伯舒拉岭进口右线DyK1014+130.6洞身素描记录表.pdf,岩溶发育程度,"(224.7, 436.49, 295.55, 452.59)",无√,INLINE_OR_SUFFIX,False,IN_SCOPE,"(224.7, 436.49, 295.55, 452.59)",无√,same_cell_mark,/Users/zhaoxiaoda/Library/CloudStorage/GoogleDrive-xiaodazhao0608@gmail.com/我的云端硬盘/TBM9/SKETCH/DyK1014+130.40_伯舒拉岭进口右线DyK1014+130.6洞身素描记录表.pdf,FACE_SKETCH
407057cf25e0204c83302fe4,CHECKBOX_POSITION,407057cf25e0204c83302fe4,,DyK1014+152.00_伯舒拉岭进口右线DyK1014+152.0洞身素描记录表.pdf,掌子面状态,"(224.7, 213.78999999999996, 295.55, 229.89)",正面掉块√,INLINE_OR_SUFFIX,False,IN_SCOPE,"(224.7, 213.78999999999996, 295.55, 229.89)",正面掉块√,same_cell_mark,/Users/zhaoxiaoda/Library/CloudStorage/GoogleDrive-xiaodazhao0608@gmail.com/我的云端硬盘/TBM9/SKETCH/DyK1014+152.00_伯舒拉岭进口右线DyK1014+152.0洞身素描记录表.pdf,FACE_SKETCH
407057cf25e0204c83302fe4,CHECKBOX_POSITION,407057cf25e0204c83302fe4,,DyK1014+152.00_伯舒拉岭进口右线DyK1014+152.0洞身素描记录表.pdf,毛开挖面状态,"(224.7, 229.89, 295.55, 261.59000000000003)",随时间松弛、 掉块√,INLINE_OR_SUFFIX,False,IN_SCOPE,"(224.7, 229.89, 295.55, 261.59000000000003)",随时间松弛、 掉块√,same_cell_mark,/Users/zhaoxiaoda/Library/CloudStorage/GoogleDrive-xiaodazhao0608@gmail.com/我的云端硬盘/TBM9/SKETCH/DyK1014+152.00_伯舒拉岭进口右线DyK1014+152.0洞身素描记录表.pdf,FACE_SKETCH
407057cf25e0204c83302fe4,CHECKBOX_POSITION,407057cf25e0204c83302fe4,,DyK1014+152.00_伯舒拉岭进口右线DyK1014+152.0洞身素描记录表.pdf,岩石强度,"(224.7, 261.59000000000003, 295.55, 293.2900000000001)",30＜R≤60√,INLINE_OR_SUFFIX,False,IN_SCOPE,"(224.7, 261.59000000000003, 295.55, 293.2900000000001)",30＜R≤60√,same_cell_mark,/Users/zhaoxiaoda/Library/CloudStorage/GoogleDrive-xiaodazhao0608@gmail.com/我的云端硬盘/TBM9/SKETCH/DyK1014+152.00_伯舒拉岭进口右线DyK1014+152.0洞身素描记录表.pdf,FACE_SKETCH
407057cf25e0204c83302fe4,CHECKBOX_POSITION,407057cf25e0204c83302fe4,,DyK1014+152.00_伯舒拉岭进口右线DyK1014+152.0洞身素描记录表.pdf,风化程度,"(295.55, 293.2900000000001, 350.9, 309.39)",弱风化√,INLINE_OR_SUFFIX,False,IN_SCOPE,"(295.55, 293.2900000000001, 350.9, 309.39)",弱风化√,same_cell_mark,/Users/zhaoxiaoda/Library/CloudStorage/GoogleDrive-xiaodazhao0608@gmail.com/我的云端硬盘/TBM9/SKETCH/DyK1014+152.00_伯舒拉岭进口右线DyK1014+152.0洞身素描记录表.pdf,FACE_SKETCH
407057cf25e0204c83302fe4,CHECKBOX_POSITION,407057cf25e0204c83302fe4,,DyK1014+152.00_伯舒拉岭进口右线DyK1014+152.0洞身素描记录表.pdf,间距,"(295.55, 309.39, 350.9, 336.59)",0.2～0.6√,INLINE_OR_SUFFIX,False,IN_SCOPE,"(295.55, 309.39, 350.9, 336.59)",0.2～0.6√,same_cell_mark,/Users/zhaoxiaoda/Library/CloudStorage/GoogleDrive-xiaodazhao0608@gmail.com/我的云端硬盘/TBM9/SKETCH/DyK1014+152.00_伯舒拉岭进口右线DyK1014+152.0洞身素描记录表.pdf,FACE_SKETCH
407057cf25e0204c83302fe4,CHECKBOX_POSITION,407057cf25e0204c83302fe4,,DyK1014+152.00_伯舒拉岭进口右线DyK1014+152.0洞身素描记录表.pdf,延伸性,"(295.55, 336.59, 350.9, 353.49)",中等√,INLINE_OR_SUFFIX,False,IN_SCOPE,"(295.55, 336.59, 350.9, 353.49)",中等√,same_cell_mark,/Users/zhaoxiaoda/Library/CloudStorage/GoogleDrive-xiaodazhao0608@gmail.com/我的云端硬盘/TBM9/SKETCH/DyK1014+152.00_伯舒拉岭进口右线DyK1014+152.0洞身素描记录表.pdf,FACE_SKETCH
407057cf25e0204c83302fe4,CHECKBOX_POSITION,407057cf25e0204c83302fe4,,DyK1014+152.00_伯舒拉岭进口右线DyK1014+152.0洞身素描记录表.pdf,粗糙度,"(302.65, 353.49, 394.5, 373.09)",平整光滑有擦痕√,INLINE_OR_SUFFIX,False,IN_SCOPE,"(302.65, 353.49, 394.5, 373.09)",平整光滑有擦痕√,same_cell_mark,/Users/zhaoxiaoda/Library/CloudStorage/GoogleDrive-xiaodazhao0608@gmail.com/我的云端硬盘/TBM9/SKETCH/DyK1014+152.00_伯舒拉岭进口右线DyK1014+152.0洞身素描记录表.pdf,FACE_SKETCH
407057cf25e0204c83302fe4,CHECKBOX_POSITION,407057cf25e0204c83302fe4,,DyK1014+152.00_伯舒拉岭进口右线DyK1014+152.0洞身素描记录表.pdf,张开性,"(224.7, 373.09, 295.55, 404.79)",部分张开 0.1～0.5√,INLINE_OR_SUFFIX,False,IN_SCOPE,"(224.7, 373.09, 295.55, 404.79)",部分张开 0.1～0.5√,same_cell_mark,/Users/zhaoxiaoda/Library/CloudStorage/GoogleDrive-xiaodazhao0608@gmail.com/我的云端硬盘/TBM9/SKETCH/DyK1014+152.00_伯舒拉岭进口右线DyK1014+152.0洞身素描记录表.pdf,FACE_SKETCH
407057cf25e0204c83302fe4,CHECKBOX_POSITION,407057cf25e0204c83302fe4,,DyK1014+152.00_伯舒拉岭进口右线DyK1014+152.0洞身素描记录表.pdf,涌水状态,"(466.45, 404.79, 534.95, 436.49)",其它500 √,INLINE_OR_SUFFIX,False,IN_SCOPE,"(466.45, 404.79, 534.95, 436.49)",其它500 √,same_cell_mark,/Users/zhaoxiaoda/Library/CloudStorage/GoogleDrive-xiaodazhao0608@gmail.com/我的云端硬盘/TBM9/SKETCH/DyK1014+152.00_伯舒拉岭进口右线DyK1014+152.0洞身素描记录表.pdf,FACE_SKETCH
407057cf25e0204c83302fe4,CHECKBOX_POSITION,407057cf25e0204c83302fe4,,DyK1014+152.00_伯舒拉岭进口右线DyK1014+152.0洞身素描记录表.pdf,岩溶发育程度,"(224.7, 436.49, 295.55, 452.59)",无√,INLINE_OR_SUFFIX,False,IN_SCOPE,"(224.7, 436.49, 295.55, 452.59)",无√,same_cell_mark,/Users/zhaoxiaoda/Library/CloudStorage/GoogleDrive-xiaodazhao0608@gmail.com/我的云端硬盘/TBM9/SKETCH/DyK1014+152.00_伯舒拉岭进口右线DyK1014+152.0洞身素描记录表.pdf,FACE_SKETCH
0759e02be4906729df98f355,CHECKBOX_POSITION,0759e02be4906729df98f355,,DyK1014+166.40_伯舒拉岭进口右线DyK1014+166.4洞身素描记录表.pdf,掌子面状态,"(224.7, 213.78999999999996, 295.55, 229.89)",正面掉块√,INLINE_OR_SUFFIX,False,IN_SCOPE,"(224.7, 213.78999999999996, 295.55, 229.89)",正面掉块√,same_cell_mark,/Users/zhaoxiaoda/Library/CloudStorage/GoogleDrive-xiaodazhao0608@gmail.com/我的云端硬盘/TBM9/SKETCH/DyK1014+166.40_伯舒拉岭进口右线DyK1014+166.4洞身素描记录表.pdf,FACE_SKETCH
0759e02be4906729df98f355,CHECKBOX_POSITION,0759e02be4906729df98f355,,DyK1014+166.40_伯舒拉岭进口右线DyK1014+166.4洞身素描记录表.pdf,毛开挖面状态,"(224.7, 229.89, 295.55, 261.59000000000003)",随时间松弛、 掉块√,INLINE_OR_SUFFIX,False,IN_SCOPE,"(224.7, 229.89, 295.55, 261.59000000000003)",随时间松弛、 掉块√,same_cell_mark,/Users/zhaoxiaoda/Library/CloudStorage/GoogleDrive-xiaodazhao0608@gmail.com/我的云端硬盘/TBM9/SKETCH/DyK1014+166.40_伯舒拉岭进口右线DyK1014+166.4洞身素描记录表.pdf,FACE_SKETCH
0759e02be4906729df98f355,CHECKBOX_POSITION,0759e02be4906729df98f355,,DyK1014+166.40_伯舒拉岭进口右线DyK1014+166.4洞身素描记录表.pdf,岩石强度,"(224.7, 261.59000000000003, 295.55, 293.2900000000001)",30＜R≤60√,INLINE_OR_SUFFIX,False,IN_SCOPE,"(224.7, 261.59000000000003, 295.55, 293.2900000000001)",30＜R≤60√,same_cell_mark,/Users/zhaoxiaoda/Library/CloudStorage/GoogleDrive-xiaodazhao0608@gmail.com/我的云端硬盘/TBM9/SKETCH/DyK1014+166.40_伯舒拉岭进口右线DyK1014+166.4洞身素描记录表.pdf,FACE_SKETCH
0759e02be4906729df98f355,CHECKBOX_POSITION,0759e02be4906729df98f355,,DyK1014+166.40_伯舒拉岭进口右线DyK1014+166.4洞身素描记录表.pdf,风化程度,"(295.55, 293.2900000000001, 350.9, 309.39)",弱风化√,INLINE_OR_SUFFIX,False,IN_SCOPE,"(295.55, 293.2900000000001, 350.9, 309.39)",弱风化√,same_cell_mark,/Users/zhaoxiaoda/Library/CloudStorage/GoogleDrive-xiaodazhao0608@gmail.com/我的云端硬盘/TBM9/SKETCH/DyK1014+166.40_伯舒拉岭进口右线DyK1014+166.4洞身素描记录表.pdf,FACE_SKETCH
0759e02be4906729df98f355,CHECKBOX_POSITION,0759e02be4906729df98f355,,DyK1014+166.40_伯舒拉岭进口右线DyK1014+166.4洞身素描记录表.pdf,间距,"(295.55, 309.39, 350.9, 336.59)",0.2～0.6√,INLINE_OR_SUFFIX,False,IN_SCOPE,"(295.55, 309.39, 350.9, 336.59)",0.2～0.6√,same_cell_mark,/Users/zhaoxiaoda/Library/CloudStorage/GoogleDrive-xiaodazhao0608@gmail.com/我的云端硬盘/TBM9/SKETCH/DyK1014+166.40_伯舒拉岭进口右线DyK1014+166.4洞身素描记录表.pdf,FACE_SKETCH
0759e02be4906729df98f355,CHECKBOX_POSITION,0759e02be4906729df98f355,,DyK1014+166.40_伯舒拉岭进口右线DyK1014+166.4洞身素描记录表.pdf,延伸性,"(295.55, 336.59, 350.9, 353.49)",中等√,INLINE_OR_SUFFIX,False,IN_SCOPE,"(295.55, 336.59, 350.9, 353.49)",中等√,same_cell_mark,/Users/zhaoxiaoda/Library/CloudStorage/GoogleDrive-xiaodazhao0608@gmail.com/我的云端硬盘/TBM9/SKETCH/DyK1014+166.40_伯舒拉岭进口右线DyK1014+166.4洞身素描记录表.pdf,FACE_SKETCH
0759e02be4906729df98f355,CHECKBOX_POSITION,0759e02be4906729df98f355,,DyK1014+166.40_伯舒拉岭进口右线DyK1014+166.4洞身素描记录表.pdf,粗糙度,"(302.65, 353.49, 394.5, 373.09)",平整光滑有擦痕√,INLINE_OR_SUFFIX,False,IN_SCOPE,"(302.65, 353.49, 394.5, 373.09)",平整光滑有擦痕√,same_cell_mark,/Users/zhaoxiaoda/Library/CloudStorage/GoogleDrive-xiaodazhao0608@gmail.com/我的云端硬盘/TBM9/SKETCH/DyK1014+166.40_伯舒拉岭进口右线DyK1014+166.4洞身素描记录表.pdf,FACE_SKETCH
0759e02be4906729df98f355,CHECKBOX_POSITION,0759e02be4906729df98f355,,DyK1014+166.40_伯舒拉岭进口右线DyK1014+166.4洞身素描记录表.pdf,张开性,"(224.7, 373.09, 295.55, 404.79)",部分张开 0.1～0.5√,INLINE_OR_SUFFIX,False,IN_SCOPE,"(224.7, 373.09, 295.55, 404.79)",部分张开 0.1～0.5√,same_cell_mark,/Users/zhaoxiaoda/Library/CloudStorage/GoogleDrive-xiaodazhao0608@gmail.com/我的云端硬盘/TBM9/SKETCH/DyK1014+166.40_伯舒拉岭进口右线DyK1014+166.4洞身素描记录表.pdf,FACE_SKETCH
0759e02be4906729df98f355,CHECKBOX_POSITION,0759e02be4906729df98f355,,DyK1014+166.40_伯舒拉岭进口右线DyK1014+166.4洞身素描记录表.pdf,涌水状态,"(466.45, 404.79, 534.95, 436.49)",其它500 √,INLINE_OR_SUFFIX,False,IN_SCOPE,"(466.45, 404.79, 534.95, 436.49)",其它500 √,same_cell_mark,/Users/zhaoxiaoda/Library/CloudStorage/GoogleDrive-xiaodazhao0608@gmail.com/我的云端硬盘/TBM9/SKETCH/DyK1014+166.40_伯舒拉岭进口右线DyK1014+166.4洞身素描记录表.pdf,FACE_SKETCH
0759e02be4906729df98f355,CHECKBOX_POSITION,0759e02be4906729df98f355,,DyK1014+166.40_伯舒拉岭进口右线DyK1014+166.4洞身素描记录表.pdf,岩溶发育程度,"(224.7, 436.49, 295.55, 452.59)",无√,INLINE_OR_SUFFIX,False,IN_SCOPE,"(224.7, 436.49, 295.55, 452.59)",无√,same_cell_mark,/Users/zhaoxiaoda/Library/CloudStorage/GoogleDrive-xiaodazhao0608@gmail.com/我的云端硬盘/TBM9/SKETCH/DyK1014+166.40_伯舒拉岭进口右线DyK1014+166.4洞身素描记录表.pdf,FACE_SKETCH
eefb17241cb03ca2e4060b22,CHECKBOX_POSITION,eefb17241cb03ca2e4060b22,,DyK1014+196.40_伯舒拉岭进口右线DyK1014+196.4洞身素描记录表.pdf,掌子面状态,"(224.7, 213.78999999999996, 295.55, 229.89)",正面掉块√,INLINE_OR_SUFFIX,False,IN_SCOPE,"(224.7, 213.78999999999996, 295.55, 229.89)",正面掉块√,same_cell_mark,/Users/zhaoxiaoda/Library/CloudStorage/GoogleDrive-xiaodazhao0608@gmail.com/我的云端硬盘/TBM9/SKETCH/DyK1014+196.40_伯舒拉岭进口右线DyK1014+196.4洞身素描记录表.pdf,FACE_SKETCH
eefb17241cb03ca2e4060b22,CHECKBOX_POSITION,eefb17241cb03ca2e4060b22,,DyK1014+196.40_伯舒拉岭进口右线DyK1014+196.4洞身素描记录表.pdf,毛开挖面状态,"(224.7, 229.89, 295.55, 261.59000000000003)",随时间松弛、 掉块√,INLINE_OR_SUFFIX,False,IN_SCOPE,"(224.7, 229.89, 295.55, 261.59000000000003)",随时间松弛、 掉块√,same_cell_mark,/Users/zhaoxiaoda/Library/CloudStorage/GoogleDrive-xiaodazhao0608@gmail.com/我的云端硬盘/TBM9/SKETCH/DyK1014+196.40_伯舒拉岭进口右线DyK1014+196.4洞身素描记录表.pdf,FACE_SKETCH
eefb17241cb03ca2e4060b22,CHECKBOX_POSITION,eefb17241cb03ca2e4060b22,,DyK1014+196.40_伯舒拉岭进口右线DyK1014+196.4洞身素描记录表.pdf,岩石强度,"(224.7, 261.59000000000003, 295.55, 293.2900000000001)",30＜R≤60√,INLINE_OR_SUFFIX,False,IN_SCOPE,"(224.7, 261.59000000000003, 295.55, 293.2900000000001)",30＜R≤60√,same_cell_mark,/Users/zhaoxiaoda/Library/CloudStorage/GoogleDrive-xiaodazhao0608@gmail.com/我的云端硬盘/TBM9/SKETCH/DyK1014+196.40_伯舒拉岭进口右线DyK1014+196.4洞身素描记录表.pdf,FACE_SKETCH
eefb17241cb03ca2e4060b22,CHECKBOX_POSITION,eefb17241cb03ca2e4060b22,,DyK1014+196.40_伯舒拉岭进口右线DyK1014+196.4洞身素描记录表.pdf,风化程度,"(295.55, 293.2900000000001, 350.9, 309.39)",弱风化√,INLINE_OR_SUFFIX,False,IN_SCOPE,"(295.55, 293.2900000000001, 350.9, 309.39)",弱风化√,same_cell_mark,/Users/zhaoxiaoda/Library/CloudStorage/GoogleDrive-xiaodazhao0608@gmail.com/我的云端硬盘/TBM9/SKETCH/DyK1014+196.40_伯舒拉岭进口右线DyK1014+196.4洞身素描记录表.pdf,FACE_SKETCH
eefb17241cb03ca2e4060b22,CHECKBOX_POSITION,eefb17241cb03ca2e4060b22,,DyK1014+196.40_伯舒拉岭进口右线DyK1014+196.4洞身素描记录表.pdf,间距,"(295.55, 309.39, 350.9, 336.59)",0.2～0.6√,INLINE_OR_SUFFIX,False,IN_SCOPE,"(295.55, 309.39, 350.9, 336.59)",0.2～0.6√,same_cell_mark,/Users/zhaoxiaoda/Library/CloudStorage/GoogleDrive-xiaodazhao0608@gmail.com/我的云端硬盘/TBM9/SKETCH/DyK1014+196.40_伯舒拉岭进口右线DyK1014+196.4洞身素描记录表.pdf,FACE_SKETCH
eefb17241cb03ca2e4060b22,CHECKBOX_POSITION,eefb17241cb03ca2e4060b22,,DyK1014+196.40_伯舒拉岭进口右线DyK1014+196.4洞身素描记录表.pdf,延伸性,"(295.55, 336.59, 350.9, 353.49)",中等√,INLINE_OR_SUFFIX,False,IN_SCOPE,"(295.55, 336.59, 350.9, 353.49)",中等√,same_cell_mark,/Users/zhaoxiaoda/Library/CloudStorage/GoogleDrive-xiaodazhao0608@gmail.com/我的云端硬盘/TBM9/SKETCH/DyK1014+196.40_伯舒拉岭进口右线DyK1014+196.4洞身素描记录表.pdf,FACE_SKETCH
eefb17241cb03ca2e4060b22,CHECKBOX_POSITION,eefb17241cb03ca2e4060b22,,DyK1014+196.40_伯舒拉岭进口右线DyK1014+196.4洞身素描记录表.pdf,粗糙度,"(302.65, 353.49, 394.5, 373.09)",平整光滑有擦痕√,INLINE_OR_SUFFIX,False,IN_SCOPE,"(302.65, 353.49, 394.5, 373.09)",平整光滑有擦痕√,same_cell_mark,/Users/zhaoxiaoda/Library/CloudStorage/GoogleDrive-xiaodazhao0608@gmail.com/我的云端硬盘/TBM9/SKETCH/DyK1014+196.40_伯舒拉岭进口右线DyK1014+196.4洞身素描记录表.pdf,FACE_SKETCH
eefb17241cb03ca2e4060b22,CHECKBOX_POSITION,eefb17241cb03ca2e4060b22,,DyK1014+196.40_伯舒拉岭进口右线DyK1014+196.4洞身素描记录表.pdf,张开性,"(224.7, 373.09, 295.55, 404.79)",部分张开 0.1～0.5√,INLINE_OR_SUFFIX,False,IN_SCOPE,"(224.7, 373.09, 295.55, 404.79)",部分张开 0.1～0.5√,same_cell_mark,/Users/zhaoxiaoda/Library/CloudStorage/GoogleDrive-xiaodazhao0608@gmail.com/我的云端硬盘/TBM9/SKETCH/DyK1014+196.40_伯舒拉岭进口右线DyK1014+196.4洞身素描记录表.pdf,FACE_SKETCH
eefb17241cb03ca2e4060b22,CHECKBOX_POSITION,eefb17241cb03ca2e4060b22,,DyK1014+196.40_伯舒拉岭进口右线DyK1014+196.4洞身素描记录表.pdf,涌水状态,"(295.55, 404.79, 373.5, 436.49)",10～25 偶有渗水√,INLINE_OR_SUFFIX,False,IN_SCOPE,"(295.55, 404.79, 373.5, 436.49)",10～25 偶有渗水√,same_cell_mark,/Users/zhaoxiaoda/Library/CloudStorage/GoogleDrive-xiaodazhao0608@gmail.com/我的云端硬盘/TBM9/SKETCH/DyK1014+196.40_伯舒拉岭进口右线DyK1014+196.4洞身素描记录表.pdf,FACE_SKETCH
eefb17241cb03ca2e4060b22,CHECKBOX_POSITION,eefb17241cb03ca2e4060b22,,DyK1014+196.40_伯舒拉岭进口右线DyK1014+196.4洞身素描记录表.pdf,岩溶发育程度,"(224.7, 436.49, 295.55, 452.59)",无√,INLINE_OR_SUFFIX,False,IN_SCOPE,"(224.7, 436.49, 295.55, 452.59)",无√,same_cell_mark,/Users/zhaoxiaoda/Library/CloudStorage/GoogleDrive-xiaodazhao0608@gmail.com/我的云端硬盘/TBM9/SKETCH/DyK1014+196.40_伯舒拉岭进口右线DyK1014+196.4洞身素描记录表.pdf,FACE_SKETCH
68af256e0fa2ef0feaa9451f,CHECKBOX_POSITION,68af256e0fa2ef0feaa9451f,,DyK1014+209.00_伯舒拉岭进口右线DyK1014+209洞身素描记录表.pdf,掌子面状态,"(224.7, 213.78999999999996, 295.55, 229.89)",正面掉块√,INLINE_OR_SUFFIX,False,IN_SCOPE,"(224.7, 213.78999999999996, 295.55, 229.89)",正面掉块√,same_cell_mark,/Users/zhaoxiaoda/Library/CloudStorage/GoogleDrive-xiaodazhao0608@gmail.com/我的云端硬盘/TBM9/SKETCH/DyK1014+209.00_伯舒拉岭进口右线DyK1014+209洞身素描记录表.pdf,FACE_SKETCH
68af256e0fa2ef0feaa9451f,CHECKBOX_POSITION,68af256e0fa2ef0feaa9451f,,DyK1014+209.00_伯舒拉岭进口右线DyK1014+209洞身素描记录表.pdf,毛开挖面状态,"(224.7, 229.89, 295.55, 261.59000000000003)",随时间松弛、 掉块√,INLINE_OR_SUFFIX,False,IN_SCOPE,"(224.7, 229.89, 295.55, 261.59000000000003)",随时间松弛、 掉块√,same_cell_mark,/Users/zhaoxiaoda/Library/CloudStorage/GoogleDrive-xiaodazhao0608@gmail.com/我的云端硬盘/TBM9/SKETCH/DyK1014+209.00_伯舒拉岭进口右线DyK1014+209洞身素描记录表.pdf,FACE_SKETCH
68af256e0fa2ef0feaa9451f,CHECKBOX_POSITION,68af256e0fa2ef0feaa9451f,,DyK1014+209.00_伯舒拉岭进口右线DyK1014+209洞身素描记录表.pdf,岩石强度,"(224.7, 261.59000000000003, 295.55, 293.2900000000001)",30＜R≤60√,INLINE_OR_SUFFIX,False,IN_SCOPE,"(224.7, 261.59000000000003, 295.55, 293.2900000000001)",30＜R≤60√,same_cell_mark,/Users/zhaoxiaoda/Library/CloudStorage/GoogleDrive-xiaodazhao0608@gmail.com/我的云端硬盘/TBM9/SKETCH/DyK1014+209.00_伯舒拉岭进口右线DyK1014+209洞身素描记录表.pdf,FACE_SKETCH
68af256e0fa2ef0feaa9451f,CHECKBOX_POSITION,68af256e0fa2ef0feaa9451f,,DyK1014+209.00_伯舒拉岭进口右线DyK1014+209洞身素描记录表.pdf,风化程度,"(295.55, 293.2900000000001, 350.9, 309.39)",弱风化√,INLINE_OR_SUFFIX,False,IN_SCOPE,"(295.55, 293.2900000000001, 350.9, 309.39)",弱风化√,same_cell_mark,/Users/zhaoxiaoda/Library/CloudStorage/GoogleDrive-xiaodazhao0608@gmail.com/我的云端硬盘/TBM9/SKETCH/DyK1014+209.00_伯舒拉岭进口右线DyK1014+209洞身素描记录表.pdf,FACE_SKETCH
68af256e0fa2ef0feaa9451f,CHECKBOX_POSITION,68af256e0fa2ef0feaa9451f,,DyK1014+209.00_伯舒拉岭进口右线DyK1014+209洞身素描记录表.pdf,间距,"(295.55, 309.39, 350.9, 336.59)",0.2～0.6√,INLINE_OR_SUFFIX,False,IN_SCOPE,"(295.55, 309.39, 350.9, 336.59)",0.2～0.6√,same_cell_mark,/Users/zhaoxiaoda/Library/CloudStorage/GoogleDrive-xiaodazhao0608@gmail.com/我的云端硬盘/TBM9/SKETCH/DyK1014+209.00_伯舒拉岭进口右线DyK1014+209洞身素描记录表.pdf,FACE_SKETCH
68af256e0fa2ef0feaa9451f,CHECKBOX_POSITION,68af256e0fa2ef0feaa9451f,,DyK1014+209.00_伯舒拉岭进口右线DyK1014+209洞身素描记录表.pdf,延伸性,"(295.55, 336.59, 350.9, 353.49)",中等√,INLINE_OR_SUFFIX,False,IN_SCOPE,"(295.55, 336.59, 350.9, 353.49)",中等√,same_cell_mark,/Users/zhaoxiaoda/Library/CloudStorage/GoogleDrive-xiaodazhao0608@gmail.com/我的云端硬盘/TBM9/SKETCH/DyK1014+209.00_伯舒拉岭进口右线DyK1014+209洞身素描记录表.pdf,FACE_SKETCH
68af256e0fa2ef0feaa9451f,CHECKBOX_POSITION,68af256e0fa2ef0feaa9451f,,DyK1014+209.00_伯舒拉岭进口右线DyK1014+209洞身素描记录表.pdf,粗糙度,"(302.65, 353.49, 394.5, 373.09)",平整光滑有擦痕√,INLINE_OR_SUFFIX,False,IN_SCOPE,"(302.65, 353.49, 394.5, 373.09)",平整光滑有擦痕√,same_cell_mark,/Users/zhaoxiaoda/Library/CloudStorage/GoogleDrive-xiaodazhao0608@gmail.com/我的云端硬盘/TBM9/SKETCH/DyK1014+209.00_伯舒拉岭进口右线DyK1014+209洞身素描记录表.pdf,FACE_SKETCH
68af256e0fa2ef0feaa9451f,CHECKBOX_POSITION,68af256e0fa2ef0feaa9451f,,DyK1014+209.00_伯舒拉岭进口右线DyK1014+209洞身素描记录表.pdf,张开性,"(224.7, 373.09, 295.55, 404.79)",部分张开 0.1～0.5√,INLINE_OR_SUFFIX,False,IN_SCOPE,"(224.7, 373.09, 295.55, 404.79)",部分张开 0.1～0.5√,same_cell_mark,/Users/zhaoxiaoda/Library/CloudStorage/GoogleDrive-xiaodazhao0608@gmail.com/我的云端硬盘/TBM9/SKETCH/DyK1014+209.00_伯舒拉岭进口右线DyK1014+209洞身素描记录表.pdf,FACE_SKETCH
68af256e0fa2ef0feaa9451f,CHECKBOX_POSITION,68af256e0fa2ef0feaa9451f,,DyK1014+209.00_伯舒拉岭进口右线DyK1014+209洞身素描记录表.pdf,涌水状态,"(295.55, 404.79, 373.5, 436.49)",10～25 偶有渗水√,INLINE_OR_SUFFIX,False,IN_SCOPE,"(295.55, 404.79, 373.5, 436.49)",10～25 偶有渗水√,same_cell_mark,/Users/zhaoxiaoda/Library/CloudStorage/GoogleDrive-xiaodazhao0608@gmail.com/我的云端硬盘/TBM9/SKETCH/DyK1014+209.00_伯舒拉岭进口右线DyK1014+209洞身素描记录表.pdf,FACE_SKETCH
68af256e0fa2ef0feaa9451f,CHECKBOX_POSITION,68af256e0fa2ef0feaa9451f,,DyK1014+209.00_伯舒拉岭进口右线DyK1014+209洞身素描记录表.pdf,岩溶发育程度,"(224.7, 436.49, 295.55, 452.59)",无√,INLINE_OR_SUFFIX,False,IN_SCOPE,"(224.7, 436.49, 295.55, 452.59)",无√,same_cell_mark,/Users/zhaoxiaoda/Library/CloudStorage/GoogleDrive-xiaodazhao0608@gmail.com/我的云端硬盘/TBM9/SKETCH/DyK1014+209.00_伯舒拉岭进口右线DyK1014+209洞身素描记录表.pdf,FACE_SKETCH
7ed00e3e8e47fe30a31ae44c,CHECKBOX_POSITION,7ed00e3e8e47fe30a31ae44c,,DyK1014+225.80_伯舒拉岭进口右线DyK1014+225.8洞身素描记录表.pdf,掌子面状态,"(224.7, 213.78999999999996, 295.55, 229.89)",正面掉块√,INLINE_OR_SUFFIX,False,IN_SCOPE,"(224.7, 213.78999999999996, 295.55, 229.89)",正面掉块√,same_cell_mark,/Users/zhaoxiaoda/Library/CloudStorage/GoogleDrive-xiaodazhao0608@gmail.com/我的云端硬盘/TBM9/SKETCH/DyK1014+225.80_伯舒拉岭进口右线DyK1014+225.8洞身素描记录表.pdf,FACE_SKETCH
7ed00e3e8e47fe30a31ae44c,CHECKBOX_POSITION,7ed00e3e8e47fe30a31ae44c,,DyK1014+225.80_伯舒拉岭进口右线DyK1014+225.8洞身素描记录表.pdf,毛开挖面状态,"(224.7, 229.89, 295.55, 261.59000000000003)",随时间松弛、 掉块√,INLINE_OR_SUFFIX,False,IN_SCOPE,"(224.7, 229.89, 295.55, 261.59000000000003)",随时间松弛、 掉块√,same_cell_mark,/Users/zhaoxiaoda/Library/CloudStorage/GoogleDrive-xiaodazhao0608@gmail.com/我的云端硬盘/TBM9/SKETCH/DyK1014+225.80_伯舒拉岭进口右线DyK1014+225.8洞身素描记录表.pdf,FACE_SKETCH
7ed00e3e8e47fe30a31ae44c,CHECKBOX_POSITION,7ed00e3e8e47fe30a31ae44c,,DyK1014+225.80_伯舒拉岭进口右线DyK1014+225.8洞身素描记录表.pdf,岩石强度,"(224.7, 261.59000000000003, 295.55, 293.2900000000001)",30＜R≤60√,INLINE_OR_SUFFIX,False,IN_SCOPE,"(224.7, 261.59000000000003, 295.55, 293.2900000000001)",30＜R≤60√,same_cell_mark,/Users/zhaoxiaoda/Library/CloudStorage/GoogleDrive-xiaodazhao0608@gmail.com/我的云端硬盘/TBM9/SKETCH/DyK1014+225.80_伯舒拉岭进口右线DyK1014+225.8洞身素描记录表.pdf,FACE_SKETCH
7ed00e3e8e47fe30a31ae44c,CHECKBOX_POSITION,7ed00e3e8e47fe30a31ae44c,,DyK1014+225.80_伯舒拉岭进口右线DyK1014+225.8洞身素描记录表.pdf,风化程度,"(295.55, 293.2900000000001, 350.9, 309.39)",弱风化√,INLINE_OR_SUFFIX,False,IN_SCOPE,"(295.55, 293.2900000000001, 350.9, 309.39)",弱风化√,same_cell_mark,/Users/zhaoxiaoda/Library/CloudStorage/GoogleDrive-xiaodazhao0608@gmail.com/我的云端硬盘/TBM9/SKETCH/DyK1014+225.80_伯舒拉岭进口右线DyK1014+225.8洞身素描记录表.pdf,FACE_SKETCH
7ed00e3e8e47fe30a31ae44c,CHECKBOX_POSITION,7ed00e3e8e47fe30a31ae44c,,DyK1014+225.80_伯舒拉岭进口右线DyK1014+225.8洞身素描记录表.pdf,间距,"(295.55, 309.39, 350.9, 336.59)",0.2～0.6√,INLINE_OR_SUFFIX,False,IN_SCOPE,"(295.55, 309.39, 350.9, 336.59)",0.2～0.6√,same_cell_mark,/Users/zhaoxiaoda/Library/CloudStorage/GoogleDrive-xiaodazhao0608@gmail.com/我的云端硬盘/TBM9/SKETCH/DyK1014+225.80_伯舒拉岭进口右线DyK1014+225.8洞身素描记录表.pdf,FACE_SKETCH
7ed00e3e8e47fe30a31ae44c,CHECKBOX_POSITION,7ed00e3e8e47fe30a31ae44c,,DyK1014+225.80_伯舒拉岭进口右线DyK1014+225.8洞身素描记录表.pdf,延伸性,"(295.55, 336.59, 350.9, 353.49)",中等√,INLINE_OR_SUFFIX,False,IN_SCOPE,"(295.55, 336.59, 350.9, 353.49)",中等√,same_cell_mark,/Users/zhaoxiaoda/Library/CloudStorage/GoogleDrive-xiaodazhao0608@gmail.com/我的云端硬盘/TBM9/SKETCH/DyK1014+225.80_伯舒拉岭进口右线DyK1014+225.8洞身素描记录表.pdf,FACE_SKETCH
7ed00e3e8e47fe30a31ae44c,CHECKBOX_POSITION,7ed00e3e8e47fe30a31ae44c,,DyK1014+225.80_伯舒拉岭进口右线DyK1014+225.8洞身素描记录表.pdf,粗糙度,"(302.65, 353.49, 394.5, 373.09)",平整光滑有擦痕√,INLINE_OR_SUFFIX,False,IN_SCOPE,"(302.65, 353.49, 394.5, 373.09)",平整光滑有擦痕√,same_cell_mark,/Users/zhaoxiaoda/Library/CloudStorage/GoogleDrive-xiaodazhao0608@gmail.com/我的云端硬盘/TBM9/SKETCH/DyK1014+225.80_伯舒拉岭进口右线DyK1014+225.8洞身素描记录表.pdf,FACE_SKETCH
7ed00e3e8e47fe30a31ae44c,CHECKBOX_POSITION,7ed00e3e8e47fe30a31ae44c,,DyK1014+225.80_伯舒拉岭进口右线DyK1014+225.8洞身素描记录表.pdf,张开性,"(224.7, 373.09, 295.55, 404.79)",部分张开 0.1～0.5√,INLINE_OR_SUFFIX,False,IN_SCOPE,"(224.7, 373.09, 295.55, 404.79)",部分张开 0.1～0.5√,same_cell_mark,/Users/zhaoxiaoda/Library/CloudStorage/GoogleDrive-xiaodazhao0608@gmail.com/我的云端硬盘/TBM9/SKETCH/DyK1014+225.80_伯舒拉岭进口右线DyK1014+225.8洞身素描记录表.pdf,FACE_SKETCH
7ed00e3e8e47fe30a31ae44c,CHECKBOX_POSITION,7ed00e3e8e47fe30a31ae44c,,DyK1014+225.80_伯舒拉岭进口右线DyK1014+225.8洞身素描记录表.pdf,涌水状态,"(295.55, 404.79, 373.5, 436.49)",10～25 偶有渗水√,INLINE_OR_SUFFIX,False,IN_SCOPE,"(295.55, 404.79, 373.5, 436.49)",10～25 偶有渗水√,same_cell_mark,/Users/zhaoxiaoda/Library/CloudStorage/GoogleDrive-xiaodazhao0608@gmail.com/我的云端硬盘/TBM9/SKETCH/DyK1014+225.80_伯舒拉岭进口右线DyK1014+225.8洞身素描记录表.pdf,FACE_SKETCH
7ed00e3e8e47fe30a31ae44c,CHECKBOX_POSITION,7ed00e3e8e47fe30a31ae44c,,DyK1014+225.80_伯舒拉岭进口右线DyK1014+225.8洞身素描记录表.pdf,岩溶发育程度,"(224.7, 436.49, 295.55, 452.59)",无√,INLINE_OR_SUFFIX,False,IN_SCOPE,"(224.7, 436.49, 295.55, 452.59)",无√,same_cell_mark,/Users/zhaoxiaoda/Library/CloudStorage/GoogleDrive-xiaodazhao0608@gmail.com/我的云端硬盘/TBM9/SKETCH/DyK1014+225.80_伯舒拉岭进口右线DyK1014+225.8洞身素描记录表.pdf,FACE_SKETCH
e0296d956dbf94396cda5a4c,CHECKBOX_POSITION,e0296d956dbf94396cda5a4c,,DyK1014+255.80_伯舒拉岭右线DyK1014+255.8洞身素描记录表.pdf,掌子面状态,"(224.6, 213.56999999999994, 295.45, 229.66999999999996)",正面掉块√,INLINE_OR_SUFFIX,False,IN_SCOPE,"(224.6, 213.56999999999994, 295.45, 229.66999999999996)",正面掉块√,same_cell_mark,/Users/zhaoxiaoda/Library/CloudStorage/GoogleDrive-xiaodazhao0608@gmail.com/我的云端硬盘/TBM9/SKETCH/DyK1014+255.80_伯舒拉岭右线DyK1014+255.8洞身素描记录表.pdf,FACE_SKETCH
e0296d956dbf94396cda5a4c,CHECKBOX_POSITION,e0296d956dbf94396cda5a4c,,DyK1014+255.80_伯舒拉岭右线DyK1014+255.8洞身素描记录表.pdf,毛开挖面状态,"(224.6, 229.66999999999996, 295.45, 261.31999999999994)",√ 随时间松弛、 掉块√,PREFIX,True,IN_SCOPE,"(295.45, 229.66999999999996, 373.4, 261.31999999999994)",自稳困难、要 及时支护,prefix_checkmark_right_neighbor,/Users/zhaoxiaoda/Library/CloudStorage/GoogleDrive-xiaodazhao0608@gmail.com/我的云端硬盘/TBM9/SKETCH/DyK1014+255.80_伯舒拉岭右线DyK1014+255.8洞身素描记录表.pdf,FACE_SKETCH
e0296d956dbf94396cda5a4c,CHECKBOX_POSITION,e0296d956dbf94396cda5a4c,,DyK1014+255.80_伯舒拉岭右线DyK1014+255.8洞身素描记录表.pdf,岩石强度,"(224.6, 261.31999999999994, 295.45, 293.02)",30＜R≤60√,INLINE_OR_SUFFIX,False,IN_SCOPE,"(224.6, 261.31999999999994, 295.45, 293.02)",30＜R≤60√,same_cell_mark,/Users/zhaoxiaoda/Library/CloudStorage/GoogleDrive-xiaodazhao0608@gmail.com/我的云端硬盘/TBM9/SKETCH/DyK1014+255.80_伯舒拉岭右线DyK1014+255.8洞身素描记录表.pdf,FACE_SKETCH
e0296d956dbf94396cda5a4c,CHECKBOX_POSITION,e0296d956dbf94396cda5a4c,,DyK1014+255.80_伯舒拉岭右线DyK1014+255.8洞身素描记录表.pdf,风化程度,"(295.45, 293.02, 350.8, 309.12)",弱风化√,INLINE_OR_SUFFIX,False,IN_SCOPE,"(295.45, 293.02, 350.8, 309.12)",弱风化√,same_cell_mark,/Users/zhaoxiaoda/Library/CloudStorage/GoogleDrive-xiaodazhao0608@gmail.com/我的云端硬盘/TBM9/SKETCH/DyK1014+255.80_伯舒拉岭右线DyK1014+255.8洞身素描记录表.pdf,FACE_SKETCH
e0296d956dbf94396cda5a4c,CHECKBOX_POSITION,e0296d956dbf94396cda5a4c,,DyK1014+255.80_伯舒拉岭右线DyK1014+255.8洞身素描记录表.pdf,间距,"(295.45, 309.12, 350.8, 336.32)",√ 0.2～0.6√,PREFIX,True,IN_SCOPE,"(350.8, 309.12, 408.2, 336.32)",0.06～0.2,prefix_checkmark_right_neighbor,/Users/zhaoxiaoda/Library/CloudStorage/GoogleDrive-xiaodazhao0608@gmail.com/我的云端硬盘/TBM9/SKETCH/DyK1014+255.80_伯舒拉岭右线DyK1014+255.8洞身素描记录表.pdf,FACE_SKETCH
e0296d956dbf94396cda5a4c,CHECKBOX_POSITION,e0296d956dbf94396cda5a4c,,DyK1014+255.80_伯舒拉岭右线DyK1014+255.8洞身素描记录表.pdf,延伸性,"(224.6, 336.32, 295.45, 353.42)",差√,INLINE_OR_SUFFIX,False,IN_SCOPE,"(224.6, 336.32, 295.45, 353.42)",差√,same_cell_mark,/Users/zhaoxiaoda/Library/CloudStorage/GoogleDrive-xiaodazhao0608@gmail.com/我的云端硬盘/TBM9/SKETCH/DyK1014+255.80_伯舒拉岭右线DyK1014+255.8洞身素描记录表.pdf,FACE_SKETCH
e0296d956dbf94396cda5a4c,CHECKBOX_POSITION,e0296d956dbf94396cda5a4c,,DyK1014+255.80_伯舒拉岭右线DyK1014+255.8洞身素描记录表.pdf,粗糙度,"(224.6, 353.42, 295.45, 373.02)",√ 粗糙波纹状,PREFIX,True,IN_SCOPE,"(295.45, 353.42, 408.2, 373.02)",平整光滑有擦痕√,ignored_prefix_mark_because_suffix_cell_present,/Users/zhaoxiaoda/Library/CloudStorage/GoogleDrive-xiaodazhao0608@gmail.com/我的云端硬盘/TBM9/SKETCH/DyK1014+255.80_伯舒拉岭右线DyK1014+255.8洞身素描记录表.pdf,FACE_SKETCH
e0296d956dbf94396cda5a4c,CHECKBOX_POSITION,e0296d956dbf94396cda5a4c,,DyK1014+255.80_伯舒拉岭右线DyK1014+255.8洞身素描记录表.pdf,粗糙度,"(295.45, 353.42, 408.2, 373.02)",平整光滑有擦痕√,INLINE_OR_SUFFIX,False,IN_SCOPE,"(295.45, 353.42, 408.2, 373.02)",平整光滑有擦痕√,same_cell_mark,/Users/zhaoxiaoda/Library/CloudStorage/GoogleDrive-xiaodazhao0608@gmail.com/我的云端硬盘/TBM9/SKETCH/DyK1014+255.80_伯舒拉岭右线DyK1014+255.8洞身素描记录表.pdf,FACE_SKETCH
e0296d956dbf94396cda5a4c,CHECKBOX_POSITION,e0296d956dbf94396cda5a4c,,DyK1014+255.80_伯舒拉岭右线DyK1014+255.8洞身素描记录表.pdf,张开性,"(350.8, 373.02, 408.2, 405.22)",无充填张 开＞1.0√,INLINE_OR_SUFFIX,False,IN_SCOPE,"(350.8, 373.02, 408.2, 405.22)",无充填张 开＞1.0√,same_cell_mark,/Users/zhaoxiaoda/Library/CloudStorage/GoogleDrive-xiaodazhao0608@gmail.com/我的云端硬盘/TBM9/SKETCH/DyK1014+255.80_伯舒拉岭右线DyK1014+255.8洞身素描记录表.pdf,FACE_SKETCH
e0296d956dbf94396cda5a4c,CHECKBOX_POSITION,e0296d956dbf94396cda5a4c,,DyK1014+255.80_伯舒拉岭右线DyK1014+255.8洞身素描记录表.pdf,涌水状态,"(295.45, 405.22, 373.4, 436.92)",10～25 偶有渗水√,INLINE_OR_SUFFIX,False,IN_SCOPE,"(295.45, 405.22, 373.4, 436.92)",10～25 偶有渗水√,same_cell_mark,/Users/zhaoxiaoda/Library/CloudStorage/GoogleDrive-xiaodazhao0608@gmail.com/我的云端硬盘/TBM9/SKETCH/DyK1014+255.80_伯舒拉岭右线DyK1014+255.8洞身素描记录表.pdf,FACE_SKETCH
e0296d956dbf94396cda5a4c,CHECKBOX_POSITION,e0296d956dbf94396cda5a4c,,DyK1014+255.80_伯舒拉岭右线DyK1014+255.8洞身素描记录表.pdf,岩溶发育程度,"(224.6, 436.92, 295.45, 453.02)",无√,INLINE_OR_SUFFIX,False,IN_SCOPE,"(224.6, 436.92, 295.45, 453.02)",无√,same_cell_mark,/Users/zhaoxiaoda/Library/CloudStorage/GoogleDrive-xiaodazhao0608@gmail.com/我的云端硬盘/TBM9/SKETCH/DyK1014+255.80_伯舒拉岭右线DyK1014+255.8洞身素描记录表.pdf,FACE_SKETCH
e0296d956dbf94396cda5a4c,CHECKBOX_POSITION,e0296d956dbf94396cda5a4c,,DyK1014+255.80_伯舒拉岭右线DyK1014+255.8洞身素描记录表.pdf,设计围岩级别,"(224.6, 453.02, 295.45, 469.12)",√ Ⅳ,PREFIX,True,IN_SCOPE,"(295.45, 453.02, 466.3, 469.12)",建议围岩级别,prefix_checkmark_right_neighbor,/Users/zhaoxiaoda/Library/CloudStorage/GoogleDrive-xiaodazhao0608@gmail.com/我的云端硬盘/TBM9/SKETCH/DyK1014+255.80_伯舒拉岭右线DyK1014+255.8洞身素描记录表.pdf,FACE_SKETCH
d25594e6efb61245383fd13d,CHECKBOX_POSITION,d25594e6efb61245383fd13d,,DyK1014+285.80_伯舒拉岭右线DyK1014+285.8洞身素描记录表.pdf,掌子面状态,"(224.6, 213.56999999999994, 295.45, 229.66999999999996)",正面掉块√,INLINE_OR_SUFFIX,False,IN_SCOPE,"(224.6, 213.56999999999994, 295.45, 229.66999999999996)",正面掉块√,same_cell_mark,/Users/zhaoxiaoda/Library/CloudStorage/GoogleDrive-xiaodazhao0608@gmail.com/我的云端硬盘/TBM9/SKETCH/DyK1014+285.80_伯舒拉岭右线DyK1014+285.8洞身素描记录表.pdf,FACE_SKETCH
d25594e6efb61245383fd13d,CHECKBOX_POSITION,d25594e6efb61245383fd13d,,DyK1014+285.80_伯舒拉岭右线DyK1014+285.8洞身素描记录表.pdf,毛开挖面状态,"(224.6, 229.66999999999996, 295.45, 261.31999999999994)",√ 随时间松弛、 掉块√,PREFIX,True,IN_SCOPE,"(295.45, 229.66999999999996, 373.4, 261.31999999999994)",自稳困难、要 及时支护,prefix_checkmark_right_neighbor,/Users/zhaoxiaoda/Library/CloudStorage/GoogleDrive-xiaodazhao0608@gmail.com/我的云端硬盘/TBM9/SKETCH/DyK1014+285.80_伯舒拉岭右线DyK1014+285.8洞身素描记录表.pdf,FACE_SKETCH
d25594e6efb61245383fd13d,CHECKBOX_POSITION,d25594e6efb61245383fd13d,,DyK1014+285.80_伯舒拉岭右线DyK1014+285.8洞身素描记录表.pdf,岩石强度,"(224.6, 261.31999999999994, 295.45, 293.02)",30＜R≤60√,INLINE_OR_SUFFIX,False,IN_SCOPE,"(224.6, 261.31999999999994, 295.45, 293.02)",30＜R≤60√,same_cell_mark,/Users/zhaoxiaoda/Library/CloudStorage/GoogleDrive-xiaodazhao0608@gmail.com/我的云端硬盘/TBM9/SKETCH/DyK1014+285.80_伯舒拉岭右线DyK1014+285.8洞身素描记录表.pdf,FACE_SKETCH
d25594e6efb61245383fd13d,CHECKBOX_POSITION,d25594e6efb61245383fd13d,,DyK1014+285.80_伯舒拉岭右线DyK1014+285.8洞身素描记录表.pdf,风化程度,"(295.45, 293.02, 350.8, 309.12)",弱风化√,INLINE_OR_SUFFIX,False,IN_SCOPE,"(295.45, 293.02, 350.8, 309.12)",弱风化√,same_cell_mark,/Users/zhaoxiaoda/Library/CloudStorage/GoogleDrive-xiaodazhao0608@gmail.com/我的云端硬盘/TBM9/SKETCH/DyK1014+285.80_伯舒拉岭右线DyK1014+285.8洞身素描记录表.pdf,FACE_SKETCH
d25594e6efb61245383fd13d,CHECKBOX_POSITION,d25594e6efb61245383fd13d,,DyK1014+285.80_伯舒拉岭右线DyK1014+285.8洞身素描记录表.pdf,间距,"(295.45, 309.12, 350.8, 336.32)",√ 0.2～0.6√,PREFIX,True,IN_SCOPE,"(350.8, 309.12, 408.2, 336.32)",0.06～0.2,prefix_checkmark_right_neighbor,/Users/zhaoxiaoda/Library/CloudStorage/GoogleDrive-xiaodazhao0608@gmail.com/我的云端硬盘/TBM9/SKETCH/DyK1014+285.80_伯舒拉岭右线DyK1014+285.8洞身素描记录表.pdf,FACE_SKETCH
d25594e6efb61245383fd13d,CHECKBOX_POSITION,d25594e6efb61245383fd13d,,DyK1014+285.80_伯舒拉岭右线DyK1014+285.8洞身素描记录表.pdf,延伸性,"(224.6, 336.32, 295.45, 353.42)",差√,INLINE_OR_SUFFIX,False,IN_SCOPE,"(224.6, 336.32, 295.45, 353.42)",差√,same_cell_mark,/Users/zhaoxiaoda/Library/CloudStorage/GoogleDrive-xiaodazhao0608@gmail.com/我的云端硬盘/TBM9/SKETCH/DyK1014+285.80_伯舒拉岭右线DyK1014+285.8洞身素描记录表.pdf,FACE_SKETCH
d25594e6efb61245383fd13d,CHECKBOX_POSITION,d25594e6efb61245383fd13d,,DyK1014+285.80_伯舒拉岭右线DyK1014+285.8洞身素描记录表.pdf,粗糙度,"(224.6, 353.42, 295.45, 373.02)",√ 粗糙波纹状,PREFIX,True,IN_SCOPE,"(295.45, 353.42, 408.2, 373.02)",平整光滑有擦痕√,ignored_prefix_mark_because_suffix_cell_present,/Users/zhaoxiaoda/Library/CloudStorage/GoogleDrive-xiaodazhao0608@gmail.com/我的云端硬盘/TBM9/SKETCH/DyK1014+285.80_伯舒拉岭右线DyK1014+285.8洞身素描记录表.pdf,FACE_SKETCH
d25594e6efb61245383fd13d,CHECKBOX_POSITION,d25594e6efb61245383fd13d,,DyK1014+285.80_伯舒拉岭右线DyK1014+285.8洞身素描记录表.pdf,粗糙度,"(295.45, 353.42, 408.2, 373.02)",平整光滑有擦痕√,INLINE_OR_SUFFIX,False,IN_SCOPE,"(295.45, 353.42, 408.2, 373.02)",平整光滑有擦痕√,same_cell_mark,/Users/zhaoxiaoda/Library/CloudStorage/GoogleDrive-xiaodazhao0608@gmail.com/我的云端硬盘/TBM9/SKETCH/DyK1014+285.80_伯舒拉岭右线DyK1014+285.8洞身素描记录表.pdf,FACE_SKETCH
d25594e6efb61245383fd13d,CHECKBOX_POSITION,d25594e6efb61245383fd13d,,DyK1014+285.80_伯舒拉岭右线DyK1014+285.8洞身素描记录表.pdf,张开性,"(161.35, 373.02, 224.6, 405.22)",密闭＜0.1√,INLINE_OR_SUFFIX,False,IN_SCOPE,"(161.35, 373.02, 224.6, 405.22)",密闭＜0.1√,same_cell_mark,/Users/zhaoxiaoda/Library/CloudStorage/GoogleDrive-xiaodazhao0608@gmail.com/我的云端硬盘/TBM9/SKETCH/DyK1014+285.80_伯舒拉岭右线DyK1014+285.8洞身素描记录表.pdf,FACE_SKETCH
d25594e6efb61245383fd13d,CHECKBOX_POSITION,d25594e6efb61245383fd13d,,DyK1014+285.80_伯舒拉岭右线DyK1014+285.8洞身素描记录表.pdf,涌水状态,"(295.45, 405.22, 373.4, 436.92)",10～25 偶有渗水√,INLINE_OR_SUFFIX,False,IN_SCOPE,"(295.45, 405.22, 373.4, 436.92)",10～25 偶有渗水√,same_cell_mark,/Users/zhaoxiaoda/Library/CloudStorage/GoogleDrive-xiaodazhao0608@gmail.com/我的云端硬盘/TBM9/SKETCH/DyK1014+285.80_伯舒拉岭右线DyK1014+285.8洞身素描记录表.pdf,FACE_SKETCH
d25594e6efb61245383fd13d,CHECKBOX_POSITION,d25594e6efb61245383fd13d,,DyK1014+285.80_伯舒拉岭右线DyK1014+285.8洞身素描记录表.pdf,岩溶发育程度,"(224.6, 436.92, 295.45, 453.02)",无√,INLINE_OR_SUFFIX,False,IN_SCOPE,"(224.6, 436.92, 295.45, 453.02)",无√,same_cell_mark,/Users/zhaoxiaoda/Library/CloudStorage/GoogleDrive-xiaodazhao0608@gmail.com/我的云端硬盘/TBM9/SKETCH/DyK1014+285.80_伯舒拉岭右线DyK1014+285.8洞身素描记录表.pdf,FACE_SKETCH
d25594e6efb61245383fd13d,CHECKBOX_POSITION,d25594e6efb61245383fd13d,,DyK1014+285.80_伯舒拉岭右线DyK1014+285.8洞身素描记录表.pdf,设计围岩级别,"(224.6, 453.02, 295.45, 469.12)",√ Ⅳ,PREFIX,True,IN_SCOPE,"(295.45, 453.02, 466.3, 469.12)",建议围岩级别,prefix_checkmark_right_neighbor,/Users/zhaoxiaoda/Library/CloudStorage/GoogleDrive-xiaodazhao0608@gmail.com/我的云端硬盘/TBM9/SKETCH/DyK1014+285.80_伯舒拉岭右线DyK1014+285.8洞身素描记录表.pdf,FACE_SKETCH
8022d2d99bfe5dfacfebc8e6,CHECKBOX_POSITION,8022d2d99bfe5dfacfebc8e6,,DyK1014+299.00_伯舒拉岭右线DyK1014+299身素描记录表.pdf,掌子面状态,"(224.6, 213.56999999999994, 295.45, 229.66999999999996)",正面掉块√,INLINE_OR_SUFFIX,False,IN_SCOPE,"(224.6, 213.56999999999994, 295.45, 229.66999999999996)",正面掉块√,same_cell_mark,/Users/zhaoxiaoda/Library/CloudStorage/GoogleDrive-xiaodazhao0608@gmail.com/我的云端硬盘/TBM9/SKETCH/DyK1014+299.00_伯舒拉岭右线DyK1014+299身素描记录表.pdf,FACE_SKETCH
8022d2d99bfe5dfacfebc8e6,CHECKBOX_POSITION,8022d2d99bfe5dfacfebc8e6,,DyK1014+299.00_伯舒拉岭右线DyK1014+299身素描记录表.pdf,毛开挖面状态,"(224.6, 229.66999999999996, 295.45, 261.31999999999994)",√ 随时间松弛、 掉块√,PREFIX,True,IN_SCOPE,"(295.45, 229.66999999999996, 373.4, 261.31999999999994)",自稳困难、要 及时支护,prefix_checkmark_right_neighbor,/Users/zhaoxiaoda/Library/CloudStorage/GoogleDrive-xiaodazhao0608@gmail.com/我的云端硬盘/TBM9/SKETCH/DyK1014+299.00_伯舒拉岭右线DyK1014+299身素描记录表.pdf,FACE_SKETCH
8022d2d99bfe5dfacfebc8e6,CHECKBOX_POSITION,8022d2d99bfe5dfacfebc8e6,,DyK1014+299.00_伯舒拉岭右线DyK1014+299身素描记录表.pdf,岩石强度,"(224.6, 261.31999999999994, 295.45, 293.02)",30＜R≤60√,INLINE_OR_SUFFIX,False,IN_SCOPE,"(224.6, 261.31999999999994, 295.45, 293.02)",30＜R≤60√,same_cell_mark,/Users/zhaoxiaoda/Library/CloudStorage/GoogleDrive-xiaodazhao0608@gmail.com/我的云端硬盘/TBM9/SKETCH/DyK1014+299.00_伯舒拉岭右线DyK1014+299身素描记录表.pdf,FACE_SKETCH
8022d2d99bfe5dfacfebc8e6,CHECKBOX_POSITION,8022d2d99bfe5dfacfebc8e6,,DyK1014+299.00_伯舒拉岭右线DyK1014+299身素描记录表.pdf,风化程度,"(295.45, 293.02, 350.8, 309.12)",弱风化√,INLINE_OR_SUFFIX,False,IN_SCOPE,"(295.45, 293.02, 350.8, 309.12)",弱风化√,same_cell_mark,/Users/zhaoxiaoda/Library/CloudStorage/GoogleDrive-xiaodazhao0608@gmail.com/我的云端硬盘/TBM9/SKETCH/DyK1014+299.00_伯舒拉岭右线DyK1014+299身素描记录表.pdf,FACE_SKETCH
8022d2d99bfe5dfacfebc8e6,CHECKBOX_POSITION,8022d2d99bfe5dfacfebc8e6,,DyK1014+299.00_伯舒拉岭右线DyK1014+299身素描记录表.pdf,间距,"(295.45, 309.12, 350.8, 336.32)",√ 0.2～0.6√,PREFIX,True,IN_SCOPE,"(350.8, 309.12, 408.2, 336.32)",0.06～0.2,prefix_checkmark_right_neighbor,/Users/zhaoxiaoda/Library/CloudStorage/GoogleDrive-xiaodazhao0608@gmail.com/我的云端硬盘/TBM9/SKETCH/DyK1014+299.00_伯舒拉岭右线DyK1014+299身素描记录表.pdf,FACE_SKETCH
8022d2d99bfe5dfacfebc8e6,CHECKBOX_POSITION,8022d2d99bfe5dfacfebc8e6,,DyK1014+299.00_伯舒拉岭右线DyK1014+299身素描记录表.pdf,延伸性,"(224.6, 336.32, 295.45, 353.42)",差√,INLINE_OR_SUFFIX,False,IN_SCOPE,"(224.6, 336.32, 295.45, 353.42)",差√,same_cell_mark,/Users/zhaoxiaoda/Library/CloudStorage/GoogleDrive-xiaodazhao0608@gmail.com/我的云端硬盘/TBM9/SKETCH/DyK1014+299.00_伯舒拉岭右线DyK1014+299身素描记录表.pdf,FACE_SKETCH
8022d2d99bfe5dfacfebc8e6,CHECKBOX_POSITION,8022d2d99bfe5dfacfebc8e6,,DyK1014+299.00_伯舒拉岭右线DyK1014+299身素描记录表.pdf,粗糙度,"(224.6, 353.42, 295.45, 373.02)",√ 粗糙波纹状,PREFIX,True,IN_SCOPE,"(295.45, 353.42, 408.2, 373.02)",平整光滑有擦痕√,ignored_prefix_mark_because_suffix_cell_present,/Users/zhaoxiaoda/Library/CloudStorage/GoogleDrive-xiaodazhao0608@gmail.com/我的云端硬盘/TBM9/SKETCH/DyK1014+299.00_伯舒拉岭右线DyK1014+299身素描记录表.pdf,FACE_SKETCH
8022d2d99bfe5dfacfebc8e6,CHECKBOX_POSITION,8022d2d99bfe5dfacfebc8e6,,DyK1014+299.00_伯舒拉岭右线DyK1014+299身素描记录表.pdf,粗糙度,"(295.45, 353.42, 408.2, 373.02)",平整光滑有擦痕√,INLINE_OR_SUFFIX,False,IN_SCOPE,"(295.45, 353.42, 408.2, 373.02)",平整光滑有擦痕√,same_cell_mark,/Users/zhaoxiaoda/Library/CloudStorage/GoogleDrive-xiaodazhao0608@gmail.com/我的云端硬盘/TBM9/SKETCH/DyK1014+299.00_伯舒拉岭右线DyK1014+299身素描记录表.pdf,FACE_SKETCH
8022d2d99bfe5dfacfebc8e6,CHECKBOX_POSITION,8022d2d99bfe5dfacfebc8e6,,DyK1014+299.00_伯舒拉岭右线DyK1014+299身素描记录表.pdf,张开性,"(161.35, 373.02, 224.6, 405.22)",密闭＜0.1√,INLINE_OR_SUFFIX,False,IN_SCOPE,"(161.35, 373.02, 224.6, 405.22)",密闭＜0.1√,same_cell_mark,/Users/zhaoxiaoda/Library/CloudStorage/GoogleDrive-xiaodazhao0608@gmail.com/我的云端硬盘/TBM9/SKETCH/DyK1014+299.00_伯舒拉岭右线DyK1014+299身素描记录表.pdf,FACE_SKETCH
8022d2d99bfe5dfacfebc8e6,CHECKBOX_POSITION,8022d2d99bfe5dfacfebc8e6,,DyK1014+299.00_伯舒拉岭右线DyK1014+299身素描记录表.pdf,涌水状态,"(295.45, 405.22, 373.4, 436.92)",10～25 偶有渗水√,INLINE_OR_SUFFIX,False,IN_SCOPE,"(295.45, 405.22, 373.4, 436.92)",10～25 偶有渗水√,same_cell_mark,/Users/zhaoxiaoda/Library/CloudStorage/GoogleDrive-xiaodazhao0608@gmail.com/我的云端硬盘/TBM9/SKETCH/DyK1014+299.00_伯舒拉岭右线DyK1014+299身素描记录表.pdf,FACE_SKETCH
8022d2d99bfe5dfacfebc8e6,CHECKBOX_POSITION,8022d2d99bfe5dfacfebc8e6,,DyK1014+299.00_伯舒拉岭右线DyK1014+299身素描记录表.pdf,岩溶发育程度,"(224.6, 436.92, 295.45, 453.02)",无√,INLINE_OR_SUFFIX,False,IN_SCOPE,"(224.6, 436.92, 295.45, 453.02)",无√,same_cell_mark,/Users/zhaoxiaoda/Library/CloudStorage/GoogleDrive-xiaodazhao0608@gmail.com/我的云端硬盘/TBM9/SKETCH/DyK1014+299.00_伯舒拉岭右线DyK1014+299身素描记录表.pdf,FACE_SKETCH
8022d2d99bfe5dfacfebc8e6,CHECKBOX_POSITION,8022d2d99bfe5dfacfebc8e6,,DyK1014+299.00_伯舒拉岭右线DyK1014+299身素描记录表.pdf,设计围岩级别,"(224.6, 453.02, 295.45, 469.12)",√ Ⅳ,PREFIX,True,IN_SCOPE,"(295.45, 453.02, 466.3, 469.12)",建议围岩级别,prefix_checkmark_right_neighbor,/Users/zhaoxiaoda/Library/CloudStorage/GoogleDrive-xiaodazhao0608@gmail.com/我的云端硬盘/TBM9/SKETCH/DyK1014+299.00_伯舒拉岭右线DyK1014+299身素描记录表.pdf,FACE_SKETCH
6590107c1bbf2ace92f8db04,CHECKBOX_POSITION,6590107c1bbf2ace92f8db04,,DyK1014+329.00_伯舒拉岭右线DyK1014+329洞身素描记录表.pdf,掌子面状态,"(224.6, 213.56999999999994, 295.45, 229.66999999999996)",正面掉块√,INLINE_OR_SUFFIX,False,IN_SCOPE,"(224.6, 213.56999999999994, 295.45, 229.66999999999996)",正面掉块√,same_cell_mark,/Users/zhaoxiaoda/Library/CloudStorage/GoogleDrive-xiaodazhao0608@gmail.com/我的云端硬盘/TBM9/SKETCH/DyK1014+329.00_伯舒拉岭右线DyK1014+329洞身素描记录表.pdf,FACE_SKETCH
6590107c1bbf2ace92f8db04,CHECKBOX_POSITION,6590107c1bbf2ace92f8db04,,DyK1014+329.00_伯舒拉岭右线DyK1014+329洞身素描记录表.pdf,毛开挖面状态,"(224.6, 229.66999999999996, 295.45, 261.31999999999994)",√ 随时间松弛、 掉块√,PREFIX,True,IN_SCOPE,"(295.45, 229.66999999999996, 373.4, 261.31999999999994)",自稳困难、要 及时支护,prefix_checkmark_right_neighbor,/Users/zhaoxiaoda/Library/CloudStorage/GoogleDrive-xiaodazhao0608@gmail.com/我的云端硬盘/TBM9/SKETCH/DyK1014+329.00_伯舒拉岭右线DyK1014+329洞身素描记录表.pdf,FACE_SKETCH
6590107c1bbf2ace92f8db04,CHECKBOX_POSITION,6590107c1bbf2ace92f8db04,,DyK1014+329.00_伯舒拉岭右线DyK1014+329洞身素描记录表.pdf,岩石强度,"(224.6, 261.31999999999994, 295.45, 293.02)",30＜R≤60√,INLINE_OR_SUFFIX,False,IN_SCOPE,"(224.6, 261.31999999999994, 295.45, 293.02)",30＜R≤60√,same_cell_mark,/Users/zhaoxiaoda/Library/CloudStorage/GoogleDrive-xiaodazhao0608@gmail.com/我的云端硬盘/TBM9/SKETCH/DyK1014+329.00_伯舒拉岭右线DyK1014+329洞身素描记录表.pdf,FACE_SKETCH
6590107c1bbf2ace92f8db04,CHECKBOX_POSITION,6590107c1bbf2ace92f8db04,,DyK1014+329.00_伯舒拉岭右线DyK1014+329洞身素描记录表.pdf,风化程度,"(295.45, 293.02, 350.8, 309.12)",弱风化√,INLINE_OR_SUFFIX,False,IN_SCOPE,"(295.45, 293.02, 350.8, 309.12)",弱风化√,same_cell_mark,/Users/zhaoxiaoda/Library/CloudStorage/GoogleDrive-xiaodazhao0608@gmail.com/我的云端硬盘/TBM9/SKETCH/DyK1014+329.00_伯舒拉岭右线DyK1014+329洞身素描记录表.pdf,FACE_SKETCH
6590107c1bbf2ace92f8db04,CHECKBOX_POSITION,6590107c1bbf2ace92f8db04,,DyK1014+329.00_伯舒拉岭右线DyK1014+329洞身素描记录表.pdf,间距,"(295.45, 309.12, 350.8, 336.32)",√ 0.2～0.6√,PREFIX,True,IN_SCOPE,"(350.8, 309.12, 408.2, 336.32)",0.06～0.2,prefix_checkmark_right_neighbor,/Users/zhaoxiaoda/Library/CloudStorage/GoogleDrive-xiaodazhao0608@gmail.com/我的云端硬盘/TBM9/SKETCH/DyK1014+329.00_伯舒拉岭右线DyK1014+329洞身素描记录表.pdf,FACE_SKETCH
6590107c1bbf2ace92f8db04,CHECKBOX_POSITION,6590107c1bbf2ace92f8db04,,DyK1014+329.00_伯舒拉岭右线DyK1014+329洞身素描记录表.pdf,延伸性,"(224.6, 336.32, 295.45, 353.42)",差√,INLINE_OR_SUFFIX,False,IN_SCOPE,"(224.6, 336.32, 295.45, 353.42)",差√,same_cell_mark,/Users/zhaoxiaoda/Library/CloudStorage/GoogleDrive-xiaodazhao0608@gmail.com/我的云端硬盘/TBM9/SKETCH/DyK1014+329.00_伯舒拉岭右线DyK1014+329洞身素描记录表.pdf,FACE_SKETCH
6590107c1bbf2ace92f8db04,CHECKBOX_POSITION,6590107c1bbf2ace92f8db04,,DyK1014+329.00_伯舒拉岭右线DyK1014+329洞身素描记录表.pdf,粗糙度,"(224.6, 353.42, 295.45, 373.02)",√ 粗糙波纹状,PREFIX,True,IN_SCOPE,"(295.45, 353.42, 408.2, 373.02)",平整光滑有擦痕√,ignored_prefix_mark_because_suffix_cell_present,/Users/zhaoxiaoda/Library/CloudStorage/GoogleDrive-xiaodazhao0608@gmail.com/我的云端硬盘/TBM9/SKETCH/DyK1014+329.00_伯舒拉岭右线DyK1014+329洞身素描记录表.pdf,FACE_SKETCH
6590107c1bbf2ace92f8db04,CHECKBOX_POSITION,6590107c1bbf2ace92f8db04,,DyK1014+329.00_伯舒拉岭右线DyK1014+329洞身素描记录表.pdf,粗糙度,"(295.45, 353.42, 408.2, 373.02)",平整光滑有擦痕√,INLINE_OR_SUFFIX,False,IN_SCOPE,"(295.45, 353.42, 408.2, 373.02)",平整光滑有擦痕√,same_cell_mark,/Users/zhaoxiaoda/Library/CloudStorage/GoogleDrive-xiaodazhao0608@gmail.com/我的云端硬盘/TBM9/SKETCH/DyK1014+329.00_伯舒拉岭右线DyK1014+329洞身素描记录表.pdf,FACE_SKETCH
6590107c1bbf2ace92f8db04,CHECKBOX_POSITION,6590107c1bbf2ace92f8db04,,DyK1014+329.00_伯舒拉岭右线DyK1014+329洞身素描记录表.pdf,张开性,"(350.8, 373.02, 408.2, 405.22)",无充填张 开＞1.0√,INLINE_OR_SUFFIX,False,IN_SCOPE,"(350.8, 373.02, 408.2, 405.22)",无充填张 开＞1.0√,same_cell_mark,/Users/zhaoxiaoda/Library/CloudStorage/GoogleDrive-xiaodazhao0608@gmail.com/我的云端硬盘/TBM9/SKETCH/DyK1014+329.00_伯舒拉岭右线DyK1014+329洞身素描记录表.pdf,FACE_SKETCH
6590107c1bbf2ace92f8db04,CHECKBOX_POSITION,6590107c1bbf2ace92f8db04,,DyK1014+329.00_伯舒拉岭右线DyK1014+329洞身素描记录表.pdf,涌水状态,"(295.45, 405.22, 373.4, 436.92)",10～25 偶有渗水√,INLINE_OR_SUFFIX,False,IN_SCOPE,"(295.45, 405.22, 373.4, 436.92)",10～25 偶有渗水√,same_cell_mark,/Users/zhaoxiaoda/Library/CloudStorage/GoogleDrive-xiaodazhao0608@gmail.com/我的云端硬盘/TBM9/SKETCH/DyK1014+329.00_伯舒拉岭右线DyK1014+329洞身素描记录表.pdf,FACE_SKETCH
6590107c1bbf2ace92f8db04,CHECKBOX_POSITION,6590107c1bbf2ace92f8db04,,DyK1014+329.00_伯舒拉岭右线DyK1014+329洞身素描记录表.pdf,岩溶发育程度,"(224.6, 436.92, 295.45, 453.02)",无√,INLINE_OR_SUFFIX,False,IN_SCOPE,"(224.6, 436.92, 295.45, 453.02)",无√,same_cell_mark,/Users/zhaoxiaoda/Library/CloudStorage/GoogleDrive-xiaodazhao0608@gmail.com/我的云端硬盘/TBM9/SKETCH/DyK1014+329.00_伯舒拉岭右线DyK1014+329洞身素描记录表.pdf,FACE_SKETCH
6590107c1bbf2ace92f8db04,CHECKBOX_POSITION,6590107c1bbf2ace92f8db04,,DyK1014+329.00_伯舒拉岭右线DyK1014+329洞身素描记录表.pdf,设计围岩级别,"(224.6, 453.02, 295.45, 469.12)",√ Ⅳ,PREFIX,True,IN_SCOPE,"(295.45, 453.02, 466.3, 469.12)",建议围岩级别,prefix_checkmark_right_neighbor,/Users/zhaoxiaoda/Library/CloudStorage/GoogleDrive-xiaodazhao0608@gmail.com/我的云端硬盘/TBM9/SKETCH/DyK1014+329.00_伯舒拉岭右线DyK1014+329洞身素描记录表.pdf,FACE_SKETCH
ba88f6fa9c1322ffb400b974,CHECKBOX_POSITION,ba88f6fa9c1322ffb400b974,,DyK1014+359.00-_伯舒拉岭右线DyK1014+359洞身素描记录表.pdf,掌子面状态,"(224.6, 213.56999999999994, 295.45, 229.81999999999994)",正面掉块√,INLINE_OR_SUFFIX,False,IN_SCOPE,"(224.6, 213.56999999999994, 295.45, 229.81999999999994)",正面掉块√,same_cell_mark,/Users/zhaoxiaoda/Library/CloudStorage/GoogleDrive-xiaodazhao0608@gmail.com/我的云端硬盘/TBM9/SKETCH/DyK1014+359.00-_伯舒拉岭右线DyK1014+359洞身素描记录表.pdf,FACE_SKETCH
ba88f6fa9c1322ffb400b974,CHECKBOX_POSITION,ba88f6fa9c1322ffb400b974,,DyK1014+359.00-_伯舒拉岭右线DyK1014+359洞身素描记录表.pdf,毛开挖面状态,"(224.6, 229.81999999999994, 295.45, 261.47)",随时间松弛、 掉块√,INLINE_OR_SUFFIX,False,IN_SCOPE,"(224.6, 229.81999999999994, 295.45, 261.47)",随时间松弛、 掉块√,same_cell_mark,/Users/zhaoxiaoda/Library/CloudStorage/GoogleDrive-xiaodazhao0608@gmail.com/我的云端硬盘/TBM9/SKETCH/DyK1014+359.00-_伯舒拉岭右线DyK1014+359洞身素描记录表.pdf,FACE_SKETCH
ba88f6fa9c1322ffb400b974,CHECKBOX_POSITION,ba88f6fa9c1322ffb400b974,,DyK1014+359.00-_伯舒拉岭右线DyK1014+359洞身素描记录表.pdf,岩石强度,"(224.6, 261.47, 295.45, 293.1700000000001)",30＜R≤60√,INLINE_OR_SUFFIX,False,IN_SCOPE,"(224.6, 261.47, 295.45, 293.1700000000001)",30＜R≤60√,same_cell_mark,/Users/zhaoxiaoda/Library/CloudStorage/GoogleDrive-xiaodazhao0608@gmail.com/我的云端硬盘/TBM9/SKETCH/DyK1014+359.00-_伯舒拉岭右线DyK1014+359洞身素描记录表.pdf,FACE_SKETCH
ba88f6fa9c1322ffb400b974,CHECKBOX_POSITION,ba88f6fa9c1322ffb400b974,,DyK1014+359.00-_伯舒拉岭右线DyK1014+359洞身素描记录表.pdf,风化程度,"(295.45, 293.1700000000001, 350.8, 309.56999999999994)",弱风化√,INLINE_OR_SUFFIX,False,IN_SCOPE,"(295.45, 293.1700000000001, 350.8, 309.56999999999994)",弱风化√,same_cell_mark,/Users/zhaoxiaoda/Library/CloudStorage/GoogleDrive-xiaodazhao0608@gmail.com/我的云端硬盘/TBM9/SKETCH/DyK1014+359.00-_伯舒拉岭右线DyK1014+359洞身素描记录表.pdf,FACE_SKETCH
ba88f6fa9c1322ffb400b974,CHECKBOX_POSITION,ba88f6fa9c1322ffb400b974,,DyK1014+359.00-_伯舒拉岭右线DyK1014+359洞身素描记录表.pdf,间距,"(295.45, 309.56999999999994, 350.8, 336.77)",0.2～0.6√,INLINE_OR_SUFFIX,False,IN_SCOPE,"(295.45, 309.56999999999994, 350.8, 336.77)",0.2～0.6√,same_cell_mark,/Users/zhaoxiaoda/Library/CloudStorage/GoogleDrive-xiaodazhao0608@gmail.com/我的云端硬盘/TBM9/SKETCH/DyK1014+359.00-_伯舒拉岭右线DyK1014+359洞身素描记录表.pdf,FACE_SKETCH
ba88f6fa9c1322ffb400b974,CHECKBOX_POSITION,ba88f6fa9c1322ffb400b974,,DyK1014+359.00-_伯舒拉岭右线DyK1014+359洞身素描记录表.pdf,延伸性,"(224.6, 336.77, 295.45, 354.17)",差√,INLINE_OR_SUFFIX,False,IN_SCOPE,"(224.6, 336.77, 295.45, 354.17)",差√,same_cell_mark,/Users/zhaoxiaoda/Library/CloudStorage/GoogleDrive-xiaodazhao0608@gmail.com/我的云端硬盘/TBM9/SKETCH/DyK1014+359.00-_伯舒拉岭右线DyK1014+359洞身素描记录表.pdf,FACE_SKETCH
ba88f6fa9c1322ffb400b974,CHECKBOX_POSITION,ba88f6fa9c1322ffb400b974,,DyK1014+359.00-_伯舒拉岭右线DyK1014+359洞身素描记录表.pdf,粗糙度,"(224.6, 354.17, 295.45, 373.77)",√ 粗糙波纹状,PREFIX,True,IN_SCOPE,"(295.45, 354.17, 408.2, 373.77)",平整光滑有擦痕√,ignored_prefix_mark_because_suffix_cell_present,/Users/zhaoxiaoda/Library/CloudStorage/GoogleDrive-xiaodazhao0608@gmail.com/我的云端硬盘/TBM9/SKETCH/DyK1014+359.00-_伯舒拉岭右线DyK1014+359洞身素描记录表.pdf,FACE_SKETCH
ba88f6fa9c1322ffb400b974,CHECKBOX_POSITION,ba88f6fa9c1322ffb400b974,,DyK1014+359.00-_伯舒拉岭右线DyK1014+359洞身素描记录表.pdf,粗糙度,"(295.45, 354.17, 408.2, 373.77)",平整光滑有擦痕√,INLINE_OR_SUFFIX,False,IN_SCOPE,"(295.45, 354.17, 408.2, 373.77)",平整光滑有擦痕√,same_cell_mark,/Users/zhaoxiaoda/Library/CloudStorage/GoogleDrive-xiaodazhao0608@gmail.com/我的云端硬盘/TBM9/SKETCH/DyK1014+359.00-_伯舒拉岭右线DyK1014+359洞身素描记录表.pdf,FACE_SKETCH
ba88f6fa9c1322ffb400b974,CHECKBOX_POSITION,ba88f6fa9c1322ffb400b974,,DyK1014+359.00-_伯舒拉岭右线DyK1014+359洞身素描记录表.pdf,张开性,"(350.8, 373.77, 408.2, 405.97)",无充填张 开＞1.0√,INLINE_OR_SUFFIX,False,IN_SCOPE,"(350.8, 373.77, 408.2, 405.97)",无充填张 开＞1.0√,same_cell_mark,/Users/zhaoxiaoda/Library/CloudStorage/GoogleDrive-xiaodazhao0608@gmail.com/我的云端硬盘/TBM9/SKETCH/DyK1014+359.00-_伯舒拉岭右线DyK1014+359洞身素描记录表.pdf,FACE_SKETCH
ba88f6fa9c1322ffb400b974,CHECKBOX_POSITION,ba88f6fa9c1322ffb400b974,,DyK1014+359.00-_伯舒拉岭右线DyK1014+359洞身素描记录表.pdf,涌水状态,"(295.45, 405.97, 373.4, 437.67)",10～25 偶有渗水√,INLINE_OR_SUFFIX,False,IN_SCOPE,"(295.45, 405.97, 373.4, 437.67)",10～25 偶有渗水√,same_cell_mark,/Users/zhaoxiaoda/Library/CloudStorage/GoogleDrive-xiaodazhao0608@gmail.com/我的云端硬盘/TBM9/SKETCH/DyK1014+359.00-_伯舒拉岭右线DyK1014+359洞身素描记录表.pdf,FACE_SKETCH
ba88f6fa9c1322ffb400b974,CHECKBOX_POSITION,ba88f6fa9c1322ffb400b974,,DyK1014+359.00-_伯舒拉岭右线DyK1014+359洞身素描记录表.pdf,岩溶发育程度,"(224.6, 437.67, 295.45, 453.87)",无√,INLINE_OR_SUFFIX,False,IN_SCOPE,"(224.6, 437.67, 295.45, 453.87)",无√,same_cell_mark,/Users/zhaoxiaoda/Library/CloudStorage/GoogleDrive-xiaodazhao0608@gmail.com/我的云端硬盘/TBM9/SKETCH/DyK1014+359.00-_伯舒拉岭右线DyK1014+359洞身素描记录表.pdf,FACE_SKETCH
286f9e5cb8ea3835ba56976e,CHECKBOX_POSITION,286f9e5cb8ea3835ba56976e,,DyK1014+359.00_伯舒拉岭右线DyK1014+359洞身素描记录表.pdf,掌子面状态,"(224.6, 213.56999999999994, 295.45, 229.81999999999994)",正面掉块√,INLINE_OR_SUFFIX,False,IN_SCOPE,"(224.6, 213.56999999999994, 295.45, 229.81999999999994)",正面掉块√,same_cell_mark,/Users/zhaoxiaoda/Library/CloudStorage/GoogleDrive-xiaodazhao0608@gmail.com/我的云端硬盘/TBM9/SKETCH/DyK1014+359.00_伯舒拉岭右线DyK1014+359洞身素描记录表.pdf,FACE_SKETCH
286f9e5cb8ea3835ba56976e,CHECKBOX_POSITION,286f9e5cb8ea3835ba56976e,,DyK1014+359.00_伯舒拉岭右线DyK1014+359洞身素描记录表.pdf,毛开挖面状态,"(224.6, 229.81999999999994, 295.45, 261.47)",随时间松弛、 掉块√,INLINE_OR_SUFFIX,False,IN_SCOPE,"(224.6, 229.81999999999994, 295.45, 261.47)",随时间松弛、 掉块√,same_cell_mark,/Users/zhaoxiaoda/Library/CloudStorage/GoogleDrive-xiaodazhao0608@gmail.com/我的云端硬盘/TBM9/SKETCH/DyK1014+359.00_伯舒拉岭右线DyK1014+359洞身素描记录表.pdf,FACE_SKETCH
286f9e5cb8ea3835ba56976e,CHECKBOX_POSITION,286f9e5cb8ea3835ba56976e,,DyK1014+359.00_伯舒拉岭右线DyK1014+359洞身素描记录表.pdf,岩石强度,"(224.6, 261.47, 295.45, 293.1700000000001)",30＜R≤60√,INLINE_OR_SUFFIX,False,IN_SCOPE,"(224.6, 261.47, 295.45, 293.1700000000001)",30＜R≤60√,same_cell_mark,/Users/zhaoxiaoda/Library/CloudStorage/GoogleDrive-xiaodazhao0608@gmail.com/我的云端硬盘/TBM9/SKETCH/DyK1014+359.00_伯舒拉岭右线DyK1014+359洞身素描记录表.pdf,FACE_SKETCH
286f9e5cb8ea3835ba56976e,CHECKBOX_POSITION,286f9e5cb8ea3835ba56976e,,DyK1014+359.00_伯舒拉岭右线DyK1014+359洞身素描记录表.pdf,风化程度,"(295.45, 293.1700000000001, 350.8, 309.56999999999994)",弱风化√,INLINE_OR_SUFFIX,False,IN_SCOPE,"(295.45, 293.1700000000001, 350.8, 309.56999999999994)",弱风化√,same_cell_mark,/Users/zhaoxiaoda/Library/CloudStorage/GoogleDrive-xiaodazhao0608@gmail.com/我的云端硬盘/TBM9/SKETCH/DyK1014+359.00_伯舒拉岭右线DyK1014+359洞身素描记录表.pdf,FACE_SKETCH
286f9e5cb8ea3835ba56976e,CHECKBOX_POSITION,286f9e5cb8ea3835ba56976e,,DyK1014+359.00_伯舒拉岭右线DyK1014+359洞身素描记录表.pdf,间距,"(295.45, 309.56999999999994, 350.8, 336.77)",0.2～0.6√,INLINE_OR_SUFFIX,False,IN_SCOPE,"(295.45, 309.56999999999994, 350.8, 336.77)",0.2～0.6√,same_cell_mark,/Users/zhaoxiaoda/Library/CloudStorage/GoogleDrive-xiaodazhao0608@gmail.com/我的云端硬盘/TBM9/SKETCH/DyK1014+359.00_伯舒拉岭右线DyK1014+359洞身素描记录表.pdf,FACE_SKETCH
286f9e5cb8ea3835ba56976e,CHECKBOX_POSITION,286f9e5cb8ea3835ba56976e,,DyK1014+359.00_伯舒拉岭右线DyK1014+359洞身素描记录表.pdf,延伸性,"(224.6, 336.77, 295.45, 354.17)",差√,INLINE_OR_SUFFIX,False,IN_SCOPE,"(224.6, 336.77, 295.45, 354.17)",差√,same_cell_mark,/Users/zhaoxiaoda/Library/CloudStorage/GoogleDrive-xiaodazhao0608@gmail.com/我的云端硬盘/TBM9/SKETCH/DyK1014+359.00_伯舒拉岭右线DyK1014+359洞身素描记录表.pdf,FACE_SKETCH
286f9e5cb8ea3835ba56976e,CHECKBOX_POSITION,286f9e5cb8ea3835ba56976e,,DyK1014+359.00_伯舒拉岭右线DyK1014+359洞身素描记录表.pdf,粗糙度,"(224.6, 354.17, 295.45, 373.77)",√ 粗糙波纹状,PREFIX,True,IN_SCOPE,"(295.45, 354.17, 408.2, 373.77)",平整光滑有擦痕√,ignored_prefix_mark_because_suffix_cell_present,/Users/zhaoxiaoda/Library/CloudStorage/GoogleDrive-xiaodazhao0608@gmail.com/我的云端硬盘/TBM9/SKETCH/DyK1014+359.00_伯舒拉岭右线DyK1014+359洞身素描记录表.pdf,FACE_SKETCH
286f9e5cb8ea3835ba56976e,CHECKBOX_POSITION,286f9e5cb8ea3835ba56976e,,DyK1014+359.00_伯舒拉岭右线DyK1014+359洞身素描记录表.pdf,粗糙度,"(295.45, 354.17, 408.2, 373.77)",平整光滑有擦痕√,INLINE_OR_SUFFIX,False,IN_SCOPE,"(295.45, 354.17, 408.2, 373.77)",平整光滑有擦痕√,same_cell_mark,/Users/zhaoxiaoda/Library/CloudStorage/GoogleDrive-xiaodazhao0608@gmail.com/我的云端硬盘/TBM9/SKETCH/DyK1014+359.00_伯舒拉岭右线DyK1014+359洞身素描记录表.pdf,FACE_SKETCH
286f9e5cb8ea3835ba56976e,CHECKBOX_POSITION,286f9e5cb8ea3835ba56976e,,DyK1014+359.00_伯舒拉岭右线DyK1014+359洞身素描记录表.pdf,张开性,"(350.8, 373.77, 408.2, 405.97)",无充填张 开＞1.0√,INLINE_OR_SUFFIX,False,IN_SCOPE,"(350.8, 373.77, 408.2, 405.97)",无充填张 开＞1.0√,same_cell_mark,/Users/zhaoxiaoda/Library/CloudStorage/GoogleDrive-xiaodazhao0608@gmail.com/我的云端硬盘/TBM9/SKETCH/DyK1014+359.00_伯舒拉岭右线DyK1014+359洞身素描记录表.pdf,FACE_SKETCH
286f9e5cb8ea3835ba56976e,CHECKBOX_POSITION,286f9e5cb8ea3835ba56976e,,DyK1014+359.00_伯舒拉岭右线DyK1014+359洞身素描记录表.pdf,涌水状态,"(295.45, 405.97, 373.4, 437.67)",10～25 偶有渗水√,INLINE_OR_SUFFIX,False,IN_SCOPE,"(295.45, 405.97, 373.4, 437.67)",10～25 偶有渗水√,same_cell_mark,/Users/zhaoxiaoda/Library/CloudStorage/GoogleDrive-xiaodazhao0608@gmail.com/我的云端硬盘/TBM9/SKETCH/DyK1014+359.00_伯舒拉岭右线DyK1014+359洞身素描记录表.pdf,FACE_SKETCH
286f9e5cb8ea3835ba56976e,CHECKBOX_POSITION,286f9e5cb8ea3835ba56976e,,DyK1014+359.00_伯舒拉岭右线DyK1014+359洞身素描记录表.pdf,岩溶发育程度,"(224.6, 437.67, 295.45, 453.87)",无√,INLINE_OR_SUFFIX,False,IN_SCOPE,"(224.6, 437.67, 295.45, 453.87)",无√,same_cell_mark,/Users/zhaoxiaoda/Library/CloudStorage/GoogleDrive-xiaodazhao0608@gmail.com/我的云端硬盘/TBM9/SKETCH/DyK1014+359.00_伯舒拉岭右线DyK1014+359洞身素描记录表.pdf,FACE_SKETCH
c77c343beec02a4f2eaa1709,CHECKBOX_POSITION,c77c343beec02a4f2eaa1709,,DyK1014+389.00_伯舒拉岭右线DyK1014+389洞身素描记录表.pdf,掌子面状态,"(224.6, 213.56999999999994, 295.45, 229.81999999999994)",正面掉块√,INLINE_OR_SUFFIX,False,IN_SCOPE,"(224.6, 213.56999999999994, 295.45, 229.81999999999994)",正面掉块√,same_cell_mark,/Users/zhaoxiaoda/Library/CloudStorage/GoogleDrive-xiaodazhao0608@gmail.com/我的云端硬盘/TBM9/SKETCH/DyK1014+389.00_伯舒拉岭右线DyK1014+389洞身素描记录表.pdf,FACE_SKETCH
c77c343beec02a4f2eaa1709,CHECKBOX_POSITION,c77c343beec02a4f2eaa1709,,DyK1014+389.00_伯舒拉岭右线DyK1014+389洞身素描记录表.pdf,毛开挖面状态,"(224.6, 229.81999999999994, 295.45, 261.47)",随时间松弛、 掉块√,INLINE_OR_SUFFIX,False,IN_SCOPE,"(224.6, 229.81999999999994, 295.45, 261.47)",随时间松弛、 掉块√,same_cell_mark,/Users/zhaoxiaoda/Library/CloudStorage/GoogleDrive-xiaodazhao0608@gmail.com/我的云端硬盘/TBM9/SKETCH/DyK1014+389.00_伯舒拉岭右线DyK1014+389洞身素描记录表.pdf,FACE_SKETCH
c77c343beec02a4f2eaa1709,CHECKBOX_POSITION,c77c343beec02a4f2eaa1709,,DyK1014+389.00_伯舒拉岭右线DyK1014+389洞身素描记录表.pdf,岩石强度,"(224.6, 261.47, 295.45, 293.1700000000001)",30＜R≤60√,INLINE_OR_SUFFIX,False,IN_SCOPE,"(224.6, 261.47, 295.45, 293.1700000000001)",30＜R≤60√,same_cell_mark,/Users/zhaoxiaoda/Library/CloudStorage/GoogleDrive-xiaodazhao0608@gmail.com/我的云端硬盘/TBM9/SKETCH/DyK1014+389.00_伯舒拉岭右线DyK1014+389洞身素描记录表.pdf,FACE_SKETCH
c77c343beec02a4f2eaa1709,CHECKBOX_POSITION,c77c343beec02a4f2eaa1709,,DyK1014+389.00_伯舒拉岭右线DyK1014+389洞身素描记录表.pdf,风化程度,"(295.45, 293.1700000000001, 350.8, 309.56999999999994)",弱风化√,INLINE_OR_SUFFIX,False,IN_SCOPE,"(295.45, 293.1700000000001, 350.8, 309.56999999999994)",弱风化√,same_cell_mark,/Users/zhaoxiaoda/Library/CloudStorage/GoogleDrive-xiaodazhao0608@gmail.com/我的云端硬盘/TBM9/SKETCH/DyK1014+389.00_伯舒拉岭右线DyK1014+389洞身素描记录表.pdf,FACE_SKETCH
c77c343beec02a4f2eaa1709,CHECKBOX_POSITION,c77c343beec02a4f2eaa1709,,DyK1014+389.00_伯舒拉岭右线DyK1014+389洞身素描记录表.pdf,间距,"(295.45, 309.56999999999994, 350.8, 336.77)",0.2～0.6√,INLINE_OR_SUFFIX,False,IN_SCOPE,"(295.45, 309.56999999999994, 350.8, 336.77)",0.2～0.6√,same_cell_mark,/Users/zhaoxiaoda/Library/CloudStorage/GoogleDrive-xiaodazhao0608@gmail.com/我的云端硬盘/TBM9/SKETCH/DyK1014+389.00_伯舒拉岭右线DyK1014+389洞身素描记录表.pdf,FACE_SKETCH
c77c343beec02a4f2eaa1709,CHECKBOX_POSITION,c77c343beec02a4f2eaa1709,,DyK1014+389.00_伯舒拉岭右线DyK1014+389洞身素描记录表.pdf,延伸性,"(224.6, 336.77, 295.45, 354.17)",差√,INLINE_OR_SUFFIX,False,IN_SCOPE,"(224.6, 336.77, 295.45, 354.17)",差√,same_cell_mark,/Users/zhaoxiaoda/Library/CloudStorage/GoogleDrive-xiaodazhao0608@gmail.com/我的云端硬盘/TBM9/SKETCH/DyK1014+389.00_伯舒拉岭右线DyK1014+389洞身素描记录表.pdf,FACE_SKETCH
c77c343beec02a4f2eaa1709,CHECKBOX_POSITION,c77c343beec02a4f2eaa1709,,DyK1014+389.00_伯舒拉岭右线DyK1014+389洞身素描记录表.pdf,粗糙度,"(224.6, 354.17, 295.45, 373.77)",√ 粗糙波纹状,PREFIX,True,IN_SCOPE,"(295.45, 354.17, 408.2, 373.77)",平整光滑有擦痕√,ignored_prefix_mark_because_suffix_cell_present,/Users/zhaoxiaoda/Library/CloudStorage/GoogleDrive-xiaodazhao0608@gmail.com/我的云端硬盘/TBM9/SKETCH/DyK1014+389.00_伯舒拉岭右线DyK1014+389洞身素描记录表.pdf,FACE_SKETCH
c77c343beec02a4f2eaa1709,CHECKBOX_POSITION,c77c343beec02a4f2eaa1709,,DyK1014+389.00_伯舒拉岭右线DyK1014+389洞身素描记录表.pdf,粗糙度,"(295.45, 354.17, 408.2, 373.77)",平整光滑有擦痕√,INLINE_OR_SUFFIX,False,IN_SCOPE,"(295.45, 354.17, 408.2, 373.77)",平整光滑有擦痕√,same_cell_mark,/Users/zhaoxiaoda/Library/CloudStorage/GoogleDrive-xiaodazhao0608@gmail.com/我的云端硬盘/TBM9/SKETCH/DyK1014+389.00_伯舒拉岭右线DyK1014+389洞身素描记录表.pdf,FACE_SKETCH
c77c343beec02a4f2eaa1709,CHECKBOX_POSITION,c77c343beec02a4f2eaa1709,,DyK1014+389.00_伯舒拉岭右线DyK1014+389洞身素描记录表.pdf,张开性,"(350.8, 373.77, 408.2, 405.97)",无充填张 开＞1.0√,INLINE_OR_SUFFIX,False,IN_SCOPE,"(350.8, 373.77, 408.2, 405.97)",无充填张 开＞1.0√,same_cell_mark,/Users/zhaoxiaoda/Library/CloudStorage/GoogleDrive-xiaodazhao0608@gmail.com/我的云端硬盘/TBM9/SKETCH/DyK1014+389.00_伯舒拉岭右线DyK1014+389洞身素描记录表.pdf,FACE_SKETCH
c77c343beec02a4f2eaa1709,CHECKBOX_POSITION,c77c343beec02a4f2eaa1709,,DyK1014+389.00_伯舒拉岭右线DyK1014+389洞身素描记录表.pdf,涌水状态,"(295.45, 405.97, 373.4, 437.67)",10～25 偶有渗水√,INLINE_OR_SUFFIX,False,IN_SCOPE,"(295.45, 405.97, 373.4, 437.67)",10～25 偶有渗水√,same_cell_mark,/Users/zhaoxiaoda/Library/CloudStorage/GoogleDrive-xiaodazhao0608@gmail.com/我的云端硬盘/TBM9/SKETCH/DyK1014+389.00_伯舒拉岭右线DyK1014+389洞身素描记录表.pdf,FACE_SKETCH
c77c343beec02a4f2eaa1709,CHECKBOX_POSITION,c77c343beec02a4f2eaa1709,,DyK1014+389.00_伯舒拉岭右线DyK1014+389洞身素描记录表.pdf,岩溶发育程度,"(224.6, 437.67, 295.45, 453.87)",无√,INLINE_OR_SUFFIX,False,IN_SCOPE,"(224.6, 437.67, 295.45, 453.87)",无√,same_cell_mark,/Users/zhaoxiaoda/Library/CloudStorage/GoogleDrive-xiaodazhao0608@gmail.com/我的云端硬盘/TBM9/SKETCH/DyK1014+389.00_伯舒拉岭右线DyK1014+389洞身素描记录表.pdf,FACE_SKETCH
665dc65538c9aec44e36752a,CHECKBOX_POSITION,665dc65538c9aec44e36752a,,DyK1014+419.00_伯舒拉岭右线DyK1014+419洞身素描记录表.pdf,掌子面状态,"(224.6, 213.56999999999994, 295.45, 229.81999999999994)",正面掉块√,INLINE_OR_SUFFIX,False,IN_SCOPE,"(224.6, 213.56999999999994, 295.45, 229.81999999999994)",正面掉块√,same_cell_mark,/Users/zhaoxiaoda/Library/CloudStorage/GoogleDrive-xiaodazhao0608@gmail.com/我的云端硬盘/TBM9/SKETCH/DyK1014+419.00_伯舒拉岭右线DyK1014+419洞身素描记录表.pdf,FACE_SKETCH
665dc65538c9aec44e36752a,CHECKBOX_POSITION,665dc65538c9aec44e36752a,,DyK1014+419.00_伯舒拉岭右线DyK1014+419洞身素描记录表.pdf,毛开挖面状态,"(224.6, 229.81999999999994, 295.45, 261.47)",随时间松弛、 掉块√,INLINE_OR_SUFFIX,False,IN_SCOPE,"(224.6, 229.81999999999994, 295.45, 261.47)",随时间松弛、 掉块√,same_cell_mark,/Users/zhaoxiaoda/Library/CloudStorage/GoogleDrive-xiaodazhao0608@gmail.com/我的云端硬盘/TBM9/SKETCH/DyK1014+419.00_伯舒拉岭右线DyK1014+419洞身素描记录表.pdf,FACE_SKETCH
665dc65538c9aec44e36752a,CHECKBOX_POSITION,665dc65538c9aec44e36752a,,DyK1014+419.00_伯舒拉岭右线DyK1014+419洞身素描记录表.pdf,岩石强度,"(224.6, 261.47, 295.45, 293.1700000000001)",30＜R≤60√,INLINE_OR_SUFFIX,False,IN_SCOPE,"(224.6, 261.47, 295.45, 293.1700000000001)",30＜R≤60√,same_cell_mark,/Users/zhaoxiaoda/Library/CloudStorage/GoogleDrive-xiaodazhao0608@gmail.com/我的云端硬盘/TBM9/SKETCH/DyK1014+419.00_伯舒拉岭右线DyK1014+419洞身素描记录表.pdf,FACE_SKETCH
665dc65538c9aec44e36752a,CHECKBOX_POSITION,665dc65538c9aec44e36752a,,DyK1014+419.00_伯舒拉岭右线DyK1014+419洞身素描记录表.pdf,风化程度,"(295.45, 293.1700000000001, 350.8, 309.56999999999994)",弱风化√,INLINE_OR_SUFFIX,False,IN_SCOPE,"(295.45, 293.1700000000001, 350.8, 309.56999999999994)",弱风化√,same_cell_mark,/Users/zhaoxiaoda/Library/CloudStorage/GoogleDrive-xiaodazhao0608@gmail.com/我的云端硬盘/TBM9/SKETCH/DyK1014+419.00_伯舒拉岭右线DyK1014+419洞身素描记录表.pdf,FACE_SKETCH
665dc65538c9aec44e36752a,CHECKBOX_POSITION,665dc65538c9aec44e36752a,,DyK1014+419.00_伯舒拉岭右线DyK1014+419洞身素描记录表.pdf,间距,"(295.45, 309.56999999999994, 350.8, 336.77)",0.2～0.6√,INLINE_OR_SUFFIX,False,IN_SCOPE,"(295.45, 309.56999999999994, 350.8, 336.77)",0.2～0.6√,same_cell_mark,/Users/zhaoxiaoda/Library/CloudStorage/GoogleDrive-xiaodazhao0608@gmail.com/我的云端硬盘/TBM9/SKETCH/DyK1014+419.00_伯舒拉岭右线DyK1014+419洞身素描记录表.pdf,FACE_SKETCH
665dc65538c9aec44e36752a,CHECKBOX_POSITION,665dc65538c9aec44e36752a,,DyK1014+419.00_伯舒拉岭右线DyK1014+419洞身素描记录表.pdf,延伸性,"(224.6, 336.77, 295.45, 354.17)",差√,INLINE_OR_SUFFIX,False,IN_SCOPE,"(224.6, 336.77, 295.45, 354.17)",差√,same_cell_mark,/Users/zhaoxiaoda/Library/CloudStorage/GoogleDrive-xiaodazhao0608@gmail.com/我的云端硬盘/TBM9/SKETCH/DyK1014+419.00_伯舒拉岭右线DyK1014+419洞身素描记录表.pdf,FACE_SKETCH
665dc65538c9aec44e36752a,CHECKBOX_POSITION,665dc65538c9aec44e36752a,,DyK1014+419.00_伯舒拉岭右线DyK1014+419洞身素描记录表.pdf,粗糙度,"(224.6, 354.17, 295.45, 373.77)",√ 粗糙波纹状,PREFIX,True,IN_SCOPE,"(295.45, 354.17, 408.2, 373.77)",平整光滑有擦痕√,ignored_prefix_mark_because_suffix_cell_present,/Users/zhaoxiaoda/Library/CloudStorage/GoogleDrive-xiaodazhao0608@gmail.com/我的云端硬盘/TBM9/SKETCH/DyK1014+419.00_伯舒拉岭右线DyK1014+419洞身素描记录表.pdf,FACE_SKETCH
665dc65538c9aec44e36752a,CHECKBOX_POSITION,665dc65538c9aec44e36752a,,DyK1014+419.00_伯舒拉岭右线DyK1014+419洞身素描记录表.pdf,粗糙度,"(295.45, 354.17, 408.2, 373.77)",平整光滑有擦痕√,INLINE_OR_SUFFIX,False,IN_SCOPE,"(295.45, 354.17, 408.2, 373.77)",平整光滑有擦痕√,same_cell_mark,/Users/zhaoxiaoda/Library/CloudStorage/GoogleDrive-xiaodazhao0608@gmail.com/我的云端硬盘/TBM9/SKETCH/DyK1014+419.00_伯舒拉岭右线DyK1014+419洞身素描记录表.pdf,FACE_SKETCH
665dc65538c9aec44e36752a,CHECKBOX_POSITION,665dc65538c9aec44e36752a,,DyK1014+419.00_伯舒拉岭右线DyK1014+419洞身素描记录表.pdf,张开性,"(350.8, 373.77, 408.2, 405.97)",无充填张 开＞1.0√,INLINE_OR_SUFFIX,False,IN_SCOPE,"(350.8, 373.77, 408.2, 405.97)",无充填张 开＞1.0√,same_cell_mark,/Users/zhaoxiaoda/Library/CloudStorage/GoogleDrive-xiaodazhao0608@gmail.com/我的云端硬盘/TBM9/SKETCH/DyK1014+419.00_伯舒拉岭右线DyK1014+419洞身素描记录表.pdf,FACE_SKETCH
665dc65538c9aec44e36752a,CHECKBOX_POSITION,665dc65538c9aec44e36752a,,DyK1014+419.00_伯舒拉岭右线DyK1014+419洞身素描记录表.pdf,涌水状态,"(295.45, 405.97, 373.4, 437.67)",10～25 偶有渗水√,INLINE_OR_SUFFIX,False,IN_SCOPE,"(295.45, 405.97, 373.4, 437.67)",10～25 偶有渗水√,same_cell_mark,/Users/zhaoxiaoda/Library/CloudStorage/GoogleDrive-xiaodazhao0608@gmail.com/我的云端硬盘/TBM9/SKETCH/DyK1014+419.00_伯舒拉岭右线DyK1014+419洞身素描记录表.pdf,FACE_SKETCH
665dc65538c9aec44e36752a,CHECKBOX_POSITION,665dc65538c9aec44e36752a,,DyK1014+419.00_伯舒拉岭右线DyK1014+419洞身素描记录表.pdf,岩溶发育程度,"(224.6, 437.67, 295.45, 453.87)",无√,INLINE_OR_SUFFIX,False,IN_SCOPE,"(224.6, 437.67, 295.45, 453.87)",无√,same_cell_mark,/Users/zhaoxiaoda/Library/CloudStorage/GoogleDrive-xiaodazhao0608@gmail.com/我的云端硬盘/TBM9/SKETCH/DyK1014+419.00_伯舒拉岭右线DyK1014+419洞身素描记录表.pdf,FACE_SKETCH
c6033d47fac60b63875a730d,CHECKBOX_POSITION,c6033d47fac60b63875a730d,,DyK1014+441.00_伯舒拉岭右线DyK1014+441洞身素描记录表.pdf,掌子面状态,"(224.6, 213.56999999999994, 295.45, 229.81999999999994)",正面掉块√,INLINE_OR_SUFFIX,False,IN_SCOPE,"(224.6, 213.56999999999994, 295.45, 229.81999999999994)",正面掉块√,same_cell_mark,/Users/zhaoxiaoda/Library/CloudStorage/GoogleDrive-xiaodazhao0608@gmail.com/我的云端硬盘/TBM9/SKETCH/DyK1014+441.00_伯舒拉岭右线DyK1014+441洞身素描记录表.pdf,FACE_SKETCH
c6033d47fac60b63875a730d,CHECKBOX_POSITION,c6033d47fac60b63875a730d,,DyK1014+441.00_伯舒拉岭右线DyK1014+441洞身素描记录表.pdf,毛开挖面状态,"(224.6, 229.81999999999994, 295.45, 261.47)",随时间松弛、 掉块√,INLINE_OR_SUFFIX,False,IN_SCOPE,"(224.6, 229.81999999999994, 295.45, 261.47)",随时间松弛、 掉块√,same_cell_mark,/Users/zhaoxiaoda/Library/CloudStorage/GoogleDrive-xiaodazhao0608@gmail.com/我的云端硬盘/TBM9/SKETCH/DyK1014+441.00_伯舒拉岭右线DyK1014+441洞身素描记录表.pdf,FACE_SKETCH
c6033d47fac60b63875a730d,CHECKBOX_POSITION,c6033d47fac60b63875a730d,,DyK1014+441.00_伯舒拉岭右线DyK1014+441洞身素描记录表.pdf,岩石强度,"(224.6, 261.47, 295.45, 293.1700000000001)",30＜R≤60√,INLINE_OR_SUFFIX,False,IN_SCOPE,"(224.6, 261.47, 295.45, 293.1700000000001)",30＜R≤60√,same_cell_mark,/Users/zhaoxiaoda/Library/CloudStorage/GoogleDrive-xiaodazhao0608@gmail.com/我的云端硬盘/TBM9/SKETCH/DyK1014+441.00_伯舒拉岭右线DyK1014+441洞身素描记录表.pdf,FACE_SKETCH
c6033d47fac60b63875a730d,CHECKBOX_POSITION,c6033d47fac60b63875a730d,,DyK1014+441.00_伯舒拉岭右线DyK1014+441洞身素描记录表.pdf,风化程度,"(295.45, 293.1700000000001, 350.8, 309.56999999999994)",弱风化√,INLINE_OR_SUFFIX,False,IN_SCOPE,"(295.45, 293.1700000000001, 350.8, 309.56999999999994)",弱风化√,same_cell_mark,/Users/zhaoxiaoda/Library/CloudStorage/GoogleDrive-xiaodazhao0608@gmail.com/我的云端硬盘/TBM9/SKETCH/DyK1014+441.00_伯舒拉岭右线DyK1014+441洞身素描记录表.pdf,FACE_SKETCH
c6033d47fac60b63875a730d,CHECKBOX_POSITION,c6033d47fac60b63875a730d,,DyK1014+441.00_伯舒拉岭右线DyK1014+441洞身素描记录表.pdf,间距,"(295.45, 309.56999999999994, 350.8, 336.77)",0.2～0.6√,INLINE_OR_SUFFIX,False,IN_SCOPE,"(295.45, 309.56999999999994, 350.8, 336.77)",0.2～0.6√,same_cell_mark,/Users/zhaoxiaoda/Library/CloudStorage/GoogleDrive-xiaodazhao0608@gmail.com/我的云端硬盘/TBM9/SKETCH/DyK1014+441.00_伯舒拉岭右线DyK1014+441洞身素描记录表.pdf,FACE_SKETCH
c6033d47fac60b63875a730d,CHECKBOX_POSITION,c6033d47fac60b63875a730d,,DyK1014+441.00_伯舒拉岭右线DyK1014+441洞身素描记录表.pdf,延伸性,"(224.6, 336.77, 295.45, 354.17)",差√,INLINE_OR_SUFFIX,False,IN_SCOPE,"(224.6, 336.77, 295.45, 354.17)",差√,same_cell_mark,/Users/zhaoxiaoda/Library/CloudStorage/GoogleDrive-xiaodazhao0608@gmail.com/我的云端硬盘/TBM9/SKETCH/DyK1014+441.00_伯舒拉岭右线DyK1014+441洞身素描记录表.pdf,FACE_SKETCH
c6033d47fac60b63875a730d,CHECKBOX_POSITION,c6033d47fac60b63875a730d,,DyK1014+441.00_伯舒拉岭右线DyK1014+441洞身素描记录表.pdf,粗糙度,"(224.6, 354.17, 295.45, 373.77)",√ 粗糙波纹状,PREFIX,True,IN_SCOPE,"(295.45, 354.17, 408.2, 373.77)",平整光滑有擦痕√,ignored_prefix_mark_because_suffix_cell_present,/Users/zhaoxiaoda/Library/CloudStorage/GoogleDrive-xiaodazhao0608@gmail.com/我的云端硬盘/TBM9/SKETCH/DyK1014+441.00_伯舒拉岭右线DyK1014+441洞身素描记录表.pdf,FACE_SKETCH
c6033d47fac60b63875a730d,CHECKBOX_POSITION,c6033d47fac60b63875a730d,,DyK1014+441.00_伯舒拉岭右线DyK1014+441洞身素描记录表.pdf,粗糙度,"(295.45, 354.17, 408.2, 373.77)",平整光滑有擦痕√,INLINE_OR_SUFFIX,False,IN_SCOPE,"(295.45, 354.17, 408.2, 373.77)",平整光滑有擦痕√,same_cell_mark,/Users/zhaoxiaoda/Library/CloudStorage/GoogleDrive-xiaodazhao0608@gmail.com/我的云端硬盘/TBM9/SKETCH/DyK1014+441.00_伯舒拉岭右线DyK1014+441洞身素描记录表.pdf,FACE_SKETCH
c6033d47fac60b63875a730d,CHECKBOX_POSITION,c6033d47fac60b63875a730d,,DyK1014+441.00_伯舒拉岭右线DyK1014+441洞身素描记录表.pdf,张开性,"(350.8, 373.77, 408.2, 405.97)",无充填张 开＞1.0√,INLINE_OR_SUFFIX,False,IN_SCOPE,"(350.8, 373.77, 408.2, 405.97)",无充填张 开＞1.0√,same_cell_mark,/Users/zhaoxiaoda/Library/CloudStorage/GoogleDrive-xiaodazhao0608@gmail.com/我的云端硬盘/TBM9/SKETCH/DyK1014+441.00_伯舒拉岭右线DyK1014+441洞身素描记录表.pdf,FACE_SKETCH
c6033d47fac60b63875a730d,CHECKBOX_POSITION,c6033d47fac60b63875a730d,,DyK1014+441.00_伯舒拉岭右线DyK1014+441洞身素描记录表.pdf,涌水状态,"(295.45, 405.97, 373.4, 437.67)",10～25 偶有渗水√,INLINE_OR_SUFFIX,False,IN_SCOPE,"(295.45, 405.97, 373.4, 437.67)",10～25 偶有渗水√,same_cell_mark,/Users/zhaoxiaoda/Library/CloudStorage/GoogleDrive-xiaodazhao0608@gmail.com/我的云端硬盘/TBM9/SKETCH/DyK1014+441.00_伯舒拉岭右线DyK1014+441洞身素描记录表.pdf,FACE_SKETCH
c6033d47fac60b63875a730d,CHECKBOX_POSITION,c6033d47fac60b63875a730d,,DyK1014+441.00_伯舒拉岭右线DyK1014+441洞身素描记录表.pdf,岩溶发育程度,"(224.6, 437.67, 295.45, 453.87)",无√,INLINE_OR_SUFFIX,False,IN_SCOPE,"(224.6, 437.67, 295.45, 453.87)",无√,same_cell_mark,/Users/zhaoxiaoda/Library/CloudStorage/GoogleDrive-xiaodazhao0608@gmail.com/我的云端硬盘/TBM9/SKETCH/DyK1014+441.00_伯舒拉岭右线DyK1014+441洞身素描记录表.pdf,FACE_SKETCH
26329a21844828d7f27d1512,CHECKBOX_POSITION,26329a21844828d7f27d1512,,DyK1014+471.00_伯舒拉岭右线DyK1014+471洞身素描记录表.pdf,掌子面状态,"(224.6, 213.56999999999994, 295.45, 229.81999999999994)",正面掉块√,INLINE_OR_SUFFIX,False,IN_SCOPE,"(224.6, 213.56999999999994, 295.45, 229.81999999999994)",正面掉块√,same_cell_mark,/Users/zhaoxiaoda/Library/CloudStorage/GoogleDrive-xiaodazhao0608@gmail.com/我的云端硬盘/TBM9/SKETCH/DyK1014+471.00_伯舒拉岭右线DyK1014+471洞身素描记录表.pdf,FACE_SKETCH
26329a21844828d7f27d1512,CHECKBOX_POSITION,26329a21844828d7f27d1512,,DyK1014+471.00_伯舒拉岭右线DyK1014+471洞身素描记录表.pdf,毛开挖面状态,"(224.6, 229.81999999999994, 295.45, 261.47)",随时间松弛、 掉块√,INLINE_OR_SUFFIX,False,IN_SCOPE,"(224.6, 229.81999999999994, 295.45, 261.47)",随时间松弛、 掉块√,same_cell_mark,/Users/zhaoxiaoda/Library/CloudStorage/GoogleDrive-xiaodazhao0608@gmail.com/我的云端硬盘/TBM9/SKETCH/DyK1014+471.00_伯舒拉岭右线DyK1014+471洞身素描记录表.pdf,FACE_SKETCH
26329a21844828d7f27d1512,CHECKBOX_POSITION,26329a21844828d7f27d1512,,DyK1014+471.00_伯舒拉岭右线DyK1014+471洞身素描记录表.pdf,岩石强度,"(224.6, 261.47, 295.45, 293.1700000000001)",30＜R≤60√,INLINE_OR_SUFFIX,False,IN_SCOPE,"(224.6, 261.47, 295.45, 293.1700000000001)",30＜R≤60√,same_cell_mark,/Users/zhaoxiaoda/Library/CloudStorage/GoogleDrive-xiaodazhao0608@gmail.com/我的云端硬盘/TBM9/SKETCH/DyK1014+471.00_伯舒拉岭右线DyK1014+471洞身素描记录表.pdf,FACE_SKETCH
26329a21844828d7f27d1512,CHECKBOX_POSITION,26329a21844828d7f27d1512,,DyK1014+471.00_伯舒拉岭右线DyK1014+471洞身素描记录表.pdf,风化程度,"(295.45, 293.1700000000001, 350.8, 309.56999999999994)",弱风化√,INLINE_OR_SUFFIX,False,IN_SCOPE,"(295.45, 293.1700000000001, 350.8, 309.56999999999994)",弱风化√,same_cell_mark,/Users/zhaoxiaoda/Library/CloudStorage/GoogleDrive-xiaodazhao0608@gmail.com/我的云端硬盘/TBM9/SKETCH/DyK1014+471.00_伯舒拉岭右线DyK1014+471洞身素描记录表.pdf,FACE_SKETCH
26329a21844828d7f27d1512,CHECKBOX_POSITION,26329a21844828d7f27d1512,,DyK1014+471.00_伯舒拉岭右线DyK1014+471洞身素描记录表.pdf,间距,"(295.45, 309.56999999999994, 350.8, 336.77)",0.2～0.6√,INLINE_OR_SUFFIX,False,IN_SCOPE,"(295.45, 309.56999999999994, 350.8, 336.77)",0.2～0.6√,same_cell_mark,/Users/zhaoxiaoda/Library/CloudStorage/GoogleDrive-xiaodazhao0608@gmail.com/我的云端硬盘/TBM9/SKETCH/DyK1014+471.00_伯舒拉岭右线DyK1014+471洞身素描记录表.pdf,FACE_SKETCH
26329a21844828d7f27d1512,CHECKBOX_POSITION,26329a21844828d7f27d1512,,DyK1014+471.00_伯舒拉岭右线DyK1014+471洞身素描记录表.pdf,延伸性,"(224.6, 336.77, 295.45, 354.17)",差√,INLINE_OR_SUFFIX,False,IN_SCOPE,"(224.6, 336.77, 295.45, 354.17)",差√,same_cell_mark,/Users/zhaoxiaoda/Library/CloudStorage/GoogleDrive-xiaodazhao0608@gmail.com/我的云端硬盘/TBM9/SKETCH/DyK1014+471.00_伯舒拉岭右线DyK1014+471洞身素描记录表.pdf,FACE_SKETCH
26329a21844828d7f27d1512,CHECKBOX_POSITION,26329a21844828d7f27d1512,,DyK1014+471.00_伯舒拉岭右线DyK1014+471洞身素描记录表.pdf,粗糙度,"(224.6, 354.17, 295.45, 373.77)",√ 粗糙波纹状,PREFIX,True,IN_SCOPE,"(295.45, 354.17, 408.2, 373.77)",平整光滑有擦痕√,ignored_prefix_mark_because_suffix_cell_present,/Users/zhaoxiaoda/Library/CloudStorage/GoogleDrive-xiaodazhao0608@gmail.com/我的云端硬盘/TBM9/SKETCH/DyK1014+471.00_伯舒拉岭右线DyK1014+471洞身素描记录表.pdf,FACE_SKETCH
26329a21844828d7f27d1512,CHECKBOX_POSITION,26329a21844828d7f27d1512,,DyK1014+471.00_伯舒拉岭右线DyK1014+471洞身素描记录表.pdf,粗糙度,"(295.45, 354.17, 408.2, 373.77)",平整光滑有擦痕√,INLINE_OR_SUFFIX,False,IN_SCOPE,"(295.45, 354.17, 408.2, 373.77)",平整光滑有擦痕√,same_cell_mark,/Users/zhaoxiaoda/Library/CloudStorage/GoogleDrive-xiaodazhao0608@gmail.com/我的云端硬盘/TBM9/SKETCH/DyK1014+471.00_伯舒拉岭右线DyK1014+471洞身素描记录表.pdf,FACE_SKETCH
26329a21844828d7f27d1512,CHECKBOX_POSITION,26329a21844828d7f27d1512,,DyK1014+471.00_伯舒拉岭右线DyK1014+471洞身素描记录表.pdf,张开性,"(350.8, 373.77, 408.2, 405.97)",无充填张 开＞1.0√,INLINE_OR_SUFFIX,False,IN_SCOPE,"(350.8, 373.77, 408.2, 405.97)",无充填张 开＞1.0√,same_cell_mark,/Users/zhaoxiaoda/Library/CloudStorage/GoogleDrive-xiaodazhao0608@gmail.com/我的云端硬盘/TBM9/SKETCH/DyK1014+471.00_伯舒拉岭右线DyK1014+471洞身素描记录表.pdf,FACE_SKETCH
26329a21844828d7f27d1512,CHECKBOX_POSITION,26329a21844828d7f27d1512,,DyK1014+471.00_伯舒拉岭右线DyK1014+471洞身素描记录表.pdf,涌水状态,"(295.45, 405.97, 373.4, 437.67)",10～25 偶有渗水√,INLINE_OR_SUFFIX,False,IN_SCOPE,"(295.45, 405.97, 373.4, 437.67)",10～25 偶有渗水√,same_cell_mark,/Users/zhaoxiaoda/Library/CloudStorage/GoogleDrive-xiaodazhao0608@gmail.com/我的云端硬盘/TBM9/SKETCH/DyK1014+471.00_伯舒拉岭右线DyK1014+471洞身素描记录表.pdf,FACE_SKETCH
26329a21844828d7f27d1512,CHECKBOX_POSITION,26329a21844828d7f27d1512,,DyK1014+471.00_伯舒拉岭右线DyK1014+471洞身素描记录表.pdf,岩溶发育程度,"(224.6, 437.67, 295.45, 453.87)",无√,INLINE_OR_SUFFIX,False,IN_SCOPE,"(224.6, 437.67, 295.45, 453.87)",无√,same_cell_mark,/Users/zhaoxiaoda/Library/CloudStorage/GoogleDrive-xiaodazhao0608@gmail.com/我的云端硬盘/TBM9/SKETCH/DyK1014+471.00_伯舒拉岭右线DyK1014+471洞身素描记录表.pdf,FACE_SKETCH
47d0ca204cbd2b6e6610bd04,CHECKBOX_POSITION,47d0ca204cbd2b6e6610bd04,,DyK1014+501.00_伯舒拉岭右线DyK1014+501洞身素描记录表.pdf,掌子面状态,"(224.6, 213.56999999999994, 295.45, 229.81999999999994)",正面掉块√,INLINE_OR_SUFFIX,False,IN_SCOPE,"(224.6, 213.56999999999994, 295.45, 229.81999999999994)",正面掉块√,same_cell_mark,/Users/zhaoxiaoda/Library/CloudStorage/GoogleDrive-xiaodazhao0608@gmail.com/我的云端硬盘/TBM9/SKETCH/DyK1014+501.00_伯舒拉岭右线DyK1014+501洞身素描记录表.pdf,FACE_SKETCH
47d0ca204cbd2b6e6610bd04,CHECKBOX_POSITION,47d0ca204cbd2b6e6610bd04,,DyK1014+501.00_伯舒拉岭右线DyK1014+501洞身素描记录表.pdf,毛开挖面状态,"(224.6, 229.81999999999994, 295.45, 261.47)",随时间松弛、 掉块√,INLINE_OR_SUFFIX,False,IN_SCOPE,"(224.6, 229.81999999999994, 295.45, 261.47)",随时间松弛、 掉块√,same_cell_mark,/Users/zhaoxiaoda/Library/CloudStorage/GoogleDrive-xiaodazhao0608@gmail.com/我的云端硬盘/TBM9/SKETCH/DyK1014+501.00_伯舒拉岭右线DyK1014+501洞身素描记录表.pdf,FACE_SKETCH
47d0ca204cbd2b6e6610bd04,CHECKBOX_POSITION,47d0ca204cbd2b6e6610bd04,,DyK1014+501.00_伯舒拉岭右线DyK1014+501洞身素描记录表.pdf,岩石强度,"(224.6, 261.47, 295.45, 293.1700000000001)",30＜R≤60√,INLINE_OR_SUFFIX,False,IN_SCOPE,"(224.6, 261.47, 295.45, 293.1700000000001)",30＜R≤60√,same_cell_mark,/Users/zhaoxiaoda/Library/CloudStorage/GoogleDrive-xiaodazhao0608@gmail.com/我的云端硬盘/TBM9/SKETCH/DyK1014+501.00_伯舒拉岭右线DyK1014+501洞身素描记录表.pdf,FACE_SKETCH
47d0ca204cbd2b6e6610bd04,CHECKBOX_POSITION,47d0ca204cbd2b6e6610bd04,,DyK1014+501.00_伯舒拉岭右线DyK1014+501洞身素描记录表.pdf,风化程度,"(295.45, 293.1700000000001, 350.8, 309.56999999999994)",弱风化√,INLINE_OR_SUFFIX,False,IN_SCOPE,"(295.45, 293.1700000000001, 350.8, 309.56999999999994)",弱风化√,same_cell_mark,/Users/zhaoxiaoda/Library/CloudStorage/GoogleDrive-xiaodazhao0608@gmail.com/我的云端硬盘/TBM9/SKETCH/DyK1014+501.00_伯舒拉岭右线DyK1014+501洞身素描记录表.pdf,FACE_SKETCH
47d0ca204cbd2b6e6610bd04,CHECKBOX_POSITION,47d0ca204cbd2b6e6610bd04,,DyK1014+501.00_伯舒拉岭右线DyK1014+501洞身素描记录表.pdf,间距,"(295.45, 309.56999999999994, 350.8, 336.77)",0.2～0.6√,INLINE_OR_SUFFIX,False,IN_SCOPE,"(295.45, 309.56999999999994, 350.8, 336.77)",0.2～0.6√,same_cell_mark,/Users/zhaoxiaoda/Library/CloudStorage/GoogleDrive-xiaodazhao0608@gmail.com/我的云端硬盘/TBM9/SKETCH/DyK1014+501.00_伯舒拉岭右线DyK1014+501洞身素描记录表.pdf,FACE_SKETCH
47d0ca204cbd2b6e6610bd04,CHECKBOX_POSITION,47d0ca204cbd2b6e6610bd04,,DyK1014+501.00_伯舒拉岭右线DyK1014+501洞身素描记录表.pdf,延伸性,"(224.6, 336.77, 295.45, 354.17)",差√,INLINE_OR_SUFFIX,False,IN_SCOPE,"(224.6, 336.77, 295.45, 354.17)",差√,same_cell_mark,/Users/zhaoxiaoda/Library/CloudStorage/GoogleDrive-xiaodazhao0608@gmail.com/我的云端硬盘/TBM9/SKETCH/DyK1014+501.00_伯舒拉岭右线DyK1014+501洞身素描记录表.pdf,FACE_SKETCH
47d0ca204cbd2b6e6610bd04,CHECKBOX_POSITION,47d0ca204cbd2b6e6610bd04,,DyK1014+501.00_伯舒拉岭右线DyK1014+501洞身素描记录表.pdf,粗糙度,"(224.6, 354.17, 295.45, 373.77)",√ 粗糙波纹状,PREFIX,True,IN_SCOPE,"(295.45, 354.17, 408.2, 373.77)",平整光滑有擦痕√,ignored_prefix_mark_because_suffix_cell_present,/Users/zhaoxiaoda/Library/CloudStorage/GoogleDrive-xiaodazhao0608@gmail.com/我的云端硬盘/TBM9/SKETCH/DyK1014+501.00_伯舒拉岭右线DyK1014+501洞身素描记录表.pdf,FACE_SKETCH
47d0ca204cbd2b6e6610bd04,CHECKBOX_POSITION,47d0ca204cbd2b6e6610bd04,,DyK1014+501.00_伯舒拉岭右线DyK1014+501洞身素描记录表.pdf,粗糙度,"(295.45, 354.17, 408.2, 373.77)",平整光滑有擦痕√,INLINE_OR_SUFFIX,False,IN_SCOPE,"(295.45, 354.17, 408.2, 373.77)",平整光滑有擦痕√,same_cell_mark,/Users/zhaoxiaoda/Library/CloudStorage/GoogleDrive-xiaodazhao0608@gmail.com/我的云端硬盘/TBM9/SKETCH/DyK1014+501.00_伯舒拉岭右线DyK1014+501洞身素描记录表.pdf,FACE_SKETCH
47d0ca204cbd2b6e6610bd04,CHECKBOX_POSITION,47d0ca204cbd2b6e6610bd04,,DyK1014+501.00_伯舒拉岭右线DyK1014+501洞身素描记录表.pdf,张开性,"(350.8, 373.77, 408.2, 405.97)",无充填张 开＞1.0√,INLINE_OR_SUFFIX,False,IN_SCOPE,"(350.8, 373.77, 408.2, 405.97)",无充填张 开＞1.0√,same_cell_mark,/Users/zhaoxiaoda/Library/CloudStorage/GoogleDrive-xiaodazhao0608@gmail.com/我的云端硬盘/TBM9/SKETCH/DyK1014+501.00_伯舒拉岭右线DyK1014+501洞身素描记录表.pdf,FACE_SKETCH
47d0ca204cbd2b6e6610bd04,CHECKBOX_POSITION,47d0ca204cbd2b6e6610bd04,,DyK1014+501.00_伯舒拉岭右线DyK1014+501洞身素描记录表.pdf,涌水状态,"(295.45, 405.97, 373.4, 437.67)",10～25 偶有渗水√,INLINE_OR_SUFFIX,False,IN_SCOPE,"(295.45, 405.97, 373.4, 437.67)",10～25 偶有渗水√,same_cell_mark,/Users/zhaoxiaoda/Library/CloudStorage/GoogleDrive-xiaodazhao0608@gmail.com/我的云端硬盘/TBM9/SKETCH/DyK1014+501.00_伯舒拉岭右线DyK1014+501洞身素描记录表.pdf,FACE_SKETCH
47d0ca204cbd2b6e6610bd04,CHECKBOX_POSITION,47d0ca204cbd2b6e6610bd04,,DyK1014+501.00_伯舒拉岭右线DyK1014+501洞身素描记录表.pdf,岩溶发育程度,"(224.6, 437.67, 295.45, 453.87)",无√,INLINE_OR_SUFFIX,False,IN_SCOPE,"(224.6, 437.67, 295.45, 453.87)",无√,same_cell_mark,/Users/zhaoxiaoda/Library/CloudStorage/GoogleDrive-xiaodazhao0608@gmail.com/我的云端硬盘/TBM9/SKETCH/DyK1014+501.00_伯舒拉岭右线DyK1014+501洞身素描记录表.pdf,FACE_SKETCH
4690bb42eb75c472ebc5436e,CHECKBOX_POSITION,4690bb42eb75c472ebc5436e,,DyK1014+531.00_伯舒拉岭右线DyK1014+531洞身素描记录表.pdf,掌子面状态,"(224.6, 213.56999999999994, 295.45, 229.81999999999994)",正面掉块√,INLINE_OR_SUFFIX,False,IN_SCOPE,"(224.6, 213.56999999999994, 295.45, 229.81999999999994)",正面掉块√,same_cell_mark,/Users/zhaoxiaoda/Library/CloudStorage/GoogleDrive-xiaodazhao0608@gmail.com/我的云端硬盘/TBM9/SKETCH/DyK1014+531.00_伯舒拉岭右线DyK1014+531洞身素描记录表.pdf,FACE_SKETCH
4690bb42eb75c472ebc5436e,CHECKBOX_POSITION,4690bb42eb75c472ebc5436e,,DyK1014+531.00_伯舒拉岭右线DyK1014+531洞身素描记录表.pdf,毛开挖面状态,"(224.6, 229.81999999999994, 295.45, 261.47)",随时间松弛、 掉块√,INLINE_OR_SUFFIX,False,IN_SCOPE,"(224.6, 229.81999999999994, 295.45, 261.47)",随时间松弛、 掉块√,same_cell_mark,/Users/zhaoxiaoda/Library/CloudStorage/GoogleDrive-xiaodazhao0608@gmail.com/我的云端硬盘/TBM9/SKETCH/DyK1014+531.00_伯舒拉岭右线DyK1014+531洞身素描记录表.pdf,FACE_SKETCH
4690bb42eb75c472ebc5436e,CHECKBOX_POSITION,4690bb42eb75c472ebc5436e,,DyK1014+531.00_伯舒拉岭右线DyK1014+531洞身素描记录表.pdf,岩石强度,"(224.6, 261.47, 295.45, 293.1700000000001)",30＜R≤60√,INLINE_OR_SUFFIX,False,IN_SCOPE,"(224.6, 261.47, 295.45, 293.1700000000001)",30＜R≤60√,same_cell_mark,/Users/zhaoxiaoda/Library/CloudStorage/GoogleDrive-xiaodazhao0608@gmail.com/我的云端硬盘/TBM9/SKETCH/DyK1014+531.00_伯舒拉岭右线DyK1014+531洞身素描记录表.pdf,FACE_SKETCH
4690bb42eb75c472ebc5436e,CHECKBOX_POSITION,4690bb42eb75c472ebc5436e,,DyK1014+531.00_伯舒拉岭右线DyK1014+531洞身素描记录表.pdf,风化程度,"(295.45, 293.1700000000001, 350.8, 309.56999999999994)",弱风化√,INLINE_OR_SUFFIX,False,IN_SCOPE,"(295.45, 293.1700000000001, 350.8, 309.56999999999994)",弱风化√,same_cell_mark,/Users/zhaoxiaoda/Library/CloudStorage/GoogleDrive-xiaodazhao0608@gmail.com/我的云端硬盘/TBM9/SKETCH/DyK1014+531.00_伯舒拉岭右线DyK1014+531洞身素描记录表.pdf,FACE_SKETCH
4690bb42eb75c472ebc5436e,CHECKBOX_POSITION,4690bb42eb75c472ebc5436e,,DyK1014+531.00_伯舒拉岭右线DyK1014+531洞身素描记录表.pdf,间距,"(295.45, 309.56999999999994, 350.8, 336.77)",0.2～0.6√,INLINE_OR_SUFFIX,False,IN_SCOPE,"(295.45, 309.56999999999994, 350.8, 336.77)",0.2～0.6√,same_cell_mark,/Users/zhaoxiaoda/Library/CloudStorage/GoogleDrive-xiaodazhao0608@gmail.com/我的云端硬盘/TBM9/SKETCH/DyK1014+531.00_伯舒拉岭右线DyK1014+531洞身素描记录表.pdf,FACE_SKETCH
4690bb42eb75c472ebc5436e,CHECKBOX_POSITION,4690bb42eb75c472ebc5436e,,DyK1014+531.00_伯舒拉岭右线DyK1014+531洞身素描记录表.pdf,延伸性,"(224.6, 336.77, 295.45, 354.17)",差√,INLINE_OR_SUFFIX,False,IN_SCOPE,"(224.6, 336.77, 295.45, 354.17)",差√,same_cell_mark,/Users/zhaoxiaoda/Library/CloudStorage/GoogleDrive-xiaodazhao0608@gmail.com/我的云端硬盘/TBM9/SKETCH/DyK1014+531.00_伯舒拉岭右线DyK1014+531洞身素描记录表.pdf,FACE_SKETCH
4690bb42eb75c472ebc5436e,CHECKBOX_POSITION,4690bb42eb75c472ebc5436e,,DyK1014+531.00_伯舒拉岭右线DyK1014+531洞身素描记录表.pdf,粗糙度,"(224.6, 354.17, 295.45, 373.77)",√ 粗糙波纹状,PREFIX,True,IN_SCOPE,"(295.45, 354.17, 408.2, 373.77)",平整光滑有擦痕√,ignored_prefix_mark_because_suffix_cell_present,/Users/zhaoxiaoda/Library/CloudStorage/GoogleDrive-xiaodazhao0608@gmail.com/我的云端硬盘/TBM9/SKETCH/DyK1014+531.00_伯舒拉岭右线DyK1014+531洞身素描记录表.pdf,FACE_SKETCH
4690bb42eb75c472ebc5436e,CHECKBOX_POSITION,4690bb42eb75c472ebc5436e,,DyK1014+531.00_伯舒拉岭右线DyK1014+531洞身素描记录表.pdf,粗糙度,"(295.45, 354.17, 408.2, 373.77)",平整光滑有擦痕√,INLINE_OR_SUFFIX,False,IN_SCOPE,"(295.45, 354.17, 408.2, 373.77)",平整光滑有擦痕√,same_cell_mark,/Users/zhaoxiaoda/Library/CloudStorage/GoogleDrive-xiaodazhao0608@gmail.com/我的云端硬盘/TBM9/SKETCH/DyK1014+531.00_伯舒拉岭右线DyK1014+531洞身素描记录表.pdf,FACE_SKETCH
4690bb42eb75c472ebc5436e,CHECKBOX_POSITION,4690bb42eb75c472ebc5436e,,DyK1014+531.00_伯舒拉岭右线DyK1014+531洞身素描记录表.pdf,张开性,"(350.8, 373.77, 408.2, 405.97)",无充填张 开＞1.0√,INLINE_OR_SUFFIX,False,IN_SCOPE,"(350.8, 373.77, 408.2, 405.97)",无充填张 开＞1.0√,same_cell_mark,/Users/zhaoxiaoda/Library/CloudStorage/GoogleDrive-xiaodazhao0608@gmail.com/我的云端硬盘/TBM9/SKETCH/DyK1014+531.00_伯舒拉岭右线DyK1014+531洞身素描记录表.pdf,FACE_SKETCH
4690bb42eb75c472ebc5436e,CHECKBOX_POSITION,4690bb42eb75c472ebc5436e,,DyK1014+531.00_伯舒拉岭右线DyK1014+531洞身素描记录表.pdf,涌水状态,"(295.45, 405.97, 373.4, 437.67)",10～25 偶有渗水√,INLINE_OR_SUFFIX,False,IN_SCOPE,"(295.45, 405.97, 373.4, 437.67)",10～25 偶有渗水√,same_cell_mark,/Users/zhaoxiaoda/Library/CloudStorage/GoogleDrive-xiaodazhao0608@gmail.com/我的云端硬盘/TBM9/SKETCH/DyK1014+531.00_伯舒拉岭右线DyK1014+531洞身素描记录表.pdf,FACE_SKETCH
4690bb42eb75c472ebc5436e,CHECKBOX_POSITION,4690bb42eb75c472ebc5436e,,DyK1014+531.00_伯舒拉岭右线DyK1014+531洞身素描记录表.pdf,岩溶发育程度,"(224.6, 437.67, 295.45, 453.87)",无√,INLINE_OR_SUFFIX,False,IN_SCOPE,"(224.6, 437.67, 295.45, 453.87)",无√,same_cell_mark,/Users/zhaoxiaoda/Library/CloudStorage/GoogleDrive-xiaodazhao0608@gmail.com/我的云端硬盘/TBM9/SKETCH/DyK1014+531.00_伯舒拉岭右线DyK1014+531洞身素描记录表.pdf,FACE_SKETCH
cd5401e5ca81c4114498f5f2,CHECKBOX_POSITION,cd5401e5ca81c4114498f5f2,,DyK1014+555.00_伯舒拉岭右线DyK1014+555洞身素描记录表.pdf,掌子面状态,"(224.6, 213.56999999999994, 295.45, 229.81999999999994)",正面掉块√,INLINE_OR_SUFFIX,False,IN_SCOPE,"(224.6, 213.56999999999994, 295.45, 229.81999999999994)",正面掉块√,same_cell_mark,/Users/zhaoxiaoda/Library/CloudStorage/GoogleDrive-xiaodazhao0608@gmail.com/我的云端硬盘/TBM9/SKETCH/DyK1014+555.00_伯舒拉岭右线DyK1014+555洞身素描记录表.pdf,FACE_SKETCH
cd5401e5ca81c4114498f5f2,CHECKBOX_POSITION,cd5401e5ca81c4114498f5f2,,DyK1014+555.00_伯舒拉岭右线DyK1014+555洞身素描记录表.pdf,毛开挖面状态,"(224.6, 229.81999999999994, 295.45, 261.47)",随时间松弛、 掉块√,INLINE_OR_SUFFIX,False,IN_SCOPE,"(224.6, 229.81999999999994, 295.45, 261.47)",随时间松弛、 掉块√,same_cell_mark,/Users/zhaoxiaoda/Library/CloudStorage/GoogleDrive-xiaodazhao0608@gmail.com/我的云端硬盘/TBM9/SKETCH/DyK1014+555.00_伯舒拉岭右线DyK1014+555洞身素描记录表.pdf,FACE_SKETCH
cd5401e5ca81c4114498f5f2,CHECKBOX_POSITION,cd5401e5ca81c4114498f5f2,,DyK1014+555.00_伯舒拉岭右线DyK1014+555洞身素描记录表.pdf,岩石强度,"(224.6, 261.47, 295.45, 293.1700000000001)",30＜R≤60√,INLINE_OR_SUFFIX,False,IN_SCOPE,"(224.6, 261.47, 295.45, 293.1700000000001)",30＜R≤60√,same_cell_mark,/Users/zhaoxiaoda/Library/CloudStorage/GoogleDrive-xiaodazhao0608@gmail.com/我的云端硬盘/TBM9/SKETCH/DyK1014+555.00_伯舒拉岭右线DyK1014+555洞身素描记录表.pdf,FACE_SKETCH
cd5401e5ca81c4114498f5f2,CHECKBOX_POSITION,cd5401e5ca81c4114498f5f2,,DyK1014+555.00_伯舒拉岭右线DyK1014+555洞身素描记录表.pdf,风化程度,"(295.45, 293.1700000000001, 350.8, 309.56999999999994)",弱风化√,INLINE_OR_SUFFIX,False,IN_SCOPE,"(295.45, 293.1700000000001, 350.8, 309.56999999999994)",弱风化√,same_cell_mark,/Users/zhaoxiaoda/Library/CloudStorage/GoogleDrive-xiaodazhao0608@gmail.com/我的云端硬盘/TBM9/SKETCH/DyK1014+555.00_伯舒拉岭右线DyK1014+555洞身素描记录表.pdf,FACE_SKETCH
cd5401e5ca81c4114498f5f2,CHECKBOX_POSITION,cd5401e5ca81c4114498f5f2,,DyK1014+555.00_伯舒拉岭右线DyK1014+555洞身素描记录表.pdf,间距,"(295.45, 309.56999999999994, 350.8, 336.77)",0.2～0.6√,INLINE_OR_SUFFIX,False,IN_SCOPE,"(295.45, 309.56999999999994, 350.8, 336.77)",0.2～0.6√,same_cell_mark,/Users/zhaoxiaoda/Library/CloudStorage/GoogleDrive-xiaodazhao0608@gmail.com/我的云端硬盘/TBM9/SKETCH/DyK1014+555.00_伯舒拉岭右线DyK1014+555洞身素描记录表.pdf,FACE_SKETCH
cd5401e5ca81c4114498f5f2,CHECKBOX_POSITION,cd5401e5ca81c4114498f5f2,,DyK1014+555.00_伯舒拉岭右线DyK1014+555洞身素描记录表.pdf,延伸性,"(224.6, 336.77, 295.45, 354.17)",差√,INLINE_OR_SUFFIX,False,IN_SCOPE,"(224.6, 336.77, 295.45, 354.17)",差√,same_cell_mark,/Users/zhaoxiaoda/Library/CloudStorage/GoogleDrive-xiaodazhao0608@gmail.com/我的云端硬盘/TBM9/SKETCH/DyK1014+555.00_伯舒拉岭右线DyK1014+555洞身素描记录表.pdf,FACE_SKETCH
cd5401e5ca81c4114498f5f2,CHECKBOX_POSITION,cd5401e5ca81c4114498f5f2,,DyK1014+555.00_伯舒拉岭右线DyK1014+555洞身素描记录表.pdf,粗糙度,"(224.6, 354.17, 295.45, 373.77)",√ 粗糙波纹状,PREFIX,True,IN_SCOPE,"(295.45, 354.17, 408.2, 373.77)",平整光滑有擦痕√,ignored_prefix_mark_because_suffix_cell_present,/Users/zhaoxiaoda/Library/CloudStorage/GoogleDrive-xiaodazhao0608@gmail.com/我的云端硬盘/TBM9/SKETCH/DyK1014+555.00_伯舒拉岭右线DyK1014+555洞身素描记录表.pdf,FACE_SKETCH
cd5401e5ca81c4114498f5f2,CHECKBOX_POSITION,cd5401e5ca81c4114498f5f2,,DyK1014+555.00_伯舒拉岭右线DyK1014+555洞身素描记录表.pdf,粗糙度,"(295.45, 354.17, 408.2, 373.77)",平整光滑有擦痕√,INLINE_OR_SUFFIX,False,IN_SCOPE,"(295.45, 354.17, 408.2, 373.77)",平整光滑有擦痕√,same_cell_mark,/Users/zhaoxiaoda/Library/CloudStorage/GoogleDrive-xiaodazhao0608@gmail.com/我的云端硬盘/TBM9/SKETCH/DyK1014+555.00_伯舒拉岭右线DyK1014+555洞身素描记录表.pdf,FACE_SKETCH
cd5401e5ca81c4114498f5f2,CHECKBOX_POSITION,cd5401e5ca81c4114498f5f2,,DyK1014+555.00_伯舒拉岭右线DyK1014+555洞身素描记录表.pdf,张开性,"(350.8, 373.77, 408.2, 405.97)",无充填张 开＞1.0√,INLINE_OR_SUFFIX,False,IN_SCOPE,"(350.8, 373.77, 408.2, 405.97)",无充填张 开＞1.0√,same_cell_mark,/Users/zhaoxiaoda/Library/CloudStorage/GoogleDrive-xiaodazhao0608@gmail.com/我的云端硬盘/TBM9/SKETCH/DyK1014+555.00_伯舒拉岭右线DyK1014+555洞身素描记录表.pdf,FACE_SKETCH
cd5401e5ca81c4114498f5f2,CHECKBOX_POSITION,cd5401e5ca81c4114498f5f2,,DyK1014+555.00_伯舒拉岭右线DyK1014+555洞身素描记录表.pdf,涌水状态,"(295.45, 405.97, 373.4, 437.67)",10～25 偶有渗水√,INLINE_OR_SUFFIX,False,IN_SCOPE,"(295.45, 405.97, 373.4, 437.67)",10～25 偶有渗水√,same_cell_mark,/Users/zhaoxiaoda/Library/CloudStorage/GoogleDrive-xiaodazhao0608@gmail.com/我的云端硬盘/TBM9/SKETCH/DyK1014+555.00_伯舒拉岭右线DyK1014+555洞身素描记录表.pdf,FACE_SKETCH
cd5401e5ca81c4114498f5f2,CHECKBOX_POSITION,cd5401e5ca81c4114498f5f2,,DyK1014+555.00_伯舒拉岭右线DyK1014+555洞身素描记录表.pdf,岩溶发育程度,"(224.6, 437.67, 295.45, 453.87)",无√,INLINE_OR_SUFFIX,False,IN_SCOPE,"(224.6, 437.67, 295.45, 453.87)",无√,same_cell_mark,/Users/zhaoxiaoda/Library/CloudStorage/GoogleDrive-xiaodazhao0608@gmail.com/我的云端硬盘/TBM9/SKETCH/DyK1014+555.00_伯舒拉岭右线DyK1014+555洞身素描记录表.pdf,FACE_SKETCH
15153bf362ec7624d774b345,CHECKBOX_POSITION,15153bf362ec7624d774b345,,DyK1014+561.00_伯舒拉岭右线DyK1014+561洞身素描记录表.pdf,掌子面状态,"(224.6, 213.56999999999994, 295.45, 229.81999999999994)",正面掉块√,INLINE_OR_SUFFIX,False,IN_SCOPE,"(224.6, 213.56999999999994, 295.45, 229.81999999999994)",正面掉块√,same_cell_mark,/Users/zhaoxiaoda/Library/CloudStorage/GoogleDrive-xiaodazhao0608@gmail.com/我的云端硬盘/TBM9/SKETCH/DyK1014+561.00_伯舒拉岭右线DyK1014+561洞身素描记录表.pdf,FACE_SKETCH
15153bf362ec7624d774b345,CHECKBOX_POSITION,15153bf362ec7624d774b345,,DyK1014+561.00_伯舒拉岭右线DyK1014+561洞身素描记录表.pdf,毛开挖面状态,"(224.6, 229.81999999999994, 295.45, 261.47)",随时间松弛、 掉块√,INLINE_OR_SUFFIX,False,IN_SCOPE,"(224.6, 229.81999999999994, 295.45, 261.47)",随时间松弛、 掉块√,same_cell_mark,/Users/zhaoxiaoda/Library/CloudStorage/GoogleDrive-xiaodazhao0608@gmail.com/我的云端硬盘/TBM9/SKETCH/DyK1014+561.00_伯舒拉岭右线DyK1014+561洞身素描记录表.pdf,FACE_SKETCH
15153bf362ec7624d774b345,CHECKBOX_POSITION,15153bf362ec7624d774b345,,DyK1014+561.00_伯舒拉岭右线DyK1014+561洞身素描记录表.pdf,岩石强度,"(224.6, 261.47, 295.45, 293.1700000000001)",30＜R≤60√,INLINE_OR_SUFFIX,False,IN_SCOPE,"(224.6, 261.47, 295.45, 293.1700000000001)",30＜R≤60√,same_cell_mark,/Users/zhaoxiaoda/Library/CloudStorage/GoogleDrive-xiaodazhao0608@gmail.com/我的云端硬盘/TBM9/SKETCH/DyK1014+561.00_伯舒拉岭右线DyK1014+561洞身素描记录表.pdf,FACE_SKETCH
15153bf362ec7624d774b345,CHECKBOX_POSITION,15153bf362ec7624d774b345,,DyK1014+561.00_伯舒拉岭右线DyK1014+561洞身素描记录表.pdf,风化程度,"(295.45, 293.1700000000001, 350.8, 309.56999999999994)",弱风化√,INLINE_OR_SUFFIX,False,IN_SCOPE,"(295.45, 293.1700000000001, 350.8, 309.56999999999994)",弱风化√,same_cell_mark,/Users/zhaoxiaoda/Library/CloudStorage/GoogleDrive-xiaodazhao0608@gmail.com/我的云端硬盘/TBM9/SKETCH/DyK1014+561.00_伯舒拉岭右线DyK1014+561洞身素描记录表.pdf,FACE_SKETCH
15153bf362ec7624d774b345,CHECKBOX_POSITION,15153bf362ec7624d774b345,,DyK1014+561.00_伯舒拉岭右线DyK1014+561洞身素描记录表.pdf,间距,"(295.45, 309.56999999999994, 350.8, 336.77)",0.2～0.6√,INLINE_OR_SUFFIX,False,IN_SCOPE,"(295.45, 309.56999999999994, 350.8, 336.77)",0.2～0.6√,same_cell_mark,/Users/zhaoxiaoda/Library/CloudStorage/GoogleDrive-xiaodazhao0608@gmail.com/我的云端硬盘/TBM9/SKETCH/DyK1014+561.00_伯舒拉岭右线DyK1014+561洞身素描记录表.pdf,FACE_SKETCH
15153bf362ec7624d774b345,CHECKBOX_POSITION,15153bf362ec7624d774b345,,DyK1014+561.00_伯舒拉岭右线DyK1014+561洞身素描记录表.pdf,延伸性,"(224.6, 336.77, 295.45, 354.17)",差√,INLINE_OR_SUFFIX,False,IN_SCOPE,"(224.6, 336.77, 295.45, 354.17)",差√,same_cell_mark,/Users/zhaoxiaoda/Library/CloudStorage/GoogleDrive-xiaodazhao0608@gmail.com/我的云端硬盘/TBM9/SKETCH/DyK1014+561.00_伯舒拉岭右线DyK1014+561洞身素描记录表.pdf,FACE_SKETCH
15153bf362ec7624d774b345,CHECKBOX_POSITION,15153bf362ec7624d774b345,,DyK1014+561.00_伯舒拉岭右线DyK1014+561洞身素描记录表.pdf,粗糙度,"(224.6, 354.17, 295.45, 373.77)",√ 粗糙波纹状,PREFIX,True,IN_SCOPE,"(295.45, 354.17, 408.2, 373.77)",平整光滑有擦痕√,ignored_prefix_mark_because_suffix_cell_present,/Users/zhaoxiaoda/Library/CloudStorage/GoogleDrive-xiaodazhao0608@gmail.com/我的云端硬盘/TBM9/SKETCH/DyK1014+561.00_伯舒拉岭右线DyK1014+561洞身素描记录表.pdf,FACE_SKETCH
15153bf362ec7624d774b345,CHECKBOX_POSITION,15153bf362ec7624d774b345,,DyK1014+561.00_伯舒拉岭右线DyK1014+561洞身素描记录表.pdf,粗糙度,"(295.45, 354.17, 408.2, 373.77)",平整光滑有擦痕√,INLINE_OR_SUFFIX,False,IN_SCOPE,"(295.45, 354.17, 408.2, 373.77)",平整光滑有擦痕√,same_cell_mark,/Users/zhaoxiaoda/Library/CloudStorage/GoogleDrive-xiaodazhao0608@gmail.com/我的云端硬盘/TBM9/SKETCH/DyK1014+561.00_伯舒拉岭右线DyK1014+561洞身素描记录表.pdf,FACE_SKETCH
15153bf362ec7624d774b345,CHECKBOX_POSITION,15153bf362ec7624d774b345,,DyK1014+561.00_伯舒拉岭右线DyK1014+561洞身素描记录表.pdf,张开性,"(350.8, 373.77, 408.2, 405.97)",无充填张 开＞1.0√,INLINE_OR_SUFFIX,False,IN_SCOPE,"(350.8, 373.77, 408.2, 405.97)",无充填张 开＞1.0√,same_cell_mark,/Users/zhaoxiaoda/Library/CloudStorage/GoogleDrive-xiaodazhao0608@gmail.com/我的云端硬盘/TBM9/SKETCH/DyK1014+561.00_伯舒拉岭右线DyK1014+561洞身素描记录表.pdf,FACE_SKETCH
15153bf362ec7624d774b345,CHECKBOX_POSITION,15153bf362ec7624d774b345,,DyK1014+561.00_伯舒拉岭右线DyK1014+561洞身素描记录表.pdf,涌水状态,"(295.45, 405.97, 373.4, 437.67)",10～25 偶有渗水√,INLINE_OR_SUFFIX,False,IN_SCOPE,"(295.45, 405.97, 373.4, 437.67)",10～25 偶有渗水√,same_cell_mark,/Users/zhaoxiaoda/Library/CloudStorage/GoogleDrive-xiaodazhao0608@gmail.com/我的云端硬盘/TBM9/SKETCH/DyK1014+561.00_伯舒拉岭右线DyK1014+561洞身素描记录表.pdf,FACE_SKETCH
15153bf362ec7624d774b345,CHECKBOX_POSITION,15153bf362ec7624d774b345,,DyK1014+561.00_伯舒拉岭右线DyK1014+561洞身素描记录表.pdf,岩溶发育程度,"(224.6, 437.67, 295.45, 453.87)",无√,INLINE_OR_SUFFIX,False,IN_SCOPE,"(224.6, 437.67, 295.45, 453.87)",无√,same_cell_mark,/Users/zhaoxiaoda/Library/CloudStorage/GoogleDrive-xiaodazhao0608@gmail.com/我的云端硬盘/TBM9/SKETCH/DyK1014+561.00_伯舒拉岭右线DyK1014+561洞身素描记录表.pdf,FACE_SKETCH
03e0f6f1e65fc6f6ab7d6ce7,CHECKBOX_POSITION,03e0f6f1e65fc6f6ab7d6ce7,,DyK1014+591.00_伯舒拉岭右线DyK1014+591洞身素描记录表.pdf,掌子面状态,"(224.6, 213.56999999999994, 295.45, 229.81999999999994)",正面掉块√,INLINE_OR_SUFFIX,False,IN_SCOPE,"(224.6, 213.56999999999994, 295.45, 229.81999999999994)",正面掉块√,same_cell_mark,/Users/zhaoxiaoda/Library/CloudStorage/GoogleDrive-xiaodazhao0608@gmail.com/我的云端硬盘/TBM9/SKETCH/DyK1014+591.00_伯舒拉岭右线DyK1014+591洞身素描记录表.pdf,FACE_SKETCH
03e0f6f1e65fc6f6ab7d6ce7,CHECKBOX_POSITION,03e0f6f1e65fc6f6ab7d6ce7,,DyK1014+591.00_伯舒拉岭右线DyK1014+591洞身素描记录表.pdf,毛开挖面状态,"(224.6, 229.81999999999994, 295.45, 261.47)",随时间松弛、 掉块√,INLINE_OR_SUFFIX,False,IN_SCOPE,"(224.6, 229.81999999999994, 295.45, 261.47)",随时间松弛、 掉块√,same_cell_mark,/Users/zhaoxiaoda/Library/CloudStorage/GoogleDrive-xiaodazhao0608@gmail.com/我的云端硬盘/TBM9/SKETCH/DyK1014+591.00_伯舒拉岭右线DyK1014+591洞身素描记录表.pdf,FACE_SKETCH
03e0f6f1e65fc6f6ab7d6ce7,CHECKBOX_POSITION,03e0f6f1e65fc6f6ab7d6ce7,,DyK1014+591.00_伯舒拉岭右线DyK1014+591洞身素描记录表.pdf,岩石强度,"(224.6, 261.47, 295.45, 293.1700000000001)",30＜R≤60√,INLINE_OR_SUFFIX,False,IN_SCOPE,"(224.6, 261.47, 295.45, 293.1700000000001)",30＜R≤60√,same_cell_mark,/Users/zhaoxiaoda/Library/CloudStorage/GoogleDrive-xiaodazhao0608@gmail.com/我的云端硬盘/TBM9/SKETCH/DyK1014+591.00_伯舒拉岭右线DyK1014+591洞身素描记录表.pdf,FACE_SKETCH
03e0f6f1e65fc6f6ab7d6ce7,CHECKBOX_POSITION,03e0f6f1e65fc6f6ab7d6ce7,,DyK1014+591.00_伯舒拉岭右线DyK1014+591洞身素描记录表.pdf,风化程度,"(295.45, 293.1700000000001, 350.8, 309.56999999999994)",弱风化√,INLINE_OR_SUFFIX,False,IN_SCOPE,"(295.45, 293.1700000000001, 350.8, 309.56999999999994)",弱风化√,same_cell_mark,/Users/zhaoxiaoda/Library/CloudStorage/GoogleDrive-xiaodazhao0608@gmail.com/我的云端硬盘/TBM9/SKETCH/DyK1014+591.00_伯舒拉岭右线DyK1014+591洞身素描记录表.pdf,FACE_SKETCH
03e0f6f1e65fc6f6ab7d6ce7,CHECKBOX_POSITION,03e0f6f1e65fc6f6ab7d6ce7,,DyK1014+591.00_伯舒拉岭右线DyK1014+591洞身素描记录表.pdf,间距,"(295.45, 309.56999999999994, 350.8, 336.77)",0.2～0.6√,INLINE_OR_SUFFIX,False,IN_SCOPE,"(295.45, 309.56999999999994, 350.8, 336.77)",0.2～0.6√,same_cell_mark,/Users/zhaoxiaoda/Library/CloudStorage/GoogleDrive-xiaodazhao0608@gmail.com/我的云端硬盘/TBM9/SKETCH/DyK1014+591.00_伯舒拉岭右线DyK1014+591洞身素描记录表.pdf,FACE_SKETCH
03e0f6f1e65fc6f6ab7d6ce7,CHECKBOX_POSITION,03e0f6f1e65fc6f6ab7d6ce7,,DyK1014+591.00_伯舒拉岭右线DyK1014+591洞身素描记录表.pdf,延伸性,"(224.6, 336.77, 295.45, 354.17)",差√,INLINE_OR_SUFFIX,False,IN_SCOPE,"(224.6, 336.77, 295.45, 354.17)",差√,same_cell_mark,/Users/zhaoxiaoda/Library/CloudStorage/GoogleDrive-xiaodazhao0608@gmail.com/我的云端硬盘/TBM9/SKETCH/DyK1014+591.00_伯舒拉岭右线DyK1014+591洞身素描记录表.pdf,FACE_SKETCH
03e0f6f1e65fc6f6ab7d6ce7,CHECKBOX_POSITION,03e0f6f1e65fc6f6ab7d6ce7,,DyK1014+591.00_伯舒拉岭右线DyK1014+591洞身素描记录表.pdf,粗糙度,"(224.6, 354.17, 295.45, 373.77)",√ 粗糙波纹状,PREFIX,True,IN_SCOPE,"(295.45, 354.17, 408.2, 373.77)",平整光滑有擦痕√,ignored_prefix_mark_because_suffix_cell_present,/Users/zhaoxiaoda/Library/CloudStorage/GoogleDrive-xiaodazhao0608@gmail.com/我的云端硬盘/TBM9/SKETCH/DyK1014+591.00_伯舒拉岭右线DyK1014+591洞身素描记录表.pdf,FACE_SKETCH
03e0f6f1e65fc6f6ab7d6ce7,CHECKBOX_POSITION,03e0f6f1e65fc6f6ab7d6ce7,,DyK1014+591.00_伯舒拉岭右线DyK1014+591洞身素描记录表.pdf,粗糙度,"(295.45, 354.17, 408.2, 373.77)",平整光滑有擦痕√,INLINE_OR_SUFFIX,False,IN_SCOPE,"(295.45, 354.17, 408.2, 373.77)",平整光滑有擦痕√,same_cell_mark,/Users/zhaoxiaoda/Library/CloudStorage/GoogleDrive-xiaodazhao0608@gmail.com/我的云端硬盘/TBM9/SKETCH/DyK1014+591.00_伯舒拉岭右线DyK1014+591洞身素描记录表.pdf,FACE_SKETCH
03e0f6f1e65fc6f6ab7d6ce7,CHECKBOX_POSITION,03e0f6f1e65fc6f6ab7d6ce7,,DyK1014+591.00_伯舒拉岭右线DyK1014+591洞身素描记录表.pdf,张开性,"(161.35, 373.77, 224.6, 405.97)",密闭＜0.1√,INLINE_OR_SUFFIX,False,IN_SCOPE,"(161.35, 373.77, 224.6, 405.97)",密闭＜0.1√,same_cell_mark,/Users/zhaoxiaoda/Library/CloudStorage/GoogleDrive-xiaodazhao0608@gmail.com/我的云端硬盘/TBM9/SKETCH/DyK1014+591.00_伯舒拉岭右线DyK1014+591洞身素描记录表.pdf,FACE_SKETCH
03e0f6f1e65fc6f6ab7d6ce7,CHECKBOX_POSITION,03e0f6f1e65fc6f6ab7d6ce7,,DyK1014+591.00_伯舒拉岭右线DyK1014+591洞身素描记录表.pdf,涌水状态,"(224.6, 405.97, 295.45, 437.67)",＜10 湿润√,INLINE_OR_SUFFIX,False,IN_SCOPE,"(224.6, 405.97, 295.45, 437.67)",＜10 湿润√,same_cell_mark,/Users/zhaoxiaoda/Library/CloudStorage/GoogleDrive-xiaodazhao0608@gmail.com/我的云端硬盘/TBM9/SKETCH/DyK1014+591.00_伯舒拉岭右线DyK1014+591洞身素描记录表.pdf,FACE_SKETCH
03e0f6f1e65fc6f6ab7d6ce7,CHECKBOX_POSITION,03e0f6f1e65fc6f6ab7d6ce7,,DyK1014+591.00_伯舒拉岭右线DyK1014+591洞身素描记录表.pdf,岩溶发育程度,"(224.6, 437.67, 295.45, 453.87)",无√,INLINE_OR_SUFFIX,False,IN_SCOPE,"(224.6, 437.67, 295.45, 453.87)",无√,same_cell_mark,/Users/zhaoxiaoda/Library/CloudStorage/GoogleDrive-xiaodazhao0608@gmail.com/我的云端硬盘/TBM9/SKETCH/DyK1014+591.00_伯舒拉岭右线DyK1014+591洞身素描记录表.pdf,FACE_SKETCH
6f7e51718168ae232ce0bacb,CHECKBOX_POSITION,6f7e51718168ae232ce0bacb,,DyK1014+621.00_伯舒拉岭右线DyK1014+621洞身素描记录表.pdf,掌子面状态,"(224.6, 213.56999999999994, 295.45, 229.81999999999994)",正面掉块√,INLINE_OR_SUFFIX,False,IN_SCOPE,"(224.6, 213.56999999999994, 295.45, 229.81999999999994)",正面掉块√,same_cell_mark,/Users/zhaoxiaoda/Library/CloudStorage/GoogleDrive-xiaodazhao0608@gmail.com/我的云端硬盘/TBM9/SKETCH/DyK1014+621.00_伯舒拉岭右线DyK1014+621洞身素描记录表.pdf,FACE_SKETCH
6f7e51718168ae232ce0bacb,CHECKBOX_POSITION,6f7e51718168ae232ce0bacb,,DyK1014+621.00_伯舒拉岭右线DyK1014+621洞身素描记录表.pdf,毛开挖面状态,"(224.6, 229.81999999999994, 295.45, 261.47)",随时间松弛、 掉块√,INLINE_OR_SUFFIX,False,IN_SCOPE,"(224.6, 229.81999999999994, 295.45, 261.47)",随时间松弛、 掉块√,same_cell_mark,/Users/zhaoxiaoda/Library/CloudStorage/GoogleDrive-xiaodazhao0608@gmail.com/我的云端硬盘/TBM9/SKETCH/DyK1014+621.00_伯舒拉岭右线DyK1014+621洞身素描记录表.pdf,FACE_SKETCH
6f7e51718168ae232ce0bacb,CHECKBOX_POSITION,6f7e51718168ae232ce0bacb,,DyK1014+621.00_伯舒拉岭右线DyK1014+621洞身素描记录表.pdf,岩石强度,"(224.6, 261.47, 295.45, 293.1700000000001)",30＜R≤60√,INLINE_OR_SUFFIX,False,IN_SCOPE,"(224.6, 261.47, 295.45, 293.1700000000001)",30＜R≤60√,same_cell_mark,/Users/zhaoxiaoda/Library/CloudStorage/GoogleDrive-xiaodazhao0608@gmail.com/我的云端硬盘/TBM9/SKETCH/DyK1014+621.00_伯舒拉岭右线DyK1014+621洞身素描记录表.pdf,FACE_SKETCH
6f7e51718168ae232ce0bacb,CHECKBOX_POSITION,6f7e51718168ae232ce0bacb,,DyK1014+621.00_伯舒拉岭右线DyK1014+621洞身素描记录表.pdf,风化程度,"(295.45, 293.1700000000001, 350.8, 309.56999999999994)",弱风化√,INLINE_OR_SUFFIX,False,IN_SCOPE,"(295.45, 293.1700000000001, 350.8, 309.56999999999994)",弱风化√,same_cell_mark,/Users/zhaoxiaoda/Library/CloudStorage/GoogleDrive-xiaodazhao0608@gmail.com/我的云端硬盘/TBM9/SKETCH/DyK1014+621.00_伯舒拉岭右线DyK1014+621洞身素描记录表.pdf,FACE_SKETCH
6f7e51718168ae232ce0bacb,CHECKBOX_POSITION,6f7e51718168ae232ce0bacb,,DyK1014+621.00_伯舒拉岭右线DyK1014+621洞身素描记录表.pdf,间距,"(295.45, 309.56999999999994, 350.8, 336.77)",0.2～0.6√,INLINE_OR_SUFFIX,False,IN_SCOPE,"(295.45, 309.56999999999994, 350.8, 336.77)",0.2～0.6√,same_cell_mark,/Users/zhaoxiaoda/Library/CloudStorage/GoogleDrive-xiaodazhao0608@gmail.com/我的云端硬盘/TBM9/SKETCH/DyK1014+621.00_伯舒拉岭右线DyK1014+621洞身素描记录表.pdf,FACE_SKETCH
6f7e51718168ae232ce0bacb,CHECKBOX_POSITION,6f7e51718168ae232ce0bacb,,DyK1014+621.00_伯舒拉岭右线DyK1014+621洞身素描记录表.pdf,延伸性,"(224.6, 336.77, 295.45, 354.17)",差√,INLINE_OR_SUFFIX,False,IN_SCOPE,"(224.6, 336.77, 295.45, 354.17)",差√,same_cell_mark,/Users/zhaoxiaoda/Library/CloudStorage/GoogleDrive-xiaodazhao0608@gmail.com/我的云端硬盘/TBM9/SKETCH/DyK1014+621.00_伯舒拉岭右线DyK1014+621洞身素描记录表.pdf,FACE_SKETCH
6f7e51718168ae232ce0bacb,CHECKBOX_POSITION,6f7e51718168ae232ce0bacb,,DyK1014+621.00_伯舒拉岭右线DyK1014+621洞身素描记录表.pdf,粗糙度,"(224.6, 354.17, 295.45, 373.77)",√ 粗糙波纹状,PREFIX,True,IN_SCOPE,"(295.45, 354.17, 408.2, 373.77)",平整光滑有擦痕√,ignored_prefix_mark_because_suffix_cell_present,/Users/zhaoxiaoda/Library/CloudStorage/GoogleDrive-xiaodazhao0608@gmail.com/我的云端硬盘/TBM9/SKETCH/DyK1014+621.00_伯舒拉岭右线DyK1014+621洞身素描记录表.pdf,FACE_SKETCH
6f7e51718168ae232ce0bacb,CHECKBOX_POSITION,6f7e51718168ae232ce0bacb,,DyK1014+621.00_伯舒拉岭右线DyK1014+621洞身素描记录表.pdf,粗糙度,"(295.45, 354.17, 408.2, 373.77)",平整光滑有擦痕√,INLINE_OR_SUFFIX,False,IN_SCOPE,"(295.45, 354.17, 408.2, 373.77)",平整光滑有擦痕√,same_cell_mark,/Users/zhaoxiaoda/Library/CloudStorage/GoogleDrive-xiaodazhao0608@gmail.com/我的云端硬盘/TBM9/SKETCH/DyK1014+621.00_伯舒拉岭右线DyK1014+621洞身素描记录表.pdf,FACE_SKETCH
6f7e51718168ae232ce0bacb,CHECKBOX_POSITION,6f7e51718168ae232ce0bacb,,DyK1014+621.00_伯舒拉岭右线DyK1014+621洞身素描记录表.pdf,张开性,"(161.35, 373.77, 224.6, 405.97)",密闭＜0.1√,INLINE_OR_SUFFIX,False,IN_SCOPE,"(161.35, 373.77, 224.6, 405.97)",密闭＜0.1√,same_cell_mark,/Users/zhaoxiaoda/Library/CloudStorage/GoogleDrive-xiaodazhao0608@gmail.com/我的云端硬盘/TBM9/SKETCH/DyK1014+621.00_伯舒拉岭右线DyK1014+621洞身素描记录表.pdf,FACE_SKETCH
6f7e51718168ae232ce0bacb,CHECKBOX_POSITION,6f7e51718168ae232ce0bacb,,DyK1014+621.00_伯舒拉岭右线DyK1014+621洞身素描记录表.pdf,涌水状态,"(295.45, 405.97, 373.4, 437.67)",10～25 偶有渗水√,INLINE_OR_SUFFIX,False,IN_SCOPE,"(295.45, 405.97, 373.4, 437.67)",10～25 偶有渗水√,same_cell_mark,/Users/zhaoxiaoda/Library/CloudStorage/GoogleDrive-xiaodazhao0608@gmail.com/我的云端硬盘/TBM9/SKETCH/DyK1014+621.00_伯舒拉岭右线DyK1014+621洞身素描记录表.pdf,FACE_SKETCH
6f7e51718168ae232ce0bacb,CHECKBOX_POSITION,6f7e51718168ae232ce0bacb,,DyK1014+621.00_伯舒拉岭右线DyK1014+621洞身素描记录表.pdf,岩溶发育程度,"(224.6, 437.67, 295.45, 453.87)",无√,INLINE_OR_SUFFIX,False,IN_SCOPE,"(224.6, 437.67, 295.45, 453.87)",无√,same_cell_mark,/Users/zhaoxiaoda/Library/CloudStorage/GoogleDrive-xiaodazhao0608@gmail.com/我的云端硬盘/TBM9/SKETCH/DyK1014+621.00_伯舒拉岭右线DyK1014+621洞身素描记录表.pdf,FACE_SKETCH
36b1e88471ba75fb118bb9fa,CHECKBOX_POSITION,36b1e88471ba75fb118bb9fa,,DyK1014+645.00_伯舒拉岭右线DyK1014+645洞身素描记录表.pdf,掌子面状态,"(224.6, 213.56999999999994, 295.45, 229.81999999999994)",正面掉块√,INLINE_OR_SUFFIX,False,IN_SCOPE,"(224.6, 213.56999999999994, 295.45, 229.81999999999994)",正面掉块√,same_cell_mark,/Users/zhaoxiaoda/Library/CloudStorage/GoogleDrive-xiaodazhao0608@gmail.com/我的云端硬盘/TBM9/SKETCH/DyK1014+645.00_伯舒拉岭右线DyK1014+645洞身素描记录表.pdf,FACE_SKETCH
36b1e88471ba75fb118bb9fa,CHECKBOX_POSITION,36b1e88471ba75fb118bb9fa,,DyK1014+645.00_伯舒拉岭右线DyK1014+645洞身素描记录表.pdf,毛开挖面状态,"(224.6, 229.81999999999994, 295.45, 261.47)",随时间松弛、 掉块√,INLINE_OR_SUFFIX,False,IN_SCOPE,"(224.6, 229.81999999999994, 295.45, 261.47)",随时间松弛、 掉块√,same_cell_mark,/Users/zhaoxiaoda/Library/CloudStorage/GoogleDrive-xiaodazhao0608@gmail.com/我的云端硬盘/TBM9/SKETCH/DyK1014+645.00_伯舒拉岭右线DyK1014+645洞身素描记录表.pdf,FACE_SKETCH
36b1e88471ba75fb118bb9fa,CHECKBOX_POSITION,36b1e88471ba75fb118bb9fa,,DyK1014+645.00_伯舒拉岭右线DyK1014+645洞身素描记录表.pdf,岩石强度,"(224.6, 261.47, 295.45, 293.1700000000001)",30＜R≤60√,INLINE_OR_SUFFIX,False,IN_SCOPE,"(224.6, 261.47, 295.45, 293.1700000000001)",30＜R≤60√,same_cell_mark,/Users/zhaoxiaoda/Library/CloudStorage/GoogleDrive-xiaodazhao0608@gmail.com/我的云端硬盘/TBM9/SKETCH/DyK1014+645.00_伯舒拉岭右线DyK1014+645洞身素描记录表.pdf,FACE_SKETCH
36b1e88471ba75fb118bb9fa,CHECKBOX_POSITION,36b1e88471ba75fb118bb9fa,,DyK1014+645.00_伯舒拉岭右线DyK1014+645洞身素描记录表.pdf,风化程度,"(295.45, 293.1700000000001, 350.8, 309.56999999999994)",弱风化√,INLINE_OR_SUFFIX,False,IN_SCOPE,"(295.45, 293.1700000000001, 350.8, 309.56999999999994)",弱风化√,same_cell_mark,/Users/zhaoxiaoda/Library/CloudStorage/GoogleDrive-xiaodazhao0608@gmail.com/我的云端硬盘/TBM9/SKETCH/DyK1014+645.00_伯舒拉岭右线DyK1014+645洞身素描记录表.pdf,FACE_SKETCH
36b1e88471ba75fb118bb9fa,CHECKBOX_POSITION,36b1e88471ba75fb118bb9fa,,DyK1014+645.00_伯舒拉岭右线DyK1014+645洞身素描记录表.pdf,间距,"(295.45, 309.56999999999994, 350.8, 336.77)",0.2～0.6√,INLINE_OR_SUFFIX,False,IN_SCOPE,"(295.45, 309.56999999999994, 350.8, 336.77)",0.2～0.6√,same_cell_mark,/Users/zhaoxiaoda/Library/CloudStorage/GoogleDrive-xiaodazhao0608@gmail.com/我的云端硬盘/TBM9/SKETCH/DyK1014+645.00_伯舒拉岭右线DyK1014+645洞身素描记录表.pdf,FACE_SKETCH
36b1e88471ba75fb118bb9fa,CHECKBOX_POSITION,36b1e88471ba75fb118bb9fa,,DyK1014+645.00_伯舒拉岭右线DyK1014+645洞身素描记录表.pdf,延伸性,"(224.6, 336.77, 295.45, 354.17)",差√,INLINE_OR_SUFFIX,False,IN_SCOPE,"(224.6, 336.77, 295.45, 354.17)",差√,same_cell_mark,/Users/zhaoxiaoda/Library/CloudStorage/GoogleDrive-xiaodazhao0608@gmail.com/我的云端硬盘/TBM9/SKETCH/DyK1014+645.00_伯舒拉岭右线DyK1014+645洞身素描记录表.pdf,FACE_SKETCH
36b1e88471ba75fb118bb9fa,CHECKBOX_POSITION,36b1e88471ba75fb118bb9fa,,DyK1014+645.00_伯舒拉岭右线DyK1014+645洞身素描记录表.pdf,粗糙度,"(224.6, 354.17, 295.45, 373.77)",√ 粗糙波纹状,PREFIX,True,IN_SCOPE,"(295.45, 354.17, 408.2, 373.77)",平整光滑有擦痕√,ignored_prefix_mark_because_suffix_cell_present,/Users/zhaoxiaoda/Library/CloudStorage/GoogleDrive-xiaodazhao0608@gmail.com/我的云端硬盘/TBM9/SKETCH/DyK1014+645.00_伯舒拉岭右线DyK1014+645洞身素描记录表.pdf,FACE_SKETCH
36b1e88471ba75fb118bb9fa,CHECKBOX_POSITION,36b1e88471ba75fb118bb9fa,,DyK1014+645.00_伯舒拉岭右线DyK1014+645洞身素描记录表.pdf,粗糙度,"(295.45, 354.17, 408.2, 373.77)",平整光滑有擦痕√,INLINE_OR_SUFFIX,False,IN_SCOPE,"(295.45, 354.17, 408.2, 373.77)",平整光滑有擦痕√,same_cell_mark,/Users/zhaoxiaoda/Library/CloudStorage/GoogleDrive-xiaodazhao0608@gmail.com/我的云端硬盘/TBM9/SKETCH/DyK1014+645.00_伯舒拉岭右线DyK1014+645洞身素描记录表.pdf,FACE_SKETCH
36b1e88471ba75fb118bb9fa,CHECKBOX_POSITION,36b1e88471ba75fb118bb9fa,,DyK1014+645.00_伯舒拉岭右线DyK1014+645洞身素描记录表.pdf,张开性,"(161.35, 373.77, 224.6, 405.97)",密闭＜0.1√,INLINE_OR_SUFFIX,False,IN_SCOPE,"(161.35, 373.77, 224.6, 405.97)",密闭＜0.1√,same_cell_mark,/Users/zhaoxiaoda/Library/CloudStorage/GoogleDrive-xiaodazhao0608@gmail.com/我的云端硬盘/TBM9/SKETCH/DyK1014+645.00_伯舒拉岭右线DyK1014+645洞身素描记录表.pdf,FACE_SKETCH
36b1e88471ba75fb118bb9fa,CHECKBOX_POSITION,36b1e88471ba75fb118bb9fa,,DyK1014+645.00_伯舒拉岭右线DyK1014+645洞身素描记录表.pdf,涌水状态,"(224.6, 405.97, 295.45, 437.67)",＜10 湿润√,INLINE_OR_SUFFIX,False,IN_SCOPE,"(224.6, 405.97, 295.45, 437.67)",＜10 湿润√,same_cell_mark,/Users/zhaoxiaoda/Library/CloudStorage/GoogleDrive-xiaodazhao0608@gmail.com/我的云端硬盘/TBM9/SKETCH/DyK1014+645.00_伯舒拉岭右线DyK1014+645洞身素描记录表.pdf,FACE_SKETCH
36b1e88471ba75fb118bb9fa,CHECKBOX_POSITION,36b1e88471ba75fb118bb9fa,,DyK1014+645.00_伯舒拉岭右线DyK1014+645洞身素描记录表.pdf,岩溶发育程度,"(224.6, 437.67, 295.45, 453.87)",无√,INLINE_OR_SUFFIX,False,IN_SCOPE,"(224.6, 437.67, 295.45, 453.87)",无√,same_cell_mark,/Users/zhaoxiaoda/Library/CloudStorage/GoogleDrive-xiaodazhao0608@gmail.com/我的云端硬盘/TBM9/SKETCH/DyK1014+645.00_伯舒拉岭右线DyK1014+645洞身素描记录表.pdf,FACE_SKETCH
7d7ef4bf0bb0a3f3fff22523,CHECKBOX_POSITION,7d7ef4bf0bb0a3f3fff22523,,DyK1014+675.00_伯舒拉岭右线DyK1014+675洞身素描记录表.pdf,掌子面状态,"(224.6, 213.56999999999994, 295.45, 229.81999999999994)",正面掉块√,INLINE_OR_SUFFIX,False,IN_SCOPE,"(224.6, 213.56999999999994, 295.45, 229.81999999999994)",正面掉块√,same_cell_mark,/Users/zhaoxiaoda/Library/CloudStorage/GoogleDrive-xiaodazhao0608@gmail.com/我的云端硬盘/TBM9/SKETCH/DyK1014+675.00_伯舒拉岭右线DyK1014+675洞身素描记录表.pdf,FACE_SKETCH
7d7ef4bf0bb0a3f3fff22523,CHECKBOX_POSITION,7d7ef4bf0bb0a3f3fff22523,,DyK1014+675.00_伯舒拉岭右线DyK1014+675洞身素描记录表.pdf,毛开挖面状态,"(224.6, 229.81999999999994, 295.45, 261.47)",随时间松弛、 掉块√,INLINE_OR_SUFFIX,False,IN_SCOPE,"(224.6, 229.81999999999994, 295.45, 261.47)",随时间松弛、 掉块√,same_cell_mark,/Users/zhaoxiaoda/Library/CloudStorage/GoogleDrive-xiaodazhao0608@gmail.com/我的云端硬盘/TBM9/SKETCH/DyK1014+675.00_伯舒拉岭右线DyK1014+675洞身素描记录表.pdf,FACE_SKETCH
7d7ef4bf0bb0a3f3fff22523,CHECKBOX_POSITION,7d7ef4bf0bb0a3f3fff22523,,DyK1014+675.00_伯舒拉岭右线DyK1014+675洞身素描记录表.pdf,岩石强度,"(224.6, 261.47, 295.45, 293.1700000000001)",30＜R≤60√,INLINE_OR_SUFFIX,False,IN_SCOPE,"(224.6, 261.47, 295.45, 293.1700000000001)",30＜R≤60√,same_cell_mark,/Users/zhaoxiaoda/Library/CloudStorage/GoogleDrive-xiaodazhao0608@gmail.com/我的云端硬盘/TBM9/SKETCH/DyK1014+675.00_伯舒拉岭右线DyK1014+675洞身素描记录表.pdf,FACE_SKETCH
7d7ef4bf0bb0a3f3fff22523,CHECKBOX_POSITION,7d7ef4bf0bb0a3f3fff22523,,DyK1014+675.00_伯舒拉岭右线DyK1014+675洞身素描记录表.pdf,风化程度,"(295.45, 293.1700000000001, 350.8, 309.56999999999994)",弱风化√,INLINE_OR_SUFFIX,False,IN_SCOPE,"(295.45, 293.1700000000001, 350.8, 309.56999999999994)",弱风化√,same_cell_mark,/Users/zhaoxiaoda/Library/CloudStorage/GoogleDrive-xiaodazhao0608@gmail.com/我的云端硬盘/TBM9/SKETCH/DyK1014+675.00_伯舒拉岭右线DyK1014+675洞身素描记录表.pdf,FACE_SKETCH
7d7ef4bf0bb0a3f3fff22523,CHECKBOX_POSITION,7d7ef4bf0bb0a3f3fff22523,,DyK1014+675.00_伯舒拉岭右线DyK1014+675洞身素描记录表.pdf,间距,"(295.45, 309.56999999999994, 350.8, 336.77)",0.2～0.6√,INLINE_OR_SUFFIX,False,IN_SCOPE,"(295.45, 309.56999999999994, 350.8, 336.77)",0.2～0.6√,same_cell_mark,/Users/zhaoxiaoda/Library/CloudStorage/GoogleDrive-xiaodazhao0608@gmail.com/我的云端硬盘/TBM9/SKETCH/DyK1014+675.00_伯舒拉岭右线DyK1014+675洞身素描记录表.pdf,FACE_SKETCH
7d7ef4bf0bb0a3f3fff22523,CHECKBOX_POSITION,7d7ef4bf0bb0a3f3fff22523,,DyK1014+675.00_伯舒拉岭右线DyK1014+675洞身素描记录表.pdf,延伸性,"(224.6, 336.77, 295.45, 354.17)",差√,INLINE_OR_SUFFIX,False,IN_SCOPE,"(224.6, 336.77, 295.45, 354.17)",差√,same_cell_mark,/Users/zhaoxiaoda/Library/CloudStorage/GoogleDrive-xiaodazhao0608@gmail.com/我的云端硬盘/TBM9/SKETCH/DyK1014+675.00_伯舒拉岭右线DyK1014+675洞身素描记录表.pdf,FACE_SKETCH
7d7ef4bf0bb0a3f3fff22523,CHECKBOX_POSITION,7d7ef4bf0bb0a3f3fff22523,,DyK1014+675.00_伯舒拉岭右线DyK1014+675洞身素描记录表.pdf,粗糙度,"(224.6, 354.17, 295.45, 373.77)",√ 粗糙波纹状,PREFIX,True,IN_SCOPE,"(295.45, 354.17, 408.2, 373.77)",平整光滑有擦痕√,ignored_prefix_mark_because_suffix_cell_present,/Users/zhaoxiaoda/Library/CloudStorage/GoogleDrive-xiaodazhao0608@gmail.com/我的云端硬盘/TBM9/SKETCH/DyK1014+675.00_伯舒拉岭右线DyK1014+675洞身素描记录表.pdf,FACE_SKETCH
7d7ef4bf0bb0a3f3fff22523,CHECKBOX_POSITION,7d7ef4bf0bb0a3f3fff22523,,DyK1014+675.00_伯舒拉岭右线DyK1014+675洞身素描记录表.pdf,粗糙度,"(295.45, 354.17, 408.2, 373.77)",平整光滑有擦痕√,INLINE_OR_SUFFIX,False,IN_SCOPE,"(295.45, 354.17, 408.2, 373.77)",平整光滑有擦痕√,same_cell_mark,/Users/zhaoxiaoda/Library/CloudStorage/GoogleDrive-xiaodazhao0608@gmail.com/我的云端硬盘/TBM9/SKETCH/DyK1014+675.00_伯舒拉岭右线DyK1014+675洞身素描记录表.pdf,FACE_SKETCH
7d7ef4bf0bb0a3f3fff22523,CHECKBOX_POSITION,7d7ef4bf0bb0a3f3fff22523,,DyK1014+675.00_伯舒拉岭右线DyK1014+675洞身素描记录表.pdf,张开性,"(161.35, 373.77, 224.6, 405.97)",密闭＜0.1√,INLINE_OR_SUFFIX,False,IN_SCOPE,"(161.35, 373.77, 224.6, 405.97)",密闭＜0.1√,same_cell_mark,/Users/zhaoxiaoda/Library/CloudStorage/GoogleDrive-xiaodazhao0608@gmail.com/我的云端硬盘/TBM9/SKETCH/DyK1014+675.00_伯舒拉岭右线DyK1014+675洞身素描记录表.pdf,FACE_SKETCH
7d7ef4bf0bb0a3f3fff22523,CHECKBOX_POSITION,7d7ef4bf0bb0a3f3fff22523,,DyK1014+675.00_伯舒拉岭右线DyK1014+675洞身素描记录表.pdf,涌水状态,"(224.6, 405.97, 295.45, 437.67)",＜10 湿润√,INLINE_OR_SUFFIX,False,IN_SCOPE,"(224.6, 405.97, 295.45, 437.67)",＜10 湿润√,same_cell_mark,/Users/zhaoxiaoda/Library/CloudStorage/GoogleDrive-xiaodazhao0608@gmail.com/我的云端硬盘/TBM9/SKETCH/DyK1014+675.00_伯舒拉岭右线DyK1014+675洞身素描记录表.pdf,FACE_SKETCH
7d7ef4bf0bb0a3f3fff22523,CHECKBOX_POSITION,7d7ef4bf0bb0a3f3fff22523,,DyK1014+675.00_伯舒拉岭右线DyK1014+675洞身素描记录表.pdf,岩溶发育程度,"(224.6, 437.67, 295.45, 453.87)",无√,INLINE_OR_SUFFIX,False,IN_SCOPE,"(224.6, 437.67, 295.45, 453.87)",无√,same_cell_mark,/Users/zhaoxiaoda/Library/CloudStorage/GoogleDrive-xiaodazhao0608@gmail.com/我的云端硬盘/TBM9/SKETCH/DyK1014+675.00_伯舒拉岭右线DyK1014+675洞身素描记录表.pdf,FACE_SKETCH
b5b7a990ada8a206149cb27b,CHECKBOX_POSITION,b5b7a990ada8a206149cb27b,,DyK1014+705.00_伯舒拉岭右线DyK1014+705洞身素描记录表.pdf,掌子面状态,"(224.6, 213.56999999999994, 295.45, 229.81999999999994)",正面掉块√,INLINE_OR_SUFFIX,False,IN_SCOPE,"(224.6, 213.56999999999994, 295.45, 229.81999999999994)",正面掉块√,same_cell_mark,/Users/zhaoxiaoda/Library/CloudStorage/GoogleDrive-xiaodazhao0608@gmail.com/我的云端硬盘/TBM9/SKETCH/DyK1014+705.00_伯舒拉岭右线DyK1014+705洞身素描记录表.pdf,FACE_SKETCH
b5b7a990ada8a206149cb27b,CHECKBOX_POSITION,b5b7a990ada8a206149cb27b,,DyK1014+705.00_伯舒拉岭右线DyK1014+705洞身素描记录表.pdf,毛开挖面状态,"(224.6, 229.81999999999994, 295.45, 261.47)",随时间松弛、 掉块√,INLINE_OR_SUFFIX,False,IN_SCOPE,"(224.6, 229.81999999999994, 295.45, 261.47)",随时间松弛、 掉块√,same_cell_mark,/Users/zhaoxiaoda/Library/CloudStorage/GoogleDrive-xiaodazhao0608@gmail.com/我的云端硬盘/TBM9/SKETCH/DyK1014+705.00_伯舒拉岭右线DyK1014+705洞身素描记录表.pdf,FACE_SKETCH
b5b7a990ada8a206149cb27b,CHECKBOX_POSITION,b5b7a990ada8a206149cb27b,,DyK1014+705.00_伯舒拉岭右线DyK1014+705洞身素描记录表.pdf,岩石强度,"(224.6, 261.47, 295.45, 293.1700000000001)",30＜R≤60√,INLINE_OR_SUFFIX,False,IN_SCOPE,"(224.6, 261.47, 295.45, 293.1700000000001)",30＜R≤60√,same_cell_mark,/Users/zhaoxiaoda/Library/CloudStorage/GoogleDrive-xiaodazhao0608@gmail.com/我的云端硬盘/TBM9/SKETCH/DyK1014+705.00_伯舒拉岭右线DyK1014+705洞身素描记录表.pdf,FACE_SKETCH
b5b7a990ada8a206149cb27b,CHECKBOX_POSITION,b5b7a990ada8a206149cb27b,,DyK1014+705.00_伯舒拉岭右线DyK1014+705洞身素描记录表.pdf,风化程度,"(295.45, 293.1700000000001, 350.8, 309.56999999999994)",弱风化√,INLINE_OR_SUFFIX,False,IN_SCOPE,"(295.45, 293.1700000000001, 350.8, 309.56999999999994)",弱风化√,same_cell_mark,/Users/zhaoxiaoda/Library/CloudStorage/GoogleDrive-xiaodazhao0608@gmail.com/我的云端硬盘/TBM9/SKETCH/DyK1014+705.00_伯舒拉岭右线DyK1014+705洞身素描记录表.pdf,FACE_SKETCH
b5b7a990ada8a206149cb27b,CHECKBOX_POSITION,b5b7a990ada8a206149cb27b,,DyK1014+705.00_伯舒拉岭右线DyK1014+705洞身素描记录表.pdf,间距,"(295.45, 309.56999999999994, 350.8, 336.77)",0.2～0.6√,INLINE_OR_SUFFIX,False,IN_SCOPE,"(295.45, 309.56999999999994, 350.8, 336.77)",0.2～0.6√,same_cell_mark,/Users/zhaoxiaoda/Library/CloudStorage/GoogleDrive-xiaodazhao0608@gmail.com/我的云端硬盘/TBM9/SKETCH/DyK1014+705.00_伯舒拉岭右线DyK1014+705洞身素描记录表.pdf,FACE_SKETCH
b5b7a990ada8a206149cb27b,CHECKBOX_POSITION,b5b7a990ada8a206149cb27b,,DyK1014+705.00_伯舒拉岭右线DyK1014+705洞身素描记录表.pdf,延伸性,"(224.6, 336.77, 295.45, 354.17)",差√,INLINE_OR_SUFFIX,False,IN_SCOPE,"(224.6, 336.77, 295.45, 354.17)",差√,same_cell_mark,/Users/zhaoxiaoda/Library/CloudStorage/GoogleDrive-xiaodazhao0608@gmail.com/我的云端硬盘/TBM9/SKETCH/DyK1014+705.00_伯舒拉岭右线DyK1014+705洞身素描记录表.pdf,FACE_SKETCH
b5b7a990ada8a206149cb27b,CHECKBOX_POSITION,b5b7a990ada8a206149cb27b,,DyK1014+705.00_伯舒拉岭右线DyK1014+705洞身素描记录表.pdf,粗糙度,"(224.6, 354.17, 295.45, 373.77)",√ 粗糙波纹状,PREFIX,True,IN_SCOPE,"(295.45, 354.17, 408.2, 373.77)",平整光滑有擦痕√,ignored_prefix_mark_because_suffix_cell_present,/Users/zhaoxiaoda/Library/CloudStorage/GoogleDrive-xiaodazhao0608@gmail.com/我的云端硬盘/TBM9/SKETCH/DyK1014+705.00_伯舒拉岭右线DyK1014+705洞身素描记录表.pdf,FACE_SKETCH
b5b7a990ada8a206149cb27b,CHECKBOX_POSITION,b5b7a990ada8a206149cb27b,,DyK1014+705.00_伯舒拉岭右线DyK1014+705洞身素描记录表.pdf,粗糙度,"(295.45, 354.17, 408.2, 373.77)",平整光滑有擦痕√,INLINE_OR_SUFFIX,False,IN_SCOPE,"(295.45, 354.17, 408.2, 373.77)",平整光滑有擦痕√,same_cell_mark,/Users/zhaoxiaoda/Library/CloudStorage/GoogleDrive-xiaodazhao0608@gmail.com/我的云端硬盘/TBM9/SKETCH/DyK1014+705.00_伯舒拉岭右线DyK1014+705洞身素描记录表.pdf,FACE_SKETCH
b5b7a990ada8a206149cb27b,CHECKBOX_POSITION,b5b7a990ada8a206149cb27b,,DyK1014+705.00_伯舒拉岭右线DyK1014+705洞身素描记录表.pdf,张开性,"(161.35, 373.77, 224.6, 405.97)",密闭＜0.1√,INLINE_OR_SUFFIX,False,IN_SCOPE,"(161.35, 373.77, 224.6, 405.97)",密闭＜0.1√,same_cell_mark,/Users/zhaoxiaoda/Library/CloudStorage/GoogleDrive-xiaodazhao0608@gmail.com/我的云端硬盘/TBM9/SKETCH/DyK1014+705.00_伯舒拉岭右线DyK1014+705洞身素描记录表.pdf,FACE_SKETCH
b5b7a990ada8a206149cb27b,CHECKBOX_POSITION,b5b7a990ada8a206149cb27b,,DyK1014+705.00_伯舒拉岭右线DyK1014+705洞身素描记录表.pdf,涌水状态,"(224.6, 405.97, 295.45, 437.67)",＜10 湿润√,INLINE_OR_SUFFIX,False,IN_SCOPE,"(224.6, 405.97, 295.45, 437.67)",＜10 湿润√,same_cell_mark,/Users/zhaoxiaoda/Library/CloudStorage/GoogleDrive-xiaodazhao0608@gmail.com/我的云端硬盘/TBM9/SKETCH/DyK1014+705.00_伯舒拉岭右线DyK1014+705洞身素描记录表.pdf,FACE_SKETCH
b5b7a990ada8a206149cb27b,CHECKBOX_POSITION,b5b7a990ada8a206149cb27b,,DyK1014+705.00_伯舒拉岭右线DyK1014+705洞身素描记录表.pdf,岩溶发育程度,"(224.6, 437.67, 295.45, 453.87)",无√,INLINE_OR_SUFFIX,False,IN_SCOPE,"(224.6, 437.67, 295.45, 453.87)",无√,same_cell_mark,/Users/zhaoxiaoda/Library/CloudStorage/GoogleDrive-xiaodazhao0608@gmail.com/我的云端硬盘/TBM9/SKETCH/DyK1014+705.00_伯舒拉岭右线DyK1014+705洞身素描记录表.pdf,FACE_SKETCH
505fc2cb0f61b642331d4348,CHECKBOX_POSITION,505fc2cb0f61b642331d4348,,DyK1014+735.00_伯舒拉岭右线DyK1014+735洞身素描记录表.pdf,掌子面状态,"(224.6, 213.56999999999994, 295.45, 229.81999999999994)",正面掉块√,INLINE_OR_SUFFIX,False,IN_SCOPE,"(224.6, 213.56999999999994, 295.45, 229.81999999999994)",正面掉块√,same_cell_mark,/Users/zhaoxiaoda/Library/CloudStorage/GoogleDrive-xiaodazhao0608@gmail.com/我的云端硬盘/TBM9/SKETCH/DyK1014+735.00_伯舒拉岭右线DyK1014+735洞身素描记录表.pdf,FACE_SKETCH
505fc2cb0f61b642331d4348,CHECKBOX_POSITION,505fc2cb0f61b642331d4348,,DyK1014+735.00_伯舒拉岭右线DyK1014+735洞身素描记录表.pdf,毛开挖面状态,"(224.6, 229.81999999999994, 295.45, 261.47)",随时间松弛、 掉块√,INLINE_OR_SUFFIX,False,IN_SCOPE,"(224.6, 229.81999999999994, 295.45, 261.47)",随时间松弛、 掉块√,same_cell_mark,/Users/zhaoxiaoda/Library/CloudStorage/GoogleDrive-xiaodazhao0608@gmail.com/我的云端硬盘/TBM9/SKETCH/DyK1014+735.00_伯舒拉岭右线DyK1014+735洞身素描记录表.pdf,FACE_SKETCH
505fc2cb0f61b642331d4348,CHECKBOX_POSITION,505fc2cb0f61b642331d4348,,DyK1014+735.00_伯舒拉岭右线DyK1014+735洞身素描记录表.pdf,岩石强度,"(224.6, 261.47, 295.45, 293.1700000000001)",30＜R≤60√,INLINE_OR_SUFFIX,False,IN_SCOPE,"(224.6, 261.47, 295.45, 293.1700000000001)",30＜R≤60√,same_cell_mark,/Users/zhaoxiaoda/Library/CloudStorage/GoogleDrive-xiaodazhao0608@gmail.com/我的云端硬盘/TBM9/SKETCH/DyK1014+735.00_伯舒拉岭右线DyK1014+735洞身素描记录表.pdf,FACE_SKETCH
505fc2cb0f61b642331d4348,CHECKBOX_POSITION,505fc2cb0f61b642331d4348,,DyK1014+735.00_伯舒拉岭右线DyK1014+735洞身素描记录表.pdf,风化程度,"(295.45, 293.1700000000001, 350.8, 309.56999999999994)",弱风化√,INLINE_OR_SUFFIX,False,IN_SCOPE,"(295.45, 293.1700000000001, 350.8, 309.56999999999994)",弱风化√,same_cell_mark,/Users/zhaoxiaoda/Library/CloudStorage/GoogleDrive-xiaodazhao0608@gmail.com/我的云端硬盘/TBM9/SKETCH/DyK1014+735.00_伯舒拉岭右线DyK1014+735洞身素描记录表.pdf,FACE_SKETCH
505fc2cb0f61b642331d4348,CHECKBOX_POSITION,505fc2cb0f61b642331d4348,,DyK1014+735.00_伯舒拉岭右线DyK1014+735洞身素描记录表.pdf,间距,"(295.45, 309.56999999999994, 350.8, 336.77)",0.2～0.6√,INLINE_OR_SUFFIX,False,IN_SCOPE,"(295.45, 309.56999999999994, 350.8, 336.77)",0.2～0.6√,same_cell_mark,/Users/zhaoxiaoda/Library/CloudStorage/GoogleDrive-xiaodazhao0608@gmail.com/我的云端硬盘/TBM9/SKETCH/DyK1014+735.00_伯舒拉岭右线DyK1014+735洞身素描记录表.pdf,FACE_SKETCH
505fc2cb0f61b642331d4348,CHECKBOX_POSITION,505fc2cb0f61b642331d4348,,DyK1014+735.00_伯舒拉岭右线DyK1014+735洞身素描记录表.pdf,延伸性,"(224.6, 336.77, 295.45, 354.17)",差√,INLINE_OR_SUFFIX,False,IN_SCOPE,"(224.6, 336.77, 295.45, 354.17)",差√,same_cell_mark,/Users/zhaoxiaoda/Library/CloudStorage/GoogleDrive-xiaodazhao0608@gmail.com/我的云端硬盘/TBM9/SKETCH/DyK1014+735.00_伯舒拉岭右线DyK1014+735洞身素描记录表.pdf,FACE_SKETCH
505fc2cb0f61b642331d4348,CHECKBOX_POSITION,505fc2cb0f61b642331d4348,,DyK1014+735.00_伯舒拉岭右线DyK1014+735洞身素描记录表.pdf,粗糙度,"(224.6, 354.17, 295.45, 373.77)",√ 粗糙波纹状,PREFIX,True,IN_SCOPE,"(295.45, 354.17, 408.2, 373.77)",平整光滑有擦痕√,ignored_prefix_mark_because_suffix_cell_present,/Users/zhaoxiaoda/Library/CloudStorage/GoogleDrive-xiaodazhao0608@gmail.com/我的云端硬盘/TBM9/SKETCH/DyK1014+735.00_伯舒拉岭右线DyK1014+735洞身素描记录表.pdf,FACE_SKETCH
505fc2cb0f61b642331d4348,CHECKBOX_POSITION,505fc2cb0f61b642331d4348,,DyK1014+735.00_伯舒拉岭右线DyK1014+735洞身素描记录表.pdf,粗糙度,"(295.45, 354.17, 408.2, 373.77)",平整光滑有擦痕√,INLINE_OR_SUFFIX,False,IN_SCOPE,"(295.45, 354.17, 408.2, 373.77)",平整光滑有擦痕√,same_cell_mark,/Users/zhaoxiaoda/Library/CloudStorage/GoogleDrive-xiaodazhao0608@gmail.com/我的云端硬盘/TBM9/SKETCH/DyK1014+735.00_伯舒拉岭右线DyK1014+735洞身素描记录表.pdf,FACE_SKETCH
505fc2cb0f61b642331d4348,CHECKBOX_POSITION,505fc2cb0f61b642331d4348,,DyK1014+735.00_伯舒拉岭右线DyK1014+735洞身素描记录表.pdf,张开性,"(161.35, 373.77, 224.6, 405.97)",密闭＜0.1√,INLINE_OR_SUFFIX,False,IN_SCOPE,"(161.35, 373.77, 224.6, 405.97)",密闭＜0.1√,same_cell_mark,/Users/zhaoxiaoda/Library/CloudStorage/GoogleDrive-xiaodazhao0608@gmail.com/我的云端硬盘/TBM9/SKETCH/DyK1014+735.00_伯舒拉岭右线DyK1014+735洞身素描记录表.pdf,FACE_SKETCH
505fc2cb0f61b642331d4348,CHECKBOX_POSITION,505fc2cb0f61b642331d4348,,DyK1014+735.00_伯舒拉岭右线DyK1014+735洞身素描记录表.pdf,涌水状态,"(373.4, 405.97, 466.3, 438.27)",25～125 经常渗水√,INLINE_OR_SUFFIX,False,IN_SCOPE,"(373.4, 405.97, 466.3, 438.27)",25～125 经常渗水√,same_cell_mark,/Users/zhaoxiaoda/Library/CloudStorage/GoogleDrive-xiaodazhao0608@gmail.com/我的云端硬盘/TBM9/SKETCH/DyK1014+735.00_伯舒拉岭右线DyK1014+735洞身素描记录表.pdf,FACE_SKETCH
505fc2cb0f61b642331d4348,CHECKBOX_POSITION,505fc2cb0f61b642331d4348,,DyK1014+735.00_伯舒拉岭右线DyK1014+735洞身素描记录表.pdf,岩溶发育程度,"(373.4, 438.27, 466.3, 454.47)",√ 中等,PREFIX,True,IN_SCOPE,"(224.6, 438.27, 295.45, 454.47)",无√,ignored_prefix_mark_because_suffix_cell_present,/Users/zhaoxiaoda/Library/CloudStorage/GoogleDrive-xiaodazhao0608@gmail.com/我的云端硬盘/TBM9/SKETCH/DyK1014+735.00_伯舒拉岭右线DyK1014+735洞身素描记录表.pdf,FACE_SKETCH
505fc2cb0f61b642331d4348,CHECKBOX_POSITION,505fc2cb0f61b642331d4348,,DyK1014+735.00_伯舒拉岭右线DyK1014+735洞身素描记录表.pdf,岩溶发育程度,"(224.6, 438.27, 295.45, 454.47)",无√,INLINE_OR_SUFFIX,False,IN_SCOPE,"(224.6, 438.27, 295.45, 454.47)",无√,same_cell_mark,/Users/zhaoxiaoda/Library/CloudStorage/GoogleDrive-xiaodazhao0608@gmail.com/我的云端硬盘/TBM9/SKETCH/DyK1014+735.00_伯舒拉岭右线DyK1014+735洞身素描记录表.pdf,FACE_SKETCH
2250acdba1bb77e562107866,CHECKBOX_POSITION,2250acdba1bb77e562107866,,DyK1014+765.00_伯舒拉岭右线DyK1014+765洞身素描记录表.pdf,掌子面状态,"(224.6, 213.56999999999994, 295.45, 229.81999999999994)",正面掉块√,INLINE_OR_SUFFIX,False,IN_SCOPE,"(224.6, 213.56999999999994, 295.45, 229.81999999999994)",正面掉块√,same_cell_mark,/Users/zhaoxiaoda/Library/CloudStorage/GoogleDrive-xiaodazhao0608@gmail.com/我的云端硬盘/TBM9/SKETCH/DyK1014+765.00_伯舒拉岭右线DyK1014+765洞身素描记录表.pdf,FACE_SKETCH
2250acdba1bb77e562107866,CHECKBOX_POSITION,2250acdba1bb77e562107866,,DyK1014+765.00_伯舒拉岭右线DyK1014+765洞身素描记录表.pdf,毛开挖面状态,"(224.6, 229.81999999999994, 295.45, 261.47)",随时间松弛、 掉块√,INLINE_OR_SUFFIX,False,IN_SCOPE,"(224.6, 229.81999999999994, 295.45, 261.47)",随时间松弛、 掉块√,same_cell_mark,/Users/zhaoxiaoda/Library/CloudStorage/GoogleDrive-xiaodazhao0608@gmail.com/我的云端硬盘/TBM9/SKETCH/DyK1014+765.00_伯舒拉岭右线DyK1014+765洞身素描记录表.pdf,FACE_SKETCH
2250acdba1bb77e562107866,CHECKBOX_POSITION,2250acdba1bb77e562107866,,DyK1014+765.00_伯舒拉岭右线DyK1014+765洞身素描记录表.pdf,岩石强度,"(224.6, 261.47, 295.45, 293.1700000000001)",30＜R≤60√,INLINE_OR_SUFFIX,False,IN_SCOPE,"(224.6, 261.47, 295.45, 293.1700000000001)",30＜R≤60√,same_cell_mark,/Users/zhaoxiaoda/Library/CloudStorage/GoogleDrive-xiaodazhao0608@gmail.com/我的云端硬盘/TBM9/SKETCH/DyK1014+765.00_伯舒拉岭右线DyK1014+765洞身素描记录表.pdf,FACE_SKETCH
2250acdba1bb77e562107866,CHECKBOX_POSITION,2250acdba1bb77e562107866,,DyK1014+765.00_伯舒拉岭右线DyK1014+765洞身素描记录表.pdf,风化程度,"(295.45, 293.1700000000001, 350.8, 309.56999999999994)",弱风化√,INLINE_OR_SUFFIX,False,IN_SCOPE,"(295.45, 293.1700000000001, 350.8, 309.56999999999994)",弱风化√,same_cell_mark,/Users/zhaoxiaoda/Library/CloudStorage/GoogleDrive-xiaodazhao0608@gmail.com/我的云端硬盘/TBM9/SKETCH/DyK1014+765.00_伯舒拉岭右线DyK1014+765洞身素描记录表.pdf,FACE_SKETCH
2250acdba1bb77e562107866,CHECKBOX_POSITION,2250acdba1bb77e562107866,,DyK1014+765.00_伯舒拉岭右线DyK1014+765洞身素描记录表.pdf,间距,"(295.45, 309.56999999999994, 350.8, 336.77)",0.2～0.6√,INLINE_OR_SUFFIX,False,IN_SCOPE,"(295.45, 309.56999999999994, 350.8, 336.77)",0.2～0.6√,same_cell_mark,/Users/zhaoxiaoda/Library/CloudStorage/GoogleDrive-xiaodazhao0608@gmail.com/我的云端硬盘/TBM9/SKETCH/DyK1014+765.00_伯舒拉岭右线DyK1014+765洞身素描记录表.pdf,FACE_SKETCH
2250acdba1bb77e562107866,CHECKBOX_POSITION,2250acdba1bb77e562107866,,DyK1014+765.00_伯舒拉岭右线DyK1014+765洞身素描记录表.pdf,延伸性,"(224.6, 336.77, 295.45, 354.17)",差√,INLINE_OR_SUFFIX,False,IN_SCOPE,"(224.6, 336.77, 295.45, 354.17)",差√,same_cell_mark,/Users/zhaoxiaoda/Library/CloudStorage/GoogleDrive-xiaodazhao0608@gmail.com/我的云端硬盘/TBM9/SKETCH/DyK1014+765.00_伯舒拉岭右线DyK1014+765洞身素描记录表.pdf,FACE_SKETCH
2250acdba1bb77e562107866,CHECKBOX_POSITION,2250acdba1bb77e562107866,,DyK1014+765.00_伯舒拉岭右线DyK1014+765洞身素描记录表.pdf,粗糙度,"(224.6, 354.17, 295.45, 373.77)",√ 粗糙波纹状,PREFIX,True,IN_SCOPE,"(295.45, 354.17, 408.2, 373.77)",平整光滑有擦痕√,ignored_prefix_mark_because_suffix_cell_present,/Users/zhaoxiaoda/Library/CloudStorage/GoogleDrive-xiaodazhao0608@gmail.com/我的云端硬盘/TBM9/SKETCH/DyK1014+765.00_伯舒拉岭右线DyK1014+765洞身素描记录表.pdf,FACE_SKETCH
2250acdba1bb77e562107866,CHECKBOX_POSITION,2250acdba1bb77e562107866,,DyK1014+765.00_伯舒拉岭右线DyK1014+765洞身素描记录表.pdf,粗糙度,"(295.45, 354.17, 408.2, 373.77)",平整光滑有擦痕√,INLINE_OR_SUFFIX,False,IN_SCOPE,"(295.45, 354.17, 408.2, 373.77)",平整光滑有擦痕√,same_cell_mark,/Users/zhaoxiaoda/Library/CloudStorage/GoogleDrive-xiaodazhao0608@gmail.com/我的云端硬盘/TBM9/SKETCH/DyK1014+765.00_伯舒拉岭右线DyK1014+765洞身素描记录表.pdf,FACE_SKETCH
2250acdba1bb77e562107866,CHECKBOX_POSITION,2250acdba1bb77e562107866,,DyK1014+765.00_伯舒拉岭右线DyK1014+765洞身素描记录表.pdf,张开性,"(224.6, 373.77, 295.45, 405.97)",部分张开√ 0.1～0.5,INLINE_OR_SUFFIX,False,IN_SCOPE,"(224.6, 373.77, 295.45, 405.97)",部分张开√ 0.1～0.5,same_cell_mark,/Users/zhaoxiaoda/Library/CloudStorage/GoogleDrive-xiaodazhao0608@gmail.com/我的云端硬盘/TBM9/SKETCH/DyK1014+765.00_伯舒拉岭右线DyK1014+765洞身素描记录表.pdf,FACE_SKETCH
2250acdba1bb77e562107866,CHECKBOX_POSITION,2250acdba1bb77e562107866,,DyK1014+765.00_伯舒拉岭右线DyK1014+765洞身素描记录表.pdf,涌水状态,"(466.3, 405.97, 535.0, 437.67)",其它；√,INLINE_OR_SUFFIX,False,IN_SCOPE,"(466.3, 405.97, 535.0, 437.67)",其它；√,same_cell_mark,/Users/zhaoxiaoda/Library/CloudStorage/GoogleDrive-xiaodazhao0608@gmail.com/我的云端硬盘/TBM9/SKETCH/DyK1014+765.00_伯舒拉岭右线DyK1014+765洞身素描记录表.pdf,FACE_SKETCH
2250acdba1bb77e562107866,CHECKBOX_POSITION,2250acdba1bb77e562107866,,DyK1014+765.00_伯舒拉岭右线DyK1014+765洞身素描记录表.pdf,岩溶发育程度,"(224.6, 437.67, 295.45, 453.87)",无√,INLINE_OR_SUFFIX,False,IN_SCOPE,"(224.6, 437.67, 295.45, 453.87)",无√,same_cell_mark,/Users/zhaoxiaoda/Library/CloudStorage/GoogleDrive-xiaodazhao0608@gmail.com/我的云端硬盘/TBM9/SKETCH/DyK1014+765.00_伯舒拉岭右线DyK1014+765洞身素描记录表.pdf,FACE_SKETCH
befb6be4f11cc40fd7fab4bc,CHECKBOX_POSITION,befb6be4f11cc40fd7fab4bc,,DyK1014+795.00_伯舒拉岭右线DyK1014+795洞身素描记录表.pdf,掌子面状态,"(224.6, 213.56999999999994, 295.45, 229.81999999999994)",正面掉块√,INLINE_OR_SUFFIX,False,IN_SCOPE,"(224.6, 213.56999999999994, 295.45, 229.81999999999994)",正面掉块√,same_cell_mark,/Users/zhaoxiaoda/Library/CloudStorage/GoogleDrive-xiaodazhao0608@gmail.com/我的云端硬盘/TBM9/SKETCH/DyK1014+795.00_伯舒拉岭右线DyK1014+795洞身素描记录表.pdf,FACE_SKETCH
befb6be4f11cc40fd7fab4bc,CHECKBOX_POSITION,befb6be4f11cc40fd7fab4bc,,DyK1014+795.00_伯舒拉岭右线DyK1014+795洞身素描记录表.pdf,毛开挖面状态,"(224.6, 229.81999999999994, 295.45, 261.47)",随时间松弛、 掉块√,INLINE_OR_SUFFIX,False,IN_SCOPE,"(224.6, 229.81999999999994, 295.45, 261.47)",随时间松弛、 掉块√,same_cell_mark,/Users/zhaoxiaoda/Library/CloudStorage/GoogleDrive-xiaodazhao0608@gmail.com/我的云端硬盘/TBM9/SKETCH/DyK1014+795.00_伯舒拉岭右线DyK1014+795洞身素描记录表.pdf,FACE_SKETCH
befb6be4f11cc40fd7fab4bc,CHECKBOX_POSITION,befb6be4f11cc40fd7fab4bc,,DyK1014+795.00_伯舒拉岭右线DyK1014+795洞身素描记录表.pdf,岩石强度,"(224.6, 261.47, 295.45, 293.1700000000001)",30＜R≤60√,INLINE_OR_SUFFIX,False,IN_SCOPE,"(224.6, 261.47, 295.45, 293.1700000000001)",30＜R≤60√,same_cell_mark,/Users/zhaoxiaoda/Library/CloudStorage/GoogleDrive-xiaodazhao0608@gmail.com/我的云端硬盘/TBM9/SKETCH/DyK1014+795.00_伯舒拉岭右线DyK1014+795洞身素描记录表.pdf,FACE_SKETCH
befb6be4f11cc40fd7fab4bc,CHECKBOX_POSITION,befb6be4f11cc40fd7fab4bc,,DyK1014+795.00_伯舒拉岭右线DyK1014+795洞身素描记录表.pdf,风化程度,"(295.45, 293.1700000000001, 350.8, 309.56999999999994)",弱风化√,INLINE_OR_SUFFIX,False,IN_SCOPE,"(295.45, 293.1700000000001, 350.8, 309.56999999999994)",弱风化√,same_cell_mark,/Users/zhaoxiaoda/Library/CloudStorage/GoogleDrive-xiaodazhao0608@gmail.com/我的云端硬盘/TBM9/SKETCH/DyK1014+795.00_伯舒拉岭右线DyK1014+795洞身素描记录表.pdf,FACE_SKETCH
befb6be4f11cc40fd7fab4bc,CHECKBOX_POSITION,befb6be4f11cc40fd7fab4bc,,DyK1014+795.00_伯舒拉岭右线DyK1014+795洞身素描记录表.pdf,间距,"(295.45, 309.56999999999994, 350.8, 336.77)",0.2～0.6√,INLINE_OR_SUFFIX,False,IN_SCOPE,"(295.45, 309.56999999999994, 350.8, 336.77)",0.2～0.6√,same_cell_mark,/Users/zhaoxiaoda/Library/CloudStorage/GoogleDrive-xiaodazhao0608@gmail.com/我的云端硬盘/TBM9/SKETCH/DyK1014+795.00_伯舒拉岭右线DyK1014+795洞身素描记录表.pdf,FACE_SKETCH
befb6be4f11cc40fd7fab4bc,CHECKBOX_POSITION,befb6be4f11cc40fd7fab4bc,,DyK1014+795.00_伯舒拉岭右线DyK1014+795洞身素描记录表.pdf,延伸性,"(224.6, 336.77, 295.45, 354.17)",差√,INLINE_OR_SUFFIX,False,IN_SCOPE,"(224.6, 336.77, 295.45, 354.17)",差√,same_cell_mark,/Users/zhaoxiaoda/Library/CloudStorage/GoogleDrive-xiaodazhao0608@gmail.com/我的云端硬盘/TBM9/SKETCH/DyK1014+795.00_伯舒拉岭右线DyK1014+795洞身素描记录表.pdf,FACE_SKETCH
befb6be4f11cc40fd7fab4bc,CHECKBOX_POSITION,befb6be4f11cc40fd7fab4bc,,DyK1014+795.00_伯舒拉岭右线DyK1014+795洞身素描记录表.pdf,粗糙度,"(224.6, 354.17, 295.45, 373.77)",√ 粗糙波纹状,PREFIX,True,IN_SCOPE,"(295.45, 354.17, 408.2, 373.77)",平整光滑有擦痕√,ignored_prefix_mark_because_suffix_cell_present,/Users/zhaoxiaoda/Library/CloudStorage/GoogleDrive-xiaodazhao0608@gmail.com/我的云端硬盘/TBM9/SKETCH/DyK1014+795.00_伯舒拉岭右线DyK1014+795洞身素描记录表.pdf,FACE_SKETCH
befb6be4f11cc40fd7fab4bc,CHECKBOX_POSITION,befb6be4f11cc40fd7fab4bc,,DyK1014+795.00_伯舒拉岭右线DyK1014+795洞身素描记录表.pdf,粗糙度,"(295.45, 354.17, 408.2, 373.77)",平整光滑有擦痕√,INLINE_OR_SUFFIX,False,IN_SCOPE,"(295.45, 354.17, 408.2, 373.77)",平整光滑有擦痕√,same_cell_mark,/Users/zhaoxiaoda/Library/CloudStorage/GoogleDrive-xiaodazhao0608@gmail.com/我的云端硬盘/TBM9/SKETCH/DyK1014+795.00_伯舒拉岭右线DyK1014+795洞身素描记录表.pdf,FACE_SKETCH
befb6be4f11cc40fd7fab4bc,CHECKBOX_POSITION,befb6be4f11cc40fd7fab4bc,,DyK1014+795.00_伯舒拉岭右线DyK1014+795洞身素描记录表.pdf,张开性,"(224.6, 373.77, 295.45, 405.97)",部分张开√ 0.1～0.5,INLINE_OR_SUFFIX,False,IN_SCOPE,"(224.6, 373.77, 295.45, 405.97)",部分张开√ 0.1～0.5,same_cell_mark,/Users/zhaoxiaoda/Library/CloudStorage/GoogleDrive-xiaodazhao0608@gmail.com/我的云端硬盘/TBM9/SKETCH/DyK1014+795.00_伯舒拉岭右线DyK1014+795洞身素描记录表.pdf,FACE_SKETCH
befb6be4f11cc40fd7fab4bc,CHECKBOX_POSITION,befb6be4f11cc40fd7fab4bc,,DyK1014+795.00_伯舒拉岭右线DyK1014+795洞身素描记录表.pdf,涌水状态,"(373.4, 405.97, 466.3, 438.27)",25～125 经常渗水√,INLINE_OR_SUFFIX,False,IN_SCOPE,"(373.4, 405.97, 466.3, 438.27)",25～125 经常渗水√,same_cell_mark,/Users/zhaoxiaoda/Library/CloudStorage/GoogleDrive-xiaodazhao0608@gmail.com/我的云端硬盘/TBM9/SKETCH/DyK1014+795.00_伯舒拉岭右线DyK1014+795洞身素描记录表.pdf,FACE_SKETCH
befb6be4f11cc40fd7fab4bc,CHECKBOX_POSITION,befb6be4f11cc40fd7fab4bc,,DyK1014+795.00_伯舒拉岭右线DyK1014+795洞身素描记录表.pdf,岩溶发育程度,"(373.4, 438.27, 466.3, 454.47)",√ 中等,PREFIX,True,IN_SCOPE,"(224.6, 438.27, 295.45, 454.47)",无√,ignored_prefix_mark_because_suffix_cell_present,/Users/zhaoxiaoda/Library/CloudStorage/GoogleDrive-xiaodazhao0608@gmail.com/我的云端硬盘/TBM9/SKETCH/DyK1014+795.00_伯舒拉岭右线DyK1014+795洞身素描记录表.pdf,FACE_SKETCH
befb6be4f11cc40fd7fab4bc,CHECKBOX_POSITION,befb6be4f11cc40fd7fab4bc,,DyK1014+795.00_伯舒拉岭右线DyK1014+795洞身素描记录表.pdf,岩溶发育程度,"(224.6, 438.27, 295.45, 454.47)",无√,INLINE_OR_SUFFIX,False,IN_SCOPE,"(224.6, 438.27, 295.45, 454.47)",无√,same_cell_mark,/Users/zhaoxiaoda/Library/CloudStorage/GoogleDrive-xiaodazhao0608@gmail.com/我的云端硬盘/TBM9/SKETCH/DyK1014+795.00_伯舒拉岭右线DyK1014+795洞身素描记录表.pdf,FACE_SKETCH
1bc381ee66f95dafec66de79,CHECKBOX_POSITION,1bc381ee66f95dafec66de79,,DyK1014+825.00_伯舒拉岭右线DyK1014+825洞身素描记录表.pdf,掌子面状态,"(224.6, 213.56999999999994, 295.45, 229.81999999999994)",正面掉块√,INLINE_OR_SUFFIX,False,IN_SCOPE,"(224.6, 213.56999999999994, 295.45, 229.81999999999994)",正面掉块√,same_cell_mark,/Users/zhaoxiaoda/Library/CloudStorage/GoogleDrive-xiaodazhao0608@gmail.com/我的云端硬盘/TBM9/SKETCH/DyK1014+825.00_伯舒拉岭右线DyK1014+825洞身素描记录表.pdf,FACE_SKETCH
1bc381ee66f95dafec66de79,CHECKBOX_POSITION,1bc381ee66f95dafec66de79,,DyK1014+825.00_伯舒拉岭右线DyK1014+825洞身素描记录表.pdf,毛开挖面状态,"(224.6, 229.81999999999994, 295.45, 261.47)",随时间松弛、 掉块√,INLINE_OR_SUFFIX,False,IN_SCOPE,"(224.6, 229.81999999999994, 295.45, 261.47)",随时间松弛、 掉块√,same_cell_mark,/Users/zhaoxiaoda/Library/CloudStorage/GoogleDrive-xiaodazhao0608@gmail.com/我的云端硬盘/TBM9/SKETCH/DyK1014+825.00_伯舒拉岭右线DyK1014+825洞身素描记录表.pdf,FACE_SKETCH
1bc381ee66f95dafec66de79,CHECKBOX_POSITION,1bc381ee66f95dafec66de79,,DyK1014+825.00_伯舒拉岭右线DyK1014+825洞身素描记录表.pdf,岩石强度,"(224.6, 261.47, 295.45, 293.1700000000001)",30＜R≤60√,INLINE_OR_SUFFIX,False,IN_SCOPE,"(224.6, 261.47, 295.45, 293.1700000000001)",30＜R≤60√,same_cell_mark,/Users/zhaoxiaoda/Library/CloudStorage/GoogleDrive-xiaodazhao0608@gmail.com/我的云端硬盘/TBM9/SKETCH/DyK1014+825.00_伯舒拉岭右线DyK1014+825洞身素描记录表.pdf,FACE_SKETCH
1bc381ee66f95dafec66de79,CHECKBOX_POSITION,1bc381ee66f95dafec66de79,,DyK1014+825.00_伯舒拉岭右线DyK1014+825洞身素描记录表.pdf,风化程度,"(295.45, 293.1700000000001, 350.8, 309.56999999999994)",弱风化√,INLINE_OR_SUFFIX,False,IN_SCOPE,"(295.45, 293.1700000000001, 350.8, 309.56999999999994)",弱风化√,same_cell_mark,/Users/zhaoxiaoda/Library/CloudStorage/GoogleDrive-xiaodazhao0608@gmail.com/我的云端硬盘/TBM9/SKETCH/DyK1014+825.00_伯舒拉岭右线DyK1014+825洞身素描记录表.pdf,FACE_SKETCH
1bc381ee66f95dafec66de79,CHECKBOX_POSITION,1bc381ee66f95dafec66de79,,DyK1014+825.00_伯舒拉岭右线DyK1014+825洞身素描记录表.pdf,间距,"(295.45, 309.56999999999994, 350.8, 336.77)",0.2～0.6√,INLINE_OR_SUFFIX,False,IN_SCOPE,"(295.45, 309.56999999999994, 350.8, 336.77)",0.2～0.6√,same_cell_mark,/Users/zhaoxiaoda/Library/CloudStorage/GoogleDrive-xiaodazhao0608@gmail.com/我的云端硬盘/TBM9/SKETCH/DyK1014+825.00_伯舒拉岭右线DyK1014+825洞身素描记录表.pdf,FACE_SKETCH
1bc381ee66f95dafec66de79,CHECKBOX_POSITION,1bc381ee66f95dafec66de79,,DyK1014+825.00_伯舒拉岭右线DyK1014+825洞身素描记录表.pdf,延伸性,"(224.6, 336.77, 295.45, 354.17)",差√,INLINE_OR_SUFFIX,False,IN_SCOPE,"(224.6, 336.77, 295.45, 354.17)",差√,same_cell_mark,/Users/zhaoxiaoda/Library/CloudStorage/GoogleDrive-xiaodazhao0608@gmail.com/我的云端硬盘/TBM9/SKETCH/DyK1014+825.00_伯舒拉岭右线DyK1014+825洞身素描记录表.pdf,FACE_SKETCH
1bc381ee66f95dafec66de79,CHECKBOX_POSITION,1bc381ee66f95dafec66de79,,DyK1014+825.00_伯舒拉岭右线DyK1014+825洞身素描记录表.pdf,粗糙度,"(224.6, 354.17, 295.45, 373.77)",√ 粗糙波纹状,PREFIX,True,IN_SCOPE,"(295.45, 354.17, 408.2, 373.77)",平整光滑有擦痕√,ignored_prefix_mark_because_suffix_cell_present,/Users/zhaoxiaoda/Library/CloudStorage/GoogleDrive-xiaodazhao0608@gmail.com/我的云端硬盘/TBM9/SKETCH/DyK1014+825.00_伯舒拉岭右线DyK1014+825洞身素描记录表.pdf,FACE_SKETCH
1bc381ee66f95dafec66de79,CHECKBOX_POSITION,1bc381ee66f95dafec66de79,,DyK1014+825.00_伯舒拉岭右线DyK1014+825洞身素描记录表.pdf,粗糙度,"(295.45, 354.17, 408.2, 373.77)",平整光滑有擦痕√,INLINE_OR_SUFFIX,False,IN_SCOPE,"(295.45, 354.17, 408.2, 373.77)",平整光滑有擦痕√,same_cell_mark,/Users/zhaoxiaoda/Library/CloudStorage/GoogleDrive-xiaodazhao0608@gmail.com/我的云端硬盘/TBM9/SKETCH/DyK1014+825.00_伯舒拉岭右线DyK1014+825洞身素描记录表.pdf,FACE_SKETCH
1bc381ee66f95dafec66de79,CHECKBOX_POSITION,1bc381ee66f95dafec66de79,,DyK1014+825.00_伯舒拉岭右线DyK1014+825洞身素描记录表.pdf,张开性,"(224.6, 373.77, 295.45, 405.97)",部分张开√ 0.1～0.5,INLINE_OR_SUFFIX,False,IN_SCOPE,"(224.6, 373.77, 295.45, 405.97)",部分张开√ 0.1～0.5,same_cell_mark,/Users/zhaoxiaoda/Library/CloudStorage/GoogleDrive-xiaodazhao0608@gmail.com/我的云端硬盘/TBM9/SKETCH/DyK1014+825.00_伯舒拉岭右线DyK1014+825洞身素描记录表.pdf,FACE_SKETCH
1bc381ee66f95dafec66de79,CHECKBOX_POSITION,1bc381ee66f95dafec66de79,,DyK1014+825.00_伯舒拉岭右线DyK1014+825洞身素描记录表.pdf,涌水状态,"(373.4, 405.97, 466.3, 438.27)",25～125 经常渗水√,INLINE_OR_SUFFIX,False,IN_SCOPE,"(373.4, 405.97, 466.3, 438.27)",25～125 经常渗水√,same_cell_mark,/Users/zhaoxiaoda/Library/CloudStorage/GoogleDrive-xiaodazhao0608@gmail.com/我的云端硬盘/TBM9/SKETCH/DyK1014+825.00_伯舒拉岭右线DyK1014+825洞身素描记录表.pdf,FACE_SKETCH
1bc381ee66f95dafec66de79,CHECKBOX_POSITION,1bc381ee66f95dafec66de79,,DyK1014+825.00_伯舒拉岭右线DyK1014+825洞身素描记录表.pdf,岩溶发育程度,"(373.4, 438.27, 466.3, 454.47)",√ 中等,PREFIX,True,IN_SCOPE,"(224.6, 438.27, 295.45, 454.47)",无√,ignored_prefix_mark_because_suffix_cell_present,/Users/zhaoxiaoda/Library/CloudStorage/GoogleDrive-xiaodazhao0608@gmail.com/我的云端硬盘/TBM9/SKETCH/DyK1014+825.00_伯舒拉岭右线DyK1014+825洞身素描记录表.pdf,FACE_SKETCH
1bc381ee66f95dafec66de79,CHECKBOX_POSITION,1bc381ee66f95dafec66de79,,DyK1014+825.00_伯舒拉岭右线DyK1014+825洞身素描记录表.pdf,岩溶发育程度,"(224.6, 438.27, 295.45, 454.47)",无√,INLINE_OR_SUFFIX,False,IN_SCOPE,"(224.6, 438.27, 295.45, 454.47)",无√,same_cell_mark,/Users/zhaoxiaoda/Library/CloudStorage/GoogleDrive-xiaodazhao0608@gmail.com/我的云端硬盘/TBM9/SKETCH/DyK1014+825.00_伯舒拉岭右线DyK1014+825洞身素描记录表.pdf,FACE_SKETCH
1aaec5cfacc4dc380d5f543f,CHECKBOX_POSITION,1aaec5cfacc4dc380d5f543f,,DyK1014+855.00_伯舒拉岭右线DyK1014+855洞身素描记录表.pdf,掌子面状态,"(224.6, 213.56999999999994, 295.45, 229.81999999999994)",正面掉块√,INLINE_OR_SUFFIX,False,IN_SCOPE,"(224.6, 213.56999999999994, 295.45, 229.81999999999994)",正面掉块√,same_cell_mark,/Users/zhaoxiaoda/Library/CloudStorage/GoogleDrive-xiaodazhao0608@gmail.com/我的云端硬盘/TBM9/SKETCH/DyK1014+855.00_伯舒拉岭右线DyK1014+855洞身素描记录表.pdf,FACE_SKETCH
1aaec5cfacc4dc380d5f543f,CHECKBOX_POSITION,1aaec5cfacc4dc380d5f543f,,DyK1014+855.00_伯舒拉岭右线DyK1014+855洞身素描记录表.pdf,毛开挖面状态,"(224.6, 229.81999999999994, 295.45, 261.47)",随时间松弛、 掉块√,INLINE_OR_SUFFIX,False,IN_SCOPE,"(224.6, 229.81999999999994, 295.45, 261.47)",随时间松弛、 掉块√,same_cell_mark,/Users/zhaoxiaoda/Library/CloudStorage/GoogleDrive-xiaodazhao0608@gmail.com/我的云端硬盘/TBM9/SKETCH/DyK1014+855.00_伯舒拉岭右线DyK1014+855洞身素描记录表.pdf,FACE_SKETCH
1aaec5cfacc4dc380d5f543f,CHECKBOX_POSITION,1aaec5cfacc4dc380d5f543f,,DyK1014+855.00_伯舒拉岭右线DyK1014+855洞身素描记录表.pdf,岩石强度,"(224.6, 261.47, 295.45, 293.1700000000001)",30＜R≤60√,INLINE_OR_SUFFIX,False,IN_SCOPE,"(224.6, 261.47, 295.45, 293.1700000000001)",30＜R≤60√,same_cell_mark,/Users/zhaoxiaoda/Library/CloudStorage/GoogleDrive-xiaodazhao0608@gmail.com/我的云端硬盘/TBM9/SKETCH/DyK1014+855.00_伯舒拉岭右线DyK1014+855洞身素描记录表.pdf,FACE_SKETCH
1aaec5cfacc4dc380d5f543f,CHECKBOX_POSITION,1aaec5cfacc4dc380d5f543f,,DyK1014+855.00_伯舒拉岭右线DyK1014+855洞身素描记录表.pdf,风化程度,"(295.45, 293.1700000000001, 350.8, 309.56999999999994)",弱风化√,INLINE_OR_SUFFIX,False,IN_SCOPE,"(295.45, 293.1700000000001, 350.8, 309.56999999999994)",弱风化√,same_cell_mark,/Users/zhaoxiaoda/Library/CloudStorage/GoogleDrive-xiaodazhao0608@gmail.com/我的云端硬盘/TBM9/SKETCH/DyK1014+855.00_伯舒拉岭右线DyK1014+855洞身素描记录表.pdf,FACE_SKETCH
1aaec5cfacc4dc380d5f543f,CHECKBOX_POSITION,1aaec5cfacc4dc380d5f543f,,DyK1014+855.00_伯舒拉岭右线DyK1014+855洞身素描记录表.pdf,间距,"(295.45, 309.56999999999994, 350.8, 336.77)",0.2～0.6√,INLINE_OR_SUFFIX,False,IN_SCOPE,"(295.45, 309.56999999999994, 350.8, 336.77)",0.2～0.6√,same_cell_mark,/Users/zhaoxiaoda/Library/CloudStorage/GoogleDrive-xiaodazhao0608@gmail.com/我的云端硬盘/TBM9/SKETCH/DyK1014+855.00_伯舒拉岭右线DyK1014+855洞身素描记录表.pdf,FACE_SKETCH
1aaec5cfacc4dc380d5f543f,CHECKBOX_POSITION,1aaec5cfacc4dc380d5f543f,,DyK1014+855.00_伯舒拉岭右线DyK1014+855洞身素描记录表.pdf,延伸性,"(224.6, 336.77, 295.45, 354.17)",差√,INLINE_OR_SUFFIX,False,IN_SCOPE,"(224.6, 336.77, 295.45, 354.17)",差√,same_cell_mark,/Users/zhaoxiaoda/Library/CloudStorage/GoogleDrive-xiaodazhao0608@gmail.com/我的云端硬盘/TBM9/SKETCH/DyK1014+855.00_伯舒拉岭右线DyK1014+855洞身素描记录表.pdf,FACE_SKETCH
1aaec5cfacc4dc380d5f543f,CHECKBOX_POSITION,1aaec5cfacc4dc380d5f543f,,DyK1014+855.00_伯舒拉岭右线DyK1014+855洞身素描记录表.pdf,粗糙度,"(224.6, 354.17, 295.45, 373.77)",√ 粗糙波纹状,PREFIX,True,IN_SCOPE,"(295.45, 354.17, 408.2, 373.77)",平整光滑有擦痕√,ignored_prefix_mark_because_suffix_cell_present,/Users/zhaoxiaoda/Library/CloudStorage/GoogleDrive-xiaodazhao0608@gmail.com/我的云端硬盘/TBM9/SKETCH/DyK1014+855.00_伯舒拉岭右线DyK1014+855洞身素描记录表.pdf,FACE_SKETCH
1aaec5cfacc4dc380d5f543f,CHECKBOX_POSITION,1aaec5cfacc4dc380d5f543f,,DyK1014+855.00_伯舒拉岭右线DyK1014+855洞身素描记录表.pdf,粗糙度,"(295.45, 354.17, 408.2, 373.77)",平整光滑有擦痕√,INLINE_OR_SUFFIX,False,IN_SCOPE,"(295.45, 354.17, 408.2, 373.77)",平整光滑有擦痕√,same_cell_mark,/Users/zhaoxiaoda/Library/CloudStorage/GoogleDrive-xiaodazhao0608@gmail.com/我的云端硬盘/TBM9/SKETCH/DyK1014+855.00_伯舒拉岭右线DyK1014+855洞身素描记录表.pdf,FACE_SKETCH
1aaec5cfacc4dc380d5f543f,CHECKBOX_POSITION,1aaec5cfacc4dc380d5f543f,,DyK1014+855.00_伯舒拉岭右线DyK1014+855洞身素描记录表.pdf,张开性,"(161.35, 373.77, 224.6, 405.97)",密闭＜0.1√,INLINE_OR_SUFFIX,False,IN_SCOPE,"(161.35, 373.77, 224.6, 405.97)",密闭＜0.1√,same_cell_mark,/Users/zhaoxiaoda/Library/CloudStorage/GoogleDrive-xiaodazhao0608@gmail.com/我的云端硬盘/TBM9/SKETCH/DyK1014+855.00_伯舒拉岭右线DyK1014+855洞身素描记录表.pdf,FACE_SKETCH
1aaec5cfacc4dc380d5f543f,CHECKBOX_POSITION,1aaec5cfacc4dc380d5f543f,,DyK1014+855.00_伯舒拉岭右线DyK1014+855洞身素描记录表.pdf,涌水状态,"(373.4, 405.97, 466.3, 438.27)",25～125 经常渗水√,INLINE_OR_SUFFIX,False,IN_SCOPE,"(373.4, 405.97, 466.3, 438.27)",25～125 经常渗水√,same_cell_mark,/Users/zhaoxiaoda/Library/CloudStorage/GoogleDrive-xiaodazhao0608@gmail.com/我的云端硬盘/TBM9/SKETCH/DyK1014+855.00_伯舒拉岭右线DyK1014+855洞身素描记录表.pdf,FACE_SKETCH
1aaec5cfacc4dc380d5f543f,CHECKBOX_POSITION,1aaec5cfacc4dc380d5f543f,,DyK1014+855.00_伯舒拉岭右线DyK1014+855洞身素描记录表.pdf,岩溶发育程度,"(373.4, 438.27, 466.3, 454.47)",√ 中等,PREFIX,True,IN_SCOPE,"(224.6, 438.27, 295.45, 454.47)",无√,ignored_prefix_mark_because_suffix_cell_present,/Users/zhaoxiaoda/Library/CloudStorage/GoogleDrive-xiaodazhao0608@gmail.com/我的云端硬盘/TBM9/SKETCH/DyK1014+855.00_伯舒拉岭右线DyK1014+855洞身素描记录表.pdf,FACE_SKETCH
1aaec5cfacc4dc380d5f543f,CHECKBOX_POSITION,1aaec5cfacc4dc380d5f543f,,DyK1014+855.00_伯舒拉岭右线DyK1014+855洞身素描记录表.pdf,岩溶发育程度,"(224.6, 438.27, 295.45, 454.47)",无√,INLINE_OR_SUFFIX,False,IN_SCOPE,"(224.6, 438.27, 295.45, 454.47)",无√,same_cell_mark,/Users/zhaoxiaoda/Library/CloudStorage/GoogleDrive-xiaodazhao0608@gmail.com/我的云端硬盘/TBM9/SKETCH/DyK1014+855.00_伯舒拉岭右线DyK1014+855洞身素描记录表.pdf,FACE_SKETCH
3b3a98a562024e7ba6daf573,CHECKBOX_POSITION,3b3a98a562024e7ba6daf573,,DyK1014+885.00_伯舒拉岭右线DyK1014+885洞身素描记录表.pdf,掌子面状态,"(224.6, 213.56999999999994, 295.45, 229.81999999999994)",正面掉块√,INLINE_OR_SUFFIX,False,IN_SCOPE,"(224.6, 213.56999999999994, 295.45, 229.81999999999994)",正面掉块√,same_cell_mark,/Users/zhaoxiaoda/Library/CloudStorage/GoogleDrive-xiaodazhao0608@gmail.com/我的云端硬盘/TBM9/SKETCH/DyK1014+885.00_伯舒拉岭右线DyK1014+885洞身素描记录表.pdf,FACE_SKETCH
3b3a98a562024e7ba6daf573,CHECKBOX_POSITION,3b3a98a562024e7ba6daf573,,DyK1014+885.00_伯舒拉岭右线DyK1014+885洞身素描记录表.pdf,毛开挖面状态,"(224.6, 229.81999999999994, 295.45, 261.47)",随时间松弛、 掉块√,INLINE_OR_SUFFIX,False,IN_SCOPE,"(224.6, 229.81999999999994, 295.45, 261.47)",随时间松弛、 掉块√,same_cell_mark,/Users/zhaoxiaoda/Library/CloudStorage/GoogleDrive-xiaodazhao0608@gmail.com/我的云端硬盘/TBM9/SKETCH/DyK1014+885.00_伯舒拉岭右线DyK1014+885洞身素描记录表.pdf,FACE_SKETCH
3b3a98a562024e7ba6daf573,CHECKBOX_POSITION,3b3a98a562024e7ba6daf573,,DyK1014+885.00_伯舒拉岭右线DyK1014+885洞身素描记录表.pdf,岩石强度,"(224.6, 261.47, 295.45, 293.1700000000001)",30＜R≤60√,INLINE_OR_SUFFIX,False,IN_SCOPE,"(224.6, 261.47, 295.45, 293.1700000000001)",30＜R≤60√,same_cell_mark,/Users/zhaoxiaoda/Library/CloudStorage/GoogleDrive-xiaodazhao0608@gmail.com/我的云端硬盘/TBM9/SKETCH/DyK1014+885.00_伯舒拉岭右线DyK1014+885洞身素描记录表.pdf,FACE_SKETCH
3b3a98a562024e7ba6daf573,CHECKBOX_POSITION,3b3a98a562024e7ba6daf573,,DyK1014+885.00_伯舒拉岭右线DyK1014+885洞身素描记录表.pdf,风化程度,"(295.45, 293.1700000000001, 350.8, 309.56999999999994)",弱风化√,INLINE_OR_SUFFIX,False,IN_SCOPE,"(295.45, 293.1700000000001, 350.8, 309.56999999999994)",弱风化√,same_cell_mark,/Users/zhaoxiaoda/Library/CloudStorage/GoogleDrive-xiaodazhao0608@gmail.com/我的云端硬盘/TBM9/SKETCH/DyK1014+885.00_伯舒拉岭右线DyK1014+885洞身素描记录表.pdf,FACE_SKETCH
3b3a98a562024e7ba6daf573,CHECKBOX_POSITION,3b3a98a562024e7ba6daf573,,DyK1014+885.00_伯舒拉岭右线DyK1014+885洞身素描记录表.pdf,间距,"(295.45, 309.56999999999994, 350.8, 336.77)",0.2～0.6√,INLINE_OR_SUFFIX,False,IN_SCOPE,"(295.45, 309.56999999999994, 350.8, 336.77)",0.2～0.6√,same_cell_mark,/Users/zhaoxiaoda/Library/CloudStorage/GoogleDrive-xiaodazhao0608@gmail.com/我的云端硬盘/TBM9/SKETCH/DyK1014+885.00_伯舒拉岭右线DyK1014+885洞身素描记录表.pdf,FACE_SKETCH
3b3a98a562024e7ba6daf573,CHECKBOX_POSITION,3b3a98a562024e7ba6daf573,,DyK1014+885.00_伯舒拉岭右线DyK1014+885洞身素描记录表.pdf,延伸性,"(224.6, 336.77, 295.45, 354.17)",差√,INLINE_OR_SUFFIX,False,IN_SCOPE,"(224.6, 336.77, 295.45, 354.17)",差√,same_cell_mark,/Users/zhaoxiaoda/Library/CloudStorage/GoogleDrive-xiaodazhao0608@gmail.com/我的云端硬盘/TBM9/SKETCH/DyK1014+885.00_伯舒拉岭右线DyK1014+885洞身素描记录表.pdf,FACE_SKETCH
3b3a98a562024e7ba6daf573,CHECKBOX_POSITION,3b3a98a562024e7ba6daf573,,DyK1014+885.00_伯舒拉岭右线DyK1014+885洞身素描记录表.pdf,粗糙度,"(224.6, 354.17, 295.45, 373.77)",√ 粗糙波纹状,PREFIX,True,IN_SCOPE,"(295.45, 354.17, 408.2, 373.77)",平整光滑有擦痕√,ignored_prefix_mark_because_suffix_cell_present,/Users/zhaoxiaoda/Library/CloudStorage/GoogleDrive-xiaodazhao0608@gmail.com/我的云端硬盘/TBM9/SKETCH/DyK1014+885.00_伯舒拉岭右线DyK1014+885洞身素描记录表.pdf,FACE_SKETCH
3b3a98a562024e7ba6daf573,CHECKBOX_POSITION,3b3a98a562024e7ba6daf573,,DyK1014+885.00_伯舒拉岭右线DyK1014+885洞身素描记录表.pdf,粗糙度,"(295.45, 354.17, 408.2, 373.77)",平整光滑有擦痕√,INLINE_OR_SUFFIX,False,IN_SCOPE,"(295.45, 354.17, 408.2, 373.77)",平整光滑有擦痕√,same_cell_mark,/Users/zhaoxiaoda/Library/CloudStorage/GoogleDrive-xiaodazhao0608@gmail.com/我的云端硬盘/TBM9/SKETCH/DyK1014+885.00_伯舒拉岭右线DyK1014+885洞身素描记录表.pdf,FACE_SKETCH
3b3a98a562024e7ba6daf573,CHECKBOX_POSITION,3b3a98a562024e7ba6daf573,,DyK1014+885.00_伯舒拉岭右线DyK1014+885洞身素描记录表.pdf,张开性,"(161.35, 373.77, 224.6, 405.97)",密闭＜0.1√,INLINE_OR_SUFFIX,False,IN_SCOPE,"(161.35, 373.77, 224.6, 405.97)",密闭＜0.1√,same_cell_mark,/Users/zhaoxiaoda/Library/CloudStorage/GoogleDrive-xiaodazhao0608@gmail.com/我的云端硬盘/TBM9/SKETCH/DyK1014+885.00_伯舒拉岭右线DyK1014+885洞身素描记录表.pdf,FACE_SKETCH
3b3a98a562024e7ba6daf573,CHECKBOX_POSITION,3b3a98a562024e7ba6daf573,,DyK1014+885.00_伯舒拉岭右线DyK1014+885洞身素描记录表.pdf,涌水状态,"(373.4, 405.97, 466.3, 438.27)",25～125 经常渗水√,INLINE_OR_SUFFIX,False,IN_SCOPE,"(373.4, 405.97, 466.3, 438.27)",25～125 经常渗水√,same_cell_mark,/Users/zhaoxiaoda/Library/CloudStorage/GoogleDrive-xiaodazhao0608@gmail.com/我的云端硬盘/TBM9/SKETCH/DyK1014+885.00_伯舒拉岭右线DyK1014+885洞身素描记录表.pdf,FACE_SKETCH
3b3a98a562024e7ba6daf573,CHECKBOX_POSITION,3b3a98a562024e7ba6daf573,,DyK1014+885.00_伯舒拉岭右线DyK1014+885洞身素描记录表.pdf,岩溶发育程度,"(373.4, 438.27, 466.3, 454.47)",√ 中等,PREFIX,True,IN_SCOPE,"(224.6, 438.27, 295.45, 454.47)",无√,ignored_prefix_mark_because_suffix_cell_present,/Users/zhaoxiaoda/Library/CloudStorage/GoogleDrive-xiaodazhao0608@gmail.com/我的云端硬盘/TBM9/SKETCH/DyK1014+885.00_伯舒拉岭右线DyK1014+885洞身素描记录表.pdf,FACE_SKETCH
3b3a98a562024e7ba6daf573,CHECKBOX_POSITION,3b3a98a562024e7ba6daf573,,DyK1014+885.00_伯舒拉岭右线DyK1014+885洞身素描记录表.pdf,岩溶发育程度,"(224.6, 438.27, 295.45, 454.47)",无√,INLINE_OR_SUFFIX,False,IN_SCOPE,"(224.6, 438.27, 295.45, 454.47)",无√,same_cell_mark,/Users/zhaoxiaoda/Library/CloudStorage/GoogleDrive-xiaodazhao0608@gmail.com/我的云端硬盘/TBM9/SKETCH/DyK1014+885.00_伯舒拉岭右线DyK1014+885洞身素描记录表.pdf,FACE_SKETCH
185cb36312026640ab93b639,CHECKBOX_POSITION,185cb36312026640ab93b639,,DyK1014+906.00_伯舒拉岭右线DyK1014+906洞身素描记录表.pdf,掌子面状态,"(224.6, 213.56999999999994, 295.45, 229.81999999999994)",正面掉块√,INLINE_OR_SUFFIX,False,IN_SCOPE,"(224.6, 213.56999999999994, 295.45, 229.81999999999994)",正面掉块√,same_cell_mark,/Users/zhaoxiaoda/Library/CloudStorage/GoogleDrive-xiaodazhao0608@gmail.com/我的云端硬盘/TBM9/SKETCH/DyK1014+906.00_伯舒拉岭右线DyK1014+906洞身素描记录表.pdf,FACE_SKETCH
185cb36312026640ab93b639,CHECKBOX_POSITION,185cb36312026640ab93b639,,DyK1014+906.00_伯舒拉岭右线DyK1014+906洞身素描记录表.pdf,毛开挖面状态,"(224.6, 229.81999999999994, 295.45, 261.47)",随时间松弛、 掉块√,INLINE_OR_SUFFIX,False,IN_SCOPE,"(224.6, 229.81999999999994, 295.45, 261.47)",随时间松弛、 掉块√,same_cell_mark,/Users/zhaoxiaoda/Library/CloudStorage/GoogleDrive-xiaodazhao0608@gmail.com/我的云端硬盘/TBM9/SKETCH/DyK1014+906.00_伯舒拉岭右线DyK1014+906洞身素描记录表.pdf,FACE_SKETCH
185cb36312026640ab93b639,CHECKBOX_POSITION,185cb36312026640ab93b639,,DyK1014+906.00_伯舒拉岭右线DyK1014+906洞身素描记录表.pdf,岩石强度,"(224.6, 261.47, 295.45, 293.1700000000001)",30＜R≤60√,INLINE_OR_SUFFIX,False,IN_SCOPE,"(224.6, 261.47, 295.45, 293.1700000000001)",30＜R≤60√,same_cell_mark,/Users/zhaoxiaoda/Library/CloudStorage/GoogleDrive-xiaodazhao0608@gmail.com/我的云端硬盘/TBM9/SKETCH/DyK1014+906.00_伯舒拉岭右线DyK1014+906洞身素描记录表.pdf,FACE_SKETCH
185cb36312026640ab93b639,CHECKBOX_POSITION,185cb36312026640ab93b639,,DyK1014+906.00_伯舒拉岭右线DyK1014+906洞身素描记录表.pdf,风化程度,"(295.45, 293.1700000000001, 350.8, 309.56999999999994)",弱风化√,INLINE_OR_SUFFIX,False,IN_SCOPE,"(295.45, 293.1700000000001, 350.8, 309.56999999999994)",弱风化√,same_cell_mark,/Users/zhaoxiaoda/Library/CloudStorage/GoogleDrive-xiaodazhao0608@gmail.com/我的云端硬盘/TBM9/SKETCH/DyK1014+906.00_伯舒拉岭右线DyK1014+906洞身素描记录表.pdf,FACE_SKETCH
185cb36312026640ab93b639,CHECKBOX_POSITION,185cb36312026640ab93b639,,DyK1014+906.00_伯舒拉岭右线DyK1014+906洞身素描记录表.pdf,间距,"(295.45, 309.56999999999994, 350.8, 336.77)",0.2～0.6√,INLINE_OR_SUFFIX,False,IN_SCOPE,"(295.45, 309.56999999999994, 350.8, 336.77)",0.2～0.6√,same_cell_mark,/Users/zhaoxiaoda/Library/CloudStorage/GoogleDrive-xiaodazhao0608@gmail.com/我的云端硬盘/TBM9/SKETCH/DyK1014+906.00_伯舒拉岭右线DyK1014+906洞身素描记录表.pdf,FACE_SKETCH
185cb36312026640ab93b639,CHECKBOX_POSITION,185cb36312026640ab93b639,,DyK1014+906.00_伯舒拉岭右线DyK1014+906洞身素描记录表.pdf,延伸性,"(224.6, 336.77, 295.45, 354.17)",差√,INLINE_OR_SUFFIX,False,IN_SCOPE,"(224.6, 336.77, 295.45, 354.17)",差√,same_cell_mark,/Users/zhaoxiaoda/Library/CloudStorage/GoogleDrive-xiaodazhao0608@gmail.com/我的云端硬盘/TBM9/SKETCH/DyK1014+906.00_伯舒拉岭右线DyK1014+906洞身素描记录表.pdf,FACE_SKETCH
185cb36312026640ab93b639,CHECKBOX_POSITION,185cb36312026640ab93b639,,DyK1014+906.00_伯舒拉岭右线DyK1014+906洞身素描记录表.pdf,粗糙度,"(224.6, 354.17, 295.45, 373.77)",√ 粗糙波纹状,PREFIX,True,IN_SCOPE,"(295.45, 354.17, 408.2, 373.77)",平整光滑有擦痕√,ignored_prefix_mark_because_suffix_cell_present,/Users/zhaoxiaoda/Library/CloudStorage/GoogleDrive-xiaodazhao0608@gmail.com/我的云端硬盘/TBM9/SKETCH/DyK1014+906.00_伯舒拉岭右线DyK1014+906洞身素描记录表.pdf,FACE_SKETCH
185cb36312026640ab93b639,CHECKBOX_POSITION,185cb36312026640ab93b639,,DyK1014+906.00_伯舒拉岭右线DyK1014+906洞身素描记录表.pdf,粗糙度,"(295.45, 354.17, 408.2, 373.77)",平整光滑有擦痕√,INLINE_OR_SUFFIX,False,IN_SCOPE,"(295.45, 354.17, 408.2, 373.77)",平整光滑有擦痕√,same_cell_mark,/Users/zhaoxiaoda/Library/CloudStorage/GoogleDrive-xiaodazhao0608@gmail.com/我的云端硬盘/TBM9/SKETCH/DyK1014+906.00_伯舒拉岭右线DyK1014+906洞身素描记录表.pdf,FACE_SKETCH
185cb36312026640ab93b639,CHECKBOX_POSITION,185cb36312026640ab93b639,,DyK1014+906.00_伯舒拉岭右线DyK1014+906洞身素描记录表.pdf,张开性,"(161.35, 373.77, 224.6, 405.97)",密闭＜0.1√,INLINE_OR_SUFFIX,False,IN_SCOPE,"(161.35, 373.77, 224.6, 405.97)",密闭＜0.1√,same_cell_mark,/Users/zhaoxiaoda/Library/CloudStorage/GoogleDrive-xiaodazhao0608@gmail.com/我的云端硬盘/TBM9/SKETCH/DyK1014+906.00_伯舒拉岭右线DyK1014+906洞身素描记录表.pdf,FACE_SKETCH
185cb36312026640ab93b639,CHECKBOX_POSITION,185cb36312026640ab93b639,,DyK1014+906.00_伯舒拉岭右线DyK1014+906洞身素描记录表.pdf,涌水状态,"(373.4, 405.97, 466.3, 438.27)",25～125 经常渗水√,INLINE_OR_SUFFIX,False,IN_SCOPE,"(373.4, 405.97, 466.3, 438.27)",25～125 经常渗水√,same_cell_mark,/Users/zhaoxiaoda/Library/CloudStorage/GoogleDrive-xiaodazhao0608@gmail.com/我的云端硬盘/TBM9/SKETCH/DyK1014+906.00_伯舒拉岭右线DyK1014+906洞身素描记录表.pdf,FACE_SKETCH
185cb36312026640ab93b639,CHECKBOX_POSITION,185cb36312026640ab93b639,,DyK1014+906.00_伯舒拉岭右线DyK1014+906洞身素描记录表.pdf,岩溶发育程度,"(373.4, 438.27, 466.3, 454.47)",√ 中等,PREFIX,True,IN_SCOPE,"(224.6, 438.27, 295.45, 454.47)",无√,ignored_prefix_mark_because_suffix_cell_present,/Users/zhaoxiaoda/Library/CloudStorage/GoogleDrive-xiaodazhao0608@gmail.com/我的云端硬盘/TBM9/SKETCH/DyK1014+906.00_伯舒拉岭右线DyK1014+906洞身素描记录表.pdf,FACE_SKETCH
185cb36312026640ab93b639,CHECKBOX_POSITION,185cb36312026640ab93b639,,DyK1014+906.00_伯舒拉岭右线DyK1014+906洞身素描记录表.pdf,岩溶发育程度,"(224.6, 438.27, 295.45, 454.47)",无√,INLINE_OR_SUFFIX,False,IN_SCOPE,"(224.6, 438.27, 295.45, 454.47)",无√,same_cell_mark,/Users/zhaoxiaoda/Library/CloudStorage/GoogleDrive-xiaodazhao0608@gmail.com/我的云端硬盘/TBM9/SKETCH/DyK1014+906.00_伯舒拉岭右线DyK1014+906洞身素描记录表.pdf,FACE_SKETCH
9bfbef3c8d722891f0b62c67,CHECKBOX_POSITION,9bfbef3c8d722891f0b62c67,,DyK1014+936.00_伯舒拉岭右线DyK1014+936洞身素描记录表.pdf,掌子面状态,"(224.6, 213.56999999999994, 295.45, 229.81999999999994)",正面掉块√,INLINE_OR_SUFFIX,False,IN_SCOPE,"(224.6, 213.56999999999994, 295.45, 229.81999999999994)",正面掉块√,same_cell_mark,/Users/zhaoxiaoda/Library/CloudStorage/GoogleDrive-xiaodazhao0608@gmail.com/我的云端硬盘/TBM9/SKETCH/DyK1014+936.00_伯舒拉岭右线DyK1014+936洞身素描记录表.pdf,FACE_SKETCH
9bfbef3c8d722891f0b62c67,CHECKBOX_POSITION,9bfbef3c8d722891f0b62c67,,DyK1014+936.00_伯舒拉岭右线DyK1014+936洞身素描记录表.pdf,毛开挖面状态,"(224.6, 229.81999999999994, 295.45, 261.47)",随时间松弛、 掉块√,INLINE_OR_SUFFIX,False,IN_SCOPE,"(224.6, 229.81999999999994, 295.45, 261.47)",随时间松弛、 掉块√,same_cell_mark,/Users/zhaoxiaoda/Library/CloudStorage/GoogleDrive-xiaodazhao0608@gmail.com/我的云端硬盘/TBM9/SKETCH/DyK1014+936.00_伯舒拉岭右线DyK1014+936洞身素描记录表.pdf,FACE_SKETCH
9bfbef3c8d722891f0b62c67,CHECKBOX_POSITION,9bfbef3c8d722891f0b62c67,,DyK1014+936.00_伯舒拉岭右线DyK1014+936洞身素描记录表.pdf,岩石强度,"(224.6, 261.47, 295.45, 293.1700000000001)",30＜R≤60√,INLINE_OR_SUFFIX,False,IN_SCOPE,"(224.6, 261.47, 295.45, 293.1700000000001)",30＜R≤60√,same_cell_mark,/Users/zhaoxiaoda/Library/CloudStorage/GoogleDrive-xiaodazhao0608@gmail.com/我的云端硬盘/TBM9/SKETCH/DyK1014+936.00_伯舒拉岭右线DyK1014+936洞身素描记录表.pdf,FACE_SKETCH
9bfbef3c8d722891f0b62c67,CHECKBOX_POSITION,9bfbef3c8d722891f0b62c67,,DyK1014+936.00_伯舒拉岭右线DyK1014+936洞身素描记录表.pdf,风化程度,"(295.45, 293.1700000000001, 350.8, 309.56999999999994)",弱风化√,INLINE_OR_SUFFIX,False,IN_SCOPE,"(295.45, 293.1700000000001, 350.8, 309.56999999999994)",弱风化√,same_cell_mark,/Users/zhaoxiaoda/Library/CloudStorage/GoogleDrive-xiaodazhao0608@gmail.com/我的云端硬盘/TBM9/SKETCH/DyK1014+936.00_伯舒拉岭右线DyK1014+936洞身素描记录表.pdf,FACE_SKETCH
9bfbef3c8d722891f0b62c67,CHECKBOX_POSITION,9bfbef3c8d722891f0b62c67,,DyK1014+936.00_伯舒拉岭右线DyK1014+936洞身素描记录表.pdf,间距,"(295.45, 309.56999999999994, 350.8, 336.77)",0.2～0.6√,INLINE_OR_SUFFIX,False,IN_SCOPE,"(295.45, 309.56999999999994, 350.8, 336.77)",0.2～0.6√,same_cell_mark,/Users/zhaoxiaoda/Library/CloudStorage/GoogleDrive-xiaodazhao0608@gmail.com/我的云端硬盘/TBM9/SKETCH/DyK1014+936.00_伯舒拉岭右线DyK1014+936洞身素描记录表.pdf,FACE_SKETCH
9bfbef3c8d722891f0b62c67,CHECKBOX_POSITION,9bfbef3c8d722891f0b62c67,,DyK1014+936.00_伯舒拉岭右线DyK1014+936洞身素描记录表.pdf,延伸性,"(224.6, 336.77, 295.45, 354.17)",差√,INLINE_OR_SUFFIX,False,IN_SCOPE,"(224.6, 336.77, 295.45, 354.17)",差√,same_cell_mark,/Users/zhaoxiaoda/Library/CloudStorage/GoogleDrive-xiaodazhao0608@gmail.com/我的云端硬盘/TBM9/SKETCH/DyK1014+936.00_伯舒拉岭右线DyK1014+936洞身素描记录表.pdf,FACE_SKETCH
9bfbef3c8d722891f0b62c67,CHECKBOX_POSITION,9bfbef3c8d722891f0b62c67,,DyK1014+936.00_伯舒拉岭右线DyK1014+936洞身素描记录表.pdf,粗糙度,"(224.6, 354.17, 295.45, 373.77)",√ 粗糙波纹状,PREFIX,True,IN_SCOPE,"(295.45, 354.17, 408.2, 373.77)",平整光滑有擦痕√,ignored_prefix_mark_because_suffix_cell_present,/Users/zhaoxiaoda/Library/CloudStorage/GoogleDrive-xiaodazhao0608@gmail.com/我的云端硬盘/TBM9/SKETCH/DyK1014+936.00_伯舒拉岭右线DyK1014+936洞身素描记录表.pdf,FACE_SKETCH
9bfbef3c8d722891f0b62c67,CHECKBOX_POSITION,9bfbef3c8d722891f0b62c67,,DyK1014+936.00_伯舒拉岭右线DyK1014+936洞身素描记录表.pdf,粗糙度,"(295.45, 354.17, 408.2, 373.77)",平整光滑有擦痕√,INLINE_OR_SUFFIX,False,IN_SCOPE,"(295.45, 354.17, 408.2, 373.77)",平整光滑有擦痕√,same_cell_mark,/Users/zhaoxiaoda/Library/CloudStorage/GoogleDrive-xiaodazhao0608@gmail.com/我的云端硬盘/TBM9/SKETCH/DyK1014+936.00_伯舒拉岭右线DyK1014+936洞身素描记录表.pdf,FACE_SKETCH
9bfbef3c8d722891f0b62c67,CHECKBOX_POSITION,9bfbef3c8d722891f0b62c67,,DyK1014+936.00_伯舒拉岭右线DyK1014+936洞身素描记录表.pdf,张开性,"(161.35, 373.77, 224.6, 405.97)",密闭＜0.1√,INLINE_OR_SUFFIX,False,IN_SCOPE,"(161.35, 373.77, 224.6, 405.97)",密闭＜0.1√,same_cell_mark,/Users/zhaoxiaoda/Library/CloudStorage/GoogleDrive-xiaodazhao0608@gmail.com/我的云端硬盘/TBM9/SKETCH/DyK1014+936.00_伯舒拉岭右线DyK1014+936洞身素描记录表.pdf,FACE_SKETCH
9bfbef3c8d722891f0b62c67,CHECKBOX_POSITION,9bfbef3c8d722891f0b62c67,,DyK1014+936.00_伯舒拉岭右线DyK1014+936洞身素描记录表.pdf,涌水状态,"(373.4, 405.97, 466.3, 438.27)",25～125 经常渗水√,INLINE_OR_SUFFIX,False,IN_SCOPE,"(373.4, 405.97, 466.3, 438.27)",25～125 经常渗水√,same_cell_mark,/Users/zhaoxiaoda/Library/CloudStorage/GoogleDrive-xiaodazhao0608@gmail.com/我的云端硬盘/TBM9/SKETCH/DyK1014+936.00_伯舒拉岭右线DyK1014+936洞身素描记录表.pdf,FACE_SKETCH
9bfbef3c8d722891f0b62c67,CHECKBOX_POSITION,9bfbef3c8d722891f0b62c67,,DyK1014+936.00_伯舒拉岭右线DyK1014+936洞身素描记录表.pdf,岩溶发育程度,"(373.4, 438.27, 466.3, 454.47)",√ 中等,PREFIX,True,IN_SCOPE,"(224.6, 438.27, 295.45, 454.47)",无√,ignored_prefix_mark_because_suffix_cell_present,/Users/zhaoxiaoda/Library/CloudStorage/GoogleDrive-xiaodazhao0608@gmail.com/我的云端硬盘/TBM9/SKETCH/DyK1014+936.00_伯舒拉岭右线DyK1014+936洞身素描记录表.pdf,FACE_SKETCH
9bfbef3c8d722891f0b62c67,CHECKBOX_POSITION,9bfbef3c8d722891f0b62c67,,DyK1014+936.00_伯舒拉岭右线DyK1014+936洞身素描记录表.pdf,岩溶发育程度,"(224.6, 438.27, 295.45, 454.47)",无√,INLINE_OR_SUFFIX,False,IN_SCOPE,"(224.6, 438.27, 295.45, 454.47)",无√,same_cell_mark,/Users/zhaoxiaoda/Library/CloudStorage/GoogleDrive-xiaodazhao0608@gmail.com/我的云端硬盘/TBM9/SKETCH/DyK1014+936.00_伯舒拉岭右线DyK1014+936洞身素描记录表.pdf,FACE_SKETCH
e611ed466064baf84ce50d73,CHECKBOX_POSITION,e611ed466064baf84ce50d73,,DyK1014+966.00_伯舒拉岭右线DyK1014+966洞身素描记录表.pdf,掌子面状态,"(224.6, 213.56999999999994, 295.45, 229.81999999999994)",正面掉块√,INLINE_OR_SUFFIX,False,IN_SCOPE,"(224.6, 213.56999999999994, 295.45, 229.81999999999994)",正面掉块√,same_cell_mark,/Users/zhaoxiaoda/Library/CloudStorage/GoogleDrive-xiaodazhao0608@gmail.com/我的云端硬盘/TBM9/SKETCH/DyK1014+966.00_伯舒拉岭右线DyK1014+966洞身素描记录表.pdf,FACE_SKETCH
e611ed466064baf84ce50d73,CHECKBOX_POSITION,e611ed466064baf84ce50d73,,DyK1014+966.00_伯舒拉岭右线DyK1014+966洞身素描记录表.pdf,毛开挖面状态,"(224.6, 229.81999999999994, 295.45, 261.47)",随时间松弛、 掉块√,INLINE_OR_SUFFIX,False,IN_SCOPE,"(224.6, 229.81999999999994, 295.45, 261.47)",随时间松弛、 掉块√,same_cell_mark,/Users/zhaoxiaoda/Library/CloudStorage/GoogleDrive-xiaodazhao0608@gmail.com/我的云端硬盘/TBM9/SKETCH/DyK1014+966.00_伯舒拉岭右线DyK1014+966洞身素描记录表.pdf,FACE_SKETCH
e611ed466064baf84ce50d73,CHECKBOX_POSITION,e611ed466064baf84ce50d73,,DyK1014+966.00_伯舒拉岭右线DyK1014+966洞身素描记录表.pdf,岩石强度,"(224.6, 261.47, 295.45, 293.1700000000001)",30＜R≤60√,INLINE_OR_SUFFIX,False,IN_SCOPE,"(224.6, 261.47, 295.45, 293.1700000000001)",30＜R≤60√,same_cell_mark,/Users/zhaoxiaoda/Library/CloudStorage/GoogleDrive-xiaodazhao0608@gmail.com/我的云端硬盘/TBM9/SKETCH/DyK1014+966.00_伯舒拉岭右线DyK1014+966洞身素描记录表.pdf,FACE_SKETCH
e611ed466064baf84ce50d73,CHECKBOX_POSITION,e611ed466064baf84ce50d73,,DyK1014+966.00_伯舒拉岭右线DyK1014+966洞身素描记录表.pdf,风化程度,"(295.45, 293.1700000000001, 350.8, 309.56999999999994)",弱风化√,INLINE_OR_SUFFIX,False,IN_SCOPE,"(295.45, 293.1700000000001, 350.8, 309.56999999999994)",弱风化√,same_cell_mark,/Users/zhaoxiaoda/Library/CloudStorage/GoogleDrive-xiaodazhao0608@gmail.com/我的云端硬盘/TBM9/SKETCH/DyK1014+966.00_伯舒拉岭右线DyK1014+966洞身素描记录表.pdf,FACE_SKETCH
e611ed466064baf84ce50d73,CHECKBOX_POSITION,e611ed466064baf84ce50d73,,DyK1014+966.00_伯舒拉岭右线DyK1014+966洞身素描记录表.pdf,间距,"(295.45, 309.56999999999994, 350.8, 336.77)",0.2～0.6√,INLINE_OR_SUFFIX,False,IN_SCOPE,"(295.45, 309.56999999999994, 350.8, 336.77)",0.2～0.6√,same_cell_mark,/Users/zhaoxiaoda/Library/CloudStorage/GoogleDrive-xiaodazhao0608@gmail.com/我的云端硬盘/TBM9/SKETCH/DyK1014+966.00_伯舒拉岭右线DyK1014+966洞身素描记录表.pdf,FACE_SKETCH
e611ed466064baf84ce50d73,CHECKBOX_POSITION,e611ed466064baf84ce50d73,,DyK1014+966.00_伯舒拉岭右线DyK1014+966洞身素描记录表.pdf,延伸性,"(224.6, 336.77, 295.45, 354.17)",差√,INLINE_OR_SUFFIX,False,IN_SCOPE,"(224.6, 336.77, 295.45, 354.17)",差√,same_cell_mark,/Users/zhaoxiaoda/Library/CloudStorage/GoogleDrive-xiaodazhao0608@gmail.com/我的云端硬盘/TBM9/SKETCH/DyK1014+966.00_伯舒拉岭右线DyK1014+966洞身素描记录表.pdf,FACE_SKETCH
e611ed466064baf84ce50d73,CHECKBOX_POSITION,e611ed466064baf84ce50d73,,DyK1014+966.00_伯舒拉岭右线DyK1014+966洞身素描记录表.pdf,粗糙度,"(224.6, 354.17, 295.45, 373.77)",√ 粗糙波纹状,PREFIX,True,IN_SCOPE,"(295.45, 354.17, 408.2, 373.77)",平整光滑有擦痕√,ignored_prefix_mark_because_suffix_cell_present,/Users/zhaoxiaoda/Library/CloudStorage/GoogleDrive-xiaodazhao0608@gmail.com/我的云端硬盘/TBM9/SKETCH/DyK1014+966.00_伯舒拉岭右线DyK1014+966洞身素描记录表.pdf,FACE_SKETCH
e611ed466064baf84ce50d73,CHECKBOX_POSITION,e611ed466064baf84ce50d73,,DyK1014+966.00_伯舒拉岭右线DyK1014+966洞身素描记录表.pdf,粗糙度,"(295.45, 354.17, 408.2, 373.77)",平整光滑有擦痕√,INLINE_OR_SUFFIX,False,IN_SCOPE,"(295.45, 354.17, 408.2, 373.77)",平整光滑有擦痕√,same_cell_mark,/Users/zhaoxiaoda/Library/CloudStorage/GoogleDrive-xiaodazhao0608@gmail.com/我的云端硬盘/TBM9/SKETCH/DyK1014+966.00_伯舒拉岭右线DyK1014+966洞身素描记录表.pdf,FACE_SKETCH
e611ed466064baf84ce50d73,CHECKBOX_POSITION,e611ed466064baf84ce50d73,,DyK1014+966.00_伯舒拉岭右线DyK1014+966洞身素描记录表.pdf,张开性,"(161.35, 373.77, 224.6, 405.97)",密闭＜0.1√,INLINE_OR_SUFFIX,False,IN_SCOPE,"(161.35, 373.77, 224.6, 405.97)",密闭＜0.1√,same_cell_mark,/Users/zhaoxiaoda/Library/CloudStorage/GoogleDrive-xiaodazhao0608@gmail.com/我的云端硬盘/TBM9/SKETCH/DyK1014+966.00_伯舒拉岭右线DyK1014+966洞身素描记录表.pdf,FACE_SKETCH
e611ed466064baf84ce50d73,CHECKBOX_POSITION,e611ed466064baf84ce50d73,,DyK1014+966.00_伯舒拉岭右线DyK1014+966洞身素描记录表.pdf,涌水状态,"(373.4, 405.97, 466.3, 438.27)",25～125 经常渗水√,INLINE_OR_SUFFIX,False,IN_SCOPE,"(373.4, 405.97, 466.3, 438.27)",25～125 经常渗水√,same_cell_mark,/Users/zhaoxiaoda/Library/CloudStorage/GoogleDrive-xiaodazhao0608@gmail.com/我的云端硬盘/TBM9/SKETCH/DyK1014+966.00_伯舒拉岭右线DyK1014+966洞身素描记录表.pdf,FACE_SKETCH
e611ed466064baf84ce50d73,CHECKBOX_POSITION,e611ed466064baf84ce50d73,,DyK1014+966.00_伯舒拉岭右线DyK1014+966洞身素描记录表.pdf,岩溶发育程度,"(373.4, 438.27, 466.3, 454.47)",√ 中等,PREFIX,True,IN_SCOPE,"(224.6, 438.27, 295.45, 454.47)",无√,ignored_prefix_mark_because_suffix_cell_present,/Users/zhaoxiaoda/Library/CloudStorage/GoogleDrive-xiaodazhao0608@gmail.com/我的云端硬盘/TBM9/SKETCH/DyK1014+966.00_伯舒拉岭右线DyK1014+966洞身素描记录表.pdf,FACE_SKETCH
e611ed466064baf84ce50d73,CHECKBOX_POSITION,e611ed466064baf84ce50d73,,DyK1014+966.00_伯舒拉岭右线DyK1014+966洞身素描记录表.pdf,岩溶发育程度,"(224.6, 438.27, 295.45, 454.47)",无√,INLINE_OR_SUFFIX,False,IN_SCOPE,"(224.6, 438.27, 295.45, 454.47)",无√,same_cell_mark,/Users/zhaoxiaoda/Library/CloudStorage/GoogleDrive-xiaodazhao0608@gmail.com/我的云端硬盘/TBM9/SKETCH/DyK1014+966.00_伯舒拉岭右线DyK1014+966洞身素描记录表.pdf,FACE_SKETCH
e1a99079c3c45a64bc910980,CHECKBOX_POSITION,e1a99079c3c45a64bc910980,,DyK1014+996.00_伯舒拉岭右线DyK1014+996洞身素描记录表.pdf,掌子面状态,"(224.6, 213.56999999999994, 295.45, 229.81999999999994)",正面掉块√,INLINE_OR_SUFFIX,False,IN_SCOPE,"(224.6, 213.56999999999994, 295.45, 229.81999999999994)",正面掉块√,same_cell_mark,/Users/zhaoxiaoda/Library/CloudStorage/GoogleDrive-xiaodazhao0608@gmail.com/我的云端硬盘/TBM9/SKETCH/DyK1014+996.00_伯舒拉岭右线DyK1014+996洞身素描记录表.pdf,FACE_SKETCH
e1a99079c3c45a64bc910980,CHECKBOX_POSITION,e1a99079c3c45a64bc910980,,DyK1014+996.00_伯舒拉岭右线DyK1014+996洞身素描记录表.pdf,毛开挖面状态,"(224.6, 229.81999999999994, 295.45, 261.47)",随时间松弛、 掉块√,INLINE_OR_SUFFIX,False,IN_SCOPE,"(224.6, 229.81999999999994, 295.45, 261.47)",随时间松弛、 掉块√,same_cell_mark,/Users/zhaoxiaoda/Library/CloudStorage/GoogleDrive-xiaodazhao0608@gmail.com/我的云端硬盘/TBM9/SKETCH/DyK1014+996.00_伯舒拉岭右线DyK1014+996洞身素描记录表.pdf,FACE_SKETCH
e1a99079c3c45a64bc910980,CHECKBOX_POSITION,e1a99079c3c45a64bc910980,,DyK1014+996.00_伯舒拉岭右线DyK1014+996洞身素描记录表.pdf,岩石强度,"(224.6, 261.47, 295.45, 293.1700000000001)",30＜R≤60√,INLINE_OR_SUFFIX,False,IN_SCOPE,"(224.6, 261.47, 295.45, 293.1700000000001)",30＜R≤60√,same_cell_mark,/Users/zhaoxiaoda/Library/CloudStorage/GoogleDrive-xiaodazhao0608@gmail.com/我的云端硬盘/TBM9/SKETCH/DyK1014+996.00_伯舒拉岭右线DyK1014+996洞身素描记录表.pdf,FACE_SKETCH
e1a99079c3c45a64bc910980,CHECKBOX_POSITION,e1a99079c3c45a64bc910980,,DyK1014+996.00_伯舒拉岭右线DyK1014+996洞身素描记录表.pdf,风化程度,"(295.45, 293.1700000000001, 350.8, 309.56999999999994)",弱风化√,INLINE_OR_SUFFIX,False,IN_SCOPE,"(295.45, 293.1700000000001, 350.8, 309.56999999999994)",弱风化√,same_cell_mark,/Users/zhaoxiaoda/Library/CloudStorage/GoogleDrive-xiaodazhao0608@gmail.com/我的云端硬盘/TBM9/SKETCH/DyK1014+996.00_伯舒拉岭右线DyK1014+996洞身素描记录表.pdf,FACE_SKETCH
e1a99079c3c45a64bc910980,CHECKBOX_POSITION,e1a99079c3c45a64bc910980,,DyK1014+996.00_伯舒拉岭右线DyK1014+996洞身素描记录表.pdf,间距,"(295.45, 309.56999999999994, 350.8, 336.77)",0.2～0.6√,INLINE_OR_SUFFIX,False,IN_SCOPE,"(295.45, 309.56999999999994, 350.8, 336.77)",0.2～0.6√,same_cell_mark,/Users/zhaoxiaoda/Library/CloudStorage/GoogleDrive-xiaodazhao0608@gmail.com/我的云端硬盘/TBM9/SKETCH/DyK1014+996.00_伯舒拉岭右线DyK1014+996洞身素描记录表.pdf,FACE_SKETCH
e1a99079c3c45a64bc910980,CHECKBOX_POSITION,e1a99079c3c45a64bc910980,,DyK1014+996.00_伯舒拉岭右线DyK1014+996洞身素描记录表.pdf,延伸性,"(224.6, 336.77, 295.45, 354.17)",差√,INLINE_OR_SUFFIX,False,IN_SCOPE,"(224.6, 336.77, 295.45, 354.17)",差√,same_cell_mark,/Users/zhaoxiaoda/Library/CloudStorage/GoogleDrive-xiaodazhao0608@gmail.com/我的云端硬盘/TBM9/SKETCH/DyK1014+996.00_伯舒拉岭右线DyK1014+996洞身素描记录表.pdf,FACE_SKETCH
e1a99079c3c45a64bc910980,CHECKBOX_POSITION,e1a99079c3c45a64bc910980,,DyK1014+996.00_伯舒拉岭右线DyK1014+996洞身素描记录表.pdf,粗糙度,"(224.6, 354.17, 295.45, 373.77)",√ 粗糙波纹状,PREFIX,True,IN_SCOPE,"(295.45, 354.17, 408.2, 373.77)",平整光滑有擦痕√,ignored_prefix_mark_because_suffix_cell_present,/Users/zhaoxiaoda/Library/CloudStorage/GoogleDrive-xiaodazhao0608@gmail.com/我的云端硬盘/TBM9/SKETCH/DyK1014+996.00_伯舒拉岭右线DyK1014+996洞身素描记录表.pdf,FACE_SKETCH
e1a99079c3c45a64bc910980,CHECKBOX_POSITION,e1a99079c3c45a64bc910980,,DyK1014+996.00_伯舒拉岭右线DyK1014+996洞身素描记录表.pdf,粗糙度,"(295.45, 354.17, 408.2, 373.77)",平整光滑有擦痕√,INLINE_OR_SUFFIX,False,IN_SCOPE,"(295.45, 354.17, 408.2, 373.77)",平整光滑有擦痕√,same_cell_mark,/Users/zhaoxiaoda/Library/CloudStorage/GoogleDrive-xiaodazhao0608@gmail.com/我的云端硬盘/TBM9/SKETCH/DyK1014+996.00_伯舒拉岭右线DyK1014+996洞身素描记录表.pdf,FACE_SKETCH
e1a99079c3c45a64bc910980,CHECKBOX_POSITION,e1a99079c3c45a64bc910980,,DyK1014+996.00_伯舒拉岭右线DyK1014+996洞身素描记录表.pdf,张开性,"(161.35, 373.77, 224.6, 405.97)",密闭＜0.1√,INLINE_OR_SUFFIX,False,IN_SCOPE,"(161.35, 373.77, 224.6, 405.97)",密闭＜0.1√,same_cell_mark,/Users/zhaoxiaoda/Library/CloudStorage/GoogleDrive-xiaodazhao0608@gmail.com/我的云端硬盘/TBM9/SKETCH/DyK1014+996.00_伯舒拉岭右线DyK1014+996洞身素描记录表.pdf,FACE_SKETCH
e1a99079c3c45a64bc910980,CHECKBOX_POSITION,e1a99079c3c45a64bc910980,,DyK1014+996.00_伯舒拉岭右线DyK1014+996洞身素描记录表.pdf,涌水状态,"(373.4, 405.97, 466.3, 438.27)",25～125 经常渗水√,INLINE_OR_SUFFIX,False,IN_SCOPE,"(373.4, 405.97, 466.3, 438.27)",25～125 经常渗水√,same_cell_mark,/Users/zhaoxiaoda/Library/CloudStorage/GoogleDrive-xiaodazhao0608@gmail.com/我的云端硬盘/TBM9/SKETCH/DyK1014+996.00_伯舒拉岭右线DyK1014+996洞身素描记录表.pdf,FACE_SKETCH
e1a99079c3c45a64bc910980,CHECKBOX_POSITION,e1a99079c3c45a64bc910980,,DyK1014+996.00_伯舒拉岭右线DyK1014+996洞身素描记录表.pdf,岩溶发育程度,"(373.4, 438.27, 466.3, 454.47)",√ 中等,PREFIX,True,IN_SCOPE,"(224.6, 438.27, 295.45, 454.47)",无√,ignored_prefix_mark_because_suffix_cell_present,/Users/zhaoxiaoda/Library/CloudStorage/GoogleDrive-xiaodazhao0608@gmail.com/我的云端硬盘/TBM9/SKETCH/DyK1014+996.00_伯舒拉岭右线DyK1014+996洞身素描记录表.pdf,FACE_SKETCH
e1a99079c3c45a64bc910980,CHECKBOX_POSITION,e1a99079c3c45a64bc910980,,DyK1014+996.00_伯舒拉岭右线DyK1014+996洞身素描记录表.pdf,岩溶发育程度,"(224.6, 438.27, 295.45, 454.47)",无√,INLINE_OR_SUFFIX,False,IN_SCOPE,"(224.6, 438.27, 295.45, 454.47)",无√,same_cell_mark,/Users/zhaoxiaoda/Library/CloudStorage/GoogleDrive-xiaodazhao0608@gmail.com/我的云端硬盘/TBM9/SKETCH/DyK1014+996.00_伯舒拉岭右线DyK1014+996洞身素描记录表.pdf,FACE_SKETCH
d6a117ef990078f68315eda7,CHECKBOX_POSITION,d6a117ef990078f68315eda7,,DyK1015+017.00_伯舒拉岭右线DyK1015+017洞身素描记录表.pdf,掌子面状态,"(224.6, 213.56999999999994, 295.45, 229.81999999999994)",正面掉块√,INLINE_OR_SUFFIX,False,IN_SCOPE,"(224.6, 213.56999999999994, 295.45, 229.81999999999994)",正面掉块√,same_cell_mark,/Users/zhaoxiaoda/Library/CloudStorage/GoogleDrive-xiaodazhao0608@gmail.com/我的云端硬盘/TBM9/SKETCH/DyK1015+017.00_伯舒拉岭右线DyK1015+017洞身素描记录表.pdf,FACE_SKETCH
d6a117ef990078f68315eda7,CHECKBOX_POSITION,d6a117ef990078f68315eda7,,DyK1015+017.00_伯舒拉岭右线DyK1015+017洞身素描记录表.pdf,毛开挖面状态,"(224.6, 229.81999999999994, 295.45, 261.47)",随时间松弛、 掉块√,INLINE_OR_SUFFIX,False,IN_SCOPE,"(224.6, 229.81999999999994, 295.45, 261.47)",随时间松弛、 掉块√,same_cell_mark,/Users/zhaoxiaoda/Library/CloudStorage/GoogleDrive-xiaodazhao0608@gmail.com/我的云端硬盘/TBM9/SKETCH/DyK1015+017.00_伯舒拉岭右线DyK1015+017洞身素描记录表.pdf,FACE_SKETCH
d6a117ef990078f68315eda7,CHECKBOX_POSITION,d6a117ef990078f68315eda7,,DyK1015+017.00_伯舒拉岭右线DyK1015+017洞身素描记录表.pdf,岩石强度,"(224.6, 261.47, 295.45, 293.1700000000001)",30＜R≤60√,INLINE_OR_SUFFIX,False,IN_SCOPE,"(224.6, 261.47, 295.45, 293.1700000000001)",30＜R≤60√,same_cell_mark,/Users/zhaoxiaoda/Library/CloudStorage/GoogleDrive-xiaodazhao0608@gmail.com/我的云端硬盘/TBM9/SKETCH/DyK1015+017.00_伯舒拉岭右线DyK1015+017洞身素描记录表.pdf,FACE_SKETCH
d6a117ef990078f68315eda7,CHECKBOX_POSITION,d6a117ef990078f68315eda7,,DyK1015+017.00_伯舒拉岭右线DyK1015+017洞身素描记录表.pdf,风化程度,"(295.45, 293.1700000000001, 350.8, 309.56999999999994)",弱风化√,INLINE_OR_SUFFIX,False,IN_SCOPE,"(295.45, 293.1700000000001, 350.8, 309.56999999999994)",弱风化√,same_cell_mark,/Users/zhaoxiaoda/Library/CloudStorage/GoogleDrive-xiaodazhao0608@gmail.com/我的云端硬盘/TBM9/SKETCH/DyK1015+017.00_伯舒拉岭右线DyK1015+017洞身素描记录表.pdf,FACE_SKETCH
d6a117ef990078f68315eda7,CHECKBOX_POSITION,d6a117ef990078f68315eda7,,DyK1015+017.00_伯舒拉岭右线DyK1015+017洞身素描记录表.pdf,间距,"(295.45, 309.56999999999994, 350.8, 336.77)",0.2～0.6√,INLINE_OR_SUFFIX,False,IN_SCOPE,"(295.45, 309.56999999999994, 350.8, 336.77)",0.2～0.6√,same_cell_mark,/Users/zhaoxiaoda/Library/CloudStorage/GoogleDrive-xiaodazhao0608@gmail.com/我的云端硬盘/TBM9/SKETCH/DyK1015+017.00_伯舒拉岭右线DyK1015+017洞身素描记录表.pdf,FACE_SKETCH
d6a117ef990078f68315eda7,CHECKBOX_POSITION,d6a117ef990078f68315eda7,,DyK1015+017.00_伯舒拉岭右线DyK1015+017洞身素描记录表.pdf,延伸性,"(224.6, 336.77, 295.45, 354.17)",差√,INLINE_OR_SUFFIX,False,IN_SCOPE,"(224.6, 336.77, 295.45, 354.17)",差√,same_cell_mark,/Users/zhaoxiaoda/Library/CloudStorage/GoogleDrive-xiaodazhao0608@gmail.com/我的云端硬盘/TBM9/SKETCH/DyK1015+017.00_伯舒拉岭右线DyK1015+017洞身素描记录表.pdf,FACE_SKETCH
d6a117ef990078f68315eda7,CHECKBOX_POSITION,d6a117ef990078f68315eda7,,DyK1015+017.00_伯舒拉岭右线DyK1015+017洞身素描记录表.pdf,粗糙度,"(224.6, 354.17, 295.45, 373.77)",√ 粗糙波纹状,PREFIX,True,IN_SCOPE,"(295.45, 354.17, 408.2, 373.77)",平整光滑有擦痕√,ignored_prefix_mark_because_suffix_cell_present,/Users/zhaoxiaoda/Library/CloudStorage/GoogleDrive-xiaodazhao0608@gmail.com/我的云端硬盘/TBM9/SKETCH/DyK1015+017.00_伯舒拉岭右线DyK1015+017洞身素描记录表.pdf,FACE_SKETCH
d6a117ef990078f68315eda7,CHECKBOX_POSITION,d6a117ef990078f68315eda7,,DyK1015+017.00_伯舒拉岭右线DyK1015+017洞身素描记录表.pdf,粗糙度,"(295.45, 354.17, 408.2, 373.77)",平整光滑有擦痕√,INLINE_OR_SUFFIX,False,IN_SCOPE,"(295.45, 354.17, 408.2, 373.77)",平整光滑有擦痕√,same_cell_mark,/Users/zhaoxiaoda/Library/CloudStorage/GoogleDrive-xiaodazhao0608@gmail.com/我的云端硬盘/TBM9/SKETCH/DyK1015+017.00_伯舒拉岭右线DyK1015+017洞身素描记录表.pdf,FACE_SKETCH
d6a117ef990078f68315eda7,CHECKBOX_POSITION,d6a117ef990078f68315eda7,,DyK1015+017.00_伯舒拉岭右线DyK1015+017洞身素描记录表.pdf,张开性,"(161.35, 373.77, 224.6, 405.97)",密闭＜0.1√,INLINE_OR_SUFFIX,False,IN_SCOPE,"(161.35, 373.77, 224.6, 405.97)",密闭＜0.1√,same_cell_mark,/Users/zhaoxiaoda/Library/CloudStorage/GoogleDrive-xiaodazhao0608@gmail.com/我的云端硬盘/TBM9/SKETCH/DyK1015+017.00_伯舒拉岭右线DyK1015+017洞身素描记录表.pdf,FACE_SKETCH
d6a117ef990078f68315eda7,CHECKBOX_POSITION,d6a117ef990078f68315eda7,,DyK1015+017.00_伯舒拉岭右线DyK1015+017洞身素描记录表.pdf,涌水状态,"(373.4, 405.97, 466.3, 438.27)",25～125 经常渗水√,INLINE_OR_SUFFIX,False,IN_SCOPE,"(373.4, 405.97, 466.3, 438.27)",25～125 经常渗水√,same_cell_mark,/Users/zhaoxiaoda/Library/CloudStorage/GoogleDrive-xiaodazhao0608@gmail.com/我的云端硬盘/TBM9/SKETCH/DyK1015+017.00_伯舒拉岭右线DyK1015+017洞身素描记录表.pdf,FACE_SKETCH
d6a117ef990078f68315eda7,CHECKBOX_POSITION,d6a117ef990078f68315eda7,,DyK1015+017.00_伯舒拉岭右线DyK1015+017洞身素描记录表.pdf,岩溶发育程度,"(373.4, 438.27, 466.3, 454.47)",√ 中等,PREFIX,True,IN_SCOPE,"(224.6, 438.27, 295.45, 454.47)",无√,ignored_prefix_mark_because_suffix_cell_present,/Users/zhaoxiaoda/Library/CloudStorage/GoogleDrive-xiaodazhao0608@gmail.com/我的云端硬盘/TBM9/SKETCH/DyK1015+017.00_伯舒拉岭右线DyK1015+017洞身素描记录表.pdf,FACE_SKETCH
d6a117ef990078f68315eda7,CHECKBOX_POSITION,d6a117ef990078f68315eda7,,DyK1015+017.00_伯舒拉岭右线DyK1015+017洞身素描记录表.pdf,岩溶发育程度,"(224.6, 438.27, 295.45, 454.47)",无√,INLINE_OR_SUFFIX,False,IN_SCOPE,"(224.6, 438.27, 295.45, 454.47)",无√,same_cell_mark,/Users/zhaoxiaoda/Library/CloudStorage/GoogleDrive-xiaodazhao0608@gmail.com/我的云端硬盘/TBM9/SKETCH/DyK1015+017.00_伯舒拉岭右线DyK1015+017洞身素描记录表.pdf,FACE_SKETCH
a4c3d9da48db63b054999ebb,CHECKBOX_POSITION,a4c3d9da48db63b054999ebb,,DyK1015+047.00_伯舒拉岭右线DyK1015+047洞身素描记录表.pdf,掌子面状态,"(224.6, 213.56999999999994, 295.45, 229.81999999999994)",正面掉块√,INLINE_OR_SUFFIX,False,IN_SCOPE,"(224.6, 213.56999999999994, 295.45, 229.81999999999994)",正面掉块√,same_cell_mark,/Users/zhaoxiaoda/Library/CloudStorage/GoogleDrive-xiaodazhao0608@gmail.com/我的云端硬盘/TBM9/SKETCH/DyK1015+047.00_伯舒拉岭右线DyK1015+047洞身素描记录表.pdf,FACE_SKETCH
a4c3d9da48db63b054999ebb,CHECKBOX_POSITION,a4c3d9da48db63b054999ebb,,DyK1015+047.00_伯舒拉岭右线DyK1015+047洞身素描记录表.pdf,毛开挖面状态,"(224.6, 229.81999999999994, 295.45, 261.47)",随时间松弛、 掉块√,INLINE_OR_SUFFIX,False,IN_SCOPE,"(224.6, 229.81999999999994, 295.45, 261.47)",随时间松弛、 掉块√,same_cell_mark,/Users/zhaoxiaoda/Library/CloudStorage/GoogleDrive-xiaodazhao0608@gmail.com/我的云端硬盘/TBM9/SKETCH/DyK1015+047.00_伯舒拉岭右线DyK1015+047洞身素描记录表.pdf,FACE_SKETCH
a4c3d9da48db63b054999ebb,CHECKBOX_POSITION,a4c3d9da48db63b054999ebb,,DyK1015+047.00_伯舒拉岭右线DyK1015+047洞身素描记录表.pdf,岩石强度,"(224.6, 261.47, 295.45, 293.1700000000001)",30＜R≤60√,INLINE_OR_SUFFIX,False,IN_SCOPE,"(224.6, 261.47, 295.45, 293.1700000000001)",30＜R≤60√,same_cell_mark,/Users/zhaoxiaoda/Library/CloudStorage/GoogleDrive-xiaodazhao0608@gmail.com/我的云端硬盘/TBM9/SKETCH/DyK1015+047.00_伯舒拉岭右线DyK1015+047洞身素描记录表.pdf,FACE_SKETCH
a4c3d9da48db63b054999ebb,CHECKBOX_POSITION,a4c3d9da48db63b054999ebb,,DyK1015+047.00_伯舒拉岭右线DyK1015+047洞身素描记录表.pdf,风化程度,"(295.45, 293.1700000000001, 350.8, 309.56999999999994)",弱风化√,INLINE_OR_SUFFIX,False,IN_SCOPE,"(295.45, 293.1700000000001, 350.8, 309.56999999999994)",弱风化√,same_cell_mark,/Users/zhaoxiaoda/Library/CloudStorage/GoogleDrive-xiaodazhao0608@gmail.com/我的云端硬盘/TBM9/SKETCH/DyK1015+047.00_伯舒拉岭右线DyK1015+047洞身素描记录表.pdf,FACE_SKETCH
a4c3d9da48db63b054999ebb,CHECKBOX_POSITION,a4c3d9da48db63b054999ebb,,DyK1015+047.00_伯舒拉岭右线DyK1015+047洞身素描记录表.pdf,间距,"(295.45, 309.56999999999994, 350.8, 336.77)",0.2～0.6√,INLINE_OR_SUFFIX,False,IN_SCOPE,"(295.45, 309.56999999999994, 350.8, 336.77)",0.2～0.6√,same_cell_mark,/Users/zhaoxiaoda/Library/CloudStorage/GoogleDrive-xiaodazhao0608@gmail.com/我的云端硬盘/TBM9/SKETCH/DyK1015+047.00_伯舒拉岭右线DyK1015+047洞身素描记录表.pdf,FACE_SKETCH
a4c3d9da48db63b054999ebb,CHECKBOX_POSITION,a4c3d9da48db63b054999ebb,,DyK1015+047.00_伯舒拉岭右线DyK1015+047洞身素描记录表.pdf,延伸性,"(224.6, 336.77, 295.45, 354.17)",差√,INLINE_OR_SUFFIX,False,IN_SCOPE,"(224.6, 336.77, 295.45, 354.17)",差√,same_cell_mark,/Users/zhaoxiaoda/Library/CloudStorage/GoogleDrive-xiaodazhao0608@gmail.com/我的云端硬盘/TBM9/SKETCH/DyK1015+047.00_伯舒拉岭右线DyK1015+047洞身素描记录表.pdf,FACE_SKETCH
a4c3d9da48db63b054999ebb,CHECKBOX_POSITION,a4c3d9da48db63b054999ebb,,DyK1015+047.00_伯舒拉岭右线DyK1015+047洞身素描记录表.pdf,粗糙度,"(224.6, 354.17, 295.45, 373.77)",√ 粗糙波纹状,PREFIX,True,IN_SCOPE,"(295.45, 354.17, 408.2, 373.77)",平整光滑有擦痕√,ignored_prefix_mark_because_suffix_cell_present,/Users/zhaoxiaoda/Library/CloudStorage/GoogleDrive-xiaodazhao0608@gmail.com/我的云端硬盘/TBM9/SKETCH/DyK1015+047.00_伯舒拉岭右线DyK1015+047洞身素描记录表.pdf,FACE_SKETCH
a4c3d9da48db63b054999ebb,CHECKBOX_POSITION,a4c3d9da48db63b054999ebb,,DyK1015+047.00_伯舒拉岭右线DyK1015+047洞身素描记录表.pdf,粗糙度,"(295.45, 354.17, 408.2, 373.77)",平整光滑有擦痕√,INLINE_OR_SUFFIX,False,IN_SCOPE,"(295.45, 354.17, 408.2, 373.77)",平整光滑有擦痕√,same_cell_mark,/Users/zhaoxiaoda/Library/CloudStorage/GoogleDrive-xiaodazhao0608@gmail.com/我的云端硬盘/TBM9/SKETCH/DyK1015+047.00_伯舒拉岭右线DyK1015+047洞身素描记录表.pdf,FACE_SKETCH
a4c3d9da48db63b054999ebb,CHECKBOX_POSITION,a4c3d9da48db63b054999ebb,,DyK1015+047.00_伯舒拉岭右线DyK1015+047洞身素描记录表.pdf,张开性,"(161.35, 373.77, 224.6, 405.97)",密闭＜0.1√,INLINE_OR_SUFFIX,False,IN_SCOPE,"(161.35, 373.77, 224.6, 405.97)",密闭＜0.1√,same_cell_mark,/Users/zhaoxiaoda/Library/CloudStorage/GoogleDrive-xiaodazhao0608@gmail.com/我的云端硬盘/TBM9/SKETCH/DyK1015+047.00_伯舒拉岭右线DyK1015+047洞身素描记录表.pdf,FACE_SKETCH
a4c3d9da48db63b054999ebb,CHECKBOX_POSITION,a4c3d9da48db63b054999ebb,,DyK1015+047.00_伯舒拉岭右线DyK1015+047洞身素描记录表.pdf,涌水状态,"(373.4, 405.97, 466.3, 438.27)",25～125 经常渗水√,INLINE_OR_SUFFIX,False,IN_SCOPE,"(373.4, 405.97, 466.3, 438.27)",25～125 经常渗水√,same_cell_mark,/Users/zhaoxiaoda/Library/CloudStorage/GoogleDrive-xiaodazhao0608@gmail.com/我的云端硬盘/TBM9/SKETCH/DyK1015+047.00_伯舒拉岭右线DyK1015+047洞身素描记录表.pdf,FACE_SKETCH
a4c3d9da48db63b054999ebb,CHECKBOX_POSITION,a4c3d9da48db63b054999ebb,,DyK1015+047.00_伯舒拉岭右线DyK1015+047洞身素描记录表.pdf,岩溶发育程度,"(373.4, 438.27, 466.3, 454.47)",√ 中等,PREFIX,True,IN_SCOPE,"(224.6, 438.27, 295.45, 454.47)",无√,ignored_prefix_mark_because_suffix_cell_present,/Users/zhaoxiaoda/Library/CloudStorage/GoogleDrive-xiaodazhao0608@gmail.com/我的云端硬盘/TBM9/SKETCH/DyK1015+047.00_伯舒拉岭右线DyK1015+047洞身素描记录表.pdf,FACE_SKETCH
a4c3d9da48db63b054999ebb,CHECKBOX_POSITION,a4c3d9da48db63b054999ebb,,DyK1015+047.00_伯舒拉岭右线DyK1015+047洞身素描记录表.pdf,岩溶发育程度,"(224.6, 438.27, 295.45, 454.47)",无√,INLINE_OR_SUFFIX,False,IN_SCOPE,"(224.6, 438.27, 295.45, 454.47)",无√,same_cell_mark,/Users/zhaoxiaoda/Library/CloudStorage/GoogleDrive-xiaodazhao0608@gmail.com/我的云端硬盘/TBM9/SKETCH/DyK1015+047.00_伯舒拉岭右线DyK1015+047洞身素描记录表.pdf,FACE_SKETCH
0ec6c8fe5d3c8e669f5cc4ce,CHECKBOX_POSITION,0ec6c8fe5d3c8e669f5cc4ce,,DyK1015+077.00_伯舒拉岭右线DyK1015+077洞身素描记录表.pdf,掌子面状态,"(224.6, 213.56999999999994, 295.45, 229.81999999999994)",正面掉块√,INLINE_OR_SUFFIX,False,IN_SCOPE,"(224.6, 213.56999999999994, 295.45, 229.81999999999994)",正面掉块√,same_cell_mark,/Users/zhaoxiaoda/Library/CloudStorage/GoogleDrive-xiaodazhao0608@gmail.com/我的云端硬盘/TBM9/SKETCH/DyK1015+077.00_伯舒拉岭右线DyK1015+077洞身素描记录表.pdf,FACE_SKETCH
0ec6c8fe5d3c8e669f5cc4ce,CHECKBOX_POSITION,0ec6c8fe5d3c8e669f5cc4ce,,DyK1015+077.00_伯舒拉岭右线DyK1015+077洞身素描记录表.pdf,毛开挖面状态,"(224.6, 229.81999999999994, 295.45, 261.47)",随时间松弛、 掉块√,INLINE_OR_SUFFIX,False,IN_SCOPE,"(224.6, 229.81999999999994, 295.45, 261.47)",随时间松弛、 掉块√,same_cell_mark,/Users/zhaoxiaoda/Library/CloudStorage/GoogleDrive-xiaodazhao0608@gmail.com/我的云端硬盘/TBM9/SKETCH/DyK1015+077.00_伯舒拉岭右线DyK1015+077洞身素描记录表.pdf,FACE_SKETCH
0ec6c8fe5d3c8e669f5cc4ce,CHECKBOX_POSITION,0ec6c8fe5d3c8e669f5cc4ce,,DyK1015+077.00_伯舒拉岭右线DyK1015+077洞身素描记录表.pdf,岩石强度,"(224.6, 261.47, 295.45, 293.1700000000001)",30＜R≤60√,INLINE_OR_SUFFIX,False,IN_SCOPE,"(224.6, 261.47, 295.45, 293.1700000000001)",30＜R≤60√,same_cell_mark,/Users/zhaoxiaoda/Library/CloudStorage/GoogleDrive-xiaodazhao0608@gmail.com/我的云端硬盘/TBM9/SKETCH/DyK1015+077.00_伯舒拉岭右线DyK1015+077洞身素描记录表.pdf,FACE_SKETCH
0ec6c8fe5d3c8e669f5cc4ce,CHECKBOX_POSITION,0ec6c8fe5d3c8e669f5cc4ce,,DyK1015+077.00_伯舒拉岭右线DyK1015+077洞身素描记录表.pdf,风化程度,"(295.45, 293.1700000000001, 350.8, 309.56999999999994)",弱风化√,INLINE_OR_SUFFIX,False,IN_SCOPE,"(295.45, 293.1700000000001, 350.8, 309.56999999999994)",弱风化√,same_cell_mark,/Users/zhaoxiaoda/Library/CloudStorage/GoogleDrive-xiaodazhao0608@gmail.com/我的云端硬盘/TBM9/SKETCH/DyK1015+077.00_伯舒拉岭右线DyK1015+077洞身素描记录表.pdf,FACE_SKETCH
0ec6c8fe5d3c8e669f5cc4ce,CHECKBOX_POSITION,0ec6c8fe5d3c8e669f5cc4ce,,DyK1015+077.00_伯舒拉岭右线DyK1015+077洞身素描记录表.pdf,间距,"(295.45, 309.56999999999994, 350.8, 336.77)",0.2～0.6√,INLINE_OR_SUFFIX,False,IN_SCOPE,"(295.45, 309.56999999999994, 350.8, 336.77)",0.2～0.6√,same_cell_mark,/Users/zhaoxiaoda/Library/CloudStorage/GoogleDrive-xiaodazhao0608@gmail.com/我的云端硬盘/TBM9/SKETCH/DyK1015+077.00_伯舒拉岭右线DyK1015+077洞身素描记录表.pdf,FACE_SKETCH
0ec6c8fe5d3c8e669f5cc4ce,CHECKBOX_POSITION,0ec6c8fe5d3c8e669f5cc4ce,,DyK1015+077.00_伯舒拉岭右线DyK1015+077洞身素描记录表.pdf,延伸性,"(224.6, 336.77, 295.45, 354.17)",差√,INLINE_OR_SUFFIX,False,IN_SCOPE,"(224.6, 336.77, 295.45, 354.17)",差√,same_cell_mark,/Users/zhaoxiaoda/Library/CloudStorage/GoogleDrive-xiaodazhao0608@gmail.com/我的云端硬盘/TBM9/SKETCH/DyK1015+077.00_伯舒拉岭右线DyK1015+077洞身素描记录表.pdf,FACE_SKETCH
0ec6c8fe5d3c8e669f5cc4ce,CHECKBOX_POSITION,0ec6c8fe5d3c8e669f5cc4ce,,DyK1015+077.00_伯舒拉岭右线DyK1015+077洞身素描记录表.pdf,粗糙度,"(224.6, 354.17, 295.45, 373.77)",√ 粗糙波纹状,PREFIX,True,IN_SCOPE,"(295.45, 354.17, 408.2, 373.77)",平整光滑有擦痕√,ignored_prefix_mark_because_suffix_cell_present,/Users/zhaoxiaoda/Library/CloudStorage/GoogleDrive-xiaodazhao0608@gmail.com/我的云端硬盘/TBM9/SKETCH/DyK1015+077.00_伯舒拉岭右线DyK1015+077洞身素描记录表.pdf,FACE_SKETCH
0ec6c8fe5d3c8e669f5cc4ce,CHECKBOX_POSITION,0ec6c8fe5d3c8e669f5cc4ce,,DyK1015+077.00_伯舒拉岭右线DyK1015+077洞身素描记录表.pdf,粗糙度,"(295.45, 354.17, 408.2, 373.77)",平整光滑有擦痕√,INLINE_OR_SUFFIX,False,IN_SCOPE,"(295.45, 354.17, 408.2, 373.77)",平整光滑有擦痕√,same_cell_mark,/Users/zhaoxiaoda/Library/CloudStorage/GoogleDrive-xiaodazhao0608@gmail.com/我的云端硬盘/TBM9/SKETCH/DyK1015+077.00_伯舒拉岭右线DyK1015+077洞身素描记录表.pdf,FACE_SKETCH
0ec6c8fe5d3c8e669f5cc4ce,CHECKBOX_POSITION,0ec6c8fe5d3c8e669f5cc4ce,,DyK1015+077.00_伯舒拉岭右线DyK1015+077洞身素描记录表.pdf,张开性,"(161.35, 373.77, 224.6, 405.97)",密闭＜0.1√,INLINE_OR_SUFFIX,False,IN_SCOPE,"(161.35, 373.77, 224.6, 405.97)",密闭＜0.1√,same_cell_mark,/Users/zhaoxiaoda/Library/CloudStorage/GoogleDrive-xiaodazhao0608@gmail.com/我的云端硬盘/TBM9/SKETCH/DyK1015+077.00_伯舒拉岭右线DyK1015+077洞身素描记录表.pdf,FACE_SKETCH
0ec6c8fe5d3c8e669f5cc4ce,CHECKBOX_POSITION,0ec6c8fe5d3c8e669f5cc4ce,,DyK1015+077.00_伯舒拉岭右线DyK1015+077洞身素描记录表.pdf,涌水状态,"(373.4, 405.97, 466.3, 438.27)",25～125 经常渗水√,INLINE_OR_SUFFIX,False,IN_SCOPE,"(373.4, 405.97, 466.3, 438.27)",25～125 经常渗水√,same_cell_mark,/Users/zhaoxiaoda/Library/CloudStorage/GoogleDrive-xiaodazhao0608@gmail.com/我的云端硬盘/TBM9/SKETCH/DyK1015+077.00_伯舒拉岭右线DyK1015+077洞身素描记录表.pdf,FACE_SKETCH
0ec6c8fe5d3c8e669f5cc4ce,CHECKBOX_POSITION,0ec6c8fe5d3c8e669f5cc4ce,,DyK1015+077.00_伯舒拉岭右线DyK1015+077洞身素描记录表.pdf,岩溶发育程度,"(373.4, 438.27, 466.3, 454.47)",√ 中等,PREFIX,True,IN_SCOPE,"(224.6, 438.27, 295.45, 454.47)",无√,ignored_prefix_mark_because_suffix_cell_present,/Users/zhaoxiaoda/Library/CloudStorage/GoogleDrive-xiaodazhao0608@gmail.com/我的云端硬盘/TBM9/SKETCH/DyK1015+077.00_伯舒拉岭右线DyK1015+077洞身素描记录表.pdf,FACE_SKETCH
0ec6c8fe5d3c8e669f5cc4ce,CHECKBOX_POSITION,0ec6c8fe5d3c8e669f5cc4ce,,DyK1015+077.00_伯舒拉岭右线DyK1015+077洞身素描记录表.pdf,岩溶发育程度,"(224.6, 438.27, 295.45, 454.47)",无√,INLINE_OR_SUFFIX,False,IN_SCOPE,"(224.6, 438.27, 295.45, 454.47)",无√,same_cell_mark,/Users/zhaoxiaoda/Library/CloudStorage/GoogleDrive-xiaodazhao0608@gmail.com/我的云端硬盘/TBM9/SKETCH/DyK1015+077.00_伯舒拉岭右线DyK1015+077洞身素描记录表.pdf,FACE_SKETCH
2705d998bee4be2ea827f935,CHECKBOX_POSITION,2705d998bee4be2ea827f935,,DyK1015+107.00_伯舒拉岭右线DyK1015+107洞身素描记录表.pdf,掌子面状态,"(224.6, 213.56999999999994, 295.45, 229.81999999999994)",正面掉块√,INLINE_OR_SUFFIX,False,IN_SCOPE,"(224.6, 213.56999999999994, 295.45, 229.81999999999994)",正面掉块√,same_cell_mark,/Users/zhaoxiaoda/Library/CloudStorage/GoogleDrive-xiaodazhao0608@gmail.com/我的云端硬盘/TBM9/SKETCH/DyK1015+107.00_伯舒拉岭右线DyK1015+107洞身素描记录表.pdf,FACE_SKETCH
2705d998bee4be2ea827f935,CHECKBOX_POSITION,2705d998bee4be2ea827f935,,DyK1015+107.00_伯舒拉岭右线DyK1015+107洞身素描记录表.pdf,毛开挖面状态,"(224.6, 229.81999999999994, 295.45, 261.47)",随时间松弛、 掉块√,INLINE_OR_SUFFIX,False,IN_SCOPE,"(224.6, 229.81999999999994, 295.45, 261.47)",随时间松弛、 掉块√,same_cell_mark,/Users/zhaoxiaoda/Library/CloudStorage/GoogleDrive-xiaodazhao0608@gmail.com/我的云端硬盘/TBM9/SKETCH/DyK1015+107.00_伯舒拉岭右线DyK1015+107洞身素描记录表.pdf,FACE_SKETCH
2705d998bee4be2ea827f935,CHECKBOX_POSITION,2705d998bee4be2ea827f935,,DyK1015+107.00_伯舒拉岭右线DyK1015+107洞身素描记录表.pdf,岩石强度,"(224.6, 261.47, 295.45, 293.1700000000001)",30＜R≤60√,INLINE_OR_SUFFIX,False,IN_SCOPE,"(224.6, 261.47, 295.45, 293.1700000000001)",30＜R≤60√,same_cell_mark,/Users/zhaoxiaoda/Library/CloudStorage/GoogleDrive-xiaodazhao0608@gmail.com/我的云端硬盘/TBM9/SKETCH/DyK1015+107.00_伯舒拉岭右线DyK1015+107洞身素描记录表.pdf,FACE_SKETCH
2705d998bee4be2ea827f935,CHECKBOX_POSITION,2705d998bee4be2ea827f935,,DyK1015+107.00_伯舒拉岭右线DyK1015+107洞身素描记录表.pdf,风化程度,"(295.45, 293.1700000000001, 350.8, 309.56999999999994)",弱风化√,INLINE_OR_SUFFIX,False,IN_SCOPE,"(295.45, 293.1700000000001, 350.8, 309.56999999999994)",弱风化√,same_cell_mark,/Users/zhaoxiaoda/Library/CloudStorage/GoogleDrive-xiaodazhao0608@gmail.com/我的云端硬盘/TBM9/SKETCH/DyK1015+107.00_伯舒拉岭右线DyK1015+107洞身素描记录表.pdf,FACE_SKETCH
2705d998bee4be2ea827f935,CHECKBOX_POSITION,2705d998bee4be2ea827f935,,DyK1015+107.00_伯舒拉岭右线DyK1015+107洞身素描记录表.pdf,间距,"(295.45, 309.56999999999994, 350.8, 336.77)",0.2～0.6√,INLINE_OR_SUFFIX,False,IN_SCOPE,"(295.45, 309.56999999999994, 350.8, 336.77)",0.2～0.6√,same_cell_mark,/Users/zhaoxiaoda/Library/CloudStorage/GoogleDrive-xiaodazhao0608@gmail.com/我的云端硬盘/TBM9/SKETCH/DyK1015+107.00_伯舒拉岭右线DyK1015+107洞身素描记录表.pdf,FACE_SKETCH
2705d998bee4be2ea827f935,CHECKBOX_POSITION,2705d998bee4be2ea827f935,,DyK1015+107.00_伯舒拉岭右线DyK1015+107洞身素描记录表.pdf,延伸性,"(224.6, 336.77, 295.45, 354.17)",差√,INLINE_OR_SUFFIX,False,IN_SCOPE,"(224.6, 336.77, 295.45, 354.17)",差√,same_cell_mark,/Users/zhaoxiaoda/Library/CloudStorage/GoogleDrive-xiaodazhao0608@gmail.com/我的云端硬盘/TBM9/SKETCH/DyK1015+107.00_伯舒拉岭右线DyK1015+107洞身素描记录表.pdf,FACE_SKETCH
2705d998bee4be2ea827f935,CHECKBOX_POSITION,2705d998bee4be2ea827f935,,DyK1015+107.00_伯舒拉岭右线DyK1015+107洞身素描记录表.pdf,粗糙度,"(224.6, 354.17, 295.45, 373.77)",√ 粗糙波纹状,PREFIX,True,IN_SCOPE,"(295.45, 354.17, 408.2, 373.77)",平整光滑有擦痕√,ignored_prefix_mark_because_suffix_cell_present,/Users/zhaoxiaoda/Library/CloudStorage/GoogleDrive-xiaodazhao0608@gmail.com/我的云端硬盘/TBM9/SKETCH/DyK1015+107.00_伯舒拉岭右线DyK1015+107洞身素描记录表.pdf,FACE_SKETCH
2705d998bee4be2ea827f935,CHECKBOX_POSITION,2705d998bee4be2ea827f935,,DyK1015+107.00_伯舒拉岭右线DyK1015+107洞身素描记录表.pdf,粗糙度,"(295.45, 354.17, 408.2, 373.77)",平整光滑有擦痕√,INLINE_OR_SUFFIX,False,IN_SCOPE,"(295.45, 354.17, 408.2, 373.77)",平整光滑有擦痕√,same_cell_mark,/Users/zhaoxiaoda/Library/CloudStorage/GoogleDrive-xiaodazhao0608@gmail.com/我的云端硬盘/TBM9/SKETCH/DyK1015+107.00_伯舒拉岭右线DyK1015+107洞身素描记录表.pdf,FACE_SKETCH
2705d998bee4be2ea827f935,CHECKBOX_POSITION,2705d998bee4be2ea827f935,,DyK1015+107.00_伯舒拉岭右线DyK1015+107洞身素描记录表.pdf,张开性,"(161.35, 373.77, 224.6, 405.97)",密闭＜0.1√,INLINE_OR_SUFFIX,False,IN_SCOPE,"(161.35, 373.77, 224.6, 405.97)",密闭＜0.1√,same_cell_mark,/Users/zhaoxiaoda/Library/CloudStorage/GoogleDrive-xiaodazhao0608@gmail.com/我的云端硬盘/TBM9/SKETCH/DyK1015+107.00_伯舒拉岭右线DyK1015+107洞身素描记录表.pdf,FACE_SKETCH
2705d998bee4be2ea827f935,CHECKBOX_POSITION,2705d998bee4be2ea827f935,,DyK1015+107.00_伯舒拉岭右线DyK1015+107洞身素描记录表.pdf,涌水状态,"(373.4, 405.97, 466.3, 438.27)",25～125 经常渗水√,INLINE_OR_SUFFIX,False,IN_SCOPE,"(373.4, 405.97, 466.3, 438.27)",25～125 经常渗水√,same_cell_mark,/Users/zhaoxiaoda/Library/CloudStorage/GoogleDrive-xiaodazhao0608@gmail.com/我的云端硬盘/TBM9/SKETCH/DyK1015+107.00_伯舒拉岭右线DyK1015+107洞身素描记录表.pdf,FACE_SKETCH
2705d998bee4be2ea827f935,CHECKBOX_POSITION,2705d998bee4be2ea827f935,,DyK1015+107.00_伯舒拉岭右线DyK1015+107洞身素描记录表.pdf,岩溶发育程度,"(373.4, 438.27, 466.3, 454.47)",√ 中等,PREFIX,True,IN_SCOPE,"(224.6, 438.27, 295.45, 454.47)",无√,ignored_prefix_mark_because_suffix_cell_present,/Users/zhaoxiaoda/Library/CloudStorage/GoogleDrive-xiaodazhao0608@gmail.com/我的云端硬盘/TBM9/SKETCH/DyK1015+107.00_伯舒拉岭右线DyK1015+107洞身素描记录表.pdf,FACE_SKETCH
2705d998bee4be2ea827f935,CHECKBOX_POSITION,2705d998bee4be2ea827f935,,DyK1015+107.00_伯舒拉岭右线DyK1015+107洞身素描记录表.pdf,岩溶发育程度,"(224.6, 438.27, 295.45, 454.47)",无√,INLINE_OR_SUFFIX,False,IN_SCOPE,"(224.6, 438.27, 295.45, 454.47)",无√,same_cell_mark,/Users/zhaoxiaoda/Library/CloudStorage/GoogleDrive-xiaodazhao0608@gmail.com/我的云端硬盘/TBM9/SKETCH/DyK1015+107.00_伯舒拉岭右线DyK1015+107洞身素描记录表.pdf,FACE_SKETCH
cd57f2166c74fd620e9db302,CHECKBOX_POSITION,cd57f2166c74fd620e9db302,,DyK1015+137.00_伯舒拉岭右线DyK1015+137洞身素描记录表.pdf,掌子面状态,"(224.6, 213.56999999999994, 295.45, 229.81999999999994)",正面掉块√,INLINE_OR_SUFFIX,False,IN_SCOPE,"(224.6, 213.56999999999994, 295.45, 229.81999999999994)",正面掉块√,same_cell_mark,/Users/zhaoxiaoda/Library/CloudStorage/GoogleDrive-xiaodazhao0608@gmail.com/我的云端硬盘/TBM9/SKETCH/DyK1015+137.00_伯舒拉岭右线DyK1015+137洞身素描记录表.pdf,FACE_SKETCH
cd57f2166c74fd620e9db302,CHECKBOX_POSITION,cd57f2166c74fd620e9db302,,DyK1015+137.00_伯舒拉岭右线DyK1015+137洞身素描记录表.pdf,毛开挖面状态,"(224.6, 229.81999999999994, 295.45, 261.47)",随时间松弛、 掉块√,INLINE_OR_SUFFIX,False,IN_SCOPE,"(224.6, 229.81999999999994, 295.45, 261.47)",随时间松弛、 掉块√,same_cell_mark,/Users/zhaoxiaoda/Library/CloudStorage/GoogleDrive-xiaodazhao0608@gmail.com/我的云端硬盘/TBM9/SKETCH/DyK1015+137.00_伯舒拉岭右线DyK1015+137洞身素描记录表.pdf,FACE_SKETCH
cd57f2166c74fd620e9db302,CHECKBOX_POSITION,cd57f2166c74fd620e9db302,,DyK1015+137.00_伯舒拉岭右线DyK1015+137洞身素描记录表.pdf,岩石强度,"(224.6, 261.47, 295.45, 293.1700000000001)",30＜R≤60√,INLINE_OR_SUFFIX,False,IN_SCOPE,"(224.6, 261.47, 295.45, 293.1700000000001)",30＜R≤60√,same_cell_mark,/Users/zhaoxiaoda/Library/CloudStorage/GoogleDrive-xiaodazhao0608@gmail.com/我的云端硬盘/TBM9/SKETCH/DyK1015+137.00_伯舒拉岭右线DyK1015+137洞身素描记录表.pdf,FACE_SKETCH
cd57f2166c74fd620e9db302,CHECKBOX_POSITION,cd57f2166c74fd620e9db302,,DyK1015+137.00_伯舒拉岭右线DyK1015+137洞身素描记录表.pdf,风化程度,"(295.45, 293.1700000000001, 350.8, 309.56999999999994)",弱风化√,INLINE_OR_SUFFIX,False,IN_SCOPE,"(295.45, 293.1700000000001, 350.8, 309.56999999999994)",弱风化√,same_cell_mark,/Users/zhaoxiaoda/Library/CloudStorage/GoogleDrive-xiaodazhao0608@gmail.com/我的云端硬盘/TBM9/SKETCH/DyK1015+137.00_伯舒拉岭右线DyK1015+137洞身素描记录表.pdf,FACE_SKETCH
cd57f2166c74fd620e9db302,CHECKBOX_POSITION,cd57f2166c74fd620e9db302,,DyK1015+137.00_伯舒拉岭右线DyK1015+137洞身素描记录表.pdf,间距,"(295.45, 309.56999999999994, 350.8, 336.77)",0.2～0.6√,INLINE_OR_SUFFIX,False,IN_SCOPE,"(295.45, 309.56999999999994, 350.8, 336.77)",0.2～0.6√,same_cell_mark,/Users/zhaoxiaoda/Library/CloudStorage/GoogleDrive-xiaodazhao0608@gmail.com/我的云端硬盘/TBM9/SKETCH/DyK1015+137.00_伯舒拉岭右线DyK1015+137洞身素描记录表.pdf,FACE_SKETCH
cd57f2166c74fd620e9db302,CHECKBOX_POSITION,cd57f2166c74fd620e9db302,,DyK1015+137.00_伯舒拉岭右线DyK1015+137洞身素描记录表.pdf,延伸性,"(224.6, 336.77, 295.45, 354.17)",差√,INLINE_OR_SUFFIX,False,IN_SCOPE,"(224.6, 336.77, 295.45, 354.17)",差√,same_cell_mark,/Users/zhaoxiaoda/Library/CloudStorage/GoogleDrive-xiaodazhao0608@gmail.com/我的云端硬盘/TBM9/SKETCH/DyK1015+137.00_伯舒拉岭右线DyK1015+137洞身素描记录表.pdf,FACE_SKETCH
cd57f2166c74fd620e9db302,CHECKBOX_POSITION,cd57f2166c74fd620e9db302,,DyK1015+137.00_伯舒拉岭右线DyK1015+137洞身素描记录表.pdf,粗糙度,"(224.6, 354.17, 295.45, 373.77)",√ 粗糙波纹状,PREFIX,True,IN_SCOPE,"(295.45, 354.17, 408.2, 373.77)",平整光滑有擦痕√,ignored_prefix_mark_because_suffix_cell_present,/Users/zhaoxiaoda/Library/CloudStorage/GoogleDrive-xiaodazhao0608@gmail.com/我的云端硬盘/TBM9/SKETCH/DyK1015+137.00_伯舒拉岭右线DyK1015+137洞身素描记录表.pdf,FACE_SKETCH
cd57f2166c74fd620e9db302,CHECKBOX_POSITION,cd57f2166c74fd620e9db302,,DyK1015+137.00_伯舒拉岭右线DyK1015+137洞身素描记录表.pdf,粗糙度,"(295.45, 354.17, 408.2, 373.77)",平整光滑有擦痕√,INLINE_OR_SUFFIX,False,IN_SCOPE,"(295.45, 354.17, 408.2, 373.77)",平整光滑有擦痕√,same_cell_mark,/Users/zhaoxiaoda/Library/CloudStorage/GoogleDrive-xiaodazhao0608@gmail.com/我的云端硬盘/TBM9/SKETCH/DyK1015+137.00_伯舒拉岭右线DyK1015+137洞身素描记录表.pdf,FACE_SKETCH
cd57f2166c74fd620e9db302,CHECKBOX_POSITION,cd57f2166c74fd620e9db302,,DyK1015+137.00_伯舒拉岭右线DyK1015+137洞身素描记录表.pdf,张开性,"(161.35, 373.77, 224.6, 405.97)",密闭＜0.1√,INLINE_OR_SUFFIX,False,IN_SCOPE,"(161.35, 373.77, 224.6, 405.97)",密闭＜0.1√,same_cell_mark,/Users/zhaoxiaoda/Library/CloudStorage/GoogleDrive-xiaodazhao0608@gmail.com/我的云端硬盘/TBM9/SKETCH/DyK1015+137.00_伯舒拉岭右线DyK1015+137洞身素描记录表.pdf,FACE_SKETCH
cd57f2166c74fd620e9db302,CHECKBOX_POSITION,cd57f2166c74fd620e9db302,,DyK1015+137.00_伯舒拉岭右线DyK1015+137洞身素描记录表.pdf,涌水状态,"(373.4, 405.97, 466.3, 438.27)",25～125 经常渗水√,INLINE_OR_SUFFIX,False,IN_SCOPE,"(373.4, 405.97, 466.3, 438.27)",25～125 经常渗水√,same_cell_mark,/Users/zhaoxiaoda/Library/CloudStorage/GoogleDrive-xiaodazhao0608@gmail.com/我的云端硬盘/TBM9/SKETCH/DyK1015+137.00_伯舒拉岭右线DyK1015+137洞身素描记录表.pdf,FACE_SKETCH
cd57f2166c74fd620e9db302,CHECKBOX_POSITION,cd57f2166c74fd620e9db302,,DyK1015+137.00_伯舒拉岭右线DyK1015+137洞身素描记录表.pdf,岩溶发育程度,"(373.4, 438.27, 466.3, 454.47)",√ 中等,PREFIX,True,IN_SCOPE,"(224.6, 438.27, 295.45, 454.47)",无√,ignored_prefix_mark_because_suffix_cell_present,/Users/zhaoxiaoda/Library/CloudStorage/GoogleDrive-xiaodazhao0608@gmail.com/我的云端硬盘/TBM9/SKETCH/DyK1015+137.00_伯舒拉岭右线DyK1015+137洞身素描记录表.pdf,FACE_SKETCH
cd57f2166c74fd620e9db302,CHECKBOX_POSITION,cd57f2166c74fd620e9db302,,DyK1015+137.00_伯舒拉岭右线DyK1015+137洞身素描记录表.pdf,岩溶发育程度,"(224.6, 438.27, 295.45, 454.47)",无√,INLINE_OR_SUFFIX,False,IN_SCOPE,"(224.6, 438.27, 295.45, 454.47)",无√,same_cell_mark,/Users/zhaoxiaoda/Library/CloudStorage/GoogleDrive-xiaodazhao0608@gmail.com/我的云端硬盘/TBM9/SKETCH/DyK1015+137.00_伯舒拉岭右线DyK1015+137洞身素描记录表.pdf,FACE_SKETCH
5ce199edbb436bc2505aa676,CHECKBOX_POSITION,5ce199edbb436bc2505aa676,,DyK1015+167.00_伯舒拉岭右线DyK1015+167洞身素描记录表.pdf,掌子面状态,"(224.6, 213.56999999999994, 295.45, 229.81999999999994)",正面掉块√,INLINE_OR_SUFFIX,False,IN_SCOPE,"(224.6, 213.56999999999994, 295.45, 229.81999999999994)",正面掉块√,same_cell_mark,/Users/zhaoxiaoda/Library/CloudStorage/GoogleDrive-xiaodazhao0608@gmail.com/我的云端硬盘/TBM9/SKETCH/DyK1015+167.00_伯舒拉岭右线DyK1015+167洞身素描记录表.pdf,FACE_SKETCH
5ce199edbb436bc2505aa676,CHECKBOX_POSITION,5ce199edbb436bc2505aa676,,DyK1015+167.00_伯舒拉岭右线DyK1015+167洞身素描记录表.pdf,毛开挖面状态,"(224.6, 229.81999999999994, 295.45, 261.47)",随时间松弛、 掉块√,INLINE_OR_SUFFIX,False,IN_SCOPE,"(224.6, 229.81999999999994, 295.45, 261.47)",随时间松弛、 掉块√,same_cell_mark,/Users/zhaoxiaoda/Library/CloudStorage/GoogleDrive-xiaodazhao0608@gmail.com/我的云端硬盘/TBM9/SKETCH/DyK1015+167.00_伯舒拉岭右线DyK1015+167洞身素描记录表.pdf,FACE_SKETCH
5ce199edbb436bc2505aa676,CHECKBOX_POSITION,5ce199edbb436bc2505aa676,,DyK1015+167.00_伯舒拉岭右线DyK1015+167洞身素描记录表.pdf,岩石强度,"(224.6, 261.47, 295.45, 293.1700000000001)",30＜R≤60√,INLINE_OR_SUFFIX,False,IN_SCOPE,"(224.6, 261.47, 295.45, 293.1700000000001)",30＜R≤60√,same_cell_mark,/Users/zhaoxiaoda/Library/CloudStorage/GoogleDrive-xiaodazhao0608@gmail.com/我的云端硬盘/TBM9/SKETCH/DyK1015+167.00_伯舒拉岭右线DyK1015+167洞身素描记录表.pdf,FACE_SKETCH
5ce199edbb436bc2505aa676,CHECKBOX_POSITION,5ce199edbb436bc2505aa676,,DyK1015+167.00_伯舒拉岭右线DyK1015+167洞身素描记录表.pdf,风化程度,"(295.45, 293.1700000000001, 350.8, 309.56999999999994)",弱风化√,INLINE_OR_SUFFIX,False,IN_SCOPE,"(295.45, 293.1700000000001, 350.8, 309.56999999999994)",弱风化√,same_cell_mark,/Users/zhaoxiaoda/Library/CloudStorage/GoogleDrive-xiaodazhao0608@gmail.com/我的云端硬盘/TBM9/SKETCH/DyK1015+167.00_伯舒拉岭右线DyK1015+167洞身素描记录表.pdf,FACE_SKETCH
5ce199edbb436bc2505aa676,CHECKBOX_POSITION,5ce199edbb436bc2505aa676,,DyK1015+167.00_伯舒拉岭右线DyK1015+167洞身素描记录表.pdf,间距,"(295.45, 309.56999999999994, 350.8, 336.77)",0.2～0.6√,INLINE_OR_SUFFIX,False,IN_SCOPE,"(295.45, 309.56999999999994, 350.8, 336.77)",0.2～0.6√,same_cell_mark,/Users/zhaoxiaoda/Library/CloudStorage/GoogleDrive-xiaodazhao0608@gmail.com/我的云端硬盘/TBM9/SKETCH/DyK1015+167.00_伯舒拉岭右线DyK1015+167洞身素描记录表.pdf,FACE_SKETCH
5ce199edbb436bc2505aa676,CHECKBOX_POSITION,5ce199edbb436bc2505aa676,,DyK1015+167.00_伯舒拉岭右线DyK1015+167洞身素描记录表.pdf,延伸性,"(224.6, 336.77, 295.45, 354.17)",差√,INLINE_OR_SUFFIX,False,IN_SCOPE,"(224.6, 336.77, 295.45, 354.17)",差√,same_cell_mark,/Users/zhaoxiaoda/Library/CloudStorage/GoogleDrive-xiaodazhao0608@gmail.com/我的云端硬盘/TBM9/SKETCH/DyK1015+167.00_伯舒拉岭右线DyK1015+167洞身素描记录表.pdf,FACE_SKETCH
5ce199edbb436bc2505aa676,CHECKBOX_POSITION,5ce199edbb436bc2505aa676,,DyK1015+167.00_伯舒拉岭右线DyK1015+167洞身素描记录表.pdf,粗糙度,"(224.6, 354.17, 295.45, 373.77)",√ 粗糙波纹状,PREFIX,True,IN_SCOPE,"(295.45, 354.17, 408.2, 373.77)",平整光滑有擦痕√,ignored_prefix_mark_because_suffix_cell_present,/Users/zhaoxiaoda/Library/CloudStorage/GoogleDrive-xiaodazhao0608@gmail.com/我的云端硬盘/TBM9/SKETCH/DyK1015+167.00_伯舒拉岭右线DyK1015+167洞身素描记录表.pdf,FACE_SKETCH
5ce199edbb436bc2505aa676,CHECKBOX_POSITION,5ce199edbb436bc2505aa676,,DyK1015+167.00_伯舒拉岭右线DyK1015+167洞身素描记录表.pdf,粗糙度,"(295.45, 354.17, 408.2, 373.77)",平整光滑有擦痕√,INLINE_OR_SUFFIX,False,IN_SCOPE,"(295.45, 354.17, 408.2, 373.77)",平整光滑有擦痕√,same_cell_mark,/Users/zhaoxiaoda/Library/CloudStorage/GoogleDrive-xiaodazhao0608@gmail.com/我的云端硬盘/TBM9/SKETCH/DyK1015+167.00_伯舒拉岭右线DyK1015+167洞身素描记录表.pdf,FACE_SKETCH
5ce199edbb436bc2505aa676,CHECKBOX_POSITION,5ce199edbb436bc2505aa676,,DyK1015+167.00_伯舒拉岭右线DyK1015+167洞身素描记录表.pdf,张开性,"(161.35, 373.77, 224.6, 405.97)",密闭＜0.1√,INLINE_OR_SUFFIX,False,IN_SCOPE,"(161.35, 373.77, 224.6, 405.97)",密闭＜0.1√,same_cell_mark,/Users/zhaoxiaoda/Library/CloudStorage/GoogleDrive-xiaodazhao0608@gmail.com/我的云端硬盘/TBM9/SKETCH/DyK1015+167.00_伯舒拉岭右线DyK1015+167洞身素描记录表.pdf,FACE_SKETCH
5ce199edbb436bc2505aa676,CHECKBOX_POSITION,5ce199edbb436bc2505aa676,,DyK1015+167.00_伯舒拉岭右线DyK1015+167洞身素描记录表.pdf,涌水状态,"(373.4, 405.97, 466.3, 438.27)",25～125 经常渗水√,INLINE_OR_SUFFIX,False,IN_SCOPE,"(373.4, 405.97, 466.3, 438.27)",25～125 经常渗水√,same_cell_mark,/Users/zhaoxiaoda/Library/CloudStorage/GoogleDrive-xiaodazhao0608@gmail.com/我的云端硬盘/TBM9/SKETCH/DyK1015+167.00_伯舒拉岭右线DyK1015+167洞身素描记录表.pdf,FACE_SKETCH
5ce199edbb436bc2505aa676,CHECKBOX_POSITION,5ce199edbb436bc2505aa676,,DyK1015+167.00_伯舒拉岭右线DyK1015+167洞身素描记录表.pdf,岩溶发育程度,"(373.4, 438.27, 466.3, 454.47)",√ 中等,PREFIX,True,IN_SCOPE,"(224.6, 438.27, 295.45, 454.47)",无√,ignored_prefix_mark_because_suffix_cell_present,/Users/zhaoxiaoda/Library/CloudStorage/GoogleDrive-xiaodazhao0608@gmail.com/我的云端硬盘/TBM9/SKETCH/DyK1015+167.00_伯舒拉岭右线DyK1015+167洞身素描记录表.pdf,FACE_SKETCH
5ce199edbb436bc2505aa676,CHECKBOX_POSITION,5ce199edbb436bc2505aa676,,DyK1015+167.00_伯舒拉岭右线DyK1015+167洞身素描记录表.pdf,岩溶发育程度,"(224.6, 438.27, 295.45, 454.47)",无√,INLINE_OR_SUFFIX,False,IN_SCOPE,"(224.6, 438.27, 295.45, 454.47)",无√,same_cell_mark,/Users/zhaoxiaoda/Library/CloudStorage/GoogleDrive-xiaodazhao0608@gmail.com/我的云端硬盘/TBM9/SKETCH/DyK1015+167.00_伯舒拉岭右线DyK1015+167洞身素描记录表.pdf,FACE_SKETCH
e4b76bf670e8c3b905975a18,CHECKBOX_POSITION,e4b76bf670e8c3b905975a18,,DyK1015+197.00_伯舒拉岭右线DyK1015+197洞身素描记录表.pdf,掌子面状态,"(224.6, 213.56999999999994, 295.45, 229.81999999999994)",正面掉块√,INLINE_OR_SUFFIX,False,IN_SCOPE,"(224.6, 213.56999999999994, 295.45, 229.81999999999994)",正面掉块√,same_cell_mark,/Users/zhaoxiaoda/Library/CloudStorage/GoogleDrive-xiaodazhao0608@gmail.com/我的云端硬盘/TBM9/SKETCH/DyK1015+197.00_伯舒拉岭右线DyK1015+197洞身素描记录表.pdf,FACE_SKETCH
e4b76bf670e8c3b905975a18,CHECKBOX_POSITION,e4b76bf670e8c3b905975a18,,DyK1015+197.00_伯舒拉岭右线DyK1015+197洞身素描记录表.pdf,毛开挖面状态,"(224.6, 229.81999999999994, 295.45, 261.47)",随时间松弛、 掉块√,INLINE_OR_SUFFIX,False,IN_SCOPE,"(224.6, 229.81999999999994, 295.45, 261.47)",随时间松弛、 掉块√,same_cell_mark,/Users/zhaoxiaoda/Library/CloudStorage/GoogleDrive-xiaodazhao0608@gmail.com/我的云端硬盘/TBM9/SKETCH/DyK1015+197.00_伯舒拉岭右线DyK1015+197洞身素描记录表.pdf,FACE_SKETCH
e4b76bf670e8c3b905975a18,CHECKBOX_POSITION,e4b76bf670e8c3b905975a18,,DyK1015+197.00_伯舒拉岭右线DyK1015+197洞身素描记录表.pdf,岩石强度,"(224.6, 261.47, 295.45, 293.1700000000001)",30＜R≤60√,INLINE_OR_SUFFIX,False,IN_SCOPE,"(224.6, 261.47, 295.45, 293.1700000000001)",30＜R≤60√,same_cell_mark,/Users/zhaoxiaoda/Library/CloudStorage/GoogleDrive-xiaodazhao0608@gmail.com/我的云端硬盘/TBM9/SKETCH/DyK1015+197.00_伯舒拉岭右线DyK1015+197洞身素描记录表.pdf,FACE_SKETCH
e4b76bf670e8c3b905975a18,CHECKBOX_POSITION,e4b76bf670e8c3b905975a18,,DyK1015+197.00_伯舒拉岭右线DyK1015+197洞身素描记录表.pdf,风化程度,"(295.45, 293.1700000000001, 350.8, 309.56999999999994)",弱风化√,INLINE_OR_SUFFIX,False,IN_SCOPE,"(295.45, 293.1700000000001, 350.8, 309.56999999999994)",弱风化√,same_cell_mark,/Users/zhaoxiaoda/Library/CloudStorage/GoogleDrive-xiaodazhao0608@gmail.com/我的云端硬盘/TBM9/SKETCH/DyK1015+197.00_伯舒拉岭右线DyK1015+197洞身素描记录表.pdf,FACE_SKETCH
e4b76bf670e8c3b905975a18,CHECKBOX_POSITION,e4b76bf670e8c3b905975a18,,DyK1015+197.00_伯舒拉岭右线DyK1015+197洞身素描记录表.pdf,间距,"(295.45, 309.56999999999994, 350.8, 336.77)",0.2～0.6√,INLINE_OR_SUFFIX,False,IN_SCOPE,"(295.45, 309.56999999999994, 350.8, 336.77)",0.2～0.6√,same_cell_mark,/Users/zhaoxiaoda/Library/CloudStorage/GoogleDrive-xiaodazhao0608@gmail.com/我的云端硬盘/TBM9/SKETCH/DyK1015+197.00_伯舒拉岭右线DyK1015+197洞身素描记录表.pdf,FACE_SKETCH
e4b76bf670e8c3b905975a18,CHECKBOX_POSITION,e4b76bf670e8c3b905975a18,,DyK1015+197.00_伯舒拉岭右线DyK1015+197洞身素描记录表.pdf,延伸性,"(224.6, 336.77, 295.45, 354.17)",差√,INLINE_OR_SUFFIX,False,IN_SCOPE,"(224.6, 336.77, 295.45, 354.17)",差√,same_cell_mark,/Users/zhaoxiaoda/Library/CloudStorage/GoogleDrive-xiaodazhao0608@gmail.com/我的云端硬盘/TBM9/SKETCH/DyK1015+197.00_伯舒拉岭右线DyK1015+197洞身素描记录表.pdf,FACE_SKETCH
e4b76bf670e8c3b905975a18,CHECKBOX_POSITION,e4b76bf670e8c3b905975a18,,DyK1015+197.00_伯舒拉岭右线DyK1015+197洞身素描记录表.pdf,粗糙度,"(224.6, 354.17, 295.45, 373.77)",√ 粗糙波纹状,PREFIX,True,IN_SCOPE,"(295.45, 354.17, 408.2, 373.77)",平整光滑有擦痕√,ignored_prefix_mark_because_suffix_cell_present,/Users/zhaoxiaoda/Library/CloudStorage/GoogleDrive-xiaodazhao0608@gmail.com/我的云端硬盘/TBM9/SKETCH/DyK1015+197.00_伯舒拉岭右线DyK1015+197洞身素描记录表.pdf,FACE_SKETCH
e4b76bf670e8c3b905975a18,CHECKBOX_POSITION,e4b76bf670e8c3b905975a18,,DyK1015+197.00_伯舒拉岭右线DyK1015+197洞身素描记录表.pdf,粗糙度,"(295.45, 354.17, 408.2, 373.77)",平整光滑有擦痕√,INLINE_OR_SUFFIX,False,IN_SCOPE,"(295.45, 354.17, 408.2, 373.77)",平整光滑有擦痕√,same_cell_mark,/Users/zhaoxiaoda/Library/CloudStorage/GoogleDrive-xiaodazhao0608@gmail.com/我的云端硬盘/TBM9/SKETCH/DyK1015+197.00_伯舒拉岭右线DyK1015+197洞身素描记录表.pdf,FACE_SKETCH
e4b76bf670e8c3b905975a18,CHECKBOX_POSITION,e4b76bf670e8c3b905975a18,,DyK1015+197.00_伯舒拉岭右线DyK1015+197洞身素描记录表.pdf,张开性,"(161.35, 373.77, 224.6, 405.97)",密闭＜0.1√,INLINE_OR_SUFFIX,False,IN_SCOPE,"(161.35, 373.77, 224.6, 405.97)",密闭＜0.1√,same_cell_mark,/Users/zhaoxiaoda/Library/CloudStorage/GoogleDrive-xiaodazhao0608@gmail.com/我的云端硬盘/TBM9/SKETCH/DyK1015+197.00_伯舒拉岭右线DyK1015+197洞身素描记录表.pdf,FACE_SKETCH
e4b76bf670e8c3b905975a18,CHECKBOX_POSITION,e4b76bf670e8c3b905975a18,,DyK1015+197.00_伯舒拉岭右线DyK1015+197洞身素描记录表.pdf,涌水状态,"(373.4, 405.97, 466.3, 438.27)",25～125 经常渗水√,INLINE_OR_SUFFIX,False,IN_SCOPE,"(373.4, 405.97, 466.3, 438.27)",25～125 经常渗水√,same_cell_mark,/Users/zhaoxiaoda/Library/CloudStorage/GoogleDrive-xiaodazhao0608@gmail.com/我的云端硬盘/TBM9/SKETCH/DyK1015+197.00_伯舒拉岭右线DyK1015+197洞身素描记录表.pdf,FACE_SKETCH
e4b76bf670e8c3b905975a18,CHECKBOX_POSITION,e4b76bf670e8c3b905975a18,,DyK1015+197.00_伯舒拉岭右线DyK1015+197洞身素描记录表.pdf,岩溶发育程度,"(373.4, 438.27, 466.3, 454.47)",√ 中等,PREFIX,True,IN_SCOPE,"(224.6, 438.27, 295.45, 454.47)",无√,ignored_prefix_mark_because_suffix_cell_present,/Users/zhaoxiaoda/Library/CloudStorage/GoogleDrive-xiaodazhao0608@gmail.com/我的云端硬盘/TBM9/SKETCH/DyK1015+197.00_伯舒拉岭右线DyK1015+197洞身素描记录表.pdf,FACE_SKETCH
e4b76bf670e8c3b905975a18,CHECKBOX_POSITION,e4b76bf670e8c3b905975a18,,DyK1015+197.00_伯舒拉岭右线DyK1015+197洞身素描记录表.pdf,岩溶发育程度,"(224.6, 438.27, 295.45, 454.47)",无√,INLINE_OR_SUFFIX,False,IN_SCOPE,"(224.6, 438.27, 295.45, 454.47)",无√,same_cell_mark,/Users/zhaoxiaoda/Library/CloudStorage/GoogleDrive-xiaodazhao0608@gmail.com/我的云端硬盘/TBM9/SKETCH/DyK1015+197.00_伯舒拉岭右线DyK1015+197洞身素描记录表.pdf,FACE_SKETCH
833916369b4511458c6616f7,CHECKBOX_POSITION,833916369b4511458c6616f7,,DyK1015+227.00_伯舒拉岭右线DyK1015+227洞身素描记录表.pdf,掌子面状态,"(224.6, 213.56999999999994, 295.45, 229.81999999999994)",正面掉块√,INLINE_OR_SUFFIX,False,IN_SCOPE,"(224.6, 213.56999999999994, 295.45, 229.81999999999994)",正面掉块√,same_cell_mark,/Users/zhaoxiaoda/Library/CloudStorage/GoogleDrive-xiaodazhao0608@gmail.com/我的云端硬盘/TBM9/SKETCH/DyK1015+227.00_伯舒拉岭右线DyK1015+227洞身素描记录表.pdf,FACE_SKETCH
833916369b4511458c6616f7,CHECKBOX_POSITION,833916369b4511458c6616f7,,DyK1015+227.00_伯舒拉岭右线DyK1015+227洞身素描记录表.pdf,毛开挖面状态,"(224.6, 229.81999999999994, 295.45, 261.47)",随时间松弛、 掉块√,INLINE_OR_SUFFIX,False,IN_SCOPE,"(224.6, 229.81999999999994, 295.45, 261.47)",随时间松弛、 掉块√,same_cell_mark,/Users/zhaoxiaoda/Library/CloudStorage/GoogleDrive-xiaodazhao0608@gmail.com/我的云端硬盘/TBM9/SKETCH/DyK1015+227.00_伯舒拉岭右线DyK1015+227洞身素描记录表.pdf,FACE_SKETCH
833916369b4511458c6616f7,CHECKBOX_POSITION,833916369b4511458c6616f7,,DyK1015+227.00_伯舒拉岭右线DyK1015+227洞身素描记录表.pdf,岩石强度,"(224.6, 261.47, 295.45, 293.1700000000001)",30＜R≤60√,INLINE_OR_SUFFIX,False,IN_SCOPE,"(224.6, 261.47, 295.45, 293.1700000000001)",30＜R≤60√,same_cell_mark,/Users/zhaoxiaoda/Library/CloudStorage/GoogleDrive-xiaodazhao0608@gmail.com/我的云端硬盘/TBM9/SKETCH/DyK1015+227.00_伯舒拉岭右线DyK1015+227洞身素描记录表.pdf,FACE_SKETCH
833916369b4511458c6616f7,CHECKBOX_POSITION,833916369b4511458c6616f7,,DyK1015+227.00_伯舒拉岭右线DyK1015+227洞身素描记录表.pdf,风化程度,"(295.45, 293.1700000000001, 350.8, 309.56999999999994)",弱风化√,INLINE_OR_SUFFIX,False,IN_SCOPE,"(295.45, 293.1700000000001, 350.8, 309.56999999999994)",弱风化√,same_cell_mark,/Users/zhaoxiaoda/Library/CloudStorage/GoogleDrive-xiaodazhao0608@gmail.com/我的云端硬盘/TBM9/SKETCH/DyK1015+227.00_伯舒拉岭右线DyK1015+227洞身素描记录表.pdf,FACE_SKETCH
833916369b4511458c6616f7,CHECKBOX_POSITION,833916369b4511458c6616f7,,DyK1015+227.00_伯舒拉岭右线DyK1015+227洞身素描记录表.pdf,间距,"(295.45, 309.56999999999994, 350.8, 336.77)",0.2～0.6√,INLINE_OR_SUFFIX,False,IN_SCOPE,"(295.45, 309.56999999999994, 350.8, 336.77)",0.2～0.6√,same_cell_mark,/Users/zhaoxiaoda/Library/CloudStorage/GoogleDrive-xiaodazhao0608@gmail.com/我的云端硬盘/TBM9/SKETCH/DyK1015+227.00_伯舒拉岭右线DyK1015+227洞身素描记录表.pdf,FACE_SKETCH
833916369b4511458c6616f7,CHECKBOX_POSITION,833916369b4511458c6616f7,,DyK1015+227.00_伯舒拉岭右线DyK1015+227洞身素描记录表.pdf,延伸性,"(224.6, 336.77, 295.45, 354.17)",差√,INLINE_OR_SUFFIX,False,IN_SCOPE,"(224.6, 336.77, 295.45, 354.17)",差√,same_cell_mark,/Users/zhaoxiaoda/Library/CloudStorage/GoogleDrive-xiaodazhao0608@gmail.com/我的云端硬盘/TBM9/SKETCH/DyK1015+227.00_伯舒拉岭右线DyK1015+227洞身素描记录表.pdf,FACE_SKETCH
833916369b4511458c6616f7,CHECKBOX_POSITION,833916369b4511458c6616f7,,DyK1015+227.00_伯舒拉岭右线DyK1015+227洞身素描记录表.pdf,粗糙度,"(224.6, 354.17, 295.45, 373.77)",√ 粗糙波纹状,PREFIX,True,IN_SCOPE,"(295.45, 354.17, 408.2, 373.77)",平整光滑有擦痕√,ignored_prefix_mark_because_suffix_cell_present,/Users/zhaoxiaoda/Library/CloudStorage/GoogleDrive-xiaodazhao0608@gmail.com/我的云端硬盘/TBM9/SKETCH/DyK1015+227.00_伯舒拉岭右线DyK1015+227洞身素描记录表.pdf,FACE_SKETCH
833916369b4511458c6616f7,CHECKBOX_POSITION,833916369b4511458c6616f7,,DyK1015+227.00_伯舒拉岭右线DyK1015+227洞身素描记录表.pdf,粗糙度,"(295.45, 354.17, 408.2, 373.77)",平整光滑有擦痕√,INLINE_OR_SUFFIX,False,IN_SCOPE,"(295.45, 354.17, 408.2, 373.77)",平整光滑有擦痕√,same_cell_mark,/Users/zhaoxiaoda/Library/CloudStorage/GoogleDrive-xiaodazhao0608@gmail.com/我的云端硬盘/TBM9/SKETCH/DyK1015+227.00_伯舒拉岭右线DyK1015+227洞身素描记录表.pdf,FACE_SKETCH
833916369b4511458c6616f7,CHECKBOX_POSITION,833916369b4511458c6616f7,,DyK1015+227.00_伯舒拉岭右线DyK1015+227洞身素描记录表.pdf,张开性,"(161.35, 373.77, 224.6, 405.97)",密闭＜0.1√,INLINE_OR_SUFFIX,False,IN_SCOPE,"(161.35, 373.77, 224.6, 405.97)",密闭＜0.1√,same_cell_mark,/Users/zhaoxiaoda/Library/CloudStorage/GoogleDrive-xiaodazhao0608@gmail.com/我的云端硬盘/TBM9/SKETCH/DyK1015+227.00_伯舒拉岭右线DyK1015+227洞身素描记录表.pdf,FACE_SKETCH
833916369b4511458c6616f7,CHECKBOX_POSITION,833916369b4511458c6616f7,,DyK1015+227.00_伯舒拉岭右线DyK1015+227洞身素描记录表.pdf,涌水状态,"(373.4, 405.97, 466.3, 438.27)",25～125 经常渗水√,INLINE_OR_SUFFIX,False,IN_SCOPE,"(373.4, 405.97, 466.3, 438.27)",25～125 经常渗水√,same_cell_mark,/Users/zhaoxiaoda/Library/CloudStorage/GoogleDrive-xiaodazhao0608@gmail.com/我的云端硬盘/TBM9/SKETCH/DyK1015+227.00_伯舒拉岭右线DyK1015+227洞身素描记录表.pdf,FACE_SKETCH
833916369b4511458c6616f7,CHECKBOX_POSITION,833916369b4511458c6616f7,,DyK1015+227.00_伯舒拉岭右线DyK1015+227洞身素描记录表.pdf,岩溶发育程度,"(373.4, 438.27, 466.3, 454.47)",√ 中等,PREFIX,True,IN_SCOPE,"(224.6, 438.27, 295.45, 454.47)",无√,ignored_prefix_mark_because_suffix_cell_present,/Users/zhaoxiaoda/Library/CloudStorage/GoogleDrive-xiaodazhao0608@gmail.com/我的云端硬盘/TBM9/SKETCH/DyK1015+227.00_伯舒拉岭右线DyK1015+227洞身素描记录表.pdf,FACE_SKETCH
833916369b4511458c6616f7,CHECKBOX_POSITION,833916369b4511458c6616f7,,DyK1015+227.00_伯舒拉岭右线DyK1015+227洞身素描记录表.pdf,岩溶发育程度,"(224.6, 438.27, 295.45, 454.47)",无√,INLINE_OR_SUFFIX,False,IN_SCOPE,"(224.6, 438.27, 295.45, 454.47)",无√,same_cell_mark,/Users/zhaoxiaoda/Library/CloudStorage/GoogleDrive-xiaodazhao0608@gmail.com/我的云端硬盘/TBM9/SKETCH/DyK1015+227.00_伯舒拉岭右线DyK1015+227洞身素描记录表.pdf,FACE_SKETCH
a19771b1abe7ec31f80b8c3a,CHECKBOX_POSITION,a19771b1abe7ec31f80b8c3a,,DyK1015+257.00_伯舒拉岭右线DyK1015+257洞身素描记录表.pdf,掌子面状态,"(224.6, 213.56999999999994, 295.45, 229.81999999999994)",正面掉块√,INLINE_OR_SUFFIX,False,IN_SCOPE,"(224.6, 213.56999999999994, 295.45, 229.81999999999994)",正面掉块√,same_cell_mark,/Users/zhaoxiaoda/Library/CloudStorage/GoogleDrive-xiaodazhao0608@gmail.com/我的云端硬盘/TBM9/SKETCH/DyK1015+257.00_伯舒拉岭右线DyK1015+257洞身素描记录表.pdf,FACE_SKETCH
a19771b1abe7ec31f80b8c3a,CHECKBOX_POSITION,a19771b1abe7ec31f80b8c3a,,DyK1015+257.00_伯舒拉岭右线DyK1015+257洞身素描记录表.pdf,毛开挖面状态,"(224.6, 229.81999999999994, 295.45, 261.47)",随时间松弛、 掉块√,INLINE_OR_SUFFIX,False,IN_SCOPE,"(224.6, 229.81999999999994, 295.45, 261.47)",随时间松弛、 掉块√,same_cell_mark,/Users/zhaoxiaoda/Library/CloudStorage/GoogleDrive-xiaodazhao0608@gmail.com/我的云端硬盘/TBM9/SKETCH/DyK1015+257.00_伯舒拉岭右线DyK1015+257洞身素描记录表.pdf,FACE_SKETCH
a19771b1abe7ec31f80b8c3a,CHECKBOX_POSITION,a19771b1abe7ec31f80b8c3a,,DyK1015+257.00_伯舒拉岭右线DyK1015+257洞身素描记录表.pdf,岩石强度,"(224.6, 261.47, 295.45, 293.1700000000001)",30＜R≤60√,INLINE_OR_SUFFIX,False,IN_SCOPE,"(224.6, 261.47, 295.45, 293.1700000000001)",30＜R≤60√,same_cell_mark,/Users/zhaoxiaoda/Library/CloudStorage/GoogleDrive-xiaodazhao0608@gmail.com/我的云端硬盘/TBM9/SKETCH/DyK1015+257.00_伯舒拉岭右线DyK1015+257洞身素描记录表.pdf,FACE_SKETCH
a19771b1abe7ec31f80b8c3a,CHECKBOX_POSITION,a19771b1abe7ec31f80b8c3a,,DyK1015+257.00_伯舒拉岭右线DyK1015+257洞身素描记录表.pdf,风化程度,"(295.45, 293.1700000000001, 350.8, 309.56999999999994)",弱风化√,INLINE_OR_SUFFIX,False,IN_SCOPE,"(295.45, 293.1700000000001, 350.8, 309.56999999999994)",弱风化√,same_cell_mark,/Users/zhaoxiaoda/Library/CloudStorage/GoogleDrive-xiaodazhao0608@gmail.com/我的云端硬盘/TBM9/SKETCH/DyK1015+257.00_伯舒拉岭右线DyK1015+257洞身素描记录表.pdf,FACE_SKETCH
a19771b1abe7ec31f80b8c3a,CHECKBOX_POSITION,a19771b1abe7ec31f80b8c3a,,DyK1015+257.00_伯舒拉岭右线DyK1015+257洞身素描记录表.pdf,间距,"(295.45, 309.56999999999994, 350.8, 336.77)",0.2～0.6√,INLINE_OR_SUFFIX,False,IN_SCOPE,"(295.45, 309.56999999999994, 350.8, 336.77)",0.2～0.6√,same_cell_mark,/Users/zhaoxiaoda/Library/CloudStorage/GoogleDrive-xiaodazhao0608@gmail.com/我的云端硬盘/TBM9/SKETCH/DyK1015+257.00_伯舒拉岭右线DyK1015+257洞身素描记录表.pdf,FACE_SKETCH
a19771b1abe7ec31f80b8c3a,CHECKBOX_POSITION,a19771b1abe7ec31f80b8c3a,,DyK1015+257.00_伯舒拉岭右线DyK1015+257洞身素描记录表.pdf,延伸性,"(224.6, 336.77, 295.45, 354.17)",差√,INLINE_OR_SUFFIX,False,IN_SCOPE,"(224.6, 336.77, 295.45, 354.17)",差√,same_cell_mark,/Users/zhaoxiaoda/Library/CloudStorage/GoogleDrive-xiaodazhao0608@gmail.com/我的云端硬盘/TBM9/SKETCH/DyK1015+257.00_伯舒拉岭右线DyK1015+257洞身素描记录表.pdf,FACE_SKETCH
a19771b1abe7ec31f80b8c3a,CHECKBOX_POSITION,a19771b1abe7ec31f80b8c3a,,DyK1015+257.00_伯舒拉岭右线DyK1015+257洞身素描记录表.pdf,粗糙度,"(224.6, 354.17, 295.45, 373.77)",√ 粗糙波纹状,PREFIX,True,IN_SCOPE,"(295.45, 354.17, 408.2, 373.77)",平整光滑有擦痕√,ignored_prefix_mark_because_suffix_cell_present,/Users/zhaoxiaoda/Library/CloudStorage/GoogleDrive-xiaodazhao0608@gmail.com/我的云端硬盘/TBM9/SKETCH/DyK1015+257.00_伯舒拉岭右线DyK1015+257洞身素描记录表.pdf,FACE_SKETCH
a19771b1abe7ec31f80b8c3a,CHECKBOX_POSITION,a19771b1abe7ec31f80b8c3a,,DyK1015+257.00_伯舒拉岭右线DyK1015+257洞身素描记录表.pdf,粗糙度,"(295.45, 354.17, 408.2, 373.77)",平整光滑有擦痕√,INLINE_OR_SUFFIX,False,IN_SCOPE,"(295.45, 354.17, 408.2, 373.77)",平整光滑有擦痕√,same_cell_mark,/Users/zhaoxiaoda/Library/CloudStorage/GoogleDrive-xiaodazhao0608@gmail.com/我的云端硬盘/TBM9/SKETCH/DyK1015+257.00_伯舒拉岭右线DyK1015+257洞身素描记录表.pdf,FACE_SKETCH
a19771b1abe7ec31f80b8c3a,CHECKBOX_POSITION,a19771b1abe7ec31f80b8c3a,,DyK1015+257.00_伯舒拉岭右线DyK1015+257洞身素描记录表.pdf,张开性,"(161.35, 373.77, 224.6, 405.97)",密闭＜0.1√,INLINE_OR_SUFFIX,False,IN_SCOPE,"(161.35, 373.77, 224.6, 405.97)",密闭＜0.1√,same_cell_mark,/Users/zhaoxiaoda/Library/CloudStorage/GoogleDrive-xiaodazhao0608@gmail.com/我的云端硬盘/TBM9/SKETCH/DyK1015+257.00_伯舒拉岭右线DyK1015+257洞身素描记录表.pdf,FACE_SKETCH
a19771b1abe7ec31f80b8c3a,CHECKBOX_POSITION,a19771b1abe7ec31f80b8c3a,,DyK1015+257.00_伯舒拉岭右线DyK1015+257洞身素描记录表.pdf,涌水状态,"(373.4, 405.97, 466.3, 438.27)",25～125 经常渗水√,INLINE_OR_SUFFIX,False,IN_SCOPE,"(373.4, 405.97, 466.3, 438.27)",25～125 经常渗水√,same_cell_mark,/Users/zhaoxiaoda/Library/CloudStorage/GoogleDrive-xiaodazhao0608@gmail.com/我的云端硬盘/TBM9/SKETCH/DyK1015+257.00_伯舒拉岭右线DyK1015+257洞身素描记录表.pdf,FACE_SKETCH
a19771b1abe7ec31f80b8c3a,CHECKBOX_POSITION,a19771b1abe7ec31f80b8c3a,,DyK1015+257.00_伯舒拉岭右线DyK1015+257洞身素描记录表.pdf,岩溶发育程度,"(373.4, 438.27, 466.3, 454.47)",√ 中等,PREFIX,True,IN_SCOPE,"(224.6, 438.27, 295.45, 454.47)",无√,ignored_prefix_mark_because_suffix_cell_present,/Users/zhaoxiaoda/Library/CloudStorage/GoogleDrive-xiaodazhao0608@gmail.com/我的云端硬盘/TBM9/SKETCH/DyK1015+257.00_伯舒拉岭右线DyK1015+257洞身素描记录表.pdf,FACE_SKETCH
a19771b1abe7ec31f80b8c3a,CHECKBOX_POSITION,a19771b1abe7ec31f80b8c3a,,DyK1015+257.00_伯舒拉岭右线DyK1015+257洞身素描记录表.pdf,岩溶发育程度,"(224.6, 438.27, 295.45, 454.47)",无√,INLINE_OR_SUFFIX,False,IN_SCOPE,"(224.6, 438.27, 295.45, 454.47)",无√,same_cell_mark,/Users/zhaoxiaoda/Library/CloudStorage/GoogleDrive-xiaodazhao0608@gmail.com/我的云端硬盘/TBM9/SKETCH/DyK1015+257.00_伯舒拉岭右线DyK1015+257洞身素描记录表.pdf,FACE_SKETCH
cd8277b917b2390805b73439,CHECKBOX_POSITION,cd8277b917b2390805b73439,,DyK1015+283.00_伯舒拉岭右线DyK1015+283洞身素描记录表.pdf,掌子面状态,"(224.6, 213.56999999999994, 295.45, 229.81999999999994)",正面掉块√,INLINE_OR_SUFFIX,False,IN_SCOPE,"(224.6, 213.56999999999994, 295.45, 229.81999999999994)",正面掉块√,same_cell_mark,/Users/zhaoxiaoda/Library/CloudStorage/GoogleDrive-xiaodazhao0608@gmail.com/我的云端硬盘/TBM9/SKETCH/DyK1015+283.00_伯舒拉岭右线DyK1015+283洞身素描记录表.pdf,FACE_SKETCH
cd8277b917b2390805b73439,CHECKBOX_POSITION,cd8277b917b2390805b73439,,DyK1015+283.00_伯舒拉岭右线DyK1015+283洞身素描记录表.pdf,毛开挖面状态,"(224.6, 229.81999999999994, 295.45, 261.47)",随时间松弛、 掉块√,INLINE_OR_SUFFIX,False,IN_SCOPE,"(224.6, 229.81999999999994, 295.45, 261.47)",随时间松弛、 掉块√,same_cell_mark,/Users/zhaoxiaoda/Library/CloudStorage/GoogleDrive-xiaodazhao0608@gmail.com/我的云端硬盘/TBM9/SKETCH/DyK1015+283.00_伯舒拉岭右线DyK1015+283洞身素描记录表.pdf,FACE_SKETCH
cd8277b917b2390805b73439,CHECKBOX_POSITION,cd8277b917b2390805b73439,,DyK1015+283.00_伯舒拉岭右线DyK1015+283洞身素描记录表.pdf,岩石强度,"(224.6, 261.47, 295.45, 293.1700000000001)",30＜R≤60√,INLINE_OR_SUFFIX,False,IN_SCOPE,"(224.6, 261.47, 295.45, 293.1700000000001)",30＜R≤60√,same_cell_mark,/Users/zhaoxiaoda/Library/CloudStorage/GoogleDrive-xiaodazhao0608@gmail.com/我的云端硬盘/TBM9/SKETCH/DyK1015+283.00_伯舒拉岭右线DyK1015+283洞身素描记录表.pdf,FACE_SKETCH
cd8277b917b2390805b73439,CHECKBOX_POSITION,cd8277b917b2390805b73439,,DyK1015+283.00_伯舒拉岭右线DyK1015+283洞身素描记录表.pdf,风化程度,"(295.45, 293.1700000000001, 350.8, 309.56999999999994)",弱风化√,INLINE_OR_SUFFIX,False,IN_SCOPE,"(295.45, 293.1700000000001, 350.8, 309.56999999999994)",弱风化√,same_cell_mark,/Users/zhaoxiaoda/Library/CloudStorage/GoogleDrive-xiaodazhao0608@gmail.com/我的云端硬盘/TBM9/SKETCH/DyK1015+283.00_伯舒拉岭右线DyK1015+283洞身素描记录表.pdf,FACE_SKETCH
cd8277b917b2390805b73439,CHECKBOX_POSITION,cd8277b917b2390805b73439,,DyK1015+283.00_伯舒拉岭右线DyK1015+283洞身素描记录表.pdf,间距,"(295.45, 309.56999999999994, 350.8, 336.77)",0.2～0.6√,INLINE_OR_SUFFIX,False,IN_SCOPE,"(295.45, 309.56999999999994, 350.8, 336.77)",0.2～0.6√,same_cell_mark,/Users/zhaoxiaoda/Library/CloudStorage/GoogleDrive-xiaodazhao0608@gmail.com/我的云端硬盘/TBM9/SKETCH/DyK1015+283.00_伯舒拉岭右线DyK1015+283洞身素描记录表.pdf,FACE_SKETCH
cd8277b917b2390805b73439,CHECKBOX_POSITION,cd8277b917b2390805b73439,,DyK1015+283.00_伯舒拉岭右线DyK1015+283洞身素描记录表.pdf,延伸性,"(224.6, 336.77, 295.45, 354.17)",差√,INLINE_OR_SUFFIX,False,IN_SCOPE,"(224.6, 336.77, 295.45, 354.17)",差√,same_cell_mark,/Users/zhaoxiaoda/Library/CloudStorage/GoogleDrive-xiaodazhao0608@gmail.com/我的云端硬盘/TBM9/SKETCH/DyK1015+283.00_伯舒拉岭右线DyK1015+283洞身素描记录表.pdf,FACE_SKETCH
cd8277b917b2390805b73439,CHECKBOX_POSITION,cd8277b917b2390805b73439,,DyK1015+283.00_伯舒拉岭右线DyK1015+283洞身素描记录表.pdf,粗糙度,"(224.6, 354.17, 295.45, 373.77)",√ 粗糙波纹状,PREFIX,True,IN_SCOPE,"(295.45, 354.17, 408.2, 373.77)",平整光滑有擦痕√,ignored_prefix_mark_because_suffix_cell_present,/Users/zhaoxiaoda/Library/CloudStorage/GoogleDrive-xiaodazhao0608@gmail.com/我的云端硬盘/TBM9/SKETCH/DyK1015+283.00_伯舒拉岭右线DyK1015+283洞身素描记录表.pdf,FACE_SKETCH
cd8277b917b2390805b73439,CHECKBOX_POSITION,cd8277b917b2390805b73439,,DyK1015+283.00_伯舒拉岭右线DyK1015+283洞身素描记录表.pdf,粗糙度,"(295.45, 354.17, 408.2, 373.77)",平整光滑有擦痕√,INLINE_OR_SUFFIX,False,IN_SCOPE,"(295.45, 354.17, 408.2, 373.77)",平整光滑有擦痕√,same_cell_mark,/Users/zhaoxiaoda/Library/CloudStorage/GoogleDrive-xiaodazhao0608@gmail.com/我的云端硬盘/TBM9/SKETCH/DyK1015+283.00_伯舒拉岭右线DyK1015+283洞身素描记录表.pdf,FACE_SKETCH
cd8277b917b2390805b73439,CHECKBOX_POSITION,cd8277b917b2390805b73439,,DyK1015+283.00_伯舒拉岭右线DyK1015+283洞身素描记录表.pdf,张开性,"(224.6, 373.77, 295.45, 405.97)",部分张开 0.1～0.5√,INLINE_OR_SUFFIX,False,IN_SCOPE,"(224.6, 373.77, 295.45, 405.97)",部分张开 0.1～0.5√,same_cell_mark,/Users/zhaoxiaoda/Library/CloudStorage/GoogleDrive-xiaodazhao0608@gmail.com/我的云端硬盘/TBM9/SKETCH/DyK1015+283.00_伯舒拉岭右线DyK1015+283洞身素描记录表.pdf,FACE_SKETCH
cd8277b917b2390805b73439,CHECKBOX_POSITION,cd8277b917b2390805b73439,,DyK1015+283.00_伯舒拉岭右线DyK1015+283洞身素描记录表.pdf,涌水状态,"(373.4, 405.97, 466.3, 438.27)",25～125 经常渗水√,INLINE_OR_SUFFIX,False,IN_SCOPE,"(373.4, 405.97, 466.3, 438.27)",25～125 经常渗水√,same_cell_mark,/Users/zhaoxiaoda/Library/CloudStorage/GoogleDrive-xiaodazhao0608@gmail.com/我的云端硬盘/TBM9/SKETCH/DyK1015+283.00_伯舒拉岭右线DyK1015+283洞身素描记录表.pdf,FACE_SKETCH
cd8277b917b2390805b73439,CHECKBOX_POSITION,cd8277b917b2390805b73439,,DyK1015+283.00_伯舒拉岭右线DyK1015+283洞身素描记录表.pdf,岩溶发育程度,"(373.4, 438.27, 466.3, 454.47)",√ 中等,PREFIX,True,IN_SCOPE,"(224.6, 438.27, 295.45, 454.47)",无√,ignored_prefix_mark_because_suffix_cell_present,/Users/zhaoxiaoda/Library/CloudStorage/GoogleDrive-xiaodazhao0608@gmail.com/我的云端硬盘/TBM9/SKETCH/DyK1015+283.00_伯舒拉岭右线DyK1015+283洞身素描记录表.pdf,FACE_SKETCH
cd8277b917b2390805b73439,CHECKBOX_POSITION,cd8277b917b2390805b73439,,DyK1015+283.00_伯舒拉岭右线DyK1015+283洞身素描记录表.pdf,岩溶发育程度,"(224.6, 438.27, 295.45, 454.47)",无√,INLINE_OR_SUFFIX,False,IN_SCOPE,"(224.6, 438.27, 295.45, 454.47)",无√,same_cell_mark,/Users/zhaoxiaoda/Library/CloudStorage/GoogleDrive-xiaodazhao0608@gmail.com/我的云端硬盘/TBM9/SKETCH/DyK1015+283.00_伯舒拉岭右线DyK1015+283洞身素描记录表.pdf,FACE_SKETCH
deace5b0d7364edd757edfac,CHECKBOX_POSITION,deace5b0d7364edd757edfac,,DyK1015+313.00_伯舒拉岭右线DyK1015+313洞身素描记录表.pdf,掌子面状态,"(224.6, 213.56999999999994, 295.45, 229.81999999999994)",正面掉块√,INLINE_OR_SUFFIX,False,IN_SCOPE,"(224.6, 213.56999999999994, 295.45, 229.81999999999994)",正面掉块√,same_cell_mark,/Users/zhaoxiaoda/Library/CloudStorage/GoogleDrive-xiaodazhao0608@gmail.com/我的云端硬盘/TBM9/SKETCH/DyK1015+313.00_伯舒拉岭右线DyK1015+313洞身素描记录表.pdf,FACE_SKETCH
deace5b0d7364edd757edfac,CHECKBOX_POSITION,deace5b0d7364edd757edfac,,DyK1015+313.00_伯舒拉岭右线DyK1015+313洞身素描记录表.pdf,毛开挖面状态,"(224.6, 229.81999999999994, 295.45, 261.47)",随时间松弛、 掉块√,INLINE_OR_SUFFIX,False,IN_SCOPE,"(224.6, 229.81999999999994, 295.45, 261.47)",随时间松弛、 掉块√,same_cell_mark,/Users/zhaoxiaoda/Library/CloudStorage/GoogleDrive-xiaodazhao0608@gmail.com/我的云端硬盘/TBM9/SKETCH/DyK1015+313.00_伯舒拉岭右线DyK1015+313洞身素描记录表.pdf,FACE_SKETCH
deace5b0d7364edd757edfac,CHECKBOX_POSITION,deace5b0d7364edd757edfac,,DyK1015+313.00_伯舒拉岭右线DyK1015+313洞身素描记录表.pdf,岩石强度,"(224.6, 261.47, 295.45, 293.1700000000001)",30＜R≤60√,INLINE_OR_SUFFIX,False,IN_SCOPE,"(224.6, 261.47, 295.45, 293.1700000000001)",30＜R≤60√,same_cell_mark,/Users/zhaoxiaoda/Library/CloudStorage/GoogleDrive-xiaodazhao0608@gmail.com/我的云端硬盘/TBM9/SKETCH/DyK1015+313.00_伯舒拉岭右线DyK1015+313洞身素描记录表.pdf,FACE_SKETCH
deace5b0d7364edd757edfac,CHECKBOX_POSITION,deace5b0d7364edd757edfac,,DyK1015+313.00_伯舒拉岭右线DyK1015+313洞身素描记录表.pdf,风化程度,"(295.45, 293.1700000000001, 350.8, 309.56999999999994)",弱风化√,INLINE_OR_SUFFIX,False,IN_SCOPE,"(295.45, 293.1700000000001, 350.8, 309.56999999999994)",弱风化√,same_cell_mark,/Users/zhaoxiaoda/Library/CloudStorage/GoogleDrive-xiaodazhao0608@gmail.com/我的云端硬盘/TBM9/SKETCH/DyK1015+313.00_伯舒拉岭右线DyK1015+313洞身素描记录表.pdf,FACE_SKETCH
deace5b0d7364edd757edfac,CHECKBOX_POSITION,deace5b0d7364edd757edfac,,DyK1015+313.00_伯舒拉岭右线DyK1015+313洞身素描记录表.pdf,间距,"(295.45, 309.56999999999994, 350.8, 336.77)",0.2～0.6√,INLINE_OR_SUFFIX,False,IN_SCOPE,"(295.45, 309.56999999999994, 350.8, 336.77)",0.2～0.6√,same_cell_mark,/Users/zhaoxiaoda/Library/CloudStorage/GoogleDrive-xiaodazhao0608@gmail.com/我的云端硬盘/TBM9/SKETCH/DyK1015+313.00_伯舒拉岭右线DyK1015+313洞身素描记录表.pdf,FACE_SKETCH
deace5b0d7364edd757edfac,CHECKBOX_POSITION,deace5b0d7364edd757edfac,,DyK1015+313.00_伯舒拉岭右线DyK1015+313洞身素描记录表.pdf,延伸性,"(224.6, 336.77, 295.45, 354.17)",差√,INLINE_OR_SUFFIX,False,IN_SCOPE,"(224.6, 336.77, 295.45, 354.17)",差√,same_cell_mark,/Users/zhaoxiaoda/Library/CloudStorage/GoogleDrive-xiaodazhao0608@gmail.com/我的云端硬盘/TBM9/SKETCH/DyK1015+313.00_伯舒拉岭右线DyK1015+313洞身素描记录表.pdf,FACE_SKETCH
deace5b0d7364edd757edfac,CHECKBOX_POSITION,deace5b0d7364edd757edfac,,DyK1015+313.00_伯舒拉岭右线DyK1015+313洞身素描记录表.pdf,粗糙度,"(224.6, 354.17, 295.45, 373.77)",√ 粗糙波纹状,PREFIX,True,IN_SCOPE,"(295.45, 354.17, 408.2, 373.77)",平整光滑有擦痕√,ignored_prefix_mark_because_suffix_cell_present,/Users/zhaoxiaoda/Library/CloudStorage/GoogleDrive-xiaodazhao0608@gmail.com/我的云端硬盘/TBM9/SKETCH/DyK1015+313.00_伯舒拉岭右线DyK1015+313洞身素描记录表.pdf,FACE_SKETCH
deace5b0d7364edd757edfac,CHECKBOX_POSITION,deace5b0d7364edd757edfac,,DyK1015+313.00_伯舒拉岭右线DyK1015+313洞身素描记录表.pdf,粗糙度,"(295.45, 354.17, 408.2, 373.77)",平整光滑有擦痕√,INLINE_OR_SUFFIX,False,IN_SCOPE,"(295.45, 354.17, 408.2, 373.77)",平整光滑有擦痕√,same_cell_mark,/Users/zhaoxiaoda/Library/CloudStorage/GoogleDrive-xiaodazhao0608@gmail.com/我的云端硬盘/TBM9/SKETCH/DyK1015+313.00_伯舒拉岭右线DyK1015+313洞身素描记录表.pdf,FACE_SKETCH
deace5b0d7364edd757edfac,CHECKBOX_POSITION,deace5b0d7364edd757edfac,,DyK1015+313.00_伯舒拉岭右线DyK1015+313洞身素描记录表.pdf,张开性,"(224.6, 373.77, 295.45, 405.97)",部分张开 0.1～0.5√,INLINE_OR_SUFFIX,False,IN_SCOPE,"(224.6, 373.77, 295.45, 405.97)",部分张开 0.1～0.5√,same_cell_mark,/Users/zhaoxiaoda/Library/CloudStorage/GoogleDrive-xiaodazhao0608@gmail.com/我的云端硬盘/TBM9/SKETCH/DyK1015+313.00_伯舒拉岭右线DyK1015+313洞身素描记录表.pdf,FACE_SKETCH
deace5b0d7364edd757edfac,CHECKBOX_POSITION,deace5b0d7364edd757edfac,,DyK1015+313.00_伯舒拉岭右线DyK1015+313洞身素描记录表.pdf,涌水状态,"(373.4, 405.97, 466.3, 438.27)",25～125 经常渗水√,INLINE_OR_SUFFIX,False,IN_SCOPE,"(373.4, 405.97, 466.3, 438.27)",25～125 经常渗水√,same_cell_mark,/Users/zhaoxiaoda/Library/CloudStorage/GoogleDrive-xiaodazhao0608@gmail.com/我的云端硬盘/TBM9/SKETCH/DyK1015+313.00_伯舒拉岭右线DyK1015+313洞身素描记录表.pdf,FACE_SKETCH
deace5b0d7364edd757edfac,CHECKBOX_POSITION,deace5b0d7364edd757edfac,,DyK1015+313.00_伯舒拉岭右线DyK1015+313洞身素描记录表.pdf,岩溶发育程度,"(373.4, 438.27, 466.3, 454.47)",√ 中等,PREFIX,True,IN_SCOPE,"(224.6, 438.27, 295.45, 454.47)",无√,ignored_prefix_mark_because_suffix_cell_present,/Users/zhaoxiaoda/Library/CloudStorage/GoogleDrive-xiaodazhao0608@gmail.com/我的云端硬盘/TBM9/SKETCH/DyK1015+313.00_伯舒拉岭右线DyK1015+313洞身素描记录表.pdf,FACE_SKETCH
deace5b0d7364edd757edfac,CHECKBOX_POSITION,deace5b0d7364edd757edfac,,DyK1015+313.00_伯舒拉岭右线DyK1015+313洞身素描记录表.pdf,岩溶发育程度,"(224.6, 438.27, 295.45, 454.47)",无√,INLINE_OR_SUFFIX,False,IN_SCOPE,"(224.6, 438.27, 295.45, 454.47)",无√,same_cell_mark,/Users/zhaoxiaoda/Library/CloudStorage/GoogleDrive-xiaodazhao0608@gmail.com/我的云端硬盘/TBM9/SKETCH/DyK1015+313.00_伯舒拉岭右线DyK1015+313洞身素描记录表.pdf,FACE_SKETCH
02e00321ce5666a8de86a89b,CHECKBOX_POSITION,02e00321ce5666a8de86a89b,,DyK1015+317.00_伯舒拉岭右线DyK1015+317洞身素描记录表.pdf,掌子面状态,"(224.6, 213.56999999999994, 295.45, 229.81999999999994)",正面掉块√,INLINE_OR_SUFFIX,False,IN_SCOPE,"(224.6, 213.56999999999994, 295.45, 229.81999999999994)",正面掉块√,same_cell_mark,/Users/zhaoxiaoda/Library/CloudStorage/GoogleDrive-xiaodazhao0608@gmail.com/我的云端硬盘/TBM9/SKETCH/DyK1015+317.00_伯舒拉岭右线DyK1015+317洞身素描记录表.pdf,FACE_SKETCH
02e00321ce5666a8de86a89b,CHECKBOX_POSITION,02e00321ce5666a8de86a89b,,DyK1015+317.00_伯舒拉岭右线DyK1015+317洞身素描记录表.pdf,毛开挖面状态,"(224.6, 229.81999999999994, 295.45, 261.47)",随时间松弛、 掉块√,INLINE_OR_SUFFIX,False,IN_SCOPE,"(224.6, 229.81999999999994, 295.45, 261.47)",随时间松弛、 掉块√,same_cell_mark,/Users/zhaoxiaoda/Library/CloudStorage/GoogleDrive-xiaodazhao0608@gmail.com/我的云端硬盘/TBM9/SKETCH/DyK1015+317.00_伯舒拉岭右线DyK1015+317洞身素描记录表.pdf,FACE_SKETCH
02e00321ce5666a8de86a89b,CHECKBOX_POSITION,02e00321ce5666a8de86a89b,,DyK1015+317.00_伯舒拉岭右线DyK1015+317洞身素描记录表.pdf,岩石强度,"(224.6, 261.47, 295.45, 293.1700000000001)",30＜R≤60√,INLINE_OR_SUFFIX,False,IN_SCOPE,"(224.6, 261.47, 295.45, 293.1700000000001)",30＜R≤60√,same_cell_mark,/Users/zhaoxiaoda/Library/CloudStorage/GoogleDrive-xiaodazhao0608@gmail.com/我的云端硬盘/TBM9/SKETCH/DyK1015+317.00_伯舒拉岭右线DyK1015+317洞身素描记录表.pdf,FACE_SKETCH
02e00321ce5666a8de86a89b,CHECKBOX_POSITION,02e00321ce5666a8de86a89b,,DyK1015+317.00_伯舒拉岭右线DyK1015+317洞身素描记录表.pdf,风化程度,"(295.45, 293.1700000000001, 350.8, 309.56999999999994)",弱风化√,INLINE_OR_SUFFIX,False,IN_SCOPE,"(295.45, 293.1700000000001, 350.8, 309.56999999999994)",弱风化√,same_cell_mark,/Users/zhaoxiaoda/Library/CloudStorage/GoogleDrive-xiaodazhao0608@gmail.com/我的云端硬盘/TBM9/SKETCH/DyK1015+317.00_伯舒拉岭右线DyK1015+317洞身素描记录表.pdf,FACE_SKETCH
02e00321ce5666a8de86a89b,CHECKBOX_POSITION,02e00321ce5666a8de86a89b,,DyK1015+317.00_伯舒拉岭右线DyK1015+317洞身素描记录表.pdf,间距,"(295.45, 309.56999999999994, 350.8, 336.77)",0.2～0.6√,INLINE_OR_SUFFIX,False,IN_SCOPE,"(295.45, 309.56999999999994, 350.8, 336.77)",0.2～0.6√,same_cell_mark,/Users/zhaoxiaoda/Library/CloudStorage/GoogleDrive-xiaodazhao0608@gmail.com/我的云端硬盘/TBM9/SKETCH/DyK1015+317.00_伯舒拉岭右线DyK1015+317洞身素描记录表.pdf,FACE_SKETCH
02e00321ce5666a8de86a89b,CHECKBOX_POSITION,02e00321ce5666a8de86a89b,,DyK1015+317.00_伯舒拉岭右线DyK1015+317洞身素描记录表.pdf,延伸性,"(224.6, 336.77, 295.45, 354.17)",差√,INLINE_OR_SUFFIX,False,IN_SCOPE,"(224.6, 336.77, 295.45, 354.17)",差√,same_cell_mark,/Users/zhaoxiaoda/Library/CloudStorage/GoogleDrive-xiaodazhao0608@gmail.com/我的云端硬盘/TBM9/SKETCH/DyK1015+317.00_伯舒拉岭右线DyK1015+317洞身素描记录表.pdf,FACE_SKETCH
02e00321ce5666a8de86a89b,CHECKBOX_POSITION,02e00321ce5666a8de86a89b,,DyK1015+317.00_伯舒拉岭右线DyK1015+317洞身素描记录表.pdf,粗糙度,"(224.6, 354.17, 295.45, 373.77)",√ 粗糙波纹状,PREFIX,True,IN_SCOPE,"(295.45, 354.17, 408.2, 373.77)",平整光滑有擦痕√,ignored_prefix_mark_because_suffix_cell_present,/Users/zhaoxiaoda/Library/CloudStorage/GoogleDrive-xiaodazhao0608@gmail.com/我的云端硬盘/TBM9/SKETCH/DyK1015+317.00_伯舒拉岭右线DyK1015+317洞身素描记录表.pdf,FACE_SKETCH
02e00321ce5666a8de86a89b,CHECKBOX_POSITION,02e00321ce5666a8de86a89b,,DyK1015+317.00_伯舒拉岭右线DyK1015+317洞身素描记录表.pdf,粗糙度,"(295.45, 354.17, 408.2, 373.77)",平整光滑有擦痕√,INLINE_OR_SUFFIX,False,IN_SCOPE,"(295.45, 354.17, 408.2, 373.77)",平整光滑有擦痕√,same_cell_mark,/Users/zhaoxiaoda/Library/CloudStorage/GoogleDrive-xiaodazhao0608@gmail.com/我的云端硬盘/TBM9/SKETCH/DyK1015+317.00_伯舒拉岭右线DyK1015+317洞身素描记录表.pdf,FACE_SKETCH
02e00321ce5666a8de86a89b,CHECKBOX_POSITION,02e00321ce5666a8de86a89b,,DyK1015+317.00_伯舒拉岭右线DyK1015+317洞身素描记录表.pdf,张开性,"(224.6, 373.77, 295.45, 405.97)",部分张开 0.1～0.5√,INLINE_OR_SUFFIX,False,IN_SCOPE,"(224.6, 373.77, 295.45, 405.97)",部分张开 0.1～0.5√,same_cell_mark,/Users/zhaoxiaoda/Library/CloudStorage/GoogleDrive-xiaodazhao0608@gmail.com/我的云端硬盘/TBM9/SKETCH/DyK1015+317.00_伯舒拉岭右线DyK1015+317洞身素描记录表.pdf,FACE_SKETCH
02e00321ce5666a8de86a89b,CHECKBOX_POSITION,02e00321ce5666a8de86a89b,,DyK1015+317.00_伯舒拉岭右线DyK1015+317洞身素描记录表.pdf,涌水状态,"(373.4, 405.97, 466.3, 438.27)",25～125 经常渗水√,INLINE_OR_SUFFIX,False,IN_SCOPE,"(373.4, 405.97, 466.3, 438.27)",25～125 经常渗水√,same_cell_mark,/Users/zhaoxiaoda/Library/CloudStorage/GoogleDrive-xiaodazhao0608@gmail.com/我的云端硬盘/TBM9/SKETCH/DyK1015+317.00_伯舒拉岭右线DyK1015+317洞身素描记录表.pdf,FACE_SKETCH
02e00321ce5666a8de86a89b,CHECKBOX_POSITION,02e00321ce5666a8de86a89b,,DyK1015+317.00_伯舒拉岭右线DyK1015+317洞身素描记录表.pdf,岩溶发育程度,"(373.4, 438.27, 466.3, 454.47)",√ 中等,PREFIX,True,IN_SCOPE,"(224.6, 438.27, 295.45, 454.47)",无√,ignored_prefix_mark_because_suffix_cell_present,/Users/zhaoxiaoda/Library/CloudStorage/GoogleDrive-xiaodazhao0608@gmail.com/我的云端硬盘/TBM9/SKETCH/DyK1015+317.00_伯舒拉岭右线DyK1015+317洞身素描记录表.pdf,FACE_SKETCH
02e00321ce5666a8de86a89b,CHECKBOX_POSITION,02e00321ce5666a8de86a89b,,DyK1015+317.00_伯舒拉岭右线DyK1015+317洞身素描记录表.pdf,岩溶发育程度,"(224.6, 438.27, 295.45, 454.47)",无√,INLINE_OR_SUFFIX,False,IN_SCOPE,"(224.6, 438.27, 295.45, 454.47)",无√,same_cell_mark,/Users/zhaoxiaoda/Library/CloudStorage/GoogleDrive-xiaodazhao0608@gmail.com/我的云端硬盘/TBM9/SKETCH/DyK1015+317.00_伯舒拉岭右线DyK1015+317洞身素描记录表.pdf,FACE_SKETCH
ab6ec63c7363a766c9f752eb,CHECKBOX_POSITION,ab6ec63c7363a766c9f752eb,,DyK1015+347.00_伯舒拉岭右线DyK1015+347洞身素描记录表.pdf,掌子面状态,"(224.6, 213.56999999999994, 295.45, 229.81999999999994)",正面掉块√,INLINE_OR_SUFFIX,False,IN_SCOPE,"(224.6, 213.56999999999994, 295.45, 229.81999999999994)",正面掉块√,same_cell_mark,/Users/zhaoxiaoda/Library/CloudStorage/GoogleDrive-xiaodazhao0608@gmail.com/我的云端硬盘/TBM9/SKETCH/DyK1015+347.00_伯舒拉岭右线DyK1015+347洞身素描记录表.pdf,FACE_SKETCH
ab6ec63c7363a766c9f752eb,CHECKBOX_POSITION,ab6ec63c7363a766c9f752eb,,DyK1015+347.00_伯舒拉岭右线DyK1015+347洞身素描记录表.pdf,毛开挖面状态,"(224.6, 229.81999999999994, 295.45, 261.47)",随时间松弛、 掉块√,INLINE_OR_SUFFIX,False,IN_SCOPE,"(224.6, 229.81999999999994, 295.45, 261.47)",随时间松弛、 掉块√,same_cell_mark,/Users/zhaoxiaoda/Library/CloudStorage/GoogleDrive-xiaodazhao0608@gmail.com/我的云端硬盘/TBM9/SKETCH/DyK1015+347.00_伯舒拉岭右线DyK1015+347洞身素描记录表.pdf,FACE_SKETCH
ab6ec63c7363a766c9f752eb,CHECKBOX_POSITION,ab6ec63c7363a766c9f752eb,,DyK1015+347.00_伯舒拉岭右线DyK1015+347洞身素描记录表.pdf,岩石强度,"(224.6, 261.47, 295.45, 293.1700000000001)",30＜R≤60√,INLINE_OR_SUFFIX,False,IN_SCOPE,"(224.6, 261.47, 295.45, 293.1700000000001)",30＜R≤60√,same_cell_mark,/Users/zhaoxiaoda/Library/CloudStorage/GoogleDrive-xiaodazhao0608@gmail.com/我的云端硬盘/TBM9/SKETCH/DyK1015+347.00_伯舒拉岭右线DyK1015+347洞身素描记录表.pdf,FACE_SKETCH
ab6ec63c7363a766c9f752eb,CHECKBOX_POSITION,ab6ec63c7363a766c9f752eb,,DyK1015+347.00_伯舒拉岭右线DyK1015+347洞身素描记录表.pdf,风化程度,"(295.45, 293.1700000000001, 350.8, 309.56999999999994)",弱风化√,INLINE_OR_SUFFIX,False,IN_SCOPE,"(295.45, 293.1700000000001, 350.8, 309.56999999999994)",弱风化√,same_cell_mark,/Users/zhaoxiaoda/Library/CloudStorage/GoogleDrive-xiaodazhao0608@gmail.com/我的云端硬盘/TBM9/SKETCH/DyK1015+347.00_伯舒拉岭右线DyK1015+347洞身素描记录表.pdf,FACE_SKETCH
ab6ec63c7363a766c9f752eb,CHECKBOX_POSITION,ab6ec63c7363a766c9f752eb,,DyK1015+347.00_伯舒拉岭右线DyK1015+347洞身素描记录表.pdf,间距,"(295.45, 309.56999999999994, 350.8, 336.77)",0.2～0.6√,INLINE_OR_SUFFIX,False,IN_SCOPE,"(295.45, 309.56999999999994, 350.8, 336.77)",0.2～0.6√,same_cell_mark,/Users/zhaoxiaoda/Library/CloudStorage/GoogleDrive-xiaodazhao0608@gmail.com/我的云端硬盘/TBM9/SKETCH/DyK1015+347.00_伯舒拉岭右线DyK1015+347洞身素描记录表.pdf,FACE_SKETCH
ab6ec63c7363a766c9f752eb,CHECKBOX_POSITION,ab6ec63c7363a766c9f752eb,,DyK1015+347.00_伯舒拉岭右线DyK1015+347洞身素描记录表.pdf,延伸性,"(224.6, 336.77, 295.45, 354.17)",差√,INLINE_OR_SUFFIX,False,IN_SCOPE,"(224.6, 336.77, 295.45, 354.17)",差√,same_cell_mark,/Users/zhaoxiaoda/Library/CloudStorage/GoogleDrive-xiaodazhao0608@gmail.com/我的云端硬盘/TBM9/SKETCH/DyK1015+347.00_伯舒拉岭右线DyK1015+347洞身素描记录表.pdf,FACE_SKETCH
ab6ec63c7363a766c9f752eb,CHECKBOX_POSITION,ab6ec63c7363a766c9f752eb,,DyK1015+347.00_伯舒拉岭右线DyK1015+347洞身素描记录表.pdf,粗糙度,"(224.6, 354.17, 295.45, 373.77)",√ 粗糙波纹状,PREFIX,True,IN_SCOPE,"(295.45, 354.17, 408.2, 373.77)",平整光滑有擦痕√,ignored_prefix_mark_because_suffix_cell_present,/Users/zhaoxiaoda/Library/CloudStorage/GoogleDrive-xiaodazhao0608@gmail.com/我的云端硬盘/TBM9/SKETCH/DyK1015+347.00_伯舒拉岭右线DyK1015+347洞身素描记录表.pdf,FACE_SKETCH
ab6ec63c7363a766c9f752eb,CHECKBOX_POSITION,ab6ec63c7363a766c9f752eb,,DyK1015+347.00_伯舒拉岭右线DyK1015+347洞身素描记录表.pdf,粗糙度,"(295.45, 354.17, 408.2, 373.77)",平整光滑有擦痕√,INLINE_OR_SUFFIX,False,IN_SCOPE,"(295.45, 354.17, 408.2, 373.77)",平整光滑有擦痕√,same_cell_mark,/Users/zhaoxiaoda/Library/CloudStorage/GoogleDrive-xiaodazhao0608@gmail.com/我的云端硬盘/TBM9/SKETCH/DyK1015+347.00_伯舒拉岭右线DyK1015+347洞身素描记录表.pdf,FACE_SKETCH
ab6ec63c7363a766c9f752eb,CHECKBOX_POSITION,ab6ec63c7363a766c9f752eb,,DyK1015+347.00_伯舒拉岭右线DyK1015+347洞身素描记录表.pdf,张开性,"(350.8, 373.77, 408.2, 405.97)",无充填张 开＞1.0√,INLINE_OR_SUFFIX,False,IN_SCOPE,"(350.8, 373.77, 408.2, 405.97)",无充填张 开＞1.0√,same_cell_mark,/Users/zhaoxiaoda/Library/CloudStorage/GoogleDrive-xiaodazhao0608@gmail.com/我的云端硬盘/TBM9/SKETCH/DyK1015+347.00_伯舒拉岭右线DyK1015+347洞身素描记录表.pdf,FACE_SKETCH
ab6ec63c7363a766c9f752eb,CHECKBOX_POSITION,ab6ec63c7363a766c9f752eb,,DyK1015+347.00_伯舒拉岭右线DyK1015+347洞身素描记录表.pdf,涌水状态,"(373.4, 405.97, 466.3, 438.27)",25～125 经常渗水√,INLINE_OR_SUFFIX,False,IN_SCOPE,"(373.4, 405.97, 466.3, 438.27)",25～125 经常渗水√,same_cell_mark,/Users/zhaoxiaoda/Library/CloudStorage/GoogleDrive-xiaodazhao0608@gmail.com/我的云端硬盘/TBM9/SKETCH/DyK1015+347.00_伯舒拉岭右线DyK1015+347洞身素描记录表.pdf,FACE_SKETCH
ab6ec63c7363a766c9f752eb,CHECKBOX_POSITION,ab6ec63c7363a766c9f752eb,,DyK1015+347.00_伯舒拉岭右线DyK1015+347洞身素描记录表.pdf,岩溶发育程度,"(373.4, 438.27, 466.3, 454.47)",√ 中等,PREFIX,True,IN_SCOPE,"(224.6, 438.27, 295.45, 454.47)",无√,ignored_prefix_mark_because_suffix_cell_present,/Users/zhaoxiaoda/Library/CloudStorage/GoogleDrive-xiaodazhao0608@gmail.com/我的云端硬盘/TBM9/SKETCH/DyK1015+347.00_伯舒拉岭右线DyK1015+347洞身素描记录表.pdf,FACE_SKETCH
ab6ec63c7363a766c9f752eb,CHECKBOX_POSITION,ab6ec63c7363a766c9f752eb,,DyK1015+347.00_伯舒拉岭右线DyK1015+347洞身素描记录表.pdf,岩溶发育程度,"(224.6, 438.27, 295.45, 454.47)",无√,INLINE_OR_SUFFIX,False,IN_SCOPE,"(224.6, 438.27, 295.45, 454.47)",无√,same_cell_mark,/Users/zhaoxiaoda/Library/CloudStorage/GoogleDrive-xiaodazhao0608@gmail.com/我的云端硬盘/TBM9/SKETCH/DyK1015+347.00_伯舒拉岭右线DyK1015+347洞身素描记录表.pdf,FACE_SKETCH
56a8f2fb9d840adcc7c87871,CHECKBOX_POSITION,56a8f2fb9d840adcc7c87871,,DyK1015+377.00_伯舒拉岭右线DyK1015+377洞身素描记录表.pdf,掌子面状态,"(224.6, 213.56999999999994, 295.45, 229.81999999999994)",正面掉块√,INLINE_OR_SUFFIX,False,IN_SCOPE,"(224.6, 213.56999999999994, 295.45, 229.81999999999994)",正面掉块√,same_cell_mark,/Users/zhaoxiaoda/Library/CloudStorage/GoogleDrive-xiaodazhao0608@gmail.com/我的云端硬盘/TBM9/SKETCH/DyK1015+377.00_伯舒拉岭右线DyK1015+377洞身素描记录表.pdf,FACE_SKETCH
56a8f2fb9d840adcc7c87871,CHECKBOX_POSITION,56a8f2fb9d840adcc7c87871,,DyK1015+377.00_伯舒拉岭右线DyK1015+377洞身素描记录表.pdf,毛开挖面状态,"(224.6, 229.81999999999994, 295.45, 261.47)",随时间松弛、 掉块√,INLINE_OR_SUFFIX,False,IN_SCOPE,"(224.6, 229.81999999999994, 295.45, 261.47)",随时间松弛、 掉块√,same_cell_mark,/Users/zhaoxiaoda/Library/CloudStorage/GoogleDrive-xiaodazhao0608@gmail.com/我的云端硬盘/TBM9/SKETCH/DyK1015+377.00_伯舒拉岭右线DyK1015+377洞身素描记录表.pdf,FACE_SKETCH
56a8f2fb9d840adcc7c87871,CHECKBOX_POSITION,56a8f2fb9d840adcc7c87871,,DyK1015+377.00_伯舒拉岭右线DyK1015+377洞身素描记录表.pdf,岩石强度,"(224.6, 261.47, 295.45, 293.1700000000001)",30＜R≤60√,INLINE_OR_SUFFIX,False,IN_SCOPE,"(224.6, 261.47, 295.45, 293.1700000000001)",30＜R≤60√,same_cell_mark,/Users/zhaoxiaoda/Library/CloudStorage/GoogleDrive-xiaodazhao0608@gmail.com/我的云端硬盘/TBM9/SKETCH/DyK1015+377.00_伯舒拉岭右线DyK1015+377洞身素描记录表.pdf,FACE_SKETCH
56a8f2fb9d840adcc7c87871,CHECKBOX_POSITION,56a8f2fb9d840adcc7c87871,,DyK1015+377.00_伯舒拉岭右线DyK1015+377洞身素描记录表.pdf,风化程度,"(295.45, 293.1700000000001, 350.8, 309.56999999999994)",弱风化√,INLINE_OR_SUFFIX,False,IN_SCOPE,"(295.45, 293.1700000000001, 350.8, 309.56999999999994)",弱风化√,same_cell_mark,/Users/zhaoxiaoda/Library/CloudStorage/GoogleDrive-xiaodazhao0608@gmail.com/我的云端硬盘/TBM9/SKETCH/DyK1015+377.00_伯舒拉岭右线DyK1015+377洞身素描记录表.pdf,FACE_SKETCH
56a8f2fb9d840adcc7c87871,CHECKBOX_POSITION,56a8f2fb9d840adcc7c87871,,DyK1015+377.00_伯舒拉岭右线DyK1015+377洞身素描记录表.pdf,间距,"(295.45, 309.56999999999994, 350.8, 336.77)",0.2～0.6√,INLINE_OR_SUFFIX,False,IN_SCOPE,"(295.45, 309.56999999999994, 350.8, 336.77)",0.2～0.6√,same_cell_mark,/Users/zhaoxiaoda/Library/CloudStorage/GoogleDrive-xiaodazhao0608@gmail.com/我的云端硬盘/TBM9/SKETCH/DyK1015+377.00_伯舒拉岭右线DyK1015+377洞身素描记录表.pdf,FACE_SKETCH
56a8f2fb9d840adcc7c87871,CHECKBOX_POSITION,56a8f2fb9d840adcc7c87871,,DyK1015+377.00_伯舒拉岭右线DyK1015+377洞身素描记录表.pdf,延伸性,"(224.6, 336.77, 295.45, 354.17)",差√,INLINE_OR_SUFFIX,False,IN_SCOPE,"(224.6, 336.77, 295.45, 354.17)",差√,same_cell_mark,/Users/zhaoxiaoda/Library/CloudStorage/GoogleDrive-xiaodazhao0608@gmail.com/我的云端硬盘/TBM9/SKETCH/DyK1015+377.00_伯舒拉岭右线DyK1015+377洞身素描记录表.pdf,FACE_SKETCH
56a8f2fb9d840adcc7c87871,CHECKBOX_POSITION,56a8f2fb9d840adcc7c87871,,DyK1015+377.00_伯舒拉岭右线DyK1015+377洞身素描记录表.pdf,粗糙度,"(224.6, 354.17, 295.45, 373.77)",√ 粗糙波纹状,PREFIX,True,IN_SCOPE,"(295.45, 354.17, 408.2, 373.77)",平整光滑有擦痕√,ignored_prefix_mark_because_suffix_cell_present,/Users/zhaoxiaoda/Library/CloudStorage/GoogleDrive-xiaodazhao0608@gmail.com/我的云端硬盘/TBM9/SKETCH/DyK1015+377.00_伯舒拉岭右线DyK1015+377洞身素描记录表.pdf,FACE_SKETCH
56a8f2fb9d840adcc7c87871,CHECKBOX_POSITION,56a8f2fb9d840adcc7c87871,,DyK1015+377.00_伯舒拉岭右线DyK1015+377洞身素描记录表.pdf,粗糙度,"(295.45, 354.17, 408.2, 373.77)",平整光滑有擦痕√,INLINE_OR_SUFFIX,False,IN_SCOPE,"(295.45, 354.17, 408.2, 373.77)",平整光滑有擦痕√,same_cell_mark,/Users/zhaoxiaoda/Library/CloudStorage/GoogleDrive-xiaodazhao0608@gmail.com/我的云端硬盘/TBM9/SKETCH/DyK1015+377.00_伯舒拉岭右线DyK1015+377洞身素描记录表.pdf,FACE_SKETCH
56a8f2fb9d840adcc7c87871,CHECKBOX_POSITION,56a8f2fb9d840adcc7c87871,,DyK1015+377.00_伯舒拉岭右线DyK1015+377洞身素描记录表.pdf,张开性,"(350.8, 373.77, 408.2, 405.97)",无充填张 开＞1.0√,INLINE_OR_SUFFIX,False,IN_SCOPE,"(350.8, 373.77, 408.2, 405.97)",无充填张 开＞1.0√,same_cell_mark,/Users/zhaoxiaoda/Library/CloudStorage/GoogleDrive-xiaodazhao0608@gmail.com/我的云端硬盘/TBM9/SKETCH/DyK1015+377.00_伯舒拉岭右线DyK1015+377洞身素描记录表.pdf,FACE_SKETCH
56a8f2fb9d840adcc7c87871,CHECKBOX_POSITION,56a8f2fb9d840adcc7c87871,,DyK1015+377.00_伯舒拉岭右线DyK1015+377洞身素描记录表.pdf,涌水状态,"(373.4, 405.97, 466.3, 438.27)",25～125 经常渗水√,INLINE_OR_SUFFIX,False,IN_SCOPE,"(373.4, 405.97, 466.3, 438.27)",25～125 经常渗水√,same_cell_mark,/Users/zhaoxiaoda/Library/CloudStorage/GoogleDrive-xiaodazhao0608@gmail.com/我的云端硬盘/TBM9/SKETCH/DyK1015+377.00_伯舒拉岭右线DyK1015+377洞身素描记录表.pdf,FACE_SKETCH
56a8f2fb9d840adcc7c87871,CHECKBOX_POSITION,56a8f2fb9d840adcc7c87871,,DyK1015+377.00_伯舒拉岭右线DyK1015+377洞身素描记录表.pdf,岩溶发育程度,"(373.4, 438.27, 466.3, 454.47)",√ 中等,PREFIX,True,IN_SCOPE,"(224.6, 438.27, 295.45, 454.47)",无√,ignored_prefix_mark_because_suffix_cell_present,/Users/zhaoxiaoda/Library/CloudStorage/GoogleDrive-xiaodazhao0608@gmail.com/我的云端硬盘/TBM9/SKETCH/DyK1015+377.00_伯舒拉岭右线DyK1015+377洞身素描记录表.pdf,FACE_SKETCH
56a8f2fb9d840adcc7c87871,CHECKBOX_POSITION,56a8f2fb9d840adcc7c87871,,DyK1015+377.00_伯舒拉岭右线DyK1015+377洞身素描记录表.pdf,岩溶发育程度,"(224.6, 438.27, 295.45, 454.47)",无√,INLINE_OR_SUFFIX,False,IN_SCOPE,"(224.6, 438.27, 295.45, 454.47)",无√,same_cell_mark,/Users/zhaoxiaoda/Library/CloudStorage/GoogleDrive-xiaodazhao0608@gmail.com/我的云端硬盘/TBM9/SKETCH/DyK1015+377.00_伯舒拉岭右线DyK1015+377洞身素描记录表.pdf,FACE_SKETCH
80b7850a0e4320724f94c1d1,CHECKBOX_POSITION,80b7850a0e4320724f94c1d1,,DyK1015+407.00_伯舒拉岭右线DyK1015+407洞身素描记录表.pdf,掌子面状态,"(224.6, 213.56999999999994, 295.45, 229.81999999999994)",正面掉块√,INLINE_OR_SUFFIX,False,IN_SCOPE,"(224.6, 213.56999999999994, 295.45, 229.81999999999994)",正面掉块√,same_cell_mark,/Users/zhaoxiaoda/Library/CloudStorage/GoogleDrive-xiaodazhao0608@gmail.com/我的云端硬盘/TBM9/SKETCH/DyK1015+407.00_伯舒拉岭右线DyK1015+407洞身素描记录表.pdf,FACE_SKETCH
80b7850a0e4320724f94c1d1,CHECKBOX_POSITION,80b7850a0e4320724f94c1d1,,DyK1015+407.00_伯舒拉岭右线DyK1015+407洞身素描记录表.pdf,毛开挖面状态,"(224.6, 229.81999999999994, 295.45, 261.47)",随时间松弛、 掉块√,INLINE_OR_SUFFIX,False,IN_SCOPE,"(224.6, 229.81999999999994, 295.45, 261.47)",随时间松弛、 掉块√,same_cell_mark,/Users/zhaoxiaoda/Library/CloudStorage/GoogleDrive-xiaodazhao0608@gmail.com/我的云端硬盘/TBM9/SKETCH/DyK1015+407.00_伯舒拉岭右线DyK1015+407洞身素描记录表.pdf,FACE_SKETCH
80b7850a0e4320724f94c1d1,CHECKBOX_POSITION,80b7850a0e4320724f94c1d1,,DyK1015+407.00_伯舒拉岭右线DyK1015+407洞身素描记录表.pdf,岩石强度,"(224.6, 261.47, 295.45, 293.1700000000001)",30＜R≤60√,INLINE_OR_SUFFIX,False,IN_SCOPE,"(224.6, 261.47, 295.45, 293.1700000000001)",30＜R≤60√,same_cell_mark,/Users/zhaoxiaoda/Library/CloudStorage/GoogleDrive-xiaodazhao0608@gmail.com/我的云端硬盘/TBM9/SKETCH/DyK1015+407.00_伯舒拉岭右线DyK1015+407洞身素描记录表.pdf,FACE_SKETCH
80b7850a0e4320724f94c1d1,CHECKBOX_POSITION,80b7850a0e4320724f94c1d1,,DyK1015+407.00_伯舒拉岭右线DyK1015+407洞身素描记录表.pdf,风化程度,"(295.45, 293.1700000000001, 350.8, 309.56999999999994)",弱风化√,INLINE_OR_SUFFIX,False,IN_SCOPE,"(295.45, 293.1700000000001, 350.8, 309.56999999999994)",弱风化√,same_cell_mark,/Users/zhaoxiaoda/Library/CloudStorage/GoogleDrive-xiaodazhao0608@gmail.com/我的云端硬盘/TBM9/SKETCH/DyK1015+407.00_伯舒拉岭右线DyK1015+407洞身素描记录表.pdf,FACE_SKETCH
80b7850a0e4320724f94c1d1,CHECKBOX_POSITION,80b7850a0e4320724f94c1d1,,DyK1015+407.00_伯舒拉岭右线DyK1015+407洞身素描记录表.pdf,间距,"(295.45, 309.56999999999994, 350.8, 336.77)",0.2～0.6√,INLINE_OR_SUFFIX,False,IN_SCOPE,"(295.45, 309.56999999999994, 350.8, 336.77)",0.2～0.6√,same_cell_mark,/Users/zhaoxiaoda/Library/CloudStorage/GoogleDrive-xiaodazhao0608@gmail.com/我的云端硬盘/TBM9/SKETCH/DyK1015+407.00_伯舒拉岭右线DyK1015+407洞身素描记录表.pdf,FACE_SKETCH
80b7850a0e4320724f94c1d1,CHECKBOX_POSITION,80b7850a0e4320724f94c1d1,,DyK1015+407.00_伯舒拉岭右线DyK1015+407洞身素描记录表.pdf,延伸性,"(224.6, 336.77, 295.45, 354.17)",差√,INLINE_OR_SUFFIX,False,IN_SCOPE,"(224.6, 336.77, 295.45, 354.17)",差√,same_cell_mark,/Users/zhaoxiaoda/Library/CloudStorage/GoogleDrive-xiaodazhao0608@gmail.com/我的云端硬盘/TBM9/SKETCH/DyK1015+407.00_伯舒拉岭右线DyK1015+407洞身素描记录表.pdf,FACE_SKETCH
80b7850a0e4320724f94c1d1,CHECKBOX_POSITION,80b7850a0e4320724f94c1d1,,DyK1015+407.00_伯舒拉岭右线DyK1015+407洞身素描记录表.pdf,粗糙度,"(224.6, 354.17, 295.45, 373.77)",√ 粗糙波纹状,PREFIX,True,IN_SCOPE,"(295.45, 354.17, 408.2, 373.77)",平整光滑有擦痕√,ignored_prefix_mark_because_suffix_cell_present,/Users/zhaoxiaoda/Library/CloudStorage/GoogleDrive-xiaodazhao0608@gmail.com/我的云端硬盘/TBM9/SKETCH/DyK1015+407.00_伯舒拉岭右线DyK1015+407洞身素描记录表.pdf,FACE_SKETCH
80b7850a0e4320724f94c1d1,CHECKBOX_POSITION,80b7850a0e4320724f94c1d1,,DyK1015+407.00_伯舒拉岭右线DyK1015+407洞身素描记录表.pdf,粗糙度,"(295.45, 354.17, 408.2, 373.77)",平整光滑有擦痕√,INLINE_OR_SUFFIX,False,IN_SCOPE,"(295.45, 354.17, 408.2, 373.77)",平整光滑有擦痕√,same_cell_mark,/Users/zhaoxiaoda/Library/CloudStorage/GoogleDrive-xiaodazhao0608@gmail.com/我的云端硬盘/TBM9/SKETCH/DyK1015+407.00_伯舒拉岭右线DyK1015+407洞身素描记录表.pdf,FACE_SKETCH
80b7850a0e4320724f94c1d1,CHECKBOX_POSITION,80b7850a0e4320724f94c1d1,,DyK1015+407.00_伯舒拉岭右线DyK1015+407洞身素描记录表.pdf,张开性,"(350.8, 373.77, 408.2, 405.97)",无充填张 开＞1.0√,INLINE_OR_SUFFIX,False,IN_SCOPE,"(350.8, 373.77, 408.2, 405.97)",无充填张 开＞1.0√,same_cell_mark,/Users/zhaoxiaoda/Library/CloudStorage/GoogleDrive-xiaodazhao0608@gmail.com/我的云端硬盘/TBM9/SKETCH/DyK1015+407.00_伯舒拉岭右线DyK1015+407洞身素描记录表.pdf,FACE_SKETCH
80b7850a0e4320724f94c1d1,CHECKBOX_POSITION,80b7850a0e4320724f94c1d1,,DyK1015+407.00_伯舒拉岭右线DyK1015+407洞身素描记录表.pdf,涌水状态,"(373.4, 405.97, 466.3, 438.27)",25～125 经常渗水√,INLINE_OR_SUFFIX,False,IN_SCOPE,"(373.4, 405.97, 466.3, 438.27)",25～125 经常渗水√,same_cell_mark,/Users/zhaoxiaoda/Library/CloudStorage/GoogleDrive-xiaodazhao0608@gmail.com/我的云端硬盘/TBM9/SKETCH/DyK1015+407.00_伯舒拉岭右线DyK1015+407洞身素描记录表.pdf,FACE_SKETCH
80b7850a0e4320724f94c1d1,CHECKBOX_POSITION,80b7850a0e4320724f94c1d1,,DyK1015+407.00_伯舒拉岭右线DyK1015+407洞身素描记录表.pdf,岩溶发育程度,"(373.4, 438.27, 466.3, 454.47)",√ 中等,PREFIX,True,IN_SCOPE,"(224.6, 438.27, 295.45, 454.47)",无√,ignored_prefix_mark_because_suffix_cell_present,/Users/zhaoxiaoda/Library/CloudStorage/GoogleDrive-xiaodazhao0608@gmail.com/我的云端硬盘/TBM9/SKETCH/DyK1015+407.00_伯舒拉岭右线DyK1015+407洞身素描记录表.pdf,FACE_SKETCH
80b7850a0e4320724f94c1d1,CHECKBOX_POSITION,80b7850a0e4320724f94c1d1,,DyK1015+407.00_伯舒拉岭右线DyK1015+407洞身素描记录表.pdf,岩溶发育程度,"(224.6, 438.27, 295.45, 454.47)",无√,INLINE_OR_SUFFIX,False,IN_SCOPE,"(224.6, 438.27, 295.45, 454.47)",无√,same_cell_mark,/Users/zhaoxiaoda/Library/CloudStorage/GoogleDrive-xiaodazhao0608@gmail.com/我的云端硬盘/TBM9/SKETCH/DyK1015+407.00_伯舒拉岭右线DyK1015+407洞身素描记录表.pdf,FACE_SKETCH
d8909d2b749384327cc08d47,CHECKBOX_POSITION,d8909d2b749384327cc08d47,,DyK1015+423.00_伯舒拉岭右线DyK1015+423洞身素描记录表.pdf,掌子面状态,"(224.6, 213.56999999999994, 295.45, 229.81999999999994)",正面掉块√,INLINE_OR_SUFFIX,False,IN_SCOPE,"(224.6, 213.56999999999994, 295.45, 229.81999999999994)",正面掉块√,same_cell_mark,/Users/zhaoxiaoda/Library/CloudStorage/GoogleDrive-xiaodazhao0608@gmail.com/我的云端硬盘/TBM9/SKETCH/DyK1015+423.00_伯舒拉岭右线DyK1015+423洞身素描记录表.pdf,FACE_SKETCH
d8909d2b749384327cc08d47,CHECKBOX_POSITION,d8909d2b749384327cc08d47,,DyK1015+423.00_伯舒拉岭右线DyK1015+423洞身素描记录表.pdf,毛开挖面状态,"(224.6, 229.81999999999994, 295.45, 261.47)",随时间松弛、 掉块√,INLINE_OR_SUFFIX,False,IN_SCOPE,"(224.6, 229.81999999999994, 295.45, 261.47)",随时间松弛、 掉块√,same_cell_mark,/Users/zhaoxiaoda/Library/CloudStorage/GoogleDrive-xiaodazhao0608@gmail.com/我的云端硬盘/TBM9/SKETCH/DyK1015+423.00_伯舒拉岭右线DyK1015+423洞身素描记录表.pdf,FACE_SKETCH
d8909d2b749384327cc08d47,CHECKBOX_POSITION,d8909d2b749384327cc08d47,,DyK1015+423.00_伯舒拉岭右线DyK1015+423洞身素描记录表.pdf,岩石强度,"(224.6, 261.47, 295.45, 293.1700000000001)",30＜R≤60√,INLINE_OR_SUFFIX,False,IN_SCOPE,"(224.6, 261.47, 295.45, 293.1700000000001)",30＜R≤60√,same_cell_mark,/Users/zhaoxiaoda/Library/CloudStorage/GoogleDrive-xiaodazhao0608@gmail.com/我的云端硬盘/TBM9/SKETCH/DyK1015+423.00_伯舒拉岭右线DyK1015+423洞身素描记录表.pdf,FACE_SKETCH
d8909d2b749384327cc08d47,CHECKBOX_POSITION,d8909d2b749384327cc08d47,,DyK1015+423.00_伯舒拉岭右线DyK1015+423洞身素描记录表.pdf,风化程度,"(295.45, 293.1700000000001, 350.8, 309.56999999999994)",弱风化√,INLINE_OR_SUFFIX,False,IN_SCOPE,"(295.45, 293.1700000000001, 350.8, 309.56999999999994)",弱风化√,same_cell_mark,/Users/zhaoxiaoda/Library/CloudStorage/GoogleDrive-xiaodazhao0608@gmail.com/我的云端硬盘/TBM9/SKETCH/DyK1015+423.00_伯舒拉岭右线DyK1015+423洞身素描记录表.pdf,FACE_SKETCH
d8909d2b749384327cc08d47,CHECKBOX_POSITION,d8909d2b749384327cc08d47,,DyK1015+423.00_伯舒拉岭右线DyK1015+423洞身素描记录表.pdf,间距,"(295.45, 309.56999999999994, 350.8, 336.77)",0.2～0.6√,INLINE_OR_SUFFIX,False,IN_SCOPE,"(295.45, 309.56999999999994, 350.8, 336.77)",0.2～0.6√,same_cell_mark,/Users/zhaoxiaoda/Library/CloudStorage/GoogleDrive-xiaodazhao0608@gmail.com/我的云端硬盘/TBM9/SKETCH/DyK1015+423.00_伯舒拉岭右线DyK1015+423洞身素描记录表.pdf,FACE_SKETCH
d8909d2b749384327cc08d47,CHECKBOX_POSITION,d8909d2b749384327cc08d47,,DyK1015+423.00_伯舒拉岭右线DyK1015+423洞身素描记录表.pdf,延伸性,"(224.6, 336.77, 295.45, 354.17)",差√,INLINE_OR_SUFFIX,False,IN_SCOPE,"(224.6, 336.77, 295.45, 354.17)",差√,same_cell_mark,/Users/zhaoxiaoda/Library/CloudStorage/GoogleDrive-xiaodazhao0608@gmail.com/我的云端硬盘/TBM9/SKETCH/DyK1015+423.00_伯舒拉岭右线DyK1015+423洞身素描记录表.pdf,FACE_SKETCH
d8909d2b749384327cc08d47,CHECKBOX_POSITION,d8909d2b749384327cc08d47,,DyK1015+423.00_伯舒拉岭右线DyK1015+423洞身素描记录表.pdf,粗糙度,"(224.6, 354.17, 295.45, 373.77)",√ 粗糙波纹状,PREFIX,True,IN_SCOPE,"(295.45, 354.17, 408.2, 373.77)",平整光滑有擦痕√,ignored_prefix_mark_because_suffix_cell_present,/Users/zhaoxiaoda/Library/CloudStorage/GoogleDrive-xiaodazhao0608@gmail.com/我的云端硬盘/TBM9/SKETCH/DyK1015+423.00_伯舒拉岭右线DyK1015+423洞身素描记录表.pdf,FACE_SKETCH
d8909d2b749384327cc08d47,CHECKBOX_POSITION,d8909d2b749384327cc08d47,,DyK1015+423.00_伯舒拉岭右线DyK1015+423洞身素描记录表.pdf,粗糙度,"(295.45, 354.17, 408.2, 373.77)",平整光滑有擦痕√,INLINE_OR_SUFFIX,False,IN_SCOPE,"(295.45, 354.17, 408.2, 373.77)",平整光滑有擦痕√,same_cell_mark,/Users/zhaoxiaoda/Library/CloudStorage/GoogleDrive-xiaodazhao0608@gmail.com/我的云端硬盘/TBM9/SKETCH/DyK1015+423.00_伯舒拉岭右线DyK1015+423洞身素描记录表.pdf,FACE_SKETCH
d8909d2b749384327cc08d47,CHECKBOX_POSITION,d8909d2b749384327cc08d47,,DyK1015+423.00_伯舒拉岭右线DyK1015+423洞身素描记录表.pdf,张开性,"(350.8, 373.77, 408.2, 405.97)",无充填张 开＞1.0√,INLINE_OR_SUFFIX,False,IN_SCOPE,"(350.8, 373.77, 408.2, 405.97)",无充填张 开＞1.0√,same_cell_mark,/Users/zhaoxiaoda/Library/CloudStorage/GoogleDrive-xiaodazhao0608@gmail.com/我的云端硬盘/TBM9/SKETCH/DyK1015+423.00_伯舒拉岭右线DyK1015+423洞身素描记录表.pdf,FACE_SKETCH
d8909d2b749384327cc08d47,CHECKBOX_POSITION,d8909d2b749384327cc08d47,,DyK1015+423.00_伯舒拉岭右线DyK1015+423洞身素描记录表.pdf,涌水状态,"(295.45, 405.97, 373.4, 437.67)",10～25 偶有渗水√,INLINE_OR_SUFFIX,False,IN_SCOPE,"(295.45, 405.97, 373.4, 437.67)",10～25 偶有渗水√,same_cell_mark,/Users/zhaoxiaoda/Library/CloudStorage/GoogleDrive-xiaodazhao0608@gmail.com/我的云端硬盘/TBM9/SKETCH/DyK1015+423.00_伯舒拉岭右线DyK1015+423洞身素描记录表.pdf,FACE_SKETCH
d8909d2b749384327cc08d47,CHECKBOX_POSITION,d8909d2b749384327cc08d47,,DyK1015+423.00_伯舒拉岭右线DyK1015+423洞身素描记录表.pdf,岩溶发育程度,"(224.6, 437.67, 295.45, 453.87)",无√,INLINE_OR_SUFFIX,False,IN_SCOPE,"(224.6, 437.67, 295.45, 453.87)",无√,same_cell_mark,/Users/zhaoxiaoda/Library/CloudStorage/GoogleDrive-xiaodazhao0608@gmail.com/我的云端硬盘/TBM9/SKETCH/DyK1015+423.00_伯舒拉岭右线DyK1015+423洞身素描记录表.pdf,FACE_SKETCH
a3035df5a0b90c579bbc0aa7,CHECKBOX_POSITION,a3035df5a0b90c579bbc0aa7,,DyK1015+453.00_伯舒拉岭右线DyK1015+453洞身素描记录表.pdf,掌子面状态,"(224.6, 213.56999999999994, 295.45, 229.81999999999994)",正面掉块√,INLINE_OR_SUFFIX,False,IN_SCOPE,"(224.6, 213.56999999999994, 295.45, 229.81999999999994)",正面掉块√,same_cell_mark,/Users/zhaoxiaoda/Library/CloudStorage/GoogleDrive-xiaodazhao0608@gmail.com/我的云端硬盘/TBM9/SKETCH/DyK1015+453.00_伯舒拉岭右线DyK1015+453洞身素描记录表.pdf,FACE_SKETCH
a3035df5a0b90c579bbc0aa7,CHECKBOX_POSITION,a3035df5a0b90c579bbc0aa7,,DyK1015+453.00_伯舒拉岭右线DyK1015+453洞身素描记录表.pdf,毛开挖面状态,"(224.6, 229.81999999999994, 295.45, 261.47)",随时间松弛、 掉块√,INLINE_OR_SUFFIX,False,IN_SCOPE,"(224.6, 229.81999999999994, 295.45, 261.47)",随时间松弛、 掉块√,same_cell_mark,/Users/zhaoxiaoda/Library/CloudStorage/GoogleDrive-xiaodazhao0608@gmail.com/我的云端硬盘/TBM9/SKETCH/DyK1015+453.00_伯舒拉岭右线DyK1015+453洞身素描记录表.pdf,FACE_SKETCH
a3035df5a0b90c579bbc0aa7,CHECKBOX_POSITION,a3035df5a0b90c579bbc0aa7,,DyK1015+453.00_伯舒拉岭右线DyK1015+453洞身素描记录表.pdf,岩石强度,"(224.6, 261.47, 295.45, 293.1700000000001)",30＜R≤60√,INLINE_OR_SUFFIX,False,IN_SCOPE,"(224.6, 261.47, 295.45, 293.1700000000001)",30＜R≤60√,same_cell_mark,/Users/zhaoxiaoda/Library/CloudStorage/GoogleDrive-xiaodazhao0608@gmail.com/我的云端硬盘/TBM9/SKETCH/DyK1015+453.00_伯舒拉岭右线DyK1015+453洞身素描记录表.pdf,FACE_SKETCH
a3035df5a0b90c579bbc0aa7,CHECKBOX_POSITION,a3035df5a0b90c579bbc0aa7,,DyK1015+453.00_伯舒拉岭右线DyK1015+453洞身素描记录表.pdf,风化程度,"(295.45, 293.1700000000001, 350.8, 309.56999999999994)",弱风化√,INLINE_OR_SUFFIX,False,IN_SCOPE,"(295.45, 293.1700000000001, 350.8, 309.56999999999994)",弱风化√,same_cell_mark,/Users/zhaoxiaoda/Library/CloudStorage/GoogleDrive-xiaodazhao0608@gmail.com/我的云端硬盘/TBM9/SKETCH/DyK1015+453.00_伯舒拉岭右线DyK1015+453洞身素描记录表.pdf,FACE_SKETCH
a3035df5a0b90c579bbc0aa7,CHECKBOX_POSITION,a3035df5a0b90c579bbc0aa7,,DyK1015+453.00_伯舒拉岭右线DyK1015+453洞身素描记录表.pdf,间距,"(295.45, 309.56999999999994, 350.8, 336.77)",0.2～0.6√,INLINE_OR_SUFFIX,False,IN_SCOPE,"(295.45, 309.56999999999994, 350.8, 336.77)",0.2～0.6√,same_cell_mark,/Users/zhaoxiaoda/Library/CloudStorage/GoogleDrive-xiaodazhao0608@gmail.com/我的云端硬盘/TBM9/SKETCH/DyK1015+453.00_伯舒拉岭右线DyK1015+453洞身素描记录表.pdf,FACE_SKETCH
a3035df5a0b90c579bbc0aa7,CHECKBOX_POSITION,a3035df5a0b90c579bbc0aa7,,DyK1015+453.00_伯舒拉岭右线DyK1015+453洞身素描记录表.pdf,延伸性,"(224.6, 336.77, 295.45, 354.17)",差√,INLINE_OR_SUFFIX,False,IN_SCOPE,"(224.6, 336.77, 295.45, 354.17)",差√,same_cell_mark,/Users/zhaoxiaoda/Library/CloudStorage/GoogleDrive-xiaodazhao0608@gmail.com/我的云端硬盘/TBM9/SKETCH/DyK1015+453.00_伯舒拉岭右线DyK1015+453洞身素描记录表.pdf,FACE_SKETCH
a3035df5a0b90c579bbc0aa7,CHECKBOX_POSITION,a3035df5a0b90c579bbc0aa7,,DyK1015+453.00_伯舒拉岭右线DyK1015+453洞身素描记录表.pdf,粗糙度,"(224.6, 354.17, 295.45, 373.77)",√ 粗糙波纹状,PREFIX,True,IN_SCOPE,"(295.45, 354.17, 408.2, 373.77)",平整光滑有擦痕√,ignored_prefix_mark_because_suffix_cell_present,/Users/zhaoxiaoda/Library/CloudStorage/GoogleDrive-xiaodazhao0608@gmail.com/我的云端硬盘/TBM9/SKETCH/DyK1015+453.00_伯舒拉岭右线DyK1015+453洞身素描记录表.pdf,FACE_SKETCH
a3035df5a0b90c579bbc0aa7,CHECKBOX_POSITION,a3035df5a0b90c579bbc0aa7,,DyK1015+453.00_伯舒拉岭右线DyK1015+453洞身素描记录表.pdf,粗糙度,"(295.45, 354.17, 408.2, 373.77)",平整光滑有擦痕√,INLINE_OR_SUFFIX,False,IN_SCOPE,"(295.45, 354.17, 408.2, 373.77)",平整光滑有擦痕√,same_cell_mark,/Users/zhaoxiaoda/Library/CloudStorage/GoogleDrive-xiaodazhao0608@gmail.com/我的云端硬盘/TBM9/SKETCH/DyK1015+453.00_伯舒拉岭右线DyK1015+453洞身素描记录表.pdf,FACE_SKETCH
a3035df5a0b90c579bbc0aa7,CHECKBOX_POSITION,a3035df5a0b90c579bbc0aa7,,DyK1015+453.00_伯舒拉岭右线DyK1015+453洞身素描记录表.pdf,张开性,"(350.8, 373.77, 408.2, 405.97)",无充填张 开＞1.0√,INLINE_OR_SUFFIX,False,IN_SCOPE,"(350.8, 373.77, 408.2, 405.97)",无充填张 开＞1.0√,same_cell_mark,/Users/zhaoxiaoda/Library/CloudStorage/GoogleDrive-xiaodazhao0608@gmail.com/我的云端硬盘/TBM9/SKETCH/DyK1015+453.00_伯舒拉岭右线DyK1015+453洞身素描记录表.pdf,FACE_SKETCH
a3035df5a0b90c579bbc0aa7,CHECKBOX_POSITION,a3035df5a0b90c579bbc0aa7,,DyK1015+453.00_伯舒拉岭右线DyK1015+453洞身素描记录表.pdf,涌水状态,"(373.4, 405.97, 466.3, 438.27)",25～125 经常渗水√,INLINE_OR_SUFFIX,False,IN_SCOPE,"(373.4, 405.97, 466.3, 438.27)",25～125 经常渗水√,same_cell_mark,/Users/zhaoxiaoda/Library/CloudStorage/GoogleDrive-xiaodazhao0608@gmail.com/我的云端硬盘/TBM9/SKETCH/DyK1015+453.00_伯舒拉岭右线DyK1015+453洞身素描记录表.pdf,FACE_SKETCH
a3035df5a0b90c579bbc0aa7,CHECKBOX_POSITION,a3035df5a0b90c579bbc0aa7,,DyK1015+453.00_伯舒拉岭右线DyK1015+453洞身素描记录表.pdf,岩溶发育程度,"(373.4, 438.27, 466.3, 454.47)",√ 中等,PREFIX,True,IN_SCOPE,"(224.6, 438.27, 295.45, 454.47)",无√,ignored_prefix_mark_because_suffix_cell_present,/Users/zhaoxiaoda/Library/CloudStorage/GoogleDrive-xiaodazhao0608@gmail.com/我的云端硬盘/TBM9/SKETCH/DyK1015+453.00_伯舒拉岭右线DyK1015+453洞身素描记录表.pdf,FACE_SKETCH
a3035df5a0b90c579bbc0aa7,CHECKBOX_POSITION,a3035df5a0b90c579bbc0aa7,,DyK1015+453.00_伯舒拉岭右线DyK1015+453洞身素描记录表.pdf,岩溶发育程度,"(224.6, 438.27, 295.45, 454.47)",无√,INLINE_OR_SUFFIX,False,IN_SCOPE,"(224.6, 438.27, 295.45, 454.47)",无√,same_cell_mark,/Users/zhaoxiaoda/Library/CloudStorage/GoogleDrive-xiaodazhao0608@gmail.com/我的云端硬盘/TBM9/SKETCH/DyK1015+453.00_伯舒拉岭右线DyK1015+453洞身素描记录表.pdf,FACE_SKETCH
f3a6ba7e67146413eefe7cbc,CHECKBOX_POSITION,f3a6ba7e67146413eefe7cbc,,DyK1015+483.00_伯舒拉岭右线DyK1015+483洞身素描记录表.pdf,掌子面状态,"(224.6, 213.56999999999994, 295.45, 229.81999999999994)",正面掉块√,INLINE_OR_SUFFIX,False,IN_SCOPE,"(224.6, 213.56999999999994, 295.45, 229.81999999999994)",正面掉块√,same_cell_mark,/Users/zhaoxiaoda/Library/CloudStorage/GoogleDrive-xiaodazhao0608@gmail.com/我的云端硬盘/TBM9/SKETCH/DyK1015+483.00_伯舒拉岭右线DyK1015+483洞身素描记录表.pdf,FACE_SKETCH
f3a6ba7e67146413eefe7cbc,CHECKBOX_POSITION,f3a6ba7e67146413eefe7cbc,,DyK1015+483.00_伯舒拉岭右线DyK1015+483洞身素描记录表.pdf,毛开挖面状态,"(224.6, 229.81999999999994, 295.45, 261.47)",随时间松弛、 掉块√,INLINE_OR_SUFFIX,False,IN_SCOPE,"(224.6, 229.81999999999994, 295.45, 261.47)",随时间松弛、 掉块√,same_cell_mark,/Users/zhaoxiaoda/Library/CloudStorage/GoogleDrive-xiaodazhao0608@gmail.com/我的云端硬盘/TBM9/SKETCH/DyK1015+483.00_伯舒拉岭右线DyK1015+483洞身素描记录表.pdf,FACE_SKETCH
f3a6ba7e67146413eefe7cbc,CHECKBOX_POSITION,f3a6ba7e67146413eefe7cbc,,DyK1015+483.00_伯舒拉岭右线DyK1015+483洞身素描记录表.pdf,岩石强度,"(224.6, 261.47, 295.45, 293.1700000000001)",30＜R≤60√,INLINE_OR_SUFFIX,False,IN_SCOPE,"(224.6, 261.47, 295.45, 293.1700000000001)",30＜R≤60√,same_cell_mark,/Users/zhaoxiaoda/Library/CloudStorage/GoogleDrive-xiaodazhao0608@gmail.com/我的云端硬盘/TBM9/SKETCH/DyK1015+483.00_伯舒拉岭右线DyK1015+483洞身素描记录表.pdf,FACE_SKETCH
f3a6ba7e67146413eefe7cbc,CHECKBOX_POSITION,f3a6ba7e67146413eefe7cbc,,DyK1015+483.00_伯舒拉岭右线DyK1015+483洞身素描记录表.pdf,风化程度,"(295.45, 293.1700000000001, 350.8, 309.56999999999994)",弱风化√,INLINE_OR_SUFFIX,False,IN_SCOPE,"(295.45, 293.1700000000001, 350.8, 309.56999999999994)",弱风化√,same_cell_mark,/Users/zhaoxiaoda/Library/CloudStorage/GoogleDrive-xiaodazhao0608@gmail.com/我的云端硬盘/TBM9/SKETCH/DyK1015+483.00_伯舒拉岭右线DyK1015+483洞身素描记录表.pdf,FACE_SKETCH
f3a6ba7e67146413eefe7cbc,CHECKBOX_POSITION,f3a6ba7e67146413eefe7cbc,,DyK1015+483.00_伯舒拉岭右线DyK1015+483洞身素描记录表.pdf,间距,"(295.45, 309.56999999999994, 350.8, 336.77)",0.2～0.6√,INLINE_OR_SUFFIX,False,IN_SCOPE,"(295.45, 309.56999999999994, 350.8, 336.77)",0.2～0.6√,same_cell_mark,/Users/zhaoxiaoda/Library/CloudStorage/GoogleDrive-xiaodazhao0608@gmail.com/我的云端硬盘/TBM9/SKETCH/DyK1015+483.00_伯舒拉岭右线DyK1015+483洞身素描记录表.pdf,FACE_SKETCH
f3a6ba7e67146413eefe7cbc,CHECKBOX_POSITION,f3a6ba7e67146413eefe7cbc,,DyK1015+483.00_伯舒拉岭右线DyK1015+483洞身素描记录表.pdf,延伸性,"(224.6, 336.77, 295.45, 354.17)",差√,INLINE_OR_SUFFIX,False,IN_SCOPE,"(224.6, 336.77, 295.45, 354.17)",差√,same_cell_mark,/Users/zhaoxiaoda/Library/CloudStorage/GoogleDrive-xiaodazhao0608@gmail.com/我的云端硬盘/TBM9/SKETCH/DyK1015+483.00_伯舒拉岭右线DyK1015+483洞身素描记录表.pdf,FACE_SKETCH
f3a6ba7e67146413eefe7cbc,CHECKBOX_POSITION,f3a6ba7e67146413eefe7cbc,,DyK1015+483.00_伯舒拉岭右线DyK1015+483洞身素描记录表.pdf,粗糙度,"(224.6, 354.17, 295.45, 373.77)",√ 粗糙波纹状,PREFIX,True,IN_SCOPE,"(295.45, 354.17, 408.2, 373.77)",平整光滑有擦痕√,ignored_prefix_mark_because_suffix_cell_present,/Users/zhaoxiaoda/Library/CloudStorage/GoogleDrive-xiaodazhao0608@gmail.com/我的云端硬盘/TBM9/SKETCH/DyK1015+483.00_伯舒拉岭右线DyK1015+483洞身素描记录表.pdf,FACE_SKETCH
f3a6ba7e67146413eefe7cbc,CHECKBOX_POSITION,f3a6ba7e67146413eefe7cbc,,DyK1015+483.00_伯舒拉岭右线DyK1015+483洞身素描记录表.pdf,粗糙度,"(295.45, 354.17, 408.2, 373.77)",平整光滑有擦痕√,INLINE_OR_SUFFIX,False,IN_SCOPE,"(295.45, 354.17, 408.2, 373.77)",平整光滑有擦痕√,same_cell_mark,/Users/zhaoxiaoda/Library/CloudStorage/GoogleDrive-xiaodazhao0608@gmail.com/我的云端硬盘/TBM9/SKETCH/DyK1015+483.00_伯舒拉岭右线DyK1015+483洞身素描记录表.pdf,FACE_SKETCH
f3a6ba7e67146413eefe7cbc,CHECKBOX_POSITION,f3a6ba7e67146413eefe7cbc,,DyK1015+483.00_伯舒拉岭右线DyK1015+483洞身素描记录表.pdf,张开性,"(161.35, 373.77, 224.6, 405.97)",密闭＜0.1√,INLINE_OR_SUFFIX,False,IN_SCOPE,"(161.35, 373.77, 224.6, 405.97)",密闭＜0.1√,same_cell_mark,/Users/zhaoxiaoda/Library/CloudStorage/GoogleDrive-xiaodazhao0608@gmail.com/我的云端硬盘/TBM9/SKETCH/DyK1015+483.00_伯舒拉岭右线DyK1015+483洞身素描记录表.pdf,FACE_SKETCH
f3a6ba7e67146413eefe7cbc,CHECKBOX_POSITION,f3a6ba7e67146413eefe7cbc,,DyK1015+483.00_伯舒拉岭右线DyK1015+483洞身素描记录表.pdf,涌水状态,"(373.4, 405.97, 466.3, 438.27)",25～125 经常渗水√,INLINE_OR_SUFFIX,False,IN_SCOPE,"(373.4, 405.97, 466.3, 438.27)",25～125 经常渗水√,same_cell_mark,/Users/zhaoxiaoda/Library/CloudStorage/GoogleDrive-xiaodazhao0608@gmail.com/我的云端硬盘/TBM9/SKETCH/DyK1015+483.00_伯舒拉岭右线DyK1015+483洞身素描记录表.pdf,FACE_SKETCH
f3a6ba7e67146413eefe7cbc,CHECKBOX_POSITION,f3a6ba7e67146413eefe7cbc,,DyK1015+483.00_伯舒拉岭右线DyK1015+483洞身素描记录表.pdf,岩溶发育程度,"(373.4, 438.27, 466.3, 454.47)",√ 中等,PREFIX,True,IN_SCOPE,"(224.6, 438.27, 295.45, 454.47)",无√,ignored_prefix_mark_because_suffix_cell_present,/Users/zhaoxiaoda/Library/CloudStorage/GoogleDrive-xiaodazhao0608@gmail.com/我的云端硬盘/TBM9/SKETCH/DyK1015+483.00_伯舒拉岭右线DyK1015+483洞身素描记录表.pdf,FACE_SKETCH
f3a6ba7e67146413eefe7cbc,CHECKBOX_POSITION,f3a6ba7e67146413eefe7cbc,,DyK1015+483.00_伯舒拉岭右线DyK1015+483洞身素描记录表.pdf,岩溶发育程度,"(224.6, 438.27, 295.45, 454.47)",无√,INLINE_OR_SUFFIX,False,IN_SCOPE,"(224.6, 438.27, 295.45, 454.47)",无√,same_cell_mark,/Users/zhaoxiaoda/Library/CloudStorage/GoogleDrive-xiaodazhao0608@gmail.com/我的云端硬盘/TBM9/SKETCH/DyK1015+483.00_伯舒拉岭右线DyK1015+483洞身素描记录表.pdf,FACE_SKETCH
eaddf910631e211597b5a192,CHECKBOX_POSITION,eaddf910631e211597b5a192,,DyK1015+505.00_伯舒拉岭右线DyK1015+505洞身素描记录表.pdf,掌子面状态,"(224.6, 213.56999999999994, 295.45, 229.81999999999994)",正面掉块√,INLINE_OR_SUFFIX,False,IN_SCOPE,"(224.6, 213.56999999999994, 295.45, 229.81999999999994)",正面掉块√,same_cell_mark,/Users/zhaoxiaoda/Library/CloudStorage/GoogleDrive-xiaodazhao0608@gmail.com/我的云端硬盘/TBM9/SKETCH/DyK1015+505.00_伯舒拉岭右线DyK1015+505洞身素描记录表.pdf,FACE_SKETCH
eaddf910631e211597b5a192,CHECKBOX_POSITION,eaddf910631e211597b5a192,,DyK1015+505.00_伯舒拉岭右线DyK1015+505洞身素描记录表.pdf,毛开挖面状态,"(224.6, 229.81999999999994, 295.45, 261.47)",随时间松弛、 掉块√,INLINE_OR_SUFFIX,False,IN_SCOPE,"(224.6, 229.81999999999994, 295.45, 261.47)",随时间松弛、 掉块√,same_cell_mark,/Users/zhaoxiaoda/Library/CloudStorage/GoogleDrive-xiaodazhao0608@gmail.com/我的云端硬盘/TBM9/SKETCH/DyK1015+505.00_伯舒拉岭右线DyK1015+505洞身素描记录表.pdf,FACE_SKETCH
eaddf910631e211597b5a192,CHECKBOX_POSITION,eaddf910631e211597b5a192,,DyK1015+505.00_伯舒拉岭右线DyK1015+505洞身素描记录表.pdf,岩石强度,"(224.6, 261.47, 295.45, 293.1700000000001)",30＜R≤60√,INLINE_OR_SUFFIX,False,IN_SCOPE,"(224.6, 261.47, 295.45, 293.1700000000001)",30＜R≤60√,same_cell_mark,/Users/zhaoxiaoda/Library/CloudStorage/GoogleDrive-xiaodazhao0608@gmail.com/我的云端硬盘/TBM9/SKETCH/DyK1015+505.00_伯舒拉岭右线DyK1015+505洞身素描记录表.pdf,FACE_SKETCH
eaddf910631e211597b5a192,CHECKBOX_POSITION,eaddf910631e211597b5a192,,DyK1015+505.00_伯舒拉岭右线DyK1015+505洞身素描记录表.pdf,风化程度,"(295.45, 293.1700000000001, 350.8, 309.56999999999994)",弱风化√,INLINE_OR_SUFFIX,False,IN_SCOPE,"(295.45, 293.1700000000001, 350.8, 309.56999999999994)",弱风化√,same_cell_mark,/Users/zhaoxiaoda/Library/CloudStorage/GoogleDrive-xiaodazhao0608@gmail.com/我的云端硬盘/TBM9/SKETCH/DyK1015+505.00_伯舒拉岭右线DyK1015+505洞身素描记录表.pdf,FACE_SKETCH
eaddf910631e211597b5a192,CHECKBOX_POSITION,eaddf910631e211597b5a192,,DyK1015+505.00_伯舒拉岭右线DyK1015+505洞身素描记录表.pdf,间距,"(295.45, 309.56999999999994, 350.8, 336.77)",0.2～0.6√,INLINE_OR_SUFFIX,False,IN_SCOPE,"(295.45, 309.56999999999994, 350.8, 336.77)",0.2～0.6√,same_cell_mark,/Users/zhaoxiaoda/Library/CloudStorage/GoogleDrive-xiaodazhao0608@gmail.com/我的云端硬盘/TBM9/SKETCH/DyK1015+505.00_伯舒拉岭右线DyK1015+505洞身素描记录表.pdf,FACE_SKETCH
eaddf910631e211597b5a192,CHECKBOX_POSITION,eaddf910631e211597b5a192,,DyK1015+505.00_伯舒拉岭右线DyK1015+505洞身素描记录表.pdf,延伸性,"(295.45, 336.77, 350.8, 353.67)",中等√,INLINE_OR_SUFFIX,False,IN_SCOPE,"(295.45, 336.77, 350.8, 353.67)",中等√,same_cell_mark,/Users/zhaoxiaoda/Library/CloudStorage/GoogleDrive-xiaodazhao0608@gmail.com/我的云端硬盘/TBM9/SKETCH/DyK1015+505.00_伯舒拉岭右线DyK1015+505洞身素描记录表.pdf,FACE_SKETCH
eaddf910631e211597b5a192,CHECKBOX_POSITION,eaddf910631e211597b5a192,,DyK1015+505.00_伯舒拉岭右线DyK1015+505洞身素描记录表.pdf,粗糙度,"(295.45, 353.67, 408.2, 373.27)",平整光滑有擦痕√,INLINE_OR_SUFFIX,False,IN_SCOPE,"(295.45, 353.67, 408.2, 373.27)",平整光滑有擦痕√,same_cell_mark,/Users/zhaoxiaoda/Library/CloudStorage/GoogleDrive-xiaodazhao0608@gmail.com/我的云端硬盘/TBM9/SKETCH/DyK1015+505.00_伯舒拉岭右线DyK1015+505洞身素描记录表.pdf,FACE_SKETCH
eaddf910631e211597b5a192,CHECKBOX_POSITION,eaddf910631e211597b5a192,,DyK1015+505.00_伯舒拉岭右线DyK1015+505洞身素描记录表.pdf,张开性,"(161.35, 373.27, 224.6, 405.47)",密闭＜0.1√,INLINE_OR_SUFFIX,False,IN_SCOPE,"(161.35, 373.27, 224.6, 405.47)",密闭＜0.1√,same_cell_mark,/Users/zhaoxiaoda/Library/CloudStorage/GoogleDrive-xiaodazhao0608@gmail.com/我的云端硬盘/TBM9/SKETCH/DyK1015+505.00_伯舒拉岭右线DyK1015+505洞身素描记录表.pdf,FACE_SKETCH
eaddf910631e211597b5a192,CHECKBOX_POSITION,eaddf910631e211597b5a192,,DyK1015+505.00_伯舒拉岭右线DyK1015+505洞身素描记录表.pdf,涌水状态,"(373.4, 405.47, 466.3, 437.77)",25～125 经常渗水√,INLINE_OR_SUFFIX,False,IN_SCOPE,"(373.4, 405.47, 466.3, 437.77)",25～125 经常渗水√,same_cell_mark,/Users/zhaoxiaoda/Library/CloudStorage/GoogleDrive-xiaodazhao0608@gmail.com/我的云端硬盘/TBM9/SKETCH/DyK1015+505.00_伯舒拉岭右线DyK1015+505洞身素描记录表.pdf,FACE_SKETCH
eaddf910631e211597b5a192,CHECKBOX_POSITION,eaddf910631e211597b5a192,,DyK1015+505.00_伯舒拉岭右线DyK1015+505洞身素描记录表.pdf,岩溶发育程度,"(373.4, 437.77, 466.3, 453.97)",√ 中等,PREFIX,True,IN_SCOPE,"(224.6, 437.77, 295.45, 453.97)",无√,ignored_prefix_mark_because_suffix_cell_present,/Users/zhaoxiaoda/Library/CloudStorage/GoogleDrive-xiaodazhao0608@gmail.com/我的云端硬盘/TBM9/SKETCH/DyK1015+505.00_伯舒拉岭右线DyK1015+505洞身素描记录表.pdf,FACE_SKETCH
eaddf910631e211597b5a192,CHECKBOX_POSITION,eaddf910631e211597b5a192,,DyK1015+505.00_伯舒拉岭右线DyK1015+505洞身素描记录表.pdf,岩溶发育程度,"(224.6, 437.77, 295.45, 453.97)",无√,INLINE_OR_SUFFIX,False,IN_SCOPE,"(224.6, 437.77, 295.45, 453.97)",无√,same_cell_mark,/Users/zhaoxiaoda/Library/CloudStorage/GoogleDrive-xiaodazhao0608@gmail.com/我的云端硬盘/TBM9/SKETCH/DyK1015+505.00_伯舒拉岭右线DyK1015+505洞身素描记录表.pdf,FACE_SKETCH
fbd3f5a129997cf4351bed7d,CHECKBOX_POSITION,fbd3f5a129997cf4351bed7d,,DyK1015+535.00_伯舒拉岭右线DyK1015+535洞身素描记录表.pdf,掌子面状态,"(224.6, 213.56999999999994, 295.45, 229.81999999999994)",正面掉块√,INLINE_OR_SUFFIX,False,IN_SCOPE,"(224.6, 213.56999999999994, 295.45, 229.81999999999994)",正面掉块√,same_cell_mark,/Users/zhaoxiaoda/Library/CloudStorage/GoogleDrive-xiaodazhao0608@gmail.com/我的云端硬盘/TBM9/SKETCH/DyK1015+535.00_伯舒拉岭右线DyK1015+535洞身素描记录表.pdf,FACE_SKETCH
fbd3f5a129997cf4351bed7d,CHECKBOX_POSITION,fbd3f5a129997cf4351bed7d,,DyK1015+535.00_伯舒拉岭右线DyK1015+535洞身素描记录表.pdf,毛开挖面状态,"(224.6, 229.81999999999994, 295.45, 261.47)",随时间松弛、 掉块√,INLINE_OR_SUFFIX,False,IN_SCOPE,"(224.6, 229.81999999999994, 295.45, 261.47)",随时间松弛、 掉块√,same_cell_mark,/Users/zhaoxiaoda/Library/CloudStorage/GoogleDrive-xiaodazhao0608@gmail.com/我的云端硬盘/TBM9/SKETCH/DyK1015+535.00_伯舒拉岭右线DyK1015+535洞身素描记录表.pdf,FACE_SKETCH
fbd3f5a129997cf4351bed7d,CHECKBOX_POSITION,fbd3f5a129997cf4351bed7d,,DyK1015+535.00_伯舒拉岭右线DyK1015+535洞身素描记录表.pdf,岩石强度,"(224.6, 261.47, 295.45, 293.1700000000001)",30＜R≤60√,INLINE_OR_SUFFIX,False,IN_SCOPE,"(224.6, 261.47, 295.45, 293.1700000000001)",30＜R≤60√,same_cell_mark,/Users/zhaoxiaoda/Library/CloudStorage/GoogleDrive-xiaodazhao0608@gmail.com/我的云端硬盘/TBM9/SKETCH/DyK1015+535.00_伯舒拉岭右线DyK1015+535洞身素描记录表.pdf,FACE_SKETCH
fbd3f5a129997cf4351bed7d,CHECKBOX_POSITION,fbd3f5a129997cf4351bed7d,,DyK1015+535.00_伯舒拉岭右线DyK1015+535洞身素描记录表.pdf,风化程度,"(295.45, 293.1700000000001, 350.8, 309.56999999999994)",弱风化√,INLINE_OR_SUFFIX,False,IN_SCOPE,"(295.45, 293.1700000000001, 350.8, 309.56999999999994)",弱风化√,same_cell_mark,/Users/zhaoxiaoda/Library/CloudStorage/GoogleDrive-xiaodazhao0608@gmail.com/我的云端硬盘/TBM9/SKETCH/DyK1015+535.00_伯舒拉岭右线DyK1015+535洞身素描记录表.pdf,FACE_SKETCH
fbd3f5a129997cf4351bed7d,CHECKBOX_POSITION,fbd3f5a129997cf4351bed7d,,DyK1015+535.00_伯舒拉岭右线DyK1015+535洞身素描记录表.pdf,间距,"(295.45, 309.56999999999994, 350.8, 336.77)",0.2～0.6√,INLINE_OR_SUFFIX,False,IN_SCOPE,"(295.45, 309.56999999999994, 350.8, 336.77)",0.2～0.6√,same_cell_mark,/Users/zhaoxiaoda/Library/CloudStorage/GoogleDrive-xiaodazhao0608@gmail.com/我的云端硬盘/TBM9/SKETCH/DyK1015+535.00_伯舒拉岭右线DyK1015+535洞身素描记录表.pdf,FACE_SKETCH
fbd3f5a129997cf4351bed7d,CHECKBOX_POSITION,fbd3f5a129997cf4351bed7d,,DyK1015+535.00_伯舒拉岭右线DyK1015+535洞身素描记录表.pdf,延伸性,"(295.45, 336.77, 350.8, 353.67)",中等√,INLINE_OR_SUFFIX,False,IN_SCOPE,"(295.45, 336.77, 350.8, 353.67)",中等√,same_cell_mark,/Users/zhaoxiaoda/Library/CloudStorage/GoogleDrive-xiaodazhao0608@gmail.com/我的云端硬盘/TBM9/SKETCH/DyK1015+535.00_伯舒拉岭右线DyK1015+535洞身素描记录表.pdf,FACE_SKETCH
fbd3f5a129997cf4351bed7d,CHECKBOX_POSITION,fbd3f5a129997cf4351bed7d,,DyK1015+535.00_伯舒拉岭右线DyK1015+535洞身素描记录表.pdf,粗糙度,"(295.45, 353.67, 408.2, 373.27)",平整光滑有擦痕√,INLINE_OR_SUFFIX,False,IN_SCOPE,"(295.45, 353.67, 408.2, 373.27)",平整光滑有擦痕√,same_cell_mark,/Users/zhaoxiaoda/Library/CloudStorage/GoogleDrive-xiaodazhao0608@gmail.com/我的云端硬盘/TBM9/SKETCH/DyK1015+535.00_伯舒拉岭右线DyK1015+535洞身素描记录表.pdf,FACE_SKETCH
fbd3f5a129997cf4351bed7d,CHECKBOX_POSITION,fbd3f5a129997cf4351bed7d,,DyK1015+535.00_伯舒拉岭右线DyK1015+535洞身素描记录表.pdf,张开性,"(161.35, 373.27, 224.6, 405.47)",密闭＜0.1√,INLINE_OR_SUFFIX,False,IN_SCOPE,"(161.35, 373.27, 224.6, 405.47)",密闭＜0.1√,same_cell_mark,/Users/zhaoxiaoda/Library/CloudStorage/GoogleDrive-xiaodazhao0608@gmail.com/我的云端硬盘/TBM9/SKETCH/DyK1015+535.00_伯舒拉岭右线DyK1015+535洞身素描记录表.pdf,FACE_SKETCH
fbd3f5a129997cf4351bed7d,CHECKBOX_POSITION,fbd3f5a129997cf4351bed7d,,DyK1015+535.00_伯舒拉岭右线DyK1015+535洞身素描记录表.pdf,涌水状态,"(373.4, 405.47, 466.3, 437.77)",25～125 经常渗水√,INLINE_OR_SUFFIX,False,IN_SCOPE,"(373.4, 405.47, 466.3, 437.77)",25～125 经常渗水√,same_cell_mark,/Users/zhaoxiaoda/Library/CloudStorage/GoogleDrive-xiaodazhao0608@gmail.com/我的云端硬盘/TBM9/SKETCH/DyK1015+535.00_伯舒拉岭右线DyK1015+535洞身素描记录表.pdf,FACE_SKETCH
fbd3f5a129997cf4351bed7d,CHECKBOX_POSITION,fbd3f5a129997cf4351bed7d,,DyK1015+535.00_伯舒拉岭右线DyK1015+535洞身素描记录表.pdf,岩溶发育程度,"(373.4, 437.77, 466.3, 453.97)",√ 中等,PREFIX,True,IN_SCOPE,"(224.6, 437.77, 295.45, 453.97)",无√,ignored_prefix_mark_because_suffix_cell_present,/Users/zhaoxiaoda/Library/CloudStorage/GoogleDrive-xiaodazhao0608@gmail.com/我的云端硬盘/TBM9/SKETCH/DyK1015+535.00_伯舒拉岭右线DyK1015+535洞身素描记录表.pdf,FACE_SKETCH
fbd3f5a129997cf4351bed7d,CHECKBOX_POSITION,fbd3f5a129997cf4351bed7d,,DyK1015+535.00_伯舒拉岭右线DyK1015+535洞身素描记录表.pdf,岩溶发育程度,"(224.6, 437.77, 295.45, 453.97)",无√,INLINE_OR_SUFFIX,False,IN_SCOPE,"(224.6, 437.77, 295.45, 453.97)",无√,same_cell_mark,/Users/zhaoxiaoda/Library/CloudStorage/GoogleDrive-xiaodazhao0608@gmail.com/我的云端硬盘/TBM9/SKETCH/DyK1015+535.00_伯舒拉岭右线DyK1015+535洞身素描记录表.pdf,FACE_SKETCH
8a0b0138842b059a82fc42bd,CHECKBOX_POSITION,8a0b0138842b059a82fc42bd,,DyK1015+565.00_伯舒拉岭右线DyK1015+565洞身素描记录表.pdf,掌子面状态,"(224.6, 213.56999999999994, 295.45, 229.81999999999994)",正面掉块√,INLINE_OR_SUFFIX,False,IN_SCOPE,"(224.6, 213.56999999999994, 295.45, 229.81999999999994)",正面掉块√,same_cell_mark,/Users/zhaoxiaoda/Library/CloudStorage/GoogleDrive-xiaodazhao0608@gmail.com/我的云端硬盘/TBM9/SKETCH/DyK1015+565.00_伯舒拉岭右线DyK1015+565洞身素描记录表.pdf,FACE_SKETCH
8a0b0138842b059a82fc42bd,CHECKBOX_POSITION,8a0b0138842b059a82fc42bd,,DyK1015+565.00_伯舒拉岭右线DyK1015+565洞身素描记录表.pdf,毛开挖面状态,"(224.6, 229.81999999999994, 295.45, 261.47)",随时间松弛、 掉块√,INLINE_OR_SUFFIX,False,IN_SCOPE,"(224.6, 229.81999999999994, 295.45, 261.47)",随时间松弛、 掉块√,same_cell_mark,/Users/zhaoxiaoda/Library/CloudStorage/GoogleDrive-xiaodazhao0608@gmail.com/我的云端硬盘/TBM9/SKETCH/DyK1015+565.00_伯舒拉岭右线DyK1015+565洞身素描记录表.pdf,FACE_SKETCH
8a0b0138842b059a82fc42bd,CHECKBOX_POSITION,8a0b0138842b059a82fc42bd,,DyK1015+565.00_伯舒拉岭右线DyK1015+565洞身素描记录表.pdf,岩石强度,"(224.6, 261.47, 295.45, 293.1700000000001)",30＜R≤60√,INLINE_OR_SUFFIX,False,IN_SCOPE,"(224.6, 261.47, 295.45, 293.1700000000001)",30＜R≤60√,same_cell_mark,/Users/zhaoxiaoda/Library/CloudStorage/GoogleDrive-xiaodazhao0608@gmail.com/我的云端硬盘/TBM9/SKETCH/DyK1015+565.00_伯舒拉岭右线DyK1015+565洞身素描记录表.pdf,FACE_SKETCH
8a0b0138842b059a82fc42bd,CHECKBOX_POSITION,8a0b0138842b059a82fc42bd,,DyK1015+565.00_伯舒拉岭右线DyK1015+565洞身素描记录表.pdf,风化程度,"(295.45, 293.1700000000001, 350.8, 309.56999999999994)",弱风化√,INLINE_OR_SUFFIX,False,IN_SCOPE,"(295.45, 293.1700000000001, 350.8, 309.56999999999994)",弱风化√,same_cell_mark,/Users/zhaoxiaoda/Library/CloudStorage/GoogleDrive-xiaodazhao0608@gmail.com/我的云端硬盘/TBM9/SKETCH/DyK1015+565.00_伯舒拉岭右线DyK1015+565洞身素描记录表.pdf,FACE_SKETCH
8a0b0138842b059a82fc42bd,CHECKBOX_POSITION,8a0b0138842b059a82fc42bd,,DyK1015+565.00_伯舒拉岭右线DyK1015+565洞身素描记录表.pdf,间距,"(295.45, 309.56999999999994, 350.8, 336.77)",0.2～0.6√,INLINE_OR_SUFFIX,False,IN_SCOPE,"(295.45, 309.56999999999994, 350.8, 336.77)",0.2～0.6√,same_cell_mark,/Users/zhaoxiaoda/Library/CloudStorage/GoogleDrive-xiaodazhao0608@gmail.com/我的云端硬盘/TBM9/SKETCH/DyK1015+565.00_伯舒拉岭右线DyK1015+565洞身素描记录表.pdf,FACE_SKETCH
8a0b0138842b059a82fc42bd,CHECKBOX_POSITION,8a0b0138842b059a82fc42bd,,DyK1015+565.00_伯舒拉岭右线DyK1015+565洞身素描记录表.pdf,延伸性,"(295.45, 336.77, 350.8, 353.67)",中等√,INLINE_OR_SUFFIX,False,IN_SCOPE,"(295.45, 336.77, 350.8, 353.67)",中等√,same_cell_mark,/Users/zhaoxiaoda/Library/CloudStorage/GoogleDrive-xiaodazhao0608@gmail.com/我的云端硬盘/TBM9/SKETCH/DyK1015+565.00_伯舒拉岭右线DyK1015+565洞身素描记录表.pdf,FACE_SKETCH
8a0b0138842b059a82fc42bd,CHECKBOX_POSITION,8a0b0138842b059a82fc42bd,,DyK1015+565.00_伯舒拉岭右线DyK1015+565洞身素描记录表.pdf,粗糙度,"(295.45, 353.67, 408.2, 373.27)",平整光滑有擦痕√,INLINE_OR_SUFFIX,False,IN_SCOPE,"(295.45, 353.67, 408.2, 373.27)",平整光滑有擦痕√,same_cell_mark,/Users/zhaoxiaoda/Library/CloudStorage/GoogleDrive-xiaodazhao0608@gmail.com/我的云端硬盘/TBM9/SKETCH/DyK1015+565.00_伯舒拉岭右线DyK1015+565洞身素描记录表.pdf,FACE_SKETCH
8a0b0138842b059a82fc42bd,CHECKBOX_POSITION,8a0b0138842b059a82fc42bd,,DyK1015+565.00_伯舒拉岭右线DyK1015+565洞身素描记录表.pdf,张开性,"(161.35, 373.27, 224.6, 405.47)",密闭＜0.1√,INLINE_OR_SUFFIX,False,IN_SCOPE,"(161.35, 373.27, 224.6, 405.47)",密闭＜0.1√,same_cell_mark,/Users/zhaoxiaoda/Library/CloudStorage/GoogleDrive-xiaodazhao0608@gmail.com/我的云端硬盘/TBM9/SKETCH/DyK1015+565.00_伯舒拉岭右线DyK1015+565洞身素描记录表.pdf,FACE_SKETCH
8a0b0138842b059a82fc42bd,CHECKBOX_POSITION,8a0b0138842b059a82fc42bd,,DyK1015+565.00_伯舒拉岭右线DyK1015+565洞身素描记录表.pdf,涌水状态,"(373.4, 405.47, 466.3, 437.77)",25～125 经常渗水√,INLINE_OR_SUFFIX,False,IN_SCOPE,"(373.4, 405.47, 466.3, 437.77)",25～125 经常渗水√,same_cell_mark,/Users/zhaoxiaoda/Library/CloudStorage/GoogleDrive-xiaodazhao0608@gmail.com/我的云端硬盘/TBM9/SKETCH/DyK1015+565.00_伯舒拉岭右线DyK1015+565洞身素描记录表.pdf,FACE_SKETCH
8a0b0138842b059a82fc42bd,CHECKBOX_POSITION,8a0b0138842b059a82fc42bd,,DyK1015+565.00_伯舒拉岭右线DyK1015+565洞身素描记录表.pdf,岩溶发育程度,"(373.4, 437.77, 466.3, 453.97)",√ 中等,PREFIX,True,IN_SCOPE,"(224.6, 437.77, 295.45, 453.97)",无√,ignored_prefix_mark_because_suffix_cell_present,/Users/zhaoxiaoda/Library/CloudStorage/GoogleDrive-xiaodazhao0608@gmail.com/我的云端硬盘/TBM9/SKETCH/DyK1015+565.00_伯舒拉岭右线DyK1015+565洞身素描记录表.pdf,FACE_SKETCH
8a0b0138842b059a82fc42bd,CHECKBOX_POSITION,8a0b0138842b059a82fc42bd,,DyK1015+565.00_伯舒拉岭右线DyK1015+565洞身素描记录表.pdf,岩溶发育程度,"(224.6, 437.77, 295.45, 453.97)",无√,INLINE_OR_SUFFIX,False,IN_SCOPE,"(224.6, 437.77, 295.45, 453.97)",无√,same_cell_mark,/Users/zhaoxiaoda/Library/CloudStorage/GoogleDrive-xiaodazhao0608@gmail.com/我的云端硬盘/TBM9/SKETCH/DyK1015+565.00_伯舒拉岭右线DyK1015+565洞身素描记录表.pdf,FACE_SKETCH
4558db47ec8e84407563307a,CHECKBOX_POSITION,4558db47ec8e84407563307a,,DyK1015+595.00_伯舒拉岭右线DyK1015+595洞身素描记录表.pdf,掌子面状态,"(224.6, 213.56999999999994, 295.45, 229.81999999999994)",正面掉块√,INLINE_OR_SUFFIX,False,IN_SCOPE,"(224.6, 213.56999999999994, 295.45, 229.81999999999994)",正面掉块√,same_cell_mark,/Users/zhaoxiaoda/Library/CloudStorage/GoogleDrive-xiaodazhao0608@gmail.com/我的云端硬盘/TBM9/SKETCH/DyK1015+595.00_伯舒拉岭右线DyK1015+595洞身素描记录表.pdf,FACE_SKETCH
4558db47ec8e84407563307a,CHECKBOX_POSITION,4558db47ec8e84407563307a,,DyK1015+595.00_伯舒拉岭右线DyK1015+595洞身素描记录表.pdf,毛开挖面状态,"(224.6, 229.81999999999994, 295.45, 261.47)",随时间松弛、 掉块√,INLINE_OR_SUFFIX,False,IN_SCOPE,"(224.6, 229.81999999999994, 295.45, 261.47)",随时间松弛、 掉块√,same_cell_mark,/Users/zhaoxiaoda/Library/CloudStorage/GoogleDrive-xiaodazhao0608@gmail.com/我的云端硬盘/TBM9/SKETCH/DyK1015+595.00_伯舒拉岭右线DyK1015+595洞身素描记录表.pdf,FACE_SKETCH
4558db47ec8e84407563307a,CHECKBOX_POSITION,4558db47ec8e84407563307a,,DyK1015+595.00_伯舒拉岭右线DyK1015+595洞身素描记录表.pdf,岩石强度,"(224.6, 261.47, 295.45, 293.1700000000001)",30＜R≤60√,INLINE_OR_SUFFIX,False,IN_SCOPE,"(224.6, 261.47, 295.45, 293.1700000000001)",30＜R≤60√,same_cell_mark,/Users/zhaoxiaoda/Library/CloudStorage/GoogleDrive-xiaodazhao0608@gmail.com/我的云端硬盘/TBM9/SKETCH/DyK1015+595.00_伯舒拉岭右线DyK1015+595洞身素描记录表.pdf,FACE_SKETCH
4558db47ec8e84407563307a,CHECKBOX_POSITION,4558db47ec8e84407563307a,,DyK1015+595.00_伯舒拉岭右线DyK1015+595洞身素描记录表.pdf,风化程度,"(295.45, 293.1700000000001, 350.8, 309.56999999999994)",弱风化√,INLINE_OR_SUFFIX,False,IN_SCOPE,"(295.45, 293.1700000000001, 350.8, 309.56999999999994)",弱风化√,same_cell_mark,/Users/zhaoxiaoda/Library/CloudStorage/GoogleDrive-xiaodazhao0608@gmail.com/我的云端硬盘/TBM9/SKETCH/DyK1015+595.00_伯舒拉岭右线DyK1015+595洞身素描记录表.pdf,FACE_SKETCH
4558db47ec8e84407563307a,CHECKBOX_POSITION,4558db47ec8e84407563307a,,DyK1015+595.00_伯舒拉岭右线DyK1015+595洞身素描记录表.pdf,间距,"(295.45, 309.56999999999994, 350.8, 336.77)",0.2～0.6√,INLINE_OR_SUFFIX,False,IN_SCOPE,"(295.45, 309.56999999999994, 350.8, 336.77)",0.2～0.6√,same_cell_mark,/Users/zhaoxiaoda/Library/CloudStorage/GoogleDrive-xiaodazhao0608@gmail.com/我的云端硬盘/TBM9/SKETCH/DyK1015+595.00_伯舒拉岭右线DyK1015+595洞身素描记录表.pdf,FACE_SKETCH
4558db47ec8e84407563307a,CHECKBOX_POSITION,4558db47ec8e84407563307a,,DyK1015+595.00_伯舒拉岭右线DyK1015+595洞身素描记录表.pdf,延伸性,"(295.45, 336.77, 350.8, 353.67)",中等√,INLINE_OR_SUFFIX,False,IN_SCOPE,"(295.45, 336.77, 350.8, 353.67)",中等√,same_cell_mark,/Users/zhaoxiaoda/Library/CloudStorage/GoogleDrive-xiaodazhao0608@gmail.com/我的云端硬盘/TBM9/SKETCH/DyK1015+595.00_伯舒拉岭右线DyK1015+595洞身素描记录表.pdf,FACE_SKETCH
4558db47ec8e84407563307a,CHECKBOX_POSITION,4558db47ec8e84407563307a,,DyK1015+595.00_伯舒拉岭右线DyK1015+595洞身素描记录表.pdf,粗糙度,"(295.45, 353.67, 408.2, 373.27)",平整光滑有擦痕√,INLINE_OR_SUFFIX,False,IN_SCOPE,"(295.45, 353.67, 408.2, 373.27)",平整光滑有擦痕√,same_cell_mark,/Users/zhaoxiaoda/Library/CloudStorage/GoogleDrive-xiaodazhao0608@gmail.com/我的云端硬盘/TBM9/SKETCH/DyK1015+595.00_伯舒拉岭右线DyK1015+595洞身素描记录表.pdf,FACE_SKETCH
4558db47ec8e84407563307a,CHECKBOX_POSITION,4558db47ec8e84407563307a,,DyK1015+595.00_伯舒拉岭右线DyK1015+595洞身素描记录表.pdf,张开性,"(161.35, 373.27, 224.6, 405.47)",密闭＜0.1√,INLINE_OR_SUFFIX,False,IN_SCOPE,"(161.35, 373.27, 224.6, 405.47)",密闭＜0.1√,same_cell_mark,/Users/zhaoxiaoda/Library/CloudStorage/GoogleDrive-xiaodazhao0608@gmail.com/我的云端硬盘/TBM9/SKETCH/DyK1015+595.00_伯舒拉岭右线DyK1015+595洞身素描记录表.pdf,FACE_SKETCH
4558db47ec8e84407563307a,CHECKBOX_POSITION,4558db47ec8e84407563307a,,DyK1015+595.00_伯舒拉岭右线DyK1015+595洞身素描记录表.pdf,涌水状态,"(373.4, 405.47, 466.3, 437.77)",25～125 经常渗水√,INLINE_OR_SUFFIX,False,IN_SCOPE,"(373.4, 405.47, 466.3, 437.77)",25～125 经常渗水√,same_cell_mark,/Users/zhaoxiaoda/Library/CloudStorage/GoogleDrive-xiaodazhao0608@gmail.com/我的云端硬盘/TBM9/SKETCH/DyK1015+595.00_伯舒拉岭右线DyK1015+595洞身素描记录表.pdf,FACE_SKETCH
4558db47ec8e84407563307a,CHECKBOX_POSITION,4558db47ec8e84407563307a,,DyK1015+595.00_伯舒拉岭右线DyK1015+595洞身素描记录表.pdf,岩溶发育程度,"(373.4, 437.77, 466.3, 453.97)",√ 中等,PREFIX,True,IN_SCOPE,"(224.6, 437.77, 295.45, 453.97)",无√,ignored_prefix_mark_because_suffix_cell_present,/Users/zhaoxiaoda/Library/CloudStorage/GoogleDrive-xiaodazhao0608@gmail.com/我的云端硬盘/TBM9/SKETCH/DyK1015+595.00_伯舒拉岭右线DyK1015+595洞身素描记录表.pdf,FACE_SKETCH
4558db47ec8e84407563307a,CHECKBOX_POSITION,4558db47ec8e84407563307a,,DyK1015+595.00_伯舒拉岭右线DyK1015+595洞身素描记录表.pdf,岩溶发育程度,"(224.6, 437.77, 295.45, 453.97)",无√,INLINE_OR_SUFFIX,False,IN_SCOPE,"(224.6, 437.77, 295.45, 453.97)",无√,same_cell_mark,/Users/zhaoxiaoda/Library/CloudStorage/GoogleDrive-xiaodazhao0608@gmail.com/我的云端硬盘/TBM9/SKETCH/DyK1015+595.00_伯舒拉岭右线DyK1015+595洞身素描记录表.pdf,FACE_SKETCH
6dbf7d532471c1d0bd10c19f,CHECKBOX_POSITION,6dbf7d532471c1d0bd10c19f,,DyK1015+625.00_伯舒拉岭右线DyK1015+625洞身素描记录表.pdf,掌子面状态,"(224.6, 213.56999999999994, 295.45, 229.81999999999994)",正面掉块√,INLINE_OR_SUFFIX,False,IN_SCOPE,"(224.6, 213.56999999999994, 295.45, 229.81999999999994)",正面掉块√,same_cell_mark,/Users/zhaoxiaoda/Library/CloudStorage/GoogleDrive-xiaodazhao0608@gmail.com/我的云端硬盘/TBM9/SKETCH/DyK1015+625.00_伯舒拉岭右线DyK1015+625洞身素描记录表.pdf,FACE_SKETCH
6dbf7d532471c1d0bd10c19f,CHECKBOX_POSITION,6dbf7d532471c1d0bd10c19f,,DyK1015+625.00_伯舒拉岭右线DyK1015+625洞身素描记录表.pdf,毛开挖面状态,"(224.6, 229.81999999999994, 295.45, 261.47)",随时间松弛、 掉块√,INLINE_OR_SUFFIX,False,IN_SCOPE,"(224.6, 229.81999999999994, 295.45, 261.47)",随时间松弛、 掉块√,same_cell_mark,/Users/zhaoxiaoda/Library/CloudStorage/GoogleDrive-xiaodazhao0608@gmail.com/我的云端硬盘/TBM9/SKETCH/DyK1015+625.00_伯舒拉岭右线DyK1015+625洞身素描记录表.pdf,FACE_SKETCH
6dbf7d532471c1d0bd10c19f,CHECKBOX_POSITION,6dbf7d532471c1d0bd10c19f,,DyK1015+625.00_伯舒拉岭右线DyK1015+625洞身素描记录表.pdf,岩石强度,"(224.6, 261.47, 295.45, 293.1700000000001)",30＜R≤60√,INLINE_OR_SUFFIX,False,IN_SCOPE,"(224.6, 261.47, 295.45, 293.1700000000001)",30＜R≤60√,same_cell_mark,/Users/zhaoxiaoda/Library/CloudStorage/GoogleDrive-xiaodazhao0608@gmail.com/我的云端硬盘/TBM9/SKETCH/DyK1015+625.00_伯舒拉岭右线DyK1015+625洞身素描记录表.pdf,FACE_SKETCH
6dbf7d532471c1d0bd10c19f,CHECKBOX_POSITION,6dbf7d532471c1d0bd10c19f,,DyK1015+625.00_伯舒拉岭右线DyK1015+625洞身素描记录表.pdf,风化程度,"(295.45, 293.1700000000001, 350.8, 309.56999999999994)",弱风化√,INLINE_OR_SUFFIX,False,IN_SCOPE,"(295.45, 293.1700000000001, 350.8, 309.56999999999994)",弱风化√,same_cell_mark,/Users/zhaoxiaoda/Library/CloudStorage/GoogleDrive-xiaodazhao0608@gmail.com/我的云端硬盘/TBM9/SKETCH/DyK1015+625.00_伯舒拉岭右线DyK1015+625洞身素描记录表.pdf,FACE_SKETCH
6dbf7d532471c1d0bd10c19f,CHECKBOX_POSITION,6dbf7d532471c1d0bd10c19f,,DyK1015+625.00_伯舒拉岭右线DyK1015+625洞身素描记录表.pdf,间距,"(295.45, 309.56999999999994, 350.8, 336.77)",0.2～0.6√,INLINE_OR_SUFFIX,False,IN_SCOPE,"(295.45, 309.56999999999994, 350.8, 336.77)",0.2～0.6√,same_cell_mark,/Users/zhaoxiaoda/Library/CloudStorage/GoogleDrive-xiaodazhao0608@gmail.com/我的云端硬盘/TBM9/SKETCH/DyK1015+625.00_伯舒拉岭右线DyK1015+625洞身素描记录表.pdf,FACE_SKETCH
6dbf7d532471c1d0bd10c19f,CHECKBOX_POSITION,6dbf7d532471c1d0bd10c19f,,DyK1015+625.00_伯舒拉岭右线DyK1015+625洞身素描记录表.pdf,延伸性,"(295.45, 336.77, 350.8, 353.67)",中等√,INLINE_OR_SUFFIX,False,IN_SCOPE,"(295.45, 336.77, 350.8, 353.67)",中等√,same_cell_mark,/Users/zhaoxiaoda/Library/CloudStorage/GoogleDrive-xiaodazhao0608@gmail.com/我的云端硬盘/TBM9/SKETCH/DyK1015+625.00_伯舒拉岭右线DyK1015+625洞身素描记录表.pdf,FACE_SKETCH
6dbf7d532471c1d0bd10c19f,CHECKBOX_POSITION,6dbf7d532471c1d0bd10c19f,,DyK1015+625.00_伯舒拉岭右线DyK1015+625洞身素描记录表.pdf,粗糙度,"(295.45, 353.67, 408.2, 373.27)",平整光滑有擦痕√,INLINE_OR_SUFFIX,False,IN_SCOPE,"(295.45, 353.67, 408.2, 373.27)",平整光滑有擦痕√,same_cell_mark,/Users/zhaoxiaoda/Library/CloudStorage/GoogleDrive-xiaodazhao0608@gmail.com/我的云端硬盘/TBM9/SKETCH/DyK1015+625.00_伯舒拉岭右线DyK1015+625洞身素描记录表.pdf,FACE_SKETCH
6dbf7d532471c1d0bd10c19f,CHECKBOX_POSITION,6dbf7d532471c1d0bd10c19f,,DyK1015+625.00_伯舒拉岭右线DyK1015+625洞身素描记录表.pdf,张开性,"(161.35, 373.27, 224.6, 405.47)",密闭＜0.1√,INLINE_OR_SUFFIX,False,IN_SCOPE,"(161.35, 373.27, 224.6, 405.47)",密闭＜0.1√,same_cell_mark,/Users/zhaoxiaoda/Library/CloudStorage/GoogleDrive-xiaodazhao0608@gmail.com/我的云端硬盘/TBM9/SKETCH/DyK1015+625.00_伯舒拉岭右线DyK1015+625洞身素描记录表.pdf,FACE_SKETCH
6dbf7d532471c1d0bd10c19f,CHECKBOX_POSITION,6dbf7d532471c1d0bd10c19f,,DyK1015+625.00_伯舒拉岭右线DyK1015+625洞身素描记录表.pdf,涌水状态,"(373.4, 405.47, 466.3, 437.77)",25～125 经常渗水√,INLINE_OR_SUFFIX,False,IN_SCOPE,"(373.4, 405.47, 466.3, 437.77)",25～125 经常渗水√,same_cell_mark,/Users/zhaoxiaoda/Library/CloudStorage/GoogleDrive-xiaodazhao0608@gmail.com/我的云端硬盘/TBM9/SKETCH/DyK1015+625.00_伯舒拉岭右线DyK1015+625洞身素描记录表.pdf,FACE_SKETCH
6dbf7d532471c1d0bd10c19f,CHECKBOX_POSITION,6dbf7d532471c1d0bd10c19f,,DyK1015+625.00_伯舒拉岭右线DyK1015+625洞身素描记录表.pdf,岩溶发育程度,"(373.4, 437.77, 466.3, 453.97)",√ 中等,PREFIX,True,IN_SCOPE,"(224.6, 437.77, 295.45, 453.97)",无√,ignored_prefix_mark_because_suffix_cell_present,/Users/zhaoxiaoda/Library/CloudStorage/GoogleDrive-xiaodazhao0608@gmail.com/我的云端硬盘/TBM9/SKETCH/DyK1015+625.00_伯舒拉岭右线DyK1015+625洞身素描记录表.pdf,FACE_SKETCH
6dbf7d532471c1d0bd10c19f,CHECKBOX_POSITION,6dbf7d532471c1d0bd10c19f,,DyK1015+625.00_伯舒拉岭右线DyK1015+625洞身素描记录表.pdf,岩溶发育程度,"(224.6, 437.77, 295.45, 453.97)",无√,INLINE_OR_SUFFIX,False,IN_SCOPE,"(224.6, 437.77, 295.45, 453.97)",无√,same_cell_mark,/Users/zhaoxiaoda/Library/CloudStorage/GoogleDrive-xiaodazhao0608@gmail.com/我的云端硬盘/TBM9/SKETCH/DyK1015+625.00_伯舒拉岭右线DyK1015+625洞身素描记录表.pdf,FACE_SKETCH
ead2355fccd1e00c0543ffb1,CHECKBOX_POSITION,ead2355fccd1e00c0543ffb1,,DyK1015+655.00_伯舒拉岭右线洞身素描记录表 1.pdf,掌子面状态,"(225.08288755555557, 213.56000499999993, 294.8831209375, 229.81999499999998)",正面掉块√,INLINE_OR_SUFFIX,False,IN_SCOPE,"(225.08288755555557, 213.56000499999993, 294.8831209375, 229.81999499999998)",正面掉块√,same_cell_mark,/Users/zhaoxiaoda/Library/CloudStorage/GoogleDrive-xiaodazhao0608@gmail.com/我的云端硬盘/TBM9/SKETCH/DyK1015+655.00_伯舒拉岭右线洞身素描记录表 1.pdf,FACE_SKETCH
ead2355fccd1e00c0543ffb1,CHECKBOX_POSITION,ead2355fccd1e00c0543ffb1,,DyK1015+655.00_伯舒拉岭右线洞身素描记录表 1.pdf,毛开挖面状态,"(225.08288755555557, 229.81999499999998, 294.8831209375, 261.500005)",随时间松弛、 掉块√,INLINE_OR_SUFFIX,False,IN_SCOPE,"(225.08288755555557, 229.81999499999998, 294.8831209375, 261.500005)",随时间松弛、 掉块√,same_cell_mark,/Users/zhaoxiaoda/Library/CloudStorage/GoogleDrive-xiaodazhao0608@gmail.com/我的云端硬盘/TBM9/SKETCH/DyK1015+655.00_伯舒拉岭右线洞身素描记录表 1.pdf,FACE_SKETCH
ead2355fccd1e00c0543ffb1,CHECKBOX_POSITION,ead2355fccd1e00c0543ffb1,,DyK1015+655.00_伯舒拉岭右线洞身素描记录表 1.pdf,岩石强度,"(225.08288755555557, 261.500005, 294.8831209375, 293.18000499999994)",30＜R≤60√,INLINE_OR_SUFFIX,False,IN_SCOPE,"(225.08288755555557, 261.500005, 294.8831209375, 293.18000499999994)",30＜R≤60√,same_cell_mark,/Users/zhaoxiaoda/Library/CloudStorage/GoogleDrive-xiaodazhao0608@gmail.com/我的云端硬盘/TBM9/SKETCH/DyK1015+655.00_伯舒拉岭右线洞身素描记录表 1.pdf,FACE_SKETCH
ead2355fccd1e00c0543ffb1,CHECKBOX_POSITION,ead2355fccd1e00c0543ffb1,,DyK1015+655.00_伯舒拉岭右线洞身素描记录表 1.pdf,风化程度,"(294.8831209375, 293.18000499999994, 350.8746928571428, 309.56000499999993)",弱风化√,INLINE_OR_SUFFIX,False,IN_SCOPE,"(294.8831209375, 293.18000499999994, 350.8746928571428, 309.56000499999993)",弱风化√,same_cell_mark,/Users/zhaoxiaoda/Library/CloudStorage/GoogleDrive-xiaodazhao0608@gmail.com/我的云端硬盘/TBM9/SKETCH/DyK1015+655.00_伯舒拉岭右线洞身素描记录表 1.pdf,FACE_SKETCH
ead2355fccd1e00c0543ffb1,CHECKBOX_POSITION,ead2355fccd1e00c0543ffb1,,DyK1015+655.00_伯舒拉岭右线洞身素描记录表 1.pdf,间距,"(294.8831209375, 309.56000499999993, 350.8746928571428, 336.800005)",0.2～0.6√,INLINE_OR_SUFFIX,False,IN_SCOPE,"(294.8831209375, 309.56000499999993, 350.8746928571428, 336.800005)",0.2～0.6√,same_cell_mark,/Users/zhaoxiaoda/Library/CloudStorage/GoogleDrive-xiaodazhao0608@gmail.com/我的云端硬盘/TBM9/SKETCH/DyK1015+655.00_伯舒拉岭右线洞身素描记录表 1.pdf,FACE_SKETCH
ead2355fccd1e00c0543ffb1,CHECKBOX_POSITION,ead2355fccd1e00c0543ffb1,,DyK1015+655.00_伯舒拉岭右线洞身素描记录表 1.pdf,延伸性,"(294.8831209375, 336.800005, 350.8746928571428, 353.65999)",中等√,INLINE_OR_SUFFIX,False,IN_SCOPE,"(294.8831209375, 336.800005, 350.8746928571428, 353.65999)",中等√,same_cell_mark,/Users/zhaoxiaoda/Library/CloudStorage/GoogleDrive-xiaodazhao0608@gmail.com/我的云端硬盘/TBM9/SKETCH/DyK1015+655.00_伯舒拉岭右线洞身素描记录表 1.pdf,FACE_SKETCH
ead2355fccd1e00c0543ffb1,CHECKBOX_POSITION,ead2355fccd1e00c0543ffb1,,DyK1015+655.00_伯舒拉岭右线洞身素描记录表 1.pdf,粗糙度,"(294.8831209375, 353.65999, 407.09166375, 373.280005)",平整光滑有擦痕√,INLINE_OR_SUFFIX,False,IN_SCOPE,"(294.8831209375, 353.65999, 407.09166375, 373.280005)",平整光滑有擦痕√,same_cell_mark,/Users/zhaoxiaoda/Library/CloudStorage/GoogleDrive-xiaodazhao0608@gmail.com/我的云端硬盘/TBM9/SKETCH/DyK1015+655.00_伯舒拉岭右线洞身素描记录表 1.pdf,FACE_SKETCH
ead2355fccd1e00c0543ffb1,CHECKBOX_POSITION,ead2355fccd1e00c0543ffb1,,DyK1015+655.00_伯舒拉岭右线洞身素描记录表 1.pdf,张开性,"(158.3368022, 373.280005, 225.08288755555557, 405.500005)",密闭＜0. 1√,INLINE_OR_SUFFIX,False,IN_SCOPE,"(158.3368022, 373.280005, 225.08288755555557, 405.500005)",密闭＜0. 1√,same_cell_mark,/Users/zhaoxiaoda/Library/CloudStorage/GoogleDrive-xiaodazhao0608@gmail.com/我的云端硬盘/TBM9/SKETCH/DyK1015+655.00_伯舒拉岭右线洞身素描记录表 1.pdf,FACE_SKETCH
ead2355fccd1e00c0543ffb1,CHECKBOX_POSITION,ead2355fccd1e00c0543ffb1,,DyK1015+655.00_伯舒拉岭右线洞身素描记录表 1.pdf,涌水状态,"(378.80142738095236, 405.500005, 466.19999499999994, 437.800005)",25～125 经常渗水√,INLINE_OR_SUFFIX,False,IN_SCOPE,"(378.80142738095236, 405.500005, 466.19999499999994, 437.800005)",25～125 经常渗水√,same_cell_mark,/Users/zhaoxiaoda/Library/CloudStorage/GoogleDrive-xiaodazhao0608@gmail.com/我的云端硬盘/TBM9/SKETCH/DyK1015+655.00_伯舒拉岭右线洞身素描记录表 1.pdf,FACE_SKETCH
ead2355fccd1e00c0543ffb1,CHECKBOX_POSITION,ead2355fccd1e00c0543ffb1,,DyK1015+655.00_伯舒拉岭右线洞身素描记录表 1.pdf,岩溶发育程度,"(225.08288755555557, 437.800005, 294.8831209375, 454.00000499999993)",无√,INLINE_OR_SUFFIX,False,IN_SCOPE,"(225.08288755555557, 437.800005, 294.8831209375, 454.00000499999993)",无√,same_cell_mark,/Users/zhaoxiaoda/Library/CloudStorage/GoogleDrive-xiaodazhao0608@gmail.com/我的云端硬盘/TBM9/SKETCH/DyK1015+655.00_伯舒拉岭右线洞身素描记录表 1.pdf,FACE_SKETCH
24140c0248fd1754358c83a7,CHECKBOX_POSITION,24140c0248fd1754358c83a7,,DyK1015+683.00_伯舒拉岭右线洞身素描记录表 2.pdf,掌子面状态,"(225.08288755555557, 174.620005, 294.8831209375, 190.879995)",正面掉块√,INLINE_OR_SUFFIX,False,IN_SCOPE,"(225.08288755555557, 174.620005, 294.8831209375, 190.879995)",正面掉块√,same_cell_mark,/Users/zhaoxiaoda/Library/CloudStorage/GoogleDrive-xiaodazhao0608@gmail.com/我的云端硬盘/TBM9/SKETCH/DyK1015+683.00_伯舒拉岭右线洞身素描记录表 2.pdf,FACE_SKETCH
24140c0248fd1754358c83a7,CHECKBOX_POSITION,24140c0248fd1754358c83a7,,DyK1015+683.00_伯舒拉岭右线洞身素描记录表 2.pdf,毛开挖面状态,"(225.08288755555557, 190.879995, 294.8831209375, 222.499995)",随时间松弛、 掉块√,INLINE_OR_SUFFIX,False,IN_SCOPE,"(225.08288755555557, 190.879995, 294.8831209375, 222.499995)",随时间松弛、 掉块√,same_cell_mark,/Users/zhaoxiaoda/Library/CloudStorage/GoogleDrive-xiaodazhao0608@gmail.com/我的云端硬盘/TBM9/SKETCH/DyK1015+683.00_伯舒拉岭右线洞身素描记录表 2.pdf,FACE_SKETCH
24140c0248fd1754358c83a7,CHECKBOX_POSITION,24140c0248fd1754358c83a7,,DyK1015+683.00_伯舒拉岭右线洞身素描记录表 2.pdf,岩石强度,"(225.08288755555557, 222.499995, 294.8831209375, 254.23999500000002)",30＜R≤60√,INLINE_OR_SUFFIX,False,IN_SCOPE,"(225.08288755555557, 222.499995, 294.8831209375, 254.23999500000002)",30＜R≤60√,same_cell_mark,/Users/zhaoxiaoda/Library/CloudStorage/GoogleDrive-xiaodazhao0608@gmail.com/我的云端硬盘/TBM9/SKETCH/DyK1015+683.00_伯舒拉岭右线洞身素描记录表 2.pdf,FACE_SKETCH
24140c0248fd1754358c83a7,CHECKBOX_POSITION,24140c0248fd1754358c83a7,,DyK1015+683.00_伯舒拉岭右线洞身素描记录表 2.pdf,风化程度,"(294.8831209375, 254.23999500000002, 350.8746928571428, 270.620005)",弱风化√,INLINE_OR_SUFFIX,False,IN_SCOPE,"(294.8831209375, 254.23999500000002, 350.8746928571428, 270.620005)",弱风化√,same_cell_mark,/Users/zhaoxiaoda/Library/CloudStorage/GoogleDrive-xiaodazhao0608@gmail.com/我的云端硬盘/TBM9/SKETCH/DyK1015+683.00_伯舒拉岭右线洞身素描记录表 2.pdf,FACE_SKETCH
24140c0248fd1754358c83a7,CHECKBOX_POSITION,24140c0248fd1754358c83a7,,DyK1015+683.00_伯舒拉岭右线洞身素描记录表 2.pdf,间距,"(294.8831209375, 270.620005, 350.8746928571428, 297.80000499999994)",0.2～0.6√,INLINE_OR_SUFFIX,False,IN_SCOPE,"(294.8831209375, 270.620005, 350.8746928571428, 297.80000499999994)",0.2～0.6√,same_cell_mark,/Users/zhaoxiaoda/Library/CloudStorage/GoogleDrive-xiaodazhao0608@gmail.com/我的云端硬盘/TBM9/SKETCH/DyK1015+683.00_伯舒拉岭右线洞身素描记录表 2.pdf,FACE_SKETCH
24140c0248fd1754358c83a7,CHECKBOX_POSITION,24140c0248fd1754358c83a7,,DyK1015+683.00_伯舒拉岭右线洞身素描记录表 2.pdf,延伸性,"(294.8831209375, 297.80000499999994, 350.8746928571428, 314.72000499999984)",中等√,INLINE_OR_SUFFIX,False,IN_SCOPE,"(294.8831209375, 297.80000499999994, 350.8746928571428, 314.72000499999984)",中等√,same_cell_mark,/Users/zhaoxiaoda/Library/CloudStorage/GoogleDrive-xiaodazhao0608@gmail.com/我的云端硬盘/TBM9/SKETCH/DyK1015+683.00_伯舒拉岭右线洞身素描记录表 2.pdf,FACE_SKETCH
24140c0248fd1754358c83a7,CHECKBOX_POSITION,24140c0248fd1754358c83a7,,DyK1015+683.00_伯舒拉岭右线洞身素描记录表 2.pdf,粗糙度,"(294.8831209375, 314.72000499999984, 407.09166375, 334.34000499999996)",平整光滑有擦痕√,INLINE_OR_SUFFIX,False,IN_SCOPE,"(294.8831209375, 314.72000499999984, 407.09166375, 334.34000499999996)",平整光滑有擦痕√,same_cell_mark,/Users/zhaoxiaoda/Library/CloudStorage/GoogleDrive-xiaodazhao0608@gmail.com/我的云端硬盘/TBM9/SKETCH/DyK1015+683.00_伯舒拉岭右线洞身素描记录表 2.pdf,FACE_SKETCH
24140c0248fd1754358c83a7,CHECKBOX_POSITION,24140c0248fd1754358c83a7,,DyK1015+683.00_伯舒拉岭右线洞身素描记录表 2.pdf,张开性,"(158.3368022, 334.34000499999996, 225.08288755555557, 366.500005)",密闭＜0. 1√,INLINE_OR_SUFFIX,False,IN_SCOPE,"(158.3368022, 334.34000499999996, 225.08288755555557, 366.500005)",密闭＜0. 1√,same_cell_mark,/Users/zhaoxiaoda/Library/CloudStorage/GoogleDrive-xiaodazhao0608@gmail.com/我的云端硬盘/TBM9/SKETCH/DyK1015+683.00_伯舒拉岭右线洞身素描记录表 2.pdf,FACE_SKETCH
24140c0248fd1754358c83a7,CHECKBOX_POSITION,24140c0248fd1754358c83a7,,DyK1015+683.00_伯舒拉岭右线洞身素描记录表 2.pdf,涌水状态,"(378.80142738095236, 366.500005, 466.19999499999994, 398.840005)",25～125 经常渗水√,INLINE_OR_SUFFIX,False,IN_SCOPE,"(378.80142738095236, 366.500005, 466.19999499999994, 398.840005)",25～125 经常渗水√,same_cell_mark,/Users/zhaoxiaoda/Library/CloudStorage/GoogleDrive-xiaodazhao0608@gmail.com/我的云端硬盘/TBM9/SKETCH/DyK1015+683.00_伯舒拉岭右线洞身素描记录表 2.pdf,FACE_SKETCH
24140c0248fd1754358c83a7,CHECKBOX_POSITION,24140c0248fd1754358c83a7,,DyK1015+683.00_伯舒拉岭右线洞身素描记录表 2.pdf,岩溶发育程度,"(225.08288755555557, 398.840005, 294.8831209375, 415.060005)",无√,INLINE_OR_SUFFIX,False,IN_SCOPE,"(225.08288755555557, 398.840005, 294.8831209375, 415.060005)",无√,same_cell_mark,/Users/zhaoxiaoda/Library/CloudStorage/GoogleDrive-xiaodazhao0608@gmail.com/我的云端硬盘/TBM9/SKETCH/DyK1015+683.00_伯舒拉岭右线洞身素描记录表 2.pdf,FACE_SKETCH
c8d0a38f8c5d9e4d2e428224,CHECKBOX_POSITION,c8d0a38f8c5d9e4d2e428224,,DyK1015+713.00_伯舒拉岭右线洞身素描记录表 3.pdf,掌子面状态,"(225.08288755555557, 174.620005, 294.8831209375, 190.879995)",正面掉块√,INLINE_OR_SUFFIX,False,IN_SCOPE,"(225.08288755555557, 174.620005, 294.8831209375, 190.879995)",正面掉块√,same_cell_mark,/Users/zhaoxiaoda/Library/CloudStorage/GoogleDrive-xiaodazhao0608@gmail.com/我的云端硬盘/TBM9/SKETCH/DyK1015+713.00_伯舒拉岭右线洞身素描记录表 3.pdf,FACE_SKETCH
c8d0a38f8c5d9e4d2e428224,CHECKBOX_POSITION,c8d0a38f8c5d9e4d2e428224,,DyK1015+713.00_伯舒拉岭右线洞身素描记录表 3.pdf,毛开挖面状态,"(225.08288755555557, 190.879995, 294.8831209375, 222.499995)",随时间松弛、 掉块√,INLINE_OR_SUFFIX,False,IN_SCOPE,"(225.08288755555557, 190.879995, 294.8831209375, 222.499995)",随时间松弛、 掉块√,same_cell_mark,/Users/zhaoxiaoda/Library/CloudStorage/GoogleDrive-xiaodazhao0608@gmail.com/我的云端硬盘/TBM9/SKETCH/DyK1015+713.00_伯舒拉岭右线洞身素描记录表 3.pdf,FACE_SKETCH
c8d0a38f8c5d9e4d2e428224,CHECKBOX_POSITION,c8d0a38f8c5d9e4d2e428224,,DyK1015+713.00_伯舒拉岭右线洞身素描记录表 3.pdf,岩石强度,"(225.08288755555557, 222.499995, 294.8831209375, 254.23999500000002)",30＜R≤60√,INLINE_OR_SUFFIX,False,IN_SCOPE,"(225.08288755555557, 222.499995, 294.8831209375, 254.23999500000002)",30＜R≤60√,same_cell_mark,/Users/zhaoxiaoda/Library/CloudStorage/GoogleDrive-xiaodazhao0608@gmail.com/我的云端硬盘/TBM9/SKETCH/DyK1015+713.00_伯舒拉岭右线洞身素描记录表 3.pdf,FACE_SKETCH
c8d0a38f8c5d9e4d2e428224,CHECKBOX_POSITION,c8d0a38f8c5d9e4d2e428224,,DyK1015+713.00_伯舒拉岭右线洞身素描记录表 3.pdf,风化程度,"(294.8831209375, 254.23999500000002, 350.8746928571428, 270.620005)",弱风化√,INLINE_OR_SUFFIX,False,IN_SCOPE,"(294.8831209375, 254.23999500000002, 350.8746928571428, 270.620005)",弱风化√,same_cell_mark,/Users/zhaoxiaoda/Library/CloudStorage/GoogleDrive-xiaodazhao0608@gmail.com/我的云端硬盘/TBM9/SKETCH/DyK1015+713.00_伯舒拉岭右线洞身素描记录表 3.pdf,FACE_SKETCH
c8d0a38f8c5d9e4d2e428224,CHECKBOX_POSITION,c8d0a38f8c5d9e4d2e428224,,DyK1015+713.00_伯舒拉岭右线洞身素描记录表 3.pdf,间距,"(294.8831209375, 270.620005, 350.8746928571428, 297.80000499999994)",0.2～0.6√,INLINE_OR_SUFFIX,False,IN_SCOPE,"(294.8831209375, 270.620005, 350.8746928571428, 297.80000499999994)",0.2～0.6√,same_cell_mark,/Users/zhaoxiaoda/Library/CloudStorage/GoogleDrive-xiaodazhao0608@gmail.com/我的云端硬盘/TBM9/SKETCH/DyK1015+713.00_伯舒拉岭右线洞身素描记录表 3.pdf,FACE_SKETCH
c8d0a38f8c5d9e4d2e428224,CHECKBOX_POSITION,c8d0a38f8c5d9e4d2e428224,,DyK1015+713.00_伯舒拉岭右线洞身素描记录表 3.pdf,延伸性,"(294.8831209375, 297.80000499999994, 350.8746928571428, 314.72000499999984)",中等√,INLINE_OR_SUFFIX,False,IN_SCOPE,"(294.8831209375, 297.80000499999994, 350.8746928571428, 314.72000499999984)",中等√,same_cell_mark,/Users/zhaoxiaoda/Library/CloudStorage/GoogleDrive-xiaodazhao0608@gmail.com/我的云端硬盘/TBM9/SKETCH/DyK1015+713.00_伯舒拉岭右线洞身素描记录表 3.pdf,FACE_SKETCH
c8d0a38f8c5d9e4d2e428224,CHECKBOX_POSITION,c8d0a38f8c5d9e4d2e428224,,DyK1015+713.00_伯舒拉岭右线洞身素描记录表 3.pdf,粗糙度,"(294.8831209375, 314.72000499999984, 407.09166375, 334.34000499999996)",平整光滑有擦痕√,INLINE_OR_SUFFIX,False,IN_SCOPE,"(294.8831209375, 314.72000499999984, 407.09166375, 334.34000499999996)",平整光滑有擦痕√,same_cell_mark,/Users/zhaoxiaoda/Library/CloudStorage/GoogleDrive-xiaodazhao0608@gmail.com/我的云端硬盘/TBM9/SKETCH/DyK1015+713.00_伯舒拉岭右线洞身素描记录表 3.pdf,FACE_SKETCH
c8d0a38f8c5d9e4d2e428224,CHECKBOX_POSITION,c8d0a38f8c5d9e4d2e428224,,DyK1015+713.00_伯舒拉岭右线洞身素描记录表 3.pdf,张开性,"(158.3368022, 334.34000499999996, 225.08288755555557, 366.500005)",密闭＜0. 1√,INLINE_OR_SUFFIX,False,IN_SCOPE,"(158.3368022, 334.34000499999996, 225.08288755555557, 366.500005)",密闭＜0. 1√,same_cell_mark,/Users/zhaoxiaoda/Library/CloudStorage/GoogleDrive-xiaodazhao0608@gmail.com/我的云端硬盘/TBM9/SKETCH/DyK1015+713.00_伯舒拉岭右线洞身素描记录表 3.pdf,FACE_SKETCH
c8d0a38f8c5d9e4d2e428224,CHECKBOX_POSITION,c8d0a38f8c5d9e4d2e428224,,DyK1015+713.00_伯舒拉岭右线洞身素描记录表 3.pdf,涌水状态,"(378.80142738095236, 366.500005, 466.19999499999994, 398.840005)",25～125 经常渗水√,INLINE_OR_SUFFIX,False,IN_SCOPE,"(378.80142738095236, 366.500005, 466.19999499999994, 398.840005)",25～125 经常渗水√,same_cell_mark,/Users/zhaoxiaoda/Library/CloudStorage/GoogleDrive-xiaodazhao0608@gmail.com/我的云端硬盘/TBM9/SKETCH/DyK1015+713.00_伯舒拉岭右线洞身素描记录表 3.pdf,FACE_SKETCH
c8d0a38f8c5d9e4d2e428224,CHECKBOX_POSITION,c8d0a38f8c5d9e4d2e428224,,DyK1015+713.00_伯舒拉岭右线洞身素描记录表 3.pdf,岩溶发育程度,"(225.08288755555557, 398.840005, 294.8831209375, 415.060005)",无√,INLINE_OR_SUFFIX,False,IN_SCOPE,"(225.08288755555557, 398.840005, 294.8831209375, 415.060005)",无√,same_cell_mark,/Users/zhaoxiaoda/Library/CloudStorage/GoogleDrive-xiaodazhao0608@gmail.com/我的云端硬盘/TBM9/SKETCH/DyK1015+713.00_伯舒拉岭右线洞身素描记录表 3.pdf,FACE_SKETCH
011e725a63ba75581035c479,CHECKBOX_POSITION,011e725a63ba75581035c479,,DyK1015+743.00_伯舒拉岭右线洞身素描记录表 4.pdf,掌子面状态,"(225.08288755555557, 179.54000499999995, 294.8831209375, 195.799995)",正面掉块√,INLINE_OR_SUFFIX,False,IN_SCOPE,"(225.08288755555557, 179.54000499999995, 294.8831209375, 195.799995)",正面掉块√,same_cell_mark,/Users/zhaoxiaoda/Library/CloudStorage/GoogleDrive-xiaodazhao0608@gmail.com/我的云端硬盘/TBM9/SKETCH/DyK1015+743.00_伯舒拉岭右线洞身素描记录表 4.pdf,FACE_SKETCH
011e725a63ba75581035c479,CHECKBOX_POSITION,011e725a63ba75581035c479,,DyK1015+743.00_伯舒拉岭右线洞身素描记录表 4.pdf,毛开挖面状态,"(225.08288755555557, 195.799995, 294.8831209375, 227.41999499999997)",随时间松弛、 掉块√,INLINE_OR_SUFFIX,False,IN_SCOPE,"(225.08288755555557, 195.799995, 294.8831209375, 227.41999499999997)",随时间松弛、 掉块√,same_cell_mark,/Users/zhaoxiaoda/Library/CloudStorage/GoogleDrive-xiaodazhao0608@gmail.com/我的云端硬盘/TBM9/SKETCH/DyK1015+743.00_伯舒拉岭右线洞身素描记录表 4.pdf,FACE_SKETCH
011e725a63ba75581035c479,CHECKBOX_POSITION,011e725a63ba75581035c479,,DyK1015+743.00_伯舒拉岭右线洞身素描记录表 4.pdf,岩石强度,"(225.08288755555557, 227.41999499999997, 294.8831209375, 259.09998999999993)",30＜R≤60√,INLINE_OR_SUFFIX,False,IN_SCOPE,"(225.08288755555557, 227.41999499999997, 294.8831209375, 259.09998999999993)",30＜R≤60√,same_cell_mark,/Users/zhaoxiaoda/Library/CloudStorage/GoogleDrive-xiaodazhao0608@gmail.com/我的云端硬盘/TBM9/SKETCH/DyK1015+743.00_伯舒拉岭右线洞身素描记录表 4.pdf,FACE_SKETCH
011e725a63ba75581035c479,CHECKBOX_POSITION,011e725a63ba75581035c479,,DyK1015+743.00_伯舒拉岭右线洞身素描记录表 4.pdf,风化程度,"(294.8831209375, 259.09998999999993, 350.8746928571428, 275.53999)",弱风化√,INLINE_OR_SUFFIX,False,IN_SCOPE,"(294.8831209375, 259.09998999999993, 350.8746928571428, 275.53999)",弱风化√,same_cell_mark,/Users/zhaoxiaoda/Library/CloudStorage/GoogleDrive-xiaodazhao0608@gmail.com/我的云端硬盘/TBM9/SKETCH/DyK1015+743.00_伯舒拉岭右线洞身素描记录表 4.pdf,FACE_SKETCH
011e725a63ba75581035c479,CHECKBOX_POSITION,011e725a63ba75581035c479,,DyK1015+743.00_伯舒拉岭右线洞身素描记录表 4.pdf,间距,"(294.8831209375, 275.53999, 350.8746928571428, 302.7200049999999)",0.2～0.6√,INLINE_OR_SUFFIX,False,IN_SCOPE,"(294.8831209375, 275.53999, 350.8746928571428, 302.7200049999999)",0.2～0.6√,same_cell_mark,/Users/zhaoxiaoda/Library/CloudStorage/GoogleDrive-xiaodazhao0608@gmail.com/我的云端硬盘/TBM9/SKETCH/DyK1015+743.00_伯舒拉岭右线洞身素描记录表 4.pdf,FACE_SKETCH
011e725a63ba75581035c479,CHECKBOX_POSITION,011e725a63ba75581035c479,,DyK1015+743.00_伯舒拉岭右线洞身素描记录表 4.pdf,延伸性,"(294.8831209375, 302.7200049999999, 350.8746928571428, 319.6400049999999)",中等√,INLINE_OR_SUFFIX,False,IN_SCOPE,"(294.8831209375, 302.7200049999999, 350.8746928571428, 319.6400049999999)",中等√,same_cell_mark,/Users/zhaoxiaoda/Library/CloudStorage/GoogleDrive-xiaodazhao0608@gmail.com/我的云端硬盘/TBM9/SKETCH/DyK1015+743.00_伯舒拉岭右线洞身素描记录表 4.pdf,FACE_SKETCH
011e725a63ba75581035c479,CHECKBOX_POSITION,011e725a63ba75581035c479,,DyK1015+743.00_伯舒拉岭右线洞身素描记录表 4.pdf,粗糙度,"(294.8831209375, 319.6400049999999, 407.09166375, 339.1999899999999)",平整光滑有擦痕√,INLINE_OR_SUFFIX,False,IN_SCOPE,"(294.8831209375, 319.6400049999999, 407.09166375, 339.1999899999999)",平整光滑有擦痕√,same_cell_mark,/Users/zhaoxiaoda/Library/CloudStorage/GoogleDrive-xiaodazhao0608@gmail.com/我的云端硬盘/TBM9/SKETCH/DyK1015+743.00_伯舒拉岭右线洞身素描记录表 4.pdf,FACE_SKETCH
011e725a63ba75581035c479,CHECKBOX_POSITION,011e725a63ba75581035c479,,DyK1015+743.00_伯舒拉岭右线洞身素描记录表 4.pdf,张开性,"(158.3368022, 339.1999899999999, 225.08288755555557, 371.420005)",密闭＜0. 1√,INLINE_OR_SUFFIX,False,IN_SCOPE,"(158.3368022, 339.1999899999999, 225.08288755555557, 371.420005)",密闭＜0. 1√,same_cell_mark,/Users/zhaoxiaoda/Library/CloudStorage/GoogleDrive-xiaodazhao0608@gmail.com/我的云端硬盘/TBM9/SKETCH/DyK1015+743.00_伯舒拉岭右线洞身素描记录表 4.pdf,FACE_SKETCH
011e725a63ba75581035c479,CHECKBOX_POSITION,011e725a63ba75581035c479,,DyK1015+743.00_伯舒拉岭右线洞身素描记录表 4.pdf,涌水状态,"(378.80142738095236, 371.420005, 466.19999499999994, 403.75998999999996)",25～125 经常渗水√,INLINE_OR_SUFFIX,False,IN_SCOPE,"(378.80142738095236, 371.420005, 466.19999499999994, 403.75998999999996)",25～125 经常渗水√,same_cell_mark,/Users/zhaoxiaoda/Library/CloudStorage/GoogleDrive-xiaodazhao0608@gmail.com/我的云端硬盘/TBM9/SKETCH/DyK1015+743.00_伯舒拉岭右线洞身素描记录表 4.pdf,FACE_SKETCH
011e725a63ba75581035c479,CHECKBOX_POSITION,011e725a63ba75581035c479,,DyK1015+743.00_伯舒拉岭右线洞身素描记录表 4.pdf,岩溶发育程度,"(225.08288755555557, 403.75998999999996, 294.8831209375, 419.98000499999995)",无√,INLINE_OR_SUFFIX,False,IN_SCOPE,"(225.08288755555557, 403.75998999999996, 294.8831209375, 419.98000499999995)",无√,same_cell_mark,/Users/zhaoxiaoda/Library/CloudStorage/GoogleDrive-xiaodazhao0608@gmail.com/我的云端硬盘/TBM9/SKETCH/DyK1015+743.00_伯舒拉岭右线洞身素描记录表 4.pdf,FACE_SKETCH
db5d790994059546fd8f6993,CHECKBOX_POSITION,db5d790994059546fd8f6993,,DyK1015+759.00-_伯舒拉岭右线洞身素描记录表 5.pdf,掌子面状态,"(225.08288755555557, 174.620005, 294.8831209375, 190.879995)",正面掉块√,INLINE_OR_SUFFIX,False,IN_SCOPE,"(225.08288755555557, 174.620005, 294.8831209375, 190.879995)",正面掉块√,same_cell_mark,/Users/zhaoxiaoda/Library/CloudStorage/GoogleDrive-xiaodazhao0608@gmail.com/我的云端硬盘/TBM9/SKETCH/DyK1015+759.00-_伯舒拉岭右线洞身素描记录表 5.pdf,FACE_SKETCH
db5d790994059546fd8f6993,CHECKBOX_POSITION,db5d790994059546fd8f6993,,DyK1015+759.00-_伯舒拉岭右线洞身素描记录表 5.pdf,毛开挖面状态,"(225.08288755555557, 190.879995, 294.8831209375, 222.499995)",随时间松弛、 掉块√,INLINE_OR_SUFFIX,False,IN_SCOPE,"(225.08288755555557, 190.879995, 294.8831209375, 222.499995)",随时间松弛、 掉块√,same_cell_mark,/Users/zhaoxiaoda/Library/CloudStorage/GoogleDrive-xiaodazhao0608@gmail.com/我的云端硬盘/TBM9/SKETCH/DyK1015+759.00-_伯舒拉岭右线洞身素描记录表 5.pdf,FACE_SKETCH
db5d790994059546fd8f6993,CHECKBOX_POSITION,db5d790994059546fd8f6993,,DyK1015+759.00-_伯舒拉岭右线洞身素描记录表 5.pdf,岩石强度,"(294.8831209375, 222.499995, 350.8746928571428, 260.06000499999993)",15＜ R≤30√,INLINE_OR_SUFFIX,False,IN_SCOPE,"(294.8831209375, 222.499995, 350.8746928571428, 260.06000499999993)",15＜ R≤30√,same_cell_mark,/Users/zhaoxiaoda/Library/CloudStorage/GoogleDrive-xiaodazhao0608@gmail.com/我的云端硬盘/TBM9/SKETCH/DyK1015+759.00-_伯舒拉岭右线洞身素描记录表 5.pdf,FACE_SKETCH
db5d790994059546fd8f6993,CHECKBOX_POSITION,db5d790994059546fd8f6993,,DyK1015+759.00-_伯舒拉岭右线洞身素描记录表 5.pdf,风化程度,"(294.8831209375, 260.06000499999993, 350.8746928571428, 276.4400049999999)",弱风化√,INLINE_OR_SUFFIX,False,IN_SCOPE,"(294.8831209375, 260.06000499999993, 350.8746928571428, 276.4400049999999)",弱风化√,same_cell_mark,/Users/zhaoxiaoda/Library/CloudStorage/GoogleDrive-xiaodazhao0608@gmail.com/我的云端硬盘/TBM9/SKETCH/DyK1015+759.00-_伯舒拉岭右线洞身素描记录表 5.pdf,FACE_SKETCH
db5d790994059546fd8f6993,CHECKBOX_POSITION,db5d790994059546fd8f6993,,DyK1015+759.00-_伯舒拉岭右线洞身素描记录表 5.pdf,间距,"(294.8831209375, 276.4400049999999, 350.8746928571428, 303.620005)",0.2～0.6√,INLINE_OR_SUFFIX,False,IN_SCOPE,"(294.8831209375, 276.4400049999999, 350.8746928571428, 303.620005)",0.2～0.6√,same_cell_mark,/Users/zhaoxiaoda/Library/CloudStorage/GoogleDrive-xiaodazhao0608@gmail.com/我的云端硬盘/TBM9/SKETCH/DyK1015+759.00-_伯舒拉岭右线洞身素描记录表 5.pdf,FACE_SKETCH
db5d790994059546fd8f6993,CHECKBOX_POSITION,db5d790994059546fd8f6993,,DyK1015+759.00-_伯舒拉岭右线洞身素描记录表 5.pdf,延伸性,"(294.8831209375, 303.620005, 350.8746928571428, 320.53998999999993)",中等√,INLINE_OR_SUFFIX,False,IN_SCOPE,"(294.8831209375, 303.620005, 350.8746928571428, 320.53998999999993)",中等√,same_cell_mark,/Users/zhaoxiaoda/Library/CloudStorage/GoogleDrive-xiaodazhao0608@gmail.com/我的云端硬盘/TBM9/SKETCH/DyK1015+759.00-_伯舒拉岭右线洞身素描记录表 5.pdf,FACE_SKETCH
db5d790994059546fd8f6993,CHECKBOX_POSITION,db5d790994059546fd8f6993,,DyK1015+759.00-_伯舒拉岭右线洞身素描记录表 5.pdf,粗糙度,"(294.8831209375, 320.53998999999993, 407.09166375, 340.15998999999994)",平整光滑有擦痕√,INLINE_OR_SUFFIX,False,IN_SCOPE,"(294.8831209375, 320.53998999999993, 407.09166375, 340.15998999999994)",平整光滑有擦痕√,same_cell_mark,/Users/zhaoxiaoda/Library/CloudStorage/GoogleDrive-xiaodazhao0608@gmail.com/我的云端硬盘/TBM9/SKETCH/DyK1015+759.00-_伯舒拉岭右线洞身素描记录表 5.pdf,FACE_SKETCH
db5d790994059546fd8f6993,CHECKBOX_POSITION,db5d790994059546fd8f6993,,DyK1015+759.00-_伯舒拉岭右线洞身素描记录表 5.pdf,张开性,"(158.3368022, 340.15998999999994, 225.08288755555557, 372.3199899999999)",密闭＜0. 1√,INLINE_OR_SUFFIX,False,IN_SCOPE,"(158.3368022, 340.15998999999994, 225.08288755555557, 372.3199899999999)",密闭＜0. 1√,same_cell_mark,/Users/zhaoxiaoda/Library/CloudStorage/GoogleDrive-xiaodazhao0608@gmail.com/我的云端硬盘/TBM9/SKETCH/DyK1015+759.00-_伯舒拉岭右线洞身素描记录表 5.pdf,FACE_SKETCH
db5d790994059546fd8f6993,CHECKBOX_POSITION,db5d790994059546fd8f6993,,DyK1015+759.00-_伯舒拉岭右线洞身素描记录表 5.pdf,岩溶发育程度,"(225.08288755555557, 404.06000499999993, 294.8831209375, 420.280005)",无√,INLINE_OR_SUFFIX,False,IN_SCOPE,"(225.08288755555557, 404.06000499999993, 294.8831209375, 420.280005)",无√,same_cell_mark,/Users/zhaoxiaoda/Library/CloudStorage/GoogleDrive-xiaodazhao0608@gmail.com/我的云端硬盘/TBM9/SKETCH/DyK1015+759.00-_伯舒拉岭右线洞身素描记录表 5.pdf,FACE_SKETCH
0a38f10d070290ab22378500,CHECKBOX_POSITION,0a38f10d070290ab22378500,,DyK1015+759.00_伯舒拉岭右线洞身素描记录表 5.pdf,掌子面状态,"(225.08288755555557, 174.620005, 294.8831209375, 190.879995)",正面掉块√,INLINE_OR_SUFFIX,False,IN_SCOPE,"(225.08288755555557, 174.620005, 294.8831209375, 190.879995)",正面掉块√,same_cell_mark,/Users/zhaoxiaoda/Library/CloudStorage/GoogleDrive-xiaodazhao0608@gmail.com/我的云端硬盘/TBM9/SKETCH/DyK1015+759.00_伯舒拉岭右线洞身素描记录表 5.pdf,FACE_SKETCH
0a38f10d070290ab22378500,CHECKBOX_POSITION,0a38f10d070290ab22378500,,DyK1015+759.00_伯舒拉岭右线洞身素描记录表 5.pdf,毛开挖面状态,"(225.08288755555557, 190.879995, 294.8831209375, 222.499995)",随时间松弛、 掉块√,INLINE_OR_SUFFIX,False,IN_SCOPE,"(225.08288755555557, 190.879995, 294.8831209375, 222.499995)",随时间松弛、 掉块√,same_cell_mark,/Users/zhaoxiaoda/Library/CloudStorage/GoogleDrive-xiaodazhao0608@gmail.com/我的云端硬盘/TBM9/SKETCH/DyK1015+759.00_伯舒拉岭右线洞身素描记录表 5.pdf,FACE_SKETCH
0a38f10d070290ab22378500,CHECKBOX_POSITION,0a38f10d070290ab22378500,,DyK1015+759.00_伯舒拉岭右线洞身素描记录表 5.pdf,岩石强度,"(294.8831209375, 222.499995, 350.8746928571428, 260.06000499999993)",15＜ R≤30√,INLINE_OR_SUFFIX,False,IN_SCOPE,"(294.8831209375, 222.499995, 350.8746928571428, 260.06000499999993)",15＜ R≤30√,same_cell_mark,/Users/zhaoxiaoda/Library/CloudStorage/GoogleDrive-xiaodazhao0608@gmail.com/我的云端硬盘/TBM9/SKETCH/DyK1015+759.00_伯舒拉岭右线洞身素描记录表 5.pdf,FACE_SKETCH
0a38f10d070290ab22378500,CHECKBOX_POSITION,0a38f10d070290ab22378500,,DyK1015+759.00_伯舒拉岭右线洞身素描记录表 5.pdf,风化程度,"(294.8831209375, 260.06000499999993, 350.8746928571428, 276.4400049999999)",弱风化√,INLINE_OR_SUFFIX,False,IN_SCOPE,"(294.8831209375, 260.06000499999993, 350.8746928571428, 276.4400049999999)",弱风化√,same_cell_mark,/Users/zhaoxiaoda/Library/CloudStorage/GoogleDrive-xiaodazhao0608@gmail.com/我的云端硬盘/TBM9/SKETCH/DyK1015+759.00_伯舒拉岭右线洞身素描记录表 5.pdf,FACE_SKETCH
0a38f10d070290ab22378500,CHECKBOX_POSITION,0a38f10d070290ab22378500,,DyK1015+759.00_伯舒拉岭右线洞身素描记录表 5.pdf,间距,"(294.8831209375, 276.4400049999999, 350.8746928571428, 303.620005)",0.2～0.6√,INLINE_OR_SUFFIX,False,IN_SCOPE,"(294.8831209375, 276.4400049999999, 350.8746928571428, 303.620005)",0.2～0.6√,same_cell_mark,/Users/zhaoxiaoda/Library/CloudStorage/GoogleDrive-xiaodazhao0608@gmail.com/我的云端硬盘/TBM9/SKETCH/DyK1015+759.00_伯舒拉岭右线洞身素描记录表 5.pdf,FACE_SKETCH
0a38f10d070290ab22378500,CHECKBOX_POSITION,0a38f10d070290ab22378500,,DyK1015+759.00_伯舒拉岭右线洞身素描记录表 5.pdf,延伸性,"(294.8831209375, 303.620005, 350.8746928571428, 320.53998999999993)",中等√,INLINE_OR_SUFFIX,False,IN_SCOPE,"(294.8831209375, 303.620005, 350.8746928571428, 320.53998999999993)",中等√,same_cell_mark,/Users/zhaoxiaoda/Library/CloudStorage/GoogleDrive-xiaodazhao0608@gmail.com/我的云端硬盘/TBM9/SKETCH/DyK1015+759.00_伯舒拉岭右线洞身素描记录表 5.pdf,FACE_SKETCH
0a38f10d070290ab22378500,CHECKBOX_POSITION,0a38f10d070290ab22378500,,DyK1015+759.00_伯舒拉岭右线洞身素描记录表 5.pdf,粗糙度,"(294.8831209375, 320.53998999999993, 407.09166375, 340.15998999999994)",平整光滑有擦痕√,INLINE_OR_SUFFIX,False,IN_SCOPE,"(294.8831209375, 320.53998999999993, 407.09166375, 340.15998999999994)",平整光滑有擦痕√,same_cell_mark,/Users/zhaoxiaoda/Library/CloudStorage/GoogleDrive-xiaodazhao0608@gmail.com/我的云端硬盘/TBM9/SKETCH/DyK1015+759.00_伯舒拉岭右线洞身素描记录表 5.pdf,FACE_SKETCH
0a38f10d070290ab22378500,CHECKBOX_POSITION,0a38f10d070290ab22378500,,DyK1015+759.00_伯舒拉岭右线洞身素描记录表 5.pdf,张开性,"(158.3368022, 340.15998999999994, 225.08288755555557, 372.3199899999999)",密闭＜0. 1√,INLINE_OR_SUFFIX,False,IN_SCOPE,"(158.3368022, 340.15998999999994, 225.08288755555557, 372.3199899999999)",密闭＜0. 1√,same_cell_mark,/Users/zhaoxiaoda/Library/CloudStorage/GoogleDrive-xiaodazhao0608@gmail.com/我的云端硬盘/TBM9/SKETCH/DyK1015+759.00_伯舒拉岭右线洞身素描记录表 5.pdf,FACE_SKETCH
0a38f10d070290ab22378500,CHECKBOX_POSITION,0a38f10d070290ab22378500,,DyK1015+759.00_伯舒拉岭右线洞身素描记录表 5.pdf,岩溶发育程度,"(225.08288755555557, 404.06000499999993, 294.8831209375, 420.280005)",无√,INLINE_OR_SUFFIX,False,IN_SCOPE,"(225.08288755555557, 404.06000499999993, 294.8831209375, 420.280005)",无√,same_cell_mark,/Users/zhaoxiaoda/Library/CloudStorage/GoogleDrive-xiaodazhao0608@gmail.com/我的云端硬盘/TBM9/SKETCH/DyK1015+759.00_伯舒拉岭右线洞身素描记录表 5.pdf,FACE_SKETCH
70282e52d635fdbb51f5a3ab,CHECKBOX_POSITION,70282e52d635fdbb51f5a3ab,,DyK1015+789.00_伯舒拉岭右线洞身素描记录表 6.pdf,掌子面状态,"(225.08288755555557, 174.620005, 294.8831209375, 190.879995)",正面掉块√,INLINE_OR_SUFFIX,False,IN_SCOPE,"(225.08288755555557, 174.620005, 294.8831209375, 190.879995)",正面掉块√,same_cell_mark,/Users/zhaoxiaoda/Library/CloudStorage/GoogleDrive-xiaodazhao0608@gmail.com/我的云端硬盘/TBM9/SKETCH/DyK1015+789.00_伯舒拉岭右线洞身素描记录表 6.pdf,FACE_SKETCH
70282e52d635fdbb51f5a3ab,CHECKBOX_POSITION,70282e52d635fdbb51f5a3ab,,DyK1015+789.00_伯舒拉岭右线洞身素描记录表 6.pdf,毛开挖面状态,"(225.08288755555557, 190.879995, 294.8831209375, 222.499995)",随时间松弛、 掉块√,INLINE_OR_SUFFIX,False,IN_SCOPE,"(225.08288755555557, 190.879995, 294.8831209375, 222.499995)",随时间松弛、 掉块√,same_cell_mark,/Users/zhaoxiaoda/Library/CloudStorage/GoogleDrive-xiaodazhao0608@gmail.com/我的云端硬盘/TBM9/SKETCH/DyK1015+789.00_伯舒拉岭右线洞身素描记录表 6.pdf,FACE_SKETCH
70282e52d635fdbb51f5a3ab,CHECKBOX_POSITION,70282e52d635fdbb51f5a3ab,,DyK1015+789.00_伯舒拉岭右线洞身素描记录表 6.pdf,岩石强度,"(294.8831209375, 222.499995, 350.8746928571428, 260.06000499999993)",15＜ R≤30√,INLINE_OR_SUFFIX,False,IN_SCOPE,"(294.8831209375, 222.499995, 350.8746928571428, 260.06000499999993)",15＜ R≤30√,same_cell_mark,/Users/zhaoxiaoda/Library/CloudStorage/GoogleDrive-xiaodazhao0608@gmail.com/我的云端硬盘/TBM9/SKETCH/DyK1015+789.00_伯舒拉岭右线洞身素描记录表 6.pdf,FACE_SKETCH
70282e52d635fdbb51f5a3ab,CHECKBOX_POSITION,70282e52d635fdbb51f5a3ab,,DyK1015+789.00_伯舒拉岭右线洞身素描记录表 6.pdf,风化程度,"(294.8831209375, 260.06000499999993, 350.8746928571428, 276.4400049999999)",弱风化√,INLINE_OR_SUFFIX,False,IN_SCOPE,"(294.8831209375, 260.06000499999993, 350.8746928571428, 276.4400049999999)",弱风化√,same_cell_mark,/Users/zhaoxiaoda/Library/CloudStorage/GoogleDrive-xiaodazhao0608@gmail.com/我的云端硬盘/TBM9/SKETCH/DyK1015+789.00_伯舒拉岭右线洞身素描记录表 6.pdf,FACE_SKETCH
70282e52d635fdbb51f5a3ab,CHECKBOX_POSITION,70282e52d635fdbb51f5a3ab,,DyK1015+789.00_伯舒拉岭右线洞身素描记录表 6.pdf,间距,"(294.8831209375, 276.4400049999999, 350.8746928571428, 303.620005)",0.2～0.6√,INLINE_OR_SUFFIX,False,IN_SCOPE,"(294.8831209375, 276.4400049999999, 350.8746928571428, 303.620005)",0.2～0.6√,same_cell_mark,/Users/zhaoxiaoda/Library/CloudStorage/GoogleDrive-xiaodazhao0608@gmail.com/我的云端硬盘/TBM9/SKETCH/DyK1015+789.00_伯舒拉岭右线洞身素描记录表 6.pdf,FACE_SKETCH
70282e52d635fdbb51f5a3ab,CHECKBOX_POSITION,70282e52d635fdbb51f5a3ab,,DyK1015+789.00_伯舒拉岭右线洞身素描记录表 6.pdf,延伸性,"(294.8831209375, 303.620005, 350.8746928571428, 320.53998999999993)",中等√,INLINE_OR_SUFFIX,False,IN_SCOPE,"(294.8831209375, 303.620005, 350.8746928571428, 320.53998999999993)",中等√,same_cell_mark,/Users/zhaoxiaoda/Library/CloudStorage/GoogleDrive-xiaodazhao0608@gmail.com/我的云端硬盘/TBM9/SKETCH/DyK1015+789.00_伯舒拉岭右线洞身素描记录表 6.pdf,FACE_SKETCH
70282e52d635fdbb51f5a3ab,CHECKBOX_POSITION,70282e52d635fdbb51f5a3ab,,DyK1015+789.00_伯舒拉岭右线洞身素描记录表 6.pdf,粗糙度,"(294.8831209375, 320.53998999999993, 407.09166375, 340.15998999999994)",平整光滑有擦痕√,INLINE_OR_SUFFIX,False,IN_SCOPE,"(294.8831209375, 320.53998999999993, 407.09166375, 340.15998999999994)",平整光滑有擦痕√,same_cell_mark,/Users/zhaoxiaoda/Library/CloudStorage/GoogleDrive-xiaodazhao0608@gmail.com/我的云端硬盘/TBM9/SKETCH/DyK1015+789.00_伯舒拉岭右线洞身素描记录表 6.pdf,FACE_SKETCH
70282e52d635fdbb51f5a3ab,CHECKBOX_POSITION,70282e52d635fdbb51f5a3ab,,DyK1015+789.00_伯舒拉岭右线洞身素描记录表 6.pdf,张开性,"(158.3368022, 340.15998999999994, 225.08288755555557, 372.3199899999999)",密闭＜0. 1√,INLINE_OR_SUFFIX,False,IN_SCOPE,"(158.3368022, 340.15998999999994, 225.08288755555557, 372.3199899999999)",密闭＜0. 1√,same_cell_mark,/Users/zhaoxiaoda/Library/CloudStorage/GoogleDrive-xiaodazhao0608@gmail.com/我的云端硬盘/TBM9/SKETCH/DyK1015+789.00_伯舒拉岭右线洞身素描记录表 6.pdf,FACE_SKETCH
70282e52d635fdbb51f5a3ab,CHECKBOX_POSITION,70282e52d635fdbb51f5a3ab,,DyK1015+789.00_伯舒拉岭右线洞身素描记录表 6.pdf,岩溶发育程度,"(225.08288755555557, 404.06000499999993, 294.8831209375, 420.280005)",无√,INLINE_OR_SUFFIX,False,IN_SCOPE,"(225.08288755555557, 404.06000499999993, 294.8831209375, 420.280005)",无√,same_cell_mark,/Users/zhaoxiaoda/Library/CloudStorage/GoogleDrive-xiaodazhao0608@gmail.com/我的云端硬盘/TBM9/SKETCH/DyK1015+789.00_伯舒拉岭右线洞身素描记录表 6.pdf,FACE_SKETCH
e232dd8cf6552b9c10fc40e8,CHECKBOX_POSITION,e232dd8cf6552b9c10fc40e8,,DyK1015+819.00_伯舒拉岭右线洞身素描记录表 7.pdf,掌子面状态,"(225.09222355555556, 174.649995, 295.05199566666664, 190.9700049999999)",正面掉块√,INLINE_OR_SUFFIX,False,IN_SCOPE,"(225.09222355555556, 174.649995, 295.05199566666664, 190.9700049999999)",正面掉块√,same_cell_mark,/Users/zhaoxiaoda/Library/CloudStorage/GoogleDrive-xiaodazhao0608@gmail.com/我的云端硬盘/TBM9/SKETCH/DyK1015+819.00_伯舒拉岭右线洞身素描记录表 7.pdf,FACE_SKETCH
e232dd8cf6552b9c10fc40e8,CHECKBOX_POSITION,e232dd8cf6552b9c10fc40e8,,DyK1015+819.00_伯舒拉岭右线洞身素描记录表 7.pdf,毛开挖面状态,"(225.09222355555556, 190.9700049999999, 295.05199566666664, 222.66999499999997)",随时间松弛、 掉块√,INLINE_OR_SUFFIX,False,IN_SCOPE,"(225.09222355555556, 190.9700049999999, 295.05199566666664, 222.66999499999997)",随时间松弛、 掉块√,same_cell_mark,/Users/zhaoxiaoda/Library/CloudStorage/GoogleDrive-xiaodazhao0608@gmail.com/我的云端硬盘/TBM9/SKETCH/DyK1015+819.00_伯舒拉岭右线洞身素描记录表 7.pdf,FACE_SKETCH
e232dd8cf6552b9c10fc40e8,CHECKBOX_POSITION,e232dd8cf6552b9c10fc40e8,,DyK1015+819.00_伯舒拉岭右线洞身素描记录表 7.pdf,岩石强度,"(295.05199566666664, 222.66999499999997, 351.11937156862746, 260.1100049999999)",15＜ R≤30√,INLINE_OR_SUFFIX,False,IN_SCOPE,"(295.05199566666664, 222.66999499999997, 351.11937156862746, 260.1100049999999)",15＜ R≤30√,same_cell_mark,/Users/zhaoxiaoda/Library/CloudStorage/GoogleDrive-xiaodazhao0608@gmail.com/我的云端硬盘/TBM9/SKETCH/DyK1015+819.00_伯舒拉岭右线洞身素描记录表 7.pdf,FACE_SKETCH
e232dd8cf6552b9c10fc40e8,CHECKBOX_POSITION,e232dd8cf6552b9c10fc40e8,,DyK1015+819.00_伯舒拉岭右线洞身素描记录表 7.pdf,风化程度,"(295.05199566666664, 260.1100049999999, 351.11937156862746, 276.43000499999994)",弱风化√,INLINE_OR_SUFFIX,False,IN_SCOPE,"(295.05199566666664, 260.1100049999999, 351.11937156862746, 276.43000499999994)",弱风化√,same_cell_mark,/Users/zhaoxiaoda/Library/CloudStorage/GoogleDrive-xiaodazhao0608@gmail.com/我的云端硬盘/TBM9/SKETCH/DyK1015+819.00_伯舒拉岭右线洞身素描记录表 7.pdf,FACE_SKETCH
e232dd8cf6552b9c10fc40e8,CHECKBOX_POSITION,e232dd8cf6552b9c10fc40e8,,DyK1015+819.00_伯舒拉岭右线洞身素描记录表 7.pdf,间距,"(295.05199566666664, 276.43000499999994, 351.11937156862746, 303.78999)",0.2～0.6√,INLINE_OR_SUFFIX,False,IN_SCOPE,"(295.05199566666664, 276.43000499999994, 351.11937156862746, 303.78999)",0.2～0.6√,same_cell_mark,/Users/zhaoxiaoda/Library/CloudStorage/GoogleDrive-xiaodazhao0608@gmail.com/我的云端硬盘/TBM9/SKETCH/DyK1015+819.00_伯舒拉岭右线洞身素描记录表 7.pdf,FACE_SKETCH
e232dd8cf6552b9c10fc40e8,CHECKBOX_POSITION,e232dd8cf6552b9c10fc40e8,,DyK1015+819.00_伯舒拉岭右线洞身素描记录表 7.pdf,延伸性,"(295.05199566666664, 303.78999, 351.11937156862746, 320.62000500000005)",中等√,INLINE_OR_SUFFIX,False,IN_SCOPE,"(295.05199566666664, 303.78999, 351.11937156862746, 320.62000500000005)",中等√,same_cell_mark,/Users/zhaoxiaoda/Library/CloudStorage/GoogleDrive-xiaodazhao0608@gmail.com/我的云端硬盘/TBM9/SKETCH/DyK1015+819.00_伯舒拉岭右线洞身素描记录表 7.pdf,FACE_SKETCH
e232dd8cf6552b9c10fc40e8,CHECKBOX_POSITION,e232dd8cf6552b9c10fc40e8,,DyK1015+819.00_伯舒拉岭右线洞身素描记录表 7.pdf,粗糙度,"(295.05199566666664, 320.62000500000005, 407.01166375, 340.2999899999999)",平整光滑有擦痕√,INLINE_OR_SUFFIX,False,IN_SCOPE,"(295.05199566666664, 320.62000500000005, 407.01166375, 340.2999899999999)",平整光滑有擦痕√,same_cell_mark,/Users/zhaoxiaoda/Library/CloudStorage/GoogleDrive-xiaodazhao0608@gmail.com/我的云端硬盘/TBM9/SKETCH/DyK1015+819.00_伯舒拉岭右线洞身素描记录表 7.pdf,FACE_SKETCH
e232dd8cf6552b9c10fc40e8,CHECKBOX_POSITION,e232dd8cf6552b9c10fc40e8,,DyK1015+819.00_伯舒拉岭右线洞身素描记录表 7.pdf,张开性,"(158.2568022, 340.2999899999999, 225.09222355555556, 372.460005)",密闭＜0. 1√,INLINE_OR_SUFFIX,False,IN_SCOPE,"(158.2568022, 340.2999899999999, 225.09222355555556, 372.460005)",密闭＜0. 1√,same_cell_mark,/Users/zhaoxiaoda/Library/CloudStorage/GoogleDrive-xiaodazhao0608@gmail.com/我的云端硬盘/TBM9/SKETCH/DyK1015+819.00_伯舒拉岭右线洞身素描记录表 7.pdf,FACE_SKETCH
e232dd8cf6552b9c10fc40e8,CHECKBOX_POSITION,e232dd8cf6552b9c10fc40e8,,DyK1015+819.00_伯舒拉岭右线洞身素描记录表 7.pdf,岩溶发育程度,"(225.09222355555556, 404.160005, 295.05199566666664, 420.23999)",无√,INLINE_OR_SUFFIX,False,IN_SCOPE,"(225.09222355555556, 404.160005, 295.05199566666664, 420.23999)",无√,same_cell_mark,/Users/zhaoxiaoda/Library/CloudStorage/GoogleDrive-xiaodazhao0608@gmail.com/我的云端硬盘/TBM9/SKETCH/DyK1015+819.00_伯舒拉岭右线洞身素描记录表 7.pdf,FACE_SKETCH
c8a3d54146269f4c6cd9c169,CHECKBOX_POSITION,c8a3d54146269f4c6cd9c169,,DyK1015+849.00_伯舒拉岭右线洞身素描记录表 8.pdf,掌子面状态,"(225.00022355555558, 174.61999500000002, 294.782508125, 190.81999499999998)",正面掉块√,INLINE_OR_SUFFIX,False,IN_SCOPE,"(225.00022355555558, 174.61999500000002, 294.782508125, 190.81999499999998)",正面掉块√,same_cell_mark,/Users/zhaoxiaoda/Library/CloudStorage/GoogleDrive-xiaodazhao0608@gmail.com/我的云端硬盘/TBM9/SKETCH/DyK1015+849.00_伯舒拉岭右线洞身素描记录表 8.pdf,FACE_SKETCH
c8a3d54146269f4c6cd9c169,CHECKBOX_POSITION,c8a3d54146269f4c6cd9c169,,DyK1015+849.00_伯舒拉岭右线洞身素描记录表 8.pdf,毛开挖面状态,"(225.00022355555558, 190.81999499999998, 294.782508125, 222.499995)",随时间松弛、 掉块√,INLINE_OR_SUFFIX,False,IN_SCOPE,"(225.00022355555558, 190.81999499999998, 294.782508125, 222.499995)",随时间松弛、 掉块√,same_cell_mark,/Users/zhaoxiaoda/Library/CloudStorage/GoogleDrive-xiaodazhao0608@gmail.com/我的云端硬盘/TBM9/SKETCH/DyK1015+849.00_伯舒拉岭右线洞身素描记录表 8.pdf,FACE_SKETCH
c8a3d54146269f4c6cd9c169,CHECKBOX_POSITION,c8a3d54146269f4c6cd9c169,,DyK1015+849.00_伯舒拉岭右线洞身素描记录表 8.pdf,岩石强度,"(294.782508125, 222.499995, 350.8215091836734, 260.06000499999993)",15＜ R≤30√,INLINE_OR_SUFFIX,False,IN_SCOPE,"(294.782508125, 222.499995, 350.8215091836734, 260.06000499999993)",15＜ R≤30√,same_cell_mark,/Users/zhaoxiaoda/Library/CloudStorage/GoogleDrive-xiaodazhao0608@gmail.com/我的云端硬盘/TBM9/SKETCH/DyK1015+849.00_伯舒拉岭右线洞身素描记录表 8.pdf,FACE_SKETCH
c8a3d54146269f4c6cd9c169,CHECKBOX_POSITION,c8a3d54146269f4c6cd9c169,,DyK1015+849.00_伯舒拉岭右线洞身素描记录表 8.pdf,风化程度,"(294.782508125, 260.06000499999993, 350.8215091836734, 276.52999)",弱风化√,INLINE_OR_SUFFIX,False,IN_SCOPE,"(294.782508125, 260.06000499999993, 350.8215091836734, 276.52999)",弱风化√,same_cell_mark,/Users/zhaoxiaoda/Library/CloudStorage/GoogleDrive-xiaodazhao0608@gmail.com/我的云端硬盘/TBM9/SKETCH/DyK1015+849.00_伯舒拉岭右线洞身素描记录表 8.pdf,FACE_SKETCH
c8a3d54146269f4c6cd9c169,CHECKBOX_POSITION,c8a3d54146269f4c6cd9c169,,DyK1015+849.00_伯舒拉岭右线洞身素描记录表 8.pdf,间距,"(294.782508125, 276.52999, 350.8215091836734, 303.65000499999996)",0.2～0.6√,INLINE_OR_SUFFIX,False,IN_SCOPE,"(294.782508125, 276.52999, 350.8215091836734, 303.65000499999996)",0.2～0.6√,same_cell_mark,/Users/zhaoxiaoda/Library/CloudStorage/GoogleDrive-xiaodazhao0608@gmail.com/我的云端硬盘/TBM9/SKETCH/DyK1015+849.00_伯舒拉岭右线洞身素描记录表 8.pdf,FACE_SKETCH
c8a3d54146269f4c6cd9c169,CHECKBOX_POSITION,c8a3d54146269f4c6cd9c169,,DyK1015+849.00_伯舒拉岭右线洞身素描记录表 8.pdf,延伸性,"(294.782508125, 303.65000499999996, 350.8215091836734, 320.5700049999999)",中等√,INLINE_OR_SUFFIX,False,IN_SCOPE,"(294.782508125, 303.65000499999996, 350.8215091836734, 320.5700049999999)",中等√,same_cell_mark,/Users/zhaoxiaoda/Library/CloudStorage/GoogleDrive-xiaodazhao0608@gmail.com/我的云端硬盘/TBM9/SKETCH/DyK1015+849.00_伯舒拉岭右线洞身素描记录表 8.pdf,FACE_SKETCH
c8a3d54146269f4c6cd9c169,CHECKBOX_POSITION,c8a3d54146269f4c6cd9c169,,DyK1015+849.00_伯舒拉岭右线洞身素描记录表 8.pdf,粗糙度,"(294.782508125, 320.5700049999999, 407.0125058333333, 340.12998999999996)",平整光滑有擦痕√,INLINE_OR_SUFFIX,False,IN_SCOPE,"(294.782508125, 320.5700049999999, 407.0125058333333, 340.12998999999996)",平整光滑有擦痕√,same_cell_mark,/Users/zhaoxiaoda/Library/CloudStorage/GoogleDrive-xiaodazhao0608@gmail.com/我的云端硬盘/TBM9/SKETCH/DyK1015+849.00_伯舒拉岭右线洞身素描记录表 8.pdf,FACE_SKETCH
c8a3d54146269f4c6cd9c169,CHECKBOX_POSITION,c8a3d54146269f4c6cd9c169,,DyK1015+849.00_伯舒拉岭右线洞身素描记录表 8.pdf,张开性,"(158.24320219999998, 340.12998999999996, 225.00022355555558, 372.40999)",密闭＜0. 1√,INLINE_OR_SUFFIX,False,IN_SCOPE,"(158.24320219999998, 340.12998999999996, 225.00022355555558, 372.40999)",密闭＜0. 1√,same_cell_mark,/Users/zhaoxiaoda/Library/CloudStorage/GoogleDrive-xiaodazhao0608@gmail.com/我的云端硬盘/TBM9/SKETCH/DyK1015+849.00_伯舒拉岭右线洞身素描记录表 8.pdf,FACE_SKETCH
c8a3d54146269f4c6cd9c169,CHECKBOX_POSITION,c8a3d54146269f4c6cd9c169,,DyK1015+849.00_伯舒拉岭右线洞身素描记录表 8.pdf,岩溶发育程度,"(225.00022355555558, 404.090005, 294.782508125, 420.290005)",无√,INLINE_OR_SUFFIX,False,IN_SCOPE,"(225.00022355555558, 404.090005, 294.782508125, 420.290005)",无√,same_cell_mark,/Users/zhaoxiaoda/Library/CloudStorage/GoogleDrive-xiaodazhao0608@gmail.com/我的云端硬盘/TBM9/SKETCH/DyK1015+849.00_伯舒拉岭右线洞身素描记录表 8.pdf,FACE_SKETCH
ebfbde8efe848d385f452311,CHECKBOX_POSITION,ebfbde8efe848d385f452311,,DyK1015+879.00_伯舒拉岭右线洞身素描记录表 9.pdf,掌子面状态,"(225.00022355555558, 174.61999500000002, 294.782508125, 190.81999499999998)",正面掉块√,INLINE_OR_SUFFIX,False,IN_SCOPE,"(225.00022355555558, 174.61999500000002, 294.782508125, 190.81999499999998)",正面掉块√,same_cell_mark,/Users/zhaoxiaoda/Library/CloudStorage/GoogleDrive-xiaodazhao0608@gmail.com/我的云端硬盘/TBM9/SKETCH/DyK1015+879.00_伯舒拉岭右线洞身素描记录表 9.pdf,FACE_SKETCH
ebfbde8efe848d385f452311,CHECKBOX_POSITION,ebfbde8efe848d385f452311,,DyK1015+879.00_伯舒拉岭右线洞身素描记录表 9.pdf,毛开挖面状态,"(225.00022355555558, 190.81999499999998, 294.782508125, 222.499995)",随时间松弛、 掉块√,INLINE_OR_SUFFIX,False,IN_SCOPE,"(225.00022355555558, 190.81999499999998, 294.782508125, 222.499995)",随时间松弛、 掉块√,same_cell_mark,/Users/zhaoxiaoda/Library/CloudStorage/GoogleDrive-xiaodazhao0608@gmail.com/我的云端硬盘/TBM9/SKETCH/DyK1015+879.00_伯舒拉岭右线洞身素描记录表 9.pdf,FACE_SKETCH
ebfbde8efe848d385f452311,CHECKBOX_POSITION,ebfbde8efe848d385f452311,,DyK1015+879.00_伯舒拉岭右线洞身素描记录表 9.pdf,岩石强度,"(294.782508125, 222.499995, 350.8215091836734, 260.06000499999993)",15＜ R≤30√,INLINE_OR_SUFFIX,False,IN_SCOPE,"(294.782508125, 222.499995, 350.8215091836734, 260.06000499999993)",15＜ R≤30√,same_cell_mark,/Users/zhaoxiaoda/Library/CloudStorage/GoogleDrive-xiaodazhao0608@gmail.com/我的云端硬盘/TBM9/SKETCH/DyK1015+879.00_伯舒拉岭右线洞身素描记录表 9.pdf,FACE_SKETCH
ebfbde8efe848d385f452311,CHECKBOX_POSITION,ebfbde8efe848d385f452311,,DyK1015+879.00_伯舒拉岭右线洞身素描记录表 9.pdf,风化程度,"(294.782508125, 260.06000499999993, 350.8215091836734, 276.52999)",弱风化√,INLINE_OR_SUFFIX,False,IN_SCOPE,"(294.782508125, 260.06000499999993, 350.8215091836734, 276.52999)",弱风化√,same_cell_mark,/Users/zhaoxiaoda/Library/CloudStorage/GoogleDrive-xiaodazhao0608@gmail.com/我的云端硬盘/TBM9/SKETCH/DyK1015+879.00_伯舒拉岭右线洞身素描记录表 9.pdf,FACE_SKETCH
ebfbde8efe848d385f452311,CHECKBOX_POSITION,ebfbde8efe848d385f452311,,DyK1015+879.00_伯舒拉岭右线洞身素描记录表 9.pdf,间距,"(294.782508125, 276.52999, 350.8215091836734, 303.65000499999996)",0.2～0.6√,INLINE_OR_SUFFIX,False,IN_SCOPE,"(294.782508125, 276.52999, 350.8215091836734, 303.65000499999996)",0.2～0.6√,same_cell_mark,/Users/zhaoxiaoda/Library/CloudStorage/GoogleDrive-xiaodazhao0608@gmail.com/我的云端硬盘/TBM9/SKETCH/DyK1015+879.00_伯舒拉岭右线洞身素描记录表 9.pdf,FACE_SKETCH
ebfbde8efe848d385f452311,CHECKBOX_POSITION,ebfbde8efe848d385f452311,,DyK1015+879.00_伯舒拉岭右线洞身素描记录表 9.pdf,延伸性,"(294.782508125, 303.65000499999996, 350.8215091836734, 320.5700049999999)",中等√,INLINE_OR_SUFFIX,False,IN_SCOPE,"(294.782508125, 303.65000499999996, 350.8215091836734, 320.5700049999999)",中等√,same_cell_mark,/Users/zhaoxiaoda/Library/CloudStorage/GoogleDrive-xiaodazhao0608@gmail.com/我的云端硬盘/TBM9/SKETCH/DyK1015+879.00_伯舒拉岭右线洞身素描记录表 9.pdf,FACE_SKETCH
ebfbde8efe848d385f452311,CHECKBOX_POSITION,ebfbde8efe848d385f452311,,DyK1015+879.00_伯舒拉岭右线洞身素描记录表 9.pdf,粗糙度,"(294.782508125, 320.5700049999999, 407.0125058333333, 340.12998999999996)",平整光滑有擦痕√,INLINE_OR_SUFFIX,False,IN_SCOPE,"(294.782508125, 320.5700049999999, 407.0125058333333, 340.12998999999996)",平整光滑有擦痕√,same_cell_mark,/Users/zhaoxiaoda/Library/CloudStorage/GoogleDrive-xiaodazhao0608@gmail.com/我的云端硬盘/TBM9/SKETCH/DyK1015+879.00_伯舒拉岭右线洞身素描记录表 9.pdf,FACE_SKETCH
ebfbde8efe848d385f452311,CHECKBOX_POSITION,ebfbde8efe848d385f452311,,DyK1015+879.00_伯舒拉岭右线洞身素描记录表 9.pdf,张开性,"(158.24320219999998, 340.12998999999996, 225.00022355555558, 372.40999)",密闭＜0. 1√,INLINE_OR_SUFFIX,False,IN_SCOPE,"(158.24320219999998, 340.12998999999996, 225.00022355555558, 372.40999)",密闭＜0. 1√,same_cell_mark,/Users/zhaoxiaoda/Library/CloudStorage/GoogleDrive-xiaodazhao0608@gmail.com/我的云端硬盘/TBM9/SKETCH/DyK1015+879.00_伯舒拉岭右线洞身素描记录表 9.pdf,FACE_SKETCH
ebfbde8efe848d385f452311,CHECKBOX_POSITION,ebfbde8efe848d385f452311,,DyK1015+879.00_伯舒拉岭右线洞身素描记录表 9.pdf,岩溶发育程度,"(225.00022355555558, 404.090005, 294.782508125, 420.290005)",无√,INLINE_OR_SUFFIX,False,IN_SCOPE,"(225.00022355555558, 404.090005, 294.782508125, 420.290005)",无√,same_cell_mark,/Users/zhaoxiaoda/Library/CloudStorage/GoogleDrive-xiaodazhao0608@gmail.com/我的云端硬盘/TBM9/SKETCH/DyK1015+879.00_伯舒拉岭右线洞身素描记录表 9.pdf,FACE_SKETCH
7993ad9361913d13bd849430,CHECKBOX_POSITION,7993ad9361913d13bd849430,,DyK1015+909.00_伯舒拉岭右线洞身素描记录表 10.pdf,掌子面状态,"(225.00022355555558, 174.61999500000002, 294.782508125, 190.81999499999998)",正面掉块√,INLINE_OR_SUFFIX,False,IN_SCOPE,"(225.00022355555558, 174.61999500000002, 294.782508125, 190.81999499999998)",正面掉块√,same_cell_mark,/Users/zhaoxiaoda/Library/CloudStorage/GoogleDrive-xiaodazhao0608@gmail.com/我的云端硬盘/TBM9/SKETCH/DyK1015+909.00_伯舒拉岭右线洞身素描记录表 10.pdf,FACE_SKETCH
7993ad9361913d13bd849430,CHECKBOX_POSITION,7993ad9361913d13bd849430,,DyK1015+909.00_伯舒拉岭右线洞身素描记录表 10.pdf,毛开挖面状态,"(225.00022355555558, 190.81999499999998, 294.782508125, 222.499995)",随时间松弛、 掉块√,INLINE_OR_SUFFIX,False,IN_SCOPE,"(225.00022355555558, 190.81999499999998, 294.782508125, 222.499995)",随时间松弛、 掉块√,same_cell_mark,/Users/zhaoxiaoda/Library/CloudStorage/GoogleDrive-xiaodazhao0608@gmail.com/我的云端硬盘/TBM9/SKETCH/DyK1015+909.00_伯舒拉岭右线洞身素描记录表 10.pdf,FACE_SKETCH
7993ad9361913d13bd849430,CHECKBOX_POSITION,7993ad9361913d13bd849430,,DyK1015+909.00_伯舒拉岭右线洞身素描记录表 10.pdf,岩石强度,"(294.782508125, 222.499995, 350.8215091836734, 260.06000499999993)",15＜ R≤30√,INLINE_OR_SUFFIX,False,IN_SCOPE,"(294.782508125, 222.499995, 350.8215091836734, 260.06000499999993)",15＜ R≤30√,same_cell_mark,/Users/zhaoxiaoda/Library/CloudStorage/GoogleDrive-xiaodazhao0608@gmail.com/我的云端硬盘/TBM9/SKETCH/DyK1015+909.00_伯舒拉岭右线洞身素描记录表 10.pdf,FACE_SKETCH
7993ad9361913d13bd849430,CHECKBOX_POSITION,7993ad9361913d13bd849430,,DyK1015+909.00_伯舒拉岭右线洞身素描记录表 10.pdf,风化程度,"(294.782508125, 260.06000499999993, 350.8215091836734, 276.52999)",弱风化√,INLINE_OR_SUFFIX,False,IN_SCOPE,"(294.782508125, 260.06000499999993, 350.8215091836734, 276.52999)",弱风化√,same_cell_mark,/Users/zhaoxiaoda/Library/CloudStorage/GoogleDrive-xiaodazhao0608@gmail.com/我的云端硬盘/TBM9/SKETCH/DyK1015+909.00_伯舒拉岭右线洞身素描记录表 10.pdf,FACE_SKETCH
7993ad9361913d13bd849430,CHECKBOX_POSITION,7993ad9361913d13bd849430,,DyK1015+909.00_伯舒拉岭右线洞身素描记录表 10.pdf,间距,"(294.782508125, 276.52999, 350.8215091836734, 303.65000499999996)",0.2～0.6√,INLINE_OR_SUFFIX,False,IN_SCOPE,"(294.782508125, 276.52999, 350.8215091836734, 303.65000499999996)",0.2～0.6√,same_cell_mark,/Users/zhaoxiaoda/Library/CloudStorage/GoogleDrive-xiaodazhao0608@gmail.com/我的云端硬盘/TBM9/SKETCH/DyK1015+909.00_伯舒拉岭右线洞身素描记录表 10.pdf,FACE_SKETCH
7993ad9361913d13bd849430,CHECKBOX_POSITION,7993ad9361913d13bd849430,,DyK1015+909.00_伯舒拉岭右线洞身素描记录表 10.pdf,延伸性,"(294.782508125, 303.65000499999996, 350.8215091836734, 320.5700049999999)",中等√,INLINE_OR_SUFFIX,False,IN_SCOPE,"(294.782508125, 303.65000499999996, 350.8215091836734, 320.5700049999999)",中等√,same_cell_mark,/Users/zhaoxiaoda/Library/CloudStorage/GoogleDrive-xiaodazhao0608@gmail.com/我的云端硬盘/TBM9/SKETCH/DyK1015+909.00_伯舒拉岭右线洞身素描记录表 10.pdf,FACE_SKETCH
7993ad9361913d13bd849430,CHECKBOX_POSITION,7993ad9361913d13bd849430,,DyK1015+909.00_伯舒拉岭右线洞身素描记录表 10.pdf,粗糙度,"(294.782508125, 320.5700049999999, 407.0125058333333, 340.12998999999996)",平整光滑有擦痕√,INLINE_OR_SUFFIX,False,IN_SCOPE,"(294.782508125, 320.5700049999999, 407.0125058333333, 340.12998999999996)",平整光滑有擦痕√,same_cell_mark,/Users/zhaoxiaoda/Library/CloudStorage/GoogleDrive-xiaodazhao0608@gmail.com/我的云端硬盘/TBM9/SKETCH/DyK1015+909.00_伯舒拉岭右线洞身素描记录表 10.pdf,FACE_SKETCH
7993ad9361913d13bd849430,CHECKBOX_POSITION,7993ad9361913d13bd849430,,DyK1015+909.00_伯舒拉岭右线洞身素描记录表 10.pdf,张开性,"(158.24320219999998, 340.12998999999996, 225.00022355555558, 372.40999)",密闭＜0. 1√,INLINE_OR_SUFFIX,False,IN_SCOPE,"(158.24320219999998, 340.12998999999996, 225.00022355555558, 372.40999)",密闭＜0. 1√,same_cell_mark,/Users/zhaoxiaoda/Library/CloudStorage/GoogleDrive-xiaodazhao0608@gmail.com/我的云端硬盘/TBM9/SKETCH/DyK1015+909.00_伯舒拉岭右线洞身素描记录表 10.pdf,FACE_SKETCH
7993ad9361913d13bd849430,CHECKBOX_POSITION,7993ad9361913d13bd849430,,DyK1015+909.00_伯舒拉岭右线洞身素描记录表 10.pdf,岩溶发育程度,"(225.00022355555558, 404.090005, 294.782508125, 420.290005)",无√,INLINE_OR_SUFFIX,False,IN_SCOPE,"(225.00022355555558, 404.090005, 294.782508125, 420.290005)",无√,same_cell_mark,/Users/zhaoxiaoda/Library/CloudStorage/GoogleDrive-xiaodazhao0608@gmail.com/我的云端硬盘/TBM9/SKETCH/DyK1015+909.00_伯舒拉岭右线洞身素描记录表 10.pdf,FACE_SKETCH
08a1806ab230574280a8f01c,CHECKBOX_POSITION,08a1806ab230574280a8f01c,,DyK1015+939.00_伯舒拉岭右线洞身素描记录表 11.pdf,掌子面状态,"(225.00022355555558, 174.61999500000002, 294.782508125, 190.81999499999998)",正面掉块√,INLINE_OR_SUFFIX,False,IN_SCOPE,"(225.00022355555558, 174.61999500000002, 294.782508125, 190.81999499999998)",正面掉块√,same_cell_mark,/Users/zhaoxiaoda/Library/CloudStorage/GoogleDrive-xiaodazhao0608@gmail.com/我的云端硬盘/TBM9/SKETCH/DyK1015+939.00_伯舒拉岭右线洞身素描记录表 11.pdf,FACE_SKETCH
08a1806ab230574280a8f01c,CHECKBOX_POSITION,08a1806ab230574280a8f01c,,DyK1015+939.00_伯舒拉岭右线洞身素描记录表 11.pdf,毛开挖面状态,"(225.00022355555558, 190.81999499999998, 294.782508125, 222.499995)",随时间松弛、 掉块√,INLINE_OR_SUFFIX,False,IN_SCOPE,"(225.00022355555558, 190.81999499999998, 294.782508125, 222.499995)",随时间松弛、 掉块√,same_cell_mark,/Users/zhaoxiaoda/Library/CloudStorage/GoogleDrive-xiaodazhao0608@gmail.com/我的云端硬盘/TBM9/SKETCH/DyK1015+939.00_伯舒拉岭右线洞身素描记录表 11.pdf,FACE_SKETCH
08a1806ab230574280a8f01c,CHECKBOX_POSITION,08a1806ab230574280a8f01c,,DyK1015+939.00_伯舒拉岭右线洞身素描记录表 11.pdf,岩石强度,"(294.782508125, 222.499995, 350.8215091836734, 260.06000499999993)",15＜ R≤30√,INLINE_OR_SUFFIX,False,IN_SCOPE,"(294.782508125, 222.499995, 350.8215091836734, 260.06000499999993)",15＜ R≤30√,same_cell_mark,/Users/zhaoxiaoda/Library/CloudStorage/GoogleDrive-xiaodazhao0608@gmail.com/我的云端硬盘/TBM9/SKETCH/DyK1015+939.00_伯舒拉岭右线洞身素描记录表 11.pdf,FACE_SKETCH
08a1806ab230574280a8f01c,CHECKBOX_POSITION,08a1806ab230574280a8f01c,,DyK1015+939.00_伯舒拉岭右线洞身素描记录表 11.pdf,风化程度,"(294.782508125, 260.06000499999993, 350.8215091836734, 276.52999)",弱风化√,INLINE_OR_SUFFIX,False,IN_SCOPE,"(294.782508125, 260.06000499999993, 350.8215091836734, 276.52999)",弱风化√,same_cell_mark,/Users/zhaoxiaoda/Library/CloudStorage/GoogleDrive-xiaodazhao0608@gmail.com/我的云端硬盘/TBM9/SKETCH/DyK1015+939.00_伯舒拉岭右线洞身素描记录表 11.pdf,FACE_SKETCH
08a1806ab230574280a8f01c,CHECKBOX_POSITION,08a1806ab230574280a8f01c,,DyK1015+939.00_伯舒拉岭右线洞身素描记录表 11.pdf,间距,"(294.782508125, 276.52999, 350.8215091836734, 303.65000499999996)",0.2～0.6√,INLINE_OR_SUFFIX,False,IN_SCOPE,"(294.782508125, 276.52999, 350.8215091836734, 303.65000499999996)",0.2～0.6√,same_cell_mark,/Users/zhaoxiaoda/Library/CloudStorage/GoogleDrive-xiaodazhao0608@gmail.com/我的云端硬盘/TBM9/SKETCH/DyK1015+939.00_伯舒拉岭右线洞身素描记录表 11.pdf,FACE_SKETCH
08a1806ab230574280a8f01c,CHECKBOX_POSITION,08a1806ab230574280a8f01c,,DyK1015+939.00_伯舒拉岭右线洞身素描记录表 11.pdf,延伸性,"(294.782508125, 303.65000499999996, 350.8215091836734, 320.5700049999999)",中等√,INLINE_OR_SUFFIX,False,IN_SCOPE,"(294.782508125, 303.65000499999996, 350.8215091836734, 320.5700049999999)",中等√,same_cell_mark,/Users/zhaoxiaoda/Library/CloudStorage/GoogleDrive-xiaodazhao0608@gmail.com/我的云端硬盘/TBM9/SKETCH/DyK1015+939.00_伯舒拉岭右线洞身素描记录表 11.pdf,FACE_SKETCH
08a1806ab230574280a8f01c,CHECKBOX_POSITION,08a1806ab230574280a8f01c,,DyK1015+939.00_伯舒拉岭右线洞身素描记录表 11.pdf,粗糙度,"(294.782508125, 320.5700049999999, 407.0125058333333, 340.12998999999996)",平整光滑有擦痕√,INLINE_OR_SUFFIX,False,IN_SCOPE,"(294.782508125, 320.5700049999999, 407.0125058333333, 340.12998999999996)",平整光滑有擦痕√,same_cell_mark,/Users/zhaoxiaoda/Library/CloudStorage/GoogleDrive-xiaodazhao0608@gmail.com/我的云端硬盘/TBM9/SKETCH/DyK1015+939.00_伯舒拉岭右线洞身素描记录表 11.pdf,FACE_SKETCH
08a1806ab230574280a8f01c,CHECKBOX_POSITION,08a1806ab230574280a8f01c,,DyK1015+939.00_伯舒拉岭右线洞身素描记录表 11.pdf,张开性,"(158.24320219999998, 340.12998999999996, 225.00022355555558, 372.40999)",密闭＜0. 1√,INLINE_OR_SUFFIX,False,IN_SCOPE,"(158.24320219999998, 340.12998999999996, 225.00022355555558, 372.40999)",密闭＜0. 1√,same_cell_mark,/Users/zhaoxiaoda/Library/CloudStorage/GoogleDrive-xiaodazhao0608@gmail.com/我的云端硬盘/TBM9/SKETCH/DyK1015+939.00_伯舒拉岭右线洞身素描记录表 11.pdf,FACE_SKETCH
08a1806ab230574280a8f01c,CHECKBOX_POSITION,08a1806ab230574280a8f01c,,DyK1015+939.00_伯舒拉岭右线洞身素描记录表 11.pdf,岩溶发育程度,"(225.00022355555558, 404.090005, 294.782508125, 420.290005)",无√,INLINE_OR_SUFFIX,False,IN_SCOPE,"(225.00022355555558, 404.090005, 294.782508125, 420.290005)",无√,same_cell_mark,/Users/zhaoxiaoda/Library/CloudStorage/GoogleDrive-xiaodazhao0608@gmail.com/我的云端硬盘/TBM9/SKETCH/DyK1015+939.00_伯舒拉岭右线洞身素描记录表 11.pdf,FACE_SKETCH
2219b50acc3ffb1f749f26de,CHECKBOX_POSITION,2219b50acc3ffb1f749f26de,,DyK1015+969.00-_伯舒拉岭右线洞身素描记录表 13.pdf,掌子面状态,"(225.00022355555558, 174.61999500000002, 294.782508125, 190.81999499999998)",正面掉块√,INLINE_OR_SUFFIX,False,IN_SCOPE,"(225.00022355555558, 174.61999500000002, 294.782508125, 190.81999499999998)",正面掉块√,same_cell_mark,/Users/zhaoxiaoda/Library/CloudStorage/GoogleDrive-xiaodazhao0608@gmail.com/我的云端硬盘/TBM9/SKETCH/DyK1015+969.00-_伯舒拉岭右线洞身素描记录表 13.pdf,FACE_SKETCH
2219b50acc3ffb1f749f26de,CHECKBOX_POSITION,2219b50acc3ffb1f749f26de,,DyK1015+969.00-_伯舒拉岭右线洞身素描记录表 13.pdf,毛开挖面状态,"(225.00022355555558, 190.81999499999998, 294.782508125, 222.499995)",随时间松弛、 掉块√,INLINE_OR_SUFFIX,False,IN_SCOPE,"(225.00022355555558, 190.81999499999998, 294.782508125, 222.499995)",随时间松弛、 掉块√,same_cell_mark,/Users/zhaoxiaoda/Library/CloudStorage/GoogleDrive-xiaodazhao0608@gmail.com/我的云端硬盘/TBM9/SKETCH/DyK1015+969.00-_伯舒拉岭右线洞身素描记录表 13.pdf,FACE_SKETCH
2219b50acc3ffb1f749f26de,CHECKBOX_POSITION,2219b50acc3ffb1f749f26de,,DyK1015+969.00-_伯舒拉岭右线洞身素描记录表 13.pdf,岩石强度,"(294.782508125, 222.499995, 350.8215091836734, 260.06000499999993)",15＜ R≤30√,INLINE_OR_SUFFIX,False,IN_SCOPE,"(294.782508125, 222.499995, 350.8215091836734, 260.06000499999993)",15＜ R≤30√,same_cell_mark,/Users/zhaoxiaoda/Library/CloudStorage/GoogleDrive-xiaodazhao0608@gmail.com/我的云端硬盘/TBM9/SKETCH/DyK1015+969.00-_伯舒拉岭右线洞身素描记录表 13.pdf,FACE_SKETCH
2219b50acc3ffb1f749f26de,CHECKBOX_POSITION,2219b50acc3ffb1f749f26de,,DyK1015+969.00-_伯舒拉岭右线洞身素描记录表 13.pdf,风化程度,"(294.782508125, 260.06000499999993, 350.8215091836734, 276.52999)",弱风化√,INLINE_OR_SUFFIX,False,IN_SCOPE,"(294.782508125, 260.06000499999993, 350.8215091836734, 276.52999)",弱风化√,same_cell_mark,/Users/zhaoxiaoda/Library/CloudStorage/GoogleDrive-xiaodazhao0608@gmail.com/我的云端硬盘/TBM9/SKETCH/DyK1015+969.00-_伯舒拉岭右线洞身素描记录表 13.pdf,FACE_SKETCH
2219b50acc3ffb1f749f26de,CHECKBOX_POSITION,2219b50acc3ffb1f749f26de,,DyK1015+969.00-_伯舒拉岭右线洞身素描记录表 13.pdf,间距,"(294.782508125, 276.52999, 350.8215091836734, 303.65000499999996)",0.2～0.6√,INLINE_OR_SUFFIX,False,IN_SCOPE,"(294.782508125, 276.52999, 350.8215091836734, 303.65000499999996)",0.2～0.6√,same_cell_mark,/Users/zhaoxiaoda/Library/CloudStorage/GoogleDrive-xiaodazhao0608@gmail.com/我的云端硬盘/TBM9/SKETCH/DyK1015+969.00-_伯舒拉岭右线洞身素描记录表 13.pdf,FACE_SKETCH
2219b50acc3ffb1f749f26de,CHECKBOX_POSITION,2219b50acc3ffb1f749f26de,,DyK1015+969.00-_伯舒拉岭右线洞身素描记录表 13.pdf,延伸性,"(294.782508125, 303.65000499999996, 350.8215091836734, 320.5700049999999)",中等√,INLINE_OR_SUFFIX,False,IN_SCOPE,"(294.782508125, 303.65000499999996, 350.8215091836734, 320.5700049999999)",中等√,same_cell_mark,/Users/zhaoxiaoda/Library/CloudStorage/GoogleDrive-xiaodazhao0608@gmail.com/我的云端硬盘/TBM9/SKETCH/DyK1015+969.00-_伯舒拉岭右线洞身素描记录表 13.pdf,FACE_SKETCH
2219b50acc3ffb1f749f26de,CHECKBOX_POSITION,2219b50acc3ffb1f749f26de,,DyK1015+969.00-_伯舒拉岭右线洞身素描记录表 13.pdf,粗糙度,"(294.782508125, 320.5700049999999, 407.0125058333333, 340.12998999999996)",平整光滑有擦痕√,INLINE_OR_SUFFIX,False,IN_SCOPE,"(294.782508125, 320.5700049999999, 407.0125058333333, 340.12998999999996)",平整光滑有擦痕√,same_cell_mark,/Users/zhaoxiaoda/Library/CloudStorage/GoogleDrive-xiaodazhao0608@gmail.com/我的云端硬盘/TBM9/SKETCH/DyK1015+969.00-_伯舒拉岭右线洞身素描记录表 13.pdf,FACE_SKETCH
2219b50acc3ffb1f749f26de,CHECKBOX_POSITION,2219b50acc3ffb1f749f26de,,DyK1015+969.00-_伯舒拉岭右线洞身素描记录表 13.pdf,张开性,"(158.24320219999998, 340.12998999999996, 225.00022355555558, 372.40999)",密闭＜0. 1√,INLINE_OR_SUFFIX,False,IN_SCOPE,"(158.24320219999998, 340.12998999999996, 225.00022355555558, 372.40999)",密闭＜0. 1√,same_cell_mark,/Users/zhaoxiaoda/Library/CloudStorage/GoogleDrive-xiaodazhao0608@gmail.com/我的云端硬盘/TBM9/SKETCH/DyK1015+969.00-_伯舒拉岭右线洞身素描记录表 13.pdf,FACE_SKETCH
2219b50acc3ffb1f749f26de,CHECKBOX_POSITION,2219b50acc3ffb1f749f26de,,DyK1015+969.00-_伯舒拉岭右线洞身素描记录表 13.pdf,岩溶发育程度,"(225.00022355555558, 404.090005, 294.782508125, 420.290005)",无√,INLINE_OR_SUFFIX,False,IN_SCOPE,"(225.00022355555558, 404.090005, 294.782508125, 420.290005)",无√,same_cell_mark,/Users/zhaoxiaoda/Library/CloudStorage/GoogleDrive-xiaodazhao0608@gmail.com/我的云端硬盘/TBM9/SKETCH/DyK1015+969.00-_伯舒拉岭右线洞身素描记录表 13.pdf,FACE_SKETCH
2a9f3ec4a1f233a668a17e56,CHECKBOX_POSITION,2a9f3ec4a1f233a668a17e56,,DyK1015+969.00_伯舒拉岭右线洞身素描记录表 12.pdf,掌子面状态,"(225.00022355555558, 174.61999500000002, 294.782508125, 190.81999499999998)",正面掉块√,INLINE_OR_SUFFIX,False,IN_SCOPE,"(225.00022355555558, 174.61999500000002, 294.782508125, 190.81999499999998)",正面掉块√,same_cell_mark,/Users/zhaoxiaoda/Library/CloudStorage/GoogleDrive-xiaodazhao0608@gmail.com/我的云端硬盘/TBM9/SKETCH/DyK1015+969.00_伯舒拉岭右线洞身素描记录表 12.pdf,FACE_SKETCH
2a9f3ec4a1f233a668a17e56,CHECKBOX_POSITION,2a9f3ec4a1f233a668a17e56,,DyK1015+969.00_伯舒拉岭右线洞身素描记录表 12.pdf,毛开挖面状态,"(225.00022355555558, 190.81999499999998, 294.782508125, 222.499995)",随时间松弛、 掉块√,INLINE_OR_SUFFIX,False,IN_SCOPE,"(225.00022355555558, 190.81999499999998, 294.782508125, 222.499995)",随时间松弛、 掉块√,same_cell_mark,/Users/zhaoxiaoda/Library/CloudStorage/GoogleDrive-xiaodazhao0608@gmail.com/我的云端硬盘/TBM9/SKETCH/DyK1015+969.00_伯舒拉岭右线洞身素描记录表 12.pdf,FACE_SKETCH
2a9f3ec4a1f233a668a17e56,CHECKBOX_POSITION,2a9f3ec4a1f233a668a17e56,,DyK1015+969.00_伯舒拉岭右线洞身素描记录表 12.pdf,岩石强度,"(294.782508125, 222.499995, 350.8215091836734, 260.06000499999993)",15＜ R≤30√,INLINE_OR_SUFFIX,False,IN_SCOPE,"(294.782508125, 222.499995, 350.8215091836734, 260.06000499999993)",15＜ R≤30√,same_cell_mark,/Users/zhaoxiaoda/Library/CloudStorage/GoogleDrive-xiaodazhao0608@gmail.com/我的云端硬盘/TBM9/SKETCH/DyK1015+969.00_伯舒拉岭右线洞身素描记录表 12.pdf,FACE_SKETCH
2a9f3ec4a1f233a668a17e56,CHECKBOX_POSITION,2a9f3ec4a1f233a668a17e56,,DyK1015+969.00_伯舒拉岭右线洞身素描记录表 12.pdf,风化程度,"(294.782508125, 260.06000499999993, 350.8215091836734, 276.52999)",弱风化√,INLINE_OR_SUFFIX,False,IN_SCOPE,"(294.782508125, 260.06000499999993, 350.8215091836734, 276.52999)",弱风化√,same_cell_mark,/Users/zhaoxiaoda/Library/CloudStorage/GoogleDrive-xiaodazhao0608@gmail.com/我的云端硬盘/TBM9/SKETCH/DyK1015+969.00_伯舒拉岭右线洞身素描记录表 12.pdf,FACE_SKETCH
2a9f3ec4a1f233a668a17e56,CHECKBOX_POSITION,2a9f3ec4a1f233a668a17e56,,DyK1015+969.00_伯舒拉岭右线洞身素描记录表 12.pdf,间距,"(294.782508125, 276.52999, 350.8215091836734, 303.65000499999996)",0.2～0.6√,INLINE_OR_SUFFIX,False,IN_SCOPE,"(294.782508125, 276.52999, 350.8215091836734, 303.65000499999996)",0.2～0.6√,same_cell_mark,/Users/zhaoxiaoda/Library/CloudStorage/GoogleDrive-xiaodazhao0608@gmail.com/我的云端硬盘/TBM9/SKETCH/DyK1015+969.00_伯舒拉岭右线洞身素描记录表 12.pdf,FACE_SKETCH
2a9f3ec4a1f233a668a17e56,CHECKBOX_POSITION,2a9f3ec4a1f233a668a17e56,,DyK1015+969.00_伯舒拉岭右线洞身素描记录表 12.pdf,延伸性,"(294.782508125, 303.65000499999996, 350.8215091836734, 320.5700049999999)",中等√,INLINE_OR_SUFFIX,False,IN_SCOPE,"(294.782508125, 303.65000499999996, 350.8215091836734, 320.5700049999999)",中等√,same_cell_mark,/Users/zhaoxiaoda/Library/CloudStorage/GoogleDrive-xiaodazhao0608@gmail.com/我的云端硬盘/TBM9/SKETCH/DyK1015+969.00_伯舒拉岭右线洞身素描记录表 12.pdf,FACE_SKETCH
2a9f3ec4a1f233a668a17e56,CHECKBOX_POSITION,2a9f3ec4a1f233a668a17e56,,DyK1015+969.00_伯舒拉岭右线洞身素描记录表 12.pdf,粗糙度,"(294.782508125, 320.5700049999999, 407.0125058333333, 340.12998999999996)",平整光滑有擦痕√,INLINE_OR_SUFFIX,False,IN_SCOPE,"(294.782508125, 320.5700049999999, 407.0125058333333, 340.12998999999996)",平整光滑有擦痕√,same_cell_mark,/Users/zhaoxiaoda/Library/CloudStorage/GoogleDrive-xiaodazhao0608@gmail.com/我的云端硬盘/TBM9/SKETCH/DyK1015+969.00_伯舒拉岭右线洞身素描记录表 12.pdf,FACE_SKETCH
2a9f3ec4a1f233a668a17e56,CHECKBOX_POSITION,2a9f3ec4a1f233a668a17e56,,DyK1015+969.00_伯舒拉岭右线洞身素描记录表 12.pdf,张开性,"(158.24320219999998, 340.12998999999996, 225.00022355555558, 372.40999)",密闭＜0. 1√,INLINE_OR_SUFFIX,False,IN_SCOPE,"(158.24320219999998, 340.12998999999996, 225.00022355555558, 372.40999)",密闭＜0. 1√,same_cell_mark,/Users/zhaoxiaoda/Library/CloudStorage/GoogleDrive-xiaodazhao0608@gmail.com/我的云端硬盘/TBM9/SKETCH/DyK1015+969.00_伯舒拉岭右线洞身素描记录表 12.pdf,FACE_SKETCH
2a9f3ec4a1f233a668a17e56,CHECKBOX_POSITION,2a9f3ec4a1f233a668a17e56,,DyK1015+969.00_伯舒拉岭右线洞身素描记录表 12.pdf,岩溶发育程度,"(225.00022355555558, 404.090005, 294.782508125, 420.290005)",无√,INLINE_OR_SUFFIX,False,IN_SCOPE,"(225.00022355555558, 404.090005, 294.782508125, 420.290005)",无√,same_cell_mark,/Users/zhaoxiaoda/Library/CloudStorage/GoogleDrive-xiaodazhao0608@gmail.com/我的云端硬盘/TBM9/SKETCH/DyK1015+969.00_伯舒拉岭右线洞身素描记录表 12.pdf,FACE_SKETCH
3c2cefed79a1f51fadb49df3,CHECKBOX_POSITION,3c2cefed79a1f51fadb49df3,,DyK1016+059.00_伯舒拉岭右线洞身素描记录表 15.pdf,掌子面状态,"(225.00022355555558, 174.61999500000002, 294.782508125, 190.81999499999998)",正面掉块√,INLINE_OR_SUFFIX,False,IN_SCOPE,"(225.00022355555558, 174.61999500000002, 294.782508125, 190.81999499999998)",正面掉块√,same_cell_mark,/Users/zhaoxiaoda/Library/CloudStorage/GoogleDrive-xiaodazhao0608@gmail.com/我的云端硬盘/TBM9/SKETCH/DyK1016+059.00_伯舒拉岭右线洞身素描记录表 15.pdf,FACE_SKETCH
3c2cefed79a1f51fadb49df3,CHECKBOX_POSITION,3c2cefed79a1f51fadb49df3,,DyK1016+059.00_伯舒拉岭右线洞身素描记录表 15.pdf,毛开挖面状态,"(225.00022355555558, 190.81999499999998, 294.782508125, 222.499995)",随时间松弛、 掉块√,INLINE_OR_SUFFIX,False,IN_SCOPE,"(225.00022355555558, 190.81999499999998, 294.782508125, 222.499995)",随时间松弛、 掉块√,same_cell_mark,/Users/zhaoxiaoda/Library/CloudStorage/GoogleDrive-xiaodazhao0608@gmail.com/我的云端硬盘/TBM9/SKETCH/DyK1016+059.00_伯舒拉岭右线洞身素描记录表 15.pdf,FACE_SKETCH
3c2cefed79a1f51fadb49df3,CHECKBOX_POSITION,3c2cefed79a1f51fadb49df3,,DyK1016+059.00_伯舒拉岭右线洞身素描记录表 15.pdf,岩石强度,"(294.782508125, 222.499995, 350.8215091836734, 260.06000499999993)",15＜ R≤30√,INLINE_OR_SUFFIX,False,IN_SCOPE,"(294.782508125, 222.499995, 350.8215091836734, 260.06000499999993)",15＜ R≤30√,same_cell_mark,/Users/zhaoxiaoda/Library/CloudStorage/GoogleDrive-xiaodazhao0608@gmail.com/我的云端硬盘/TBM9/SKETCH/DyK1016+059.00_伯舒拉岭右线洞身素描记录表 15.pdf,FACE_SKETCH
3c2cefed79a1f51fadb49df3,CHECKBOX_POSITION,3c2cefed79a1f51fadb49df3,,DyK1016+059.00_伯舒拉岭右线洞身素描记录表 15.pdf,风化程度,"(294.782508125, 260.06000499999993, 350.8215091836734, 276.52999)",弱风化√,INLINE_OR_SUFFIX,False,IN_SCOPE,"(294.782508125, 260.06000499999993, 350.8215091836734, 276.52999)",弱风化√,same_cell_mark,/Users/zhaoxiaoda/Library/CloudStorage/GoogleDrive-xiaodazhao0608@gmail.com/我的云端硬盘/TBM9/SKETCH/DyK1016+059.00_伯舒拉岭右线洞身素描记录表 15.pdf,FACE_SKETCH
3c2cefed79a1f51fadb49df3,CHECKBOX_POSITION,3c2cefed79a1f51fadb49df3,,DyK1016+059.00_伯舒拉岭右线洞身素描记录表 15.pdf,间距,"(294.782508125, 276.52999, 350.8215091836734, 303.65000499999996)",0.2～0.6√,INLINE_OR_SUFFIX,False,IN_SCOPE,"(294.782508125, 276.52999, 350.8215091836734, 303.65000499999996)",0.2～0.6√,same_cell_mark,/Users/zhaoxiaoda/Library/CloudStorage/GoogleDrive-xiaodazhao0608@gmail.com/我的云端硬盘/TBM9/SKETCH/DyK1016+059.00_伯舒拉岭右线洞身素描记录表 15.pdf,FACE_SKETCH
3c2cefed79a1f51fadb49df3,CHECKBOX_POSITION,3c2cefed79a1f51fadb49df3,,DyK1016+059.00_伯舒拉岭右线洞身素描记录表 15.pdf,延伸性,"(294.782508125, 303.65000499999996, 350.8215091836734, 320.5700049999999)",中等√,INLINE_OR_SUFFIX,False,IN_SCOPE,"(294.782508125, 303.65000499999996, 350.8215091836734, 320.5700049999999)",中等√,same_cell_mark,/Users/zhaoxiaoda/Library/CloudStorage/GoogleDrive-xiaodazhao0608@gmail.com/我的云端硬盘/TBM9/SKETCH/DyK1016+059.00_伯舒拉岭右线洞身素描记录表 15.pdf,FACE_SKETCH
3c2cefed79a1f51fadb49df3,CHECKBOX_POSITION,3c2cefed79a1f51fadb49df3,,DyK1016+059.00_伯舒拉岭右线洞身素描记录表 15.pdf,粗糙度,"(294.782508125, 320.5700049999999, 407.0125058333333, 340.12998999999996)",平整光滑有擦痕√,INLINE_OR_SUFFIX,False,IN_SCOPE,"(294.782508125, 320.5700049999999, 407.0125058333333, 340.12998999999996)",平整光滑有擦痕√,same_cell_mark,/Users/zhaoxiaoda/Library/CloudStorage/GoogleDrive-xiaodazhao0608@gmail.com/我的云端硬盘/TBM9/SKETCH/DyK1016+059.00_伯舒拉岭右线洞身素描记录表 15.pdf,FACE_SKETCH
3c2cefed79a1f51fadb49df3,CHECKBOX_POSITION,3c2cefed79a1f51fadb49df3,,DyK1016+059.00_伯舒拉岭右线洞身素描记录表 15.pdf,张开性,"(158.24320219999998, 340.12998999999996, 225.00022355555558, 372.40999)",密闭＜0. 1√,INLINE_OR_SUFFIX,False,IN_SCOPE,"(158.24320219999998, 340.12998999999996, 225.00022355555558, 372.40999)",密闭＜0. 1√,same_cell_mark,/Users/zhaoxiaoda/Library/CloudStorage/GoogleDrive-xiaodazhao0608@gmail.com/我的云端硬盘/TBM9/SKETCH/DyK1016+059.00_伯舒拉岭右线洞身素描记录表 15.pdf,FACE_SKETCH
3c2cefed79a1f51fadb49df3,CHECKBOX_POSITION,3c2cefed79a1f51fadb49df3,,DyK1016+059.00_伯舒拉岭右线洞身素描记录表 15.pdf,岩溶发育程度,"(225.00022355555558, 404.090005, 294.782508125, 420.290005)",无√,INLINE_OR_SUFFIX,False,IN_SCOPE,"(225.00022355555558, 404.090005, 294.782508125, 420.290005)",无√,same_cell_mark,/Users/zhaoxiaoda/Library/CloudStorage/GoogleDrive-xiaodazhao0608@gmail.com/我的云端硬盘/TBM9/SKETCH/DyK1016+059.00_伯舒拉岭右线洞身素描记录表 15.pdf,FACE_SKETCH
59d20fe5ae4b1b006a2edc6f,CHECKBOX_POSITION,59d20fe5ae4b1b006a2edc6f,,DyK1016+089.00_伯舒拉岭右线洞身素描记录表 16.pdf,掌子面状态,"(225.00022355555558, 174.61999500000002, 294.782508125, 190.81999499999998)",正面掉块√,INLINE_OR_SUFFIX,False,IN_SCOPE,"(225.00022355555558, 174.61999500000002, 294.782508125, 190.81999499999998)",正面掉块√,same_cell_mark,/Users/zhaoxiaoda/Library/CloudStorage/GoogleDrive-xiaodazhao0608@gmail.com/我的云端硬盘/TBM9/SKETCH/DyK1016+089.00_伯舒拉岭右线洞身素描记录表 16.pdf,FACE_SKETCH
59d20fe5ae4b1b006a2edc6f,CHECKBOX_POSITION,59d20fe5ae4b1b006a2edc6f,,DyK1016+089.00_伯舒拉岭右线洞身素描记录表 16.pdf,毛开挖面状态,"(225.00022355555558, 190.81999499999998, 294.782508125, 222.499995)",随时间松弛、 掉块√,INLINE_OR_SUFFIX,False,IN_SCOPE,"(225.00022355555558, 190.81999499999998, 294.782508125, 222.499995)",随时间松弛、 掉块√,same_cell_mark,/Users/zhaoxiaoda/Library/CloudStorage/GoogleDrive-xiaodazhao0608@gmail.com/我的云端硬盘/TBM9/SKETCH/DyK1016+089.00_伯舒拉岭右线洞身素描记录表 16.pdf,FACE_SKETCH
59d20fe5ae4b1b006a2edc6f,CHECKBOX_POSITION,59d20fe5ae4b1b006a2edc6f,,DyK1016+089.00_伯舒拉岭右线洞身素描记录表 16.pdf,岩石强度,"(294.782508125, 222.499995, 350.8215091836734, 260.06000499999993)",15＜ R≤30√,INLINE_OR_SUFFIX,False,IN_SCOPE,"(294.782508125, 222.499995, 350.8215091836734, 260.06000499999993)",15＜ R≤30√,same_cell_mark,/Users/zhaoxiaoda/Library/CloudStorage/GoogleDrive-xiaodazhao0608@gmail.com/我的云端硬盘/TBM9/SKETCH/DyK1016+089.00_伯舒拉岭右线洞身素描记录表 16.pdf,FACE_SKETCH
59d20fe5ae4b1b006a2edc6f,CHECKBOX_POSITION,59d20fe5ae4b1b006a2edc6f,,DyK1016+089.00_伯舒拉岭右线洞身素描记录表 16.pdf,风化程度,"(294.782508125, 260.06000499999993, 350.8215091836734, 276.52999)",弱风化√,INLINE_OR_SUFFIX,False,IN_SCOPE,"(294.782508125, 260.06000499999993, 350.8215091836734, 276.52999)",弱风化√,same_cell_mark,/Users/zhaoxiaoda/Library/CloudStorage/GoogleDrive-xiaodazhao0608@gmail.com/我的云端硬盘/TBM9/SKETCH/DyK1016+089.00_伯舒拉岭右线洞身素描记录表 16.pdf,FACE_SKETCH
59d20fe5ae4b1b006a2edc6f,CHECKBOX_POSITION,59d20fe5ae4b1b006a2edc6f,,DyK1016+089.00_伯舒拉岭右线洞身素描记录表 16.pdf,间距,"(294.782508125, 276.52999, 350.8215091836734, 303.65000499999996)",0.2～0.6√,INLINE_OR_SUFFIX,False,IN_SCOPE,"(294.782508125, 276.52999, 350.8215091836734, 303.65000499999996)",0.2～0.6√,same_cell_mark,/Users/zhaoxiaoda/Library/CloudStorage/GoogleDrive-xiaodazhao0608@gmail.com/我的云端硬盘/TBM9/SKETCH/DyK1016+089.00_伯舒拉岭右线洞身素描记录表 16.pdf,FACE_SKETCH
59d20fe5ae4b1b006a2edc6f,CHECKBOX_POSITION,59d20fe5ae4b1b006a2edc6f,,DyK1016+089.00_伯舒拉岭右线洞身素描记录表 16.pdf,延伸性,"(294.782508125, 303.65000499999996, 350.8215091836734, 320.5700049999999)",中等√,INLINE_OR_SUFFIX,False,IN_SCOPE,"(294.782508125, 303.65000499999996, 350.8215091836734, 320.5700049999999)",中等√,same_cell_mark,/Users/zhaoxiaoda/Library/CloudStorage/GoogleDrive-xiaodazhao0608@gmail.com/我的云端硬盘/TBM9/SKETCH/DyK1016+089.00_伯舒拉岭右线洞身素描记录表 16.pdf,FACE_SKETCH
59d20fe5ae4b1b006a2edc6f,CHECKBOX_POSITION,59d20fe5ae4b1b006a2edc6f,,DyK1016+089.00_伯舒拉岭右线洞身素描记录表 16.pdf,粗糙度,"(294.782508125, 320.5700049999999, 407.0125058333333, 340.12998999999996)",平整光滑有擦痕√,INLINE_OR_SUFFIX,False,IN_SCOPE,"(294.782508125, 320.5700049999999, 407.0125058333333, 340.12998999999996)",平整光滑有擦痕√,same_cell_mark,/Users/zhaoxiaoda/Library/CloudStorage/GoogleDrive-xiaodazhao0608@gmail.com/我的云端硬盘/TBM9/SKETCH/DyK1016+089.00_伯舒拉岭右线洞身素描记录表 16.pdf,FACE_SKETCH
59d20fe5ae4b1b006a2edc6f,CHECKBOX_POSITION,59d20fe5ae4b1b006a2edc6f,,DyK1016+089.00_伯舒拉岭右线洞身素描记录表 16.pdf,张开性,"(158.24320219999998, 340.12998999999996, 225.00022355555558, 372.40999)",密闭＜0. 1√,INLINE_OR_SUFFIX,False,IN_SCOPE,"(158.24320219999998, 340.12998999999996, 225.00022355555558, 372.40999)",密闭＜0. 1√,same_cell_mark,/Users/zhaoxiaoda/Library/CloudStorage/GoogleDrive-xiaodazhao0608@gmail.com/我的云端硬盘/TBM9/SKETCH/DyK1016+089.00_伯舒拉岭右线洞身素描记录表 16.pdf,FACE_SKETCH
59d20fe5ae4b1b006a2edc6f,CHECKBOX_POSITION,59d20fe5ae4b1b006a2edc6f,,DyK1016+089.00_伯舒拉岭右线洞身素描记录表 16.pdf,岩溶发育程度,"(225.00022355555558, 404.090005, 294.782508125, 420.290005)",无√,INLINE_OR_SUFFIX,False,IN_SCOPE,"(225.00022355555558, 404.090005, 294.782508125, 420.290005)",无√,same_cell_mark,/Users/zhaoxiaoda/Library/CloudStorage/GoogleDrive-xiaodazhao0608@gmail.com/我的云端硬盘/TBM9/SKETCH/DyK1016+089.00_伯舒拉岭右线洞身素描记录表 16.pdf,FACE_SKETCH
38215f8be366b1c36370cc56,CHECKBOX_POSITION,38215f8be366b1c36370cc56,,DyK1016+119.00_伯舒拉岭右线洞身素描记录表 17.pdf,掌子面状态,"(225.00022355555558, 174.61999500000002, 294.782508125, 190.81999499999998)",正面掉块√,INLINE_OR_SUFFIX,False,IN_SCOPE,"(225.00022355555558, 174.61999500000002, 294.782508125, 190.81999499999998)",正面掉块√,same_cell_mark,/Users/zhaoxiaoda/Library/CloudStorage/GoogleDrive-xiaodazhao0608@gmail.com/我的云端硬盘/TBM9/SKETCH/DyK1016+119.00_伯舒拉岭右线洞身素描记录表 17.pdf,FACE_SKETCH
38215f8be366b1c36370cc56,CHECKBOX_POSITION,38215f8be366b1c36370cc56,,DyK1016+119.00_伯舒拉岭右线洞身素描记录表 17.pdf,毛开挖面状态,"(225.00022355555558, 190.81999499999998, 294.782508125, 222.499995)",随时间松弛、 掉块√,INLINE_OR_SUFFIX,False,IN_SCOPE,"(225.00022355555558, 190.81999499999998, 294.782508125, 222.499995)",随时间松弛、 掉块√,same_cell_mark,/Users/zhaoxiaoda/Library/CloudStorage/GoogleDrive-xiaodazhao0608@gmail.com/我的云端硬盘/TBM9/SKETCH/DyK1016+119.00_伯舒拉岭右线洞身素描记录表 17.pdf,FACE_SKETCH
38215f8be366b1c36370cc56,CHECKBOX_POSITION,38215f8be366b1c36370cc56,,DyK1016+119.00_伯舒拉岭右线洞身素描记录表 17.pdf,岩石强度,"(294.782508125, 222.499995, 350.8215091836734, 260.06000499999993)",15＜ R≤30√,INLINE_OR_SUFFIX,False,IN_SCOPE,"(294.782508125, 222.499995, 350.8215091836734, 260.06000499999993)",15＜ R≤30√,same_cell_mark,/Users/zhaoxiaoda/Library/CloudStorage/GoogleDrive-xiaodazhao0608@gmail.com/我的云端硬盘/TBM9/SKETCH/DyK1016+119.00_伯舒拉岭右线洞身素描记录表 17.pdf,FACE_SKETCH
38215f8be366b1c36370cc56,CHECKBOX_POSITION,38215f8be366b1c36370cc56,,DyK1016+119.00_伯舒拉岭右线洞身素描记录表 17.pdf,风化程度,"(294.782508125, 260.06000499999993, 350.8215091836734, 276.52999)",弱风化√,INLINE_OR_SUFFIX,False,IN_SCOPE,"(294.782508125, 260.06000499999993, 350.8215091836734, 276.52999)",弱风化√,same_cell_mark,/Users/zhaoxiaoda/Library/CloudStorage/GoogleDrive-xiaodazhao0608@gmail.com/我的云端硬盘/TBM9/SKETCH/DyK1016+119.00_伯舒拉岭右线洞身素描记录表 17.pdf,FACE_SKETCH
38215f8be366b1c36370cc56,CHECKBOX_POSITION,38215f8be366b1c36370cc56,,DyK1016+119.00_伯舒拉岭右线洞身素描记录表 17.pdf,间距,"(294.782508125, 276.52999, 350.8215091836734, 303.65000499999996)",0.2～0.6√,INLINE_OR_SUFFIX,False,IN_SCOPE,"(294.782508125, 276.52999, 350.8215091836734, 303.65000499999996)",0.2～0.6√,same_cell_mark,/Users/zhaoxiaoda/Library/CloudStorage/GoogleDrive-xiaodazhao0608@gmail.com/我的云端硬盘/TBM9/SKETCH/DyK1016+119.00_伯舒拉岭右线洞身素描记录表 17.pdf,FACE_SKETCH
38215f8be366b1c36370cc56,CHECKBOX_POSITION,38215f8be366b1c36370cc56,,DyK1016+119.00_伯舒拉岭右线洞身素描记录表 17.pdf,延伸性,"(294.782508125, 303.65000499999996, 350.8215091836734, 320.5700049999999)",中等√,INLINE_OR_SUFFIX,False,IN_SCOPE,"(294.782508125, 303.65000499999996, 350.8215091836734, 320.5700049999999)",中等√,same_cell_mark,/Users/zhaoxiaoda/Library/CloudStorage/GoogleDrive-xiaodazhao0608@gmail.com/我的云端硬盘/TBM9/SKETCH/DyK1016+119.00_伯舒拉岭右线洞身素描记录表 17.pdf,FACE_SKETCH
38215f8be366b1c36370cc56,CHECKBOX_POSITION,38215f8be366b1c36370cc56,,DyK1016+119.00_伯舒拉岭右线洞身素描记录表 17.pdf,粗糙度,"(294.782508125, 320.5700049999999, 407.0125058333333, 340.12998999999996)",平整光滑有擦痕√,INLINE_OR_SUFFIX,False,IN_SCOPE,"(294.782508125, 320.5700049999999, 407.0125058333333, 340.12998999999996)",平整光滑有擦痕√,same_cell_mark,/Users/zhaoxiaoda/Library/CloudStorage/GoogleDrive-xiaodazhao0608@gmail.com/我的云端硬盘/TBM9/SKETCH/DyK1016+119.00_伯舒拉岭右线洞身素描记录表 17.pdf,FACE_SKETCH
38215f8be366b1c36370cc56,CHECKBOX_POSITION,38215f8be366b1c36370cc56,,DyK1016+119.00_伯舒拉岭右线洞身素描记录表 17.pdf,张开性,"(158.24320219999998, 340.12998999999996, 225.00022355555558, 372.40999)",密闭＜0. 1√,INLINE_OR_SUFFIX,False,IN_SCOPE,"(158.24320219999998, 340.12998999999996, 225.00022355555558, 372.40999)",密闭＜0. 1√,same_cell_mark,/Users/zhaoxiaoda/Library/CloudStorage/GoogleDrive-xiaodazhao0608@gmail.com/我的云端硬盘/TBM9/SKETCH/DyK1016+119.00_伯舒拉岭右线洞身素描记录表 17.pdf,FACE_SKETCH
38215f8be366b1c36370cc56,CHECKBOX_POSITION,38215f8be366b1c36370cc56,,DyK1016+119.00_伯舒拉岭右线洞身素描记录表 17.pdf,岩溶发育程度,"(225.00022355555558, 404.090005, 294.782508125, 420.290005)",无√,INLINE_OR_SUFFIX,False,IN_SCOPE,"(225.00022355555558, 404.090005, 294.782508125, 420.290005)",无√,same_cell_mark,/Users/zhaoxiaoda/Library/CloudStorage/GoogleDrive-xiaodazhao0608@gmail.com/我的云端硬盘/TBM9/SKETCH/DyK1016+119.00_伯舒拉岭右线洞身素描记录表 17.pdf,FACE_SKETCH
360ba61f16ab0f1fd9e3868b,CHECKBOX_POSITION,360ba61f16ab0f1fd9e3868b,,DyK1016+149.00_伯舒拉岭右线洞身素描记录表 18.pdf,掌子面状态,"(225.00022355555558, 174.61999500000002, 294.782508125, 190.81999499999998)",正面掉块√,INLINE_OR_SUFFIX,False,IN_SCOPE,"(225.00022355555558, 174.61999500000002, 294.782508125, 190.81999499999998)",正面掉块√,same_cell_mark,/Users/zhaoxiaoda/Library/CloudStorage/GoogleDrive-xiaodazhao0608@gmail.com/我的云端硬盘/TBM9/SKETCH/DyK1016+149.00_伯舒拉岭右线洞身素描记录表 18.pdf,FACE_SKETCH
360ba61f16ab0f1fd9e3868b,CHECKBOX_POSITION,360ba61f16ab0f1fd9e3868b,,DyK1016+149.00_伯舒拉岭右线洞身素描记录表 18.pdf,毛开挖面状态,"(225.00022355555558, 190.81999499999998, 294.782508125, 222.499995)",随时间松弛、 掉块√,INLINE_OR_SUFFIX,False,IN_SCOPE,"(225.00022355555558, 190.81999499999998, 294.782508125, 222.499995)",随时间松弛、 掉块√,same_cell_mark,/Users/zhaoxiaoda/Library/CloudStorage/GoogleDrive-xiaodazhao0608@gmail.com/我的云端硬盘/TBM9/SKETCH/DyK1016+149.00_伯舒拉岭右线洞身素描记录表 18.pdf,FACE_SKETCH
360ba61f16ab0f1fd9e3868b,CHECKBOX_POSITION,360ba61f16ab0f1fd9e3868b,,DyK1016+149.00_伯舒拉岭右线洞身素描记录表 18.pdf,岩石强度,"(294.782508125, 222.499995, 350.8215091836734, 260.06000499999993)",15＜ R≤30√,INLINE_OR_SUFFIX,False,IN_SCOPE,"(294.782508125, 222.499995, 350.8215091836734, 260.06000499999993)",15＜ R≤30√,same_cell_mark,/Users/zhaoxiaoda/Library/CloudStorage/GoogleDrive-xiaodazhao0608@gmail.com/我的云端硬盘/TBM9/SKETCH/DyK1016+149.00_伯舒拉岭右线洞身素描记录表 18.pdf,FACE_SKETCH
360ba61f16ab0f1fd9e3868b,CHECKBOX_POSITION,360ba61f16ab0f1fd9e3868b,,DyK1016+149.00_伯舒拉岭右线洞身素描记录表 18.pdf,风化程度,"(294.782508125, 260.06000499999993, 350.8215091836734, 276.52999)",弱风化√,INLINE_OR_SUFFIX,False,IN_SCOPE,"(294.782508125, 260.06000499999993, 350.8215091836734, 276.52999)",弱风化√,same_cell_mark,/Users/zhaoxiaoda/Library/CloudStorage/GoogleDrive-xiaodazhao0608@gmail.com/我的云端硬盘/TBM9/SKETCH/DyK1016+149.00_伯舒拉岭右线洞身素描记录表 18.pdf,FACE_SKETCH
360ba61f16ab0f1fd9e3868b,CHECKBOX_POSITION,360ba61f16ab0f1fd9e3868b,,DyK1016+149.00_伯舒拉岭右线洞身素描记录表 18.pdf,间距,"(294.782508125, 276.52999, 350.8215091836734, 303.65000499999996)",0.2～0.6√,INLINE_OR_SUFFIX,False,IN_SCOPE,"(294.782508125, 276.52999, 350.8215091836734, 303.65000499999996)",0.2～0.6√,same_cell_mark,/Users/zhaoxiaoda/Library/CloudStorage/GoogleDrive-xiaodazhao0608@gmail.com/我的云端硬盘/TBM9/SKETCH/DyK1016+149.00_伯舒拉岭右线洞身素描记录表 18.pdf,FACE_SKETCH
360ba61f16ab0f1fd9e3868b,CHECKBOX_POSITION,360ba61f16ab0f1fd9e3868b,,DyK1016+149.00_伯舒拉岭右线洞身素描记录表 18.pdf,延伸性,"(294.782508125, 303.65000499999996, 350.8215091836734, 320.5700049999999)",中等√,INLINE_OR_SUFFIX,False,IN_SCOPE,"(294.782508125, 303.65000499999996, 350.8215091836734, 320.5700049999999)",中等√,same_cell_mark,/Users/zhaoxiaoda/Library/CloudStorage/GoogleDrive-xiaodazhao0608@gmail.com/我的云端硬盘/TBM9/SKETCH/DyK1016+149.00_伯舒拉岭右线洞身素描记录表 18.pdf,FACE_SKETCH
360ba61f16ab0f1fd9e3868b,CHECKBOX_POSITION,360ba61f16ab0f1fd9e3868b,,DyK1016+149.00_伯舒拉岭右线洞身素描记录表 18.pdf,粗糙度,"(294.782508125, 320.5700049999999, 407.0125058333333, 340.12998999999996)",平整光滑有擦痕√,INLINE_OR_SUFFIX,False,IN_SCOPE,"(294.782508125, 320.5700049999999, 407.0125058333333, 340.12998999999996)",平整光滑有擦痕√,same_cell_mark,/Users/zhaoxiaoda/Library/CloudStorage/GoogleDrive-xiaodazhao0608@gmail.com/我的云端硬盘/TBM9/SKETCH/DyK1016+149.00_伯舒拉岭右线洞身素描记录表 18.pdf,FACE_SKETCH
360ba61f16ab0f1fd9e3868b,CHECKBOX_POSITION,360ba61f16ab0f1fd9e3868b,,DyK1016+149.00_伯舒拉岭右线洞身素描记录表 18.pdf,张开性,"(158.24320219999998, 340.12998999999996, 225.00022355555558, 372.40999)",密闭＜0. 1√,INLINE_OR_SUFFIX,False,IN_SCOPE,"(158.24320219999998, 340.12998999999996, 225.00022355555558, 372.40999)",密闭＜0. 1√,same_cell_mark,/Users/zhaoxiaoda/Library/CloudStorage/GoogleDrive-xiaodazhao0608@gmail.com/我的云端硬盘/TBM9/SKETCH/DyK1016+149.00_伯舒拉岭右线洞身素描记录表 18.pdf,FACE_SKETCH
360ba61f16ab0f1fd9e3868b,CHECKBOX_POSITION,360ba61f16ab0f1fd9e3868b,,DyK1016+149.00_伯舒拉岭右线洞身素描记录表 18.pdf,岩溶发育程度,"(225.00022355555558, 404.090005, 294.782508125, 420.290005)",无√,INLINE_OR_SUFFIX,False,IN_SCOPE,"(225.00022355555558, 404.090005, 294.782508125, 420.290005)",无√,same_cell_mark,/Users/zhaoxiaoda/Library/CloudStorage/GoogleDrive-xiaodazhao0608@gmail.com/我的云端硬盘/TBM9/SKETCH/DyK1016+149.00_伯舒拉岭右线洞身素描记录表 18.pdf,FACE_SKETCH
30a66d7c404ac5909d46ff55,CHECKBOX_POSITION,30a66d7c404ac5909d46ff55,,DyK1016+179.00_伯舒拉岭右线洞身素描记录表 19.pdf,掌子面状态,"(225.00022355555558, 174.61999500000002, 294.782508125, 190.81999499999998)",正面掉块√,INLINE_OR_SUFFIX,False,IN_SCOPE,"(225.00022355555558, 174.61999500000002, 294.782508125, 190.81999499999998)",正面掉块√,same_cell_mark,/Users/zhaoxiaoda/Library/CloudStorage/GoogleDrive-xiaodazhao0608@gmail.com/我的云端硬盘/TBM9/SKETCH/DyK1016+179.00_伯舒拉岭右线洞身素描记录表 19.pdf,FACE_SKETCH
30a66d7c404ac5909d46ff55,CHECKBOX_POSITION,30a66d7c404ac5909d46ff55,,DyK1016+179.00_伯舒拉岭右线洞身素描记录表 19.pdf,毛开挖面状态,"(225.00022355555558, 190.81999499999998, 294.782508125, 222.499995)",随时间松弛、 掉块√,INLINE_OR_SUFFIX,False,IN_SCOPE,"(225.00022355555558, 190.81999499999998, 294.782508125, 222.499995)",随时间松弛、 掉块√,same_cell_mark,/Users/zhaoxiaoda/Library/CloudStorage/GoogleDrive-xiaodazhao0608@gmail.com/我的云端硬盘/TBM9/SKETCH/DyK1016+179.00_伯舒拉岭右线洞身素描记录表 19.pdf,FACE_SKETCH
30a66d7c404ac5909d46ff55,CHECKBOX_POSITION,30a66d7c404ac5909d46ff55,,DyK1016+179.00_伯舒拉岭右线洞身素描记录表 19.pdf,岩石强度,"(294.782508125, 222.499995, 350.8215091836734, 260.06000499999993)",15＜ R≤30√,INLINE_OR_SUFFIX,False,IN_SCOPE,"(294.782508125, 222.499995, 350.8215091836734, 260.06000499999993)",15＜ R≤30√,same_cell_mark,/Users/zhaoxiaoda/Library/CloudStorage/GoogleDrive-xiaodazhao0608@gmail.com/我的云端硬盘/TBM9/SKETCH/DyK1016+179.00_伯舒拉岭右线洞身素描记录表 19.pdf,FACE_SKETCH
30a66d7c404ac5909d46ff55,CHECKBOX_POSITION,30a66d7c404ac5909d46ff55,,DyK1016+179.00_伯舒拉岭右线洞身素描记录表 19.pdf,风化程度,"(294.782508125, 260.06000499999993, 350.8215091836734, 276.52999)",弱风化√,INLINE_OR_SUFFIX,False,IN_SCOPE,"(294.782508125, 260.06000499999993, 350.8215091836734, 276.52999)",弱风化√,same_cell_mark,/Users/zhaoxiaoda/Library/CloudStorage/GoogleDrive-xiaodazhao0608@gmail.com/我的云端硬盘/TBM9/SKETCH/DyK1016+179.00_伯舒拉岭右线洞身素描记录表 19.pdf,FACE_SKETCH
30a66d7c404ac5909d46ff55,CHECKBOX_POSITION,30a66d7c404ac5909d46ff55,,DyK1016+179.00_伯舒拉岭右线洞身素描记录表 19.pdf,间距,"(294.782508125, 276.52999, 350.8215091836734, 303.65000499999996)",0.2～0.6√,INLINE_OR_SUFFIX,False,IN_SCOPE,"(294.782508125, 276.52999, 350.8215091836734, 303.65000499999996)",0.2～0.6√,same_cell_mark,/Users/zhaoxiaoda/Library/CloudStorage/GoogleDrive-xiaodazhao0608@gmail.com/我的云端硬盘/TBM9/SKETCH/DyK1016+179.00_伯舒拉岭右线洞身素描记录表 19.pdf,FACE_SKETCH
30a66d7c404ac5909d46ff55,CHECKBOX_POSITION,30a66d7c404ac5909d46ff55,,DyK1016+179.00_伯舒拉岭右线洞身素描记录表 19.pdf,延伸性,"(294.782508125, 303.65000499999996, 350.8215091836734, 320.5700049999999)",中等√,INLINE_OR_SUFFIX,False,IN_SCOPE,"(294.782508125, 303.65000499999996, 350.8215091836734, 320.5700049999999)",中等√,same_cell_mark,/Users/zhaoxiaoda/Library/CloudStorage/GoogleDrive-xiaodazhao0608@gmail.com/我的云端硬盘/TBM9/SKETCH/DyK1016+179.00_伯舒拉岭右线洞身素描记录表 19.pdf,FACE_SKETCH
30a66d7c404ac5909d46ff55,CHECKBOX_POSITION,30a66d7c404ac5909d46ff55,,DyK1016+179.00_伯舒拉岭右线洞身素描记录表 19.pdf,粗糙度,"(294.782508125, 320.5700049999999, 407.0125058333333, 340.12998999999996)",平整光滑有擦痕√,INLINE_OR_SUFFIX,False,IN_SCOPE,"(294.782508125, 320.5700049999999, 407.0125058333333, 340.12998999999996)",平整光滑有擦痕√,same_cell_mark,/Users/zhaoxiaoda/Library/CloudStorage/GoogleDrive-xiaodazhao0608@gmail.com/我的云端硬盘/TBM9/SKETCH/DyK1016+179.00_伯舒拉岭右线洞身素描记录表 19.pdf,FACE_SKETCH
30a66d7c404ac5909d46ff55,CHECKBOX_POSITION,30a66d7c404ac5909d46ff55,,DyK1016+179.00_伯舒拉岭右线洞身素描记录表 19.pdf,张开性,"(158.24320219999998, 340.12998999999996, 225.00022355555558, 372.40999)",密闭＜0. 1√,INLINE_OR_SUFFIX,False,IN_SCOPE,"(158.24320219999998, 340.12998999999996, 225.00022355555558, 372.40999)",密闭＜0. 1√,same_cell_mark,/Users/zhaoxiaoda/Library/CloudStorage/GoogleDrive-xiaodazhao0608@gmail.com/我的云端硬盘/TBM9/SKETCH/DyK1016+179.00_伯舒拉岭右线洞身素描记录表 19.pdf,FACE_SKETCH
30a66d7c404ac5909d46ff55,CHECKBOX_POSITION,30a66d7c404ac5909d46ff55,,DyK1016+179.00_伯舒拉岭右线洞身素描记录表 19.pdf,岩溶发育程度,"(225.00022355555558, 404.090005, 294.782508125, 420.290005)",无√,INLINE_OR_SUFFIX,False,IN_SCOPE,"(225.00022355555558, 404.090005, 294.782508125, 420.290005)",无√,same_cell_mark,/Users/zhaoxiaoda/Library/CloudStorage/GoogleDrive-xiaodazhao0608@gmail.com/我的云端硬盘/TBM9/SKETCH/DyK1016+179.00_伯舒拉岭右线洞身素描记录表 19.pdf,FACE_SKETCH
f8a2461fc50563098bdd8ca1,CHECKBOX_POSITION,f8a2461fc50563098bdd8ca1,,DyK1016+209.00_伯舒拉岭右线洞身素描记录表 20.pdf,掌子面状态,"(225.00022355555558, 174.61999500000002, 294.782508125, 190.81999499999998)",正面掉块√,INLINE_OR_SUFFIX,False,IN_SCOPE,"(225.00022355555558, 174.61999500000002, 294.782508125, 190.81999499999998)",正面掉块√,same_cell_mark,/Users/zhaoxiaoda/Library/CloudStorage/GoogleDrive-xiaodazhao0608@gmail.com/我的云端硬盘/TBM9/SKETCH/DyK1016+209.00_伯舒拉岭右线洞身素描记录表 20.pdf,FACE_SKETCH
f8a2461fc50563098bdd8ca1,CHECKBOX_POSITION,f8a2461fc50563098bdd8ca1,,DyK1016+209.00_伯舒拉岭右线洞身素描记录表 20.pdf,毛开挖面状态,"(225.00022355555558, 190.81999499999998, 294.782508125, 222.499995)",随时间松弛、 掉块√,INLINE_OR_SUFFIX,False,IN_SCOPE,"(225.00022355555558, 190.81999499999998, 294.782508125, 222.499995)",随时间松弛、 掉块√,same_cell_mark,/Users/zhaoxiaoda/Library/CloudStorage/GoogleDrive-xiaodazhao0608@gmail.com/我的云端硬盘/TBM9/SKETCH/DyK1016+209.00_伯舒拉岭右线洞身素描记录表 20.pdf,FACE_SKETCH
f8a2461fc50563098bdd8ca1,CHECKBOX_POSITION,f8a2461fc50563098bdd8ca1,,DyK1016+209.00_伯舒拉岭右线洞身素描记录表 20.pdf,岩石强度,"(294.782508125, 222.499995, 350.8215091836734, 260.06000499999993)",15＜ R≤30√,INLINE_OR_SUFFIX,False,IN_SCOPE,"(294.782508125, 222.499995, 350.8215091836734, 260.06000499999993)",15＜ R≤30√,same_cell_mark,/Users/zhaoxiaoda/Library/CloudStorage/GoogleDrive-xiaodazhao0608@gmail.com/我的云端硬盘/TBM9/SKETCH/DyK1016+209.00_伯舒拉岭右线洞身素描记录表 20.pdf,FACE_SKETCH
f8a2461fc50563098bdd8ca1,CHECKBOX_POSITION,f8a2461fc50563098bdd8ca1,,DyK1016+209.00_伯舒拉岭右线洞身素描记录表 20.pdf,风化程度,"(294.782508125, 260.06000499999993, 350.8215091836734, 276.52999)",弱风化√,INLINE_OR_SUFFIX,False,IN_SCOPE,"(294.782508125, 260.06000499999993, 350.8215091836734, 276.52999)",弱风化√,same_cell_mark,/Users/zhaoxiaoda/Library/CloudStorage/GoogleDrive-xiaodazhao0608@gmail.com/我的云端硬盘/TBM9/SKETCH/DyK1016+209.00_伯舒拉岭右线洞身素描记录表 20.pdf,FACE_SKETCH
f8a2461fc50563098bdd8ca1,CHECKBOX_POSITION,f8a2461fc50563098bdd8ca1,,DyK1016+209.00_伯舒拉岭右线洞身素描记录表 20.pdf,间距,"(294.782508125, 276.52999, 350.8215091836734, 303.65000499999996)",0.2～0.6√,INLINE_OR_SUFFIX,False,IN_SCOPE,"(294.782508125, 276.52999, 350.8215091836734, 303.65000499999996)",0.2～0.6√,same_cell_mark,/Users/zhaoxiaoda/Library/CloudStorage/GoogleDrive-xiaodazhao0608@gmail.com/我的云端硬盘/TBM9/SKETCH/DyK1016+209.00_伯舒拉岭右线洞身素描记录表 20.pdf,FACE_SKETCH
f8a2461fc50563098bdd8ca1,CHECKBOX_POSITION,f8a2461fc50563098bdd8ca1,,DyK1016+209.00_伯舒拉岭右线洞身素描记录表 20.pdf,延伸性,"(294.782508125, 303.65000499999996, 350.8215091836734, 320.5700049999999)",中等√,INLINE_OR_SUFFIX,False,IN_SCOPE,"(294.782508125, 303.65000499999996, 350.8215091836734, 320.5700049999999)",中等√,same_cell_mark,/Users/zhaoxiaoda/Library/CloudStorage/GoogleDrive-xiaodazhao0608@gmail.com/我的云端硬盘/TBM9/SKETCH/DyK1016+209.00_伯舒拉岭右线洞身素描记录表 20.pdf,FACE_SKETCH
f8a2461fc50563098bdd8ca1,CHECKBOX_POSITION,f8a2461fc50563098bdd8ca1,,DyK1016+209.00_伯舒拉岭右线洞身素描记录表 20.pdf,粗糙度,"(294.782508125, 320.5700049999999, 407.0125058333333, 340.12998999999996)",平整光滑有擦痕√,INLINE_OR_SUFFIX,False,IN_SCOPE,"(294.782508125, 320.5700049999999, 407.0125058333333, 340.12998999999996)",平整光滑有擦痕√,same_cell_mark,/Users/zhaoxiaoda/Library/CloudStorage/GoogleDrive-xiaodazhao0608@gmail.com/我的云端硬盘/TBM9/SKETCH/DyK1016+209.00_伯舒拉岭右线洞身素描记录表 20.pdf,FACE_SKETCH
f8a2461fc50563098bdd8ca1,CHECKBOX_POSITION,f8a2461fc50563098bdd8ca1,,DyK1016+209.00_伯舒拉岭右线洞身素描记录表 20.pdf,张开性,"(158.24320219999998, 340.12998999999996, 225.00022355555558, 372.40999)",密闭＜0. 1√,INLINE_OR_SUFFIX,False,IN_SCOPE,"(158.24320219999998, 340.12998999999996, 225.00022355555558, 372.40999)",密闭＜0. 1√,same_cell_mark,/Users/zhaoxiaoda/Library/CloudStorage/GoogleDrive-xiaodazhao0608@gmail.com/我的云端硬盘/TBM9/SKETCH/DyK1016+209.00_伯舒拉岭右线洞身素描记录表 20.pdf,FACE_SKETCH
f8a2461fc50563098bdd8ca1,CHECKBOX_POSITION,f8a2461fc50563098bdd8ca1,,DyK1016+209.00_伯舒拉岭右线洞身素描记录表 20.pdf,岩溶发育程度,"(225.00022355555558, 404.090005, 294.782508125, 420.290005)",无√,INLINE_OR_SUFFIX,False,IN_SCOPE,"(225.00022355555558, 404.090005, 294.782508125, 420.290005)",无√,same_cell_mark,/Users/zhaoxiaoda/Library/CloudStorage/GoogleDrive-xiaodazhao0608@gmail.com/我的云端硬盘/TBM9/SKETCH/DyK1016+209.00_伯舒拉岭右线洞身素描记录表 20.pdf,FACE_SKETCH
9edad7b96c52d6d71196765e,CHECKBOX_POSITION,9edad7b96c52d6d71196765e,,DyK1016+239.00_伯舒拉岭右线洞身素描记录表 21.pdf,掌子面状态,"(225.00022355555558, 174.61999500000002, 294.782508125, 190.81999499999998)",正面掉块√,INLINE_OR_SUFFIX,False,IN_SCOPE,"(225.00022355555558, 174.61999500000002, 294.782508125, 190.81999499999998)",正面掉块√,same_cell_mark,/Users/zhaoxiaoda/Library/CloudStorage/GoogleDrive-xiaodazhao0608@gmail.com/我的云端硬盘/TBM9/SKETCH/DyK1016+239.00_伯舒拉岭右线洞身素描记录表 21.pdf,FACE_SKETCH
9edad7b96c52d6d71196765e,CHECKBOX_POSITION,9edad7b96c52d6d71196765e,,DyK1016+239.00_伯舒拉岭右线洞身素描记录表 21.pdf,毛开挖面状态,"(225.00022355555558, 190.81999499999998, 294.782508125, 222.499995)",随时间松弛、 掉块√,INLINE_OR_SUFFIX,False,IN_SCOPE,"(225.00022355555558, 190.81999499999998, 294.782508125, 222.499995)",随时间松弛、 掉块√,same_cell_mark,/Users/zhaoxiaoda/Library/CloudStorage/GoogleDrive-xiaodazhao0608@gmail.com/我的云端硬盘/TBM9/SKETCH/DyK1016+239.00_伯舒拉岭右线洞身素描记录表 21.pdf,FACE_SKETCH
9edad7b96c52d6d71196765e,CHECKBOX_POSITION,9edad7b96c52d6d71196765e,,DyK1016+239.00_伯舒拉岭右线洞身素描记录表 21.pdf,岩石强度,"(294.782508125, 222.499995, 350.8215091836734, 260.06000499999993)",15＜ R≤30√,INLINE_OR_SUFFIX,False,IN_SCOPE,"(294.782508125, 222.499995, 350.8215091836734, 260.06000499999993)",15＜ R≤30√,same_cell_mark,/Users/zhaoxiaoda/Library/CloudStorage/GoogleDrive-xiaodazhao0608@gmail.com/我的云端硬盘/TBM9/SKETCH/DyK1016+239.00_伯舒拉岭右线洞身素描记录表 21.pdf,FACE_SKETCH
9edad7b96c52d6d71196765e,CHECKBOX_POSITION,9edad7b96c52d6d71196765e,,DyK1016+239.00_伯舒拉岭右线洞身素描记录表 21.pdf,风化程度,"(294.782508125, 260.06000499999993, 350.8215091836734, 276.52999)",弱风化√,INLINE_OR_SUFFIX,False,IN_SCOPE,"(294.782508125, 260.06000499999993, 350.8215091836734, 276.52999)",弱风化√,same_cell_mark,/Users/zhaoxiaoda/Library/CloudStorage/GoogleDrive-xiaodazhao0608@gmail.com/我的云端硬盘/TBM9/SKETCH/DyK1016+239.00_伯舒拉岭右线洞身素描记录表 21.pdf,FACE_SKETCH
9edad7b96c52d6d71196765e,CHECKBOX_POSITION,9edad7b96c52d6d71196765e,,DyK1016+239.00_伯舒拉岭右线洞身素描记录表 21.pdf,间距,"(294.782508125, 276.52999, 350.8215091836734, 303.65000499999996)",0.2～0.6√,INLINE_OR_SUFFIX,False,IN_SCOPE,"(294.782508125, 276.52999, 350.8215091836734, 303.65000499999996)",0.2～0.6√,same_cell_mark,/Users/zhaoxiaoda/Library/CloudStorage/GoogleDrive-xiaodazhao0608@gmail.com/我的云端硬盘/TBM9/SKETCH/DyK1016+239.00_伯舒拉岭右线洞身素描记录表 21.pdf,FACE_SKETCH
9edad7b96c52d6d71196765e,CHECKBOX_POSITION,9edad7b96c52d6d71196765e,,DyK1016+239.00_伯舒拉岭右线洞身素描记录表 21.pdf,延伸性,"(294.782508125, 303.65000499999996, 350.8215091836734, 320.5700049999999)",中等√,INLINE_OR_SUFFIX,False,IN_SCOPE,"(294.782508125, 303.65000499999996, 350.8215091836734, 320.5700049999999)",中等√,same_cell_mark,/Users/zhaoxiaoda/Library/CloudStorage/GoogleDrive-xiaodazhao0608@gmail.com/我的云端硬盘/TBM9/SKETCH/DyK1016+239.00_伯舒拉岭右线洞身素描记录表 21.pdf,FACE_SKETCH
9edad7b96c52d6d71196765e,CHECKBOX_POSITION,9edad7b96c52d6d71196765e,,DyK1016+239.00_伯舒拉岭右线洞身素描记录表 21.pdf,粗糙度,"(294.782508125, 320.5700049999999, 407.0125058333333, 340.12998999999996)",平整光滑有擦痕√,INLINE_OR_SUFFIX,False,IN_SCOPE,"(294.782508125, 320.5700049999999, 407.0125058333333, 340.12998999999996)",平整光滑有擦痕√,same_cell_mark,/Users/zhaoxiaoda/Library/CloudStorage/GoogleDrive-xiaodazhao0608@gmail.com/我的云端硬盘/TBM9/SKETCH/DyK1016+239.00_伯舒拉岭右线洞身素描记录表 21.pdf,FACE_SKETCH
9edad7b96c52d6d71196765e,CHECKBOX_POSITION,9edad7b96c52d6d71196765e,,DyK1016+239.00_伯舒拉岭右线洞身素描记录表 21.pdf,张开性,"(158.24320219999998, 340.12998999999996, 225.00022355555558, 372.40999)",密闭＜0. 1√,INLINE_OR_SUFFIX,False,IN_SCOPE,"(158.24320219999998, 340.12998999999996, 225.00022355555558, 372.40999)",密闭＜0. 1√,same_cell_mark,/Users/zhaoxiaoda/Library/CloudStorage/GoogleDrive-xiaodazhao0608@gmail.com/我的云端硬盘/TBM9/SKETCH/DyK1016+239.00_伯舒拉岭右线洞身素描记录表 21.pdf,FACE_SKETCH
9edad7b96c52d6d71196765e,CHECKBOX_POSITION,9edad7b96c52d6d71196765e,,DyK1016+239.00_伯舒拉岭右线洞身素描记录表 21.pdf,岩溶发育程度,"(225.00022355555558, 404.090005, 294.782508125, 420.290005)",无√,INLINE_OR_SUFFIX,False,IN_SCOPE,"(225.00022355555558, 404.090005, 294.782508125, 420.290005)",无√,same_cell_mark,/Users/zhaoxiaoda/Library/CloudStorage/GoogleDrive-xiaodazhao0608@gmail.com/我的云端硬盘/TBM9/SKETCH/DyK1016+239.00_伯舒拉岭右线洞身素描记录表 21.pdf,FACE_SKETCH
cec90076ae694b23cd96714c,CHECKBOX_POSITION,cec90076ae694b23cd96714c,,DyK1016+269.00_伯舒拉岭右线洞身素描记录表 22.pdf,掌子面状态,"(225.00022355555558, 174.61999500000002, 294.782508125, 190.81999499999998)",正面掉块√,INLINE_OR_SUFFIX,False,IN_SCOPE,"(225.00022355555558, 174.61999500000002, 294.782508125, 190.81999499999998)",正面掉块√,same_cell_mark,/Users/zhaoxiaoda/Library/CloudStorage/GoogleDrive-xiaodazhao0608@gmail.com/我的云端硬盘/TBM9/SKETCH/DyK1016+269.00_伯舒拉岭右线洞身素描记录表 22.pdf,FACE_SKETCH
cec90076ae694b23cd96714c,CHECKBOX_POSITION,cec90076ae694b23cd96714c,,DyK1016+269.00_伯舒拉岭右线洞身素描记录表 22.pdf,毛开挖面状态,"(225.00022355555558, 190.81999499999998, 294.782508125, 222.499995)",随时间松弛、 掉块√,INLINE_OR_SUFFIX,False,IN_SCOPE,"(225.00022355555558, 190.81999499999998, 294.782508125, 222.499995)",随时间松弛、 掉块√,same_cell_mark,/Users/zhaoxiaoda/Library/CloudStorage/GoogleDrive-xiaodazhao0608@gmail.com/我的云端硬盘/TBM9/SKETCH/DyK1016+269.00_伯舒拉岭右线洞身素描记录表 22.pdf,FACE_SKETCH
cec90076ae694b23cd96714c,CHECKBOX_POSITION,cec90076ae694b23cd96714c,,DyK1016+269.00_伯舒拉岭右线洞身素描记录表 22.pdf,岩石强度,"(294.782508125, 222.499995, 350.8215091836734, 260.06000499999993)",15＜ R≤30√,INLINE_OR_SUFFIX,False,IN_SCOPE,"(294.782508125, 222.499995, 350.8215091836734, 260.06000499999993)",15＜ R≤30√,same_cell_mark,/Users/zhaoxiaoda/Library/CloudStorage/GoogleDrive-xiaodazhao0608@gmail.com/我的云端硬盘/TBM9/SKETCH/DyK1016+269.00_伯舒拉岭右线洞身素描记录表 22.pdf,FACE_SKETCH
cec90076ae694b23cd96714c,CHECKBOX_POSITION,cec90076ae694b23cd96714c,,DyK1016+269.00_伯舒拉岭右线洞身素描记录表 22.pdf,风化程度,"(294.782508125, 260.06000499999993, 350.8215091836734, 276.52999)",弱风化√,INLINE_OR_SUFFIX,False,IN_SCOPE,"(294.782508125, 260.06000499999993, 350.8215091836734, 276.52999)",弱风化√,same_cell_mark,/Users/zhaoxiaoda/Library/CloudStorage/GoogleDrive-xiaodazhao0608@gmail.com/我的云端硬盘/TBM9/SKETCH/DyK1016+269.00_伯舒拉岭右线洞身素描记录表 22.pdf,FACE_SKETCH
cec90076ae694b23cd96714c,CHECKBOX_POSITION,cec90076ae694b23cd96714c,,DyK1016+269.00_伯舒拉岭右线洞身素描记录表 22.pdf,间距,"(294.782508125, 276.52999, 350.8215091836734, 303.65000499999996)",0.2～0.6√,INLINE_OR_SUFFIX,False,IN_SCOPE,"(294.782508125, 276.52999, 350.8215091836734, 303.65000499999996)",0.2～0.6√,same_cell_mark,/Users/zhaoxiaoda/Library/CloudStorage/GoogleDrive-xiaodazhao0608@gmail.com/我的云端硬盘/TBM9/SKETCH/DyK1016+269.00_伯舒拉岭右线洞身素描记录表 22.pdf,FACE_SKETCH
cec90076ae694b23cd96714c,CHECKBOX_POSITION,cec90076ae694b23cd96714c,,DyK1016+269.00_伯舒拉岭右线洞身素描记录表 22.pdf,延伸性,"(294.782508125, 303.65000499999996, 350.8215091836734, 320.5700049999999)",中等√,INLINE_OR_SUFFIX,False,IN_SCOPE,"(294.782508125, 303.65000499999996, 350.8215091836734, 320.5700049999999)",中等√,same_cell_mark,/Users/zhaoxiaoda/Library/CloudStorage/GoogleDrive-xiaodazhao0608@gmail.com/我的云端硬盘/TBM9/SKETCH/DyK1016+269.00_伯舒拉岭右线洞身素描记录表 22.pdf,FACE_SKETCH
cec90076ae694b23cd96714c,CHECKBOX_POSITION,cec90076ae694b23cd96714c,,DyK1016+269.00_伯舒拉岭右线洞身素描记录表 22.pdf,粗糙度,"(294.782508125, 320.5700049999999, 407.0125058333333, 340.12998999999996)",平整光滑有擦痕√,INLINE_OR_SUFFIX,False,IN_SCOPE,"(294.782508125, 320.5700049999999, 407.0125058333333, 340.12998999999996)",平整光滑有擦痕√,same_cell_mark,/Users/zhaoxiaoda/Library/CloudStorage/GoogleDrive-xiaodazhao0608@gmail.com/我的云端硬盘/TBM9/SKETCH/DyK1016+269.00_伯舒拉岭右线洞身素描记录表 22.pdf,FACE_SKETCH
cec90076ae694b23cd96714c,CHECKBOX_POSITION,cec90076ae694b23cd96714c,,DyK1016+269.00_伯舒拉岭右线洞身素描记录表 22.pdf,张开性,"(158.24320219999998, 340.12998999999996, 225.00022355555558, 372.40999)",密闭＜0. 1√,INLINE_OR_SUFFIX,False,IN_SCOPE,"(158.24320219999998, 340.12998999999996, 225.00022355555558, 372.40999)",密闭＜0. 1√,same_cell_mark,/Users/zhaoxiaoda/Library/CloudStorage/GoogleDrive-xiaodazhao0608@gmail.com/我的云端硬盘/TBM9/SKETCH/DyK1016+269.00_伯舒拉岭右线洞身素描记录表 22.pdf,FACE_SKETCH
cec90076ae694b23cd96714c,CHECKBOX_POSITION,cec90076ae694b23cd96714c,,DyK1016+269.00_伯舒拉岭右线洞身素描记录表 22.pdf,岩溶发育程度,"(225.00022355555558, 404.090005, 294.782508125, 420.290005)",无√,INLINE_OR_SUFFIX,False,IN_SCOPE,"(225.00022355555558, 404.090005, 294.782508125, 420.290005)",无√,same_cell_mark,/Users/zhaoxiaoda/Library/CloudStorage/GoogleDrive-xiaodazhao0608@gmail.com/我的云端硬盘/TBM9/SKETCH/DyK1016+269.00_伯舒拉岭右线洞身素描记录表 22.pdf,FACE_SKETCH
bf8c2cee9abfa2e95988037e,CHECKBOX_POSITION,bf8c2cee9abfa2e95988037e,,DyK1016+299.00_伯舒拉岭右线洞身素描记录表 23.pdf,掌子面状态,"(225.00022355555558, 174.61999500000002, 294.782508125, 190.81999499999998)",正面掉块√,INLINE_OR_SUFFIX,False,IN_SCOPE,"(225.00022355555558, 174.61999500000002, 294.782508125, 190.81999499999998)",正面掉块√,same_cell_mark,/Users/zhaoxiaoda/Library/CloudStorage/GoogleDrive-xiaodazhao0608@gmail.com/我的云端硬盘/TBM9/SKETCH/DyK1016+299.00_伯舒拉岭右线洞身素描记录表 23.pdf,FACE_SKETCH
bf8c2cee9abfa2e95988037e,CHECKBOX_POSITION,bf8c2cee9abfa2e95988037e,,DyK1016+299.00_伯舒拉岭右线洞身素描记录表 23.pdf,毛开挖面状态,"(225.00022355555558, 190.81999499999998, 294.782508125, 222.499995)",随时间松弛、 掉块√,INLINE_OR_SUFFIX,False,IN_SCOPE,"(225.00022355555558, 190.81999499999998, 294.782508125, 222.499995)",随时间松弛、 掉块√,same_cell_mark,/Users/zhaoxiaoda/Library/CloudStorage/GoogleDrive-xiaodazhao0608@gmail.com/我的云端硬盘/TBM9/SKETCH/DyK1016+299.00_伯舒拉岭右线洞身素描记录表 23.pdf,FACE_SKETCH
bf8c2cee9abfa2e95988037e,CHECKBOX_POSITION,bf8c2cee9abfa2e95988037e,,DyK1016+299.00_伯舒拉岭右线洞身素描记录表 23.pdf,岩石强度,"(294.782508125, 222.499995, 350.8215091836734, 260.06000499999993)",15＜ R≤30√,INLINE_OR_SUFFIX,False,IN_SCOPE,"(294.782508125, 222.499995, 350.8215091836734, 260.06000499999993)",15＜ R≤30√,same_cell_mark,/Users/zhaoxiaoda/Library/CloudStorage/GoogleDrive-xiaodazhao0608@gmail.com/我的云端硬盘/TBM9/SKETCH/DyK1016+299.00_伯舒拉岭右线洞身素描记录表 23.pdf,FACE_SKETCH
bf8c2cee9abfa2e95988037e,CHECKBOX_POSITION,bf8c2cee9abfa2e95988037e,,DyK1016+299.00_伯舒拉岭右线洞身素描记录表 23.pdf,风化程度,"(294.782508125, 260.06000499999993, 350.8215091836734, 276.52999)",弱风化√,INLINE_OR_SUFFIX,False,IN_SCOPE,"(294.782508125, 260.06000499999993, 350.8215091836734, 276.52999)",弱风化√,same_cell_mark,/Users/zhaoxiaoda/Library/CloudStorage/GoogleDrive-xiaodazhao0608@gmail.com/我的云端硬盘/TBM9/SKETCH/DyK1016+299.00_伯舒拉岭右线洞身素描记录表 23.pdf,FACE_SKETCH
bf8c2cee9abfa2e95988037e,CHECKBOX_POSITION,bf8c2cee9abfa2e95988037e,,DyK1016+299.00_伯舒拉岭右线洞身素描记录表 23.pdf,间距,"(294.782508125, 276.52999, 350.8215091836734, 303.65000499999996)",0.2～0.6√,INLINE_OR_SUFFIX,False,IN_SCOPE,"(294.782508125, 276.52999, 350.8215091836734, 303.65000499999996)",0.2～0.6√,same_cell_mark,/Users/zhaoxiaoda/Library/CloudStorage/GoogleDrive-xiaodazhao0608@gmail.com/我的云端硬盘/TBM9/SKETCH/DyK1016+299.00_伯舒拉岭右线洞身素描记录表 23.pdf,FACE_SKETCH
bf8c2cee9abfa2e95988037e,CHECKBOX_POSITION,bf8c2cee9abfa2e95988037e,,DyK1016+299.00_伯舒拉岭右线洞身素描记录表 23.pdf,延伸性,"(294.782508125, 303.65000499999996, 350.8215091836734, 320.5700049999999)",中等√,INLINE_OR_SUFFIX,False,IN_SCOPE,"(294.782508125, 303.65000499999996, 350.8215091836734, 320.5700049999999)",中等√,same_cell_mark,/Users/zhaoxiaoda/Library/CloudStorage/GoogleDrive-xiaodazhao0608@gmail.com/我的云端硬盘/TBM9/SKETCH/DyK1016+299.00_伯舒拉岭右线洞身素描记录表 23.pdf,FACE_SKETCH
bf8c2cee9abfa2e95988037e,CHECKBOX_POSITION,bf8c2cee9abfa2e95988037e,,DyK1016+299.00_伯舒拉岭右线洞身素描记录表 23.pdf,粗糙度,"(294.782508125, 320.5700049999999, 407.0125058333333, 340.12998999999996)",平整光滑有擦痕√,INLINE_OR_SUFFIX,False,IN_SCOPE,"(294.782508125, 320.5700049999999, 407.0125058333333, 340.12998999999996)",平整光滑有擦痕√,same_cell_mark,/Users/zhaoxiaoda/Library/CloudStorage/GoogleDrive-xiaodazhao0608@gmail.com/我的云端硬盘/TBM9/SKETCH/DyK1016+299.00_伯舒拉岭右线洞身素描记录表 23.pdf,FACE_SKETCH
bf8c2cee9abfa2e95988037e,CHECKBOX_POSITION,bf8c2cee9abfa2e95988037e,,DyK1016+299.00_伯舒拉岭右线洞身素描记录表 23.pdf,张开性,"(158.24320219999998, 340.12998999999996, 225.00022355555558, 372.40999)",密闭＜0. 1√,INLINE_OR_SUFFIX,False,IN_SCOPE,"(158.24320219999998, 340.12998999999996, 225.00022355555558, 372.40999)",密闭＜0. 1√,same_cell_mark,/Users/zhaoxiaoda/Library/CloudStorage/GoogleDrive-xiaodazhao0608@gmail.com/我的云端硬盘/TBM9/SKETCH/DyK1016+299.00_伯舒拉岭右线洞身素描记录表 23.pdf,FACE_SKETCH
bf8c2cee9abfa2e95988037e,CHECKBOX_POSITION,bf8c2cee9abfa2e95988037e,,DyK1016+299.00_伯舒拉岭右线洞身素描记录表 23.pdf,岩溶发育程度,"(225.00022355555558, 404.090005, 294.782508125, 420.290005)",无√,INLINE_OR_SUFFIX,False,IN_SCOPE,"(225.00022355555558, 404.090005, 294.782508125, 420.290005)",无√,same_cell_mark,/Users/zhaoxiaoda/Library/CloudStorage/GoogleDrive-xiaodazhao0608@gmail.com/我的云端硬盘/TBM9/SKETCH/DyK1016+299.00_伯舒拉岭右线洞身素描记录表 23.pdf,FACE_SKETCH
252672953554717c3d88b1f1,CHECKBOX_POSITION,252672953554717c3d88b1f1,,DyK1016+329.00_伯舒拉岭右线洞身素描记录表 24.pdf,掌子面状态,"(225.00022355555558, 174.61999500000002, 294.782508125, 190.81999499999998)",正面掉块√,INLINE_OR_SUFFIX,False,IN_SCOPE,"(225.00022355555558, 174.61999500000002, 294.782508125, 190.81999499999998)",正面掉块√,same_cell_mark,/Users/zhaoxiaoda/Library/CloudStorage/GoogleDrive-xiaodazhao0608@gmail.com/我的云端硬盘/TBM9/SKETCH/DyK1016+329.00_伯舒拉岭右线洞身素描记录表 24.pdf,FACE_SKETCH
252672953554717c3d88b1f1,CHECKBOX_POSITION,252672953554717c3d88b1f1,,DyK1016+329.00_伯舒拉岭右线洞身素描记录表 24.pdf,毛开挖面状态,"(225.00022355555558, 190.81999499999998, 294.782508125, 222.499995)",随时间松弛、 掉块√,INLINE_OR_SUFFIX,False,IN_SCOPE,"(225.00022355555558, 190.81999499999998, 294.782508125, 222.499995)",随时间松弛、 掉块√,same_cell_mark,/Users/zhaoxiaoda/Library/CloudStorage/GoogleDrive-xiaodazhao0608@gmail.com/我的云端硬盘/TBM9/SKETCH/DyK1016+329.00_伯舒拉岭右线洞身素描记录表 24.pdf,FACE_SKETCH
252672953554717c3d88b1f1,CHECKBOX_POSITION,252672953554717c3d88b1f1,,DyK1016+329.00_伯舒拉岭右线洞身素描记录表 24.pdf,岩石强度,"(294.782508125, 222.499995, 350.8215091836734, 260.06000499999993)",15＜ R≤30√,INLINE_OR_SUFFIX,False,IN_SCOPE,"(294.782508125, 222.499995, 350.8215091836734, 260.06000499999993)",15＜ R≤30√,same_cell_mark,/Users/zhaoxiaoda/Library/CloudStorage/GoogleDrive-xiaodazhao0608@gmail.com/我的云端硬盘/TBM9/SKETCH/DyK1016+329.00_伯舒拉岭右线洞身素描记录表 24.pdf,FACE_SKETCH
252672953554717c3d88b1f1,CHECKBOX_POSITION,252672953554717c3d88b1f1,,DyK1016+329.00_伯舒拉岭右线洞身素描记录表 24.pdf,风化程度,"(294.782508125, 260.06000499999993, 350.8215091836734, 276.52999)",弱风化√,INLINE_OR_SUFFIX,False,IN_SCOPE,"(294.782508125, 260.06000499999993, 350.8215091836734, 276.52999)",弱风化√,same_cell_mark,/Users/zhaoxiaoda/Library/CloudStorage/GoogleDrive-xiaodazhao0608@gmail.com/我的云端硬盘/TBM9/SKETCH/DyK1016+329.00_伯舒拉岭右线洞身素描记录表 24.pdf,FACE_SKETCH
252672953554717c3d88b1f1,CHECKBOX_POSITION,252672953554717c3d88b1f1,,DyK1016+329.00_伯舒拉岭右线洞身素描记录表 24.pdf,间距,"(294.782508125, 276.52999, 350.8215091836734, 303.65000499999996)",0.2～0.6√,INLINE_OR_SUFFIX,False,IN_SCOPE,"(294.782508125, 276.52999, 350.8215091836734, 303.65000499999996)",0.2～0.6√,same_cell_mark,/Users/zhaoxiaoda/Library/CloudStorage/GoogleDrive-xiaodazhao0608@gmail.com/我的云端硬盘/TBM9/SKETCH/DyK1016+329.00_伯舒拉岭右线洞身素描记录表 24.pdf,FACE_SKETCH
252672953554717c3d88b1f1,CHECKBOX_POSITION,252672953554717c3d88b1f1,,DyK1016+329.00_伯舒拉岭右线洞身素描记录表 24.pdf,延伸性,"(294.782508125, 303.65000499999996, 350.8215091836734, 320.5700049999999)",中等√,INLINE_OR_SUFFIX,False,IN_SCOPE,"(294.782508125, 303.65000499999996, 350.8215091836734, 320.5700049999999)",中等√,same_cell_mark,/Users/zhaoxiaoda/Library/CloudStorage/GoogleDrive-xiaodazhao0608@gmail.com/我的云端硬盘/TBM9/SKETCH/DyK1016+329.00_伯舒拉岭右线洞身素描记录表 24.pdf,FACE_SKETCH
252672953554717c3d88b1f1,CHECKBOX_POSITION,252672953554717c3d88b1f1,,DyK1016+329.00_伯舒拉岭右线洞身素描记录表 24.pdf,粗糙度,"(294.782508125, 320.5700049999999, 407.0125058333333, 340.12998999999996)",平整光滑有擦痕√,INLINE_OR_SUFFIX,False,IN_SCOPE,"(294.782508125, 320.5700049999999, 407.0125058333333, 340.12998999999996)",平整光滑有擦痕√,same_cell_mark,/Users/zhaoxiaoda/Library/CloudStorage/GoogleDrive-xiaodazhao0608@gmail.com/我的云端硬盘/TBM9/SKETCH/DyK1016+329.00_伯舒拉岭右线洞身素描记录表 24.pdf,FACE_SKETCH
252672953554717c3d88b1f1,CHECKBOX_POSITION,252672953554717c3d88b1f1,,DyK1016+329.00_伯舒拉岭右线洞身素描记录表 24.pdf,张开性,"(158.24320219999998, 340.12998999999996, 225.00022355555558, 372.40999)",密闭＜0. 1√,INLINE_OR_SUFFIX,False,IN_SCOPE,"(158.24320219999998, 340.12998999999996, 225.00022355555558, 372.40999)",密闭＜0. 1√,same_cell_mark,/Users/zhaoxiaoda/Library/CloudStorage/GoogleDrive-xiaodazhao0608@gmail.com/我的云端硬盘/TBM9/SKETCH/DyK1016+329.00_伯舒拉岭右线洞身素描记录表 24.pdf,FACE_SKETCH
252672953554717c3d88b1f1,CHECKBOX_POSITION,252672953554717c3d88b1f1,,DyK1016+329.00_伯舒拉岭右线洞身素描记录表 24.pdf,岩溶发育程度,"(225.00022355555558, 404.090005, 294.782508125, 420.290005)",无√,INLINE_OR_SUFFIX,False,IN_SCOPE,"(225.00022355555558, 404.090005, 294.782508125, 420.290005)",无√,same_cell_mark,/Users/zhaoxiaoda/Library/CloudStorage/GoogleDrive-xiaodazhao0608@gmail.com/我的云端硬盘/TBM9/SKETCH/DyK1016+329.00_伯舒拉岭右线洞身素描记录表 24.pdf,FACE_SKETCH
1aac1c7aada4de553783a48e,CHECKBOX_POSITION,1aac1c7aada4de553783a48e,,DyK1016+359.00_伯舒拉岭右线洞身素描记录表 25.pdf,掌子面状态,"(225.00022355555558, 174.61999500000002, 294.782508125, 190.81999499999998)",正面掉块√,INLINE_OR_SUFFIX,False,IN_SCOPE,"(225.00022355555558, 174.61999500000002, 294.782508125, 190.81999499999998)",正面掉块√,same_cell_mark,/Users/zhaoxiaoda/Library/CloudStorage/GoogleDrive-xiaodazhao0608@gmail.com/我的云端硬盘/TBM9/SKETCH/DyK1016+359.00_伯舒拉岭右线洞身素描记录表 25.pdf,FACE_SKETCH
1aac1c7aada4de553783a48e,CHECKBOX_POSITION,1aac1c7aada4de553783a48e,,DyK1016+359.00_伯舒拉岭右线洞身素描记录表 25.pdf,毛开挖面状态,"(225.00022355555558, 190.81999499999998, 294.782508125, 222.499995)",随时间松弛、 掉块√,INLINE_OR_SUFFIX,False,IN_SCOPE,"(225.00022355555558, 190.81999499999998, 294.782508125, 222.499995)",随时间松弛、 掉块√,same_cell_mark,/Users/zhaoxiaoda/Library/CloudStorage/GoogleDrive-xiaodazhao0608@gmail.com/我的云端硬盘/TBM9/SKETCH/DyK1016+359.00_伯舒拉岭右线洞身素描记录表 25.pdf,FACE_SKETCH
1aac1c7aada4de553783a48e,CHECKBOX_POSITION,1aac1c7aada4de553783a48e,,DyK1016+359.00_伯舒拉岭右线洞身素描记录表 25.pdf,岩石强度,"(294.782508125, 222.499995, 350.8215091836734, 260.06000499999993)",15＜ R≤30√,INLINE_OR_SUFFIX,False,IN_SCOPE,"(294.782508125, 222.499995, 350.8215091836734, 260.06000499999993)",15＜ R≤30√,same_cell_mark,/Users/zhaoxiaoda/Library/CloudStorage/GoogleDrive-xiaodazhao0608@gmail.com/我的云端硬盘/TBM9/SKETCH/DyK1016+359.00_伯舒拉岭右线洞身素描记录表 25.pdf,FACE_SKETCH
1aac1c7aada4de553783a48e,CHECKBOX_POSITION,1aac1c7aada4de553783a48e,,DyK1016+359.00_伯舒拉岭右线洞身素描记录表 25.pdf,风化程度,"(294.782508125, 260.06000499999993, 350.8215091836734, 276.52999)",弱风化√,INLINE_OR_SUFFIX,False,IN_SCOPE,"(294.782508125, 260.06000499999993, 350.8215091836734, 276.52999)",弱风化√,same_cell_mark,/Users/zhaoxiaoda/Library/CloudStorage/GoogleDrive-xiaodazhao0608@gmail.com/我的云端硬盘/TBM9/SKETCH/DyK1016+359.00_伯舒拉岭右线洞身素描记录表 25.pdf,FACE_SKETCH
1aac1c7aada4de553783a48e,CHECKBOX_POSITION,1aac1c7aada4de553783a48e,,DyK1016+359.00_伯舒拉岭右线洞身素描记录表 25.pdf,间距,"(294.782508125, 276.52999, 350.8215091836734, 303.65000499999996)",0.2～0.6√,INLINE_OR_SUFFIX,False,IN_SCOPE,"(294.782508125, 276.52999, 350.8215091836734, 303.65000499999996)",0.2～0.6√,same_cell_mark,/Users/zhaoxiaoda/Library/CloudStorage/GoogleDrive-xiaodazhao0608@gmail.com/我的云端硬盘/TBM9/SKETCH/DyK1016+359.00_伯舒拉岭右线洞身素描记录表 25.pdf,FACE_SKETCH
1aac1c7aada4de553783a48e,CHECKBOX_POSITION,1aac1c7aada4de553783a48e,,DyK1016+359.00_伯舒拉岭右线洞身素描记录表 25.pdf,延伸性,"(294.782508125, 303.65000499999996, 350.8215091836734, 320.5700049999999)",中等√,INLINE_OR_SUFFIX,False,IN_SCOPE,"(294.782508125, 303.65000499999996, 350.8215091836734, 320.5700049999999)",中等√,same_cell_mark,/Users/zhaoxiaoda/Library/CloudStorage/GoogleDrive-xiaodazhao0608@gmail.com/我的云端硬盘/TBM9/SKETCH/DyK1016+359.00_伯舒拉岭右线洞身素描记录表 25.pdf,FACE_SKETCH
1aac1c7aada4de553783a48e,CHECKBOX_POSITION,1aac1c7aada4de553783a48e,,DyK1016+359.00_伯舒拉岭右线洞身素描记录表 25.pdf,粗糙度,"(294.782508125, 320.5700049999999, 407.0125058333333, 340.12998999999996)",平整光滑有擦痕√,INLINE_OR_SUFFIX,False,IN_SCOPE,"(294.782508125, 320.5700049999999, 407.0125058333333, 340.12998999999996)",平整光滑有擦痕√,same_cell_mark,/Users/zhaoxiaoda/Library/CloudStorage/GoogleDrive-xiaodazhao0608@gmail.com/我的云端硬盘/TBM9/SKETCH/DyK1016+359.00_伯舒拉岭右线洞身素描记录表 25.pdf,FACE_SKETCH
1aac1c7aada4de553783a48e,CHECKBOX_POSITION,1aac1c7aada4de553783a48e,,DyK1016+359.00_伯舒拉岭右线洞身素描记录表 25.pdf,张开性,"(158.24320219999998, 340.12998999999996, 225.00022355555558, 372.40999)",密闭＜0. 1√,INLINE_OR_SUFFIX,False,IN_SCOPE,"(158.24320219999998, 340.12998999999996, 225.00022355555558, 372.40999)",密闭＜0. 1√,same_cell_mark,/Users/zhaoxiaoda/Library/CloudStorage/GoogleDrive-xiaodazhao0608@gmail.com/我的云端硬盘/TBM9/SKETCH/DyK1016+359.00_伯舒拉岭右线洞身素描记录表 25.pdf,FACE_SKETCH
1aac1c7aada4de553783a48e,CHECKBOX_POSITION,1aac1c7aada4de553783a48e,,DyK1016+359.00_伯舒拉岭右线洞身素描记录表 25.pdf,岩溶发育程度,"(225.00022355555558, 404.090005, 294.782508125, 420.290005)",无√,INLINE_OR_SUFFIX,False,IN_SCOPE,"(225.00022355555558, 404.090005, 294.782508125, 420.290005)",无√,same_cell_mark,/Users/zhaoxiaoda/Library/CloudStorage/GoogleDrive-xiaodazhao0608@gmail.com/我的云端硬盘/TBM9/SKETCH/DyK1016+359.00_伯舒拉岭右线洞身素描记录表 25.pdf,FACE_SKETCH
e95bf7649e33a83630b86171,CHECKBOX_POSITION,e95bf7649e33a83630b86171,,DyK1016+389.00_伯舒拉岭右线洞身素描记录表 26.pdf,掌子面状态,"(225.00022355555558, 174.61999500000002, 294.782508125, 190.81999499999998)",正面掉块√,INLINE_OR_SUFFIX,False,IN_SCOPE,"(225.00022355555558, 174.61999500000002, 294.782508125, 190.81999499999998)",正面掉块√,same_cell_mark,/Users/zhaoxiaoda/Library/CloudStorage/GoogleDrive-xiaodazhao0608@gmail.com/我的云端硬盘/TBM9/SKETCH/DyK1016+389.00_伯舒拉岭右线洞身素描记录表 26.pdf,FACE_SKETCH
e95bf7649e33a83630b86171,CHECKBOX_POSITION,e95bf7649e33a83630b86171,,DyK1016+389.00_伯舒拉岭右线洞身素描记录表 26.pdf,毛开挖面状态,"(225.00022355555558, 190.81999499999998, 294.782508125, 222.499995)",随时间松弛、 掉块√,INLINE_OR_SUFFIX,False,IN_SCOPE,"(225.00022355555558, 190.81999499999998, 294.782508125, 222.499995)",随时间松弛、 掉块√,same_cell_mark,/Users/zhaoxiaoda/Library/CloudStorage/GoogleDrive-xiaodazhao0608@gmail.com/我的云端硬盘/TBM9/SKETCH/DyK1016+389.00_伯舒拉岭右线洞身素描记录表 26.pdf,FACE_SKETCH
e95bf7649e33a83630b86171,CHECKBOX_POSITION,e95bf7649e33a83630b86171,,DyK1016+389.00_伯舒拉岭右线洞身素描记录表 26.pdf,岩石强度,"(294.782508125, 222.499995, 350.8215091836734, 260.06000499999993)",15＜ R≤30√,INLINE_OR_SUFFIX,False,IN_SCOPE,"(294.782508125, 222.499995, 350.8215091836734, 260.06000499999993)",15＜ R≤30√,same_cell_mark,/Users/zhaoxiaoda/Library/CloudStorage/GoogleDrive-xiaodazhao0608@gmail.com/我的云端硬盘/TBM9/SKETCH/DyK1016+389.00_伯舒拉岭右线洞身素描记录表 26.pdf,FACE_SKETCH
e95bf7649e33a83630b86171,CHECKBOX_POSITION,e95bf7649e33a83630b86171,,DyK1016+389.00_伯舒拉岭右线洞身素描记录表 26.pdf,风化程度,"(294.782508125, 260.06000499999993, 350.8215091836734, 276.52999)",弱风化√,INLINE_OR_SUFFIX,False,IN_SCOPE,"(294.782508125, 260.06000499999993, 350.8215091836734, 276.52999)",弱风化√,same_cell_mark,/Users/zhaoxiaoda/Library/CloudStorage/GoogleDrive-xiaodazhao0608@gmail.com/我的云端硬盘/TBM9/SKETCH/DyK1016+389.00_伯舒拉岭右线洞身素描记录表 26.pdf,FACE_SKETCH
e95bf7649e33a83630b86171,CHECKBOX_POSITION,e95bf7649e33a83630b86171,,DyK1016+389.00_伯舒拉岭右线洞身素描记录表 26.pdf,间距,"(294.782508125, 276.52999, 350.8215091836734, 303.65000499999996)",0.2～0.6√,INLINE_OR_SUFFIX,False,IN_SCOPE,"(294.782508125, 276.52999, 350.8215091836734, 303.65000499999996)",0.2～0.6√,same_cell_mark,/Users/zhaoxiaoda/Library/CloudStorage/GoogleDrive-xiaodazhao0608@gmail.com/我的云端硬盘/TBM9/SKETCH/DyK1016+389.00_伯舒拉岭右线洞身素描记录表 26.pdf,FACE_SKETCH
e95bf7649e33a83630b86171,CHECKBOX_POSITION,e95bf7649e33a83630b86171,,DyK1016+389.00_伯舒拉岭右线洞身素描记录表 26.pdf,延伸性,"(294.782508125, 303.65000499999996, 350.8215091836734, 320.5700049999999)",中等√,INLINE_OR_SUFFIX,False,IN_SCOPE,"(294.782508125, 303.65000499999996, 350.8215091836734, 320.5700049999999)",中等√,same_cell_mark,/Users/zhaoxiaoda/Library/CloudStorage/GoogleDrive-xiaodazhao0608@gmail.com/我的云端硬盘/TBM9/SKETCH/DyK1016+389.00_伯舒拉岭右线洞身素描记录表 26.pdf,FACE_SKETCH
e95bf7649e33a83630b86171,CHECKBOX_POSITION,e95bf7649e33a83630b86171,,DyK1016+389.00_伯舒拉岭右线洞身素描记录表 26.pdf,粗糙度,"(294.782508125, 320.5700049999999, 407.0125058333333, 340.12998999999996)",平整光滑有擦痕√,INLINE_OR_SUFFIX,False,IN_SCOPE,"(294.782508125, 320.5700049999999, 407.0125058333333, 340.12998999999996)",平整光滑有擦痕√,same_cell_mark,/Users/zhaoxiaoda/Library/CloudStorage/GoogleDrive-xiaodazhao0608@gmail.com/我的云端硬盘/TBM9/SKETCH/DyK1016+389.00_伯舒拉岭右线洞身素描记录表 26.pdf,FACE_SKETCH
e95bf7649e33a83630b86171,CHECKBOX_POSITION,e95bf7649e33a83630b86171,,DyK1016+389.00_伯舒拉岭右线洞身素描记录表 26.pdf,张开性,"(158.24320219999998, 340.12998999999996, 225.00022355555558, 372.40999)",密闭＜0. 1√,INLINE_OR_SUFFIX,False,IN_SCOPE,"(158.24320219999998, 340.12998999999996, 225.00022355555558, 372.40999)",密闭＜0. 1√,same_cell_mark,/Users/zhaoxiaoda/Library/CloudStorage/GoogleDrive-xiaodazhao0608@gmail.com/我的云端硬盘/TBM9/SKETCH/DyK1016+389.00_伯舒拉岭右线洞身素描记录表 26.pdf,FACE_SKETCH
e95bf7649e33a83630b86171,CHECKBOX_POSITION,e95bf7649e33a83630b86171,,DyK1016+389.00_伯舒拉岭右线洞身素描记录表 26.pdf,岩溶发育程度,"(225.00022355555558, 404.090005, 294.782508125, 420.290005)",无√,INLINE_OR_SUFFIX,False,IN_SCOPE,"(225.00022355555558, 404.090005, 294.782508125, 420.290005)",无√,same_cell_mark,/Users/zhaoxiaoda/Library/CloudStorage/GoogleDrive-xiaodazhao0608@gmail.com/我的云端硬盘/TBM9/SKETCH/DyK1016+389.00_伯舒拉岭右线洞身素描记录表 26.pdf,FACE_SKETCH
3e9776d91cb9a0ef504ce1de,CHECKBOX_POSITION,3e9776d91cb9a0ef504ce1de,,DyK1016+419.00_伯舒拉岭右线洞身素描记录表 27.pdf,掌子面状态,"(225.00022355555558, 174.61999500000002, 294.782508125, 190.81999499999998)",正面掉块√,INLINE_OR_SUFFIX,False,IN_SCOPE,"(225.00022355555558, 174.61999500000002, 294.782508125, 190.81999499999998)",正面掉块√,same_cell_mark,/Users/zhaoxiaoda/Library/CloudStorage/GoogleDrive-xiaodazhao0608@gmail.com/我的云端硬盘/TBM9/SKETCH/DyK1016+419.00_伯舒拉岭右线洞身素描记录表 27.pdf,FACE_SKETCH
3e9776d91cb9a0ef504ce1de,CHECKBOX_POSITION,3e9776d91cb9a0ef504ce1de,,DyK1016+419.00_伯舒拉岭右线洞身素描记录表 27.pdf,毛开挖面状态,"(225.00022355555558, 190.81999499999998, 294.782508125, 222.499995)",随时间松弛、 掉块√,INLINE_OR_SUFFIX,False,IN_SCOPE,"(225.00022355555558, 190.81999499999998, 294.782508125, 222.499995)",随时间松弛、 掉块√,same_cell_mark,/Users/zhaoxiaoda/Library/CloudStorage/GoogleDrive-xiaodazhao0608@gmail.com/我的云端硬盘/TBM9/SKETCH/DyK1016+419.00_伯舒拉岭右线洞身素描记录表 27.pdf,FACE_SKETCH
3e9776d91cb9a0ef504ce1de,CHECKBOX_POSITION,3e9776d91cb9a0ef504ce1de,,DyK1016+419.00_伯舒拉岭右线洞身素描记录表 27.pdf,岩石强度,"(294.782508125, 222.499995, 350.8215091836734, 260.06000499999993)",15＜ R≤30√,INLINE_OR_SUFFIX,False,IN_SCOPE,"(294.782508125, 222.499995, 350.8215091836734, 260.06000499999993)",15＜ R≤30√,same_cell_mark,/Users/zhaoxiaoda/Library/CloudStorage/GoogleDrive-xiaodazhao0608@gmail.com/我的云端硬盘/TBM9/SKETCH/DyK1016+419.00_伯舒拉岭右线洞身素描记录表 27.pdf,FACE_SKETCH
3e9776d91cb9a0ef504ce1de,CHECKBOX_POSITION,3e9776d91cb9a0ef504ce1de,,DyK1016+419.00_伯舒拉岭右线洞身素描记录表 27.pdf,风化程度,"(294.782508125, 260.06000499999993, 350.8215091836734, 276.52999)",弱风化√,INLINE_OR_SUFFIX,False,IN_SCOPE,"(294.782508125, 260.06000499999993, 350.8215091836734, 276.52999)",弱风化√,same_cell_mark,/Users/zhaoxiaoda/Library/CloudStorage/GoogleDrive-xiaodazhao0608@gmail.com/我的云端硬盘/TBM9/SKETCH/DyK1016+419.00_伯舒拉岭右线洞身素描记录表 27.pdf,FACE_SKETCH
3e9776d91cb9a0ef504ce1de,CHECKBOX_POSITION,3e9776d91cb9a0ef504ce1de,,DyK1016+419.00_伯舒拉岭右线洞身素描记录表 27.pdf,间距,"(294.782508125, 276.52999, 350.8215091836734, 303.65000499999996)",0.2～0.6√,INLINE_OR_SUFFIX,False,IN_SCOPE,"(294.782508125, 276.52999, 350.8215091836734, 303.65000499999996)",0.2～0.6√,same_cell_mark,/Users/zhaoxiaoda/Library/CloudStorage/GoogleDrive-xiaodazhao0608@gmail.com/我的云端硬盘/TBM9/SKETCH/DyK1016+419.00_伯舒拉岭右线洞身素描记录表 27.pdf,FACE_SKETCH
3e9776d91cb9a0ef504ce1de,CHECKBOX_POSITION,3e9776d91cb9a0ef504ce1de,,DyK1016+419.00_伯舒拉岭右线洞身素描记录表 27.pdf,延伸性,"(294.782508125, 303.65000499999996, 350.8215091836734, 320.5700049999999)",中等√,INLINE_OR_SUFFIX,False,IN_SCOPE,"(294.782508125, 303.65000499999996, 350.8215091836734, 320.5700049999999)",中等√,same_cell_mark,/Users/zhaoxiaoda/Library/CloudStorage/GoogleDrive-xiaodazhao0608@gmail.com/我的云端硬盘/TBM9/SKETCH/DyK1016+419.00_伯舒拉岭右线洞身素描记录表 27.pdf,FACE_SKETCH
3e9776d91cb9a0ef504ce1de,CHECKBOX_POSITION,3e9776d91cb9a0ef504ce1de,,DyK1016+419.00_伯舒拉岭右线洞身素描记录表 27.pdf,粗糙度,"(294.782508125, 320.5700049999999, 407.0125058333333, 340.12998999999996)",平整光滑有擦痕√,INLINE_OR_SUFFIX,False,IN_SCOPE,"(294.782508125, 320.5700049999999, 407.0125058333333, 340.12998999999996)",平整光滑有擦痕√,same_cell_mark,/Users/zhaoxiaoda/Library/CloudStorage/GoogleDrive-xiaodazhao0608@gmail.com/我的云端硬盘/TBM9/SKETCH/DyK1016+419.00_伯舒拉岭右线洞身素描记录表 27.pdf,FACE_SKETCH
3e9776d91cb9a0ef504ce1de,CHECKBOX_POSITION,3e9776d91cb9a0ef504ce1de,,DyK1016+419.00_伯舒拉岭右线洞身素描记录表 27.pdf,张开性,"(158.24320219999998, 340.12998999999996, 225.00022355555558, 372.40999)",密闭＜0. 1√,INLINE_OR_SUFFIX,False,IN_SCOPE,"(158.24320219999998, 340.12998999999996, 225.00022355555558, 372.40999)",密闭＜0. 1√,same_cell_mark,/Users/zhaoxiaoda/Library/CloudStorage/GoogleDrive-xiaodazhao0608@gmail.com/我的云端硬盘/TBM9/SKETCH/DyK1016+419.00_伯舒拉岭右线洞身素描记录表 27.pdf,FACE_SKETCH
3e9776d91cb9a0ef504ce1de,CHECKBOX_POSITION,3e9776d91cb9a0ef504ce1de,,DyK1016+419.00_伯舒拉岭右线洞身素描记录表 27.pdf,岩溶发育程度,"(225.00022355555558, 404.090005, 294.782508125, 420.290005)",无√,INLINE_OR_SUFFIX,False,IN_SCOPE,"(225.00022355555558, 404.090005, 294.782508125, 420.290005)",无√,same_cell_mark,/Users/zhaoxiaoda/Library/CloudStorage/GoogleDrive-xiaodazhao0608@gmail.com/我的云端硬盘/TBM9/SKETCH/DyK1016+419.00_伯舒拉岭右线洞身素描记录表 27.pdf,FACE_SKETCH
3d3a0f082f250529aeb189bb,CHECKBOX_POSITION,3d3a0f082f250529aeb189bb,,DyK1016+449.00_伯舒拉岭右线洞身素描记录表 28.pdf,掌子面状态,"(225.00022355555558, 174.61999500000002, 294.782508125, 190.81999499999998)",正面掉块√,INLINE_OR_SUFFIX,False,IN_SCOPE,"(225.00022355555558, 174.61999500000002, 294.782508125, 190.81999499999998)",正面掉块√,same_cell_mark,/Users/zhaoxiaoda/Library/CloudStorage/GoogleDrive-xiaodazhao0608@gmail.com/我的云端硬盘/TBM9/SKETCH/DyK1016+449.00_伯舒拉岭右线洞身素描记录表 28.pdf,FACE_SKETCH
3d3a0f082f250529aeb189bb,CHECKBOX_POSITION,3d3a0f082f250529aeb189bb,,DyK1016+449.00_伯舒拉岭右线洞身素描记录表 28.pdf,毛开挖面状态,"(225.00022355555558, 190.81999499999998, 294.782508125, 222.499995)",随时间松弛、 掉块√,INLINE_OR_SUFFIX,False,IN_SCOPE,"(225.00022355555558, 190.81999499999998, 294.782508125, 222.499995)",随时间松弛、 掉块√,same_cell_mark,/Users/zhaoxiaoda/Library/CloudStorage/GoogleDrive-xiaodazhao0608@gmail.com/我的云端硬盘/TBM9/SKETCH/DyK1016+449.00_伯舒拉岭右线洞身素描记录表 28.pdf,FACE_SKETCH
3d3a0f082f250529aeb189bb,CHECKBOX_POSITION,3d3a0f082f250529aeb189bb,,DyK1016+449.00_伯舒拉岭右线洞身素描记录表 28.pdf,岩石强度,"(294.782508125, 222.499995, 350.8215091836734, 260.06000499999993)",15＜ R≤30√,INLINE_OR_SUFFIX,False,IN_SCOPE,"(294.782508125, 222.499995, 350.8215091836734, 260.06000499999993)",15＜ R≤30√,same_cell_mark,/Users/zhaoxiaoda/Library/CloudStorage/GoogleDrive-xiaodazhao0608@gmail.com/我的云端硬盘/TBM9/SKETCH/DyK1016+449.00_伯舒拉岭右线洞身素描记录表 28.pdf,FACE_SKETCH
3d3a0f082f250529aeb189bb,CHECKBOX_POSITION,3d3a0f082f250529aeb189bb,,DyK1016+449.00_伯舒拉岭右线洞身素描记录表 28.pdf,风化程度,"(294.782508125, 260.06000499999993, 350.8215091836734, 276.52999)",弱风化√,INLINE_OR_SUFFIX,False,IN_SCOPE,"(294.782508125, 260.06000499999993, 350.8215091836734, 276.52999)",弱风化√,same_cell_mark,/Users/zhaoxiaoda/Library/CloudStorage/GoogleDrive-xiaodazhao0608@gmail.com/我的云端硬盘/TBM9/SKETCH/DyK1016+449.00_伯舒拉岭右线洞身素描记录表 28.pdf,FACE_SKETCH
3d3a0f082f250529aeb189bb,CHECKBOX_POSITION,3d3a0f082f250529aeb189bb,,DyK1016+449.00_伯舒拉岭右线洞身素描记录表 28.pdf,间距,"(294.782508125, 276.52999, 350.8215091836734, 303.65000499999996)",0.2～0.6√,INLINE_OR_SUFFIX,False,IN_SCOPE,"(294.782508125, 276.52999, 350.8215091836734, 303.65000499999996)",0.2～0.6√,same_cell_mark,/Users/zhaoxiaoda/Library/CloudStorage/GoogleDrive-xiaodazhao0608@gmail.com/我的云端硬盘/TBM9/SKETCH/DyK1016+449.00_伯舒拉岭右线洞身素描记录表 28.pdf,FACE_SKETCH
3d3a0f082f250529aeb189bb,CHECKBOX_POSITION,3d3a0f082f250529aeb189bb,,DyK1016+449.00_伯舒拉岭右线洞身素描记录表 28.pdf,延伸性,"(294.782508125, 303.65000499999996, 350.8215091836734, 320.5700049999999)",中等√,INLINE_OR_SUFFIX,False,IN_SCOPE,"(294.782508125, 303.65000499999996, 350.8215091836734, 320.5700049999999)",中等√,same_cell_mark,/Users/zhaoxiaoda/Library/CloudStorage/GoogleDrive-xiaodazhao0608@gmail.com/我的云端硬盘/TBM9/SKETCH/DyK1016+449.00_伯舒拉岭右线洞身素描记录表 28.pdf,FACE_SKETCH
3d3a0f082f250529aeb189bb,CHECKBOX_POSITION,3d3a0f082f250529aeb189bb,,DyK1016+449.00_伯舒拉岭右线洞身素描记录表 28.pdf,粗糙度,"(294.782508125, 320.5700049999999, 407.0125058333333, 340.12998999999996)",平整光滑有擦痕√,INLINE_OR_SUFFIX,False,IN_SCOPE,"(294.782508125, 320.5700049999999, 407.0125058333333, 340.12998999999996)",平整光滑有擦痕√,same_cell_mark,/Users/zhaoxiaoda/Library/CloudStorage/GoogleDrive-xiaodazhao0608@gmail.com/我的云端硬盘/TBM9/SKETCH/DyK1016+449.00_伯舒拉岭右线洞身素描记录表 28.pdf,FACE_SKETCH
3d3a0f082f250529aeb189bb,CHECKBOX_POSITION,3d3a0f082f250529aeb189bb,,DyK1016+449.00_伯舒拉岭右线洞身素描记录表 28.pdf,张开性,"(158.24320219999998, 340.12998999999996, 225.00022355555558, 372.40999)",密闭＜0. 1√,INLINE_OR_SUFFIX,False,IN_SCOPE,"(158.24320219999998, 340.12998999999996, 225.00022355555558, 372.40999)",密闭＜0. 1√,same_cell_mark,/Users/zhaoxiaoda/Library/CloudStorage/GoogleDrive-xiaodazhao0608@gmail.com/我的云端硬盘/TBM9/SKETCH/DyK1016+449.00_伯舒拉岭右线洞身素描记录表 28.pdf,FACE_SKETCH
3d3a0f082f250529aeb189bb,CHECKBOX_POSITION,3d3a0f082f250529aeb189bb,,DyK1016+449.00_伯舒拉岭右线洞身素描记录表 28.pdf,岩溶发育程度,"(225.00022355555558, 404.090005, 294.782508125, 420.290005)",无√,INLINE_OR_SUFFIX,False,IN_SCOPE,"(225.00022355555558, 404.090005, 294.782508125, 420.290005)",无√,same_cell_mark,/Users/zhaoxiaoda/Library/CloudStorage/GoogleDrive-xiaodazhao0608@gmail.com/我的云端硬盘/TBM9/SKETCH/DyK1016+449.00_伯舒拉岭右线洞身素描记录表 28.pdf,FACE_SKETCH
a741eef2dd324195a6fd8d85,CHECKBOX_POSITION,a741eef2dd324195a6fd8d85,,DyK1016+479.00_伯舒拉岭右线洞身素描记录表 29.pdf,掌子面状态,"(225.00022355555558, 174.61999500000002, 294.782508125, 190.81999499999998)",正面掉块√,INLINE_OR_SUFFIX,False,IN_SCOPE,"(225.00022355555558, 174.61999500000002, 294.782508125, 190.81999499999998)",正面掉块√,same_cell_mark,/Users/zhaoxiaoda/Library/CloudStorage/GoogleDrive-xiaodazhao0608@gmail.com/我的云端硬盘/TBM9/SKETCH/DyK1016+479.00_伯舒拉岭右线洞身素描记录表 29.pdf,FACE_SKETCH
a741eef2dd324195a6fd8d85,CHECKBOX_POSITION,a741eef2dd324195a6fd8d85,,DyK1016+479.00_伯舒拉岭右线洞身素描记录表 29.pdf,毛开挖面状态,"(225.00022355555558, 190.81999499999998, 294.782508125, 222.499995)",随时间松弛、 掉块√,INLINE_OR_SUFFIX,False,IN_SCOPE,"(225.00022355555558, 190.81999499999998, 294.782508125, 222.499995)",随时间松弛、 掉块√,same_cell_mark,/Users/zhaoxiaoda/Library/CloudStorage/GoogleDrive-xiaodazhao0608@gmail.com/我的云端硬盘/TBM9/SKETCH/DyK1016+479.00_伯舒拉岭右线洞身素描记录表 29.pdf,FACE_SKETCH
a741eef2dd324195a6fd8d85,CHECKBOX_POSITION,a741eef2dd324195a6fd8d85,,DyK1016+479.00_伯舒拉岭右线洞身素描记录表 29.pdf,岩石强度,"(294.782508125, 222.499995, 350.8215091836734, 260.06000499999993)",15＜ R≤30√,INLINE_OR_SUFFIX,False,IN_SCOPE,"(294.782508125, 222.499995, 350.8215091836734, 260.06000499999993)",15＜ R≤30√,same_cell_mark,/Users/zhaoxiaoda/Library/CloudStorage/GoogleDrive-xiaodazhao0608@gmail.com/我的云端硬盘/TBM9/SKETCH/DyK1016+479.00_伯舒拉岭右线洞身素描记录表 29.pdf,FACE_SKETCH
a741eef2dd324195a6fd8d85,CHECKBOX_POSITION,a741eef2dd324195a6fd8d85,,DyK1016+479.00_伯舒拉岭右线洞身素描记录表 29.pdf,风化程度,"(294.782508125, 260.06000499999993, 350.8215091836734, 276.52999)",弱风化√,INLINE_OR_SUFFIX,False,IN_SCOPE,"(294.782508125, 260.06000499999993, 350.8215091836734, 276.52999)",弱风化√,same_cell_mark,/Users/zhaoxiaoda/Library/CloudStorage/GoogleDrive-xiaodazhao0608@gmail.com/我的云端硬盘/TBM9/SKETCH/DyK1016+479.00_伯舒拉岭右线洞身素描记录表 29.pdf,FACE_SKETCH
a741eef2dd324195a6fd8d85,CHECKBOX_POSITION,a741eef2dd324195a6fd8d85,,DyK1016+479.00_伯舒拉岭右线洞身素描记录表 29.pdf,间距,"(294.782508125, 276.52999, 350.8215091836734, 303.65000499999996)",0.2～0.6√,INLINE_OR_SUFFIX,False,IN_SCOPE,"(294.782508125, 276.52999, 350.8215091836734, 303.65000499999996)",0.2～0.6√,same_cell_mark,/Users/zhaoxiaoda/Library/CloudStorage/GoogleDrive-xiaodazhao0608@gmail.com/我的云端硬盘/TBM9/SKETCH/DyK1016+479.00_伯舒拉岭右线洞身素描记录表 29.pdf,FACE_SKETCH
a741eef2dd324195a6fd8d85,CHECKBOX_POSITION,a741eef2dd324195a6fd8d85,,DyK1016+479.00_伯舒拉岭右线洞身素描记录表 29.pdf,延伸性,"(294.782508125, 303.65000499999996, 350.8215091836734, 320.5700049999999)",中等√,INLINE_OR_SUFFIX,False,IN_SCOPE,"(294.782508125, 303.65000499999996, 350.8215091836734, 320.5700049999999)",中等√,same_cell_mark,/Users/zhaoxiaoda/Library/CloudStorage/GoogleDrive-xiaodazhao0608@gmail.com/我的云端硬盘/TBM9/SKETCH/DyK1016+479.00_伯舒拉岭右线洞身素描记录表 29.pdf,FACE_SKETCH
a741eef2dd324195a6fd8d85,CHECKBOX_POSITION,a741eef2dd324195a6fd8d85,,DyK1016+479.00_伯舒拉岭右线洞身素描记录表 29.pdf,粗糙度,"(294.782508125, 320.5700049999999, 407.0125058333333, 340.12998999999996)",平整光滑有擦痕√,INLINE_OR_SUFFIX,False,IN_SCOPE,"(294.782508125, 320.5700049999999, 407.0125058333333, 340.12998999999996)",平整光滑有擦痕√,same_cell_mark,/Users/zhaoxiaoda/Library/CloudStorage/GoogleDrive-xiaodazhao0608@gmail.com/我的云端硬盘/TBM9/SKETCH/DyK1016+479.00_伯舒拉岭右线洞身素描记录表 29.pdf,FACE_SKETCH
a741eef2dd324195a6fd8d85,CHECKBOX_POSITION,a741eef2dd324195a6fd8d85,,DyK1016+479.00_伯舒拉岭右线洞身素描记录表 29.pdf,张开性,"(158.24320219999998, 340.12998999999996, 225.00022355555558, 372.40999)",密闭＜0. 1√,INLINE_OR_SUFFIX,False,IN_SCOPE,"(158.24320219999998, 340.12998999999996, 225.00022355555558, 372.40999)",密闭＜0. 1√,same_cell_mark,/Users/zhaoxiaoda/Library/CloudStorage/GoogleDrive-xiaodazhao0608@gmail.com/我的云端硬盘/TBM9/SKETCH/DyK1016+479.00_伯舒拉岭右线洞身素描记录表 29.pdf,FACE_SKETCH
a741eef2dd324195a6fd8d85,CHECKBOX_POSITION,a741eef2dd324195a6fd8d85,,DyK1016+479.00_伯舒拉岭右线洞身素描记录表 29.pdf,岩溶发育程度,"(225.00022355555558, 404.090005, 294.782508125, 420.290005)",无√,INLINE_OR_SUFFIX,False,IN_SCOPE,"(225.00022355555558, 404.090005, 294.782508125, 420.290005)",无√,same_cell_mark,/Users/zhaoxiaoda/Library/CloudStorage/GoogleDrive-xiaodazhao0608@gmail.com/我的云端硬盘/TBM9/SKETCH/DyK1016+479.00_伯舒拉岭右线洞身素描记录表 29.pdf,FACE_SKETCH
ab72a15766eaabde79d3c49e,CHECKBOX_POSITION,ab72a15766eaabde79d3c49e,,DyK1016+509.00_伯舒拉岭右线洞身素描记录表 30.pdf,掌子面状态,"(225.00022355555558, 174.61999500000002, 294.782508125, 190.81999499999998)",正面掉块√,INLINE_OR_SUFFIX,False,IN_SCOPE,"(225.00022355555558, 174.61999500000002, 294.782508125, 190.81999499999998)",正面掉块√,same_cell_mark,/Users/zhaoxiaoda/Library/CloudStorage/GoogleDrive-xiaodazhao0608@gmail.com/我的云端硬盘/TBM9/SKETCH/DyK1016+509.00_伯舒拉岭右线洞身素描记录表 30.pdf,FACE_SKETCH
ab72a15766eaabde79d3c49e,CHECKBOX_POSITION,ab72a15766eaabde79d3c49e,,DyK1016+509.00_伯舒拉岭右线洞身素描记录表 30.pdf,毛开挖面状态,"(225.00022355555558, 190.81999499999998, 294.782508125, 222.499995)",随时间松弛、 掉块√,INLINE_OR_SUFFIX,False,IN_SCOPE,"(225.00022355555558, 190.81999499999998, 294.782508125, 222.499995)",随时间松弛、 掉块√,same_cell_mark,/Users/zhaoxiaoda/Library/CloudStorage/GoogleDrive-xiaodazhao0608@gmail.com/我的云端硬盘/TBM9/SKETCH/DyK1016+509.00_伯舒拉岭右线洞身素描记录表 30.pdf,FACE_SKETCH
ab72a15766eaabde79d3c49e,CHECKBOX_POSITION,ab72a15766eaabde79d3c49e,,DyK1016+509.00_伯舒拉岭右线洞身素描记录表 30.pdf,岩石强度,"(294.782508125, 222.499995, 350.8215091836734, 260.06000499999993)",15＜ R≤30√,INLINE_OR_SUFFIX,False,IN_SCOPE,"(294.782508125, 222.499995, 350.8215091836734, 260.06000499999993)",15＜ R≤30√,same_cell_mark,/Users/zhaoxiaoda/Library/CloudStorage/GoogleDrive-xiaodazhao0608@gmail.com/我的云端硬盘/TBM9/SKETCH/DyK1016+509.00_伯舒拉岭右线洞身素描记录表 30.pdf,FACE_SKETCH
ab72a15766eaabde79d3c49e,CHECKBOX_POSITION,ab72a15766eaabde79d3c49e,,DyK1016+509.00_伯舒拉岭右线洞身素描记录表 30.pdf,风化程度,"(294.782508125, 260.06000499999993, 350.8215091836734, 276.52999)",弱风化√,INLINE_OR_SUFFIX,False,IN_SCOPE,"(294.782508125, 260.06000499999993, 350.8215091836734, 276.52999)",弱风化√,same_cell_mark,/Users/zhaoxiaoda/Library/CloudStorage/GoogleDrive-xiaodazhao0608@gmail.com/我的云端硬盘/TBM9/SKETCH/DyK1016+509.00_伯舒拉岭右线洞身素描记录表 30.pdf,FACE_SKETCH
ab72a15766eaabde79d3c49e,CHECKBOX_POSITION,ab72a15766eaabde79d3c49e,,DyK1016+509.00_伯舒拉岭右线洞身素描记录表 30.pdf,间距,"(294.782508125, 276.52999, 350.8215091836734, 303.65000499999996)",0.2～0.6√,INLINE_OR_SUFFIX,False,IN_SCOPE,"(294.782508125, 276.52999, 350.8215091836734, 303.65000499999996)",0.2～0.6√,same_cell_mark,/Users/zhaoxiaoda/Library/CloudStorage/GoogleDrive-xiaodazhao0608@gmail.com/我的云端硬盘/TBM9/SKETCH/DyK1016+509.00_伯舒拉岭右线洞身素描记录表 30.pdf,FACE_SKETCH
ab72a15766eaabde79d3c49e,CHECKBOX_POSITION,ab72a15766eaabde79d3c49e,,DyK1016+509.00_伯舒拉岭右线洞身素描记录表 30.pdf,延伸性,"(294.782508125, 303.65000499999996, 350.8215091836734, 320.5700049999999)",中等√,INLINE_OR_SUFFIX,False,IN_SCOPE,"(294.782508125, 303.65000499999996, 350.8215091836734, 320.5700049999999)",中等√,same_cell_mark,/Users/zhaoxiaoda/Library/CloudStorage/GoogleDrive-xiaodazhao0608@gmail.com/我的云端硬盘/TBM9/SKETCH/DyK1016+509.00_伯舒拉岭右线洞身素描记录表 30.pdf,FACE_SKETCH
ab72a15766eaabde79d3c49e,CHECKBOX_POSITION,ab72a15766eaabde79d3c49e,,DyK1016+509.00_伯舒拉岭右线洞身素描记录表 30.pdf,粗糙度,"(294.782508125, 320.5700049999999, 407.0125058333333, 340.12998999999996)",平整光滑有擦痕√,INLINE_OR_SUFFIX,False,IN_SCOPE,"(294.782508125, 320.5700049999999, 407.0125058333333, 340.12998999999996)",平整光滑有擦痕√,same_cell_mark,/Users/zhaoxiaoda/Library/CloudStorage/GoogleDrive-xiaodazhao0608@gmail.com/我的云端硬盘/TBM9/SKETCH/DyK1016+509.00_伯舒拉岭右线洞身素描记录表 30.pdf,FACE_SKETCH
ab72a15766eaabde79d3c49e,CHECKBOX_POSITION,ab72a15766eaabde79d3c49e,,DyK1016+509.00_伯舒拉岭右线洞身素描记录表 30.pdf,张开性,"(158.24320219999998, 340.12998999999996, 225.00022355555558, 372.40999)",密闭＜0. 1√,INLINE_OR_SUFFIX,False,IN_SCOPE,"(158.24320219999998, 340.12998999999996, 225.00022355555558, 372.40999)",密闭＜0. 1√,same_cell_mark,/Users/zhaoxiaoda/Library/CloudStorage/GoogleDrive-xiaodazhao0608@gmail.com/我的云端硬盘/TBM9/SKETCH/DyK1016+509.00_伯舒拉岭右线洞身素描记录表 30.pdf,FACE_SKETCH
ab72a15766eaabde79d3c49e,CHECKBOX_POSITION,ab72a15766eaabde79d3c49e,,DyK1016+509.00_伯舒拉岭右线洞身素描记录表 30.pdf,岩溶发育程度,"(225.00022355555558, 404.090005, 294.782508125, 420.290005)",无√,INLINE_OR_SUFFIX,False,IN_SCOPE,"(225.00022355555558, 404.090005, 294.782508125, 420.290005)",无√,same_cell_mark,/Users/zhaoxiaoda/Library/CloudStorage/GoogleDrive-xiaodazhao0608@gmail.com/我的云端硬盘/TBM9/SKETCH/DyK1016+509.00_伯舒拉岭右线洞身素描记录表 30.pdf,FACE_SKETCH
39d347933ee3e2118c80e341,CHECKBOX_POSITION,39d347933ee3e2118c80e341,,DyK1016+539.00_伯舒拉岭右线洞身素描记录表 31.pdf,掌子面状态,"(225.00022355555558, 174.61999500000002, 294.782508125, 190.81999499999998)",正面掉块√,INLINE_OR_SUFFIX,False,IN_SCOPE,"(225.00022355555558, 174.61999500000002, 294.782508125, 190.81999499999998)",正面掉块√,same_cell_mark,/Users/zhaoxiaoda/Library/CloudStorage/GoogleDrive-xiaodazhao0608@gmail.com/我的云端硬盘/TBM9/SKETCH/DyK1016+539.00_伯舒拉岭右线洞身素描记录表 31.pdf,FACE_SKETCH
39d347933ee3e2118c80e341,CHECKBOX_POSITION,39d347933ee3e2118c80e341,,DyK1016+539.00_伯舒拉岭右线洞身素描记录表 31.pdf,毛开挖面状态,"(225.00022355555558, 190.81999499999998, 294.782508125, 222.499995)",随时间松弛、 掉块√,INLINE_OR_SUFFIX,False,IN_SCOPE,"(225.00022355555558, 190.81999499999998, 294.782508125, 222.499995)",随时间松弛、 掉块√,same_cell_mark,/Users/zhaoxiaoda/Library/CloudStorage/GoogleDrive-xiaodazhao0608@gmail.com/我的云端硬盘/TBM9/SKETCH/DyK1016+539.00_伯舒拉岭右线洞身素描记录表 31.pdf,FACE_SKETCH
39d347933ee3e2118c80e341,CHECKBOX_POSITION,39d347933ee3e2118c80e341,,DyK1016+539.00_伯舒拉岭右线洞身素描记录表 31.pdf,岩石强度,"(294.782508125, 222.499995, 350.8215091836734, 260.06000499999993)",15＜ R≤30√,INLINE_OR_SUFFIX,False,IN_SCOPE,"(294.782508125, 222.499995, 350.8215091836734, 260.06000499999993)",15＜ R≤30√,same_cell_mark,/Users/zhaoxiaoda/Library/CloudStorage/GoogleDrive-xiaodazhao0608@gmail.com/我的云端硬盘/TBM9/SKETCH/DyK1016+539.00_伯舒拉岭右线洞身素描记录表 31.pdf,FACE_SKETCH
39d347933ee3e2118c80e341,CHECKBOX_POSITION,39d347933ee3e2118c80e341,,DyK1016+539.00_伯舒拉岭右线洞身素描记录表 31.pdf,风化程度,"(294.782508125, 260.06000499999993, 350.8215091836734, 276.52999)",弱风化√,INLINE_OR_SUFFIX,False,IN_SCOPE,"(294.782508125, 260.06000499999993, 350.8215091836734, 276.52999)",弱风化√,same_cell_mark,/Users/zhaoxiaoda/Library/CloudStorage/GoogleDrive-xiaodazhao0608@gmail.com/我的云端硬盘/TBM9/SKETCH/DyK1016+539.00_伯舒拉岭右线洞身素描记录表 31.pdf,FACE_SKETCH
39d347933ee3e2118c80e341,CHECKBOX_POSITION,39d347933ee3e2118c80e341,,DyK1016+539.00_伯舒拉岭右线洞身素描记录表 31.pdf,间距,"(294.782508125, 276.52999, 350.8215091836734, 303.65000499999996)",0.2～0.6√,INLINE_OR_SUFFIX,False,IN_SCOPE,"(294.782508125, 276.52999, 350.8215091836734, 303.65000499999996)",0.2～0.6√,same_cell_mark,/Users/zhaoxiaoda/Library/CloudStorage/GoogleDrive-xiaodazhao0608@gmail.com/我的云端硬盘/TBM9/SKETCH/DyK1016+539.00_伯舒拉岭右线洞身素描记录表 31.pdf,FACE_SKETCH
39d347933ee3e2118c80e341,CHECKBOX_POSITION,39d347933ee3e2118c80e341,,DyK1016+539.00_伯舒拉岭右线洞身素描记录表 31.pdf,延伸性,"(294.782508125, 303.65000499999996, 350.8215091836734, 320.5700049999999)",中等√,INLINE_OR_SUFFIX,False,IN_SCOPE,"(294.782508125, 303.65000499999996, 350.8215091836734, 320.5700049999999)",中等√,same_cell_mark,/Users/zhaoxiaoda/Library/CloudStorage/GoogleDrive-xiaodazhao0608@gmail.com/我的云端硬盘/TBM9/SKETCH/DyK1016+539.00_伯舒拉岭右线洞身素描记录表 31.pdf,FACE_SKETCH
39d347933ee3e2118c80e341,CHECKBOX_POSITION,39d347933ee3e2118c80e341,,DyK1016+539.00_伯舒拉岭右线洞身素描记录表 31.pdf,粗糙度,"(294.782508125, 320.5700049999999, 407.0125058333333, 340.12998999999996)",平整光滑有擦痕√,INLINE_OR_SUFFIX,False,IN_SCOPE,"(294.782508125, 320.5700049999999, 407.0125058333333, 340.12998999999996)",平整光滑有擦痕√,same_cell_mark,/Users/zhaoxiaoda/Library/CloudStorage/GoogleDrive-xiaodazhao0608@gmail.com/我的云端硬盘/TBM9/SKETCH/DyK1016+539.00_伯舒拉岭右线洞身素描记录表 31.pdf,FACE_SKETCH
39d347933ee3e2118c80e341,CHECKBOX_POSITION,39d347933ee3e2118c80e341,,DyK1016+539.00_伯舒拉岭右线洞身素描记录表 31.pdf,张开性,"(158.24320219999998, 340.12998999999996, 225.00022355555558, 372.40999)",密闭＜0. 1√,INLINE_OR_SUFFIX,False,IN_SCOPE,"(158.24320219999998, 340.12998999999996, 225.00022355555558, 372.40999)",密闭＜0. 1√,same_cell_mark,/Users/zhaoxiaoda/Library/CloudStorage/GoogleDrive-xiaodazhao0608@gmail.com/我的云端硬盘/TBM9/SKETCH/DyK1016+539.00_伯舒拉岭右线洞身素描记录表 31.pdf,FACE_SKETCH
39d347933ee3e2118c80e341,CHECKBOX_POSITION,39d347933ee3e2118c80e341,,DyK1016+539.00_伯舒拉岭右线洞身素描记录表 31.pdf,岩溶发育程度,"(225.00022355555558, 404.090005, 294.782508125, 420.290005)",无√,INLINE_OR_SUFFIX,False,IN_SCOPE,"(225.00022355555558, 404.090005, 294.782508125, 420.290005)",无√,same_cell_mark,/Users/zhaoxiaoda/Library/CloudStorage/GoogleDrive-xiaodazhao0608@gmail.com/我的云端硬盘/TBM9/SKETCH/DyK1016+539.00_伯舒拉岭右线洞身素描记录表 31.pdf,FACE_SKETCH
5d79af631ce38032132303cc,CHECKBOX_POSITION,5d79af631ce38032132303cc,,DyK1016+569.00_伯舒拉岭右线洞身素描记录表 32.pdf,掌子面状态,"(225.00022355555558, 174.61999500000002, 294.782508125, 190.81999499999998)",正面掉块√,INLINE_OR_SUFFIX,False,IN_SCOPE,"(225.00022355555558, 174.61999500000002, 294.782508125, 190.81999499999998)",正面掉块√,same_cell_mark,/Users/zhaoxiaoda/Library/CloudStorage/GoogleDrive-xiaodazhao0608@gmail.com/我的云端硬盘/TBM9/SKETCH/DyK1016+569.00_伯舒拉岭右线洞身素描记录表 32.pdf,FACE_SKETCH
5d79af631ce38032132303cc,CHECKBOX_POSITION,5d79af631ce38032132303cc,,DyK1016+569.00_伯舒拉岭右线洞身素描记录表 32.pdf,毛开挖面状态,"(225.00022355555558, 190.81999499999998, 294.782508125, 222.499995)",随时间松弛、 掉块√,INLINE_OR_SUFFIX,False,IN_SCOPE,"(225.00022355555558, 190.81999499999998, 294.782508125, 222.499995)",随时间松弛、 掉块√,same_cell_mark,/Users/zhaoxiaoda/Library/CloudStorage/GoogleDrive-xiaodazhao0608@gmail.com/我的云端硬盘/TBM9/SKETCH/DyK1016+569.00_伯舒拉岭右线洞身素描记录表 32.pdf,FACE_SKETCH
5d79af631ce38032132303cc,CHECKBOX_POSITION,5d79af631ce38032132303cc,,DyK1016+569.00_伯舒拉岭右线洞身素描记录表 32.pdf,岩石强度,"(294.782508125, 222.499995, 350.8215091836734, 260.06000499999993)",15＜ R≤30√,INLINE_OR_SUFFIX,False,IN_SCOPE,"(294.782508125, 222.499995, 350.8215091836734, 260.06000499999993)",15＜ R≤30√,same_cell_mark,/Users/zhaoxiaoda/Library/CloudStorage/GoogleDrive-xiaodazhao0608@gmail.com/我的云端硬盘/TBM9/SKETCH/DyK1016+569.00_伯舒拉岭右线洞身素描记录表 32.pdf,FACE_SKETCH
5d79af631ce38032132303cc,CHECKBOX_POSITION,5d79af631ce38032132303cc,,DyK1016+569.00_伯舒拉岭右线洞身素描记录表 32.pdf,风化程度,"(294.782508125, 260.06000499999993, 350.8215091836734, 276.52999)",弱风化√,INLINE_OR_SUFFIX,False,IN_SCOPE,"(294.782508125, 260.06000499999993, 350.8215091836734, 276.52999)",弱风化√,same_cell_mark,/Users/zhaoxiaoda/Library/CloudStorage/GoogleDrive-xiaodazhao0608@gmail.com/我的云端硬盘/TBM9/SKETCH/DyK1016+569.00_伯舒拉岭右线洞身素描记录表 32.pdf,FACE_SKETCH
5d79af631ce38032132303cc,CHECKBOX_POSITION,5d79af631ce38032132303cc,,DyK1016+569.00_伯舒拉岭右线洞身素描记录表 32.pdf,间距,"(294.782508125, 276.52999, 350.8215091836734, 303.65000499999996)",0.2～0.6√,INLINE_OR_SUFFIX,False,IN_SCOPE,"(294.782508125, 276.52999, 350.8215091836734, 303.65000499999996)",0.2～0.6√,same_cell_mark,/Users/zhaoxiaoda/Library/CloudStorage/GoogleDrive-xiaodazhao0608@gmail.com/我的云端硬盘/TBM9/SKETCH/DyK1016+569.00_伯舒拉岭右线洞身素描记录表 32.pdf,FACE_SKETCH
5d79af631ce38032132303cc,CHECKBOX_POSITION,5d79af631ce38032132303cc,,DyK1016+569.00_伯舒拉岭右线洞身素描记录表 32.pdf,延伸性,"(294.782508125, 303.65000499999996, 350.8215091836734, 320.5700049999999)",中等√,INLINE_OR_SUFFIX,False,IN_SCOPE,"(294.782508125, 303.65000499999996, 350.8215091836734, 320.5700049999999)",中等√,same_cell_mark,/Users/zhaoxiaoda/Library/CloudStorage/GoogleDrive-xiaodazhao0608@gmail.com/我的云端硬盘/TBM9/SKETCH/DyK1016+569.00_伯舒拉岭右线洞身素描记录表 32.pdf,FACE_SKETCH
5d79af631ce38032132303cc,CHECKBOX_POSITION,5d79af631ce38032132303cc,,DyK1016+569.00_伯舒拉岭右线洞身素描记录表 32.pdf,粗糙度,"(294.782508125, 320.5700049999999, 407.0125058333333, 340.12998999999996)",平整光滑有擦痕√,INLINE_OR_SUFFIX,False,IN_SCOPE,"(294.782508125, 320.5700049999999, 407.0125058333333, 340.12998999999996)",平整光滑有擦痕√,same_cell_mark,/Users/zhaoxiaoda/Library/CloudStorage/GoogleDrive-xiaodazhao0608@gmail.com/我的云端硬盘/TBM9/SKETCH/DyK1016+569.00_伯舒拉岭右线洞身素描记录表 32.pdf,FACE_SKETCH
5d79af631ce38032132303cc,CHECKBOX_POSITION,5d79af631ce38032132303cc,,DyK1016+569.00_伯舒拉岭右线洞身素描记录表 32.pdf,张开性,"(158.24320219999998, 340.12998999999996, 225.00022355555558, 372.40999)",密闭＜0. 1√,INLINE_OR_SUFFIX,False,IN_SCOPE,"(158.24320219999998, 340.12998999999996, 225.00022355555558, 372.40999)",密闭＜0. 1√,same_cell_mark,/Users/zhaoxiaoda/Library/CloudStorage/GoogleDrive-xiaodazhao0608@gmail.com/我的云端硬盘/TBM9/SKETCH/DyK1016+569.00_伯舒拉岭右线洞身素描记录表 32.pdf,FACE_SKETCH
5d79af631ce38032132303cc,CHECKBOX_POSITION,5d79af631ce38032132303cc,,DyK1016+569.00_伯舒拉岭右线洞身素描记录表 32.pdf,岩溶发育程度,"(225.00022355555558, 404.090005, 294.782508125, 420.290005)",无√,INLINE_OR_SUFFIX,False,IN_SCOPE,"(225.00022355555558, 404.090005, 294.782508125, 420.290005)",无√,same_cell_mark,/Users/zhaoxiaoda/Library/CloudStorage/GoogleDrive-xiaodazhao0608@gmail.com/我的云端硬盘/TBM9/SKETCH/DyK1016+569.00_伯舒拉岭右线洞身素描记录表 32.pdf,FACE_SKETCH
42779fc0765354328559b154,CHECKBOX_POSITION,42779fc0765354328559b154,,DyK1016+599.00_伯舒拉岭右线洞身素描记录表 33.pdf,掌子面状态,"(225.00022355555558, 174.61999500000002, 294.782508125, 190.81999499999998)",正面掉块√,INLINE_OR_SUFFIX,False,IN_SCOPE,"(225.00022355555558, 174.61999500000002, 294.782508125, 190.81999499999998)",正面掉块√,same_cell_mark,/Users/zhaoxiaoda/Library/CloudStorage/GoogleDrive-xiaodazhao0608@gmail.com/我的云端硬盘/TBM9/SKETCH/DyK1016+599.00_伯舒拉岭右线洞身素描记录表 33.pdf,FACE_SKETCH
42779fc0765354328559b154,CHECKBOX_POSITION,42779fc0765354328559b154,,DyK1016+599.00_伯舒拉岭右线洞身素描记录表 33.pdf,毛开挖面状态,"(225.00022355555558, 190.81999499999998, 294.782508125, 222.499995)",随时间松弛、 掉块√,INLINE_OR_SUFFIX,False,IN_SCOPE,"(225.00022355555558, 190.81999499999998, 294.782508125, 222.499995)",随时间松弛、 掉块√,same_cell_mark,/Users/zhaoxiaoda/Library/CloudStorage/GoogleDrive-xiaodazhao0608@gmail.com/我的云端硬盘/TBM9/SKETCH/DyK1016+599.00_伯舒拉岭右线洞身素描记录表 33.pdf,FACE_SKETCH
42779fc0765354328559b154,CHECKBOX_POSITION,42779fc0765354328559b154,,DyK1016+599.00_伯舒拉岭右线洞身素描记录表 33.pdf,岩石强度,"(294.782508125, 222.499995, 350.8215091836734, 260.06000499999993)",15＜ R≤30√,INLINE_OR_SUFFIX,False,IN_SCOPE,"(294.782508125, 222.499995, 350.8215091836734, 260.06000499999993)",15＜ R≤30√,same_cell_mark,/Users/zhaoxiaoda/Library/CloudStorage/GoogleDrive-xiaodazhao0608@gmail.com/我的云端硬盘/TBM9/SKETCH/DyK1016+599.00_伯舒拉岭右线洞身素描记录表 33.pdf,FACE_SKETCH
42779fc0765354328559b154,CHECKBOX_POSITION,42779fc0765354328559b154,,DyK1016+599.00_伯舒拉岭右线洞身素描记录表 33.pdf,风化程度,"(294.782508125, 260.06000499999993, 350.8215091836734, 276.52999)",弱风化√,INLINE_OR_SUFFIX,False,IN_SCOPE,"(294.782508125, 260.06000499999993, 350.8215091836734, 276.52999)",弱风化√,same_cell_mark,/Users/zhaoxiaoda/Library/CloudStorage/GoogleDrive-xiaodazhao0608@gmail.com/我的云端硬盘/TBM9/SKETCH/DyK1016+599.00_伯舒拉岭右线洞身素描记录表 33.pdf,FACE_SKETCH
42779fc0765354328559b154,CHECKBOX_POSITION,42779fc0765354328559b154,,DyK1016+599.00_伯舒拉岭右线洞身素描记录表 33.pdf,间距,"(294.782508125, 276.52999, 350.8215091836734, 303.65000499999996)",0.2～0.6√,INLINE_OR_SUFFIX,False,IN_SCOPE,"(294.782508125, 276.52999, 350.8215091836734, 303.65000499999996)",0.2～0.6√,same_cell_mark,/Users/zhaoxiaoda/Library/CloudStorage/GoogleDrive-xiaodazhao0608@gmail.com/我的云端硬盘/TBM9/SKETCH/DyK1016+599.00_伯舒拉岭右线洞身素描记录表 33.pdf,FACE_SKETCH
42779fc0765354328559b154,CHECKBOX_POSITION,42779fc0765354328559b154,,DyK1016+599.00_伯舒拉岭右线洞身素描记录表 33.pdf,延伸性,"(294.782508125, 303.65000499999996, 350.8215091836734, 320.5700049999999)",中等√,INLINE_OR_SUFFIX,False,IN_SCOPE,"(294.782508125, 303.65000499999996, 350.8215091836734, 320.5700049999999)",中等√,same_cell_mark,/Users/zhaoxiaoda/Library/CloudStorage/GoogleDrive-xiaodazhao0608@gmail.com/我的云端硬盘/TBM9/SKETCH/DyK1016+599.00_伯舒拉岭右线洞身素描记录表 33.pdf,FACE_SKETCH
42779fc0765354328559b154,CHECKBOX_POSITION,42779fc0765354328559b154,,DyK1016+599.00_伯舒拉岭右线洞身素描记录表 33.pdf,粗糙度,"(294.782508125, 320.5700049999999, 407.0125058333333, 340.12998999999996)",平整光滑有擦痕√,INLINE_OR_SUFFIX,False,IN_SCOPE,"(294.782508125, 320.5700049999999, 407.0125058333333, 340.12998999999996)",平整光滑有擦痕√,same_cell_mark,/Users/zhaoxiaoda/Library/CloudStorage/GoogleDrive-xiaodazhao0608@gmail.com/我的云端硬盘/TBM9/SKETCH/DyK1016+599.00_伯舒拉岭右线洞身素描记录表 33.pdf,FACE_SKETCH
42779fc0765354328559b154,CHECKBOX_POSITION,42779fc0765354328559b154,,DyK1016+599.00_伯舒拉岭右线洞身素描记录表 33.pdf,张开性,"(158.24320219999998, 340.12998999999996, 225.00022355555558, 372.40999)",密闭＜0. 1√,INLINE_OR_SUFFIX,False,IN_SCOPE,"(158.24320219999998, 340.12998999999996, 225.00022355555558, 372.40999)",密闭＜0. 1√,same_cell_mark,/Users/zhaoxiaoda/Library/CloudStorage/GoogleDrive-xiaodazhao0608@gmail.com/我的云端硬盘/TBM9/SKETCH/DyK1016+599.00_伯舒拉岭右线洞身素描记录表 33.pdf,FACE_SKETCH
42779fc0765354328559b154,CHECKBOX_POSITION,42779fc0765354328559b154,,DyK1016+599.00_伯舒拉岭右线洞身素描记录表 33.pdf,岩溶发育程度,"(225.00022355555558, 404.090005, 294.782508125, 420.290005)",无√,INLINE_OR_SUFFIX,False,IN_SCOPE,"(225.00022355555558, 404.090005, 294.782508125, 420.290005)",无√,same_cell_mark,/Users/zhaoxiaoda/Library/CloudStorage/GoogleDrive-xiaodazhao0608@gmail.com/我的云端硬盘/TBM9/SKETCH/DyK1016+599.00_伯舒拉岭右线洞身素描记录表 33.pdf,FACE_SKETCH
0927cc325ee4a03fe413feea,CHECKBOX_POSITION,0927cc325ee4a03fe413feea,,DyK1016+629.00_伯舒拉岭右线洞身素描记录表 34.pdf,掌子面状态,"(225.00022355555558, 174.61999500000002, 294.782508125, 190.81999499999998)",正面掉块√,INLINE_OR_SUFFIX,False,IN_SCOPE,"(225.00022355555558, 174.61999500000002, 294.782508125, 190.81999499999998)",正面掉块√,same_cell_mark,/Users/zhaoxiaoda/Library/CloudStorage/GoogleDrive-xiaodazhao0608@gmail.com/我的云端硬盘/TBM9/SKETCH/DyK1016+629.00_伯舒拉岭右线洞身素描记录表 34.pdf,FACE_SKETCH
0927cc325ee4a03fe413feea,CHECKBOX_POSITION,0927cc325ee4a03fe413feea,,DyK1016+629.00_伯舒拉岭右线洞身素描记录表 34.pdf,毛开挖面状态,"(225.00022355555558, 190.81999499999998, 294.782508125, 222.499995)",随时间松弛、 掉块√,INLINE_OR_SUFFIX,False,IN_SCOPE,"(225.00022355555558, 190.81999499999998, 294.782508125, 222.499995)",随时间松弛、 掉块√,same_cell_mark,/Users/zhaoxiaoda/Library/CloudStorage/GoogleDrive-xiaodazhao0608@gmail.com/我的云端硬盘/TBM9/SKETCH/DyK1016+629.00_伯舒拉岭右线洞身素描记录表 34.pdf,FACE_SKETCH
0927cc325ee4a03fe413feea,CHECKBOX_POSITION,0927cc325ee4a03fe413feea,,DyK1016+629.00_伯舒拉岭右线洞身素描记录表 34.pdf,岩石强度,"(294.782508125, 222.499995, 350.8215091836734, 260.06000499999993)",15＜ R≤30√,INLINE_OR_SUFFIX,False,IN_SCOPE,"(294.782508125, 222.499995, 350.8215091836734, 260.06000499999993)",15＜ R≤30√,same_cell_mark,/Users/zhaoxiaoda/Library/CloudStorage/GoogleDrive-xiaodazhao0608@gmail.com/我的云端硬盘/TBM9/SKETCH/DyK1016+629.00_伯舒拉岭右线洞身素描记录表 34.pdf,FACE_SKETCH
0927cc325ee4a03fe413feea,CHECKBOX_POSITION,0927cc325ee4a03fe413feea,,DyK1016+629.00_伯舒拉岭右线洞身素描记录表 34.pdf,风化程度,"(294.782508125, 260.06000499999993, 350.8215091836734, 276.52999)",弱风化√,INLINE_OR_SUFFIX,False,IN_SCOPE,"(294.782508125, 260.06000499999993, 350.8215091836734, 276.52999)",弱风化√,same_cell_mark,/Users/zhaoxiaoda/Library/CloudStorage/GoogleDrive-xiaodazhao0608@gmail.com/我的云端硬盘/TBM9/SKETCH/DyK1016+629.00_伯舒拉岭右线洞身素描记录表 34.pdf,FACE_SKETCH
0927cc325ee4a03fe413feea,CHECKBOX_POSITION,0927cc325ee4a03fe413feea,,DyK1016+629.00_伯舒拉岭右线洞身素描记录表 34.pdf,间距,"(294.782508125, 276.52999, 350.8215091836734, 303.65000499999996)",0.2～0.6√,INLINE_OR_SUFFIX,False,IN_SCOPE,"(294.782508125, 276.52999, 350.8215091836734, 303.65000499999996)",0.2～0.6√,same_cell_mark,/Users/zhaoxiaoda/Library/CloudStorage/GoogleDrive-xiaodazhao0608@gmail.com/我的云端硬盘/TBM9/SKETCH/DyK1016+629.00_伯舒拉岭右线洞身素描记录表 34.pdf,FACE_SKETCH
0927cc325ee4a03fe413feea,CHECKBOX_POSITION,0927cc325ee4a03fe413feea,,DyK1016+629.00_伯舒拉岭右线洞身素描记录表 34.pdf,延伸性,"(294.782508125, 303.65000499999996, 350.8215091836734, 320.5700049999999)",中等√,INLINE_OR_SUFFIX,False,IN_SCOPE,"(294.782508125, 303.65000499999996, 350.8215091836734, 320.5700049999999)",中等√,same_cell_mark,/Users/zhaoxiaoda/Library/CloudStorage/GoogleDrive-xiaodazhao0608@gmail.com/我的云端硬盘/TBM9/SKETCH/DyK1016+629.00_伯舒拉岭右线洞身素描记录表 34.pdf,FACE_SKETCH
0927cc325ee4a03fe413feea,CHECKBOX_POSITION,0927cc325ee4a03fe413feea,,DyK1016+629.00_伯舒拉岭右线洞身素描记录表 34.pdf,粗糙度,"(294.782508125, 320.5700049999999, 407.0125058333333, 340.12998999999996)",平整光滑有擦痕√,INLINE_OR_SUFFIX,False,IN_SCOPE,"(294.782508125, 320.5700049999999, 407.0125058333333, 340.12998999999996)",平整光滑有擦痕√,same_cell_mark,/Users/zhaoxiaoda/Library/CloudStorage/GoogleDrive-xiaodazhao0608@gmail.com/我的云端硬盘/TBM9/SKETCH/DyK1016+629.00_伯舒拉岭右线洞身素描记录表 34.pdf,FACE_SKETCH
0927cc325ee4a03fe413feea,CHECKBOX_POSITION,0927cc325ee4a03fe413feea,,DyK1016+629.00_伯舒拉岭右线洞身素描记录表 34.pdf,张开性,"(158.24320219999998, 340.12998999999996, 225.00022355555558, 372.40999)",密闭＜0. 1√,INLINE_OR_SUFFIX,False,IN_SCOPE,"(158.24320219999998, 340.12998999999996, 225.00022355555558, 372.40999)",密闭＜0. 1√,same_cell_mark,/Users/zhaoxiaoda/Library/CloudStorage/GoogleDrive-xiaodazhao0608@gmail.com/我的云端硬盘/TBM9/SKETCH/DyK1016+629.00_伯舒拉岭右线洞身素描记录表 34.pdf,FACE_SKETCH
0927cc325ee4a03fe413feea,CHECKBOX_POSITION,0927cc325ee4a03fe413feea,,DyK1016+629.00_伯舒拉岭右线洞身素描记录表 34.pdf,岩溶发育程度,"(225.00022355555558, 404.090005, 294.782508125, 420.290005)",无√,INLINE_OR_SUFFIX,False,IN_SCOPE,"(225.00022355555558, 404.090005, 294.782508125, 420.290005)",无√,same_cell_mark,/Users/zhaoxiaoda/Library/CloudStorage/GoogleDrive-xiaodazhao0608@gmail.com/我的云端硬盘/TBM9/SKETCH/DyK1016+629.00_伯舒拉岭右线洞身素描记录表 34.pdf,FACE_SKETCH
56d492b753f758d46508a84b,CHECKBOX_POSITION,56d492b753f758d46508a84b,,DyK1016+659.00_伯舒拉岭右线洞身素描记录表 35.pdf,掌子面状态,"(225.00022355555558, 174.61999500000002, 294.782508125, 190.81999499999998)",正面掉块√,INLINE_OR_SUFFIX,False,IN_SCOPE,"(225.00022355555558, 174.61999500000002, 294.782508125, 190.81999499999998)",正面掉块√,same_cell_mark,/Users/zhaoxiaoda/Library/CloudStorage/GoogleDrive-xiaodazhao0608@gmail.com/我的云端硬盘/TBM9/SKETCH/DyK1016+659.00_伯舒拉岭右线洞身素描记录表 35.pdf,FACE_SKETCH
56d492b753f758d46508a84b,CHECKBOX_POSITION,56d492b753f758d46508a84b,,DyK1016+659.00_伯舒拉岭右线洞身素描记录表 35.pdf,毛开挖面状态,"(225.00022355555558, 190.81999499999998, 294.782508125, 222.499995)",随时间松弛、 掉块√,INLINE_OR_SUFFIX,False,IN_SCOPE,"(225.00022355555558, 190.81999499999998, 294.782508125, 222.499995)",随时间松弛、 掉块√,same_cell_mark,/Users/zhaoxiaoda/Library/CloudStorage/GoogleDrive-xiaodazhao0608@gmail.com/我的云端硬盘/TBM9/SKETCH/DyK1016+659.00_伯舒拉岭右线洞身素描记录表 35.pdf,FACE_SKETCH
56d492b753f758d46508a84b,CHECKBOX_POSITION,56d492b753f758d46508a84b,,DyK1016+659.00_伯舒拉岭右线洞身素描记录表 35.pdf,岩石强度,"(294.782508125, 222.499995, 350.8215091836734, 260.06000499999993)",15＜ R≤30√,INLINE_OR_SUFFIX,False,IN_SCOPE,"(294.782508125, 222.499995, 350.8215091836734, 260.06000499999993)",15＜ R≤30√,same_cell_mark,/Users/zhaoxiaoda/Library/CloudStorage/GoogleDrive-xiaodazhao0608@gmail.com/我的云端硬盘/TBM9/SKETCH/DyK1016+659.00_伯舒拉岭右线洞身素描记录表 35.pdf,FACE_SKETCH
56d492b753f758d46508a84b,CHECKBOX_POSITION,56d492b753f758d46508a84b,,DyK1016+659.00_伯舒拉岭右线洞身素描记录表 35.pdf,风化程度,"(294.782508125, 260.06000499999993, 350.8215091836734, 276.52999)",弱风化√,INLINE_OR_SUFFIX,False,IN_SCOPE,"(294.782508125, 260.06000499999993, 350.8215091836734, 276.52999)",弱风化√,same_cell_mark,/Users/zhaoxiaoda/Library/CloudStorage/GoogleDrive-xiaodazhao0608@gmail.com/我的云端硬盘/TBM9/SKETCH/DyK1016+659.00_伯舒拉岭右线洞身素描记录表 35.pdf,FACE_SKETCH
56d492b753f758d46508a84b,CHECKBOX_POSITION,56d492b753f758d46508a84b,,DyK1016+659.00_伯舒拉岭右线洞身素描记录表 35.pdf,间距,"(294.782508125, 276.52999, 350.8215091836734, 303.65000499999996)",0.2～0.6√,INLINE_OR_SUFFIX,False,IN_SCOPE,"(294.782508125, 276.52999, 350.8215091836734, 303.65000499999996)",0.2～0.6√,same_cell_mark,/Users/zhaoxiaoda/Library/CloudStorage/GoogleDrive-xiaodazhao0608@gmail.com/我的云端硬盘/TBM9/SKETCH/DyK1016+659.00_伯舒拉岭右线洞身素描记录表 35.pdf,FACE_SKETCH
56d492b753f758d46508a84b,CHECKBOX_POSITION,56d492b753f758d46508a84b,,DyK1016+659.00_伯舒拉岭右线洞身素描记录表 35.pdf,延伸性,"(294.782508125, 303.65000499999996, 350.8215091836734, 320.5700049999999)",中等√,INLINE_OR_SUFFIX,False,IN_SCOPE,"(294.782508125, 303.65000499999996, 350.8215091836734, 320.5700049999999)",中等√,same_cell_mark,/Users/zhaoxiaoda/Library/CloudStorage/GoogleDrive-xiaodazhao0608@gmail.com/我的云端硬盘/TBM9/SKETCH/DyK1016+659.00_伯舒拉岭右线洞身素描记录表 35.pdf,FACE_SKETCH
56d492b753f758d46508a84b,CHECKBOX_POSITION,56d492b753f758d46508a84b,,DyK1016+659.00_伯舒拉岭右线洞身素描记录表 35.pdf,粗糙度,"(294.782508125, 320.5700049999999, 407.0125058333333, 340.12998999999996)",平整光滑有擦痕√,INLINE_OR_SUFFIX,False,IN_SCOPE,"(294.782508125, 320.5700049999999, 407.0125058333333, 340.12998999999996)",平整光滑有擦痕√,same_cell_mark,/Users/zhaoxiaoda/Library/CloudStorage/GoogleDrive-xiaodazhao0608@gmail.com/我的云端硬盘/TBM9/SKETCH/DyK1016+659.00_伯舒拉岭右线洞身素描记录表 35.pdf,FACE_SKETCH
56d492b753f758d46508a84b,CHECKBOX_POSITION,56d492b753f758d46508a84b,,DyK1016+659.00_伯舒拉岭右线洞身素描记录表 35.pdf,张开性,"(158.24320219999998, 340.12998999999996, 225.00022355555558, 372.40999)",密闭＜0. 1√,INLINE_OR_SUFFIX,False,IN_SCOPE,"(158.24320219999998, 340.12998999999996, 225.00022355555558, 372.40999)",密闭＜0. 1√,same_cell_mark,/Users/zhaoxiaoda/Library/CloudStorage/GoogleDrive-xiaodazhao0608@gmail.com/我的云端硬盘/TBM9/SKETCH/DyK1016+659.00_伯舒拉岭右线洞身素描记录表 35.pdf,FACE_SKETCH
56d492b753f758d46508a84b,CHECKBOX_POSITION,56d492b753f758d46508a84b,,DyK1016+659.00_伯舒拉岭右线洞身素描记录表 35.pdf,岩溶发育程度,"(225.00022355555558, 404.090005, 294.782508125, 420.290005)",无√,INLINE_OR_SUFFIX,False,IN_SCOPE,"(225.00022355555558, 404.090005, 294.782508125, 420.290005)",无√,same_cell_mark,/Users/zhaoxiaoda/Library/CloudStorage/GoogleDrive-xiaodazhao0608@gmail.com/我的云端硬盘/TBM9/SKETCH/DyK1016+659.00_伯舒拉岭右线洞身素描记录表 35.pdf,FACE_SKETCH
c7913d31f3c243104a92f4db,CHECKBOX_POSITION,c7913d31f3c243104a92f4db,,DyK1016+689.00_伯舒拉岭右线洞身素描记录表 36.pdf,掌子面状态,"(225.00022355555558, 174.61999500000002, 294.782508125, 190.81999499999998)",正面掉块√,INLINE_OR_SUFFIX,False,IN_SCOPE,"(225.00022355555558, 174.61999500000002, 294.782508125, 190.81999499999998)",正面掉块√,same_cell_mark,/Users/zhaoxiaoda/Library/CloudStorage/GoogleDrive-xiaodazhao0608@gmail.com/我的云端硬盘/TBM9/SKETCH/DyK1016+689.00_伯舒拉岭右线洞身素描记录表 36.pdf,FACE_SKETCH
c7913d31f3c243104a92f4db,CHECKBOX_POSITION,c7913d31f3c243104a92f4db,,DyK1016+689.00_伯舒拉岭右线洞身素描记录表 36.pdf,毛开挖面状态,"(225.00022355555558, 190.81999499999998, 294.782508125, 222.499995)",随时间松弛、 掉块√,INLINE_OR_SUFFIX,False,IN_SCOPE,"(225.00022355555558, 190.81999499999998, 294.782508125, 222.499995)",随时间松弛、 掉块√,same_cell_mark,/Users/zhaoxiaoda/Library/CloudStorage/GoogleDrive-xiaodazhao0608@gmail.com/我的云端硬盘/TBM9/SKETCH/DyK1016+689.00_伯舒拉岭右线洞身素描记录表 36.pdf,FACE_SKETCH
c7913d31f3c243104a92f4db,CHECKBOX_POSITION,c7913d31f3c243104a92f4db,,DyK1016+689.00_伯舒拉岭右线洞身素描记录表 36.pdf,岩石强度,"(294.782508125, 222.499995, 350.8215091836734, 260.06000499999993)",15＜ R≤30√,INLINE_OR_SUFFIX,False,IN_SCOPE,"(294.782508125, 222.499995, 350.8215091836734, 260.06000499999993)",15＜ R≤30√,same_cell_mark,/Users/zhaoxiaoda/Library/CloudStorage/GoogleDrive-xiaodazhao0608@gmail.com/我的云端硬盘/TBM9/SKETCH/DyK1016+689.00_伯舒拉岭右线洞身素描记录表 36.pdf,FACE_SKETCH
c7913d31f3c243104a92f4db,CHECKBOX_POSITION,c7913d31f3c243104a92f4db,,DyK1016+689.00_伯舒拉岭右线洞身素描记录表 36.pdf,风化程度,"(294.782508125, 260.06000499999993, 350.8215091836734, 276.52999)",弱风化√,INLINE_OR_SUFFIX,False,IN_SCOPE,"(294.782508125, 260.06000499999993, 350.8215091836734, 276.52999)",弱风化√,same_cell_mark,/Users/zhaoxiaoda/Library/CloudStorage/GoogleDrive-xiaodazhao0608@gmail.com/我的云端硬盘/TBM9/SKETCH/DyK1016+689.00_伯舒拉岭右线洞身素描记录表 36.pdf,FACE_SKETCH
c7913d31f3c243104a92f4db,CHECKBOX_POSITION,c7913d31f3c243104a92f4db,,DyK1016+689.00_伯舒拉岭右线洞身素描记录表 36.pdf,间距,"(294.782508125, 276.52999, 350.8215091836734, 303.65000499999996)",0.2～0.6√,INLINE_OR_SUFFIX,False,IN_SCOPE,"(294.782508125, 276.52999, 350.8215091836734, 303.65000499999996)",0.2～0.6√,same_cell_mark,/Users/zhaoxiaoda/Library/CloudStorage/GoogleDrive-xiaodazhao0608@gmail.com/我的云端硬盘/TBM9/SKETCH/DyK1016+689.00_伯舒拉岭右线洞身素描记录表 36.pdf,FACE_SKETCH
c7913d31f3c243104a92f4db,CHECKBOX_POSITION,c7913d31f3c243104a92f4db,,DyK1016+689.00_伯舒拉岭右线洞身素描记录表 36.pdf,延伸性,"(294.782508125, 303.65000499999996, 350.8215091836734, 320.5700049999999)",中等√,INLINE_OR_SUFFIX,False,IN_SCOPE,"(294.782508125, 303.65000499999996, 350.8215091836734, 320.5700049999999)",中等√,same_cell_mark,/Users/zhaoxiaoda/Library/CloudStorage/GoogleDrive-xiaodazhao0608@gmail.com/我的云端硬盘/TBM9/SKETCH/DyK1016+689.00_伯舒拉岭右线洞身素描记录表 36.pdf,FACE_SKETCH
c7913d31f3c243104a92f4db,CHECKBOX_POSITION,c7913d31f3c243104a92f4db,,DyK1016+689.00_伯舒拉岭右线洞身素描记录表 36.pdf,粗糙度,"(294.782508125, 320.5700049999999, 407.0125058333333, 340.12998999999996)",平整光滑有擦痕√,INLINE_OR_SUFFIX,False,IN_SCOPE,"(294.782508125, 320.5700049999999, 407.0125058333333, 340.12998999999996)",平整光滑有擦痕√,same_cell_mark,/Users/zhaoxiaoda/Library/CloudStorage/GoogleDrive-xiaodazhao0608@gmail.com/我的云端硬盘/TBM9/SKETCH/DyK1016+689.00_伯舒拉岭右线洞身素描记录表 36.pdf,FACE_SKETCH
c7913d31f3c243104a92f4db,CHECKBOX_POSITION,c7913d31f3c243104a92f4db,,DyK1016+689.00_伯舒拉岭右线洞身素描记录表 36.pdf,张开性,"(158.24320219999998, 340.12998999999996, 225.00022355555558, 372.40999)",密闭＜0. 1√,INLINE_OR_SUFFIX,False,IN_SCOPE,"(158.24320219999998, 340.12998999999996, 225.00022355555558, 372.40999)",密闭＜0. 1√,same_cell_mark,/Users/zhaoxiaoda/Library/CloudStorage/GoogleDrive-xiaodazhao0608@gmail.com/我的云端硬盘/TBM9/SKETCH/DyK1016+689.00_伯舒拉岭右线洞身素描记录表 36.pdf,FACE_SKETCH
c7913d31f3c243104a92f4db,CHECKBOX_POSITION,c7913d31f3c243104a92f4db,,DyK1016+689.00_伯舒拉岭右线洞身素描记录表 36.pdf,岩溶发育程度,"(225.00022355555558, 404.090005, 294.782508125, 420.290005)",无√,INLINE_OR_SUFFIX,False,IN_SCOPE,"(225.00022355555558, 404.090005, 294.782508125, 420.290005)",无√,same_cell_mark,/Users/zhaoxiaoda/Library/CloudStorage/GoogleDrive-xiaodazhao0608@gmail.com/我的云端硬盘/TBM9/SKETCH/DyK1016+689.00_伯舒拉岭右线洞身素描记录表 36.pdf,FACE_SKETCH
168e7eca06059188abef16e7,CHECKBOX_POSITION,168e7eca06059188abef16e7,,DyK1016+719.00_伯舒拉岭右线洞身素描记录表 37.pdf,掌子面状态,"(225.00022222222222, 174.62, 294.7825, 190.81999999999994)",正面掉块√,INLINE_OR_SUFFIX,False,IN_SCOPE,"(225.00022222222222, 174.62, 294.7825, 190.81999999999994)",正面掉块√,same_cell_mark,/Users/zhaoxiaoda/Library/CloudStorage/GoogleDrive-xiaodazhao0608@gmail.com/我的云端硬盘/TBM9/SKETCH/DyK1016+719.00_伯舒拉岭右线洞身素描记录表 37.pdf,FACE_SKETCH
168e7eca06059188abef16e7,CHECKBOX_POSITION,168e7eca06059188abef16e7,,DyK1016+719.00_伯舒拉岭右线洞身素描记录表 37.pdf,毛开挖面状态,"(225.00022222222222, 190.81999999999994, 294.7825, 222.5)",随时间松弛、 掉块√,INLINE_OR_SUFFIX,False,IN_SCOPE,"(225.00022222222222, 190.81999999999994, 294.7825, 222.5)",随时间松弛、 掉块√,same_cell_mark,/Users/zhaoxiaoda/Library/CloudStorage/GoogleDrive-xiaodazhao0608@gmail.com/我的云端硬盘/TBM9/SKETCH/DyK1016+719.00_伯舒拉岭右线洞身素描记录表 37.pdf,FACE_SKETCH
168e7eca06059188abef16e7,CHECKBOX_POSITION,168e7eca06059188abef16e7,,DyK1016+719.00_伯舒拉岭右线洞身素描记录表 37.pdf,岩石强度,"(294.7825, 222.5, 350.8215102040817, 260.05999999999995)",15＜ R≤30√,INLINE_OR_SUFFIX,False,IN_SCOPE,"(294.7825, 222.5, 350.8215102040817, 260.05999999999995)",15＜ R≤30√,same_cell_mark,/Users/zhaoxiaoda/Library/CloudStorage/GoogleDrive-xiaodazhao0608@gmail.com/我的云端硬盘/TBM9/SKETCH/DyK1016+719.00_伯舒拉岭右线洞身素描记录表 37.pdf,FACE_SKETCH
168e7eca06059188abef16e7,CHECKBOX_POSITION,168e7eca06059188abef16e7,,DyK1016+719.00_伯舒拉岭右线洞身素描记录表 37.pdf,风化程度,"(294.7825, 260.05999999999995, 350.8215102040817, 276.53)",弱风化√,INLINE_OR_SUFFIX,False,IN_SCOPE,"(294.7825, 260.05999999999995, 350.8215102040817, 276.53)",弱风化√,same_cell_mark,/Users/zhaoxiaoda/Library/CloudStorage/GoogleDrive-xiaodazhao0608@gmail.com/我的云端硬盘/TBM9/SKETCH/DyK1016+719.00_伯舒拉岭右线洞身素描记录表 37.pdf,FACE_SKETCH
168e7eca06059188abef16e7,CHECKBOX_POSITION,168e7eca06059188abef16e7,,DyK1016+719.00_伯舒拉岭右线洞身素描记录表 37.pdf,间距,"(294.7825, 276.53, 350.8215102040817, 303.65)",0.2～0.6√,INLINE_OR_SUFFIX,False,IN_SCOPE,"(294.7825, 276.53, 350.8215102040817, 303.65)",0.2～0.6√,same_cell_mark,/Users/zhaoxiaoda/Library/CloudStorage/GoogleDrive-xiaodazhao0608@gmail.com/我的云端硬盘/TBM9/SKETCH/DyK1016+719.00_伯舒拉岭右线洞身素描记录表 37.pdf,FACE_SKETCH
168e7eca06059188abef16e7,CHECKBOX_POSITION,168e7eca06059188abef16e7,,DyK1016+719.00_伯舒拉岭右线洞身素描记录表 37.pdf,延伸性,"(294.7825, 303.65, 350.8215102040817, 320.57)",中等√,INLINE_OR_SUFFIX,False,IN_SCOPE,"(294.7825, 303.65, 350.8215102040817, 320.57)",中等√,same_cell_mark,/Users/zhaoxiaoda/Library/CloudStorage/GoogleDrive-xiaodazhao0608@gmail.com/我的云端硬盘/TBM9/SKETCH/DyK1016+719.00_伯舒拉岭右线洞身素描记录表 37.pdf,FACE_SKETCH
168e7eca06059188abef16e7,CHECKBOX_POSITION,168e7eca06059188abef16e7,,DyK1016+719.00_伯舒拉岭右线洞身素描记录表 37.pdf,粗糙度,"(294.7825, 320.57, 407.0125, 340.12999999999994)",平整光滑有擦痕√,INLINE_OR_SUFFIX,False,IN_SCOPE,"(294.7825, 320.57, 407.0125, 340.12999999999994)",平整光滑有擦痕√,same_cell_mark,/Users/zhaoxiaoda/Library/CloudStorage/GoogleDrive-xiaodazhao0608@gmail.com/我的云端硬盘/TBM9/SKETCH/DyK1016+719.00_伯舒拉岭右线洞身素描记录表 37.pdf,FACE_SKETCH
168e7eca06059188abef16e7,CHECKBOX_POSITION,168e7eca06059188abef16e7,,DyK1016+719.00_伯舒拉岭右线洞身素描记录表 37.pdf,张开性,"(158.2432, 340.12999999999994, 225.00022222222222, 372.40999999999997)",密闭＜0. 1√,INLINE_OR_SUFFIX,False,IN_SCOPE,"(158.2432, 340.12999999999994, 225.00022222222222, 372.40999999999997)",密闭＜0. 1√,same_cell_mark,/Users/zhaoxiaoda/Library/CloudStorage/GoogleDrive-xiaodazhao0608@gmail.com/我的云端硬盘/TBM9/SKETCH/DyK1016+719.00_伯舒拉岭右线洞身素描记录表 37.pdf,FACE_SKETCH
168e7eca06059188abef16e7,CHECKBOX_POSITION,168e7eca06059188abef16e7,,DyK1016+719.00_伯舒拉岭右线洞身素描记录表 37.pdf,岩溶发育程度,"(225.00022222222222, 404.09, 294.7825, 420.28999999999996)",无√,INLINE_OR_SUFFIX,False,IN_SCOPE,"(225.00022222222222, 404.09, 294.7825, 420.28999999999996)",无√,same_cell_mark,/Users/zhaoxiaoda/Library/CloudStorage/GoogleDrive-xiaodazhao0608@gmail.com/我的云端硬盘/TBM9/SKETCH/DyK1016+719.00_伯舒拉岭右线洞身素描记录表 37.pdf,FACE_SKETCH
15788acf679bc9c1b5c93c58,CHECKBOX_POSITION,15788acf679bc9c1b5c93c58,,DyK1016+749.00_伯舒拉岭右线洞身素描记录表 38.pdf,掌子面状态,"(225.00022355555558, 174.61999500000002, 294.782508125, 190.81999499999998)",正面掉块√,INLINE_OR_SUFFIX,False,IN_SCOPE,"(225.00022355555558, 174.61999500000002, 294.782508125, 190.81999499999998)",正面掉块√,same_cell_mark,/Users/zhaoxiaoda/Library/CloudStorage/GoogleDrive-xiaodazhao0608@gmail.com/我的云端硬盘/TBM9/SKETCH/DyK1016+749.00_伯舒拉岭右线洞身素描记录表 38.pdf,FACE_SKETCH
15788acf679bc9c1b5c93c58,CHECKBOX_POSITION,15788acf679bc9c1b5c93c58,,DyK1016+749.00_伯舒拉岭右线洞身素描记录表 38.pdf,毛开挖面状态,"(225.00022355555558, 190.81999499999998, 294.782508125, 222.499995)",随时间松弛、 掉块√,INLINE_OR_SUFFIX,False,IN_SCOPE,"(225.00022355555558, 190.81999499999998, 294.782508125, 222.499995)",随时间松弛、 掉块√,same_cell_mark,/Users/zhaoxiaoda/Library/CloudStorage/GoogleDrive-xiaodazhao0608@gmail.com/我的云端硬盘/TBM9/SKETCH/DyK1016+749.00_伯舒拉岭右线洞身素描记录表 38.pdf,FACE_SKETCH
15788acf679bc9c1b5c93c58,CHECKBOX_POSITION,15788acf679bc9c1b5c93c58,,DyK1016+749.00_伯舒拉岭右线洞身素描记录表 38.pdf,岩石强度,"(294.782508125, 222.499995, 350.8215091836734, 260.06000499999993)",15＜ R≤30√,INLINE_OR_SUFFIX,False,IN_SCOPE,"(294.782508125, 222.499995, 350.8215091836734, 260.06000499999993)",15＜ R≤30√,same_cell_mark,/Users/zhaoxiaoda/Library/CloudStorage/GoogleDrive-xiaodazhao0608@gmail.com/我的云端硬盘/TBM9/SKETCH/DyK1016+749.00_伯舒拉岭右线洞身素描记录表 38.pdf,FACE_SKETCH
15788acf679bc9c1b5c93c58,CHECKBOX_POSITION,15788acf679bc9c1b5c93c58,,DyK1016+749.00_伯舒拉岭右线洞身素描记录表 38.pdf,风化程度,"(294.782508125, 260.06000499999993, 350.8215091836734, 276.52999)",弱风化√,INLINE_OR_SUFFIX,False,IN_SCOPE,"(294.782508125, 260.06000499999993, 350.8215091836734, 276.52999)",弱风化√,same_cell_mark,/Users/zhaoxiaoda/Library/CloudStorage/GoogleDrive-xiaodazhao0608@gmail.com/我的云端硬盘/TBM9/SKETCH/DyK1016+749.00_伯舒拉岭右线洞身素描记录表 38.pdf,FACE_SKETCH
15788acf679bc9c1b5c93c58,CHECKBOX_POSITION,15788acf679bc9c1b5c93c58,,DyK1016+749.00_伯舒拉岭右线洞身素描记录表 38.pdf,间距,"(294.782508125, 276.52999, 350.8215091836734, 303.65000499999996)",0.2～0.6√,INLINE_OR_SUFFIX,False,IN_SCOPE,"(294.782508125, 276.52999, 350.8215091836734, 303.65000499999996)",0.2～0.6√,same_cell_mark,/Users/zhaoxiaoda/Library/CloudStorage/GoogleDrive-xiaodazhao0608@gmail.com/我的云端硬盘/TBM9/SKETCH/DyK1016+749.00_伯舒拉岭右线洞身素描记录表 38.pdf,FACE_SKETCH
15788acf679bc9c1b5c93c58,CHECKBOX_POSITION,15788acf679bc9c1b5c93c58,,DyK1016+749.00_伯舒拉岭右线洞身素描记录表 38.pdf,延伸性,"(294.782508125, 303.65000499999996, 350.8215091836734, 320.5700049999999)",中等√,INLINE_OR_SUFFIX,False,IN_SCOPE,"(294.782508125, 303.65000499999996, 350.8215091836734, 320.5700049999999)",中等√,same_cell_mark,/Users/zhaoxiaoda/Library/CloudStorage/GoogleDrive-xiaodazhao0608@gmail.com/我的云端硬盘/TBM9/SKETCH/DyK1016+749.00_伯舒拉岭右线洞身素描记录表 38.pdf,FACE_SKETCH
15788acf679bc9c1b5c93c58,CHECKBOX_POSITION,15788acf679bc9c1b5c93c58,,DyK1016+749.00_伯舒拉岭右线洞身素描记录表 38.pdf,粗糙度,"(294.782508125, 320.5700049999999, 407.0125058333333, 340.12998999999996)",平整光滑有擦痕√,INLINE_OR_SUFFIX,False,IN_SCOPE,"(294.782508125, 320.5700049999999, 407.0125058333333, 340.12998999999996)",平整光滑有擦痕√,same_cell_mark,/Users/zhaoxiaoda/Library/CloudStorage/GoogleDrive-xiaodazhao0608@gmail.com/我的云端硬盘/TBM9/SKETCH/DyK1016+749.00_伯舒拉岭右线洞身素描记录表 38.pdf,FACE_SKETCH
15788acf679bc9c1b5c93c58,CHECKBOX_POSITION,15788acf679bc9c1b5c93c58,,DyK1016+749.00_伯舒拉岭右线洞身素描记录表 38.pdf,张开性,"(158.24320219999998, 340.12998999999996, 225.00022355555558, 372.40999)",密闭＜0. 1√,INLINE_OR_SUFFIX,False,IN_SCOPE,"(158.24320219999998, 340.12998999999996, 225.00022355555558, 372.40999)",密闭＜0. 1√,same_cell_mark,/Users/zhaoxiaoda/Library/CloudStorage/GoogleDrive-xiaodazhao0608@gmail.com/我的云端硬盘/TBM9/SKETCH/DyK1016+749.00_伯舒拉岭右线洞身素描记录表 38.pdf,FACE_SKETCH
15788acf679bc9c1b5c93c58,CHECKBOX_POSITION,15788acf679bc9c1b5c93c58,,DyK1016+749.00_伯舒拉岭右线洞身素描记录表 38.pdf,岩溶发育程度,"(225.00022355555558, 404.090005, 294.782508125, 420.290005)",无√,INLINE_OR_SUFFIX,False,IN_SCOPE,"(225.00022355555558, 404.090005, 294.782508125, 420.290005)",无√,same_cell_mark,/Users/zhaoxiaoda/Library/CloudStorage/GoogleDrive-xiaodazhao0608@gmail.com/我的云端硬盘/TBM9/SKETCH/DyK1016+749.00_伯舒拉岭右线洞身素描记录表 38.pdf,FACE_SKETCH
3cb5be4df389197c297af086,CHECKBOX_POSITION,3cb5be4df389197c297af086,,DyK1016+779.00_伯舒拉岭右线洞身素描记录表 39.pdf,掌子面状态,"(225.00022355555558, 174.61999500000002, 294.782508125, 190.81999499999998)",正面掉块√,INLINE_OR_SUFFIX,False,IN_SCOPE,"(225.00022355555558, 174.61999500000002, 294.782508125, 190.81999499999998)",正面掉块√,same_cell_mark,/Users/zhaoxiaoda/Library/CloudStorage/GoogleDrive-xiaodazhao0608@gmail.com/我的云端硬盘/TBM9/SKETCH/DyK1016+779.00_伯舒拉岭右线洞身素描记录表 39.pdf,FACE_SKETCH
3cb5be4df389197c297af086,CHECKBOX_POSITION,3cb5be4df389197c297af086,,DyK1016+779.00_伯舒拉岭右线洞身素描记录表 39.pdf,毛开挖面状态,"(225.00022355555558, 190.81999499999998, 294.782508125, 222.499995)",随时间松弛、 掉块√,INLINE_OR_SUFFIX,False,IN_SCOPE,"(225.00022355555558, 190.81999499999998, 294.782508125, 222.499995)",随时间松弛、 掉块√,same_cell_mark,/Users/zhaoxiaoda/Library/CloudStorage/GoogleDrive-xiaodazhao0608@gmail.com/我的云端硬盘/TBM9/SKETCH/DyK1016+779.00_伯舒拉岭右线洞身素描记录表 39.pdf,FACE_SKETCH
3cb5be4df389197c297af086,CHECKBOX_POSITION,3cb5be4df389197c297af086,,DyK1016+779.00_伯舒拉岭右线洞身素描记录表 39.pdf,岩石强度,"(294.782508125, 222.499995, 350.8215091836734, 260.06000499999993)",15＜ R≤30√,INLINE_OR_SUFFIX,False,IN_SCOPE,"(294.782508125, 222.499995, 350.8215091836734, 260.06000499999993)",15＜ R≤30√,same_cell_mark,/Users/zhaoxiaoda/Library/CloudStorage/GoogleDrive-xiaodazhao0608@gmail.com/我的云端硬盘/TBM9/SKETCH/DyK1016+779.00_伯舒拉岭右线洞身素描记录表 39.pdf,FACE_SKETCH
3cb5be4df389197c297af086,CHECKBOX_POSITION,3cb5be4df389197c297af086,,DyK1016+779.00_伯舒拉岭右线洞身素描记录表 39.pdf,风化程度,"(294.782508125, 260.06000499999993, 350.8215091836734, 276.52999)",弱风化√,INLINE_OR_SUFFIX,False,IN_SCOPE,"(294.782508125, 260.06000499999993, 350.8215091836734, 276.52999)",弱风化√,same_cell_mark,/Users/zhaoxiaoda/Library/CloudStorage/GoogleDrive-xiaodazhao0608@gmail.com/我的云端硬盘/TBM9/SKETCH/DyK1016+779.00_伯舒拉岭右线洞身素描记录表 39.pdf,FACE_SKETCH
3cb5be4df389197c297af086,CHECKBOX_POSITION,3cb5be4df389197c297af086,,DyK1016+779.00_伯舒拉岭右线洞身素描记录表 39.pdf,间距,"(294.782508125, 276.52999, 350.8215091836734, 303.65000499999996)",0.2～0.6√,INLINE_OR_SUFFIX,False,IN_SCOPE,"(294.782508125, 276.52999, 350.8215091836734, 303.65000499999996)",0.2～0.6√,same_cell_mark,/Users/zhaoxiaoda/Library/CloudStorage/GoogleDrive-xiaodazhao0608@gmail.com/我的云端硬盘/TBM9/SKETCH/DyK1016+779.00_伯舒拉岭右线洞身素描记录表 39.pdf,FACE_SKETCH
3cb5be4df389197c297af086,CHECKBOX_POSITION,3cb5be4df389197c297af086,,DyK1016+779.00_伯舒拉岭右线洞身素描记录表 39.pdf,延伸性,"(294.782508125, 303.65000499999996, 350.8215091836734, 320.5700049999999)",中等√,INLINE_OR_SUFFIX,False,IN_SCOPE,"(294.782508125, 303.65000499999996, 350.8215091836734, 320.5700049999999)",中等√,same_cell_mark,/Users/zhaoxiaoda/Library/CloudStorage/GoogleDrive-xiaodazhao0608@gmail.com/我的云端硬盘/TBM9/SKETCH/DyK1016+779.00_伯舒拉岭右线洞身素描记录表 39.pdf,FACE_SKETCH
3cb5be4df389197c297af086,CHECKBOX_POSITION,3cb5be4df389197c297af086,,DyK1016+779.00_伯舒拉岭右线洞身素描记录表 39.pdf,粗糙度,"(294.782508125, 320.5700049999999, 407.0125058333333, 340.12998999999996)",平整光滑有擦痕√,INLINE_OR_SUFFIX,False,IN_SCOPE,"(294.782508125, 320.5700049999999, 407.0125058333333, 340.12998999999996)",平整光滑有擦痕√,same_cell_mark,/Users/zhaoxiaoda/Library/CloudStorage/GoogleDrive-xiaodazhao0608@gmail.com/我的云端硬盘/TBM9/SKETCH/DyK1016+779.00_伯舒拉岭右线洞身素描记录表 39.pdf,FACE_SKETCH
3cb5be4df389197c297af086,CHECKBOX_POSITION,3cb5be4df389197c297af086,,DyK1016+779.00_伯舒拉岭右线洞身素描记录表 39.pdf,张开性,"(158.24320219999998, 340.12998999999996, 225.00022355555558, 372.40999)",密闭＜0. 1√,INLINE_OR_SUFFIX,False,IN_SCOPE,"(158.24320219999998, 340.12998999999996, 225.00022355555558, 372.40999)",密闭＜0. 1√,same_cell_mark,/Users/zhaoxiaoda/Library/CloudStorage/GoogleDrive-xiaodazhao0608@gmail.com/我的云端硬盘/TBM9/SKETCH/DyK1016+779.00_伯舒拉岭右线洞身素描记录表 39.pdf,FACE_SKETCH
3cb5be4df389197c297af086,CHECKBOX_POSITION,3cb5be4df389197c297af086,,DyK1016+779.00_伯舒拉岭右线洞身素描记录表 39.pdf,岩溶发育程度,"(225.00022355555558, 404.090005, 294.782508125, 420.290005)",无√,INLINE_OR_SUFFIX,False,IN_SCOPE,"(225.00022355555558, 404.090005, 294.782508125, 420.290005)",无√,same_cell_mark,/Users/zhaoxiaoda/Library/CloudStorage/GoogleDrive-xiaodazhao0608@gmail.com/我的云端硬盘/TBM9/SKETCH/DyK1016+779.00_伯舒拉岭右线洞身素描记录表 39.pdf,FACE_SKETCH
0c738904c41ad76278dbda26,CHECKBOX_POSITION,0c738904c41ad76278dbda26,,DyK1016+809.00_伯舒拉岭右线洞身素描记录表 40.pdf,掌子面状态,"(225.00022355555558, 174.61999500000002, 294.782508125, 190.81999499999998)",正面掉块√,INLINE_OR_SUFFIX,False,IN_SCOPE,"(225.00022355555558, 174.61999500000002, 294.782508125, 190.81999499999998)",正面掉块√,same_cell_mark,/Users/zhaoxiaoda/Library/CloudStorage/GoogleDrive-xiaodazhao0608@gmail.com/我的云端硬盘/TBM9/SKETCH/DyK1016+809.00_伯舒拉岭右线洞身素描记录表 40.pdf,FACE_SKETCH
0c738904c41ad76278dbda26,CHECKBOX_POSITION,0c738904c41ad76278dbda26,,DyK1016+809.00_伯舒拉岭右线洞身素描记录表 40.pdf,毛开挖面状态,"(225.00022355555558, 190.81999499999998, 294.782508125, 222.499995)",随时间松弛、 掉块√,INLINE_OR_SUFFIX,False,IN_SCOPE,"(225.00022355555558, 190.81999499999998, 294.782508125, 222.499995)",随时间松弛、 掉块√,same_cell_mark,/Users/zhaoxiaoda/Library/CloudStorage/GoogleDrive-xiaodazhao0608@gmail.com/我的云端硬盘/TBM9/SKETCH/DyK1016+809.00_伯舒拉岭右线洞身素描记录表 40.pdf,FACE_SKETCH
0c738904c41ad76278dbda26,CHECKBOX_POSITION,0c738904c41ad76278dbda26,,DyK1016+809.00_伯舒拉岭右线洞身素描记录表 40.pdf,岩石强度,"(294.782508125, 222.499995, 350.8215091836734, 260.06000499999993)",15＜ R≤30√,INLINE_OR_SUFFIX,False,IN_SCOPE,"(294.782508125, 222.499995, 350.8215091836734, 260.06000499999993)",15＜ R≤30√,same_cell_mark,/Users/zhaoxiaoda/Library/CloudStorage/GoogleDrive-xiaodazhao0608@gmail.com/我的云端硬盘/TBM9/SKETCH/DyK1016+809.00_伯舒拉岭右线洞身素描记录表 40.pdf,FACE_SKETCH
0c738904c41ad76278dbda26,CHECKBOX_POSITION,0c738904c41ad76278dbda26,,DyK1016+809.00_伯舒拉岭右线洞身素描记录表 40.pdf,风化程度,"(294.782508125, 260.06000499999993, 350.8215091836734, 276.52999)",弱风化√,INLINE_OR_SUFFIX,False,IN_SCOPE,"(294.782508125, 260.06000499999993, 350.8215091836734, 276.52999)",弱风化√,same_cell_mark,/Users/zhaoxiaoda/Library/CloudStorage/GoogleDrive-xiaodazhao0608@gmail.com/我的云端硬盘/TBM9/SKETCH/DyK1016+809.00_伯舒拉岭右线洞身素描记录表 40.pdf,FACE_SKETCH
0c738904c41ad76278dbda26,CHECKBOX_POSITION,0c738904c41ad76278dbda26,,DyK1016+809.00_伯舒拉岭右线洞身素描记录表 40.pdf,间距,"(294.782508125, 276.52999, 350.8215091836734, 303.65000499999996)",0.2～0.6√,INLINE_OR_SUFFIX,False,IN_SCOPE,"(294.782508125, 276.52999, 350.8215091836734, 303.65000499999996)",0.2～0.6√,same_cell_mark,/Users/zhaoxiaoda/Library/CloudStorage/GoogleDrive-xiaodazhao0608@gmail.com/我的云端硬盘/TBM9/SKETCH/DyK1016+809.00_伯舒拉岭右线洞身素描记录表 40.pdf,FACE_SKETCH
0c738904c41ad76278dbda26,CHECKBOX_POSITION,0c738904c41ad76278dbda26,,DyK1016+809.00_伯舒拉岭右线洞身素描记录表 40.pdf,延伸性,"(294.782508125, 303.65000499999996, 350.8215091836734, 320.5700049999999)",中等√,INLINE_OR_SUFFIX,False,IN_SCOPE,"(294.782508125, 303.65000499999996, 350.8215091836734, 320.5700049999999)",中等√,same_cell_mark,/Users/zhaoxiaoda/Library/CloudStorage/GoogleDrive-xiaodazhao0608@gmail.com/我的云端硬盘/TBM9/SKETCH/DyK1016+809.00_伯舒拉岭右线洞身素描记录表 40.pdf,FACE_SKETCH
0c738904c41ad76278dbda26,CHECKBOX_POSITION,0c738904c41ad76278dbda26,,DyK1016+809.00_伯舒拉岭右线洞身素描记录表 40.pdf,粗糙度,"(294.782508125, 320.5700049999999, 407.0125058333333, 340.12998999999996)",平整光滑有擦痕√,INLINE_OR_SUFFIX,False,IN_SCOPE,"(294.782508125, 320.5700049999999, 407.0125058333333, 340.12998999999996)",平整光滑有擦痕√,same_cell_mark,/Users/zhaoxiaoda/Library/CloudStorage/GoogleDrive-xiaodazhao0608@gmail.com/我的云端硬盘/TBM9/SKETCH/DyK1016+809.00_伯舒拉岭右线洞身素描记录表 40.pdf,FACE_SKETCH
0c738904c41ad76278dbda26,CHECKBOX_POSITION,0c738904c41ad76278dbda26,,DyK1016+809.00_伯舒拉岭右线洞身素描记录表 40.pdf,张开性,"(158.24320219999998, 340.12998999999996, 225.00022355555558, 372.40999)",密闭＜0. 1√,INLINE_OR_SUFFIX,False,IN_SCOPE,"(158.24320219999998, 340.12998999999996, 225.00022355555558, 372.40999)",密闭＜0. 1√,same_cell_mark,/Users/zhaoxiaoda/Library/CloudStorage/GoogleDrive-xiaodazhao0608@gmail.com/我的云端硬盘/TBM9/SKETCH/DyK1016+809.00_伯舒拉岭右线洞身素描记录表 40.pdf,FACE_SKETCH
0c738904c41ad76278dbda26,CHECKBOX_POSITION,0c738904c41ad76278dbda26,,DyK1016+809.00_伯舒拉岭右线洞身素描记录表 40.pdf,岩溶发育程度,"(225.00022355555558, 404.090005, 294.782508125, 420.290005)",无√,INLINE_OR_SUFFIX,False,IN_SCOPE,"(225.00022355555558, 404.090005, 294.782508125, 420.290005)",无√,same_cell_mark,/Users/zhaoxiaoda/Library/CloudStorage/GoogleDrive-xiaodazhao0608@gmail.com/我的云端硬盘/TBM9/SKETCH/DyK1016+809.00_伯舒拉岭右线洞身素描记录表 40.pdf,FACE_SKETCH
240df37778e01b12474831fe,CHECKBOX_POSITION,240df37778e01b12474831fe,,DyK1016+839.00_伯舒拉岭右线洞身素描记录表 41.pdf,掌子面状态,"(225.00022355555558, 174.61999500000002, 294.782508125, 190.81999499999998)",正面掉块√,INLINE_OR_SUFFIX,False,IN_SCOPE,"(225.00022355555558, 174.61999500000002, 294.782508125, 190.81999499999998)",正面掉块√,same_cell_mark,/Users/zhaoxiaoda/Library/CloudStorage/GoogleDrive-xiaodazhao0608@gmail.com/我的云端硬盘/TBM9/SKETCH/DyK1016+839.00_伯舒拉岭右线洞身素描记录表 41.pdf,FACE_SKETCH
240df37778e01b12474831fe,CHECKBOX_POSITION,240df37778e01b12474831fe,,DyK1016+839.00_伯舒拉岭右线洞身素描记录表 41.pdf,毛开挖面状态,"(225.00022355555558, 190.81999499999998, 294.782508125, 222.499995)",随时间松弛、 掉块√,INLINE_OR_SUFFIX,False,IN_SCOPE,"(225.00022355555558, 190.81999499999998, 294.782508125, 222.499995)",随时间松弛、 掉块√,same_cell_mark,/Users/zhaoxiaoda/Library/CloudStorage/GoogleDrive-xiaodazhao0608@gmail.com/我的云端硬盘/TBM9/SKETCH/DyK1016+839.00_伯舒拉岭右线洞身素描记录表 41.pdf,FACE_SKETCH
240df37778e01b12474831fe,CHECKBOX_POSITION,240df37778e01b12474831fe,,DyK1016+839.00_伯舒拉岭右线洞身素描记录表 41.pdf,岩石强度,"(294.782508125, 222.499995, 350.8215091836734, 260.06000499999993)",15＜ R≤30√,INLINE_OR_SUFFIX,False,IN_SCOPE,"(294.782508125, 222.499995, 350.8215091836734, 260.06000499999993)",15＜ R≤30√,same_cell_mark,/Users/zhaoxiaoda/Library/CloudStorage/GoogleDrive-xiaodazhao0608@gmail.com/我的云端硬盘/TBM9/SKETCH/DyK1016+839.00_伯舒拉岭右线洞身素描记录表 41.pdf,FACE_SKETCH
240df37778e01b12474831fe,CHECKBOX_POSITION,240df37778e01b12474831fe,,DyK1016+839.00_伯舒拉岭右线洞身素描记录表 41.pdf,风化程度,"(294.782508125, 260.06000499999993, 350.8215091836734, 276.52999)",弱风化√,INLINE_OR_SUFFIX,False,IN_SCOPE,"(294.782508125, 260.06000499999993, 350.8215091836734, 276.52999)",弱风化√,same_cell_mark,/Users/zhaoxiaoda/Library/CloudStorage/GoogleDrive-xiaodazhao0608@gmail.com/我的云端硬盘/TBM9/SKETCH/DyK1016+839.00_伯舒拉岭右线洞身素描记录表 41.pdf,FACE_SKETCH
240df37778e01b12474831fe,CHECKBOX_POSITION,240df37778e01b12474831fe,,DyK1016+839.00_伯舒拉岭右线洞身素描记录表 41.pdf,间距,"(294.782508125, 276.52999, 350.8215091836734, 303.65000499999996)",0.2～0.6√,INLINE_OR_SUFFIX,False,IN_SCOPE,"(294.782508125, 276.52999, 350.8215091836734, 303.65000499999996)",0.2～0.6√,same_cell_mark,/Users/zhaoxiaoda/Library/CloudStorage/GoogleDrive-xiaodazhao0608@gmail.com/我的云端硬盘/TBM9/SKETCH/DyK1016+839.00_伯舒拉岭右线洞身素描记录表 41.pdf,FACE_SKETCH
240df37778e01b12474831fe,CHECKBOX_POSITION,240df37778e01b12474831fe,,DyK1016+839.00_伯舒拉岭右线洞身素描记录表 41.pdf,延伸性,"(294.782508125, 303.65000499999996, 350.8215091836734, 320.5700049999999)",中等√,INLINE_OR_SUFFIX,False,IN_SCOPE,"(294.782508125, 303.65000499999996, 350.8215091836734, 320.5700049999999)",中等√,same_cell_mark,/Users/zhaoxiaoda/Library/CloudStorage/GoogleDrive-xiaodazhao0608@gmail.com/我的云端硬盘/TBM9/SKETCH/DyK1016+839.00_伯舒拉岭右线洞身素描记录表 41.pdf,FACE_SKETCH
240df37778e01b12474831fe,CHECKBOX_POSITION,240df37778e01b12474831fe,,DyK1016+839.00_伯舒拉岭右线洞身素描记录表 41.pdf,粗糙度,"(294.782508125, 320.5700049999999, 407.0125058333333, 340.12998999999996)",平整光滑有擦痕√,INLINE_OR_SUFFIX,False,IN_SCOPE,"(294.782508125, 320.5700049999999, 407.0125058333333, 340.12998999999996)",平整光滑有擦痕√,same_cell_mark,/Users/zhaoxiaoda/Library/CloudStorage/GoogleDrive-xiaodazhao0608@gmail.com/我的云端硬盘/TBM9/SKETCH/DyK1016+839.00_伯舒拉岭右线洞身素描记录表 41.pdf,FACE_SKETCH
240df37778e01b12474831fe,CHECKBOX_POSITION,240df37778e01b12474831fe,,DyK1016+839.00_伯舒拉岭右线洞身素描记录表 41.pdf,张开性,"(158.24320219999998, 340.12998999999996, 225.00022355555558, 372.40999)",密闭＜0. 1√,INLINE_OR_SUFFIX,False,IN_SCOPE,"(158.24320219999998, 340.12998999999996, 225.00022355555558, 372.40999)",密闭＜0. 1√,same_cell_mark,/Users/zhaoxiaoda/Library/CloudStorage/GoogleDrive-xiaodazhao0608@gmail.com/我的云端硬盘/TBM9/SKETCH/DyK1016+839.00_伯舒拉岭右线洞身素描记录表 41.pdf,FACE_SKETCH
240df37778e01b12474831fe,CHECKBOX_POSITION,240df37778e01b12474831fe,,DyK1016+839.00_伯舒拉岭右线洞身素描记录表 41.pdf,岩溶发育程度,"(225.00022355555558, 404.090005, 294.782508125, 420.290005)",无√,INLINE_OR_SUFFIX,False,IN_SCOPE,"(225.00022355555558, 404.090005, 294.782508125, 420.290005)",无√,same_cell_mark,/Users/zhaoxiaoda/Library/CloudStorage/GoogleDrive-xiaodazhao0608@gmail.com/我的云端硬盘/TBM9/SKETCH/DyK1016+839.00_伯舒拉岭右线洞身素描记录表 41.pdf,FACE_SKETCH
f09c487f84df68ddb3c386c1,CHECKBOX_POSITION,f09c487f84df68ddb3c386c1,,DyK1016+869.00_伯舒拉岭右线洞身素描记录表 42.pdf,掌子面状态,"(225.00022355555558, 174.61999500000002, 294.782508125, 190.81999499999998)",正面掉块√,INLINE_OR_SUFFIX,False,IN_SCOPE,"(225.00022355555558, 174.61999500000002, 294.782508125, 190.81999499999998)",正面掉块√,same_cell_mark,/Users/zhaoxiaoda/Library/CloudStorage/GoogleDrive-xiaodazhao0608@gmail.com/我的云端硬盘/TBM9/SKETCH/DyK1016+869.00_伯舒拉岭右线洞身素描记录表 42.pdf,FACE_SKETCH
f09c487f84df68ddb3c386c1,CHECKBOX_POSITION,f09c487f84df68ddb3c386c1,,DyK1016+869.00_伯舒拉岭右线洞身素描记录表 42.pdf,毛开挖面状态,"(225.00022355555558, 190.81999499999998, 294.782508125, 222.499995)",随时间松弛、 掉块√,INLINE_OR_SUFFIX,False,IN_SCOPE,"(225.00022355555558, 190.81999499999998, 294.782508125, 222.499995)",随时间松弛、 掉块√,same_cell_mark,/Users/zhaoxiaoda/Library/CloudStorage/GoogleDrive-xiaodazhao0608@gmail.com/我的云端硬盘/TBM9/SKETCH/DyK1016+869.00_伯舒拉岭右线洞身素描记录表 42.pdf,FACE_SKETCH
f09c487f84df68ddb3c386c1,CHECKBOX_POSITION,f09c487f84df68ddb3c386c1,,DyK1016+869.00_伯舒拉岭右线洞身素描记录表 42.pdf,岩石强度,"(294.782508125, 222.499995, 350.8215091836734, 260.06000499999993)",15＜ R≤30√,INLINE_OR_SUFFIX,False,IN_SCOPE,"(294.782508125, 222.499995, 350.8215091836734, 260.06000499999993)",15＜ R≤30√,same_cell_mark,/Users/zhaoxiaoda/Library/CloudStorage/GoogleDrive-xiaodazhao0608@gmail.com/我的云端硬盘/TBM9/SKETCH/DyK1016+869.00_伯舒拉岭右线洞身素描记录表 42.pdf,FACE_SKETCH
f09c487f84df68ddb3c386c1,CHECKBOX_POSITION,f09c487f84df68ddb3c386c1,,DyK1016+869.00_伯舒拉岭右线洞身素描记录表 42.pdf,风化程度,"(294.782508125, 260.06000499999993, 350.8215091836734, 276.52999)",弱风化√,INLINE_OR_SUFFIX,False,IN_SCOPE,"(294.782508125, 260.06000499999993, 350.8215091836734, 276.52999)",弱风化√,same_cell_mark,/Users/zhaoxiaoda/Library/CloudStorage/GoogleDrive-xiaodazhao0608@gmail.com/我的云端硬盘/TBM9/SKETCH/DyK1016+869.00_伯舒拉岭右线洞身素描记录表 42.pdf,FACE_SKETCH
f09c487f84df68ddb3c386c1,CHECKBOX_POSITION,f09c487f84df68ddb3c386c1,,DyK1016+869.00_伯舒拉岭右线洞身素描记录表 42.pdf,间距,"(294.782508125, 276.52999, 350.8215091836734, 303.65000499999996)",0.2～0.6√,INLINE_OR_SUFFIX,False,IN_SCOPE,"(294.782508125, 276.52999, 350.8215091836734, 303.65000499999996)",0.2～0.6√,same_cell_mark,/Users/zhaoxiaoda/Library/CloudStorage/GoogleDrive-xiaodazhao0608@gmail.com/我的云端硬盘/TBM9/SKETCH/DyK1016+869.00_伯舒拉岭右线洞身素描记录表 42.pdf,FACE_SKETCH
f09c487f84df68ddb3c386c1,CHECKBOX_POSITION,f09c487f84df68ddb3c386c1,,DyK1016+869.00_伯舒拉岭右线洞身素描记录表 42.pdf,延伸性,"(294.782508125, 303.65000499999996, 350.8215091836734, 320.5700049999999)",中等√,INLINE_OR_SUFFIX,False,IN_SCOPE,"(294.782508125, 303.65000499999996, 350.8215091836734, 320.5700049999999)",中等√,same_cell_mark,/Users/zhaoxiaoda/Library/CloudStorage/GoogleDrive-xiaodazhao0608@gmail.com/我的云端硬盘/TBM9/SKETCH/DyK1016+869.00_伯舒拉岭右线洞身素描记录表 42.pdf,FACE_SKETCH
f09c487f84df68ddb3c386c1,CHECKBOX_POSITION,f09c487f84df68ddb3c386c1,,DyK1016+869.00_伯舒拉岭右线洞身素描记录表 42.pdf,粗糙度,"(294.782508125, 320.5700049999999, 407.0125058333333, 340.12998999999996)",平整光滑有擦痕√,INLINE_OR_SUFFIX,False,IN_SCOPE,"(294.782508125, 320.5700049999999, 407.0125058333333, 340.12998999999996)",平整光滑有擦痕√,same_cell_mark,/Users/zhaoxiaoda/Library/CloudStorage/GoogleDrive-xiaodazhao0608@gmail.com/我的云端硬盘/TBM9/SKETCH/DyK1016+869.00_伯舒拉岭右线洞身素描记录表 42.pdf,FACE_SKETCH
f09c487f84df68ddb3c386c1,CHECKBOX_POSITION,f09c487f84df68ddb3c386c1,,DyK1016+869.00_伯舒拉岭右线洞身素描记录表 42.pdf,张开性,"(158.24320219999998, 340.12998999999996, 225.00022355555558, 372.40999)",密闭＜0. 1√,INLINE_OR_SUFFIX,False,IN_SCOPE,"(158.24320219999998, 340.12998999999996, 225.00022355555558, 372.40999)",密闭＜0. 1√,same_cell_mark,/Users/zhaoxiaoda/Library/CloudStorage/GoogleDrive-xiaodazhao0608@gmail.com/我的云端硬盘/TBM9/SKETCH/DyK1016+869.00_伯舒拉岭右线洞身素描记录表 42.pdf,FACE_SKETCH
f09c487f84df68ddb3c386c1,CHECKBOX_POSITION,f09c487f84df68ddb3c386c1,,DyK1016+869.00_伯舒拉岭右线洞身素描记录表 42.pdf,岩溶发育程度,"(225.00022355555558, 404.090005, 294.782508125, 420.290005)",无√,INLINE_OR_SUFFIX,False,IN_SCOPE,"(225.00022355555558, 404.090005, 294.782508125, 420.290005)",无√,same_cell_mark,/Users/zhaoxiaoda/Library/CloudStorage/GoogleDrive-xiaodazhao0608@gmail.com/我的云端硬盘/TBM9/SKETCH/DyK1016+869.00_伯舒拉岭右线洞身素描记录表 42.pdf,FACE_SKETCH
7063eb72ab80d5ee64f01b2f,CHECKBOX_POSITION,7063eb72ab80d5ee64f01b2f,,DyK1016+899.00_伯舒拉岭右线洞身素描记录表 43.pdf,掌子面状态,"(225.00022355555558, 174.61999500000002, 294.782508125, 190.81999499999998)",正面掉块√,INLINE_OR_SUFFIX,False,IN_SCOPE,"(225.00022355555558, 174.61999500000002, 294.782508125, 190.81999499999998)",正面掉块√,same_cell_mark,/Users/zhaoxiaoda/Library/CloudStorage/GoogleDrive-xiaodazhao0608@gmail.com/我的云端硬盘/TBM9/SKETCH/DyK1016+899.00_伯舒拉岭右线洞身素描记录表 43.pdf,FACE_SKETCH
7063eb72ab80d5ee64f01b2f,CHECKBOX_POSITION,7063eb72ab80d5ee64f01b2f,,DyK1016+899.00_伯舒拉岭右线洞身素描记录表 43.pdf,毛开挖面状态,"(225.00022355555558, 190.81999499999998, 294.782508125, 222.499995)",随时间松弛、 掉块√,INLINE_OR_SUFFIX,False,IN_SCOPE,"(225.00022355555558, 190.81999499999998, 294.782508125, 222.499995)",随时间松弛、 掉块√,same_cell_mark,/Users/zhaoxiaoda/Library/CloudStorage/GoogleDrive-xiaodazhao0608@gmail.com/我的云端硬盘/TBM9/SKETCH/DyK1016+899.00_伯舒拉岭右线洞身素描记录表 43.pdf,FACE_SKETCH
7063eb72ab80d5ee64f01b2f,CHECKBOX_POSITION,7063eb72ab80d5ee64f01b2f,,DyK1016+899.00_伯舒拉岭右线洞身素描记录表 43.pdf,岩石强度,"(294.782508125, 222.499995, 350.8215091836734, 260.06000499999993)",15＜ R≤30√,INLINE_OR_SUFFIX,False,IN_SCOPE,"(294.782508125, 222.499995, 350.8215091836734, 260.06000499999993)",15＜ R≤30√,same_cell_mark,/Users/zhaoxiaoda/Library/CloudStorage/GoogleDrive-xiaodazhao0608@gmail.com/我的云端硬盘/TBM9/SKETCH/DyK1016+899.00_伯舒拉岭右线洞身素描记录表 43.pdf,FACE_SKETCH
7063eb72ab80d5ee64f01b2f,CHECKBOX_POSITION,7063eb72ab80d5ee64f01b2f,,DyK1016+899.00_伯舒拉岭右线洞身素描记录表 43.pdf,风化程度,"(294.782508125, 260.06000499999993, 350.8215091836734, 276.52999)",弱风化√,INLINE_OR_SUFFIX,False,IN_SCOPE,"(294.782508125, 260.06000499999993, 350.8215091836734, 276.52999)",弱风化√,same_cell_mark,/Users/zhaoxiaoda/Library/CloudStorage/GoogleDrive-xiaodazhao0608@gmail.com/我的云端硬盘/TBM9/SKETCH/DyK1016+899.00_伯舒拉岭右线洞身素描记录表 43.pdf,FACE_SKETCH
7063eb72ab80d5ee64f01b2f,CHECKBOX_POSITION,7063eb72ab80d5ee64f01b2f,,DyK1016+899.00_伯舒拉岭右线洞身素描记录表 43.pdf,间距,"(294.782508125, 276.52999, 350.8215091836734, 303.65000499999996)",0.2～0.6√,INLINE_OR_SUFFIX,False,IN_SCOPE,"(294.782508125, 276.52999, 350.8215091836734, 303.65000499999996)",0.2～0.6√,same_cell_mark,/Users/zhaoxiaoda/Library/CloudStorage/GoogleDrive-xiaodazhao0608@gmail.com/我的云端硬盘/TBM9/SKETCH/DyK1016+899.00_伯舒拉岭右线洞身素描记录表 43.pdf,FACE_SKETCH
7063eb72ab80d5ee64f01b2f,CHECKBOX_POSITION,7063eb72ab80d5ee64f01b2f,,DyK1016+899.00_伯舒拉岭右线洞身素描记录表 43.pdf,延伸性,"(294.782508125, 303.65000499999996, 350.8215091836734, 320.5700049999999)",中等√,INLINE_OR_SUFFIX,False,IN_SCOPE,"(294.782508125, 303.65000499999996, 350.8215091836734, 320.5700049999999)",中等√,same_cell_mark,/Users/zhaoxiaoda/Library/CloudStorage/GoogleDrive-xiaodazhao0608@gmail.com/我的云端硬盘/TBM9/SKETCH/DyK1016+899.00_伯舒拉岭右线洞身素描记录表 43.pdf,FACE_SKETCH
7063eb72ab80d5ee64f01b2f,CHECKBOX_POSITION,7063eb72ab80d5ee64f01b2f,,DyK1016+899.00_伯舒拉岭右线洞身素描记录表 43.pdf,粗糙度,"(294.782508125, 320.5700049999999, 407.0125058333333, 340.12998999999996)",平整光滑有擦痕√,INLINE_OR_SUFFIX,False,IN_SCOPE,"(294.782508125, 320.5700049999999, 407.0125058333333, 340.12998999999996)",平整光滑有擦痕√,same_cell_mark,/Users/zhaoxiaoda/Library/CloudStorage/GoogleDrive-xiaodazhao0608@gmail.com/我的云端硬盘/TBM9/SKETCH/DyK1016+899.00_伯舒拉岭右线洞身素描记录表 43.pdf,FACE_SKETCH
7063eb72ab80d5ee64f01b2f,CHECKBOX_POSITION,7063eb72ab80d5ee64f01b2f,,DyK1016+899.00_伯舒拉岭右线洞身素描记录表 43.pdf,张开性,"(158.24320219999998, 340.12998999999996, 225.00022355555558, 372.40999)",密闭＜0. 1√,INLINE_OR_SUFFIX,False,IN_SCOPE,"(158.24320219999998, 340.12998999999996, 225.00022355555558, 372.40999)",密闭＜0. 1√,same_cell_mark,/Users/zhaoxiaoda/Library/CloudStorage/GoogleDrive-xiaodazhao0608@gmail.com/我的云端硬盘/TBM9/SKETCH/DyK1016+899.00_伯舒拉岭右线洞身素描记录表 43.pdf,FACE_SKETCH
7063eb72ab80d5ee64f01b2f,CHECKBOX_POSITION,7063eb72ab80d5ee64f01b2f,,DyK1016+899.00_伯舒拉岭右线洞身素描记录表 43.pdf,岩溶发育程度,"(225.00022355555558, 404.090005, 294.782508125, 420.290005)",无√,INLINE_OR_SUFFIX,False,IN_SCOPE,"(225.00022355555558, 404.090005, 294.782508125, 420.290005)",无√,same_cell_mark,/Users/zhaoxiaoda/Library/CloudStorage/GoogleDrive-xiaodazhao0608@gmail.com/我的云端硬盘/TBM9/SKETCH/DyK1016+899.00_伯舒拉岭右线洞身素描记录表 43.pdf,FACE_SKETCH
c2a97afe5640c6aedeee1652,CHECKBOX_POSITION,c2a97afe5640c6aedeee1652,,DyK1016+929.00_伯舒拉岭右线洞身素描记录表 44.pdf,掌子面状态,"(225.00022355555558, 174.61999500000002, 294.782508125, 190.81999499999998)",正面掉块√,INLINE_OR_SUFFIX,False,IN_SCOPE,"(225.00022355555558, 174.61999500000002, 294.782508125, 190.81999499999998)",正面掉块√,same_cell_mark,/Users/zhaoxiaoda/Library/CloudStorage/GoogleDrive-xiaodazhao0608@gmail.com/我的云端硬盘/TBM9/SKETCH/DyK1016+929.00_伯舒拉岭右线洞身素描记录表 44.pdf,FACE_SKETCH
c2a97afe5640c6aedeee1652,CHECKBOX_POSITION,c2a97afe5640c6aedeee1652,,DyK1016+929.00_伯舒拉岭右线洞身素描记录表 44.pdf,毛开挖面状态,"(225.00022355555558, 190.81999499999998, 294.782508125, 222.499995)",随时间松弛、 掉块√,INLINE_OR_SUFFIX,False,IN_SCOPE,"(225.00022355555558, 190.81999499999998, 294.782508125, 222.499995)",随时间松弛、 掉块√,same_cell_mark,/Users/zhaoxiaoda/Library/CloudStorage/GoogleDrive-xiaodazhao0608@gmail.com/我的云端硬盘/TBM9/SKETCH/DyK1016+929.00_伯舒拉岭右线洞身素描记录表 44.pdf,FACE_SKETCH
c2a97afe5640c6aedeee1652,CHECKBOX_POSITION,c2a97afe5640c6aedeee1652,,DyK1016+929.00_伯舒拉岭右线洞身素描记录表 44.pdf,岩石强度,"(294.782508125, 222.499995, 350.8215091836734, 260.06000499999993)",15＜ R≤30√,INLINE_OR_SUFFIX,False,IN_SCOPE,"(294.782508125, 222.499995, 350.8215091836734, 260.06000499999993)",15＜ R≤30√,same_cell_mark,/Users/zhaoxiaoda/Library/CloudStorage/GoogleDrive-xiaodazhao0608@gmail.com/我的云端硬盘/TBM9/SKETCH/DyK1016+929.00_伯舒拉岭右线洞身素描记录表 44.pdf,FACE_SKETCH
c2a97afe5640c6aedeee1652,CHECKBOX_POSITION,c2a97afe5640c6aedeee1652,,DyK1016+929.00_伯舒拉岭右线洞身素描记录表 44.pdf,风化程度,"(294.782508125, 260.06000499999993, 350.8215091836734, 276.52999)",弱风化√,INLINE_OR_SUFFIX,False,IN_SCOPE,"(294.782508125, 260.06000499999993, 350.8215091836734, 276.52999)",弱风化√,same_cell_mark,/Users/zhaoxiaoda/Library/CloudStorage/GoogleDrive-xiaodazhao0608@gmail.com/我的云端硬盘/TBM9/SKETCH/DyK1016+929.00_伯舒拉岭右线洞身素描记录表 44.pdf,FACE_SKETCH
c2a97afe5640c6aedeee1652,CHECKBOX_POSITION,c2a97afe5640c6aedeee1652,,DyK1016+929.00_伯舒拉岭右线洞身素描记录表 44.pdf,间距,"(294.782508125, 276.52999, 350.8215091836734, 303.65000499999996)",0.2～0.6√,INLINE_OR_SUFFIX,False,IN_SCOPE,"(294.782508125, 276.52999, 350.8215091836734, 303.65000499999996)",0.2～0.6√,same_cell_mark,/Users/zhaoxiaoda/Library/CloudStorage/GoogleDrive-xiaodazhao0608@gmail.com/我的云端硬盘/TBM9/SKETCH/DyK1016+929.00_伯舒拉岭右线洞身素描记录表 44.pdf,FACE_SKETCH
c2a97afe5640c6aedeee1652,CHECKBOX_POSITION,c2a97afe5640c6aedeee1652,,DyK1016+929.00_伯舒拉岭右线洞身素描记录表 44.pdf,延伸性,"(294.782508125, 303.65000499999996, 350.8215091836734, 320.5700049999999)",中等√,INLINE_OR_SUFFIX,False,IN_SCOPE,"(294.782508125, 303.65000499999996, 350.8215091836734, 320.5700049999999)",中等√,same_cell_mark,/Users/zhaoxiaoda/Library/CloudStorage/GoogleDrive-xiaodazhao0608@gmail.com/我的云端硬盘/TBM9/SKETCH/DyK1016+929.00_伯舒拉岭右线洞身素描记录表 44.pdf,FACE_SKETCH
c2a97afe5640c6aedeee1652,CHECKBOX_POSITION,c2a97afe5640c6aedeee1652,,DyK1016+929.00_伯舒拉岭右线洞身素描记录表 44.pdf,粗糙度,"(294.782508125, 320.5700049999999, 407.0125058333333, 340.12998999999996)",平整光滑有擦痕√,INLINE_OR_SUFFIX,False,IN_SCOPE,"(294.782508125, 320.5700049999999, 407.0125058333333, 340.12998999999996)",平整光滑有擦痕√,same_cell_mark,/Users/zhaoxiaoda/Library/CloudStorage/GoogleDrive-xiaodazhao0608@gmail.com/我的云端硬盘/TBM9/SKETCH/DyK1016+929.00_伯舒拉岭右线洞身素描记录表 44.pdf,FACE_SKETCH
c2a97afe5640c6aedeee1652,CHECKBOX_POSITION,c2a97afe5640c6aedeee1652,,DyK1016+929.00_伯舒拉岭右线洞身素描记录表 44.pdf,张开性,"(158.24320219999998, 340.12998999999996, 225.00022355555558, 372.40999)",密闭＜0. 1√,INLINE_OR_SUFFIX,False,IN_SCOPE,"(158.24320219999998, 340.12998999999996, 225.00022355555558, 372.40999)",密闭＜0. 1√,same_cell_mark,/Users/zhaoxiaoda/Library/CloudStorage/GoogleDrive-xiaodazhao0608@gmail.com/我的云端硬盘/TBM9/SKETCH/DyK1016+929.00_伯舒拉岭右线洞身素描记录表 44.pdf,FACE_SKETCH
c2a97afe5640c6aedeee1652,CHECKBOX_POSITION,c2a97afe5640c6aedeee1652,,DyK1016+929.00_伯舒拉岭右线洞身素描记录表 44.pdf,岩溶发育程度,"(225.00022355555558, 404.090005, 294.782508125, 420.290005)",无√,INLINE_OR_SUFFIX,False,IN_SCOPE,"(225.00022355555558, 404.090005, 294.782508125, 420.290005)",无√,same_cell_mark,/Users/zhaoxiaoda/Library/CloudStorage/GoogleDrive-xiaodazhao0608@gmail.com/我的云端硬盘/TBM9/SKETCH/DyK1016+929.00_伯舒拉岭右线洞身素描记录表 44.pdf,FACE_SKETCH
92c9f09650bfb809905dbdca,CHECKBOX_POSITION,92c9f09650bfb809905dbdca,,DyK1016+959.00_伯舒拉岭右线洞身素描记录表 45.pdf,掌子面状态,"(225.00022355555558, 174.61999500000002, 294.782508125, 190.81999499999998)",正面掉块√,INLINE_OR_SUFFIX,False,IN_SCOPE,"(225.00022355555558, 174.61999500000002, 294.782508125, 190.81999499999998)",正面掉块√,same_cell_mark,/Users/zhaoxiaoda/Library/CloudStorage/GoogleDrive-xiaodazhao0608@gmail.com/我的云端硬盘/TBM9/SKETCH/DyK1016+959.00_伯舒拉岭右线洞身素描记录表 45.pdf,FACE_SKETCH
92c9f09650bfb809905dbdca,CHECKBOX_POSITION,92c9f09650bfb809905dbdca,,DyK1016+959.00_伯舒拉岭右线洞身素描记录表 45.pdf,毛开挖面状态,"(225.00022355555558, 190.81999499999998, 294.782508125, 222.499995)",随时间松弛、 掉块√,INLINE_OR_SUFFIX,False,IN_SCOPE,"(225.00022355555558, 190.81999499999998, 294.782508125, 222.499995)",随时间松弛、 掉块√,same_cell_mark,/Users/zhaoxiaoda/Library/CloudStorage/GoogleDrive-xiaodazhao0608@gmail.com/我的云端硬盘/TBM9/SKETCH/DyK1016+959.00_伯舒拉岭右线洞身素描记录表 45.pdf,FACE_SKETCH
92c9f09650bfb809905dbdca,CHECKBOX_POSITION,92c9f09650bfb809905dbdca,,DyK1016+959.00_伯舒拉岭右线洞身素描记录表 45.pdf,岩石强度,"(294.782508125, 222.499995, 350.8215091836734, 260.06000499999993)",15＜ R≤30√,INLINE_OR_SUFFIX,False,IN_SCOPE,"(294.782508125, 222.499995, 350.8215091836734, 260.06000499999993)",15＜ R≤30√,same_cell_mark,/Users/zhaoxiaoda/Library/CloudStorage/GoogleDrive-xiaodazhao0608@gmail.com/我的云端硬盘/TBM9/SKETCH/DyK1016+959.00_伯舒拉岭右线洞身素描记录表 45.pdf,FACE_SKETCH
92c9f09650bfb809905dbdca,CHECKBOX_POSITION,92c9f09650bfb809905dbdca,,DyK1016+959.00_伯舒拉岭右线洞身素描记录表 45.pdf,风化程度,"(294.782508125, 260.06000499999993, 350.8215091836734, 276.52999)",弱风化√,INLINE_OR_SUFFIX,False,IN_SCOPE,"(294.782508125, 260.06000499999993, 350.8215091836734, 276.52999)",弱风化√,same_cell_mark,/Users/zhaoxiaoda/Library/CloudStorage/GoogleDrive-xiaodazhao0608@gmail.com/我的云端硬盘/TBM9/SKETCH/DyK1016+959.00_伯舒拉岭右线洞身素描记录表 45.pdf,FACE_SKETCH
92c9f09650bfb809905dbdca,CHECKBOX_POSITION,92c9f09650bfb809905dbdca,,DyK1016+959.00_伯舒拉岭右线洞身素描记录表 45.pdf,间距,"(294.782508125, 276.52999, 350.8215091836734, 303.65000499999996)",0.2～0.6√,INLINE_OR_SUFFIX,False,IN_SCOPE,"(294.782508125, 276.52999, 350.8215091836734, 303.65000499999996)",0.2～0.6√,same_cell_mark,/Users/zhaoxiaoda/Library/CloudStorage/GoogleDrive-xiaodazhao0608@gmail.com/我的云端硬盘/TBM9/SKETCH/DyK1016+959.00_伯舒拉岭右线洞身素描记录表 45.pdf,FACE_SKETCH
92c9f09650bfb809905dbdca,CHECKBOX_POSITION,92c9f09650bfb809905dbdca,,DyK1016+959.00_伯舒拉岭右线洞身素描记录表 45.pdf,延伸性,"(294.782508125, 303.65000499999996, 350.8215091836734, 320.5700049999999)",中等√,INLINE_OR_SUFFIX,False,IN_SCOPE,"(294.782508125, 303.65000499999996, 350.8215091836734, 320.5700049999999)",中等√,same_cell_mark,/Users/zhaoxiaoda/Library/CloudStorage/GoogleDrive-xiaodazhao0608@gmail.com/我的云端硬盘/TBM9/SKETCH/DyK1016+959.00_伯舒拉岭右线洞身素描记录表 45.pdf,FACE_SKETCH
92c9f09650bfb809905dbdca,CHECKBOX_POSITION,92c9f09650bfb809905dbdca,,DyK1016+959.00_伯舒拉岭右线洞身素描记录表 45.pdf,粗糙度,"(294.782508125, 320.5700049999999, 407.0125058333333, 340.12998999999996)",平整光滑有擦痕√,INLINE_OR_SUFFIX,False,IN_SCOPE,"(294.782508125, 320.5700049999999, 407.0125058333333, 340.12998999999996)",平整光滑有擦痕√,same_cell_mark,/Users/zhaoxiaoda/Library/CloudStorage/GoogleDrive-xiaodazhao0608@gmail.com/我的云端硬盘/TBM9/SKETCH/DyK1016+959.00_伯舒拉岭右线洞身素描记录表 45.pdf,FACE_SKETCH
92c9f09650bfb809905dbdca,CHECKBOX_POSITION,92c9f09650bfb809905dbdca,,DyK1016+959.00_伯舒拉岭右线洞身素描记录表 45.pdf,张开性,"(158.24320219999998, 340.12998999999996, 225.00022355555558, 372.40999)",密闭＜0. 1√,INLINE_OR_SUFFIX,False,IN_SCOPE,"(158.24320219999998, 340.12998999999996, 225.00022355555558, 372.40999)",密闭＜0. 1√,same_cell_mark,/Users/zhaoxiaoda/Library/CloudStorage/GoogleDrive-xiaodazhao0608@gmail.com/我的云端硬盘/TBM9/SKETCH/DyK1016+959.00_伯舒拉岭右线洞身素描记录表 45.pdf,FACE_SKETCH
92c9f09650bfb809905dbdca,CHECKBOX_POSITION,92c9f09650bfb809905dbdca,,DyK1016+959.00_伯舒拉岭右线洞身素描记录表 45.pdf,岩溶发育程度,"(225.00022355555558, 404.090005, 294.782508125, 420.290005)",无√,INLINE_OR_SUFFIX,False,IN_SCOPE,"(225.00022355555558, 404.090005, 294.782508125, 420.290005)",无√,same_cell_mark,/Users/zhaoxiaoda/Library/CloudStorage/GoogleDrive-xiaodazhao0608@gmail.com/我的云端硬盘/TBM9/SKETCH/DyK1016+959.00_伯舒拉岭右线洞身素描记录表 45.pdf,FACE_SKETCH
e0ff3b59ed0034eecfeafa58,CHECKBOX_POSITION,e0ff3b59ed0034eecfeafa58,,DyK1016+989.00_伯舒拉岭右线洞身素描记录表 46.pdf,掌子面状态,"(225.00022355555558, 174.61999500000002, 294.782508125, 190.81999499999998)",正面掉块√,INLINE_OR_SUFFIX,False,IN_SCOPE,"(225.00022355555558, 174.61999500000002, 294.782508125, 190.81999499999998)",正面掉块√,same_cell_mark,/Users/zhaoxiaoda/Library/CloudStorage/GoogleDrive-xiaodazhao0608@gmail.com/我的云端硬盘/TBM9/SKETCH/DyK1016+989.00_伯舒拉岭右线洞身素描记录表 46.pdf,FACE_SKETCH
e0ff3b59ed0034eecfeafa58,CHECKBOX_POSITION,e0ff3b59ed0034eecfeafa58,,DyK1016+989.00_伯舒拉岭右线洞身素描记录表 46.pdf,毛开挖面状态,"(225.00022355555558, 190.81999499999998, 294.782508125, 222.499995)",随时间松弛、 掉块√,INLINE_OR_SUFFIX,False,IN_SCOPE,"(225.00022355555558, 190.81999499999998, 294.782508125, 222.499995)",随时间松弛、 掉块√,same_cell_mark,/Users/zhaoxiaoda/Library/CloudStorage/GoogleDrive-xiaodazhao0608@gmail.com/我的云端硬盘/TBM9/SKETCH/DyK1016+989.00_伯舒拉岭右线洞身素描记录表 46.pdf,FACE_SKETCH
e0ff3b59ed0034eecfeafa58,CHECKBOX_POSITION,e0ff3b59ed0034eecfeafa58,,DyK1016+989.00_伯舒拉岭右线洞身素描记录表 46.pdf,岩石强度,"(294.782508125, 222.499995, 350.8215091836734, 260.06000499999993)",15＜ R≤30√,INLINE_OR_SUFFIX,False,IN_SCOPE,"(294.782508125, 222.499995, 350.8215091836734, 260.06000499999993)",15＜ R≤30√,same_cell_mark,/Users/zhaoxiaoda/Library/CloudStorage/GoogleDrive-xiaodazhao0608@gmail.com/我的云端硬盘/TBM9/SKETCH/DyK1016+989.00_伯舒拉岭右线洞身素描记录表 46.pdf,FACE_SKETCH
e0ff3b59ed0034eecfeafa58,CHECKBOX_POSITION,e0ff3b59ed0034eecfeafa58,,DyK1016+989.00_伯舒拉岭右线洞身素描记录表 46.pdf,风化程度,"(294.782508125, 260.06000499999993, 350.8215091836734, 276.52999)",弱风化√,INLINE_OR_SUFFIX,False,IN_SCOPE,"(294.782508125, 260.06000499999993, 350.8215091836734, 276.52999)",弱风化√,same_cell_mark,/Users/zhaoxiaoda/Library/CloudStorage/GoogleDrive-xiaodazhao0608@gmail.com/我的云端硬盘/TBM9/SKETCH/DyK1016+989.00_伯舒拉岭右线洞身素描记录表 46.pdf,FACE_SKETCH
e0ff3b59ed0034eecfeafa58,CHECKBOX_POSITION,e0ff3b59ed0034eecfeafa58,,DyK1016+989.00_伯舒拉岭右线洞身素描记录表 46.pdf,间距,"(294.782508125, 276.52999, 350.8215091836734, 303.65000499999996)",0.2～0.6√,INLINE_OR_SUFFIX,False,IN_SCOPE,"(294.782508125, 276.52999, 350.8215091836734, 303.65000499999996)",0.2～0.6√,same_cell_mark,/Users/zhaoxiaoda/Library/CloudStorage/GoogleDrive-xiaodazhao0608@gmail.com/我的云端硬盘/TBM9/SKETCH/DyK1016+989.00_伯舒拉岭右线洞身素描记录表 46.pdf,FACE_SKETCH
e0ff3b59ed0034eecfeafa58,CHECKBOX_POSITION,e0ff3b59ed0034eecfeafa58,,DyK1016+989.00_伯舒拉岭右线洞身素描记录表 46.pdf,延伸性,"(294.782508125, 303.65000499999996, 350.8215091836734, 320.5700049999999)",中等√,INLINE_OR_SUFFIX,False,IN_SCOPE,"(294.782508125, 303.65000499999996, 350.8215091836734, 320.5700049999999)",中等√,same_cell_mark,/Users/zhaoxiaoda/Library/CloudStorage/GoogleDrive-xiaodazhao0608@gmail.com/我的云端硬盘/TBM9/SKETCH/DyK1016+989.00_伯舒拉岭右线洞身素描记录表 46.pdf,FACE_SKETCH
e0ff3b59ed0034eecfeafa58,CHECKBOX_POSITION,e0ff3b59ed0034eecfeafa58,,DyK1016+989.00_伯舒拉岭右线洞身素描记录表 46.pdf,粗糙度,"(294.782508125, 320.5700049999999, 407.0125058333333, 340.12998999999996)",平整光滑有擦痕√,INLINE_OR_SUFFIX,False,IN_SCOPE,"(294.782508125, 320.5700049999999, 407.0125058333333, 340.12998999999996)",平整光滑有擦痕√,same_cell_mark,/Users/zhaoxiaoda/Library/CloudStorage/GoogleDrive-xiaodazhao0608@gmail.com/我的云端硬盘/TBM9/SKETCH/DyK1016+989.00_伯舒拉岭右线洞身素描记录表 46.pdf,FACE_SKETCH
e0ff3b59ed0034eecfeafa58,CHECKBOX_POSITION,e0ff3b59ed0034eecfeafa58,,DyK1016+989.00_伯舒拉岭右线洞身素描记录表 46.pdf,张开性,"(158.24320219999998, 340.12998999999996, 225.00022355555558, 372.40999)",密闭＜0. 1√,INLINE_OR_SUFFIX,False,IN_SCOPE,"(158.24320219999998, 340.12998999999996, 225.00022355555558, 372.40999)",密闭＜0. 1√,same_cell_mark,/Users/zhaoxiaoda/Library/CloudStorage/GoogleDrive-xiaodazhao0608@gmail.com/我的云端硬盘/TBM9/SKETCH/DyK1016+989.00_伯舒拉岭右线洞身素描记录表 46.pdf,FACE_SKETCH
e0ff3b59ed0034eecfeafa58,CHECKBOX_POSITION,e0ff3b59ed0034eecfeafa58,,DyK1016+989.00_伯舒拉岭右线洞身素描记录表 46.pdf,岩溶发育程度,"(225.00022355555558, 404.090005, 294.782508125, 420.290005)",无√,INLINE_OR_SUFFIX,False,IN_SCOPE,"(225.00022355555558, 404.090005, 294.782508125, 420.290005)",无√,same_cell_mark,/Users/zhaoxiaoda/Library/CloudStorage/GoogleDrive-xiaodazhao0608@gmail.com/我的云端硬盘/TBM9/SKETCH/DyK1016+989.00_伯舒拉岭右线洞身素描记录表 46.pdf,FACE_SKETCH
f0558c8e83f2dff9d2fe3354,CHECKBOX_POSITION,f0558c8e83f2dff9d2fe3354,,DyK1017+019.00_伯舒拉岭右线洞身素描记录表 47.pdf,掌子面状态,"(225.00022355555558, 174.61999500000002, 294.782508125, 190.81999499999998)",正面掉块√,INLINE_OR_SUFFIX,False,IN_SCOPE,"(225.00022355555558, 174.61999500000002, 294.782508125, 190.81999499999998)",正面掉块√,same_cell_mark,/Users/zhaoxiaoda/Library/CloudStorage/GoogleDrive-xiaodazhao0608@gmail.com/我的云端硬盘/TBM9/SKETCH/DyK1017+019.00_伯舒拉岭右线洞身素描记录表 47.pdf,FACE_SKETCH
f0558c8e83f2dff9d2fe3354,CHECKBOX_POSITION,f0558c8e83f2dff9d2fe3354,,DyK1017+019.00_伯舒拉岭右线洞身素描记录表 47.pdf,毛开挖面状态,"(225.00022355555558, 190.81999499999998, 294.782508125, 222.499995)",随时间松弛、 掉块√,INLINE_OR_SUFFIX,False,IN_SCOPE,"(225.00022355555558, 190.81999499999998, 294.782508125, 222.499995)",随时间松弛、 掉块√,same_cell_mark,/Users/zhaoxiaoda/Library/CloudStorage/GoogleDrive-xiaodazhao0608@gmail.com/我的云端硬盘/TBM9/SKETCH/DyK1017+019.00_伯舒拉岭右线洞身素描记录表 47.pdf,FACE_SKETCH
f0558c8e83f2dff9d2fe3354,CHECKBOX_POSITION,f0558c8e83f2dff9d2fe3354,,DyK1017+019.00_伯舒拉岭右线洞身素描记录表 47.pdf,岩石强度,"(294.782508125, 222.499995, 350.8215091836734, 260.06000499999993)",15＜ R≤30√,INLINE_OR_SUFFIX,False,IN_SCOPE,"(294.782508125, 222.499995, 350.8215091836734, 260.06000499999993)",15＜ R≤30√,same_cell_mark,/Users/zhaoxiaoda/Library/CloudStorage/GoogleDrive-xiaodazhao0608@gmail.com/我的云端硬盘/TBM9/SKETCH/DyK1017+019.00_伯舒拉岭右线洞身素描记录表 47.pdf,FACE_SKETCH
f0558c8e83f2dff9d2fe3354,CHECKBOX_POSITION,f0558c8e83f2dff9d2fe3354,,DyK1017+019.00_伯舒拉岭右线洞身素描记录表 47.pdf,风化程度,"(294.782508125, 260.06000499999993, 350.8215091836734, 276.52999)",弱风化√,INLINE_OR_SUFFIX,False,IN_SCOPE,"(294.782508125, 260.06000499999993, 350.8215091836734, 276.52999)",弱风化√,same_cell_mark,/Users/zhaoxiaoda/Library/CloudStorage/GoogleDrive-xiaodazhao0608@gmail.com/我的云端硬盘/TBM9/SKETCH/DyK1017+019.00_伯舒拉岭右线洞身素描记录表 47.pdf,FACE_SKETCH
f0558c8e83f2dff9d2fe3354,CHECKBOX_POSITION,f0558c8e83f2dff9d2fe3354,,DyK1017+019.00_伯舒拉岭右线洞身素描记录表 47.pdf,间距,"(294.782508125, 276.52999, 350.8215091836734, 303.65000499999996)",0.2～0.6√,INLINE_OR_SUFFIX,False,IN_SCOPE,"(294.782508125, 276.52999, 350.8215091836734, 303.65000499999996)",0.2～0.6√,same_cell_mark,/Users/zhaoxiaoda/Library/CloudStorage/GoogleDrive-xiaodazhao0608@gmail.com/我的云端硬盘/TBM9/SKETCH/DyK1017+019.00_伯舒拉岭右线洞身素描记录表 47.pdf,FACE_SKETCH
f0558c8e83f2dff9d2fe3354,CHECKBOX_POSITION,f0558c8e83f2dff9d2fe3354,,DyK1017+019.00_伯舒拉岭右线洞身素描记录表 47.pdf,延伸性,"(294.782508125, 303.65000499999996, 350.8215091836734, 320.5700049999999)",中等√,INLINE_OR_SUFFIX,False,IN_SCOPE,"(294.782508125, 303.65000499999996, 350.8215091836734, 320.5700049999999)",中等√,same_cell_mark,/Users/zhaoxiaoda/Library/CloudStorage/GoogleDrive-xiaodazhao0608@gmail.com/我的云端硬盘/TBM9/SKETCH/DyK1017+019.00_伯舒拉岭右线洞身素描记录表 47.pdf,FACE_SKETCH
f0558c8e83f2dff9d2fe3354,CHECKBOX_POSITION,f0558c8e83f2dff9d2fe3354,,DyK1017+019.00_伯舒拉岭右线洞身素描记录表 47.pdf,粗糙度,"(294.782508125, 320.5700049999999, 407.0125058333333, 340.12998999999996)",平整光滑有擦痕√,INLINE_OR_SUFFIX,False,IN_SCOPE,"(294.782508125, 320.5700049999999, 407.0125058333333, 340.12998999999996)",平整光滑有擦痕√,same_cell_mark,/Users/zhaoxiaoda/Library/CloudStorage/GoogleDrive-xiaodazhao0608@gmail.com/我的云端硬盘/TBM9/SKETCH/DyK1017+019.00_伯舒拉岭右线洞身素描记录表 47.pdf,FACE_SKETCH
f0558c8e83f2dff9d2fe3354,CHECKBOX_POSITION,f0558c8e83f2dff9d2fe3354,,DyK1017+019.00_伯舒拉岭右线洞身素描记录表 47.pdf,张开性,"(158.24320219999998, 340.12998999999996, 225.00022355555558, 372.40999)",密闭＜0. 1√,INLINE_OR_SUFFIX,False,IN_SCOPE,"(158.24320219999998, 340.12998999999996, 225.00022355555558, 372.40999)",密闭＜0. 1√,same_cell_mark,/Users/zhaoxiaoda/Library/CloudStorage/GoogleDrive-xiaodazhao0608@gmail.com/我的云端硬盘/TBM9/SKETCH/DyK1017+019.00_伯舒拉岭右线洞身素描记录表 47.pdf,FACE_SKETCH
f0558c8e83f2dff9d2fe3354,CHECKBOX_POSITION,f0558c8e83f2dff9d2fe3354,,DyK1017+019.00_伯舒拉岭右线洞身素描记录表 47.pdf,岩溶发育程度,"(225.00022355555558, 404.090005, 294.782508125, 420.290005)",无√,INLINE_OR_SUFFIX,False,IN_SCOPE,"(225.00022355555558, 404.090005, 294.782508125, 420.290005)",无√,same_cell_mark,/Users/zhaoxiaoda/Library/CloudStorage/GoogleDrive-xiaodazhao0608@gmail.com/我的云端硬盘/TBM9/SKETCH/DyK1017+019.00_伯舒拉岭右线洞身素描记录表 47.pdf,FACE_SKETCH
1870dda01a4d19910fe26fec,CHECKBOX_POSITION,1870dda01a4d19910fe26fec,,DyK1017+049.00_伯舒拉岭右线洞身素描记录表 48.pdf,掌子面状态,"(225.00022355555558, 174.61999500000002, 294.782508125, 190.81999499999998)",正面掉块√,INLINE_OR_SUFFIX,False,IN_SCOPE,"(225.00022355555558, 174.61999500000002, 294.782508125, 190.81999499999998)",正面掉块√,same_cell_mark,/Users/zhaoxiaoda/Library/CloudStorage/GoogleDrive-xiaodazhao0608@gmail.com/我的云端硬盘/TBM9/SKETCH/DyK1017+049.00_伯舒拉岭右线洞身素描记录表 48.pdf,FACE_SKETCH
1870dda01a4d19910fe26fec,CHECKBOX_POSITION,1870dda01a4d19910fe26fec,,DyK1017+049.00_伯舒拉岭右线洞身素描记录表 48.pdf,毛开挖面状态,"(225.00022355555558, 190.81999499999998, 294.782508125, 222.499995)",随时间松弛、 掉块√,INLINE_OR_SUFFIX,False,IN_SCOPE,"(225.00022355555558, 190.81999499999998, 294.782508125, 222.499995)",随时间松弛、 掉块√,same_cell_mark,/Users/zhaoxiaoda/Library/CloudStorage/GoogleDrive-xiaodazhao0608@gmail.com/我的云端硬盘/TBM9/SKETCH/DyK1017+049.00_伯舒拉岭右线洞身素描记录表 48.pdf,FACE_SKETCH
1870dda01a4d19910fe26fec,CHECKBOX_POSITION,1870dda01a4d19910fe26fec,,DyK1017+049.00_伯舒拉岭右线洞身素描记录表 48.pdf,岩石强度,"(294.782508125, 222.499995, 350.8215091836734, 260.06000499999993)",15＜ R≤30√,INLINE_OR_SUFFIX,False,IN_SCOPE,"(294.782508125, 222.499995, 350.8215091836734, 260.06000499999993)",15＜ R≤30√,same_cell_mark,/Users/zhaoxiaoda/Library/CloudStorage/GoogleDrive-xiaodazhao0608@gmail.com/我的云端硬盘/TBM9/SKETCH/DyK1017+049.00_伯舒拉岭右线洞身素描记录表 48.pdf,FACE_SKETCH
1870dda01a4d19910fe26fec,CHECKBOX_POSITION,1870dda01a4d19910fe26fec,,DyK1017+049.00_伯舒拉岭右线洞身素描记录表 48.pdf,风化程度,"(294.782508125, 260.06000499999993, 350.8215091836734, 276.52999)",弱风化√,INLINE_OR_SUFFIX,False,IN_SCOPE,"(294.782508125, 260.06000499999993, 350.8215091836734, 276.52999)",弱风化√,same_cell_mark,/Users/zhaoxiaoda/Library/CloudStorage/GoogleDrive-xiaodazhao0608@gmail.com/我的云端硬盘/TBM9/SKETCH/DyK1017+049.00_伯舒拉岭右线洞身素描记录表 48.pdf,FACE_SKETCH
1870dda01a4d19910fe26fec,CHECKBOX_POSITION,1870dda01a4d19910fe26fec,,DyK1017+049.00_伯舒拉岭右线洞身素描记录表 48.pdf,间距,"(294.782508125, 276.52999, 350.8215091836734, 303.65000499999996)",0.2～0.6√,INLINE_OR_SUFFIX,False,IN_SCOPE,"(294.782508125, 276.52999, 350.8215091836734, 303.65000499999996)",0.2～0.6√,same_cell_mark,/Users/zhaoxiaoda/Library/CloudStorage/GoogleDrive-xiaodazhao0608@gmail.com/我的云端硬盘/TBM9/SKETCH/DyK1017+049.00_伯舒拉岭右线洞身素描记录表 48.pdf,FACE_SKETCH
1870dda01a4d19910fe26fec,CHECKBOX_POSITION,1870dda01a4d19910fe26fec,,DyK1017+049.00_伯舒拉岭右线洞身素描记录表 48.pdf,延伸性,"(294.782508125, 303.65000499999996, 350.8215091836734, 320.5700049999999)",中等√,INLINE_OR_SUFFIX,False,IN_SCOPE,"(294.782508125, 303.65000499999996, 350.8215091836734, 320.5700049999999)",中等√,same_cell_mark,/Users/zhaoxiaoda/Library/CloudStorage/GoogleDrive-xiaodazhao0608@gmail.com/我的云端硬盘/TBM9/SKETCH/DyK1017+049.00_伯舒拉岭右线洞身素描记录表 48.pdf,FACE_SKETCH
1870dda01a4d19910fe26fec,CHECKBOX_POSITION,1870dda01a4d19910fe26fec,,DyK1017+049.00_伯舒拉岭右线洞身素描记录表 48.pdf,粗糙度,"(294.782508125, 320.5700049999999, 407.0125058333333, 340.12998999999996)",平整光滑有擦痕√,INLINE_OR_SUFFIX,False,IN_SCOPE,"(294.782508125, 320.5700049999999, 407.0125058333333, 340.12998999999996)",平整光滑有擦痕√,same_cell_mark,/Users/zhaoxiaoda/Library/CloudStorage/GoogleDrive-xiaodazhao0608@gmail.com/我的云端硬盘/TBM9/SKETCH/DyK1017+049.00_伯舒拉岭右线洞身素描记录表 48.pdf,FACE_SKETCH
1870dda01a4d19910fe26fec,CHECKBOX_POSITION,1870dda01a4d19910fe26fec,,DyK1017+049.00_伯舒拉岭右线洞身素描记录表 48.pdf,张开性,"(158.24320219999998, 340.12998999999996, 225.00022355555558, 372.40999)",密闭＜0. 1√,INLINE_OR_SUFFIX,False,IN_SCOPE,"(158.24320219999998, 340.12998999999996, 225.00022355555558, 372.40999)",密闭＜0. 1√,same_cell_mark,/Users/zhaoxiaoda/Library/CloudStorage/GoogleDrive-xiaodazhao0608@gmail.com/我的云端硬盘/TBM9/SKETCH/DyK1017+049.00_伯舒拉岭右线洞身素描记录表 48.pdf,FACE_SKETCH
1870dda01a4d19910fe26fec,CHECKBOX_POSITION,1870dda01a4d19910fe26fec,,DyK1017+049.00_伯舒拉岭右线洞身素描记录表 48.pdf,岩溶发育程度,"(225.00022355555558, 404.090005, 294.782508125, 420.290005)",无√,INLINE_OR_SUFFIX,False,IN_SCOPE,"(225.00022355555558, 404.090005, 294.782508125, 420.290005)",无√,same_cell_mark,/Users/zhaoxiaoda/Library/CloudStorage/GoogleDrive-xiaodazhao0608@gmail.com/我的云端硬盘/TBM9/SKETCH/DyK1017+049.00_伯舒拉岭右线洞身素描记录表 48.pdf,FACE_SKETCH
d5fae21a2ace09d5cd052187,CHECKBOX_POSITION,d5fae21a2ace09d5cd052187,,DyK1017+079.00_伯舒拉岭右线洞身素描记录表 49.pdf,掌子面状态,"(225.00022355555558, 174.61999500000002, 294.782508125, 190.81999499999998)",正面掉块√,INLINE_OR_SUFFIX,False,IN_SCOPE,"(225.00022355555558, 174.61999500000002, 294.782508125, 190.81999499999998)",正面掉块√,same_cell_mark,/Users/zhaoxiaoda/Library/CloudStorage/GoogleDrive-xiaodazhao0608@gmail.com/我的云端硬盘/TBM9/SKETCH/DyK1017+079.00_伯舒拉岭右线洞身素描记录表 49.pdf,FACE_SKETCH
d5fae21a2ace09d5cd052187,CHECKBOX_POSITION,d5fae21a2ace09d5cd052187,,DyK1017+079.00_伯舒拉岭右线洞身素描记录表 49.pdf,毛开挖面状态,"(225.00022355555558, 190.81999499999998, 294.782508125, 222.499995)",随时间松弛、 掉块√,INLINE_OR_SUFFIX,False,IN_SCOPE,"(225.00022355555558, 190.81999499999998, 294.782508125, 222.499995)",随时间松弛、 掉块√,same_cell_mark,/Users/zhaoxiaoda/Library/CloudStorage/GoogleDrive-xiaodazhao0608@gmail.com/我的云端硬盘/TBM9/SKETCH/DyK1017+079.00_伯舒拉岭右线洞身素描记录表 49.pdf,FACE_SKETCH
d5fae21a2ace09d5cd052187,CHECKBOX_POSITION,d5fae21a2ace09d5cd052187,,DyK1017+079.00_伯舒拉岭右线洞身素描记录表 49.pdf,岩石强度,"(294.782508125, 222.499995, 350.8215091836734, 260.06000499999993)",15＜ R≤30√,INLINE_OR_SUFFIX,False,IN_SCOPE,"(294.782508125, 222.499995, 350.8215091836734, 260.06000499999993)",15＜ R≤30√,same_cell_mark,/Users/zhaoxiaoda/Library/CloudStorage/GoogleDrive-xiaodazhao0608@gmail.com/我的云端硬盘/TBM9/SKETCH/DyK1017+079.00_伯舒拉岭右线洞身素描记录表 49.pdf,FACE_SKETCH
d5fae21a2ace09d5cd052187,CHECKBOX_POSITION,d5fae21a2ace09d5cd052187,,DyK1017+079.00_伯舒拉岭右线洞身素描记录表 49.pdf,风化程度,"(294.782508125, 260.06000499999993, 350.8215091836734, 276.52999)",弱风化√,INLINE_OR_SUFFIX,False,IN_SCOPE,"(294.782508125, 260.06000499999993, 350.8215091836734, 276.52999)",弱风化√,same_cell_mark,/Users/zhaoxiaoda/Library/CloudStorage/GoogleDrive-xiaodazhao0608@gmail.com/我的云端硬盘/TBM9/SKETCH/DyK1017+079.00_伯舒拉岭右线洞身素描记录表 49.pdf,FACE_SKETCH
d5fae21a2ace09d5cd052187,CHECKBOX_POSITION,d5fae21a2ace09d5cd052187,,DyK1017+079.00_伯舒拉岭右线洞身素描记录表 49.pdf,间距,"(294.782508125, 276.52999, 350.8215091836734, 303.65000499999996)",0.2～0.6√,INLINE_OR_SUFFIX,False,IN_SCOPE,"(294.782508125, 276.52999, 350.8215091836734, 303.65000499999996)",0.2～0.6√,same_cell_mark,/Users/zhaoxiaoda/Library/CloudStorage/GoogleDrive-xiaodazhao0608@gmail.com/我的云端硬盘/TBM9/SKETCH/DyK1017+079.00_伯舒拉岭右线洞身素描记录表 49.pdf,FACE_SKETCH
d5fae21a2ace09d5cd052187,CHECKBOX_POSITION,d5fae21a2ace09d5cd052187,,DyK1017+079.00_伯舒拉岭右线洞身素描记录表 49.pdf,延伸性,"(294.782508125, 303.65000499999996, 350.8215091836734, 320.5700049999999)",中等√,INLINE_OR_SUFFIX,False,IN_SCOPE,"(294.782508125, 303.65000499999996, 350.8215091836734, 320.5700049999999)",中等√,same_cell_mark,/Users/zhaoxiaoda/Library/CloudStorage/GoogleDrive-xiaodazhao0608@gmail.com/我的云端硬盘/TBM9/SKETCH/DyK1017+079.00_伯舒拉岭右线洞身素描记录表 49.pdf,FACE_SKETCH
d5fae21a2ace09d5cd052187,CHECKBOX_POSITION,d5fae21a2ace09d5cd052187,,DyK1017+079.00_伯舒拉岭右线洞身素描记录表 49.pdf,粗糙度,"(294.782508125, 320.5700049999999, 407.0125058333333, 340.12998999999996)",平整光滑有擦痕√,INLINE_OR_SUFFIX,False,IN_SCOPE,"(294.782508125, 320.5700049999999, 407.0125058333333, 340.12998999999996)",平整光滑有擦痕√,same_cell_mark,/Users/zhaoxiaoda/Library/CloudStorage/GoogleDrive-xiaodazhao0608@gmail.com/我的云端硬盘/TBM9/SKETCH/DyK1017+079.00_伯舒拉岭右线洞身素描记录表 49.pdf,FACE_SKETCH
d5fae21a2ace09d5cd052187,CHECKBOX_POSITION,d5fae21a2ace09d5cd052187,,DyK1017+079.00_伯舒拉岭右线洞身素描记录表 49.pdf,张开性,"(158.24320219999998, 340.12998999999996, 225.00022355555558, 372.40999)",密闭＜0. 1√,INLINE_OR_SUFFIX,False,IN_SCOPE,"(158.24320219999998, 340.12998999999996, 225.00022355555558, 372.40999)",密闭＜0. 1√,same_cell_mark,/Users/zhaoxiaoda/Library/CloudStorage/GoogleDrive-xiaodazhao0608@gmail.com/我的云端硬盘/TBM9/SKETCH/DyK1017+079.00_伯舒拉岭右线洞身素描记录表 49.pdf,FACE_SKETCH
d5fae21a2ace09d5cd052187,CHECKBOX_POSITION,d5fae21a2ace09d5cd052187,,DyK1017+079.00_伯舒拉岭右线洞身素描记录表 49.pdf,岩溶发育程度,"(225.00022355555558, 404.090005, 294.782508125, 420.290005)",无√,INLINE_OR_SUFFIX,False,IN_SCOPE,"(225.00022355555558, 404.090005, 294.782508125, 420.290005)",无√,same_cell_mark,/Users/zhaoxiaoda/Library/CloudStorage/GoogleDrive-xiaodazhao0608@gmail.com/我的云端硬盘/TBM9/SKETCH/DyK1017+079.00_伯舒拉岭右线洞身素描记录表 49.pdf,FACE_SKETCH
2f660c783da6920e9aa30382,CHECKBOX_POSITION,2f660c783da6920e9aa30382,,DyK1017+109.00_伯舒拉岭右线洞身素描记录表 50.pdf,掌子面状态,"(225.00022355555558, 174.61999500000002, 294.782508125, 190.81999499999998)",正面掉块√,INLINE_OR_SUFFIX,False,IN_SCOPE,"(225.00022355555558, 174.61999500000002, 294.782508125, 190.81999499999998)",正面掉块√,same_cell_mark,/Users/zhaoxiaoda/Library/CloudStorage/GoogleDrive-xiaodazhao0608@gmail.com/我的云端硬盘/TBM9/SKETCH/DyK1017+109.00_伯舒拉岭右线洞身素描记录表 50.pdf,FACE_SKETCH
2f660c783da6920e9aa30382,CHECKBOX_POSITION,2f660c783da6920e9aa30382,,DyK1017+109.00_伯舒拉岭右线洞身素描记录表 50.pdf,毛开挖面状态,"(225.00022355555558, 190.81999499999998, 294.782508125, 222.499995)",随时间松弛、 掉块√,INLINE_OR_SUFFIX,False,IN_SCOPE,"(225.00022355555558, 190.81999499999998, 294.782508125, 222.499995)",随时间松弛、 掉块√,same_cell_mark,/Users/zhaoxiaoda/Library/CloudStorage/GoogleDrive-xiaodazhao0608@gmail.com/我的云端硬盘/TBM9/SKETCH/DyK1017+109.00_伯舒拉岭右线洞身素描记录表 50.pdf,FACE_SKETCH
2f660c783da6920e9aa30382,CHECKBOX_POSITION,2f660c783da6920e9aa30382,,DyK1017+109.00_伯舒拉岭右线洞身素描记录表 50.pdf,岩石强度,"(294.782508125, 222.499995, 350.8215091836734, 260.06000499999993)",15＜ R≤30√,INLINE_OR_SUFFIX,False,IN_SCOPE,"(294.782508125, 222.499995, 350.8215091836734, 260.06000499999993)",15＜ R≤30√,same_cell_mark,/Users/zhaoxiaoda/Library/CloudStorage/GoogleDrive-xiaodazhao0608@gmail.com/我的云端硬盘/TBM9/SKETCH/DyK1017+109.00_伯舒拉岭右线洞身素描记录表 50.pdf,FACE_SKETCH
2f660c783da6920e9aa30382,CHECKBOX_POSITION,2f660c783da6920e9aa30382,,DyK1017+109.00_伯舒拉岭右线洞身素描记录表 50.pdf,风化程度,"(294.782508125, 260.06000499999993, 350.8215091836734, 276.52999)",弱风化√,INLINE_OR_SUFFIX,False,IN_SCOPE,"(294.782508125, 260.06000499999993, 350.8215091836734, 276.52999)",弱风化√,same_cell_mark,/Users/zhaoxiaoda/Library/CloudStorage/GoogleDrive-xiaodazhao0608@gmail.com/我的云端硬盘/TBM9/SKETCH/DyK1017+109.00_伯舒拉岭右线洞身素描记录表 50.pdf,FACE_SKETCH
2f660c783da6920e9aa30382,CHECKBOX_POSITION,2f660c783da6920e9aa30382,,DyK1017+109.00_伯舒拉岭右线洞身素描记录表 50.pdf,间距,"(294.782508125, 276.52999, 350.8215091836734, 303.65000499999996)",0.2～0.6√,INLINE_OR_SUFFIX,False,IN_SCOPE,"(294.782508125, 276.52999, 350.8215091836734, 303.65000499999996)",0.2～0.6√,same_cell_mark,/Users/zhaoxiaoda/Library/CloudStorage/GoogleDrive-xiaodazhao0608@gmail.com/我的云端硬盘/TBM9/SKETCH/DyK1017+109.00_伯舒拉岭右线洞身素描记录表 50.pdf,FACE_SKETCH
2f660c783da6920e9aa30382,CHECKBOX_POSITION,2f660c783da6920e9aa30382,,DyK1017+109.00_伯舒拉岭右线洞身素描记录表 50.pdf,延伸性,"(294.782508125, 303.65000499999996, 350.8215091836734, 320.5700049999999)",中等√,INLINE_OR_SUFFIX,False,IN_SCOPE,"(294.782508125, 303.65000499999996, 350.8215091836734, 320.5700049999999)",中等√,same_cell_mark,/Users/zhaoxiaoda/Library/CloudStorage/GoogleDrive-xiaodazhao0608@gmail.com/我的云端硬盘/TBM9/SKETCH/DyK1017+109.00_伯舒拉岭右线洞身素描记录表 50.pdf,FACE_SKETCH
2f660c783da6920e9aa30382,CHECKBOX_POSITION,2f660c783da6920e9aa30382,,DyK1017+109.00_伯舒拉岭右线洞身素描记录表 50.pdf,粗糙度,"(294.782508125, 320.5700049999999, 407.0125058333333, 340.12998999999996)",平整光滑有擦痕√,INLINE_OR_SUFFIX,False,IN_SCOPE,"(294.782508125, 320.5700049999999, 407.0125058333333, 340.12998999999996)",平整光滑有擦痕√,same_cell_mark,/Users/zhaoxiaoda/Library/CloudStorage/GoogleDrive-xiaodazhao0608@gmail.com/我的云端硬盘/TBM9/SKETCH/DyK1017+109.00_伯舒拉岭右线洞身素描记录表 50.pdf,FACE_SKETCH
2f660c783da6920e9aa30382,CHECKBOX_POSITION,2f660c783da6920e9aa30382,,DyK1017+109.00_伯舒拉岭右线洞身素描记录表 50.pdf,张开性,"(158.24320219999998, 340.12998999999996, 225.00022355555558, 372.40999)",密闭＜0. 1√,INLINE_OR_SUFFIX,False,IN_SCOPE,"(158.24320219999998, 340.12998999999996, 225.00022355555558, 372.40999)",密闭＜0. 1√,same_cell_mark,/Users/zhaoxiaoda/Library/CloudStorage/GoogleDrive-xiaodazhao0608@gmail.com/我的云端硬盘/TBM9/SKETCH/DyK1017+109.00_伯舒拉岭右线洞身素描记录表 50.pdf,FACE_SKETCH
2f660c783da6920e9aa30382,CHECKBOX_POSITION,2f660c783da6920e9aa30382,,DyK1017+109.00_伯舒拉岭右线洞身素描记录表 50.pdf,岩溶发育程度,"(225.00022355555558, 404.090005, 294.782508125, 420.290005)",无√,INLINE_OR_SUFFIX,False,IN_SCOPE,"(225.00022355555558, 404.090005, 294.782508125, 420.290005)",无√,same_cell_mark,/Users/zhaoxiaoda/Library/CloudStorage/GoogleDrive-xiaodazhao0608@gmail.com/我的云端硬盘/TBM9/SKETCH/DyK1017+109.00_伯舒拉岭右线洞身素描记录表 50.pdf,FACE_SKETCH
6e388030c6a54da3eaf7be02,CHECKBOX_POSITION,6e388030c6a54da3eaf7be02,,DyK1017+156.00_伯舒拉岭右线洞身素描记录表 52.pdf,掌子面状态,"(225.00022355555558, 174.61999500000002, 294.782508125, 190.81999499999998)",正面掉块√,INLINE_OR_SUFFIX,False,IN_SCOPE,"(225.00022355555558, 174.61999500000002, 294.782508125, 190.81999499999998)",正面掉块√,same_cell_mark,/Users/zhaoxiaoda/Library/CloudStorage/GoogleDrive-xiaodazhao0608@gmail.com/我的云端硬盘/TBM9/SKETCH/DyK1017+156.00_伯舒拉岭右线洞身素描记录表 52.pdf,FACE_SKETCH
6e388030c6a54da3eaf7be02,CHECKBOX_POSITION,6e388030c6a54da3eaf7be02,,DyK1017+156.00_伯舒拉岭右线洞身素描记录表 52.pdf,毛开挖面状态,"(225.00022355555558, 190.81999499999998, 294.782508125, 222.499995)",随时间松弛、 掉块√,INLINE_OR_SUFFIX,False,IN_SCOPE,"(225.00022355555558, 190.81999499999998, 294.782508125, 222.499995)",随时间松弛、 掉块√,same_cell_mark,/Users/zhaoxiaoda/Library/CloudStorage/GoogleDrive-xiaodazhao0608@gmail.com/我的云端硬盘/TBM9/SKETCH/DyK1017+156.00_伯舒拉岭右线洞身素描记录表 52.pdf,FACE_SKETCH
6e388030c6a54da3eaf7be02,CHECKBOX_POSITION,6e388030c6a54da3eaf7be02,,DyK1017+156.00_伯舒拉岭右线洞身素描记录表 52.pdf,岩石强度,"(294.782508125, 222.499995, 350.8215091836734, 260.06000499999993)",15＜ R≤30√,INLINE_OR_SUFFIX,False,IN_SCOPE,"(294.782508125, 222.499995, 350.8215091836734, 260.06000499999993)",15＜ R≤30√,same_cell_mark,/Users/zhaoxiaoda/Library/CloudStorage/GoogleDrive-xiaodazhao0608@gmail.com/我的云端硬盘/TBM9/SKETCH/DyK1017+156.00_伯舒拉岭右线洞身素描记录表 52.pdf,FACE_SKETCH
6e388030c6a54da3eaf7be02,CHECKBOX_POSITION,6e388030c6a54da3eaf7be02,,DyK1017+156.00_伯舒拉岭右线洞身素描记录表 52.pdf,风化程度,"(294.782508125, 260.06000499999993, 350.8215091836734, 276.52999)",弱风化√,INLINE_OR_SUFFIX,False,IN_SCOPE,"(294.782508125, 260.06000499999993, 350.8215091836734, 276.52999)",弱风化√,same_cell_mark,/Users/zhaoxiaoda/Library/CloudStorage/GoogleDrive-xiaodazhao0608@gmail.com/我的云端硬盘/TBM9/SKETCH/DyK1017+156.00_伯舒拉岭右线洞身素描记录表 52.pdf,FACE_SKETCH
6e388030c6a54da3eaf7be02,CHECKBOX_POSITION,6e388030c6a54da3eaf7be02,,DyK1017+156.00_伯舒拉岭右线洞身素描记录表 52.pdf,间距,"(294.782508125, 276.52999, 350.8215091836734, 303.65000499999996)",0.2～0.6√,INLINE_OR_SUFFIX,False,IN_SCOPE,"(294.782508125, 276.52999, 350.8215091836734, 303.65000499999996)",0.2～0.6√,same_cell_mark,/Users/zhaoxiaoda/Library/CloudStorage/GoogleDrive-xiaodazhao0608@gmail.com/我的云端硬盘/TBM9/SKETCH/DyK1017+156.00_伯舒拉岭右线洞身素描记录表 52.pdf,FACE_SKETCH
6e388030c6a54da3eaf7be02,CHECKBOX_POSITION,6e388030c6a54da3eaf7be02,,DyK1017+156.00_伯舒拉岭右线洞身素描记录表 52.pdf,延伸性,"(294.782508125, 303.65000499999996, 350.8215091836734, 320.5700049999999)",中等√,INLINE_OR_SUFFIX,False,IN_SCOPE,"(294.782508125, 303.65000499999996, 350.8215091836734, 320.5700049999999)",中等√,same_cell_mark,/Users/zhaoxiaoda/Library/CloudStorage/GoogleDrive-xiaodazhao0608@gmail.com/我的云端硬盘/TBM9/SKETCH/DyK1017+156.00_伯舒拉岭右线洞身素描记录表 52.pdf,FACE_SKETCH
6e388030c6a54da3eaf7be02,CHECKBOX_POSITION,6e388030c6a54da3eaf7be02,,DyK1017+156.00_伯舒拉岭右线洞身素描记录表 52.pdf,粗糙度,"(294.782508125, 320.5700049999999, 407.0125058333333, 340.12998999999996)",平整光滑有擦痕√,INLINE_OR_SUFFIX,False,IN_SCOPE,"(294.782508125, 320.5700049999999, 407.0125058333333, 340.12998999999996)",平整光滑有擦痕√,same_cell_mark,/Users/zhaoxiaoda/Library/CloudStorage/GoogleDrive-xiaodazhao0608@gmail.com/我的云端硬盘/TBM9/SKETCH/DyK1017+156.00_伯舒拉岭右线洞身素描记录表 52.pdf,FACE_SKETCH
6e388030c6a54da3eaf7be02,CHECKBOX_POSITION,6e388030c6a54da3eaf7be02,,DyK1017+156.00_伯舒拉岭右线洞身素描记录表 52.pdf,张开性,"(158.24320219999998, 340.12998999999996, 225.00022355555558, 372.40999)",密闭＜0. 1√,INLINE_OR_SUFFIX,False,IN_SCOPE,"(158.24320219999998, 340.12998999999996, 225.00022355555558, 372.40999)",密闭＜0. 1√,same_cell_mark,/Users/zhaoxiaoda/Library/CloudStorage/GoogleDrive-xiaodazhao0608@gmail.com/我的云端硬盘/TBM9/SKETCH/DyK1017+156.00_伯舒拉岭右线洞身素描记录表 52.pdf,FACE_SKETCH
6e388030c6a54da3eaf7be02,CHECKBOX_POSITION,6e388030c6a54da3eaf7be02,,DyK1017+156.00_伯舒拉岭右线洞身素描记录表 52.pdf,涌水状态,"(378.7199988095238, 372.40999, 466.17999499999996, 404.090005)",25～125 经常渗水√,INLINE_OR_SUFFIX,False,IN_SCOPE,"(378.7199988095238, 372.40999, 466.17999499999996, 404.090005)",25～125 经常渗水√,same_cell_mark,/Users/zhaoxiaoda/Library/CloudStorage/GoogleDrive-xiaodazhao0608@gmail.com/我的云端硬盘/TBM9/SKETCH/DyK1017+156.00_伯舒拉岭右线洞身素描记录表 52.pdf,FACE_SKETCH
6e388030c6a54da3eaf7be02,CHECKBOX_POSITION,6e388030c6a54da3eaf7be02,,DyK1017+156.00_伯舒拉岭右线洞身素描记录表 52.pdf,岩溶发育程度,"(225.00022355555558, 404.090005, 294.782508125, 420.290005)",无√,INLINE_OR_SUFFIX,False,IN_SCOPE,"(225.00022355555558, 404.090005, 294.782508125, 420.290005)",无√,same_cell_mark,/Users/zhaoxiaoda/Library/CloudStorage/GoogleDrive-xiaodazhao0608@gmail.com/我的云端硬盘/TBM9/SKETCH/DyK1017+156.00_伯舒拉岭右线洞身素描记录表 52.pdf,FACE_SKETCH
816b585a83f4a542122cb49e,CHECKBOX_POSITION,816b585a83f4a542122cb49e,,DyK1017+177.99_伯舒拉岭右线洞身素描记录表 52.pdf,掌子面状态,"(225.00022355555558, 174.61999500000002, 294.782508125, 190.81999499999998)",正面掉块√,INLINE_OR_SUFFIX,False,IN_SCOPE,"(225.00022355555558, 174.61999500000002, 294.782508125, 190.81999499999998)",正面掉块√,same_cell_mark,/Users/zhaoxiaoda/Library/CloudStorage/GoogleDrive-xiaodazhao0608@gmail.com/我的云端硬盘/TBM9/SKETCH/DyK1017+177.99_伯舒拉岭右线洞身素描记录表 52.pdf,FACE_SKETCH
816b585a83f4a542122cb49e,CHECKBOX_POSITION,816b585a83f4a542122cb49e,,DyK1017+177.99_伯舒拉岭右线洞身素描记录表 52.pdf,毛开挖面状态,"(225.00022355555558, 190.81999499999998, 294.782508125, 222.499995)",随时间松弛、 掉块√,INLINE_OR_SUFFIX,False,IN_SCOPE,"(225.00022355555558, 190.81999499999998, 294.782508125, 222.499995)",随时间松弛、 掉块√,same_cell_mark,/Users/zhaoxiaoda/Library/CloudStorage/GoogleDrive-xiaodazhao0608@gmail.com/我的云端硬盘/TBM9/SKETCH/DyK1017+177.99_伯舒拉岭右线洞身素描记录表 52.pdf,FACE_SKETCH
816b585a83f4a542122cb49e,CHECKBOX_POSITION,816b585a83f4a542122cb49e,,DyK1017+177.99_伯舒拉岭右线洞身素描记录表 52.pdf,岩石强度,"(294.782508125, 222.499995, 350.8215091836734, 260.06000499999993)",15＜ R≤30√,INLINE_OR_SUFFIX,False,IN_SCOPE,"(294.782508125, 222.499995, 350.8215091836734, 260.06000499999993)",15＜ R≤30√,same_cell_mark,/Users/zhaoxiaoda/Library/CloudStorage/GoogleDrive-xiaodazhao0608@gmail.com/我的云端硬盘/TBM9/SKETCH/DyK1017+177.99_伯舒拉岭右线洞身素描记录表 52.pdf,FACE_SKETCH
816b585a83f4a542122cb49e,CHECKBOX_POSITION,816b585a83f4a542122cb49e,,DyK1017+177.99_伯舒拉岭右线洞身素描记录表 52.pdf,风化程度,"(294.782508125, 260.06000499999993, 350.8215091836734, 276.52999)",弱风化√,INLINE_OR_SUFFIX,False,IN_SCOPE,"(294.782508125, 260.06000499999993, 350.8215091836734, 276.52999)",弱风化√,same_cell_mark,/Users/zhaoxiaoda/Library/CloudStorage/GoogleDrive-xiaodazhao0608@gmail.com/我的云端硬盘/TBM9/SKETCH/DyK1017+177.99_伯舒拉岭右线洞身素描记录表 52.pdf,FACE_SKETCH
816b585a83f4a542122cb49e,CHECKBOX_POSITION,816b585a83f4a542122cb49e,,DyK1017+177.99_伯舒拉岭右线洞身素描记录表 52.pdf,间距,"(294.782508125, 276.52999, 350.8215091836734, 303.65000499999996)",0.2～0.6√,INLINE_OR_SUFFIX,False,IN_SCOPE,"(294.782508125, 276.52999, 350.8215091836734, 303.65000499999996)",0.2～0.6√,same_cell_mark,/Users/zhaoxiaoda/Library/CloudStorage/GoogleDrive-xiaodazhao0608@gmail.com/我的云端硬盘/TBM9/SKETCH/DyK1017+177.99_伯舒拉岭右线洞身素描记录表 52.pdf,FACE_SKETCH
816b585a83f4a542122cb49e,CHECKBOX_POSITION,816b585a83f4a542122cb49e,,DyK1017+177.99_伯舒拉岭右线洞身素描记录表 52.pdf,延伸性,"(294.782508125, 303.65000499999996, 350.8215091836734, 320.5700049999999)",中等√,INLINE_OR_SUFFIX,False,IN_SCOPE,"(294.782508125, 303.65000499999996, 350.8215091836734, 320.5700049999999)",中等√,same_cell_mark,/Users/zhaoxiaoda/Library/CloudStorage/GoogleDrive-xiaodazhao0608@gmail.com/我的云端硬盘/TBM9/SKETCH/DyK1017+177.99_伯舒拉岭右线洞身素描记录表 52.pdf,FACE_SKETCH
816b585a83f4a542122cb49e,CHECKBOX_POSITION,816b585a83f4a542122cb49e,,DyK1017+177.99_伯舒拉岭右线洞身素描记录表 52.pdf,粗糙度,"(294.782508125, 320.5700049999999, 407.0125058333333, 340.12998999999996)",平整光滑有擦痕√,INLINE_OR_SUFFIX,False,IN_SCOPE,"(294.782508125, 320.5700049999999, 407.0125058333333, 340.12998999999996)",平整光滑有擦痕√,same_cell_mark,/Users/zhaoxiaoda/Library/CloudStorage/GoogleDrive-xiaodazhao0608@gmail.com/我的云端硬盘/TBM9/SKETCH/DyK1017+177.99_伯舒拉岭右线洞身素描记录表 52.pdf,FACE_SKETCH
816b585a83f4a542122cb49e,CHECKBOX_POSITION,816b585a83f4a542122cb49e,,DyK1017+177.99_伯舒拉岭右线洞身素描记录表 52.pdf,张开性,"(158.24320219999998, 340.12998999999996, 225.00022355555558, 372.40999)",密闭＜0. 1√,INLINE_OR_SUFFIX,False,IN_SCOPE,"(158.24320219999998, 340.12998999999996, 225.00022355555558, 372.40999)",密闭＜0. 1√,same_cell_mark,/Users/zhaoxiaoda/Library/CloudStorage/GoogleDrive-xiaodazhao0608@gmail.com/我的云端硬盘/TBM9/SKETCH/DyK1017+177.99_伯舒拉岭右线洞身素描记录表 52.pdf,FACE_SKETCH
816b585a83f4a542122cb49e,CHECKBOX_POSITION,816b585a83f4a542122cb49e,,DyK1017+177.99_伯舒拉岭右线洞身素描记录表 52.pdf,涌水状态,"(378.7199988095238, 372.40999, 466.17999499999996, 404.090005)",25～125 经常渗水√,INLINE_OR_SUFFIX,False,IN_SCOPE,"(378.7199988095238, 372.40999, 466.17999499999996, 404.090005)",25～125 经常渗水√,same_cell_mark,/Users/zhaoxiaoda/Library/CloudStorage/GoogleDrive-xiaodazhao0608@gmail.com/我的云端硬盘/TBM9/SKETCH/DyK1017+177.99_伯舒拉岭右线洞身素描记录表 52.pdf,FACE_SKETCH
816b585a83f4a542122cb49e,CHECKBOX_POSITION,816b585a83f4a542122cb49e,,DyK1017+177.99_伯舒拉岭右线洞身素描记录表 52.pdf,岩溶发育程度,"(225.00022355555558, 404.090005, 294.782508125, 420.290005)",无√,INLINE_OR_SUFFIX,False,IN_SCOPE,"(225.00022355555558, 404.090005, 294.782508125, 420.290005)",无√,same_cell_mark,/Users/zhaoxiaoda/Library/CloudStorage/GoogleDrive-xiaodazhao0608@gmail.com/我的云端硬盘/TBM9/SKETCH/DyK1017+177.99_伯舒拉岭右线洞身素描记录表 52.pdf,FACE_SKETCH
8ef945d86a83ab636d7ed610,CHECKBOX_POSITION,8ef945d86a83ab636d7ed610,,DyK1017+208.00_伯舒拉岭右线洞身素描记录表 53.pdf,掌子面状态,"(225.00022355555558, 174.61999500000002, 294.782508125, 190.81999499999998)",正面掉块√,INLINE_OR_SUFFIX,False,IN_SCOPE,"(225.00022355555558, 174.61999500000002, 294.782508125, 190.81999499999998)",正面掉块√,same_cell_mark,/Users/zhaoxiaoda/Library/CloudStorage/GoogleDrive-xiaodazhao0608@gmail.com/我的云端硬盘/TBM9/SKETCH/DyK1017+208.00_伯舒拉岭右线洞身素描记录表 53.pdf,FACE_SKETCH
8ef945d86a83ab636d7ed610,CHECKBOX_POSITION,8ef945d86a83ab636d7ed610,,DyK1017+208.00_伯舒拉岭右线洞身素描记录表 53.pdf,毛开挖面状态,"(225.00022355555558, 190.81999499999998, 294.782508125, 222.499995)",随时间松弛、 掉块√,INLINE_OR_SUFFIX,False,IN_SCOPE,"(225.00022355555558, 190.81999499999998, 294.782508125, 222.499995)",随时间松弛、 掉块√,same_cell_mark,/Users/zhaoxiaoda/Library/CloudStorage/GoogleDrive-xiaodazhao0608@gmail.com/我的云端硬盘/TBM9/SKETCH/DyK1017+208.00_伯舒拉岭右线洞身素描记录表 53.pdf,FACE_SKETCH
8ef945d86a83ab636d7ed610,CHECKBOX_POSITION,8ef945d86a83ab636d7ed610,,DyK1017+208.00_伯舒拉岭右线洞身素描记录表 53.pdf,岩石强度,"(294.782508125, 222.499995, 350.8215091836734, 260.06000499999993)",15＜ R≤30√,INLINE_OR_SUFFIX,False,IN_SCOPE,"(294.782508125, 222.499995, 350.8215091836734, 260.06000499999993)",15＜ R≤30√,same_cell_mark,/Users/zhaoxiaoda/Library/CloudStorage/GoogleDrive-xiaodazhao0608@gmail.com/我的云端硬盘/TBM9/SKETCH/DyK1017+208.00_伯舒拉岭右线洞身素描记录表 53.pdf,FACE_SKETCH
8ef945d86a83ab636d7ed610,CHECKBOX_POSITION,8ef945d86a83ab636d7ed610,,DyK1017+208.00_伯舒拉岭右线洞身素描记录表 53.pdf,风化程度,"(294.782508125, 260.06000499999993, 350.8215091836734, 276.52999)",弱风化√,INLINE_OR_SUFFIX,False,IN_SCOPE,"(294.782508125, 260.06000499999993, 350.8215091836734, 276.52999)",弱风化√,same_cell_mark,/Users/zhaoxiaoda/Library/CloudStorage/GoogleDrive-xiaodazhao0608@gmail.com/我的云端硬盘/TBM9/SKETCH/DyK1017+208.00_伯舒拉岭右线洞身素描记录表 53.pdf,FACE_SKETCH
8ef945d86a83ab636d7ed610,CHECKBOX_POSITION,8ef945d86a83ab636d7ed610,,DyK1017+208.00_伯舒拉岭右线洞身素描记录表 53.pdf,间距,"(294.782508125, 276.52999, 350.8215091836734, 303.65000499999996)",0.2～0.6√,INLINE_OR_SUFFIX,False,IN_SCOPE,"(294.782508125, 276.52999, 350.8215091836734, 303.65000499999996)",0.2～0.6√,same_cell_mark,/Users/zhaoxiaoda/Library/CloudStorage/GoogleDrive-xiaodazhao0608@gmail.com/我的云端硬盘/TBM9/SKETCH/DyK1017+208.00_伯舒拉岭右线洞身素描记录表 53.pdf,FACE_SKETCH
8ef945d86a83ab636d7ed610,CHECKBOX_POSITION,8ef945d86a83ab636d7ed610,,DyK1017+208.00_伯舒拉岭右线洞身素描记录表 53.pdf,延伸性,"(294.782508125, 303.65000499999996, 350.8215091836734, 320.5700049999999)",中等√,INLINE_OR_SUFFIX,False,IN_SCOPE,"(294.782508125, 303.65000499999996, 350.8215091836734, 320.5700049999999)",中等√,same_cell_mark,/Users/zhaoxiaoda/Library/CloudStorage/GoogleDrive-xiaodazhao0608@gmail.com/我的云端硬盘/TBM9/SKETCH/DyK1017+208.00_伯舒拉岭右线洞身素描记录表 53.pdf,FACE_SKETCH
8ef945d86a83ab636d7ed610,CHECKBOX_POSITION,8ef945d86a83ab636d7ed610,,DyK1017+208.00_伯舒拉岭右线洞身素描记录表 53.pdf,粗糙度,"(294.782508125, 320.5700049999999, 407.0125058333333, 340.12998999999996)",平整光滑有擦痕√,INLINE_OR_SUFFIX,False,IN_SCOPE,"(294.782508125, 320.5700049999999, 407.0125058333333, 340.12998999999996)",平整光滑有擦痕√,same_cell_mark,/Users/zhaoxiaoda/Library/CloudStorage/GoogleDrive-xiaodazhao0608@gmail.com/我的云端硬盘/TBM9/SKETCH/DyK1017+208.00_伯舒拉岭右线洞身素描记录表 53.pdf,FACE_SKETCH
8ef945d86a83ab636d7ed610,CHECKBOX_POSITION,8ef945d86a83ab636d7ed610,,DyK1017+208.00_伯舒拉岭右线洞身素描记录表 53.pdf,张开性,"(158.24320219999998, 340.12998999999996, 225.00022355555558, 372.40999)",密闭＜0. 1√,INLINE_OR_SUFFIX,False,IN_SCOPE,"(158.24320219999998, 340.12998999999996, 225.00022355555558, 372.40999)",密闭＜0. 1√,same_cell_mark,/Users/zhaoxiaoda/Library/CloudStorage/GoogleDrive-xiaodazhao0608@gmail.com/我的云端硬盘/TBM9/SKETCH/DyK1017+208.00_伯舒拉岭右线洞身素描记录表 53.pdf,FACE_SKETCH
8ef945d86a83ab636d7ed610,CHECKBOX_POSITION,8ef945d86a83ab636d7ed610,,DyK1017+208.00_伯舒拉岭右线洞身素描记录表 53.pdf,涌水状态,"(378.7199988095238, 372.40999, 466.17999499999996, 404.090005)",25～125 经常渗水√,INLINE_OR_SUFFIX,False,IN_SCOPE,"(378.7199988095238, 372.40999, 466.17999499999996, 404.090005)",25～125 经常渗水√,same_cell_mark,/Users/zhaoxiaoda/Library/CloudStorage/GoogleDrive-xiaodazhao0608@gmail.com/我的云端硬盘/TBM9/SKETCH/DyK1017+208.00_伯舒拉岭右线洞身素描记录表 53.pdf,FACE_SKETCH
8ef945d86a83ab636d7ed610,CHECKBOX_POSITION,8ef945d86a83ab636d7ed610,,DyK1017+208.00_伯舒拉岭右线洞身素描记录表 53.pdf,岩溶发育程度,"(225.00022355555558, 404.090005, 294.782508125, 420.290005)",无√,INLINE_OR_SUFFIX,False,IN_SCOPE,"(225.00022355555558, 404.090005, 294.782508125, 420.290005)",无√,same_cell_mark,/Users/zhaoxiaoda/Library/CloudStorage/GoogleDrive-xiaodazhao0608@gmail.com/我的云端硬盘/TBM9/SKETCH/DyK1017+208.00_伯舒拉岭右线洞身素描记录表 53.pdf,FACE_SKETCH
952a8d49731afcc31840a716,CHECKBOX_POSITION,952a8d49731afcc31840a716,,DyK1017+216.00_伯舒拉岭右线洞身素描记录表 54.pdf,掌子面状态,"(225.00022355555558, 174.61999500000002, 294.782508125, 190.81999499999998)",正面掉块√,INLINE_OR_SUFFIX,False,IN_SCOPE,"(225.00022355555558, 174.61999500000002, 294.782508125, 190.81999499999998)",正面掉块√,same_cell_mark,/Users/zhaoxiaoda/Library/CloudStorage/GoogleDrive-xiaodazhao0608@gmail.com/我的云端硬盘/TBM9/SKETCH/DyK1017+216.00_伯舒拉岭右线洞身素描记录表 54.pdf,FACE_SKETCH
952a8d49731afcc31840a716,CHECKBOX_POSITION,952a8d49731afcc31840a716,,DyK1017+216.00_伯舒拉岭右线洞身素描记录表 54.pdf,毛开挖面状态,"(225.00022355555558, 190.81999499999998, 294.782508125, 222.499995)",随时间松弛、 掉块√,INLINE_OR_SUFFIX,False,IN_SCOPE,"(225.00022355555558, 190.81999499999998, 294.782508125, 222.499995)",随时间松弛、 掉块√,same_cell_mark,/Users/zhaoxiaoda/Library/CloudStorage/GoogleDrive-xiaodazhao0608@gmail.com/我的云端硬盘/TBM9/SKETCH/DyK1017+216.00_伯舒拉岭右线洞身素描记录表 54.pdf,FACE_SKETCH
952a8d49731afcc31840a716,CHECKBOX_POSITION,952a8d49731afcc31840a716,,DyK1017+216.00_伯舒拉岭右线洞身素描记录表 54.pdf,岩石强度,"(294.782508125, 222.499995, 350.8215091836734, 260.06000499999993)",15＜ R≤30√,INLINE_OR_SUFFIX,False,IN_SCOPE,"(294.782508125, 222.499995, 350.8215091836734, 260.06000499999993)",15＜ R≤30√,same_cell_mark,/Users/zhaoxiaoda/Library/CloudStorage/GoogleDrive-xiaodazhao0608@gmail.com/我的云端硬盘/TBM9/SKETCH/DyK1017+216.00_伯舒拉岭右线洞身素描记录表 54.pdf,FACE_SKETCH
952a8d49731afcc31840a716,CHECKBOX_POSITION,952a8d49731afcc31840a716,,DyK1017+216.00_伯舒拉岭右线洞身素描记录表 54.pdf,风化程度,"(294.782508125, 260.06000499999993, 350.8215091836734, 276.52999)",弱风化√,INLINE_OR_SUFFIX,False,IN_SCOPE,"(294.782508125, 260.06000499999993, 350.8215091836734, 276.52999)",弱风化√,same_cell_mark,/Users/zhaoxiaoda/Library/CloudStorage/GoogleDrive-xiaodazhao0608@gmail.com/我的云端硬盘/TBM9/SKETCH/DyK1017+216.00_伯舒拉岭右线洞身素描记录表 54.pdf,FACE_SKETCH
952a8d49731afcc31840a716,CHECKBOX_POSITION,952a8d49731afcc31840a716,,DyK1017+216.00_伯舒拉岭右线洞身素描记录表 54.pdf,间距,"(294.782508125, 276.52999, 350.8215091836734, 303.65000499999996)",0.2～0.6√,INLINE_OR_SUFFIX,False,IN_SCOPE,"(294.782508125, 276.52999, 350.8215091836734, 303.65000499999996)",0.2～0.6√,same_cell_mark,/Users/zhaoxiaoda/Library/CloudStorage/GoogleDrive-xiaodazhao0608@gmail.com/我的云端硬盘/TBM9/SKETCH/DyK1017+216.00_伯舒拉岭右线洞身素描记录表 54.pdf,FACE_SKETCH
952a8d49731afcc31840a716,CHECKBOX_POSITION,952a8d49731afcc31840a716,,DyK1017+216.00_伯舒拉岭右线洞身素描记录表 54.pdf,延伸性,"(294.782508125, 303.65000499999996, 350.8215091836734, 320.5700049999999)",中等√,INLINE_OR_SUFFIX,False,IN_SCOPE,"(294.782508125, 303.65000499999996, 350.8215091836734, 320.5700049999999)",中等√,same_cell_mark,/Users/zhaoxiaoda/Library/CloudStorage/GoogleDrive-xiaodazhao0608@gmail.com/我的云端硬盘/TBM9/SKETCH/DyK1017+216.00_伯舒拉岭右线洞身素描记录表 54.pdf,FACE_SKETCH
952a8d49731afcc31840a716,CHECKBOX_POSITION,952a8d49731afcc31840a716,,DyK1017+216.00_伯舒拉岭右线洞身素描记录表 54.pdf,粗糙度,"(294.782508125, 320.5700049999999, 407.0125058333333, 340.12998999999996)",平整光滑有擦痕√,INLINE_OR_SUFFIX,False,IN_SCOPE,"(294.782508125, 320.5700049999999, 407.0125058333333, 340.12998999999996)",平整光滑有擦痕√,same_cell_mark,/Users/zhaoxiaoda/Library/CloudStorage/GoogleDrive-xiaodazhao0608@gmail.com/我的云端硬盘/TBM9/SKETCH/DyK1017+216.00_伯舒拉岭右线洞身素描记录表 54.pdf,FACE_SKETCH
952a8d49731afcc31840a716,CHECKBOX_POSITION,952a8d49731afcc31840a716,,DyK1017+216.00_伯舒拉岭右线洞身素描记录表 54.pdf,张开性,"(158.24320219999998, 340.12998999999996, 225.00022355555558, 372.40999)",密闭＜0. 1√,INLINE_OR_SUFFIX,False,IN_SCOPE,"(158.24320219999998, 340.12998999999996, 225.00022355555558, 372.40999)",密闭＜0. 1√,same_cell_mark,/Users/zhaoxiaoda/Library/CloudStorage/GoogleDrive-xiaodazhao0608@gmail.com/我的云端硬盘/TBM9/SKETCH/DyK1017+216.00_伯舒拉岭右线洞身素描记录表 54.pdf,FACE_SKETCH
952a8d49731afcc31840a716,CHECKBOX_POSITION,952a8d49731afcc31840a716,,DyK1017+216.00_伯舒拉岭右线洞身素描记录表 54.pdf,涌水状态,"(378.7199988095238, 372.40999, 466.17999499999996, 404.090005)",25～125 经常渗水√,INLINE_OR_SUFFIX,False,IN_SCOPE,"(378.7199988095238, 372.40999, 466.17999499999996, 404.090005)",25～125 经常渗水√,same_cell_mark,/Users/zhaoxiaoda/Library/CloudStorage/GoogleDrive-xiaodazhao0608@gmail.com/我的云端硬盘/TBM9/SKETCH/DyK1017+216.00_伯舒拉岭右线洞身素描记录表 54.pdf,FACE_SKETCH
952a8d49731afcc31840a716,CHECKBOX_POSITION,952a8d49731afcc31840a716,,DyK1017+216.00_伯舒拉岭右线洞身素描记录表 54.pdf,岩溶发育程度,"(225.00022355555558, 404.090005, 294.782508125, 420.290005)",无√,INLINE_OR_SUFFIX,False,IN_SCOPE,"(225.00022355555558, 404.090005, 294.782508125, 420.290005)",无√,same_cell_mark,/Users/zhaoxiaoda/Library/CloudStorage/GoogleDrive-xiaodazhao0608@gmail.com/我的云端硬盘/TBM9/SKETCH/DyK1017+216.00_伯舒拉岭右线洞身素描记录表 54.pdf,FACE_SKETCH
3a17ea59e72b37aaccd10b71,CHECKBOX_POSITION,3a17ea59e72b37aaccd10b71,,DyK1017+222.00_伯舒拉岭右线洞身素描记录表 55.pdf,掌子面状态,"(225.00022355555558, 174.61999500000002, 294.782508125, 190.81999499999998)",正面掉块√,INLINE_OR_SUFFIX,False,IN_SCOPE,"(225.00022355555558, 174.61999500000002, 294.782508125, 190.81999499999998)",正面掉块√,same_cell_mark,/Users/zhaoxiaoda/Library/CloudStorage/GoogleDrive-xiaodazhao0608@gmail.com/我的云端硬盘/TBM9/SKETCH/DyK1017+222.00_伯舒拉岭右线洞身素描记录表 55.pdf,FACE_SKETCH
3a17ea59e72b37aaccd10b71,CHECKBOX_POSITION,3a17ea59e72b37aaccd10b71,,DyK1017+222.00_伯舒拉岭右线洞身素描记录表 55.pdf,毛开挖面状态,"(225.00022355555558, 190.81999499999998, 294.782508125, 222.499995)",随时间松弛、 掉块√,INLINE_OR_SUFFIX,False,IN_SCOPE,"(225.00022355555558, 190.81999499999998, 294.782508125, 222.499995)",随时间松弛、 掉块√,same_cell_mark,/Users/zhaoxiaoda/Library/CloudStorage/GoogleDrive-xiaodazhao0608@gmail.com/我的云端硬盘/TBM9/SKETCH/DyK1017+222.00_伯舒拉岭右线洞身素描记录表 55.pdf,FACE_SKETCH
3a17ea59e72b37aaccd10b71,CHECKBOX_POSITION,3a17ea59e72b37aaccd10b71,,DyK1017+222.00_伯舒拉岭右线洞身素描记录表 55.pdf,岩石强度,"(294.782508125, 222.499995, 350.8215091836734, 260.06000499999993)",15＜ R≤30√,INLINE_OR_SUFFIX,False,IN_SCOPE,"(294.782508125, 222.499995, 350.8215091836734, 260.06000499999993)",15＜ R≤30√,same_cell_mark,/Users/zhaoxiaoda/Library/CloudStorage/GoogleDrive-xiaodazhao0608@gmail.com/我的云端硬盘/TBM9/SKETCH/DyK1017+222.00_伯舒拉岭右线洞身素描记录表 55.pdf,FACE_SKETCH
3a17ea59e72b37aaccd10b71,CHECKBOX_POSITION,3a17ea59e72b37aaccd10b71,,DyK1017+222.00_伯舒拉岭右线洞身素描记录表 55.pdf,风化程度,"(294.782508125, 260.06000499999993, 350.8215091836734, 276.52999)",弱风化√,INLINE_OR_SUFFIX,False,IN_SCOPE,"(294.782508125, 260.06000499999993, 350.8215091836734, 276.52999)",弱风化√,same_cell_mark,/Users/zhaoxiaoda/Library/CloudStorage/GoogleDrive-xiaodazhao0608@gmail.com/我的云端硬盘/TBM9/SKETCH/DyK1017+222.00_伯舒拉岭右线洞身素描记录表 55.pdf,FACE_SKETCH
3a17ea59e72b37aaccd10b71,CHECKBOX_POSITION,3a17ea59e72b37aaccd10b71,,DyK1017+222.00_伯舒拉岭右线洞身素描记录表 55.pdf,间距,"(294.782508125, 276.52999, 350.8215091836734, 303.65000499999996)",0.2～0.6√,INLINE_OR_SUFFIX,False,IN_SCOPE,"(294.782508125, 276.52999, 350.8215091836734, 303.65000499999996)",0.2～0.6√,same_cell_mark,/Users/zhaoxiaoda/Library/CloudStorage/GoogleDrive-xiaodazhao0608@gmail.com/我的云端硬盘/TBM9/SKETCH/DyK1017+222.00_伯舒拉岭右线洞身素描记录表 55.pdf,FACE_SKETCH
3a17ea59e72b37aaccd10b71,CHECKBOX_POSITION,3a17ea59e72b37aaccd10b71,,DyK1017+222.00_伯舒拉岭右线洞身素描记录表 55.pdf,延伸性,"(294.782508125, 303.65000499999996, 350.8215091836734, 320.5700049999999)",中等√,INLINE_OR_SUFFIX,False,IN_SCOPE,"(294.782508125, 303.65000499999996, 350.8215091836734, 320.5700049999999)",中等√,same_cell_mark,/Users/zhaoxiaoda/Library/CloudStorage/GoogleDrive-xiaodazhao0608@gmail.com/我的云端硬盘/TBM9/SKETCH/DyK1017+222.00_伯舒拉岭右线洞身素描记录表 55.pdf,FACE_SKETCH
3a17ea59e72b37aaccd10b71,CHECKBOX_POSITION,3a17ea59e72b37aaccd10b71,,DyK1017+222.00_伯舒拉岭右线洞身素描记录表 55.pdf,粗糙度,"(294.782508125, 320.5700049999999, 407.0125058333333, 340.12998999999996)",平整光滑有擦痕√,INLINE_OR_SUFFIX,False,IN_SCOPE,"(294.782508125, 320.5700049999999, 407.0125058333333, 340.12998999999996)",平整光滑有擦痕√,same_cell_mark,/Users/zhaoxiaoda/Library/CloudStorage/GoogleDrive-xiaodazhao0608@gmail.com/我的云端硬盘/TBM9/SKETCH/DyK1017+222.00_伯舒拉岭右线洞身素描记录表 55.pdf,FACE_SKETCH
3a17ea59e72b37aaccd10b71,CHECKBOX_POSITION,3a17ea59e72b37aaccd10b71,,DyK1017+222.00_伯舒拉岭右线洞身素描记录表 55.pdf,张开性,"(158.24320219999998, 340.12998999999996, 225.00022355555558, 372.40999)",密闭＜0. 1√,INLINE_OR_SUFFIX,False,IN_SCOPE,"(158.24320219999998, 340.12998999999996, 225.00022355555558, 372.40999)",密闭＜0. 1√,same_cell_mark,/Users/zhaoxiaoda/Library/CloudStorage/GoogleDrive-xiaodazhao0608@gmail.com/我的云端硬盘/TBM9/SKETCH/DyK1017+222.00_伯舒拉岭右线洞身素描记录表 55.pdf,FACE_SKETCH
3a17ea59e72b37aaccd10b71,CHECKBOX_POSITION,3a17ea59e72b37aaccd10b71,,DyK1017+222.00_伯舒拉岭右线洞身素描记录表 55.pdf,涌水状态,"(378.7199988095238, 372.40999, 466.17999499999996, 404.090005)",25～125 经常渗水√,INLINE_OR_SUFFIX,False,IN_SCOPE,"(378.7199988095238, 372.40999, 466.17999499999996, 404.090005)",25～125 经常渗水√,same_cell_mark,/Users/zhaoxiaoda/Library/CloudStorage/GoogleDrive-xiaodazhao0608@gmail.com/我的云端硬盘/TBM9/SKETCH/DyK1017+222.00_伯舒拉岭右线洞身素描记录表 55.pdf,FACE_SKETCH
3a17ea59e72b37aaccd10b71,CHECKBOX_POSITION,3a17ea59e72b37aaccd10b71,,DyK1017+222.00_伯舒拉岭右线洞身素描记录表 55.pdf,岩溶发育程度,"(225.00022355555558, 404.090005, 294.782508125, 420.290005)",无√,INLINE_OR_SUFFIX,False,IN_SCOPE,"(225.00022355555558, 404.090005, 294.782508125, 420.290005)",无√,same_cell_mark,/Users/zhaoxiaoda/Library/CloudStorage/GoogleDrive-xiaodazhao0608@gmail.com/我的云端硬盘/TBM9/SKETCH/DyK1017+222.00_伯舒拉岭右线洞身素描记录表 55.pdf,FACE_SKETCH
5f3e2801e342656bca4966c6,CHECKBOX_POSITION,5f3e2801e342656bca4966c6,,DyK1017+237.00_伯舒拉岭右线洞身素描记录表 56.pdf,掌子面状态,"(225.00022355555558, 174.61999500000002, 294.782508125, 190.81999499999998)",正面掉块√,INLINE_OR_SUFFIX,False,IN_SCOPE,"(225.00022355555558, 174.61999500000002, 294.782508125, 190.81999499999998)",正面掉块√,same_cell_mark,/Users/zhaoxiaoda/Library/CloudStorage/GoogleDrive-xiaodazhao0608@gmail.com/我的云端硬盘/TBM9/SKETCH/DyK1017+237.00_伯舒拉岭右线洞身素描记录表 56.pdf,FACE_SKETCH
5f3e2801e342656bca4966c6,CHECKBOX_POSITION,5f3e2801e342656bca4966c6,,DyK1017+237.00_伯舒拉岭右线洞身素描记录表 56.pdf,毛开挖面状态,"(225.00022355555558, 190.81999499999998, 294.782508125, 222.499995)",随时间松弛、 掉块√,INLINE_OR_SUFFIX,False,IN_SCOPE,"(225.00022355555558, 190.81999499999998, 294.782508125, 222.499995)",随时间松弛、 掉块√,same_cell_mark,/Users/zhaoxiaoda/Library/CloudStorage/GoogleDrive-xiaodazhao0608@gmail.com/我的云端硬盘/TBM9/SKETCH/DyK1017+237.00_伯舒拉岭右线洞身素描记录表 56.pdf,FACE_SKETCH
5f3e2801e342656bca4966c6,CHECKBOX_POSITION,5f3e2801e342656bca4966c6,,DyK1017+237.00_伯舒拉岭右线洞身素描记录表 56.pdf,岩石强度,"(294.782508125, 222.499995, 350.8215091836734, 260.06000499999993)",15＜ R≤30√,INLINE_OR_SUFFIX,False,IN_SCOPE,"(294.782508125, 222.499995, 350.8215091836734, 260.06000499999993)",15＜ R≤30√,same_cell_mark,/Users/zhaoxiaoda/Library/CloudStorage/GoogleDrive-xiaodazhao0608@gmail.com/我的云端硬盘/TBM9/SKETCH/DyK1017+237.00_伯舒拉岭右线洞身素描记录表 56.pdf,FACE_SKETCH
5f3e2801e342656bca4966c6,CHECKBOX_POSITION,5f3e2801e342656bca4966c6,,DyK1017+237.00_伯舒拉岭右线洞身素描记录表 56.pdf,风化程度,"(294.782508125, 260.06000499999993, 350.8215091836734, 276.52999)",弱风化√,INLINE_OR_SUFFIX,False,IN_SCOPE,"(294.782508125, 260.06000499999993, 350.8215091836734, 276.52999)",弱风化√,same_cell_mark,/Users/zhaoxiaoda/Library/CloudStorage/GoogleDrive-xiaodazhao0608@gmail.com/我的云端硬盘/TBM9/SKETCH/DyK1017+237.00_伯舒拉岭右线洞身素描记录表 56.pdf,FACE_SKETCH
5f3e2801e342656bca4966c6,CHECKBOX_POSITION,5f3e2801e342656bca4966c6,,DyK1017+237.00_伯舒拉岭右线洞身素描记录表 56.pdf,间距,"(294.782508125, 276.52999, 350.8215091836734, 303.65000499999996)",0.2～0.6√,INLINE_OR_SUFFIX,False,IN_SCOPE,"(294.782508125, 276.52999, 350.8215091836734, 303.65000499999996)",0.2～0.6√,same_cell_mark,/Users/zhaoxiaoda/Library/CloudStorage/GoogleDrive-xiaodazhao0608@gmail.com/我的云端硬盘/TBM9/SKETCH/DyK1017+237.00_伯舒拉岭右线洞身素描记录表 56.pdf,FACE_SKETCH
5f3e2801e342656bca4966c6,CHECKBOX_POSITION,5f3e2801e342656bca4966c6,,DyK1017+237.00_伯舒拉岭右线洞身素描记录表 56.pdf,延伸性,"(294.782508125, 303.65000499999996, 350.8215091836734, 320.5700049999999)",中等√,INLINE_OR_SUFFIX,False,IN_SCOPE,"(294.782508125, 303.65000499999996, 350.8215091836734, 320.5700049999999)",中等√,same_cell_mark,/Users/zhaoxiaoda/Library/CloudStorage/GoogleDrive-xiaodazhao0608@gmail.com/我的云端硬盘/TBM9/SKETCH/DyK1017+237.00_伯舒拉岭右线洞身素描记录表 56.pdf,FACE_SKETCH
5f3e2801e342656bca4966c6,CHECKBOX_POSITION,5f3e2801e342656bca4966c6,,DyK1017+237.00_伯舒拉岭右线洞身素描记录表 56.pdf,粗糙度,"(294.782508125, 320.5700049999999, 407.0125058333333, 340.12998999999996)",平整光滑有擦痕√,INLINE_OR_SUFFIX,False,IN_SCOPE,"(294.782508125, 320.5700049999999, 407.0125058333333, 340.12998999999996)",平整光滑有擦痕√,same_cell_mark,/Users/zhaoxiaoda/Library/CloudStorage/GoogleDrive-xiaodazhao0608@gmail.com/我的云端硬盘/TBM9/SKETCH/DyK1017+237.00_伯舒拉岭右线洞身素描记录表 56.pdf,FACE_SKETCH
5f3e2801e342656bca4966c6,CHECKBOX_POSITION,5f3e2801e342656bca4966c6,,DyK1017+237.00_伯舒拉岭右线洞身素描记录表 56.pdf,张开性,"(158.24320219999998, 340.12998999999996, 225.00022355555558, 372.40999)",密闭＜0. 1√,INLINE_OR_SUFFIX,False,IN_SCOPE,"(158.24320219999998, 340.12998999999996, 225.00022355555558, 372.40999)",密闭＜0. 1√,same_cell_mark,/Users/zhaoxiaoda/Library/CloudStorage/GoogleDrive-xiaodazhao0608@gmail.com/我的云端硬盘/TBM9/SKETCH/DyK1017+237.00_伯舒拉岭右线洞身素描记录表 56.pdf,FACE_SKETCH
5f3e2801e342656bca4966c6,CHECKBOX_POSITION,5f3e2801e342656bca4966c6,,DyK1017+237.00_伯舒拉岭右线洞身素描记录表 56.pdf,涌水状态,"(378.7199988095238, 372.40999, 466.17999499999996, 404.090005)",25～125 经常渗水√,INLINE_OR_SUFFIX,False,IN_SCOPE,"(378.7199988095238, 372.40999, 466.17999499999996, 404.090005)",25～125 经常渗水√,same_cell_mark,/Users/zhaoxiaoda/Library/CloudStorage/GoogleDrive-xiaodazhao0608@gmail.com/我的云端硬盘/TBM9/SKETCH/DyK1017+237.00_伯舒拉岭右线洞身素描记录表 56.pdf,FACE_SKETCH
5f3e2801e342656bca4966c6,CHECKBOX_POSITION,5f3e2801e342656bca4966c6,,DyK1017+237.00_伯舒拉岭右线洞身素描记录表 56.pdf,岩溶发育程度,"(225.00022355555558, 404.090005, 294.782508125, 420.290005)",无√,INLINE_OR_SUFFIX,False,IN_SCOPE,"(225.00022355555558, 404.090005, 294.782508125, 420.290005)",无√,same_cell_mark,/Users/zhaoxiaoda/Library/CloudStorage/GoogleDrive-xiaodazhao0608@gmail.com/我的云端硬盘/TBM9/SKETCH/DyK1017+237.00_伯舒拉岭右线洞身素描记录表 56.pdf,FACE_SKETCH
97df1854be67fffd716afda2,CHECKBOX_POSITION,97df1854be67fffd716afda2,,DyK1017+267.00_伯舒拉岭右线洞身素描记录表 57.pdf,掌子面状态,"(225.00022355555558, 174.61999500000002, 294.782508125, 190.81999499999998)",正面掉块√,INLINE_OR_SUFFIX,False,IN_SCOPE,"(225.00022355555558, 174.61999500000002, 294.782508125, 190.81999499999998)",正面掉块√,same_cell_mark,/Users/zhaoxiaoda/Library/CloudStorage/GoogleDrive-xiaodazhao0608@gmail.com/我的云端硬盘/TBM9/SKETCH/DyK1017+267.00_伯舒拉岭右线洞身素描记录表 57.pdf,FACE_SKETCH
97df1854be67fffd716afda2,CHECKBOX_POSITION,97df1854be67fffd716afda2,,DyK1017+267.00_伯舒拉岭右线洞身素描记录表 57.pdf,毛开挖面状态,"(225.00022355555558, 190.81999499999998, 294.782508125, 222.499995)",随时间松弛、 掉块√,INLINE_OR_SUFFIX,False,IN_SCOPE,"(225.00022355555558, 190.81999499999998, 294.782508125, 222.499995)",随时间松弛、 掉块√,same_cell_mark,/Users/zhaoxiaoda/Library/CloudStorage/GoogleDrive-xiaodazhao0608@gmail.com/我的云端硬盘/TBM9/SKETCH/DyK1017+267.00_伯舒拉岭右线洞身素描记录表 57.pdf,FACE_SKETCH
97df1854be67fffd716afda2,CHECKBOX_POSITION,97df1854be67fffd716afda2,,DyK1017+267.00_伯舒拉岭右线洞身素描记录表 57.pdf,岩石强度,"(294.782508125, 222.499995, 350.8215091836734, 260.06000499999993)",15＜ R≤30√,INLINE_OR_SUFFIX,False,IN_SCOPE,"(294.782508125, 222.499995, 350.8215091836734, 260.06000499999993)",15＜ R≤30√,same_cell_mark,/Users/zhaoxiaoda/Library/CloudStorage/GoogleDrive-xiaodazhao0608@gmail.com/我的云端硬盘/TBM9/SKETCH/DyK1017+267.00_伯舒拉岭右线洞身素描记录表 57.pdf,FACE_SKETCH
97df1854be67fffd716afda2,CHECKBOX_POSITION,97df1854be67fffd716afda2,,DyK1017+267.00_伯舒拉岭右线洞身素描记录表 57.pdf,风化程度,"(294.782508125, 260.06000499999993, 350.8215091836734, 276.52999)",弱风化√,INLINE_OR_SUFFIX,False,IN_SCOPE,"(294.782508125, 260.06000499999993, 350.8215091836734, 276.52999)",弱风化√,same_cell_mark,/Users/zhaoxiaoda/Library/CloudStorage/GoogleDrive-xiaodazhao0608@gmail.com/我的云端硬盘/TBM9/SKETCH/DyK1017+267.00_伯舒拉岭右线洞身素描记录表 57.pdf,FACE_SKETCH
97df1854be67fffd716afda2,CHECKBOX_POSITION,97df1854be67fffd716afda2,,DyK1017+267.00_伯舒拉岭右线洞身素描记录表 57.pdf,间距,"(294.782508125, 276.52999, 350.8215091836734, 303.65000499999996)",0.2～0.6√,INLINE_OR_SUFFIX,False,IN_SCOPE,"(294.782508125, 276.52999, 350.8215091836734, 303.65000499999996)",0.2～0.6√,same_cell_mark,/Users/zhaoxiaoda/Library/CloudStorage/GoogleDrive-xiaodazhao0608@gmail.com/我的云端硬盘/TBM9/SKETCH/DyK1017+267.00_伯舒拉岭右线洞身素描记录表 57.pdf,FACE_SKETCH
97df1854be67fffd716afda2,CHECKBOX_POSITION,97df1854be67fffd716afda2,,DyK1017+267.00_伯舒拉岭右线洞身素描记录表 57.pdf,延伸性,"(294.782508125, 303.65000499999996, 350.8215091836734, 320.5700049999999)",中等√,INLINE_OR_SUFFIX,False,IN_SCOPE,"(294.782508125, 303.65000499999996, 350.8215091836734, 320.5700049999999)",中等√,same_cell_mark,/Users/zhaoxiaoda/Library/CloudStorage/GoogleDrive-xiaodazhao0608@gmail.com/我的云端硬盘/TBM9/SKETCH/DyK1017+267.00_伯舒拉岭右线洞身素描记录表 57.pdf,FACE_SKETCH
97df1854be67fffd716afda2,CHECKBOX_POSITION,97df1854be67fffd716afda2,,DyK1017+267.00_伯舒拉岭右线洞身素描记录表 57.pdf,粗糙度,"(294.782508125, 320.5700049999999, 407.0125058333333, 340.12998999999996)",平整光滑有擦痕√,INLINE_OR_SUFFIX,False,IN_SCOPE,"(294.782508125, 320.5700049999999, 407.0125058333333, 340.12998999999996)",平整光滑有擦痕√,same_cell_mark,/Users/zhaoxiaoda/Library/CloudStorage/GoogleDrive-xiaodazhao0608@gmail.com/我的云端硬盘/TBM9/SKETCH/DyK1017+267.00_伯舒拉岭右线洞身素描记录表 57.pdf,FACE_SKETCH
97df1854be67fffd716afda2,CHECKBOX_POSITION,97df1854be67fffd716afda2,,DyK1017+267.00_伯舒拉岭右线洞身素描记录表 57.pdf,张开性,"(158.24320219999998, 340.12998999999996, 225.00022355555558, 372.40999)",密闭＜0. 1√,INLINE_OR_SUFFIX,False,IN_SCOPE,"(158.24320219999998, 340.12998999999996, 225.00022355555558, 372.40999)",密闭＜0. 1√,same_cell_mark,/Users/zhaoxiaoda/Library/CloudStorage/GoogleDrive-xiaodazhao0608@gmail.com/我的云端硬盘/TBM9/SKETCH/DyK1017+267.00_伯舒拉岭右线洞身素描记录表 57.pdf,FACE_SKETCH
97df1854be67fffd716afda2,CHECKBOX_POSITION,97df1854be67fffd716afda2,,DyK1017+267.00_伯舒拉岭右线洞身素描记录表 57.pdf,涌水状态,"(378.7199988095238, 372.40999, 466.17999499999996, 404.090005)",25～125 经常渗水√,INLINE_OR_SUFFIX,False,IN_SCOPE,"(378.7199988095238, 372.40999, 466.17999499999996, 404.090005)",25～125 经常渗水√,same_cell_mark,/Users/zhaoxiaoda/Library/CloudStorage/GoogleDrive-xiaodazhao0608@gmail.com/我的云端硬盘/TBM9/SKETCH/DyK1017+267.00_伯舒拉岭右线洞身素描记录表 57.pdf,FACE_SKETCH
97df1854be67fffd716afda2,CHECKBOX_POSITION,97df1854be67fffd716afda2,,DyK1017+267.00_伯舒拉岭右线洞身素描记录表 57.pdf,岩溶发育程度,"(225.00022355555558, 404.090005, 294.782508125, 420.290005)",无√,INLINE_OR_SUFFIX,False,IN_SCOPE,"(225.00022355555558, 404.090005, 294.782508125, 420.290005)",无√,same_cell_mark,/Users/zhaoxiaoda/Library/CloudStorage/GoogleDrive-xiaodazhao0608@gmail.com/我的云端硬盘/TBM9/SKETCH/DyK1017+267.00_伯舒拉岭右线洞身素描记录表 57.pdf,FACE_SKETCH
8ef9c0ac2650a53aecb254e4,CHECKBOX_POSITION,8ef9c0ac2650a53aecb254e4,,DyK1017+297.00_伯舒拉岭右线洞身素描记录表 58.pdf,掌子面状态,"(225.00022355555558, 174.61999500000002, 294.782508125, 190.81999499999998)",正面掉块√,INLINE_OR_SUFFIX,False,IN_SCOPE,"(225.00022355555558, 174.61999500000002, 294.782508125, 190.81999499999998)",正面掉块√,same_cell_mark,/Users/zhaoxiaoda/Library/CloudStorage/GoogleDrive-xiaodazhao0608@gmail.com/我的云端硬盘/TBM9/SKETCH/DyK1017+297.00_伯舒拉岭右线洞身素描记录表 58.pdf,FACE_SKETCH
8ef9c0ac2650a53aecb254e4,CHECKBOX_POSITION,8ef9c0ac2650a53aecb254e4,,DyK1017+297.00_伯舒拉岭右线洞身素描记录表 58.pdf,毛开挖面状态,"(225.00022355555558, 190.81999499999998, 294.782508125, 222.499995)",随时间松弛、 掉块√,INLINE_OR_SUFFIX,False,IN_SCOPE,"(225.00022355555558, 190.81999499999998, 294.782508125, 222.499995)",随时间松弛、 掉块√,same_cell_mark,/Users/zhaoxiaoda/Library/CloudStorage/GoogleDrive-xiaodazhao0608@gmail.com/我的云端硬盘/TBM9/SKETCH/DyK1017+297.00_伯舒拉岭右线洞身素描记录表 58.pdf,FACE_SKETCH
8ef9c0ac2650a53aecb254e4,CHECKBOX_POSITION,8ef9c0ac2650a53aecb254e4,,DyK1017+297.00_伯舒拉岭右线洞身素描记录表 58.pdf,岩石强度,"(294.782508125, 222.499995, 350.8215091836734, 260.06000499999993)",15＜ R≤30√,INLINE_OR_SUFFIX,False,IN_SCOPE,"(294.782508125, 222.499995, 350.8215091836734, 260.06000499999993)",15＜ R≤30√,same_cell_mark,/Users/zhaoxiaoda/Library/CloudStorage/GoogleDrive-xiaodazhao0608@gmail.com/我的云端硬盘/TBM9/SKETCH/DyK1017+297.00_伯舒拉岭右线洞身素描记录表 58.pdf,FACE_SKETCH
8ef9c0ac2650a53aecb254e4,CHECKBOX_POSITION,8ef9c0ac2650a53aecb254e4,,DyK1017+297.00_伯舒拉岭右线洞身素描记录表 58.pdf,风化程度,"(294.782508125, 260.06000499999993, 350.8215091836734, 276.52999)",弱风化√,INLINE_OR_SUFFIX,False,IN_SCOPE,"(294.782508125, 260.06000499999993, 350.8215091836734, 276.52999)",弱风化√,same_cell_mark,/Users/zhaoxiaoda/Library/CloudStorage/GoogleDrive-xiaodazhao0608@gmail.com/我的云端硬盘/TBM9/SKETCH/DyK1017+297.00_伯舒拉岭右线洞身素描记录表 58.pdf,FACE_SKETCH
8ef9c0ac2650a53aecb254e4,CHECKBOX_POSITION,8ef9c0ac2650a53aecb254e4,,DyK1017+297.00_伯舒拉岭右线洞身素描记录表 58.pdf,间距,"(294.782508125, 276.52999, 350.8215091836734, 303.65000499999996)",0.2～0.6√,INLINE_OR_SUFFIX,False,IN_SCOPE,"(294.782508125, 276.52999, 350.8215091836734, 303.65000499999996)",0.2～0.6√,same_cell_mark,/Users/zhaoxiaoda/Library/CloudStorage/GoogleDrive-xiaodazhao0608@gmail.com/我的云端硬盘/TBM9/SKETCH/DyK1017+297.00_伯舒拉岭右线洞身素描记录表 58.pdf,FACE_SKETCH
8ef9c0ac2650a53aecb254e4,CHECKBOX_POSITION,8ef9c0ac2650a53aecb254e4,,DyK1017+297.00_伯舒拉岭右线洞身素描记录表 58.pdf,延伸性,"(294.782508125, 303.65000499999996, 350.8215091836734, 320.5700049999999)",中等√,INLINE_OR_SUFFIX,False,IN_SCOPE,"(294.782508125, 303.65000499999996, 350.8215091836734, 320.5700049999999)",中等√,same_cell_mark,/Users/zhaoxiaoda/Library/CloudStorage/GoogleDrive-xiaodazhao0608@gmail.com/我的云端硬盘/TBM9/SKETCH/DyK1017+297.00_伯舒拉岭右线洞身素描记录表 58.pdf,FACE_SKETCH
8ef9c0ac2650a53aecb254e4,CHECKBOX_POSITION,8ef9c0ac2650a53aecb254e4,,DyK1017+297.00_伯舒拉岭右线洞身素描记录表 58.pdf,粗糙度,"(294.782508125, 320.5700049999999, 407.0125058333333, 340.12998999999996)",平整光滑有擦痕√,INLINE_OR_SUFFIX,False,IN_SCOPE,"(294.782508125, 320.5700049999999, 407.0125058333333, 340.12998999999996)",平整光滑有擦痕√,same_cell_mark,/Users/zhaoxiaoda/Library/CloudStorage/GoogleDrive-xiaodazhao0608@gmail.com/我的云端硬盘/TBM9/SKETCH/DyK1017+297.00_伯舒拉岭右线洞身素描记录表 58.pdf,FACE_SKETCH
8ef9c0ac2650a53aecb254e4,CHECKBOX_POSITION,8ef9c0ac2650a53aecb254e4,,DyK1017+297.00_伯舒拉岭右线洞身素描记录表 58.pdf,张开性,"(158.24320219999998, 340.12998999999996, 225.00022355555558, 372.40999)",密闭＜0. 1√,INLINE_OR_SUFFIX,False,IN_SCOPE,"(158.24320219999998, 340.12998999999996, 225.00022355555558, 372.40999)",密闭＜0. 1√,same_cell_mark,/Users/zhaoxiaoda/Library/CloudStorage/GoogleDrive-xiaodazhao0608@gmail.com/我的云端硬盘/TBM9/SKETCH/DyK1017+297.00_伯舒拉岭右线洞身素描记录表 58.pdf,FACE_SKETCH
8ef9c0ac2650a53aecb254e4,CHECKBOX_POSITION,8ef9c0ac2650a53aecb254e4,,DyK1017+297.00_伯舒拉岭右线洞身素描记录表 58.pdf,涌水状态,"(378.7199988095238, 372.40999, 466.17999499999996, 404.090005)",25～125 经常渗水√,INLINE_OR_SUFFIX,False,IN_SCOPE,"(378.7199988095238, 372.40999, 466.17999499999996, 404.090005)",25～125 经常渗水√,same_cell_mark,/Users/zhaoxiaoda/Library/CloudStorage/GoogleDrive-xiaodazhao0608@gmail.com/我的云端硬盘/TBM9/SKETCH/DyK1017+297.00_伯舒拉岭右线洞身素描记录表 58.pdf,FACE_SKETCH
8ef9c0ac2650a53aecb254e4,CHECKBOX_POSITION,8ef9c0ac2650a53aecb254e4,,DyK1017+297.00_伯舒拉岭右线洞身素描记录表 58.pdf,岩溶发育程度,"(225.00022355555558, 404.090005, 294.782508125, 420.290005)",无√,INLINE_OR_SUFFIX,False,IN_SCOPE,"(225.00022355555558, 404.090005, 294.782508125, 420.290005)",无√,same_cell_mark,/Users/zhaoxiaoda/Library/CloudStorage/GoogleDrive-xiaodazhao0608@gmail.com/我的云端硬盘/TBM9/SKETCH/DyK1017+297.00_伯舒拉岭右线洞身素描记录表 58.pdf,FACE_SKETCH
2ea9c36163b7b898b56093ff,CHECKBOX_POSITION,2ea9c36163b7b898b56093ff,,DyK1017+317.00_伯舒拉岭右线洞身素描记录表 59.pdf,掌子面状态,"(225.00022355555558, 174.61999500000002, 294.782508125, 190.81999499999998)",正面掉块√,INLINE_OR_SUFFIX,False,IN_SCOPE,"(225.00022355555558, 174.61999500000002, 294.782508125, 190.81999499999998)",正面掉块√,same_cell_mark,/Users/zhaoxiaoda/Library/CloudStorage/GoogleDrive-xiaodazhao0608@gmail.com/我的云端硬盘/TBM9/SKETCH/DyK1017+317.00_伯舒拉岭右线洞身素描记录表 59.pdf,FACE_SKETCH
2ea9c36163b7b898b56093ff,CHECKBOX_POSITION,2ea9c36163b7b898b56093ff,,DyK1017+317.00_伯舒拉岭右线洞身素描记录表 59.pdf,毛开挖面状态,"(225.00022355555558, 190.81999499999998, 294.782508125, 222.499995)",随时间松弛、 掉块√,INLINE_OR_SUFFIX,False,IN_SCOPE,"(225.00022355555558, 190.81999499999998, 294.782508125, 222.499995)",随时间松弛、 掉块√,same_cell_mark,/Users/zhaoxiaoda/Library/CloudStorage/GoogleDrive-xiaodazhao0608@gmail.com/我的云端硬盘/TBM9/SKETCH/DyK1017+317.00_伯舒拉岭右线洞身素描记录表 59.pdf,FACE_SKETCH
2ea9c36163b7b898b56093ff,CHECKBOX_POSITION,2ea9c36163b7b898b56093ff,,DyK1017+317.00_伯舒拉岭右线洞身素描记录表 59.pdf,岩石强度,"(294.782508125, 222.499995, 350.8215091836734, 260.06000499999993)",15＜ R≤30√,INLINE_OR_SUFFIX,False,IN_SCOPE,"(294.782508125, 222.499995, 350.8215091836734, 260.06000499999993)",15＜ R≤30√,same_cell_mark,/Users/zhaoxiaoda/Library/CloudStorage/GoogleDrive-xiaodazhao0608@gmail.com/我的云端硬盘/TBM9/SKETCH/DyK1017+317.00_伯舒拉岭右线洞身素描记录表 59.pdf,FACE_SKETCH
2ea9c36163b7b898b56093ff,CHECKBOX_POSITION,2ea9c36163b7b898b56093ff,,DyK1017+317.00_伯舒拉岭右线洞身素描记录表 59.pdf,风化程度,"(294.782508125, 260.06000499999993, 350.8215091836734, 276.52999)",弱风化√,INLINE_OR_SUFFIX,False,IN_SCOPE,"(294.782508125, 260.06000499999993, 350.8215091836734, 276.52999)",弱风化√,same_cell_mark,/Users/zhaoxiaoda/Library/CloudStorage/GoogleDrive-xiaodazhao0608@gmail.com/我的云端硬盘/TBM9/SKETCH/DyK1017+317.00_伯舒拉岭右线洞身素描记录表 59.pdf,FACE_SKETCH
2ea9c36163b7b898b56093ff,CHECKBOX_POSITION,2ea9c36163b7b898b56093ff,,DyK1017+317.00_伯舒拉岭右线洞身素描记录表 59.pdf,间距,"(294.782508125, 276.52999, 350.8215091836734, 303.65000499999996)",0.2～0.6√,INLINE_OR_SUFFIX,False,IN_SCOPE,"(294.782508125, 276.52999, 350.8215091836734, 303.65000499999996)",0.2～0.6√,same_cell_mark,/Users/zhaoxiaoda/Library/CloudStorage/GoogleDrive-xiaodazhao0608@gmail.com/我的云端硬盘/TBM9/SKETCH/DyK1017+317.00_伯舒拉岭右线洞身素描记录表 59.pdf,FACE_SKETCH
2ea9c36163b7b898b56093ff,CHECKBOX_POSITION,2ea9c36163b7b898b56093ff,,DyK1017+317.00_伯舒拉岭右线洞身素描记录表 59.pdf,延伸性,"(294.782508125, 303.65000499999996, 350.8215091836734, 320.5700049999999)",中等√,INLINE_OR_SUFFIX,False,IN_SCOPE,"(294.782508125, 303.65000499999996, 350.8215091836734, 320.5700049999999)",中等√,same_cell_mark,/Users/zhaoxiaoda/Library/CloudStorage/GoogleDrive-xiaodazhao0608@gmail.com/我的云端硬盘/TBM9/SKETCH/DyK1017+317.00_伯舒拉岭右线洞身素描记录表 59.pdf,FACE_SKETCH
2ea9c36163b7b898b56093ff,CHECKBOX_POSITION,2ea9c36163b7b898b56093ff,,DyK1017+317.00_伯舒拉岭右线洞身素描记录表 59.pdf,粗糙度,"(294.782508125, 320.5700049999999, 407.0125058333333, 340.12998999999996)",平整光滑有擦痕√,INLINE_OR_SUFFIX,False,IN_SCOPE,"(294.782508125, 320.5700049999999, 407.0125058333333, 340.12998999999996)",平整光滑有擦痕√,same_cell_mark,/Users/zhaoxiaoda/Library/CloudStorage/GoogleDrive-xiaodazhao0608@gmail.com/我的云端硬盘/TBM9/SKETCH/DyK1017+317.00_伯舒拉岭右线洞身素描记录表 59.pdf,FACE_SKETCH
2ea9c36163b7b898b56093ff,CHECKBOX_POSITION,2ea9c36163b7b898b56093ff,,DyK1017+317.00_伯舒拉岭右线洞身素描记录表 59.pdf,张开性,"(158.24320219999998, 340.12998999999996, 225.00022355555558, 372.40999)",密闭＜0. 1√,INLINE_OR_SUFFIX,False,IN_SCOPE,"(158.24320219999998, 340.12998999999996, 225.00022355555558, 372.40999)",密闭＜0. 1√,same_cell_mark,/Users/zhaoxiaoda/Library/CloudStorage/GoogleDrive-xiaodazhao0608@gmail.com/我的云端硬盘/TBM9/SKETCH/DyK1017+317.00_伯舒拉岭右线洞身素描记录表 59.pdf,FACE_SKETCH
2ea9c36163b7b898b56093ff,CHECKBOX_POSITION,2ea9c36163b7b898b56093ff,,DyK1017+317.00_伯舒拉岭右线洞身素描记录表 59.pdf,涌水状态,"(378.7199988095238, 372.40999, 466.17999499999996, 404.090005)",25～125 经常渗水√,INLINE_OR_SUFFIX,False,IN_SCOPE,"(378.7199988095238, 372.40999, 466.17999499999996, 404.090005)",25～125 经常渗水√,same_cell_mark,/Users/zhaoxiaoda/Library/CloudStorage/GoogleDrive-xiaodazhao0608@gmail.com/我的云端硬盘/TBM9/SKETCH/DyK1017+317.00_伯舒拉岭右线洞身素描记录表 59.pdf,FACE_SKETCH
2ea9c36163b7b898b56093ff,CHECKBOX_POSITION,2ea9c36163b7b898b56093ff,,DyK1017+317.00_伯舒拉岭右线洞身素描记录表 59.pdf,岩溶发育程度,"(225.00022355555558, 404.090005, 294.782508125, 420.290005)",无√,INLINE_OR_SUFFIX,False,IN_SCOPE,"(225.00022355555558, 404.090005, 294.782508125, 420.290005)",无√,same_cell_mark,/Users/zhaoxiaoda/Library/CloudStorage/GoogleDrive-xiaodazhao0608@gmail.com/我的云端硬盘/TBM9/SKETCH/DyK1017+317.00_伯舒拉岭右线洞身素描记录表 59.pdf,FACE_SKETCH
0317527187ad49cb220a0053,CHECKBOX_POSITION,0317527187ad49cb220a0053,,DyK1017+327.00_伯舒拉岭右线洞身素描记录表 60.pdf,掌子面状态,"(225.00022355555558, 174.61999500000002, 294.782508125, 190.81999499999998)",正面掉块√,INLINE_OR_SUFFIX,False,IN_SCOPE,"(225.00022355555558, 174.61999500000002, 294.782508125, 190.81999499999998)",正面掉块√,same_cell_mark,/Users/zhaoxiaoda/Library/CloudStorage/GoogleDrive-xiaodazhao0608@gmail.com/我的云端硬盘/TBM9/SKETCH/DyK1017+327.00_伯舒拉岭右线洞身素描记录表 60.pdf,FACE_SKETCH
0317527187ad49cb220a0053,CHECKBOX_POSITION,0317527187ad49cb220a0053,,DyK1017+327.00_伯舒拉岭右线洞身素描记录表 60.pdf,毛开挖面状态,"(225.00022355555558, 190.81999499999998, 294.782508125, 222.499995)",随时间松弛、 掉块√,INLINE_OR_SUFFIX,False,IN_SCOPE,"(225.00022355555558, 190.81999499999998, 294.782508125, 222.499995)",随时间松弛、 掉块√,same_cell_mark,/Users/zhaoxiaoda/Library/CloudStorage/GoogleDrive-xiaodazhao0608@gmail.com/我的云端硬盘/TBM9/SKETCH/DyK1017+327.00_伯舒拉岭右线洞身素描记录表 60.pdf,FACE_SKETCH
0317527187ad49cb220a0053,CHECKBOX_POSITION,0317527187ad49cb220a0053,,DyK1017+327.00_伯舒拉岭右线洞身素描记录表 60.pdf,岩石强度,"(294.782508125, 222.499995, 350.8215091836734, 260.06000499999993)",15＜ R≤30√,INLINE_OR_SUFFIX,False,IN_SCOPE,"(294.782508125, 222.499995, 350.8215091836734, 260.06000499999993)",15＜ R≤30√,same_cell_mark,/Users/zhaoxiaoda/Library/CloudStorage/GoogleDrive-xiaodazhao0608@gmail.com/我的云端硬盘/TBM9/SKETCH/DyK1017+327.00_伯舒拉岭右线洞身素描记录表 60.pdf,FACE_SKETCH
0317527187ad49cb220a0053,CHECKBOX_POSITION,0317527187ad49cb220a0053,,DyK1017+327.00_伯舒拉岭右线洞身素描记录表 60.pdf,风化程度,"(294.782508125, 260.06000499999993, 350.8215091836734, 276.52999)",弱风化√,INLINE_OR_SUFFIX,False,IN_SCOPE,"(294.782508125, 260.06000499999993, 350.8215091836734, 276.52999)",弱风化√,same_cell_mark,/Users/zhaoxiaoda/Library/CloudStorage/GoogleDrive-xiaodazhao0608@gmail.com/我的云端硬盘/TBM9/SKETCH/DyK1017+327.00_伯舒拉岭右线洞身素描记录表 60.pdf,FACE_SKETCH
0317527187ad49cb220a0053,CHECKBOX_POSITION,0317527187ad49cb220a0053,,DyK1017+327.00_伯舒拉岭右线洞身素描记录表 60.pdf,间距,"(294.782508125, 276.52999, 350.8215091836734, 303.65000499999996)",0.2～0.6√,INLINE_OR_SUFFIX,False,IN_SCOPE,"(294.782508125, 276.52999, 350.8215091836734, 303.65000499999996)",0.2～0.6√,same_cell_mark,/Users/zhaoxiaoda/Library/CloudStorage/GoogleDrive-xiaodazhao0608@gmail.com/我的云端硬盘/TBM9/SKETCH/DyK1017+327.00_伯舒拉岭右线洞身素描记录表 60.pdf,FACE_SKETCH
0317527187ad49cb220a0053,CHECKBOX_POSITION,0317527187ad49cb220a0053,,DyK1017+327.00_伯舒拉岭右线洞身素描记录表 60.pdf,延伸性,"(294.782508125, 303.65000499999996, 350.8215091836734, 320.5700049999999)",中等√,INLINE_OR_SUFFIX,False,IN_SCOPE,"(294.782508125, 303.65000499999996, 350.8215091836734, 320.5700049999999)",中等√,same_cell_mark,/Users/zhaoxiaoda/Library/CloudStorage/GoogleDrive-xiaodazhao0608@gmail.com/我的云端硬盘/TBM9/SKETCH/DyK1017+327.00_伯舒拉岭右线洞身素描记录表 60.pdf,FACE_SKETCH
0317527187ad49cb220a0053,CHECKBOX_POSITION,0317527187ad49cb220a0053,,DyK1017+327.00_伯舒拉岭右线洞身素描记录表 60.pdf,粗糙度,"(294.782508125, 320.5700049999999, 407.0125058333333, 340.12998999999996)",平整光滑有擦痕√,INLINE_OR_SUFFIX,False,IN_SCOPE,"(294.782508125, 320.5700049999999, 407.0125058333333, 340.12998999999996)",平整光滑有擦痕√,same_cell_mark,/Users/zhaoxiaoda/Library/CloudStorage/GoogleDrive-xiaodazhao0608@gmail.com/我的云端硬盘/TBM9/SKETCH/DyK1017+327.00_伯舒拉岭右线洞身素描记录表 60.pdf,FACE_SKETCH
0317527187ad49cb220a0053,CHECKBOX_POSITION,0317527187ad49cb220a0053,,DyK1017+327.00_伯舒拉岭右线洞身素描记录表 60.pdf,张开性,"(158.24320219999998, 340.12998999999996, 225.00022355555558, 372.40999)",密闭＜0. 1√,INLINE_OR_SUFFIX,False,IN_SCOPE,"(158.24320219999998, 340.12998999999996, 225.00022355555558, 372.40999)",密闭＜0. 1√,same_cell_mark,/Users/zhaoxiaoda/Library/CloudStorage/GoogleDrive-xiaodazhao0608@gmail.com/我的云端硬盘/TBM9/SKETCH/DyK1017+327.00_伯舒拉岭右线洞身素描记录表 60.pdf,FACE_SKETCH
0317527187ad49cb220a0053,CHECKBOX_POSITION,0317527187ad49cb220a0053,,DyK1017+327.00_伯舒拉岭右线洞身素描记录表 60.pdf,涌水状态,"(378.7199988095238, 372.40999, 466.17999499999996, 404.090005)",25～125 经常渗水√,INLINE_OR_SUFFIX,False,IN_SCOPE,"(378.7199988095238, 372.40999, 466.17999499999996, 404.090005)",25～125 经常渗水√,same_cell_mark,/Users/zhaoxiaoda/Library/CloudStorage/GoogleDrive-xiaodazhao0608@gmail.com/我的云端硬盘/TBM9/SKETCH/DyK1017+327.00_伯舒拉岭右线洞身素描记录表 60.pdf,FACE_SKETCH
0317527187ad49cb220a0053,CHECKBOX_POSITION,0317527187ad49cb220a0053,,DyK1017+327.00_伯舒拉岭右线洞身素描记录表 60.pdf,岩溶发育程度,"(225.00022355555558, 404.090005, 294.782508125, 420.290005)",无√,INLINE_OR_SUFFIX,False,IN_SCOPE,"(225.00022355555558, 404.090005, 294.782508125, 420.290005)",无√,same_cell_mark,/Users/zhaoxiaoda/Library/CloudStorage/GoogleDrive-xiaodazhao0608@gmail.com/我的云端硬盘/TBM9/SKETCH/DyK1017+327.00_伯舒拉岭右线洞身素描记录表 60.pdf,FACE_SKETCH
5581e652c2789cbf0e6c1551,CHECKBOX_POSITION,5581e652c2789cbf0e6c1551,,DyK1017+347.00_伯舒拉岭右线洞身素描记录表 61.pdf,掌子面状态,"(225.00022355555558, 174.61999500000002, 294.782508125, 190.81999499999998)",正面掉块√,INLINE_OR_SUFFIX,False,IN_SCOPE,"(225.00022355555558, 174.61999500000002, 294.782508125, 190.81999499999998)",正面掉块√,same_cell_mark,/Users/zhaoxiaoda/Library/CloudStorage/GoogleDrive-xiaodazhao0608@gmail.com/我的云端硬盘/TBM9/SKETCH/DyK1017+347.00_伯舒拉岭右线洞身素描记录表 61.pdf,FACE_SKETCH
5581e652c2789cbf0e6c1551,CHECKBOX_POSITION,5581e652c2789cbf0e6c1551,,DyK1017+347.00_伯舒拉岭右线洞身素描记录表 61.pdf,毛开挖面状态,"(225.00022355555558, 190.81999499999998, 294.782508125, 222.499995)",随时间松弛、 掉块√,INLINE_OR_SUFFIX,False,IN_SCOPE,"(225.00022355555558, 190.81999499999998, 294.782508125, 222.499995)",随时间松弛、 掉块√,same_cell_mark,/Users/zhaoxiaoda/Library/CloudStorage/GoogleDrive-xiaodazhao0608@gmail.com/我的云端硬盘/TBM9/SKETCH/DyK1017+347.00_伯舒拉岭右线洞身素描记录表 61.pdf,FACE_SKETCH
5581e652c2789cbf0e6c1551,CHECKBOX_POSITION,5581e652c2789cbf0e6c1551,,DyK1017+347.00_伯舒拉岭右线洞身素描记录表 61.pdf,岩石强度,"(294.782508125, 222.499995, 350.8215091836734, 260.06000499999993)",15＜ R≤30√,INLINE_OR_SUFFIX,False,IN_SCOPE,"(294.782508125, 222.499995, 350.8215091836734, 260.06000499999993)",15＜ R≤30√,same_cell_mark,/Users/zhaoxiaoda/Library/CloudStorage/GoogleDrive-xiaodazhao0608@gmail.com/我的云端硬盘/TBM9/SKETCH/DyK1017+347.00_伯舒拉岭右线洞身素描记录表 61.pdf,FACE_SKETCH
5581e652c2789cbf0e6c1551,CHECKBOX_POSITION,5581e652c2789cbf0e6c1551,,DyK1017+347.00_伯舒拉岭右线洞身素描记录表 61.pdf,风化程度,"(294.782508125, 260.06000499999993, 350.8215091836734, 276.52999)",弱风化√,INLINE_OR_SUFFIX,False,IN_SCOPE,"(294.782508125, 260.06000499999993, 350.8215091836734, 276.52999)",弱风化√,same_cell_mark,/Users/zhaoxiaoda/Library/CloudStorage/GoogleDrive-xiaodazhao0608@gmail.com/我的云端硬盘/TBM9/SKETCH/DyK1017+347.00_伯舒拉岭右线洞身素描记录表 61.pdf,FACE_SKETCH
5581e652c2789cbf0e6c1551,CHECKBOX_POSITION,5581e652c2789cbf0e6c1551,,DyK1017+347.00_伯舒拉岭右线洞身素描记录表 61.pdf,间距,"(294.782508125, 276.52999, 350.8215091836734, 303.65000499999996)",0.2～0.6√,INLINE_OR_SUFFIX,False,IN_SCOPE,"(294.782508125, 276.52999, 350.8215091836734, 303.65000499999996)",0.2～0.6√,same_cell_mark,/Users/zhaoxiaoda/Library/CloudStorage/GoogleDrive-xiaodazhao0608@gmail.com/我的云端硬盘/TBM9/SKETCH/DyK1017+347.00_伯舒拉岭右线洞身素描记录表 61.pdf,FACE_SKETCH
5581e652c2789cbf0e6c1551,CHECKBOX_POSITION,5581e652c2789cbf0e6c1551,,DyK1017+347.00_伯舒拉岭右线洞身素描记录表 61.pdf,延伸性,"(294.782508125, 303.65000499999996, 350.8215091836734, 320.5700049999999)",中等√,INLINE_OR_SUFFIX,False,IN_SCOPE,"(294.782508125, 303.65000499999996, 350.8215091836734, 320.5700049999999)",中等√,same_cell_mark,/Users/zhaoxiaoda/Library/CloudStorage/GoogleDrive-xiaodazhao0608@gmail.com/我的云端硬盘/TBM9/SKETCH/DyK1017+347.00_伯舒拉岭右线洞身素描记录表 61.pdf,FACE_SKETCH
5581e652c2789cbf0e6c1551,CHECKBOX_POSITION,5581e652c2789cbf0e6c1551,,DyK1017+347.00_伯舒拉岭右线洞身素描记录表 61.pdf,粗糙度,"(294.782508125, 320.5700049999999, 407.0125058333333, 340.12998999999996)",平整光滑有擦痕√,INLINE_OR_SUFFIX,False,IN_SCOPE,"(294.782508125, 320.5700049999999, 407.0125058333333, 340.12998999999996)",平整光滑有擦痕√,same_cell_mark,/Users/zhaoxiaoda/Library/CloudStorage/GoogleDrive-xiaodazhao0608@gmail.com/我的云端硬盘/TBM9/SKETCH/DyK1017+347.00_伯舒拉岭右线洞身素描记录表 61.pdf,FACE_SKETCH
5581e652c2789cbf0e6c1551,CHECKBOX_POSITION,5581e652c2789cbf0e6c1551,,DyK1017+347.00_伯舒拉岭右线洞身素描记录表 61.pdf,张开性,"(158.24320219999998, 340.12998999999996, 225.00022355555558, 372.40999)",密闭＜0. 1√,INLINE_OR_SUFFIX,False,IN_SCOPE,"(158.24320219999998, 340.12998999999996, 225.00022355555558, 372.40999)",密闭＜0. 1√,same_cell_mark,/Users/zhaoxiaoda/Library/CloudStorage/GoogleDrive-xiaodazhao0608@gmail.com/我的云端硬盘/TBM9/SKETCH/DyK1017+347.00_伯舒拉岭右线洞身素描记录表 61.pdf,FACE_SKETCH
5581e652c2789cbf0e6c1551,CHECKBOX_POSITION,5581e652c2789cbf0e6c1551,,DyK1017+347.00_伯舒拉岭右线洞身素描记录表 61.pdf,涌水状态,"(378.7199988095238, 372.40999, 466.17999499999996, 404.090005)",25～125 经常渗水√,INLINE_OR_SUFFIX,False,IN_SCOPE,"(378.7199988095238, 372.40999, 466.17999499999996, 404.090005)",25～125 经常渗水√,same_cell_mark,/Users/zhaoxiaoda/Library/CloudStorage/GoogleDrive-xiaodazhao0608@gmail.com/我的云端硬盘/TBM9/SKETCH/DyK1017+347.00_伯舒拉岭右线洞身素描记录表 61.pdf,FACE_SKETCH
5581e652c2789cbf0e6c1551,CHECKBOX_POSITION,5581e652c2789cbf0e6c1551,,DyK1017+347.00_伯舒拉岭右线洞身素描记录表 61.pdf,岩溶发育程度,"(225.00022355555558, 404.090005, 294.782508125, 420.290005)",无√,INLINE_OR_SUFFIX,False,IN_SCOPE,"(225.00022355555558, 404.090005, 294.782508125, 420.290005)",无√,same_cell_mark,/Users/zhaoxiaoda/Library/CloudStorage/GoogleDrive-xiaodazhao0608@gmail.com/我的云端硬盘/TBM9/SKETCH/DyK1017+347.00_伯舒拉岭右线洞身素描记录表 61.pdf,FACE_SKETCH
84699b164857fac21e93e346,CHECKBOX_POSITION,84699b164857fac21e93e346,,DyK1017+357.00_伯舒拉岭右线洞身素描记录表 62.pdf,掌子面状态,"(378.7199988095238, 174.61999500000002, 466.17999499999996, 191.41999499999997)",正面不能自稳√,INLINE_OR_SUFFIX,False,IN_SCOPE,"(378.7199988095238, 174.61999500000002, 466.17999499999996, 191.41999499999997)",正面不能自稳√,same_cell_mark,/Users/zhaoxiaoda/Library/CloudStorage/GoogleDrive-xiaodazhao0608@gmail.com/我的云端硬盘/TBM9/SKETCH/DyK1017+357.00_伯舒拉岭右线洞身素描记录表 62.pdf,FACE_SKETCH
84699b164857fac21e93e346,CHECKBOX_POSITION,84699b164857fac21e93e346,,DyK1017+357.00_伯舒拉岭右线洞身素描记录表 62.pdf,毛开挖面状态,"(378.7199988095238, 191.41999499999997, 466.17999499999996, 222.97999499999992)",要超前支护√,INLINE_OR_SUFFIX,False,IN_SCOPE,"(378.7199988095238, 191.41999499999997, 466.17999499999996, 222.97999499999992)",要超前支护√,same_cell_mark,/Users/zhaoxiaoda/Library/CloudStorage/GoogleDrive-xiaodazhao0608@gmail.com/我的云端硬盘/TBM9/SKETCH/DyK1017+357.00_伯舒拉岭右线洞身素描记录表 62.pdf,FACE_SKETCH
84699b164857fac21e93e346,CHECKBOX_POSITION,84699b164857fac21e93e346,,DyK1017+357.00_伯舒拉岭右线洞身素描记录表 62.pdf,岩石强度,"(350.8215091836734, 222.97999499999992, 407.0125058333333, 254.77999499999999)",5＜R≤15√,INLINE_OR_SUFFIX,False,IN_SCOPE,"(350.8215091836734, 222.97999499999992, 407.0125058333333, 254.77999499999999)",5＜R≤15√,same_cell_mark,/Users/zhaoxiaoda/Library/CloudStorage/GoogleDrive-xiaodazhao0608@gmail.com/我的云端硬盘/TBM9/SKETCH/DyK1017+357.00_伯舒拉岭右线洞身素描记录表 62.pdf,FACE_SKETCH
84699b164857fac21e93e346,CHECKBOX_POSITION,84699b164857fac21e93e346,,DyK1017+357.00_伯舒拉岭右线洞身素描记录表 62.pdf,风化程度,"(294.782508125, 254.77999499999999, 350.8215091836734, 271.12999)",弱风化√,INLINE_OR_SUFFIX,False,IN_SCOPE,"(294.782508125, 254.77999499999999, 350.8215091836734, 271.12999)",弱风化√,same_cell_mark,/Users/zhaoxiaoda/Library/CloudStorage/GoogleDrive-xiaodazhao0608@gmail.com/我的云端硬盘/TBM9/SKETCH/DyK1017+357.00_伯舒拉岭右线洞身素描记录表 62.pdf,FACE_SKETCH
84699b164857fac21e93e346,CHECKBOX_POSITION,84699b164857fac21e93e346,,DyK1017+357.00_伯舒拉岭右线洞身素描记录表 62.pdf,间距,"(294.782508125, 271.12999, 350.8215091836734, 298.370005)",0.2～0.6√,INLINE_OR_SUFFIX,False,IN_SCOPE,"(294.782508125, 271.12999, 350.8215091836734, 298.370005)",0.2～0.6√,same_cell_mark,/Users/zhaoxiaoda/Library/CloudStorage/GoogleDrive-xiaodazhao0608@gmail.com/我的云端硬盘/TBM9/SKETCH/DyK1017+357.00_伯舒拉岭右线洞身素描记录表 62.pdf,FACE_SKETCH
84699b164857fac21e93e346,CHECKBOX_POSITION,84699b164857fac21e93e346,,DyK1017+357.00_伯舒拉岭右线洞身素描记录表 62.pdf,延伸性,"(294.782508125, 298.370005, 350.8215091836734, 315.29000499999995)",中等√,INLINE_OR_SUFFIX,False,IN_SCOPE,"(294.782508125, 298.370005, 350.8215091836734, 315.29000499999995)",中等√,same_cell_mark,/Users/zhaoxiaoda/Library/CloudStorage/GoogleDrive-xiaodazhao0608@gmail.com/我的云端硬盘/TBM9/SKETCH/DyK1017+357.00_伯舒拉岭右线洞身素描记录表 62.pdf,FACE_SKETCH
84699b164857fac21e93e346,CHECKBOX_POSITION,84699b164857fac21e93e346,,DyK1017+357.00_伯舒拉岭右线洞身素描记录表 62.pdf,粗糙度,"(294.782508125, 315.29000499999995, 407.0125058333333, 334.84999)",平整光滑有擦痕√,INLINE_OR_SUFFIX,False,IN_SCOPE,"(294.782508125, 315.29000499999995, 407.0125058333333, 334.84999)",平整光滑有擦痕√,same_cell_mark,/Users/zhaoxiaoda/Library/CloudStorage/GoogleDrive-xiaodazhao0608@gmail.com/我的云端硬盘/TBM9/SKETCH/DyK1017+357.00_伯舒拉岭右线洞身素描记录表 62.pdf,FACE_SKETCH
84699b164857fac21e93e346,CHECKBOX_POSITION,84699b164857fac21e93e346,,DyK1017+357.00_伯舒拉岭右线洞身素描记录表 62.pdf,张开性,"(225.00022355555558, 334.84999, 294.782508125, 367.010005)",部分张开 0. 1～0.5√,INLINE_OR_SUFFIX,False,IN_SCOPE,"(225.00022355555558, 334.84999, 294.782508125, 367.010005)",部分张开 0. 1～0.5√,same_cell_mark,/Users/zhaoxiaoda/Library/CloudStorage/GoogleDrive-xiaodazhao0608@gmail.com/我的云端硬盘/TBM9/SKETCH/DyK1017+357.00_伯舒拉岭右线洞身素描记录表 62.pdf,FACE_SKETCH
84699b164857fac21e93e346,CHECKBOX_POSITION,84699b164857fac21e93e346,,DyK1017+357.00_伯舒拉岭右线洞身素描记录表 62.pdf,涌水状态,"(378.7199988095238, 367.010005, 466.17999499999996, 398.8099899999999)",25～125 经常渗水√,INLINE_OR_SUFFIX,False,IN_SCOPE,"(378.7199988095238, 367.010005, 466.17999499999996, 398.8099899999999)",25～125 经常渗水√,same_cell_mark,/Users/zhaoxiaoda/Library/CloudStorage/GoogleDrive-xiaodazhao0608@gmail.com/我的云端硬盘/TBM9/SKETCH/DyK1017+357.00_伯舒拉岭右线洞身素描记录表 62.pdf,FACE_SKETCH
84699b164857fac21e93e346,CHECKBOX_POSITION,84699b164857fac21e93e346,,DyK1017+357.00_伯舒拉岭右线洞身素描记录表 62.pdf,岩溶发育程度,"(225.00022355555558, 398.8099899999999, 294.782508125, 415.0100049999999)",无√,INLINE_OR_SUFFIX,False,IN_SCOPE,"(225.00022355555558, 398.8099899999999, 294.782508125, 415.0100049999999)",无√,same_cell_mark,/Users/zhaoxiaoda/Library/CloudStorage/GoogleDrive-xiaodazhao0608@gmail.com/我的云端硬盘/TBM9/SKETCH/DyK1017+357.00_伯舒拉岭右线洞身素描记录表 62.pdf,FACE_SKETCH
cb110d511a48341115a6270d,CHECKBOX_POSITION,cb110d511a48341115a6270d,,DyK1017+377.00_伯舒拉岭右线洞身素描记录表 64.pdf,掌子面状态,"(378.7199988095238, 174.61999500000002, 466.17999499999996, 191.41999499999997)",正面不能自稳√,INLINE_OR_SUFFIX,False,IN_SCOPE,"(378.7199988095238, 174.61999500000002, 466.17999499999996, 191.41999499999997)",正面不能自稳√,same_cell_mark,/Users/zhaoxiaoda/Library/CloudStorage/GoogleDrive-xiaodazhao0608@gmail.com/我的云端硬盘/TBM9/SKETCH/DyK1017+377.00_伯舒拉岭右线洞身素描记录表 64.pdf,FACE_SKETCH
cb110d511a48341115a6270d,CHECKBOX_POSITION,cb110d511a48341115a6270d,,DyK1017+377.00_伯舒拉岭右线洞身素描记录表 64.pdf,毛开挖面状态,"(378.7199988095238, 191.41999499999997, 466.17999499999996, 222.97999499999992)",要超前支护√,INLINE_OR_SUFFIX,False,IN_SCOPE,"(378.7199988095238, 191.41999499999997, 466.17999499999996, 222.97999499999992)",要超前支护√,same_cell_mark,/Users/zhaoxiaoda/Library/CloudStorage/GoogleDrive-xiaodazhao0608@gmail.com/我的云端硬盘/TBM9/SKETCH/DyK1017+377.00_伯舒拉岭右线洞身素描记录表 64.pdf,FACE_SKETCH
cb110d511a48341115a6270d,CHECKBOX_POSITION,cb110d511a48341115a6270d,,DyK1017+377.00_伯舒拉岭右线洞身素描记录表 64.pdf,岩石强度,"(350.8215091836734, 222.97999499999992, 407.0125058333333, 254.77999499999999)",5＜R≤15√,INLINE_OR_SUFFIX,False,IN_SCOPE,"(350.8215091836734, 222.97999499999992, 407.0125058333333, 254.77999499999999)",5＜R≤15√,same_cell_mark,/Users/zhaoxiaoda/Library/CloudStorage/GoogleDrive-xiaodazhao0608@gmail.com/我的云端硬盘/TBM9/SKETCH/DyK1017+377.00_伯舒拉岭右线洞身素描记录表 64.pdf,FACE_SKETCH
cb110d511a48341115a6270d,CHECKBOX_POSITION,cb110d511a48341115a6270d,,DyK1017+377.00_伯舒拉岭右线洞身素描记录表 64.pdf,风化程度,"(294.782508125, 254.77999499999999, 350.8215091836734, 271.12999)",弱风化√,INLINE_OR_SUFFIX,False,IN_SCOPE,"(294.782508125, 254.77999499999999, 350.8215091836734, 271.12999)",弱风化√,same_cell_mark,/Users/zhaoxiaoda/Library/CloudStorage/GoogleDrive-xiaodazhao0608@gmail.com/我的云端硬盘/TBM9/SKETCH/DyK1017+377.00_伯舒拉岭右线洞身素描记录表 64.pdf,FACE_SKETCH
cb110d511a48341115a6270d,CHECKBOX_POSITION,cb110d511a48341115a6270d,,DyK1017+377.00_伯舒拉岭右线洞身素描记录表 64.pdf,间距,"(294.782508125, 271.12999, 350.8215091836734, 298.370005)",0.2～0.6√,INLINE_OR_SUFFIX,False,IN_SCOPE,"(294.782508125, 271.12999, 350.8215091836734, 298.370005)",0.2～0.6√,same_cell_mark,/Users/zhaoxiaoda/Library/CloudStorage/GoogleDrive-xiaodazhao0608@gmail.com/我的云端硬盘/TBM9/SKETCH/DyK1017+377.00_伯舒拉岭右线洞身素描记录表 64.pdf,FACE_SKETCH
cb110d511a48341115a6270d,CHECKBOX_POSITION,cb110d511a48341115a6270d,,DyK1017+377.00_伯舒拉岭右线洞身素描记录表 64.pdf,延伸性,"(294.782508125, 298.370005, 350.8215091836734, 315.29000499999995)",中等√,INLINE_OR_SUFFIX,False,IN_SCOPE,"(294.782508125, 298.370005, 350.8215091836734, 315.29000499999995)",中等√,same_cell_mark,/Users/zhaoxiaoda/Library/CloudStorage/GoogleDrive-xiaodazhao0608@gmail.com/我的云端硬盘/TBM9/SKETCH/DyK1017+377.00_伯舒拉岭右线洞身素描记录表 64.pdf,FACE_SKETCH
cb110d511a48341115a6270d,CHECKBOX_POSITION,cb110d511a48341115a6270d,,DyK1017+377.00_伯舒拉岭右线洞身素描记录表 64.pdf,粗糙度,"(294.782508125, 315.29000499999995, 407.0125058333333, 334.84999)",平整光滑有擦痕√,INLINE_OR_SUFFIX,False,IN_SCOPE,"(294.782508125, 315.29000499999995, 407.0125058333333, 334.84999)",平整光滑有擦痕√,same_cell_mark,/Users/zhaoxiaoda/Library/CloudStorage/GoogleDrive-xiaodazhao0608@gmail.com/我的云端硬盘/TBM9/SKETCH/DyK1017+377.00_伯舒拉岭右线洞身素描记录表 64.pdf,FACE_SKETCH
cb110d511a48341115a6270d,CHECKBOX_POSITION,cb110d511a48341115a6270d,,DyK1017+377.00_伯舒拉岭右线洞身素描记录表 64.pdf,张开性,"(225.00022355555558, 334.84999, 294.782508125, 367.010005)",部分张开 0. 1～0.5√,INLINE_OR_SUFFIX,False,IN_SCOPE,"(225.00022355555558, 334.84999, 294.782508125, 367.010005)",部分张开 0. 1～0.5√,same_cell_mark,/Users/zhaoxiaoda/Library/CloudStorage/GoogleDrive-xiaodazhao0608@gmail.com/我的云端硬盘/TBM9/SKETCH/DyK1017+377.00_伯舒拉岭右线洞身素描记录表 64.pdf,FACE_SKETCH
cb110d511a48341115a6270d,CHECKBOX_POSITION,cb110d511a48341115a6270d,,DyK1017+377.00_伯舒拉岭右线洞身素描记录表 64.pdf,涌水状态,"(378.7199988095238, 367.010005, 466.17999499999996, 398.8099899999999)",25～125 经常渗水√,INLINE_OR_SUFFIX,False,IN_SCOPE,"(378.7199988095238, 367.010005, 466.17999499999996, 398.8099899999999)",25～125 经常渗水√,same_cell_mark,/Users/zhaoxiaoda/Library/CloudStorage/GoogleDrive-xiaodazhao0608@gmail.com/我的云端硬盘/TBM9/SKETCH/DyK1017+377.00_伯舒拉岭右线洞身素描记录表 64.pdf,FACE_SKETCH
cb110d511a48341115a6270d,CHECKBOX_POSITION,cb110d511a48341115a6270d,,DyK1017+377.00_伯舒拉岭右线洞身素描记录表 64.pdf,岩溶发育程度,"(225.00022355555558, 398.8099899999999, 294.782508125, 415.0100049999999)",无√,INLINE_OR_SUFFIX,False,IN_SCOPE,"(225.00022355555558, 398.8099899999999, 294.782508125, 415.0100049999999)",无√,same_cell_mark,/Users/zhaoxiaoda/Library/CloudStorage/GoogleDrive-xiaodazhao0608@gmail.com/我的云端硬盘/TBM9/SKETCH/DyK1017+377.00_伯舒拉岭右线洞身素描记录表 64.pdf,FACE_SKETCH
b2a13700b7fc4b9e74a27578,CHECKBOX_POSITION,b2a13700b7fc4b9e74a27578,,DyK1017+387.00_伯舒拉岭右线洞身素描记录表 65.pdf,掌子面状态,"(378.7199988095238, 174.61999500000002, 466.17999499999996, 191.41999499999997)",正面不能自稳√,INLINE_OR_SUFFIX,False,IN_SCOPE,"(378.7199988095238, 174.61999500000002, 466.17999499999996, 191.41999499999997)",正面不能自稳√,same_cell_mark,/Users/zhaoxiaoda/Library/CloudStorage/GoogleDrive-xiaodazhao0608@gmail.com/我的云端硬盘/TBM9/SKETCH/DyK1017+387.00_伯舒拉岭右线洞身素描记录表 65.pdf,FACE_SKETCH
b2a13700b7fc4b9e74a27578,CHECKBOX_POSITION,b2a13700b7fc4b9e74a27578,,DyK1017+387.00_伯舒拉岭右线洞身素描记录表 65.pdf,毛开挖面状态,"(378.7199988095238, 191.41999499999997, 466.17999499999996, 222.97999499999992)",要超前支护√,INLINE_OR_SUFFIX,False,IN_SCOPE,"(378.7199988095238, 191.41999499999997, 466.17999499999996, 222.97999499999992)",要超前支护√,same_cell_mark,/Users/zhaoxiaoda/Library/CloudStorage/GoogleDrive-xiaodazhao0608@gmail.com/我的云端硬盘/TBM9/SKETCH/DyK1017+387.00_伯舒拉岭右线洞身素描记录表 65.pdf,FACE_SKETCH
b2a13700b7fc4b9e74a27578,CHECKBOX_POSITION,b2a13700b7fc4b9e74a27578,,DyK1017+387.00_伯舒拉岭右线洞身素描记录表 65.pdf,岩石强度,"(350.8215091836734, 222.97999499999992, 407.0125058333333, 254.77999499999999)",5＜R≤15√,INLINE_OR_SUFFIX,False,IN_SCOPE,"(350.8215091836734, 222.97999499999992, 407.0125058333333, 254.77999499999999)",5＜R≤15√,same_cell_mark,/Users/zhaoxiaoda/Library/CloudStorage/GoogleDrive-xiaodazhao0608@gmail.com/我的云端硬盘/TBM9/SKETCH/DyK1017+387.00_伯舒拉岭右线洞身素描记录表 65.pdf,FACE_SKETCH
b2a13700b7fc4b9e74a27578,CHECKBOX_POSITION,b2a13700b7fc4b9e74a27578,,DyK1017+387.00_伯舒拉岭右线洞身素描记录表 65.pdf,风化程度,"(294.782508125, 254.77999499999999, 350.8215091836734, 271.12999)",弱风化√,INLINE_OR_SUFFIX,False,IN_SCOPE,"(294.782508125, 254.77999499999999, 350.8215091836734, 271.12999)",弱风化√,same_cell_mark,/Users/zhaoxiaoda/Library/CloudStorage/GoogleDrive-xiaodazhao0608@gmail.com/我的云端硬盘/TBM9/SKETCH/DyK1017+387.00_伯舒拉岭右线洞身素描记录表 65.pdf,FACE_SKETCH
b2a13700b7fc4b9e74a27578,CHECKBOX_POSITION,b2a13700b7fc4b9e74a27578,,DyK1017+387.00_伯舒拉岭右线洞身素描记录表 65.pdf,间距,"(294.782508125, 271.12999, 350.8215091836734, 298.370005)",0.2～0.6√,INLINE_OR_SUFFIX,False,IN_SCOPE,"(294.782508125, 271.12999, 350.8215091836734, 298.370005)",0.2～0.6√,same_cell_mark,/Users/zhaoxiaoda/Library/CloudStorage/GoogleDrive-xiaodazhao0608@gmail.com/我的云端硬盘/TBM9/SKETCH/DyK1017+387.00_伯舒拉岭右线洞身素描记录表 65.pdf,FACE_SKETCH
b2a13700b7fc4b9e74a27578,CHECKBOX_POSITION,b2a13700b7fc4b9e74a27578,,DyK1017+387.00_伯舒拉岭右线洞身素描记录表 65.pdf,延伸性,"(294.782508125, 298.370005, 350.8215091836734, 315.29000499999995)",中等√,INLINE_OR_SUFFIX,False,IN_SCOPE,"(294.782508125, 298.370005, 350.8215091836734, 315.29000499999995)",中等√,same_cell_mark,/Users/zhaoxiaoda/Library/CloudStorage/GoogleDrive-xiaodazhao0608@gmail.com/我的云端硬盘/TBM9/SKETCH/DyK1017+387.00_伯舒拉岭右线洞身素描记录表 65.pdf,FACE_SKETCH
b2a13700b7fc4b9e74a27578,CHECKBOX_POSITION,b2a13700b7fc4b9e74a27578,,DyK1017+387.00_伯舒拉岭右线洞身素描记录表 65.pdf,粗糙度,"(294.782508125, 315.29000499999995, 407.0125058333333, 334.84999)",平整光滑有擦痕√,INLINE_OR_SUFFIX,False,IN_SCOPE,"(294.782508125, 315.29000499999995, 407.0125058333333, 334.84999)",平整光滑有擦痕√,same_cell_mark,/Users/zhaoxiaoda/Library/CloudStorage/GoogleDrive-xiaodazhao0608@gmail.com/我的云端硬盘/TBM9/SKETCH/DyK1017+387.00_伯舒拉岭右线洞身素描记录表 65.pdf,FACE_SKETCH
b2a13700b7fc4b9e74a27578,CHECKBOX_POSITION,b2a13700b7fc4b9e74a27578,,DyK1017+387.00_伯舒拉岭右线洞身素描记录表 65.pdf,张开性,"(225.00022355555558, 334.84999, 294.782508125, 367.010005)",部分张开 0. 1～0.5√,INLINE_OR_SUFFIX,False,IN_SCOPE,"(225.00022355555558, 334.84999, 294.782508125, 367.010005)",部分张开 0. 1～0.5√,same_cell_mark,/Users/zhaoxiaoda/Library/CloudStorage/GoogleDrive-xiaodazhao0608@gmail.com/我的云端硬盘/TBM9/SKETCH/DyK1017+387.00_伯舒拉岭右线洞身素描记录表 65.pdf,FACE_SKETCH
b2a13700b7fc4b9e74a27578,CHECKBOX_POSITION,b2a13700b7fc4b9e74a27578,,DyK1017+387.00_伯舒拉岭右线洞身素描记录表 65.pdf,涌水状态,"(378.7199988095238, 367.010005, 466.17999499999996, 398.8099899999999)",25～125 经常渗水√,INLINE_OR_SUFFIX,False,IN_SCOPE,"(378.7199988095238, 367.010005, 466.17999499999996, 398.8099899999999)",25～125 经常渗水√,same_cell_mark,/Users/zhaoxiaoda/Library/CloudStorage/GoogleDrive-xiaodazhao0608@gmail.com/我的云端硬盘/TBM9/SKETCH/DyK1017+387.00_伯舒拉岭右线洞身素描记录表 65.pdf,FACE_SKETCH
b2a13700b7fc4b9e74a27578,CHECKBOX_POSITION,b2a13700b7fc4b9e74a27578,,DyK1017+387.00_伯舒拉岭右线洞身素描记录表 65.pdf,岩溶发育程度,"(225.00022355555558, 398.8099899999999, 294.782508125, 415.0100049999999)",无√,INLINE_OR_SUFFIX,False,IN_SCOPE,"(225.00022355555558, 398.8099899999999, 294.782508125, 415.0100049999999)",无√,same_cell_mark,/Users/zhaoxiaoda/Library/CloudStorage/GoogleDrive-xiaodazhao0608@gmail.com/我的云端硬盘/TBM9/SKETCH/DyK1017+387.00_伯舒拉岭右线洞身素描记录表 65.pdf,FACE_SKETCH
f979e6cf61672e4caf94aa65,CHECKBOX_POSITION,f979e6cf61672e4caf94aa65,,DyK1017+397.00_伯舒拉岭右线洞身素描记录表 66.pdf,掌子面状态,"(378.7199988095238, 174.61999500000002, 466.17999499999996, 191.41999499999997)",正面不能自稳√,INLINE_OR_SUFFIX,False,IN_SCOPE,"(378.7199988095238, 174.61999500000002, 466.17999499999996, 191.41999499999997)",正面不能自稳√,same_cell_mark,/Users/zhaoxiaoda/Library/CloudStorage/GoogleDrive-xiaodazhao0608@gmail.com/我的云端硬盘/TBM9/SKETCH/DyK1017+397.00_伯舒拉岭右线洞身素描记录表 66.pdf,FACE_SKETCH
f979e6cf61672e4caf94aa65,CHECKBOX_POSITION,f979e6cf61672e4caf94aa65,,DyK1017+397.00_伯舒拉岭右线洞身素描记录表 66.pdf,毛开挖面状态,"(378.7199988095238, 191.41999499999997, 466.17999499999996, 222.97999499999992)",要超前支护√,INLINE_OR_SUFFIX,False,IN_SCOPE,"(378.7199988095238, 191.41999499999997, 466.17999499999996, 222.97999499999992)",要超前支护√,same_cell_mark,/Users/zhaoxiaoda/Library/CloudStorage/GoogleDrive-xiaodazhao0608@gmail.com/我的云端硬盘/TBM9/SKETCH/DyK1017+397.00_伯舒拉岭右线洞身素描记录表 66.pdf,FACE_SKETCH
f979e6cf61672e4caf94aa65,CHECKBOX_POSITION,f979e6cf61672e4caf94aa65,,DyK1017+397.00_伯舒拉岭右线洞身素描记录表 66.pdf,岩石强度,"(350.8215091836734, 222.97999499999992, 407.0125058333333, 254.77999499999999)",5＜R≤15√,INLINE_OR_SUFFIX,False,IN_SCOPE,"(350.8215091836734, 222.97999499999992, 407.0125058333333, 254.77999499999999)",5＜R≤15√,same_cell_mark,/Users/zhaoxiaoda/Library/CloudStorage/GoogleDrive-xiaodazhao0608@gmail.com/我的云端硬盘/TBM9/SKETCH/DyK1017+397.00_伯舒拉岭右线洞身素描记录表 66.pdf,FACE_SKETCH
f979e6cf61672e4caf94aa65,CHECKBOX_POSITION,f979e6cf61672e4caf94aa65,,DyK1017+397.00_伯舒拉岭右线洞身素描记录表 66.pdf,风化程度,"(294.782508125, 254.77999499999999, 350.8215091836734, 271.12999)",弱风化√,INLINE_OR_SUFFIX,False,IN_SCOPE,"(294.782508125, 254.77999499999999, 350.8215091836734, 271.12999)",弱风化√,same_cell_mark,/Users/zhaoxiaoda/Library/CloudStorage/GoogleDrive-xiaodazhao0608@gmail.com/我的云端硬盘/TBM9/SKETCH/DyK1017+397.00_伯舒拉岭右线洞身素描记录表 66.pdf,FACE_SKETCH
f979e6cf61672e4caf94aa65,CHECKBOX_POSITION,f979e6cf61672e4caf94aa65,,DyK1017+397.00_伯舒拉岭右线洞身素描记录表 66.pdf,间距,"(294.782508125, 271.12999, 350.8215091836734, 298.370005)",0.2～0.6√,INLINE_OR_SUFFIX,False,IN_SCOPE,"(294.782508125, 271.12999, 350.8215091836734, 298.370005)",0.2～0.6√,same_cell_mark,/Users/zhaoxiaoda/Library/CloudStorage/GoogleDrive-xiaodazhao0608@gmail.com/我的云端硬盘/TBM9/SKETCH/DyK1017+397.00_伯舒拉岭右线洞身素描记录表 66.pdf,FACE_SKETCH
f979e6cf61672e4caf94aa65,CHECKBOX_POSITION,f979e6cf61672e4caf94aa65,,DyK1017+397.00_伯舒拉岭右线洞身素描记录表 66.pdf,延伸性,"(294.782508125, 298.370005, 350.8215091836734, 315.29000499999995)",中等√,INLINE_OR_SUFFIX,False,IN_SCOPE,"(294.782508125, 298.370005, 350.8215091836734, 315.29000499999995)",中等√,same_cell_mark,/Users/zhaoxiaoda/Library/CloudStorage/GoogleDrive-xiaodazhao0608@gmail.com/我的云端硬盘/TBM9/SKETCH/DyK1017+397.00_伯舒拉岭右线洞身素描记录表 66.pdf,FACE_SKETCH
f979e6cf61672e4caf94aa65,CHECKBOX_POSITION,f979e6cf61672e4caf94aa65,,DyK1017+397.00_伯舒拉岭右线洞身素描记录表 66.pdf,粗糙度,"(294.782508125, 315.29000499999995, 407.0125058333333, 334.84999)",平整光滑有擦痕√,INLINE_OR_SUFFIX,False,IN_SCOPE,"(294.782508125, 315.29000499999995, 407.0125058333333, 334.84999)",平整光滑有擦痕√,same_cell_mark,/Users/zhaoxiaoda/Library/CloudStorage/GoogleDrive-xiaodazhao0608@gmail.com/我的云端硬盘/TBM9/SKETCH/DyK1017+397.00_伯舒拉岭右线洞身素描记录表 66.pdf,FACE_SKETCH
f979e6cf61672e4caf94aa65,CHECKBOX_POSITION,f979e6cf61672e4caf94aa65,,DyK1017+397.00_伯舒拉岭右线洞身素描记录表 66.pdf,张开性,"(225.00022355555558, 334.84999, 294.782508125, 367.010005)",部分张开 0. 1～0.5√,INLINE_OR_SUFFIX,False,IN_SCOPE,"(225.00022355555558, 334.84999, 294.782508125, 367.010005)",部分张开 0. 1～0.5√,same_cell_mark,/Users/zhaoxiaoda/Library/CloudStorage/GoogleDrive-xiaodazhao0608@gmail.com/我的云端硬盘/TBM9/SKETCH/DyK1017+397.00_伯舒拉岭右线洞身素描记录表 66.pdf,FACE_SKETCH
f979e6cf61672e4caf94aa65,CHECKBOX_POSITION,f979e6cf61672e4caf94aa65,,DyK1017+397.00_伯舒拉岭右线洞身素描记录表 66.pdf,涌水状态,"(378.7199988095238, 367.010005, 466.17999499999996, 398.8099899999999)",25～125 经常渗水√,INLINE_OR_SUFFIX,False,IN_SCOPE,"(378.7199988095238, 367.010005, 466.17999499999996, 398.8099899999999)",25～125 经常渗水√,same_cell_mark,/Users/zhaoxiaoda/Library/CloudStorage/GoogleDrive-xiaodazhao0608@gmail.com/我的云端硬盘/TBM9/SKETCH/DyK1017+397.00_伯舒拉岭右线洞身素描记录表 66.pdf,FACE_SKETCH
f979e6cf61672e4caf94aa65,CHECKBOX_POSITION,f979e6cf61672e4caf94aa65,,DyK1017+397.00_伯舒拉岭右线洞身素描记录表 66.pdf,岩溶发育程度,"(225.00022355555558, 398.8099899999999, 294.782508125, 415.0100049999999)",无√,INLINE_OR_SUFFIX,False,IN_SCOPE,"(225.00022355555558, 398.8099899999999, 294.782508125, 415.0100049999999)",无√,same_cell_mark,/Users/zhaoxiaoda/Library/CloudStorage/GoogleDrive-xiaodazhao0608@gmail.com/我的云端硬盘/TBM9/SKETCH/DyK1017+397.00_伯舒拉岭右线洞身素描记录表 66.pdf,FACE_SKETCH
7eedb3382993e018f1353ec8,CHECKBOX_POSITION,7eedb3382993e018f1353ec8,,DyK1017+407.00_伯舒拉岭右线洞身素描记录表 67.pdf,掌子面状态,"(378.7199988095238, 174.61999500000002, 466.17999499999996, 191.41999499999997)",正面不能自稳√,INLINE_OR_SUFFIX,False,IN_SCOPE,"(378.7199988095238, 174.61999500000002, 466.17999499999996, 191.41999499999997)",正面不能自稳√,same_cell_mark,/Users/zhaoxiaoda/Library/CloudStorage/GoogleDrive-xiaodazhao0608@gmail.com/我的云端硬盘/TBM9/SKETCH/DyK1017+407.00_伯舒拉岭右线洞身素描记录表 67.pdf,FACE_SKETCH
7eedb3382993e018f1353ec8,CHECKBOX_POSITION,7eedb3382993e018f1353ec8,,DyK1017+407.00_伯舒拉岭右线洞身素描记录表 67.pdf,毛开挖面状态,"(378.7199988095238, 191.41999499999997, 466.17999499999996, 222.97999499999992)",要超前支护√,INLINE_OR_SUFFIX,False,IN_SCOPE,"(378.7199988095238, 191.41999499999997, 466.17999499999996, 222.97999499999992)",要超前支护√,same_cell_mark,/Users/zhaoxiaoda/Library/CloudStorage/GoogleDrive-xiaodazhao0608@gmail.com/我的云端硬盘/TBM9/SKETCH/DyK1017+407.00_伯舒拉岭右线洞身素描记录表 67.pdf,FACE_SKETCH
7eedb3382993e018f1353ec8,CHECKBOX_POSITION,7eedb3382993e018f1353ec8,,DyK1017+407.00_伯舒拉岭右线洞身素描记录表 67.pdf,岩石强度,"(350.8215091836734, 222.97999499999992, 407.0125058333333, 254.77999499999999)",5＜R≤15√,INLINE_OR_SUFFIX,False,IN_SCOPE,"(350.8215091836734, 222.97999499999992, 407.0125058333333, 254.77999499999999)",5＜R≤15√,same_cell_mark,/Users/zhaoxiaoda/Library/CloudStorage/GoogleDrive-xiaodazhao0608@gmail.com/我的云端硬盘/TBM9/SKETCH/DyK1017+407.00_伯舒拉岭右线洞身素描记录表 67.pdf,FACE_SKETCH
7eedb3382993e018f1353ec8,CHECKBOX_POSITION,7eedb3382993e018f1353ec8,,DyK1017+407.00_伯舒拉岭右线洞身素描记录表 67.pdf,风化程度,"(294.782508125, 254.77999499999999, 350.8215091836734, 271.12999)",弱风化√,INLINE_OR_SUFFIX,False,IN_SCOPE,"(294.782508125, 254.77999499999999, 350.8215091836734, 271.12999)",弱风化√,same_cell_mark,/Users/zhaoxiaoda/Library/CloudStorage/GoogleDrive-xiaodazhao0608@gmail.com/我的云端硬盘/TBM9/SKETCH/DyK1017+407.00_伯舒拉岭右线洞身素描记录表 67.pdf,FACE_SKETCH
7eedb3382993e018f1353ec8,CHECKBOX_POSITION,7eedb3382993e018f1353ec8,,DyK1017+407.00_伯舒拉岭右线洞身素描记录表 67.pdf,间距,"(294.782508125, 271.12999, 350.8215091836734, 298.370005)",0.2～0.6√,INLINE_OR_SUFFIX,False,IN_SCOPE,"(294.782508125, 271.12999, 350.8215091836734, 298.370005)",0.2～0.6√,same_cell_mark,/Users/zhaoxiaoda/Library/CloudStorage/GoogleDrive-xiaodazhao0608@gmail.com/我的云端硬盘/TBM9/SKETCH/DyK1017+407.00_伯舒拉岭右线洞身素描记录表 67.pdf,FACE_SKETCH
7eedb3382993e018f1353ec8,CHECKBOX_POSITION,7eedb3382993e018f1353ec8,,DyK1017+407.00_伯舒拉岭右线洞身素描记录表 67.pdf,延伸性,"(294.782508125, 298.370005, 350.8215091836734, 315.29000499999995)",中等√,INLINE_OR_SUFFIX,False,IN_SCOPE,"(294.782508125, 298.370005, 350.8215091836734, 315.29000499999995)",中等√,same_cell_mark,/Users/zhaoxiaoda/Library/CloudStorage/GoogleDrive-xiaodazhao0608@gmail.com/我的云端硬盘/TBM9/SKETCH/DyK1017+407.00_伯舒拉岭右线洞身素描记录表 67.pdf,FACE_SKETCH
7eedb3382993e018f1353ec8,CHECKBOX_POSITION,7eedb3382993e018f1353ec8,,DyK1017+407.00_伯舒拉岭右线洞身素描记录表 67.pdf,粗糙度,"(294.782508125, 315.29000499999995, 407.0125058333333, 334.84999)",平整光滑有擦痕√,INLINE_OR_SUFFIX,False,IN_SCOPE,"(294.782508125, 315.29000499999995, 407.0125058333333, 334.84999)",平整光滑有擦痕√,same_cell_mark,/Users/zhaoxiaoda/Library/CloudStorage/GoogleDrive-xiaodazhao0608@gmail.com/我的云端硬盘/TBM9/SKETCH/DyK1017+407.00_伯舒拉岭右线洞身素描记录表 67.pdf,FACE_SKETCH
7eedb3382993e018f1353ec8,CHECKBOX_POSITION,7eedb3382993e018f1353ec8,,DyK1017+407.00_伯舒拉岭右线洞身素描记录表 67.pdf,张开性,"(225.00022355555558, 334.84999, 294.782508125, 367.010005)",部分张开 0. 1～0.5√,INLINE_OR_SUFFIX,False,IN_SCOPE,"(225.00022355555558, 334.84999, 294.782508125, 367.010005)",部分张开 0. 1～0.5√,same_cell_mark,/Users/zhaoxiaoda/Library/CloudStorage/GoogleDrive-xiaodazhao0608@gmail.com/我的云端硬盘/TBM9/SKETCH/DyK1017+407.00_伯舒拉岭右线洞身素描记录表 67.pdf,FACE_SKETCH
7eedb3382993e018f1353ec8,CHECKBOX_POSITION,7eedb3382993e018f1353ec8,,DyK1017+407.00_伯舒拉岭右线洞身素描记录表 67.pdf,涌水状态,"(378.7199988095238, 367.010005, 466.17999499999996, 398.8099899999999)",25～125 经常渗水√,INLINE_OR_SUFFIX,False,IN_SCOPE,"(378.7199988095238, 367.010005, 466.17999499999996, 398.8099899999999)",25～125 经常渗水√,same_cell_mark,/Users/zhaoxiaoda/Library/CloudStorage/GoogleDrive-xiaodazhao0608@gmail.com/我的云端硬盘/TBM9/SKETCH/DyK1017+407.00_伯舒拉岭右线洞身素描记录表 67.pdf,FACE_SKETCH
7eedb3382993e018f1353ec8,CHECKBOX_POSITION,7eedb3382993e018f1353ec8,,DyK1017+407.00_伯舒拉岭右线洞身素描记录表 67.pdf,岩溶发育程度,"(225.00022355555558, 398.8099899999999, 294.782508125, 415.0100049999999)",无√,INLINE_OR_SUFFIX,False,IN_SCOPE,"(225.00022355555558, 398.8099899999999, 294.782508125, 415.0100049999999)",无√,same_cell_mark,/Users/zhaoxiaoda/Library/CloudStorage/GoogleDrive-xiaodazhao0608@gmail.com/我的云端硬盘/TBM9/SKETCH/DyK1017+407.00_伯舒拉岭右线洞身素描记录表 67.pdf,FACE_SKETCH
2860b5fa1af40742233210de,CHECKBOX_POSITION,2860b5fa1af40742233210de,,DyK1017+417.00_伯舒拉岭右线洞身素描记录表 68.pdf,掌子面状态,"(378.7199988095238, 174.61999500000002, 466.17999499999996, 191.41999499999997)",正面不能自稳√,INLINE_OR_SUFFIX,False,IN_SCOPE,"(378.7199988095238, 174.61999500000002, 466.17999499999996, 191.41999499999997)",正面不能自稳√,same_cell_mark,/Users/zhaoxiaoda/Library/CloudStorage/GoogleDrive-xiaodazhao0608@gmail.com/我的云端硬盘/TBM9/SKETCH/DyK1017+417.00_伯舒拉岭右线洞身素描记录表 68.pdf,FACE_SKETCH
2860b5fa1af40742233210de,CHECKBOX_POSITION,2860b5fa1af40742233210de,,DyK1017+417.00_伯舒拉岭右线洞身素描记录表 68.pdf,毛开挖面状态,"(378.7199988095238, 191.41999499999997, 466.17999499999996, 222.97999499999992)",要超前支护√,INLINE_OR_SUFFIX,False,IN_SCOPE,"(378.7199988095238, 191.41999499999997, 466.17999499999996, 222.97999499999992)",要超前支护√,same_cell_mark,/Users/zhaoxiaoda/Library/CloudStorage/GoogleDrive-xiaodazhao0608@gmail.com/我的云端硬盘/TBM9/SKETCH/DyK1017+417.00_伯舒拉岭右线洞身素描记录表 68.pdf,FACE_SKETCH
2860b5fa1af40742233210de,CHECKBOX_POSITION,2860b5fa1af40742233210de,,DyK1017+417.00_伯舒拉岭右线洞身素描记录表 68.pdf,岩石强度,"(350.8215091836734, 222.97999499999992, 407.0125058333333, 254.77999499999999)",5＜R≤15√,INLINE_OR_SUFFIX,False,IN_SCOPE,"(350.8215091836734, 222.97999499999992, 407.0125058333333, 254.77999499999999)",5＜R≤15√,same_cell_mark,/Users/zhaoxiaoda/Library/CloudStorage/GoogleDrive-xiaodazhao0608@gmail.com/我的云端硬盘/TBM9/SKETCH/DyK1017+417.00_伯舒拉岭右线洞身素描记录表 68.pdf,FACE_SKETCH
2860b5fa1af40742233210de,CHECKBOX_POSITION,2860b5fa1af40742233210de,,DyK1017+417.00_伯舒拉岭右线洞身素描记录表 68.pdf,风化程度,"(294.782508125, 254.77999499999999, 350.8215091836734, 271.12999)",弱风化√,INLINE_OR_SUFFIX,False,IN_SCOPE,"(294.782508125, 254.77999499999999, 350.8215091836734, 271.12999)",弱风化√,same_cell_mark,/Users/zhaoxiaoda/Library/CloudStorage/GoogleDrive-xiaodazhao0608@gmail.com/我的云端硬盘/TBM9/SKETCH/DyK1017+417.00_伯舒拉岭右线洞身素描记录表 68.pdf,FACE_SKETCH
2860b5fa1af40742233210de,CHECKBOX_POSITION,2860b5fa1af40742233210de,,DyK1017+417.00_伯舒拉岭右线洞身素描记录表 68.pdf,间距,"(294.782508125, 271.12999, 350.8215091836734, 298.370005)",0.2～0.6√,INLINE_OR_SUFFIX,False,IN_SCOPE,"(294.782508125, 271.12999, 350.8215091836734, 298.370005)",0.2～0.6√,same_cell_mark,/Users/zhaoxiaoda/Library/CloudStorage/GoogleDrive-xiaodazhao0608@gmail.com/我的云端硬盘/TBM9/SKETCH/DyK1017+417.00_伯舒拉岭右线洞身素描记录表 68.pdf,FACE_SKETCH
2860b5fa1af40742233210de,CHECKBOX_POSITION,2860b5fa1af40742233210de,,DyK1017+417.00_伯舒拉岭右线洞身素描记录表 68.pdf,延伸性,"(294.782508125, 298.370005, 350.8215091836734, 315.29000499999995)",中等√,INLINE_OR_SUFFIX,False,IN_SCOPE,"(294.782508125, 298.370005, 350.8215091836734, 315.29000499999995)",中等√,same_cell_mark,/Users/zhaoxiaoda/Library/CloudStorage/GoogleDrive-xiaodazhao0608@gmail.com/我的云端硬盘/TBM9/SKETCH/DyK1017+417.00_伯舒拉岭右线洞身素描记录表 68.pdf,FACE_SKETCH
2860b5fa1af40742233210de,CHECKBOX_POSITION,2860b5fa1af40742233210de,,DyK1017+417.00_伯舒拉岭右线洞身素描记录表 68.pdf,粗糙度,"(294.782508125, 315.29000499999995, 407.0125058333333, 334.84999)",平整光滑有擦痕√,INLINE_OR_SUFFIX,False,IN_SCOPE,"(294.782508125, 315.29000499999995, 407.0125058333333, 334.84999)",平整光滑有擦痕√,same_cell_mark,/Users/zhaoxiaoda/Library/CloudStorage/GoogleDrive-xiaodazhao0608@gmail.com/我的云端硬盘/TBM9/SKETCH/DyK1017+417.00_伯舒拉岭右线洞身素描记录表 68.pdf,FACE_SKETCH
2860b5fa1af40742233210de,CHECKBOX_POSITION,2860b5fa1af40742233210de,,DyK1017+417.00_伯舒拉岭右线洞身素描记录表 68.pdf,张开性,"(225.00022355555558, 334.84999, 294.782508125, 367.010005)",部分张开 0. 1～0.5√,INLINE_OR_SUFFIX,False,IN_SCOPE,"(225.00022355555558, 334.84999, 294.782508125, 367.010005)",部分张开 0. 1～0.5√,same_cell_mark,/Users/zhaoxiaoda/Library/CloudStorage/GoogleDrive-xiaodazhao0608@gmail.com/我的云端硬盘/TBM9/SKETCH/DyK1017+417.00_伯舒拉岭右线洞身素描记录表 68.pdf,FACE_SKETCH
2860b5fa1af40742233210de,CHECKBOX_POSITION,2860b5fa1af40742233210de,,DyK1017+417.00_伯舒拉岭右线洞身素描记录表 68.pdf,涌水状态,"(378.7199988095238, 367.010005, 466.17999499999996, 398.8099899999999)",25～125 经常渗水√,INLINE_OR_SUFFIX,False,IN_SCOPE,"(378.7199988095238, 367.010005, 466.17999499999996, 398.8099899999999)",25～125 经常渗水√,same_cell_mark,/Users/zhaoxiaoda/Library/CloudStorage/GoogleDrive-xiaodazhao0608@gmail.com/我的云端硬盘/TBM9/SKETCH/DyK1017+417.00_伯舒拉岭右线洞身素描记录表 68.pdf,FACE_SKETCH
2860b5fa1af40742233210de,CHECKBOX_POSITION,2860b5fa1af40742233210de,,DyK1017+417.00_伯舒拉岭右线洞身素描记录表 68.pdf,岩溶发育程度,"(225.00022355555558, 398.8099899999999, 294.782508125, 415.0100049999999)",无√,INLINE_OR_SUFFIX,False,IN_SCOPE,"(225.00022355555558, 398.8099899999999, 294.782508125, 415.0100049999999)",无√,same_cell_mark,/Users/zhaoxiaoda/Library/CloudStorage/GoogleDrive-xiaodazhao0608@gmail.com/我的云端硬盘/TBM9/SKETCH/DyK1017+417.00_伯舒拉岭右线洞身素描记录表 68.pdf,FACE_SKETCH
