assembled_text,asset_id,canonical_asset_id,current_interval_attribute_on_point,duplicate_of_asset_id,end_chainage,epistemic_status,evidence_type,evidence_uid,filename,form_water_other_raw,form_water_status,joint_development,lithology,local_unlocated_observations,observation_scope,prediction_attribute_on_point,raw_expression,recommendations,research_scope,rock_mass_state,source_path,source_type,spatial_kind,start_chainage,water_type,weathering
进口右线DyK1013+184.2洞身段出露岩性为石炭二叠系板岩夹变质砂岩，板岩为变余结构，板状构造，板 状劈理发育，变质砂岩为变余砂状结构，中厚层状构造，矿物成分以石英、长石为主，钙质胶结。围岩整体弱 风化，岩质软硬不均，节理裂隙发育，岩体破碎，呈碎石状压碎结构，拱顶节理裂隙发育相对密集，存在轻微 掉块现象，岩体相对破碎，掌子面拱顶及左右两侧边墙见渗滴水，围岩自稳性较差。板理产状：N45°E/35°S。发 育2组节理裂隙，产状如下： J1 ：N53°E/36°N，d=0.2~0.3m，L=1~5m，平直、光滑、密闭、无充填； J2 ：N37°W/45°S，d=0.2~0.4m，L=3~5m，平直、光滑、密闭、无充填。 综上所述，判定洞身围岩为Ⅴ级，与设计相符。   当前开挖段落存在线状出水， ,0ad8909b3dca17540f02c871,0ad8909b3dca17540f02c871,False,,1013184.2,OBSERVED,FACE_OBSERVATION,0ad8909b3dca17540f02c871_e0001,DyK1013+184.20_伯舒拉岭进口右线DyK1013+184.2洞身素描记录表.pdf,500,25～125涌出或喷出,节理裂隙发育,板岩夹变质砂岩,"[""当前开挖段落存在线状出水，""]",FACE_POINT,False,里程：DyK1013+184.2 地质预报单位：川藏铁路隧道超前地质预报项目部洛隆分部,"[""建议：在开挖后及时对拱顶及边墙处松动的岩块进行处理，对局部岩体破碎、易掉块的位置应提前支护， 防止掉块，如有异常及时上报，确保隧道施工和人员安全，避免设备受损和卡机。"", ""建议做好拱底防排水措施。""]",IN_SCOPE,岩体破碎,/Users/zhaoxiaoda/Library/CloudStorage/GoogleDrive-xiaodazhao0608@gmail.com/我的云端硬盘/TBM9/SKETCH/DyK1013+184.20_伯舒拉岭进口右线DyK1013+184.2洞身素描记录表.pdf,FACE_SKETCH,POINT,1013184.2,渗滴水；线状出水,弱风化
进口右线DyK1013+190.2洞身段出露岩性为石炭二叠系板岩夹变质砂岩，板岩为变余结构，板状构造，板 状劈理发育，变质砂岩为变余砂状结构，中厚层状构造，矿物成分以石英、长石为主，钙质胶结。围岩整体弱 风化，岩质软硬不均，节理裂隙发育，岩体破碎，呈碎石状压碎结构，拱顶节理裂隙发育相对密集，存在轻微 掉块现象，岩体相对破碎，掌子面拱顶及左右两侧边墙见渗滴水，围岩自稳性较差。板理产状：N45°E/32°S。发 育2组节理裂隙，产状如下： J1 ：N53°E/31°N，d=0.2~0.3m，L=1~5m，平直、光滑、密闭、无充填； J2 ：N37°W/42°S，d=0.2~0.4m，L=3~5m，平直、光滑、密闭、无充填。 综上所述，判定洞身围岩为Ⅴ级，与设计相符。   当前开挖段落存在线状出水， ,859f83de3f71c5e2e55823bf,859f83de3f71c5e2e55823bf,False,,1013190.2,OBSERVED,FACE_OBSERVATION,859f83de3f71c5e2e55823bf_e0001,DyK1013+190.20_伯舒拉岭进口右线DyK1013+190.2洞身素描记录表.pdf,500,25～125涌出或喷出,节理裂隙发育,板岩夹变质砂岩,"[""当前开挖段落存在线状出水，""]",FACE_POINT,False,里程：DyK1013+190.2 地质预报单位：川藏铁路隧道超前地质预报项目部洛隆分部,"[""建议：在开挖后及时对拱顶及边墙处松动的岩块进行处理，对局部岩体破碎、易掉块的位置应提前支护， 防止掉块，如有异常及时上报，确保隧道施工和人员安全，避免设备受损和卡机。"", ""建议做好拱底防排水措施。""]",IN_SCOPE,岩体破碎,/Users/zhaoxiaoda/Library/CloudStorage/GoogleDrive-xiaodazhao0608@gmail.com/我的云端硬盘/TBM9/SKETCH/DyK1013+190.20_伯舒拉岭进口右线DyK1013+190.2洞身素描记录表.pdf,FACE_SKETCH,POINT,1013190.2,渗滴水；线状出水,弱风化
进口右线DyK1013+220.2洞身段出露岩性为石炭二叠系板岩夹变质砂岩，板岩为变余结构，板状构造，板 状劈理发育，变质砂岩为变余砂状结构，中厚层状构造，矿物成分以石英、长石为主，钙质胶结。围岩整体弱 风化，岩质软硬不均，节理裂隙发育，岩体破碎，呈碎石状压碎结构，拱顶节理裂隙发育相对密集，存在轻微 掉块现象，岩体相对破碎，掌子面拱顶及左右两侧边墙见渗滴水，围岩自稳性较差。板理产状：N45°E45°S。发 育2组节理裂隙，产状如下： J1 ：N53°E/36°N，d=0.2~0.3m，L=1~5m，平直、光滑、密闭、无充填； J2 ：N37°W/21°S，d=0.2~0.4m，L=3~5m，平直、光滑、密闭、无充填。 综上所述，判定洞身围岩为Ⅴ级，与设计相符。   当前开挖段落存在线状出水， ,4eb6eb6db956703cca83a995,4eb6eb6db956703cca83a995,False,,1013220.2,OBSERVED,FACE_OBSERVATION,4eb6eb6db956703cca83a995_e0001,DyK1013+220.20_伯舒拉岭进口右线DyK10+220.2洞身素描记录表.pdf,500,25～125涌出或喷出,节理裂隙发育,板岩夹变质砂岩,"[""当前开挖段落存在线状出水，""]",FACE_POINT,False,里程：DyK1013+220.2 地质预报单位：川藏铁路隧道超前地质预报项目部洛隆分部,"[""建议：在开挖后及时对拱顶及边墙处松动的岩块进行处理，对局部岩体破碎、易掉块的位置应提前支护， 防止掉块，如有异常及时上报，确保隧道施工和人员安全，避免设备受损和卡机。"", ""建议做好拱底防排水措施。""]",IN_SCOPE,岩体破碎,/Users/zhaoxiaoda/Library/CloudStorage/GoogleDrive-xiaodazhao0608@gmail.com/我的云端硬盘/TBM9/SKETCH/DyK1013+220.20_伯舒拉岭进口右线DyK10+220.2洞身素描记录表.pdf,FACE_SKETCH,POINT,1013220.2,渗滴水；线状出水,弱风化
进口右线DyK1013+250.2洞身段出露岩性为石炭二叠系板岩夹变质砂岩，板岩为变余结构，板状构造，板 状劈理发育，变质砂岩为变余砂状结构，中厚层状构造，矿物成分以石英、长石为主，钙质胶结。围岩整体弱 风化，岩质软硬不均，节理裂隙发育，岩体破碎，呈碎石状压碎结构，拱顶节理裂隙发育相对密集，存在轻微 掉块现象，岩体相对破碎，掌子面拱顶及左右两侧边墙见渗滴水，围岩自稳性较差。板理产状：N45°E21°S。发 育2组节理裂隙，产状如下： J1 ：N53°E/42°N，d=0.2~0.3m，L=1~5m，平直、光滑、密闭、无充填； J2 ：N37°W/21°S，d=0.2~0.4m，L=3~5m，平直、光滑、密闭、无充填。 综上所述，判定洞身围岩为Ⅴ级，与设计相符。   当前开挖段落存在线状出水， ,677502242ca7e9a5ce91ba78,677502242ca7e9a5ce91ba78,False,,1013250.2,OBSERVED,FACE_OBSERVATION,677502242ca7e9a5ce91ba78_e0001,DyK1013+250.20_伯舒拉岭进口右线DyK10+250.2洞身素描记录表.pdf,500,25～125涌出或喷出,节理裂隙发育,板岩夹变质砂岩,"[""当前开挖段落存在线状出水，""]",FACE_POINT,False,里程：DyK1013+250.2 地质预报单位：川藏铁路隧道超前地质预报项目部洛隆分部,"[""建议：在开挖后及时对拱顶及边墙处松动的岩块进行处理，对局部岩体破碎、易掉块的位置应提前支护， 防止掉块，如有异常及时上报，确保隧道施工和人员安全，避免设备受损和卡机。"", ""建议做好拱底防排水措施。""]",IN_SCOPE,岩体破碎,/Users/zhaoxiaoda/Library/CloudStorage/GoogleDrive-xiaodazhao0608@gmail.com/我的云端硬盘/TBM9/SKETCH/DyK1013+250.20_伯舒拉岭进口右线DyK10+250.2洞身素描记录表.pdf,FACE_SKETCH,POINT,1013250.2,渗滴水；线状出水,弱风化
进口右线DyK1013+280.2洞身段出露岩性为石炭二叠系板岩夹变质砂岩，板岩为变余结构，板状构造，板 状劈理发育，变质砂岩为变余砂状结构，中厚层状构造，矿物成分以石英、长石为主，钙质胶结。围岩整体弱 风化，岩质软硬不均，节理裂隙发育，岩体破碎，呈碎石状压碎结构，拱顶节理裂隙发育相对密集，存在轻微 掉块现象，岩体相对破碎，掌子面拱顶及左右两侧边墙见渗滴水，围岩自稳性较差。板理产状：N45°E21°S。发 育2组节理裂隙，产状如下： J1 ：N53°E/42°N，d=0.2~0.3m，L=1~5m，平直、光滑、密闭、无充填； J2 ：N37°W/21°S，d=0.2~0.4m，L=3~5m，平直、光滑、密闭、无充填。 综上所述，判定洞身围岩为Ⅳ级，与设计相符。   当前开挖段落存在线状出水， ,2137b78c241632d9ca4ae2ae,2137b78c241632d9ca4ae2ae,False,,1013280.2,OBSERVED,FACE_OBSERVATION,2137b78c241632d9ca4ae2ae_e0001,DyK1013+280.20_伯舒拉岭进口右线DyK10+280.2洞身素描记录表.pdf,500,25～125涌出或喷出,节理裂隙发育,板岩夹变质砂岩,"[""当前开挖段落存在线状出水，""]",FACE_POINT,False,里程：DyK1013+280.2 地质预报单位：川藏铁路隧道超前地质预报项目部洛隆分部,"[""建议：在开挖后及时对拱顶及边墙处松动的岩块进行处理，对局部岩体破碎、易掉块的位置应提前支护， 防止掉块，如有异常及时上报，确保隧道施工和人员安全，避免设备受损和卡机。"", ""建议做好拱底防排水措施。""]",IN_SCOPE,岩体破碎,/Users/zhaoxiaoda/Library/CloudStorage/GoogleDrive-xiaodazhao0608@gmail.com/我的云端硬盘/TBM9/SKETCH/DyK1013+280.20_伯舒拉岭进口右线DyK10+280.2洞身素描记录表.pdf,FACE_SKETCH,POINT,1013280.2,渗滴水；线状出水,弱风化
进口右线DyK1013+290.2洞身段出露岩性为石炭二叠系板岩夹变质砂岩，板岩为变余结构，板状构造，板 状劈理发育，变质砂岩为变余砂状结构，中厚层状构造，矿物成分以石英、长石为主，钙质胶结。围岩整体弱 风化，岩质软硬不均，节理裂隙发育，岩体破碎，呈碎石状压碎结构，拱顶节理裂隙发育密集，存在轻微掉块 现象，岩体相对破碎，掌子面拱顶见渗滴水，围岩自稳性较差。板理产状：N45°E25°S。发育2组节理裂隙，产 状如下： J1 ：N53°E/36°N，d=0.2~0.3m，L=1~5m，平直、光滑、密闭、无充填； J2 ：N37°W/21°S，d=0.2~0.4m，L=3~5m，平直、光滑、密闭、无充填。 综上所述，判定洞身围岩为Ⅳ级，与设计相符。   当前开挖段落存在线状出水， ,4bfb59b96dd77affde7668ba,4bfb59b96dd77affde7668ba,False,,1013290.2,OBSERVED,FACE_OBSERVATION,4bfb59b96dd77affde7668ba_e0001,DyK1013+290.20_伯舒拉岭进口右线DyK10+290.2洞身素描记录表.pdf,500,25～125涌出或喷出,节理裂隙发育密集,板岩夹变质砂岩,"[""当前开挖段落存在线状出水，""]",FACE_POINT,False,里程：DyK1013+290.2 地质预报单位：川藏铁路隧道超前地质预报项目部洛隆分部,"[""建议：在开挖后及时对拱顶及边墙处松动的岩块进行处理，对局部岩体破碎、易掉块的位置应提前支护， 防止掉块，如有异常及时上报，确保隧道施工和人员安全，避免设备受损和卡机。"", ""建议做好拱底防排水措施。""]",IN_SCOPE,岩体破碎,/Users/zhaoxiaoda/Library/CloudStorage/GoogleDrive-xiaodazhao0608@gmail.com/我的云端硬盘/TBM9/SKETCH/DyK1013+290.20_伯舒拉岭进口右线DyK10+290.2洞身素描记录表.pdf,FACE_SKETCH,POINT,1013290.2,渗滴水；线状出水,弱风化
进口右线DyK1013+320.2洞身段出露岩性为石炭二叠系板岩夹变质砂岩，板岩为变余结构，板状构造，板 状劈理发育，变质砂岩为变余砂状结构，中厚层状构造，矿物成分以石英、长石为主，钙质胶结。围岩整体弱 风化，岩质软硬不均，节理裂隙发育，岩体破碎，呈碎石状压碎结构，拱顶节理裂隙较育，掌子面拱顶见渗滴 水，围岩自稳性一般。板理产状：N48°E31°S。发育2组节理裂隙，产状如下： J1 ：N32°E/42°N，d=0.2~0.3m，L=1~5m，平直、光滑、密闭、无充填； J2 ：N37°W/21°S，d=0.2~0.4m，L=3~5m，平直、光滑、密闭、无充填。 综上所述，判定洞身围岩为Ⅳ级，与设计相符。  ,2cf221382d9fbc0b90870dbe,2cf221382d9fbc0b90870dbe,False,,1013320.2,OBSERVED,FACE_OBSERVATION,2cf221382d9fbc0b90870dbe_e0001,DyK1013+320.20_伯舒拉岭进口右线DyK10+320.2洞身素描记录表.pdf,500,25～125涌出或喷出,节理裂隙发育,板岩夹变质砂岩,[],FACE_POINT,False,里程：DyK1013+320.2 地质预报单位：川藏铁路隧道超前地质预报项目部洛隆分部,"[""建议：在开挖后及时对拱顶及边墙处松动的岩块进行处理，对局部岩体破碎、易掉块的位置应提前支护， 防止掉块，如有异常及时上报，确保隧道施工和人员安全，避免设备受损和卡机。""]",IN_SCOPE,岩体破碎,/Users/zhaoxiaoda/Library/CloudStorage/GoogleDrive-xiaodazhao0608@gmail.com/我的云端硬盘/TBM9/SKETCH/DyK1013+320.20_伯舒拉岭进口右线DyK10+320.2洞身素描记录表.pdf,FACE_SKETCH,POINT,1013320.2,渗滴水,弱风化
进口右线DyK1013+350.2洞身段出露岩性为石炭二叠系板岩夹变质砂岩，板岩为变余结构，板状构造，板 状劈理发育，变质砂岩为变余砂状结构，中厚层状构造，矿物成分以石英、长石为主，钙质胶结。围岩整体弱 风化，岩质软硬不均，节理裂隙发育，岩体破碎，呈碎石状压碎结构，拱顶节理裂隙较发育，存在轻微掉块现 象，岩体相对破碎，左侧边墙见线状-股状出水，围岩自稳性较差。板理产状：N45°E45°S。发育2组节理裂隙， 产状如下： J1 ：N53°E/41°N，d=0.2~0.3m，L=1~5m，平直、光滑、密闭、无充填； J2 ：N37°W35°S，d=0.2~0.4m，L=3~5m，平直、光滑、密闭、无充填。 综上所述，判定洞身围岩为Ⅳ级，与设计相符。   当前开挖段落存在线状出水， ,b290b377eec3a4f765a29e4b,b290b377eec3a4f765a29e4b,False,,1013350.2,OBSERVED,FACE_OBSERVATION,b290b377eec3a4f765a29e4b_e0001,DyK1013+350.20_伯舒拉岭进口右线DyK10+350.2洞身素描记录表.pdf,500,25～125涌出或喷出,节理裂隙较发育,板岩夹变质砂岩,"[""当前开挖段落存在线状出水，""]",FACE_POINT,False,里程：DyK1013+350.2 地质预报单位：川藏铁路隧道超前地质预报项目部洛隆分部,"[""建议：在开挖后及时对拱顶及边墙处松动的岩块进行处理，对局部岩体破碎、易掉块的位置应提前支护， 防止掉块，如有异常及时上报，确保隧道施工和人员安全，避免设备受损和卡机。"", ""建议做好拱底防排水措施。""]",IN_SCOPE,岩体破碎,/Users/zhaoxiaoda/Library/CloudStorage/GoogleDrive-xiaodazhao0608@gmail.com/我的云端硬盘/TBM9/SKETCH/DyK1013+350.20_伯舒拉岭进口右线DyK10+350.2洞身素描记录表.pdf,FACE_SKETCH,POINT,1013350.2,股状出水；线状出水,弱风化
进口右线DyK1013+373洞身段出露岩性为石炭二叠系板岩夹变质砂岩，板岩为变余结构，板状构造，板状 劈理发育，变质砂岩为变余砂状结构，中厚层状构造，矿物成分以石英、长石为主，钙质胶结。围岩整体弱风 化，岩质软硬不均，节理裂隙发育，岩体破碎，呈碎石状压碎结构，拱顶节理裂隙发育密集，存在轻微掉块现 象，岩体相对破碎，掌子面拱顶见渗滴水，围岩自稳性较差。板理产状：N45°E35°S。发育2组节理裂隙，产状 如下： J1 ：N53°E/45°N，d=0.2~0.3m，L=1~5m，平直、光滑、密闭、无充填； J2 ：N37°W/31°S，d=0.2~0.4m，L=3~5m，平直、光滑、密闭、无充填。 综上所述，判定洞身围岩为Ⅳ级，与设计相符。   当前开挖段落存在线状出水， ,da98da5ae2750f54728a633f,da98da5ae2750f54728a633f,False,,1013373.0,OBSERVED,FACE_OBSERVATION,da98da5ae2750f54728a633f_e0001,DyK1013+373.00_伯舒拉岭进口右线DyK10+373洞身素描记录表.pdf,500,25～125涌出或喷出,节理裂隙发育密集,板岩夹变质砂岩,"[""当前开挖段落存在线状出水，""]",FACE_POINT,False,里程：DyK1013+373 地质预报单位：川藏铁路隧道超前地质预报项目部洛隆分部,"[""建议：在开挖后及时对拱顶及边墙处松动的岩块进行处理，对局部岩体破碎、易掉块的位置应提前支护， 防止掉块，如有异常及时上报，确保隧道施工和人员安全，避免设备受损和卡机。"", ""建议做好拱底防排水措施。""]",IN_SCOPE,岩体破碎,/Users/zhaoxiaoda/Library/CloudStorage/GoogleDrive-xiaodazhao0608@gmail.com/我的云端硬盘/TBM9/SKETCH/DyK1013+373.00_伯舒拉岭进口右线DyK10+373洞身素描记录表.pdf,FACE_SKETCH,POINT,1013373.0,渗滴水；线状出水,弱风化
进口右线DyK1013+403洞身段出露岩性为石炭二叠系板岩夹变质砂岩，板岩为变余结构，板状构造，板状 劈理发育，变质砂岩为变余砂状结构，中厚层状构造，矿物成分以石英、长石为主，钙质胶结。围岩整体弱风 化，岩质软硬不均，节理裂隙发育，岩体破碎，呈碎石状压碎结构，拱顶节理裂隙较发育，存在轻微掉块现象， 岩体相对破碎，拱顶见渗滴水，围岩自稳性较差。板理产状：N45°E21°S。发育2组节理裂隙，产状如下： J1 ：N53°E/58°N，d=0.2~0.3m，L=1~5m，平直、光滑、密闭、无充填； J2 ：N37°W/41°S，d=0.2~0.4m，L=3~5m，平直、光滑、密闭、无充填。 综上所述，判定洞身围岩为Ⅳ级，与设计相符。   当前开挖段落存在线状出水， ,02523bc25efb424ef47e6e1b,02523bc25efb424ef47e6e1b,False,,1013403.0,OBSERVED,FACE_OBSERVATION,02523bc25efb424ef47e6e1b_e0001,DyK1013+403.00_伯舒拉岭进口右线DyK10+403洞身素描记录表.pdf,500,25～125涌出或喷出,节理裂隙较发育,板岩夹变质砂岩,"[""当前开挖段落存在线状出水，""]",FACE_POINT,False,里程：DyK1013+403 地质预报单位：川藏铁路隧道超前地质预报项目部洛隆分部,"[""建议：在开挖后及时对拱顶及边墙处松动的岩块进行处理，对局部岩体破碎、易掉块的位置应提前支护， 防止掉块，如有异常及时上报，确保隧道施工和人员安全，避免设备受损和卡机。"", ""建议做好拱底防排水措施。""]",IN_SCOPE,岩体破碎,/Users/zhaoxiaoda/Library/CloudStorage/GoogleDrive-xiaodazhao0608@gmail.com/我的云端硬盘/TBM9/SKETCH/DyK1013+403.00_伯舒拉岭进口右线DyK10+403洞身素描记录表.pdf,FACE_SKETCH,POINT,1013403.0,渗滴水；线状出水,弱风化
进口右线DyK1013+433洞身段出露岩性为石炭二叠系板岩夹变质砂岩，板岩为变余结构，板状构造，板状 劈理发育，变质砂岩为变余砂状结构，中厚层状构造，矿物成分以石英、长石为主，钙质胶结。围岩整体弱风 化，岩质软硬不均，节理裂隙发育，岩体破碎，呈碎石状压碎结构，拱顶节理裂隙发育密集，存在掉块现象， 岩体相对破碎，拱顶见渗滴水，围岩自稳性较差。板理产状：N45°E21°S。发育2组节理裂隙，产状如下： J1 ：N53°E/58°N，d=0.2~0.3m，L=1~5m，平直、光滑、密闭、无充填； J2 ：N37°W/41°S，d=0.2~0.4m，L=3~5m，平直、光滑、密闭、无充填。 综上所述，判定洞身围岩为Ⅳ级，与设计相符。   当前开挖段落存在线状出水， ,209325ba8775902829eb062a,209325ba8775902829eb062a,False,,1013433.0,OBSERVED,FACE_OBSERVATION,209325ba8775902829eb062a_e0001,DyK1013+433.00_伯舒拉岭进口右线DyK10+433洞身素描记录表.pdf,500,25～125涌出或喷出,节理裂隙发育密集,板岩夹变质砂岩,"[""当前开挖段落存在线状出水，""]",FACE_POINT,False,里程：DyK1013+433 地质预报单位：川藏铁路隧道超前地质预报项目部洛隆分部,"[""建议：在开挖后及时对拱顶及边墙处松动的岩块进行处理，对局部岩体破碎、易掉块的位置应提前支护， 防止掉块，如有异常及时上报，确保隧道施工和人员安全，避免设备受损和卡机。"", ""建议做好拱底防排水措施。""]",IN_SCOPE,岩体破碎,/Users/zhaoxiaoda/Library/CloudStorage/GoogleDrive-xiaodazhao0608@gmail.com/我的云端硬盘/TBM9/SKETCH/DyK1013+433.00_伯舒拉岭进口右线DyK10+433洞身素描记录表.pdf,FACE_SKETCH,POINT,1013433.0,渗滴水；线状出水,弱风化
进口右线DyK1013+455.2洞身段出露岩性为石炭二叠系板岩夹变质砂岩，板岩为变余结构，板状构造，板 状劈理发育，变质砂岩为变余砂状结构，中厚层状构造，矿物成分以石英、长石为主，钙质胶结。围岩整体弱 风化，岩质软硬不均，节理裂隙发育，岩体破碎，呈碎石状压碎结构，拱顶节理裂隙发育密集，存在掉块现象， 岩体相对破碎，拱顶见滴渗水-线状出水，围岩自稳性较差。板理产状：N45°E32°S。发育2组节理裂隙，产状 如下： J1 ：N53°E/25°N，d=0.2~0.3m，L=1~5m，平直、光滑、密闭、无充填； J2 ：N37°W33°S，d=0.2~0.4m，L=3~5m，平直、光滑、密闭、无充填。 综上所述，判定洞身围岩为Ⅳ级，与设计相符。   当前开挖段落存在滴渗水-线状出水， ,1251701479b35d57166165ad,1251701479b35d57166165ad,False,,1013455.2,OBSERVED,FACE_OBSERVATION,1251701479b35d57166165ad_e0001,DyK1013+455.20_伯舒拉岭进口右线DyK10+455.2洞身素描记录表.pdf,500,25～125涌出或喷出,节理裂隙发育密集,板岩夹变质砂岩,"[""当前开挖段落存在滴渗水-线状出水，""]",FACE_POINT,False,里程：DyK1013+455.2 地质预报单位：川藏铁路隧道超前地质预报项目部洛隆分部,"[""建议：在开挖后及时对拱顶及边墙处松动的岩块进行处理，对局部岩体破碎、易掉块的位置应提前支护， 防止掉块，如有异常及时上报，确保隧道施工和人员安全，避免设备受损和卡机。"", ""建议做好拱底防排水措施。""]",IN_SCOPE,岩体破碎,/Users/zhaoxiaoda/Library/CloudStorage/GoogleDrive-xiaodazhao0608@gmail.com/我的云端硬盘/TBM9/SKETCH/DyK1013+455.20_伯舒拉岭进口右线DyK10+455.2洞身素描记录表.pdf,FACE_SKETCH,POINT,1013455.2,滴渗水；滴渗水-线状出水；线状出水,弱风化
进口右线DyK1013+485.2洞身段出露岩性为石炭二叠系板岩夹变质砂岩，板岩为变余结构，板状构造，板 状劈理发育，变质砂岩为变余砂状结构，中厚层状构造，矿物成分以石英、长石为主，钙质胶结。围岩整体弱 风化，岩质软硬不均，节理裂隙发育，岩体破碎，呈碎石状压碎结构，拱顶节理裂隙发育密集，存在掉块现象， 岩体相对破碎，拱顶见滴渗水-线状出水，围岩自稳性较差。板理产状：N45°E32°S。发育2组节理裂隙，产状 如下： J1 ：N53°E/25°N，d=0.2~0.3m，L=1~5m，平直、光滑、密闭、无充填； J2 ：N37°W33°S，d=0.2~0.4m，L=3~5m，平直、光滑、密闭、无充填。 综上所述，判定洞身围岩为Ⅳ级，与设计相符。   当前开挖段落存在滴渗水-线状出水， ,52cacac91fb5b92032fa961d,52cacac91fb5b92032fa961d,False,,1013485.2,OBSERVED,FACE_OBSERVATION,52cacac91fb5b92032fa961d_e0001,DyK1013+485.20_伯舒拉岭进口右线DyK10+485.2洞身素描记录表.pdf,500,25～125涌出或喷出,节理裂隙发育密集,板岩夹变质砂岩,"[""当前开挖段落存在滴渗水-线状出水，""]",FACE_POINT,False,里程：DyK1013+485.2 地质预报单位：川藏铁路隧道超前地质预报项目部洛隆分部,"[""建议：在开挖后及时对拱顶及边墙处松动的岩块进行处理，对局部岩体破碎、易掉块的位置应提前支护， 防止掉块，如有异常及时上报，确保隧道施工和人员安全，避免设备受损和卡机。"", ""建议做好拱底防排水措施。""]",IN_SCOPE,岩体破碎,/Users/zhaoxiaoda/Library/CloudStorage/GoogleDrive-xiaodazhao0608@gmail.com/我的云端硬盘/TBM9/SKETCH/DyK1013+485.20_伯舒拉岭进口右线DyK10+485.2洞身素描记录表.pdf,FACE_SKETCH,POINT,1013485.2,滴渗水；滴渗水-线状出水；线状出水,弱风化
进口右线DyK1013+515.2洞身段出露岩性为石炭二叠系板岩夹变质砂岩，板岩为变余结构，板状构造，板 状劈理发育，变质砂岩为变余砂状结构，中厚层状构造，矿物成分以石英、长石为主，钙质胶结。围岩整体弱 风化，岩质软硬不均，节理裂隙发育，岩体破碎，呈碎石状压碎结构，拱顶节理裂隙发育密集，存在掉块现象， 岩体相对破碎，拱顶见滴渗水-线状出水，围岩自稳性较差。板理产状：N45°E32°S。发育2组节理裂隙，产状 如下： J1 ：N53°E/25°N，d=0.2~0.3m，L=1~5m，平直、光滑、密闭、无充填； J2 ：N37°W33°S，d=0.2~0.4m，L=3~5m，平直、光滑、密闭、无充填。 综上所述，判定洞身围岩为Ⅳ级，与设计相符。   当前开挖段落存在滴渗水-线状出水， ,461518eeef3ab92c61be900b,461518eeef3ab92c61be900b,False,,1013515.2,OBSERVED,FACE_OBSERVATION,461518eeef3ab92c61be900b_e0001,DyK1013+515.20_伯舒拉岭进口右线DyK10+515.2洞身素描记录表.pdf,500,25～125涌出或喷出,节理裂隙发育密集,板岩夹变质砂岩,"[""当前开挖段落存在滴渗水-线状出水，""]",FACE_POINT,False,里程：DyK1013+515.2 地质预报单位：川藏铁路隧道超前地质预报项目部洛隆分部,"[""建议：在开挖后及时对拱顶及边墙处松动的岩块进行处理，对局部岩体破碎、易掉块的位置应提前支护， 防止掉块，如有异常及时上报，确保隧道施工和人员安全，避免设备受损和卡机。"", ""建议做好拱底防排水措施。""]",IN_SCOPE,岩体破碎,/Users/zhaoxiaoda/Library/CloudStorage/GoogleDrive-xiaodazhao0608@gmail.com/我的云端硬盘/TBM9/SKETCH/DyK1013+515.20_伯舒拉岭进口右线DyK10+515.2洞身素描记录表.pdf,FACE_SKETCH,POINT,1013515.2,滴渗水；滴渗水-线状出水；线状出水,弱风化
进口右线DyK1013+545洞身段出露岩性为石炭二叠系板岩夹变质砂岩，板岩为变余结构，板状构造，板状 劈理发育，变质砂岩为变余砂状结构，中厚层状构造，矿物成分以石英、长石为主，钙质胶结。围岩整体弱风 化，岩质软硬不均，节理裂隙发育，岩体破碎，呈碎石状压碎结构，拱顶节理裂隙发育密集，存在掉块现象， 岩体相对破碎，拱顶见滴渗水-线状出水，围岩自稳性较差。板理产状：N45°E32°S。发育2组节理裂隙，产状 如下： J1 ：N53°E/25°N，d=0.2~0.3m，L=1~5m，平直、光滑、密闭、无充填； J2 ：N37°W33°S，d=0.2~0.4m，L=3~5m，平直、光滑、密闭、无充填。 综上所述，判定洞身围岩为Ⅳ级，与设计相符。   当前开挖段落存在滴渗水-线状出水， ,a78d4ad4e8f5dc81b15b774a,a78d4ad4e8f5dc81b15b774a,False,,1013545.0,OBSERVED,FACE_OBSERVATION,a78d4ad4e8f5dc81b15b774a_e0001,DyK1013+545.00_伯舒拉岭进口右线DyK10+545洞身素描记录表.pdf,500,25～125涌出或喷出,节理裂隙发育密集,板岩夹变质砂岩,"[""当前开挖段落存在滴渗水-线状出水，""]",FACE_POINT,False,里程：DyK1013+545 地质预报单位：川藏铁路隧道超前地质预报项目部洛隆分部,"[""建议：在开挖后及时对拱顶及边墙处松动的岩块进行处理，对局部岩体破碎、易掉块的位置应提前支护， 防止掉块，如有异常及时上报，确保隧道施工和人员安全，避免设备受损和卡机。"", ""建议做好拱底防排水措施。""]",IN_SCOPE,岩体破碎,/Users/zhaoxiaoda/Library/CloudStorage/GoogleDrive-xiaodazhao0608@gmail.com/我的云端硬盘/TBM9/SKETCH/DyK1013+545.00_伯舒拉岭进口右线DyK10+545洞身素描记录表.pdf,FACE_SKETCH,POINT,1013545.0,滴渗水；滴渗水-线状出水；线状出水,弱风化
进口右线DyK1013+575洞身段出露岩性为石炭二叠系板岩夹变质砂岩，板岩为变余结构，板状构造，板状 劈理发育，变质砂岩为变余砂状结构，中厚层状构造，矿物成分以石英、长石为主，钙质胶结。围岩整体弱风 化，岩质软硬不均，节理裂隙发育，岩体破碎，呈碎石状压碎结构，拱顶节理裂隙发育密集，存在掉块现象， 岩体相对破碎，拱顶见滴渗水-线状出水，围岩自稳性较差。板理产状：N45°E41°S。发育2组节理裂隙，产状 如下： J1 ：N53°E/25°N，d=0.2~0.3m，L=1~5m，平直、光滑、密闭、无充填； J2 ：N37°W32°S，d=0.2~0.4m，L=3~5m，平直、光滑、密闭、无充填。 综上所述，判定洞身围岩为Ⅳ级，与设计相符。   当前开挖段落存在滴渗水-线状出水， ,26fd4f8081c6f240644707eb,26fd4f8081c6f240644707eb,False,,1013575.0,OBSERVED,FACE_OBSERVATION,26fd4f8081c6f240644707eb_e0001,DyK1013+575.00_伯舒拉岭进口右线DyK10+575洞身素描记录表.pdf,500,25～125涌出或喷出,节理裂隙发育密集,板岩夹变质砂岩,"[""当前开挖段落存在滴渗水-线状出水，""]",FACE_POINT,False,里程：DyK1013+575 地质预报单位：川藏铁路隧道超前地质预报项目部洛隆分部,"[""建议：在开挖后及时对拱顶及边墙处松动的岩块进行处理，对局部岩体破碎、易掉块的位置应提前支护， 防止掉块，如有异常及时上报，确保隧道施工和人员安全，避免设备受损和卡机。"", ""建议做好拱底防排水措施。""]",IN_SCOPE,岩体破碎,/Users/zhaoxiaoda/Library/CloudStorage/GoogleDrive-xiaodazhao0608@gmail.com/我的云端硬盘/TBM9/SKETCH/DyK1013+575.00_伯舒拉岭进口右线DyK10+575洞身素描记录表.pdf,FACE_SKETCH,POINT,1013575.0,滴渗水；滴渗水-线状出水；线状出水,弱风化
进口右线DyK1013+605洞身段出露岩性为石炭二叠系板岩夹变质砂岩，板岩为变余结构，板状构造，板状 劈理发育，变质砂岩为变余砂状结构，中厚层状构造，矿物成分以石英、长石为主，钙质胶结。围岩整体弱风 化，岩质软硬不均，节理裂隙发育，岩体破碎，呈碎石状压碎结构，拱顶节理裂隙发育密集，存在掉块现象， 岩体相对破碎，拱顶见滴渗水-线状出水，围岩自稳性较差。板理产状：N45°E36°S。发育2组节理裂隙，产状 如下： J1 ：N53°E/45°N，d=0.2~0.3m，L=1~5m，平直、光滑、密闭、无充填； J2 ：N37°W39°S，d=0.2~0.4m，L=3~5m，平直、光滑、密闭、无充填。 综上所述，判定洞身围岩为Ⅳ级，与设计相符。   当前开挖段落存在滴渗水-线状出水， ,ec175e09cec4dd7f79757054,ec175e09cec4dd7f79757054,False,,1013605.0,OBSERVED,FACE_OBSERVATION,ec175e09cec4dd7f79757054_e0001,DyK1013+605.00_伯舒拉岭进口右线DyK10+605洞身素描记录表.pdf,500,25～125涌出或喷出,节理裂隙发育密集,板岩夹变质砂岩,"[""当前开挖段落存在滴渗水-线状出水，""]",FACE_POINT,False,里程：DyK1013+605 地质预报单位：川藏铁路隧道超前地质预报项目部洛隆分部,"[""建议：在开挖后及时对拱顶及边墙处松动的岩块进行处理，对局部岩体破碎、易掉块的位置应提前支护， 防止掉块，如有异常及时上报，确保隧道施工和人员安全，避免设备受损和卡机。"", ""建议做好拱底防排水措施。""]",IN_SCOPE,岩体破碎,/Users/zhaoxiaoda/Library/CloudStorage/GoogleDrive-xiaodazhao0608@gmail.com/我的云端硬盘/TBM9/SKETCH/DyK1013+605.00_伯舒拉岭进口右线DyK10+605洞身素描记录表.pdf,FACE_SKETCH,POINT,1013605.0,滴渗水；滴渗水-线状出水；线状出水,弱风化
进口右线DyK1013+621洞身段出露岩性为石炭二叠系板岩夹变质砂岩，板岩为变余结构，板状构造，板状 劈理发育，变质砂岩为变余砂状结构，中厚层状构造，矿物成分以石英、长石为主，钙质胶结。围岩整体弱风 化，岩质软硬不均，节理裂隙发育，岩体破碎，呈碎石状压碎结构，拱顶节理裂隙发育密集，存在掉块现象， 岩体相对破碎，拱顶见滴渗水，围岩自稳性较差。板理产状：N45°E25°S。发育2组节理裂隙，产状如下： J1 ：N53°E/45°N，d=0.2~0.3m，L=1~5m，平直、光滑、密闭、无充填； J2 ：N37°W39°S，d=0.2~0.4m，L=3~5m，平直、光滑、密闭、无充填。 综上所述，判定洞身围岩为Ⅳ级，与设计相符。   当前开挖段落存在滴渗水， ,b6f41b0f8e27bb5957bdc568,b6f41b0f8e27bb5957bdc568,False,,1013621.0,OBSERVED,FACE_OBSERVATION,b6f41b0f8e27bb5957bdc568_e0001,DyK1013+621.00_伯舒拉岭进口右线DyK10+621洞身素描记录表.pdf,500,25～125涌出或喷出,节理裂隙发育密集,板岩夹变质砂岩,"[""当前开挖段落存在滴渗水，""]",FACE_POINT,False,里程：DyK1013+621 地质预报单位：川藏铁路隧道超前地质预报项目部洛隆分部,"[""建议：在开挖后及时对拱顶及边墙处松动的岩块进行处理，对局部岩体破碎、易掉块的位置应提前支护， 防止掉块，如有异常及时上报，确保隧道施工和人员安全，避免设备受损和卡机。"", ""建议做好拱底防排水措施。""]",IN_SCOPE,岩体破碎,/Users/zhaoxiaoda/Library/CloudStorage/GoogleDrive-xiaodazhao0608@gmail.com/我的云端硬盘/TBM9/SKETCH/DyK1013+621.00_伯舒拉岭进口右线DyK10+621洞身素描记录表.pdf,FACE_SKETCH,POINT,1013621.0,滴渗水,弱风化
进口右线DyK1013+644.4洞身段出露岩性为石炭二叠系板岩夹变质砂岩， 矿物成分以石英、长石为主，钙 质胶结。围岩整体弱风化，岩质软硬不均，节理裂隙发育，岩体破碎，呈碎石状压碎结构，拱顶节理裂隙较发 育，存在掉块现象，岩体相对破碎，拱顶见滴渗水，围岩自稳性较差。板理产状：N45°E35°S。发育2组节理裂 隙，产状如下： J1 ：N53°E/45°N，d=0.2~0.3m，L=1~5m，平直、光滑、密闭、无充填； J2 ：N37°W39°S，d=0.2~0.4m，L=3~5m，平直、光滑、密闭、无充填。 综上所述，判定洞身围岩为Ⅳ级，与设计相符。   当前开挖段落存在滴渗水， ,f9d7b028077917484ab028c9,f9d7b028077917484ab028c9,False,,1013644.4,OBSERVED,FACE_OBSERVATION,f9d7b028077917484ab028c9_e0001,DyK1013+644.40_伯舒拉岭进口右线DyK10+644.4洞身素描记录表.pdf,500,25～125涌出或喷出,节理裂隙较发育,板岩夹变质砂岩,"[""当前开挖段落存在滴渗水，""]",FACE_POINT,False,里程：DyK1013+644.4 地质预报单位：川藏铁路隧道超前地质预报项目部洛隆分部,"[""建议：在开挖后及时对拱顶及边墙处松动的岩块进行处理，对局部岩体破碎、易掉块的位置应提前支护， 防止掉块，如有异常及时上报，确保隧道施工和人员安全，避免设备受损和卡机。"", ""建议做好拱底防排水措施。""]",IN_SCOPE,岩体破碎,/Users/zhaoxiaoda/Library/CloudStorage/GoogleDrive-xiaodazhao0608@gmail.com/我的云端硬盘/TBM9/SKETCH/DyK1013+644.40_伯舒拉岭进口右线DyK10+644.4洞身素描记录表.pdf,FACE_SKETCH,POINT,1013644.4,滴渗水,弱风化
进口右线DyK1013+674.4洞身段出露岩性为石炭二叠系板岩夹变质砂岩， 矿物成分以石英、长石为主，钙 质胶结。围岩整体弱风化，岩质软硬不均，节理裂隙发育，岩体破碎，呈碎石状压碎结构，拱顶节理裂隙较发 育，存在掉块现象，岩体相对破碎，拱顶见滴渗水，围岩自稳性较差。板理产状：N45°E35°S。发育2组节理裂 隙，产状如下： J1 ：N53°E/45°N，d=0.2~0.3m，L=1~5m，平直、光滑、密闭、无充填； J2 ：N37°W39°S，d=0.2~0.4m，L=3~5m，平直、光滑、密闭、无充填。 综上所述，判定洞身围岩为Ⅳ级，与设计相符。   当前开挖段落存在滴渗水， ,f4614b7cc245815098c5ba13,f4614b7cc245815098c5ba13,False,,1013674.4,OBSERVED,FACE_OBSERVATION,f4614b7cc245815098c5ba13_e0001,DyK1013+674.40_伯舒拉岭进口右线DyK10+674.4洞身素描记录表.pdf,500,25～125涌出或喷出,节理裂隙较发育,板岩夹变质砂岩,"[""当前开挖段落存在滴渗水，""]",FACE_POINT,False,里程：DyK1013+674.4 地质预报单位：川藏铁路隧道超前地质预报项目部洛隆分部,"[""建议：在开挖后及时对拱顶及边墙处松动的岩块进行处理，对局部岩体破碎、易掉块的位置应提前支护， 防止掉块，如有异常及时上报，确保隧道施工和人员安全，避免设备受损和卡机。"", ""建议做好拱底防排水措施。""]",IN_SCOPE,岩体破碎,/Users/zhaoxiaoda/Library/CloudStorage/GoogleDrive-xiaodazhao0608@gmail.com/我的云端硬盘/TBM9/SKETCH/DyK1013+674.40_伯舒拉岭进口右线DyK10+674.4洞身素描记录表.pdf,FACE_SKETCH,POINT,1013674.4,滴渗水,弱风化
进口右线DyK1013+701洞身段出露岩性为石炭二叠系板岩夹变质砂岩， 矿物成分以石英、长石为主，钙 质胶结。围岩整体弱风化，岩质软硬不均，节理裂隙发育，岩体破碎，呈碎石状压碎结构，拱顶节理裂隙较发 育，存在掉块现象，岩体相对破碎，拱顶见滴渗水，围岩自稳性较差。板理产状：N45°E35°S。发育2组节理裂 隙，产状如下： J1 ：N53°E/45°N，d=0.2~0.3m，L=1~5m，平直、光滑、密闭、无充填； J2 ：N37°W39°S，d=0.2~0.4m，L=3~5m，平直、光滑、密闭、无充填。 综上所述，判定洞身围岩为Ⅳ级，与设计相符。   当前开挖段落存在滴渗水， ,c07b0a00996054098b2a9fb7,c07b0a00996054098b2a9fb7,False,,1013701.0,OBSERVED,FACE_OBSERVATION,c07b0a00996054098b2a9fb7_e0001,DyK1013+701.00_伯舒拉岭进口右线DyK10+701洞身素描记录表.pdf,500,25～125涌出或喷出,节理裂隙较发育,板岩夹变质砂岩,"[""当前开挖段落存在滴渗水，""]",FACE_POINT,False,里程：DyK1013+701 地质预报单位：川藏铁路隧道超前地质预报项目部洛隆分部,"[""建议：在开挖后及时对拱顶及边墙处松动的岩块进行处理，对局部岩体破碎、易掉块的位置应提前支护， 防止掉块，如有异常及时上报，确保隧道施工和人员安全，避免设备受损和卡机。"", ""建议做好拱底防排水措施。""]",IN_SCOPE,岩体破碎,/Users/zhaoxiaoda/Library/CloudStorage/GoogleDrive-xiaodazhao0608@gmail.com/我的云端硬盘/TBM9/SKETCH/DyK1013+701.00_伯舒拉岭进口右线DyK10+701洞身素描记录表.pdf,FACE_SKETCH,POINT,1013701.0,滴渗水,弱风化
进口右线DyK1013+723.6洞身段出露岩性为石炭二叠系板岩夹变质砂岩， 矿物成分以石英、长石为主，钙 质胶结。围岩整体弱风化，岩质软硬不均，节理裂隙发育，岩体破碎，呈碎石状压碎结构，拱顶节理裂隙较发 育，存在掉块现象，岩体相对破碎，拱顶见滴渗水，围岩自稳性较差。板理产状：N45°E42°S。发育2组节理裂 隙，产状如下： J1 ：N53°E/52°N，d=0.2~0.3m，L=1~5m，平直、光滑、密闭、无充填； J2 ：N25°W45°S，d=0.2~0.4m，L=3~5m，平直、光滑、密闭、无充填。 综上所述，判定洞身围岩为Ⅳ级，与设计相符。   当前开挖段落存在滴渗水， ,00e536fe7ea614a87b155918,00e536fe7ea614a87b155918,False,,1013723.6,OBSERVED,FACE_OBSERVATION,00e536fe7ea614a87b155918_e0001,DyK1013+723.60_伯舒拉岭进口右线DyK10+723.6洞身素描记录表.pdf,500,25～125涌出或喷出,节理裂隙较发育,板岩夹变质砂岩,"[""当前开挖段落存在滴渗水，""]",FACE_POINT,False,里程：DyK1013+723.6 地质预报单位：川藏铁路隧道超前地质预报项目部洛隆分部,"[""建议：在开挖后及时对拱顶及边墙处松动的岩块进行处理，对局部岩体破碎、易掉块的位置应提前支护， 防止掉块，如有异常及时上报，确保隧道施工和人员安全，避免设备受损和卡机。"", ""建议做好拱底防排水措施。""]",IN_SCOPE,岩体破碎,/Users/zhaoxiaoda/Library/CloudStorage/GoogleDrive-xiaodazhao0608@gmail.com/我的云端硬盘/TBM9/SKETCH/DyK1013+723.60_伯舒拉岭进口右线DyK10+723.6洞身素描记录表.pdf,FACE_SKETCH,POINT,1013723.6,滴渗水,弱风化
进口右线DyK1013+747洞身段出露岩性为石炭二叠系板岩夹变质砂岩， 矿物成分以石英、长石为主，钙 质胶结。围岩整体弱风化，岩质软硬不均，节理裂隙发育，岩体破碎，呈碎石状压碎结构，拱顶节理裂隙较发 育，存在掉块现象，岩体相对破碎，拱顶见滴渗水，围岩自稳性较差。板理产状：N45°E42°S。发育2组节理裂 隙，产状如下： J1 ：N53°E/52°N，d=0.2~0.3m，L=1~5m，平直、光滑、密闭、无充填； J2 ：N25°W45°S，d=0.2~0.4m，L=3~5m，平直、光滑、密闭、无充填。 综上所述，判定洞身围岩为Ⅳ级，与设计相符。   当前开挖段落存在滴渗水， ,cbaa16a8d1f054c07369f26d,cbaa16a8d1f054c07369f26d,False,,1013747.0,OBSERVED,FACE_OBSERVATION,cbaa16a8d1f054c07369f26d_e0001,DyK1013+747.00_伯舒拉岭进口右线DyK10+747洞身素描记录表.pdf,500,25～125涌出或喷出,节理裂隙较发育,板岩夹变质砂岩,"[""当前开挖段落存在滴渗水，""]",FACE_POINT,False,里程：DyK1013+747 地质预报单位：川藏铁路隧道超前地质预报项目部洛隆分部,"[""建议：在开挖后及时对拱顶及边墙处松动的岩块进行处理，对局部岩体破碎、易掉块的位置应提前支护， 防止掉块，如有异常及时上报，确保隧道施工和人员安全，避免设备受损和卡机。"", ""建议做好拱底防排水措施。""]",IN_SCOPE,岩体破碎,/Users/zhaoxiaoda/Library/CloudStorage/GoogleDrive-xiaodazhao0608@gmail.com/我的云端硬盘/TBM9/SKETCH/DyK1013+747.00_伯舒拉岭进口右线DyK10+747洞身素描记录表.pdf,FACE_SKETCH,POINT,1013747.0,滴渗水,弱风化
进口右线DyK1013+768.6洞身段出露岩性为石炭二叠系板岩夹变质砂岩， 矿物成分以石英、长石为主，钙 质胶结。围岩整体弱风化，岩质软硬不均，节理裂隙发育，岩体破碎，呈碎石状压碎结构，拱顶节理裂隙较发 育，存在掉块现象，岩体相对破碎，拱顶见滴渗水，围岩自稳性较差。板理产状：N45°E36°S。发育2组节理裂 隙，产状如下： J1 ：N53°E/52°N，d=0.2~0.3m，L=1~5m，平直、光滑、密闭、无充填； J2 ：N25°W45°S，d=0.2~0.4m，L=3~5m，平直、光滑、密闭、无充填。 综上所述，判定洞身围岩为Ⅳ级，与设计相符。   当前开挖段落存在滴渗水， ,44ad9e1bbc5923d99bfbf395,44ad9e1bbc5923d99bfbf395,False,,1013768.6,OBSERVED,FACE_OBSERVATION,44ad9e1bbc5923d99bfbf395_e0001,DyK1013+768.60_伯舒拉岭进口右线DyK10+768.6洞身素描记录表.pdf,500,25～125涌出或喷出,节理裂隙较发育,板岩夹变质砂岩,"[""当前开挖段落存在滴渗水，""]",FACE_POINT,False,里程：DyK1013+768.6 地质预报单位：川藏铁路隧道超前地质预报项目部洛隆分部,"[""建议：在开挖后及时对拱顶及边墙处松动的岩块进行处理，对局部岩体破碎、易掉块的位置应提前支护， 防止掉块，如有异常及时上报，确保隧道施工和人员安全，避免设备受损和卡机。"", ""建议做好拱底防排水措施。""]",IN_SCOPE,岩体破碎,/Users/zhaoxiaoda/Library/CloudStorage/GoogleDrive-xiaodazhao0608@gmail.com/我的云端硬盘/TBM9/SKETCH/DyK1013+768.60_伯舒拉岭进口右线DyK10+768.6洞身素描记录表.pdf,FACE_SKETCH,POINT,1013768.6,滴渗水,弱风化
进口右线DyK1013+790.2洞身段出露岩性为石炭二叠系板岩夹变质砂岩， 矿物成分以石英、长石为主，钙 质胶结。围岩整体弱风化，岩质软硬不均，节理裂隙发育，岩体破碎，呈碎石状压碎结构，左右两侧边墙节理 裂隙较发育，存在掉块现象，岩体相对破碎，拱顶见滴渗水，围岩自稳性较差。板理产状：N45°E45°S。发育2 组节理裂隙，产状如下： J1 ：N53°E/36°N，d=0.2~0.3m，L=1~5m，平直、光滑、密闭、无充填； J2 ：N25°W48°S，d=0.2~0.4m，L=3~5m，平直、光滑、密闭、无充填。 综上所述，判定洞身围岩为Ⅳ级，与设计相符。   当前开挖段落存在滴渗水， ,d4d239117cf91c326097d573,d4d239117cf91c326097d573,False,,1013790.2,OBSERVED,FACE_OBSERVATION,d4d239117cf91c326097d573_e0001,DyK1013+790.20_伯舒拉岭进口右线DyK10+790.2洞身素描记录表.pdf,500,25～125涌出或喷出,节理裂隙较发育,板岩夹变质砂岩,"[""当前开挖段落存在滴渗水，""]",FACE_POINT,False,里程：DyK1013+790.2 地质预报单位：川藏铁路隧道超前地质预报项目部洛隆分部,"[""建议：在开挖后及时对拱顶及边墙处松动的岩块进行处理，对局部岩体破碎、易掉块的位置应提前支护， 防止掉块，如有异常及时上报，确保隧道施工和人员安全，避免设备受损和卡机。"", ""建议做好拱底防排水措施。""]",IN_SCOPE,岩体破碎,/Users/zhaoxiaoda/Library/CloudStorage/GoogleDrive-xiaodazhao0608@gmail.com/我的云端硬盘/TBM9/SKETCH/DyK1013+790.20_伯舒拉岭进口右线DyK10+790.2洞身素描记录表.pdf,FACE_SKETCH,POINT,1013790.2,滴渗水,弱风化
进口右线DyK1013+813.6洞身段出露岩性为石炭二叠系板岩夹变质砂岩， 矿物成分以石英、长石为主，钙 质胶结。围岩整体弱风化，岩质软硬不均，节理裂隙发育，岩体破碎，呈碎石状压碎结构，左右两侧边墙节理 裂隙较发育，存在掉块现象，岩体相对破碎，拱顶见滴渗水，围岩自稳性较差。板理产状：N45°E45°S。发育2 组节理裂隙，产状如下： J1 ：N53°E/36°N，d=0.2~0.3m，L=1~5m，平直、光滑、密闭、无充填； J2 ：N25°W48°S，d=0.2~0.4m，L=3~5m，平直、光滑、密闭、无充填。 综上所述，判定洞身围岩为Ⅳ级，与设计相符。   当前开挖段落存在滴渗水， ,6e942e09ef8e4f22d0ea76aa,6e942e09ef8e4f22d0ea76aa,False,,1013813.6,OBSERVED,FACE_OBSERVATION,6e942e09ef8e4f22d0ea76aa_e0001,DyK1013+813.60_伯舒拉岭进口右线DyK10+813.6洞身素描记录表.pdf,500,25～125涌出或喷出,节理裂隙较发育,板岩夹变质砂岩,"[""当前开挖段落存在滴渗水，""]",FACE_POINT,False,里程：DyK1013+813.6 地质预报单位：川藏铁路隧道超前地质预报项目部洛隆分部,"[""建议：在开挖后及时对拱顶及边墙处松动的岩块进行处理，对局部岩体破碎、易掉块的位置应提前支护， 防止掉块，如有异常及时上报，确保隧道施工和人员安全，避免设备受损和卡机。"", ""建议做好拱底防排水措施。""]",IN_SCOPE,岩体破碎,/Users/zhaoxiaoda/Library/CloudStorage/GoogleDrive-xiaodazhao0608@gmail.com/我的云端硬盘/TBM9/SKETCH/DyK1013+813.60_伯舒拉岭进口右线DyK10+813.6洞身素描记录表.pdf,FACE_SKETCH,POINT,1013813.6,滴渗水,弱风化
进口右线DyK1013+840.6洞身段出露岩性为石炭二叠系板岩夹变质砂岩， 矿物成分以石英、长石为主，钙 质胶结。围岩整体弱风化，岩质软硬不均，节理裂隙发育，岩体破碎，呈碎石状压碎结构，当前里程拱顶右侧 及右侧边墙节理裂隙发育密集，层间结合差，存在掉块现象，见线-股状出水，围岩自稳性较差。板理产状： N45°E35°S。发育2组节理裂隙，产状如下： J1 ：N53°E/42°N，d=0.2~0.3m，L=1~5m，平直、光滑、密闭、无充填； J2 ：N25°W55°S，d=0.2~0.4m，L=3~5m，平直、光滑、密闭、无充填。 综上所述，判定洞身围岩为Ⅳ级，与设计相符。   当前开挖段落见线-股状出水， ,768ef42847f6d8bfa5af2a91,768ef42847f6d8bfa5af2a91,False,,1013840.6,OBSERVED,FACE_OBSERVATION,768ef42847f6d8bfa5af2a91_e0001,DyK1013+840.60_伯舒拉岭进口右线DyK10+840.6洞身素描记录表.pdf,2000,其它2000,节理裂隙发育密集,板岩夹变质砂岩,"[""当前开挖段落见线-股状出水，""]",FACE_POINT,False,里程：DyK1013+840.6 地质预报单位：川藏铁路隧道超前地质预报项目部洛隆分部,"[""建议：在开挖后及时对拱顶及边墙处松动的岩块进行处理，对局部岩体破碎、易掉块的位置应提前支护， 防止掉块，如有异常及时上报，确保隧道施工和人员安全，避免设备受损和卡机。"", ""建议做好拱底防排水措施。""]",IN_SCOPE,岩体破碎,/Users/zhaoxiaoda/Library/CloudStorage/GoogleDrive-xiaodazhao0608@gmail.com/我的云端硬盘/TBM9/SKETCH/DyK1013+840.60_伯舒拉岭进口右线DyK10+840.6洞身素描记录表.pdf,FACE_SKETCH,POINT,1013840.6,线-股状出水；股状出水,弱风化
进口右线DyK1013+851.4洞身段出露岩性为石炭二叠系板岩夹变质砂岩， 矿物成分以石英、长石为主，钙 质胶结。围岩整体弱风化，岩质软硬不均，节理裂隙发育，岩体破碎，呈碎石状压碎结构，当前里程拱顶右侧 及右侧边墙节理裂隙发育密集，层间结合差，存在掉块现象，见线-股状出水，围岩自稳性较差。板理产状： N45°E35°S。发育2组节理裂隙，产状如下： J1 ：N53°E/42°N，d=0.2~0.3m，L=1~5m，平直、光滑、密闭、无充填； J2 ：N25°W55°S，d=0.2~0.4m，L=3~5m，平直、光滑、密闭、无充填。 综上所述，判定洞身围岩为Ⅳ级，与设计相符。   当前开挖段落见线-股状出水， ,38c8f84450aaa7ae237ae63c,38c8f84450aaa7ae237ae63c,False,,1013851.4,OBSERVED,FACE_OBSERVATION,38c8f84450aaa7ae237ae63c_e0001,DyK1013+851.40_伯舒拉岭进口右线DyK10+851.4洞身素描记录表.pdf,2000,其它2000,节理裂隙发育密集,板岩夹变质砂岩,"[""当前开挖段落见线-股状出水，""]",FACE_POINT,False,里程：DyK1013+851.4 地质预报单位：川藏铁路隧道超前地质预报项目部洛隆分部,"[""建议：在开挖后及时对拱顶及边墙处松动的岩块进行处理，对局部岩体破碎、易掉块的位置应提前支护， 防止掉块，如有异常及时上报，确保隧道施工和人员安全，避免设备受损和卡机。"", ""建议做好拱底防排水措施。""]",IN_SCOPE,岩体破碎,/Users/zhaoxiaoda/Library/CloudStorage/GoogleDrive-xiaodazhao0608@gmail.com/我的云端硬盘/TBM9/SKETCH/DyK1013+851.40_伯舒拉岭进口右线DyK10+851.4洞身素描记录表.pdf,FACE_SKETCH,POINT,1013851.4,线-股状出水；股状出水,弱风化
进口右线DyK1013+869.4洞身段出露岩性为石炭二叠系板岩夹变质砂岩， 矿物成分以石英、长石为主，钙 质胶结。围岩整体弱风化，岩质软硬不均，节理裂隙发育，岩体破碎，呈碎石状压碎结构，当前里程拱顶右侧 及右侧边墙节理裂隙发育密集，层间结合差，存在掉块现象，见线-股状出水，围岩自稳性较差。板理产状： N45°E35°S。发育2组节理裂隙，产状如下： J1 ：N53°E/42°N，d=0.2~0.3m，L=1~5m，平直、光滑、密闭、无充填； J2 ：N25°W55°S，d=0.2~0.4m，L=3~5m，平直、光滑、密闭、无充填。 综上所述，判定洞身围岩为Ⅳ级，与设计相符。   当前开挖段落见线-股状出水， ,ef1f13d1332945f7a370fa19,ef1f13d1332945f7a370fa19,False,,1013869.4,OBSERVED,FACE_OBSERVATION,ef1f13d1332945f7a370fa19_e0001,DyK1013+869.40_伯舒拉岭进口右线DyK10+869.4洞身素描记录表.pdf,2000,其它2000,节理裂隙发育密集,板岩夹变质砂岩,"[""当前开挖段落见线-股状出水，""]",FACE_POINT,False,里程：DyK1013+869.4 地质预报单位：川藏铁路隧道超前地质预报项目部洛隆分部,"[""建议：在开挖后及时对拱顶及边墙处松动的岩块进行处理，对局部岩体破碎、易掉块的位置应提前支护， 防止掉块，如有异常及时上报，确保隧道施工和人员安全，避免设备受损和卡机。"", ""建议做好拱底防排水措施。""]",IN_SCOPE,岩体破碎,/Users/zhaoxiaoda/Library/CloudStorage/GoogleDrive-xiaodazhao0608@gmail.com/我的云端硬盘/TBM9/SKETCH/DyK1013+869.40_伯舒拉岭进口右线DyK10+869.4洞身素描记录表.pdf,FACE_SKETCH,POINT,1013869.4,线-股状出水；股状出水,弱风化
进口右线DyK1013+894.6洞身段出露岩性为石炭二叠系板岩夹变质砂岩， 矿物成分以石英、长石为主，钙 质胶结。围岩整体弱风化，岩质软硬不均，节理裂隙发育，岩体破碎，呈碎石状压碎结构，该段里程拱顶节理 裂隙发育密集，层间结合差，存在掉块现象，见线-股状出水，围岩自稳性较差。板理产状：N45°E36°S。发育2 组节理裂隙，产状如下： J1 ：N53°E/41°N，d=0.2~0.3m，L=1~5m，平直、光滑、密闭、无充填； J2 ：N25°W25°S，d=0.2~0.4m，L=3~5m，平直、光滑、密闭、无充填。 综上所述，判定洞身围岩为Ⅳ级，与设计相符。   当前开挖段落见线-股状出水， ,d18280884169f13cf2a02c5f,d18280884169f13cf2a02c5f,False,,1013894.6,OBSERVED,FACE_OBSERVATION,d18280884169f13cf2a02c5f_e0001,DyK1013+894.60_伯舒拉岭进口右线DyK10+894.6洞身素描记录表.pdf,2000,其它2000,节理裂隙发育密集,板岩夹变质砂岩,"[""当前开挖段落见线-股状出水，""]",FACE_POINT,False,里程：DyK1013+894.6 地质预报单位：川藏铁路隧道超前地质预报项目部洛隆分部,"[""建议：在开挖后及时对拱顶及边墙处松动的岩块进行处理，对局部岩体破碎、易掉块的位置应提前支护， 防止掉块，如有异常及时上报，确保隧道施工和人员安全，避免设备受损和卡机。"", ""建议做好拱底防排水措施。""]",IN_SCOPE,岩体破碎,/Users/zhaoxiaoda/Library/CloudStorage/GoogleDrive-xiaodazhao0608@gmail.com/我的云端硬盘/TBM9/SKETCH/DyK1013+894.60_伯舒拉岭进口右线DyK10+894.6洞身素描记录表.pdf,FACE_SKETCH,POINT,1013894.6,线-股状出水；股状出水,弱风化
进口右线DyK1013+924.6洞身段出露岩性为石炭二叠系板岩夹变质砂岩， 矿物成分以石英、长石为主，钙 质胶结。围岩整体弱风化，岩质较软，节理裂隙较发育，岩体破碎，呈碎石状压碎结构，该段里程拱顶节理裂 隙较发育，层间结合差，存在掉块现象，见线状出水，板理产状：N45°E39°S。发育2组节理裂隙，产状如下： J1 ：N53°E/25°N，d=0.2~0.3m，L=1~5m，平直、光滑、密闭、无充填； J2 ：N25°W38°S，d=0.2~0.4m，L=3~5m，平直、光滑、密闭、无充填。 综上所述，判定洞身围岩为Ⅲ级，与设计相符。   当前开挖段落见线状出水， ,00b9dd298253daf3a1a0aafd,00b9dd298253daf3a1a0aafd,False,,1013924.6,OBSERVED,FACE_OBSERVATION,00b9dd298253daf3a1a0aafd_e0001,DyK1013+924.60_伯舒拉岭进口右线DyK1013+924.6洞身素描记录表.pdf,500,其它500,节理裂隙较发育,板岩夹变质砂岩,"[""当前开挖段落见线状出水，""]",FACE_POINT,False,里程：DyK1013+924.6 地质预报单位：川藏铁路隧道超前地质预报项目部洛隆分部,"[""建议：在开挖后及时对拱顶及边墙处松动的岩块进行处理，对局部岩体破碎、易掉块的位置应提前支护， 防止掉块，如有异常及时上报，确保隧道施工和人员安全，避免设备受损和卡机。"", ""建议做好拱底防排水措施。""]",IN_SCOPE,岩体破碎,/Users/zhaoxiaoda/Library/CloudStorage/GoogleDrive-xiaodazhao0608@gmail.com/我的云端硬盘/TBM9/SKETCH/DyK1013+924.60_伯舒拉岭进口右线DyK1013+924.6洞身素描记录表.pdf,FACE_SKETCH,POINT,1013924.6,线状出水,弱风化
进口右线DyK1013+925.2洞身段出露岩性为石炭二叠系板岩夹变质砂岩， 矿物成分以石英、长石为主，钙 质胶结。围岩整体弱风化，岩质较软，节理裂隙较发育，岩体破碎，呈碎石状压碎结构，该段里程拱顶节理裂 隙较发育，层间结合差，存在掉块现象，见线状出水，板理产状：N45°E39°S。发育2组节理裂隙，产状如下： J1 ：N53°E/25°N，d=0.2~0.3m，L=1~5m，平直、光滑、密闭、无充填； J2 ：N25°W38°S，d=0.2~0.4m，L=3~5m，平直、光滑、密闭、无充填。 综上所述，判定洞身围岩为Ⅲ级，与设计相符。   当前开挖段落见线状出水， ,96f8d3c0780d9576f68724de,96f8d3c0780d9576f68724de,False,,1013925.2,OBSERVED,FACE_OBSERVATION,96f8d3c0780d9576f68724de_e0001,DyK1013+925.20_伯舒拉岭进口右线DyK1013+925.2洞身素描记录表.pdf,500,其它500,节理裂隙较发育,板岩夹变质砂岩,"[""当前开挖段落见线状出水，""]",FACE_POINT,False,里程：DyK1013+925.2 地质预报单位：川藏铁路隧道超前地质预报项目部洛隆分部,"[""建议：在开挖后及时对拱顶及边墙处松动的岩块进行处理，对局部岩体破碎、易掉块的位置应提前支护， 防止掉块，如有异常及时上报，确保隧道施工和人员安全，避免设备受损和卡机。"", ""建议做好拱底防排水措施。""]",IN_SCOPE,岩体破碎,/Users/zhaoxiaoda/Library/CloudStorage/GoogleDrive-xiaodazhao0608@gmail.com/我的云端硬盘/TBM9/SKETCH/DyK1013+925.20_伯舒拉岭进口右线DyK1013+925.2洞身素描记录表.pdf,FACE_SKETCH,POINT,1013925.2,线状出水,弱风化
进口右线DyK1013+943.2洞身段出露岩性为石炭二叠系板岩夹变质砂岩，矿物成分以石英、长石为主，钙 质胶结。围岩整体弱风化，岩质硬，节理裂隙较发育，岩体较破碎，该段洞身左右两侧边墙与岩层产状形成不 利结构面，左侧边墙节理裂隙发育相对密集，层间结合一般，左右边墙存在轻微掉块现象，见滴渗水~线状出水， 当前段落发育石英脉体，岩质硬，在撑靴作用下易形成应力集中释放点，存在掉块风险。板理产状：N51°E/42°S。 发育2组节理裂隙，产状如下： J1 ：N53°E/39°N，d=0.2~0.3m，L=1~5m，平直、光滑、密闭、无充填； J2 ：N25°W/45°S，d=0.2~0.4m，L=3~5m，平直、光滑、密闭、无充填。 综上所述，判定洞身围岩为Ⅲ级，与设计相符。   当前开挖段落见滴渗水~线状出水， ,2cece822f2cb62dc15e48e46,2cece822f2cb62dc15e48e46,False,,1013943.2,OBSERVED,FACE_OBSERVATION,2cece822f2cb62dc15e48e46_e0001,DyK1013+943.20_伯舒拉岭进口右线DyK1013+943.2洞身素描记录表.pdf,500,其它500,节理裂隙较发育,板岩夹变质砂岩,"[""当前开挖段落见滴渗水~线状出水，""]",FACE_POINT,False,里程：DyK1013+943.2 地质预报单位：川藏铁路隧道超前地质预报项目部洛隆分部,"[""建议：在开挖后及时对拱顶及左右两侧边墙处松动的岩块进行处理，对局部岩体破碎、易掉块的位置应提 前支护，防止掉块，如有异常及时上报，确保隧道施工和人员安全，避免设备受损和卡机。"", ""建议做好拱底防排水措施。""]",IN_SCOPE,岩体较破碎,/Users/zhaoxiaoda/Library/CloudStorage/GoogleDrive-xiaodazhao0608@gmail.com/我的云端硬盘/TBM9/SKETCH/DyK1013+943.20_伯舒拉岭进口右线DyK1013+943.2洞身素描记录表.pdf,FACE_SKETCH,POINT,1013943.2,滴渗水；线状出水,弱风化
进口右线DyK1013+966.6洞身段出露岩性为石炭二叠系板岩夹变质砂岩，矿物成分以石英、长石为主，钙 质胶结。围岩整体弱风化，岩质硬，节理裂隙较发育，岩体较破碎，该段洞身左右两侧边墙与岩层产状形成不 利结构面，左侧边墙节理裂隙发育相对密集，层间结合一般，左右边墙存在轻微掉块现象，见滴渗水~线状出水， 当前段落发育石英脉体，岩质硬，在撑靴作用下易形成应力集中释放点，存在掉块风险。板理产状：N51°E/42°S。 发育2组节理裂隙，产状如下： J1 ：N53°E/39°N，d=0.2~0.3m，L=1~5m，平直、光滑、密闭、无充填； J2 ：N25°W/45°S，d=0.2~0.4m，L=3~5m，平直、光滑、密闭、无充填。 综上所述，判定洞身围岩为Ⅲ级，与设计相符。   当前开挖段落见滴渗水~线状出水， ,0cbd80f2f12b2b7c126cc4cb,0cbd80f2f12b2b7c126cc4cb,False,,1013966.6,OBSERVED,FACE_OBSERVATION,0cbd80f2f12b2b7c126cc4cb_e0001,DyK1013+966.60_伯舒拉岭进口右线DyK1013+966.6洞身素描记录表.pdf,500,其它500,节理裂隙较发育,板岩夹变质砂岩,"[""当前开挖段落见滴渗水~线状出水，""]",FACE_POINT,False,里程：DyK1013+966.6 地质预报单位：川藏铁路隧道超前地质预报项目部洛隆分部,"[""建议：在开挖后及时对拱顶及左右两侧边墙处松动的岩块进行处理，对局部岩体破碎、易掉块的位置应提 前支护，防止掉块，如有异常及时上报，确保隧道施工和人员安全，避免设备受损和卡机。"", ""建议做好拱底防排水措施。""]",IN_SCOPE,岩体较破碎,/Users/zhaoxiaoda/Library/CloudStorage/GoogleDrive-xiaodazhao0608@gmail.com/我的云端硬盘/TBM9/SKETCH/DyK1013+966.60_伯舒拉岭进口右线DyK1013+966.6洞身素描记录表.pdf,FACE_SKETCH,POINT,1013966.6,滴渗水；线状出水,弱风化
进口右线DyK1013+979..2洞身段出露岩性为石炭二叠系板岩夹变质砂岩，矿物成分以石英、长石为主，钙 质胶结。围岩整体弱风化，岩质硬，节理裂隙较发育，岩体较破碎，该段洞身左右两侧边墙与岩层产状形成不 利结构面，左侧边墙节理裂隙发育相对密集，层间结合一般，左右边墙存在轻微掉块现象，见滴渗水~线状出水， 当前段落发育石英脉体，岩质硬，在撑靴作用下易形成应力集中释放点，存在掉块风险。板理产状：N51°E/42°S。 发育2组节理裂隙，产状如下： J1 ：N53°E/39°N，d=0.2~0.3m，L=1~5m，平直、光滑、密闭、无充填； J2 ：N25°W/45°S，d=0.2~0.4m，L=3~5m，平直、光滑、密闭、无充填。 综上所述，判定洞身围岩为Ⅲ级，与设计相符。   当前开挖段落见滴渗水~线状出水， ,0ea449e9a718deb00b8e4001,0ea449e9a718deb00b8e4001,False,,1013979.2,OBSERVED,FACE_OBSERVATION,0ea449e9a718deb00b8e4001_e0001,DyK1013+979.20_伯舒拉岭进口右线DyK1013+979.2洞身素描记录表.pdf,500,其它500,节理裂隙较发育,板岩夹变质砂岩,"[""当前开挖段落见滴渗水~线状出水，""]",FACE_POINT,False,里程：DyK1013+979.2 地质预报单位：川藏铁路隧道超前地质预报项目部洛隆分部,"[""建议：在开挖后及时对拱顶及左右两侧边墙处松动的岩块进行处理，对局部岩体破碎、易掉块的位置应提 前支护，防止掉块，如有异常及时上报，确保隧道施工和人员安全，避免设备受损和卡机。"", ""建议做好拱底防排水措施。""]",IN_SCOPE,岩体较破碎,/Users/zhaoxiaoda/Library/CloudStorage/GoogleDrive-xiaodazhao0608@gmail.com/我的云端硬盘/TBM9/SKETCH/DyK1013+979.20_伯舒拉岭进口右线DyK1013+979.2洞身素描记录表.pdf,FACE_SKETCH,POINT,1013979.2,滴渗水；线状出水,弱风化
进口右线DyK1014+004洞身段出露岩性为石炭二叠系板岩夹变质砂岩，矿物成分以石英、长石为主，钙质 胶结。围岩整体弱风化，岩质硬，节理裂隙较发育，岩体较破碎，该段洞身左右两侧边墙与岩层产状形成不利 结构面，左侧边墙节理裂隙发育相对密集，层间结合一般，左右边墙存在轻微掉块现象，见滴渗水~线状出水， 当前段落发育石英脉体，岩质硬，在撑靴作用下易形成应力集中释放点，存在掉块风险。板理产状：N51°E/42°S。 发育2组节理裂隙，产状如下： J1 ：N53°E/39°N，d=0.2~0.3m，L=1~5m，平直、光滑、密闭、无充填； J2 ：N25°W/45°S，d=0.2~0.4m，L=3~5m，平直、光滑、密闭、无充填。 综上所述，判定洞身围岩为Ⅲ级，与设计相符。   当前开挖段落见滴渗水~线状出水， ,9c909304462731024235bfbf,9c909304462731024235bfbf,False,,1014004.4,OBSERVED,FACE_OBSERVATION,9c909304462731024235bfbf_e0001,DyK1014+004.40_伯舒拉岭进口右线DyK1014+004洞身素描记录表.pdf,500,其它500,节理裂隙较发育,板岩夹变质砂岩,"[""当前开挖段落见滴渗水~线状出水，""]",FACE_POINT,False,里程：DyK1014+004.4 地质预报单位：川藏铁路隧道超前地质预报项目部洛隆分部,"[""建议：在开挖后及时对拱顶及左右两侧边墙处松动的岩块进行处理，对局部岩体破碎、易掉块的位置应提 前支护，防止掉块，如有异常及时上报，确保隧道施工和人员安全，避免设备受损和卡机。"", ""建议做好拱底防排水措施。""]",IN_SCOPE,岩体较破碎,/Users/zhaoxiaoda/Library/CloudStorage/GoogleDrive-xiaodazhao0608@gmail.com/我的云端硬盘/TBM9/SKETCH/DyK1014+004.40_伯舒拉岭进口右线DyK1014+004洞身素描记录表.pdf,FACE_SKETCH,POINT,1014004.4,滴渗水；线状出水,弱风化
进口右线DyK1014+018.8洞身段出露岩性为石炭二叠系板岩夹变质砂岩，矿物成分以石英、长石为主，钙 质胶结。围岩整体弱风化，岩质硬，节理裂隙较发育，岩体较破碎，该段洞身左右两侧边墙与岩层产状形成不 利结构面，左侧边墙节理裂隙发育相对密集，层间结合一般，左右边墙存在轻微掉块现象，见滴渗水~线状出水， 当前段落发育石英脉体，岩质硬，存在掉块风险。板理产状：N51°E/42°S。发育2组节理裂隙，产状如下： J1 ：N53°E/39°N，d=0.2~0.3m，L=1~5m，平直、光滑、密闭、无充填； J2 ：N25°W/45°S，d=0.2~0.4m，L=3~5m，平直、光滑、密闭、无充填。 综上所述，判定洞身围岩为Ⅳ级，与设计相符。   当前开挖段落见滴渗水~线状出水， ,f35a75c4f6674700c040b8a2,f35a75c4f6674700c040b8a2,False,,1014018.8,OBSERVED,FACE_OBSERVATION,f35a75c4f6674700c040b8a2_e0001,DyK1014+018.80_伯舒拉岭进口右线DyK1014+018.8洞身素描记录表.pdf,500,其它500,节理裂隙较发育,板岩夹变质砂岩,"[""当前开挖段落见滴渗水~线状出水，""]",FACE_POINT,False,里程：DyK1014+018.8 地质预报单位：川藏铁路隧道超前地质预报项目部洛隆分部,"[""建议：在开挖后及时对拱顶及左右两侧边墙处松动的岩块进行处理，对局部岩体破碎、易掉块的位置应提 前支护，防止掉块，如有异常及时上报，确保隧道施工和人员安全，避免设备受损和卡机。"", ""建议做好拱底防排水措施。""]",IN_SCOPE,岩体较破碎,/Users/zhaoxiaoda/Library/CloudStorage/GoogleDrive-xiaodazhao0608@gmail.com/我的云端硬盘/TBM9/SKETCH/DyK1014+018.80_伯舒拉岭进口右线DyK1014+018.8洞身素描记录表.pdf,FACE_SKETCH,POINT,1014018.8,滴渗水；线状出水,弱风化
进口右线DyK1014+038.6洞身段出露岩性为石炭二叠系板岩夹变质砂岩，矿物成分以石英、长石为主，钙 质胶结。围岩整体弱风化，岩质硬，节理裂隙较发育，岩体较破碎，该段洞身左右两侧边墙与岩层产状形成不 利结构面，左侧边墙节理裂隙发育相对密集，层间结合一般，左右边墙存在轻微掉块现象，见滴渗水~线状出水， 当前段落发育石英脉体，岩质硬，存在掉块风险。板理产状：N51°E/42°S。发育2组节理裂隙，产状如下： J1 ：N53°E/39°N，d=0.2~0.3m，L=1~5m，平直、光滑、密闭、无充填； J2 ：N25°W/45°S，d=0.2~0.4m，L=3~5m，平直、光滑、密闭、无充填。 综上所述，判定洞身围岩为Ⅲ级，与设计相符。   当前开挖段落见滴渗水~线状出水， ,636ad293c952180054cc36a6,636ad293c952180054cc36a6,False,,1014038.6,OBSERVED,FACE_OBSERVATION,636ad293c952180054cc36a6_e0001,DyK1014+038.60_伯舒拉岭进口右线DyK1014+038.6洞身素描记录表.pdf,500,其它500,节理裂隙较发育,板岩夹变质砂岩,"[""当前开挖段落见滴渗水~线状出水，""]",FACE_POINT,False,里程：DyK1014+038.6 地质预报单位：川藏铁路隧道超前地质预报项目部洛隆分部,"[""建议：在开挖后及时对拱顶及左右两侧边墙处松动的岩块进行处理，对局部岩体破碎、易掉块的位置应提 前支护，防止掉块，如有异常及时上报，确保隧道施工和人员安全，避免设备受损和卡机。"", ""建议做好拱底防排水措施。""]",IN_SCOPE,岩体较破碎,/Users/zhaoxiaoda/Library/CloudStorage/GoogleDrive-xiaodazhao0608@gmail.com/我的云端硬盘/TBM9/SKETCH/DyK1014+038.60_伯舒拉岭进口右线DyK1014+038.6洞身素描记录表.pdf,FACE_SKETCH,POINT,1014038.6,滴渗水；线状出水,弱风化
进口右线DyK1014+063.8洞身段出露岩性为石炭二叠系板岩夹变质砂岩，矿物成分以石英、长石为主，钙 质胶结。围岩整体弱风化，岩质硬，节理裂隙较发育，岩体较破碎，该段洞身左右两侧边墙与岩层产状形成不 利结构面，左侧边墙节理裂隙发育相对密集，层间结合一般，左右边墙存在轻微掉块现象，见滴渗水~线状出水， 当前段落发育石英脉体，岩质硬，存在掉块风险。板理产状：N51°E/42°S。发育2组节理裂隙，产状如下： J1 ：N53°E/39°N，d=0.2~0.3m，L=1~5m，平直、光滑、密闭、无充填； J2 ：N25°W/45°S，d=0.2~0.4m，L=3~5m，平直、光滑、密闭、无充填。 综上所述，判定洞身围岩为Ⅲ级，与设计相符。   当前开挖段落见滴渗水~线状出水， ,45f916c0ce4f9d2ecbc0c82b,45f916c0ce4f9d2ecbc0c82b,False,,1014063.8,OBSERVED,FACE_OBSERVATION,45f916c0ce4f9d2ecbc0c82b_e0001,DyK1014+063.80_伯舒拉岭进口右线DyK1014+063.8洞身素描记录表.pdf,500,其它500,节理裂隙较发育,板岩夹变质砂岩,"[""当前开挖段落见滴渗水~线状出水，""]",FACE_POINT,False,里程：DyK1014+063.8 地质预报单位：川藏铁路隧道超前地质预报项目部洛隆分部,"[""建议：在开挖后及时对拱顶及左右两侧边墙处松动的岩块进行处理，对局部岩体破碎、易掉块的位置应提 前支护，防止掉块，如有异常及时上报，确保隧道施工和人员安全，避免设备受损和卡机。"", ""建议做好拱底防排水措施。""]",IN_SCOPE,岩体较破碎,/Users/zhaoxiaoda/Library/CloudStorage/GoogleDrive-xiaodazhao0608@gmail.com/我的云端硬盘/TBM9/SKETCH/DyK1014+063.80_伯舒拉岭进口右线DyK1014+063.8洞身素描记录表.pdf,FACE_SKETCH,POINT,1014063.8,滴渗水；线状出水,弱风化
进口右线DyK1014+081.8洞身段出露岩性为石炭二叠系板岩夹变质砂岩，矿物成分以石英、长石为主，钙 质胶结。围岩整体弱风化，岩质硬，节理裂隙较发育，岩体较破碎，该段洞身左右两侧边墙与岩层产状形成不 利结构面，左侧边墙节理裂隙发育相对密集，层间结合一般，左右边墙存在轻微掉块现象，见滴渗水~线状出水， 当前段落发育石英脉体，岩质硬，存在掉块风险。板理产状：N51°E/35°S。发育2组节理裂隙，产状如下： J1 ：N53°E/45°N，d=0.2~0.3m，L=1~5m，平直、光滑、密闭、无充填； J2 ：N25°W/51°S，d=0.2~0.4m，L=3~5m，平直、光滑、密闭、无充填。 综上所述，判定洞身围岩为Ⅲ级，与设计相符。   当前开挖段落见滴渗水~线状出水， ,92ed6fc990e0bcf3c15a3e67,92ed6fc990e0bcf3c15a3e67,False,,1014081.8,OBSERVED,FACE_OBSERVATION,92ed6fc990e0bcf3c15a3e67_e0001,DyK1014+081.80_伯舒拉岭进口右线DyK1014+081.8洞身素描记录表.pdf,500,其它500,节理裂隙较发育,板岩夹变质砂岩,"[""当前开挖段落见滴渗水~线状出水，""]",FACE_POINT,False,里程：DyK1014+081.8 地质预报单位：川藏铁路隧道超前地质预报项目部洛隆分部,"[""建议：在开挖后及时对拱顶及左右两侧边墙处松动的岩块进行处理，对局部岩体破碎、易掉块的位置应提 前支护，防止掉块，如有异常及时上报，确保隧道施工和人员安全，避免设备受损和卡机。"", ""建议做好拱底防排水措施。""]",IN_SCOPE,岩体较破碎,/Users/zhaoxiaoda/Library/CloudStorage/GoogleDrive-xiaodazhao0608@gmail.com/我的云端硬盘/TBM9/SKETCH/DyK1014+081.80_伯舒拉岭进口右线DyK1014+081.8洞身素描记录表.pdf,FACE_SKETCH,POINT,1014081.8,滴渗水；线状出水,弱风化
进口右线DyK1014+099.8洞身段出露岩性为石炭二叠系板岩夹变质砂岩，矿物成分以石英、长石为主，钙 质胶结。围岩整体弱风化，岩质硬，节理裂隙较发育，岩体较破碎，该段洞身左右两侧边墙与岩层产状形成不 利结构面，左侧边墙节理裂隙发育相对密集，层间结合一般，左右边墙存在轻微掉块现象，见滴渗水~线状出水， 当前段落发育石英脉体，岩质硬，存在掉块风险。板理产状：N51°E/35°S。发育2组节理裂隙，产状如下： J1 ：N53°E/45°N，d=0.2~0.3m，L=1~5m，平直、光滑、密闭、无充填； J2 ：N25°W/51°S，d=0.2~0.4m，L=3~5m，平直、光滑、密闭、无充填。 综上所述，判定洞身围岩为Ⅲ级，与设计相符。   当前开挖段落见滴渗水~线状出水， ,335d34f944b9b6ae276a59ad,335d34f944b9b6ae276a59ad,False,,1014099.8,OBSERVED,FACE_OBSERVATION,335d34f944b9b6ae276a59ad_e0001,DyK1014+099.80_伯舒拉岭进口右线DyK1014+099.8洞身素描记录表.pdf,500,其它500,节理裂隙较发育,板岩夹变质砂岩,"[""当前开挖段落见滴渗水~线状出水，""]",FACE_POINT,False,里程：DyK1014+099.8 地质预报单位：川藏铁路隧道超前地质预报项目部洛隆分部,"[""建议：在开挖后及时对拱顶及左右两侧边墙处松动的岩块进行处理，对局部岩体破碎、易掉块的位置应提 前支护，防止掉块，如有异常及时上报，确保隧道施工和人员安全，避免设备受损和卡机。"", ""建议做好拱底防排水措施。""]",IN_SCOPE,岩体较破碎,/Users/zhaoxiaoda/Library/CloudStorage/GoogleDrive-xiaodazhao0608@gmail.com/我的云端硬盘/TBM9/SKETCH/DyK1014+099.80_伯舒拉岭进口右线DyK1014+099.8洞身素描记录表.pdf,FACE_SKETCH,POINT,1014099.8,滴渗水；线状出水,弱风化
进口右线DyK1014+119洞身段出露岩性为石炭二叠系板岩夹变质砂岩，矿物成分以石英、长石为主，钙质 胶结。围岩整体弱风化，岩质硬，节理裂隙发育，岩体破碎，层间结合差，左右边墙存在轻微掉块现象，见滴 渗水~线状出水，岩质硬，存在掉块风险。板理产状：N51°E/35°S。发育2组节理裂隙，产状如下： J1 ：N53°E/45°N，d=0.2~0.3m，L=1~5m，平直、光滑、密闭、无充填； J2 ：N25°W/51°S，d=0.2~0.4m，L=3~5m，平直、光滑、密闭、无充填。 综上所述，判定洞身围岩为Ⅳ级，与设计相符。   当前开挖段落见滴渗水~线状出水， ,be6f6142364475b8a4f6f41a,be6f6142364475b8a4f6f41a,False,,1014119.0,OBSERVED,FACE_OBSERVATION,be6f6142364475b8a4f6f41a_e0001,DyK1014+119.00_伯舒拉岭进口右线DyK1014+119洞身素描记录表.pdf,500,其它500,节理裂隙发育,板岩夹变质砂岩,"[""当前开挖段落见滴渗水~线状出水，""]",FACE_POINT,False,里程：DyK1014+119地质预报单位：川藏铁路隧道超前地质预报项目部洛隆分部,"[""建议：在开挖后及时对拱顶及左右两侧边墙处松动的岩块进行处理，对局部岩体破碎、易掉块的位置应提 前支护，防止掉块，如有异常及时上报，确保隧道施工和人员安全，避免设备受损和卡机。"", ""建议做好拱底防排水措施。""]",IN_SCOPE,岩体破碎,/Users/zhaoxiaoda/Library/CloudStorage/GoogleDrive-xiaodazhao0608@gmail.com/我的云端硬盘/TBM9/SKETCH/DyK1014+119.00_伯舒拉岭进口右线DyK1014+119洞身素描记录表.pdf,FACE_SKETCH,POINT,1014119.0,滴渗水；线状出水,弱风化
进口右线DyK1014+130.4洞身段出露岩性为石炭二叠系板岩夹变质砂岩，矿物成分以石英、长石为主，钙 质胶结。围岩整体弱风化，岩质硬，节理裂隙发育，岩体破碎，层间结合差，左右边墙存在轻微掉块现象，见 滴渗水~线状出水，岩质硬，存在掉块风险。板理产状：N51°E/35°S。发育2组节理裂隙，产状如下： J1 ：N53°E/45°N，d=0.2~0.3m，L=1~5m，平直、光滑、密闭、无充填； J2 ：N25°W/51°S，d=0.2~0.4m，L=3~5m，平直、光滑、密闭、无充填。 综上所述，判定洞身围岩为Ⅳ级，与设计相符。   当前开挖段落见滴渗水~线状出水， ,83b3edad4953f55492994132,83b3edad4953f55492994132,False,,1014130.4,OBSERVED,FACE_OBSERVATION,83b3edad4953f55492994132_e0001,DyK1014+130.40_伯舒拉岭进口右线DyK1014+130.6洞身素描记录表.pdf,500,其它500,节理裂隙发育,板岩夹变质砂岩,"[""当前开挖段落见滴渗水~线状出水，""]",FACE_POINT,False,里程：DyK1014+130.4 地质预报单位：川藏铁路隧道超前地质预报项目部洛隆分部,"[""建议：在开挖后及时对拱顶及左右两侧边墙处松动的岩块进行处理，对局部岩体破碎、易掉块的位置应提 前支护，防止掉块，如有异常及时上报，确保隧道施工和人员安全，避免设备受损和卡机。"", ""建议做好拱底防排水措施。""]",IN_SCOPE,岩体破碎,/Users/zhaoxiaoda/Library/CloudStorage/GoogleDrive-xiaodazhao0608@gmail.com/我的云端硬盘/TBM9/SKETCH/DyK1014+130.40_伯舒拉岭进口右线DyK1014+130.6洞身素描记录表.pdf,FACE_SKETCH,POINT,1014130.4,滴渗水；线状出水,弱风化
进口右线DyK1014+152.0洞身段出露岩性为石炭二叠系板岩夹变质砂岩，矿物成分以石英、长石为主，钙 质胶结。围岩整体弱风化，岩质硬，节理裂隙发育，岩体破碎，层间结合差，左右边墙存在轻微掉块现象，见 滴渗水~线状出水，岩质硬，存在掉块风险。板理产状：N51°E/32°S。发育2组节理裂隙，产状如下： J1 ：N53°E/45°N，d=0.2~0.3m，L=1~5m，平直、光滑、密闭、无充填； J2 ：N25°W/45°S，d=0.2~0.4m，L=3~5m，平直、光滑、密闭、无充填。 综上所述，判定洞身围岩为Ⅳ级，与设计相符。   当前开挖段落见滴渗水~线状出水， ,407057cf25e0204c83302fe4,407057cf25e0204c83302fe4,False,,1014152.0,OBSERVED,FACE_OBSERVATION,407057cf25e0204c83302fe4_e0001,DyK1014+152.00_伯舒拉岭进口右线DyK1014+152.0洞身素描记录表.pdf,500,其它500,节理裂隙发育,板岩夹变质砂岩,"[""当前开挖段落见滴渗水~线状出水，""]",FACE_POINT,False,里程：DyK1014+152.0 地质预报单位：川藏铁路隧道超前地质预报项目部洛隆分部,"[""建议：在开挖后及时对拱顶及左右两侧边墙处松动的岩块进行处理，对局部岩体破碎、易掉块的位置应提 前支护，防止掉块，如有异常及时上报，确保隧道施工和人员安全，避免设备受损和卡机。"", ""建议做好拱底防排水措施。""]",IN_SCOPE,岩体破碎,/Users/zhaoxiaoda/Library/CloudStorage/GoogleDrive-xiaodazhao0608@gmail.com/我的云端硬盘/TBM9/SKETCH/DyK1014+152.00_伯舒拉岭进口右线DyK1014+152.0洞身素描记录表.pdf,FACE_SKETCH,POINT,1014152.0,滴渗水；线状出水,弱风化
进口右线DyK1014+166.4洞身段出露岩性为石炭二叠系板岩夹变质砂岩，矿物成分以石英、长石为主，钙 质胶结。围岩整体弱风化，岩质硬，节理裂隙发育，岩体破碎，层间结合差，左边墙节理裂隙较发育-发育，左 边墙存在轻微掉块现象，见滴渗水~线状出水，岩质硬，板理产状：N51°E/34°S。发育2组节理裂隙，产状如下： J1 ：N53°E/45°N，d=0.2~0.3m，L=1~5m，平直、光滑、密闭、无充填； J2 ：N25°W/52°S，d=0.2~0.4m，L=3~5m，平直、光滑、密闭、无充填。 综上所述，判定洞身围岩为Ⅳ级，与设计相符。   当前开挖段落见滴渗水~线状出水， ,0759e02be4906729df98f355,0759e02be4906729df98f355,False,,1014166.4,OBSERVED,FACE_OBSERVATION,0759e02be4906729df98f355_e0001,DyK1014+166.40_伯舒拉岭进口右线DyK1014+166.4洞身素描记录表.pdf,500,其它500,节理裂隙较发育,板岩夹变质砂岩,"[""当前开挖段落见滴渗水~线状出水，""]",FACE_POINT,False,里程：DyK1014+166.4 地质预报单位：川藏铁路隧道超前地质预报项目部洛隆分部,"[""建议：在开挖后及时对左右两侧边墙处松动的岩块进行处理，对局部岩体破碎、易掉块的位置应提前支护， 防止掉块，如有异常及时上报，确保隧道施工和人员安全，避免设备受损和卡机。"", ""建议做好拱底防排水措施。""]",IN_SCOPE,岩体破碎,/Users/zhaoxiaoda/Library/CloudStorage/GoogleDrive-xiaodazhao0608@gmail.com/我的云端硬盘/TBM9/SKETCH/DyK1014+166.40_伯舒拉岭进口右线DyK1014+166.4洞身素描记录表.pdf,FACE_SKETCH,POINT,1014166.4,滴渗水；线状出水,弱风化
进口右线DyK1014+196.4洞身段出露岩性为石炭二叠系板岩夹变质砂岩，矿物成分以石英、长石为主，钙 质胶结。围岩整体弱风化，岩质硬，节理裂隙发育，岩体破碎，层间结合差，左右两侧边墙节理裂隙较发育-发 育，存在轻微掉块现象，见滴渗水~线状出水，岩质硬，板理产状：N51°E/34°S。发育2组节理裂隙，产状如下： J1 ：N53°E/25°N，d=0.2~0.3m，L=1~5m，平直、光滑、密闭、无充填； J2 ：N25°W/43°S，d=0.2~0.4m，L=3~5m，平直、光滑、密闭、无充填。 综上所述，判定洞身围岩为Ⅳ级，与设计相符。   当前开挖段落见滴渗水~线状出水， ,eefb17241cb03ca2e4060b22,eefb17241cb03ca2e4060b22,False,,1014196.4,OBSERVED,FACE_OBSERVATION,eefb17241cb03ca2e4060b22_e0001,DyK1014+196.40_伯舒拉岭进口右线DyK1014+196.4洞身素描记录表.pdf,,10～25偶有渗水,节理裂隙较发育,板岩夹变质砂岩,"[""当前开挖段落见滴渗水~线状出水，""]",FACE_POINT,False,里程：DyK1014+196.4 地质预报单位：川藏铁路隧道超前地质预报项目部洛隆分部,"[""建议：在开挖后及时对左右两侧边墙处松动的岩块进行处理，对局部岩体破碎、易掉块的位置应提前支护， 防止掉块，如有异常及时上报，确保隧道施工和人员安全，避免设备受损和卡机。"", ""建议做好拱底防排水措施。""]",IN_SCOPE,岩体破碎,/Users/zhaoxiaoda/Library/CloudStorage/GoogleDrive-xiaodazhao0608@gmail.com/我的云端硬盘/TBM9/SKETCH/DyK1014+196.40_伯舒拉岭进口右线DyK1014+196.4洞身素描记录表.pdf,FACE_SKETCH,POINT,1014196.4,滴渗水；线状出水,弱风化
进口右线DyK1014+209洞身段出露岩性为石炭二叠系板岩夹变质砂岩，矿物成分以石英、长石为主，钙质 胶结。围岩整体弱风化，岩质硬，节理裂隙发育，岩体破碎，层间结合差，左右两侧边墙节理裂隙较发育-发育， 存在轻微掉块现象，见滴渗水~线状出水，岩质硬，板理产状：N51°E/34°S。发育2组节理裂隙，产状如下： J1 ：N53°E/25°N，d=0.2~0.3m，L=1~5m，平直、光滑、密闭、无充填； J2 ：N25°W/43°S，d=0.2~0.4m，L=3~5m，平直、光滑、密闭、无充填。 综上所述，判定洞身围岩为Ⅳ级，与设计相符。   当前开挖段落见滴渗水~线状出水， ,68af256e0fa2ef0feaa9451f,68af256e0fa2ef0feaa9451f,False,,1014209.0,OBSERVED,FACE_OBSERVATION,68af256e0fa2ef0feaa9451f_e0001,DyK1014+209.00_伯舒拉岭进口右线DyK1014+209洞身素描记录表.pdf,,10～25偶有渗水,节理裂隙较发育,板岩夹变质砂岩,"[""当前开挖段落见滴渗水~线状出水，""]",FACE_POINT,False,里程：DyK1014+209 地质预报单位：川藏铁路隧道超前地质预报项目部洛隆分部,"[""建议：在开挖后及时对左右两侧边墙处松动的岩块进行处理，对局部岩体破碎、易掉块的位置应提前支护， 防止掉块，如有异常及时上报，确保隧道施工和人员安全，避免设备受损和卡机。"", ""建议做好拱底防排水措施。""]",IN_SCOPE,岩体破碎,/Users/zhaoxiaoda/Library/CloudStorage/GoogleDrive-xiaodazhao0608@gmail.com/我的云端硬盘/TBM9/SKETCH/DyK1014+209.00_伯舒拉岭进口右线DyK1014+209洞身素描记录表.pdf,FACE_SKETCH,POINT,1014209.0,滴渗水；线状出水,弱风化
进口右线DyK1014+225.8洞身段出露岩性为石炭二叠系板岩夹变质砂岩，矿物成分以石英、长石为主，钙 质胶结。围岩整体弱风化，岩质硬，节理裂隙发育，岩体破碎，层间结合差，左两侧边墙节理裂隙较发育-发育， 存在轻微掉块现象，见滴渗水~线状出水，岩质硬，板理产状：N51°E/34°S。发育2组节理裂隙，产状如下： J1 ：N53°E/25°N，d=0.2~0.3m，L=1~5m，平直、光滑、密闭、无充填； J2 ：N25°W/43°S，d=0.2~0.4m，L=3~5m，平直、光滑、密闭、无充填。 综上所述，判定洞身围岩为Ⅳ级，与设计相符。   当前开挖段落见滴渗水~线状出水， ,7ed00e3e8e47fe30a31ae44c,7ed00e3e8e47fe30a31ae44c,False,,1014225.8,OBSERVED,FACE_OBSERVATION,7ed00e3e8e47fe30a31ae44c_e0001,DyK1014+225.80_伯舒拉岭进口右线DyK1014+225.8洞身素描记录表.pdf,,10～25偶有渗水,节理裂隙较发育,板岩夹变质砂岩,"[""当前开挖段落见滴渗水~线状出水，""]",FACE_POINT,False,里程：DyK1014+225.8 地质预报单位：川藏铁路隧道超前地质预报项目部洛隆分部,"[""建议：在开挖后及时对左右两侧边墙处松动的岩块进行处理，对局部岩体破碎、易掉块的位置应提前支护， 防止掉块，如有异常及时上报，确保隧道施工和人员安全，避免设备受损和卡机。"", ""建议做好拱底防排水措施。""]",IN_SCOPE,岩体破碎,/Users/zhaoxiaoda/Library/CloudStorage/GoogleDrive-xiaodazhao0608@gmail.com/我的云端硬盘/TBM9/SKETCH/DyK1014+225.80_伯舒拉岭进口右线DyK1014+225.8洞身素描记录表.pdf,FACE_SKETCH,POINT,1014225.8,滴渗水；线状出水,弱风化
围岩整体弱风化，岩质硬，节理裂隙发育 ，岩体破碎，层间结合差，左侧边墙节理裂隙较发育-发育，存在轻微掉块现象，滴渗水，岩质 硬，板理产状：N30°E51°S。发育2组节理裂隙，产状如下： J1：N22°E/36°N，d=0.2~0.3m，L=3~5m，平直、光滑、微张、无充填； J2：N32°W/51°S，d=0.2~0.4m，L=3~5m，平直、光滑、微张、无充填。 综上所述，判定洞身围岩为Ⅳ级，与设计相符。 当前开挖段落见滴渗水，,e0296d956dbf94396cda5a4c,e0296d956dbf94396cda5a4c,False,,1014255.8,OBSERVED,FACE_OBSERVATION,e0296d956dbf94396cda5a4c_e0001,DyK1014+255.80_伯舒拉岭右线DyK1014+255.8洞身素描记录表.pdf,,10～25偶有渗水,节理裂隙较发育,,"[""当前开挖段落见滴渗水，""]",FACE_POINT,False,里程：DyK1014+255.8 地质预报单位：川藏铁路隧道超前地质预报项目部洛隆分部,"[""建议：在开挖后及时对左右两侧边墙处松动的岩块进行处理，对局部岩体破碎、易掉块的位 置应提前支护，防止掉块，如有异常及时上报，确保隧道施工和人员安全，避免设备受损和卡机 。"", ""建议做好拱底防排水措施。""]",IN_SCOPE,岩体破碎,/Users/zhaoxiaoda/Library/CloudStorage/GoogleDrive-xiaodazhao0608@gmail.com/我的云端硬盘/TBM9/SKETCH/DyK1014+255.80_伯舒拉岭右线DyK1014+255.8洞身素描记录表.pdf,FACE_SKETCH,POINT,1014255.8,滴渗水,弱风化
伯舒拉岭隧道进口右线DyK1014+255.8~DyK1014+285.8洞身段出露岩性为石炭二叠系板岩 夹变质砂岩，矿物成分以石英、长石为主，钙质胶结。,e0296d956dbf94396cda5a4c,e0296d956dbf94396cda5a4c,False,,1014285.8,OBSERVED,FACE_OBSERVATION,e0296d956dbf94396cda5a4c_e0002,DyK1014+255.80_伯舒拉岭右线DyK1014+255.8洞身素描记录表.pdf,,,,板岩夹变质砂岩,[],CURRENT_EXCAVATED_INTERVAL,False,DyK1014+255.8~DyK1014+285.8,[],IN_SCOPE,,/Users/zhaoxiaoda/Library/CloudStorage/GoogleDrive-xiaodazhao0608@gmail.com/我的云端硬盘/TBM9/SKETCH/DyK1014+255.80_伯舒拉岭右线DyK1014+255.8洞身素描记录表.pdf,FACE_SKETCH,INTERVAL,1014255.8,,
围岩整体弱风化，岩质硬，节理裂隙较发育 ，岩体较破碎，层间结合一般，存在轻微掉块现象，滴渗水，岩质硬，板理产状：N41°E38°S。 发育2组节理裂隙，产状如下： J1：N41°E/38°N，d=0.3~0.5m，L=3~5m，平直、光滑、密闭、无充填； J2：N38°W/56°S，d=0.2~0.4m，L=3~5m，平直、光滑、密闭、无充填。 综上所述，判定洞身围岩为Ⅳ级，与设计相符。 当前开挖段落见滴渗水，,d25594e6efb61245383fd13d,d25594e6efb61245383fd13d,False,,1014285.8,OBSERVED,FACE_OBSERVATION,d25594e6efb61245383fd13d_e0001,DyK1014+285.80_伯舒拉岭右线DyK1014+285.8洞身素描记录表.pdf,,10～25偶有渗水,节理裂隙较发育,,"[""当前开挖段落见滴渗水，""]",FACE_POINT,False,里程：DyK1014+285.8 地质预报单位：川藏铁路隧道超前地质预报项目部洛隆分部,"[""建议：在开挖后及时对左右两侧边墙处松动的岩块进行处理，对局部岩体破碎、易掉块的位 置应提前支护，防止掉块，如有异常及时上报，确保隧道施工和人员安全，避免设备受损和卡机 。"", ""建议做好拱底防排水措施。""]",IN_SCOPE,岩体较破碎,/Users/zhaoxiaoda/Library/CloudStorage/GoogleDrive-xiaodazhao0608@gmail.com/我的云端硬盘/TBM9/SKETCH/DyK1014+285.80_伯舒拉岭右线DyK1014+285.8洞身素描记录表.pdf,FACE_SKETCH,POINT,1014285.8,滴渗水,弱风化
伯舒拉岭隧道进口右线DyK1014+285.8~DyK1014+299洞身段出露岩性为石炭二叠系板岩夹 变质砂岩，矿物成分以石英、长石为主，钙质胶结。,d25594e6efb61245383fd13d,d25594e6efb61245383fd13d,False,,1014299.0,OBSERVED,FACE_OBSERVATION,d25594e6efb61245383fd13d_e0002,DyK1014+285.80_伯舒拉岭右线DyK1014+285.8洞身素描记录表.pdf,,,,板岩夹变质砂岩,[],CURRENT_EXCAVATED_INTERVAL,False,DyK1014+285.8~DyK1014+299,[],IN_SCOPE,,/Users/zhaoxiaoda/Library/CloudStorage/GoogleDrive-xiaodazhao0608@gmail.com/我的云端硬盘/TBM9/SKETCH/DyK1014+285.80_伯舒拉岭右线DyK1014+285.8洞身素描记录表.pdf,FACE_SKETCH,INTERVAL,1014285.8,,
围岩整体弱风化，岩质硬，节理裂隙发育，岩 体破碎，层间结合差，存在轻微掉块现象，滴渗水，岩质硬，板理产状：N41°E38°S。发育2组 节理裂隙，产状如下： J1：N32°E/56°N，d=0.3~0.5m，L=3~5m，平直、光滑、密闭、无充填； J2：N39°W/71°S，d=0.3~0.5m，L=3~5m，平直、光滑、密闭、无充填。 综上所述，判定洞身围岩为Ⅳ级，与设计相符。 当前开挖段落见滴渗水，,8022d2d99bfe5dfacfebc8e6,8022d2d99bfe5dfacfebc8e6,False,,1014299.0,OBSERVED,FACE_OBSERVATION,8022d2d99bfe5dfacfebc8e6_e0001,DyK1014+299.00_伯舒拉岭右线DyK1014+299身素描记录表.pdf,,10～25偶有渗水,节理裂隙发育,,"[""当前开挖段落见滴渗水，""]",FACE_POINT,False,里程：DyK1014+299 地质预报单位：川藏铁路隧道超前地质预报项目部洛隆分部,"[""建议：在开挖后及时对左右两侧边墙处松动的岩块进行处理，对局部岩体破碎、易掉块的位 置应提前支护，防止掉块，如有异常及时上报，确保隧道施工和人员安全，避免设备受损和卡机 。"", ""建议做好拱底防排水措施。""]",IN_SCOPE,岩体破碎,/Users/zhaoxiaoda/Library/CloudStorage/GoogleDrive-xiaodazhao0608@gmail.com/我的云端硬盘/TBM9/SKETCH/DyK1014+299.00_伯舒拉岭右线DyK1014+299身素描记录表.pdf,FACE_SKETCH,POINT,1014299.0,滴渗水,弱风化
伯舒拉岭隧道进口右线DyK1014+299~DyK1014+329洞身段出露岩性为石炭二叠系板岩夹变 质砂岩，矿物成分以石英、长石为主，钙质胶结。,8022d2d99bfe5dfacfebc8e6,8022d2d99bfe5dfacfebc8e6,False,,1014329.0,OBSERVED,FACE_OBSERVATION,8022d2d99bfe5dfacfebc8e6_e0002,DyK1014+299.00_伯舒拉岭右线DyK1014+299身素描记录表.pdf,,,,板岩夹变质砂岩,[],CURRENT_EXCAVATED_INTERVAL,False,DyK1014+299~DyK1014+329,[],IN_SCOPE,,/Users/zhaoxiaoda/Library/CloudStorage/GoogleDrive-xiaodazhao0608@gmail.com/我的云端硬盘/TBM9/SKETCH/DyK1014+299.00_伯舒拉岭右线DyK1014+299身素描记录表.pdf,FACE_SKETCH,INTERVAL,1014299.0,,
围岩整体弱风化，岩质硬，节理裂隙发育，岩 体破碎，层间结合差，右侧边墙节理裂隙较发育-发育，掌子面滴渗水，存在掉块现象，岩质硬， 板理产状：N32°E65°S。发育2组节理裂隙，产状如下： J1：N23°E/62°S，d=0.3~0.5m，L=3~5m，平直、光滑、微张、无充填； J2：N25°E/24°N，d=0.4~0.6m，L=5~6m，平直、光滑、微张、无充填。 综上所述，判定洞身围岩为Ⅳ级，与设计相符。 当前开挖段落见滴渗水，,6590107c1bbf2ace92f8db04,6590107c1bbf2ace92f8db04,False,,1014329.0,OBSERVED,FACE_OBSERVATION,6590107c1bbf2ace92f8db04_e0001,DyK1014+329.00_伯舒拉岭右线DyK1014+329洞身素描记录表.pdf,,10～25偶有渗水,节理裂隙较发育,,"[""当前开挖段落见滴渗水，""]",FACE_POINT,False,里程：DyK1014+329 地质预报单位：川藏铁路隧道超前地质预报项目部洛隆分部,"[""建议：在开挖后及时对左右两侧边墙处松动的岩块进行处理，对局部岩体破碎、易掉块的位 置应提前支护，防止掉块，如有异常及时上报，确保隧道施工和人员安全，避免设备受损和卡机 。"", ""建议做好拱底防排水措施。""]",IN_SCOPE,岩体破碎,/Users/zhaoxiaoda/Library/CloudStorage/GoogleDrive-xiaodazhao0608@gmail.com/我的云端硬盘/TBM9/SKETCH/DyK1014+329.00_伯舒拉岭右线DyK1014+329洞身素描记录表.pdf,FACE_SKETCH,POINT,1014329.0,滴渗水,弱风化
伯舒拉岭隧道进口右线DyK1014+329~DyK1014+359洞身段出露岩性为石炭二叠系板岩夹变 质砂岩，矿物成分以石英、长石为主，钙质胶结。,6590107c1bbf2ace92f8db04,6590107c1bbf2ace92f8db04,False,,1014359.0,OBSERVED,FACE_OBSERVATION,6590107c1bbf2ace92f8db04_e0002,DyK1014+329.00_伯舒拉岭右线DyK1014+329洞身素描记录表.pdf,,,,板岩夹变质砂岩,[],CURRENT_EXCAVATED_INTERVAL,False,DyK1014+329~DyK1014+359,[],IN_SCOPE,,/Users/zhaoxiaoda/Library/CloudStorage/GoogleDrive-xiaodazhao0608@gmail.com/我的云端硬盘/TBM9/SKETCH/DyK1014+329.00_伯舒拉岭右线DyK1014+329洞身素描记录表.pdf,FACE_SKETCH,INTERVAL,1014329.0,,
当前开挖段落见滴渗水，,ba88f6fa9c1322ffb400b974,ba88f6fa9c1322ffb400b974,False,,1014359.0,OBSERVED,FACE_OBSERVATION,ba88f6fa9c1322ffb400b974_e0001,DyK1014+359.00-_伯舒拉岭右线DyK1014+359洞身素描记录表.pdf,,10～25偶有渗水,,,"[""当前开挖段落见滴渗水，""]",FACE_POINT,False,里程：DyK1014+359 地质预报单位：川藏铁路隧道超前地质预报项目部洛隆分部,"[""建议：在开挖后及时对左右两侧边墙处松动的岩块进行处理，对局部岩体破碎、易掉块的位 置应提前支护，防止掉块，如有异常及时上报，确保隧道施工和人员安全，避免设备受损和卡机 。"", ""建议做好拱底防排水措施。""]",IN_SCOPE,,/Users/zhaoxiaoda/Library/CloudStorage/GoogleDrive-xiaodazhao0608@gmail.com/我的云端硬盘/TBM9/SKETCH/DyK1014+359.00-_伯舒拉岭右线DyK1014+359洞身素描记录表.pdf,FACE_SKETCH,POINT,1014359.0,滴渗水,弱风化
9 地 质 描 述 伯舒拉岭隧道进口右线DyK1014 Ⅳ +359~DyK1014+366洞身推测岩性为石炭二叠系板岩Ⅳ夹变质 砂岩，矿物成分以石英、长石为主，钙质胶结。围岩整体弱风化，岩质硬，节理裂隙发育，岩体 破碎，层间结合差，掌子面滴渗水，存在掉块现象，岩质硬，板理产状：N33°E62°S。发育2组 节理裂隙，产状如下： J1：N18°E/29°S，d=0.3~0.5m，L=3~5m，平直、光滑、微张、无充填； J2：N5°E/20°N，d=0.3~0.5m，L=3~5m，平直、光滑、微张、无充填。 综上所述，判定洞身围岩为Ⅳ级，与设计相符。,ba88f6fa9c1322ffb400b974,ba88f6fa9c1322ffb400b974,False,,1014366.0,FORECAST,FORECAST_SEGMENT,ba88f6fa9c1322ffb400b974_e0002,DyK1014+359.00-_伯舒拉岭右线DyK1014+359洞身素描记录表.pdf,,,节理裂隙发育,板岩夹变质砂岩,[],FORECAST_SEGMENT,False,DyK1014 Ⅳ +359~DyK1014+366,[],IN_SCOPE,岩体破碎,/Users/zhaoxiaoda/Library/CloudStorage/GoogleDrive-xiaodazhao0608@gmail.com/我的云端硬盘/TBM9/SKETCH/DyK1014+359.00-_伯舒拉岭右线DyK1014+359洞身素描记录表.pdf,FACE_SKETCH,INTERVAL,1014359.0,滴渗水,弱风化
当前开挖段落见滴渗水，,286f9e5cb8ea3835ba56976e,286f9e5cb8ea3835ba56976e,False,,1014359.0,OBSERVED,FACE_OBSERVATION,286f9e5cb8ea3835ba56976e_e0001,DyK1014+359.00_伯舒拉岭右线DyK1014+359洞身素描记录表.pdf,,10～25偶有渗水,,,"[""当前开挖段落见滴渗水，""]",FACE_POINT,False,里程：DyK1014+359 地质预报单位：川藏铁路隧道超前地质预报项目部洛隆分部,"[""建议：在开挖后及时对左右两侧边墙处松动的岩块进行处理，对局部岩体破碎、易掉块的位 置应提前支护，防止掉块，如有异常及时上报，确保隧道施工和人员安全，避免设备受损和卡机 。"", ""建议做好拱底防排水措施。""]",IN_SCOPE,,/Users/zhaoxiaoda/Library/CloudStorage/GoogleDrive-xiaodazhao0608@gmail.com/我的云端硬盘/TBM9/SKETCH/DyK1014+359.00_伯舒拉岭右线DyK1014+359洞身素描记录表.pdf,FACE_SKETCH,POINT,1014359.0,滴渗水,弱风化
9 地 质 描 述 伯舒拉岭隧道进口右线DyK1014 Ⅳ +359~DyK1014+389洞身推测岩性为石炭二叠系板岩Ⅳ夹变质 砂岩，矿物成分以石英、长石为主，钙质胶结。围岩整体弱风化，岩质硬，节理裂隙发育，岩体 破碎，层间结合差，掌子面滴渗水，存在掉块现象，岩质硬，板理产状：N22°E67°S。发育2组 节理裂隙，产状如下： J1：N21°E/25°S，d=0.3~0.5m，L=3~5m，平直、光滑、微张、无充填； J2：N2°E/25°N，d=0.3~0.5m，L=3~5m，平直、光滑、微张、无充填。 综上所述，判定洞身围岩为Ⅳ级，与设计相符。,286f9e5cb8ea3835ba56976e,286f9e5cb8ea3835ba56976e,False,,1014389.0,FORECAST,FORECAST_SEGMENT,286f9e5cb8ea3835ba56976e_e0002,DyK1014+359.00_伯舒拉岭右线DyK1014+359洞身素描记录表.pdf,,,节理裂隙发育,板岩夹变质砂岩,[],FORECAST_SEGMENT,False,DyK1014 Ⅳ +359~DyK1014+389,[],IN_SCOPE,岩体破碎,/Users/zhaoxiaoda/Library/CloudStorage/GoogleDrive-xiaodazhao0608@gmail.com/我的云端硬盘/TBM9/SKETCH/DyK1014+359.00_伯舒拉岭右线DyK1014+359洞身素描记录表.pdf,FACE_SKETCH,INTERVAL,1014359.0,滴渗水,弱风化
当前开挖段落见滴渗水，,c77c343beec02a4f2eaa1709,c77c343beec02a4f2eaa1709,False,,1014389.0,OBSERVED,FACE_OBSERVATION,c77c343beec02a4f2eaa1709_e0001,DyK1014+389.00_伯舒拉岭右线DyK1014+389洞身素描记录表.pdf,,10～25偶有渗水,,,"[""当前开挖段落见滴渗水，""]",FACE_POINT,False,里程：DyK1014+389 地质预报单位：川藏铁路隧道超前地质预报项目部洛隆分部,"[""建议：在开挖后及时对左右两侧边墙处松动的岩块进行处理，对局部岩体破碎、易掉块的位 置应提前支护，防止掉块，如有异常及时上报，确保隧道施工和人员安全，避免设备受损和卡机 。"", ""建议做好拱底防排水措施。""]",IN_SCOPE,,/Users/zhaoxiaoda/Library/CloudStorage/GoogleDrive-xiaodazhao0608@gmail.com/我的云端硬盘/TBM9/SKETCH/DyK1014+389.00_伯舒拉岭右线DyK1014+389洞身素描记录表.pdf,FACE_SKETCH,POINT,1014389.0,滴渗水,弱风化
9 地 质 描 述 伯舒拉岭隧道进口右线DyK1014 Ⅳ +389~DyK1014+419洞身推测岩性为石炭二叠系板岩Ⅳ夹变质 砂岩，矿物成分以石英、长石为主，钙质胶结。围岩整体弱风化，岩质硬，节理裂隙发育密集， 岩体破碎-极破碎，层间结合差，掌子面滴渗水，存在掉块现象，岩质硬，板理产状：N45°E/68°S 。发育3组节理裂隙，产状如下： J1：N18°E/58°S，d=0.3~0.5m，L=3~5m，平直、光滑、微张、无充填； J2：N14°E/20°S，d=0.3~0.5m，L=3~5m，平直、光滑、微张、无充填； J3：N23°E/48°N，d=0.3~0.5m，L=3~5m，平直、光滑、微张、无充填。 综上所述，判定洞身围岩为Ⅳ级，与设计相符。,c77c343beec02a4f2eaa1709,c77c343beec02a4f2eaa1709,False,,1014419.0,FORECAST,FORECAST_SEGMENT,c77c343beec02a4f2eaa1709_e0002,DyK1014+389.00_伯舒拉岭右线DyK1014+389洞身素描记录表.pdf,,,节理裂隙发育密集,板岩夹变质砂岩,[],FORECAST_SEGMENT,False,DyK1014 Ⅳ +389~DyK1014+419,[],IN_SCOPE,岩体破碎-极破碎,/Users/zhaoxiaoda/Library/CloudStorage/GoogleDrive-xiaodazhao0608@gmail.com/我的云端硬盘/TBM9/SKETCH/DyK1014+389.00_伯舒拉岭右线DyK1014+389洞身素描记录表.pdf,FACE_SKETCH,INTERVAL,1014389.0,滴渗水,弱风化
当前开挖段落见滴渗水，,665dc65538c9aec44e36752a,665dc65538c9aec44e36752a,False,,1014419.0,OBSERVED,FACE_OBSERVATION,665dc65538c9aec44e36752a_e0001,DyK1014+419.00_伯舒拉岭右线DyK1014+419洞身素描记录表.pdf,,10～25偶有渗水,,,"[""当前开挖段落见滴渗水，""]",FACE_POINT,False,里程：DyK1014+419 地质预报单位：川藏铁路隧道超前地质预报项目部洛隆分部,"[""建议：在开挖后及时对左右两侧边墙处松动的岩块进行处理，对局部岩体破碎、易掉块的位 置应提前支护，防止掉块，如有异常及时上报，确保隧道施工和人员安全，避免设备受损和卡机 。"", ""建议做好拱底防排水措施。""]",IN_SCOPE,,/Users/zhaoxiaoda/Library/CloudStorage/GoogleDrive-xiaodazhao0608@gmail.com/我的云端硬盘/TBM9/SKETCH/DyK1014+419.00_伯舒拉岭右线DyK1014+419洞身素描记录表.pdf,FACE_SKETCH,POINT,1014419.0,滴渗水,弱风化
"9 地 质 描 述 伯舒拉岭隧道进口右线DyK1014 Ⅳ +419~DyK1014+449洞身推测岩性为石炭二叠系板岩Ⅳ夹变质 砂岩，矿物成分以石英、长石为主，钙质胶结。围岩整体弱风化，岩质硬，节理裂隙发育密集， 岩体破碎,层间结合差，掌子面滴渗水，存在掉块现象，岩质硬，板理产状：N15°E/46°S。发育2 组节理裂隙，产状如下： J1：N21°E/55°S，d=0.3~0.5m，L=3~5m，平直、光滑、微张、无充填； J2：N18°E/43°S，d=0.3~0.5m，L=3~5m，平直、光滑、微张、无充填。 综上所述，判定洞身围岩为Ⅳ级，与设计相符。",665dc65538c9aec44e36752a,665dc65538c9aec44e36752a,False,,1014449.0,FORECAST,FORECAST_SEGMENT,665dc65538c9aec44e36752a_e0002,DyK1014+419.00_伯舒拉岭右线DyK1014+419洞身素描记录表.pdf,,,节理裂隙发育密集,板岩夹变质砂岩,[],FORECAST_SEGMENT,False,DyK1014 Ⅳ +419~DyK1014+449,[],IN_SCOPE,岩体破碎,/Users/zhaoxiaoda/Library/CloudStorage/GoogleDrive-xiaodazhao0608@gmail.com/我的云端硬盘/TBM9/SKETCH/DyK1014+419.00_伯舒拉岭右线DyK1014+419洞身素描记录表.pdf,FACE_SKETCH,INTERVAL,1014419.0,滴渗水,弱风化
当前开挖段落见滴渗水，,c6033d47fac60b63875a730d,c6033d47fac60b63875a730d,False,,1014441.0,OBSERVED,FACE_OBSERVATION,c6033d47fac60b63875a730d_e0001,DyK1014+441.00_伯舒拉岭右线DyK1014+441洞身素描记录表.pdf,,10～25偶有渗水,,,"[""当前开挖段落见滴渗水，""]",FACE_POINT,False,里程：DyK1014+441 地质预报单位：川藏铁路隧道超前地质预报项目部洛隆分部,"[""建议：在开挖后及时对左右两侧边墙处松动的岩块进行处理，对局部岩体破碎、易掉块的位 置应提前支护，防止掉块，如有异常及时上报，确保隧道施工和人员安全，避免设备受损和卡机 。"", ""建议做好拱底防排水措施。""]",IN_SCOPE,,/Users/zhaoxiaoda/Library/CloudStorage/GoogleDrive-xiaodazhao0608@gmail.com/我的云端硬盘/TBM9/SKETCH/DyK1014+441.00_伯舒拉岭右线DyK1014+441洞身素描记录表.pdf,FACE_SKETCH,POINT,1014441.0,滴渗水,弱风化
"9 地 质 描 述 伯舒拉岭隧道进口右线DyK1014 Ⅳ +441~DyK1014+471洞身推测岩性为石炭二叠系板岩Ⅳ夹变质 砂岩，矿物成分以石英、长石为主，钙质胶结。围岩整体弱风化，岩质硬，节理裂隙发育，岩体 破碎,层间结合差，掌子面滴渗水，存在掉块现象，岩质硬，板理产状：N18°E/57°S。发育2组节 理裂隙，产状如下： J1：N25°W/38°N，d=0.3~0.5m，L=3~5m，平直、光滑、微张、无充填； J2：N22°E/56°S ，d=0.3~0.5m，L=3~5m，平直、光滑、微张、无充填。 综上所述，判定洞身围岩为Ⅳ级，与设计相符。",c6033d47fac60b63875a730d,c6033d47fac60b63875a730d,False,,1014471.0,FORECAST,FORECAST_SEGMENT,c6033d47fac60b63875a730d_e0002,DyK1014+441.00_伯舒拉岭右线DyK1014+441洞身素描记录表.pdf,,,节理裂隙发育,板岩夹变质砂岩,[],FORECAST_SEGMENT,False,DyK1014 Ⅳ +441~DyK1014+471,[],IN_SCOPE,岩体破碎,/Users/zhaoxiaoda/Library/CloudStorage/GoogleDrive-xiaodazhao0608@gmail.com/我的云端硬盘/TBM9/SKETCH/DyK1014+441.00_伯舒拉岭右线DyK1014+441洞身素描记录表.pdf,FACE_SKETCH,INTERVAL,1014441.0,滴渗水,弱风化
当前开挖段落见滴渗水，,26329a21844828d7f27d1512,26329a21844828d7f27d1512,False,,1014471.0,OBSERVED,FACE_OBSERVATION,26329a21844828d7f27d1512_e0001,DyK1014+471.00_伯舒拉岭右线DyK1014+471洞身素描记录表.pdf,,10～25偶有渗水,,,"[""当前开挖段落见滴渗水，""]",FACE_POINT,False,里程：DyK1014+471 地质预报单位：川藏铁路隧道超前地质预报项目部洛隆分部,"[""建议：在开挖后及时对左右两侧边墙处松动的岩块进行处理，对局部岩体破碎、易掉块的位 置应提前支护，防止掉块，如有异常及时上报，确保隧道施工和人员安全，避免设备受损和卡机 。"", ""建议做好拱底防排水措施。""]",IN_SCOPE,,/Users/zhaoxiaoda/Library/CloudStorage/GoogleDrive-xiaodazhao0608@gmail.com/我的云端硬盘/TBM9/SKETCH/DyK1014+471.00_伯舒拉岭右线DyK1014+471洞身素描记录表.pdf,FACE_SKETCH,POINT,1014471.0,滴渗水,弱风化
"9 地 质 描 述 伯舒拉岭隧道进口右线DyK1014 Ⅳ +471~DyK1014+501洞身推测岩性为石炭二叠系板岩Ⅳ夹变质 砂岩，矿物成分以石英、长石为主，钙质胶结。围岩整体弱风化，岩质硬，节理裂隙发育，岩体 破碎,层间结合差，掌子面滴渗水，存在掉块现象，岩质硬，板理产状：N21°W/63°S。发育2组节 理裂隙，产状如下： J1：N19°W45°N，d=0.3~0.5m，L=3~5m，平直、光滑、微张、无充填； J2：N25°E/61°S ，d=0.3~0.5m，L=3~5m，平直、光滑、微张、无充填。 综上所述，判定洞身围岩为Ⅳ级，与设计相符。",26329a21844828d7f27d1512,26329a21844828d7f27d1512,False,,1014501.0,FORECAST,FORECAST_SEGMENT,26329a21844828d7f27d1512_e0002,DyK1014+471.00_伯舒拉岭右线DyK1014+471洞身素描记录表.pdf,,,节理裂隙发育,板岩夹变质砂岩,[],FORECAST_SEGMENT,False,DyK1014 Ⅳ +471~DyK1014+501,[],IN_SCOPE,岩体破碎,/Users/zhaoxiaoda/Library/CloudStorage/GoogleDrive-xiaodazhao0608@gmail.com/我的云端硬盘/TBM9/SKETCH/DyK1014+471.00_伯舒拉岭右线DyK1014+471洞身素描记录表.pdf,FACE_SKETCH,INTERVAL,1014471.0,滴渗水,弱风化
当前开挖段落见滴渗水，,47d0ca204cbd2b6e6610bd04,47d0ca204cbd2b6e6610bd04,False,,1014501.0,OBSERVED,FACE_OBSERVATION,47d0ca204cbd2b6e6610bd04_e0001,DyK1014+501.00_伯舒拉岭右线DyK1014+501洞身素描记录表.pdf,,10～25偶有渗水,,,"[""当前开挖段落见滴渗水，""]",FACE_POINT,False,里程：DyK1014+501 地质预报单位：川藏铁路隧道超前地质预报项目部洛隆分部,"[""建议：在开挖后及时对左右两侧边墙处松动的岩块进行处理，对局部岩体破碎、易掉块的位 置应提前支护，防止掉块，如有异常及时上报，确保隧道施工和人员安全，避免设备受损和卡机 。"", ""建议做好拱底防排水措施。""]",IN_SCOPE,,/Users/zhaoxiaoda/Library/CloudStorage/GoogleDrive-xiaodazhao0608@gmail.com/我的云端硬盘/TBM9/SKETCH/DyK1014+501.00_伯舒拉岭右线DyK1014+501洞身素描记录表.pdf,FACE_SKETCH,POINT,1014501.0,滴渗水,弱风化
"9 地 质 描 述 伯舒拉岭隧道进口右线DyK1014 Ⅳ +501~DyK1014+531洞身推测岩性为石炭二叠系板岩Ⅳ夹变质 砂岩，矿物成分以石英、长石为主，钙质胶结。围岩整体弱风化，岩质硬，节理裂隙发育，岩体 破碎,层间结合差，掌子面滴渗水，存在掉块现象，岩质硬，板理产状：N15°W/33°S。发育2组节 理裂隙，产状如下： J1：N19°W45°N，d=0.2~0.4m，L=3~5m，平直、光滑、微张、无充填； J2：N32°E/51°S ，d=0.3~0.5m，L=3~5m，平直、光滑、微张、无充填。 综上所述，判定洞身围岩为Ⅳ级，与设计相符。",47d0ca204cbd2b6e6610bd04,47d0ca204cbd2b6e6610bd04,False,,1014531.0,FORECAST,FORECAST_SEGMENT,47d0ca204cbd2b6e6610bd04_e0002,DyK1014+501.00_伯舒拉岭右线DyK1014+501洞身素描记录表.pdf,,,节理裂隙发育,板岩夹变质砂岩,[],FORECAST_SEGMENT,False,DyK1014 Ⅳ +501~DyK1014+531,[],IN_SCOPE,岩体破碎,/Users/zhaoxiaoda/Library/CloudStorage/GoogleDrive-xiaodazhao0608@gmail.com/我的云端硬盘/TBM9/SKETCH/DyK1014+501.00_伯舒拉岭右线DyK1014+501洞身素描记录表.pdf,FACE_SKETCH,INTERVAL,1014501.0,滴渗水,弱风化
当前开挖段落掌子面拱顶及左边墙节理裂隙发育密集，岩体破碎-极破碎，层间结合差，掌 子面滴渗水，存在掉块现象。 板理产状：N35°W/41°S。同时发育2组节理裂隙，产状如下： J1：N19°W45°N，d=0.2~0.4m，L=3~5m，平直、光滑、微张、无充填； J2：N32°E/51°S ，d=0.3~0.5m，L=3~5m，平直、光滑、微张、无充填。 综上所述，判定洞身围岩为Ⅳ级，与设计相符。 当前开挖段落见滴渗水，,4690bb42eb75c472ebc5436e,4690bb42eb75c472ebc5436e,False,,1014531.0,OBSERVED,FACE_OBSERVATION,4690bb42eb75c472ebc5436e_e0001,DyK1014+531.00_伯舒拉岭右线DyK1014+531洞身素描记录表.pdf,,10～25偶有渗水,节理裂隙发育密集,,"[""当前开挖段落掌子面拱顶及左边墙节理裂隙发育密集，岩体破碎-极破碎，层间结合差，掌 子面滴渗水，存在掉块现象"", ""当前开挖段落见滴渗水，""]",FACE_POINT,False,里程：DyK1014+531 地质预报单位：川藏铁路隧道超前地质预报项目部洛隆分部,"[""建议：在开挖后及时对左右两侧边墙处松动的岩块进行处理，对局部岩体破碎、易掉块的位 置应提前支护，防止掉块，如有异常及时上报，确保隧道施工和人员安全，避免设备受损和卡机 。"", ""建议做好拱底防排水措施。""]",IN_SCOPE,岩体破碎-极破碎,/Users/zhaoxiaoda/Library/CloudStorage/GoogleDrive-xiaodazhao0608@gmail.com/我的云端硬盘/TBM9/SKETCH/DyK1014+531.00_伯舒拉岭右线DyK1014+531洞身素描记录表.pdf,FACE_SKETCH,POINT,1014531.0,滴渗水,弱风化
"9 地 质 描 述 伯舒拉岭隧道进口右线DyK1014 Ⅳ +531~DyK1014+561洞身推测岩性为石炭二叠系板岩Ⅳ夹变质 砂岩，矿物成分以石英、长石为主，钙质胶结。围岩整体弱风化，岩质硬，节理裂隙发育，岩体 破碎,",4690bb42eb75c472ebc5436e,4690bb42eb75c472ebc5436e,False,,1014561.0,FORECAST,FORECAST_SEGMENT,4690bb42eb75c472ebc5436e_e0002,DyK1014+531.00_伯舒拉岭右线DyK1014+531洞身素描记录表.pdf,,,节理裂隙发育,板岩夹变质砂岩,[],FORECAST_SEGMENT,False,DyK1014 Ⅳ +531~DyK1014+561,[],IN_SCOPE,岩体破碎,/Users/zhaoxiaoda/Library/CloudStorage/GoogleDrive-xiaodazhao0608@gmail.com/我的云端硬盘/TBM9/SKETCH/DyK1014+531.00_伯舒拉岭右线DyK1014+531洞身素描记录表.pdf,FACE_SKETCH,INTERVAL,1014531.0,,弱风化
当前开挖段落见滴渗水，,cd5401e5ca81c4114498f5f2,cd5401e5ca81c4114498f5f2,False,,1014555.0,OBSERVED,FACE_OBSERVATION,cd5401e5ca81c4114498f5f2_e0001,DyK1014+555.00_伯舒拉岭右线DyK1014+555洞身素描记录表.pdf,,10～25偶有渗水,,,"[""当前开挖段落见滴渗水，""]",FACE_POINT,False,里程：DyK1014+555 地质预报单位：川藏铁路隧道超前地质预报项目部洛隆分部,"[""建议：在开挖后及时对左右两侧边墙处松动的岩块进行处理，对局部岩体破碎、易掉块的位 置应提前支护，防止掉块，如有异常及时上报，确保隧道施工和人员安全，避免设备受损和卡机 。"", ""建议做好拱底防排水措施。""]",IN_SCOPE,,/Users/zhaoxiaoda/Library/CloudStorage/GoogleDrive-xiaodazhao0608@gmail.com/我的云端硬盘/TBM9/SKETCH/DyK1014+555.00_伯舒拉岭右线DyK1014+555洞身素描记录表.pdf,FACE_SKETCH,POINT,1014555.0,滴渗水,弱风化
"9 地 质 描 述 伯舒拉岭隧道进口右线DyK1014 Ⅳ +555~DyK1014+585洞身推测岩性为石炭二叠系板岩Ⅳ夹变质 砂岩，矿物成分以石英、长石为主，钙质胶结。围岩整体弱风化，岩质硬，节理裂隙发育密集， 岩体破碎-极破碎,层间结合差，存在掉块现象，掌子面滴渗水。 板理产状：N22°W/38°S。同时发育3组节理裂隙，产状如下： J1：N26°W50°N，d=0.2~0.4m，L=3~5m，平直、光滑、微张、无充填； J2：N11°W/23°N，d=0.3~0.5m，L=3~5m，平直、光滑、微张、无充填； J3：N24°E/56°S，d=0.3~0.5m，L=3~5m，平直、光滑、微张、无充填。 综上所述，判定洞身围岩为Ⅳ级，与设计相符。",cd5401e5ca81c4114498f5f2,cd5401e5ca81c4114498f5f2,False,,1014585.0,FORECAST,FORECAST_SEGMENT,cd5401e5ca81c4114498f5f2_e0002,DyK1014+555.00_伯舒拉岭右线DyK1014+555洞身素描记录表.pdf,,,节理裂隙发育密集,板岩夹变质砂岩,[],FORECAST_SEGMENT,False,DyK1014 Ⅳ +555~DyK1014+585,[],IN_SCOPE,岩体破碎-极破碎,/Users/zhaoxiaoda/Library/CloudStorage/GoogleDrive-xiaodazhao0608@gmail.com/我的云端硬盘/TBM9/SKETCH/DyK1014+555.00_伯舒拉岭右线DyK1014+555洞身素描记录表.pdf,FACE_SKETCH,INTERVAL,1014555.0,滴渗水,弱风化
当前开挖段落掌子面拱顶及左右边墙节理裂隙发育密集，岩体破碎-极破碎，层间结合差， 存在掉块现象，掌子面滴渗水。 板理产状：N34°W/45°S。同时发育3组节理裂隙，产状如下： J1：N22°W48°N，d=0.2~0.4m，L=3~5m，平直、光滑、微张、无充填； J2：N10°W/25°N，d=0.3~0.5m，L=3~5m，平直、光滑、微张、无充填； J3：N20°E/55°S，d=0.3~0.5m，L=3~5m，平直、光滑、微张、无充填。 综上所述，判定洞身围岩为Ⅳ级，与设计相符。 当前开挖段落见滴渗水，,15153bf362ec7624d774b345,15153bf362ec7624d774b345,False,,1014561.0,OBSERVED,FACE_OBSERVATION,15153bf362ec7624d774b345_e0001,DyK1014+561.00_伯舒拉岭右线DyK1014+561洞身素描记录表.pdf,,10～25偶有渗水,节理裂隙发育密集,,"[""当前开挖段落掌子面拱顶及左右边墙节理裂隙发育密集，岩体破碎-极破碎，层间结合差， 存在掉块现象，掌子面滴渗水"", ""当前开挖段落见滴渗水，""]",FACE_POINT,False,里程：DyK1014+561 地质预报单位：川藏铁路隧道超前地质预报项目部洛隆分部,"[""建议：在开挖后及时对左右两侧边墙处松动的岩块进行处理，对局部岩体破碎、易掉块的位 置应提前支护，防止掉块，如有异常及时上报，确保隧道施工和人员安全，避免设备受损和卡机 。"", ""建议做好拱底防排水措施。""]",IN_SCOPE,岩体破碎-极破碎,/Users/zhaoxiaoda/Library/CloudStorage/GoogleDrive-xiaodazhao0608@gmail.com/我的云端硬盘/TBM9/SKETCH/DyK1014+561.00_伯舒拉岭右线DyK1014+561洞身素描记录表.pdf,FACE_SKETCH,POINT,1014561.0,滴渗水,弱风化
"9 地 质 描 述 伯舒拉岭隧道进口右线DyK1014 Ⅳ +561~DyK1014+591洞身推测岩性为石炭二叠系板岩Ⅳ夹变质 砂岩，矿物成分以石英、长石为主，钙质胶结。围岩整体弱风化，岩质硬，节理裂隙发育，岩体 破碎,",15153bf362ec7624d774b345,15153bf362ec7624d774b345,False,,1014591.0,FORECAST,FORECAST_SEGMENT,15153bf362ec7624d774b345_e0002,DyK1014+561.00_伯舒拉岭右线DyK1014+561洞身素描记录表.pdf,,,节理裂隙发育,板岩夹变质砂岩,[],FORECAST_SEGMENT,False,DyK1014 Ⅳ +561~DyK1014+591,[],IN_SCOPE,岩体破碎,/Users/zhaoxiaoda/Library/CloudStorage/GoogleDrive-xiaodazhao0608@gmail.com/我的云端硬盘/TBM9/SKETCH/DyK1014+561.00_伯舒拉岭右线DyK1014+561洞身素描记录表.pdf,FACE_SKETCH,INTERVAL,1014561.0,,弱风化
,03e0f6f1e65fc6f6ab7d6ce7,03e0f6f1e65fc6f6ab7d6ce7,False,,1014591.0,OBSERVED,FACE_OBSERVATION,03e0f6f1e65fc6f6ab7d6ce7_e0001,DyK1014+591.00_伯舒拉岭右线DyK1014+591洞身素描记录表.pdf,,＜10湿润,,,[],FACE_POINT,False,里程：DyK1014+591 地质预报单位：川藏铁路隧道超前地质预报项目部洛隆分部,"[""建议：在开挖后及时对左右两侧边墙处松动的岩块进行处理，对局部岩体破碎、易掉块的位 置应提前支护，防止掉块，如有异常及时上报，确保隧道施工和人员安全，避免设备受损和卡机 。""]",IN_SCOPE,,/Users/zhaoxiaoda/Library/CloudStorage/GoogleDrive-xiaodazhao0608@gmail.com/我的云端硬盘/TBM9/SKETCH/DyK1014+591.00_伯舒拉岭右线DyK1014+591洞身素描记录表.pdf,FACE_SKETCH,POINT,1014591.0,＜10湿润,弱风化
"9 地 质 描 述 伯舒拉岭隧道进口右线DyK1014 Ⅳ +591~DyK1014+621洞身推测岩性为石炭二叠系板岩Ⅳ夹变质 砂岩，矿物成分以石英、长石为主，钙质胶结。围岩整体弱风化，岩质硬，节理裂隙发育，岩体 破碎,存在掉块现象，掌子面湿润。 板理产状：N15°W/41°S。同时发育3组节理裂隙，产状如下： J1：N18°W53°N，d=0.2~0.4m，L=3~5m，平直、光滑、密闭、无充填； J2：N15°W/23°N，d=0.3~0.5m，L=3~5m，平直、光滑、密闭、无充填。 综上所述，判定洞身围岩为Ⅳ级，与设计相符。",03e0f6f1e65fc6f6ab7d6ce7,03e0f6f1e65fc6f6ab7d6ce7,False,,1014621.0,FORECAST,FORECAST_SEGMENT,03e0f6f1e65fc6f6ab7d6ce7_e0002,DyK1014+591.00_伯舒拉岭右线DyK1014+591洞身素描记录表.pdf,,,节理裂隙发育,板岩夹变质砂岩,[],FORECAST_SEGMENT,False,DyK1014 Ⅳ +591~DyK1014+621,[],IN_SCOPE,岩体破碎,/Users/zhaoxiaoda/Library/CloudStorage/GoogleDrive-xiaodazhao0608@gmail.com/我的云端硬盘/TBM9/SKETCH/DyK1014+591.00_伯舒拉岭右线DyK1014+591洞身素描记录表.pdf,FACE_SKETCH,INTERVAL,1014591.0,湿润,弱风化
当前开挖段落见渗滴水~线状出水，,6f7e51718168ae232ce0bacb,6f7e51718168ae232ce0bacb,False,,1014621.0,OBSERVED,FACE_OBSERVATION,6f7e51718168ae232ce0bacb_e0001,DyK1014+621.00_伯舒拉岭右线DyK1014+621洞身素描记录表.pdf,,10～25偶有渗水,,,"[""当前开挖段落见渗滴水~线状出水，""]",FACE_POINT,False,里程：DyK1014+621 地质预报单位：川藏铁路隧道超前地质预报项目部洛隆分部,"[""建议：在开挖后及时对左右两侧边墙处松动的岩块进行处理，对局部岩体破碎、易掉块的位 置应提前支护，防止掉块，如有异常及时上报，确保隧道施工和人员安全，避免设备受损和卡机 。"", ""建议做好拱底防排水措施。""]",IN_SCOPE,,/Users/zhaoxiaoda/Library/CloudStorage/GoogleDrive-xiaodazhao0608@gmail.com/我的云端硬盘/TBM9/SKETCH/DyK1014+621.00_伯舒拉岭右线DyK1014+621洞身素描记录表.pdf,FACE_SKETCH,POINT,1014621.0,渗滴水；线状出水,弱风化
"9 地 质 描 述 伯舒拉岭隧道进口右线DyK1014 Ⅳ +621~DyK1014+651洞身推测岩性为石炭二叠系板岩Ⅳ夹变质 砂岩，矿物成分以石英、长石为主，钙质胶结。围岩整体弱风化，岩质硬，节理裂隙发育，岩体 破碎,掌子面拱顶及左右两侧边墙见渗滴水~线状出水，存在轻微掉块现象。 板理产状：N38°W/51°S。同时发育3组节理裂隙，产状如下： J1：N21°W55°N，d=0.2~0.4m，L=3~5m，平直、光滑、密闭、无充填； J2：N18°W/26°N，d=0.3~0.5m，L=3~5m，平直、光滑、密闭、无充填； J3：N15°W/63°N，d=0.2~0.4m，L=3~5m，平直、光滑、密闭、无充填。 综上所述，判定洞身围岩为Ⅳ级，与设计相符。",6f7e51718168ae232ce0bacb,6f7e51718168ae232ce0bacb,False,,1014651.0,FORECAST,FORECAST_SEGMENT,6f7e51718168ae232ce0bacb_e0002,DyK1014+621.00_伯舒拉岭右线DyK1014+621洞身素描记录表.pdf,,,节理裂隙发育,板岩夹变质砂岩,[],FORECAST_SEGMENT,False,DyK1014 Ⅳ +621~DyK1014+651,[],IN_SCOPE,岩体破碎,/Users/zhaoxiaoda/Library/CloudStorage/GoogleDrive-xiaodazhao0608@gmail.com/我的云端硬盘/TBM9/SKETCH/DyK1014+621.00_伯舒拉岭右线DyK1014+621洞身素描记录表.pdf,FACE_SKETCH,INTERVAL,1014621.0,渗滴水；线状出水,弱风化
,36b1e88471ba75fb118bb9fa,36b1e88471ba75fb118bb9fa,False,,1014645.0,OBSERVED,FACE_OBSERVATION,36b1e88471ba75fb118bb9fa_e0001,DyK1014+645.00_伯舒拉岭右线DyK1014+645洞身素描记录表.pdf,,＜10湿润,,,[],FACE_POINT,False,里程：DyK1014+645 地质预报单位：川藏铁路隧道超前地质预报项目部洛隆分部,"[""建议：在开挖后及时对左右两侧边墙处松动的岩块进行处理，对局部岩体破碎、易掉块的位 置应提前支护，防止掉块，如有异常及时上报，确保隧道施工和人员安全，避免设备受损和卡机 。""]",IN_SCOPE,,/Users/zhaoxiaoda/Library/CloudStorage/GoogleDrive-xiaodazhao0608@gmail.com/我的云端硬盘/TBM9/SKETCH/DyK1014+645.00_伯舒拉岭右线DyK1014+645洞身素描记录表.pdf,FACE_SKETCH,POINT,1014645.0,＜10湿润,弱风化
"9 地 质 描 述 伯舒拉岭隧道进口右线DyK1014 Ⅳ +645~DyK1014+675洞身推测岩性为石炭二叠系板岩Ⅳ夹变质 砂岩，矿物成分以石英、长石为主，钙质胶结。围岩整体弱风化，岩质硬，节理裂隙发育，岩体 破碎,掌子面拱顶及左右两侧边墙岩体相对破碎，呈碎石状压碎结构，存在轻微掉块现象，掌子面 整体湿润。 板理产状：N21°W/36°S。同时发育3组节理裂隙，产状如下： J1：N28°W63°N，d=0.2~0.4m，L=3~5m，平直、光滑、密闭、无充填； J2：N15°W/31°N，d=0.3~0.5m，L=3~5m，平直、光滑、密闭、无充填； J3：N22°W/65°N，d=0.3~0.5m，L=3~5m，平直、光滑、密闭、无充填。 综上所述，判定洞身围岩为Ⅳ级，与设计相符。",36b1e88471ba75fb118bb9fa,36b1e88471ba75fb118bb9fa,False,,1014675.0,FORECAST,FORECAST_SEGMENT,36b1e88471ba75fb118bb9fa_e0002,DyK1014+645.00_伯舒拉岭右线DyK1014+645洞身素描记录表.pdf,,,节理裂隙发育,板岩夹变质砂岩,[],FORECAST_SEGMENT,False,DyK1014 Ⅳ +645~DyK1014+675,[],IN_SCOPE,岩体破碎,/Users/zhaoxiaoda/Library/CloudStorage/GoogleDrive-xiaodazhao0608@gmail.com/我的云端硬盘/TBM9/SKETCH/DyK1014+645.00_伯舒拉岭右线DyK1014+645洞身素描记录表.pdf,FACE_SKETCH,INTERVAL,1014645.0,湿润,弱风化
,7d7ef4bf0bb0a3f3fff22523,7d7ef4bf0bb0a3f3fff22523,False,,1014675.0,OBSERVED,FACE_OBSERVATION,7d7ef4bf0bb0a3f3fff22523_e0001,DyK1014+675.00_伯舒拉岭右线DyK1014+675洞身素描记录表.pdf,,＜10湿润,,,[],FACE_POINT,False,里程：DyK1014+675 地质预报单位：川藏铁路隧道超前地质预报项目部洛隆分部,"[""建议：在开挖后及时对左右两侧边墙处松动的岩块进行处理，对局部岩体破碎、易掉块的位 置应提前支护，防止掉块，如有异常及时上报，确保隧道施工和人员安全，避免设备受损和卡机 。""]",IN_SCOPE,,/Users/zhaoxiaoda/Library/CloudStorage/GoogleDrive-xiaodazhao0608@gmail.com/我的云端硬盘/TBM9/SKETCH/DyK1014+675.00_伯舒拉岭右线DyK1014+675洞身素描记录表.pdf,FACE_SKETCH,POINT,1014675.0,＜10湿润,弱风化
"9 地 质 描 述 伯舒拉岭隧道进口右线DyK1014 Ⅳ +675~DyK1014+705洞身推测岩性为石炭二叠系板岩Ⅳ夹变质 砂岩，矿物成分以石英、长石为主，钙质胶结。围岩整体弱风化，岩质硬，节理裂隙发育，岩体 破碎,呈碎石状压碎结构，存在轻微掉块现象，掌子面滴渗水。 板理产状：N25°W/45°S。同时发育3组节理裂隙，产状如下： J1：N24°W60°N，d=0.2~0.4m，L=3~5m，平直、光滑、密闭、无充填； J2：N18°W/21°N，d=0.3~0.5m，L=3~5m，平直、光滑、密闭、无充填； J3：N35°W/69°N，d=0.3~0.5m，L=3~5m，平直、光滑、密闭、无充填。 综上所述，判定洞身围岩为Ⅳ级，与设计相符。",7d7ef4bf0bb0a3f3fff22523,7d7ef4bf0bb0a3f3fff22523,False,,1014705.0,FORECAST,FORECAST_SEGMENT,7d7ef4bf0bb0a3f3fff22523_e0002,DyK1014+675.00_伯舒拉岭右线DyK1014+675洞身素描记录表.pdf,,,节理裂隙发育,板岩夹变质砂岩,[],FORECAST_SEGMENT,False,DyK1014 Ⅳ +675~DyK1014+705,[],IN_SCOPE,岩体破碎,/Users/zhaoxiaoda/Library/CloudStorage/GoogleDrive-xiaodazhao0608@gmail.com/我的云端硬盘/TBM9/SKETCH/DyK1014+675.00_伯舒拉岭右线DyK1014+675洞身素描记录表.pdf,FACE_SKETCH,INTERVAL,1014675.0,滴渗水,弱风化
,b5b7a990ada8a206149cb27b,b5b7a990ada8a206149cb27b,False,,1014705.0,OBSERVED,FACE_OBSERVATION,b5b7a990ada8a206149cb27b_e0001,DyK1014+705.00_伯舒拉岭右线DyK1014+705洞身素描记录表.pdf,,＜10湿润,,,[],FACE_POINT,False,里程：DyK1014+705 地质预报单位：川藏铁路隧道超前地质预报项目部洛隆分部,"[""建议：在开挖后及时对左右两侧边墙处松动的岩块进行处理，对局部岩体破碎、易掉块的位 置应提前支护，防止掉块，如有异常及时上报，确保隧道施工和人员安全，避免设备受损和卡机""]",IN_SCOPE,,/Users/zhaoxiaoda/Library/CloudStorage/GoogleDrive-xiaodazhao0608@gmail.com/我的云端硬盘/TBM9/SKETCH/DyK1014+705.00_伯舒拉岭右线DyK1014+705洞身素描记录表.pdf,FACE_SKETCH,POINT,1014705.0,＜10湿润,弱风化
"9 地 质 描 述 伯舒拉岭隧道进口右线DyK1014 Ⅳ +705~DyK1014+735洞身推测岩性为石炭二叠系板岩Ⅳ夹变质 砂岩，矿物成分以石英、长石为主，钙质胶结。围岩整体弱风化，岩质硬，节理裂隙发育，岩体 破碎,呈碎石状压碎结构，存在轻微掉块现象，掌子面湿润。 板理产状：N15°W/47°S。同时发育3组节理裂隙，产状如下： J1：N35°W61°N，d=0.2~0.4m，L=3~5m，平直、光滑、密闭、无充填； J2：N22°W/38°N，d=0.3~0.5m，L=2~4m，平直、光滑、密闭、无充填； J3：N36°W/50°N，d=0.3~0.5m，L=3~5m，平直、光滑、密闭、无充填。 综上所述，判定洞身围岩为Ⅳ级，与设计相符。",b5b7a990ada8a206149cb27b,b5b7a990ada8a206149cb27b,False,,1014735.0,FORECAST,FORECAST_SEGMENT,b5b7a990ada8a206149cb27b_e0002,DyK1014+705.00_伯舒拉岭右线DyK1014+705洞身素描记录表.pdf,,,节理裂隙发育,板岩夹变质砂岩,[],FORECAST_SEGMENT,False,DyK1014 Ⅳ +705~DyK1014+735,[],IN_SCOPE,岩体破碎,/Users/zhaoxiaoda/Library/CloudStorage/GoogleDrive-xiaodazhao0608@gmail.com/我的云端硬盘/TBM9/SKETCH/DyK1014+705.00_伯舒拉岭右线DyK1014+705洞身素描记录表.pdf,FACE_SKETCH,INTERVAL,1014705.0,湿润,弱风化
当前开挖段落见线状出水，,505fc2cb0f61b642331d4348,505fc2cb0f61b642331d4348,False,,1014735.0,OBSERVED,FACE_OBSERVATION,505fc2cb0f61b642331d4348_e0001,DyK1014+735.00_伯舒拉岭右线DyK1014+735洞身素描记录表.pdf,,25～125经常渗水,,,"[""当前开挖段落见线状出水，""]",FACE_POINT,False,里程：DyK1014+735 地质预报单位：川藏铁路隧道超前地质预报项目部洛隆分部,"[""建议：在开挖后及时对左右两侧边墙处松动的岩块进行处理，对局部岩体破碎、易掉块的位 置应提前支护，防止掉块，如有异常及时上报，确保隧道施工和人员安全，避免设备受损和卡机"", ""建议做好拱底防排水措施。""]",IN_SCOPE,,/Users/zhaoxiaoda/Library/CloudStorage/GoogleDrive-xiaodazhao0608@gmail.com/我的云端硬盘/TBM9/SKETCH/DyK1014+735.00_伯舒拉岭右线DyK1014+735洞身素描记录表.pdf,FACE_SKETCH,POINT,1014735.0,线状出水,弱风化
"9 地 质 描 述 伯舒拉岭隧道进口右线DyK1014 Ⅳ +735~DyK1014+765洞身推测岩性为石炭二叠系板岩Ⅳ夹变质 砂岩，矿物成分以石英、长石为主，钙质胶结。围岩整体弱风化，岩质硬，节理裂隙发育，岩体 破碎,层间结合差，呈碎石状压碎结构，存在掉块现象，掌子面存在线状出水。 板理产状：N23°W/48°S。同时发育2组节理裂隙，产状如下： J1：N18°W44°N，d=0.3~0.5m，L=3~5m，平直、光滑、密闭、无充填； J2：N25°W/35°N，d=0.3~0.5m，L=2~4m，平直、光滑、密闭、无充填。 综上所述，判定洞身围岩为Ⅳ级，与设计相符。",505fc2cb0f61b642331d4348,505fc2cb0f61b642331d4348,False,,1014765.0,FORECAST,FORECAST_SEGMENT,505fc2cb0f61b642331d4348_e0002,DyK1014+735.00_伯舒拉岭右线DyK1014+735洞身素描记录表.pdf,,,节理裂隙发育,板岩夹变质砂岩,[],FORECAST_SEGMENT,False,DyK1014 Ⅳ +735~DyK1014+765,[],IN_SCOPE,岩体破碎,/Users/zhaoxiaoda/Library/CloudStorage/GoogleDrive-xiaodazhao0608@gmail.com/我的云端硬盘/TBM9/SKETCH/DyK1014+735.00_伯舒拉岭右线DyK1014+735洞身素描记录表.pdf,FACE_SKETCH,INTERVAL,1014735.0,线状出水,弱风化
当前开挖段落见股状出水，出水量约50方每小时，,2250acdba1bb77e562107866,2250acdba1bb77e562107866,False,,1014765.0,OBSERVED,FACE_OBSERVATION,2250acdba1bb77e562107866_e0001,DyK1014+765.00_伯舒拉岭右线DyK1014+765洞身素描记录表.pdf,,其它；,,,"[""当前开挖段落见股状出水，出水量约50方每小时，""]",FACE_POINT,False,里程：DyK1014+765 地质预报单位：川藏铁路隧道超前地质预报项目部洛隆分部,"[""建议：在开挖后及时对左右两侧边墙处松动的岩块进行处理，对局部岩体破碎、易掉块的位 置应提前支护，防止掉块，如有异常及时上报，确保隧道施工和人员安全，避免设备受损和卡机"", ""建议做好拱底防排水措施。""]",IN_SCOPE,,/Users/zhaoxiaoda/Library/CloudStorage/GoogleDrive-xiaodazhao0608@gmail.com/我的云端硬盘/TBM9/SKETCH/DyK1014+765.00_伯舒拉岭右线DyK1014+765洞身素描记录表.pdf,FACE_SKETCH,POINT,1014765.0,股状出水,弱风化
9 地 质 描 述 伯舒拉岭隧道进口右线DyK1014 Ⅳ +765~DyK1014+795洞身推测岩性为石炭二叠系板岩Ⅳ夹变质 砂岩，矿物成分以石英、长石为主，钙质胶结。围岩整体弱风化，岩质硬，掌子面拱顶节理裂隙 较发育，岩体较破碎，见线股状出水，左右两侧边墙节理裂隙发育，岩体破碎，呈碎石状压碎结 构，存在掉块风险，左侧边墙裂隙见股状出水，出水量约50方每小时。 板理产状：N25°W/38°S。同时发育3组节理裂隙，产状如下： J1：N22°W45°N，d=0.3~0.5m，L=3~5m，平直、光滑、微张、无充填； J2：N28°W/47°N，d=0.3~0.5m，L=3~4m，平直、光滑、微张、无充填； J3：N11°W/36°N，d=0.3~0.5m，L=3~6m，平直、光滑、密闭、无充填。 综上所述，判定洞身围岩为Ⅳ级，与设计相符。,2250acdba1bb77e562107866,2250acdba1bb77e562107866,False,,1014795.0,FORECAST,FORECAST_SEGMENT,2250acdba1bb77e562107866_e0002,DyK1014+765.00_伯舒拉岭右线DyK1014+765洞身素描记录表.pdf,,,节理裂隙较发育,板岩夹变质砂岩,[],FORECAST_SEGMENT,False,DyK1014 Ⅳ +765~DyK1014+795,[],IN_SCOPE,岩体较破碎,/Users/zhaoxiaoda/Library/CloudStorage/GoogleDrive-xiaodazhao0608@gmail.com/我的云端硬盘/TBM9/SKETCH/DyK1014+765.00_伯舒拉岭右线DyK1014+765洞身素描记录表.pdf,FACE_SKETCH,INTERVAL,1014765.0,股状出水,弱风化
当前开挖段落见线股状出水，,befb6be4f11cc40fd7fab4bc,befb6be4f11cc40fd7fab4bc,False,,1014795.0,OBSERVED,FACE_OBSERVATION,befb6be4f11cc40fd7fab4bc_e0001,DyK1014+795.00_伯舒拉岭右线DyK1014+795洞身素描记录表.pdf,,25～125经常渗水,,,"[""当前开挖段落见线股状出水，""]",FACE_POINT,False,里程：DyK1014+795 地质预报单位：川藏铁路隧道超前地质预报项目部洛隆分部,"[""建议：在开挖后及时对左右两侧边墙处松动的岩块进行处理，对局部岩体破碎、易掉块的位 置应提前支护，防止掉块，如有异常及时上报，确保隧道施工和人员安全，避免设备受损和卡机"", ""建议做好拱底防排水措施。""]",IN_SCOPE,,/Users/zhaoxiaoda/Library/CloudStorage/GoogleDrive-xiaodazhao0608@gmail.com/我的云端硬盘/TBM9/SKETCH/DyK1014+795.00_伯舒拉岭右线DyK1014+795洞身素描记录表.pdf,FACE_SKETCH,POINT,1014795.0,股状出水,弱风化
9 地 质 描 述 伯舒拉岭隧道进口右线DyK1014 Ⅳ +795~DyK1014+825洞身推测岩性为石炭二叠系板岩Ⅳ夹变质 砂岩，矿物成分以石英、长石为主，钙质胶结。围岩整体弱风化，岩质硬，掌子面拱顶节理裂隙 较发育，岩体较破碎，左右两侧边墙节理裂隙发育密集，岩体破碎，存在掉块风险，掌子面见线 股状出水。 板理产状：N30°W/48°S。同时发育2组节理裂隙，产状如下： J1：N11°E/23°S，d=0.2~0.4m，L=3~5m，平直、光滑、微张、无充填； J2：N15°W/52°N，d=0.2~0.4m，L=3~6m，平直、光滑、微张、无充填； 综上所述，判定洞身围岩为Ⅳ级，与设计相符。,befb6be4f11cc40fd7fab4bc,befb6be4f11cc40fd7fab4bc,False,,1014825.0,FORECAST,FORECAST_SEGMENT,befb6be4f11cc40fd7fab4bc_e0002,DyK1014+795.00_伯舒拉岭右线DyK1014+795洞身素描记录表.pdf,,,节理裂隙发育密集,板岩夹变质砂岩,[],FORECAST_SEGMENT,False,DyK1014 Ⅳ +795~DyK1014+825,[],IN_SCOPE,岩体较破碎,/Users/zhaoxiaoda/Library/CloudStorage/GoogleDrive-xiaodazhao0608@gmail.com/我的云端硬盘/TBM9/SKETCH/DyK1014+795.00_伯舒拉岭右线DyK1014+795洞身素描记录表.pdf,FACE_SKETCH,INTERVAL,1014795.0,股状出水,弱风化
当前开挖段落见线-股状出水，,1bc381ee66f95dafec66de79,1bc381ee66f95dafec66de79,False,,1014825.0,OBSERVED,FACE_OBSERVATION,1bc381ee66f95dafec66de79_e0001,DyK1014+825.00_伯舒拉岭右线DyK1014+825洞身素描记录表.pdf,,25～125经常渗水,,,"[""当前开挖段落见线-股状出水，""]",FACE_POINT,False,里程：DyK1014+825 地质预报单位：川藏铁路隧道超前地质预报项目部洛隆分部,"[""建议：在开挖后及时对左右两侧边墙处松动的岩块进行处理，对局部岩体破碎、易掉块的位 置应提前支护，防止掉块，如有异常及时上报，确保隧道施工和人员安全，避免设备受损和卡机"", ""建议做好拱底防排水措施。""]",IN_SCOPE,,/Users/zhaoxiaoda/Library/CloudStorage/GoogleDrive-xiaodazhao0608@gmail.com/我的云端硬盘/TBM9/SKETCH/DyK1014+825.00_伯舒拉岭右线DyK1014+825洞身素描记录表.pdf,FACE_SKETCH,POINT,1014825.0,线-股状出水；股状出水,弱风化
9 地 质 描 述 伯舒拉岭隧道进口右线DyK1014 Ⅳ +825~DyK1014+855洞身推测岩性为石炭二叠系板岩Ⅳ夹变质 砂岩，矿物成分以石英、长石为主，钙质胶结。围岩整体弱风化，岩质硬，节理裂隙较发育，岩 体较破碎，右侧边墙节理裂隙发育密集，岩体破碎，存在掉块风险，掌子面见线-股状出水。 板理产状：N20°W/36°S。同时发育2组节理裂隙，产状如下： J1：N7°E/34°S，d=0.2~0.4m，L=3~6m，平直、光滑、微张、无充填； J2：N35°E/22°N，d=0.2~0.4m，L=3~6m，平直、光滑、微张、无充填； 综上所述，判定洞身围岩为Ⅳ级，与设计相符。,1bc381ee66f95dafec66de79,1bc381ee66f95dafec66de79,False,,1014855.0,FORECAST,FORECAST_SEGMENT,1bc381ee66f95dafec66de79_e0002,DyK1014+825.00_伯舒拉岭右线DyK1014+825洞身素描记录表.pdf,,,节理裂隙发育密集,板岩夹变质砂岩,[],FORECAST_SEGMENT,False,DyK1014 Ⅳ +825~DyK1014+855,[],IN_SCOPE,岩体较破碎,/Users/zhaoxiaoda/Library/CloudStorage/GoogleDrive-xiaodazhao0608@gmail.com/我的云端硬盘/TBM9/SKETCH/DyK1014+825.00_伯舒拉岭右线DyK1014+825洞身素描记录表.pdf,FACE_SKETCH,INTERVAL,1014825.0,线-股状出水；股状出水,弱风化
当前开挖段落见线-股状出水，,1aaec5cfacc4dc380d5f543f,1aaec5cfacc4dc380d5f543f,False,,1014855.0,OBSERVED,FACE_OBSERVATION,1aaec5cfacc4dc380d5f543f_e0001,DyK1014+855.00_伯舒拉岭右线DyK1014+855洞身素描记录表.pdf,,25～125经常渗水,,,"[""当前开挖段落见线-股状出水，""]",FACE_POINT,False,里程：DyK1014+855 地质预报单位：川藏铁路隧道超前地质预报项目部洛隆分部,"[""建议：在开挖后及时对左右两侧边墙处松动的岩块进行处理，对局部岩体破碎、易掉块的位 置应提前支护，防止掉块，如有异常及时上报，确保隧道施工和人员安全，避免设备受损和卡机"", ""建议做好拱底防排水措施。""]",IN_SCOPE,,/Users/zhaoxiaoda/Library/CloudStorage/GoogleDrive-xiaodazhao0608@gmail.com/我的云端硬盘/TBM9/SKETCH/DyK1014+855.00_伯舒拉岭右线DyK1014+855洞身素描记录表.pdf,FACE_SKETCH,POINT,1014855.0,线-股状出水；股状出水,弱风化
9 地 质 描 述 伯舒拉岭隧道进口右线DyK1014 Ⅳ +855~DyK1014+885洞身推测岩性为石炭二叠系变质Ⅳ砂岩夹 板岩，矿物成分以石英，钙质胶结。围岩整体弱风化，岩质硬，节理裂隙较发育，岩体较破碎， 右边墙节理裂隙发育，岩体相对破碎，掌子面见线-股状出水。 板理产状：N25°W/41°S。同时发育2组节理裂隙，产状如下： J1：N15°E/31°S，d=0.2~0.4m，L=3~6m，平直、光滑、密闭、无充填； J2：N32°E/20°N，d=0.2~0.4m，L=3~6m，平直、光滑、密闭、无充填； 综上所述，判定洞身围岩为Ⅳ级，与设计相符。,1aaec5cfacc4dc380d5f543f,1aaec5cfacc4dc380d5f543f,False,,1014885.0,FORECAST,FORECAST_SEGMENT,1aaec5cfacc4dc380d5f543f_e0002,DyK1014+855.00_伯舒拉岭右线DyK1014+855洞身素描记录表.pdf,,,节理裂隙较发育,变质砂岩,[],FORECAST_SEGMENT,False,DyK1014 Ⅳ +855~DyK1014+885,[],IN_SCOPE,岩体较破碎,/Users/zhaoxiaoda/Library/CloudStorage/GoogleDrive-xiaodazhao0608@gmail.com/我的云端硬盘/TBM9/SKETCH/DyK1014+855.00_伯舒拉岭右线DyK1014+855洞身素描记录表.pdf,FACE_SKETCH,INTERVAL,1014855.0,线-股状出水；股状出水,弱风化
当前开挖段落见线状出水，,3b3a98a562024e7ba6daf573,3b3a98a562024e7ba6daf573,False,,1014885.0,OBSERVED,FACE_OBSERVATION,3b3a98a562024e7ba6daf573_e0001,DyK1014+885.00_伯舒拉岭右线DyK1014+885洞身素描记录表.pdf,,25～125经常渗水,,,"[""当前开挖段落见线状出水，""]",FACE_POINT,False,里程：DyK1014+885 地质预报单位：川藏铁路隧道超前地质预报项目部洛隆分部,"[""建议：在开挖后及时对左右两侧边墙处松动的岩块进行处理，对局部岩体破碎、易掉块的位 置应提前支护，防止掉块，如有异常及时上报，确保隧道施工和人员安全，避免设备受损和卡机"", ""建议做好拱底防排水措施。""]",IN_SCOPE,,/Users/zhaoxiaoda/Library/CloudStorage/GoogleDrive-xiaodazhao0608@gmail.com/我的云端硬盘/TBM9/SKETCH/DyK1014+885.00_伯舒拉岭右线DyK1014+885洞身素描记录表.pdf,FACE_SKETCH,POINT,1014885.0,线状出水,弱风化
9 地 质 描 述 伯舒拉岭隧道进口右线DyK1014 Ⅳ +885~DyK1014+915洞身推测岩性为石炭二叠系变质Ⅳ砂岩夹 板岩，矿物成分以石英，钙质胶结。围岩整体弱风化，岩质硬，节理裂隙较发育，岩体较破碎， 掌子面见线状出水。 板理产状：N11°W/42°S。同时发育2组节理裂隙，产状如下： J1：N30°E/32°S，d=0.2~0.4m，L=3~6m，平直、光滑、密闭、无充填； J2：N18°E/15°N，d=0.2~0.4m，L=3~6m，平直、光滑、密闭、无充填； 综上所述，判定洞身围岩为Ⅳ级，与设计相符。,3b3a98a562024e7ba6daf573,3b3a98a562024e7ba6daf573,False,,1014915.0,FORECAST,FORECAST_SEGMENT,3b3a98a562024e7ba6daf573_e0002,DyK1014+885.00_伯舒拉岭右线DyK1014+885洞身素描记录表.pdf,,,节理裂隙较发育,变质砂岩,[],FORECAST_SEGMENT,False,DyK1014 Ⅳ +885~DyK1014+915,[],IN_SCOPE,岩体较破碎,/Users/zhaoxiaoda/Library/CloudStorage/GoogleDrive-xiaodazhao0608@gmail.com/我的云端硬盘/TBM9/SKETCH/DyK1014+885.00_伯舒拉岭右线DyK1014+885洞身素描记录表.pdf,FACE_SKETCH,INTERVAL,1014885.0,线状出水,弱风化
当前开挖段落见线状出水，,185cb36312026640ab93b639,185cb36312026640ab93b639,False,,1014906.0,OBSERVED,FACE_OBSERVATION,185cb36312026640ab93b639_e0001,DyK1014+906.00_伯舒拉岭右线DyK1014+906洞身素描记录表.pdf,,25～125经常渗水,,,"[""当前开挖段落见线状出水，""]",FACE_POINT,False,里程：DyK1014+906 地质预报单位：川藏铁路隧道超前地质预报项目部洛隆分部,"[""建议：在开挖后及时对左右两侧边墙处松动的岩块进行处理，对局部岩体破碎、易掉块的位 置应提前支护，防止掉块，如有异常及时上报，确保隧道施工和人员安全，避免设备受损和卡机"", ""建议做好拱底防排水措施。""]",IN_SCOPE,,/Users/zhaoxiaoda/Library/CloudStorage/GoogleDrive-xiaodazhao0608@gmail.com/我的云端硬盘/TBM9/SKETCH/DyK1014+906.00_伯舒拉岭右线DyK1014+906洞身素描记录表.pdf,FACE_SKETCH,POINT,1014906.0,线状出水,弱风化
9 地 质 描 述 伯舒拉岭隧道进口右线DyK1014 Ⅳ +906~DyK1014+936洞身推测岩性为石炭二叠系变质Ⅳ砂岩夹 板岩，矿物成分以石英，钙质胶结。围岩整体弱风化，岩质硬，节理裂隙较发育，岩体较破碎， 拱顶节理裂隙发育，岩体破碎，见线状出水。 板理产状：N23°W/51°S。同时发育2组节理裂隙，产状如下： J1：N12°E/48°S，d=0.2~0.4m，L=3~6m，平直、光滑、密闭、无充填； J2：N22°E/25°N，d=0.2~0.4m，L=3~6m，平直、光滑、密闭、无充填； 综上所述，判定洞身围岩为Ⅳ级，与设计相符。,185cb36312026640ab93b639,185cb36312026640ab93b639,False,,1014936.0,FORECAST,FORECAST_SEGMENT,185cb36312026640ab93b639_e0002,DyK1014+906.00_伯舒拉岭右线DyK1014+906洞身素描记录表.pdf,,,节理裂隙较发育,变质砂岩,[],FORECAST_SEGMENT,False,DyK1014 Ⅳ +906~DyK1014+936,[],IN_SCOPE,岩体较破碎,/Users/zhaoxiaoda/Library/CloudStorage/GoogleDrive-xiaodazhao0608@gmail.com/我的云端硬盘/TBM9/SKETCH/DyK1014+906.00_伯舒拉岭右线DyK1014+906洞身素描记录表.pdf,FACE_SKETCH,INTERVAL,1014906.0,线状出水,弱风化
当前开挖段落见线状出水，,9bfbef3c8d722891f0b62c67,9bfbef3c8d722891f0b62c67,False,,1014936.0,OBSERVED,FACE_OBSERVATION,9bfbef3c8d722891f0b62c67_e0001,DyK1014+936.00_伯舒拉岭右线DyK1014+936洞身素描记录表.pdf,,25～125经常渗水,,,"[""当前开挖段落见线状出水，""]",FACE_POINT,False,里程：DyK1014+936 地质预报单位：川藏铁路隧道超前地质预报项目部洛隆分部,"[""建议：在开挖后及时对左右两侧边墙处松动的岩块进行处理，对局部岩体破碎、易掉块的位 置应提前支护，防止掉块，如有异常及时上报，确保隧道施工和人员安全，避免设备受损和卡机"", ""建议做好拱底防排水措施。""]",IN_SCOPE,,/Users/zhaoxiaoda/Library/CloudStorage/GoogleDrive-xiaodazhao0608@gmail.com/我的云端硬盘/TBM9/SKETCH/DyK1014+936.00_伯舒拉岭右线DyK1014+936洞身素描记录表.pdf,FACE_SKETCH,POINT,1014936.0,线状出水,弱风化
9 地 质 描 述 伯舒拉岭隧道进口右线DyK1014 Ⅳ +936~DyK1014+966洞身推测岩性为石炭二叠系变质Ⅳ砂岩夹 板岩，矿物成分以石英，钙质胶结。围岩整体弱风化，岩质硬，节理裂隙较发育，节理面见锈蚀 痕迹，岩体较破碎，拱顶节理裂隙发育，岩体破碎，见线状出水。 板理产状：N36W/48°S。同时发育2组节理裂隙，产状如下： J1：N22°E/45°S，d=0.2~0.4m，L=3~6m，平直、光滑、密闭、无充填； J2：N26°E/21°N，d=0.2~0.4m，L=3~6m，平直、光滑、密闭、无充填； 综上所述，判定洞身围岩为Ⅳ级，与设计相符。,9bfbef3c8d722891f0b62c67,9bfbef3c8d722891f0b62c67,False,,1014966.0,FORECAST,FORECAST_SEGMENT,9bfbef3c8d722891f0b62c67_e0002,DyK1014+936.00_伯舒拉岭右线DyK1014+936洞身素描记录表.pdf,,,节理裂隙较发育,变质砂岩,[],FORECAST_SEGMENT,False,DyK1014 Ⅳ +936~DyK1014+966,[],IN_SCOPE,岩体较破碎,/Users/zhaoxiaoda/Library/CloudStorage/GoogleDrive-xiaodazhao0608@gmail.com/我的云端硬盘/TBM9/SKETCH/DyK1014+936.00_伯舒拉岭右线DyK1014+936洞身素描记录表.pdf,FACE_SKETCH,INTERVAL,1014936.0,线状出水,弱风化
当前开挖段落见线状出水，,e611ed466064baf84ce50d73,e611ed466064baf84ce50d73,False,,1014966.0,OBSERVED,FACE_OBSERVATION,e611ed466064baf84ce50d73_e0001,DyK1014+966.00_伯舒拉岭右线DyK1014+966洞身素描记录表.pdf,,25～125经常渗水,,,"[""当前开挖段落见线状出水，""]",FACE_POINT,False,里程：DyK1014+966 地质预报单位：川藏铁路隧道超前地质预报项目部洛隆分部,"[""建议：在开挖后及时对左右两侧边墙处松动的岩块进行处理，对局部岩体破碎、易掉块的位 置应提前支护，防止掉块，如有异常及时上报，确保隧道施工和人员安全，避免设备受损和卡机"", ""建议做好拱底防排水措施。""]",IN_SCOPE,,/Users/zhaoxiaoda/Library/CloudStorage/GoogleDrive-xiaodazhao0608@gmail.com/我的云端硬盘/TBM9/SKETCH/DyK1014+966.00_伯舒拉岭右线DyK1014+966洞身素描记录表.pdf,FACE_SKETCH,POINT,1014966.0,线状出水,弱风化
9 地 质 描 述 伯舒拉岭隧道进口右线DyK1014 Ⅳ +966~DyK1014+996洞身推测岩性为石炭二叠系变质Ⅳ砂岩夹 板岩，矿物成分以石英，钙质胶结。围岩整体弱风化，岩质硬，节理裂隙较发育，岩体较破碎， 拱顶及左侧边墙节理裂隙发育密集，岩体破碎，存在掉块风险，掌子面见线状出水。 板理产状：N15W/58°S。同时发育2组节理裂隙，产状如下： J1：N16°E/42°S，d=0.2~0.4m，L=3~6m，平直、光滑、密闭、无充填； J2：N39°E/25°N，d=0.2~0.4m，L=3~6m，平直、光滑、密闭、无充填； 综上所述，判定洞身围岩为Ⅳ级，与设计相符。,e611ed466064baf84ce50d73,e611ed466064baf84ce50d73,False,,1014996.0,FORECAST,FORECAST_SEGMENT,e611ed466064baf84ce50d73_e0002,DyK1014+966.00_伯舒拉岭右线DyK1014+966洞身素描记录表.pdf,,,节理裂隙发育密集,变质砂岩,[],FORECAST_SEGMENT,False,DyK1014 Ⅳ +966~DyK1014+996,[],IN_SCOPE,岩体较破碎,/Users/zhaoxiaoda/Library/CloudStorage/GoogleDrive-xiaodazhao0608@gmail.com/我的云端硬盘/TBM9/SKETCH/DyK1014+966.00_伯舒拉岭右线DyK1014+966洞身素描记录表.pdf,FACE_SKETCH,INTERVAL,1014966.0,线状出水,弱风化
当前开挖段落见线状出水，,e1a99079c3c45a64bc910980,e1a99079c3c45a64bc910980,False,,1014996.0,OBSERVED,FACE_OBSERVATION,e1a99079c3c45a64bc910980_e0001,DyK1014+996.00_伯舒拉岭右线DyK1014+996洞身素描记录表.pdf,,25～125经常渗水,,,"[""当前开挖段落见线状出水，""]",FACE_POINT,False,里程：DyK1014+996 地质预报单位：川藏铁路隧道超前地质预报项目部洛隆分部,"[""建议：在开挖后及时对左右两侧边墙处松动的岩块进行处理，对局部岩体破碎、易掉块的位 置应提前支护，防止掉块，如有异常及时上报，确保隧道施工和人员安全，避免设备受损和卡机"", ""建议做好拱底防排水措施。""]",IN_SCOPE,,/Users/zhaoxiaoda/Library/CloudStorage/GoogleDrive-xiaodazhao0608@gmail.com/我的云端硬盘/TBM9/SKETCH/DyK1014+996.00_伯舒拉岭右线DyK1014+996洞身素描记录表.pdf,FACE_SKETCH,POINT,1014996.0,线状出水,弱风化
9 地 质 描 述 伯舒拉岭隧道进口右线DyK1014 Ⅳ +996~DyK1015+017洞身推测岩性为石炭二叠系变质Ⅳ砂岩夹 板岩，矿物成分以石英，钙质胶结。围岩整体弱风化，岩质硬，节理裂隙较发育，岩体较破碎， 掌子面见线状出水。 板理产状：N28W/32°S。同时发育3组节理裂隙，产状如下： J1：N22°E/38°S，d=0.2~0.4m，L=3~6m，平直、光滑、密闭、无充填； J2：N15°E/25°N，d=0.2~0.4m，L=3~6m，平直、光滑、密闭、无充填； J3：N35°E/28°N，d=0.2~0.4m，L=3~6m，平直、光滑、密闭、无充填； 综上所述，判定洞身围岩为Ⅳ级，与设计相符。,e1a99079c3c45a64bc910980,e1a99079c3c45a64bc910980,False,,1015017.0,FORECAST,FORECAST_SEGMENT,e1a99079c3c45a64bc910980_e0002,DyK1014+996.00_伯舒拉岭右线DyK1014+996洞身素描记录表.pdf,,,节理裂隙较发育,变质砂岩,[],FORECAST_SEGMENT,False,DyK1014 Ⅳ +996~DyK1015+017,[],IN_SCOPE,岩体较破碎,/Users/zhaoxiaoda/Library/CloudStorage/GoogleDrive-xiaodazhao0608@gmail.com/我的云端硬盘/TBM9/SKETCH/DyK1014+996.00_伯舒拉岭右线DyK1014+996洞身素描记录表.pdf,FACE_SKETCH,INTERVAL,1014996.0,线状出水,弱风化
当前开挖段落见股状出水，,d6a117ef990078f68315eda7,d6a117ef990078f68315eda7,False,,1015017.0,OBSERVED,FACE_OBSERVATION,d6a117ef990078f68315eda7_e0001,DyK1015+017.00_伯舒拉岭右线DyK1015+017洞身素描记录表.pdf,,25～125经常渗水,,,"[""当前开挖段落见股状出水，""]",FACE_POINT,False,里程：DyK1015+017 地质预报单位：川藏铁路隧道超前地质预报项目部洛隆分部,"[""建议：在开挖后及时对左右两侧边墙处松动的岩块进行处理，对局部岩体破碎、易掉块的位 置应提前支护，防止掉块，如有异常及时上报，确保隧道施工和人员安全，避免设备受损和卡机"", ""建议做好拱底防排水措施。""]",IN_SCOPE,,/Users/zhaoxiaoda/Library/CloudStorage/GoogleDrive-xiaodazhao0608@gmail.com/我的云端硬盘/TBM9/SKETCH/DyK1015+017.00_伯舒拉岭右线DyK1015+017洞身素描记录表.pdf,FACE_SKETCH,POINT,1015017.0,股状出水,弱风化
9 地 质 描 述 伯舒拉岭隧道进口右线DyK1015 Ⅲ +017~DyK1015+047洞身推测岩性为石炭二叠系变质Ⅳ砂岩夹 板岩，矿物成分以石英，钙质胶结。围岩整体弱风化，岩质硬，节理裂隙发育，岩体破碎，存在 掉块风险，当前段落见股状出水。 板理产状：N28W/32°S。同时发育3组节理裂隙，产状如下： J1：N50°W/34°N，d=0.2~0.4m，L=3~6m，平直、光滑、密闭、无充填； J2：N83°E/21°N，d=0.2~0.4m，L=3~6m，平直、光滑、密闭、无充填； J3：N56°E/22°N，d=0.2~0.4m，L=3~6m，平直、光滑、密闭、无充填； 综上所述，判定洞身围岩为Ⅳ级。,d6a117ef990078f68315eda7,d6a117ef990078f68315eda7,False,,1015047.0,FORECAST,FORECAST_SEGMENT,d6a117ef990078f68315eda7_e0002,DyK1015+017.00_伯舒拉岭右线DyK1015+017洞身素描记录表.pdf,,,节理裂隙发育,变质砂岩,[],FORECAST_SEGMENT,False,DyK1015 Ⅲ +017~DyK1015+047,[],IN_SCOPE,岩体破碎,/Users/zhaoxiaoda/Library/CloudStorage/GoogleDrive-xiaodazhao0608@gmail.com/我的云端硬盘/TBM9/SKETCH/DyK1015+017.00_伯舒拉岭右线DyK1015+017洞身素描记录表.pdf,FACE_SKETCH,INTERVAL,1015017.0,股状出水,弱风化
当前开挖段落见线状出水，,a4c3d9da48db63b054999ebb,a4c3d9da48db63b054999ebb,False,,1015047.0,OBSERVED,FACE_OBSERVATION,a4c3d9da48db63b054999ebb_e0001,DyK1015+047.00_伯舒拉岭右线DyK1015+047洞身素描记录表.pdf,,25～125经常渗水,,,"[""当前开挖段落见线状出水，""]",FACE_POINT,False,里程：DyK1015+047 地质预报单位：川藏铁路隧道超前地质预报项目部洛隆分部,"[""建议：在开挖后及时对左右两侧边墙处松动的岩块进行处理，对局部岩体破碎、易掉块的位 置应提前支护，防止掉块，如有异常及时上报，确保隧道施工和人员安全，避免设备受损和卡机"", ""建议做好拱底防排水措施。""]",IN_SCOPE,,/Users/zhaoxiaoda/Library/CloudStorage/GoogleDrive-xiaodazhao0608@gmail.com/我的云端硬盘/TBM9/SKETCH/DyK1015+047.00_伯舒拉岭右线DyK1015+047洞身素描记录表.pdf,FACE_SKETCH,POINT,1015047.0,线状出水,弱风化
9 地 质 描 述 伯舒拉岭隧道进口右线DyK1015 Ⅲ +047~DyK1015+077洞身推测岩性为石炭二叠系变质Ⅳ砂岩夹 板岩，矿物成分以石英，钙质胶结。围岩整体弱风化，岩质硬，掌子面拱顶及左右边墙节理裂隙 发育密集，岩体破碎，存在掉块风险，当前段落见线状出水。 板理产状：N23W/31°S。同时发育3组节理裂隙，产状如下： J1：N33°E/43°S，d=0.2~0.4m，L=3~6m，平直、光滑、密闭、无充填； J2：N21°E/24°S，d=0.2~0.4m，L=3~6m，平直、光滑、密闭、无充填； J3：N42°E/31°N，d=0.2~0.4m，L=3~6m，平直、光滑、密闭、无充填； 综上所述，判定洞身围岩为Ⅳ级。,a4c3d9da48db63b054999ebb,a4c3d9da48db63b054999ebb,False,,1015077.0,FORECAST,FORECAST_SEGMENT,a4c3d9da48db63b054999ebb_e0002,DyK1015+047.00_伯舒拉岭右线DyK1015+047洞身素描记录表.pdf,,,节理裂隙发育密集,变质砂岩,[],FORECAST_SEGMENT,False,DyK1015 Ⅲ +047~DyK1015+077,[],IN_SCOPE,岩体破碎,/Users/zhaoxiaoda/Library/CloudStorage/GoogleDrive-xiaodazhao0608@gmail.com/我的云端硬盘/TBM9/SKETCH/DyK1015+047.00_伯舒拉岭右线DyK1015+047洞身素描记录表.pdf,FACE_SKETCH,INTERVAL,1015047.0,线状出水,弱风化
当前开挖段落见线状出水，,0ec6c8fe5d3c8e669f5cc4ce,0ec6c8fe5d3c8e669f5cc4ce,False,,1015077.0,OBSERVED,FACE_OBSERVATION,0ec6c8fe5d3c8e669f5cc4ce_e0001,DyK1015+077.00_伯舒拉岭右线DyK1015+077洞身素描记录表.pdf,,25～125经常渗水,,,"[""当前开挖段落见线状出水，""]",FACE_POINT,False,里程：DyK1015+077 地质预报单位：川藏铁路隧道超前地质预报项目部洛隆分部,"[""建议：在开挖后及时对左右两侧边墙处松动的岩块进行处理，对局部岩体破碎、易掉块的位 置应提前支护，防止掉块，如有异常及时上报，确保隧道施工和人员安全，避免设备受损和卡机"", ""建议做好拱底防排水措施。""]",IN_SCOPE,,/Users/zhaoxiaoda/Library/CloudStorage/GoogleDrive-xiaodazhao0608@gmail.com/我的云端硬盘/TBM9/SKETCH/DyK1015+077.00_伯舒拉岭右线DyK1015+077洞身素描记录表.pdf,FACE_SKETCH,POINT,1015077.0,线状出水,弱风化
9 地 质 描 述 伯舒拉岭隧道进口右线DyK1015 Ⅲ +077~DyK1015+107洞身推测岩性为石炭二叠系变质Ⅳ砂岩夹 板岩，矿物成分以石英，钙质胶结。围岩整体弱风化，岩质硬，节理裂隙较发育-发育，岩体较破 碎-破碎，存在掉块风险，当前段落见线状出水。 板理产状：N42W/15°S。同时发育2组节理裂隙，产状如下： J1：N28°E/22°S，d=0.2~0.4m，L=3~6m，平直、光滑、密闭、无充填； J2：N18°E/39°S，d=0.2~0.4m，L=3~6m，平直、光滑、密闭、无充填。 综上所述，判定洞身围岩为Ⅳ级。,0ec6c8fe5d3c8e669f5cc4ce,0ec6c8fe5d3c8e669f5cc4ce,False,,1015107.0,FORECAST,FORECAST_SEGMENT,0ec6c8fe5d3c8e669f5cc4ce_e0002,DyK1015+077.00_伯舒拉岭右线DyK1015+077洞身素描记录表.pdf,,,节理裂隙较发育,变质砂岩,[],FORECAST_SEGMENT,False,DyK1015 Ⅲ +077~DyK1015+107,[],IN_SCOPE,岩体较破碎,/Users/zhaoxiaoda/Library/CloudStorage/GoogleDrive-xiaodazhao0608@gmail.com/我的云端硬盘/TBM9/SKETCH/DyK1015+077.00_伯舒拉岭右线DyK1015+077洞身素描记录表.pdf,FACE_SKETCH,INTERVAL,1015077.0,线状出水,弱风化
当前开挖段落见线状出水，,2705d998bee4be2ea827f935,2705d998bee4be2ea827f935,False,,1015107.0,OBSERVED,FACE_OBSERVATION,2705d998bee4be2ea827f935_e0001,DyK1015+107.00_伯舒拉岭右线DyK1015+107洞身素描记录表.pdf,,25～125经常渗水,,,"[""当前开挖段落见线状出水，""]",FACE_POINT,False,里程：DyK1015+107 地质预报单位：川藏铁路隧道超前地质预报项目部洛隆分部,"[""建议：在开挖后及时对左右两侧边墙处松动的岩块进行处理，对局部岩体破碎、易掉块的位 置应提前支护，防止掉块，如有异常及时上报，确保隧道施工和人员安全，避免设备受损和卡机"", ""建议做好拱底防排水措施。""]",IN_SCOPE,,/Users/zhaoxiaoda/Library/CloudStorage/GoogleDrive-xiaodazhao0608@gmail.com/我的云端硬盘/TBM9/SKETCH/DyK1015+107.00_伯舒拉岭右线DyK1015+107洞身素描记录表.pdf,FACE_SKETCH,POINT,1015107.0,线状出水,弱风化
9 地 质 描 述 伯舒拉岭隧道进口右线DyK1015 Ⅲ +107~DyK1015+137洞身推测岩性为石炭二叠系变质Ⅳ砂岩夹 板岩，矿物成分以石英，钙质胶结。围岩整体弱风化，岩质硬，节理裂隙较发育-发育，岩体较破 碎-破碎，存在掉块风险，当前段落见线状出水。 板理产状：N30W/21°S。同时发育2组节理裂隙，产状如下： J1：N23°E/19°S，d=0.2~0.4m，L=3~6m，平直、光滑、密闭、无充填； J2：N15°E/31°S，d=0.2~0.4m，L=3~6m，平直、光滑、密闭、无充填。 综上所述，判定洞身围岩为Ⅳ级。,2705d998bee4be2ea827f935,2705d998bee4be2ea827f935,False,,1015137.0,FORECAST,FORECAST_SEGMENT,2705d998bee4be2ea827f935_e0002,DyK1015+107.00_伯舒拉岭右线DyK1015+107洞身素描记录表.pdf,,,节理裂隙较发育,变质砂岩,[],FORECAST_SEGMENT,False,DyK1015 Ⅲ +107~DyK1015+137,[],IN_SCOPE,岩体较破碎,/Users/zhaoxiaoda/Library/CloudStorage/GoogleDrive-xiaodazhao0608@gmail.com/我的云端硬盘/TBM9/SKETCH/DyK1015+107.00_伯舒拉岭右线DyK1015+107洞身素描记录表.pdf,FACE_SKETCH,INTERVAL,1015107.0,线状出水,弱风化
当前开挖段落见线状出水，,cd57f2166c74fd620e9db302,cd57f2166c74fd620e9db302,False,,1015137.0,OBSERVED,FACE_OBSERVATION,cd57f2166c74fd620e9db302_e0001,DyK1015+137.00_伯舒拉岭右线DyK1015+137洞身素描记录表.pdf,,25～125经常渗水,,,"[""当前开挖段落见线状出水，""]",FACE_POINT,False,里程：DyK1015+137 地质预报单位：川藏铁路隧道超前地质预报项目部洛隆分部,"[""建议：在开挖后及时对左右两侧边墙处松动的岩块进行处理，对局部岩体破碎、易掉块的位 置应提前支护，防止掉块，如有异常及时上报，确保隧道施工和人员安全，避免设备受损和卡机"", ""建议做好拱底防排水措施。""]",IN_SCOPE,,/Users/zhaoxiaoda/Library/CloudStorage/GoogleDrive-xiaodazhao0608@gmail.com/我的云端硬盘/TBM9/SKETCH/DyK1015+137.00_伯舒拉岭右线DyK1015+137洞身素描记录表.pdf,FACE_SKETCH,POINT,1015137.0,线状出水,弱风化
9 地 质 描 述 伯舒拉岭隧道进口右线DyK1015 Ⅲ +137~DyK1015+167洞身推测岩性为石炭二叠系变质砂Ⅲ岩夹 板岩，矿物成分以石英，钙质胶结。围岩整体弱风化，岩质硬，节理裂隙较发育，岩体较完整-较 破碎，掌子面左侧边墙节理裂隙发育密集，岩体较破碎，存在掉块风险，当前段落见线状出水。 板理产状：N24W/21°S。同时发育2组节理裂隙，产状如下： J1：N16°E/21°S，d=0.2~0.4m，L=3~6m，平直、光滑、密闭、无充填； J2：N25°E/22°S，d=0.2~0.4m，L=3~6m，平直、光滑、密闭、无充填。 综上所述，判定洞身围岩为Ⅲ级。,cd57f2166c74fd620e9db302,cd57f2166c74fd620e9db302,False,,1015167.0,FORECAST,FORECAST_SEGMENT,cd57f2166c74fd620e9db302_e0002,DyK1015+137.00_伯舒拉岭右线DyK1015+137洞身素描记录表.pdf,,,节理裂隙发育密集,变质砂岩,[],FORECAST_SEGMENT,False,DyK1015 Ⅲ +137~DyK1015+167,[],IN_SCOPE,岩体较破碎,/Users/zhaoxiaoda/Library/CloudStorage/GoogleDrive-xiaodazhao0608@gmail.com/我的云端硬盘/TBM9/SKETCH/DyK1015+137.00_伯舒拉岭右线DyK1015+137洞身素描记录表.pdf,FACE_SKETCH,INTERVAL,1015137.0,线状出水,弱风化
当前开挖段落见线状出水，,5ce199edbb436bc2505aa676,5ce199edbb436bc2505aa676,False,,1015167.0,OBSERVED,FACE_OBSERVATION,5ce199edbb436bc2505aa676_e0001,DyK1015+167.00_伯舒拉岭右线DyK1015+167洞身素描记录表.pdf,,25～125经常渗水,,,"[""当前开挖段落见线状出水，""]",FACE_POINT,False,里程：DyK1015+167 地质预报单位：川藏铁路隧道超前地质预报项目部洛隆分部,"[""建议：在开挖后及时对左右两侧边墙处松动的岩块进行处理，对局部岩体破碎、易掉块的位 置应提前支护，防止掉块，如有异常及时上报，确保隧道施工和人员安全，避免设备受损和卡机"", ""建议做好拱底防排水措施。""]",IN_SCOPE,,/Users/zhaoxiaoda/Library/CloudStorage/GoogleDrive-xiaodazhao0608@gmail.com/我的云端硬盘/TBM9/SKETCH/DyK1015+167.00_伯舒拉岭右线DyK1015+167洞身素描记录表.pdf,FACE_SKETCH,POINT,1015167.0,线状出水,弱风化
9 地 质 描 述 伯舒拉岭隧道进口右线DyK1015 Ⅲ +167~DyK1015+197洞身推测岩性为石炭二叠系变质Ⅳ砂岩夹 板岩，矿物成分以石英为主，钙质胶结。围岩整体弱风化，岩质硬，节理裂隙发育密集，岩体破 碎，存在掉块风险，围岩见锈蚀痕迹，掌子面右侧边墙拱腰位置见线状出水。 板理产状：N22W/31°S。同时发育3组节理裂隙，产状如下： J1：N49°W/34°S，d=0.2~0.4m，L=3~6m，平直、光滑、密闭、无充填； J2：N69°W/24°S，d=0.2~0.4m，L=3~6m，平直、光滑、密闭、无充填。 J3：N49°W/32°N，d=0.2~0.4m，L=3~6m，平直、光滑、密闭、无充填。 综上所述，判定洞身围岩为Ⅳ级。,5ce199edbb436bc2505aa676,5ce199edbb436bc2505aa676,False,,1015197.0,FORECAST,FORECAST_SEGMENT,5ce199edbb436bc2505aa676_e0002,DyK1015+167.00_伯舒拉岭右线DyK1015+167洞身素描记录表.pdf,,,节理裂隙发育密集,变质砂岩,[],FORECAST_SEGMENT,False,DyK1015 Ⅲ +167~DyK1015+197,[],IN_SCOPE,岩体破碎,/Users/zhaoxiaoda/Library/CloudStorage/GoogleDrive-xiaodazhao0608@gmail.com/我的云端硬盘/TBM9/SKETCH/DyK1015+167.00_伯舒拉岭右线DyK1015+167洞身素描记录表.pdf,FACE_SKETCH,INTERVAL,1015167.0,线状出水,弱风化
当前开挖段落见线-股状出水，,e4b76bf670e8c3b905975a18,e4b76bf670e8c3b905975a18,False,,1015197.0,OBSERVED,FACE_OBSERVATION,e4b76bf670e8c3b905975a18_e0001,DyK1015+197.00_伯舒拉岭右线DyK1015+197洞身素描记录表.pdf,,25～125经常渗水,,,"[""当前开挖段落见线-股状出水，""]",FACE_POINT,False,里程：DyK1015+197 地质预报单位：川藏铁路隧道超前地质预报项目部洛隆分部,"[""建议：在开挖后及时对左右两侧边墙处松动的岩块进行处理，对局部岩体破碎、易掉块的位 置应提前支护，防止掉块，如有异常及时上报，确保隧道施工和人员安全，避免设备受损和卡机"", ""建议做好拱底防排水措施。""]",IN_SCOPE,,/Users/zhaoxiaoda/Library/CloudStorage/GoogleDrive-xiaodazhao0608@gmail.com/我的云端硬盘/TBM9/SKETCH/DyK1015+197.00_伯舒拉岭右线DyK1015+197洞身素描记录表.pdf,FACE_SKETCH,POINT,1015197.0,线-股状出水；股状出水,弱风化
"9 地 质 描 述 伯舒拉岭隧道进口右线DyK1015 Ⅲ +197~DyK1015+227洞身推测岩性为石炭二叠系板岩夹Ⅲ变质 砂岩，矿物成分以石英为主，长石为主，钙质胶结。围岩整体弱风化，岩质硬，节理裂隙发育密 集，岩体较破碎，存在掉块风险，围岩见锈蚀痕迹，掌子面右侧边墙拱腰位置见线-股状出水。 板理产状：N31°W/35°S。同时发育3组节理裂隙，产状如下： J1：N40°W/38°S，d=0.2~0.4m，L=3~6m，平直、光滑、密闭、无充填； J2：N52°W/29°S，d=0.2~0.4m，L=3~6m，平直、光滑、密闭、无充填。 J3：N41°W/30°N，d=0.2~0.4m，L=3~6m，平直、光滑、密闭、无充填。 综上所述，判定洞身围岩为Ⅲ级,与原设计相符。",e4b76bf670e8c3b905975a18,e4b76bf670e8c3b905975a18,False,,1015227.0,FORECAST,FORECAST_SEGMENT,e4b76bf670e8c3b905975a18_e0002,DyK1015+197.00_伯舒拉岭右线DyK1015+197洞身素描记录表.pdf,,,节理裂隙发育密集,板岩夹变质砂岩,[],FORECAST_SEGMENT,False,DyK1015 Ⅲ +197~DyK1015+227,[],IN_SCOPE,岩体较破碎,/Users/zhaoxiaoda/Library/CloudStorage/GoogleDrive-xiaodazhao0608@gmail.com/我的云端硬盘/TBM9/SKETCH/DyK1015+197.00_伯舒拉岭右线DyK1015+197洞身素描记录表.pdf,FACE_SKETCH,INTERVAL,1015197.0,线-股状出水；股状出水,弱风化
当前开挖段落见线-股状出水，,833916369b4511458c6616f7,833916369b4511458c6616f7,False,,1015227.0,OBSERVED,FACE_OBSERVATION,833916369b4511458c6616f7_e0001,DyK1015+227.00_伯舒拉岭右线DyK1015+227洞身素描记录表.pdf,,25～125经常渗水,,,"[""当前开挖段落见线-股状出水，""]",FACE_POINT,False,里程：DyK1015+227 地质预报单位：川藏铁路隧道超前地质预报项目部洛隆分部,"[""建议：在开挖后及时对左右两侧边墙处松动的岩块进行处理，对局部岩体破碎、易掉块的位 置应提前支护，防止掉块，如有异常及时上报，确保隧道施工和人员安全，避免设备受损和卡机"", ""建议做好拱底防排水措施。""]",IN_SCOPE,,/Users/zhaoxiaoda/Library/CloudStorage/GoogleDrive-xiaodazhao0608@gmail.com/我的云端硬盘/TBM9/SKETCH/DyK1015+227.00_伯舒拉岭右线DyK1015+227洞身素描记录表.pdf,FACE_SKETCH,POINT,1015227.0,线-股状出水；股状出水,弱风化
"9 地 质 描 述 伯舒拉岭隧道进口右线DyK1015 Ⅲ +227~DyK1015+257洞身推测岩性为石炭二叠系板岩夹Ⅲ变质 砂岩，矿物成分以石英为主，长石为主，钙质胶结。围岩整体弱风化，岩质硬，节理裂隙发育， 岩体较破碎-破碎，掌子面见线-股状出水。 板理产状：N15°E/36°S。同时发育3组节理裂隙，产状如下： J1：N80°E/37°N，d=0.2~0.4m，L=3~6m，平直、光滑、密闭、无充填； J2：N15°E/17°S，d=0.2~0.4m，L=3~6m，平直、光滑、密闭、无充填。 J3：N13°E/31°S，d=0.2~0.4m，L=3~6m，平直、光滑、密闭、无充填。 综上所述，判定洞身围岩为Ⅲ级,与原设计相符。",833916369b4511458c6616f7,833916369b4511458c6616f7,False,,1015257.0,FORECAST,FORECAST_SEGMENT,833916369b4511458c6616f7_e0002,DyK1015+227.00_伯舒拉岭右线DyK1015+227洞身素描记录表.pdf,,,节理裂隙发育,板岩夹变质砂岩,[],FORECAST_SEGMENT,False,DyK1015 Ⅲ +227~DyK1015+257,[],IN_SCOPE,岩体较破碎,/Users/zhaoxiaoda/Library/CloudStorage/GoogleDrive-xiaodazhao0608@gmail.com/我的云端硬盘/TBM9/SKETCH/DyK1015+227.00_伯舒拉岭右线DyK1015+227洞身素描记录表.pdf,FACE_SKETCH,INTERVAL,1015227.0,线-股状出水；股状出水,弱风化
"9 地 质 描 述 伯舒拉岭隧道进口右线 DyK1015+ Ⅲ 257~DyK1015+283洞身推测岩性为石炭二叠系变质砂岩Ⅲ夹板岩 ，矿物成分以石英为主，长石为主，钙质胶结。围岩整体弱风化，岩质极硬，节理裂隙发育，岩体较 破碎，左侧边墙岩体破碎，存在掉块风险，掌子面见线状出水。 板理产状：N32°E/24°S。同时发育3组节理裂隙，产状如下： J1：N23°E/58°N，d=0.2~0.4m，L=3~6m，平直、光滑、微张、无充填； J2：N28°E/23°S，d=0.2~0.4m，L=3~6m，平直、光滑、密闭、无充填； J3：N15°E/65°S，d=0.2~0.4m，L=3~6m，平直、光滑、密闭、无充填。 综上所述，判定洞身围岩为Ⅲ级,与原设计相符。   当前开挖段落见线状出水， ",a19771b1abe7ec31f80b8c3a,a19771b1abe7ec31f80b8c3a,False,,1015257.0,OBSERVED,FACE_OBSERVATION,a19771b1abe7ec31f80b8c3a_e0001,DyK1015+257.00_伯舒拉岭右线DyK1015+257洞身素描记录表.pdf,,25～125经常渗水,节理裂隙发育,变质砂岩,"[""当前开挖段落见线状出水，""]",FACE_POINT,False,里程：DyK1015+257 地质预报单位：川藏铁路隧道超前地质预报项目部洛隆分部,"[""建议：在开挖后及时对左右两侧边墙处松动的岩块进行处理，对局部岩体破碎、易掉块的位置应 提前支护，防止掉块，如有异常及时上报，确保隧道施工和人员安全，避免设备受损和卡机"", ""建议做好拱底防排水措施。""]",IN_SCOPE,岩体较破碎,/Users/zhaoxiaoda/Library/CloudStorage/GoogleDrive-xiaodazhao0608@gmail.com/我的云端硬盘/TBM9/SKETCH/DyK1015+257.00_伯舒拉岭右线DyK1015+257洞身素描记录表.pdf,FACE_SKETCH,POINT,1015257.0,线状出水,弱风化
9 地 质 描 述 伯舒拉岭隧道进口右线 DyK1015+ Ⅲ 283~DyK1015+313洞身推测岩性为石炭二叠系变质砂岩IV夹板岩 ，矿物成分以石英、长石为主，钙质胶结。围岩整体弱风化，锤击声较清脆，有轻微回弹，稍震手， 较难击碎，为硬岩，节理裂隙发育，岩体较破碎-破碎，其中拱部左侧90°范围节理发育，岩体破碎， 出露护盾后局部掉块较为严重，掌子面见线状出水。 板理产状：N18°E/24°S。同时发育3组节理裂隙，产状如下： J1：N19°E/42°S，d=0.2~0.4m，L=3~6m，平直、光滑、微张、无充填； J2：N12°W/18°N，d=0.2~0.4m，L=3~6m，平直、光滑、密闭、无充填； J3：N35°E/21°N，d=0.2~0.4m，L=3~6m，平直、光滑、密闭、无充填。 综上所述，判定洞身围岩为IV级。   当前开挖段落见线状出水， ,cd8277b917b2390805b73439,cd8277b917b2390805b73439,False,,1015283.0,OBSERVED,FACE_OBSERVATION,cd8277b917b2390805b73439_e0001,DyK1015+283.00_伯舒拉岭右线DyK1015+283洞身素描记录表.pdf,,25～125经常渗水,节理裂隙发育,变质砂岩,"[""当前开挖段落见线状出水，""]",FACE_POINT,False,里程：DyK1015+283 地质预报单位：川藏铁路隧道超前地质预报项目部洛隆分部,"[""建议：在开挖后及时对左右两侧边墙处松动的岩块进行处理，对局部岩体破碎、易掉块的位置应 提前支护，防止掉块，如有异常及时上报，确保隧道施工和人员安全，避免设备受损和卡机"", ""建议做好拱底防排水措施。""]",IN_SCOPE,岩体较破碎,/Users/zhaoxiaoda/Library/CloudStorage/GoogleDrive-xiaodazhao0608@gmail.com/我的云端硬盘/TBM9/SKETCH/DyK1015+283.00_伯舒拉岭右线DyK1015+283洞身素描记录表.pdf,FACE_SKETCH,POINT,1015283.0,线状出水,弱风化
9 地 质 描 述 伯舒拉岭隧道进口右线 DyK1015+ Ⅲ 313~DyK1015+317洞身推测岩性为石炭二叠系变质砂岩IV夹板岩 ，矿物成分以石英、长石为主，钙质胶结。围岩整体弱风化，锤击声较清脆，有轻微回弹，稍震手， 较难击碎，为硬岩，节理裂隙发育，岩体较破碎-破碎，左右边墙节理裂隙发育相对密集，岩体破碎， 存在掉块风险，掌子面见线状出水。 板理产状：N18°E/24°S。同时发育3组节理裂隙，产状如下： J1：N20°E/51°S，d=0.2~0.4m，L=3~6m，平直、光滑、微张、无充填； J2：N7°E/40°S，d=0.2~0.4m，L=3~6m，平直、光滑、密闭、无充填； J3：N14°E/31°S，d=0.2~0.4m，L=3~6m，平直、光滑、密闭、无充填。 综上所述，判定洞身围岩为IV级。   当前开挖段落见线状出水， ,deace5b0d7364edd757edfac,deace5b0d7364edd757edfac,False,,1015313.0,OBSERVED,FACE_OBSERVATION,deace5b0d7364edd757edfac_e0001,DyK1015+313.00_伯舒拉岭右线DyK1015+313洞身素描记录表.pdf,,25～125经常渗水,节理裂隙发育,变质砂岩,"[""当前开挖段落见线状出水，""]",FACE_POINT,False,里程：DyK1015+313 地质预报单位：川藏铁路隧道超前地质预报项目部洛隆分部,"[""建议：在开挖后及时对左右两侧边墙处松动的岩块进行处理，对局部岩体破碎、易掉块的位置应 提前支护，防止掉块，如有异常及时上报，确保隧道施工和人员安全，避免设备受损和卡机"", ""建议做好拱底防排水措施。""]",IN_SCOPE,岩体较破碎,/Users/zhaoxiaoda/Library/CloudStorage/GoogleDrive-xiaodazhao0608@gmail.com/我的云端硬盘/TBM9/SKETCH/DyK1015+313.00_伯舒拉岭右线DyK1015+313洞身素描记录表.pdf,FACE_SKETCH,POINT,1015313.0,线状出水,弱风化
9 地 质 描 述 伯舒拉岭隧道进口右线 DyK1015+ IV 317~DyK1015+347洞身推测岩性为石炭二叠系变质砂岩IV夹板岩 ，矿物成分以石英、长石为主，钙质胶结。围岩整体弱风化，锤击声较清脆，有轻微回弹，稍震手， 较难击碎，为硬岩，节理裂隙发育，岩体较破碎-破碎，拱顶部分节理裂隙发育相对密集，岩体破碎， 呈碎石状压碎结构，存在掉块风险，掌子面见线状出水。 板理产状：N22°E/25°S。同时发育3组节理裂隙，产状如下： J1：N14°E/54°S，d=0.2~0.4m，L=3~6m，平直、光滑、微张、无充填； J2：N5°E/32°S，d=0.3~0.5m，L=3~6m，平直、光滑、密闭、无充填； J3：N12°E/38°S，d=0.2~0.4m，L=3~6m，平直、光滑、密闭、无充填。 综上所述，判定洞身围岩为IV级，与原设计相符。   当前开挖段落见线状出水， ,02e00321ce5666a8de86a89b,02e00321ce5666a8de86a89b,False,,1015317.0,OBSERVED,FACE_OBSERVATION,02e00321ce5666a8de86a89b_e0001,DyK1015+317.00_伯舒拉岭右线DyK1015+317洞身素描记录表.pdf,,25～125经常渗水,节理裂隙发育,变质砂岩,"[""当前开挖段落见线状出水，""]",FACE_POINT,False,里程：DyK1015+317 地质预报单位：川藏铁路隧道超前地质预报项目部洛隆分部,"[""建议：在开挖后及时对左右两侧边墙处松动的岩块进行处理，对局部岩体破碎、易掉块的位置应 提前支护，防止掉块，如有异常及时上报，确保隧道施工和人员安全，避免设备受损和卡机"", ""建议做好拱底防排水措施。""]",IN_SCOPE,岩体较破碎,/Users/zhaoxiaoda/Library/CloudStorage/GoogleDrive-xiaodazhao0608@gmail.com/我的云端硬盘/TBM9/SKETCH/DyK1015+317.00_伯舒拉岭右线DyK1015+317洞身素描记录表.pdf,FACE_SKETCH,POINT,1015317.0,线状出水,弱风化
9 地 质 描 述 伯舒拉岭隧道进口右线 DyK1015+ IV 347~DyK1015+377洞身推测岩性为石炭二叠系变质砂岩IV夹板岩 ，矿物成分以石英、长石为主，钙质胶结。围岩整体弱风化，锤击声较清脆，有轻微回弹，稍震手， 较难击碎，为硬岩，节理裂隙发育，岩体较破碎-破碎，掌子面左侧边墙节理裂隙发育密集，岩体破碎 ，呈碎石状压碎结构，存在掉块风险，掌子面见线状出水。 板理产状：N25°E/21°S。同时发育3组节理裂隙，产状如下： J1：N29°E/42°S，d=0.2~0.3m，L=3~6m，平直、光滑、微张、无充填； J2：N48°E/17°N，d=0.2~0.4m，L=3~6m，平直、光滑、密闭、无充填； J3：N8°W/21°N，d=0.2~0.4m，L=3~6m，平直、光滑、密闭、无充填。 综上所述，判定洞身围岩为IV级，与原设计相符。   当前开挖段落见线状出水， ,ab6ec63c7363a766c9f752eb,ab6ec63c7363a766c9f752eb,False,,1015347.0,OBSERVED,FACE_OBSERVATION,ab6ec63c7363a766c9f752eb_e0001,DyK1015+347.00_伯舒拉岭右线DyK1015+347洞身素描记录表.pdf,,25～125经常渗水,节理裂隙发育密集,变质砂岩,"[""当前开挖段落见线状出水，""]",FACE_POINT,False,里程：DyK1015+347 地质预报单位：川藏铁路隧道超前地质预报项目部洛隆分部,"[""建议：在开挖后及时对左右两侧边墙处松动的岩块进行处理，对局部岩体破碎、易掉块的位置应 提前支护，防止掉块，如有异常及时上报，确保隧道施工和人员安全，避免设备受损和卡机"", ""建议做好拱底防排水措施。""]",IN_SCOPE,岩体较破碎,/Users/zhaoxiaoda/Library/CloudStorage/GoogleDrive-xiaodazhao0608@gmail.com/我的云端硬盘/TBM9/SKETCH/DyK1015+347.00_伯舒拉岭右线DyK1015+347洞身素描记录表.pdf,FACE_SKETCH,POINT,1015347.0,线状出水,弱风化
9 地 质 描 述 伯舒拉岭隧道进口右线 DyK1015+ IV 377~DyK1015+407洞身推测岩性为石炭二叠系变质砂岩IV夹板岩 ，矿物成分以石英、长石为主，钙质胶结。围岩整体弱风化，锤击声较清脆，有轻微回弹，稍震手， 较难击碎，岩质整体软硬不均，节理裂隙发育，岩体较破碎-破碎，掌子面拱顶及左侧边墙岩体破碎， 呈碎石状压碎结构，存在掉块风险，掌子面见线状出水。 板理产状：N15°E/31°S。同时发育3组节理裂隙，产状如下： J1：N15°E/32°S，d=0.2~0.3m，L=3~6m，平直、光滑、微张、无充填； J2：N40°E/18°N，d=0.2~0.4m，L=3~6m，平直、光滑、密闭、无充填； J3：N11°W/25°N，d=0.2~0.4m，L=3~6m，平直、光滑、密闭、无充填。 综上所述，判定洞身围岩为IV级，与原设计相符。   当前开挖段落见线状出水， ,56a8f2fb9d840adcc7c87871,56a8f2fb9d840adcc7c87871,False,,1015377.0,OBSERVED,FACE_OBSERVATION,56a8f2fb9d840adcc7c87871_e0001,DyK1015+377.00_伯舒拉岭右线DyK1015+377洞身素描记录表.pdf,,25～125经常渗水,节理裂隙发育,变质砂岩,"[""当前开挖段落见线状出水，""]",FACE_POINT,False,里程：DyK1015+377 地质预报单位：川藏铁路隧道超前地质预报项目部洛隆分部,"[""建议：在开挖后及时对左右两侧边墙处松动的岩块进行处理，对局部岩体破碎、易掉块的位置应 提前支护，防止掉块，如有异常及时上报，确保隧道施工和人员安全，避免设备受损和卡机"", ""建议做好拱底防排水措施。""]",IN_SCOPE,岩体较破碎,/Users/zhaoxiaoda/Library/CloudStorage/GoogleDrive-xiaodazhao0608@gmail.com/我的云端硬盘/TBM9/SKETCH/DyK1015+377.00_伯舒拉岭右线DyK1015+377洞身素描记录表.pdf,FACE_SKETCH,POINT,1015377.0,线状出水,弱风化
9 地 质 描 述 伯舒拉岭隧道进口右线 DyK1015+ IV 407~DyK1015+437洞身推测岩性为石炭二叠系变质砂岩IV夹板岩 ，矿物成分以石英、长石为主，钙质胶结。围岩整体弱风化，锤击声较清脆，有轻微回弹，稍震手， 较难击碎，岩质整体软硬不均，节理裂隙发育，岩体较破碎，存在掉块风险，掌子面见线状出水。 板理产状：N18°E/26°S。同时发育3组节理裂隙，产状如下： J1：N31°E/49°S，d=0.2~0.4m，L=3~6m，平直、光滑、微张、无充填； J2：N42°E/27°N，d=0.2~0.4m，L=2~4m，平直、光滑、密闭、无充填； J3：N28°E/21°S，d=0.2~0.4m，L=3~6m，平直、光滑、密闭、无充填。 综上所述，判定洞身围岩为IV级，与原设计相符。   当前开挖段落见线状出水， ,80b7850a0e4320724f94c1d1,80b7850a0e4320724f94c1d1,False,,1015407.0,OBSERVED,FACE_OBSERVATION,80b7850a0e4320724f94c1d1_e0001,DyK1015+407.00_伯舒拉岭右线DyK1015+407洞身素描记录表.pdf,,25～125经常渗水,节理裂隙发育,变质砂岩,"[""当前开挖段落见线状出水，""]",FACE_POINT,False,里程：DyK1015+407 地质预报单位：川藏铁路隧道超前地质预报项目部洛隆分部,"[""建议：在开挖后及时对左右两侧边墙处松动的岩块进行处理，对局部岩体破碎、易掉块的位置应 提前支护，防止掉块，如有异常及时上报，确保隧道施工和人员安全，避免设备受损和卡机"", ""建议做好拱底防排水措施。""]",IN_SCOPE,岩体较破碎,/Users/zhaoxiaoda/Library/CloudStorage/GoogleDrive-xiaodazhao0608@gmail.com/我的云端硬盘/TBM9/SKETCH/DyK1015+407.00_伯舒拉岭右线DyK1015+407洞身素描记录表.pdf,FACE_SKETCH,POINT,1015407.0,线状出水,弱风化
9 地 质 描 述 伯舒拉岭隧道进口右线 DyK1015 I + V 423~DyK1015+453洞身推测岩性为石炭二叠系变质砂IV岩夹板 岩，矿物成分以石英为主，钙质胶结。 板理产状：N15°E/32°S。同时发育3组节理裂隙，产状如下： J1：N22°E/45°S，d=0.2~0.4m，L=3~6m，平直、光滑、微张、无充填； J2：N31°E/51°N，d=0.2~0.4m，L=3~6m，平直、光滑、密闭、无充填； J3：N22°E/41°N，d=0.2~0.4m，L=2~5m，平直、光滑、密闭、无充填。 综上所述，判定洞身围岩为IV级，与原设计相符。 当前开挖段落见线状出水，,d8909d2b749384327cc08d47,d8909d2b749384327cc08d47,False,,1015423.0,OBSERVED,FACE_OBSERVATION,d8909d2b749384327cc08d47_e0001,DyK1015+423.00_伯舒拉岭右线DyK1015+423洞身素描记录表.pdf,,10～25偶有渗水,,变质砂岩,"[""当前开挖段落见线状出水，""]",FACE_POINT,False,里程：DyK1015+423 地质预报单位：川藏铁路隧道超前地质预报项目部洛隆分部,"[""建议：在开挖后及时对左右两侧边墙处松动的岩块进行处理，对局部岩体破碎、易掉块的位置应 提前支护，防止掉块，如有异常及时上报，确保隧道施工和人员安全，避免设备受损和卡机。"", ""建议做好拱底防排水措施。""]",IN_SCOPE,,/Users/zhaoxiaoda/Library/CloudStorage/GoogleDrive-xiaodazhao0608@gmail.com/我的云端硬盘/TBM9/SKETCH/DyK1015+423.00_伯舒拉岭右线DyK1015+423洞身素描记录表.pdf,FACE_SKETCH,POINT,1015423.0,线状出水,弱风化
围岩整体弱风化，锤击声较清脆，有轻微回弹，稍震手，较难 击碎，判定岩质为硬岩，节理裂隙较发育，岩体较破碎-破碎，当前开挖段落DyK1015+408~DyK1015+ 423段拱顶及左右边墙节理裂隙较发育，地层岩性以变质砂岩为主，局部夹板岩，岩体较破碎，存在 线状出水。,d8909d2b749384327cc08d47,d8909d2b749384327cc08d47,False,,1015423.0,OBSERVED,FACE_OBSERVATION,d8909d2b749384327cc08d47_e0002,DyK1015+423.00_伯舒拉岭右线DyK1015+423洞身素描记录表.pdf,,,节理裂隙较发育,变质砂岩,[],CURRENT_EXCAVATED_INTERVAL,False,DyK1015+408~DyK1015+ 423,[],IN_SCOPE,岩体较破碎,/Users/zhaoxiaoda/Library/CloudStorage/GoogleDrive-xiaodazhao0608@gmail.com/我的云端硬盘/TBM9/SKETCH/DyK1015+423.00_伯舒拉岭右线DyK1015+423洞身素描记录表.pdf,FACE_SKETCH,INTERVAL,1015408.0,线状出水,弱风化
9 地 质 描 述 伯舒拉岭隧道进口右线DyK1015+ I 4 V 53~DyK1015+483段洞身推测岩性为石炭二叠系变质砂IV岩夹板 岩，矿物成分以石英为主，钙质胶结。 板理产状：N11°E/38°S。同时发育3组节理裂隙，产状如下： J1：N28°E/46°S，d=0.2~0.4m，L=3~6m，平直、光滑、微张、无充填； J2：N61°E/22°N，d=0.2~0.4m，L=3~6m，平直、光滑、密闭、无充填； J3：N22°E/32°N，d=0.2~0.4m，L=3~6m，平直、光滑、密闭、无充填。 综上所述，判定洞身围岩为IV级，与原设计相符。 当前开挖段落见线状出水，,a3035df5a0b90c579bbc0aa7,a3035df5a0b90c579bbc0aa7,False,,1015453.0,OBSERVED,FACE_OBSERVATION,a3035df5a0b90c579bbc0aa7_e0001,DyK1015+453.00_伯舒拉岭右线DyK1015+453洞身素描记录表.pdf,,25～125经常渗水,,变质砂岩,"[""当前开挖段落见线状出水，""]",FACE_POINT,False,里程：DyK1015+453 地质预报单位：川藏铁路隧道超前地质预报项目部洛隆分部,"[""建议：在开挖后及时对左右两侧边墙处松动的岩块进行处理，对局部岩体破碎、易掉块的位置应 提前支护，防止掉块，如有异常及时上报，确保隧道施工和人员安全，避免设备受损和卡机。"", ""建议做好拱底防排水措施。""]",IN_SCOPE,,/Users/zhaoxiaoda/Library/CloudStorage/GoogleDrive-xiaodazhao0608@gmail.com/我的云端硬盘/TBM9/SKETCH/DyK1015+453.00_伯舒拉岭右线DyK1015+453洞身素描记录表.pdf,FACE_SKETCH,POINT,1015453.0,线状出水,弱风化
围岩整体弱风化，锤击声较清脆，有轻微回弹，稍震手，较难 击碎，局部锤击身闷，较易击碎，判定岩质软硬不均，节理裂隙较发育，岩体较破碎-破碎，当前开挖 段落DyK1015+438~DyK1015+453段拱顶及右边墙节理裂隙发育，地层岩性以板岩为主，局部夹变质 砂岩，岩体破碎，有掉块现象，存在线状出水。,a3035df5a0b90c579bbc0aa7,a3035df5a0b90c579bbc0aa7,False,,1015453.0,OBSERVED,FACE_OBSERVATION,a3035df5a0b90c579bbc0aa7_e0002,DyK1015+453.00_伯舒拉岭右线DyK1015+453洞身素描记录表.pdf,,,节理裂隙较发育,变质砂岩,[],CURRENT_EXCAVATED_INTERVAL,False,DyK1015+438~DyK1015+453,[],IN_SCOPE,岩体较破碎,/Users/zhaoxiaoda/Library/CloudStorage/GoogleDrive-xiaodazhao0608@gmail.com/我的云端硬盘/TBM9/SKETCH/DyK1015+453.00_伯舒拉岭右线DyK1015+453洞身素描记录表.pdf,FACE_SKETCH,INTERVAL,1015438.0,线状出水,弱风化
9 地 质 描 述 伯舒拉岭隧道进口右线DyK1015+ I 4 V 83~DyK1015+513段洞身推测岩性为石炭二叠系板岩夹IV变质砂 岩，围岩整体弱风化，板岩为变余结构，板状构造，板状劈理发育，变质砂岩为变余砂状结构，中 厚层状构造，矿物成分以石英、长石为主，钙质胶结。锤击声较清脆，有轻微回弹，稍震手，较难击 碎，判定岩质为硬岩，节理裂隙较发育，岩体较破碎-破碎，当前开挖段落面向掌子面9-12点钟方向节 理裂隙发育较密集，岩体相对破碎，有掉块现象，围岩存在线状出水。 板理产状：N25°E/26°S。同时发育3组节理裂隙，产状如下： J1：N14°E/44°S，d=0.2~0.4m，L=3~6m，平直、光滑、密闭、无充填； J2：N48°E/27°N，d=0.2~0.4m，L=3~6m，平直、光滑、密闭、无充填； J3：N9°E/18°N，d=0.2~0.4m，L=3~6m，平直、光滑、密闭、无充填。 综上所述，判定洞身围岩为IV级，与原设计相符。   当前开挖段落见线状出水， ,f3a6ba7e67146413eefe7cbc,f3a6ba7e67146413eefe7cbc,False,,1015483.0,OBSERVED,FACE_OBSERVATION,f3a6ba7e67146413eefe7cbc_e0001,DyK1015+483.00_伯舒拉岭右线DyK1015+483洞身素描记录表.pdf,,25～125经常渗水,节理裂隙较发育,板岩夹变质砂岩,"[""锤击声较清脆，有轻微回弹，稍震手，较难击 碎，判定岩质为硬岩，节理裂隙较发育，岩体较破碎-破碎，当前开挖段落面向掌子面9-12点钟方向节 理裂隙发育较密集，岩体相对破碎，有掉块现象，围岩存在线状出水"", ""当前开挖段落见线状出水，""]",FACE_POINT,False,里程：DyK1015+483 地质预报单位：川藏铁路隧道超前地质预报项目部洛隆分部,"[""建议：在开挖后及时对左右两侧边墙处松动的岩块进行处理，对局部岩体破碎、易掉块的位置应 提前支护，防止掉块，如有异常及时上报，确保隧道施工和人员安全，避免设备受损和卡机。"", ""建议做好拱底防排水措施。""]",IN_SCOPE,岩体较破碎,/Users/zhaoxiaoda/Library/CloudStorage/GoogleDrive-xiaodazhao0608@gmail.com/我的云端硬盘/TBM9/SKETCH/DyK1015+483.00_伯舒拉岭右线DyK1015+483洞身素描记录表.pdf,FACE_SKETCH,POINT,1015483.0,线状出水,弱风化
9 地 质 描 述 伯舒拉岭隧道进口右线DyK1015+ I 5 V 05~DyK1015+535段洞身推测岩性为石炭二叠系变质砂IV岩夹板 岩，围岩整体弱风化，板岩为变余结构，板状构造，板状劈理发育，变质砂岩为变余砂状结构，中 厚层状构造，矿物成分以石英、长石为主，钙质胶结。 板理产状：N12°E/36°S。同时发育3组节理裂隙，产状如下： J1：N8°W/35°N，d=0.2~0.4m，L=3~6m，平直、光滑、密闭、无充填； J2：N26°E/29°N，d=0.2~0.4m，L=3~6m，平直、光滑、密闭、无充填； J3：N10°E/15°N，d=0.2~0.4m，L=3~6m，平直、光滑、密闭、无充填。 综上所述，判定洞身围岩为IV级，与原设计相符。 当前开挖段落见线状出水，,eaddf910631e211597b5a192,eaddf910631e211597b5a192,False,,1015505.0,OBSERVED,FACE_OBSERVATION,eaddf910631e211597b5a192_e0001,DyK1015+505.00_伯舒拉岭右线DyK1015+505洞身素描记录表.pdf,,25～125经常渗水,,变质砂岩,"[""当前开挖段落见线状出水，""]",FACE_POINT,False,里程：DyK1015+505 地质预报单位：川藏铁路隧道超前地质预报项目部洛隆分部,"[""建议：在开挖后及时对左右两侧边墙处松动的岩块进行处理，对局部岩体破碎、易掉块的位置应 提前支护，防止掉块，如有异常及时上报，确保隧道施工和人员安全，避免设备受损和卡机。"", ""建议做好拱底防排水措施。""]",IN_SCOPE,,/Users/zhaoxiaoda/Library/CloudStorage/GoogleDrive-xiaodazhao0608@gmail.com/我的云端硬盘/TBM9/SKETCH/DyK1015+505.00_伯舒拉岭右线DyK1015+505洞身素描记录表.pdf,FACE_SKETCH,POINT,1015505.0,线状出水,弱风化
节理裂隙较发育，岩体较破碎-破碎，当前开挖 段落DyK1015+490~DyK1015+505段锤击声较清脆，有轻微回弹，稍震手，较难击碎，判定岩质为硬 岩，左侧边墙节理裂隙发育较密集，岩体相对破碎，有掉块现象，围岩存在线状出水。,eaddf910631e211597b5a192,eaddf910631e211597b5a192,False,,1015505.0,OBSERVED,FACE_OBSERVATION,eaddf910631e211597b5a192_e0002,DyK1015+505.00_伯舒拉岭右线DyK1015+505洞身素描记录表.pdf,,,节理裂隙较发育,,[],CURRENT_EXCAVATED_INTERVAL,False,DyK1015+490~DyK1015+505,[],IN_SCOPE,岩体较破碎,/Users/zhaoxiaoda/Library/CloudStorage/GoogleDrive-xiaodazhao0608@gmail.com/我的云端硬盘/TBM9/SKETCH/DyK1015+505.00_伯舒拉岭右线DyK1015+505洞身素描记录表.pdf,FACE_SKETCH,INTERVAL,1015490.0,线状出水,
9 地 质 描 述 伯舒拉岭隧道进口右线DyK1015+ I 5 V 35~DyK1015+565段洞身推测岩性为石炭二叠系变质砂IV岩夹板 岩，围岩整体弱风化，板岩为变余结构，板状构造，板状劈理发育，变质砂岩为变余砂状结构，中 厚层状构造，矿物成分以石英、长石为主，钙质胶结。 板理产状：N21°E/31°S。同时发育3组节理裂隙，产状如下： J1：N12°W/30°N，d=0.2~0.4m，L=3~6m，平直、光滑、密闭、无充填； J2：N28°E/31°N，d=0.2~0.4m，L=3~6m，平直、光滑、密闭、无充填； J3：N15°E/18°N，d=0.2~0.4m，L=3~6m，平直、光滑、密闭、无充填。 综上所述，判定洞身围岩为IV级，与原设计相符。 当前开挖段落见线状出水，,fbd3f5a129997cf4351bed7d,fbd3f5a129997cf4351bed7d,False,,1015535.0,OBSERVED,FACE_OBSERVATION,fbd3f5a129997cf4351bed7d_e0001,DyK1015+535.00_伯舒拉岭右线DyK1015+535洞身素描记录表.pdf,,25～125经常渗水,,变质砂岩,"[""当前开挖段落见线状出水，""]",FACE_POINT,False,里程：DyK1015+535 地质预报单位：川藏铁路隧道超前地质预报项目部洛隆分部,"[""建议：在开挖后及时对左右两侧边墙处松动的岩块进行处理，对局部岩体破碎、易掉块的位置应 提前支护，防止掉块，如有异常及时上报，确保隧道施工和人员安全，避免设备受损和卡机。"", ""建议做好拱底防排水措施。""]",IN_SCOPE,,/Users/zhaoxiaoda/Library/CloudStorage/GoogleDrive-xiaodazhao0608@gmail.com/我的云端硬盘/TBM9/SKETCH/DyK1015+535.00_伯舒拉岭右线DyK1015+535洞身素描记录表.pdf,FACE_SKETCH,POINT,1015535.0,线状出水,弱风化
节理裂隙发育，岩体较破碎-破碎，当前开挖段 落DyK1015+520~DyK1015+535段岩性为变质砂岩夹板岩，锤击声较清脆，有轻微回弹，稍震手，较 难击碎，判定岩质为硬岩，拱顶及左侧边墙节理裂隙发育较密集，岩体相对破碎，存在掉块现象，左 右两侧边墙存在线状出水。,fbd3f5a129997cf4351bed7d,fbd3f5a129997cf4351bed7d,False,,1015535.0,OBSERVED,FACE_OBSERVATION,fbd3f5a129997cf4351bed7d_e0002,DyK1015+535.00_伯舒拉岭右线DyK1015+535洞身素描记录表.pdf,,,节理裂隙发育,变质砂岩,[],CURRENT_EXCAVATED_INTERVAL,False,DyK1015+520~DyK1015+535,[],IN_SCOPE,岩体较破碎,/Users/zhaoxiaoda/Library/CloudStorage/GoogleDrive-xiaodazhao0608@gmail.com/我的云端硬盘/TBM9/SKETCH/DyK1015+535.00_伯舒拉岭右线DyK1015+535洞身素描记录表.pdf,FACE_SKETCH,INTERVAL,1015520.0,线状出水,
9 地 质 描 述 伯舒拉岭隧道进口右线DyK1015+ I 5 V 65~DyK1015+595段洞身推测岩性为石炭二叠系变质砂IV岩夹板 岩，围岩整体弱风化，板岩为变余结构，板状构造，板状劈理发育，变质砂岩为变余砂状结构，中 厚层状构造，矿物成分以石英、长石为主，钙质胶结。 板理产状：N19°E/31°S。同时发育3组节理裂隙，产状如下： J1：N15°W/38°N，d=0.2~0.4m，L=2~5m，平直、光滑、密闭、无充填； J2：N25°E/37°N，d=0.2~0.4m，L=3~6m，平直、光滑、密闭、无充填； J3：N15°E/21°N，d=0.2~0.4m，L=3~6m，平直、光滑、密闭、无充填。 综上所述，判定洞身围岩为IV级，与原设计相符。 当前开挖段落见线状出水，,8a0b0138842b059a82fc42bd,8a0b0138842b059a82fc42bd,False,,1015565.0,OBSERVED,FACE_OBSERVATION,8a0b0138842b059a82fc42bd_e0001,DyK1015+565.00_伯舒拉岭右线DyK1015+565洞身素描记录表.pdf,,25～125经常渗水,,变质砂岩,"[""当前开挖段落见线状出水，""]",FACE_POINT,False,里程：DyK1015+565 地质预报单位：川藏铁路隧道超前地质预报项目部洛隆分部,"[""建议：在开挖后及时对左右两侧边墙处松动的岩块进行处理，对局部岩体破碎、易掉块的位置应 提前支护，防止掉块，如有异常及时上报，确保隧道施工和人员安全，避免设备受损和卡机。"", ""建议做好拱底防排水措施。""]",IN_SCOPE,,/Users/zhaoxiaoda/Library/CloudStorage/GoogleDrive-xiaodazhao0608@gmail.com/我的云端硬盘/TBM9/SKETCH/DyK1015+565.00_伯舒拉岭右线DyK1015+565洞身素描记录表.pdf,FACE_SKETCH,POINT,1015565.0,线状出水,弱风化
节理裂隙发育，岩体较破碎-破碎，当前开挖段 落DyK1015+550~DyK1015+565段岩性为变质砂岩夹板岩，锤击声较清脆，有轻微回弹，稍震手，较 难击碎，判定岩质为硬岩，拱顶及左侧边墙节理裂隙发育较密集，岩体破碎，存在掉块现象，左右两 侧边墙存在线状出水。,8a0b0138842b059a82fc42bd,8a0b0138842b059a82fc42bd,False,,1015565.0,OBSERVED,FACE_OBSERVATION,8a0b0138842b059a82fc42bd_e0002,DyK1015+565.00_伯舒拉岭右线DyK1015+565洞身素描记录表.pdf,,,节理裂隙发育,变质砂岩,[],CURRENT_EXCAVATED_INTERVAL,False,DyK1015+550~DyK1015+565,[],IN_SCOPE,岩体较破碎,/Users/zhaoxiaoda/Library/CloudStorage/GoogleDrive-xiaodazhao0608@gmail.com/我的云端硬盘/TBM9/SKETCH/DyK1015+565.00_伯舒拉岭右线DyK1015+565洞身素描记录表.pdf,FACE_SKETCH,INTERVAL,1015550.0,线状出水,
9 地 质 描 述 伯舒拉岭隧道进口右线DyK1015+ I 5 V 95~DyK1015+625段洞身推测岩性为石炭二叠系变质砂IV岩夹板 岩，围岩整体弱风化，板岩为变余结构，板状构造，板状劈理发育，变质砂岩为变余砂状结构，中 厚层状构造，矿物成分以石英、长石为主，钙质胶结。节理裂隙发育，岩体较破碎-破碎，存在掉块风 险； 板理产状：N21°E/38°S。同时发育3组节理裂隙，产状如下： J1：N28°W/42°N，d=0.2~0.4m，L=2~5m，平直、光滑、密闭、无充填； J2：N19°E/15°N，d=0.2~0.4m，L=3~6m，平直、光滑、密闭、无充填； J3：N21°E/36°N，d=0.2~0.4m，L=3~6m，平直、光滑、密闭、无充填。 综上所述，判定洞身围岩为IV级，与原设计相符。 当前开挖段落见线状出水，,4558db47ec8e84407563307a,4558db47ec8e84407563307a,False,,1015595.0,OBSERVED,FACE_OBSERVATION,4558db47ec8e84407563307a_e0001,DyK1015+595.00_伯舒拉岭右线DyK1015+595洞身素描记录表.pdf,,25～125经常渗水,节理裂隙发育,变质砂岩,"[""当前开挖段落见线状出水，""]",FACE_POINT,False,里程：DyK1015+595 地质预报单位：川藏铁路隧道超前地质预报项目部洛隆分部,"[""建议：在开挖后及时对左右两侧边墙处松动的岩块进行处理，对局部岩体破碎、易掉块的位置应 提前支护，防止掉块，如有异常及时上报，确保隧道施工和人员安全，避免设备受损和卡机。"", ""建议做好拱底防排水措施。""]",IN_SCOPE,岩体较破碎,/Users/zhaoxiaoda/Library/CloudStorage/GoogleDrive-xiaodazhao0608@gmail.com/我的云端硬盘/TBM9/SKETCH/DyK1015+595.00_伯舒拉岭右线DyK1015+595洞身素描记录表.pdf,FACE_SKETCH,POINT,1015595.0,线状出水,弱风化
当前开挖段落DyK1015+580~DyK1015+595段岩性为变质砂岩夹板岩，锤击声较清脆，有轻微回 弹，稍震手，较难击碎，判定岩质为硬岩，左侧边墙11点-9点钟方向节理裂隙发育较密集，岩体破 碎，呈碎石状压碎结构，存在掉块现象，左右两侧边墙存在线状出水。,4558db47ec8e84407563307a,4558db47ec8e84407563307a,False,,1015595.0,OBSERVED,FACE_OBSERVATION,4558db47ec8e84407563307a_e0002,DyK1015+595.00_伯舒拉岭右线DyK1015+595洞身素描记录表.pdf,,,节理裂隙发育,变质砂岩,[],CURRENT_EXCAVATED_INTERVAL,False,DyK1015+580~DyK1015+595,[],IN_SCOPE,岩体破碎,/Users/zhaoxiaoda/Library/CloudStorage/GoogleDrive-xiaodazhao0608@gmail.com/我的云端硬盘/TBM9/SKETCH/DyK1015+595.00_伯舒拉岭右线DyK1015+595洞身素描记录表.pdf,FACE_SKETCH,INTERVAL,1015580.0,线状出水,
9 地 质 描 述 伯舒拉岭隧道进口右线DyK1015+ I 6 V 25~DyK1015+655段洞身推测岩性为石炭二叠系板岩夹IV变质砂 岩，围岩整体弱风化，板岩为变余结构，板状构造，板状劈理发育，变质砂岩为变余砂状结构，中 厚层状构造，矿物成分以石英、长石为主，钙质胶结。节理裂隙发育，岩体较破碎-破碎，存在掉块风 险； 板理产状：N26°E/41°S。同时发育3组节理裂隙，产状如下： J1：N12°W/61°N，d=0.2~0.4m，L=2~5m，平直、光滑、密闭、无充填； J2：N20°E/28°N，d=0.2~0.4m，L=2~4m，平直、光滑、密闭、无充填； J3：N26°E/43°N，d=0.2~0.4m，L=3~6m，平直、光滑、密闭、无充填。 综上所述，判定洞身围岩为IV级，与原设计相符。 当前开挖段落见线状出水，,6dbf7d532471c1d0bd10c19f,6dbf7d532471c1d0bd10c19f,False,,1015625.0,OBSERVED,FACE_OBSERVATION,6dbf7d532471c1d0bd10c19f_e0001,DyK1015+625.00_伯舒拉岭右线DyK1015+625洞身素描记录表.pdf,,25～125经常渗水,节理裂隙发育,板岩夹变质砂岩,"[""当前开挖段落见线状出水，""]",FACE_POINT,False,里程：DyK1015+625 地质预报单位：川藏铁路隧道超前地质预报项目部洛隆分部,"[""建议：在开挖后及时对左右两侧边墙处松动的岩块进行处理，对局部岩体破碎、易掉块的位置应 提前支护，防止掉块，如有异常及时上报，确保隧道施工和人员安全，避免设备受损和卡机。"", ""建议做好拱底防排水措施。""]",IN_SCOPE,岩体较破碎,/Users/zhaoxiaoda/Library/CloudStorage/GoogleDrive-xiaodazhao0608@gmail.com/我的云端硬盘/TBM9/SKETCH/DyK1015+625.00_伯舒拉岭右线DyK1015+625洞身素描记录表.pdf,FACE_SKETCH,POINT,1015625.0,线状出水,弱风化
当前开挖段落DyK1015+610~DyK1015+625段岩体锤击声较清脆，有轻微回弹，稍震手，较难击 碎，判定岩质为硬岩，右侧边墙岩体破碎，呈碎石状压碎结构，存在掉块现象，左右两侧边墙存在线 状出水。,6dbf7d532471c1d0bd10c19f,6dbf7d532471c1d0bd10c19f,False,,1015625.0,OBSERVED,FACE_OBSERVATION,6dbf7d532471c1d0bd10c19f_e0002,DyK1015+625.00_伯舒拉岭右线DyK1015+625洞身素描记录表.pdf,,,,,[],CURRENT_EXCAVATED_INTERVAL,False,DyK1015+610~DyK1015+625,[],IN_SCOPE,岩体破碎,/Users/zhaoxiaoda/Library/CloudStorage/GoogleDrive-xiaodazhao0608@gmail.com/我的云端硬盘/TBM9/SKETCH/DyK1015+625.00_伯舒拉岭右线DyK1015+625洞身素描记录表.pdf,FACE_SKETCH,INTERVAL,1015610.0,线状出水,
板理产状：N26°E/41°S。同时发育3组节理裂隙，产状如下： J1 ：N12°W/61°N，d=0.2~0.4m ，L= 2~5m，平直、光滑、密闭、无充填； J2 ：N20°E/28°N，d=0.2~0.4m ，L=2~4m ，平直、光滑、密闭、无充填； J3 ：N26°E/43°N，d=0.2~0.4m ，L=3~6m ，平直、光滑、密闭、无充填。 综上所述，判定洞身围岩为IV级，与原设计相符。 当前开挖段落见线状出水，,ead2355fccd1e00c0543ffb1,ead2355fccd1e00c0543ffb1,False,,1015655.0,OBSERVED,FACE_OBSERVATION,ead2355fccd1e00c0543ffb1_e0001,DyK1015+655.00_伯舒拉岭右线洞身素描记录表 1.pdf,,25～125经常渗水,,,"[""当前开挖段落见线状出水，""]",FACE_POINT,False,里程：DyK1015+655 地质预报单位：川藏铁路隧道超前地质预报项目部洛隆分部,"[""建议：在开挖后及时对左右两侧边墙处松动的岩块进行处理，对局部岩体破碎、易掉块的位置应 提前支护， 防止掉块，如有异常及时上报，确保隧道施工和人员安全，避免设备受损和卡机。"", ""建议做好拱底防排水措施。""]",IN_SCOPE,,/Users/zhaoxiaoda/Library/CloudStorage/GoogleDrive-xiaodazhao0608@gmail.com/我的云端硬盘/TBM9/SKETCH/DyK1015+655.00_伯舒拉岭右线洞身素描记录表 1.pdf,FACE_SKETCH,POINT,1015655.0,线状出水,弱风化
伯舒拉岭隧道进口右线 DyK1015+625~DyK1015+655 段洞身推测岩性为石炭二叠系板岩夹变质砂 岩，围岩整体弱风化，板岩为变余结构，板状构造，板状劈理发育，变质砂岩为变余砂状结构，中 厚层状构造，矿物成分以石英、长石为主，钙质胶结。节理裂隙发育，岩体较破碎-破碎，存在掉块风 险；,ead2355fccd1e00c0543ffb1,ead2355fccd1e00c0543ffb1,False,,1015655.0,FORECAST,FORECAST_SEGMENT,ead2355fccd1e00c0543ffb1_e0002,DyK1015+655.00_伯舒拉岭右线洞身素描记录表 1.pdf,,,节理裂隙发育,板岩夹变质砂岩,[],FORECAST_SEGMENT,False,DyK1015+625~DyK1015+655,[],IN_SCOPE,岩体较破碎,/Users/zhaoxiaoda/Library/CloudStorage/GoogleDrive-xiaodazhao0608@gmail.com/我的云端硬盘/TBM9/SKETCH/DyK1015+655.00_伯舒拉岭右线洞身素描记录表 1.pdf,FACE_SKETCH,INTERVAL,1015625.0,,弱风化
当前开挖段落 DyK1015+610~DyK1015+625 段岩体锤击声较清脆，有轻微回弹，稍震手，较难击 碎，判定岩质为硬岩，右侧边墙岩体破碎，呈碎石状压碎结构，存在掉块现象，左右两侧边墙存在线 状出水。,ead2355fccd1e00c0543ffb1,ead2355fccd1e00c0543ffb1,False,,1015625.0,OBSERVED,FACE_OBSERVATION,ead2355fccd1e00c0543ffb1_e0003,DyK1015+655.00_伯舒拉岭右线洞身素描记录表 1.pdf,,,,,[],CURRENT_EXCAVATED_INTERVAL,False,DyK1015+610~DyK1015+625,[],IN_SCOPE,岩体破碎,/Users/zhaoxiaoda/Library/CloudStorage/GoogleDrive-xiaodazhao0608@gmail.com/我的云端硬盘/TBM9/SKETCH/DyK1015+655.00_伯舒拉岭右线洞身素描记录表 1.pdf,FACE_SKETCH,INTERVAL,1015610.0,线状出水,
板理产状：N25°E/42°S。同时发育3组节理裂隙，产状如下： J1 ：N12°W/61°N，d=0.2~0.4m ，L= 2~5m，平直、光滑、密闭、无充填； J2 ：N20°E/28°N，d=0.2~0.4m ，L=2~4m ，平直、光滑、密闭、无充填； J3 ：N26°E/43°N，d=0.2~0.4m ，L=3~6m ，平直、光滑、密闭、无充填。 综上所述，判定洞身围岩为IV级，与原设计相符。 当前开挖段落见线状出水，,24140c0248fd1754358c83a7,24140c0248fd1754358c83a7,False,,1015683.0,OBSERVED,FACE_OBSERVATION,24140c0248fd1754358c83a7_e0001,DyK1015+683.00_伯舒拉岭右线洞身素描记录表 2.pdf,,25～125经常渗水,,,"[""当前开挖段落见线状出水，""]",FACE_POINT,False,里程：DyK1015+683 地质预报单位：川藏铁路隧道超前地质预报项目部洛隆分部,"[""建议：在开挖后及时对左右两侧边墙处松动的岩块进行处理，对局部岩体破碎、易掉块的位置应 提前支护， 防止掉块，如有异常及时上报，确保隧道施工和人员安全，避免设备受损和卡机。"", ""建议做好拱底防排水措施。""]",IN_SCOPE,,/Users/zhaoxiaoda/Library/CloudStorage/GoogleDrive-xiaodazhao0608@gmail.com/我的云端硬盘/TBM9/SKETCH/DyK1015+683.00_伯舒拉岭右线洞身素描记录表 2.pdf,FACE_SKETCH,POINT,1015683.0,线状出水,弱风化
伯舒拉岭隧道进口右线 DyK1015+683~DyK1015+713 段洞身推测岩性为石炭二叠系板岩夹变质砂 岩，围岩整体弱风化，板岩为变余结构，板状构造，板状劈理发育，变质砂岩为变余砂状结构，中 厚层状构造，矿物成分以石英、长石为主，钙质胶结。节理裂隙发育，岩体较破碎-破碎，存在掉块风 险；,24140c0248fd1754358c83a7,24140c0248fd1754358c83a7,False,,1015713.0,FORECAST,FORECAST_SEGMENT,24140c0248fd1754358c83a7_e0002,DyK1015+683.00_伯舒拉岭右线洞身素描记录表 2.pdf,,,节理裂隙发育,板岩夹变质砂岩,[],FORECAST_SEGMENT,False,DyK1015+683~DyK1015+713,[],IN_SCOPE,岩体较破碎,/Users/zhaoxiaoda/Library/CloudStorage/GoogleDrive-xiaodazhao0608@gmail.com/我的云端硬盘/TBM9/SKETCH/DyK1015+683.00_伯舒拉岭右线洞身素描记录表 2.pdf,FACE_SKETCH,INTERVAL,1015683.0,,弱风化
当前开挖段落 DyK1015+610~DyK1015+625 段岩体锤击声较清脆，有轻微回弹，稍震手，较难击 碎，判定岩质为硬岩，右侧边墙岩体破碎，，存在掉块现象，左右两侧边墙存在线状出水。,24140c0248fd1754358c83a7,24140c0248fd1754358c83a7,False,,1015625.0,OBSERVED,FACE_OBSERVATION,24140c0248fd1754358c83a7_e0003,DyK1015+683.00_伯舒拉岭右线洞身素描记录表 2.pdf,,,,,[],CURRENT_EXCAVATED_INTERVAL,False,DyK1015+610~DyK1015+625,[],IN_SCOPE,岩体破碎,/Users/zhaoxiaoda/Library/CloudStorage/GoogleDrive-xiaodazhao0608@gmail.com/我的云端硬盘/TBM9/SKETCH/DyK1015+683.00_伯舒拉岭右线洞身素描记录表 2.pdf,FACE_SKETCH,INTERVAL,1015610.0,线状出水,
板理产状：N30°E/45°S。同时发育3组节理裂隙，产状如下： J1 ：N15°W/58°N，d=0.2~0.4m ，L= 2~5m，平直、光滑、密闭、无充填； J2 ：N24°E/31°N，d=0.2~0.4m ，L=2~4m ，平直、光滑、密闭、无充填； J3 ：N33°E/46°N，d=0.2~0.4m ，L=3~6m ，平直、光滑、密闭、无充填。 综上所述，判定洞身围岩为IV级，与原设计相符。 当前开挖段落见线状出水，,c8d0a38f8c5d9e4d2e428224,c8d0a38f8c5d9e4d2e428224,False,,1015713.0,OBSERVED,FACE_OBSERVATION,c8d0a38f8c5d9e4d2e428224_e0001,DyK1015+713.00_伯舒拉岭右线洞身素描记录表 3.pdf,,25～125经常渗水,,,"[""当前开挖段落见线状出水，""]",FACE_POINT,False,里程：DyK1015+713 地质预报单位：川藏铁路隧道超前地质预报项目部洛隆分部,"[""建议：在开挖后及时对左右两侧边墙处松动的岩块进行处理，对局部岩体破碎、易掉块的位置应 提前支护， 防止掉块，如有异常及时上报，确保隧道施工和人员安全，避免设备受损和卡机。"", ""建议做好拱底防排水措施。""]",IN_SCOPE,,/Users/zhaoxiaoda/Library/CloudStorage/GoogleDrive-xiaodazhao0608@gmail.com/我的云端硬盘/TBM9/SKETCH/DyK1015+713.00_伯舒拉岭右线洞身素描记录表 3.pdf,FACE_SKETCH,POINT,1015713.0,线状出水,弱风化
伯舒拉岭隧道进口右线 DyK1015+713~DyK1015+743 段洞身推测岩性为石炭二叠系板岩夹变质砂 岩，围岩整体弱风化，板岩为变余结构，板状构造，板状劈理发育，变质砂岩为变余砂状结构，中 厚层状构造，矿物成分以石英、长石为主，钙质胶结。节理裂隙发育，岩体较破碎-破碎，存在掉块风 险；,c8d0a38f8c5d9e4d2e428224,c8d0a38f8c5d9e4d2e428224,False,,1015743.0,FORECAST,FORECAST_SEGMENT,c8d0a38f8c5d9e4d2e428224_e0002,DyK1015+713.00_伯舒拉岭右线洞身素描记录表 3.pdf,,,节理裂隙发育,板岩夹变质砂岩,[],FORECAST_SEGMENT,False,DyK1015+713~DyK1015+743,[],IN_SCOPE,岩体较破碎,/Users/zhaoxiaoda/Library/CloudStorage/GoogleDrive-xiaodazhao0608@gmail.com/我的云端硬盘/TBM9/SKETCH/DyK1015+713.00_伯舒拉岭右线洞身素描记录表 3.pdf,FACE_SKETCH,INTERVAL,1015713.0,,弱风化
当前开挖段落 DyK1015+683~DyK1015+713 段岩体锤击声较清脆，有轻微回弹，稍震手，较难击 碎，判定岩质为硬岩，右侧边墙岩体破碎，存在掉块现象，左右两侧边墙存在线状出水。,c8d0a38f8c5d9e4d2e428224,c8d0a38f8c5d9e4d2e428224,False,,1015713.0,OBSERVED,FACE_OBSERVATION,c8d0a38f8c5d9e4d2e428224_e0003,DyK1015+713.00_伯舒拉岭右线洞身素描记录表 3.pdf,,,,,[],CURRENT_EXCAVATED_INTERVAL,False,DyK1015+683~DyK1015+713,[],IN_SCOPE,岩体破碎,/Users/zhaoxiaoda/Library/CloudStorage/GoogleDrive-xiaodazhao0608@gmail.com/我的云端硬盘/TBM9/SKETCH/DyK1015+713.00_伯舒拉岭右线洞身素描记录表 3.pdf,FACE_SKETCH,INTERVAL,1015683.0,线状出水,
掌子面预计于 DyK1015+764附近进入断层破碎带，断带物质 为压碎岩、断层角砾。 板理产状：N30°E/45°S。同时发育3组节理裂隙，产状如下： J1 ：N25°W/57°N，d=0.2~0.4m ，L= 2~5m，平直、光滑、密闭、无充填； J2 ：N23°E/32°N，d=0.2~0.4m ，L=2~4m ，平直、光滑、密闭、无充填； J3 ：N33°E/46°N，d=0.2~0.4m ，L=3~6m ，平直、光滑、密闭、无充填。 综上所述，判定洞身围岩为Ⅴ级，与原设计相符。 当前开挖段落见线状出水，,011e725a63ba75581035c479,011e725a63ba75581035c479,False,,1015743.0,OBSERVED,FACE_OBSERVATION,011e725a63ba75581035c479_e0001,DyK1015+743.00_伯舒拉岭右线洞身素描记录表 4.pdf,,25～125经常渗水,,,"[""当前开挖段落见线状出水，""]",FACE_POINT,False,里程：DyK1015+743 地质预报单位：川藏铁路隧道超前地质预报项目部洛隆分部,"[""建议：在开挖后及时对左右两侧边墙处松动的岩块进行处理，对局部岩体破碎、易掉块的位置应 提前支护， 防止掉块，如有异常及时上报，确保隧道施工和人员安全，避免设备受损和卡机。"", ""建议做好拱底防排水措施。""]",IN_SCOPE,,/Users/zhaoxiaoda/Library/CloudStorage/GoogleDrive-xiaodazhao0608@gmail.com/我的云端硬盘/TBM9/SKETCH/DyK1015+743.00_伯舒拉岭右线洞身素描记录表 4.pdf,FACE_SKETCH,POINT,1015743.0,线状出水,弱风化
伯舒拉岭隧道进口右线 DyK1015+743~DyK1015+773 段洞身推测岩性为石炭二叠系板岩夹变质砂 岩，围岩整体弱风化，板岩为变余结构，板状构造，板状劈理发育，变质砂岩为变余砂状结构，中 厚层状构造，矿物成分以石英、长石为主，钙质胶结。节理裂隙发育，岩体破碎；,011e725a63ba75581035c479,011e725a63ba75581035c479,False,,1015773.0,FORECAST,FORECAST_SEGMENT,011e725a63ba75581035c479_e0002,DyK1015+743.00_伯舒拉岭右线洞身素描记录表 4.pdf,,,节理裂隙发育,板岩夹变质砂岩,[],FORECAST_SEGMENT,False,DyK1015+743~DyK1015+773,[],IN_SCOPE,岩体破碎,/Users/zhaoxiaoda/Library/CloudStorage/GoogleDrive-xiaodazhao0608@gmail.com/我的云端硬盘/TBM9/SKETCH/DyK1015+743.00_伯舒拉岭右线洞身素描记录表 4.pdf,FACE_SKETCH,INTERVAL,1015743.0,,弱风化
当前开挖段落 DyK 1015+713~DyK1015+743 段岩体锤击声较清脆，有轻微回弹，稍震手，较难击碎，判定岩质为硬岩， 岩体破碎，左右两侧边墙存在线状出水。,011e725a63ba75581035c479,011e725a63ba75581035c479,False,,1015743.0,OBSERVED,FACE_OBSERVATION,011e725a63ba75581035c479_e0003,DyK1015+743.00_伯舒拉岭右线洞身素描记录表 4.pdf,,,,,[],CURRENT_EXCAVATED_INTERVAL,False,DyK 1015+713~DyK1015+743,[],IN_SCOPE,岩体破碎,/Users/zhaoxiaoda/Library/CloudStorage/GoogleDrive-xiaodazhao0608@gmail.com/我的云端硬盘/TBM9/SKETCH/DyK1015+743.00_伯舒拉岭右线洞身素描记录表 4.pdf,FACE_SKETCH,INTERVAL,1015713.0,线状出水,
掌子面预计于 DyK1015+764 附近进入断层破碎带，断带物质为压碎岩、断层角砾。 板理产状：N30°E/45°S。同时发育3组节理裂隙，产状如下： J1 ：N31°W/52°N，d=0.2~0.4m ，L= 2~5m，平直、光滑、密闭、无充填； J2 ：N25°E/12°N，d=0.2~0.4m ，L=2~4m ，平直、光滑、密闭、无充填； J3 ：N44°E/42°N，d=0.2~0.4m ，L=3~6m ，平直、光滑、密闭、无充填。 综上所述，判定洞身围岩为Ⅴ级，与原设计相符。 当前开挖段落见线状出水，,db5d790994059546fd8f6993,db5d790994059546fd8f6993,False,,1015759.0,OBSERVED,FACE_OBSERVATION,db5d790994059546fd8f6993_e0001,DyK1015+759.00-_伯舒拉岭右线洞身素描记录表 5.pdf,96m³/h,,,,"[""当前开挖段落见线状出水，""]",FACE_POINT,False,里程：DyK1015+759 地质预报单位：川藏铁路隧道超前地质预报项目部洛隆分部,"[""建议：在开挖后及时对左右两侧边墙处松动的岩块进行处理，对局部岩体破碎、易掉块的位置应 提前支护， 防止掉块，如有异常及时上报，确保隧道施工和人员安全，避免设备受损和卡机。"", ""建议做好拱底防排水措施。""]",IN_SCOPE,,/Users/zhaoxiaoda/Library/CloudStorage/GoogleDrive-xiaodazhao0608@gmail.com/我的云端硬盘/TBM9/SKETCH/DyK1015+759.00-_伯舒拉岭右线洞身素描记录表 5.pdf,FACE_SKETCH,POINT,1015759.0,线状出水,弱风化
伯舒拉岭隧道进口右线 DyK1015+759~DyK1015+789 段洞身推测岩性为石炭二叠系板岩夹变质砂 岩，拱腰以上为板岩，拱腰以下为变质砂岩，围岩整体弱风化，板岩为变余结构，板状构造，板状 劈理发育，变质砂岩为变余砂状结构，薄层状构造，矿物成分以石英、长石为主，钙质胶结。节理 裂隙发育，岩体破碎；,db5d790994059546fd8f6993,db5d790994059546fd8f6993,False,,1015789.0,FORECAST,FORECAST_SEGMENT,db5d790994059546fd8f6993_e0002,DyK1015+759.00-_伯舒拉岭右线洞身素描记录表 5.pdf,,,节理裂隙发育,板岩夹变质砂岩,[],FORECAST_SEGMENT,False,DyK1015+759~DyK1015+789,[],IN_SCOPE,岩体破碎,/Users/zhaoxiaoda/Library/CloudStorage/GoogleDrive-xiaodazhao0608@gmail.com/我的云端硬盘/TBM9/SKETCH/DyK1015+759.00-_伯舒拉岭右线洞身素描记录表 5.pdf,FACE_SKETCH,INTERVAL,1015759.0,,弱风化
当前开挖段落 DyK1015+743~DyK1015+759 段岩体岩体破碎，洞身多处岩体呈 片状脱落，脱落面积较大，岩质软硬不均，左右两侧边墙存在线状出水。,db5d790994059546fd8f6993,db5d790994059546fd8f6993,False,,1015759.0,OBSERVED,FACE_OBSERVATION,db5d790994059546fd8f6993_e0003,DyK1015+759.00-_伯舒拉岭右线洞身素描记录表 5.pdf,,,,,[],CURRENT_EXCAVATED_INTERVAL,False,DyK1015+743~DyK1015+759,[],IN_SCOPE,岩体破碎,/Users/zhaoxiaoda/Library/CloudStorage/GoogleDrive-xiaodazhao0608@gmail.com/我的云端硬盘/TBM9/SKETCH/DyK1015+759.00-_伯舒拉岭右线洞身素描记录表 5.pdf,FACE_SKETCH,INTERVAL,1015743.0,线状出水,
掌子面预计于 DyK1015+764 附近进入断层破碎带，断带物质为压碎岩、断层角砾。 板理产状：N30°E/45°S。同时发育3组节理裂隙，产状如下： J1 ：N31°W/52°N，d=0.2~0.4m ，L= 2~5m，平直、光滑、密闭、无充填； J2 ：N25°E/12°N，d=0.2~0.4m ，L=2~4m ，平直、光滑、密闭、无充填； J3 ：N44°E/42°N，d=0.2~0.4m ，L=3~6m ，平直、光滑、密闭、无充填。 综上所述，判定洞身围岩为Ⅴ级，与原设计相符。 当前开挖段落见线状出水，,0a38f10d070290ab22378500,0a38f10d070290ab22378500,False,,1015759.0,OBSERVED,FACE_OBSERVATION,0a38f10d070290ab22378500_e0001,DyK1015+759.00_伯舒拉岭右线洞身素描记录表 5.pdf,96m³/h,,,,"[""当前开挖段落见线状出水，""]",FACE_POINT,False,里程：DyK1015+759 地质预报单位：川藏铁路隧道超前地质预报项目部洛隆分部,"[""建议：在开挖后及时对左右两侧边墙处松动的岩块进行处理，对局部岩体破碎、易掉块的位置应 提前支护， 防止掉块，如有异常及时上报，确保隧道施工和人员安全，避免设备受损和卡机。"", ""建议做好拱底防排水措施。""]",IN_SCOPE,,/Users/zhaoxiaoda/Library/CloudStorage/GoogleDrive-xiaodazhao0608@gmail.com/我的云端硬盘/TBM9/SKETCH/DyK1015+759.00_伯舒拉岭右线洞身素描记录表 5.pdf,FACE_SKETCH,POINT,1015759.0,线状出水,弱风化
伯舒拉岭隧道进口右线 DyK1015+759~DyK1015+789 段洞身推测岩性为石炭二叠系板岩夹变质砂 岩，拱腰以上为板岩，拱腰以下为变质砂岩，围岩整体弱风化，板岩为变余结构，板状构造，板状 劈理发育，变质砂岩为变余砂状结构，薄层状构造，矿物成分以石英、长石为主，钙质胶结。节理 裂隙发育，岩体破碎；,0a38f10d070290ab22378500,0a38f10d070290ab22378500,False,,1015789.0,FORECAST,FORECAST_SEGMENT,0a38f10d070290ab22378500_e0002,DyK1015+759.00_伯舒拉岭右线洞身素描记录表 5.pdf,,,节理裂隙发育,板岩夹变质砂岩,[],FORECAST_SEGMENT,False,DyK1015+759~DyK1015+789,[],IN_SCOPE,岩体破碎,/Users/zhaoxiaoda/Library/CloudStorage/GoogleDrive-xiaodazhao0608@gmail.com/我的云端硬盘/TBM9/SKETCH/DyK1015+759.00_伯舒拉岭右线洞身素描记录表 5.pdf,FACE_SKETCH,INTERVAL,1015759.0,,弱风化
当前开挖段落 DyK1015+743~DyK1015+759 段岩体岩体破碎，洞身多处岩体呈 片状脱落，脱落面积较大，岩质软硬不均，左右两侧边墙存在线状出水。,0a38f10d070290ab22378500,0a38f10d070290ab22378500,False,,1015759.0,OBSERVED,FACE_OBSERVATION,0a38f10d070290ab22378500_e0003,DyK1015+759.00_伯舒拉岭右线洞身素描记录表 5.pdf,,,,,[],CURRENT_EXCAVATED_INTERVAL,False,DyK1015+743~DyK1015+759,[],IN_SCOPE,岩体破碎,/Users/zhaoxiaoda/Library/CloudStorage/GoogleDrive-xiaodazhao0608@gmail.com/我的云端硬盘/TBM9/SKETCH/DyK1015+759.00_伯舒拉岭右线洞身素描记录表 5.pdf,FACE_SKETCH,INTERVAL,1015743.0,线状出水,
当前开挖段落 DyK10 15+759~DyK1015+789 段岩体破碎，洞身多处岩体呈片状脱落，岩质软硬不均，左右两侧边墙存在线 状出水。掌子面于DyK1015+764附近进入断层破碎带，断带物质为压碎岩、断层角砾。 板理产状：N30°E/45°S。同时发育3组节理裂隙，产状如下： J1 ：N31°W/52°N，d=0.2~0.4m ，L= 2~5m，平直、光滑、密闭、无充填； J2 ：N25°E/12°N，d=0.2~0.4m ，L=2~4m ，平直、光滑、密闭、无充填； J3 ：N44°E/42°N，d=0.2~0.4m ，L=3~6m ，平直、光滑、密闭、无充填。 综上所述，判定洞身围岩为Ⅴ级，与原设计相符。 当前开挖段落见线状出水，,70282e52d635fdbb51f5a3ab,70282e52d635fdbb51f5a3ab,False,,1015789.0,OBSERVED,FACE_OBSERVATION,70282e52d635fdbb51f5a3ab_e0001,DyK1015+789.00_伯舒拉岭右线洞身素描记录表 6.pdf,96m³/h,,,,"[""当前开挖段落 DyK10 15+759~DyK1015+789 段岩体破碎，洞身多处岩体呈片状脱落，岩质软硬不均，左右两侧边墙存在线 状出水"", ""当前开挖段落见线状出水，""]",FACE_POINT,False,里程：DyK1015+789 地质预报单位：川藏铁路隧道超前地质预报项目部洛隆分部,"[""建议：在开挖后及时对左右两侧边墙处松动的岩块进行处理，对局部岩体破碎、易掉块的位置应 提前支护， 防止掉块，如有异常及时上报，确保隧道施工和人员安全，避免设备受损和卡机。"", ""建议做好拱底防排水措施。""]",IN_SCOPE,岩体破碎,/Users/zhaoxiaoda/Library/CloudStorage/GoogleDrive-xiaodazhao0608@gmail.com/我的云端硬盘/TBM9/SKETCH/DyK1015+789.00_伯舒拉岭右线洞身素描记录表 6.pdf,FACE_SKETCH,POINT,1015789.0,线状出水,弱风化
伯舒拉岭隧道进口右线 DyK1015+789~DyK1015+819 段洞身推测岩性为石炭二叠系板岩夹变质砂 岩，围岩整体弱风化，板岩为变余结构，板状构造，板状劈理发育，变质砂岩为变余砂状结构，薄 层状构造，矿物成分以石英、长石为主，钙质胶结。节理裂隙发育，岩体破碎；,70282e52d635fdbb51f5a3ab,70282e52d635fdbb51f5a3ab,False,,1015819.0,FORECAST,FORECAST_SEGMENT,70282e52d635fdbb51f5a3ab_e0002,DyK1015+789.00_伯舒拉岭右线洞身素描记录表 6.pdf,,,节理裂隙发育,板岩夹变质砂岩,[],FORECAST_SEGMENT,False,DyK1015+789~DyK1015+819,[],IN_SCOPE,岩体破碎,/Users/zhaoxiaoda/Library/CloudStorage/GoogleDrive-xiaodazhao0608@gmail.com/我的云端硬盘/TBM9/SKETCH/DyK1015+789.00_伯舒拉岭右线洞身素描记录表 6.pdf,FACE_SKETCH,INTERVAL,1015789.0,,弱风化
当前开挖段落 DyK10 15+789~DyK1015+819 段岩体破碎，洞身多处岩体呈片状脱落，岩质软硬不均，左右两侧边墙存在线 状出水。掌子面于DyK1015+764附近进入断层破碎带，断带物质为压碎岩、断层角砾。 板理产状：N30°E/45°S。同时发育3组节理裂隙，产状如下： J1 ：N31°W/52°N，d=0.2~0.4m ，L= 2~5m，平直、光滑、密闭、无充填； J2 ：N25°E/12°N，d=0.2~0.4m ，L=2~4m ，平直、光滑、密闭、无充填； J3 ：N44°E/42°N，d=0.2~0.4m ，L=3~6m ，平直、光滑、密闭、无充填。 综上所述，判定洞身围岩为Ⅴ级，与原设计相符。 当前开挖段落见线状出水，,e232dd8cf6552b9c10fc40e8,e232dd8cf6552b9c10fc40e8,False,,1015819.0,OBSERVED,FACE_OBSERVATION,e232dd8cf6552b9c10fc40e8_e0001,DyK1015+819.00_伯舒拉岭右线洞身素描记录表 7.pdf,96m³/h,,,,"[""当前开挖段落 DyK10 15+789~DyK1015+819 段岩体破碎，洞身多处岩体呈片状脱落，岩质软硬不均，左右两侧边墙存在线 状出水"", ""当前开挖段落见线状出水，""]",FACE_POINT,False,里程：DyK1015+819 地质预报单位：川藏铁路隧道超前地质预报项目部洛隆分部,"[""建议：在开挖后及时对左右两侧边墙处松动的岩块进行处理，对局部岩体破碎、易掉块的位置应 提前支护， 防止掉块，如有异常及时上报，确保隧道施工和人员安全，避免设备受损和卡机。"", ""建议做好拱底防排水措施。""]",IN_SCOPE,岩体破碎,/Users/zhaoxiaoda/Library/CloudStorage/GoogleDrive-xiaodazhao0608@gmail.com/我的云端硬盘/TBM9/SKETCH/DyK1015+819.00_伯舒拉岭右线洞身素描记录表 7.pdf,FACE_SKETCH,POINT,1015819.0,线状出水,弱风化
伯舒拉岭隧道进口右线 DyK1015+819~DyK1015+849 段洞身推测岩性为石炭二叠系板岩夹变质砂 岩，围岩整体弱风化，板岩为变余结构，板状构造，板状劈理发育，变质砂岩为变余砂状结构，薄 层状构造，矿物成分以石英、长石为主，钙质胶结。节理裂隙发育，岩体破碎；,e232dd8cf6552b9c10fc40e8,e232dd8cf6552b9c10fc40e8,False,,1015849.0,FORECAST,FORECAST_SEGMENT,e232dd8cf6552b9c10fc40e8_e0002,DyK1015+819.00_伯舒拉岭右线洞身素描记录表 7.pdf,,,节理裂隙发育,板岩夹变质砂岩,[],FORECAST_SEGMENT,False,DyK1015+819~DyK1015+849,[],IN_SCOPE,岩体破碎,/Users/zhaoxiaoda/Library/CloudStorage/GoogleDrive-xiaodazhao0608@gmail.com/我的云端硬盘/TBM9/SKETCH/DyK1015+819.00_伯舒拉岭右线洞身素描记录表 7.pdf,FACE_SKETCH,INTERVAL,1015819.0,,弱风化
掌子面于DyK1015+824附近结束断层破碎带，断带物质为压碎岩。 板理产状：N30°E/45°S。同时发育3组节理裂隙，产状如下： J1 ：N31°W/52°N，d=0.2~0.4m ，L= 2~5m，平直、光滑、密闭、无充填； J2 ：N25°E/12°N，d=0.2~0.4m ，L=2~4m ，平直、光滑、密闭、无充填； J3 ：N44°E/42°N，d=0.2~0.4m ，L=3~6m ，平直、光滑、密闭、无充填。 综上所述，判定洞身围岩为Ⅳ级，与原设计相符。 当前开挖段落见线状出水，,c8a3d54146269f4c6cd9c169,c8a3d54146269f4c6cd9c169,False,,1015849.0,OBSERVED,FACE_OBSERVATION,c8a3d54146269f4c6cd9c169_e0001,DyK1015+849.00_伯舒拉岭右线洞身素描记录表 8.pdf,96m³/h,,,,"[""当前开挖段落见线状出水，""]",FACE_POINT,False,里程：DyK1015+849 地质预报单位：川藏铁路隧道超前地质预报项目部洛隆分部,"[""建议：在开挖后及时对左右两侧边墙处松动的岩块进行处理，对局部岩体破碎、易掉块的位置应 提前支护， 防止掉块，如有异常及时上报，确保隧道施工和人员安全，避免设备受损和卡机。"", ""建议做好拱底防排水措施。""]",IN_SCOPE,,/Users/zhaoxiaoda/Library/CloudStorage/GoogleDrive-xiaodazhao0608@gmail.com/我的云端硬盘/TBM9/SKETCH/DyK1015+849.00_伯舒拉岭右线洞身素描记录表 8.pdf,FACE_SKETCH,POINT,1015849.0,线状出水,弱风化
伯舒拉岭隧道进口右线 DyK1015+849~DyK1015+879 段洞身推测岩性为石炭二叠系板岩夹变质砂 岩，围岩整体弱风化，板岩为变余结构，板状构造，板状劈理发育，变质砂岩为变余砂状结构，薄 层状构造，矿物成分以石英、长石为主，钙质胶结。节理裂隙较发育，岩体较破碎；,c8a3d54146269f4c6cd9c169,c8a3d54146269f4c6cd9c169,False,,1015879.0,FORECAST,FORECAST_SEGMENT,c8a3d54146269f4c6cd9c169_e0002,DyK1015+849.00_伯舒拉岭右线洞身素描记录表 8.pdf,,,节理裂隙较发育,板岩夹变质砂岩,[],FORECAST_SEGMENT,False,DyK1015+849~DyK1015+879,[],IN_SCOPE,岩体较破碎,/Users/zhaoxiaoda/Library/CloudStorage/GoogleDrive-xiaodazhao0608@gmail.com/我的云端硬盘/TBM9/SKETCH/DyK1015+849.00_伯舒拉岭右线洞身素描记录表 8.pdf,FACE_SKETCH,INTERVAL,1015849.0,,弱风化
当前开挖段落 D yK1015+819~DyK1015+849 段岩体破碎，洞身多处岩体呈片状脱落，岩质软硬不均，左右两侧边墙存 在线状出水。,c8a3d54146269f4c6cd9c169,c8a3d54146269f4c6cd9c169,False,,1015849.0,OBSERVED,FACE_OBSERVATION,c8a3d54146269f4c6cd9c169_e0003,DyK1015+849.00_伯舒拉岭右线洞身素描记录表 8.pdf,,,,,[],CURRENT_EXCAVATED_INTERVAL,False,D yK1015+819~DyK1015+849,[],IN_SCOPE,岩体破碎,/Users/zhaoxiaoda/Library/CloudStorage/GoogleDrive-xiaodazhao0608@gmail.com/我的云端硬盘/TBM9/SKETCH/DyK1015+849.00_伯舒拉岭右线洞身素描记录表 8.pdf,FACE_SKETCH,INTERVAL,1015819.0,线状出水,
板理产状：N30°E/45°S。同时发育3组节理裂隙，产状如下： J1 ：N31°W/52°N，d=0.2~0.4m ，L= 2~5m，平直、光滑、密闭、无充填； J2 ：N25°E/12°N，d=0.2~0.4m ，L=2~4m ，平直、光滑、密闭、无充填； J3 ：N44°E/42°N，d=0.2~0.4m ，L=3~6m ，平直、光滑、密闭、无充填。 综上所述，判定洞身围岩为Ⅳ级，与原设计相符。 当前开挖段落见线状出水，,ebfbde8efe848d385f452311,ebfbde8efe848d385f452311,False,,1015879.0,OBSERVED,FACE_OBSERVATION,ebfbde8efe848d385f452311_e0001,DyK1015+879.00_伯舒拉岭右线洞身素描记录表 9.pdf,96m³/h,,,,"[""当前开挖段落见线状出水，""]",FACE_POINT,False,里程：DyK1015+879 地质预报单位：川藏铁路隧道超前地质预报项目部洛隆分部,"[""建议：在开挖后及时对左右两侧边墙处松动的岩块进行处理，对局部岩体破碎、易掉块的位置应 提前支护， 防止掉块，如有异常及时上报，确保隧道施工和人员安全，避免设备受损和卡机。"", ""建议做好拱底防排水措施。""]",IN_SCOPE,,/Users/zhaoxiaoda/Library/CloudStorage/GoogleDrive-xiaodazhao0608@gmail.com/我的云端硬盘/TBM9/SKETCH/DyK1015+879.00_伯舒拉岭右线洞身素描记录表 9.pdf,FACE_SKETCH,POINT,1015879.0,线状出水,弱风化
伯舒拉岭隧道进口右线 DyK1015+879~DyK1015+909 段洞身推测岩性为石炭二叠系板岩夹变质砂 岩，围岩整体弱风化，板岩为变余结构，板状构造，板状劈理发育，变质砂岩为变余砂状结构，薄 层状构造，矿物成分以石英、长石为主，钙质胶结。节理裂隙较发育，岩体较破碎；,ebfbde8efe848d385f452311,ebfbde8efe848d385f452311,False,,1015909.0,FORECAST,FORECAST_SEGMENT,ebfbde8efe848d385f452311_e0002,DyK1015+879.00_伯舒拉岭右线洞身素描记录表 9.pdf,,,节理裂隙较发育,板岩夹变质砂岩,[],FORECAST_SEGMENT,False,DyK1015+879~DyK1015+909,[],IN_SCOPE,岩体较破碎,/Users/zhaoxiaoda/Library/CloudStorage/GoogleDrive-xiaodazhao0608@gmail.com/我的云端硬盘/TBM9/SKETCH/DyK1015+879.00_伯舒拉岭右线洞身素描记录表 9.pdf,FACE_SKETCH,INTERVAL,1015879.0,,弱风化
当前开挖段落 D yK1015+849~DyK1015+879段岩体较破碎，岩质软硬不均，两侧边墙存在线状出水。,ebfbde8efe848d385f452311,ebfbde8efe848d385f452311,False,,1015879.0,OBSERVED,FACE_OBSERVATION,ebfbde8efe848d385f452311_e0003,DyK1015+879.00_伯舒拉岭右线洞身素描记录表 9.pdf,,,,,[],CURRENT_EXCAVATED_INTERVAL,False,D yK1015+849~DyK1015+879,[],IN_SCOPE,岩体较破碎,/Users/zhaoxiaoda/Library/CloudStorage/GoogleDrive-xiaodazhao0608@gmail.com/我的云端硬盘/TBM9/SKETCH/DyK1015+879.00_伯舒拉岭右线洞身素描记录表 9.pdf,FACE_SKETCH,INTERVAL,1015849.0,线状出水,
板理产状：N30°E/45°S。同时发育3组节理裂隙，产状如下： J1 ：N31°W/52°N，d=0.2~0.4m ，L= 2~5m，平直、光滑、密闭、无充填； J2 ：N25°E/12°N，d=0.2~0.4m ，L=2~4m ，平直、光滑、密闭、无充填； J3 ：N44°E/42°N，d=0.2~0.4m ，L=3~6m ，平直、光滑、密闭、无充填。 综上所述，判定洞身围岩为Ⅳ级，与原设计相符。 当前开挖段落见线状出水，,7993ad9361913d13bd849430,7993ad9361913d13bd849430,False,,1015909.0,OBSERVED,FACE_OBSERVATION,7993ad9361913d13bd849430_e0001,DyK1015+909.00_伯舒拉岭右线洞身素描记录表 10.pdf,96m³/h,,,,"[""当前开挖段落见线状出水，""]",FACE_POINT,False,里程：DyK1015+909 地质预报单位：川藏铁路隧道超前地质预报项目部洛隆分部,"[""建议：在开挖后及时对左右两侧边墙处松动的岩块进行处理，对局部岩体破碎、易掉块的位置应 提前支护， 防止掉块，如有异常及时上报，确保隧道施工和人员安全，避免设备受损和卡机。"", ""建议做好拱底防排水措施。""]",IN_SCOPE,,/Users/zhaoxiaoda/Library/CloudStorage/GoogleDrive-xiaodazhao0608@gmail.com/我的云端硬盘/TBM9/SKETCH/DyK1015+909.00_伯舒拉岭右线洞身素描记录表 10.pdf,FACE_SKETCH,POINT,1015909.0,线状出水,弱风化
伯舒拉岭隧道进口右线 DyK1015+909~DyK1015+939 段洞身推测岩性为石炭二叠系板岩夹变质砂 岩，围岩整体弱风化，板岩为变余结构，板状构造，板状劈理发育，变质砂岩为变余砂状结构，薄 层状构造，矿物成分以石英、长石为主，钙质胶结。节理裂隙较发育，岩体较破碎；,7993ad9361913d13bd849430,7993ad9361913d13bd849430,False,,1015939.0,FORECAST,FORECAST_SEGMENT,7993ad9361913d13bd849430_e0002,DyK1015+909.00_伯舒拉岭右线洞身素描记录表 10.pdf,,,节理裂隙较发育,板岩夹变质砂岩,[],FORECAST_SEGMENT,False,DyK1015+909~DyK1015+939,[],IN_SCOPE,岩体较破碎,/Users/zhaoxiaoda/Library/CloudStorage/GoogleDrive-xiaodazhao0608@gmail.com/我的云端硬盘/TBM9/SKETCH/DyK1015+909.00_伯舒拉岭右线洞身素描记录表 10.pdf,FACE_SKETCH,INTERVAL,1015909.0,,弱风化
当前开挖段落 D yK1015+879~DyK1015+909段岩体较破碎，岩质软硬不均，两侧边墙存在线状出水。,7993ad9361913d13bd849430,7993ad9361913d13bd849430,False,,1015909.0,OBSERVED,FACE_OBSERVATION,7993ad9361913d13bd849430_e0003,DyK1015+909.00_伯舒拉岭右线洞身素描记录表 10.pdf,,,,,[],CURRENT_EXCAVATED_INTERVAL,False,D yK1015+879~DyK1015+909,[],IN_SCOPE,岩体较破碎,/Users/zhaoxiaoda/Library/CloudStorage/GoogleDrive-xiaodazhao0608@gmail.com/我的云端硬盘/TBM9/SKETCH/DyK1015+909.00_伯舒拉岭右线洞身素描记录表 10.pdf,FACE_SKETCH,INTERVAL,1015879.0,线状出水,
板理产状：N30°E/45°S。同时发育3组节理裂隙，产状如下： J1 ：N31°W/52°N，d=0.2~0.4m ，L= 2~5m，平直、光滑、密闭、无充填； J2 ：N25°E/12°N，d=0.2~0.4m ，L=2~4m ，平直、光滑、密闭、无充填； J3 ：N44°E/42°N，d=0.2~0.4m ，L=3~6m ，平直、光滑、密闭、无充填。 综上所述，判定洞身围岩为Ⅳ级，与原设计相符。 当前开挖段落见线状出水，,08a1806ab230574280a8f01c,08a1806ab230574280a8f01c,False,,1015939.0,OBSERVED,FACE_OBSERVATION,08a1806ab230574280a8f01c_e0001,DyK1015+939.00_伯舒拉岭右线洞身素描记录表 11.pdf,96m³/h,,,,"[""当前开挖段落见线状出水，""]",FACE_POINT,False,里程：DyK1015+939 地质预报单位：川藏铁路隧道超前地质预报项目部洛隆分部,"[""建议：在开挖后及时对左右两侧边墙处松动的岩块进行处理，对局部岩体破碎、易掉块的位置应 提前支护， 防止掉块，如有异常及时上报，确保隧道施工和人员安全，避免设备受损和卡机。"", ""建议做好拱底防排水措施。""]",IN_SCOPE,,/Users/zhaoxiaoda/Library/CloudStorage/GoogleDrive-xiaodazhao0608@gmail.com/我的云端硬盘/TBM9/SKETCH/DyK1015+939.00_伯舒拉岭右线洞身素描记录表 11.pdf,FACE_SKETCH,POINT,1015939.0,线状出水,弱风化
伯舒拉岭隧道进口右线 DyK1015+939~DyK1015+969 段洞身推测岩性为石炭二叠系板岩夹变质砂 岩，围岩整体弱风化，板岩为变余结构，板状构造，板状劈理发育，变质砂岩为变余砂状结构，薄 层状构造，矿物成分以石英、长石为主，钙质胶结。节理裂隙较发育，岩体较破碎；,08a1806ab230574280a8f01c,08a1806ab230574280a8f01c,False,,1015969.0,FORECAST,FORECAST_SEGMENT,08a1806ab230574280a8f01c_e0002,DyK1015+939.00_伯舒拉岭右线洞身素描记录表 11.pdf,,,节理裂隙较发育,板岩夹变质砂岩,[],FORECAST_SEGMENT,False,DyK1015+939~DyK1015+969,[],IN_SCOPE,岩体较破碎,/Users/zhaoxiaoda/Library/CloudStorage/GoogleDrive-xiaodazhao0608@gmail.com/我的云端硬盘/TBM9/SKETCH/DyK1015+939.00_伯舒拉岭右线洞身素描记录表 11.pdf,FACE_SKETCH,INTERVAL,1015939.0,,弱风化
当前开挖段落 D yK1015+909~DyK1015+939段岩体较破碎，岩质软硬不均，两侧边墙存在线状出水。,08a1806ab230574280a8f01c,08a1806ab230574280a8f01c,False,,1015939.0,OBSERVED,FACE_OBSERVATION,08a1806ab230574280a8f01c_e0003,DyK1015+939.00_伯舒拉岭右线洞身素描记录表 11.pdf,,,,,[],CURRENT_EXCAVATED_INTERVAL,False,D yK1015+909~DyK1015+939,[],IN_SCOPE,岩体较破碎,/Users/zhaoxiaoda/Library/CloudStorage/GoogleDrive-xiaodazhao0608@gmail.com/我的云端硬盘/TBM9/SKETCH/DyK1015+939.00_伯舒拉岭右线洞身素描记录表 11.pdf,FACE_SKETCH,INTERVAL,1015909.0,线状出水,
板理产状：N30°E/45°S。同时发育3组节理裂隙，产状如下： J1 ：N60°E/89°N，d=0.5~1m ，L= 20m，平直、光滑、微张、无充填； J2 ：N25°E/12°N，d=0.2~0.4m ，L=2~4m ，平直、光滑、密闭、无充填； J3 ：N44°E/42°N，d=0.2~0.4m ，L=3~6m ，平直、光滑、密闭、无充填。 综上所述，判定洞身围岩为Ⅳ级，与原设计相符。 当前开挖段落见线状出水，,2219b50acc3ffb1f749f26de,2219b50acc3ffb1f749f26de,False,,1015999.0,OBSERVED,FACE_OBSERVATION,2219b50acc3ffb1f749f26de_e0001,DyK1015+969.00-_伯舒拉岭右线洞身素描记录表 13.pdf,96m³/h,,,,"[""当前开挖段落见线状出水，""]",FACE_POINT,False,里程：DyK1015+999 地质预报单位：川藏铁路隧道超前地质预报项目部洛隆分部,"[""建议：在开挖后及时对左右两侧边墙处松动的岩块进行处理，对局部岩体破碎、易掉块的位置应 提前支护， 防止掉块，如有异常及时上报，确保隧道施工和人员安全，避免设备受损和卡机。"", ""建议做好拱底防排水措施。""]",IN_SCOPE,,/Users/zhaoxiaoda/Library/CloudStorage/GoogleDrive-xiaodazhao0608@gmail.com/我的云端硬盘/TBM9/SKETCH/DyK1015+969.00-_伯舒拉岭右线洞身素描记录表 13.pdf,FACE_SKETCH,POINT,1015999.0,线状出水,弱风化
伯舒拉岭隧道进口右线 DyK1015+999~DyK1016+029 段洞身推测岩性为石炭二叠系板岩夹变质砂 岩，围岩整体弱风化，板岩为变余结构，板状构造，板状劈理发育，变质砂岩为变余砂状结构，薄 层状构造，矿物成分以石英、长石为主，钙质胶结。节理裂隙较发育，岩体较破碎，预测从洞身左侧 开始发育一条 N60°E 走向的长达节理，于隧道夹角较小，并伴随股状出水，沿洞身影响长度约 20 m；,2219b50acc3ffb1f749f26de,2219b50acc3ffb1f749f26de,False,,1016029.0,FORECAST,FORECAST_SEGMENT,2219b50acc3ffb1f749f26de_e0002,DyK1015+969.00-_伯舒拉岭右线洞身素描记录表 13.pdf,,,节理裂隙较发育,板岩夹变质砂岩,[],FORECAST_SEGMENT,False,DyK1015+999~DyK1016+029,[],IN_SCOPE,岩体较破碎,/Users/zhaoxiaoda/Library/CloudStorage/GoogleDrive-xiaodazhao0608@gmail.com/我的云端硬盘/TBM9/SKETCH/DyK1015+969.00-_伯舒拉岭右线洞身素描记录表 13.pdf,FACE_SKETCH,INTERVAL,1015999.0,股状出水,弱风化
当前开挖段落 DyK1015+969~DyK1015+999 段岩体较破碎，岩质软硬不均，两侧边墙存在线状出 水。,2219b50acc3ffb1f749f26de,2219b50acc3ffb1f749f26de,False,,1015999.0,OBSERVED,FACE_OBSERVATION,2219b50acc3ffb1f749f26de_e0003,DyK1015+969.00-_伯舒拉岭右线洞身素描记录表 13.pdf,,,,,[],CURRENT_EXCAVATED_INTERVAL,False,DyK1015+969~DyK1015+999,[],IN_SCOPE,岩体较破碎,/Users/zhaoxiaoda/Library/CloudStorage/GoogleDrive-xiaodazhao0608@gmail.com/我的云端硬盘/TBM9/SKETCH/DyK1015+969.00-_伯舒拉岭右线洞身素描记录表 13.pdf,FACE_SKETCH,INTERVAL,1015969.0,线状出水,
板理产状：N30°E/45°S。同时发育3组节理裂隙，产状如下： J1 ：N31°W/52°N，d=0.2~0.4m ，L= 2~5m，平直、光滑、密闭、无充填； J2 ：N25°E/12°N，d=0.2~0.4m ，L=2~4m ，平直、光滑、密闭、无充填； J3 ：N44°E/42°N，d=0.2~0.4m ，L=3~6m ，平直、光滑、密闭、无充填。 综上所述，判定洞身围岩为Ⅳ级，与原设计相符。 当前开挖段落见线状出水，,2a9f3ec4a1f233a668a17e56,2a9f3ec4a1f233a668a17e56,False,,1015969.0,OBSERVED,FACE_OBSERVATION,2a9f3ec4a1f233a668a17e56_e0001,DyK1015+969.00_伯舒拉岭右线洞身素描记录表 12.pdf,96m³/h,,,,"[""当前开挖段落见线状出水，""]",FACE_POINT,False,里程：DyK1015+969 地质预报单位：川藏铁路隧道超前地质预报项目部洛隆分部,"[""建议：在开挖后及时对左右两侧边墙处松动的岩块进行处理，对局部岩体破碎、易掉块的位置应 提前支护， 防止掉块，如有异常及时上报，确保隧道施工和人员安全，避免设备受损和卡机。"", ""建议做好拱底防排水措施。""]",IN_SCOPE,,/Users/zhaoxiaoda/Library/CloudStorage/GoogleDrive-xiaodazhao0608@gmail.com/我的云端硬盘/TBM9/SKETCH/DyK1015+969.00_伯舒拉岭右线洞身素描记录表 12.pdf,FACE_SKETCH,POINT,1015969.0,线状出水,弱风化
伯舒拉岭隧道进口右线 DyK1015+969~DyK1015+999 段洞身推测岩性为石炭二叠系板岩夹变质砂 岩，围岩整体弱风化，板岩为变余结构，板状构造，板状劈理发育，变质砂岩为变余砂状结构，薄 层状构造，矿物成分以石英、长石为主，钙质胶结。节理裂隙较发育，岩体较破碎；,2a9f3ec4a1f233a668a17e56,2a9f3ec4a1f233a668a17e56,False,,1015999.0,FORECAST,FORECAST_SEGMENT,2a9f3ec4a1f233a668a17e56_e0002,DyK1015+969.00_伯舒拉岭右线洞身素描记录表 12.pdf,,,节理裂隙较发育,板岩夹变质砂岩,[],FORECAST_SEGMENT,False,DyK1015+969~DyK1015+999,[],IN_SCOPE,岩体较破碎,/Users/zhaoxiaoda/Library/CloudStorage/GoogleDrive-xiaodazhao0608@gmail.com/我的云端硬盘/TBM9/SKETCH/DyK1015+969.00_伯舒拉岭右线洞身素描记录表 12.pdf,FACE_SKETCH,INTERVAL,1015969.0,,弱风化
当前开挖段落 D yK1015+939~DyK1015+969段岩体较破碎，岩质软硬不均，两侧边墙存在线状出水。,2a9f3ec4a1f233a668a17e56,2a9f3ec4a1f233a668a17e56,False,,1015969.0,OBSERVED,FACE_OBSERVATION,2a9f3ec4a1f233a668a17e56_e0003,DyK1015+969.00_伯舒拉岭右线洞身素描记录表 12.pdf,,,,,[],CURRENT_EXCAVATED_INTERVAL,False,D yK1015+939~DyK1015+969,[],IN_SCOPE,岩体较破碎,/Users/zhaoxiaoda/Library/CloudStorage/GoogleDrive-xiaodazhao0608@gmail.com/我的云端硬盘/TBM9/SKETCH/DyK1015+969.00_伯舒拉岭右线洞身素描记录表 12.pdf,FACE_SKETCH,INTERVAL,1015939.0,线状出水,
板理产状：N30°E/45°S。同时发育3组节理裂隙，产状如下： J1 ：N60°E/89°N，d=0.5~1m ，L= 20m，平直、光滑、微张、无充填； J2 ：N34°E/16°N，d=0.2~0.4m ，L=2~4m ，平直、光滑、密闭、无充填； J3 ：N45°E/41°N，d=0.2~0.4m ，L=3~6m ，平直、光滑、密闭、无充填。 综上所述，判定洞身围岩为Ⅳ级，与原设计相符。 当前开挖段落见线状出水，,3c2cefed79a1f51fadb49df3,3c2cefed79a1f51fadb49df3,False,,1016059.0,OBSERVED,FACE_OBSERVATION,3c2cefed79a1f51fadb49df3_e0001,DyK1016+059.00_伯舒拉岭右线洞身素描记录表 15.pdf,96m³/h,,,,"[""当前开挖段落见线状出水，""]",FACE_POINT,False,里程：DyK1016+059 地质预报单位：川藏铁路隧道超前地质预报项目部洛隆分部,"[""建议：在开挖后及时对左右两侧边墙处松动的岩块进行处理，对局部岩体破碎、易掉块的位置应 提前支护， 防止掉块，如有异常及时上报，确保隧道施工和人员安全，避免设备受损和卡机。"", ""建议做好拱底防排水措施。""]",IN_SCOPE,,/Users/zhaoxiaoda/Library/CloudStorage/GoogleDrive-xiaodazhao0608@gmail.com/我的云端硬盘/TBM9/SKETCH/DyK1016+059.00_伯舒拉岭右线洞身素描记录表 15.pdf,FACE_SKETCH,POINT,1016059.0,线状出水,弱风化
伯舒拉岭隧道进口右线 DyK1016+059~DyK1016+089 段洞身推测岩性为石炭二叠系板岩夹变质砂 岩，围岩整体弱风化，板岩为变余结构，板状构造，板状劈理发育，锤击易碎、声闷，为软岩；变 质砂岩为变余砂状结构，薄层状构造，矿物成分以石英、长石为主，钙质胶结。节理裂隙较发育， 岩体较破碎，锤击声脆、不易碎，为硬岩；,3c2cefed79a1f51fadb49df3,3c2cefed79a1f51fadb49df3,False,,1016089.0,FORECAST,FORECAST_SEGMENT,3c2cefed79a1f51fadb49df3_e0002,DyK1016+059.00_伯舒拉岭右线洞身素描记录表 15.pdf,,,节理裂隙较发育,板岩夹变质砂岩,[],FORECAST_SEGMENT,False,DyK1016+059~DyK1016+089,[],IN_SCOPE,岩体较破碎,/Users/zhaoxiaoda/Library/CloudStorage/GoogleDrive-xiaodazhao0608@gmail.com/我的云端硬盘/TBM9/SKETCH/DyK1016+059.00_伯舒拉岭右线洞身素描记录表 15.pdf,FACE_SKETCH,INTERVAL,1016059.0,,弱风化
当前开挖段落 DyK1016+029~DyK1016+059 段岩体较破 碎，岩质软硬不均，两侧边墙存在线状出水。,3c2cefed79a1f51fadb49df3,3c2cefed79a1f51fadb49df3,False,,1016059.0,OBSERVED,FACE_OBSERVATION,3c2cefed79a1f51fadb49df3_e0003,DyK1016+059.00_伯舒拉岭右线洞身素描记录表 15.pdf,,,,,[],CURRENT_EXCAVATED_INTERVAL,False,DyK1016+029~DyK1016+059,[],IN_SCOPE,岩体较破碎,/Users/zhaoxiaoda/Library/CloudStorage/GoogleDrive-xiaodazhao0608@gmail.com/我的云端硬盘/TBM9/SKETCH/DyK1016+059.00_伯舒拉岭右线洞身素描记录表 15.pdf,FACE_SKETCH,INTERVAL,1016029.0,线状出水,
板理产状：N30°E/45°S。同时发育3组节理裂隙，产状如下： J1 ：N60°E/89°N，d=0.5~1m ，L= 20m，平直、光滑、微张、无充填； J2 ：N34°E/16°N，d=0.2~0.4m ，L=2~4m ，平直、光滑、密闭、无充填； J3 ：N45°E/41°N，d=0.2~0.4m ，L=3~6m ，平直、光滑、密闭、无充填。 综上所述，判定洞身围岩为Ⅳ级，与原设计相符。 当前开挖段落见线状出水，,59d20fe5ae4b1b006a2edc6f,59d20fe5ae4b1b006a2edc6f,False,,1016089.0,OBSERVED,FACE_OBSERVATION,59d20fe5ae4b1b006a2edc6f_e0001,DyK1016+089.00_伯舒拉岭右线洞身素描记录表 16.pdf,96m³/h,,,,"[""当前开挖段落见线状出水，""]",FACE_POINT,False,里程：DyK1016+089 地质预报单位：川藏铁路隧道超前地质预报项目部洛隆分部,"[""建议：在开挖后及时对左右两侧边墙处松动的岩块进行处理，对局部岩体破碎、易掉块的位置应 提前支护， 防止掉块，如有异常及时上报，确保隧道施工和人员安全，避免设备受损和卡机。"", ""建议做好拱底防排水措施。""]",IN_SCOPE,,/Users/zhaoxiaoda/Library/CloudStorage/GoogleDrive-xiaodazhao0608@gmail.com/我的云端硬盘/TBM9/SKETCH/DyK1016+089.00_伯舒拉岭右线洞身素描记录表 16.pdf,FACE_SKETCH,POINT,1016089.0,线状出水,弱风化
伯舒拉岭隧道进口右线 DyK1016+089~DyK1016+119 段洞身推测岩性为石炭二叠系板岩夹变质砂 岩，围岩整体弱风化，板岩为变余结构，板状构造，板状劈理发育，锤击易碎、声闷，为软岩；变 质砂岩为变余砂状结构，薄层状构造，矿物成分以石英、长石为主，钙质胶结。节理裂隙较发育， 岩体较破碎，锤击声脆、不易碎，为硬岩；,59d20fe5ae4b1b006a2edc6f,59d20fe5ae4b1b006a2edc6f,False,,1016119.0,FORECAST,FORECAST_SEGMENT,59d20fe5ae4b1b006a2edc6f_e0002,DyK1016+089.00_伯舒拉岭右线洞身素描记录表 16.pdf,,,节理裂隙较发育,板岩夹变质砂岩,[],FORECAST_SEGMENT,False,DyK1016+089~DyK1016+119,[],IN_SCOPE,岩体较破碎,/Users/zhaoxiaoda/Library/CloudStorage/GoogleDrive-xiaodazhao0608@gmail.com/我的云端硬盘/TBM9/SKETCH/DyK1016+089.00_伯舒拉岭右线洞身素描记录表 16.pdf,FACE_SKETCH,INTERVAL,1016089.0,,弱风化
当前开挖段落 DyK1016+059~DyK1016+089 段岩体较破 碎，岩质软硬不均，两侧边墙存在线状出水。,59d20fe5ae4b1b006a2edc6f,59d20fe5ae4b1b006a2edc6f,False,,1016089.0,OBSERVED,FACE_OBSERVATION,59d20fe5ae4b1b006a2edc6f_e0003,DyK1016+089.00_伯舒拉岭右线洞身素描记录表 16.pdf,,,,,[],CURRENT_EXCAVATED_INTERVAL,False,DyK1016+059~DyK1016+089,[],IN_SCOPE,岩体较破碎,/Users/zhaoxiaoda/Library/CloudStorage/GoogleDrive-xiaodazhao0608@gmail.com/我的云端硬盘/TBM9/SKETCH/DyK1016+089.00_伯舒拉岭右线洞身素描记录表 16.pdf,FACE_SKETCH,INTERVAL,1016059.0,线状出水,
板理产状：N32°E/43°S。同时发育3组节理裂隙，产状如下： J1 ：N64°E/77°N，d=0.5~1m ，L= 20m，平直、光滑、微张、无充填； J2 ：N35°E/18°N，d=0.2~0.4m ，L=2~4m ，平直、光滑、密闭、无充填； J3 ：N42°E/47°N，d=0.2~0.4m ，L=3~6m ，平直、光滑、密闭、无充填。 综上所述，判定洞身围岩为Ⅳ级，与原设计相符。 当前开挖段落见线状出水，,38215f8be366b1c36370cc56,38215f8be366b1c36370cc56,False,,1016119.0,OBSERVED,FACE_OBSERVATION,38215f8be366b1c36370cc56_e0001,DyK1016+119.00_伯舒拉岭右线洞身素描记录表 17.pdf,96m³/h,,,,"[""当前开挖段落见线状出水，""]",FACE_POINT,False,里程：DyK1016+119 地质预报单位：川藏铁路隧道超前地质预报项目部洛隆分部,"[""建议：在开挖后及时对左右两侧边墙处松动的岩块进行处理，对局部岩体破碎、易掉块的位置应 提前支护， 防止掉块，如有异常及时上报，确保隧道施工和人员安全，避免设备受损和卡机。"", ""建议做好拱底防排水措施。""]",IN_SCOPE,,/Users/zhaoxiaoda/Library/CloudStorage/GoogleDrive-xiaodazhao0608@gmail.com/我的云端硬盘/TBM9/SKETCH/DyK1016+119.00_伯舒拉岭右线洞身素描记录表 17.pdf,FACE_SKETCH,POINT,1016119.0,线状出水,弱风化
伯舒拉岭隧道进口右线 DyK1016+119~DyK1016+149 段洞身推测岩性为石炭二叠系板岩夹变质砂 岩，围岩整体弱风化，板岩为变余结构，板状构造，板状劈理发育，锤击易碎、声闷，为软岩；变 质砂岩为变余砂状结构，薄层状构造，矿物成分以石英、长石为主，钙质胶结。节理裂隙较发育， 岩体较破碎，锤击声脆、不易碎，为硬岩；,38215f8be366b1c36370cc56,38215f8be366b1c36370cc56,False,,1016149.0,FORECAST,FORECAST_SEGMENT,38215f8be366b1c36370cc56_e0002,DyK1016+119.00_伯舒拉岭右线洞身素描记录表 17.pdf,,,节理裂隙较发育,板岩夹变质砂岩,[],FORECAST_SEGMENT,False,DyK1016+119~DyK1016+149,[],IN_SCOPE,岩体较破碎,/Users/zhaoxiaoda/Library/CloudStorage/GoogleDrive-xiaodazhao0608@gmail.com/我的云端硬盘/TBM9/SKETCH/DyK1016+119.00_伯舒拉岭右线洞身素描记录表 17.pdf,FACE_SKETCH,INTERVAL,1016119.0,,弱风化
当前开挖段落 DyK1016+089~DyK1016+119 段岩体较破 碎，岩质软硬不均，两侧边墙存在线状出水。,38215f8be366b1c36370cc56,38215f8be366b1c36370cc56,False,,1016119.0,OBSERVED,FACE_OBSERVATION,38215f8be366b1c36370cc56_e0003,DyK1016+119.00_伯舒拉岭右线洞身素描记录表 17.pdf,,,,,[],CURRENT_EXCAVATED_INTERVAL,False,DyK1016+089~DyK1016+119,[],IN_SCOPE,岩体较破碎,/Users/zhaoxiaoda/Library/CloudStorage/GoogleDrive-xiaodazhao0608@gmail.com/我的云端硬盘/TBM9/SKETCH/DyK1016+119.00_伯舒拉岭右线洞身素描记录表 17.pdf,FACE_SKETCH,INTERVAL,1016089.0,线状出水,
板理产状：N37°E/45°S。同时发育3组节理裂隙，产状如下： J1 ：N62°E/78°N，d=0.5~1m ，L= 20m，平直、光滑、微张、无充填； J2 ：N34°E/21°N，d=0.2~0.4m ，L=2~4m ，平直、光滑、密闭、无充填； J3 ：N44°E/52°N，d=0.2~0.4m ，L=3~6m ，平直、光滑、密闭、无充填。 综上所述，判定洞身围岩为Ⅳ级，与原设计相符。 当前开挖段落见线状出水，,360ba61f16ab0f1fd9e3868b,360ba61f16ab0f1fd9e3868b,False,,1016149.0,OBSERVED,FACE_OBSERVATION,360ba61f16ab0f1fd9e3868b_e0001,DyK1016+149.00_伯舒拉岭右线洞身素描记录表 18.pdf,96m³/h,,,,"[""当前开挖段落见线状出水，""]",FACE_POINT,False,里程：DyK1016+149 地质预报单位：川藏铁路隧道超前地质预报项目部洛隆分部,"[""建议：在开挖后及时对左右两侧边墙处松动的岩块进行处理，对局部岩体破碎、易掉块的位置应 提前支护， 防止掉块，如有异常及时上报，确保隧道施工和人员安全，避免设备受损和卡机。"", ""建议做好拱底防排水措施。""]",IN_SCOPE,,/Users/zhaoxiaoda/Library/CloudStorage/GoogleDrive-xiaodazhao0608@gmail.com/我的云端硬盘/TBM9/SKETCH/DyK1016+149.00_伯舒拉岭右线洞身素描记录表 18.pdf,FACE_SKETCH,POINT,1016149.0,线状出水,弱风化
伯舒拉岭隧道进口右线 DyK1016+149~DyK1016+179 段洞身推测岩性为石炭二叠系板岩夹变质砂 岩，围岩整体弱风化，板岩为变余结构，板状构造，板状劈理发育，锤击易碎、声闷，为软岩；变 质砂岩为变余砂状结构，薄层状构造，矿物成分以石英、长石为主，钙质胶结。节理裂隙较发育， 岩体较破碎，锤击声脆、不易碎，为硬岩；,360ba61f16ab0f1fd9e3868b,360ba61f16ab0f1fd9e3868b,False,,1016179.0,FORECAST,FORECAST_SEGMENT,360ba61f16ab0f1fd9e3868b_e0002,DyK1016+149.00_伯舒拉岭右线洞身素描记录表 18.pdf,,,节理裂隙较发育,板岩夹变质砂岩,[],FORECAST_SEGMENT,False,DyK1016+149~DyK1016+179,[],IN_SCOPE,岩体较破碎,/Users/zhaoxiaoda/Library/CloudStorage/GoogleDrive-xiaodazhao0608@gmail.com/我的云端硬盘/TBM9/SKETCH/DyK1016+149.00_伯舒拉岭右线洞身素描记录表 18.pdf,FACE_SKETCH,INTERVAL,1016149.0,,弱风化
当前开挖段落 DyK1016+119~DyK1016+149 段岩体较破 碎，岩质软硬不均，两侧边墙存在线状出水。,360ba61f16ab0f1fd9e3868b,360ba61f16ab0f1fd9e3868b,False,,1016149.0,OBSERVED,FACE_OBSERVATION,360ba61f16ab0f1fd9e3868b_e0003,DyK1016+149.00_伯舒拉岭右线洞身素描记录表 18.pdf,,,,,[],CURRENT_EXCAVATED_INTERVAL,False,DyK1016+119~DyK1016+149,[],IN_SCOPE,岩体较破碎,/Users/zhaoxiaoda/Library/CloudStorage/GoogleDrive-xiaodazhao0608@gmail.com/我的云端硬盘/TBM9/SKETCH/DyK1016+149.00_伯舒拉岭右线洞身素描记录表 18.pdf,FACE_SKETCH,INTERVAL,1016119.0,线状出水,
板理产状：N40°E/43°S。同时发育3组节理裂隙，产状如下： J1 ：N65°E/72°N，d=0.5~1m ，L= 20m，平直、光滑、微张、无充填； J2 ：N33°E/24°N，d=0.2~0.4m ，L=2~4m ，平直、光滑、密闭、无充填； J3 ：N41°E/55°N，d=0.2~0.4m ，L=3~6m ，平直、光滑、密闭、无充填。 综上所述，判定洞身围岩为Ⅳ级，与原设计相符。 当前开挖段落见线状出水，,30a66d7c404ac5909d46ff55,30a66d7c404ac5909d46ff55,False,,1016179.0,OBSERVED,FACE_OBSERVATION,30a66d7c404ac5909d46ff55_e0001,DyK1016+179.00_伯舒拉岭右线洞身素描记录表 19.pdf,96m³/h,,,,"[""当前开挖段落见线状出水，""]",FACE_POINT,False,里程：DyK1016+179 地质预报单位：川藏铁路隧道超前地质预报项目部洛隆分部,"[""建议：在开挖后及时对左右两侧边墙处松动的岩块进行处理，对局部岩体破碎、易掉块的位置应 提前支护， 防止掉块，如有异常及时上报，确保隧道施工和人员安全，避免设备受损和卡机。"", ""建议做好拱底防排水措施。""]",IN_SCOPE,,/Users/zhaoxiaoda/Library/CloudStorage/GoogleDrive-xiaodazhao0608@gmail.com/我的云端硬盘/TBM9/SKETCH/DyK1016+179.00_伯舒拉岭右线洞身素描记录表 19.pdf,FACE_SKETCH,POINT,1016179.0,线状出水,弱风化
伯舒拉岭隧道进口右线 DyK1016+179~DyK1016+209 段洞身推测岩性为石炭二叠系板岩夹变质砂 岩，围岩整体弱风化，板岩为变余结构，板状构造，板状劈理发育，锤击易碎、声闷，为软岩；变 质砂岩为变余砂状结构，薄层状构造，矿物成分以石英、长石为主，钙质胶结。节理裂隙较发育， 岩体较破碎，锤击声脆、不易碎，为硬岩；,30a66d7c404ac5909d46ff55,30a66d7c404ac5909d46ff55,False,,1016209.0,FORECAST,FORECAST_SEGMENT,30a66d7c404ac5909d46ff55_e0002,DyK1016+179.00_伯舒拉岭右线洞身素描记录表 19.pdf,,,节理裂隙较发育,板岩夹变质砂岩,[],FORECAST_SEGMENT,False,DyK1016+179~DyK1016+209,[],IN_SCOPE,岩体较破碎,/Users/zhaoxiaoda/Library/CloudStorage/GoogleDrive-xiaodazhao0608@gmail.com/我的云端硬盘/TBM9/SKETCH/DyK1016+179.00_伯舒拉岭右线洞身素描记录表 19.pdf,FACE_SKETCH,INTERVAL,1016179.0,,弱风化
当前开挖段落 DyK1016+149~DyK1016+179 段岩体较破 碎，岩质软硬不均，两侧边墙存在线状出水。,30a66d7c404ac5909d46ff55,30a66d7c404ac5909d46ff55,False,,1016179.0,OBSERVED,FACE_OBSERVATION,30a66d7c404ac5909d46ff55_e0003,DyK1016+179.00_伯舒拉岭右线洞身素描记录表 19.pdf,,,,,[],CURRENT_EXCAVATED_INTERVAL,False,DyK1016+149~DyK1016+179,[],IN_SCOPE,岩体较破碎,/Users/zhaoxiaoda/Library/CloudStorage/GoogleDrive-xiaodazhao0608@gmail.com/我的云端硬盘/TBM9/SKETCH/DyK1016+179.00_伯舒拉岭右线洞身素描记录表 19.pdf,FACE_SKETCH,INTERVAL,1016149.0,线状出水,
板理产状：N42°E/50°S。同时发育3组节理裂隙，产状如下： J1 ：N62°E/71°N，d=0.5~1m ，L= 20m，平直、光滑、微张、无充填； J2 ：N35°E/27°N，d=0.2~0.4m ，L=2~4m ，平直、光滑、密闭、无充填； J3 ：N42°E/58°N，d=0.2~0.4m ，L=3~6m ，平直、光滑、密闭、无充填。 综上所述，判定洞身围岩为Ⅳ级，与原设计相符。 当前开挖段落见线状出水，,f8a2461fc50563098bdd8ca1,f8a2461fc50563098bdd8ca1,False,,1016209.0,OBSERVED,FACE_OBSERVATION,f8a2461fc50563098bdd8ca1_e0001,DyK1016+209.00_伯舒拉岭右线洞身素描记录表 20.pdf,96m³/h,,,,"[""当前开挖段落见线状出水，""]",FACE_POINT,False,里程：DyK1016+209 地质预报单位：川藏铁路隧道超前地质预报项目部洛隆分部,"[""建议：在开挖后及时对左右两侧边墙处松动的岩块进行处理，对局部岩体破碎、易掉块的位置应 提前支护， 防止掉块，如有异常及时上报，确保隧道施工和人员安全，避免设备受损和卡机。"", ""建议做好拱底防排水措施。""]",IN_SCOPE,,/Users/zhaoxiaoda/Library/CloudStorage/GoogleDrive-xiaodazhao0608@gmail.com/我的云端硬盘/TBM9/SKETCH/DyK1016+209.00_伯舒拉岭右线洞身素描记录表 20.pdf,FACE_SKETCH,POINT,1016209.0,线状出水,弱风化
伯舒拉岭隧道进口右线 DyK1016+209~DyK1016+239 段洞身推测岩性为石炭二叠系板岩夹变质砂 岩，围岩整体弱风化，板岩为变余结构，板状构造，板状劈理发育，锤击易碎、声闷，为软岩；变 质砂岩为变余砂状结构，薄层状构造，矿物成分以石英、长石为主，钙质胶结。节理裂隙较发育， 岩体较破碎，锤击声脆、不易碎，为硬岩；,f8a2461fc50563098bdd8ca1,f8a2461fc50563098bdd8ca1,False,,1016239.0,FORECAST,FORECAST_SEGMENT,f8a2461fc50563098bdd8ca1_e0002,DyK1016+209.00_伯舒拉岭右线洞身素描记录表 20.pdf,,,节理裂隙较发育,板岩夹变质砂岩,[],FORECAST_SEGMENT,False,DyK1016+209~DyK1016+239,[],IN_SCOPE,岩体较破碎,/Users/zhaoxiaoda/Library/CloudStorage/GoogleDrive-xiaodazhao0608@gmail.com/我的云端硬盘/TBM9/SKETCH/DyK1016+209.00_伯舒拉岭右线洞身素描记录表 20.pdf,FACE_SKETCH,INTERVAL,1016209.0,,弱风化
当前开挖段落 DyK1016+179~DyK1016+209 段岩体较破 碎，岩质软硬不均，两侧边墙存在线状出水。,f8a2461fc50563098bdd8ca1,f8a2461fc50563098bdd8ca1,False,,1016209.0,OBSERVED,FACE_OBSERVATION,f8a2461fc50563098bdd8ca1_e0003,DyK1016+209.00_伯舒拉岭右线洞身素描记录表 20.pdf,,,,,[],CURRENT_EXCAVATED_INTERVAL,False,DyK1016+179~DyK1016+209,[],IN_SCOPE,岩体较破碎,/Users/zhaoxiaoda/Library/CloudStorage/GoogleDrive-xiaodazhao0608@gmail.com/我的云端硬盘/TBM9/SKETCH/DyK1016+209.00_伯舒拉岭右线洞身素描记录表 20.pdf,FACE_SKETCH,INTERVAL,1016179.0,线状出水,
板理产状：N42°E/50°S。同时发育3组节理裂隙，产状如下： J1 ：N62°E/71°N，d=0.5~1m ，L= 20m，平直、光滑、微张、无充填； J2 ：N35°E/27°N，d=0.2~0.4m ，L=2~4m ，平直、光滑、密闭、无充填； J3 ：N42°E/58°N，d=0.2~0.4m ，L=3~6m ，平直、光滑、密闭、无充填。 综上所述，判定洞身围岩为Ⅳ级，与原设计相符。 当前开挖段落见线状出水，,9edad7b96c52d6d71196765e,9edad7b96c52d6d71196765e,False,,1016239.0,OBSERVED,FACE_OBSERVATION,9edad7b96c52d6d71196765e_e0001,DyK1016+239.00_伯舒拉岭右线洞身素描记录表 21.pdf,96m³/h,,,,"[""当前开挖段落见线状出水，""]",FACE_POINT,False,里程：DyK1016+239 地质预报单位：川藏铁路隧道超前地质预报项目部洛隆分部,"[""建议：在开挖后及时对左右两侧边墙处松动的岩块进行处理，对局部岩体破碎、易掉块的位置应 提前支护， 防止掉块，如有异常及时上报，确保隧道施工和人员安全，避免设备受损和卡机。"", ""建议做好拱底防排水措施。""]",IN_SCOPE,,/Users/zhaoxiaoda/Library/CloudStorage/GoogleDrive-xiaodazhao0608@gmail.com/我的云端硬盘/TBM9/SKETCH/DyK1016+239.00_伯舒拉岭右线洞身素描记录表 21.pdf,FACE_SKETCH,POINT,1016239.0,线状出水,弱风化
伯舒拉岭隧道进口右线 DyK1016+239~DyK1016+269 段洞身推测岩性为石炭二叠系板岩夹变质砂 岩，围岩整体弱风化，板岩为变余结构，板状构造，板状劈理发育，锤击易碎、声闷，为软岩；变 质砂岩为变余砂状结构，薄层状构造，矿物成分以石英、长石为主，钙质胶结。节理裂隙较发育， 岩体较破碎，锤击声脆、不易碎，为硬岩；,9edad7b96c52d6d71196765e,9edad7b96c52d6d71196765e,False,,1016269.0,FORECAST,FORECAST_SEGMENT,9edad7b96c52d6d71196765e_e0002,DyK1016+239.00_伯舒拉岭右线洞身素描记录表 21.pdf,,,节理裂隙较发育,板岩夹变质砂岩,[],FORECAST_SEGMENT,False,DyK1016+239~DyK1016+269,[],IN_SCOPE,岩体较破碎,/Users/zhaoxiaoda/Library/CloudStorage/GoogleDrive-xiaodazhao0608@gmail.com/我的云端硬盘/TBM9/SKETCH/DyK1016+239.00_伯舒拉岭右线洞身素描记录表 21.pdf,FACE_SKETCH,INTERVAL,1016239.0,,弱风化
当前开挖段落 DyK1016+209~DyK1016+239 段岩体较破 碎，岩质软硬不均，两侧边墙存在线状出水。,9edad7b96c52d6d71196765e,9edad7b96c52d6d71196765e,False,,1016239.0,OBSERVED,FACE_OBSERVATION,9edad7b96c52d6d71196765e_e0003,DyK1016+239.00_伯舒拉岭右线洞身素描记录表 21.pdf,,,,,[],CURRENT_EXCAVATED_INTERVAL,False,DyK1016+209~DyK1016+239,[],IN_SCOPE,岩体较破碎,/Users/zhaoxiaoda/Library/CloudStorage/GoogleDrive-xiaodazhao0608@gmail.com/我的云端硬盘/TBM9/SKETCH/DyK1016+239.00_伯舒拉岭右线洞身素描记录表 21.pdf,FACE_SKETCH,INTERVAL,1016209.0,线状出水,
板理产状：N42°E/50°S。同时发育3组节理裂隙，产状如下： J1 ：N62°E/71°N，d=0.5~1m ，L= 20m，平直、光滑、微张、无充填； J2 ：N35°E/27°N，d=0.2~0.4m ，L=2~4m ，平直、光滑、密闭、无充填； J3 ：N42°E/58°N，d=0.2~0.4m ，L=3~6m ，平直、光滑、密闭、无充填。 综上所述，判定洞身围岩为Ⅳ级，与原设计相符。 当前开挖段落见线状出水，,cec90076ae694b23cd96714c,cec90076ae694b23cd96714c,False,,1016269.0,OBSERVED,FACE_OBSERVATION,cec90076ae694b23cd96714c_e0001,DyK1016+269.00_伯舒拉岭右线洞身素描记录表 22.pdf,96m³/h,,,,"[""当前开挖段落见线状出水，""]",FACE_POINT,False,里程：DyK1016+269 地质预报单位：川藏铁路隧道超前地质预报项目部洛隆分部,"[""建议：在开挖后及时对左右两侧边墙处松动的岩块进行处理，对局部岩体破碎、易掉块的位置应 提前支护， 防止掉块，如有异常及时上报，确保隧道施工和人员安全，避免设备受损和卡机。"", ""建议做好拱底防排水措施。""]",IN_SCOPE,,/Users/zhaoxiaoda/Library/CloudStorage/GoogleDrive-xiaodazhao0608@gmail.com/我的云端硬盘/TBM9/SKETCH/DyK1016+269.00_伯舒拉岭右线洞身素描记录表 22.pdf,FACE_SKETCH,POINT,1016269.0,线状出水,弱风化
伯舒拉岭隧道进口右线 DyK1016+269~DyK1016+299 段洞身推测岩性为石炭二叠系板岩夹变质砂 岩，围岩整体弱风化，板岩为变余结构，板状构造，板状劈理发育，锤击易碎、声闷，为软岩；变 质砂岩为变余砂状结构，薄层状构造，矿物成分以石英、长石为主，钙质胶结。节理裂隙较发育， 岩体较破碎，锤击声脆、不易碎，为硬岩；,cec90076ae694b23cd96714c,cec90076ae694b23cd96714c,False,,1016299.0,FORECAST,FORECAST_SEGMENT,cec90076ae694b23cd96714c_e0002,DyK1016+269.00_伯舒拉岭右线洞身素描记录表 22.pdf,,,节理裂隙较发育,板岩夹变质砂岩,[],FORECAST_SEGMENT,False,DyK1016+269~DyK1016+299,[],IN_SCOPE,岩体较破碎,/Users/zhaoxiaoda/Library/CloudStorage/GoogleDrive-xiaodazhao0608@gmail.com/我的云端硬盘/TBM9/SKETCH/DyK1016+269.00_伯舒拉岭右线洞身素描记录表 22.pdf,FACE_SKETCH,INTERVAL,1016269.0,,弱风化
当前开挖段落 DyK1016+239~DyK1016+269 段岩体较破 碎，岩质软硬不均，两侧边墙存在线状出水。,cec90076ae694b23cd96714c,cec90076ae694b23cd96714c,False,,1016269.0,OBSERVED,FACE_OBSERVATION,cec90076ae694b23cd96714c_e0003,DyK1016+269.00_伯舒拉岭右线洞身素描记录表 22.pdf,,,,,[],CURRENT_EXCAVATED_INTERVAL,False,DyK1016+239~DyK1016+269,[],IN_SCOPE,岩体较破碎,/Users/zhaoxiaoda/Library/CloudStorage/GoogleDrive-xiaodazhao0608@gmail.com/我的云端硬盘/TBM9/SKETCH/DyK1016+269.00_伯舒拉岭右线洞身素描记录表 22.pdf,FACE_SKETCH,INTERVAL,1016239.0,线状出水,
板理产状：N45°E/52°S。同时发育3组节理裂隙，产状如下： J1 ：N61°E/73°N，d=0.5~1m ，L= 20m，平直、光滑、微张、无充填； J2 ：N32°E/31°N，d=0.2~0.4m ，L=2~4m ，平直、光滑、密闭、无充填； J3 ：N42°E/58°N，d=0.2~0.4m ，L=3~6m ，平直、光滑、密闭、无充填。 综上所述，判定洞身围岩为Ⅳ级，与原设计相符。 当前开挖段落见线状出水，,bf8c2cee9abfa2e95988037e,bf8c2cee9abfa2e95988037e,False,,1016299.0,OBSERVED,FACE_OBSERVATION,bf8c2cee9abfa2e95988037e_e0001,DyK1016+299.00_伯舒拉岭右线洞身素描记录表 23.pdf,96m³/h,,,,"[""当前开挖段落见线状出水，""]",FACE_POINT,False,里程：DyK1016+299 地质预报单位：川藏铁路隧道超前地质预报项目部洛隆分部,"[""建议：在开挖后及时对左右两侧边墙处松动的岩块进行处理，对局部岩体破碎、易掉块的位置应 提前支护， 防止掉块，如有异常及时上报，确保隧道施工和人员安全，避免设备受损和卡机。"", ""建议做好拱底防排水措施。""]",IN_SCOPE,,/Users/zhaoxiaoda/Library/CloudStorage/GoogleDrive-xiaodazhao0608@gmail.com/我的云端硬盘/TBM9/SKETCH/DyK1016+299.00_伯舒拉岭右线洞身素描记录表 23.pdf,FACE_SKETCH,POINT,1016299.0,线状出水,弱风化
伯舒拉岭隧道进口右线 DyK1016+299~DyK1016+329 段洞身推测岩性为石炭二叠系板岩夹变质砂 岩，围岩整体弱风化，板岩为变余结构，板状构造，板状劈理发育，锤击易碎、声闷，为软岩；变 质砂岩为变余砂状结构，薄层状构造，矿物成分以石英、长石为主，钙质胶结。节理裂隙较发育， 岩体较破碎，锤击声脆、不易碎，为硬岩；,bf8c2cee9abfa2e95988037e,bf8c2cee9abfa2e95988037e,False,,1016329.0,FORECAST,FORECAST_SEGMENT,bf8c2cee9abfa2e95988037e_e0002,DyK1016+299.00_伯舒拉岭右线洞身素描记录表 23.pdf,,,节理裂隙较发育,板岩夹变质砂岩,[],FORECAST_SEGMENT,False,DyK1016+299~DyK1016+329,[],IN_SCOPE,岩体较破碎,/Users/zhaoxiaoda/Library/CloudStorage/GoogleDrive-xiaodazhao0608@gmail.com/我的云端硬盘/TBM9/SKETCH/DyK1016+299.00_伯舒拉岭右线洞身素描记录表 23.pdf,FACE_SKETCH,INTERVAL,1016299.0,,弱风化
当前开挖段落 DyK1016+269~DyK1016+299 段岩体较破 碎，岩质软硬不均，两侧边墙存在线状出水。,bf8c2cee9abfa2e95988037e,bf8c2cee9abfa2e95988037e,False,,1016299.0,OBSERVED,FACE_OBSERVATION,bf8c2cee9abfa2e95988037e_e0003,DyK1016+299.00_伯舒拉岭右线洞身素描记录表 23.pdf,,,,,[],CURRENT_EXCAVATED_INTERVAL,False,DyK1016+269~DyK1016+299,[],IN_SCOPE,岩体较破碎,/Users/zhaoxiaoda/Library/CloudStorage/GoogleDrive-xiaodazhao0608@gmail.com/我的云端硬盘/TBM9/SKETCH/DyK1016+299.00_伯舒拉岭右线洞身素描记录表 23.pdf,FACE_SKETCH,INTERVAL,1016269.0,线状出水,
板理产状：N45°E/52°S。同时发育3组节理裂隙，产状如下： J1 ：N61°E/73°N，d=0.5~1m ，L= 20m，平直、光滑、微张、无充填； J2 ：N32°E/31°N，d=0.2~0.4m ，L=2~4m ，平直、光滑、密闭、无充填； J3 ：N42°E/58°N，d=0.2~0.4m ，L=3~6m ，平直、光滑、密闭、无充填。 综上所述，判定洞身围岩为Ⅳ级，与原设计相符。 当前开挖段落见线状出水，,252672953554717c3d88b1f1,252672953554717c3d88b1f1,False,,1016329.0,OBSERVED,FACE_OBSERVATION,252672953554717c3d88b1f1_e0001,DyK1016+329.00_伯舒拉岭右线洞身素描记录表 24.pdf,96m³/h,,,,"[""当前开挖段落见线状出水，""]",FACE_POINT,False,里程：DyK1016+329 地质预报单位：川藏铁路隧道超前地质预报项目部洛隆分部,"[""建议：在开挖后及时对左右两侧边墙处松动的岩块进行处理，对局部岩体破碎、易掉块的位置应 提前支护， 防止掉块，如有异常及时上报，确保隧道施工和人员安全，避免设备受损和卡机。"", ""建议做好拱底防排水措施。""]",IN_SCOPE,,/Users/zhaoxiaoda/Library/CloudStorage/GoogleDrive-xiaodazhao0608@gmail.com/我的云端硬盘/TBM9/SKETCH/DyK1016+329.00_伯舒拉岭右线洞身素描记录表 24.pdf,FACE_SKETCH,POINT,1016329.0,线状出水,弱风化
伯舒拉岭隧道进口右线 DyK1016+329~DyK1016+359 段洞身推测岩性为石炭二叠系板岩夹变质砂 岩，围岩整体弱风化，板岩为变余结构，板状构造，板状劈理发育，锤击易碎、声闷，为软岩；变 质砂岩为变余砂状结构，薄层状构造，矿物成分以石英、长石为主，钙质胶结。节理裂隙较发育， 岩体较破碎，锤击声脆、不易碎，为硬岩；,252672953554717c3d88b1f1,252672953554717c3d88b1f1,False,,1016359.0,FORECAST,FORECAST_SEGMENT,252672953554717c3d88b1f1_e0002,DyK1016+329.00_伯舒拉岭右线洞身素描记录表 24.pdf,,,节理裂隙较发育,板岩夹变质砂岩,[],FORECAST_SEGMENT,False,DyK1016+329~DyK1016+359,[],IN_SCOPE,岩体较破碎,/Users/zhaoxiaoda/Library/CloudStorage/GoogleDrive-xiaodazhao0608@gmail.com/我的云端硬盘/TBM9/SKETCH/DyK1016+329.00_伯舒拉岭右线洞身素描记录表 24.pdf,FACE_SKETCH,INTERVAL,1016329.0,,弱风化
当前开挖段落 DyK1016+299~DyK1016+329 段岩体较破 碎，岩质软硬不均，两侧边墙存在线状出水。,252672953554717c3d88b1f1,252672953554717c3d88b1f1,False,,1016329.0,OBSERVED,FACE_OBSERVATION,252672953554717c3d88b1f1_e0003,DyK1016+329.00_伯舒拉岭右线洞身素描记录表 24.pdf,,,,,[],CURRENT_EXCAVATED_INTERVAL,False,DyK1016+299~DyK1016+329,[],IN_SCOPE,岩体较破碎,/Users/zhaoxiaoda/Library/CloudStorage/GoogleDrive-xiaodazhao0608@gmail.com/我的云端硬盘/TBM9/SKETCH/DyK1016+329.00_伯舒拉岭右线洞身素描记录表 24.pdf,FACE_SKETCH,INTERVAL,1016299.0,线状出水,
板理产状：N45°E/52°S。同时发育3组节理裂隙，产状如下： J1 ：N61°E/73°N，d=0.5~1m ，L= 20m，平直、光滑、微张、无充填； J2 ：N32°E/31°N，d=0.2~0.4m ，L=2~4m ，平直、光滑、密闭、无充填； J3 ：N42°E/58°N，d=0.2~0.4m ，L=3~6m ，平直、光滑、密闭、无充填。 综上所述，判定洞身围岩为Ⅳ级，与原设计相符。 当前开挖段落见线状出水，,1aac1c7aada4de553783a48e,1aac1c7aada4de553783a48e,False,,1016359.0,OBSERVED,FACE_OBSERVATION,1aac1c7aada4de553783a48e_e0001,DyK1016+359.00_伯舒拉岭右线洞身素描记录表 25.pdf,96m³/h,,,,"[""当前开挖段落见线状出水，""]",FACE_POINT,False,里程：DyK1016+359 地质预报单位：川藏铁路隧道超前地质预报项目部洛隆分部,"[""建议：在开挖后及时对左右两侧边墙处松动的岩块进行处理，对局部岩体破碎、易掉块的位置应 提前支护， 防止掉块，如有异常及时上报，确保隧道施工和人员安全，避免设备受损和卡机。"", ""建议做好拱底防排水措施。""]",IN_SCOPE,,/Users/zhaoxiaoda/Library/CloudStorage/GoogleDrive-xiaodazhao0608@gmail.com/我的云端硬盘/TBM9/SKETCH/DyK1016+359.00_伯舒拉岭右线洞身素描记录表 25.pdf,FACE_SKETCH,POINT,1016359.0,线状出水,弱风化
伯舒拉岭隧道进口右线 DyK1016+359~DyK1016+389 段洞身推测岩性为石炭二叠系板岩夹变质砂 岩，围岩整体弱风化，板岩为变余结构，板状构造，板状劈理发育，锤击易碎、声闷，为软岩；变 质砂岩为变余砂状结构，薄层状构造，矿物成分以石英、长石为主，钙质胶结。节理裂隙较发育， 岩体较破碎，锤击声脆、不易碎，为硬岩；,1aac1c7aada4de553783a48e,1aac1c7aada4de553783a48e,False,,1016389.0,FORECAST,FORECAST_SEGMENT,1aac1c7aada4de553783a48e_e0002,DyK1016+359.00_伯舒拉岭右线洞身素描记录表 25.pdf,,,节理裂隙较发育,板岩夹变质砂岩,[],FORECAST_SEGMENT,False,DyK1016+359~DyK1016+389,[],IN_SCOPE,岩体较破碎,/Users/zhaoxiaoda/Library/CloudStorage/GoogleDrive-xiaodazhao0608@gmail.com/我的云端硬盘/TBM9/SKETCH/DyK1016+359.00_伯舒拉岭右线洞身素描记录表 25.pdf,FACE_SKETCH,INTERVAL,1016359.0,,弱风化
当前开挖段落 DyK1016+329~DyK1016+359 段岩体较破 碎，岩质软硬不均，两侧边墙存在线状出水。,1aac1c7aada4de553783a48e,1aac1c7aada4de553783a48e,False,,1016359.0,OBSERVED,FACE_OBSERVATION,1aac1c7aada4de553783a48e_e0003,DyK1016+359.00_伯舒拉岭右线洞身素描记录表 25.pdf,,,,,[],CURRENT_EXCAVATED_INTERVAL,False,DyK1016+329~DyK1016+359,[],IN_SCOPE,岩体较破碎,/Users/zhaoxiaoda/Library/CloudStorage/GoogleDrive-xiaodazhao0608@gmail.com/我的云端硬盘/TBM9/SKETCH/DyK1016+359.00_伯舒拉岭右线洞身素描记录表 25.pdf,FACE_SKETCH,INTERVAL,1016329.0,线状出水,
板理产状：N45°E/52°S。同时发育3组节理裂隙，产状如下： J1 ：N61°E/73°N，d=0.5~1m ，L= 20m，平直、光滑、微张、无充填； J2 ：N32°E/31°N，d=0.2~0.4m ，L=2~4m ，平直、光滑、密闭、无充填； J3 ：N42°E/58°N，d=0.2~0.4m ，L=3~6m ，平直、光滑、密闭、无充填。 综上所述，判定洞身围岩为Ⅳ级。 当前开挖段落见线状出水，,e95bf7649e33a83630b86171,e95bf7649e33a83630b86171,False,,1016389.0,OBSERVED,FACE_OBSERVATION,e95bf7649e33a83630b86171_e0001,DyK1016+389.00_伯舒拉岭右线洞身素描记录表 26.pdf,96m³/h,,,,"[""当前开挖段落见线状出水，""]",FACE_POINT,False,里程：DyK1016+389 地质预报单位：川藏铁路隧道超前地质预报项目部洛隆分部,"[""建议：在开挖后及时对左右两侧边墙处松动的岩块进行处理，对局部岩体破碎、易掉块的位置应 提前支护， 防止掉块，如有异常及时上报，确保隧道施工和人员安全，避免设备受损和卡机。"", ""建议做好拱底防排水措施。""]",IN_SCOPE,,/Users/zhaoxiaoda/Library/CloudStorage/GoogleDrive-xiaodazhao0608@gmail.com/我的云端硬盘/TBM9/SKETCH/DyK1016+389.00_伯舒拉岭右线洞身素描记录表 26.pdf,FACE_SKETCH,POINT,1016389.0,线状出水,弱风化
伯舒拉岭隧道进口右线 DyK1016+389~DyK1016+419 段洞身推测岩性为石炭二叠系板岩夹变质砂 岩，围岩整体弱风化，板岩为变余结构，板状构造，板状劈理发育，锤击易碎、声闷，为软岩；变 质砂岩为变余砂状结构，薄层状构造，矿物成分以石英、长石为主，钙质胶结。节理裂隙较发育， 岩体较破碎，锤击声脆、不易碎，为硬岩；,e95bf7649e33a83630b86171,e95bf7649e33a83630b86171,False,,1016419.0,FORECAST,FORECAST_SEGMENT,e95bf7649e33a83630b86171_e0002,DyK1016+389.00_伯舒拉岭右线洞身素描记录表 26.pdf,,,节理裂隙较发育,板岩夹变质砂岩,[],FORECAST_SEGMENT,False,DyK1016+389~DyK1016+419,[],IN_SCOPE,岩体较破碎,/Users/zhaoxiaoda/Library/CloudStorage/GoogleDrive-xiaodazhao0608@gmail.com/我的云端硬盘/TBM9/SKETCH/DyK1016+389.00_伯舒拉岭右线洞身素描记录表 26.pdf,FACE_SKETCH,INTERVAL,1016389.0,,弱风化
当前开挖段落 DyK1016+359~DyK1016+389 段岩体较破 碎，岩质软硬不均，两侧边墙存在线状出水。,e95bf7649e33a83630b86171,e95bf7649e33a83630b86171,False,,1016389.0,OBSERVED,FACE_OBSERVATION,e95bf7649e33a83630b86171_e0003,DyK1016+389.00_伯舒拉岭右线洞身素描记录表 26.pdf,,,,,[],CURRENT_EXCAVATED_INTERVAL,False,DyK1016+359~DyK1016+389,[],IN_SCOPE,岩体较破碎,/Users/zhaoxiaoda/Library/CloudStorage/GoogleDrive-xiaodazhao0608@gmail.com/我的云端硬盘/TBM9/SKETCH/DyK1016+389.00_伯舒拉岭右线洞身素描记录表 26.pdf,FACE_SKETCH,INTERVAL,1016359.0,线状出水,
板理产状：N45°E/52°S。同时发育3组节理裂隙，产状如下： J1 ：N61°E/73°N，d=0.5~1m ，L= 20m，平直、光滑、微张、无充填； J2 ：N32°E/31°N，d=0.2~0.4m ，L=2~4m ，平直、光滑、密闭、无充填； J3 ：N42°E/58°N，d=0.2~0.4m ，L=3~6m ，平直、光滑、密闭、无充填。 综上所述，判定洞身围岩为Ⅳ级。 当前开挖段落见线状出水，,3e9776d91cb9a0ef504ce1de,3e9776d91cb9a0ef504ce1de,False,,1016419.0,OBSERVED,FACE_OBSERVATION,3e9776d91cb9a0ef504ce1de_e0001,DyK1016+419.00_伯舒拉岭右线洞身素描记录表 27.pdf,96m³/h,,,,"[""当前开挖段落见线状出水，""]",FACE_POINT,False,里程：DyK1016+419 地质预报单位：川藏铁路隧道超前地质预报项目部洛隆分部,"[""建议：在开挖后及时对左右两侧边墙处松动的岩块进行处理，对局部岩体破碎、易掉块的位置应 提前支护， 防止掉块，如有异常及时上报，确保隧道施工和人员安全，避免设备受损和卡机。"", ""建议做好拱底防排水措施。""]",IN_SCOPE,,/Users/zhaoxiaoda/Library/CloudStorage/GoogleDrive-xiaodazhao0608@gmail.com/我的云端硬盘/TBM9/SKETCH/DyK1016+419.00_伯舒拉岭右线洞身素描记录表 27.pdf,FACE_SKETCH,POINT,1016419.0,线状出水,弱风化
伯舒拉岭隧道进口右线 DyK1016+419~DyK1016+449 段洞身推测岩性为石炭二叠系板岩夹变质砂 岩，围岩整体弱风化，板岩为变余结构，板状构造，板状劈理发育，锤击易碎、声闷，为软岩；变 质砂岩为变余砂状结构，薄层状构造，矿物成分以石英、长石为主，钙质胶结。节理裂隙较发育， 岩体较破碎，锤击声脆、不易碎，为硬岩；,3e9776d91cb9a0ef504ce1de,3e9776d91cb9a0ef504ce1de,False,,1016449.0,FORECAST,FORECAST_SEGMENT,3e9776d91cb9a0ef504ce1de_e0002,DyK1016+419.00_伯舒拉岭右线洞身素描记录表 27.pdf,,,节理裂隙较发育,板岩夹变质砂岩,[],FORECAST_SEGMENT,False,DyK1016+419~DyK1016+449,[],IN_SCOPE,岩体较破碎,/Users/zhaoxiaoda/Library/CloudStorage/GoogleDrive-xiaodazhao0608@gmail.com/我的云端硬盘/TBM9/SKETCH/DyK1016+419.00_伯舒拉岭右线洞身素描记录表 27.pdf,FACE_SKETCH,INTERVAL,1016419.0,,弱风化
当前开挖段落 DyK1016+389~DyK1016+419 段岩体较破 碎，岩质软硬不均，两侧边墙存在线状出水。,3e9776d91cb9a0ef504ce1de,3e9776d91cb9a0ef504ce1de,False,,1016419.0,OBSERVED,FACE_OBSERVATION,3e9776d91cb9a0ef504ce1de_e0003,DyK1016+419.00_伯舒拉岭右线洞身素描记录表 27.pdf,,,,,[],CURRENT_EXCAVATED_INTERVAL,False,DyK1016+389~DyK1016+419,[],IN_SCOPE,岩体较破碎,/Users/zhaoxiaoda/Library/CloudStorage/GoogleDrive-xiaodazhao0608@gmail.com/我的云端硬盘/TBM9/SKETCH/DyK1016+419.00_伯舒拉岭右线洞身素描记录表 27.pdf,FACE_SKETCH,INTERVAL,1016389.0,线状出水,
板理产状：N45°E/52°S。同时发育3组节理裂隙，产状如下： J1 ：N61°E/73°N，d=0.5~1m ，L= 20m，平直、光滑、微张、无充填； J2 ：N32°E/31°N，d=0.2~0.4m ，L=2~4m ，平直、光滑、密闭、无充填； J3 ：N42°E/58°N，d=0.2~0.4m ，L=3~6m ，平直、光滑、密闭、无充填。 综上所述，判定洞身围岩为Ⅳ级。 当前开挖段落见线状出水，,3d3a0f082f250529aeb189bb,3d3a0f082f250529aeb189bb,False,,1016449.0,OBSERVED,FACE_OBSERVATION,3d3a0f082f250529aeb189bb_e0001,DyK1016+449.00_伯舒拉岭右线洞身素描记录表 28.pdf,96m³/h,,,,"[""当前开挖段落见线状出水，""]",FACE_POINT,False,里程：DyK1016+449 地质预报单位：川藏铁路隧道超前地质预报项目部洛隆分部,"[""建议：在开挖后及时对左右两侧边墙处松动的岩块进行处理，对局部岩体破碎、易掉块的位置应 提前支护， 防止掉块，如有异常及时上报，确保隧道施工和人员安全，避免设备受损和卡机。"", ""建议做好拱底防排水措施。""]",IN_SCOPE,,/Users/zhaoxiaoda/Library/CloudStorage/GoogleDrive-xiaodazhao0608@gmail.com/我的云端硬盘/TBM9/SKETCH/DyK1016+449.00_伯舒拉岭右线洞身素描记录表 28.pdf,FACE_SKETCH,POINT,1016449.0,线状出水,弱风化
伯舒拉岭隧道进口右线 DyK1016+449~DyK1016+479 段洞身推测岩性为石炭二叠系板岩夹变质砂 岩，围岩整体弱风化，板岩为变余结构，板状构造，板状劈理发育，锤击易碎、声闷，为软岩；变 质砂岩为变余砂状结构，薄层状构造，矿物成分以石英、长石为主，钙质胶结。节理裂隙较发育， 岩体较破碎，锤击声脆、不易碎，为硬岩；,3d3a0f082f250529aeb189bb,3d3a0f082f250529aeb189bb,False,,1016479.0,FORECAST,FORECAST_SEGMENT,3d3a0f082f250529aeb189bb_e0002,DyK1016+449.00_伯舒拉岭右线洞身素描记录表 28.pdf,,,节理裂隙较发育,板岩夹变质砂岩,[],FORECAST_SEGMENT,False,DyK1016+449~DyK1016+479,[],IN_SCOPE,岩体较破碎,/Users/zhaoxiaoda/Library/CloudStorage/GoogleDrive-xiaodazhao0608@gmail.com/我的云端硬盘/TBM9/SKETCH/DyK1016+449.00_伯舒拉岭右线洞身素描记录表 28.pdf,FACE_SKETCH,INTERVAL,1016449.0,,弱风化
当前开挖段落 DyK1016+419~DyK1016+449 段岩体较破 碎，岩质软硬不均，两侧边墙存在线状出水。,3d3a0f082f250529aeb189bb,3d3a0f082f250529aeb189bb,False,,1016449.0,OBSERVED,FACE_OBSERVATION,3d3a0f082f250529aeb189bb_e0003,DyK1016+449.00_伯舒拉岭右线洞身素描记录表 28.pdf,,,,,[],CURRENT_EXCAVATED_INTERVAL,False,DyK1016+419~DyK1016+449,[],IN_SCOPE,岩体较破碎,/Users/zhaoxiaoda/Library/CloudStorage/GoogleDrive-xiaodazhao0608@gmail.com/我的云端硬盘/TBM9/SKETCH/DyK1016+449.00_伯舒拉岭右线洞身素描记录表 28.pdf,FACE_SKETCH,INTERVAL,1016419.0,线状出水,
板理产状：N45°E/52°S。同时发育3组节理裂隙，产状如下： J1 ：N61°E/73°N，d=0.5~1m ，L= 20m，平直、光滑、微张、无充填； J2 ：N32°E/31°N，d=0.2~0.4m ，L=2~4m ，平直、光滑、密闭、无充填； J3 ：N42°E/58°N，d=0.2~0.4m ，L=3~6m ，平直、光滑、密闭、无充填。 综上所述，判定洞身围岩为Ⅲ级。 当前开挖段落见线状出水，,a741eef2dd324195a6fd8d85,a741eef2dd324195a6fd8d85,False,,1016479.0,OBSERVED,FACE_OBSERVATION,a741eef2dd324195a6fd8d85_e0001,DyK1016+479.00_伯舒拉岭右线洞身素描记录表 29.pdf,96m³/h,,,,"[""当前开挖段落见线状出水，""]",FACE_POINT,False,里程：DyK1016+479 地质预报单位：川藏铁路隧道超前地质预报项目部洛隆分部,"[""建议：在开挖后及时对左右两侧边墙处松动的岩块进行处理，对局部岩体破碎、易掉块的位置应 提前支护， 防止掉块，如有异常及时上报，确保隧道施工和人员安全，避免设备受损和卡机。"", ""建议做好拱底防排水措施。""]",IN_SCOPE,,/Users/zhaoxiaoda/Library/CloudStorage/GoogleDrive-xiaodazhao0608@gmail.com/我的云端硬盘/TBM9/SKETCH/DyK1016+479.00_伯舒拉岭右线洞身素描记录表 29.pdf,FACE_SKETCH,POINT,1016479.0,线状出水,弱风化
伯舒拉岭隧道进口右线 DyK1016+479~DyK1016+509 段洞身推测岩性为石炭二叠系板岩夹变质砂 岩，围岩整体弱风化，板岩为变余结构，板状构造，板状劈理发育，锤击易碎、声闷，为软岩；变 质砂岩为变余砂状结构，薄层状构造，矿物成分以石英、长石为主，钙质胶结。节理裂隙较发育， 岩体较破碎，锤击声脆、不易碎，为硬岩；,a741eef2dd324195a6fd8d85,a741eef2dd324195a6fd8d85,False,,1016509.0,FORECAST,FORECAST_SEGMENT,a741eef2dd324195a6fd8d85_e0002,DyK1016+479.00_伯舒拉岭右线洞身素描记录表 29.pdf,,,节理裂隙较发育,板岩夹变质砂岩,[],FORECAST_SEGMENT,False,DyK1016+479~DyK1016+509,[],IN_SCOPE,岩体较破碎,/Users/zhaoxiaoda/Library/CloudStorage/GoogleDrive-xiaodazhao0608@gmail.com/我的云端硬盘/TBM9/SKETCH/DyK1016+479.00_伯舒拉岭右线洞身素描记录表 29.pdf,FACE_SKETCH,INTERVAL,1016479.0,,弱风化
当前开挖段落 DyK1016+449~DyK1016+479 段岩体较破 碎，岩质软硬不均，两侧边墙存在线状出水。,a741eef2dd324195a6fd8d85,a741eef2dd324195a6fd8d85,False,,1016479.0,OBSERVED,FACE_OBSERVATION,a741eef2dd324195a6fd8d85_e0003,DyK1016+479.00_伯舒拉岭右线洞身素描记录表 29.pdf,,,,,[],CURRENT_EXCAVATED_INTERVAL,False,DyK1016+449~DyK1016+479,[],IN_SCOPE,岩体较破碎,/Users/zhaoxiaoda/Library/CloudStorage/GoogleDrive-xiaodazhao0608@gmail.com/我的云端硬盘/TBM9/SKETCH/DyK1016+479.00_伯舒拉岭右线洞身素描记录表 29.pdf,FACE_SKETCH,INTERVAL,1016449.0,线状出水,
板理产状：N45°E/52°S。同时发育3组节理裂隙，产状如下： J1 ：N61°E/73°N，d=0.5~1m ，L= 20m，平直、光滑、微张、无充填； J2 ：N32°E/31°N，d=0.2~0.4m ，L=2~4m ，平直、光滑、密闭、无充填； J3 ：N42°E/58°N，d=0.2~0.4m ，L=3~6m ，平直、光滑、密闭、无充填。 综上所述，判定洞身围岩为Ⅲ级。 当前开挖段落见线状出水，,ab72a15766eaabde79d3c49e,ab72a15766eaabde79d3c49e,False,,1016509.0,OBSERVED,FACE_OBSERVATION,ab72a15766eaabde79d3c49e_e0001,DyK1016+509.00_伯舒拉岭右线洞身素描记录表 30.pdf,96m³/h,,,,"[""当前开挖段落见线状出水，""]",FACE_POINT,False,里程：DyK1016+509 地质预报单位：川藏铁路隧道超前地质预报项目部洛隆分部,"[""建议：在开挖后及时对左右两侧边墙处松动的岩块进行处理，对局部岩体破碎、易掉块的位置应 提前支护， 防止掉块，如有异常及时上报，确保隧道施工和人员安全，避免设备受损和卡机。"", ""建议做好拱底防排水措施。""]",IN_SCOPE,,/Users/zhaoxiaoda/Library/CloudStorage/GoogleDrive-xiaodazhao0608@gmail.com/我的云端硬盘/TBM9/SKETCH/DyK1016+509.00_伯舒拉岭右线洞身素描记录表 30.pdf,FACE_SKETCH,POINT,1016509.0,线状出水,弱风化
伯舒拉岭隧道进口右线 DyK1016+509~DyK1016+539 段洞身推测岩性为石炭二叠系板岩夹变质砂 岩，围岩整体弱风化，板岩为变余结构，板状构造，板状劈理发育，锤击易碎、声闷，为软岩；变 质砂岩为变余砂状结构，薄层状构造，矿物成分以石英、长石为主，钙质胶结。节理裂隙较发育， 岩体较破碎，锤击声脆、不易碎，为硬岩；,ab72a15766eaabde79d3c49e,ab72a15766eaabde79d3c49e,False,,1016539.0,FORECAST,FORECAST_SEGMENT,ab72a15766eaabde79d3c49e_e0002,DyK1016+509.00_伯舒拉岭右线洞身素描记录表 30.pdf,,,节理裂隙较发育,板岩夹变质砂岩,[],FORECAST_SEGMENT,False,DyK1016+509~DyK1016+539,[],IN_SCOPE,岩体较破碎,/Users/zhaoxiaoda/Library/CloudStorage/GoogleDrive-xiaodazhao0608@gmail.com/我的云端硬盘/TBM9/SKETCH/DyK1016+509.00_伯舒拉岭右线洞身素描记录表 30.pdf,FACE_SKETCH,INTERVAL,1016509.0,,弱风化
当前开挖段落 DyK1016+479~DyK1016+509 段岩体较破 碎，岩质软硬不均，两侧边墙存在线状出水。,ab72a15766eaabde79d3c49e,ab72a15766eaabde79d3c49e,False,,1016509.0,OBSERVED,FACE_OBSERVATION,ab72a15766eaabde79d3c49e_e0003,DyK1016+509.00_伯舒拉岭右线洞身素描记录表 30.pdf,,,,,[],CURRENT_EXCAVATED_INTERVAL,False,DyK1016+479~DyK1016+509,[],IN_SCOPE,岩体较破碎,/Users/zhaoxiaoda/Library/CloudStorage/GoogleDrive-xiaodazhao0608@gmail.com/我的云端硬盘/TBM9/SKETCH/DyK1016+509.00_伯舒拉岭右线洞身素描记录表 30.pdf,FACE_SKETCH,INTERVAL,1016479.0,线状出水,
板理产状：N45°E/52°S。同时发育3组节理裂隙，产状如下： J1 ：N61°E/73°N，d=0.5~1m ，L= 20m，平直、光滑、微张、无充填； J2 ：N32°E/31°N，d=0.2~0.4m ，L=2~4m ，平直、光滑、密闭、无充填； J3 ：N42°E/58°N，d=0.2~0.4m ，L=3~6m ，平直、光滑、密闭、无充填。 综上所述，判定洞身围岩为Ⅲ级。 当前开挖段落见线状出水，,39d347933ee3e2118c80e341,39d347933ee3e2118c80e341,False,,1016539.0,OBSERVED,FACE_OBSERVATION,39d347933ee3e2118c80e341_e0001,DyK1016+539.00_伯舒拉岭右线洞身素描记录表 31.pdf,96m³/h,,,,"[""当前开挖段落见线状出水，""]",FACE_POINT,False,里程：DyK1016+539 地质预报单位：川藏铁路隧道超前地质预报项目部洛隆分部,"[""建议：在开挖后及时对左右两侧边墙处松动的岩块进行处理，对局部岩体破碎、易掉块的位置应 提前支护， 防止掉块，如有异常及时上报，确保隧道施工和人员安全，避免设备受损和卡机。"", ""建议做好拱底防排水措施。""]",IN_SCOPE,,/Users/zhaoxiaoda/Library/CloudStorage/GoogleDrive-xiaodazhao0608@gmail.com/我的云端硬盘/TBM9/SKETCH/DyK1016+539.00_伯舒拉岭右线洞身素描记录表 31.pdf,FACE_SKETCH,POINT,1016539.0,线状出水,弱风化
伯舒拉岭隧道进口右线 DyK1016+539~DyK1016+569 段洞身推测岩性为石炭二叠系板岩夹变质砂 岩，围岩整体弱风化，板岩为变余结构，板状构造，板状劈理发育，锤击易碎、声闷，为软岩；变 质砂岩为变余砂状结构，薄层状构造，矿物成分以石英、长石为主，钙质胶结。节理裂隙较发育， 岩体较破碎，锤击声脆、不易碎，为硬岩；,39d347933ee3e2118c80e341,39d347933ee3e2118c80e341,False,,1016569.0,FORECAST,FORECAST_SEGMENT,39d347933ee3e2118c80e341_e0002,DyK1016+539.00_伯舒拉岭右线洞身素描记录表 31.pdf,,,节理裂隙较发育,板岩夹变质砂岩,[],FORECAST_SEGMENT,False,DyK1016+539~DyK1016+569,[],IN_SCOPE,岩体较破碎,/Users/zhaoxiaoda/Library/CloudStorage/GoogleDrive-xiaodazhao0608@gmail.com/我的云端硬盘/TBM9/SKETCH/DyK1016+539.00_伯舒拉岭右线洞身素描记录表 31.pdf,FACE_SKETCH,INTERVAL,1016539.0,,弱风化
当前开挖段落 DyK1016+509~DyK1016+539 段岩体较破 碎，岩质软硬不均，两侧边墙存在线状出水。,39d347933ee3e2118c80e341,39d347933ee3e2118c80e341,False,,1016539.0,OBSERVED,FACE_OBSERVATION,39d347933ee3e2118c80e341_e0003,DyK1016+539.00_伯舒拉岭右线洞身素描记录表 31.pdf,,,,,[],CURRENT_EXCAVATED_INTERVAL,False,DyK1016+509~DyK1016+539,[],IN_SCOPE,岩体较破碎,/Users/zhaoxiaoda/Library/CloudStorage/GoogleDrive-xiaodazhao0608@gmail.com/我的云端硬盘/TBM9/SKETCH/DyK1016+539.00_伯舒拉岭右线洞身素描记录表 31.pdf,FACE_SKETCH,INTERVAL,1016509.0,线状出水,
板理产状：N45°E/52°S。同时发育3组节理裂隙，产状如下： J1 ：N61°E/73°N，d=0.5~1m ，L= 20m，平直、光滑、微张、无充填； J2 ：N32°E/31°N，d=0.2~0.4m ，L=2~4m ，平直、光滑、密闭、无充填； J3 ：N42°E/58°N，d=0.2~0.4m ，L=3~6m ，平直、光滑、密闭、无充填。 综上所述，判定洞身围岩为Ⅳ级。 当前开挖段落见线状出水，,5d79af631ce38032132303cc,5d79af631ce38032132303cc,False,,1016569.0,OBSERVED,FACE_OBSERVATION,5d79af631ce38032132303cc_e0001,DyK1016+569.00_伯舒拉岭右线洞身素描记录表 32.pdf,96m³/h,,,,"[""当前开挖段落见线状出水，""]",FACE_POINT,False,里程：DyK1016+569 地质预报单位：川藏铁路隧道超前地质预报项目部洛隆分部,"[""建议：在开挖后及时对左右两侧边墙处松动的岩块进行处理，对局部岩体破碎、易掉块的位置应 提前支护， 防止掉块，如有异常及时上报，确保隧道施工和人员安全，避免设备受损和卡机。"", ""建议做好拱底防排水措施。""]",IN_SCOPE,,/Users/zhaoxiaoda/Library/CloudStorage/GoogleDrive-xiaodazhao0608@gmail.com/我的云端硬盘/TBM9/SKETCH/DyK1016+569.00_伯舒拉岭右线洞身素描记录表 32.pdf,FACE_SKETCH,POINT,1016569.0,线状出水,弱风化
伯舒拉岭隧道进口右线 DyK1016+569~DyK1016+599 段洞身推测岩性为石炭二叠系板岩夹变质砂 岩，围岩整体弱风化，板岩为变余结构，板状构造，板状劈理发育，锤击易碎、声闷，为软岩；变 质砂岩为变余砂状结构，薄层状构造，矿物成分以石英、长石为主，钙质胶结。节理裂隙较发育， 岩体较破碎，锤击声脆、不易碎，为硬岩；,5d79af631ce38032132303cc,5d79af631ce38032132303cc,False,,1016599.0,FORECAST,FORECAST_SEGMENT,5d79af631ce38032132303cc_e0002,DyK1016+569.00_伯舒拉岭右线洞身素描记录表 32.pdf,,,节理裂隙较发育,板岩夹变质砂岩,[],FORECAST_SEGMENT,False,DyK1016+569~DyK1016+599,[],IN_SCOPE,岩体较破碎,/Users/zhaoxiaoda/Library/CloudStorage/GoogleDrive-xiaodazhao0608@gmail.com/我的云端硬盘/TBM9/SKETCH/DyK1016+569.00_伯舒拉岭右线洞身素描记录表 32.pdf,FACE_SKETCH,INTERVAL,1016569.0,,弱风化
当前开挖段落 DyK1016+539~DyK1016+569 段岩体较破 碎，岩质软硬不均，两侧边墙存在线状出水。,5d79af631ce38032132303cc,5d79af631ce38032132303cc,False,,1016569.0,OBSERVED,FACE_OBSERVATION,5d79af631ce38032132303cc_e0003,DyK1016+569.00_伯舒拉岭右线洞身素描记录表 32.pdf,,,,,[],CURRENT_EXCAVATED_INTERVAL,False,DyK1016+539~DyK1016+569,[],IN_SCOPE,岩体较破碎,/Users/zhaoxiaoda/Library/CloudStorage/GoogleDrive-xiaodazhao0608@gmail.com/我的云端硬盘/TBM9/SKETCH/DyK1016+569.00_伯舒拉岭右线洞身素描记录表 32.pdf,FACE_SKETCH,INTERVAL,1016539.0,线状出水,
板理产状：N45°E/52°S。同时发育3组节理裂隙，产状如下： J1 ：N61°E/73°N，d=0.5~1m ，L= 20m，平直、光滑、微张、无充填； J2 ：N32°E/31°N，d=0.2~0.4m ，L=2~4m ，平直、光滑、密闭、无充填； J3 ：N42°E/58°N，d=0.2~0.4m ，L=3~6m ，平直、光滑、密闭、无充填。 综上所述，判定洞身围岩为Ⅳ级。 当前开挖段落见线状出水，,42779fc0765354328559b154,42779fc0765354328559b154,False,,1016599.0,OBSERVED,FACE_OBSERVATION,42779fc0765354328559b154_e0001,DyK1016+599.00_伯舒拉岭右线洞身素描记录表 33.pdf,96m³/h,,,,"[""当前开挖段落见线状出水，""]",FACE_POINT,False,里程：DyK1016+599 地质预报单位：川藏铁路隧道超前地质预报项目部洛隆分部,"[""建议：在开挖后及时对左右两侧边墙处松动的岩块进行处理，对局部岩体破碎、易掉块的位置应 提前支护， 防止掉块，如有异常及时上报，确保隧道施工和人员安全，避免设备受损和卡机。"", ""建议做好拱底防排水措施。""]",IN_SCOPE,,/Users/zhaoxiaoda/Library/CloudStorage/GoogleDrive-xiaodazhao0608@gmail.com/我的云端硬盘/TBM9/SKETCH/DyK1016+599.00_伯舒拉岭右线洞身素描记录表 33.pdf,FACE_SKETCH,POINT,1016599.0,线状出水,弱风化
伯舒拉岭隧道进口右线 DyK1016+599~DyK1016+629 段洞身推测岩性为石炭二叠系板岩夹变质砂 岩，围岩整体弱风化，板岩为变余结构，板状构造，板状劈理发育，锤击易碎、声闷，为软岩；变 质砂岩为变余砂状结构，薄层状构造，矿物成分以石英、长石为主，钙质胶结。节理裂隙较发育， 岩体较破碎，锤击声脆、不易碎，为硬岩；,42779fc0765354328559b154,42779fc0765354328559b154,False,,1016629.0,FORECAST,FORECAST_SEGMENT,42779fc0765354328559b154_e0002,DyK1016+599.00_伯舒拉岭右线洞身素描记录表 33.pdf,,,节理裂隙较发育,板岩夹变质砂岩,[],FORECAST_SEGMENT,False,DyK1016+599~DyK1016+629,[],IN_SCOPE,岩体较破碎,/Users/zhaoxiaoda/Library/CloudStorage/GoogleDrive-xiaodazhao0608@gmail.com/我的云端硬盘/TBM9/SKETCH/DyK1016+599.00_伯舒拉岭右线洞身素描记录表 33.pdf,FACE_SKETCH,INTERVAL,1016599.0,,弱风化
当前开挖段落 DyK1016+569~DyK1016+599 段岩体较破 碎，岩质软硬不均，两侧边墙存在线状出水。,42779fc0765354328559b154,42779fc0765354328559b154,False,,1016599.0,OBSERVED,FACE_OBSERVATION,42779fc0765354328559b154_e0003,DyK1016+599.00_伯舒拉岭右线洞身素描记录表 33.pdf,,,,,[],CURRENT_EXCAVATED_INTERVAL,False,DyK1016+569~DyK1016+599,[],IN_SCOPE,岩体较破碎,/Users/zhaoxiaoda/Library/CloudStorage/GoogleDrive-xiaodazhao0608@gmail.com/我的云端硬盘/TBM9/SKETCH/DyK1016+599.00_伯舒拉岭右线洞身素描记录表 33.pdf,FACE_SKETCH,INTERVAL,1016569.0,线状出水,
板理产状：N45°E/52°S。同时发育3组节理裂隙，产状如下： J1 ：N61°E/73°N，d=0.5~1m ，L= 20m，平直、光滑、微张、无充填； J2 ：N32°E/31°N，d=0.2~0.4m ，L=2~4m ，平直、光滑、密闭、无充填； J3 ：N42°E/58°N，d=0.2~0.4m ，L=3~6m ，平直、光滑、密闭、无充填。 综上所述，判定洞身围岩为Ⅲ级。 当前开挖段落见线状出水，,0927cc325ee4a03fe413feea,0927cc325ee4a03fe413feea,False,,1016629.0,OBSERVED,FACE_OBSERVATION,0927cc325ee4a03fe413feea_e0001,DyK1016+629.00_伯舒拉岭右线洞身素描记录表 34.pdf,96m³/h,,,,"[""当前开挖段落见线状出水，""]",FACE_POINT,False,里程：DyK1016+629 地质预报单位：川藏铁路隧道超前地质预报项目部洛隆分部,"[""建议：在开挖后及时对左右两侧边墙处松动的岩块进行处理，对局部岩体破碎、易掉块的位置应 提前支护， 防止掉块，如有异常及时上报，确保隧道施工和人员安全，避免设备受损和卡机。"", ""建议做好拱底防排水措施。""]",IN_SCOPE,,/Users/zhaoxiaoda/Library/CloudStorage/GoogleDrive-xiaodazhao0608@gmail.com/我的云端硬盘/TBM9/SKETCH/DyK1016+629.00_伯舒拉岭右线洞身素描记录表 34.pdf,FACE_SKETCH,POINT,1016629.0,线状出水,弱风化
伯舒拉岭隧道进口右线 DyK1016+629~DyK1016+659 段洞身推测岩性为石炭二叠系板岩夹变质砂 岩，围岩整体弱风化，板岩为变余结构，板状构造，板状劈理发育，锤击易碎、声闷，为软岩；变 质砂岩为变余砂状结构，薄层状构造，矿物成分以石英、长石为主，钙质胶结。节理裂隙较发育， 岩体较破碎，锤击声脆、不易碎，为硬岩；,0927cc325ee4a03fe413feea,0927cc325ee4a03fe413feea,False,,1016659.0,FORECAST,FORECAST_SEGMENT,0927cc325ee4a03fe413feea_e0002,DyK1016+629.00_伯舒拉岭右线洞身素描记录表 34.pdf,,,节理裂隙较发育,板岩夹变质砂岩,[],FORECAST_SEGMENT,False,DyK1016+629~DyK1016+659,[],IN_SCOPE,岩体较破碎,/Users/zhaoxiaoda/Library/CloudStorage/GoogleDrive-xiaodazhao0608@gmail.com/我的云端硬盘/TBM9/SKETCH/DyK1016+629.00_伯舒拉岭右线洞身素描记录表 34.pdf,FACE_SKETCH,INTERVAL,1016629.0,,弱风化
当前开挖段落 DyK1016+609~DyK1016+629 段岩体较破 碎，岩质软硬不均，两侧边墙存在线状出水。,0927cc325ee4a03fe413feea,0927cc325ee4a03fe413feea,False,,1016629.0,OBSERVED,FACE_OBSERVATION,0927cc325ee4a03fe413feea_e0003,DyK1016+629.00_伯舒拉岭右线洞身素描记录表 34.pdf,,,,,[],CURRENT_EXCAVATED_INTERVAL,False,DyK1016+609~DyK1016+629,[],IN_SCOPE,岩体较破碎,/Users/zhaoxiaoda/Library/CloudStorage/GoogleDrive-xiaodazhao0608@gmail.com/我的云端硬盘/TBM9/SKETCH/DyK1016+629.00_伯舒拉岭右线洞身素描记录表 34.pdf,FACE_SKETCH,INTERVAL,1016609.0,线状出水,
板理产状：N45°E/52°S。同时发育3组节理裂隙，产状如下： J1 ：N61°E/73°N，d=0.5~1m ，L= 20m，平直、光滑、微张、无充填； J2 ：N32°E/31°N，d=0.2~0.4m ，L=2~4m ，平直、光滑、密闭、无充填； J3 ：N42°E/58°N，d=0.2~0.4m ，L=3~6m ，平直、光滑、密闭、无充填。 综上所述，判定洞身围岩为Ⅲ级。 当前开挖段落见线状出水，,56d492b753f758d46508a84b,56d492b753f758d46508a84b,False,,1016659.0,OBSERVED,FACE_OBSERVATION,56d492b753f758d46508a84b_e0001,DyK1016+659.00_伯舒拉岭右线洞身素描记录表 35.pdf,96m³/h,,,,"[""当前开挖段落见线状出水，""]",FACE_POINT,False,里程：DyK1016+659 地质预报单位：川藏铁路隧道超前地质预报项目部洛隆分部,"[""建议：在开挖后及时对左右两侧边墙处松动的岩块进行处理，对局部岩体破碎、易掉块的位置应 提前支护， 防止掉块，如有异常及时上报，确保隧道施工和人员安全，避免设备受损和卡机。"", ""建议做好拱底防排水措施。""]",IN_SCOPE,,/Users/zhaoxiaoda/Library/CloudStorage/GoogleDrive-xiaodazhao0608@gmail.com/我的云端硬盘/TBM9/SKETCH/DyK1016+659.00_伯舒拉岭右线洞身素描记录表 35.pdf,FACE_SKETCH,POINT,1016659.0,线状出水,弱风化
伯舒拉岭隧道进口右线 DyK1016+659~DyK1016+689 段洞身推测岩性为石炭二叠系板岩夹变质砂 岩，围岩整体弱风化，板岩为变余结构，板状构造，板状劈理发育，锤击易碎、声闷，为软岩；变 质砂岩为变余砂状结构，薄层状构造，矿物成分以石英、长石为主，钙质胶结。节理裂隙较发育， 岩体较破碎，锤击声脆、不易碎，为硬岩；,56d492b753f758d46508a84b,56d492b753f758d46508a84b,False,,1016689.0,FORECAST,FORECAST_SEGMENT,56d492b753f758d46508a84b_e0002,DyK1016+659.00_伯舒拉岭右线洞身素描记录表 35.pdf,,,节理裂隙较发育,板岩夹变质砂岩,[],FORECAST_SEGMENT,False,DyK1016+659~DyK1016+689,[],IN_SCOPE,岩体较破碎,/Users/zhaoxiaoda/Library/CloudStorage/GoogleDrive-xiaodazhao0608@gmail.com/我的云端硬盘/TBM9/SKETCH/DyK1016+659.00_伯舒拉岭右线洞身素描记录表 35.pdf,FACE_SKETCH,INTERVAL,1016659.0,,弱风化
当前开挖段落 DyK1016+629~DyK1016+659 段岩体较破 碎，岩质软硬不均，两侧边墙存在线状出水。,56d492b753f758d46508a84b,56d492b753f758d46508a84b,False,,1016659.0,OBSERVED,FACE_OBSERVATION,56d492b753f758d46508a84b_e0003,DyK1016+659.00_伯舒拉岭右线洞身素描记录表 35.pdf,,,,,[],CURRENT_EXCAVATED_INTERVAL,False,DyK1016+629~DyK1016+659,[],IN_SCOPE,岩体较破碎,/Users/zhaoxiaoda/Library/CloudStorage/GoogleDrive-xiaodazhao0608@gmail.com/我的云端硬盘/TBM9/SKETCH/DyK1016+659.00_伯舒拉岭右线洞身素描记录表 35.pdf,FACE_SKETCH,INTERVAL,1016629.0,线状出水,
目前洞身处于设计的地高低温带，当前洞内温度约 2 8℃，暂未揭示低高低温。 板理产状：N45°E/52°S。同时发育3组节理裂隙，产状如下： J1 ：N61°E/73°N，d=0.5~1m ，L= 20m，平直、光滑、微张、无充填； J2 ：N32°E/31°N，d=0.2~0.4m ，L=2~4m ，平直、光滑、密闭、无充填； J3 ：N42°E/58°N，d=0.2~0.4m ，L=3~6m ，平直、光滑、密闭、无充填。 综上所述，判定洞身围岩为Ⅲ级。 当前开挖段落见线状出水，,c7913d31f3c243104a92f4db,c7913d31f3c243104a92f4db,False,,1016689.0,OBSERVED,FACE_OBSERVATION,c7913d31f3c243104a92f4db_e0001,DyK1016+689.00_伯舒拉岭右线洞身素描记录表 36.pdf,96m³/h,,,,"[""当前开挖段落见线状出水，""]",FACE_POINT,False,里程：DyK1016+689 地质预报单位：川藏铁路隧道超前地质预报项目部洛隆分部,"[""建议：在开挖后及时对左右两侧边墙处松动的岩块进行处理，对局部岩体破碎、易掉块的位置应 提前支护， 防止掉块，如有异常及时上报，确保隧道施工和人员安全，避免设备受损和卡机。"", ""建议做好拱底防排水措施。""]",IN_SCOPE,,/Users/zhaoxiaoda/Library/CloudStorage/GoogleDrive-xiaodazhao0608@gmail.com/我的云端硬盘/TBM9/SKETCH/DyK1016+689.00_伯舒拉岭右线洞身素描记录表 36.pdf,FACE_SKETCH,POINT,1016689.0,线状出水,弱风化
伯舒拉岭隧道进口右线 DyK1016+689~DyK1016+719 段洞身推测岩性为石炭二叠系板岩夹变质砂 岩，围岩整体弱风化，板岩为变余结构，板状构造，板状劈理发育，锤击易碎、声闷，为软岩；变 质砂岩为变余砂状结构，薄层状构造，矿物成分以石英、长石为主，钙质胶结。节理裂隙较发育， 岩体较破碎，锤击声脆、不易碎，为硬岩；,c7913d31f3c243104a92f4db,c7913d31f3c243104a92f4db,False,,1016719.0,FORECAST,FORECAST_SEGMENT,c7913d31f3c243104a92f4db_e0002,DyK1016+689.00_伯舒拉岭右线洞身素描记录表 36.pdf,,,节理裂隙较发育,板岩夹变质砂岩,[],FORECAST_SEGMENT,False,DyK1016+689~DyK1016+719,[],IN_SCOPE,岩体较破碎,/Users/zhaoxiaoda/Library/CloudStorage/GoogleDrive-xiaodazhao0608@gmail.com/我的云端硬盘/TBM9/SKETCH/DyK1016+689.00_伯舒拉岭右线洞身素描记录表 36.pdf,FACE_SKETCH,INTERVAL,1016689.0,,弱风化
当前开挖段落 DyK1016+659~DyK1016+689 段岩体较破 碎，岩质软硬不均，两侧边墙存在线状出水。,c7913d31f3c243104a92f4db,c7913d31f3c243104a92f4db,False,,1016689.0,OBSERVED,FACE_OBSERVATION,c7913d31f3c243104a92f4db_e0003,DyK1016+689.00_伯舒拉岭右线洞身素描记录表 36.pdf,,,,,[],CURRENT_EXCAVATED_INTERVAL,False,DyK1016+659~DyK1016+689,[],IN_SCOPE,岩体较破碎,/Users/zhaoxiaoda/Library/CloudStorage/GoogleDrive-xiaodazhao0608@gmail.com/我的云端硬盘/TBM9/SKETCH/DyK1016+689.00_伯舒拉岭右线洞身素描记录表 36.pdf,FACE_SKETCH,INTERVAL,1016659.0,线状出水,
目前洞身处于设计的低高地温带，当前洞内温度约 2 8℃，暂未揭示低高地温。 板理产状：N45°E/52°S。同时发育3组节理裂隙，产状如下： J1 ：N61°E/73°N，d=0.5~1m ，L= 20m，平直、光滑、微张、无充填； J2 ：N32°E/31°N，d=0.2~0.4m ，L=2~4m ，平直、光滑、密闭、无充填； J3 ：N42°E/58°N，d=0.2~0.4m ，L=3~6m ，平直、光滑、密闭、无充填。 综上所述，判定洞身围岩为Ⅲ级。 当前开挖段落见线状出水， 目前处于设计的低高地温带，当前暂未揭示，现场应实时测量洞内温度，做好人员、机具的防护 工作,168e7eca06059188abef16e7,168e7eca06059188abef16e7,False,,1016719.0,OBSERVED,FACE_OBSERVATION,168e7eca06059188abef16e7_e0001,DyK1016+719.00_伯舒拉岭右线洞身素描记录表 37.pdf,96m³/h,,,,"[""当前开挖段落见线状出水， 目前处于设计的低高地温带，当前暂未揭示，现场应实时测量洞内温度，做好人员、机具的防护 工作""]",FACE_POINT,False,里程：DyK1016+719 地质预报单位：川藏铁路隧道超前地质预报项目部洛隆分部,"[""建议：在开挖后及时对左右两侧边墙处松动的岩块进行处理，对局部岩体破碎、易掉块的位置应 提前支护， 防止掉块，如有异常及时上报，确保隧道施工和人员安全，避免设备受损和卡机。"", ""建议做好拱底防排水措施。""]",IN_SCOPE,,/Users/zhaoxiaoda/Library/CloudStorage/GoogleDrive-xiaodazhao0608@gmail.com/我的云端硬盘/TBM9/SKETCH/DyK1016+719.00_伯舒拉岭右线洞身素描记录表 37.pdf,FACE_SKETCH,POINT,1016719.0,线状出水,弱风化
伯舒拉岭隧道进口右线 DyK1016+719~DyK1016+749 段洞身推测岩性为石炭二叠系板岩夹变质砂 岩，围岩整体弱风化，板岩为变余结构，板状构造，板状劈理发育，锤击易碎、声闷，为软岩；变 质砂岩为变余砂状结构，薄层状构造，矿物成分以石英、长石为主，钙质胶结。节理裂隙较发育， 岩体较破碎，锤击声脆、不易碎，为硬岩；,168e7eca06059188abef16e7,168e7eca06059188abef16e7,False,,1016749.0,FORECAST,FORECAST_SEGMENT,168e7eca06059188abef16e7_e0002,DyK1016+719.00_伯舒拉岭右线洞身素描记录表 37.pdf,,,节理裂隙较发育,板岩夹变质砂岩,[],FORECAST_SEGMENT,False,DyK1016+719~DyK1016+749,[],IN_SCOPE,岩体较破碎,/Users/zhaoxiaoda/Library/CloudStorage/GoogleDrive-xiaodazhao0608@gmail.com/我的云端硬盘/TBM9/SKETCH/DyK1016+719.00_伯舒拉岭右线洞身素描记录表 37.pdf,FACE_SKETCH,INTERVAL,1016719.0,,弱风化
当前开挖段落 DyK1016+689~DyK1016+719 段岩体较破 碎，岩质软硬不均，两侧边墙存在线状出水。,168e7eca06059188abef16e7,168e7eca06059188abef16e7,False,,1016719.0,OBSERVED,FACE_OBSERVATION,168e7eca06059188abef16e7_e0003,DyK1016+719.00_伯舒拉岭右线洞身素描记录表 37.pdf,,,,,[],CURRENT_EXCAVATED_INTERVAL,False,DyK1016+689~DyK1016+719,[],IN_SCOPE,岩体较破碎,/Users/zhaoxiaoda/Library/CloudStorage/GoogleDrive-xiaodazhao0608@gmail.com/我的云端硬盘/TBM9/SKETCH/DyK1016+719.00_伯舒拉岭右线洞身素描记录表 37.pdf,FACE_SKETCH,INTERVAL,1016689.0,线状出水,
目前洞身处于设计的低高地温带，当前洞内温度约 3 1℃。 板理产状：N45°E/52°S。同时发育3组节理裂隙，产状如下： J1 ：N61°E/73°N，d=0.5~1m ，L= 20m，平直、光滑、微张、无充填； J2 ：N32°E/31°N，d=0.2~0.4m ，L=2~4m ，平直、光滑、密闭、无充填； J3 ：N42°E/58°N，d=0.2~0.4m ，L=3~6m ，平直、光滑、密闭、无充填。 综上所述，判定洞身围岩为Ⅲ级。 当前开挖段落见线状出水， 目前处于设计的低高地温带，洞内温度约31℃，现场应实时测量洞内温度，做好人员、机具的防 护工作，如有高温异常，及时与建设各方联系。,15788acf679bc9c1b5c93c58,15788acf679bc9c1b5c93c58,False,,1016749.0,OBSERVED,FACE_OBSERVATION,15788acf679bc9c1b5c93c58_e0001,DyK1016+749.00_伯舒拉岭右线洞身素描记录表 38.pdf,96m³/h,,,,"[""当前开挖段落见线状出水， 目前处于设计的低高地温带，洞内温度约31℃，现场应实时测量洞内温度，做好人员、机具的防 护工作，如有高温异常，及时与建设各方联系""]",FACE_POINT,False,里程：DyK1016+749 地质预报单位：川藏铁路隧道超前地质预报项目部洛隆分部,"[""建议：在开挖后及时对左右两侧边墙处松动的岩块进行处理，对局部岩体破碎、易掉块的位置应 提前支护， 防止掉块，如有异常及时上报，确保隧道施工和人员安全，避免设备受损和卡机。"", ""建议做好拱底防排水措施。""]",IN_SCOPE,,/Users/zhaoxiaoda/Library/CloudStorage/GoogleDrive-xiaodazhao0608@gmail.com/我的云端硬盘/TBM9/SKETCH/DyK1016+749.00_伯舒拉岭右线洞身素描记录表 38.pdf,FACE_SKETCH,POINT,1016749.0,线状出水,弱风化
伯舒拉岭隧道进口右线 DyK1016+749~DyK1016+779 段洞身推测岩性为石炭二叠系板岩夹变质砂 岩，围岩整体弱风化，板岩为变余结构，板状构造，板状劈理发育，锤击易碎、声闷，为软岩；变 质砂岩为变余砂状结构，薄层状构造，矿物成分以石英、长石为主，钙质胶结。节理裂隙较发育， 岩体较破碎，锤击声脆、不易碎，为硬岩；,15788acf679bc9c1b5c93c58,15788acf679bc9c1b5c93c58,False,,1016779.0,FORECAST,FORECAST_SEGMENT,15788acf679bc9c1b5c93c58_e0002,DyK1016+749.00_伯舒拉岭右线洞身素描记录表 38.pdf,,,节理裂隙较发育,板岩夹变质砂岩,[],FORECAST_SEGMENT,False,DyK1016+749~DyK1016+779,[],IN_SCOPE,岩体较破碎,/Users/zhaoxiaoda/Library/CloudStorage/GoogleDrive-xiaodazhao0608@gmail.com/我的云端硬盘/TBM9/SKETCH/DyK1016+749.00_伯舒拉岭右线洞身素描记录表 38.pdf,FACE_SKETCH,INTERVAL,1016749.0,,弱风化
当前开挖段落 DyK1016+719~DyK1016+749 段岩体较破 碎，岩质软硬不均，两侧边墙存在线状出水。,15788acf679bc9c1b5c93c58,15788acf679bc9c1b5c93c58,False,,1016749.0,OBSERVED,FACE_OBSERVATION,15788acf679bc9c1b5c93c58_e0003,DyK1016+749.00_伯舒拉岭右线洞身素描记录表 38.pdf,,,,,[],CURRENT_EXCAVATED_INTERVAL,False,DyK1016+719~DyK1016+749,[],IN_SCOPE,岩体较破碎,/Users/zhaoxiaoda/Library/CloudStorage/GoogleDrive-xiaodazhao0608@gmail.com/我的云端硬盘/TBM9/SKETCH/DyK1016+749.00_伯舒拉岭右线洞身素描记录表 38.pdf,FACE_SKETCH,INTERVAL,1016719.0,线状出水,
目前洞身处于设计的低高地温带，当前洞内温度约 3 1℃。 板理产状：N45°E/52°S。同时发育3组节理裂隙，产状如下： J1 ：N61°E/73°N，d=0.5~1m ，L= 20m，平直、光滑、微张、无充填； J2 ：N32°E/31°N，d=0.2~0.4m ，L=2~4m ，平直、光滑、密闭、无充填； J3 ：N42°E/58°N，d=0.2~0.4m ，L=3~6m ，平直、光滑、密闭、无充填。 综上所述，判定洞身围岩为Ⅲ级。 当前开挖段落见线状出水， 目前处于设计的低高地温带，洞内温度约31℃，现场应实时测量洞内温度，做好人员、机具的防 护工作，如有高温异常，及时与建设各方联系。,3cb5be4df389197c297af086,3cb5be4df389197c297af086,False,,1016779.0,OBSERVED,FACE_OBSERVATION,3cb5be4df389197c297af086_e0001,DyK1016+779.00_伯舒拉岭右线洞身素描记录表 39.pdf,96m³/h,,,,"[""当前开挖段落见线状出水， 目前处于设计的低高地温带，洞内温度约31℃，现场应实时测量洞内温度，做好人员、机具的防 护工作，如有高温异常，及时与建设各方联系""]",FACE_POINT,False,里程：DyK1016+779 地质预报单位：川藏铁路隧道超前地质预报项目部洛隆分部,"[""建议：在开挖后及时对左右两侧边墙处松动的岩块进行处理，对局部岩体破碎、易掉块的位置应 提前支护， 防止掉块，如有异常及时上报，确保隧道施工和人员安全，避免设备受损和卡机。"", ""建议做好拱底防排水措施。""]",IN_SCOPE,,/Users/zhaoxiaoda/Library/CloudStorage/GoogleDrive-xiaodazhao0608@gmail.com/我的云端硬盘/TBM9/SKETCH/DyK1016+779.00_伯舒拉岭右线洞身素描记录表 39.pdf,FACE_SKETCH,POINT,1016779.0,线状出水,弱风化
伯舒拉岭隧道进口右线 DyK1016+779~DyK1016+809 段洞身推测岩性为石炭二叠系板岩夹变质砂 岩，围岩整体弱风化，板岩为变余结构，板状构造，板状劈理发育，锤击易碎、声闷，为软岩；变 质砂岩为变余砂状结构，薄层状构造，矿物成分以石英、长石为主，钙质胶结。节理裂隙较发育， 岩体较破碎，锤击声脆、不易碎，为硬岩；,3cb5be4df389197c297af086,3cb5be4df389197c297af086,False,,1016809.0,FORECAST,FORECAST_SEGMENT,3cb5be4df389197c297af086_e0002,DyK1016+779.00_伯舒拉岭右线洞身素描记录表 39.pdf,,,节理裂隙较发育,板岩夹变质砂岩,[],FORECAST_SEGMENT,False,DyK1016+779~DyK1016+809,[],IN_SCOPE,岩体较破碎,/Users/zhaoxiaoda/Library/CloudStorage/GoogleDrive-xiaodazhao0608@gmail.com/我的云端硬盘/TBM9/SKETCH/DyK1016+779.00_伯舒拉岭右线洞身素描记录表 39.pdf,FACE_SKETCH,INTERVAL,1016779.0,,弱风化
当前开挖段落 DyK1016+759~DyK1016+779 段岩体较破 碎，岩质软硬不均，两侧边墙存在线状出水。,3cb5be4df389197c297af086,3cb5be4df389197c297af086,False,,1016779.0,OBSERVED,FACE_OBSERVATION,3cb5be4df389197c297af086_e0003,DyK1016+779.00_伯舒拉岭右线洞身素描记录表 39.pdf,,,,,[],CURRENT_EXCAVATED_INTERVAL,False,DyK1016+759~DyK1016+779,[],IN_SCOPE,岩体较破碎,/Users/zhaoxiaoda/Library/CloudStorage/GoogleDrive-xiaodazhao0608@gmail.com/我的云端硬盘/TBM9/SKETCH/DyK1016+779.00_伯舒拉岭右线洞身素描记录表 39.pdf,FACE_SKETCH,INTERVAL,1016759.0,线状出水,
目前洞身处于设计的低高地温带，当前洞内温度约 3 1℃。 板理产状：N45°E/52°S。同时发育3组节理裂隙，产状如下： J1 ：N61°E/73°N，d=0.5~1m ，L= 20m，平直、光滑、微张、无充填； J2 ：N32°E/31°N，d=0.2~0.4m ，L=2~4m ，平直、光滑、密闭、无充填； J3 ：N42°E/58°N，d=0.2~0.4m ，L=3~6m ，平直、光滑、密闭、无充填。 综上所述，判定洞身围岩为Ⅲ级。 当前开挖段落见线状出水， 目前处于设计的低高地温带，洞内温度约31℃，现场应实时测量洞内温度，做好人员、机具的防 护工作，如有高温异常，及时与建设各方联系。,0c738904c41ad76278dbda26,0c738904c41ad76278dbda26,False,,1016809.0,OBSERVED,FACE_OBSERVATION,0c738904c41ad76278dbda26_e0001,DyK1016+809.00_伯舒拉岭右线洞身素描记录表 40.pdf,96m³/h,,,,"[""当前开挖段落见线状出水， 目前处于设计的低高地温带，洞内温度约31℃，现场应实时测量洞内温度，做好人员、机具的防 护工作，如有高温异常，及时与建设各方联系""]",FACE_POINT,False,里程：DyK1016+809 地质预报单位：川藏铁路隧道超前地质预报项目部洛隆分部,"[""建议：在开挖后及时对左右两侧边墙处松动的岩块进行处理，对局部岩体破碎、易掉块的位置应 提前支护， 防止掉块，如有异常及时上报，确保隧道施工和人员安全，避免设备受损和卡机。"", ""建议做好拱底防排水措施。""]",IN_SCOPE,,/Users/zhaoxiaoda/Library/CloudStorage/GoogleDrive-xiaodazhao0608@gmail.com/我的云端硬盘/TBM9/SKETCH/DyK1016+809.00_伯舒拉岭右线洞身素描记录表 40.pdf,FACE_SKETCH,POINT,1016809.0,线状出水,弱风化
伯舒拉岭隧道进口右线 DyK1016+809~DyK1016+839 段洞身推测岩性为石炭二叠系板岩夹变质砂 岩，围岩整体弱风化，板岩为变余结构，板状构造，板状劈理发育，锤击易碎、声闷，为软岩；变 质砂岩为变余砂状结构，薄层状构造，矿物成分以石英、长石为主，钙质胶结。节理裂隙较发育， 岩体较破碎，锤击声脆、不易碎，为硬岩；,0c738904c41ad76278dbda26,0c738904c41ad76278dbda26,False,,1016839.0,FORECAST,FORECAST_SEGMENT,0c738904c41ad76278dbda26_e0002,DyK1016+809.00_伯舒拉岭右线洞身素描记录表 40.pdf,,,节理裂隙较发育,板岩夹变质砂岩,[],FORECAST_SEGMENT,False,DyK1016+809~DyK1016+839,[],IN_SCOPE,岩体较破碎,/Users/zhaoxiaoda/Library/CloudStorage/GoogleDrive-xiaodazhao0608@gmail.com/我的云端硬盘/TBM9/SKETCH/DyK1016+809.00_伯舒拉岭右线洞身素描记录表 40.pdf,FACE_SKETCH,INTERVAL,1016809.0,,弱风化
当前开挖段落 DyK1016+779~DyK1016+809 段岩体较破 碎，岩质软硬不均，两侧边墙存在线状出水。,0c738904c41ad76278dbda26,0c738904c41ad76278dbda26,False,,1016809.0,OBSERVED,FACE_OBSERVATION,0c738904c41ad76278dbda26_e0003,DyK1016+809.00_伯舒拉岭右线洞身素描记录表 40.pdf,,,,,[],CURRENT_EXCAVATED_INTERVAL,False,DyK1016+779~DyK1016+809,[],IN_SCOPE,岩体较破碎,/Users/zhaoxiaoda/Library/CloudStorage/GoogleDrive-xiaodazhao0608@gmail.com/我的云端硬盘/TBM9/SKETCH/DyK1016+809.00_伯舒拉岭右线洞身素描记录表 40.pdf,FACE_SKETCH,INTERVAL,1016779.0,线状出水,
目前洞身处于设计的低高地温带，当前洞内温度约 3 1℃。 板理产状：N45°E/52°S。同时发育3组节理裂隙，产状如下： J1 ：N61°E/73°N，d=0.5~1m ，L= 20m，平直、光滑、微张、无充填； J2 ：N32°E/31°N，d=0.2~0.4m ，L=2~4m ，平直、光滑、密闭、无充填； J3 ：N42°E/58°N，d=0.2~0.4m ，L=3~6m ，平直、光滑、密闭、无充填。 综上所述，判定洞身围岩为Ⅲ级。 当前开挖段落见线状出水， 目前处于设计的低高地温带，洞内温度约31℃，现场应实时测量洞内温度，做好人员、机具的防 护工作，如有高温异常，及时与建设各方联系。,240df37778e01b12474831fe,240df37778e01b12474831fe,False,,1016839.0,OBSERVED,FACE_OBSERVATION,240df37778e01b12474831fe_e0001,DyK1016+839.00_伯舒拉岭右线洞身素描记录表 41.pdf,96m³/h,,,,"[""当前开挖段落见线状出水， 目前处于设计的低高地温带，洞内温度约31℃，现场应实时测量洞内温度，做好人员、机具的防 护工作，如有高温异常，及时与建设各方联系""]",FACE_POINT,False,里程：DyK1016+839 地质预报单位：川藏铁路隧道超前地质预报项目部洛隆分部,"[""建议：在开挖后及时对左右两侧边墙处松动的岩块进行处理，对局部岩体破碎、易掉块的位置应 提前支护， 防止掉块，如有异常及时上报，确保隧道施工和人员安全，避免设备受损和卡机。"", ""建议做好拱底防排水措施。""]",IN_SCOPE,,/Users/zhaoxiaoda/Library/CloudStorage/GoogleDrive-xiaodazhao0608@gmail.com/我的云端硬盘/TBM9/SKETCH/DyK1016+839.00_伯舒拉岭右线洞身素描记录表 41.pdf,FACE_SKETCH,POINT,1016839.0,线状出水,弱风化
伯舒拉岭隧道进口右线 DyK1016+839~DyK1016+869 段洞身推测岩性为石炭二叠系板岩夹变质砂 岩，围岩整体弱风化，板岩为变余结构，板状构造，板状劈理发育，锤击易碎、声闷，为软岩；变 质砂岩为变余砂状结构，薄层状构造，矿物成分以石英、长石为主，钙质胶结。节理裂隙较发育， 岩体较破碎，锤击声脆、不易碎，为硬岩；,240df37778e01b12474831fe,240df37778e01b12474831fe,False,,1016869.0,FORECAST,FORECAST_SEGMENT,240df37778e01b12474831fe_e0002,DyK1016+839.00_伯舒拉岭右线洞身素描记录表 41.pdf,,,节理裂隙较发育,板岩夹变质砂岩,[],FORECAST_SEGMENT,False,DyK1016+839~DyK1016+869,[],IN_SCOPE,岩体较破碎,/Users/zhaoxiaoda/Library/CloudStorage/GoogleDrive-xiaodazhao0608@gmail.com/我的云端硬盘/TBM9/SKETCH/DyK1016+839.00_伯舒拉岭右线洞身素描记录表 41.pdf,FACE_SKETCH,INTERVAL,1016839.0,,弱风化
当前开挖段落 DyK1016+779~DyK1016+809 段岩体较破 碎，岩质软硬不均，两侧边墙存在线状出水。,240df37778e01b12474831fe,240df37778e01b12474831fe,False,,1016809.0,OBSERVED,FACE_OBSERVATION,240df37778e01b12474831fe_e0003,DyK1016+839.00_伯舒拉岭右线洞身素描记录表 41.pdf,,,,,[],CURRENT_EXCAVATED_INTERVAL,False,DyK1016+779~DyK1016+809,[],IN_SCOPE,岩体较破碎,/Users/zhaoxiaoda/Library/CloudStorage/GoogleDrive-xiaodazhao0608@gmail.com/我的云端硬盘/TBM9/SKETCH/DyK1016+839.00_伯舒拉岭右线洞身素描记录表 41.pdf,FACE_SKETCH,INTERVAL,1016779.0,线状出水,
目前洞身处于设计的低高地温带，当前洞内温度约 3 1℃。 板理产状：N45°E/52°S。同时发育3组节理裂隙，产状如下： J1 ：N61°E/73°N，d=0.5~1m ，L= 20m，平直、光滑、微张、无充填； J2 ：N32°E/31°N，d=0.2~0.4m ，L=2~4m ，平直、光滑、密闭、无充填； J3 ：N42°E/58°N，d=0.2~0.4m ，L=3~6m ，平直、光滑、密闭、无充填。 综上所述，判定洞身围岩为Ⅲ级。 当前开挖段落见线状出水， 目前处于设计的低高地温带，洞内温度约31℃，现场应实时测量洞内温度，做好人员、机具的防 护工作，如有高温异常，及时与建设各方联系。,f09c487f84df68ddb3c386c1,f09c487f84df68ddb3c386c1,False,,1016869.0,OBSERVED,FACE_OBSERVATION,f09c487f84df68ddb3c386c1_e0001,DyK1016+869.00_伯舒拉岭右线洞身素描记录表 42.pdf,96m³/h,,,,"[""当前开挖段落见线状出水， 目前处于设计的低高地温带，洞内温度约31℃，现场应实时测量洞内温度，做好人员、机具的防 护工作，如有高温异常，及时与建设各方联系""]",FACE_POINT,False,里程：DyK1016+869 地质预报单位：川藏铁路隧道超前地质预报项目部洛隆分部,"[""建议：在开挖后及时对左右两侧边墙处松动的岩块进行处理，对局部岩体破碎、易掉块的位置应 提前支护， 防止掉块，如有异常及时上报，确保隧道施工和人员安全，避免设备受损和卡机。"", ""建议做好拱底防排水措施。""]",IN_SCOPE,,/Users/zhaoxiaoda/Library/CloudStorage/GoogleDrive-xiaodazhao0608@gmail.com/我的云端硬盘/TBM9/SKETCH/DyK1016+869.00_伯舒拉岭右线洞身素描记录表 42.pdf,FACE_SKETCH,POINT,1016869.0,线状出水,弱风化
伯舒拉岭隧道进口右线 DyK1016+869~DyK1016+899 段洞身推测岩性为石炭二叠系板岩夹变质砂 岩，围岩整体弱风化，板岩为变余结构，板状构造，板状劈理发育，锤击易碎、声闷，为软岩；变 质砂岩为变余砂状结构，薄层状构造，矿物成分以石英、长石为主，钙质胶结。节理裂隙较发育， 岩体较破碎，锤击声脆、不易碎，为硬岩；,f09c487f84df68ddb3c386c1,f09c487f84df68ddb3c386c1,False,,1016899.0,FORECAST,FORECAST_SEGMENT,f09c487f84df68ddb3c386c1_e0002,DyK1016+869.00_伯舒拉岭右线洞身素描记录表 42.pdf,,,节理裂隙较发育,板岩夹变质砂岩,[],FORECAST_SEGMENT,False,DyK1016+869~DyK1016+899,[],IN_SCOPE,岩体较破碎,/Users/zhaoxiaoda/Library/CloudStorage/GoogleDrive-xiaodazhao0608@gmail.com/我的云端硬盘/TBM9/SKETCH/DyK1016+869.00_伯舒拉岭右线洞身素描记录表 42.pdf,FACE_SKETCH,INTERVAL,1016869.0,,弱风化
当前开挖段落 DyK1016+779~DyK1016+809 段岩体较破 碎，岩质软硬不均，两侧边墙存在线状出水。,f09c487f84df68ddb3c386c1,f09c487f84df68ddb3c386c1,False,,1016809.0,OBSERVED,FACE_OBSERVATION,f09c487f84df68ddb3c386c1_e0003,DyK1016+869.00_伯舒拉岭右线洞身素描记录表 42.pdf,,,,,[],CURRENT_EXCAVATED_INTERVAL,False,DyK1016+779~DyK1016+809,[],IN_SCOPE,岩体较破碎,/Users/zhaoxiaoda/Library/CloudStorage/GoogleDrive-xiaodazhao0608@gmail.com/我的云端硬盘/TBM9/SKETCH/DyK1016+869.00_伯舒拉岭右线洞身素描记录表 42.pdf,FACE_SKETCH,INTERVAL,1016779.0,线状出水,
目前洞身处于设计的低高地温带，当前洞内温度约 3 1℃。 板理产状：N45°E/52°S。同时发育3组节理裂隙，产状如下： J1 ：N61°E/73°N，d=0.5~1m ，L= 20m，平直、光滑、微张、无充填； J2 ：N32°E/31°N，d=0.2~0.4m ，L=2~4m ，平直、光滑、密闭、无充填； J3 ：N42°E/58°N，d=0.2~0.4m ，L=3~6m ，平直、光滑、密闭、无充填。 综上所述，判定洞身围岩为Ⅲ级。 当前开挖段落见线状出水， 目前处于设计的低高地温带，洞内温度约31℃，现场应实时测量洞内温度，做好人员、机具的防 护工作，如有高温异常，及时与建设各方联系。,7063eb72ab80d5ee64f01b2f,7063eb72ab80d5ee64f01b2f,False,,1016899.0,OBSERVED,FACE_OBSERVATION,7063eb72ab80d5ee64f01b2f_e0001,DyK1016+899.00_伯舒拉岭右线洞身素描记录表 43.pdf,96m³/h,,,,"[""当前开挖段落见线状出水， 目前处于设计的低高地温带，洞内温度约31℃，现场应实时测量洞内温度，做好人员、机具的防 护工作，如有高温异常，及时与建设各方联系""]",FACE_POINT,False,里程：DyK1016+899 地质预报单位：川藏铁路隧道超前地质预报项目部洛隆分部,"[""建议：在开挖后及时对左右两侧边墙处松动的岩块进行处理，对局部岩体破碎、易掉块的位置应 提前支护， 防止掉块，如有异常及时上报，确保隧道施工和人员安全，避免设备受损和卡机。"", ""建议做好拱底防排水措施。""]",IN_SCOPE,,/Users/zhaoxiaoda/Library/CloudStorage/GoogleDrive-xiaodazhao0608@gmail.com/我的云端硬盘/TBM9/SKETCH/DyK1016+899.00_伯舒拉岭右线洞身素描记录表 43.pdf,FACE_SKETCH,POINT,1016899.0,线状出水,弱风化
伯舒拉岭隧道进口右线 DyK1016+899~DyK1016+929 段洞身推测岩性为石炭二叠系板岩夹变质砂 岩，围岩整体弱风化，板岩为变余结构，板状构造，板状劈理发育，锤击易碎、声闷，为软岩；变 质砂岩为变余砂状结构，薄层状构造，矿物成分以石英、长石为主，钙质胶结。节理裂隙较发育， 岩体较破碎，锤击声脆、不易碎，为硬岩；,7063eb72ab80d5ee64f01b2f,7063eb72ab80d5ee64f01b2f,False,,1016929.0,FORECAST,FORECAST_SEGMENT,7063eb72ab80d5ee64f01b2f_e0002,DyK1016+899.00_伯舒拉岭右线洞身素描记录表 43.pdf,,,节理裂隙较发育,板岩夹变质砂岩,[],FORECAST_SEGMENT,False,DyK1016+899~DyK1016+929,[],IN_SCOPE,岩体较破碎,/Users/zhaoxiaoda/Library/CloudStorage/GoogleDrive-xiaodazhao0608@gmail.com/我的云端硬盘/TBM9/SKETCH/DyK1016+899.00_伯舒拉岭右线洞身素描记录表 43.pdf,FACE_SKETCH,INTERVAL,1016899.0,,弱风化
当前开挖段落 DyK1016+869~DyK1016+899 段岩体较破 碎，岩质软硬不均，两侧边墙存在线状出水。,7063eb72ab80d5ee64f01b2f,7063eb72ab80d5ee64f01b2f,False,,1016899.0,OBSERVED,FACE_OBSERVATION,7063eb72ab80d5ee64f01b2f_e0003,DyK1016+899.00_伯舒拉岭右线洞身素描记录表 43.pdf,,,,,[],CURRENT_EXCAVATED_INTERVAL,False,DyK1016+869~DyK1016+899,[],IN_SCOPE,岩体较破碎,/Users/zhaoxiaoda/Library/CloudStorage/GoogleDrive-xiaodazhao0608@gmail.com/我的云端硬盘/TBM9/SKETCH/DyK1016+899.00_伯舒拉岭右线洞身素描记录表 43.pdf,FACE_SKETCH,INTERVAL,1016869.0,线状出水,
目前洞身处于设计的低高地温带，当前洞内温度约 3 1℃。 板理产状：N45°E/52°S。同时发育3组节理裂隙，产状如下： J1 ：N61°E/73°N，d=0.5~1m ，L= 20m，平直、光滑、微张、无充填； J2 ：N32°E/31°N，d=0.2~0.4m ，L=2~4m ，平直、光滑、密闭、无充填； J3 ：N42°E/58°N，d=0.2~0.4m ，L=3~6m ，平直、光滑、密闭、无充填。 综上所述，判定洞身围岩为Ⅳ级。 当前开挖段落见线状出水， 目前处于设计的低高地温带，洞内温度约31℃，现场应实时测量洞内温度，做好人员、机具的防 护工作，如有高温异常，及时与建设各方联系。,c2a97afe5640c6aedeee1652,c2a97afe5640c6aedeee1652,False,,1016929.0,OBSERVED,FACE_OBSERVATION,c2a97afe5640c6aedeee1652_e0001,DyK1016+929.00_伯舒拉岭右线洞身素描记录表 44.pdf,96m³/h,,,,"[""当前开挖段落见线状出水， 目前处于设计的低高地温带，洞内温度约31℃，现场应实时测量洞内温度，做好人员、机具的防 护工作，如有高温异常，及时与建设各方联系""]",FACE_POINT,False,里程：DyK1016+929 地质预报单位：川藏铁路隧道超前地质预报项目部洛隆分部,"[""建议：在开挖后及时对左右两侧边墙处松动的岩块进行处理，对局部岩体破碎、易掉块的位置应 提前支护， 防止掉块，如有异常及时上报，确保隧道施工和人员安全，避免设备受损和卡机。"", ""建议做好拱底防排水措施。""]",IN_SCOPE,,/Users/zhaoxiaoda/Library/CloudStorage/GoogleDrive-xiaodazhao0608@gmail.com/我的云端硬盘/TBM9/SKETCH/DyK1016+929.00_伯舒拉岭右线洞身素描记录表 44.pdf,FACE_SKETCH,POINT,1016929.0,线状出水,弱风化
伯舒拉岭隧道进口右线 DyK1016+929~DyK1016+959 段洞身推测岩性为石炭二叠系板岩夹变质砂 岩，围岩整体弱风化，板岩为变余结构，板状构造，板状劈理发育，锤击易碎、声闷，为软岩；变 质砂岩为变余砂状结构，薄层状构造，矿物成分以石英、长石为主，钙质胶结。节理裂隙较发育， 岩体较破碎，锤击声脆、不易碎，为硬岩；,c2a97afe5640c6aedeee1652,c2a97afe5640c6aedeee1652,False,,1016959.0,FORECAST,FORECAST_SEGMENT,c2a97afe5640c6aedeee1652_e0002,DyK1016+929.00_伯舒拉岭右线洞身素描记录表 44.pdf,,,节理裂隙较发育,板岩夹变质砂岩,[],FORECAST_SEGMENT,False,DyK1016+929~DyK1016+959,[],IN_SCOPE,岩体较破碎,/Users/zhaoxiaoda/Library/CloudStorage/GoogleDrive-xiaodazhao0608@gmail.com/我的云端硬盘/TBM9/SKETCH/DyK1016+929.00_伯舒拉岭右线洞身素描记录表 44.pdf,FACE_SKETCH,INTERVAL,1016929.0,,弱风化
当前开挖段落 DyK1016+899~DyK1016+929 段岩体较破 碎，岩质软硬不均，两侧边墙存在线状出水。,c2a97afe5640c6aedeee1652,c2a97afe5640c6aedeee1652,False,,1016929.0,OBSERVED,FACE_OBSERVATION,c2a97afe5640c6aedeee1652_e0003,DyK1016+929.00_伯舒拉岭右线洞身素描记录表 44.pdf,,,,,[],CURRENT_EXCAVATED_INTERVAL,False,DyK1016+899~DyK1016+929,[],IN_SCOPE,岩体较破碎,/Users/zhaoxiaoda/Library/CloudStorage/GoogleDrive-xiaodazhao0608@gmail.com/我的云端硬盘/TBM9/SKETCH/DyK1016+929.00_伯舒拉岭右线洞身素描记录表 44.pdf,FACE_SKETCH,INTERVAL,1016899.0,线状出水,
目前洞身处于设计的低高地温带，当前洞内温度约 3 1℃。 板理产状：N45°E/52°S。同时发育3组节理裂隙，产状如下： J1 ：N61°E/73°N，d=0.5~1m ，L= 20m，平直、光滑、微张、无充填； J2 ：N32°E/31°N，d=0.2~0.4m ，L=2~4m ，平直、光滑、密闭、无充填； J3 ：N42°E/58°N，d=0.2~0.4m ，L=3~6m ，平直、光滑、密闭、无充填。 综上所述，判定洞身围岩为Ⅳ级。 当前开挖段落见线状出水， 目前处于设计的低高地温带，洞内温度约31℃，现场应实时测量洞内温度，做好人员、机具的防 护工作，如有高温异常，及时与建设各方联系。,92c9f09650bfb809905dbdca,92c9f09650bfb809905dbdca,False,,1016959.0,OBSERVED,FACE_OBSERVATION,92c9f09650bfb809905dbdca_e0001,DyK1016+959.00_伯舒拉岭右线洞身素描记录表 45.pdf,96m³/h,,,,"[""当前开挖段落见线状出水， 目前处于设计的低高地温带，洞内温度约31℃，现场应实时测量洞内温度，做好人员、机具的防 护工作，如有高温异常，及时与建设各方联系""]",FACE_POINT,False,里程：DyK1016+959 地质预报单位：川藏铁路隧道超前地质预报项目部洛隆分部,"[""建议：在开挖后及时对左右两侧边墙处松动的岩块进行处理，对局部岩体破碎、易掉块的位置应 提前支护， 防止掉块，如有异常及时上报，确保隧道施工和人员安全，避免设备受损和卡机。"", ""建议做好拱底防排水措施。""]",IN_SCOPE,,/Users/zhaoxiaoda/Library/CloudStorage/GoogleDrive-xiaodazhao0608@gmail.com/我的云端硬盘/TBM9/SKETCH/DyK1016+959.00_伯舒拉岭右线洞身素描记录表 45.pdf,FACE_SKETCH,POINT,1016959.0,线状出水,弱风化
伯舒拉岭隧道进口右线 DyK1016+959~DyK1016+989 段洞身推测岩性为石炭二叠系板岩夹变质砂 岩，围岩整体弱风化，板岩为变余结构，板状构造，板状劈理发育，锤击易碎、声闷，为软岩；变 质砂岩为变余砂状结构，薄层状构造，矿物成分以石英、长石为主，钙质胶结。节理裂隙较发育， 岩体较破碎，锤击声脆、不易碎，为硬岩；,92c9f09650bfb809905dbdca,92c9f09650bfb809905dbdca,False,,1016989.0,FORECAST,FORECAST_SEGMENT,92c9f09650bfb809905dbdca_e0002,DyK1016+959.00_伯舒拉岭右线洞身素描记录表 45.pdf,,,节理裂隙较发育,板岩夹变质砂岩,[],FORECAST_SEGMENT,False,DyK1016+959~DyK1016+989,[],IN_SCOPE,岩体较破碎,/Users/zhaoxiaoda/Library/CloudStorage/GoogleDrive-xiaodazhao0608@gmail.com/我的云端硬盘/TBM9/SKETCH/DyK1016+959.00_伯舒拉岭右线洞身素描记录表 45.pdf,FACE_SKETCH,INTERVAL,1016959.0,,弱风化
当前开挖段落 DyK1016+929~DyK1016+959 段岩体较破 碎，岩质软硬不均，两侧边墙存在线状出水。,92c9f09650bfb809905dbdca,92c9f09650bfb809905dbdca,False,,1016959.0,OBSERVED,FACE_OBSERVATION,92c9f09650bfb809905dbdca_e0003,DyK1016+959.00_伯舒拉岭右线洞身素描记录表 45.pdf,,,,,[],CURRENT_EXCAVATED_INTERVAL,False,DyK1016+929~DyK1016+959,[],IN_SCOPE,岩体较破碎,/Users/zhaoxiaoda/Library/CloudStorage/GoogleDrive-xiaodazhao0608@gmail.com/我的云端硬盘/TBM9/SKETCH/DyK1016+959.00_伯舒拉岭右线洞身素描记录表 45.pdf,FACE_SKETCH,INTERVAL,1016929.0,线状出水,
目前洞身处于设计的低高地温带，当前洞内温度约 3 1℃。 板理产状：N45°E/52°S。同时发育3组节理裂隙，产状如下： J1 ：N61°E/73°N，d=0.5~1m ，L= 20m，平直、光滑、微张、无充填； J2 ：N32°E/31°N，d=0.2~0.4m ，L=2~4m ，平直、光滑、密闭、无充填； J3 ：N42°E/58°N，d=0.2~0.4m ，L=3~6m ，平直、光滑、密闭、无充填。 综上所述，判定洞身围岩为Ⅳ级。 当前开挖段落见线状出水， 目前处于设计的低高地温带，洞内温度约31℃，现场应实时测量洞内温度，做好人员、机具的防 护工作，如有高温异常，及时与建设各方联系。,e0ff3b59ed0034eecfeafa58,e0ff3b59ed0034eecfeafa58,False,,1016989.0,OBSERVED,FACE_OBSERVATION,e0ff3b59ed0034eecfeafa58_e0001,DyK1016+989.00_伯舒拉岭右线洞身素描记录表 46.pdf,96m³/h,,,,"[""当前开挖段落见线状出水， 目前处于设计的低高地温带，洞内温度约31℃，现场应实时测量洞内温度，做好人员、机具的防 护工作，如有高温异常，及时与建设各方联系""]",FACE_POINT,False,里程：DyK1016+989 地质预报单位：川藏铁路隧道超前地质预报项目部洛隆分部,"[""建议：在开挖后及时对左右两侧边墙处松动的岩块进行处理，对局部岩体破碎、易掉块的位置应 提前支护， 防止掉块，如有异常及时上报，确保隧道施工和人员安全，避免设备受损和卡机。"", ""建议做好拱底防排水措施。""]",IN_SCOPE,,/Users/zhaoxiaoda/Library/CloudStorage/GoogleDrive-xiaodazhao0608@gmail.com/我的云端硬盘/TBM9/SKETCH/DyK1016+989.00_伯舒拉岭右线洞身素描记录表 46.pdf,FACE_SKETCH,POINT,1016989.0,线状出水,弱风化
伯舒拉岭隧道进口右线 DyK1016+989~DyK1017+019 段洞身推测岩性为石炭二叠系板岩夹变质砂 岩，围岩整体弱风化，板岩为变余结构，板状构造，板状劈理发育，锤击易碎、声闷，为软岩；变 质砂岩为变余砂状结构，薄层状构造，矿物成分以石英、长石为主，钙质胶结。节理裂隙较发育， 岩体较破碎，锤击声脆、不易碎，为硬岩；,e0ff3b59ed0034eecfeafa58,e0ff3b59ed0034eecfeafa58,False,,1017019.0,FORECAST,FORECAST_SEGMENT,e0ff3b59ed0034eecfeafa58_e0002,DyK1016+989.00_伯舒拉岭右线洞身素描记录表 46.pdf,,,节理裂隙较发育,板岩夹变质砂岩,[],FORECAST_SEGMENT,False,DyK1016+989~DyK1017+019,[],IN_SCOPE,岩体较破碎,/Users/zhaoxiaoda/Library/CloudStorage/GoogleDrive-xiaodazhao0608@gmail.com/我的云端硬盘/TBM9/SKETCH/DyK1016+989.00_伯舒拉岭右线洞身素描记录表 46.pdf,FACE_SKETCH,INTERVAL,1016989.0,,弱风化
当前开挖段落 DyK1016+959~DyK1016+989 段岩体较破 碎，岩质软硬不均，两侧边墙存在线状出水。,e0ff3b59ed0034eecfeafa58,e0ff3b59ed0034eecfeafa58,False,,1016989.0,OBSERVED,FACE_OBSERVATION,e0ff3b59ed0034eecfeafa58_e0003,DyK1016+989.00_伯舒拉岭右线洞身素描记录表 46.pdf,,,,,[],CURRENT_EXCAVATED_INTERVAL,False,DyK1016+959~DyK1016+989,[],IN_SCOPE,岩体较破碎,/Users/zhaoxiaoda/Library/CloudStorage/GoogleDrive-xiaodazhao0608@gmail.com/我的云端硬盘/TBM9/SKETCH/DyK1016+989.00_伯舒拉岭右线洞身素描记录表 46.pdf,FACE_SKETCH,INTERVAL,1016959.0,线状出水,
目前洞身处于设计的低高地温带，当前洞内温度约 3 1℃。 板理产状：N45°E/52°S。同时发育3组节理裂隙，产状如下： J1 ：N61°E/73°N，d=0.5~1m ，L= 20m，平直、光滑、微张、无充填； J2 ：N32°E/31°N，d=0.2~0.4m ，L=2~4m ，平直、光滑、密闭、无充填； J3 ：N42°E/58°N，d=0.2~0.4m ，L=3~6m ，平直、光滑、密闭、无充填。 综上所述，判定洞身围岩为Ⅳ级。 当前开挖段落见线状出水， 目前处于设计的低高地温带，洞内温度约31℃，现场应实时测量洞内温度，做好人员、机具的防 护工作，如有高温异常，及时与建设各方联系。,f0558c8e83f2dff9d2fe3354,f0558c8e83f2dff9d2fe3354,False,,1017019.0,OBSERVED,FACE_OBSERVATION,f0558c8e83f2dff9d2fe3354_e0001,DyK1017+019.00_伯舒拉岭右线洞身素描记录表 47.pdf,96m³/h,,,,"[""当前开挖段落见线状出水， 目前处于设计的低高地温带，洞内温度约31℃，现场应实时测量洞内温度，做好人员、机具的防 护工作，如有高温异常，及时与建设各方联系""]",FACE_POINT,False,里程：DyK1017+019 地质预报单位：川藏铁路隧道超前地质预报项目部洛隆分部,"[""建议：在开挖后及时对左右两侧边墙处松动的岩块进行处理，对局部岩体破碎、易掉块的位置应 提前支护， 防止掉块，如有异常及时上报，确保隧道施工和人员安全，避免设备受损和卡机。"", ""建议做好拱底防排水措施。""]",IN_SCOPE,,/Users/zhaoxiaoda/Library/CloudStorage/GoogleDrive-xiaodazhao0608@gmail.com/我的云端硬盘/TBM9/SKETCH/DyK1017+019.00_伯舒拉岭右线洞身素描记录表 47.pdf,FACE_SKETCH,POINT,1017019.0,线状出水,弱风化
伯舒拉岭隧道进口右线 DyK1017+019~DyK1017+049 段洞身推测岩性为石炭二叠系板岩夹变质砂 岩，围岩整体弱风化，板岩为变余结构，板状构造，板状劈理发育，锤击易碎、声闷，为软岩；变 质砂岩为变余砂状结构，薄层状构造，矿物成分以石英、长石为主，钙质胶结。节理裂隙较发育， 岩体较破碎，锤击声脆、不易碎，为硬岩；,f0558c8e83f2dff9d2fe3354,f0558c8e83f2dff9d2fe3354,False,,1017049.0,FORECAST,FORECAST_SEGMENT,f0558c8e83f2dff9d2fe3354_e0002,DyK1017+019.00_伯舒拉岭右线洞身素描记录表 47.pdf,,,节理裂隙较发育,板岩夹变质砂岩,[],FORECAST_SEGMENT,False,DyK1017+019~DyK1017+049,[],IN_SCOPE,岩体较破碎,/Users/zhaoxiaoda/Library/CloudStorage/GoogleDrive-xiaodazhao0608@gmail.com/我的云端硬盘/TBM9/SKETCH/DyK1017+019.00_伯舒拉岭右线洞身素描记录表 47.pdf,FACE_SKETCH,INTERVAL,1017019.0,,弱风化
目前洞身处于设计 的低高地温带，当前洞内温度约31℃。 板理产状：N45°E/52°S。同时发育3组节理裂隙，产状如下： J1 ：N61°E/73°N，d=0.5~1m ，L= 20m，平直、光滑、微张、无充填； J2 ：N32°E/31°N，d=0.2~0.4m ，L=2~4m ，平直、光滑、密闭、无充填； J3 ：N42°E/58°N，d=0.2~0.4m ，L=3~6m ，平直、光滑、密闭、无充填。 综上所述，判定洞身围岩为Ⅳ级。 当前开挖段落见渗滴水出水， 目前处于设计的低高地温带，洞内温度约31℃，现场应实时测量洞内温度，做好人员、机具的防 护工作，如有高温异常，及时与建设各方联系。,1870dda01a4d19910fe26fec,1870dda01a4d19910fe26fec,False,,1017049.0,OBSERVED,FACE_OBSERVATION,1870dda01a4d19910fe26fec_e0001,DyK1017+049.00_伯舒拉岭右线洞身素描记录表 48.pdf,96m³/h,,,,"[""当前开挖段落见渗滴水出水， 目前处于设计的低高地温带，洞内温度约31℃，现场应实时测量洞内温度，做好人员、机具的防 护工作，如有高温异常，及时与建设各方联系""]",FACE_POINT,False,里程：DyK1017+049 地质预报单位：川藏铁路隧道超前地质预报项目部洛隆分部,"[""建议：在开挖后及时对左右两侧边墙处松动的岩块进行处理，对局部岩体破碎、易掉块的位置应 提前支护， 防止掉块，如有异常及时上报，确保隧道施工和人员安全，避免设备受损和卡机。"", ""建议做好拱底防排水措施。""]",IN_SCOPE,,/Users/zhaoxiaoda/Library/CloudStorage/GoogleDrive-xiaodazhao0608@gmail.com/我的云端硬盘/TBM9/SKETCH/DyK1017+049.00_伯舒拉岭右线洞身素描记录表 48.pdf,FACE_SKETCH,POINT,1017049.0,渗滴水,弱风化
伯舒拉岭隧道进口右线 DyK1017+049~DyK1017+079 段洞身推测岩性为石炭二叠系板岩夹变质砂 岩，围岩整体弱风化，板岩为变余结构，板状构造，板状劈理发育，锤击易碎、声闷，为软岩；变 质砂岩为变余砂状结构，薄层状构造，矿物成分以石英、长石为主，钙质胶结。节理裂隙较发育， 岩体较破碎，锤击声脆、不易碎，为硬岩；,1870dda01a4d19910fe26fec,1870dda01a4d19910fe26fec,False,,1017079.0,FORECAST,FORECAST_SEGMENT,1870dda01a4d19910fe26fec_e0002,DyK1017+049.00_伯舒拉岭右线洞身素描记录表 48.pdf,,,节理裂隙较发育,板岩夹变质砂岩,[],FORECAST_SEGMENT,False,DyK1017+049~DyK1017+079,[],IN_SCOPE,岩体较破碎,/Users/zhaoxiaoda/Library/CloudStorage/GoogleDrive-xiaodazhao0608@gmail.com/我的云端硬盘/TBM9/SKETCH/DyK1017+049.00_伯舒拉岭右线洞身素描记录表 48.pdf,FACE_SKETCH,INTERVAL,1017049.0,,弱风化
目前洞身处于设计的低高地温带，当前 洞内温度约31℃。 板理产状：N44°E/32°S。同时发育3组节理裂隙，产状如下： J1 ：N65°E/74°N，d=0.5~1m ，L= 20m，平直、光滑、微张、无充填； J2 ：N33°E/36°N，d=0.2~0.4m ，L=2~4m ，平直、光滑、密闭、无充填； J3 ：N41°E/52°N，d=0.2~0.4m ，L=3~6m ，平直、光滑、密闭、无充填。 综上所述，判定洞身围岩为Ⅳ级。 当前开挖段落见渗滴水出水， 目前处于设计的低高地温带，洞内温度约31℃，现场应实时测量洞内温度，做好人员、机具的防 护工作，如有高温异常，及时与建设各方联系。,d5fae21a2ace09d5cd052187,d5fae21a2ace09d5cd052187,False,,1017079.0,OBSERVED,FACE_OBSERVATION,d5fae21a2ace09d5cd052187_e0001,DyK1017+079.00_伯舒拉岭右线洞身素描记录表 49.pdf,96m³/h,,,,"[""当前开挖段落见渗滴水出水， 目前处于设计的低高地温带，洞内温度约31℃，现场应实时测量洞内温度，做好人员、机具的防 护工作，如有高温异常，及时与建设各方联系""]",FACE_POINT,False,里程：DyK1017+079 地质预报单位：川藏铁路隧道超前地质预报项目部洛隆分部,"[""建议：在开挖后及时对左右两侧边墙处松动的岩块进行处理，对局部岩体破碎、易掉块的位置应 提前支护， 防止掉块，如有异常及时上报，确保隧道施工和人员安全，避免设备受损和卡机。"", ""建议做好拱底防排水措施。""]",IN_SCOPE,,/Users/zhaoxiaoda/Library/CloudStorage/GoogleDrive-xiaodazhao0608@gmail.com/我的云端硬盘/TBM9/SKETCH/DyK1017+079.00_伯舒拉岭右线洞身素描记录表 49.pdf,FACE_SKETCH,POINT,1017079.0,渗滴水,弱风化
伯舒拉岭隧道进口右线 DyK1017+079~DyK1017+109 段洞身推测岩性为石炭二叠系板岩夹变质砂 岩，围岩整体弱风化，板岩为变余结构，板状构造，板状劈理发育，锤击易碎、声闷，为软岩；变 质砂岩为变余砂状结构，薄层状构造，矿物成分以石英、长石为主，钙质胶结。节理裂隙较发育， 岩体较破碎，锤击声脆、不易碎，为硬岩；,d5fae21a2ace09d5cd052187,d5fae21a2ace09d5cd052187,False,,1017109.0,FORECAST,FORECAST_SEGMENT,d5fae21a2ace09d5cd052187_e0002,DyK1017+079.00_伯舒拉岭右线洞身素描记录表 49.pdf,,,节理裂隙较发育,板岩夹变质砂岩,[],FORECAST_SEGMENT,False,DyK1017+079~DyK1017+109,[],IN_SCOPE,岩体较破碎,/Users/zhaoxiaoda/Library/CloudStorage/GoogleDrive-xiaodazhao0608@gmail.com/我的云端硬盘/TBM9/SKETCH/DyK1017+079.00_伯舒拉岭右线洞身素描记录表 49.pdf,FACE_SKETCH,INTERVAL,1017079.0,,弱风化
目前洞身处于设计的低高地温带，当前 洞内温度约31℃。 板理产状：N44°E/32°S。同时发育3组节理裂隙，产状如下： J1 ：N65°E/74°N，d=0.5~1m ，L= 20m，平直、光滑、微张、无充填； J2 ：N33°E/36°N，d=0.2~0.4m ，L=2~4m ，平直、光滑、密闭、无充填； J3 ：N41°E/52°N，d=0.2~0.4m ，L=3~6m ，平直、光滑、密闭、无充填。 综上所述，判定洞身围岩为Ⅳ级。 当前开挖段落见渗滴水出水， 目前处于设计的低高地温带，洞内温度约31℃，现场应实时测量洞内温度，做好人员、机具的防 护工作，如有高温异常，及时与建设各方联系。,2f660c783da6920e9aa30382,2f660c783da6920e9aa30382,False,,1017109.0,OBSERVED,FACE_OBSERVATION,2f660c783da6920e9aa30382_e0001,DyK1017+109.00_伯舒拉岭右线洞身素描记录表 50.pdf,96m³/h,,,,"[""当前开挖段落见渗滴水出水， 目前处于设计的低高地温带，洞内温度约31℃，现场应实时测量洞内温度，做好人员、机具的防 护工作，如有高温异常，及时与建设各方联系""]",FACE_POINT,False,里程：DyK1017+109 地质预报单位：川藏铁路隧道超前地质预报项目部洛隆分部,"[""建议：在开挖后及时对左右两侧边墙处松动的岩块进行处理，对局部岩体破碎、易掉块的位置应 提前支护， 防止掉块，如有异常及时上报，确保隧道施工和人员安全，避免设备受损和卡机。"", ""建议做好拱底防排水措施。""]",IN_SCOPE,,/Users/zhaoxiaoda/Library/CloudStorage/GoogleDrive-xiaodazhao0608@gmail.com/我的云端硬盘/TBM9/SKETCH/DyK1017+109.00_伯舒拉岭右线洞身素描记录表 50.pdf,FACE_SKETCH,POINT,1017109.0,渗滴水,弱风化
伯舒拉岭隧道进口右线 DyK1017+109~DyK1017+139 段洞身推测岩性为石炭二叠系板岩夹变质砂 岩，围岩整体弱风化，板岩为变余结构，板状构造，板状劈理发育，锤击易碎、声闷，为软岩；变 质砂岩为变余砂状结构，薄层状构造，矿物成分以石英、长石为主，钙质胶结。节理裂隙较发育， 岩体较破碎，锤击声脆、不易碎，为硬岩；,2f660c783da6920e9aa30382,2f660c783da6920e9aa30382,False,,1017139.0,FORECAST,FORECAST_SEGMENT,2f660c783da6920e9aa30382_e0002,DyK1017+109.00_伯舒拉岭右线洞身素描记录表 50.pdf,,,节理裂隙较发育,板岩夹变质砂岩,[],FORECAST_SEGMENT,False,DyK1017+109~DyK1017+139,[],IN_SCOPE,岩体较破碎,/Users/zhaoxiaoda/Library/CloudStorage/GoogleDrive-xiaodazhao0608@gmail.com/我的云端硬盘/TBM9/SKETCH/DyK1017+109.00_伯舒拉岭右线洞身素描记录表 50.pdf,FACE_SKETCH,INTERVAL,1017109.0,,弱风化
目前洞身处于设计的低高地温带，当前洞内温度 约30℃。 板理产状：N44°E/32°S。同时发育3组节理裂隙，产状如下： J1 ：N65°E/74°N，d=0.5~1m ，L= 20m，平直、光滑、微张、无充填； J2 ：N33°E/36°N，d=0.2~0.4m ，L=2~4m ，平直、光滑、密闭、无充填； J3 ：N41°E/52°N，d=0.2~0.4m ，L=3~6m ，平直、光滑、密闭、无充填。 综上所述，判定洞身围岩为Ⅴ级。 当前开挖段落见线状水出水，同时存在Ⅰ级软岩大变形， 目前处于设计的低高地温带，洞内温度约30℃，现场应实时测量洞内温度，做好人员、机具的防 护工作，如有高温异常，及时与建设各方联系。,6e388030c6a54da3eaf7be02,6e388030c6a54da3eaf7be02,False,,1017156.0,OBSERVED,FACE_OBSERVATION,6e388030c6a54da3eaf7be02_e0001,DyK1017+156.00_伯舒拉岭右线洞身素描记录表 52.pdf,,25～125经常渗水,,,"[""当前开挖段落见线状水出水，同时存在Ⅰ级软岩大变形， 目前处于设计的低高地温带，洞内温度约30℃，现场应实时测量洞内温度，做好人员、机具的防 护工作，如有高温异常，及时与建设各方联系""]",FACE_POINT,False,里程：DyK1017+156 地质预报单位：川藏铁路隧道超前地质预报项目部洛隆分部,"[""建议：在开挖后及时对左右两侧边墙处松动的岩块进行处理，对局部岩体破碎、易掉块的位置应 提前支护， 防止掉块，如有异常及时上报，确保隧道施工和人员安全，避免设备受损和卡机。"", ""建议做好拱底防排水及变形监测措施。""]",IN_SCOPE,,/Users/zhaoxiaoda/Library/CloudStorage/GoogleDrive-xiaodazhao0608@gmail.com/我的云端硬盘/TBM9/SKETCH/DyK1017+156.00_伯舒拉岭右线洞身素描记录表 52.pdf,FACE_SKETCH,POINT,1017156.0,25～125经常渗水,弱风化
伯舒拉岭隧道进口右线 DyK1017+156~DyK1017+186 段洞身推测岩性为石炭二叠系板岩，围岩整 体弱风化，变余结构，板状构造，板状劈理发育，锤击易碎、声闷，为软岩，节理发育，岩体破 碎，右侧极破碎。,6e388030c6a54da3eaf7be02,6e388030c6a54da3eaf7be02,False,,1017186.0,FORECAST,FORECAST_SEGMENT,6e388030c6a54da3eaf7be02_e0002,DyK1017+156.00_伯舒拉岭右线洞身素描记录表 52.pdf,,,节理发育,板岩,[],FORECAST_SEGMENT,False,DyK1017+156~DyK1017+186,[],IN_SCOPE,岩体破碎,/Users/zhaoxiaoda/Library/CloudStorage/GoogleDrive-xiaodazhao0608@gmail.com/我的云端硬盘/TBM9/SKETCH/DyK1017+156.00_伯舒拉岭右线洞身素描记录表 52.pdf,FACE_SKETCH,INTERVAL,1017156.0,,弱风化
目前洞身处于设计的低高地温带，当前洞内温度 约30℃。 板理产状：N45°E/34°S。同时发育3组节理裂隙，产状如下： J1 ：N62°E/71°N，d=0.5~1m ，L= 20m，平直、光滑、微张、无充填； J2 ：N35°E/32°N，d=0.2~0.4m ，L=2~4m ，平直、光滑、密闭、无充填； J3 ：N44°E/55°N，d=0.2~0.4m ，L=3~6m ，平直、光滑、密闭、无充填。 综上所述，判定洞身围岩为Ⅴ级。 当前开挖段落见线状水出水，同时存在Ⅰ级软岩大变形， 目前处于设计的低高地温带，洞内温度约30℃，现场应实时测量洞内温度，做好人员、机具的防 护工作，如有高温异常，及时与建设各方联系。,816b585a83f4a542122cb49e,816b585a83f4a542122cb49e,False,,1017178.0,OBSERVED,FACE_OBSERVATION,816b585a83f4a542122cb49e_e0001,DyK1017+177.99_伯舒拉岭右线洞身素描记录表 52.pdf,,25～125经常渗水,,,"[""当前开挖段落见线状水出水，同时存在Ⅰ级软岩大变形， 目前处于设计的低高地温带，洞内温度约30℃，现场应实时测量洞内温度，做好人员、机具的防 护工作，如有高温异常，及时与建设各方联系""]",FACE_POINT,False,里程：DyK1017+178 地质预报单位：川藏铁路隧道超前地质预报项目部洛隆分部,"[""建议：在开挖后及时对左右两侧边墙处松动的岩块进行处理，对局部岩体破碎、易掉块的位置应 提前支护， 防止掉块，如有异常及时上报，确保隧道施工和人员安全，避免设备受损和卡机。"", ""建议做好拱底防排水及变形监测措施。""]",IN_SCOPE,,/Users/zhaoxiaoda/Library/CloudStorage/GoogleDrive-xiaodazhao0608@gmail.com/我的云端硬盘/TBM9/SKETCH/DyK1017+177.99_伯舒拉岭右线洞身素描记录表 52.pdf,FACE_SKETCH,POINT,1017178.0,25～125经常渗水,弱风化
伯舒拉岭隧道进口右线 DyK1017+178~DyK1017+208 段洞身推测岩性为石炭二叠系板岩，围岩整 体弱风化，变余结构，板状构造，板状劈理发育，锤击易碎、声闷，为软岩，节理发育，岩体破 碎，右侧极破碎。,816b585a83f4a542122cb49e,816b585a83f4a542122cb49e,False,,1017208.0,FORECAST,FORECAST_SEGMENT,816b585a83f4a542122cb49e_e0002,DyK1017+177.99_伯舒拉岭右线洞身素描记录表 52.pdf,,,节理发育,板岩,[],FORECAST_SEGMENT,False,DyK1017+178~DyK1017+208,[],IN_SCOPE,岩体破碎,/Users/zhaoxiaoda/Library/CloudStorage/GoogleDrive-xiaodazhao0608@gmail.com/我的云端硬盘/TBM9/SKETCH/DyK1017+177.99_伯舒拉岭右线洞身素描记录表 52.pdf,FACE_SKETCH,INTERVAL,1017178.0,,弱风化
目前洞身处于设计的低高地温带，当前 洞内温度约28℃。 板理产状：N45°E/30°S。同时发育3组节理裂隙，产状如下： J1 ：N62°E/71°N，d=0.5~1m ，L= 20m，平直、光滑、微张、无充填； J2 ：N35°E/32°N，d=0.2~0.4m ，L=2~4m ，平直、光滑、密闭、无充填； J3 ：N44°E/55°N，d=0.2~0.4m ，L=3~6m ，平直、光滑、密闭、无充填。 综上所述，判定洞身围岩为Ⅴ级。 当前开挖段落见线状水出水，同时存在Ⅰ级软岩大变形， 目前处于设计的低高地温带，洞内温度约28℃，现场应实时测量洞内温度，做好人员、机具的防 护工作，如有高温异常，及时与建设各方联系。,8ef945d86a83ab636d7ed610,8ef945d86a83ab636d7ed610,False,,1017208.0,OBSERVED,FACE_OBSERVATION,8ef945d86a83ab636d7ed610_e0001,DyK1017+208.00_伯舒拉岭右线洞身素描记录表 53.pdf,,25～125经常渗水,,,"[""当前开挖段落见线状水出水，同时存在Ⅰ级软岩大变形， 目前处于设计的低高地温带，洞内温度约28℃，现场应实时测量洞内温度，做好人员、机具的防 护工作，如有高温异常，及时与建设各方联系""]",FACE_POINT,False,里程：DyK1017+208 地质预报单位：川藏铁路隧道超前地质预报项目部洛隆分部,"[""建议：在开挖后及时对左右两侧边墙处松动的岩块进行处理，对局部岩体破碎、易掉块的位置应 提前支护， 防止掉块，如有异常及时上报，确保隧道施工和人员安全，避免设备受损和卡机。"", ""建议做好拱底防排水及变形监测措施。""]",IN_SCOPE,,/Users/zhaoxiaoda/Library/CloudStorage/GoogleDrive-xiaodazhao0608@gmail.com/我的云端硬盘/TBM9/SKETCH/DyK1017+208.00_伯舒拉岭右线洞身素描记录表 53.pdf,FACE_SKETCH,POINT,1017208.0,25～125经常渗水,弱风化
伯舒拉岭隧道进口右线 DyK1017+208~DyK1017+238 段洞身推测岩性为石炭二叠系板岩，围岩整 体弱风化，变余结构，板状构造，板状劈理发育，锤击易碎、声闷，为软岩，节理发育，岩体破 碎，拱部极破碎。,8ef945d86a83ab636d7ed610,8ef945d86a83ab636d7ed610,False,,1017238.0,FORECAST,FORECAST_SEGMENT,8ef945d86a83ab636d7ed610_e0002,DyK1017+208.00_伯舒拉岭右线洞身素描记录表 53.pdf,,,节理发育,板岩,[],FORECAST_SEGMENT,False,DyK1017+208~DyK1017+238,[],IN_SCOPE,岩体破碎,/Users/zhaoxiaoda/Library/CloudStorage/GoogleDrive-xiaodazhao0608@gmail.com/我的云端硬盘/TBM9/SKETCH/DyK1017+208.00_伯舒拉岭右线洞身素描记录表 53.pdf,FACE_SKETCH,INTERVAL,1017208.0,,弱风化
目前洞身处于设计的低高地 温带，当前洞内温度约28℃。 板理产状：N42°E/25°S。同时发育3组节理裂隙，产状如下： J1 ：N62°E/71°N，d=0.5~1m ，L= 20m，平直、光滑、微张、无充填； J2 ：N35°E/32°N，d=0.2~0.4m ，L=2~4m ，平直、光滑、密闭、无充填； J3 ：N44°E/55°N，d=0.2~0.4m ，L=3~6m ，平直、光滑、密闭、无充填。 综上所述，判定洞身围岩为Ⅴ级。 当前开挖段落见线状出水，同时存在Ⅰ级软岩大变形， 目前处于设计的低高地温带，洞内温度约28℃，现场应实时测量洞内温度，做好人员、机具的防 护工作，如有高温异常，及时与建设各方联系。,952a8d49731afcc31840a716,952a8d49731afcc31840a716,False,,1017216.0,OBSERVED,FACE_OBSERVATION,952a8d49731afcc31840a716_e0001,DyK1017+216.00_伯舒拉岭右线洞身素描记录表 54.pdf,,25～125经常渗水,,,"[""当前开挖段落见线状出水，同时存在Ⅰ级软岩大变形， 目前处于设计的低高地温带，洞内温度约28℃，现场应实时测量洞内温度，做好人员、机具的防 护工作，如有高温异常，及时与建设各方联系""]",FACE_POINT,False,里程：DyK1017+216 地质预报单位：川藏铁路隧道超前地质预报项目部洛隆分部,"[""建议：在开挖后及时对左右两侧边墙处松动的岩块进行处理，对局部岩体破碎、易掉块的位置应 提前支护， 防止掉块，如有异常及时上报，确保隧道施工和人员安全，避免设备受损和卡机。"", ""建议做好拱底防排水及变形监测措施。""]",IN_SCOPE,,/Users/zhaoxiaoda/Library/CloudStorage/GoogleDrive-xiaodazhao0608@gmail.com/我的云端硬盘/TBM9/SKETCH/DyK1017+216.00_伯舒拉岭右线洞身素描记录表 54.pdf,FACE_SKETCH,POINT,1017216.0,线状出水,弱风化
伯舒拉岭隧道进口右线 DyK1017+216~DyK1017+246 段洞身推测岩性为石炭二叠系板岩，围岩整 体弱风化，变余结构，板状构造，板状劈理发育，锤击易碎、声闷，为软岩，节理发育，岩体破 碎，拱部极破碎。,952a8d49731afcc31840a716,952a8d49731afcc31840a716,False,,1017246.0,FORECAST,FORECAST_SEGMENT,952a8d49731afcc31840a716_e0002,DyK1017+216.00_伯舒拉岭右线洞身素描记录表 54.pdf,,,节理发育,板岩,[],FORECAST_SEGMENT,False,DyK1017+216~DyK1017+246,[],IN_SCOPE,岩体破碎,/Users/zhaoxiaoda/Library/CloudStorage/GoogleDrive-xiaodazhao0608@gmail.com/我的云端硬盘/TBM9/SKETCH/DyK1017+216.00_伯舒拉岭右线洞身素描记录表 54.pdf,FACE_SKETCH,INTERVAL,1017216.0,,弱风化
目前洞身处于设计的低高地温带，当前洞内温度约 2 8℃。 板理产状：N42°E/25°S。同时发育3组节理裂隙，产状如下： J1 ：N62°E/71°N，d=0.5~1m ，L= 20m，平直、光滑、微张、无充填； J2 ：N35°E/32°N，d=0.2~0.4m ，L=2~4m ，平直、光滑、密闭、无充填； J3 ：N44°E/55°N，d=0.2~0.4m ，L=3~6m ，平直、光滑、密闭、无充填。 综上所述，判定洞身围岩为Ⅴ级。 当前开挖段落见线状出水，已进入F37断层影响带，同时存在Ⅰ级软岩大变形， 目前处于设计的低高地温带，洞内温度约28℃，现场应实时测量洞内温度，做好人员、机具的防 护工作，如有高温异常，及时与建设各方联系。,3a17ea59e72b37aaccd10b71,3a17ea59e72b37aaccd10b71,False,,1017222.0,OBSERVED,FACE_OBSERVATION,3a17ea59e72b37aaccd10b71_e0001,DyK1017+222.00_伯舒拉岭右线洞身素描记录表 55.pdf,,25～125经常渗水,,,"[""当前开挖段落见线状出水，已进入F37断层影响带，同时存在Ⅰ级软岩大变形， 目前处于设计的低高地温带，洞内温度约28℃，现场应实时测量洞内温度，做好人员、机具的防 护工作，如有高温异常，及时与建设各方联系""]",FACE_POINT,False,里程：DyK1017+222 地质预报单位：川藏铁路隧道超前地质预报项目部洛隆分部,"[""建议：在开挖后及时对左右两侧边墙处松动的岩块进行处理，对局部岩体破碎、易掉块的位置应 提前支护， 防止掉块，如有异常及时上报，确保隧道施工和人员安全，避免设备受损和卡机。"", ""建议做好拱底防排 水及变形监测措施。""]",IN_SCOPE,,/Users/zhaoxiaoda/Library/CloudStorage/GoogleDrive-xiaodazhao0608@gmail.com/我的云端硬盘/TBM9/SKETCH/DyK1017+222.00_伯舒拉岭右线洞身素描记录表 55.pdf,FACE_SKETCH,POINT,1017222.0,线状出水,弱风化
伯舒拉岭隧道进口右线 DyK1017+222~DyK1017+252 段洞身推测岩性为石炭二叠系板岩夹少量断 层角砾，围岩整体弱风化，变余结构，板状构造，板状劈理发育，锤击易碎、声闷，为软岩，节理 发育，岩体破碎，拱部极破碎，。,3a17ea59e72b37aaccd10b71,3a17ea59e72b37aaccd10b71,False,,1017252.0,FORECAST,FORECAST_SEGMENT,3a17ea59e72b37aaccd10b71_e0002,DyK1017+222.00_伯舒拉岭右线洞身素描记录表 55.pdf,,,节理发育,板岩,[],FORECAST_SEGMENT,False,DyK1017+222~DyK1017+252,[],IN_SCOPE,岩体破碎,/Users/zhaoxiaoda/Library/CloudStorage/GoogleDrive-xiaodazhao0608@gmail.com/我的云端硬盘/TBM9/SKETCH/DyK1017+222.00_伯舒拉岭右线洞身素描记录表 55.pdf,FACE_SKETCH,INTERVAL,1017222.0,,弱风化
目前洞身处于设计的低高地 温带，当前洞内温度约28℃。 板理产状：N42°E/25°S。同时发育3组节理裂隙，产状如下： J1 ：N62°E/71°N，d=0.5~1m ，L= 20m，平直、光滑、微张、无充填； J2 ：N35°E/32°N，d=0.2~0.4m ，L=2~4m ，平直、光滑、密闭、无充填； J3 ：N44°E/55°N，d=0.2~0.4m ，L=3~6m ，平直、光滑、密闭、无充填。 综上所述，判定洞身围岩为Ⅴ级。 当前开挖段落见线状出水，已进入F37断层影响带，同时存在Ⅰ级软岩大变形， 目前处于设计的低高地温带，洞内温度约28℃，现场应实时测量洞内温度，做好人员、机具的防 护工作，如有高温异常，及时与建设各方联系。,5f3e2801e342656bca4966c6,5f3e2801e342656bca4966c6,False,,1017237.0,OBSERVED,FACE_OBSERVATION,5f3e2801e342656bca4966c6_e0001,DyK1017+237.00_伯舒拉岭右线洞身素描记录表 56.pdf,,25～125经常渗水,,,"[""当前开挖段落见线状出水，已进入F37断层影响带，同时存在Ⅰ级软岩大变形， 目前处于设计的低高地温带，洞内温度约28℃，现场应实时测量洞内温度，做好人员、机具的防 护工作，如有高温异常，及时与建设各方联系""]",FACE_POINT,False,里程：DyK1017+237 地质预报单位：川藏铁路隧道超前地质预报项目部洛隆分部,"[""建议：在开挖后及时对左右两侧边墙处松动的岩块进行处理，对局部岩体破碎、易掉块的位置应 提前支护， 防止掉块，如有异常及时上报，确保隧道施工和人员安全，避免设备受损和卡机。"", ""建议做好拱底防排 水及变形监测措施。""]",IN_SCOPE,,/Users/zhaoxiaoda/Library/CloudStorage/GoogleDrive-xiaodazhao0608@gmail.com/我的云端硬盘/TBM9/SKETCH/DyK1017+237.00_伯舒拉岭右线洞身素描记录表 56.pdf,FACE_SKETCH,POINT,1017237.0,线状出水,弱风化
伯舒拉岭隧道进口右线 DyK1017+237~DyK1017+267 段洞身推测岩性为压碎岩，原岩主要为板 岩，压碎结构，块状构造，节理发育，岩体破碎，石英脉体充填。,5f3e2801e342656bca4966c6,5f3e2801e342656bca4966c6,False,,1017267.0,FORECAST,FORECAST_SEGMENT,5f3e2801e342656bca4966c6_e0002,DyK1017+237.00_伯舒拉岭右线洞身素描记录表 56.pdf,,,节理发育,板岩,[],FORECAST_SEGMENT,False,DyK1017+237~DyK1017+267,[],IN_SCOPE,岩体破碎,/Users/zhaoxiaoda/Library/CloudStorage/GoogleDrive-xiaodazhao0608@gmail.com/我的云端硬盘/TBM9/SKETCH/DyK1017+237.00_伯舒拉岭右线洞身素描记录表 56.pdf,FACE_SKETCH,INTERVAL,1017237.0,,
目前洞身处于设计的低高地 温带，当前洞内温度约28℃。 板理产状：N45°E/23°S。同时发育3组节理裂隙，产状如下： J1 ：N61°E/68°N，d=0.5~1m ，L= 20m，平直、光滑、微张、无充填； J2 ：N32°E/34°N，d=0.2~0.4m ，L=2~4m ，平直、光滑、密闭、无充填； J3 ：N45°E/52°N，d=0.2~0.4m ，L=3~6m ，平直、光滑、密闭、无充填。 综上所述，判定洞身围岩为Ⅴ级。 当前开挖段落见线状出水，已进入F37断层影响带，同时存在Ⅰ级软岩大变形， 目前处于设计的低高地温带，洞内温度约28℃，现场应实时测量洞内温度，做好人员、机具的防 护工作，如有高温异常，及时与建设各方联系。,97df1854be67fffd716afda2,97df1854be67fffd716afda2,False,,1017267.0,OBSERVED,FACE_OBSERVATION,97df1854be67fffd716afda2_e0001,DyK1017+267.00_伯舒拉岭右线洞身素描记录表 57.pdf,,25～125经常渗水,,,"[""当前开挖段落见线状出水，已进入F37断层影响带，同时存在Ⅰ级软岩大变形， 目前处于设计的低高地温带，洞内温度约28℃，现场应实时测量洞内温度，做好人员、机具的防 护工作，如有高温异常，及时与建设各方联系""]",FACE_POINT,False,里程：DyK1017+267 地质预报单位：川藏铁路隧道超前地质预报项目部洛隆分部,"[""建议：在开挖后及时对左右两侧边墙处松动的岩块进行处理，对局部岩体破碎、易掉块的位置应 提前支护， 防止掉块，如有异常及时上报，确保隧道施工和人员安全，避免设备受损和卡机。"", ""建议做好拱底防排 水及变形监测措施。""]",IN_SCOPE,,/Users/zhaoxiaoda/Library/CloudStorage/GoogleDrive-xiaodazhao0608@gmail.com/我的云端硬盘/TBM9/SKETCH/DyK1017+267.00_伯舒拉岭右线洞身素描记录表 57.pdf,FACE_SKETCH,POINT,1017267.0,线状出水,弱风化
伯舒拉岭隧道进口右线 DyK1017+267~DyK1017+297 段洞身推测岩性为压碎岩，原岩主要为板 岩，压碎结构，块状构造，节理发育，岩体破碎，石英脉体充填。,97df1854be67fffd716afda2,97df1854be67fffd716afda2,False,,1017297.0,FORECAST,FORECAST_SEGMENT,97df1854be67fffd716afda2_e0002,DyK1017+267.00_伯舒拉岭右线洞身素描记录表 57.pdf,,,节理发育,板岩,[],FORECAST_SEGMENT,False,DyK1017+267~DyK1017+297,[],IN_SCOPE,岩体破碎,/Users/zhaoxiaoda/Library/CloudStorage/GoogleDrive-xiaodazhao0608@gmail.com/我的云端硬盘/TBM9/SKETCH/DyK1017+267.00_伯舒拉岭右线洞身素描记录表 57.pdf,FACE_SKETCH,INTERVAL,1017267.0,,
目前洞身处于设计的低高地温带，当前洞内温度约 2 8℃。 板理产状：N45°E/23°S。同时发育3组节理裂隙，产状如下： J1 ：N61°E/68°N，d=0.5~1m ，L= 20m，平直、光滑、微张、无充填； J2 ：N32°E/34°N，d=0.2~0.4m ，L=2~4m ，平直、光滑、密闭、无充填； J3 ：N45°E/52°N，d=0.2~0.4m ，L=3~6m ，平直、光滑、密闭、无充填。 综上所述，判定洞身围岩为Ⅴ级。 当前开挖段落见线状出水，已进入F37断层影响带，同时存在Ⅰ级软岩大变形， 目前处于设计的低高地温带，洞内温度约28℃，现场应实时测量洞内温度，做好人员、机具的防 护工作，如有高温异常，及时与建设各方联系。,8ef9c0ac2650a53aecb254e4,8ef9c0ac2650a53aecb254e4,False,,1017297.0,OBSERVED,FACE_OBSERVATION,8ef9c0ac2650a53aecb254e4_e0001,DyK1017+297.00_伯舒拉岭右线洞身素描记录表 58.pdf,,25～125经常渗水,,,"[""当前开挖段落见线状出水，已进入F37断层影响带，同时存在Ⅰ级软岩大变形， 目前处于设计的低高地温带，洞内温度约28℃，现场应实时测量洞内温度，做好人员、机具的防 护工作，如有高温异常，及时与建设各方联系""]",FACE_POINT,False,里程：DyK1017+297 地质预报单位：川藏铁路隧道超前地质预报项目部洛隆分部,"[""建议：在开挖后及时对左右两侧边墙处松动的岩块进行处理，对局部岩体破碎、易掉块的位置应 提前支护， 防止掉块，如有异常及时上报，确保隧道施工和人员安全，避免设备受损和卡机。"", ""建议做好拱底防排 水及变形监测措施。""]",IN_SCOPE,,/Users/zhaoxiaoda/Library/CloudStorage/GoogleDrive-xiaodazhao0608@gmail.com/我的云端硬盘/TBM9/SKETCH/DyK1017+297.00_伯舒拉岭右线洞身素描记录表 58.pdf,FACE_SKETCH,POINT,1017297.0,线状出水,弱风化
伯舒拉岭隧道进口右线 DyK1017+297~DyK1017+327 段洞身推测岩性为压碎岩，原岩主要为板 岩，压碎结构，块状构造，节理发育，岩体破碎，石英脉体充填。,8ef9c0ac2650a53aecb254e4,8ef9c0ac2650a53aecb254e4,False,,1017327.0,FORECAST,FORECAST_SEGMENT,8ef9c0ac2650a53aecb254e4_e0002,DyK1017+297.00_伯舒拉岭右线洞身素描记录表 58.pdf,,,节理发育,板岩,[],FORECAST_SEGMENT,False,DyK1017+297~DyK1017+327,[],IN_SCOPE,岩体破碎,/Users/zhaoxiaoda/Library/CloudStorage/GoogleDrive-xiaodazhao0608@gmail.com/我的云端硬盘/TBM9/SKETCH/DyK1017+297.00_伯舒拉岭右线洞身素描记录表 58.pdf,FACE_SKETCH,INTERVAL,1017297.0,,
目前洞 身处于设计的低高地温带，当前洞内温度约28℃。 板理产状：N45°E/23°S。同时发育3组节理裂隙，产状如下： J1 ：N61°E/68°N，d=0.5~1m ，L= 20m，平直、光滑、微张、无充填； J2 ：N32°E/34°N，d=0.2~0.4m ，L=2~4m ，平直、光滑、密闭、无充填； J3 ：N45°E/52°N，d=0.2~0.4m ，L=3~6m ，平直、光滑、密闭、无充填。 综上所述，判定洞身围岩为Ⅴ级。 当前开挖段落见线状出水，已进入F37断层影响带，同时存在Ⅰ级软岩大变形，前方存在Ⅱ~Ⅲ级 软岩大变形， 目前处于设计的低高地温带，洞内温度约28℃，现场应实时测量洞内温度，做好人员、机具的防 护工作，如有高温异常，及时与建设各方联系。,2ea9c36163b7b898b56093ff,2ea9c36163b7b898b56093ff,False,,1017317.0,OBSERVED,FACE_OBSERVATION,2ea9c36163b7b898b56093ff_e0001,DyK1017+317.00_伯舒拉岭右线洞身素描记录表 59.pdf,,25～125经常渗水,,,"[""当前开挖段落见线状出水，已进入F37断层影响带，同时存在Ⅰ级软岩大变形，前方存在Ⅱ~Ⅲ级 软岩大变形， 目前处于设计的低高地温带，洞内温度约28℃，现场应实时测量洞内温度，做好人员、机具的防 护工作，如有高温异常，及时与建设各方联系""]",FACE_POINT,False,里程：DyK1017+317 地质预报单位：川藏铁路隧道超前地质预报项目部洛隆分部,"[""建议：在开挖后及时对左右两侧边墙处松动的岩块进行处理，对局部岩体破碎、易掉块的位置应 提前支护， 防止掉块，如有异常及时上报，确保隧道施工和人员安全，避免设备受损和卡机。"", ""建议做好拱底防排水及变形监测措施。""]",IN_SCOPE,,/Users/zhaoxiaoda/Library/CloudStorage/GoogleDrive-xiaodazhao0608@gmail.com/我的云端硬盘/TBM9/SKETCH/DyK1017+317.00_伯舒拉岭右线洞身素描记录表 59.pdf,FACE_SKETCH,POINT,1017317.0,线状出水,弱风化
伯舒拉岭隧道进口右线 DyK1017+317~DyK1017+337 段洞身推测岩性为断层角砾、压碎岩，原岩 主要为板岩，压碎结构，块状构造，节理发育，岩体破碎，石英脉体充填，洞身将于 DyK1017+322 位置进入断层破碎带。,2ea9c36163b7b898b56093ff,2ea9c36163b7b898b56093ff,False,,1017337.0,FORECAST,FORECAST_SEGMENT,2ea9c36163b7b898b56093ff_e0002,DyK1017+317.00_伯舒拉岭右线洞身素描记录表 59.pdf,,,节理发育,板岩,[],FORECAST_SEGMENT,False,DyK1017+317~DyK1017+337,[],IN_SCOPE,岩体破碎,/Users/zhaoxiaoda/Library/CloudStorage/GoogleDrive-xiaodazhao0608@gmail.com/我的云端硬盘/TBM9/SKETCH/DyK1017+317.00_伯舒拉岭右线洞身素描记录表 59.pdf,FACE_SKETCH,INTERVAL,1017317.0,,
目前 洞身处于设计的低高地温带，当前洞内温度约28℃。 板理产状：N41°E/25°S。同时发育3组节理裂隙，产状如下： J1 ：N58°E/61°N，d=0.5~1m ，L= 20m，平直、光滑、微张、无充填； J2 ：N33°E/35°N，d=0.2~0.4m ，L=2~4m ，平直、光滑、密闭、无充填； J3 ：N42°E/51°N，d=0.2~0.4m ，L=3~6m ，平直、光滑、密闭、无充填。 综上所述，判定洞身围岩为Ⅴ级。 当前开挖段落见线状出水，已进入F37断层破碎带，同时存在Ⅰ级软岩大变形，前方存在Ⅱ~Ⅲ级 软岩大变形， 目前处于设计的低高地温带，洞内温度约28℃，现场应实时测量洞内温度，做好人员、机具的防 护工作，如有高温异常，及时与建设各方联系。,0317527187ad49cb220a0053,0317527187ad49cb220a0053,False,,1017327.0,OBSERVED,FACE_OBSERVATION,0317527187ad49cb220a0053_e0001,DyK1017+327.00_伯舒拉岭右线洞身素描记录表 60.pdf,,25～125经常渗水,,,"[""当前开挖段落见线状出水，已进入F37断层破碎带，同时存在Ⅰ级软岩大变形，前方存在Ⅱ~Ⅲ级 软岩大变形， 目前处于设计的低高地温带，洞内温度约28℃，现场应实时测量洞内温度，做好人员、机具的防 护工作，如有高温异常，及时与建设各方联系""]",FACE_POINT,False,里程：DyK1017+327 地质预报单位：川藏铁路隧道超前地质预报项目部洛隆分部,"[""建议：在开挖后及时对左右两侧边墙处松动的岩块进行处理，对局部岩体破碎、易掉块的位置应 提前支护， 防止掉块，如有异常及时上报，确保隧道施工和人员安全，避免设备受损和卡机。"", ""建议做好拱底防排水及变形监测措施。""]",IN_SCOPE,,/Users/zhaoxiaoda/Library/CloudStorage/GoogleDrive-xiaodazhao0608@gmail.com/我的云端硬盘/TBM9/SKETCH/DyK1017+327.00_伯舒拉岭右线洞身素描记录表 60.pdf,FACE_SKETCH,POINT,1017327.0,线状出水,弱风化
伯舒拉岭隧道进口右线 DyK1017+327~DyK1017+347 段洞身推测岩性为断层角砾、压碎岩，原岩 主要为板岩，压碎结构，块状构造，节理发育，岩体破碎，石英脉体充填，洞身已于 DyK1017+322 位置进入断层破碎带。,0317527187ad49cb220a0053,0317527187ad49cb220a0053,False,,1017347.0,FORECAST,FORECAST_SEGMENT,0317527187ad49cb220a0053_e0002,DyK1017+327.00_伯舒拉岭右线洞身素描记录表 60.pdf,,,节理发育,板岩,[],FORECAST_SEGMENT,False,DyK1017+327~DyK1017+347,[],IN_SCOPE,岩体破碎,/Users/zhaoxiaoda/Library/CloudStorage/GoogleDrive-xiaodazhao0608@gmail.com/我的云端硬盘/TBM9/SKETCH/DyK1017+327.00_伯舒拉岭右线洞身素描记录表 60.pdf,FACE_SKETCH,INTERVAL,1017327.0,,
目前 洞身处于设计的低高地温带，当前洞内温度约28℃。 板理产状：N41°E/25°S。同时发育3组节理裂隙，产状如下： J1 ：N58°E/61°N，d=0.5~1m ，L= 20m，平直、光滑、微张、无充填； J2 ：N33°E/35°N，d=0.2~0.4m ，L=2~4m ，平直、光滑、密闭、无充填； J3 ：N42°E/51°N，d=0.2~0.4m ，L=3~6m ，平直、光滑、密闭、无充填。 综上所述，判定洞身围岩为Ⅴ级。 当前开挖段落见线状出水，已进入F37断层破碎带，同时存在Ⅰ级软岩大变形，前方存在Ⅱ~Ⅲ级 软岩大变形， 目前处于设计的低高地温带，洞内温度约28℃，现场应实时测量洞内温度，做好人员、机具的防 护工作，如有高温异常，及时与建设各方联系。,5581e652c2789cbf0e6c1551,5581e652c2789cbf0e6c1551,False,,1017347.0,OBSERVED,FACE_OBSERVATION,5581e652c2789cbf0e6c1551_e0001,DyK1017+347.00_伯舒拉岭右线洞身素描记录表 61.pdf,,25～125经常渗水,,,"[""当前开挖段落见线状出水，已进入F37断层破碎带，同时存在Ⅰ级软岩大变形，前方存在Ⅱ~Ⅲ级 软岩大变形， 目前处于设计的低高地温带，洞内温度约28℃，现场应实时测量洞内温度，做好人员、机具的防 护工作，如有高温异常，及时与建设各方联系""]",FACE_POINT,False,里程：DyK1017+347 地质预报单位：川藏铁路隧道超前地质预报项目部洛隆分部,"[""建议：在开挖后及时对左右两侧边墙处松动的岩块进行处理，对局部岩体破碎、易掉块的位置应 提前支护， 防止掉块，如有异常及时上报，确保隧道施工和人员安全，避免设备受损和卡机。"", ""建议做好拱底防排水及变形监测措施。""]",IN_SCOPE,,/Users/zhaoxiaoda/Library/CloudStorage/GoogleDrive-xiaodazhao0608@gmail.com/我的云端硬盘/TBM9/SKETCH/DyK1017+347.00_伯舒拉岭右线洞身素描记录表 61.pdf,FACE_SKETCH,POINT,1017347.0,线状出水,弱风化
伯舒拉岭隧道进口右线 DyK1017+347~DyK1017+357 段洞身推测岩性为断层角砾、压碎岩，原岩 主要为板岩，压碎结构，块状构造，节理发育，岩体破碎，石英脉体充填，洞身已于 DyK1017+322 位置进入断层破碎带。,5581e652c2789cbf0e6c1551,5581e652c2789cbf0e6c1551,False,,1017357.0,FORECAST,FORECAST_SEGMENT,5581e652c2789cbf0e6c1551_e0002,DyK1017+347.00_伯舒拉岭右线洞身素描记录表 61.pdf,,,节理发育,板岩,[],FORECAST_SEGMENT,False,DyK1017+347~DyK1017+357,[],IN_SCOPE,岩体破碎,/Users/zhaoxiaoda/Library/CloudStorage/GoogleDrive-xiaodazhao0608@gmail.com/我的云端硬盘/TBM9/SKETCH/DyK1017+347.00_伯舒拉岭右线洞身素描记录表 61.pdf,FACE_SKETCH,INTERVAL,1017347.0,,
目前洞身处于设计 的低高地温带，当前洞内温度约28℃。 板理产状：N41°E/25°S。同时发育3组节理裂隙，产状如下： J1 ：N58°E/61°N，d=0.5~1m ，L= 20m，平直、光滑、微张、无充填； J2 ：N33°E/35°N，d=0.2~0.4m ，L=2~4m ，平直、光滑、密闭、无充填； J3 ：N42°E/51°N，d=0.2~0.4m ，L=3~6m ，平直、光滑、密闭、无充填。 综上所述，判定洞身围岩为Ⅴ级。 当前开挖段落见线状出水，已进入F37断层破碎带，同时存在Ⅰ级软岩大变形，前方存在Ⅱ~Ⅲ级 软岩大变形， 目前处于设计的低高地温带，洞内温度约28℃，现场应实时测量洞内温度，做好人员、机具的防 护工作，如有高温异常，及时与建设各方联系。,84699b164857fac21e93e346,84699b164857fac21e93e346,False,,1017357.0,OBSERVED,FACE_OBSERVATION,84699b164857fac21e93e346_e0001,DyK1017+357.00_伯舒拉岭右线洞身素描记录表 62.pdf,,25～125经常渗水,,,"[""当前开挖段落见线状出水，已进入F37断层破碎带，同时存在Ⅰ级软岩大变形，前方存在Ⅱ~Ⅲ级 软岩大变形， 目前处于设计的低高地温带，洞内温度约28℃，现场应实时测量洞内温度，做好人员、机具的防 护工作，如有高温异常，及时与建设各方联系""]",FACE_POINT,False,里程：DyK1017+357 地质预报单位：川藏铁路隧道超前地质预报项目部洛隆分部,"[""建议：在开挖后及时对左右两侧边墙处松动的岩块进行处理，对局部岩体破碎、易掉块的位置应 提前支护， 防止掉块，如有异常及时上报，确保隧道施工和人员安全，避免设备受损和卡机。"", ""建议做好拱底防排水及变形监测措施。""]",IN_SCOPE,,/Users/zhaoxiaoda/Library/CloudStorage/GoogleDrive-xiaodazhao0608@gmail.com/我的云端硬盘/TBM9/SKETCH/DyK1017+357.00_伯舒拉岭右线洞身素描记录表 62.pdf,FACE_SKETCH,POINT,1017357.0,线状出水,弱风化
伯舒拉岭隧道进口右线 DyK1017+357~DyK1017+367 段洞身推测岩性为断层角砾、压碎岩，原岩 主要为板岩，压碎结构，块状构造，节理发育，岩体破碎，石英脉体充填，洞身已于 DyK1017+322 位置进入断层破碎带。,84699b164857fac21e93e346,84699b164857fac21e93e346,False,,1017367.0,FORECAST,FORECAST_SEGMENT,84699b164857fac21e93e346_e0002,DyK1017+357.00_伯舒拉岭右线洞身素描记录表 62.pdf,,,节理发育,板岩,[],FORECAST_SEGMENT,False,DyK1017+357~DyK1017+367,[],IN_SCOPE,岩体破碎,/Users/zhaoxiaoda/Library/CloudStorage/GoogleDrive-xiaodazhao0608@gmail.com/我的云端硬盘/TBM9/SKETCH/DyK1017+357.00_伯舒拉岭右线洞身素描记录表 62.pdf,FACE_SKETCH,INTERVAL,1017357.0,,
目前洞身处于设计的低高地 温带，当前洞内温度约28℃。 板理产状：N42°E/31°S。同时发育3组节理裂隙，产状如下： J1 ：N51°E/60°N，d=0.5~1m ，L= 20m，平直、光滑、微张、无充填； J2 ：N33°E/32°N，d=0.2~0.4m ，L=2~4m ，平直、光滑、密闭、无充填； J3 ：N45°E/55°N，d=0.2~0.4m ，L=3~6m ，平直、光滑、密闭、无充填。 综上所述，判定洞身围岩为Ⅴ级。 当前开挖段落见线状出水，已进入F37断层破碎带，同时存在Ⅰ级软岩大变形，前方存在Ⅱ~Ⅲ级 软岩大变形， 目前处于设计的低高地温带，洞内温度约28℃，现场应实时测量洞内温度，做好人员、机具的防 护工作，如有高温异常，及时与建设各方联系。,cb110d511a48341115a6270d,cb110d511a48341115a6270d,False,,1017377.0,OBSERVED,FACE_OBSERVATION,cb110d511a48341115a6270d_e0001,DyK1017+377.00_伯舒拉岭右线洞身素描记录表 64.pdf,,25～125经常渗水,,,"[""当前开挖段落见线状出水，已进入F37断层破碎带，同时存在Ⅰ级软岩大变形，前方存在Ⅱ~Ⅲ级 软岩大变形， 目前处于设计的低高地温带，洞内温度约28℃，现场应实时测量洞内温度，做好人员、机具的防 护工作，如有高温异常，及时与建设各方联系""]",FACE_POINT,False,里程：DyK1017+377 地质预报单位：川藏铁路隧道超前地质预报项目部洛隆分部,"[""建议：在开挖后及时对左右两侧边墙处松动的岩块进行处理，对局部岩体破碎、易掉块的位置应 提前支护， 防止掉块，如有异常及时上报，确保隧道施工和人员安全，避免设备受损和卡机。"", ""建议做好拱底防排水及变形监测措施。""]",IN_SCOPE,,/Users/zhaoxiaoda/Library/CloudStorage/GoogleDrive-xiaodazhao0608@gmail.com/我的云端硬盘/TBM9/SKETCH/DyK1017+377.00_伯舒拉岭右线洞身素描记录表 64.pdf,FACE_SKETCH,POINT,1017377.0,线状出水,弱风化
伯舒拉岭隧道进口右线 DyK1017+377~DyK1017+387 段洞身推测岩性为断层角砾，夹少量断层 泥，原岩主要为板岩，压碎结构，砾状构造，节理极为发育，岩体极为破碎，洞身已于 DyK1017+3 22 位置进入断层破碎带。,cb110d511a48341115a6270d,cb110d511a48341115a6270d,False,,1017387.0,FORECAST,FORECAST_SEGMENT,cb110d511a48341115a6270d_e0002,DyK1017+377.00_伯舒拉岭右线洞身素描记录表 64.pdf,,,,板岩,[],FORECAST_SEGMENT,False,DyK1017+377~DyK1017+387,[],IN_SCOPE,,/Users/zhaoxiaoda/Library/CloudStorage/GoogleDrive-xiaodazhao0608@gmail.com/我的云端硬盘/TBM9/SKETCH/DyK1017+377.00_伯舒拉岭右线洞身素描记录表 64.pdf,FACE_SKETCH,INTERVAL,1017377.0,,
目前洞身处于设计的低高地 温带，当前洞内温度约28℃。 板理产状：N42°E/31°S。同时发育3组节理裂隙，产状如下： J1 ：N51°E/60°N，d=0.5~1m ，L= 20m，平直、光滑、微张、无充填； J2 ：N33°E/32°N，d=0.2~0.4m ，L=2~4m ，平直、光滑、密闭、无充填； J3 ：N45°E/55°N，d=0.2~0.4m ，L=3~6m ，平直、光滑、密闭、无充填。 综上所述，判定洞身围岩为Ⅴ级。 当前开挖段落见线状出水，已进入F37断层破碎带，同时存在Ⅱ级软岩大变形，前方存在Ⅱ~Ⅲ级 软岩大变形， 目前处于设计的低高地温带，洞内温度约28℃，现场应实时测量洞内温度，做好人员、机具的防 护工作，如有高温异常，及时与建设各方联系。,b2a13700b7fc4b9e74a27578,b2a13700b7fc4b9e74a27578,False,,1017387.0,OBSERVED,FACE_OBSERVATION,b2a13700b7fc4b9e74a27578_e0001,DyK1017+387.00_伯舒拉岭右线洞身素描记录表 65.pdf,,25～125经常渗水,,,"[""当前开挖段落见线状出水，已进入F37断层破碎带，同时存在Ⅱ级软岩大变形，前方存在Ⅱ~Ⅲ级 软岩大变形， 目前处于设计的低高地温带，洞内温度约28℃，现场应实时测量洞内温度，做好人员、机具的防 护工作，如有高温异常，及时与建设各方联系""]",FACE_POINT,False,里程：DyK1017+387 地质预报单位：川藏铁路隧道超前地质预报项目部洛隆分部,"[""建议：在开挖后及时对左右两侧边墙处松动的岩块进行处理，对局部岩体破碎、易掉块的位置应 提前支护， 防止掉块，如有异常及时上报，确保隧道施工和人员安全，避免设备受损和卡机。"", ""建议做好拱底防排水及变形监测措施。""]",IN_SCOPE,,/Users/zhaoxiaoda/Library/CloudStorage/GoogleDrive-xiaodazhao0608@gmail.com/我的云端硬盘/TBM9/SKETCH/DyK1017+387.00_伯舒拉岭右线洞身素描记录表 65.pdf,FACE_SKETCH,POINT,1017387.0,线状出水,弱风化
伯舒拉岭隧道进口右线 DyK1017+387~DyK1017+397 段洞身推测岩性为断层角砾，夹少量断层 泥，原岩主要为板岩，碎裂结构，砾状构造，节理极为发育，岩体极为破碎，洞身已于 DyK1017+3 22 位置进入断层破碎带。,b2a13700b7fc4b9e74a27578,b2a13700b7fc4b9e74a27578,False,,1017397.0,FORECAST,FORECAST_SEGMENT,b2a13700b7fc4b9e74a27578_e0002,DyK1017+387.00_伯舒拉岭右线洞身素描记录表 65.pdf,,,,板岩,[],FORECAST_SEGMENT,False,DyK1017+387~DyK1017+397,[],IN_SCOPE,,/Users/zhaoxiaoda/Library/CloudStorage/GoogleDrive-xiaodazhao0608@gmail.com/我的云端硬盘/TBM9/SKETCH/DyK1017+387.00_伯舒拉岭右线洞身素描记录表 65.pdf,FACE_SKETCH,INTERVAL,1017387.0,,
目前洞身处于设计的低高地 温带，当前洞内温度约28℃。 板理产状：N42°E/31°S。同时发育3组节理裂隙，产状如下： J1 ：N51°E/60°N，d=0.5~1m ，L= 20m，平直、光滑、微张、无充填； J2 ：N33°E/32°N，d=0.2~0.4m ，L=2~4m ，平直、光滑、密闭、无充填； J3 ：N45°E/55°N，d=0.2~0.4m ，L=3~6m ，平直、光滑、密闭、无充填。 综上所述，判定洞身围岩为Ⅴ级。 当前开挖段落见线状出水，已进入F37断层破碎带，同时存在Ⅱ级软岩大变形，前方存在Ⅱ~Ⅲ级 软岩大变形， 目前处于设计的低高地温带，洞内温度约28℃，现场应实时测量洞内温度，做好人员、机具的防 护工作，如有高温异常，及时与建设各方联系。,f979e6cf61672e4caf94aa65,f979e6cf61672e4caf94aa65,False,,1017397.0,OBSERVED,FACE_OBSERVATION,f979e6cf61672e4caf94aa65_e0001,DyK1017+397.00_伯舒拉岭右线洞身素描记录表 66.pdf,,25～125经常渗水,,,"[""当前开挖段落见线状出水，已进入F37断层破碎带，同时存在Ⅱ级软岩大变形，前方存在Ⅱ~Ⅲ级 软岩大变形， 目前处于设计的低高地温带，洞内温度约28℃，现场应实时测量洞内温度，做好人员、机具的防 护工作，如有高温异常，及时与建设各方联系""]",FACE_POINT,False,里程：DyK1017+397 地质预报单位：川藏铁路隧道超前地质预报项目部洛隆分部,"[""建议：在开挖后及时对左右两侧边墙处松动的岩块进行处理，对局部岩体破碎、易掉块的位置应 提前支护， 防止掉块，如有异常及时上报，确保隧道施工和人员安全，避免设备受损和卡机。"", ""建议做好拱底防排水及变形监测措施。""]",IN_SCOPE,,/Users/zhaoxiaoda/Library/CloudStorage/GoogleDrive-xiaodazhao0608@gmail.com/我的云端硬盘/TBM9/SKETCH/DyK1017+397.00_伯舒拉岭右线洞身素描记录表 66.pdf,FACE_SKETCH,POINT,1017397.0,线状出水,弱风化
伯舒拉岭隧道进口右线 DyK1017+397~DyK1017+407 段洞身推测岩性为断层角砾，夹少量断层 泥，原岩主要为板岩，碎裂结构，砾状构造，节理极为发育，岩体极为破碎，洞身已于 DyK1017+3 22 位置进入断层破碎带。,f979e6cf61672e4caf94aa65,f979e6cf61672e4caf94aa65,False,,1017407.0,FORECAST,FORECAST_SEGMENT,f979e6cf61672e4caf94aa65_e0002,DyK1017+397.00_伯舒拉岭右线洞身素描记录表 66.pdf,,,,板岩,[],FORECAST_SEGMENT,False,DyK1017+397~DyK1017+407,[],IN_SCOPE,,/Users/zhaoxiaoda/Library/CloudStorage/GoogleDrive-xiaodazhao0608@gmail.com/我的云端硬盘/TBM9/SKETCH/DyK1017+397.00_伯舒拉岭右线洞身素描记录表 66.pdf,FACE_SKETCH,INTERVAL,1017397.0,,
目前洞身处于设计的低 高地温带，当前洞内温度约28℃。 板理产状：N42°E/31°S。同时发育3组节理裂隙，产状如下： J1 ：N51°E/60°N，d=0.5~1m ，L= 20m，平直、光滑、微张、无充填； J2 ：N33°E/32°N，d=0.2~0.4m ，L=2~4m ，平直、光滑、密闭、无充填； J3 ：N45°E/55°N，d=0.2~0.4m ，L=3~6m ，平直、光滑、密闭、无充填。 综上所述，判定洞身围岩为Ⅴ级。 当前开挖段落见线状出水，已进入F37断层破碎带，同时存在Ⅱ级软岩大变形，前方存在Ⅱ~Ⅲ级 软岩大变形， 目前处于设计的低高地温带，洞内温度约28℃，现场应实时测量洞内温度，做好人员、机具的防 护工作，如有高温异常，及时与建设各方联系。,7eedb3382993e018f1353ec8,7eedb3382993e018f1353ec8,False,,1017407.0,OBSERVED,FACE_OBSERVATION,7eedb3382993e018f1353ec8_e0001,DyK1017+407.00_伯舒拉岭右线洞身素描记录表 67.pdf,,25～125经常渗水,,,"[""当前开挖段落见线状出水，已进入F37断层破碎带，同时存在Ⅱ级软岩大变形，前方存在Ⅱ~Ⅲ级 软岩大变形， 目前处于设计的低高地温带，洞内温度约28℃，现场应实时测量洞内温度，做好人员、机具的防 护工作，如有高温异常，及时与建设各方联系""]",FACE_POINT,False,里程：DyK1017+407 地质预报单位：川藏铁路隧道超前地质预报项目部洛隆分部,"[""建议：在开挖后及时对左右两侧边墙处松动的岩块进行处理，对局部岩体破碎、易掉块的位置应 提前支护， 防止掉块，如有异常及时上报，确保隧道施工和人员安全，避免设备受损和卡机。"", ""建议做好拱底防排水及变形监测措施。""]",IN_SCOPE,,/Users/zhaoxiaoda/Library/CloudStorage/GoogleDrive-xiaodazhao0608@gmail.com/我的云端硬盘/TBM9/SKETCH/DyK1017+407.00_伯舒拉岭右线洞身素描记录表 67.pdf,FACE_SKETCH,POINT,1017407.0,线状出水,弱风化
伯舒拉岭隧道进口右线 DyK1017+407~DyK1017+417 段洞身推测岩性为压碎岩、断层角砾，夹少 量断层泥，原岩主要为板岩，碎裂结构，砾状构造，节理极为发育，岩体极为破碎，洞身已于 DyK 1017+322 位置进入断层破碎带。,7eedb3382993e018f1353ec8,7eedb3382993e018f1353ec8,False,,1017417.0,FORECAST,FORECAST_SEGMENT,7eedb3382993e018f1353ec8_e0002,DyK1017+407.00_伯舒拉岭右线洞身素描记录表 67.pdf,,,,板岩,[],FORECAST_SEGMENT,False,DyK1017+407~DyK1017+417,[],IN_SCOPE,,/Users/zhaoxiaoda/Library/CloudStorage/GoogleDrive-xiaodazhao0608@gmail.com/我的云端硬盘/TBM9/SKETCH/DyK1017+407.00_伯舒拉岭右线洞身素描记录表 67.pdf,FACE_SKETCH,INTERVAL,1017407.0,,
目前洞身处于设计的低 高地温带，当前洞内温度约28℃。 板理产状：N42°E/31°S。同时发育3组节理裂隙，产状如下： J1 ：N51°E/60°N，d=0.5~1m ，L= 20m，平直、光滑、微张、无充填； J2 ：N33°E/32°N，d=0.2~0.4m ，L=2~4m ，平直、光滑、密闭、无充填； J3 ：N45°E/55°N，d=0.2~0.4m ，L=3~6m ，平直、光滑、密闭、无充填。 综上所述，判定洞身围岩为Ⅴ级。 当前开挖段落见线状出水，已进入F37断层破碎带，同时存在Ⅰ级软岩大变形，前方存在Ⅱ~Ⅲ级 软岩大变形， 目前处于设计的低高地温带，洞内温度约28℃，现场应实时测量洞内温度，做好人员、机具的防 护工作，如有高温异常，及时与建设各方联系。,2860b5fa1af40742233210de,2860b5fa1af40742233210de,False,,1017417.0,OBSERVED,FACE_OBSERVATION,2860b5fa1af40742233210de_e0001,DyK1017+417.00_伯舒拉岭右线洞身素描记录表 68.pdf,,25～125经常渗水,,,"[""当前开挖段落见线状出水，已进入F37断层破碎带，同时存在Ⅰ级软岩大变形，前方存在Ⅱ~Ⅲ级 软岩大变形， 目前处于设计的低高地温带，洞内温度约28℃，现场应实时测量洞内温度，做好人员、机具的防 护工作，如有高温异常，及时与建设各方联系""]",FACE_POINT,False,里程：DyK1017+417 地质预报单位：川藏铁路隧道超前地质预报项目部洛隆分部,"[""建议：在开挖后及时对左右两侧边墙处松动的岩块进行处理，对局部岩体破碎、易掉块的位置应 提前支护， 防止掉块，如有异常及时上报，确保隧道施工和人员安全，避免设备受损和卡机。"", ""建议做好拱底防排水及变形监测措施。""]",IN_SCOPE,,/Users/zhaoxiaoda/Library/CloudStorage/GoogleDrive-xiaodazhao0608@gmail.com/我的云端硬盘/TBM9/SKETCH/DyK1017+417.00_伯舒拉岭右线洞身素描记录表 68.pdf,FACE_SKETCH,POINT,1017417.0,线状出水,弱风化
伯舒拉岭隧道进口右线 DyK1017+417~DyK1017+427 段洞身推测岩性为压碎岩、断层角砾，夹少 量断层泥，原岩主要为板岩，碎裂结构，砾状构造，节理极为发育，岩体极为破碎，洞身已于 DyK 1017+322 位置进入断层破碎带。,2860b5fa1af40742233210de,2860b5fa1af40742233210de,False,,1017427.0,FORECAST,FORECAST_SEGMENT,2860b5fa1af40742233210de_e0002,DyK1017+417.00_伯舒拉岭右线洞身素描记录表 68.pdf,,,,板岩,[],FORECAST_SEGMENT,False,DyK1017+417~DyK1017+427,[],IN_SCOPE,,/Users/zhaoxiaoda/Library/CloudStorage/GoogleDrive-xiaodazhao0608@gmail.com/我的云端硬盘/TBM9/SKETCH/DyK1017+417.00_伯舒拉岭右线洞身素描记录表 68.pdf,FACE_SKETCH,INTERVAL,1017417.0,,
