anomaly_level,anomaly_raw_text,asset_id,canonical_asset_id,cross_km,duplicate_of_asset_id,evidence_uid,filename,page_count,range_end,range_start,raw_range,research_scope,risk_hint,risk_point_count,risk_points,source_path,source_type,suggested_grade
NONE,该段未见明显反射异常,56a4057acb6bbfd5196d07a6,56a4057acb6bbfd5196d07a6,False,,doc_56a4057acb6bbfd5196d07a6_e0002,DyK1013+190.20_伯舒拉岭隧道进口右线水平声波剖面法超前地质预报报告(DyK1013+190.2～DyK1013+290.2)-20230914.pdf,12,1013224.0,1013190.2,DyK1013+190.2 ~ DyK1013+224,IN_SCOPE,,0,[],/Users/zhaoxiaoda/Library/CloudStorage/GoogleDrive-xiaodazhao0608@gmail.com/我的云端硬盘/TBM9/HSP/DyK1013+190.20_伯舒拉岭隧道进口右线水平声波剖面法超前地质预报报告(DyK1013+190.2～DyK1013+290.2)-20230914.pdf,SONIC_FORECAST,Ⅴ级
MODERATE,该段存在较明显反射异常,56a4057acb6bbfd5196d07a6,56a4057acb6bbfd5196d07a6,False,,doc_56a4057acb6bbfd5196d07a6_e0003,DyK1013+190.20_伯舒拉岭隧道进口右线水平声波剖面法超前地质预报报告(DyK1013+190.2～DyK1013+290.2)-20230914.pdf,12,1013238.0,1013224.0,DyK1013+224 ~ DyK1013+238,IN_SCOPE,里程+224、 +232 附近有 掉块风险,2,"[1013224.0, 1013232.0]",/Users/zhaoxiaoda/Library/CloudStorage/GoogleDrive-xiaodazhao0608@gmail.com/我的云端硬盘/TBM9/HSP/DyK1013+190.20_伯舒拉岭隧道进口右线水平声波剖面法超前地质预报报告(DyK1013+190.2～DyK1013+290.2)-20230914.pdf,SONIC_FORECAST,Ⅴ级
NONE,该段未见明显反射异常,56a4057acb6bbfd5196d07a6,56a4057acb6bbfd5196d07a6,False,,doc_56a4057acb6bbfd5196d07a6_e0004,DyK1013+190.20_伯舒拉岭隧道进口右线水平声波剖面法超前地质预报报告(DyK1013+190.2～DyK1013+290.2)-20230914.pdf,12,1013265.0,1013238.0,DyK1013+238 ~ DyK1013+265,IN_SCOPE,,0,[],/Users/zhaoxiaoda/Library/CloudStorage/GoogleDrive-xiaodazhao0608@gmail.com/我的云端硬盘/TBM9/HSP/DyK1013+190.20_伯舒拉岭隧道进口右线水平声波剖面法超前地质预报报告(DyK1013+190.2～DyK1013+290.2)-20230914.pdf,SONIC_FORECAST,Ⅴ级
HIGH,该段存在明显反射异常,56a4057acb6bbfd5196d07a6,56a4057acb6bbfd5196d07a6,False,,doc_56a4057acb6bbfd5196d07a6_e0005,DyK1013+190.20_伯舒拉岭隧道进口右线水平声波剖面法超前地质预报报告(DyK1013+190.2～DyK1013+290.2)-20230914.pdf,12,1013290.2,1013265.0,DyK1013+265 ~ DyK1013+290.2,IN_SCOPE,里程+265、 +273、+282 附近有掉块 风险,3,"[1013265.0, 1013273.0, 1013282.0]",/Users/zhaoxiaoda/Library/CloudStorage/GoogleDrive-xiaodazhao0608@gmail.com/我的云端硬盘/TBM9/HSP/DyK1013+190.20_伯舒拉岭隧道进口右线水平声波剖面法超前地质预报报告(DyK1013+190.2～DyK1013+290.2)-20230914.pdf,SONIC_FORECAST,Ⅴ级
NONE,该段未见明显反射异常,042ef22be43ba006975946e2,042ef22be43ba006975946e2,False,,doc_042ef22be43ba006975946e2_e0002,DyK1013+273.00_伯舒拉岭隧道进口右线水平声波剖面法超前地质预报报告(DyK1013+273～DyK1013+373)-20230923.pdf,12,1013320.0,1013273.0,DyK1013+273 ~ DyK1013+320,IN_SCOPE,,0,[],/Users/zhaoxiaoda/Library/CloudStorage/GoogleDrive-xiaodazhao0608@gmail.com/我的云端硬盘/TBM9/HSP/DyK1013+273.00_伯舒拉岭隧道进口右线水平声波剖面法超前地质预报报告(DyK1013+273～DyK1013+373)-20230923.pdf,SONIC_FORECAST,Ⅳ级
MODERATE,该段存在较明显反射异常,042ef22be43ba006975946e2,042ef22be43ba006975946e2,False,,doc_042ef22be43ba006975946e2_e0003,DyK1013+273.00_伯舒拉岭隧道进口右线水平声波剖面法超前地质预报报告(DyK1013+273～DyK1013+373)-20230923.pdf,12,1013340.0,1013320.0,DyK1013+320 ~ DyK1013+340,IN_SCOPE,里程+321、 +327、+339 附近有掉块 风险,3,"[1013321.0, 1013327.0, 1013339.0]",/Users/zhaoxiaoda/Library/CloudStorage/GoogleDrive-xiaodazhao0608@gmail.com/我的云端硬盘/TBM9/HSP/DyK1013+273.00_伯舒拉岭隧道进口右线水平声波剖面法超前地质预报报告(DyK1013+273～DyK1013+373)-20230923.pdf,SONIC_FORECAST,Ⅴ级
NONE,该段未见明显反射异常,042ef22be43ba006975946e2,042ef22be43ba006975946e2,False,,doc_042ef22be43ba006975946e2_e0004,DyK1013+273.00_伯舒拉岭隧道进口右线水平声波剖面法超前地质预报报告(DyK1013+273～DyK1013+373)-20230923.pdf,12,1013352.0,1013340.0,DyK1013+340 ~ DyK1013+352,IN_SCOPE,,0,[],/Users/zhaoxiaoda/Library/CloudStorage/GoogleDrive-xiaodazhao0608@gmail.com/我的云端硬盘/TBM9/HSP/DyK1013+273.00_伯舒拉岭隧道进口右线水平声波剖面法超前地质预报报告(DyK1013+273～DyK1013+373)-20230923.pdf,SONIC_FORECAST,Ⅳ级
MODERATE,该段存在较明显反射异常,042ef22be43ba006975946e2,042ef22be43ba006975946e2,False,,doc_042ef22be43ba006975946e2_e0005,DyK1013+273.00_伯舒拉岭隧道进口右线水平声波剖面法超前地质预报报告(DyK1013+273～DyK1013+373)-20230923.pdf,12,1013373.0,1013352.0,DyK1013+352 ~ DyK1013+373,IN_SCOPE,里程+355、 +363、+370 附近有掉块 风险,3,"[1013355.0, 1013363.0, 1013370.0]",/Users/zhaoxiaoda/Library/CloudStorage/GoogleDrive-xiaodazhao0608@gmail.com/我的云端硬盘/TBM9/HSP/DyK1013+273.00_伯舒拉岭隧道进口右线水平声波剖面法超前地质预报报告(DyK1013+273～DyK1013+373)-20230923.pdf,SONIC_FORECAST,Ⅴ级
NONE,该段未见明显反射异常,d1c24a2c5d644ba47f3ef2ec,d1c24a2c5d644ba47f3ef2ec,False,,doc_d1c24a2c5d644ba47f3ef2ec_e0002,DyK1013+445.00_伯舒拉岭隧道进口右线水平声波剖面法超前地质预报报告(DyK1013+445～DyK1013+545)-20231006.pdf,12,1013455.0,1013445.0,DyK1013+445 ~ DyK1013+455,IN_SCOPE,,0,[],/Users/zhaoxiaoda/Library/CloudStorage/GoogleDrive-xiaodazhao0608@gmail.com/我的云端硬盘/TBM9/HSP/DyK1013+445.00_伯舒拉岭隧道进口右线水平声波剖面法超前地质预报报告(DyK1013+445～DyK1013+545)-20231006.pdf,SONIC_FORECAST,Ⅳ级
LOW,该段存在弱反射异常,d1c24a2c5d644ba47f3ef2ec,d1c24a2c5d644ba47f3ef2ec,False,,doc_d1c24a2c5d644ba47f3ef2ec_e0003,DyK1013+445.00_伯舒拉岭隧道进口右线水平声波剖面法超前地质预报报告(DyK1013+445～DyK1013+545)-20231006.pdf,12,1013466.0,1013455.0,DyK1013+455 ~ DyK1013+466,IN_SCOPE,里程+455、 +462 附近有 掉块风险,2,"[1013455.0, 1013462.0]",/Users/zhaoxiaoda/Library/CloudStorage/GoogleDrive-xiaodazhao0608@gmail.com/我的云端硬盘/TBM9/HSP/DyK1013+445.00_伯舒拉岭隧道进口右线水平声波剖面法超前地质预报报告(DyK1013+445～DyK1013+545)-20231006.pdf,SONIC_FORECAST,Ⅳ级
NONE,该段未见明显反射异常,d1c24a2c5d644ba47f3ef2ec,d1c24a2c5d644ba47f3ef2ec,False,,doc_d1c24a2c5d644ba47f3ef2ec_e0004,DyK1013+445.00_伯舒拉岭隧道进口右线水平声波剖面法超前地质预报报告(DyK1013+445～DyK1013+545)-20231006.pdf,12,1013506.0,1013466.0,DyK1013+466 ~ DyK1013+506,IN_SCOPE,里程+492 附 近有掉块风 险,1,[1013492.0],/Users/zhaoxiaoda/Library/CloudStorage/GoogleDrive-xiaodazhao0608@gmail.com/我的云端硬盘/TBM9/HSP/DyK1013+445.00_伯舒拉岭隧道进口右线水平声波剖面法超前地质预报报告(DyK1013+445～DyK1013+545)-20231006.pdf,SONIC_FORECAST,Ⅳ级
MODERATE,该段存在较明显反射异常,d1c24a2c5d644ba47f3ef2ec,d1c24a2c5d644ba47f3ef2ec,False,,doc_d1c24a2c5d644ba47f3ef2ec_e0005,DyK1013+445.00_伯舒拉岭隧道进口右线水平声波剖面法超前地质预报报告(DyK1013+445～DyK1013+545)-20231006.pdf,12,1013545.0,1013506.0,DyK1013+506 ~ DyK1013+545,IN_SCOPE,里程+512、 +520、+527、 +535 附近有 掉块风险,4,"[1013512.0, 1013520.0, 1013527.0, 1013535.0]",/Users/zhaoxiaoda/Library/CloudStorage/GoogleDrive-xiaodazhao0608@gmail.com/我的云端硬盘/TBM9/HSP/DyK1013+445.00_伯舒拉岭隧道进口右线水平声波剖面法超前地质预报报告(DyK1013+445～DyK1013+545)-20231006.pdf,SONIC_FORECAST,Ⅴ级
NONE,该段未见明显反射异常,c03e80c9fabf17e0b238ec9a,c03e80c9fabf17e0b238ec9a,False,,doc_c03e80c9fabf17e0b238ec9a_e0002,DyK1013+525.00_伯舒拉岭隧道进口右线水平声波剖面法超前地质预报报告(DyK1013+525～DyK1013+625)-20231012.pdf,12,1013540.0,1013525.0,DyK1013+525 ~ DyK1013+540,IN_SCOPE,,0,[],/Users/zhaoxiaoda/Library/CloudStorage/GoogleDrive-xiaodazhao0608@gmail.com/我的云端硬盘/TBM9/HSP/DyK1013+525.00_伯舒拉岭隧道进口右线水平声波剖面法超前地质预报报告(DyK1013+525～DyK1013+625)-20231012.pdf,SONIC_FORECAST,Ⅳ级
MODERATE,该段存在较明显反射异常,c03e80c9fabf17e0b238ec9a,c03e80c9fabf17e0b238ec9a,False,,doc_c03e80c9fabf17e0b238ec9a_e0003,DyK1013+525.00_伯舒拉岭隧道进口右线水平声波剖面法超前地质预报报告(DyK1013+525～DyK1013+625)-20231012.pdf,12,1013555.0,1013540.0,DyK1013+540 ~ DyK1013+555,IN_SCOPE,里程+541、 +546、+552 附近有掉块 风险,3,"[1013541.0, 1013546.0, 1013552.0]",/Users/zhaoxiaoda/Library/CloudStorage/GoogleDrive-xiaodazhao0608@gmail.com/我的云端硬盘/TBM9/HSP/DyK1013+525.00_伯舒拉岭隧道进口右线水平声波剖面法超前地质预报报告(DyK1013+525～DyK1013+625)-20231012.pdf,SONIC_FORECAST,Ⅴ级
NONE,该段未见明显反射异常,c03e80c9fabf17e0b238ec9a,c03e80c9fabf17e0b238ec9a,False,,doc_c03e80c9fabf17e0b238ec9a_e0004,DyK1013+525.00_伯舒拉岭隧道进口右线水平声波剖面法超前地质预报报告(DyK1013+525～DyK1013+625)-20231012.pdf,12,1013568.0,1013555.0,DyK1013+555 ~ DyK1013+568,IN_SCOPE,,0,[],/Users/zhaoxiaoda/Library/CloudStorage/GoogleDrive-xiaodazhao0608@gmail.com/我的云端硬盘/TBM9/HSP/DyK1013+525.00_伯舒拉岭隧道进口右线水平声波剖面法超前地质预报报告(DyK1013+525～DyK1013+625)-20231012.pdf,SONIC_FORECAST,Ⅳ级
MODERATE,该段存在较明显反射异常,c03e80c9fabf17e0b238ec9a,c03e80c9fabf17e0b238ec9a,False,,doc_c03e80c9fabf17e0b238ec9a_e0005,DyK1013+525.00_伯舒拉岭隧道进口右线水平声波剖面法超前地质预报报告(DyK1013+525～DyK1013+625)-20231012.pdf,12,1013585.0,1013568.0,DyK1013+568 ~ DyK1013+585,IN_SCOPE,里程+568、 +578、+581 附近有掉块 风险,3,"[1013568.0, 1013578.0, 1013581.0]",/Users/zhaoxiaoda/Library/CloudStorage/GoogleDrive-xiaodazhao0608@gmail.com/我的云端硬盘/TBM9/HSP/DyK1013+525.00_伯舒拉岭隧道进口右线水平声波剖面法超前地质预报报告(DyK1013+525～DyK1013+625)-20231012.pdf,SONIC_FORECAST,Ⅴ级
LOW,该段局部存在弱反射异常,c03e80c9fabf17e0b238ec9a,c03e80c9fabf17e0b238ec9a,False,,doc_c03e80c9fabf17e0b238ec9a_e0006,DyK1013+525.00_伯舒拉岭隧道进口右线水平声波剖面法超前地质预报报告(DyK1013+525～DyK1013+625)-20231012.pdf,12,1013625.0,1013585.0,DyK1013+585 ~ DyK1013+625,IN_SCOPE,里程+602、 +612 附近有 掉块风险,2,"[1013602.0, 1013612.0]",/Users/zhaoxiaoda/Library/CloudStorage/GoogleDrive-xiaodazhao0608@gmail.com/我的云端硬盘/TBM9/HSP/DyK1013+525.00_伯舒拉岭隧道进口右线水平声波剖面法超前地质预报报告(DyK1013+525～DyK1013+625)-20231012.pdf,SONIC_FORECAST,Ⅳ级
NONE,该段未见明显反射异常,6af39821d5a37fd21b28de70,6af39821d5a37fd21b28de70,False,,doc_6af39821d5a37fd21b28de70_e0002,DyK1013+601.60_伯舒拉岭隧道进口右线水平声波剖面法超前地质预报报告(DyK1013+601.6～DyK1013+701.6)-20231016.pdf,12,1013628.0,1013601.6,DyK1013+601.6 ~ DyK1013+628,IN_SCOPE,,0,[],/Users/zhaoxiaoda/Library/CloudStorage/GoogleDrive-xiaodazhao0608@gmail.com/我的云端硬盘/TBM9/HSP/DyK1013+601.60_伯舒拉岭隧道进口右线水平声波剖面法超前地质预报报告(DyK1013+601.6～DyK1013+701.6)-20231016.pdf,SONIC_FORECAST,Ⅳ级
MODERATE,该段存在较明显反射异常,6af39821d5a37fd21b28de70,6af39821d5a37fd21b28de70,False,,doc_6af39821d5a37fd21b28de70_e0003,DyK1013+601.60_伯舒拉岭隧道进口右线水平声波剖面法超前地质预报报告(DyK1013+601.6～DyK1013+701.6)-20231016.pdf,12,1013636.0,1013628.0,DyK1013+628 ~ DyK1013+636,IN_SCOPE,里程+629、 +634 附近有 掉块风险,2,"[1013629.0, 1013634.0]",/Users/zhaoxiaoda/Library/CloudStorage/GoogleDrive-xiaodazhao0608@gmail.com/我的云端硬盘/TBM9/HSP/DyK1013+601.60_伯舒拉岭隧道进口右线水平声波剖面法超前地质预报报告(DyK1013+601.6～DyK1013+701.6)-20231016.pdf,SONIC_FORECAST,Ⅴ级
NONE,该段未见明显反射异常,6af39821d5a37fd21b28de70,6af39821d5a37fd21b28de70,False,,doc_6af39821d5a37fd21b28de70_e0004,DyK1013+601.60_伯舒拉岭隧道进口右线水平声波剖面法超前地质预报报告(DyK1013+601.6～DyK1013+701.6)-20231016.pdf,12,1013660.0,1013636.0,DyK1013+636 ~ DyK1013+660,IN_SCOPE,,0,[],/Users/zhaoxiaoda/Library/CloudStorage/GoogleDrive-xiaodazhao0608@gmail.com/我的云端硬盘/TBM9/HSP/DyK1013+601.60_伯舒拉岭隧道进口右线水平声波剖面法超前地质预报报告(DyK1013+601.6～DyK1013+701.6)-20231016.pdf,SONIC_FORECAST,Ⅳ级
MODERATE,该段存在较明显反射异常,6af39821d5a37fd21b28de70,6af39821d5a37fd21b28de70,False,,doc_6af39821d5a37fd21b28de70_e0005,DyK1013+601.60_伯舒拉岭隧道进口右线水平声波剖面法超前地质预报报告(DyK1013+601.6～DyK1013+701.6)-20231016.pdf,12,1013691.0,1013660.0,DyK1013+660 ~ DyK1013+691,IN_SCOPE,里程+661、 +664、+668、 +674、+678、 +683 附近有 掉块风险,6,"[1013661.0, 1013664.0, 1013668.0, 1013674.0, 1013678.0, 1013683.0]",/Users/zhaoxiaoda/Library/CloudStorage/GoogleDrive-xiaodazhao0608@gmail.com/我的云端硬盘/TBM9/HSP/DyK1013+601.60_伯舒拉岭隧道进口右线水平声波剖面法超前地质预报报告(DyK1013+601.6～DyK1013+701.6)-20231016.pdf,SONIC_FORECAST,Ⅴ级
NONE,该段未见明显反射异常,6af39821d5a37fd21b28de70,6af39821d5a37fd21b28de70,False,,doc_6af39821d5a37fd21b28de70_e0006,DyK1013+601.60_伯舒拉岭隧道进口右线水平声波剖面法超前地质预报报告(DyK1013+601.6～DyK1013+701.6)-20231016.pdf,12,1013701.6,1013691.0,DyK1013+691 ~ DyK1013+701.6,IN_SCOPE,,0,[],/Users/zhaoxiaoda/Library/CloudStorage/GoogleDrive-xiaodazhao0608@gmail.com/我的云端硬盘/TBM9/HSP/DyK1013+601.60_伯舒拉岭隧道进口右线水平声波剖面法超前地质预报报告(DyK1013+601.6～DyK1013+701.6)-20231016.pdf,SONIC_FORECAST,Ⅳ级
MODERATE,该段存在较明显反射异常,ce88b5055d612f9f8fb8012e,ce88b5055d612f9f8fb8012e,False,,doc_ce88b5055d612f9f8fb8012e_e0002,DyK1013+674.00_伯舒拉岭隧道进口右线水平声波剖面法超前地质预报报告(DyK1013+674～DyK1013+774)-20231019.pdf,12,1013736.0,1013674.0,DyK1013+674 ~ DyK1013+736,IN_SCOPE,里程+680、 +706、+716、 +733附近有 掉块风险,4,"[1013680.0, 1013706.0, 1013716.0, 1013733.0]",/Users/zhaoxiaoda/Library/CloudStorage/GoogleDrive-xiaodazhao0608@gmail.com/我的云端硬盘/TBM9/HSP/DyK1013+674.00_伯舒拉岭隧道进口右线水平声波剖面法超前地质预报报告(DyK1013+674～DyK1013+774)-20231019.pdf,SONIC_FORECAST,Ⅳ级
NONE,该段未见明显反射异常,ce88b5055d612f9f8fb8012e,ce88b5055d612f9f8fb8012e,False,,doc_ce88b5055d612f9f8fb8012e_e0003,DyK1013+674.00_伯舒拉岭隧道进口右线水平声波剖面法超前地质预报报告(DyK1013+674～DyK1013+774)-20231019.pdf,12,1013774.0,1013736.0,DyK1013+736 ~ DyK1013+774,IN_SCOPE,,0,[],/Users/zhaoxiaoda/Library/CloudStorage/GoogleDrive-xiaodazhao0608@gmail.com/我的云端硬盘/TBM9/HSP/DyK1013+674.00_伯舒拉岭隧道进口右线水平声波剖面法超前地质预报报告(DyK1013+674～DyK1013+774)-20231019.pdf,SONIC_FORECAST,Ⅳ级
NONE,该段无明显反射异常,09e89a967279537d5c9bb8d7,09e89a967279537d5c9bb8d7,False,,doc_09e89a967279537d5c9bb8d7_e0002,DyK1013+764.00_伯舒拉岭隧道进口右线水平声波剖面法超前地质预报报告(DyK1013+764～DyK1013+864)-20231022.pdf,12,1013786.0,1013764.0,DyK1013+764 ~ DyK1013+786,IN_SCOPE,,0,[],/Users/zhaoxiaoda/Library/CloudStorage/GoogleDrive-xiaodazhao0608@gmail.com/我的云端硬盘/TBM9/HSP/DyK1013+764.00_伯舒拉岭隧道进口右线水平声波剖面法超前地质预报报告(DyK1013+764～DyK1013+864)-20231022.pdf,SONIC_FORECAST,Ⅳ级
MODERATE,该段局部段落存在较明显反射异常,09e89a967279537d5c9bb8d7,09e89a967279537d5c9bb8d7,False,,doc_09e89a967279537d5c9bb8d7_e0003,DyK1013+764.00_伯舒拉岭隧道进口右线水平声波剖面法超前地质预报报告(DyK1013+764～DyK1013+864)-20231022.pdf,12,1013864.0,1013786.0,DyK1013+786 ~ DyK1013+864,IN_SCOPE,里程+788、 +804、+821、 +838、+854 附近有掉块 风险,5,"[1013788.0, 1013804.0, 1013821.0, 1013838.0, 1013854.0]",/Users/zhaoxiaoda/Library/CloudStorage/GoogleDrive-xiaodazhao0608@gmail.com/我的云端硬盘/TBM9/HSP/DyK1013+764.00_伯舒拉岭隧道进口右线水平声波剖面法超前地质预报报告(DyK1013+764～DyK1013+864)-20231022.pdf,SONIC_FORECAST,Ⅳ级
NONE,该段无明显反射异常,28d57b5baaf883772b83b6e8,28d57b5baaf883772b83b6e8,False,,doc_28d57b5baaf883772b83b6e8_e0002,DyK1013+845.00_伯舒拉岭隧道进口右线水平声波剖面法超前地质预报报告(DyK1013+845～DyK1013+945)-20231027.pdf,12,1013886.0,1013845.0,DyK1013+845 ~ DyK1013+886,IN_SCOPE,,0,[],/Users/zhaoxiaoda/Library/CloudStorage/GoogleDrive-xiaodazhao0608@gmail.com/我的云端硬盘/TBM9/HSP/DyK1013+845.00_伯舒拉岭隧道进口右线水平声波剖面法超前地质预报报告(DyK1013+845～DyK1013+945)-20231027.pdf,SONIC_FORECAST,Ⅳ级
MODERATE,该段存在较明显反射异常,28d57b5baaf883772b83b6e8,28d57b5baaf883772b83b6e8,False,,doc_28d57b5baaf883772b83b6e8_e0003,DyK1013+845.00_伯舒拉岭隧道进口右线水平声波剖面法超前地质预报报告(DyK1013+845～DyK1013+945)-20231027.pdf,12,1013922.0,1013886.0,DyK1013+886 ~ DyK1013+922,IN_SCOPE,里程+886、 +905、+910、 +919 附近有 掉块风险,4,"[1013886.0, 1013905.0, 1013910.0, 1013919.0]",/Users/zhaoxiaoda/Library/CloudStorage/GoogleDrive-xiaodazhao0608@gmail.com/我的云端硬盘/TBM9/HSP/DyK1013+845.00_伯舒拉岭隧道进口右线水平声波剖面法超前地质预报报告(DyK1013+845～DyK1013+945)-20231027.pdf,SONIC_FORECAST,Ⅳ级
NONE,该段无明显反射异常,28d57b5baaf883772b83b6e8,28d57b5baaf883772b83b6e8,False,,doc_28d57b5baaf883772b83b6e8_e0004,DyK1013+845.00_伯舒拉岭隧道进口右线水平声波剖面法超前地质预报报告(DyK1013+845～DyK1013+945)-20231027.pdf,12,1013938.0,1013922.0,DyK1013+922 ~ DyK1013+938,IN_SCOPE,,0,[],/Users/zhaoxiaoda/Library/CloudStorage/GoogleDrive-xiaodazhao0608@gmail.com/我的云端硬盘/TBM9/HSP/DyK1013+845.00_伯舒拉岭隧道进口右线水平声波剖面法超前地质预报报告(DyK1013+845～DyK1013+945)-20231027.pdf,SONIC_FORECAST,Ⅳ级
LOW,该段存在弱反射异常,28d57b5baaf883772b83b6e8,28d57b5baaf883772b83b6e8,False,,doc_28d57b5baaf883772b83b6e8_e0005,DyK1013+845.00_伯舒拉岭隧道进口右线水平声波剖面法超前地质预报报告(DyK1013+845～DyK1013+945)-20231027.pdf,12,1013945.0,1013938.0,DyK1013+938 ~ DyK1013+945,IN_SCOPE,里程+938、 +943 附近有 掉块风险,2,"[1013938.0, 1013943.0]",/Users/zhaoxiaoda/Library/CloudStorage/GoogleDrive-xiaodazhao0608@gmail.com/我的云端硬盘/TBM9/HSP/DyK1013+845.00_伯舒拉岭隧道进口右线水平声波剖面法超前地质预报报告(DyK1013+845～DyK1013+945)-20231027.pdf,SONIC_FORECAST,Ⅳ级
NONE,该段无明显反射异常,a1ca08b3f141763f45863a07,a1ca08b3f141763f45863a07,False,,doc_a1ca08b3f141763f45863a07_e0002,DyK1013+929.00_伯舒拉岭隧道进口右线水平声波剖面法超前地质预报报告(DyK1013+929～DyK1014+029)-20231106.pdf,12,1013943.0,1013929.0,DyK1013+929 ~ DyK1013+943,IN_SCOPE,,0,[],/Users/zhaoxiaoda/Library/CloudStorage/GoogleDrive-xiaodazhao0608@gmail.com/我的云端硬盘/TBM9/HSP/DyK1013+929.00_伯舒拉岭隧道进口右线水平声波剖面法超前地质预报报告(DyK1013+929～DyK1014+029)-20231106.pdf,SONIC_FORECAST,Ⅲ级
MODERATE,该段存在较明显反射异常,a1ca08b3f141763f45863a07,a1ca08b3f141763f45863a07,False,,doc_a1ca08b3f141763f45863a07_e0003,DyK1013+929.00_伯舒拉岭隧道进口右线水平声波剖面法超前地质预报报告(DyK1013+929～DyK1014+029)-20231106.pdf,12,1013974.0,1013943.0,DyK1013+943 ~ DyK1013+974,IN_SCOPE,里程+946、 +956、+968 附近有掉块 风险,3,"[1013946.0, 1013956.0, 1013968.0]",/Users/zhaoxiaoda/Library/CloudStorage/GoogleDrive-xiaodazhao0608@gmail.com/我的云端硬盘/TBM9/HSP/DyK1013+929.00_伯舒拉岭隧道进口右线水平声波剖面法超前地质预报报告(DyK1013+929～DyK1014+029)-20231106.pdf,SONIC_FORECAST,Ⅳ级
NONE,该段无明显反射异常,a1ca08b3f141763f45863a07,a1ca08b3f141763f45863a07,False,,doc_a1ca08b3f141763f45863a07_e0004,DyK1013+929.00_伯舒拉岭隧道进口右线水平声波剖面法超前地质预报报告(DyK1013+929～DyK1014+029)-20231106.pdf,12,1013992.0,1013974.0,DyK1013+974 ~ DyK1013+992,IN_SCOPE,,0,[],/Users/zhaoxiaoda/Library/CloudStorage/GoogleDrive-xiaodazhao0608@gmail.com/我的云端硬盘/TBM9/HSP/DyK1013+929.00_伯舒拉岭隧道进口右线水平声波剖面法超前地质预报报告(DyK1013+929～DyK1014+029)-20231106.pdf,SONIC_FORECAST,Ⅲ级
LOW,该段存在弱反射异常,a1ca08b3f141763f45863a07,a1ca08b3f141763f45863a07,True,,doc_a1ca08b3f141763f45863a07_e0005,DyK1013+929.00_伯舒拉岭隧道进口右线水平声波剖面法超前地质预报报告(DyK1013+929～DyK1014+029)-20231106.pdf,12,1014002.0,1013992.0,DyK1013+992 ~ DyK1014+002,IN_SCOPE,里程+992、 +997 附近有 掉块风险,2,"[1013992.0, 1013997.0]",/Users/zhaoxiaoda/Library/CloudStorage/GoogleDrive-xiaodazhao0608@gmail.com/我的云端硬盘/TBM9/HSP/DyK1013+929.00_伯舒拉岭隧道进口右线水平声波剖面法超前地质预报报告(DyK1013+929～DyK1014+029)-20231106.pdf,SONIC_FORECAST,Ⅲ级
NONE,该段无明显反射异常,a1ca08b3f141763f45863a07,a1ca08b3f141763f45863a07,False,,doc_a1ca08b3f141763f45863a07_e0006,DyK1013+929.00_伯舒拉岭隧道进口右线水平声波剖面法超前地质预报报告(DyK1013+929～DyK1014+029)-20231106.pdf,12,1014014.0,1014002.0,DyK1014+002 ~ DyK1014+014,IN_SCOPE,,0,[],/Users/zhaoxiaoda/Library/CloudStorage/GoogleDrive-xiaodazhao0608@gmail.com/我的云端硬盘/TBM9/HSP/DyK1013+929.00_伯舒拉岭隧道进口右线水平声波剖面法超前地质预报报告(DyK1013+929～DyK1014+029)-20231106.pdf,SONIC_FORECAST,Ⅲ级
MODERATE,该段存在较明显反射异常,a1ca08b3f141763f45863a07,a1ca08b3f141763f45863a07,False,,doc_a1ca08b3f141763f45863a07_e0007,DyK1013+929.00_伯舒拉岭隧道进口右线水平声波剖面法超前地质预报报告(DyK1013+929～DyK1014+029)-20231106.pdf,12,1014020.0,1014014.0,DyK1014+014 ~ DyK1014+020,IN_SCOPE,里程+014 附 近有掉块风 险,1,[1014014.0],/Users/zhaoxiaoda/Library/CloudStorage/GoogleDrive-xiaodazhao0608@gmail.com/我的云端硬盘/TBM9/HSP/DyK1013+929.00_伯舒拉岭隧道进口右线水平声波剖面法超前地质预报报告(DyK1013+929～DyK1014+029)-20231106.pdf,SONIC_FORECAST,Ⅳ级
NONE,该段无明显反射异常,a1ca08b3f141763f45863a07,a1ca08b3f141763f45863a07,False,,doc_a1ca08b3f141763f45863a07_e0008,DyK1013+929.00_伯舒拉岭隧道进口右线水平声波剖面法超前地质预报报告(DyK1013+929～DyK1014+029)-20231106.pdf,12,1014029.0,1014020.0,DyK1014+020 ~ DyK1014+029,IN_SCOPE,,0,[],/Users/zhaoxiaoda/Library/CloudStorage/GoogleDrive-xiaodazhao0608@gmail.com/我的云端硬盘/TBM9/HSP/DyK1013+929.00_伯舒拉岭隧道进口右线水平声波剖面法超前地质预报报告(DyK1013+929～DyK1014+029)-20231106.pdf,SONIC_FORECAST,Ⅲ级
NONE,该段无明显反射异常,d0afc25463d4776277ebb952,d0afc25463d4776277ebb952,False,,doc_d0afc25463d4776277ebb952_e0002,DyK1014+019.00_伯舒拉岭隧道进口右线水平声波剖面法超前地质预报报告(DyK1014+019～DyK1014+119)-20231118.pdf,12,1014056.0,1014019.0,DyK1014+019 ~ DyK1014+056,IN_SCOPE,,0,[],/Users/zhaoxiaoda/Library/CloudStorage/GoogleDrive-xiaodazhao0608@gmail.com/我的云端硬盘/TBM9/HSP/DyK1014+019.00_伯舒拉岭隧道进口右线水平声波剖面法超前地质预报报告(DyK1014+019～DyK1014+119)-20231118.pdf,SONIC_FORECAST,Ⅲ级
MODERATE,该段存在较明显反射异常,d0afc25463d4776277ebb952,d0afc25463d4776277ebb952,False,,doc_d0afc25463d4776277ebb952_e0003,DyK1014+019.00_伯舒拉岭隧道进口右线水平声波剖面法超前地质预报报告(DyK1014+019～DyK1014+119)-20231118.pdf,12,1014065.0,1014056.0,DyK1014+056 ~ DyK1014+065,IN_SCOPE,里程+056 附 近有掉块风 险,1,[1014056.0],/Users/zhaoxiaoda/Library/CloudStorage/GoogleDrive-xiaodazhao0608@gmail.com/我的云端硬盘/TBM9/HSP/DyK1014+019.00_伯舒拉岭隧道进口右线水平声波剖面法超前地质预报报告(DyK1014+019～DyK1014+119)-20231118.pdf,SONIC_FORECAST,Ⅳ级
NONE,该段无明显反射异常,d0afc25463d4776277ebb952,d0afc25463d4776277ebb952,False,,doc_d0afc25463d4776277ebb952_e0004,DyK1014+019.00_伯舒拉岭隧道进口右线水平声波剖面法超前地质预报报告(DyK1014+019～DyK1014+119)-20231118.pdf,12,1014073.0,1014065.0,DyK1014+065 ~ DyK1014+073,IN_SCOPE,,0,[],/Users/zhaoxiaoda/Library/CloudStorage/GoogleDrive-xiaodazhao0608@gmail.com/我的云端硬盘/TBM9/HSP/DyK1014+019.00_伯舒拉岭隧道进口右线水平声波剖面法超前地质预报报告(DyK1014+019～DyK1014+119)-20231118.pdf,SONIC_FORECAST,Ⅲ级
LOW,该段存在弱反射异常,d0afc25463d4776277ebb952,d0afc25463d4776277ebb952,False,,doc_d0afc25463d4776277ebb952_e0005,DyK1014+019.00_伯舒拉岭隧道进口右线水平声波剖面法超前地质预报报告(DyK1014+019～DyK1014+119)-20231118.pdf,12,1014079.0,1014073.0,DyK1014+073 ~ DyK1014+079,IN_SCOPE,里程+073 附 近有掉块风 险,1,[1014073.0],/Users/zhaoxiaoda/Library/CloudStorage/GoogleDrive-xiaodazhao0608@gmail.com/我的云端硬盘/TBM9/HSP/DyK1014+019.00_伯舒拉岭隧道进口右线水平声波剖面法超前地质预报报告(DyK1014+019～DyK1014+119)-20231118.pdf,SONIC_FORECAST,Ⅲ级
NONE,该段无明显反射异常,d0afc25463d4776277ebb952,d0afc25463d4776277ebb952,False,,doc_d0afc25463d4776277ebb952_e0006,DyK1014+019.00_伯舒拉岭隧道进口右线水平声波剖面法超前地质预报报告(DyK1014+019～DyK1014+119)-20231118.pdf,12,1014098.0,1014079.0,DyK1014+079 ~ DyK1014+098,IN_SCOPE,,0,[],/Users/zhaoxiaoda/Library/CloudStorage/GoogleDrive-xiaodazhao0608@gmail.com/我的云端硬盘/TBM9/HSP/DyK1014+019.00_伯舒拉岭隧道进口右线水平声波剖面法超前地质预报报告(DyK1014+019～DyK1014+119)-20231118.pdf,SONIC_FORECAST,Ⅲ级
MODERATE,该段存在较明显反射异常,d0afc25463d4776277ebb952,d0afc25463d4776277ebb952,False,,doc_d0afc25463d4776277ebb952_e0007,DyK1014+019.00_伯舒拉岭隧道进口右线水平声波剖面法超前地质预报报告(DyK1014+019～DyK1014+119)-20231118.pdf,12,1014106.0,1014098.0,DyK1014+098 ~ DyK1014+106,IN_SCOPE,里程+098 附 近有掉块风 险,1,[1014098.0],/Users/zhaoxiaoda/Library/CloudStorage/GoogleDrive-xiaodazhao0608@gmail.com/我的云端硬盘/TBM9/HSP/DyK1014+019.00_伯舒拉岭隧道进口右线水平声波剖面法超前地质预报报告(DyK1014+019～DyK1014+119)-20231118.pdf,SONIC_FORECAST,Ⅳ级
NONE,该段无明显反射异常,d0afc25463d4776277ebb952,d0afc25463d4776277ebb952,False,,doc_d0afc25463d4776277ebb952_e0008,DyK1014+019.00_伯舒拉岭隧道进口右线水平声波剖面法超前地质预报报告(DyK1014+019～DyK1014+119)-20231118.pdf,12,1014115.0,1014106.0,DyK1014+106 ~ DyK1014+115,IN_SCOPE,,0,[],/Users/zhaoxiaoda/Library/CloudStorage/GoogleDrive-xiaodazhao0608@gmail.com/我的云端硬盘/TBM9/HSP/DyK1014+019.00_伯舒拉岭隧道进口右线水平声波剖面法超前地质预报报告(DyK1014+019～DyK1014+119)-20231118.pdf,SONIC_FORECAST,Ⅲ级
MODERATE,该段存在较明显反射异常,d0afc25463d4776277ebb952,d0afc25463d4776277ebb952,False,,doc_d0afc25463d4776277ebb952_e0009,DyK1014+019.00_伯舒拉岭隧道进口右线水平声波剖面法超前地质预报报告(DyK1014+019～DyK1014+119)-20231118.pdf,12,1014119.0,1014115.0,DyK1014+115 ~ DyK1014+119,IN_SCOPE,里程+115 附 近有掉块风 险,1,[1014115.0],/Users/zhaoxiaoda/Library/CloudStorage/GoogleDrive-xiaodazhao0608@gmail.com/我的云端硬盘/TBM9/HSP/DyK1014+019.00_伯舒拉岭隧道进口右线水平声波剖面法超前地质预报报告(DyK1014+019～DyK1014+119)-20231118.pdf,SONIC_FORECAST,Ⅳ级
LOW,该段存在弱反射异常,62bf6495f3a27bc084947384,62bf6495f3a27bc084947384,False,,doc_62bf6495f3a27bc084947384_e0002,DyK1014+109.00_伯舒拉岭隧道进口右线水平声波剖面法超前地质预报报告(DyK1014+109～DyK1014+209)-20231122.pdf,12,1014122.0,1014109.0,DyK1014+109 ~ DyK1014+122,IN_SCOPE,里程+115、 +118附近有 掉块风险,2,"[1014115.0, 1014118.0]",/Users/zhaoxiaoda/Library/CloudStorage/GoogleDrive-xiaodazhao0608@gmail.com/我的云端硬盘/TBM9/HSP/DyK1014+109.00_伯舒拉岭隧道进口右线水平声波剖面法超前地质预报报告(DyK1014+109～DyK1014+209)-20231122.pdf,SONIC_FORECAST,Ⅳ级
NONE,该段无明显反射异常,62bf6495f3a27bc084947384,62bf6495f3a27bc084947384,False,,doc_62bf6495f3a27bc084947384_e0003,DyK1014+109.00_伯舒拉岭隧道进口右线水平声波剖面法超前地质预报报告(DyK1014+109～DyK1014+209)-20231122.pdf,12,1014143.0,1014122.0,DyK1014+122 ~ DyK1014+143,IN_SCOPE,,0,[],/Users/zhaoxiaoda/Library/CloudStorage/GoogleDrive-xiaodazhao0608@gmail.com/我的云端硬盘/TBM9/HSP/DyK1014+109.00_伯舒拉岭隧道进口右线水平声波剖面法超前地质预报报告(DyK1014+109～DyK1014+209)-20231122.pdf,SONIC_FORECAST,Ⅳ级
LOW,该段存在弱反射异常,62bf6495f3a27bc084947384,62bf6495f3a27bc084947384,False,,doc_62bf6495f3a27bc084947384_e0004,DyK1014+109.00_伯舒拉岭隧道进口右线水平声波剖面法超前地质预报报告(DyK1014+109～DyK1014+209)-20231122.pdf,12,1014163.0,1014143.0,DyK1014+143 ~ DyK1014+163,IN_SCOPE,里程+149、 +159 附近有 掉块风险,2,"[1014149.0, 1014159.0]",/Users/zhaoxiaoda/Library/CloudStorage/GoogleDrive-xiaodazhao0608@gmail.com/我的云端硬盘/TBM9/HSP/DyK1014+109.00_伯舒拉岭隧道进口右线水平声波剖面法超前地质预报报告(DyK1014+109～DyK1014+209)-20231122.pdf,SONIC_FORECAST,Ⅳ级
NONE,该段无明显反射异常,62bf6495f3a27bc084947384,62bf6495f3a27bc084947384,False,,doc_62bf6495f3a27bc084947384_e0005,DyK1014+109.00_伯舒拉岭隧道进口右线水平声波剖面法超前地质预报报告(DyK1014+109～DyK1014+209)-20231122.pdf,12,1014187.0,1014163.0,DyK1014+163 ~ DyK1014+187,IN_SCOPE,,0,[],/Users/zhaoxiaoda/Library/CloudStorage/GoogleDrive-xiaodazhao0608@gmail.com/我的云端硬盘/TBM9/HSP/DyK1014+109.00_伯舒拉岭隧道进口右线水平声波剖面法超前地质预报报告(DyK1014+109～DyK1014+209)-20231122.pdf,SONIC_FORECAST,Ⅳ级
MODERATE,该段存在较明显反射异常,62bf6495f3a27bc084947384,62bf6495f3a27bc084947384,False,,doc_62bf6495f3a27bc084947384_e0006,DyK1014+109.00_伯舒拉岭隧道进口右线水平声波剖面法超前地质预报报告(DyK1014+109～DyK1014+209)-20231122.pdf,12,1014199.0,1014187.0,DyK1014+187 ~ DyK1014+199,IN_SCOPE,里程+187、 +195 附近有 掉块风险,2,"[1014187.0, 1014195.0]",/Users/zhaoxiaoda/Library/CloudStorage/GoogleDrive-xiaodazhao0608@gmail.com/我的云端硬盘/TBM9/HSP/DyK1014+109.00_伯舒拉岭隧道进口右线水平声波剖面法超前地质预报报告(DyK1014+109～DyK1014+209)-20231122.pdf,SONIC_FORECAST,Ⅴ级
NONE,该段无明显反射异常,62bf6495f3a27bc084947384,62bf6495f3a27bc084947384,False,,doc_62bf6495f3a27bc084947384_e0007,DyK1014+109.00_伯舒拉岭隧道进口右线水平声波剖面法超前地质预报报告(DyK1014+109～DyK1014+209)-20231122.pdf,12,1014209.0,1014199.0,DyK1014+199 ~ DyK1014+209,IN_SCOPE,,0,[],/Users/zhaoxiaoda/Library/CloudStorage/GoogleDrive-xiaodazhao0608@gmail.com/我的云端硬盘/TBM9/HSP/DyK1014+109.00_伯舒拉岭隧道进口右线水平声波剖面法超前地质预报报告(DyK1014+109～DyK1014+209)-20231122.pdf,SONIC_FORECAST,Ⅳ级
NONE,该段无明显反射异常,1bccaf9b3397c0d25601b19d,1bccaf9b3397c0d25601b19d,False,,doc_1bccaf9b3397c0d25601b19d_e0002,DyK1014+199.00_伯舒拉岭隧道进口右线水平声波剖面法超前地质预报报告(DyK1014+199～DyK1014+299)-20231129.pdf,12,1014231.0,1014199.0,DyK1014+199 ~ DyK1014+231,IN_SCOPE,,0,[],/Users/zhaoxiaoda/Library/CloudStorage/GoogleDrive-xiaodazhao0608@gmail.com/我的云端硬盘/TBM9/HSP/DyK1014+199.00_伯舒拉岭隧道进口右线水平声波剖面法超前地质预报报告(DyK1014+199～DyK1014+299)-20231129.pdf,SONIC_FORECAST,Ⅳ级
LOW,该段存在弱反射异常,1bccaf9b3397c0d25601b19d,1bccaf9b3397c0d25601b19d,False,,doc_1bccaf9b3397c0d25601b19d_e0003,DyK1014+199.00_伯舒拉岭隧道进口右线水平声波剖面法超前地质预报报告(DyK1014+199～DyK1014+299)-20231129.pdf,12,1014238.0,1014231.0,DyK1014+231 ~ DyK1014+238,IN_SCOPE,里程+231 附 近有掉块风 险,1,[1014231.0],/Users/zhaoxiaoda/Library/CloudStorage/GoogleDrive-xiaodazhao0608@gmail.com/我的云端硬盘/TBM9/HSP/DyK1014+199.00_伯舒拉岭隧道进口右线水平声波剖面法超前地质预报报告(DyK1014+199～DyK1014+299)-20231129.pdf,SONIC_FORECAST,Ⅳ级
NONE,该段无明显反射异常,1bccaf9b3397c0d25601b19d,1bccaf9b3397c0d25601b19d,False,,doc_1bccaf9b3397c0d25601b19d_e0004,DyK1014+199.00_伯舒拉岭隧道进口右线水平声波剖面法超前地质预报报告(DyK1014+199～DyK1014+299)-20231129.pdf,12,1014262.0,1014238.0,DyK1014+238 ~ DyK1014+262,IN_SCOPE,,0,[],/Users/zhaoxiaoda/Library/CloudStorage/GoogleDrive-xiaodazhao0608@gmail.com/我的云端硬盘/TBM9/HSP/DyK1014+199.00_伯舒拉岭隧道进口右线水平声波剖面法超前地质预报报告(DyK1014+199～DyK1014+299)-20231129.pdf,SONIC_FORECAST,Ⅳ级
MODERATE,该段存在较明显反射异常,1bccaf9b3397c0d25601b19d,1bccaf9b3397c0d25601b19d,False,,doc_1bccaf9b3397c0d25601b19d_e0005,DyK1014+199.00_伯舒拉岭隧道进口右线水平声波剖面法超前地质预报报告(DyK1014+199～DyK1014+299)-20231129.pdf,12,1014269.0,1014262.0,DyK1014+262 ~ DyK1014+269,IN_SCOPE,里程+262 附 近有掉块风 险,1,[1014262.0],/Users/zhaoxiaoda/Library/CloudStorage/GoogleDrive-xiaodazhao0608@gmail.com/我的云端硬盘/TBM9/HSP/DyK1014+199.00_伯舒拉岭隧道进口右线水平声波剖面法超前地质预报报告(DyK1014+199～DyK1014+299)-20231129.pdf,SONIC_FORECAST,Ⅳ级
NONE,该段无明显反射异常,1bccaf9b3397c0d25601b19d,1bccaf9b3397c0d25601b19d,False,,doc_1bccaf9b3397c0d25601b19d_e0006,DyK1014+199.00_伯舒拉岭隧道进口右线水平声波剖面法超前地质预报报告(DyK1014+199～DyK1014+299)-20231129.pdf,12,1014296.0,1014269.0,DyK1014+269 ~ DyK1014+296,IN_SCOPE,,0,[],/Users/zhaoxiaoda/Library/CloudStorage/GoogleDrive-xiaodazhao0608@gmail.com/我的云端硬盘/TBM9/HSP/DyK1014+199.00_伯舒拉岭隧道进口右线水平声波剖面法超前地质预报报告(DyK1014+199～DyK1014+299)-20231129.pdf,SONIC_FORECAST,Ⅳ级
MODERATE,该段存在较明显反射异常,1bccaf9b3397c0d25601b19d,1bccaf9b3397c0d25601b19d,False,,doc_1bccaf9b3397c0d25601b19d_e0007,DyK1014+199.00_伯舒拉岭隧道进口右线水平声波剖面法超前地质预报报告(DyK1014+199～DyK1014+299)-20231129.pdf,12,1014299.0,1014296.0,DyK1014+296 ~ DyK1014+299,IN_SCOPE,里程+296 附 近有掉块风 险,1,[1014296.0],/Users/zhaoxiaoda/Library/CloudStorage/GoogleDrive-xiaodazhao0608@gmail.com/我的云端硬盘/TBM9/HSP/DyK1014+199.00_伯舒拉岭隧道进口右线水平声波剖面法超前地质预报报告(DyK1014+199～DyK1014+299)-20231129.pdf,SONIC_FORECAST,Ⅳ级
NONE,该段无明显反射异常,c19c0e4b52882f445108f4a0,c19c0e4b52882f445108f4a0,False,,doc_c19c0e4b52882f445108f4a0_e0002,DyK1014+266.00_伯舒拉岭隧道进口右线水平声波剖面法超前地质预报报告(DyK1014+266～DyK1014+366)-20231203.pdf,12,1014317.0,1014266.0,DyK1014+266 ~ DyK1014+317,IN_SCOPE,,0,[],/Users/zhaoxiaoda/Library/CloudStorage/GoogleDrive-xiaodazhao0608@gmail.com/我的云端硬盘/TBM9/HSP/DyK1014+266.00_伯舒拉岭隧道进口右线水平声波剖面法超前地质预报报告(DyK1014+266～DyK1014+366)-20231203.pdf,SONIC_FORECAST,Ⅳ级
LOW,该段存在弱反射异常,c19c0e4b52882f445108f4a0,c19c0e4b52882f445108f4a0,False,,doc_c19c0e4b52882f445108f4a0_e0003,DyK1014+266.00_伯舒拉岭隧道进口右线水平声波剖面法超前地质预报报告(DyK1014+266～DyK1014+366)-20231203.pdf,12,1014323.0,1014317.0,DyK1014+317 ~ DyK1014+323,IN_SCOPE,里程+317 附 近有掉块风 险,1,[1014317.0],/Users/zhaoxiaoda/Library/CloudStorage/GoogleDrive-xiaodazhao0608@gmail.com/我的云端硬盘/TBM9/HSP/DyK1014+266.00_伯舒拉岭隧道进口右线水平声波剖面法超前地质预报报告(DyK1014+266～DyK1014+366)-20231203.pdf,SONIC_FORECAST,Ⅳ级
NONE,该段无明显反射异常,c19c0e4b52882f445108f4a0,c19c0e4b52882f445108f4a0,False,,doc_c19c0e4b52882f445108f4a0_e0004,DyK1014+266.00_伯舒拉岭隧道进口右线水平声波剖面法超前地质预报报告(DyK1014+266～DyK1014+366)-20231203.pdf,12,1014335.0,1014323.0,DyK1014+323 ~ DyK1014+335,IN_SCOPE,,0,[],/Users/zhaoxiaoda/Library/CloudStorage/GoogleDrive-xiaodazhao0608@gmail.com/我的云端硬盘/TBM9/HSP/DyK1014+266.00_伯舒拉岭隧道进口右线水平声波剖面法超前地质预报报告(DyK1014+266～DyK1014+366)-20231203.pdf,SONIC_FORECAST,Ⅳ级
LOW,该段存在弱反射异常,c19c0e4b52882f445108f4a0,c19c0e4b52882f445108f4a0,False,,doc_c19c0e4b52882f445108f4a0_e0005,DyK1014+266.00_伯舒拉岭隧道进口右线水平声波剖面法超前地质预报报告(DyK1014+266～DyK1014+366)-20231203.pdf,12,1014340.0,1014335.0,DyK1014+335 ~ DyK1014+340,IN_SCOPE,里程+335 附 近有掉块风 险,1,[1014335.0],/Users/zhaoxiaoda/Library/CloudStorage/GoogleDrive-xiaodazhao0608@gmail.com/我的云端硬盘/TBM9/HSP/DyK1014+266.00_伯舒拉岭隧道进口右线水平声波剖面法超前地质预报报告(DyK1014+266～DyK1014+366)-20231203.pdf,SONIC_FORECAST,Ⅳ级
NONE,该段无明显反射异常,c19c0e4b52882f445108f4a0,c19c0e4b52882f445108f4a0,False,,doc_c19c0e4b52882f445108f4a0_e0006,DyK1014+266.00_伯舒拉岭隧道进口右线水平声波剖面法超前地质预报报告(DyK1014+266～DyK1014+366)-20231203.pdf,12,1014358.0,1014340.0,DyK1014+340 ~ DyK1014+358,IN_SCOPE,,0,[],/Users/zhaoxiaoda/Library/CloudStorage/GoogleDrive-xiaodazhao0608@gmail.com/我的云端硬盘/TBM9/HSP/DyK1014+266.00_伯舒拉岭隧道进口右线水平声波剖面法超前地质预报报告(DyK1014+266～DyK1014+366)-20231203.pdf,SONIC_FORECAST,Ⅳ级
HIGH,该段存在明显反射异常,c19c0e4b52882f445108f4a0,c19c0e4b52882f445108f4a0,False,,doc_c19c0e4b52882f445108f4a0_e0007,DyK1014+266.00_伯舒拉岭隧道进口右线水平声波剖面法超前地质预报报告(DyK1014+266～DyK1014+366)-20231203.pdf,12,1014366.0,1014358.0,DyK1014+358 ~ DyK1014+366,IN_SCOPE,里程+358 附 近有掉块风 险,1,[1014358.0],/Users/zhaoxiaoda/Library/CloudStorage/GoogleDrive-xiaodazhao0608@gmail.com/我的云端硬盘/TBM9/HSP/DyK1014+266.00_伯舒拉岭隧道进口右线水平声波剖面法超前地质预报报告(DyK1014+266～DyK1014+366)-20231203.pdf,SONIC_FORECAST,Ⅳ级
NONE,该段无明显反射异常,b84482f2cbc3d64012d7baad,b84482f2cbc3d64012d7baad,False,,doc_b84482f2cbc3d64012d7baad_e0002,DyK1014+341.00_伯舒拉岭隧道进口右线水平声波剖面法超前地质预报报告(DyK1014+341～DyK1014+441)-20231209.pdf,12,1014352.0,1014341.0,DyK1014+341 ~ DyK1014+352,IN_SCOPE,,0,[],/Users/zhaoxiaoda/Library/CloudStorage/GoogleDrive-xiaodazhao0608@gmail.com/我的云端硬盘/TBM9/HSP/DyK1014+341.00_伯舒拉岭隧道进口右线水平声波剖面法超前地质预报报告(DyK1014+341～DyK1014+441)-20231209.pdf,SONIC_FORECAST,Ⅳ级
MODERATE,该段存在较明显反射异常,b84482f2cbc3d64012d7baad,b84482f2cbc3d64012d7baad,False,,doc_b84482f2cbc3d64012d7baad_e0003,DyK1014+341.00_伯舒拉岭隧道进口右线水平声波剖面法超前地质预报报告(DyK1014+341～DyK1014+441)-20231209.pdf,12,1014380.0,1014352.0,DyK1014+352 ~ DyK1014+380,IN_SCOPE,里程+352、 +363、+375 附近有掉块 风险,3,"[1014352.0, 1014363.0, 1014375.0]",/Users/zhaoxiaoda/Library/CloudStorage/GoogleDrive-xiaodazhao0608@gmail.com/我的云端硬盘/TBM9/HSP/DyK1014+341.00_伯舒拉岭隧道进口右线水平声波剖面法超前地质预报报告(DyK1014+341～DyK1014+441)-20231209.pdf,SONIC_FORECAST,Ⅳ级
NONE,该段无明显反射异常,b84482f2cbc3d64012d7baad,b84482f2cbc3d64012d7baad,False,,doc_b84482f2cbc3d64012d7baad_e0004,DyK1014+341.00_伯舒拉岭隧道进口右线水平声波剖面法超前地质预报报告(DyK1014+341～DyK1014+441)-20231209.pdf,12,1014410.0,1014380.0,DyK1014+380 ~ DyK1014+410,IN_SCOPE,,0,[],/Users/zhaoxiaoda/Library/CloudStorage/GoogleDrive-xiaodazhao0608@gmail.com/我的云端硬盘/TBM9/HSP/DyK1014+341.00_伯舒拉岭隧道进口右线水平声波剖面法超前地质预报报告(DyK1014+341～DyK1014+441)-20231209.pdf,SONIC_FORECAST,Ⅳ级
MODERATE,该段存在较明显反射异常,b84482f2cbc3d64012d7baad,b84482f2cbc3d64012d7baad,False,,doc_b84482f2cbc3d64012d7baad_e0005,DyK1014+341.00_伯舒拉岭隧道进口右线水平声波剖面法超前地质预报报告(DyK1014+341～DyK1014+441)-20231209.pdf,12,1014441.0,1014410.0,DyK1014+410 ~ DyK1014+441,IN_SCOPE,里程+412、 +417、+423、 +428、+433、 +438 附近有 掉块风险,6,"[1014412.0, 1014417.0, 1014423.0, 1014428.0, 1014433.0, 1014438.0]",/Users/zhaoxiaoda/Library/CloudStorage/GoogleDrive-xiaodazhao0608@gmail.com/我的云端硬盘/TBM9/HSP/DyK1014+341.00_伯舒拉岭隧道进口右线水平声波剖面法超前地质预报报告(DyK1014+341～DyK1014+441)-20231209.pdf,SONIC_FORECAST,Ⅳ级
NONE,该段无明显反射异常,99cb24b0b45c767bece0fac1,99cb24b0b45c767bece0fac1,False,,doc_99cb24b0b45c767bece0fac1_e0002,DyK1014+431.00_伯舒拉岭隧道进口右线水平声波剖面法超前地质预报报告(DyK1014+431～DyK1014+531)-20231217.pdf,12,1014445.0,1014431.0,DyK1014+431 ~ DyK1014+445,IN_SCOPE,,0,[],/Users/zhaoxiaoda/Library/CloudStorage/GoogleDrive-xiaodazhao0608@gmail.com/我的云端硬盘/TBM9/HSP/DyK1014+431.00_伯舒拉岭隧道进口右线水平声波剖面法超前地质预报报告(DyK1014+431～DyK1014+531)-20231217.pdf,SONIC_FORECAST,Ⅳ级
MODERATE,该段存在较明显反射异常,99cb24b0b45c767bece0fac1,99cb24b0b45c767bece0fac1,False,,doc_99cb24b0b45c767bece0fac1_e0003,DyK1014+431.00_伯舒拉岭隧道进口右线水平声波剖面法超前地质预报报告(DyK1014+431～DyK1014+531)-20231217.pdf,12,1014476.0,1014445.0,DyK1014+445 ~ DyK1014+476,IN_SCOPE,里程+448、 +458、+470 附近有掉块 风险,3,"[1014448.0, 1014458.0, 1014470.0]",/Users/zhaoxiaoda/Library/CloudStorage/GoogleDrive-xiaodazhao0608@gmail.com/我的云端硬盘/TBM9/HSP/DyK1014+431.00_伯舒拉岭隧道进口右线水平声波剖面法超前地质预报报告(DyK1014+431～DyK1014+531)-20231217.pdf,SONIC_FORECAST,Ⅳ级
NONE,该段无明显反射异常,99cb24b0b45c767bece0fac1,99cb24b0b45c767bece0fac1,False,,doc_99cb24b0b45c767bece0fac1_e0004,DyK1014+431.00_伯舒拉岭隧道进口右线水平声波剖面法超前地质预报报告(DyK1014+431～DyK1014+531)-20231217.pdf,12,1014494.0,1014476.0,DyK1014+476 ~ DyK1014+494,IN_SCOPE,,0,[],/Users/zhaoxiaoda/Library/CloudStorage/GoogleDrive-xiaodazhao0608@gmail.com/我的云端硬盘/TBM9/HSP/DyK1014+431.00_伯舒拉岭隧道进口右线水平声波剖面法超前地质预报报告(DyK1014+431～DyK1014+531)-20231217.pdf,SONIC_FORECAST,Ⅳ级
LOW,该段存在弱反射异常,99cb24b0b45c767bece0fac1,99cb24b0b45c767bece0fac1,False,,doc_99cb24b0b45c767bece0fac1_e0005,DyK1014+431.00_伯舒拉岭隧道进口右线水平声波剖面法超前地质预报报告(DyK1014+431～DyK1014+531)-20231217.pdf,12,1014504.0,1014494.0,DyK1014+494 ~ DyK1014+504,IN_SCOPE,里程+494、 +499 附近有 掉块风险,2,"[1014494.0, 1014499.0]",/Users/zhaoxiaoda/Library/CloudStorage/GoogleDrive-xiaodazhao0608@gmail.com/我的云端硬盘/TBM9/HSP/DyK1014+431.00_伯舒拉岭隧道进口右线水平声波剖面法超前地质预报报告(DyK1014+431～DyK1014+531)-20231217.pdf,SONIC_FORECAST,Ⅳ级
NONE,该段无明显反射异常,99cb24b0b45c767bece0fac1,99cb24b0b45c767bece0fac1,False,,doc_99cb24b0b45c767bece0fac1_e0006,DyK1014+431.00_伯舒拉岭隧道进口右线水平声波剖面法超前地质预报报告(DyK1014+431～DyK1014+531)-20231217.pdf,12,1014516.0,1014504.0,DyK1014+504 ~ DyK1014+516,IN_SCOPE,,0,[],/Users/zhaoxiaoda/Library/CloudStorage/GoogleDrive-xiaodazhao0608@gmail.com/我的云端硬盘/TBM9/HSP/DyK1014+431.00_伯舒拉岭隧道进口右线水平声波剖面法超前地质预报报告(DyK1014+431～DyK1014+531)-20231217.pdf,SONIC_FORECAST,Ⅳ级
MODERATE,该段存在较明显反射异常,99cb24b0b45c767bece0fac1,99cb24b0b45c767bece0fac1,False,,doc_99cb24b0b45c767bece0fac1_e0007,DyK1014+431.00_伯舒拉岭隧道进口右线水平声波剖面法超前地质预报报告(DyK1014+431～DyK1014+531)-20231217.pdf,12,1014522.0,1014516.0,DyK1014+516 ~ DyK1014+522,IN_SCOPE,里程+516 附 近有掉块风 险,1,[1014516.0],/Users/zhaoxiaoda/Library/CloudStorage/GoogleDrive-xiaodazhao0608@gmail.com/我的云端硬盘/TBM9/HSP/DyK1014+431.00_伯舒拉岭隧道进口右线水平声波剖面法超前地质预报报告(DyK1014+431～DyK1014+531)-20231217.pdf,SONIC_FORECAST,Ⅳ级
NONE,该段无明显反射异常,99cb24b0b45c767bece0fac1,99cb24b0b45c767bece0fac1,False,,doc_99cb24b0b45c767bece0fac1_e0008,DyK1014+431.00_伯舒拉岭隧道进口右线水平声波剖面法超前地质预报报告(DyK1014+431～DyK1014+531)-20231217.pdf,12,1014531.0,1014522.0,DyK1014+522 ~ DyK1014+531,IN_SCOPE,,0,[],/Users/zhaoxiaoda/Library/CloudStorage/GoogleDrive-xiaodazhao0608@gmail.com/我的云端硬盘/TBM9/HSP/DyK1014+431.00_伯舒拉岭隧道进口右线水平声波剖面法超前地质预报报告(DyK1014+431～DyK1014+531)-20231217.pdf,SONIC_FORECAST,Ⅳ级
NONE,该段无明显反射异常,cae21ab80a31f71dbe3e20e9,cae21ab80a31f71dbe3e20e9,False,,doc_cae21ab80a31f71dbe3e20e9_e0002,DyK1014+455.00_伯舒拉岭隧道进口右线水平声波剖面法超前地质预报报告(DyK1014+455～DyK1014+555)-20231219.pdf,12,1014512.0,1014455.0,DyK1014+455 ~ DyK1014+512,IN_SCOPE,,0,[],/Users/zhaoxiaoda/Library/CloudStorage/GoogleDrive-xiaodazhao0608@gmail.com/我的云端硬盘/TBM9/HSP/DyK1014+455.00_伯舒拉岭隧道进口右线水平声波剖面法超前地质预报报告(DyK1014+455～DyK1014+555)-20231219.pdf,SONIC_FORECAST,Ⅳ级
UNKNOWN,该段存在较强反射异常,cae21ab80a31f71dbe3e20e9,cae21ab80a31f71dbe3e20e9,False,,doc_cae21ab80a31f71dbe3e20e9_e0003,DyK1014+455.00_伯舒拉岭隧道进口右线水平声波剖面法超前地质预报报告(DyK1014+455～DyK1014+555)-20231219.pdf,12,1014527.0,1014512.0,DyK1014+512 ~ DyK1014+527,IN_SCOPE,里程+512、 +522 附近有 掉块风险,2,"[1014512.0, 1014522.0]",/Users/zhaoxiaoda/Library/CloudStorage/GoogleDrive-xiaodazhao0608@gmail.com/我的云端硬盘/TBM9/HSP/DyK1014+455.00_伯舒拉岭隧道进口右线水平声波剖面法超前地质预报报告(DyK1014+455～DyK1014+555)-20231219.pdf,SONIC_FORECAST,Ⅳ级
NONE,该段无明显反射异常,cae21ab80a31f71dbe3e20e9,cae21ab80a31f71dbe3e20e9,False,,doc_cae21ab80a31f71dbe3e20e9_e0004,DyK1014+455.00_伯舒拉岭隧道进口右线水平声波剖面法超前地质预报报告(DyK1014+455～DyK1014+555)-20231219.pdf,12,1014555.0,1014527.0,DyK1014+527 ~ DyK1014+555,IN_SCOPE,,0,[],/Users/zhaoxiaoda/Library/CloudStorage/GoogleDrive-xiaodazhao0608@gmail.com/我的云端硬盘/TBM9/HSP/DyK1014+455.00_伯舒拉岭隧道进口右线水平声波剖面法超前地质预报报告(DyK1014+455～DyK1014+555)-20231219.pdf,SONIC_FORECAST,Ⅳ级
NONE,该段无明显反射异常,e1a6e160ca63e609c5af325e,e1a6e160ca63e609c5af325e,False,,doc_e1a6e160ca63e609c5af325e_e0002,DyK1014+545.00_伯舒拉岭隧道进口右线水平声波剖面法超前地质预报报告(DyK1014+545～DyK1014+645)-20231224.pdf,12,1014555.0,1014545.0,DyK1014+545 ~ DyK1014+555,IN_SCOPE,该段存在掉 块风险,0,[],/Users/zhaoxiaoda/Library/CloudStorage/GoogleDrive-xiaodazhao0608@gmail.com/我的云端硬盘/TBM9/HSP/DyK1014+545.00_伯舒拉岭隧道进口右线水平声波剖面法超前地质预报报告(DyK1014+545～DyK1014+645)-20231224.pdf,SONIC_FORECAST,Ⅳ级
LOW,该段存在弱反射异常,e1a6e160ca63e609c5af325e,e1a6e160ca63e609c5af325e,False,,doc_e1a6e160ca63e609c5af325e_e0003,DyK1014+545.00_伯舒拉岭隧道进口右线水平声波剖面法超前地质预报报告(DyK1014+545～DyK1014+645)-20231224.pdf,12,1014562.0,1014555.0,DyK1014+555 ~ DyK1014+562,IN_SCOPE,里程+555 附 近有掉块风 险,1,[1014555.0],/Users/zhaoxiaoda/Library/CloudStorage/GoogleDrive-xiaodazhao0608@gmail.com/我的云端硬盘/TBM9/HSP/DyK1014+545.00_伯舒拉岭隧道进口右线水平声波剖面法超前地质预报报告(DyK1014+545～DyK1014+645)-20231224.pdf,SONIC_FORECAST,Ⅳ级
NONE,该段无明显反射异常,e1a6e160ca63e609c5af325e,e1a6e160ca63e609c5af325e,False,,doc_e1a6e160ca63e609c5af325e_e0004,DyK1014+545.00_伯舒拉岭隧道进口右线水平声波剖面法超前地质预报报告(DyK1014+545～DyK1014+645)-20231224.pdf,12,1014608.0,1014562.0,DyK1014+562 ~ DyK1014+608,IN_SCOPE,,0,[],/Users/zhaoxiaoda/Library/CloudStorage/GoogleDrive-xiaodazhao0608@gmail.com/我的云端硬盘/TBM9/HSP/DyK1014+545.00_伯舒拉岭隧道进口右线水平声波剖面法超前地质预报报告(DyK1014+545～DyK1014+645)-20231224.pdf,SONIC_FORECAST,Ⅳ级
UNKNOWN,该段存在较强反射异常,e1a6e160ca63e609c5af325e,e1a6e160ca63e609c5af325e,False,,doc_e1a6e160ca63e609c5af325e_e0005,DyK1014+545.00_伯舒拉岭隧道进口右线水平声波剖面法超前地质预报报告(DyK1014+545～DyK1014+645)-20231224.pdf,12,1014641.0,1014608.0,DyK1014+608 ~ DyK1014+641,IN_SCOPE,里程+608、 +616、+631 附近有掉块 风险,3,"[1014608.0, 1014616.0, 1014631.0]",/Users/zhaoxiaoda/Library/CloudStorage/GoogleDrive-xiaodazhao0608@gmail.com/我的云端硬盘/TBM9/HSP/DyK1014+545.00_伯舒拉岭隧道进口右线水平声波剖面法超前地质预报报告(DyK1014+545～DyK1014+645)-20231224.pdf,SONIC_FORECAST,Ⅳ级
NONE,该段无明显反射异常,e1a6e160ca63e609c5af325e,e1a6e160ca63e609c5af325e,False,,doc_e1a6e160ca63e609c5af325e_e0006,DyK1014+545.00_伯舒拉岭隧道进口右线水平声波剖面法超前地质预报报告(DyK1014+545～DyK1014+645)-20231224.pdf,12,1014645.0,1014641.0,DyK1014+641 ~ DyK1014+645,IN_SCOPE,,0,[],/Users/zhaoxiaoda/Library/CloudStorage/GoogleDrive-xiaodazhao0608@gmail.com/我的云端硬盘/TBM9/HSP/DyK1014+545.00_伯舒拉岭隧道进口右线水平声波剖面法超前地质预报报告(DyK1014+545～DyK1014+645)-20231224.pdf,SONIC_FORECAST,Ⅳ级
NONE,该段无明显反射异常,80b7d57907ec65316553d190,80b7d57907ec65316553d190,False,,doc_80b7d57907ec65316553d190_e0002,DyK1014+635.00_伯舒拉岭隧道进口右线水平声波剖面法超前地质预报报告(DyK1014+635～DyK1014+735)-20231229.pdf,12,1014670.0,1014635.0,DyK1014+635 ~ DyK1014+670,IN_SCOPE,,0,[],/Users/zhaoxiaoda/Library/CloudStorage/GoogleDrive-xiaodazhao0608@gmail.com/我的云端硬盘/TBM9/HSP/DyK1014+635.00_伯舒拉岭隧道进口右线水平声波剖面法超前地质预报报告(DyK1014+635～DyK1014+735)-20231229.pdf,SONIC_FORECAST,Ⅳ级
HIGH,该段存在明显反射异常,80b7d57907ec65316553d190,80b7d57907ec65316553d190,False,,doc_80b7d57907ec65316553d190_e0003,DyK1014+635.00_伯舒拉岭隧道进口右线水平声波剖面法超前地质预报报告(DyK1014+635～DyK1014+735)-20231229.pdf,12,1014692.0,1014670.0,DyK1014+670 ~ DyK1014+692,IN_SCOPE,里程+670、 +678、+683、 +689 附近有 掉块风险,4,"[1014670.0, 1014678.0, 1014683.0, 1014689.0]",/Users/zhaoxiaoda/Library/CloudStorage/GoogleDrive-xiaodazhao0608@gmail.com/我的云端硬盘/TBM9/HSP/DyK1014+635.00_伯舒拉岭隧道进口右线水平声波剖面法超前地质预报报告(DyK1014+635～DyK1014+735)-20231229.pdf,SONIC_FORECAST,Ⅳ级
LOW,该段存在弱反射异常,80b7d57907ec65316553d190,80b7d57907ec65316553d190,False,,doc_80b7d57907ec65316553d190_e0004,DyK1014+635.00_伯舒拉岭隧道进口右线水平声波剖面法超前地质预报报告(DyK1014+635～DyK1014+735)-20231229.pdf,12,1014707.0,1014692.0,DyK1014+692 ~ DyK1014+707,IN_SCOPE,,0,[],/Users/zhaoxiaoda/Library/CloudStorage/GoogleDrive-xiaodazhao0608@gmail.com/我的云端硬盘/TBM9/HSP/DyK1014+635.00_伯舒拉岭隧道进口右线水平声波剖面法超前地质预报报告(DyK1014+635～DyK1014+735)-20231229.pdf,SONIC_FORECAST,Ⅳ级
HIGH,该段存在明显反射异常,80b7d57907ec65316553d190,80b7d57907ec65316553d190,False,,doc_80b7d57907ec65316553d190_e0005,DyK1014+635.00_伯舒拉岭隧道进口右线水平声波剖面法超前地质预报报告(DyK1014+635～DyK1014+735)-20231229.pdf,12,1014730.0,1014707.0,DyK1014+707 ~ DyK1014+730,IN_SCOPE,里程+708、 +713、+719、 +726 附近有 掉块风险,4,"[1014708.0, 1014713.0, 1014719.0, 1014726.0]",/Users/zhaoxiaoda/Library/CloudStorage/GoogleDrive-xiaodazhao0608@gmail.com/我的云端硬盘/TBM9/HSP/DyK1014+635.00_伯舒拉岭隧道进口右线水平声波剖面法超前地质预报报告(DyK1014+635～DyK1014+735)-20231229.pdf,SONIC_FORECAST,Ⅳ级
LOW,该段存在弱反射异常,80b7d57907ec65316553d190,80b7d57907ec65316553d190,False,,doc_80b7d57907ec65316553d190_e0006,DyK1014+635.00_伯舒拉岭隧道进口右线水平声波剖面法超前地质预报报告(DyK1014+635～DyK1014+735)-20231229.pdf,12,1014735.0,1014730.0,DyK1014+730 ~ DyK1014+735,IN_SCOPE,,0,[],/Users/zhaoxiaoda/Library/CloudStorage/GoogleDrive-xiaodazhao0608@gmail.com/我的云端硬盘/TBM9/HSP/DyK1014+635.00_伯舒拉岭隧道进口右线水平声波剖面法超前地质预报报告(DyK1014+635～DyK1014+735)-20231229.pdf,SONIC_FORECAST,Ⅳ级
HIGH,该段存在明显反射异常,447cc0dedd510e33c9d0652b,447cc0dedd510e33c9d0652b,False,,doc_447cc0dedd510e33c9d0652b_e0002,DyK1014+725.00_伯舒拉岭隧道进口右线水平声波剖面法超前地质预报报告(DyK1014+725～DyK1014+825)-20240106.pdf,12,1014746.0,1014725.0,DyK1014+725 ~ DyK1014+746,IN_SCOPE,里程+725、 +733、+741 附近有掉块 风险,3,"[1014725.0, 1014733.0, 1014741.0]",/Users/zhaoxiaoda/Library/CloudStorage/GoogleDrive-xiaodazhao0608@gmail.com/我的云端硬盘/TBM9/HSP/DyK1014+725.00_伯舒拉岭隧道进口右线水平声波剖面法超前地质预报报告(DyK1014+725～DyK1014+825)-20240106.pdf,SONIC_FORECAST,Ⅳ级
NONE,该段无明显反射异常,447cc0dedd510e33c9d0652b,447cc0dedd510e33c9d0652b,False,,doc_447cc0dedd510e33c9d0652b_e0003,DyK1014+725.00_伯舒拉岭隧道进口右线水平声波剖面法超前地质预报报告(DyK1014+725～DyK1014+825)-20240106.pdf,12,1014791.0,1014746.0,DyK1014+746 ~ DyK1014+791,IN_SCOPE,,0,[],/Users/zhaoxiaoda/Library/CloudStorage/GoogleDrive-xiaodazhao0608@gmail.com/我的云端硬盘/TBM9/HSP/DyK1014+725.00_伯舒拉岭隧道进口右线水平声波剖面法超前地质预报报告(DyK1014+725～DyK1014+825)-20240106.pdf,SONIC_FORECAST,Ⅳ级
HIGH,该段存在明显反射异常,447cc0dedd510e33c9d0652b,447cc0dedd510e33c9d0652b,False,,doc_447cc0dedd510e33c9d0652b_e0004,DyK1014+725.00_伯舒拉岭隧道进口右线水平声波剖面法超前地质预报报告(DyK1014+725～DyK1014+825)-20240106.pdf,12,1014803.0,1014791.0,DyK1014+791 ~ DyK1014+803,IN_SCOPE,里程+791、 +799 附近有 掉块风险,2,"[1014791.0, 1014799.0]",/Users/zhaoxiaoda/Library/CloudStorage/GoogleDrive-xiaodazhao0608@gmail.com/我的云端硬盘/TBM9/HSP/DyK1014+725.00_伯舒拉岭隧道进口右线水平声波剖面法超前地质预报报告(DyK1014+725～DyK1014+825)-20240106.pdf,SONIC_FORECAST,Ⅳ级
NONE,该段无明显反射异常,447cc0dedd510e33c9d0652b,447cc0dedd510e33c9d0652b,False,,doc_447cc0dedd510e33c9d0652b_e0005,DyK1014+725.00_伯舒拉岭隧道进口右线水平声波剖面法超前地质预报报告(DyK1014+725～DyK1014+825)-20240106.pdf,12,1014825.0,1014803.0,DyK1014+803 ~ DyK1014+825,IN_SCOPE,,0,[],/Users/zhaoxiaoda/Library/CloudStorage/GoogleDrive-xiaodazhao0608@gmail.com/我的云端硬盘/TBM9/HSP/DyK1014+725.00_伯舒拉岭隧道进口右线水平声波剖面法超前地质预报报告(DyK1014+725～DyK1014+825)-20240106.pdf,SONIC_FORECAST,Ⅳ级
HIGH,该段存在明显反射异常,359b40b31f615f98de748e40,359b40b31f615f98de748e40,False,,doc_359b40b31f615f98de748e40_e0002,DyK1014+806.00_伯舒拉岭隧道进口右线水平声波剖面法超前地质预报报告(DyK1014+806～DyK1014+906)-20240113.pdf,12,1014864.0,1014806.0,DyK1014+806 ~ DyK1014+864,IN_SCOPE,里程+815~ +838整段存 在掉块溜坍 风险,2,"[1014815.0, 1014838.0]",/Users/zhaoxiaoda/Library/CloudStorage/GoogleDrive-xiaodazhao0608@gmail.com/我的云端硬盘/TBM9/HSP/DyK1014+806.00_伯舒拉岭隧道进口右线水平声波剖面法超前地质预报报告(DyK1014+806～DyK1014+906)-20240113.pdf,SONIC_FORECAST,Ⅳ级
NONE,该段无明显反射异常,359b40b31f615f98de748e40,359b40b31f615f98de748e40,False,,doc_359b40b31f615f98de748e40_e0003,DyK1014+806.00_伯舒拉岭隧道进口右线水平声波剖面法超前地质预报报告(DyK1014+806～DyK1014+906)-20240113.pdf,12,1014886.0,1014864.0,DyK1014+864 ~ DyK1014+886,IN_SCOPE,,0,[],/Users/zhaoxiaoda/Library/CloudStorage/GoogleDrive-xiaodazhao0608@gmail.com/我的云端硬盘/TBM9/HSP/DyK1014+806.00_伯舒拉岭隧道进口右线水平声波剖面法超前地质预报报告(DyK1014+806～DyK1014+906)-20240113.pdf,SONIC_FORECAST,Ⅳ级
LOW,该段存在弱反射异常,359b40b31f615f98de748e40,359b40b31f615f98de748e40,False,,doc_359b40b31f615f98de748e40_e0004,DyK1014+806.00_伯舒拉岭隧道进口右线水平声波剖面法超前地质预报报告(DyK1014+806～DyK1014+906)-20240113.pdf,12,1014906.0,1014886.0,DyK1014+886 ~ DyK1014+906,IN_SCOPE,,0,[],/Users/zhaoxiaoda/Library/CloudStorage/GoogleDrive-xiaodazhao0608@gmail.com/我的云端硬盘/TBM9/HSP/DyK1014+806.00_伯舒拉岭隧道进口右线水平声波剖面法超前地质预报报告(DyK1014+806～DyK1014+906)-20240113.pdf,SONIC_FORECAST,Ⅳ级
NONE,该段无明显反射异常,f75ea3987498efba1de7664b,f75ea3987498efba1de7664b,False,,doc_f75ea3987498efba1de7664b_e0002,DyK1014+896.00_伯舒拉岭隧道进口右线水平声波剖面法超前地质预报报告(DyK1014+896～DyK1014+996)-20240128.pdf,12,1014905.0,1014896.0,DyK1014+896 ~ DyK1014+905,IN_SCOPE,,0,[],/Users/zhaoxiaoda/Library/CloudStorage/GoogleDrive-xiaodazhao0608@gmail.com/我的云端硬盘/TBM9/HSP/DyK1014+896.00_伯舒拉岭隧道进口右线水平声波剖面法超前地质预报报告(DyK1014+896～DyK1014+996)-20240128.pdf,SONIC_FORECAST,Ⅳ级
HIGH,该段存在明显反射异常,f75ea3987498efba1de7664b,f75ea3987498efba1de7664b,False,,doc_f75ea3987498efba1de7664b_e0003,DyK1014+896.00_伯舒拉岭隧道进口右线水平声波剖面法超前地质预报报告(DyK1014+896～DyK1014+996)-20240128.pdf,12,1014924.0,1014905.0,DyK1014+905 ~ DyK1014+924,IN_SCOPE,里程+910、 +920 附近存 在掉块溜坍 风险,2,"[1014910.0, 1014920.0]",/Users/zhaoxiaoda/Library/CloudStorage/GoogleDrive-xiaodazhao0608@gmail.com/我的云端硬盘/TBM9/HSP/DyK1014+896.00_伯舒拉岭隧道进口右线水平声波剖面法超前地质预报报告(DyK1014+896～DyK1014+996)-20240128.pdf,SONIC_FORECAST,Ⅳ级
NONE,该段无明显反射异常,f75ea3987498efba1de7664b,f75ea3987498efba1de7664b,False,,doc_f75ea3987498efba1de7664b_e0004,DyK1014+896.00_伯舒拉岭隧道进口右线水平声波剖面法超前地质预报报告(DyK1014+896～DyK1014+996)-20240128.pdf,12,1014933.0,1014924.0,DyK1014+924 ~ DyK1014+933,IN_SCOPE,,0,[],/Users/zhaoxiaoda/Library/CloudStorage/GoogleDrive-xiaodazhao0608@gmail.com/我的云端硬盘/TBM9/HSP/DyK1014+896.00_伯舒拉岭隧道进口右线水平声波剖面法超前地质预报报告(DyK1014+896～DyK1014+996)-20240128.pdf,SONIC_FORECAST,Ⅳ级
HIGH,该段存在明显反射异常,f75ea3987498efba1de7664b,f75ea3987498efba1de7664b,False,,doc_f75ea3987498efba1de7664b_e0005,DyK1014+896.00_伯舒拉岭隧道进口右线水平声波剖面法超前地质预报报告(DyK1014+896～DyK1014+996)-20240128.pdf,12,1014942.0,1014933.0,DyK1014+933 ~ DyK1014+942,IN_SCOPE,里程+933、 +942 附近存 在掉块溜坍 风险,2,"[1014933.0, 1014942.0]",/Users/zhaoxiaoda/Library/CloudStorage/GoogleDrive-xiaodazhao0608@gmail.com/我的云端硬盘/TBM9/HSP/DyK1014+896.00_伯舒拉岭隧道进口右线水平声波剖面法超前地质预报报告(DyK1014+896～DyK1014+996)-20240128.pdf,SONIC_FORECAST,Ⅳ级
NONE,该段无明显反射异常,f75ea3987498efba1de7664b,f75ea3987498efba1de7664b,False,,doc_f75ea3987498efba1de7664b_e0006,DyK1014+896.00_伯舒拉岭隧道进口右线水平声波剖面法超前地质预报报告(DyK1014+896～DyK1014+996)-20240128.pdf,12,1014955.0,1014942.0,DyK1014+942 ~ DyK1014+955,IN_SCOPE,,0,[],/Users/zhaoxiaoda/Library/CloudStorage/GoogleDrive-xiaodazhao0608@gmail.com/我的云端硬盘/TBM9/HSP/DyK1014+896.00_伯舒拉岭隧道进口右线水平声波剖面法超前地质预报报告(DyK1014+896～DyK1014+996)-20240128.pdf,SONIC_FORECAST,Ⅳ级
HIGH,该段存在明显反射异常,f75ea3987498efba1de7664b,f75ea3987498efba1de7664b,False,,doc_f75ea3987498efba1de7664b_e0007,DyK1014+896.00_伯舒拉岭隧道进口右线水平声波剖面法超前地质预报报告(DyK1014+896～DyK1014+996)-20240128.pdf,12,1014996.0,1014955.0,DyK1014+955 ~ DyK1014+996,IN_SCOPE,里程+955、 +970 附近存 在掉块溜坍 风险,2,"[1014955.0, 1014970.0]",/Users/zhaoxiaoda/Library/CloudStorage/GoogleDrive-xiaodazhao0608@gmail.com/我的云端硬盘/TBM9/HSP/DyK1014+896.00_伯舒拉岭隧道进口右线水平声波剖面法超前地质预报报告(DyK1014+896～DyK1014+996)-20240128.pdf,SONIC_FORECAST,Ⅳ级
NONE,该段无明显反射异常,c0dfbcf8fce1423026998847,c0dfbcf8fce1423026998847,True,,doc_c0dfbcf8fce1423026998847_e0002,DyK1014+984.00_伯舒拉岭隧道进口右线水平声波剖面法超前地质预报报告(DyK1014+984～DyK1015+084)-20240204.pdf,12,1015002.0,1014984.0,DyK1014+984 ~ DyK1015+002,IN_SCOPE,,0,[],/Users/zhaoxiaoda/Library/CloudStorage/GoogleDrive-xiaodazhao0608@gmail.com/我的云端硬盘/TBM9/HSP/DyK1014+984.00_伯舒拉岭隧道进口右线水平声波剖面法超前地质预报报告(DyK1014+984～DyK1015+084)-20240204.pdf,SONIC_FORECAST,Ⅳ级
HIGH,该段存在明显反射异常,c0dfbcf8fce1423026998847,c0dfbcf8fce1423026998847,False,,doc_c0dfbcf8fce1423026998847_e0003,DyK1014+984.00_伯舒拉岭隧道进口右线水平声波剖面法超前地质预报报告(DyK1014+984～DyK1015+084)-20240204.pdf,12,1015045.0,1015002.0,DyK1015+002 ~ DyK1015+045,IN_SCOPE,里程+015、 +031、+043 附近存在掉 块风险,3,"[1015015.0, 1015031.0, 1015043.0]",/Users/zhaoxiaoda/Library/CloudStorage/GoogleDrive-xiaodazhao0608@gmail.com/我的云端硬盘/TBM9/HSP/DyK1014+984.00_伯舒拉岭隧道进口右线水平声波剖面法超前地质预报报告(DyK1014+984～DyK1015+084)-20240204.pdf,SONIC_FORECAST,Ⅳ级
NONE,该段无明显反射异常,c0dfbcf8fce1423026998847,c0dfbcf8fce1423026998847,False,,doc_c0dfbcf8fce1423026998847_e0004,DyK1014+984.00_伯舒拉岭隧道进口右线水平声波剖面法超前地质预报报告(DyK1014+984～DyK1015+084)-20240204.pdf,12,1015077.0,1015045.0,DyK1015+045 ~ DyK1015+077,IN_SCOPE,,0,[],/Users/zhaoxiaoda/Library/CloudStorage/GoogleDrive-xiaodazhao0608@gmail.com/我的云端硬盘/TBM9/HSP/DyK1014+984.00_伯舒拉岭隧道进口右线水平声波剖面法超前地质预报报告(DyK1014+984～DyK1015+084)-20240204.pdf,SONIC_FORECAST,Ⅳ级
HIGH,该段存在明显反射异常,c0dfbcf8fce1423026998847,c0dfbcf8fce1423026998847,False,,doc_c0dfbcf8fce1423026998847_e0005,DyK1014+984.00_伯舒拉岭隧道进口右线水平声波剖面法超前地质预报报告(DyK1014+984～DyK1015+084)-20240204.pdf,12,1015084.0,1015077.0,DyK1015+077 ~ DyK1015+084,IN_SCOPE,里程+077附 近存在掉块 风险,1,[1015077.0],/Users/zhaoxiaoda/Library/CloudStorage/GoogleDrive-xiaodazhao0608@gmail.com/我的云端硬盘/TBM9/HSP/DyK1014+984.00_伯舒拉岭隧道进口右线水平声波剖面法超前地质预报报告(DyK1014+984～DyK1015+084)-20240204.pdf,SONIC_FORECAST,Ⅳ级
LOW,该段存在较弱反射异常,79b9643d8e9c9f830496c6ba,79b9643d8e9c9f830496c6ba,False,,doc_79b9643d8e9c9f830496c6ba_e0002,DyK1015+067.00_伯舒拉岭隧道进口右线水平声波剖面法超前地质预报报告(DyK1015+067～DyK1015+167)-20240216.pdf,12,1015087.0,1015067.0,DyK1015+067 ~ DyK1015+087,IN_SCOPE,里程+077附 近存在掉块 风险,1,[1015077.0],/Users/zhaoxiaoda/Library/CloudStorage/GoogleDrive-xiaodazhao0608@gmail.com/我的云端硬盘/TBM9/HSP/DyK1015+067.00_伯舒拉岭隧道进口右线水平声波剖面法超前地质预报报告(DyK1015+067～DyK1015+167)-20240216.pdf,SONIC_FORECAST,Ⅳ级
NONE,该段无明显反射异常,79b9643d8e9c9f830496c6ba,79b9643d8e9c9f830496c6ba,False,,doc_79b9643d8e9c9f830496c6ba_e0003,DyK1015+067.00_伯舒拉岭隧道进口右线水平声波剖面法超前地质预报报告(DyK1015+067～DyK1015+167)-20240216.pdf,12,1015112.0,1015087.0,DyK1015+087 ~ DyK1015+112,IN_SCOPE,,0,[],/Users/zhaoxiaoda/Library/CloudStorage/GoogleDrive-xiaodazhao0608@gmail.com/我的云端硬盘/TBM9/HSP/DyK1015+067.00_伯舒拉岭隧道进口右线水平声波剖面法超前地质预报报告(DyK1015+067～DyK1015+167)-20240216.pdf,SONIC_FORECAST,Ⅳ级
LOW,该段存在较弱反射异常,79b9643d8e9c9f830496c6ba,79b9643d8e9c9f830496c6ba,False,,doc_79b9643d8e9c9f830496c6ba_e0004,DyK1015+067.00_伯舒拉岭隧道进口右线水平声波剖面法超前地质预报报告(DyK1015+067～DyK1015+167)-20240216.pdf,12,1015131.0,1015112.0,DyK1015+112 ~ DyK1015+131,IN_SCOPE,里程+115、 +122 附近存 在掉块风险,2,"[1015115.0, 1015122.0]",/Users/zhaoxiaoda/Library/CloudStorage/GoogleDrive-xiaodazhao0608@gmail.com/我的云端硬盘/TBM9/HSP/DyK1015+067.00_伯舒拉岭隧道进口右线水平声波剖面法超前地质预报报告(DyK1015+067～DyK1015+167)-20240216.pdf,SONIC_FORECAST,Ⅳ级
NONE,该段无明显反射异常,79b9643d8e9c9f830496c6ba,79b9643d8e9c9f830496c6ba,False,,doc_79b9643d8e9c9f830496c6ba_e0005,DyK1015+067.00_伯舒拉岭隧道进口右线水平声波剖面法超前地质预报报告(DyK1015+067～DyK1015+167)-20240216.pdf,12,1015144.0,1015131.0,DyK1015+131 ~ DyK1015+144,IN_SCOPE,,0,[],/Users/zhaoxiaoda/Library/CloudStorage/GoogleDrive-xiaodazhao0608@gmail.com/我的云端硬盘/TBM9/HSP/DyK1015+067.00_伯舒拉岭隧道进口右线水平声波剖面法超前地质预报报告(DyK1015+067～DyK1015+167)-20240216.pdf,SONIC_FORECAST,Ⅳ级
HIGH,该段存在明显反射异常,79b9643d8e9c9f830496c6ba,79b9643d8e9c9f830496c6ba,False,,doc_79b9643d8e9c9f830496c6ba_e0006,DyK1015+067.00_伯舒拉岭隧道进口右线水平声波剖面法超前地质预报报告(DyK1015+067～DyK1015+167)-20240216.pdf,12,1015167.0,1015144.0,DyK1015+144 ~ DyK1015+167,IN_SCOPE,里程+145、 +155、+167 附近存在掉 块风险,3,"[1015145.0, 1015155.0, 1015167.0]",/Users/zhaoxiaoda/Library/CloudStorage/GoogleDrive-xiaodazhao0608@gmail.com/我的云端硬盘/TBM9/HSP/DyK1015+067.00_伯舒拉岭隧道进口右线水平声波剖面法超前地质预报报告(DyK1015+067～DyK1015+167)-20240216.pdf,SONIC_FORECAST,Ⅳ级
MODERATE,该段存在较明显反射异常,a7ffd82d0426c75756afc108,a7ffd82d0426c75756afc108,False,,doc_a7ffd82d0426c75756afc108_e0002,DyK1015+157.00_伯舒拉岭隧道进口右线水平声波剖面法超前地质预报报告(DyK1015+157～DyK1015+257)-20240224.pdf,12,1015181.0,1015157.0,DyK1015+157 ~ DyK1015+181,IN_SCOPE,里程+157、 +160、+170、 +175附近存 在掉块风险,4,"[1015157.0, 1015160.0, 1015170.0, 1015175.0]",/Users/zhaoxiaoda/Library/CloudStorage/GoogleDrive-xiaodazhao0608@gmail.com/我的云端硬盘/TBM9/HSP/DyK1015+157.00_伯舒拉岭隧道进口右线水平声波剖面法超前地质预报报告(DyK1015+157～DyK1015+257)-20240224.pdf,SONIC_FORECAST,Ⅳ级
NONE,该段无明显反射异常,a7ffd82d0426c75756afc108,a7ffd82d0426c75756afc108,False,,doc_a7ffd82d0426c75756afc108_e0003,DyK1015+157.00_伯舒拉岭隧道进口右线水平声波剖面法超前地质预报报告(DyK1015+157～DyK1015+257)-20240224.pdf,12,1015198.0,1015181.0,DyK1015+181 ~ DyK1015+198,IN_SCOPE,,0,[],/Users/zhaoxiaoda/Library/CloudStorage/GoogleDrive-xiaodazhao0608@gmail.com/我的云端硬盘/TBM9/HSP/DyK1015+157.00_伯舒拉岭隧道进口右线水平声波剖面法超前地质预报报告(DyK1015+157～DyK1015+257)-20240224.pdf,SONIC_FORECAST,Ⅳ级
HIGH,该段存在明显反射异常,a7ffd82d0426c75756afc108,a7ffd82d0426c75756afc108,False,,doc_a7ffd82d0426c75756afc108_e0004,DyK1015+157.00_伯舒拉岭隧道进口右线水平声波剖面法超前地质预报报告(DyK1015+157～DyK1015+257)-20240224.pdf,12,1015203.0,1015198.0,DyK1015+198 ~ DyK1015+203,IN_SCOPE,里程+198附 近存在掉块 风险,1,[1015198.0],/Users/zhaoxiaoda/Library/CloudStorage/GoogleDrive-xiaodazhao0608@gmail.com/我的云端硬盘/TBM9/HSP/DyK1015+157.00_伯舒拉岭隧道进口右线水平声波剖面法超前地质预报报告(DyK1015+157～DyK1015+257)-20240224.pdf,SONIC_FORECAST,Ⅳ级
NONE,该段无明显反射异常,a7ffd82d0426c75756afc108,a7ffd82d0426c75756afc108,False,,doc_a7ffd82d0426c75756afc108_e0005,DyK1015+157.00_伯舒拉岭隧道进口右线水平声波剖面法超前地质预报报告(DyK1015+157～DyK1015+257)-20240224.pdf,12,1015218.0,1015203.0,DyK1015+203 ~ DyK1015+218,IN_SCOPE,,0,[],/Users/zhaoxiaoda/Library/CloudStorage/GoogleDrive-xiaodazhao0608@gmail.com/我的云端硬盘/TBM9/HSP/DyK1015+157.00_伯舒拉岭隧道进口右线水平声波剖面法超前地质预报报告(DyK1015+157～DyK1015+257)-20240224.pdf,SONIC_FORECAST,Ⅳ级
HIGH,该段存在明显反射异常,a7ffd82d0426c75756afc108,a7ffd82d0426c75756afc108,False,,doc_a7ffd82d0426c75756afc108_e0006,DyK1015+157.00_伯舒拉岭隧道进口右线水平声波剖面法超前地质预报报告(DyK1015+157～DyK1015+257)-20240224.pdf,12,1015229.0,1015218.0,DyK1015+218 ~ DyK1015+229,IN_SCOPE,里程+218、 +224附近存 在掉块风险,2,"[1015218.0, 1015224.0]",/Users/zhaoxiaoda/Library/CloudStorage/GoogleDrive-xiaodazhao0608@gmail.com/我的云端硬盘/TBM9/HSP/DyK1015+157.00_伯舒拉岭隧道进口右线水平声波剖面法超前地质预报报告(DyK1015+157～DyK1015+257)-20240224.pdf,SONIC_FORECAST,Ⅳ级
HIGH,该段存在明显反射异常,a7ffd82d0426c75756afc108,a7ffd82d0426c75756afc108,False,,doc_a7ffd82d0426c75756afc108_e0007,DyK1015+157.00_伯舒拉岭隧道进口右线水平声波剖面法超前地质预报报告(DyK1015+157～DyK1015+257)-20240224.pdf,12,1015257.0,1015229.0,DyK1015+229 ~ DyK1015+257,IN_SCOPE,,0,[],/Users/zhaoxiaoda/Library/CloudStorage/GoogleDrive-xiaodazhao0608@gmail.com/我的云端硬盘/TBM9/HSP/DyK1015+157.00_伯舒拉岭隧道进口右线水平声波剖面法超前地质预报报告(DyK1015+157～DyK1015+257)-20240224.pdf,SONIC_FORECAST,Ⅳ级
MODERATE,该段存在较明显反射异常,90c07a70085f286a40774a8e,90c07a70085f286a40774a8e,False,,doc_90c07a70085f286a40774a8e_e0002,DyK1015+247.00_伯舒拉岭隧道进口右线水平声波剖面法超前地质预报报告(DyK1015+247～DyK1015+347)-202400311.pdf,12,1015260.0,1015247.0,DyK1015+247 ~ DyK1015+260,IN_SCOPE,里程+250、 +260附近存 在掉块风险,2,"[1015250.0, 1015260.0]",/Users/zhaoxiaoda/Library/CloudStorage/GoogleDrive-xiaodazhao0608@gmail.com/我的云端硬盘/TBM9/HSP/DyK1015+247.00_伯舒拉岭隧道进口右线水平声波剖面法超前地质预报报告(DyK1015+247～DyK1015+347)-202400311.pdf,SONIC_FORECAST,Ⅲ级
NONE,该段无明显反射异常,90c07a70085f286a40774a8e,90c07a70085f286a40774a8e,False,,doc_90c07a70085f286a40774a8e_e0003,DyK1015+247.00_伯舒拉岭隧道进口右线水平声波剖面法超前地质预报报告(DyK1015+247～DyK1015+347)-202400311.pdf,12,1015290.0,1015260.0,DyK1015+260 ~ DyK1015+290,IN_SCOPE,,0,[],/Users/zhaoxiaoda/Library/CloudStorage/GoogleDrive-xiaodazhao0608@gmail.com/我的云端硬盘/TBM9/HSP/DyK1015+247.00_伯舒拉岭隧道进口右线水平声波剖面法超前地质预报报告(DyK1015+247～DyK1015+347)-202400311.pdf,SONIC_FORECAST,Ⅲ级
HIGH,该段存在明显反射异常,90c07a70085f286a40774a8e,90c07a70085f286a40774a8e,False,,doc_90c07a70085f286a40774a8e_e0004,DyK1015+247.00_伯舒拉岭隧道进口右线水平声波剖面法超前地质预报报告(DyK1015+247～DyK1015+347)-202400311.pdf,12,1015312.0,1015290.0,DyK1015+290 ~ DyK1015+312,IN_SCOPE,里程+295、 +304、312附 近存在掉块 风险,2,"[1015295.0, 1015304.0]",/Users/zhaoxiaoda/Library/CloudStorage/GoogleDrive-xiaodazhao0608@gmail.com/我的云端硬盘/TBM9/HSP/DyK1015+247.00_伯舒拉岭隧道进口右线水平声波剖面法超前地质预报报告(DyK1015+247～DyK1015+347)-202400311.pdf,SONIC_FORECAST,Ⅳ级
NONE,该段无明显反射异常,90c07a70085f286a40774a8e,90c07a70085f286a40774a8e,False,,doc_90c07a70085f286a40774a8e_e0005,DyK1015+247.00_伯舒拉岭隧道进口右线水平声波剖面法超前地质预报报告(DyK1015+247～DyK1015+347)-202400311.pdf,12,1015347.0,1015312.0,DyK1015+312 ~ DyK1015+347,IN_SCOPE,,0,[],/Users/zhaoxiaoda/Library/CloudStorage/GoogleDrive-xiaodazhao0608@gmail.com/我的云端硬盘/TBM9/HSP/DyK1015+247.00_伯舒拉岭隧道进口右线水平声波剖面法超前地质预报报告(DyK1015+247～DyK1015+347)-202400311.pdf,SONIC_FORECAST,Ⅲ级
NONE,该段无明显反射异常,15527516f49dbd9ec4687f84,15527516f49dbd9ec4687f84,False,,doc_15527516f49dbd9ec4687f84_e0002,DyK1015+323.00_伯舒拉岭隧道进口右线水平声波剖面法超前地质预报报告(DyK1015+323～DyK1015+423)-202400315.pdf,12,1015335.0,1015323.0,DyK1015+323 ~ DyK1015+335,IN_SCOPE,,0,[],/Users/zhaoxiaoda/Library/CloudStorage/GoogleDrive-xiaodazhao0608@gmail.com/我的云端硬盘/TBM9/HSP/DyK1015+323.00_伯舒拉岭隧道进口右线水平声波剖面法超前地质预报报告(DyK1015+323～DyK1015+423)-202400315.pdf,SONIC_FORECAST,Ⅳ级
HIGH,该段存在明显反射异常,15527516f49dbd9ec4687f84,15527516f49dbd9ec4687f84,False,,doc_15527516f49dbd9ec4687f84_e0003,DyK1015+323.00_伯舒拉岭隧道进口右线水平声波剖面法超前地质预报报告(DyK1015+323～DyK1015+423)-202400315.pdf,12,1015348.0,1015335.0,DyK1015+335 ~ DyK1015+348,IN_SCOPE,里程+343附 近存在掉块 风险,1,[1015343.0],/Users/zhaoxiaoda/Library/CloudStorage/GoogleDrive-xiaodazhao0608@gmail.com/我的云端硬盘/TBM9/HSP/DyK1015+323.00_伯舒拉岭隧道进口右线水平声波剖面法超前地质预报报告(DyK1015+323～DyK1015+423)-202400315.pdf,SONIC_FORECAST,Ⅳ级
NONE,该段无明显反射异常,15527516f49dbd9ec4687f84,15527516f49dbd9ec4687f84,False,,doc_15527516f49dbd9ec4687f84_e0004,DyK1015+323.00_伯舒拉岭隧道进口右线水平声波剖面法超前地质预报报告(DyK1015+323～DyK1015+423)-202400315.pdf,12,1015423.0,1015348.0,DyK1015+348 ~ DyK1015+423,IN_SCOPE,,0,[],/Users/zhaoxiaoda/Library/CloudStorage/GoogleDrive-xiaodazhao0608@gmail.com/我的云端硬盘/TBM9/HSP/DyK1015+323.00_伯舒拉岭隧道进口右线水平声波剖面法超前地质预报报告(DyK1015+323～DyK1015+423)-202400315.pdf,SONIC_FORECAST,Ⅳ级
HIGH,该段存在明显反射异常,a4794fd92653c9996b9a6cf4,a4794fd92653c9996b9a6cf4,False,,doc_a4794fd92653c9996b9a6cf4_e0002,DyK1015+405.00_伯舒拉岭隧道进口右线水平声波剖面法超前地质预报报告(DyK1015+405～DyK1015+505).pdf,12,1015418.0,1015405.0,DyK1015+405 ~ DyK1015+418,IN_SCOPE,里程+415附 近存在掉 块、溜塌风 险,1,[1015415.0],/Users/zhaoxiaoda/Library/CloudStorage/GoogleDrive-xiaodazhao0608@gmail.com/我的云端硬盘/TBM9/HSP/DyK1015+405.00_伯舒拉岭隧道进口右线水平声波剖面法超前地质预报报告(DyK1015+405～DyK1015+505).pdf,SONIC_FORECAST,Ⅳ级
NONE,该段无明显反射异常,a4794fd92653c9996b9a6cf4,a4794fd92653c9996b9a6cf4,False,,doc_a4794fd92653c9996b9a6cf4_e0003,DyK1015+405.00_伯舒拉岭隧道进口右线水平声波剖面法超前地质预报报告(DyK1015+405～DyK1015+505).pdf,12,1015468.0,1015418.0,DyK1015+418 ~ DyK1015+468,IN_SCOPE,,0,[],/Users/zhaoxiaoda/Library/CloudStorage/GoogleDrive-xiaodazhao0608@gmail.com/我的云端硬盘/TBM9/HSP/DyK1015+405.00_伯舒拉岭隧道进口右线水平声波剖面法超前地质预报报告(DyK1015+405～DyK1015+505).pdf,SONIC_FORECAST,Ⅳ级
HIGH,该段存在明显反射异常,a4794fd92653c9996b9a6cf4,a4794fd92653c9996b9a6cf4,False,,doc_a4794fd92653c9996b9a6cf4_e0004,DyK1015+405.00_伯舒拉岭隧道进口右线水平声波剖面法超前地质预报报告(DyK1015+405～DyK1015+505).pdf,12,1015494.0,1015468.0,DyK1015+468 ~ DyK1015+494,IN_SCOPE,里程+478、 +490附近存 在掉块风险,2,"[1015478.0, 1015490.0]",/Users/zhaoxiaoda/Library/CloudStorage/GoogleDrive-xiaodazhao0608@gmail.com/我的云端硬盘/TBM9/HSP/DyK1015+405.00_伯舒拉岭隧道进口右线水平声波剖面法超前地质预报报告(DyK1015+405～DyK1015+505).pdf,SONIC_FORECAST,Ⅳ级
NONE,该段无明显反射异常,a4794fd92653c9996b9a6cf4,a4794fd92653c9996b9a6cf4,False,,doc_a4794fd92653c9996b9a6cf4_e0005,DyK1015+405.00_伯舒拉岭隧道进口右线水平声波剖面法超前地质预报报告(DyK1015+405～DyK1015+505).pdf,12,1015505.0,1015494.0,DyK1015+494 ~ DyK1015+505,IN_SCOPE,,0,[],/Users/zhaoxiaoda/Library/CloudStorage/GoogleDrive-xiaodazhao0608@gmail.com/我的云端硬盘/TBM9/HSP/DyK1015+405.00_伯舒拉岭隧道进口右线水平声波剖面法超前地质预报报告(DyK1015+405～DyK1015+505).pdf,SONIC_FORECAST,Ⅳ级
NONE,该段无明显反射异常,f18a2f957fd17baf43c4355b,f18a2f957fd17baf43c4355b,False,,doc_f18a2f957fd17baf43c4355b_e0002,DyK1015+495.00_伯舒拉岭隧道进口右线水平声波剖面法超前地质预报报告(DyK1015+495～DyK1015+595).pdf,12,1015512.0,1015495.0,DyK1015+495 ~ DyK1015+512,IN_SCOPE,,0,[],/Users/zhaoxiaoda/Library/CloudStorage/GoogleDrive-xiaodazhao0608@gmail.com/我的云端硬盘/TBM9/HSP/DyK1015+495.00_伯舒拉岭隧道进口右线水平声波剖面法超前地质预报报告(DyK1015+495～DyK1015+595).pdf,SONIC_FORECAST,Ⅳ级
HIGH,该段存在明显反射异常,f18a2f957fd17baf43c4355b,f18a2f957fd17baf43c4355b,False,,doc_f18a2f957fd17baf43c4355b_e0003,DyK1015+495.00_伯舒拉岭隧道进口右线水平声波剖面法超前地质预报报告(DyK1015+495～DyK1015+595).pdf,12,1015540.0,1015512.0,DyK1015+512 ~ DyK1015+540,IN_SCOPE,里程+515、 +538附近存 在掉块风险,2,"[1015515.0, 1015538.0]",/Users/zhaoxiaoda/Library/CloudStorage/GoogleDrive-xiaodazhao0608@gmail.com/我的云端硬盘/TBM9/HSP/DyK1015+495.00_伯舒拉岭隧道进口右线水平声波剖面法超前地质预报报告(DyK1015+495～DyK1015+595).pdf,SONIC_FORECAST,Ⅳ级
NONE,该段无明显反射异常,f18a2f957fd17baf43c4355b,f18a2f957fd17baf43c4355b,False,,doc_f18a2f957fd17baf43c4355b_e0004,DyK1015+495.00_伯舒拉岭隧道进口右线水平声波剖面法超前地质预报报告(DyK1015+495～DyK1015+595).pdf,12,1015563.0,1015540.0,DyK1015+540 ~ DyK1015+563,IN_SCOPE,,0,[],/Users/zhaoxiaoda/Library/CloudStorage/GoogleDrive-xiaodazhao0608@gmail.com/我的云端硬盘/TBM9/HSP/DyK1015+495.00_伯舒拉岭隧道进口右线水平声波剖面法超前地质预报报告(DyK1015+495～DyK1015+595).pdf,SONIC_FORECAST,Ⅳ级
HIGH,该段存在明显反射异常,f18a2f957fd17baf43c4355b,f18a2f957fd17baf43c4355b,False,,doc_f18a2f957fd17baf43c4355b_e0005,DyK1015+495.00_伯舒拉岭隧道进口右线水平声波剖面法超前地质预报报告(DyK1015+495～DyK1015+595).pdf,12,1015595.0,1015563.0,DyK1015+563 ~ DyK1015+595,IN_SCOPE,里程+575、 +584附近存 在掉块、溜 坍风险,2,"[1015575.0, 1015584.0]",/Users/zhaoxiaoda/Library/CloudStorage/GoogleDrive-xiaodazhao0608@gmail.com/我的云端硬盘/TBM9/HSP/DyK1015+495.00_伯舒拉岭隧道进口右线水平声波剖面法超前地质预报报告(DyK1015+495～DyK1015+595).pdf,SONIC_FORECAST,Ⅳ级
NONE,该段无明显反射异常,65be642b476319172181db99,65be642b476319172181db99,False,,doc_65be642b476319172181db99_e0002,DyK1015+585.00_伯舒拉岭隧道进口右线水平声波剖面法超前地质预报报告(DyK1015+585～DyK1015+685)-20230328.pdf,12,1015650.0,1015585.0,DyK1015+585 ~ DyK1015+650,IN_SCOPE,,0,[],/Users/zhaoxiaoda/Library/CloudStorage/GoogleDrive-xiaodazhao0608@gmail.com/我的云端硬盘/TBM9/HSP/DyK1015+585.00_伯舒拉岭隧道进口右线水平声波剖面法超前地质预报报告(DyK1015+585～DyK1015+685)-20230328.pdf,SONIC_FORECAST,Ⅳ级
HIGH,该段存在明显反射异常,65be642b476319172181db99,65be642b476319172181db99,False,,doc_65be642b476319172181db99_e0003,DyK1015+585.00_伯舒拉岭隧道进口右线水平声波剖面法超前地质预报报告(DyK1015+585～DyK1015+685)-20230328.pdf,12,1015685.0,1015650.0,DyK1015+650 ~ DyK1015+685,IN_SCOPE,里程+655、 +665、+680 附近存在掉 块、溜坍风 险,3,"[1015655.0, 1015665.0, 1015680.0]",/Users/zhaoxiaoda/Library/CloudStorage/GoogleDrive-xiaodazhao0608@gmail.com/我的云端硬盘/TBM9/HSP/DyK1015+585.00_伯舒拉岭隧道进口右线水平声波剖面法超前地质预报报告(DyK1015+585～DyK1015+685)-20230328.pdf,SONIC_FORECAST,Ⅳ级
NONE,该段无明显反射异常,cf717adc659811d8b9581994,cf717adc659811d8b9581994,False,,doc_cf717adc659811d8b9581994_e0002,DyK1015+673.00_伯舒拉岭隧道进口右线水平声波剖面法超前地质预报报告(DyK1015+673～DyK1015+773)-20230408.pdf,12,1015695.0,1015673.0,DyK1015+673 ~ DyK1015+695,IN_SCOPE,,0,[],/Users/zhaoxiaoda/Library/CloudStorage/GoogleDrive-xiaodazhao0608@gmail.com/我的云端硬盘/TBM9/HSP/DyK1015+673.00_伯舒拉岭隧道进口右线水平声波剖面法超前地质预报报告(DyK1015+673～DyK1015+773)-20230408.pdf,SONIC_FORECAST,Ⅳ级
MODERATE,该段存在较明显反射异常,cf717adc659811d8b9581994,cf717adc659811d8b9581994,False,,doc_cf717adc659811d8b9581994_e0003,DyK1015+673.00_伯舒拉岭隧道进口右线水平声波剖面法超前地质预报报告(DyK1015+673～DyK1015+773)-20230408.pdf,12,1015720.0,1015695.0,DyK1015+695 ~ DyK1015+720,IN_SCOPE,里程+695、 +705、+718 附近存在掉 块、溜坍风 险,3,"[1015695.0, 1015705.0, 1015718.0]",/Users/zhaoxiaoda/Library/CloudStorage/GoogleDrive-xiaodazhao0608@gmail.com/我的云端硬盘/TBM9/HSP/DyK1015+673.00_伯舒拉岭隧道进口右线水平声波剖面法超前地质预报报告(DyK1015+673～DyK1015+773)-20230408.pdf,SONIC_FORECAST,Ⅳ级
NONE,该段无明显反射异常,cf717adc659811d8b9581994,cf717adc659811d8b9581994,False,,doc_cf717adc659811d8b9581994_e0004,DyK1015+673.00_伯舒拉岭隧道进口右线水平声波剖面法超前地质预报报告(DyK1015+673～DyK1015+773)-20230408.pdf,12,1015745.0,1015720.0,DyK1015+720 ~ DyK1015+745,IN_SCOPE,,0,[],/Users/zhaoxiaoda/Library/CloudStorage/GoogleDrive-xiaodazhao0608@gmail.com/我的云端硬盘/TBM9/HSP/DyK1015+673.00_伯舒拉岭隧道进口右线水平声波剖面法超前地质预报报告(DyK1015+673～DyK1015+773)-20230408.pdf,SONIC_FORECAST,Ⅳ级
HIGH,该段存在明显反射异常,cf717adc659811d8b9581994,cf717adc659811d8b9581994,False,,doc_cf717adc659811d8b9581994_e0005,DyK1015+673.00_伯舒拉岭隧道进口右线水平声波剖面法超前地质预报报告(DyK1015+673～DyK1015+773)-20230408.pdf,12,1015773.0,1015745.0,DyK1015+745 ~ DyK1015+773,IN_SCOPE,里程+746、 +754、+762 附近存在掉 块、溜坍风 险,3,"[1015746.0, 1015754.0, 1015762.0]",/Users/zhaoxiaoda/Library/CloudStorage/GoogleDrive-xiaodazhao0608@gmail.com/我的云端硬盘/TBM9/HSP/DyK1015+673.00_伯舒拉岭隧道进口右线水平声波剖面法超前地质预报报告(DyK1015+673～DyK1015+773)-20230408.pdf,SONIC_FORECAST,Ⅳ级
MODERATE,该段存在较明显反射异常,b5debd8437ffd7739b20f51b,b5debd8437ffd7739b20f51b,False,,doc_b5debd8437ffd7739b20f51b_e0002,DyK1015+763.00_伯舒拉岭隧道进口右线水平声波剖面法超前地质预报报告(DyK1015+763～DyK1015+863)-20230418.pdf,12,1015794.0,1015763.0,DyK1015+763 ~ DyK1015+794,IN_SCOPE,里程+777、 +785附近存 在掉块、溜 坍风险,2,"[1015777.0, 1015785.0]",/Users/zhaoxiaoda/Library/CloudStorage/GoogleDrive-xiaodazhao0608@gmail.com/我的云端硬盘/TBM9/HSP/DyK1015+763.00_伯舒拉岭隧道进口右线水平声波剖面法超前地质预报报告(DyK1015+763～DyK1015+863)-20230418.pdf,SONIC_FORECAST,Ⅴ级
HIGH,该段存在明显反射异常,b5debd8437ffd7739b20f51b,b5debd8437ffd7739b20f51b,False,,doc_b5debd8437ffd7739b20f51b_e0003,DyK1015+763.00_伯舒拉岭隧道进口右线水平声波剖面法超前地质预报报告(DyK1015+763～DyK1015+863)-20230418.pdf,12,1015827.0,1015794.0,DyK1015+794 ~ DyK1015+827,IN_SCOPE,里程+797、 +805、+812、 +822附近存 在掉块、溜 坍风险,4,"[1015797.0, 1015805.0, 1015812.0, 1015822.0]",/Users/zhaoxiaoda/Library/CloudStorage/GoogleDrive-xiaodazhao0608@gmail.com/我的云端硬盘/TBM9/HSP/DyK1015+763.00_伯舒拉岭隧道进口右线水平声波剖面法超前地质预报报告(DyK1015+763～DyK1015+863)-20230418.pdf,SONIC_FORECAST,Ⅴ级
MODERATE,该段存在较明显反射异常,b5debd8437ffd7739b20f51b,b5debd8437ffd7739b20f51b,False,,doc_b5debd8437ffd7739b20f51b_e0004,DyK1015+763.00_伯舒拉岭隧道进口右线水平声波剖面法超前地质预报报告(DyK1015+763～DyK1015+863)-20230418.pdf,12,1015841.0,1015827.0,DyK1015+827 ~ DyK1015+841,IN_SCOPE,里程+833、 +837附近存 在掉块风险,2,"[1015833.0, 1015837.0]",/Users/zhaoxiaoda/Library/CloudStorage/GoogleDrive-xiaodazhao0608@gmail.com/我的云端硬盘/TBM9/HSP/DyK1015+763.00_伯舒拉岭隧道进口右线水平声波剖面法超前地质预报报告(DyK1015+763～DyK1015+863)-20230418.pdf,SONIC_FORECAST,Ⅳ级
NONE,该段无明显反射异常,b5debd8437ffd7739b20f51b,b5debd8437ffd7739b20f51b,False,,doc_b5debd8437ffd7739b20f51b_e0005,DyK1015+763.00_伯舒拉岭隧道进口右线水平声波剖面法超前地质预报报告(DyK1015+763～DyK1015+863)-20230418.pdf,12,1015863.0,1015841.0,DyK1015+841 ~ DyK1015+863,IN_SCOPE,,0,[],/Users/zhaoxiaoda/Library/CloudStorage/GoogleDrive-xiaodazhao0608@gmail.com/我的云端硬盘/TBM9/HSP/DyK1015+763.00_伯舒拉岭隧道进口右线水平声波剖面法超前地质预报报告(DyK1015+763～DyK1015+863)-20230418.pdf,SONIC_FORECAST,Ⅳ级
NONE,该段无明显反射异常,c97e70bb1e2e9ac9f6ce57b8,c97e70bb1e2e9ac9f6ce57b8,False,,doc_c97e70bb1e2e9ac9f6ce57b8_e0002,DyK1015+853.00_伯舒拉岭隧道进口右线水平声波剖面法超前地质预报报告(Dyk1015+853～Dyk1015+953)-20230429.pdf,12,1015896.0,1015853.0,DyK1015+853 ~ DyK1015+896,IN_SCOPE,,0,[],/Users/zhaoxiaoda/Library/CloudStorage/GoogleDrive-xiaodazhao0608@gmail.com/我的云端硬盘/TBM9/HSP/DyK1015+853.00_伯舒拉岭隧道进口右线水平声波剖面法超前地质预报报告(Dyk1015+853～Dyk1015+953)-20230429.pdf,SONIC_FORECAST,Ⅳ级
LOW,该段存在弱反射异常,c97e70bb1e2e9ac9f6ce57b8,c97e70bb1e2e9ac9f6ce57b8,False,,doc_c97e70bb1e2e9ac9f6ce57b8_e0003,DyK1015+853.00_伯舒拉岭隧道进口右线水平声波剖面法超前地质预报报告(Dyk1015+853～Dyk1015+953)-20230429.pdf,12,1015930.0,1015896.0,DyK1015+896 ~ DyK1015+930,IN_SCOPE,里程+896、 +910、+928 附近存在掉 块风险,3,"[1015896.0, 1015910.0, 1015928.0]",/Users/zhaoxiaoda/Library/CloudStorage/GoogleDrive-xiaodazhao0608@gmail.com/我的云端硬盘/TBM9/HSP/DyK1015+853.00_伯舒拉岭隧道进口右线水平声波剖面法超前地质预报报告(Dyk1015+853～Dyk1015+953)-20230429.pdf,SONIC_FORECAST,Ⅳ级
HIGH,该段存在明显反射异常,c97e70bb1e2e9ac9f6ce57b8,c97e70bb1e2e9ac9f6ce57b8,False,,doc_c97e70bb1e2e9ac9f6ce57b8_e0004,DyK1015+853.00_伯舒拉岭隧道进口右线水平声波剖面法超前地质预报报告(Dyk1015+853～Dyk1015+953)-20230429.pdf,12,1015953.0,1015930.0,DyK1015+930 ~ DyK1015+953,IN_SCOPE,里程+940附 近存在掉块 溜坍风险,1,[1015940.0],/Users/zhaoxiaoda/Library/CloudStorage/GoogleDrive-xiaodazhao0608@gmail.com/我的云端硬盘/TBM9/HSP/DyK1015+853.00_伯舒拉岭隧道进口右线水平声波剖面法超前地质预报报告(Dyk1015+853～Dyk1015+953)-20230429.pdf,SONIC_FORECAST,Ⅳ级
HIGH,该段存在明显反射异常,a9935080c9bb172eac46c7cd,a9935080c9bb172eac46c7cd,False,,doc_a9935080c9bb172eac46c7cd_e0002,DyK1015+936.00_伯舒拉岭隧道进口右线水平声波剖面法超前地质预报报告(Dyk1015+936～Dyk1016+036)-20230505.pdf,12,1015950.0,1015936.0,DyK1015+936 ~ DyK1015+950,IN_SCOPE,里程+940、 +946附近存 在掉块、溜 坍风险,2,"[1015940.0, 1015946.0]",/Users/zhaoxiaoda/Library/CloudStorage/GoogleDrive-xiaodazhao0608@gmail.com/我的云端硬盘/TBM9/HSP/DyK1015+936.00_伯舒拉岭隧道进口右线水平声波剖面法超前地质预报报告(Dyk1015+936～Dyk1016+036)-20230505.pdf,SONIC_FORECAST,Ⅳ级
LOW,该段存在弱反射异常,a9935080c9bb172eac46c7cd,a9935080c9bb172eac46c7cd,False,,doc_a9935080c9bb172eac46c7cd_e0003,DyK1015+936.00_伯舒拉岭隧道进口右线水平声波剖面法超前地质预报报告(Dyk1015+936～Dyk1016+036)-20230505.pdf,12,1015978.0,1015950.0,DyK1015+950 ~ DyK1015+978,IN_SCOPE,里程+964附 近存在掉块 风险,1,[1015964.0],/Users/zhaoxiaoda/Library/CloudStorage/GoogleDrive-xiaodazhao0608@gmail.com/我的云端硬盘/TBM9/HSP/DyK1015+936.00_伯舒拉岭隧道进口右线水平声波剖面法超前地质预报报告(Dyk1015+936～Dyk1016+036)-20230505.pdf,SONIC_FORECAST,Ⅳ级
HIGH,该段存在明显反射异常,a9935080c9bb172eac46c7cd,a9935080c9bb172eac46c7cd,True,,doc_a9935080c9bb172eac46c7cd_e0004,DyK1015+936.00_伯舒拉岭隧道进口右线水平声波剖面法超前地质预报报告(Dyk1015+936～Dyk1016+036)-20230505.pdf,12,1016005.0,1015978.0,DyK1015+978 ~ DyK1016+005,IN_SCOPE,里程+986、 +000附近存 在掉块、溜 坍风险,2,"[1015986.0, 1016000.0]",/Users/zhaoxiaoda/Library/CloudStorage/GoogleDrive-xiaodazhao0608@gmail.com/我的云端硬盘/TBM9/HSP/DyK1015+936.00_伯舒拉岭隧道进口右线水平声波剖面法超前地质预报报告(Dyk1015+936～Dyk1016+036)-20230505.pdf,SONIC_FORECAST,Ⅳ级
NONE,该段无明显反射异常,a9935080c9bb172eac46c7cd,a9935080c9bb172eac46c7cd,False,,doc_a9935080c9bb172eac46c7cd_e0005,DyK1015+936.00_伯舒拉岭隧道进口右线水平声波剖面法超前地质预报报告(Dyk1015+936～Dyk1016+036)-20230505.pdf,12,1016036.0,1016005.0,DyK1016+005 ~ DyK1016+036,IN_SCOPE,,0,[],/Users/zhaoxiaoda/Library/CloudStorage/GoogleDrive-xiaodazhao0608@gmail.com/我的云端硬盘/TBM9/HSP/DyK1015+936.00_伯舒拉岭隧道进口右线水平声波剖面法超前地质预报报告(Dyk1015+936～Dyk1016+036)-20230505.pdf,SONIC_FORECAST,Ⅳ级
LOW,该段存在弱反射异常,3150aea3003be59260e06840,3150aea3003be59260e06840,False,,doc_3150aea3003be59260e06840_e0002,DyK1016+026.00_伯舒拉岭隧道进口右线水平声波剖面法超前地质预报报告(Dyk1016+026～Dyk1016+126)-20230513.pdf,12,1016060.0,1016026.0,DyK1016+026 ~ DyK1016+060,IN_SCOPE,里程+030、 +040、+055 附近存在掉 块风险,3,"[1016030.0, 1016040.0, 1016055.0]",/Users/zhaoxiaoda/Library/CloudStorage/GoogleDrive-xiaodazhao0608@gmail.com/我的云端硬盘/TBM9/HSP/DyK1016+026.00_伯舒拉岭隧道进口右线水平声波剖面法超前地质预报报告(Dyk1016+026～Dyk1016+126)-20230513.pdf,SONIC_FORECAST,Ⅳ级
NONE,该段无明显反射异常,3150aea3003be59260e06840,3150aea3003be59260e06840,False,,doc_3150aea3003be59260e06840_e0003,DyK1016+026.00_伯舒拉岭隧道进口右线水平声波剖面法超前地质预报报告(Dyk1016+026～Dyk1016+126)-20230513.pdf,12,1016092.0,1016060.0,DyK1016+060 ~ DyK1016+092,IN_SCOPE,,0,[],/Users/zhaoxiaoda/Library/CloudStorage/GoogleDrive-xiaodazhao0608@gmail.com/我的云端硬盘/TBM9/HSP/DyK1016+026.00_伯舒拉岭隧道进口右线水平声波剖面法超前地质预报报告(Dyk1016+026～Dyk1016+126)-20230513.pdf,SONIC_FORECAST,Ⅳ级
HIGH,该段存在明显反射异常,3150aea3003be59260e06840,3150aea3003be59260e06840,False,,doc_3150aea3003be59260e06840_e0004,DyK1016+026.00_伯舒拉岭隧道进口右线水平声波剖面法超前地质预报报告(Dyk1016+026～Dyk1016+126)-20230513.pdf,12,1016110.0,1016092.0,DyK1016+092 ~ DyK1016+110,IN_SCOPE,里程+096、 +108附近存 在掉块、溜 坍风险,2,"[1016096.0, 1016108.0]",/Users/zhaoxiaoda/Library/CloudStorage/GoogleDrive-xiaodazhao0608@gmail.com/我的云端硬盘/TBM9/HSP/DyK1016+026.00_伯舒拉岭隧道进口右线水平声波剖面法超前地质预报报告(Dyk1016+026～Dyk1016+126)-20230513.pdf,SONIC_FORECAST,Ⅳ级
NONE,该段无明显反射异常,3150aea3003be59260e06840,3150aea3003be59260e06840,False,,doc_3150aea3003be59260e06840_e0005,DyK1016+026.00_伯舒拉岭隧道进口右线水平声波剖面法超前地质预报报告(Dyk1016+026～Dyk1016+126)-20230513.pdf,12,1016126.0,1016110.0,DyK1016+110 ~ DyK1016+126,IN_SCOPE,,0,[],/Users/zhaoxiaoda/Library/CloudStorage/GoogleDrive-xiaodazhao0608@gmail.com/我的云端硬盘/TBM9/HSP/DyK1016+026.00_伯舒拉岭隧道进口右线水平声波剖面法超前地质预报报告(Dyk1016+026～Dyk1016+126)-20230513.pdf,SONIC_FORECAST,Ⅳ级
LOW,该段存在弱反射异常,8f981989a349fb208e097627,8f981989a349fb208e097627,False,,doc_8f981989a349fb208e097627_e0002,DyK1016+116.00_伯舒拉岭隧道进口右线水平声波剖面法超前地质预报报告(Dyk1016+116～Dyk1016+216)-20230519.pdf,12,1016162.0,1016116.0,DyK1016+116 ~ DyK1016+162,IN_SCOPE,里程+135、 +146、+160 附近存在掉 块风险,3,"[1016135.0, 1016146.0, 1016160.0]",/Users/zhaoxiaoda/Library/CloudStorage/GoogleDrive-xiaodazhao0608@gmail.com/我的云端硬盘/TBM9/HSP/DyK1016+116.00_伯舒拉岭隧道进口右线水平声波剖面法超前地质预报报告(Dyk1016+116～Dyk1016+216)-20230519.pdf,SONIC_FORECAST,Ⅳ级
NONE,该段无明显反射异常,8f981989a349fb208e097627,8f981989a349fb208e097627,False,,doc_8f981989a349fb208e097627_e0003,DyK1016+116.00_伯舒拉岭隧道进口右线水平声波剖面法超前地质预报报告(Dyk1016+116～Dyk1016+216)-20230519.pdf,12,1016194.0,1016162.0,DyK1016+162 ~ DyK1016+194,IN_SCOPE,,0,[],/Users/zhaoxiaoda/Library/CloudStorage/GoogleDrive-xiaodazhao0608@gmail.com/我的云端硬盘/TBM9/HSP/DyK1016+116.00_伯舒拉岭隧道进口右线水平声波剖面法超前地质预报报告(Dyk1016+116～Dyk1016+216)-20230519.pdf,SONIC_FORECAST,Ⅳ级
HIGH,该段存在明显反射异常,8f981989a349fb208e097627,8f981989a349fb208e097627,False,,doc_8f981989a349fb208e097627_e0004,DyK1016+116.00_伯舒拉岭隧道进口右线水平声波剖面法超前地质预报报告(Dyk1016+116～Dyk1016+216)-20230519.pdf,12,1016216.0,1016194.0,DyK1016+194 ~ DyK1016+216,IN_SCOPE,里程+198、 +205、+212 附近存在掉 块、溜坍风 险,3,"[1016198.0, 1016205.0, 1016212.0]",/Users/zhaoxiaoda/Library/CloudStorage/GoogleDrive-xiaodazhao0608@gmail.com/我的云端硬盘/TBM9/HSP/DyK1016+116.00_伯舒拉岭隧道进口右线水平声波剖面法超前地质预报报告(Dyk1016+116～Dyk1016+216)-20230519.pdf,SONIC_FORECAST,Ⅳ级
NONE,该段无明显反射异常,9b3d85277f627f3f01a41dfc,9b3d85277f627f3f01a41dfc,False,,doc_9b3d85277f627f3f01a41dfc_e0002,DyK1016+206.00_伯舒拉岭隧道进口右线水平声波剖面法超前地质预报报告(Dyk1016+206～Dyk1016+306)-20230526.pdf,12,1016278.0,1016206.0,DyK1016+206 ~ DyK1016+278,IN_SCOPE,,0,[],/Users/zhaoxiaoda/Library/CloudStorage/GoogleDrive-xiaodazhao0608@gmail.com/我的云端硬盘/TBM9/HSP/DyK1016+206.00_伯舒拉岭隧道进口右线水平声波剖面法超前地质预报报告(Dyk1016+206～Dyk1016+306)-20230526.pdf,SONIC_FORECAST,Ⅳ级
HIGH,该段存在明显反射异常,9b3d85277f627f3f01a41dfc,9b3d85277f627f3f01a41dfc,False,,doc_9b3d85277f627f3f01a41dfc_e0003,DyK1016+206.00_伯舒拉岭隧道进口右线水平声波剖面法超前地质预报报告(Dyk1016+206～Dyk1016+306)-20230526.pdf,12,1016306.0,1016278.0,DyK1016+278 ~ DyK1016+306,IN_SCOPE,里程+278、 +288、+297 附近存在掉 块、溜坍风 险,3,"[1016278.0, 1016288.0, 1016297.0]",/Users/zhaoxiaoda/Library/CloudStorage/GoogleDrive-xiaodazhao0608@gmail.com/我的云端硬盘/TBM9/HSP/DyK1016+206.00_伯舒拉岭隧道进口右线水平声波剖面法超前地质预报报告(Dyk1016+206～Dyk1016+306)-20230526.pdf,SONIC_FORECAST,Ⅳ级
MODERATE,该段存在较明显反射异常,2aefbe233d481846fb3ff2e5,2aefbe233d481846fb3ff2e5,False,,doc_2aefbe233d481846fb3ff2e5_e0002,DyK1016+296.00_伯舒拉岭隧道进口右线水平声波剖面法超前地质预报报告(Dyk1016+296～Dyk1016+396)-20230602.pdf,12,1016340.0,1016296.0,DyK1016+296 ~ DyK1016+340,IN_SCOPE,里程+300、 +308、+318、 +332附近存 在掉块风险,4,"[1016300.0, 1016308.0, 1016318.0, 1016332.0]",/Users/zhaoxiaoda/Library/CloudStorage/GoogleDrive-xiaodazhao0608@gmail.com/我的云端硬盘/TBM9/HSP/DyK1016+296.00_伯舒拉岭隧道进口右线水平声波剖面法超前地质预报报告(Dyk1016+296～Dyk1016+396)-20230602.pdf,SONIC_FORECAST,Ⅳ级
NONE,该段无明显反射异常,2aefbe233d481846fb3ff2e5,2aefbe233d481846fb3ff2e5,False,,doc_2aefbe233d481846fb3ff2e5_e0003,DyK1016+296.00_伯舒拉岭隧道进口右线水平声波剖面法超前地质预报报告(Dyk1016+296～Dyk1016+396)-20230602.pdf,12,1016370.0,1016340.0,DyK1016+340 ~ DyK1016+370,IN_SCOPE,,0,[],/Users/zhaoxiaoda/Library/CloudStorage/GoogleDrive-xiaodazhao0608@gmail.com/我的云端硬盘/TBM9/HSP/DyK1016+296.00_伯舒拉岭隧道进口右线水平声波剖面法超前地质预报报告(Dyk1016+296～Dyk1016+396)-20230602.pdf,SONIC_FORECAST,Ⅳ级
HIGH,该段存在明显反射异常,2aefbe233d481846fb3ff2e5,2aefbe233d481846fb3ff2e5,False,,doc_2aefbe233d481846fb3ff2e5_e0004,DyK1016+296.00_伯舒拉岭隧道进口右线水平声波剖面法超前地质预报报告(Dyk1016+296～Dyk1016+396)-20230602.pdf,12,1016396.0,1016370.0,DyK1016+370 ~ DyK1016+396,IN_SCOPE,里程+370、 +382、+390 附近存在掉 块、溜坍风 险,3,"[1016370.0, 1016382.0, 1016390.0]",/Users/zhaoxiaoda/Library/CloudStorage/GoogleDrive-xiaodazhao0608@gmail.com/我的云端硬盘/TBM9/HSP/DyK1016+296.00_伯舒拉岭隧道进口右线水平声波剖面法超前地质预报报告(Dyk1016+296～Dyk1016+396)-20230602.pdf,SONIC_FORECAST,Ⅳ级
MODERATE,该段存在较明显反射异常,bd2464c9601ed3bc6794053c,bd2464c9601ed3bc6794053c,False,,doc_bd2464c9601ed3bc6794053c_e0002,DyK1016+386.00_伯舒拉岭隧道进口右线水平声波剖面法超前地质预报报告(Dyk1016+386～Dyk1016+486)-20230611(1).pdf,12,1016435.0,1016386.0,DyK1016+386 ~ DyK1016+435,IN_SCOPE,里程+405、 +410、+420、 +427附近存 在掉块风险,4,"[1016405.0, 1016410.0, 1016420.0, 1016427.0]",/Users/zhaoxiaoda/Library/CloudStorage/GoogleDrive-xiaodazhao0608@gmail.com/我的云端硬盘/TBM9/HSP/DyK1016+386.00_伯舒拉岭隧道进口右线水平声波剖面法超前地质预报报告(Dyk1016+386～Dyk1016+486)-20230611(1).pdf,SONIC_FORECAST,Ⅳ级
HIGH,该段存在显明显反射异常,bd2464c9601ed3bc6794053c,bd2464c9601ed3bc6794053c,False,,doc_bd2464c9601ed3bc6794053c_e0003,DyK1016+386.00_伯舒拉岭隧道进口右线水平声波剖面法超前地质预报报告(Dyk1016+386～Dyk1016+486)-20230611(1).pdf,12,1016470.0,1016435.0,DyK1016+435 ~ DyK1016+470,IN_SCOPE,里程+437、 +449、+452、 +465、+470 附近存在掉 块、溜坍风 险,5,"[1016437.0, 1016449.0, 1016452.0, 1016465.0, 1016470.0]",/Users/zhaoxiaoda/Library/CloudStorage/GoogleDrive-xiaodazhao0608@gmail.com/我的云端硬盘/TBM9/HSP/DyK1016+386.00_伯舒拉岭隧道进口右线水平声波剖面法超前地质预报报告(Dyk1016+386～Dyk1016+486)-20230611(1).pdf,SONIC_FORECAST,Ⅳ级
MODERATE,该段存在较明显反射异常,bd2464c9601ed3bc6794053c,bd2464c9601ed3bc6794053c,False,,doc_bd2464c9601ed3bc6794053c_e0004,DyK1016+386.00_伯舒拉岭隧道进口右线水平声波剖面法超前地质预报报告(Dyk1016+386～Dyk1016+486)-20230611(1).pdf,12,1016486.0,1016470.0,DyK1016+470 ~ DyK1016+486,IN_SCOPE,里程+478、 +480、+485 附近存在掉 块风险,3,"[1016478.0, 1016480.0, 1016485.0]",/Users/zhaoxiaoda/Library/CloudStorage/GoogleDrive-xiaodazhao0608@gmail.com/我的云端硬盘/TBM9/HSP/DyK1016+386.00_伯舒拉岭隧道进口右线水平声波剖面法超前地质预报报告(Dyk1016+386～Dyk1016+486)-20230611(1).pdf,SONIC_FORECAST,Ⅳ级
NONE,该段无明显反射异常,7ef565cd9067e10b5d8d8702,7ef565cd9067e10b5d8d8702,False,,doc_7ef565cd9067e10b5d8d8702_e0002,DyK1016+476.00_伯舒拉岭隧道进口右线水平声波剖面法超前地质预报报告(Dyk1016+476～Dyk1016+586)-20240619.pdf,12,1016510.0,1016476.0,DyK1016+476 ~ DyK1016+510,IN_SCOPE,,0,[],/Users/zhaoxiaoda/Library/CloudStorage/GoogleDrive-xiaodazhao0608@gmail.com/我的云端硬盘/TBM9/HSP/DyK1016+476.00_伯舒拉岭隧道进口右线水平声波剖面法超前地质预报报告(Dyk1016+476～Dyk1016+586)-20240619.pdf,SONIC_FORECAST,Ⅲ级
HIGH,该段存在显明显反射异常,7ef565cd9067e10b5d8d8702,7ef565cd9067e10b5d8d8702,False,,doc_7ef565cd9067e10b5d8d8702_e0003,DyK1016+476.00_伯舒拉岭隧道进口右线水平声波剖面法超前地质预报报告(Dyk1016+476～Dyk1016+586)-20240619.pdf,12,1016560.0,1016510.0,DyK1016+510 ~ DyK1016+560,IN_SCOPE,里程+510、 +520、+544、 +550、+555 附近存在掉 块、溜坍风 险,5,"[1016510.0, 1016520.0, 1016544.0, 1016550.0, 1016555.0]",/Users/zhaoxiaoda/Library/CloudStorage/GoogleDrive-xiaodazhao0608@gmail.com/我的云端硬盘/TBM9/HSP/DyK1016+476.00_伯舒拉岭隧道进口右线水平声波剖面法超前地质预报报告(Dyk1016+476～Dyk1016+586)-20240619.pdf,SONIC_FORECAST,Ⅳ级
NONE,该段无明显反射异常,7ef565cd9067e10b5d8d8702,7ef565cd9067e10b5d8d8702,False,,doc_7ef565cd9067e10b5d8d8702_e0004,DyK1016+476.00_伯舒拉岭隧道进口右线水平声波剖面法超前地质预报报告(Dyk1016+476～Dyk1016+586)-20240619.pdf,12,1016576.0,1016560.0,DyK1016+560 ~ DyK1016+576,IN_SCOPE,,0,[],/Users/zhaoxiaoda/Library/CloudStorage/GoogleDrive-xiaodazhao0608@gmail.com/我的云端硬盘/TBM9/HSP/DyK1016+476.00_伯舒拉岭隧道进口右线水平声波剖面法超前地质预报报告(Dyk1016+476～Dyk1016+586)-20240619.pdf,SONIC_FORECAST,Ⅲ级
NONE,该段无明显反射异常,af2f8807176806c46eed14bc,af2f8807176806c46eed14bc,False,,doc_af2f8807176806c46eed14bc_e0002,DyK1016+555.00_伯舒拉岭隧道进口右线水平声波剖面法超前地质预报报告(Dyk1016+555～Dyk1016+655)-20240624.pdf,12,1016580.0,1016555.0,DyK1016+555 ~ DyK1016+580,IN_SCOPE,,0,[],/Users/zhaoxiaoda/Library/CloudStorage/GoogleDrive-xiaodazhao0608@gmail.com/我的云端硬盘/TBM9/HSP/DyK1016+555.00_伯舒拉岭隧道进口右线水平声波剖面法超前地质预报报告(Dyk1016+555～Dyk1016+655)-20240624.pdf,SONIC_FORECAST,Ⅲ级
UNKNOWN,该段存在显明反射异常,af2f8807176806c46eed14bc,af2f8807176806c46eed14bc,False,,doc_af2f8807176806c46eed14bc_e0003,DyK1016+555.00_伯舒拉岭隧道进口右线水平声波剖面法超前地质预报报告(Dyk1016+555～Dyk1016+655)-20240624.pdf,12,1016608.0,1016580.0,DyK1016+580 ~ DyK1016+608,IN_SCOPE,里程+580、 +585、+600、 +605 附近存 在掉块风险,4,"[1016580.0, 1016585.0, 1016600.0, 1016605.0]",/Users/zhaoxiaoda/Library/CloudStorage/GoogleDrive-xiaodazhao0608@gmail.com/我的云端硬盘/TBM9/HSP/DyK1016+555.00_伯舒拉岭隧道进口右线水平声波剖面法超前地质预报报告(Dyk1016+555～Dyk1016+655)-20240624.pdf,SONIC_FORECAST,Ⅳ级
NONE,该段无明显反射异常,af2f8807176806c46eed14bc,af2f8807176806c46eed14bc,False,,doc_af2f8807176806c46eed14bc_e0004,DyK1016+555.00_伯舒拉岭隧道进口右线水平声波剖面法超前地质预报报告(Dyk1016+555～Dyk1016+655)-20240624.pdf,12,1016628.0,1016608.0,DyK1016+608 ~ DyK1016+628,IN_SCOPE,,0,[],/Users/zhaoxiaoda/Library/CloudStorage/GoogleDrive-xiaodazhao0608@gmail.com/我的云端硬盘/TBM9/HSP/DyK1016+555.00_伯舒拉岭隧道进口右线水平声波剖面法超前地质预报报告(Dyk1016+555～Dyk1016+655)-20240624.pdf,SONIC_FORECAST,Ⅲ级
UNKNOWN,该段存在显明反射异常,af2f8807176806c46eed14bc,af2f8807176806c46eed14bc,False,,doc_af2f8807176806c46eed14bc_e0005,DyK1016+555.00_伯舒拉岭隧道进口右线水平声波剖面法超前地质预报报告(Dyk1016+555～Dyk1016+655)-20240624.pdf,12,1016655.0,1016628.0,DyK1016+628 ~ DyK1016+655,IN_SCOPE,里程+628、 +634、+644、 +650 附近存 在掉块风险,4,"[1016628.0, 1016634.0, 1016644.0, 1016650.0]",/Users/zhaoxiaoda/Library/CloudStorage/GoogleDrive-xiaodazhao0608@gmail.com/我的云端硬盘/TBM9/HSP/DyK1016+555.00_伯舒拉岭隧道进口右线水平声波剖面法超前地质预报报告(Dyk1016+555～Dyk1016+655)-20240624.pdf,SONIC_FORECAST,Ⅳ级
NONE,该段无明显反射异常,79a3a1c078d4fa12f19289fb,79a3a1c078d4fa12f19289fb,False,,doc_79a3a1c078d4fa12f19289fb_e0002,DyK1016+642.00_伯舒拉岭隧道进口右线水平声波剖面法超前地质预报报告(Dyk1016+642～Dyk1016+742)-20240703.pdf,12,1016660.0,1016642.0,DyK1016+642 ~ DyK1016+660,IN_SCOPE,,0,[],/Users/zhaoxiaoda/Library/CloudStorage/GoogleDrive-xiaodazhao0608@gmail.com/我的云端硬盘/TBM9/HSP/DyK1016+642.00_伯舒拉岭隧道进口右线水平声波剖面法超前地质预报报告(Dyk1016+642～Dyk1016+742)-20240703.pdf,SONIC_FORECAST,Ⅲ级
MODERATE,该段存在较明显反射异常,79a3a1c078d4fa12f19289fb,79a3a1c078d4fa12f19289fb,False,,doc_79a3a1c078d4fa12f19289fb_e0003,DyK1016+642.00_伯舒拉岭隧道进口右线水平声波剖面法超前地质预报报告(Dyk1016+642～Dyk1016+742)-20240703.pdf,12,1016674.0,1016660.0,DyK1016+660 ~ DyK1016+674,IN_SCOPE,里程+660、 +662、+672 附近存在掉 块风险,3,"[1016660.0, 1016662.0, 1016672.0]",/Users/zhaoxiaoda/Library/CloudStorage/GoogleDrive-xiaodazhao0608@gmail.com/我的云端硬盘/TBM9/HSP/DyK1016+642.00_伯舒拉岭隧道进口右线水平声波剖面法超前地质预报报告(Dyk1016+642～Dyk1016+742)-20240703.pdf,SONIC_FORECAST,Ⅳ级
NONE,该段无明显反射异常,79a3a1c078d4fa12f19289fb,79a3a1c078d4fa12f19289fb,False,,doc_79a3a1c078d4fa12f19289fb_e0004,DyK1016+642.00_伯舒拉岭隧道进口右线水平声波剖面法超前地质预报报告(Dyk1016+642～Dyk1016+742)-20240703.pdf,12,1016704.0,1016674.0,DyK1016+674 ~ DyK1016+704,IN_SCOPE,,0,[],/Users/zhaoxiaoda/Library/CloudStorage/GoogleDrive-xiaodazhao0608@gmail.com/我的云端硬盘/TBM9/HSP/DyK1016+642.00_伯舒拉岭隧道进口右线水平声波剖面法超前地质预报报告(Dyk1016+642～Dyk1016+742)-20240703.pdf,SONIC_FORECAST,Ⅲ级
UNKNOWN,该段存在显明反射异常,79a3a1c078d4fa12f19289fb,79a3a1c078d4fa12f19289fb,False,,doc_79a3a1c078d4fa12f19289fb_e0005,DyK1016+642.00_伯舒拉岭隧道进口右线水平声波剖面法超前地质预报报告(Dyk1016+642～Dyk1016+742)-20240703.pdf,12,1016718.0,1016704.0,DyK1016+704 ~ DyK1016+718,IN_SCOPE,里程+704、 +708、+713、 +718 附近存 在掉块、溜 坍风险,4,"[1016704.0, 1016708.0, 1016713.0, 1016718.0]",/Users/zhaoxiaoda/Library/CloudStorage/GoogleDrive-xiaodazhao0608@gmail.com/我的云端硬盘/TBM9/HSP/DyK1016+642.00_伯舒拉岭隧道进口右线水平声波剖面法超前地质预报报告(Dyk1016+642～Dyk1016+742)-20240703.pdf,SONIC_FORECAST,Ⅳ级
NONE,该段无明显反射异常,79a3a1c078d4fa12f19289fb,79a3a1c078d4fa12f19289fb,False,,doc_79a3a1c078d4fa12f19289fb_e0006,DyK1016+642.00_伯舒拉岭隧道进口右线水平声波剖面法超前地质预报报告(Dyk1016+642～Dyk1016+742)-20240703.pdf,12,1016742.0,1016718.0,DyK1016+718 ~ DyK1016+742,IN_SCOPE,,0,[],/Users/zhaoxiaoda/Library/CloudStorage/GoogleDrive-xiaodazhao0608@gmail.com/我的云端硬盘/TBM9/HSP/DyK1016+642.00_伯舒拉岭隧道进口右线水平声波剖面法超前地质预报报告(Dyk1016+642～Dyk1016+742)-20240703.pdf,SONIC_FORECAST,Ⅲ级
MODERATE,该段存在较明显反射异常,9c1d7e4bb57f22a29eff04cd,9c1d7e4bb57f22a29eff04cd,False,,doc_9c1d7e4bb57f22a29eff04cd_e0002,DyK1016+732.00_伯舒拉岭隧道进口右线水平声波剖面法超前地质预报报告(Dyk1016+732～Dyk1016+832)-20240707.pdf,12,1016756.0,1016732.0,DyK1016+732 ~ DyK1016+756,IN_SCOPE,里程+746、 +750、+756 附近存在掉 块风险,3,"[1016746.0, 1016750.0, 1016756.0]",/Users/zhaoxiaoda/Library/CloudStorage/GoogleDrive-xiaodazhao0608@gmail.com/我的云端硬盘/TBM9/HSP/DyK1016+732.00_伯舒拉岭隧道进口右线水平声波剖面法超前地质预报报告(Dyk1016+732～Dyk1016+832)-20240707.pdf,SONIC_FORECAST,Ⅳ级
NONE,该段无明显反射异常,9c1d7e4bb57f22a29eff04cd,9c1d7e4bb57f22a29eff04cd,False,,doc_9c1d7e4bb57f22a29eff04cd_e0003,DyK1016+732.00_伯舒拉岭隧道进口右线水平声波剖面法超前地质预报报告(Dyk1016+732～Dyk1016+832)-20240707.pdf,12,1016776.0,1016756.0,DyK1016+756 ~ DyK1016+776,IN_SCOPE,,0,[],/Users/zhaoxiaoda/Library/CloudStorage/GoogleDrive-xiaodazhao0608@gmail.com/我的云端硬盘/TBM9/HSP/DyK1016+732.00_伯舒拉岭隧道进口右线水平声波剖面法超前地质预报报告(Dyk1016+732～Dyk1016+832)-20240707.pdf,SONIC_FORECAST,Ⅲ级
HIGH,该段存在明显反射异常,9c1d7e4bb57f22a29eff04cd,9c1d7e4bb57f22a29eff04cd,False,,doc_9c1d7e4bb57f22a29eff04cd_e0004,DyK1016+732.00_伯舒拉岭隧道进口右线水平声波剖面法超前地质预报报告(Dyk1016+732～Dyk1016+832)-20240707.pdf,12,1016786.0,1016776.0,DyK1016+776 ~ DyK1016+786,IN_SCOPE,里程+776、 +782、+786 附近存在掉 块、溜坍风 险,3,"[1016776.0, 1016782.0, 1016786.0]",/Users/zhaoxiaoda/Library/CloudStorage/GoogleDrive-xiaodazhao0608@gmail.com/我的云端硬盘/TBM9/HSP/DyK1016+732.00_伯舒拉岭隧道进口右线水平声波剖面法超前地质预报报告(Dyk1016+732～Dyk1016+832)-20240707.pdf,SONIC_FORECAST,Ⅳ级
NONE,该段无明显反射异常,9c1d7e4bb57f22a29eff04cd,9c1d7e4bb57f22a29eff04cd,False,,doc_9c1d7e4bb57f22a29eff04cd_e0005,DyK1016+732.00_伯舒拉岭隧道进口右线水平声波剖面法超前地质预报报告(Dyk1016+732～Dyk1016+832)-20240707.pdf,12,1016796.0,1016786.0,DyK1016+786 ~ DyK1016+796,IN_SCOPE,,0,[],/Users/zhaoxiaoda/Library/CloudStorage/GoogleDrive-xiaodazhao0608@gmail.com/我的云端硬盘/TBM9/HSP/DyK1016+732.00_伯舒拉岭隧道进口右线水平声波剖面法超前地质预报报告(Dyk1016+732～Dyk1016+832)-20240707.pdf,SONIC_FORECAST,Ⅲ级
UNKNOWN,该段存在较显明反射异常,9c1d7e4bb57f22a29eff04cd,9c1d7e4bb57f22a29eff04cd,False,,doc_9c1d7e4bb57f22a29eff04cd_e0006,DyK1016+732.00_伯舒拉岭隧道进口右线水平声波剖面法超前地质预报报告(Dyk1016+732～Dyk1016+832)-20240707.pdf,12,1016832.0,1016796.0,DyK1016+796 ~ DyK1016+832,IN_SCOPE,里程+796、 +810、+824、 +832 附近存 在掉块风险,4,"[1016796.0, 1016810.0, 1016824.0, 1016832.0]",/Users/zhaoxiaoda/Library/CloudStorage/GoogleDrive-xiaodazhao0608@gmail.com/我的云端硬盘/TBM9/HSP/DyK1016+732.00_伯舒拉岭隧道进口右线水平声波剖面法超前地质预报报告(Dyk1016+732～Dyk1016+832)-20240707.pdf,SONIC_FORECAST,Ⅳ级
MODERATE,该段存在较明显反射异常,c1ec9015c8c78399bed0d292,c1ec9015c8c78399bed0d292,False,,doc_c1ec9015c8c78399bed0d292_e0002,DyK1016+908.00_伯舒拉岭隧道进口右线水平声波剖面法超前地质预报报告(Dyk1016+908～Dyk1017+008)-20240716.pdf,12,1016930.0,1016908.0,DyK1016+908 ~ DyK1016+930,IN_SCOPE,里程+910、 +920、+925 附近存在掉 块风险,3,"[1016910.0, 1016920.0, 1016925.0]",/Users/zhaoxiaoda/Library/CloudStorage/GoogleDrive-xiaodazhao0608@gmail.com/我的云端硬盘/TBM9/HSP/DyK1016+908.00_伯舒拉岭隧道进口右线水平声波剖面法超前地质预报报告(Dyk1016+908～Dyk1017+008)-20240716.pdf,SONIC_FORECAST,Ⅳ级
NONE,该段无明显反射异常,c1ec9015c8c78399bed0d292,c1ec9015c8c78399bed0d292,False,,doc_c1ec9015c8c78399bed0d292_e0003,DyK1016+908.00_伯舒拉岭隧道进口右线水平声波剖面法超前地质预报报告(Dyk1016+908～Dyk1017+008)-20240716.pdf,12,1016950.0,1016930.0,DyK1016+930 ~ DyK1016+950,IN_SCOPE,,0,[],/Users/zhaoxiaoda/Library/CloudStorage/GoogleDrive-xiaodazhao0608@gmail.com/我的云端硬盘/TBM9/HSP/DyK1016+908.00_伯舒拉岭隧道进口右线水平声波剖面法超前地质预报报告(Dyk1016+908～Dyk1017+008)-20240716.pdf,SONIC_FORECAST,Ⅲ级
HIGH,该段存在明显反射异常,c1ec9015c8c78399bed0d292,c1ec9015c8c78399bed0d292,False,,doc_c1ec9015c8c78399bed0d292_e0004,DyK1016+908.00_伯舒拉岭隧道进口右线水平声波剖面法超前地质预报报告(Dyk1016+908～Dyk1017+008)-20240716.pdf,12,1016972.0,1016950.0,DyK1016+950 ~ DyK1016+972,IN_SCOPE,里程+958、 +964、+968 附近存在掉 块、溜坍风 险,3,"[1016958.0, 1016964.0, 1016968.0]",/Users/zhaoxiaoda/Library/CloudStorage/GoogleDrive-xiaodazhao0608@gmail.com/我的云端硬盘/TBM9/HSP/DyK1016+908.00_伯舒拉岭隧道进口右线水平声波剖面法超前地质预报报告(Dyk1016+908～Dyk1017+008)-20240716.pdf,SONIC_FORECAST,Ⅳ级
NONE,该段无明显反射异常,c1ec9015c8c78399bed0d292,c1ec9015c8c78399bed0d292,False,,doc_c1ec9015c8c78399bed0d292_e0005,DyK1016+908.00_伯舒拉岭隧道进口右线水平声波剖面法超前地质预报报告(Dyk1016+908～Dyk1017+008)-20240716.pdf,12,1016980.0,1016972.0,DyK1016+972 ~ DyK1016+980,IN_SCOPE,,0,[],/Users/zhaoxiaoda/Library/CloudStorage/GoogleDrive-xiaodazhao0608@gmail.com/我的云端硬盘/TBM9/HSP/DyK1016+908.00_伯舒拉岭隧道进口右线水平声波剖面法超前地质预报报告(Dyk1016+908～Dyk1017+008)-20240716.pdf,SONIC_FORECAST,Ⅲ级
HIGH,该段存在明显反射异常,c1ec9015c8c78399bed0d292,c1ec9015c8c78399bed0d292,True,,doc_c1ec9015c8c78399bed0d292_e0006,DyK1016+908.00_伯舒拉岭隧道进口右线水平声波剖面法超前地质预报报告(Dyk1016+908～Dyk1017+008)-20240716.pdf,12,1017008.0,1016980.0,DyK1016+980 ~ DyK1017+008,IN_SCOPE,里程+988、 +994、+004、 +008附近存 在掉块、溜 坍风险,4,"[1016988.0, 1016994.0, 1017004.0, 1017008.0]",/Users/zhaoxiaoda/Library/CloudStorage/GoogleDrive-xiaodazhao0608@gmail.com/我的云端硬盘/TBM9/HSP/DyK1016+908.00_伯舒拉岭隧道进口右线水平声波剖面法超前地质预报报告(Dyk1016+908～Dyk1017+008)-20240716.pdf,SONIC_FORECAST,Ⅳ级
HIGH,该段存在明显反射异常,136f634e89bc5e9b4040f0ba,136f634e89bc5e9b4040f0ba,True,,doc_136f634e89bc5e9b4040f0ba_e0002,DyK1016+998.00_伯舒拉岭隧道进口右线水平声波剖面法超前地质预报报告(Dyk1016+998～Dyk1017+098)-20240720.pdf,12,1017055.0,1016998.0,DyK1016+998 ~ DyK1017+055,IN_SCOPE,里程+000、 +020、+035、 +050附近存 在掉块、溜 坍风险,4,"[1017000.0, 1017020.0, 1017035.0, 1017050.0]",/Users/zhaoxiaoda/Library/CloudStorage/GoogleDrive-xiaodazhao0608@gmail.com/我的云端硬盘/TBM9/HSP/DyK1016+998.00_伯舒拉岭隧道进口右线水平声波剖面法超前地质预报报告(Dyk1016+998～Dyk1017+098)-20240720.pdf,SONIC_FORECAST,Ⅳ级
NONE,该段无明显反射异常,136f634e89bc5e9b4040f0ba,136f634e89bc5e9b4040f0ba,False,,doc_136f634e89bc5e9b4040f0ba_e0003,DyK1016+998.00_伯舒拉岭隧道进口右线水平声波剖面法超前地质预报报告(Dyk1016+998～Dyk1017+098)-20240720.pdf,12,1017090.0,1017055.0,DyK1017+055 ~ DyK1017+090,IN_SCOPE,,0,[],/Users/zhaoxiaoda/Library/CloudStorage/GoogleDrive-xiaodazhao0608@gmail.com/我的云端硬盘/TBM9/HSP/DyK1016+998.00_伯舒拉岭隧道进口右线水平声波剖面法超前地质预报报告(Dyk1016+998～Dyk1017+098)-20240720.pdf,SONIC_FORECAST,Ⅲ级
MODERATE,该段存在较明显反射异常,136f634e89bc5e9b4040f0ba,136f634e89bc5e9b4040f0ba,False,,doc_136f634e89bc5e9b4040f0ba_e0004,DyK1016+998.00_伯舒拉岭隧道进口右线水平声波剖面法超前地质预报报告(Dyk1016+998～Dyk1017+098)-20240720.pdf,12,1017098.0,1017090.0,DyK1017+090 ~ DyK1017+098,IN_SCOPE,里程+093附 近存在掉 块、溜坍风 险,1,[1017093.0],/Users/zhaoxiaoda/Library/CloudStorage/GoogleDrive-xiaodazhao0608@gmail.com/我的云端硬盘/TBM9/HSP/DyK1016+998.00_伯舒拉岭隧道进口右线水平声波剖面法超前地质预报报告(Dyk1016+998～Dyk1017+098)-20240720.pdf,SONIC_FORECAST,Ⅳ级
NONE,该段无明显反射异常,0381e28b8d8376ab150335ab,0381e28b8d8376ab150335ab,False,,doc_0381e28b8d8376ab150335ab_e0002,DyK1017+088.00_伯舒拉岭隧道进口右线水平声波剖面法超前地质预报报告(Dyk1017+088～Dyk1017+188)-20240724.pdf,13,1017102.0,1017088.0,DyK1017+088 ~ DyK1017+102,IN_SCOPE,,0,[],/Users/zhaoxiaoda/Library/CloudStorage/GoogleDrive-xiaodazhao0608@gmail.com/我的云端硬盘/TBM9/HSP/DyK1017+088.00_伯舒拉岭隧道进口右线水平声波剖面法超前地质预报报告(Dyk1017+088～Dyk1017+188)-20240724.pdf,SONIC_FORECAST,Ⅳ级
HIGH,该段存在明显反射异常,0381e28b8d8376ab150335ab,0381e28b8d8376ab150335ab,False,,doc_0381e28b8d8376ab150335ab_e0003,DyK1017+088.00_伯舒拉岭隧道进口右线水平声波剖面法超前地质预报报告(Dyk1017+088～Dyk1017+188)-20240724.pdf,13,1017130.0,1017102.0,DyK1017+102 ~ DyK1017+130,IN_SCOPE,里程+102、 +111、+121、 +123、+128 附近存在掉 块、溜坍风 险,5,"[1017102.0, 1017111.0, 1017121.0, 1017123.0, 1017128.0]",/Users/zhaoxiaoda/Library/CloudStorage/GoogleDrive-xiaodazhao0608@gmail.com/我的云端硬盘/TBM9/HSP/DyK1017+088.00_伯舒拉岭隧道进口右线水平声波剖面法超前地质预报报告(Dyk1017+088～Dyk1017+188)-20240724.pdf,SONIC_FORECAST,Ⅳ级
NONE,该段无明显反射异常,0381e28b8d8376ab150335ab,0381e28b8d8376ab150335ab,False,,doc_0381e28b8d8376ab150335ab_e0004,DyK1017+088.00_伯舒拉岭隧道进口右线水平声波剖面法超前地质预报报告(Dyk1017+088～Dyk1017+188)-20240724.pdf,13,1017143.0,1017130.0,DyK1017+130 ~ DyK1017+143,IN_SCOPE,,0,[],/Users/zhaoxiaoda/Library/CloudStorage/GoogleDrive-xiaodazhao0608@gmail.com/我的云端硬盘/TBM9/HSP/DyK1017+088.00_伯舒拉岭隧道进口右线水平声波剖面法超前地质预报报告(Dyk1017+088～Dyk1017+188)-20240724.pdf,SONIC_FORECAST,Ⅳ级
MODERATE,该段存在较明显反射异常,0381e28b8d8376ab150335ab,0381e28b8d8376ab150335ab,False,,doc_0381e28b8d8376ab150335ab_e0005,DyK1017+088.00_伯舒拉岭隧道进口右线水平声波剖面法超前地质预报报告(Dyk1017+088～Dyk1017+188)-20240724.pdf,13,1017157.0,1017143.0,DyK1017+143 ~ DyK1017+157,IN_SCOPE,里程+143、 +150、+154 附近存在掉 块风险,3,"[1017143.0, 1017150.0, 1017154.0]",/Users/zhaoxiaoda/Library/CloudStorage/GoogleDrive-xiaodazhao0608@gmail.com/我的云端硬盘/TBM9/HSP/DyK1017+088.00_伯舒拉岭隧道进口右线水平声波剖面法超前地质预报报告(Dyk1017+088～Dyk1017+188)-20240724.pdf,SONIC_FORECAST,Ⅳ级
NONE,该段无明显反射异常,0381e28b8d8376ab150335ab,0381e28b8d8376ab150335ab,False,,doc_0381e28b8d8376ab150335ab_e0006,DyK1017+088.00_伯舒拉岭隧道进口右线水平声波剖面法超前地质预报报告(Dyk1017+088～Dyk1017+188)-20240724.pdf,13,1017170.0,1017157.0,DyK1017+157 ~ DyK1017+170,IN_SCOPE,,0,[],/Users/zhaoxiaoda/Library/CloudStorage/GoogleDrive-xiaodazhao0608@gmail.com/我的云端硬盘/TBM9/HSP/DyK1017+088.00_伯舒拉岭隧道进口右线水平声波剖面法超前地质预报报告(Dyk1017+088～Dyk1017+188)-20240724.pdf,SONIC_FORECAST,Ⅳ级
HIGH,该段存在明显反射异常,0381e28b8d8376ab150335ab,0381e28b8d8376ab150335ab,False,,doc_0381e28b8d8376ab150335ab_e0007,DyK1017+088.00_伯舒拉岭隧道进口右线水平声波剖面法超前地质预报报告(Dyk1017+088～Dyk1017+188)-20240724.pdf,13,1017188.0,1017170.0,DyK1017+170 ~ DyK1017+188,IN_SCOPE,里程+170、 +179、+186 附近存在掉 块、溜坍风 险,3,"[1017170.0, 1017179.0, 1017186.0]",/Users/zhaoxiaoda/Library/CloudStorage/GoogleDrive-xiaodazhao0608@gmail.com/我的云端硬盘/TBM9/HSP/DyK1017+088.00_伯舒拉岭隧道进口右线水平声波剖面法超前地质预报报告(Dyk1017+088～Dyk1017+188)-20240724.pdf,SONIC_FORECAST,Ⅳ级
HIGH,该段存在明显反射异常,7e31fc491daeb4b50b01439f,7e31fc491daeb4b50b01439f,False,,doc_7e31fc491daeb4b50b01439f_e0002,DyK1017+178.00_伯舒拉岭隧道进口右线水平声波剖面法超前地质预报报告(Dyk1017+178～Dyk1017+278)-20240801.pdf,12,1017205.0,1017178.0,DyK1017+178 ~ DyK1017+205,IN_SCOPE,里程+180、 +195附近存 在掉块、溜 坍及卡机风 险,2,"[1017180.0, 1017195.0]",/Users/zhaoxiaoda/Library/CloudStorage/GoogleDrive-xiaodazhao0608@gmail.com/我的云端硬盘/TBM9/HSP/DyK1017+178.00_伯舒拉岭隧道进口右线水平声波剖面法超前地质预报报告(Dyk1017+178～Dyk1017+278)-20240801.pdf,SONIC_FORECAST,Ⅳ级
NONE,该段无明显反射异常,7e31fc491daeb4b50b01439f,7e31fc491daeb4b50b01439f,False,,doc_7e31fc491daeb4b50b01439f_e0003,DyK1017+178.00_伯舒拉岭隧道进口右线水平声波剖面法超前地质预报报告(Dyk1017+178～Dyk1017+278)-20240801.pdf,12,1017213.0,1017205.0,DyK1017+205 ~ DyK1017+213,IN_SCOPE,里程+205、 +213 附近存 在掉块、溜 坍及卡机风 险,2,"[1017205.0, 1017213.0]",/Users/zhaoxiaoda/Library/CloudStorage/GoogleDrive-xiaodazhao0608@gmail.com/我的云端硬盘/TBM9/HSP/DyK1017+178.00_伯舒拉岭隧道进口右线水平声波剖面法超前地质预报报告(Dyk1017+178～Dyk1017+278)-20240801.pdf,SONIC_FORECAST,Ⅳ级
HIGH,该段存在明显反射异常,7e31fc491daeb4b50b01439f,7e31fc491daeb4b50b01439f,False,,doc_7e31fc491daeb4b50b01439f_e0004,DyK1017+178.00_伯舒拉岭隧道进口右线水平声波剖面法超前地质预报报告(Dyk1017+178～Dyk1017+278)-20240801.pdf,12,1017239.0,1017213.0,DyK1017+213 ~ DyK1017+239,IN_SCOPE,里程+218、 +231附近存 在掉块、溜 坍及卡机风 险,2,"[1017218.0, 1017231.0]",/Users/zhaoxiaoda/Library/CloudStorage/GoogleDrive-xiaodazhao0608@gmail.com/我的云端硬盘/TBM9/HSP/DyK1017+178.00_伯舒拉岭隧道进口右线水平声波剖面法超前地质预报报告(Dyk1017+178～Dyk1017+278)-20240801.pdf,SONIC_FORECAST,Ⅳ级
NONE,该段无明显反射异常,7e31fc491daeb4b50b01439f,7e31fc491daeb4b50b01439f,False,,doc_7e31fc491daeb4b50b01439f_e0005,DyK1017+178.00_伯舒拉岭隧道进口右线水平声波剖面法超前地质预报报告(Dyk1017+178～Dyk1017+278)-20240801.pdf,12,1017249.0,1017239.0,DyK1017+239 ~ DyK1017+249,IN_SCOPE,,0,[],/Users/zhaoxiaoda/Library/CloudStorage/GoogleDrive-xiaodazhao0608@gmail.com/我的云端硬盘/TBM9/HSP/DyK1017+178.00_伯舒拉岭隧道进口右线水平声波剖面法超前地质预报报告(Dyk1017+178～Dyk1017+278)-20240801.pdf,SONIC_FORECAST,Ⅳ级
HIGH,该段存在明显反射异常,7e31fc491daeb4b50b01439f,7e31fc491daeb4b50b01439f,False,,doc_7e31fc491daeb4b50b01439f_e0006,DyK1017+178.00_伯舒拉岭隧道进口右线水平声波剖面法超前地质预报报告(Dyk1017+178～Dyk1017+278)-20240801.pdf,12,1017278.0,1017249.0,DyK1017+249 ~ DyK1017+278,IN_SCOPE,里程+252、 +265、+278 附近存在掉 块、溜坍及 卡机风险,3,"[1017252.0, 1017265.0, 1017278.0]",/Users/zhaoxiaoda/Library/CloudStorage/GoogleDrive-xiaodazhao0608@gmail.com/我的云端硬盘/TBM9/HSP/DyK1017+178.00_伯舒拉岭隧道进口右线水平声波剖面法超前地质预报报告(Dyk1017+178～Dyk1017+278)-20240801.pdf,SONIC_FORECAST,Ⅳ级
NONE,该段无明显反射异常,35bc453f131e32dcc2cc8b7a,35bc453f131e32dcc2cc8b7a,False,,doc_35bc453f131e32dcc2cc8b7a_e0002,DyK1017+268.00_伯舒拉岭隧道进口右线水平声波剖面法超前地质预报报告(Dyk1017+268～Dyk1017+368)-20240826.pdf,12,1017287.0,1017268.0,DyK1017+268 ~ DyK1017+287,IN_SCOPE,该段存在掉 块坍塌及卡 机风险,0,[],/Users/zhaoxiaoda/Library/CloudStorage/GoogleDrive-xiaodazhao0608@gmail.com/我的云端硬盘/TBM9/HSP/DyK1017+268.00_伯舒拉岭隧道进口右线水平声波剖面法超前地质预报报告(Dyk1017+268～Dyk1017+368)-20240826.pdf,SONIC_FORECAST,Ⅴ级
HIGH,该段存在明显反射异常,35bc453f131e32dcc2cc8b7a,35bc453f131e32dcc2cc8b7a,False,,doc_35bc453f131e32dcc2cc8b7a_e0003,DyK1017+268.00_伯舒拉岭隧道进口右线水平声波剖面法超前地质预报报告(Dyk1017+268～Dyk1017+368)-20240826.pdf,12,1017332.0,1017287.0,DyK1017+287 ~ DyK1017+332,IN_SCOPE,里程+287、 +295、+305、 +311、+315、 +321、+326、 +331附近存 在掉块坍塌 及极高卡机 风险,8,"[1017287.0, 1017295.0, 1017305.0, 1017311.0, 1017315.0, 1017321.0, 1017326.0, 1017331.0]",/Users/zhaoxiaoda/Library/CloudStorage/GoogleDrive-xiaodazhao0608@gmail.com/我的云端硬盘/TBM9/HSP/DyK1017+268.00_伯舒拉岭隧道进口右线水平声波剖面法超前地质预报报告(Dyk1017+268～Dyk1017+368)-20240826.pdf,SONIC_FORECAST,Ⅴ级
MODERATE,该段存在较明显反射异常,35bc453f131e32dcc2cc8b7a,35bc453f131e32dcc2cc8b7a,False,,doc_35bc453f131e32dcc2cc8b7a_e0004,DyK1017+268.00_伯舒拉岭隧道进口右线水平声波剖面法超前地质预报报告(Dyk1017+268～Dyk1017+368)-20240826.pdf,12,1017368.0,1017332.0,DyK1017+332 ~ DyK1017+368,IN_SCOPE,里程+353、 +365 附近存 在掉块坍塌 及卡机风险,2,"[1017353.0, 1017365.0]",/Users/zhaoxiaoda/Library/CloudStorage/GoogleDrive-xiaodazhao0608@gmail.com/我的云端硬盘/TBM9/HSP/DyK1017+268.00_伯舒拉岭隧道进口右线水平声波剖面法超前地质预报报告(Dyk1017+268～Dyk1017+368)-20240826.pdf,SONIC_FORECAST,Ⅴ级
HIGH,该段存在明显反射异常,b179f059c821798b8e087c6c,b179f059c821798b8e087c6c,False,,doc_b179f059c821798b8e087c6c_e0002,DyK1017+358.00_伯舒拉岭隧道进口右线水平声波剖面法超前地质预报报告(Dyk1017+358～Dyk1017+458)-20240919.pdf,12,1017390.0,1017358.0,DyK1017+358 ~ DyK1017+390,IN_SCOPE,里程+360、 +365、+370、 +377、+383、 +388附近存 在掉块、坍 塌及卡机风 险,6,"[1017360.0, 1017365.0, 1017370.0, 1017377.0, 1017383.0, 1017388.0]",/Users/zhaoxiaoda/Library/CloudStorage/GoogleDrive-xiaodazhao0608@gmail.com/我的云端硬盘/TBM9/HSP/DyK1017+358.00_伯舒拉岭隧道进口右线水平声波剖面法超前地质预报报告(Dyk1017+358～Dyk1017+458)-20240919.pdf,SONIC_FORECAST,Ⅴ级
NONE,该段无明显反射异常,b179f059c821798b8e087c6c,b179f059c821798b8e087c6c,False,,doc_b179f059c821798b8e087c6c_e0003,DyK1017+358.00_伯舒拉岭隧道进口右线水平声波剖面法超前地质预报报告(Dyk1017+358～Dyk1017+458)-20240919.pdf,12,1017406.0,1017390.0,DyK1017+390 ~ DyK1017+406,IN_SCOPE,,0,[],/Users/zhaoxiaoda/Library/CloudStorage/GoogleDrive-xiaodazhao0608@gmail.com/我的云端硬盘/TBM9/HSP/DyK1017+358.00_伯舒拉岭隧道进口右线水平声波剖面法超前地质预报报告(Dyk1017+358～Dyk1017+458)-20240919.pdf,SONIC_FORECAST,Ⅴ级
HIGH,该段存在明显反射异常,b179f059c821798b8e087c6c,b179f059c821798b8e087c6c,False,,doc_b179f059c821798b8e087c6c_e0004,DyK1017+358.00_伯舒拉岭隧道进口右线水平声波剖面法超前地质预报报告(Dyk1017+358～Dyk1017+458)-20240919.pdf,12,1017440.0,1017406.0,DyK1017+406 ~ DyK1017+440,IN_SCOPE,里程+407、 +410、+416、 +421、+434、 +438 附近存 在掉块、坍 塌及卡机风 险,6,"[1017407.0, 1017410.0, 1017416.0, 1017421.0, 1017434.0, 1017438.0]",/Users/zhaoxiaoda/Library/CloudStorage/GoogleDrive-xiaodazhao0608@gmail.com/我的云端硬盘/TBM9/HSP/DyK1017+358.00_伯舒拉岭隧道进口右线水平声波剖面法超前地质预报报告(Dyk1017+358～Dyk1017+458)-20240919.pdf,SONIC_FORECAST,Ⅴ级
NONE,该段无明显反射异常,b179f059c821798b8e087c6c,b179f059c821798b8e087c6c,False,,doc_b179f059c821798b8e087c6c_e0005,DyK1017+358.00_伯舒拉岭隧道进口右线水平声波剖面法超前地质预报报告(Dyk1017+358～Dyk1017+458)-20240919.pdf,12,1017458.0,1017440.0,DyK1017+440 ~ DyK1017+458,IN_SCOPE,,0,[],/Users/zhaoxiaoda/Library/CloudStorage/GoogleDrive-xiaodazhao0608@gmail.com/我的云端硬盘/TBM9/HSP/DyK1017+358.00_伯舒拉岭隧道进口右线水平声波剖面法超前地质预报报告(Dyk1017+358～Dyk1017+458)-20240919.pdf,SONIC_FORECAST,Ⅴ级
HIGH,该段存在明显反射异常,b4c57a992083ecf09dd329d5,b4c57a992083ecf09dd329d5,False,,doc_b4c57a992083ecf09dd329d5_e0002,DyK1017+444.00_伯舒拉岭隧道进口右线水平声波剖面法超前地质预报报告(Dyk1017+444～Dyk1017+544)-20241117(1).pdf,13,1017453.0,1017444.0,DyK1017+444 ~ DyK1017+453,IN_SCOPE,里程+447附 近存在掉 块、坍塌及 卡机风险,1,[1017447.0],/Users/zhaoxiaoda/Library/CloudStorage/GoogleDrive-xiaodazhao0608@gmail.com/我的云端硬盘/TBM9/HSP/DyK1017+444.00_伯舒拉岭隧道进口右线水平声波剖面法超前地质预报报告(Dyk1017+444～Dyk1017+544)-20241117(1).pdf,SONIC_FORECAST,Ⅴ级
NONE,该段无明显反射异常,b4c57a992083ecf09dd329d5,b4c57a992083ecf09dd329d5,False,,doc_b4c57a992083ecf09dd329d5_e0003,DyK1017+444.00_伯舒拉岭隧道进口右线水平声波剖面法超前地质预报报告(Dyk1017+444～Dyk1017+544)-20241117(1).pdf,13,1017463.0,1017453.0,DyK1017+453 ~ DyK1017+463,IN_SCOPE,,0,[],/Users/zhaoxiaoda/Library/CloudStorage/GoogleDrive-xiaodazhao0608@gmail.com/我的云端硬盘/TBM9/HSP/DyK1017+444.00_伯舒拉岭隧道进口右线水平声波剖面法超前地质预报报告(Dyk1017+444～Dyk1017+544)-20241117(1).pdf,SONIC_FORECAST,Ⅴ级
HIGH,该段存在明显反射异常,b4c57a992083ecf09dd329d5,b4c57a992083ecf09dd329d5,False,,doc_b4c57a992083ecf09dd329d5_e0004,DyK1017+444.00_伯舒拉岭隧道进口右线水平声波剖面法超前地质预报报告(Dyk1017+444～Dyk1017+544)-20241117(1).pdf,13,1017478.0,1017463.0,DyK1017+463 ~ DyK1017+478,IN_SCOPE,里程+463、 +475 附近存 在掉块、坍 塌及卡机风 险,2,"[1017463.0, 1017475.0]",/Users/zhaoxiaoda/Library/CloudStorage/GoogleDrive-xiaodazhao0608@gmail.com/我的云端硬盘/TBM9/HSP/DyK1017+444.00_伯舒拉岭隧道进口右线水平声波剖面法超前地质预报报告(Dyk1017+444～Dyk1017+544)-20241117(1).pdf,SONIC_FORECAST,Ⅴ级
NONE,该段无明显反射异常,b4c57a992083ecf09dd329d5,b4c57a992083ecf09dd329d5,False,,doc_b4c57a992083ecf09dd329d5_e0005,DyK1017+444.00_伯舒拉岭隧道进口右线水平声波剖面法超前地质预报报告(Dyk1017+444～Dyk1017+544)-20241117(1).pdf,13,1017507.0,1017478.0,DyK1017+478 ~ DyK1017+507,IN_SCOPE,,0,[],/Users/zhaoxiaoda/Library/CloudStorage/GoogleDrive-xiaodazhao0608@gmail.com/我的云端硬盘/TBM9/HSP/DyK1017+444.00_伯舒拉岭隧道进口右线水平声波剖面法超前地质预报报告(Dyk1017+444～Dyk1017+544)-20241117(1).pdf,SONIC_FORECAST,Ⅴ级
MODERATE,该段存在较明显反射异常,b4c57a992083ecf09dd329d5,b4c57a992083ecf09dd329d5,False,,doc_b4c57a992083ecf09dd329d5_e0006,DyK1017+444.00_伯舒拉岭隧道进口右线水平声波剖面法超前地质预报报告(Dyk1017+444～Dyk1017+544)-20241117(1).pdf,13,1017512.0,1017507.0,DyK1017+507 ~ DyK1017+512,IN_SCOPE,里程+507 附 近 存 在 掉 块、坍塌及 卡机风险,1,[1017507.0],/Users/zhaoxiaoda/Library/CloudStorage/GoogleDrive-xiaodazhao0608@gmail.com/我的云端硬盘/TBM9/HSP/DyK1017+444.00_伯舒拉岭隧道进口右线水平声波剖面法超前地质预报报告(Dyk1017+444～Dyk1017+544)-20241117(1).pdf,SONIC_FORECAST,Ⅴ级
NONE,该段无明显反射异常,b4c57a992083ecf09dd329d5,b4c57a992083ecf09dd329d5,False,,doc_b4c57a992083ecf09dd329d5_e0007,DyK1017+444.00_伯舒拉岭隧道进口右线水平声波剖面法超前地质预报报告(Dyk1017+444～Dyk1017+544)-20241117(1).pdf,13,1017528.0,1017512.0,DyK1017+512 ~ DyK1017+528,IN_SCOPE,,0,[],/Users/zhaoxiaoda/Library/CloudStorage/GoogleDrive-xiaodazhao0608@gmail.com/我的云端硬盘/TBM9/HSP/DyK1017+444.00_伯舒拉岭隧道进口右线水平声波剖面法超前地质预报报告(Dyk1017+444～Dyk1017+544)-20241117(1).pdf,SONIC_FORECAST,Ⅴ级
MODERATE,该段存在较明显反射异常,b4c57a992083ecf09dd329d5,b4c57a992083ecf09dd329d5,False,,doc_b4c57a992083ecf09dd329d5_e0008,DyK1017+444.00_伯舒拉岭隧道进口右线水平声波剖面法超前地质预报报告(Dyk1017+444～Dyk1017+544)-20241117(1).pdf,13,1017533.0,1017528.0,DyK1017+528 ~ DyK1017+533,IN_SCOPE,里程+528 附 近 存 在 掉 块、坍塌及 卡机风险,1,[1017528.0],/Users/zhaoxiaoda/Library/CloudStorage/GoogleDrive-xiaodazhao0608@gmail.com/我的云端硬盘/TBM9/HSP/DyK1017+444.00_伯舒拉岭隧道进口右线水平声波剖面法超前地质预报报告(Dyk1017+444～Dyk1017+544)-20241117(1).pdf,SONIC_FORECAST,Ⅴ级
NONE,该段无明显反射异常,b4c57a992083ecf09dd329d5,b4c57a992083ecf09dd329d5,False,,doc_b4c57a992083ecf09dd329d5_e0009,DyK1017+444.00_伯舒拉岭隧道进口右线水平声波剖面法超前地质预报报告(Dyk1017+444～Dyk1017+544)-20241117(1).pdf,13,1017541.0,1017533.0,DyK1017+533 ~ DyK1017+541,IN_SCOPE,,0,[],/Users/zhaoxiaoda/Library/CloudStorage/GoogleDrive-xiaodazhao0608@gmail.com/我的云端硬盘/TBM9/HSP/DyK1017+444.00_伯舒拉岭隧道进口右线水平声波剖面法超前地质预报报告(Dyk1017+444～Dyk1017+544)-20241117(1).pdf,SONIC_FORECAST,Ⅴ级
HIGH,该段存在明显反射异常,b4c57a992083ecf09dd329d5,b4c57a992083ecf09dd329d5,False,,doc_b4c57a992083ecf09dd329d5_e0010,DyK1017+444.00_伯舒拉岭隧道进口右线水平声波剖面法超前地质预报报告(Dyk1017+444～Dyk1017+544)-20241117(1).pdf,13,1017544.0,1017541.0,DyK1017+541 ~ DyK1017+544,IN_SCOPE,里程+541 附 近 存 在 掉 块、坍塌及 卡机风险,1,[1017541.0],/Users/zhaoxiaoda/Library/CloudStorage/GoogleDrive-xiaodazhao0608@gmail.com/我的云端硬盘/TBM9/HSP/DyK1017+444.00_伯舒拉岭隧道进口右线水平声波剖面法超前地质预报报告(Dyk1017+444～Dyk1017+544)-20241117(1).pdf,SONIC_FORECAST,Ⅴ级
