assertion_id,assertion_type,assertion_uid,asset_id,attributes,conflict_details,consistency_status,derived_from_evidence_ids,document_id,filename,raw_text,source_spans,source_type,spatial_scope
assert_7a2f202132e67b25,GRADE_SUMMARY,doc_58b5929e39d044c3fabb2d14_a0001,58b5929e39d044c3fabb2d14,{'suggested_grade': 'Ⅴ级'},[],CONSISTENT,"['tblv2_810a09ada2af9e55', 'tblv2_ca4bfc55aca2ae97', 'tblv2_85a1b8762b0b24b2', 'tblv2_a76b5728af4f079e', 'tblv2_cc341dd811e7d7fd']",doc_58b5929e39d044c3fabb2d14,DyK1013+124.20_伯舒拉岭隧道进口右线地震波反射法超前地质预报报告(DyK1013+080.2～DyK1013+200.2)-20230603.pdf,DyK1013+080.2 ～DyK1013+161 段建议按Ⅴ级围岩施工，,"[{'span_id': 'span_47f50b8469666f5f', 'page_number': 10, 'bbox': None, 'raw_text': 'DyK1013+080.2 ～DyK1013+161 段建议按Ⅴ级围岩施工，', 'normalized_text': 'DyK1013+080.2 ～DyK1013+161 段建议按Ⅴ级围岩施工，', 'extraction_method': 'pymupdf_page_text', 'source_role': 'chapter_7_assertion', 'table_index': None, 'row_index': None, 'column_index': None}]",TSP_REPORT,"{'kind': <SpatialKind.INTERVAL: 'INTERVAL'>, 'start_chainage': 1013080.2, 'end_chainage': 1013161.0, 'raw_expression': 'DyK1013+080.2 ～DyK1013+161', 'basis': 'tsp_chapter_7_assertion'}"
assert_ac4e25d96039d41c,GRADE_SUMMARY,doc_58b5929e39d044c3fabb2d14_a0002,58b5929e39d044c3fabb2d14,{'suggested_grade': 'Ⅳ级'},[],CONSISTENT,['tblv2_00453700164bf01c'],doc_58b5929e39d044c3fabb2d14,DyK1013+124.20_伯舒拉岭隧道进口右线地震波反射法超前地质预报报告(DyK1013+080.2～DyK1013+200.2)-20230603.pdf,DyK1013+161～DyK1013+182 段建议按Ⅳ级围岩施工，,"[{'span_id': 'span_5ace0e86625fe485', 'page_number': 10, 'bbox': None, 'raw_text': 'DyK1013+161～DyK1013+182 段建议按Ⅳ级围岩施工，', 'normalized_text': 'DyK1013+161～DyK1013+182 段建议按Ⅳ级围岩施工，', 'extraction_method': 'pymupdf_page_text', 'source_role': 'chapter_7_assertion', 'table_index': None, 'row_index': None, 'column_index': None}]",TSP_REPORT,"{'kind': <SpatialKind.INTERVAL: 'INTERVAL'>, 'start_chainage': 1013161.0, 'end_chainage': 1013182.0, 'raw_expression': 'DyK1013+161～DyK1013+182', 'basis': 'tsp_chapter_7_assertion'}"
assert_52c8ba67d07c2fda,GRADE_SUMMARY,doc_58b5929e39d044c3fabb2d14_a0003,58b5929e39d044c3fabb2d14,{'suggested_grade': 'Ⅳ级'},['table suggested_grade=Ⅴ级; summary suggested_grade=Ⅳ级'],CONFLICT,['tblv2_d299ac990f0b83f2'],doc_58b5929e39d044c3fabb2d14,DyK1013+124.20_伯舒拉岭隧道进口右线地震波反射法超前地质预报报告(DyK1013+080.2～DyK1013+200.2)-20230603.pdf,DyK1013+182～ DyK1013+200.2 段建议按Ⅳ级围岩施工,"[{'span_id': 'span_bd4491da667c52a6', 'page_number': 10, 'bbox': None, 'raw_text': 'DyK1013+182～ DyK1013+200.2 段建议按Ⅳ级围岩施工', 'normalized_text': 'DyK1013+182～ DyK1013+200.2 段建议按Ⅳ级围岩施工', 'extraction_method': 'pymupdf_page_text', 'source_role': 'chapter_7_assertion', 'table_index': None, 'row_index': None, 'column_index': None}]",TSP_REPORT,"{'kind': <SpatialKind.INTERVAL: 'INTERVAL'>, 'start_chainage': 1013182.0, 'end_chainage': 1013200.2, 'raw_expression': 'DyK1013+182～ DyK1013+200.2', 'basis': 'tsp_chapter_7_assertion'}"
assert_3da59cc5abe0cdcc,BLOCK_FALL_SUMMARY,doc_58b5929e39d044c3fabb2d14_a0004,58b5929e39d044c3fabb2d14,{'block_fall_or_collapse': '掉块风险'},[],CONSISTENT,['tblv2_cc341dd811e7d7fd'],doc_58b5929e39d044c3fabb2d14,DyK1013+124.20_伯舒拉岭隧道进口右线地震波反射法超前地质预报报告(DyK1013+080.2～DyK1013+200.2)-20230603.pdf,（2） DyK1013+137～DyK1013+161 段节理裂隙发育密集，岩体破碎- 极破碎；DyK1013+182～DyK1013+200.2 段岩质软硬不均，节理裂隙发育密 集，局部泥质填充，岩体破碎-极破碎，该两段围岩整体稳定性较差，存在 掉块风险。,"[{'span_id': 'span_a458971217de9c63', 'page_number': 10, 'bbox': None, 'raw_text': '（2） DyK1013+137～DyK1013+161 段节理裂隙发育密集，岩体破碎- 极破碎；DyK1013+182～DyK1013+200.2 段岩质软硬不均，节理裂隙发育密 集，局部泥质填充，岩体破碎-极破碎，该两段围岩整体稳定性较差，存在 掉块风险。', 'normalized_text': '（2） DyK1013+137～DyK1013+161 段节理裂隙发育密集，岩体破碎- 极破碎；DyK1013+182～DyK1013+200.2 段岩质软硬不均，节理裂隙发育密 集，局部泥质填充，岩体破碎-极破碎，该两段围岩整体稳定性较差，存在 掉块风险。', 'extraction_method': 'pymupdf_page_text', 'source_role': 'chapter_7_assertion', 'table_index': None, 'row_index': None, 'column_index': None}]",TSP_REPORT,"{'kind': <SpatialKind.INTERVAL: 'INTERVAL'>, 'start_chainage': 1013137.0, 'end_chainage': 1013161.0, 'raw_expression': 'DyK1013+137～DyK1013+161', 'basis': 'tsp_chapter_7_assertion'}"
assert_48c32cadbc5afae7,BLOCK_FALL_SUMMARY,doc_58b5929e39d044c3fabb2d14_a0005,58b5929e39d044c3fabb2d14,{'block_fall_or_collapse': '掉块风险'},[],CONSISTENT,['tblv2_d299ac990f0b83f2'],doc_58b5929e39d044c3fabb2d14,DyK1013+124.20_伯舒拉岭隧道进口右线地震波反射法超前地质预报报告(DyK1013+080.2～DyK1013+200.2)-20230603.pdf,（2） DyK1013+137～DyK1013+161 段节理裂隙发育密集，岩体破碎- 极破碎；DyK1013+182～DyK1013+200.2 段岩质软硬不均，节理裂隙发育密 集，局部泥质填充，岩体破碎-极破碎，该两段围岩整体稳定性较差，存在 掉块风险。,"[{'span_id': 'span_a458971217de9c63', 'page_number': 10, 'bbox': None, 'raw_text': '（2） DyK1013+137～DyK1013+161 段节理裂隙发育密集，岩体破碎- 极破碎；DyK1013+182～DyK1013+200.2 段岩质软硬不均，节理裂隙发育密 集，局部泥质填充，岩体破碎-极破碎，该两段围岩整体稳定性较差，存在 掉块风险。', 'normalized_text': '（2） DyK1013+137～DyK1013+161 段节理裂隙发育密集，岩体破碎- 极破碎；DyK1013+182～DyK1013+200.2 段岩质软硬不均，节理裂隙发育密 集，局部泥质填充，岩体破碎-极破碎，该两段围岩整体稳定性较差，存在 掉块风险。', 'extraction_method': 'pymupdf_page_text', 'source_role': 'chapter_7_assertion', 'table_index': None, 'row_index': None, 'column_index': None}]",TSP_REPORT,"{'kind': <SpatialKind.INTERVAL: 'INTERVAL'>, 'start_chainage': 1013182.0, 'end_chainage': 1013200.2, 'raw_expression': 'DyK1013+182～DyK1013+200.2', 'basis': 'tsp_chapter_7_assertion'}"
assert_e47faacca77abb75,WATER_SUMMARY,doc_58b5929e39d044c3fabb2d14_a0006,58b5929e39d044c3fabb2d14,{'water_type': '线-股状出水'},[],CONSISTENT,['tblv2_ca4bfc55aca2ae97'],doc_58b5929e39d044c3fabb2d14,DyK1013+124.20_伯舒拉岭隧道进口右线地震波反射法超前地质预报报告(DyK1013+080.2～DyK1013+200.2)-20230603.pdf,（3）DyK1013+096～DyK1013+114、DyK1013+130～DyK1013+137 段 掌子面存在线-股状出水,"[{'span_id': 'span_9f7acdc101ab6812', 'page_number': 10, 'bbox': None, 'raw_text': '（3）DyK1013+096～DyK1013+114、DyK1013+130～DyK1013+137 段 掌子面存在线-股状出水', 'normalized_text': '（3）DyK1013+096～DyK1013+114、DyK1013+130～DyK1013+137 段 掌子面存在线-股状出水', 'extraction_method': 'pymupdf_page_text', 'source_role': 'chapter_7_assertion', 'table_index': None, 'row_index': None, 'column_index': None}]",TSP_REPORT,"{'kind': <SpatialKind.INTERVAL: 'INTERVAL'>, 'start_chainage': 1013096.0, 'end_chainage': 1013114.0, 'raw_expression': 'DyK1013+096～DyK1013+114', 'basis': 'tsp_chapter_7_assertion'}"
assert_67f81c9856c0ed59,WATER_SUMMARY,doc_58b5929e39d044c3fabb2d14_a0007,58b5929e39d044c3fabb2d14,{'water_type': '线-股状出水'},[],CONSISTENT,['tblv2_a76b5728af4f079e'],doc_58b5929e39d044c3fabb2d14,DyK1013+124.20_伯舒拉岭隧道进口右线地震波反射法超前地质预报报告(DyK1013+080.2～DyK1013+200.2)-20230603.pdf,（3）DyK1013+096～DyK1013+114、DyK1013+130～DyK1013+137 段 掌子面存在线-股状出水,"[{'span_id': 'span_9f7acdc101ab6812', 'page_number': 10, 'bbox': None, 'raw_text': '（3）DyK1013+096～DyK1013+114、DyK1013+130～DyK1013+137 段 掌子面存在线-股状出水', 'normalized_text': '（3）DyK1013+096～DyK1013+114、DyK1013+130～DyK1013+137 段 掌子面存在线-股状出水', 'extraction_method': 'pymupdf_page_text', 'source_role': 'chapter_7_assertion', 'table_index': None, 'row_index': None, 'column_index': None}]",TSP_REPORT,"{'kind': <SpatialKind.INTERVAL: 'INTERVAL'>, 'start_chainage': 1013130.0, 'end_chainage': 1013137.0, 'raw_expression': 'DyK1013+130～DyK1013+137', 'basis': 'tsp_chapter_7_assertion'}"
assert_ae0c10ab19d84821,WATER_SUMMARY,doc_58b5929e39d044c3fabb2d14_a0008,58b5929e39d044c3fabb2d14,{'water_type': '线状出水'},[],CONSISTENT,['tblv2_cc341dd811e7d7fd'],doc_58b5929e39d044c3fabb2d14,DyK1013+124.20_伯舒拉岭隧道进口右线地震波反射法超前地质预报报告(DyK1013+080.2～DyK1013+200.2)-20230603.pdf,DyK1013+137～DyK1013+161 段掌子面存在线状 出水,"[{'span_id': 'span_006d2fda25080042', 'page_number': 10, 'bbox': None, 'raw_text': 'DyK1013+137～DyK1013+161 段掌子面存在线状 出水', 'normalized_text': 'DyK1013+137～DyK1013+161 段掌子面存在线状 出水', 'extraction_method': 'pymupdf_page_text', 'source_role': 'chapter_7_assertion', 'table_index': None, 'row_index': None, 'column_index': None}]",TSP_REPORT,"{'kind': <SpatialKind.INTERVAL: 'INTERVAL'>, 'start_chainage': 1013137.0, 'end_chainage': 1013161.0, 'raw_expression': 'DyK1013+137～DyK1013+161', 'basis': 'tsp_chapter_7_assertion'}"
assert_21b39154927b31a5,WATER_SUMMARY,doc_58b5929e39d044c3fabb2d14_a0009,58b5929e39d044c3fabb2d14,{'water_type': '线-股状出水'},[],CONSISTENT,['tblv2_d299ac990f0b83f2'],doc_58b5929e39d044c3fabb2d14,DyK1013+124.20_伯舒拉岭隧道进口右线地震波反射法超前地质预报报告(DyK1013+080.2～DyK1013+200.2)-20230603.pdf,DyK1013+182～DyK1013+200.2 段掌子面存在线-股状出水,"[{'span_id': 'span_5434dc4fabe0eacf', 'page_number': 10, 'bbox': None, 'raw_text': 'DyK1013+182～DyK1013+200.2 段掌子面存在线-股状出水', 'normalized_text': 'DyK1013+182～DyK1013+200.2 段掌子面存在线-股状出水', 'extraction_method': 'pymupdf_page_text', 'source_role': 'chapter_7_assertion', 'table_index': None, 'row_index': None, 'column_index': None}]",TSP_REPORT,"{'kind': <SpatialKind.INTERVAL: 'INTERVAL'>, 'start_chainage': 1013182.0, 'end_chainage': 1013200.2, 'raw_expression': 'DyK1013+182～DyK1013+200.2', 'basis': 'tsp_chapter_7_assertion'}"
assert_ebc1ca8c700ae5c8,GRADE_SUMMARY,doc_526f92d60ad6be77bb03fceb_a0001,526f92d60ad6be77bb03fceb,{'suggested_grade': 'Ⅳ级'},[],CONSISTENT,"['tblv2_863ccbe964e028d5', 'tblv2_bb1b03343d7a3a2c', 'tblv2_25c7e17c3f0e3529', 'tblv2_55004f51cd5a29db', 'tblv2_c52c0004eb63ddd9', 'tblv2_152208c41956c184', 'tblv2_bbafc13f10135efc', 'tblv2_1e7928a612f4c2b6', 'tblv2_308528dba4a12e27']",doc_526f92d60ad6be77bb03fceb,DyK1015+660.00_伯舒拉岭隧道进口右线地震波反射法超前地质预报报告(DyK1015+660～DyK1015+760)-20240406.pdf,DyK1015+660～DyK1015+760 段建议按Ⅳ级围岩施工,"[{'span_id': 'span_2c06f801040ed0b7', 'page_number': 10, 'bbox': None, 'raw_text': 'DyK1015+660～DyK1015+760 段建议按Ⅳ级围岩施工', 'normalized_text': 'DyK1015+660～DyK1015+760 段建议按Ⅳ级围岩施工', 'extraction_method': 'pymupdf_page_text', 'source_role': 'chapter_7_assertion', 'table_index': None, 'row_index': None, 'column_index': None}]",TSP_REPORT,"{'kind': <SpatialKind.INTERVAL: 'INTERVAL'>, 'start_chainage': 1015660.0, 'end_chainage': 1015760.0, 'raw_expression': 'DyK1015+660～DyK1015+760', 'basis': 'tsp_chapter_7_assertion'}"
assert_aa8a253255e651a8,BLOCK_FALL_SUMMARY,doc_526f92d60ad6be77bb03fceb_a0002,526f92d60ad6be77bb03fceb,{'block_fall_or_collapse': '掉块风险'},[],CONSISTENT,['tblv2_863ccbe964e028d5'],doc_526f92d60ad6be77bb03fceb,DyK1015+660.00_伯舒拉岭隧道进口右线地震波反射法超前地质预报报告(DyK1015+660～DyK1015+760)-20240406.pdf,（2）DyK1015+660～DyK1015+666 段围岩节理裂隙发育，岩体较破碎- 破碎，掌子面存在线状出水；DyK1015+666～DyK1015+678 段围岩节理裂隙 发育，岩体较破碎-破碎，掌子面存在滴渗水-线状出水；DyK1015+678～ DyK1015+689 段围岩节理裂隙发育，岩体较破碎；DyK1015+689～DyK1015 +696 段围岩节理裂隙发育，岩体较破碎-破碎，掌子面存在线-股状出水，其 中DyK1015+689 位置附近存在突涌水风险；DyK1015+696～DyK1015+704 段围岩岩质软硬不均，层间结合度差，节理裂隙发育密集，岩体破碎，掌子 面存在线状出水，其中DyK1015+696 位置附近存在掉块及出水风险， DyK1015+700 位置附近存在掉块风险；DyK1015+704～DyK1015+715 段围 岩节理裂隙发育，岩体较破碎；DyK1015+715～DyK1015+729 段围岩岩质软,"[{'span_id': 'span_6adecc10f4e6bb79', 'page_number': 10, 'bbox': None, 'raw_text': '（2）DyK1015+660～DyK1015+666 段围岩节理裂隙发育，岩体较破碎- 破碎，掌子面存在线状出水；DyK1015+666～DyK1015+678 段围岩节理裂隙 发育，岩体较破碎-破碎，掌子面存在滴渗水-线状出水；DyK1015+678～ DyK1015+689 段围岩节理裂隙发育，岩体较破碎；DyK1015+689～DyK1015 +696 段围岩节理裂隙发育，岩体较破碎-破碎，掌子面存在线-股状出水，其 中DyK1015+689 位置附近存在突涌水风险；DyK1015+696～DyK1015+704 段围岩岩质软硬不均，层间结合度差，节理裂隙发育密集，岩体破碎，掌子 面存在线状出水，其中DyK1015+696 位置附近存在掉块及出水风险， DyK1015+700 位置附近存在掉块风险；DyK1015+704～DyK1015+715 段围 岩节理裂隙发育，岩体较破碎；DyK1015+715～DyK1015+729 段围岩岩质软', 'normalized_text': '（2）DyK1015+660～DyK1015+666 段围岩节理裂隙发育，岩体较破碎- 破碎，掌子面存在线状出水；DyK1015+666～DyK1015+678 段围岩节理裂隙 发育，岩体较破碎-破碎，掌子面存在滴渗水-线状出水；DyK1015+678～ DyK1015+689 段围岩节理裂隙发育，岩体较破碎；DyK1015+689～DyK1015 +696 段围岩节理裂隙发育，岩体较破碎-破碎，掌子面存在线-股状出水，其 中DyK1015+689 位置附近存在突涌水风险；DyK1015+696～DyK1015+704 段围岩岩质软硬不均，层间结合度差，节理裂隙发育密集，岩体破碎，掌子 面存在线状出水，其中DyK1015+696 位置附近存在掉块及出水风险， DyK1015+700 位置附近存在掉块风险；DyK1015+704～DyK1015+715 段围 岩节理裂隙发育，岩体较破碎；DyK1015+715～DyK1015+729 段围岩岩质软', 'extraction_method': 'pymupdf_page_text', 'source_role': 'chapter_7_assertion', 'table_index': None, 'row_index': None, 'column_index': None}]",TSP_REPORT,"{'kind': <SpatialKind.INTERVAL: 'INTERVAL'>, 'start_chainage': 1015660.0, 'end_chainage': 1015666.0, 'raw_expression': 'DyK1015+660～DyK1015+666', 'basis': 'tsp_chapter_7_assertion'}"
assert_45518d4a51ae2446,BLOCK_FALL_SUMMARY,doc_526f92d60ad6be77bb03fceb_a0003,526f92d60ad6be77bb03fceb,{'block_fall_or_collapse': '掉块风险'},[],CONSISTENT,['tblv2_bb1b03343d7a3a2c'],doc_526f92d60ad6be77bb03fceb,DyK1015+660.00_伯舒拉岭隧道进口右线地震波反射法超前地质预报报告(DyK1015+660～DyK1015+760)-20240406.pdf,（2）DyK1015+660～DyK1015+666 段围岩节理裂隙发育，岩体较破碎- 破碎，掌子面存在线状出水；DyK1015+666～DyK1015+678 段围岩节理裂隙 发育，岩体较破碎-破碎，掌子面存在滴渗水-线状出水；DyK1015+678～ DyK1015+689 段围岩节理裂隙发育，岩体较破碎；DyK1015+689～DyK1015 +696 段围岩节理裂隙发育，岩体较破碎-破碎，掌子面存在线-股状出水，其 中DyK1015+689 位置附近存在突涌水风险；DyK1015+696～DyK1015+704 段围岩岩质软硬不均，层间结合度差，节理裂隙发育密集，岩体破碎，掌子 面存在线状出水，其中DyK1015+696 位置附近存在掉块及出水风险， DyK1015+700 位置附近存在掉块风险；DyK1015+704～DyK1015+715 段围 岩节理裂隙发育，岩体较破碎；DyK1015+715～DyK1015+729 段围岩岩质软,"[{'span_id': 'span_6adecc10f4e6bb79', 'page_number': 10, 'bbox': None, 'raw_text': '（2）DyK1015+660～DyK1015+666 段围岩节理裂隙发育，岩体较破碎- 破碎，掌子面存在线状出水；DyK1015+666～DyK1015+678 段围岩节理裂隙 发育，岩体较破碎-破碎，掌子面存在滴渗水-线状出水；DyK1015+678～ DyK1015+689 段围岩节理裂隙发育，岩体较破碎；DyK1015+689～DyK1015 +696 段围岩节理裂隙发育，岩体较破碎-破碎，掌子面存在线-股状出水，其 中DyK1015+689 位置附近存在突涌水风险；DyK1015+696～DyK1015+704 段围岩岩质软硬不均，层间结合度差，节理裂隙发育密集，岩体破碎，掌子 面存在线状出水，其中DyK1015+696 位置附近存在掉块及出水风险， DyK1015+700 位置附近存在掉块风险；DyK1015+704～DyK1015+715 段围 岩节理裂隙发育，岩体较破碎；DyK1015+715～DyK1015+729 段围岩岩质软', 'normalized_text': '（2）DyK1015+660～DyK1015+666 段围岩节理裂隙发育，岩体较破碎- 破碎，掌子面存在线状出水；DyK1015+666～DyK1015+678 段围岩节理裂隙 发育，岩体较破碎-破碎，掌子面存在滴渗水-线状出水；DyK1015+678～ DyK1015+689 段围岩节理裂隙发育，岩体较破碎；DyK1015+689～DyK1015 +696 段围岩节理裂隙发育，岩体较破碎-破碎，掌子面存在线-股状出水，其 中DyK1015+689 位置附近存在突涌水风险；DyK1015+696～DyK1015+704 段围岩岩质软硬不均，层间结合度差，节理裂隙发育密集，岩体破碎，掌子 面存在线状出水，其中DyK1015+696 位置附近存在掉块及出水风险， DyK1015+700 位置附近存在掉块风险；DyK1015+704～DyK1015+715 段围 岩节理裂隙发育，岩体较破碎；DyK1015+715～DyK1015+729 段围岩岩质软', 'extraction_method': 'pymupdf_page_text', 'source_role': 'chapter_7_assertion', 'table_index': None, 'row_index': None, 'column_index': None}]",TSP_REPORT,"{'kind': <SpatialKind.INTERVAL: 'INTERVAL'>, 'start_chainage': 1015666.0, 'end_chainage': 1015678.0, 'raw_expression': 'DyK1015+666～DyK1015+678', 'basis': 'tsp_chapter_7_assertion'}"
assert_9e0f962653720ac2,BLOCK_FALL_SUMMARY,doc_526f92d60ad6be77bb03fceb_a0004,526f92d60ad6be77bb03fceb,{'block_fall_or_collapse': '掉块风险'},[],CONSISTENT,['tblv2_25c7e17c3f0e3529'],doc_526f92d60ad6be77bb03fceb,DyK1015+660.00_伯舒拉岭隧道进口右线地震波反射法超前地质预报报告(DyK1015+660～DyK1015+760)-20240406.pdf,（2）DyK1015+660～DyK1015+666 段围岩节理裂隙发育，岩体较破碎- 破碎，掌子面存在线状出水；DyK1015+666～DyK1015+678 段围岩节理裂隙 发育，岩体较破碎-破碎，掌子面存在滴渗水-线状出水；DyK1015+678～ DyK1015+689 段围岩节理裂隙发育，岩体较破碎；DyK1015+689～DyK1015 +696 段围岩节理裂隙发育，岩体较破碎-破碎，掌子面存在线-股状出水，其 中DyK1015+689 位置附近存在突涌水风险；DyK1015+696～DyK1015+704 段围岩岩质软硬不均，层间结合度差，节理裂隙发育密集，岩体破碎，掌子 面存在线状出水，其中DyK1015+696 位置附近存在掉块及出水风险， DyK1015+700 位置附近存在掉块风险；DyK1015+704～DyK1015+715 段围 岩节理裂隙发育，岩体较破碎；DyK1015+715～DyK1015+729 段围岩岩质软,"[{'span_id': 'span_6adecc10f4e6bb79', 'page_number': 10, 'bbox': None, 'raw_text': '（2）DyK1015+660～DyK1015+666 段围岩节理裂隙发育，岩体较破碎- 破碎，掌子面存在线状出水；DyK1015+666～DyK1015+678 段围岩节理裂隙 发育，岩体较破碎-破碎，掌子面存在滴渗水-线状出水；DyK1015+678～ DyK1015+689 段围岩节理裂隙发育，岩体较破碎；DyK1015+689～DyK1015 +696 段围岩节理裂隙发育，岩体较破碎-破碎，掌子面存在线-股状出水，其 中DyK1015+689 位置附近存在突涌水风险；DyK1015+696～DyK1015+704 段围岩岩质软硬不均，层间结合度差，节理裂隙发育密集，岩体破碎，掌子 面存在线状出水，其中DyK1015+696 位置附近存在掉块及出水风险， DyK1015+700 位置附近存在掉块风险；DyK1015+704～DyK1015+715 段围 岩节理裂隙发育，岩体较破碎；DyK1015+715～DyK1015+729 段围岩岩质软', 'normalized_text': '（2）DyK1015+660～DyK1015+666 段围岩节理裂隙发育，岩体较破碎- 破碎，掌子面存在线状出水；DyK1015+666～DyK1015+678 段围岩节理裂隙 发育，岩体较破碎-破碎，掌子面存在滴渗水-线状出水；DyK1015+678～ DyK1015+689 段围岩节理裂隙发育，岩体较破碎；DyK1015+689～DyK1015 +696 段围岩节理裂隙发育，岩体较破碎-破碎，掌子面存在线-股状出水，其 中DyK1015+689 位置附近存在突涌水风险；DyK1015+696～DyK1015+704 段围岩岩质软硬不均，层间结合度差，节理裂隙发育密集，岩体破碎，掌子 面存在线状出水，其中DyK1015+696 位置附近存在掉块及出水风险， DyK1015+700 位置附近存在掉块风险；DyK1015+704～DyK1015+715 段围 岩节理裂隙发育，岩体较破碎；DyK1015+715～DyK1015+729 段围岩岩质软', 'extraction_method': 'pymupdf_page_text', 'source_role': 'chapter_7_assertion', 'table_index': None, 'row_index': None, 'column_index': None}]",TSP_REPORT,"{'kind': <SpatialKind.INTERVAL: 'INTERVAL'>, 'start_chainage': 1015678.0, 'end_chainage': 1015689.0, 'raw_expression': 'DyK1015+678～ DyK1015+689', 'basis': 'tsp_chapter_7_assertion'}"
assert_392b0547bccf3ce7,BLOCK_FALL_SUMMARY,doc_526f92d60ad6be77bb03fceb_a0005,526f92d60ad6be77bb03fceb,{'block_fall_or_collapse': '掉块风险'},[],CONSISTENT,['tblv2_55004f51cd5a29db'],doc_526f92d60ad6be77bb03fceb,DyK1015+660.00_伯舒拉岭隧道进口右线地震波反射法超前地质预报报告(DyK1015+660～DyK1015+760)-20240406.pdf,（2）DyK1015+660～DyK1015+666 段围岩节理裂隙发育，岩体较破碎- 破碎，掌子面存在线状出水；DyK1015+666～DyK1015+678 段围岩节理裂隙 发育，岩体较破碎-破碎，掌子面存在滴渗水-线状出水；DyK1015+678～ DyK1015+689 段围岩节理裂隙发育，岩体较破碎；DyK1015+689～DyK1015 +696 段围岩节理裂隙发育，岩体较破碎-破碎，掌子面存在线-股状出水，其 中DyK1015+689 位置附近存在突涌水风险；DyK1015+696～DyK1015+704 段围岩岩质软硬不均，层间结合度差，节理裂隙发育密集，岩体破碎，掌子 面存在线状出水，其中DyK1015+696 位置附近存在掉块及出水风险， DyK1015+700 位置附近存在掉块风险；DyK1015+704～DyK1015+715 段围 岩节理裂隙发育，岩体较破碎；DyK1015+715～DyK1015+729 段围岩岩质软,"[{'span_id': 'span_6adecc10f4e6bb79', 'page_number': 10, 'bbox': None, 'raw_text': '（2）DyK1015+660～DyK1015+666 段围岩节理裂隙发育，岩体较破碎- 破碎，掌子面存在线状出水；DyK1015+666～DyK1015+678 段围岩节理裂隙 发育，岩体较破碎-破碎，掌子面存在滴渗水-线状出水；DyK1015+678～ DyK1015+689 段围岩节理裂隙发育，岩体较破碎；DyK1015+689～DyK1015 +696 段围岩节理裂隙发育，岩体较破碎-破碎，掌子面存在线-股状出水，其 中DyK1015+689 位置附近存在突涌水风险；DyK1015+696～DyK1015+704 段围岩岩质软硬不均，层间结合度差，节理裂隙发育密集，岩体破碎，掌子 面存在线状出水，其中DyK1015+696 位置附近存在掉块及出水风险， DyK1015+700 位置附近存在掉块风险；DyK1015+704～DyK1015+715 段围 岩节理裂隙发育，岩体较破碎；DyK1015+715～DyK1015+729 段围岩岩质软', 'normalized_text': '（2）DyK1015+660～DyK1015+666 段围岩节理裂隙发育，岩体较破碎- 破碎，掌子面存在线状出水；DyK1015+666～DyK1015+678 段围岩节理裂隙 发育，岩体较破碎-破碎，掌子面存在滴渗水-线状出水；DyK1015+678～ DyK1015+689 段围岩节理裂隙发育，岩体较破碎；DyK1015+689～DyK1015 +696 段围岩节理裂隙发育，岩体较破碎-破碎，掌子面存在线-股状出水，其 中DyK1015+689 位置附近存在突涌水风险；DyK1015+696～DyK1015+704 段围岩岩质软硬不均，层间结合度差，节理裂隙发育密集，岩体破碎，掌子 面存在线状出水，其中DyK1015+696 位置附近存在掉块及出水风险， DyK1015+700 位置附近存在掉块风险；DyK1015+704～DyK1015+715 段围 岩节理裂隙发育，岩体较破碎；DyK1015+715～DyK1015+729 段围岩岩质软', 'extraction_method': 'pymupdf_page_text', 'source_role': 'chapter_7_assertion', 'table_index': None, 'row_index': None, 'column_index': None}]",TSP_REPORT,"{'kind': <SpatialKind.INTERVAL: 'INTERVAL'>, 'start_chainage': 1015689.0, 'end_chainage': 1015696.0, 'raw_expression': 'DyK1015+689～DyK1015 +696', 'basis': 'tsp_chapter_7_assertion'}"
assert_c0e96a5726f1407f,BLOCK_FALL_SUMMARY,doc_526f92d60ad6be77bb03fceb_a0006,526f92d60ad6be77bb03fceb,{'block_fall_or_collapse': '掉块风险'},[],CONSISTENT,['tblv2_c52c0004eb63ddd9'],doc_526f92d60ad6be77bb03fceb,DyK1015+660.00_伯舒拉岭隧道进口右线地震波反射法超前地质预报报告(DyK1015+660～DyK1015+760)-20240406.pdf,（2）DyK1015+660～DyK1015+666 段围岩节理裂隙发育，岩体较破碎- 破碎，掌子面存在线状出水；DyK1015+666～DyK1015+678 段围岩节理裂隙 发育，岩体较破碎-破碎，掌子面存在滴渗水-线状出水；DyK1015+678～ DyK1015+689 段围岩节理裂隙发育，岩体较破碎；DyK1015+689～DyK1015 +696 段围岩节理裂隙发育，岩体较破碎-破碎，掌子面存在线-股状出水，其 中DyK1015+689 位置附近存在突涌水风险；DyK1015+696～DyK1015+704 段围岩岩质软硬不均，层间结合度差，节理裂隙发育密集，岩体破碎，掌子 面存在线状出水，其中DyK1015+696 位置附近存在掉块及出水风险， DyK1015+700 位置附近存在掉块风险；DyK1015+704～DyK1015+715 段围 岩节理裂隙发育，岩体较破碎；DyK1015+715～DyK1015+729 段围岩岩质软,"[{'span_id': 'span_6adecc10f4e6bb79', 'page_number': 10, 'bbox': None, 'raw_text': '（2）DyK1015+660～DyK1015+666 段围岩节理裂隙发育，岩体较破碎- 破碎，掌子面存在线状出水；DyK1015+666～DyK1015+678 段围岩节理裂隙 发育，岩体较破碎-破碎，掌子面存在滴渗水-线状出水；DyK1015+678～ DyK1015+689 段围岩节理裂隙发育，岩体较破碎；DyK1015+689～DyK1015 +696 段围岩节理裂隙发育，岩体较破碎-破碎，掌子面存在线-股状出水，其 中DyK1015+689 位置附近存在突涌水风险；DyK1015+696～DyK1015+704 段围岩岩质软硬不均，层间结合度差，节理裂隙发育密集，岩体破碎，掌子 面存在线状出水，其中DyK1015+696 位置附近存在掉块及出水风险， DyK1015+700 位置附近存在掉块风险；DyK1015+704～DyK1015+715 段围 岩节理裂隙发育，岩体较破碎；DyK1015+715～DyK1015+729 段围岩岩质软', 'normalized_text': '（2）DyK1015+660～DyK1015+666 段围岩节理裂隙发育，岩体较破碎- 破碎，掌子面存在线状出水；DyK1015+666～DyK1015+678 段围岩节理裂隙 发育，岩体较破碎-破碎，掌子面存在滴渗水-线状出水；DyK1015+678～ DyK1015+689 段围岩节理裂隙发育，岩体较破碎；DyK1015+689～DyK1015 +696 段围岩节理裂隙发育，岩体较破碎-破碎，掌子面存在线-股状出水，其 中DyK1015+689 位置附近存在突涌水风险；DyK1015+696～DyK1015+704 段围岩岩质软硬不均，层间结合度差，节理裂隙发育密集，岩体破碎，掌子 面存在线状出水，其中DyK1015+696 位置附近存在掉块及出水风险， DyK1015+700 位置附近存在掉块风险；DyK1015+704～DyK1015+715 段围 岩节理裂隙发育，岩体较破碎；DyK1015+715～DyK1015+729 段围岩岩质软', 'extraction_method': 'pymupdf_page_text', 'source_role': 'chapter_7_assertion', 'table_index': None, 'row_index': None, 'column_index': None}]",TSP_REPORT,"{'kind': <SpatialKind.INTERVAL: 'INTERVAL'>, 'start_chainage': 1015696.0, 'end_chainage': 1015704.0, 'raw_expression': 'DyK1015+696～DyK1015+704', 'basis': 'tsp_chapter_7_assertion'}"
assert_1c8918affe619505,BLOCK_FALL_SUMMARY,doc_526f92d60ad6be77bb03fceb_a0007,526f92d60ad6be77bb03fceb,{'block_fall_or_collapse': '掉块风险'},[],CONSISTENT,['tblv2_152208c41956c184'],doc_526f92d60ad6be77bb03fceb,DyK1015+660.00_伯舒拉岭隧道进口右线地震波反射法超前地质预报报告(DyK1015+660～DyK1015+760)-20240406.pdf,（2）DyK1015+660～DyK1015+666 段围岩节理裂隙发育，岩体较破碎- 破碎，掌子面存在线状出水；DyK1015+666～DyK1015+678 段围岩节理裂隙 发育，岩体较破碎-破碎，掌子面存在滴渗水-线状出水；DyK1015+678～ DyK1015+689 段围岩节理裂隙发育，岩体较破碎；DyK1015+689～DyK1015 +696 段围岩节理裂隙发育，岩体较破碎-破碎，掌子面存在线-股状出水，其 中DyK1015+689 位置附近存在突涌水风险；DyK1015+696～DyK1015+704 段围岩岩质软硬不均，层间结合度差，节理裂隙发育密集，岩体破碎，掌子 面存在线状出水，其中DyK1015+696 位置附近存在掉块及出水风险， DyK1015+700 位置附近存在掉块风险；DyK1015+704～DyK1015+715 段围 岩节理裂隙发育，岩体较破碎；DyK1015+715～DyK1015+729 段围岩岩质软,"[{'span_id': 'span_6adecc10f4e6bb79', 'page_number': 10, 'bbox': None, 'raw_text': '（2）DyK1015+660～DyK1015+666 段围岩节理裂隙发育，岩体较破碎- 破碎，掌子面存在线状出水；DyK1015+666～DyK1015+678 段围岩节理裂隙 发育，岩体较破碎-破碎，掌子面存在滴渗水-线状出水；DyK1015+678～ DyK1015+689 段围岩节理裂隙发育，岩体较破碎；DyK1015+689～DyK1015 +696 段围岩节理裂隙发育，岩体较破碎-破碎，掌子面存在线-股状出水，其 中DyK1015+689 位置附近存在突涌水风险；DyK1015+696～DyK1015+704 段围岩岩质软硬不均，层间结合度差，节理裂隙发育密集，岩体破碎，掌子 面存在线状出水，其中DyK1015+696 位置附近存在掉块及出水风险， DyK1015+700 位置附近存在掉块风险；DyK1015+704～DyK1015+715 段围 岩节理裂隙发育，岩体较破碎；DyK1015+715～DyK1015+729 段围岩岩质软', 'normalized_text': '（2）DyK1015+660～DyK1015+666 段围岩节理裂隙发育，岩体较破碎- 破碎，掌子面存在线状出水；DyK1015+666～DyK1015+678 段围岩节理裂隙 发育，岩体较破碎-破碎，掌子面存在滴渗水-线状出水；DyK1015+678～ DyK1015+689 段围岩节理裂隙发育，岩体较破碎；DyK1015+689～DyK1015 +696 段围岩节理裂隙发育，岩体较破碎-破碎，掌子面存在线-股状出水，其 中DyK1015+689 位置附近存在突涌水风险；DyK1015+696～DyK1015+704 段围岩岩质软硬不均，层间结合度差，节理裂隙发育密集，岩体破碎，掌子 面存在线状出水，其中DyK1015+696 位置附近存在掉块及出水风险， DyK1015+700 位置附近存在掉块风险；DyK1015+704～DyK1015+715 段围 岩节理裂隙发育，岩体较破碎；DyK1015+715～DyK1015+729 段围岩岩质软', 'extraction_method': 'pymupdf_page_text', 'source_role': 'chapter_7_assertion', 'table_index': None, 'row_index': None, 'column_index': None}]",TSP_REPORT,"{'kind': <SpatialKind.INTERVAL: 'INTERVAL'>, 'start_chainage': 1015704.0, 'end_chainage': 1015715.0, 'raw_expression': 'DyK1015+704～DyK1015+715', 'basis': 'tsp_chapter_7_assertion'}"
assert_b387ae13b0e78578,BLOCK_FALL_SUMMARY,doc_526f92d60ad6be77bb03fceb_a0008,526f92d60ad6be77bb03fceb,{'block_fall_or_collapse': '掉块风险'},[],CONSISTENT,['tblv2_bbafc13f10135efc'],doc_526f92d60ad6be77bb03fceb,DyK1015+660.00_伯舒拉岭隧道进口右线地震波反射法超前地质预报报告(DyK1015+660～DyK1015+760)-20240406.pdf,（2）DyK1015+660～DyK1015+666 段围岩节理裂隙发育，岩体较破碎- 破碎，掌子面存在线状出水；DyK1015+666～DyK1015+678 段围岩节理裂隙 发育，岩体较破碎-破碎，掌子面存在滴渗水-线状出水；DyK1015+678～ DyK1015+689 段围岩节理裂隙发育，岩体较破碎；DyK1015+689～DyK1015 +696 段围岩节理裂隙发育，岩体较破碎-破碎，掌子面存在线-股状出水，其 中DyK1015+689 位置附近存在突涌水风险；DyK1015+696～DyK1015+704 段围岩岩质软硬不均，层间结合度差，节理裂隙发育密集，岩体破碎，掌子 面存在线状出水，其中DyK1015+696 位置附近存在掉块及出水风险， DyK1015+700 位置附近存在掉块风险；DyK1015+704～DyK1015+715 段围 岩节理裂隙发育，岩体较破碎；DyK1015+715～DyK1015+729 段围岩岩质软,"[{'span_id': 'span_6adecc10f4e6bb79', 'page_number': 10, 'bbox': None, 'raw_text': '（2）DyK1015+660～DyK1015+666 段围岩节理裂隙发育，岩体较破碎- 破碎，掌子面存在线状出水；DyK1015+666～DyK1015+678 段围岩节理裂隙 发育，岩体较破碎-破碎，掌子面存在滴渗水-线状出水；DyK1015+678～ DyK1015+689 段围岩节理裂隙发育，岩体较破碎；DyK1015+689～DyK1015 +696 段围岩节理裂隙发育，岩体较破碎-破碎，掌子面存在线-股状出水，其 中DyK1015+689 位置附近存在突涌水风险；DyK1015+696～DyK1015+704 段围岩岩质软硬不均，层间结合度差，节理裂隙发育密集，岩体破碎，掌子 面存在线状出水，其中DyK1015+696 位置附近存在掉块及出水风险， DyK1015+700 位置附近存在掉块风险；DyK1015+704～DyK1015+715 段围 岩节理裂隙发育，岩体较破碎；DyK1015+715～DyK1015+729 段围岩岩质软', 'normalized_text': '（2）DyK1015+660～DyK1015+666 段围岩节理裂隙发育，岩体较破碎- 破碎，掌子面存在线状出水；DyK1015+666～DyK1015+678 段围岩节理裂隙 发育，岩体较破碎-破碎，掌子面存在滴渗水-线状出水；DyK1015+678～ DyK1015+689 段围岩节理裂隙发育，岩体较破碎；DyK1015+689～DyK1015 +696 段围岩节理裂隙发育，岩体较破碎-破碎，掌子面存在线-股状出水，其 中DyK1015+689 位置附近存在突涌水风险；DyK1015+696～DyK1015+704 段围岩岩质软硬不均，层间结合度差，节理裂隙发育密集，岩体破碎，掌子 面存在线状出水，其中DyK1015+696 位置附近存在掉块及出水风险， DyK1015+700 位置附近存在掉块风险；DyK1015+704～DyK1015+715 段围 岩节理裂隙发育，岩体较破碎；DyK1015+715～DyK1015+729 段围岩岩质软', 'extraction_method': 'pymupdf_page_text', 'source_role': 'chapter_7_assertion', 'table_index': None, 'row_index': None, 'column_index': None}]",TSP_REPORT,"{'kind': <SpatialKind.INTERVAL: 'INTERVAL'>, 'start_chainage': 1015715.0, 'end_chainage': 1015729.0, 'raw_expression': 'DyK1015+715～DyK1015+729', 'basis': 'tsp_chapter_7_assertion'}"
assert_8b3e55ce38576bdd,WATER_SUMMARY,doc_526f92d60ad6be77bb03fceb_a0009,526f92d60ad6be77bb03fceb,{'water_type': '线状出水'},[],CONSISTENT,['tblv2_863ccbe964e028d5'],doc_526f92d60ad6be77bb03fceb,DyK1015+660.00_伯舒拉岭隧道进口右线地震波反射法超前地质预报报告(DyK1015+660～DyK1015+760)-20240406.pdf,（2）DyK1015+660～DyK1015+666 段围岩节理裂隙发育，岩体较破碎- 破碎，掌子面存在线状出水,"[{'span_id': 'span_f2a95417b87b97bb', 'page_number': 10, 'bbox': None, 'raw_text': '（2）DyK1015+660～DyK1015+666 段围岩节理裂隙发育，岩体较破碎- 破碎，掌子面存在线状出水', 'normalized_text': '（2）DyK1015+660～DyK1015+666 段围岩节理裂隙发育，岩体较破碎- 破碎，掌子面存在线状出水', 'extraction_method': 'pymupdf_page_text', 'source_role': 'chapter_7_assertion', 'table_index': None, 'row_index': None, 'column_index': None}]",TSP_REPORT,"{'kind': <SpatialKind.INTERVAL: 'INTERVAL'>, 'start_chainage': 1015660.0, 'end_chainage': 1015666.0, 'raw_expression': 'DyK1015+660～DyK1015+666', 'basis': 'tsp_chapter_7_assertion'}"
assert_b87b5a4b783a72de,WATER_SUMMARY,doc_526f92d60ad6be77bb03fceb_a0010,526f92d60ad6be77bb03fceb,{'water_type': '滴渗水-线状出水'},[],CONSISTENT,['tblv2_bb1b03343d7a3a2c'],doc_526f92d60ad6be77bb03fceb,DyK1015+660.00_伯舒拉岭隧道进口右线地震波反射法超前地质预报报告(DyK1015+660～DyK1015+760)-20240406.pdf,DyK1015+666～DyK1015+678 段围岩节理裂隙 发育，岩体较破碎-破碎，掌子面存在滴渗水-线状出水,"[{'span_id': 'span_469b92de9883cb9d', 'page_number': 10, 'bbox': None, 'raw_text': 'DyK1015+666～DyK1015+678 段围岩节理裂隙 发育，岩体较破碎-破碎，掌子面存在滴渗水-线状出水', 'normalized_text': 'DyK1015+666～DyK1015+678 段围岩节理裂隙 发育，岩体较破碎-破碎，掌子面存在滴渗水-线状出水', 'extraction_method': 'pymupdf_page_text', 'source_role': 'chapter_7_assertion', 'table_index': None, 'row_index': None, 'column_index': None}]",TSP_REPORT,"{'kind': <SpatialKind.INTERVAL: 'INTERVAL'>, 'start_chainage': 1015666.0, 'end_chainage': 1015678.0, 'raw_expression': 'DyK1015+666～DyK1015+678', 'basis': 'tsp_chapter_7_assertion'}"
assert_0e247caa6ae79876,WATER_SUMMARY,doc_526f92d60ad6be77bb03fceb_a0011,526f92d60ad6be77bb03fceb,{'water_type': '线-股状出水'},[],CONSISTENT,['tblv2_55004f51cd5a29db'],doc_526f92d60ad6be77bb03fceb,DyK1015+660.00_伯舒拉岭隧道进口右线地震波反射法超前地质预报报告(DyK1015+660～DyK1015+760)-20240406.pdf,DyK1015+689～DyK1015 +696 段围岩节理裂隙发育，岩体较破碎-破碎，掌子面存在线-股状出水，其 中DyK1015+689 位置附近存在突涌水风险,"[{'span_id': 'span_dd8b17d9d6e43456', 'page_number': 10, 'bbox': None, 'raw_text': 'DyK1015+689～DyK1015 +696 段围岩节理裂隙发育，岩体较破碎-破碎，掌子面存在线-股状出水，其 中DyK1015+689 位置附近存在突涌水风险', 'normalized_text': 'DyK1015+689～DyK1015 +696 段围岩节理裂隙发育，岩体较破碎-破碎，掌子面存在线-股状出水，其 中DyK1015+689 位置附近存在突涌水风险', 'extraction_method': 'pymupdf_page_text', 'source_role': 'chapter_7_assertion', 'table_index': None, 'row_index': None, 'column_index': None}]",TSP_REPORT,"{'kind': <SpatialKind.INTERVAL: 'INTERVAL'>, 'start_chainage': 1015689.0, 'end_chainage': 1015696.0, 'raw_expression': 'DyK1015+689～DyK1015 +696', 'basis': 'tsp_chapter_7_assertion'}"
assert_c5852d49c5f2808f,WATER_SUMMARY,doc_526f92d60ad6be77bb03fceb_a0012,526f92d60ad6be77bb03fceb,{'water_type': '线状出水'},[],CONSISTENT,['tblv2_c52c0004eb63ddd9'],doc_526f92d60ad6be77bb03fceb,DyK1015+660.00_伯舒拉岭隧道进口右线地震波反射法超前地质预报报告(DyK1015+660～DyK1015+760)-20240406.pdf,DyK1015+696～DyK1015+704 段围岩岩质软硬不均，层间结合度差，节理裂隙发育密集，岩体破碎，掌子 面存在线状出水，其中DyK1015+696 位置附近存在掉块及出水风险， DyK1015+700 位置附近存在掉块风险,"[{'span_id': 'span_1cbf290864d401b2', 'page_number': 10, 'bbox': None, 'raw_text': 'DyK1015+696～DyK1015+704 段围岩岩质软硬不均，层间结合度差，节理裂隙发育密集，岩体破碎，掌子 面存在线状出水，其中DyK1015+696 位置附近存在掉块及出水风险， DyK1015+700 位置附近存在掉块风险', 'normalized_text': 'DyK1015+696～DyK1015+704 段围岩岩质软硬不均，层间结合度差，节理裂隙发育密集，岩体破碎，掌子 面存在线状出水，其中DyK1015+696 位置附近存在掉块及出水风险， DyK1015+700 位置附近存在掉块风险', 'extraction_method': 'pymupdf_page_text', 'source_role': 'chapter_7_assertion', 'table_index': None, 'row_index': None, 'column_index': None}]",TSP_REPORT,"{'kind': <SpatialKind.INTERVAL: 'INTERVAL'>, 'start_chainage': 1015696.0, 'end_chainage': 1015704.0, 'raw_expression': 'DyK1015+696～DyK1015+704', 'basis': 'tsp_chapter_7_assertion'}"
assert_c009e420e09b962e,RISK_SUMMARY,doc_526f92d60ad6be77bb03fceb_a0013,526f92d60ad6be77bb03fceb,"{'risk_categories': ['出水', '突涌水'], 'source_risk_text': 'DyK1015+689～DyK1015 +696 段围岩节理裂隙发育，岩体较破碎-破碎，掌子面存在线-股状出水，其 中DyK1015+689 位置附近存在突涌水风险'}",[],CONSISTENT,['tblv2_55004f51cd5a29db'],doc_526f92d60ad6be77bb03fceb,DyK1015+660.00_伯舒拉岭隧道进口右线地震波反射法超前地质预报报告(DyK1015+660～DyK1015+760)-20240406.pdf,DyK1015+689～DyK1015 +696 段围岩节理裂隙发育，岩体较破碎-破碎，掌子面存在线-股状出水，其 中DyK1015+689 位置附近存在突涌水风险,"[{'span_id': 'span_dd8b17d9d6e43456', 'page_number': 10, 'bbox': None, 'raw_text': 'DyK1015+689～DyK1015 +696 段围岩节理裂隙发育，岩体较破碎-破碎，掌子面存在线-股状出水，其 中DyK1015+689 位置附近存在突涌水风险', 'normalized_text': 'DyK1015+689～DyK1015 +696 段围岩节理裂隙发育，岩体较破碎-破碎，掌子面存在线-股状出水，其 中DyK1015+689 位置附近存在突涌水风险', 'extraction_method': 'pymupdf_page_text', 'source_role': 'chapter_7_assertion', 'table_index': None, 'row_index': None, 'column_index': None}]",TSP_REPORT,"{'kind': <SpatialKind.INTERVAL: 'INTERVAL'>, 'start_chainage': 1015689.0, 'end_chainage': 1015696.0, 'raw_expression': 'DyK1015+689～DyK1015 +696', 'basis': 'tsp_chapter_7_assertion'}"
assert_a6c5e5d9b35b750a,BLOCK_FALL_SUMMARY,doc_526f92d60ad6be77bb03fceb_a0014,526f92d60ad6be77bb03fceb,{'block_fall_or_collapse': '掉块风险'},[],CONSISTENT,['tblv2_1e7928a612f4c2b6'],doc_526f92d60ad6be77bb03fceb,DyK1015+660.00_伯舒拉岭隧道进口右线地震波反射法超前地质预报报告(DyK1015+660～DyK1015+760)-20240406.pdf,8 硬不均，层间结合度差，节理裂隙发育密集，岩体破碎，掌子面存在线状出 水。其中DyK1015+715、DyK1015+719 位置附近存在掉块溜坍及出水风险； DyK1015+729～DyK1015+750 段围岩节理裂隙发育，岩体较破碎-破碎； DyK1015+750～DyK1015+760 段围岩岩质较软，节理裂隙发育，岩体较破碎 -破碎，掌子面存在滴渗水-线状出水，其中DyK1015+750 位置附近存在掉块 及出水风险。,"[{'span_id': 'span_2209bb2c6c7e6925', 'page_number': 11, 'bbox': None, 'raw_text': '8 硬不均，层间结合度差，节理裂隙发育密集，岩体破碎，掌子面存在线状出 水。其中DyK1015+715、DyK1015+719 位置附近存在掉块溜坍及出水风险； DyK1015+729～DyK1015+750 段围岩节理裂隙发育，岩体较破碎-破碎； DyK1015+750～DyK1015+760 段围岩岩质较软，节理裂隙发育，岩体较破碎 -破碎，掌子面存在滴渗水-线状出水，其中DyK1015+750 位置附近存在掉块 及出水风险。', 'normalized_text': '8 硬不均，层间结合度差，节理裂隙发育密集，岩体破碎，掌子面存在线状出 水。其中DyK1015+715、DyK1015+719 位置附近存在掉块溜坍及出水风险； DyK1015+729～DyK1015+750 段围岩节理裂隙发育，岩体较破碎-破碎； DyK1015+750～DyK1015+760 段围岩岩质较软，节理裂隙发育，岩体较破碎 -破碎，掌子面存在滴渗水-线状出水，其中DyK1015+750 位置附近存在掉块 及出水风险。', 'extraction_method': 'pymupdf_page_text', 'source_role': 'chapter_7_assertion', 'table_index': None, 'row_index': None, 'column_index': None}]",TSP_REPORT,"{'kind': <SpatialKind.INTERVAL: 'INTERVAL'>, 'start_chainage': 1015729.0, 'end_chainage': 1015750.0, 'raw_expression': 'DyK1015+729～DyK1015+750', 'basis': 'tsp_chapter_7_assertion'}"
assert_1a0f07f56a662047,BLOCK_FALL_SUMMARY,doc_526f92d60ad6be77bb03fceb_a0015,526f92d60ad6be77bb03fceb,{'block_fall_or_collapse': '掉块风险'},[],CONSISTENT,['tblv2_308528dba4a12e27'],doc_526f92d60ad6be77bb03fceb,DyK1015+660.00_伯舒拉岭隧道进口右线地震波反射法超前地质预报报告(DyK1015+660～DyK1015+760)-20240406.pdf,8 硬不均，层间结合度差，节理裂隙发育密集，岩体破碎，掌子面存在线状出 水。其中DyK1015+715、DyK1015+719 位置附近存在掉块溜坍及出水风险； DyK1015+729～DyK1015+750 段围岩节理裂隙发育，岩体较破碎-破碎； DyK1015+750～DyK1015+760 段围岩岩质较软，节理裂隙发育，岩体较破碎 -破碎，掌子面存在滴渗水-线状出水，其中DyK1015+750 位置附近存在掉块 及出水风险。,"[{'span_id': 'span_2209bb2c6c7e6925', 'page_number': 11, 'bbox': None, 'raw_text': '8 硬不均，层间结合度差，节理裂隙发育密集，岩体破碎，掌子面存在线状出 水。其中DyK1015+715、DyK1015+719 位置附近存在掉块溜坍及出水风险； DyK1015+729～DyK1015+750 段围岩节理裂隙发育，岩体较破碎-破碎； DyK1015+750～DyK1015+760 段围岩岩质较软，节理裂隙发育，岩体较破碎 -破碎，掌子面存在滴渗水-线状出水，其中DyK1015+750 位置附近存在掉块 及出水风险。', 'normalized_text': '8 硬不均，层间结合度差，节理裂隙发育密集，岩体破碎，掌子面存在线状出 水。其中DyK1015+715、DyK1015+719 位置附近存在掉块溜坍及出水风险； DyK1015+729～DyK1015+750 段围岩节理裂隙发育，岩体较破碎-破碎； DyK1015+750～DyK1015+760 段围岩岩质较软，节理裂隙发育，岩体较破碎 -破碎，掌子面存在滴渗水-线状出水，其中DyK1015+750 位置附近存在掉块 及出水风险。', 'extraction_method': 'pymupdf_page_text', 'source_role': 'chapter_7_assertion', 'table_index': None, 'row_index': None, 'column_index': None}]",TSP_REPORT,"{'kind': <SpatialKind.INTERVAL: 'INTERVAL'>, 'start_chainage': 1015750.0, 'end_chainage': 1015760.0, 'raw_expression': 'DyK1015+750～DyK1015+760', 'basis': 'tsp_chapter_7_assertion'}"
assert_e47cb1123316f343,WATER_SUMMARY,doc_526f92d60ad6be77bb03fceb_a0016,526f92d60ad6be77bb03fceb,{'water_type': '滴渗水-线状出水'},[],CONSISTENT,['tblv2_308528dba4a12e27'],doc_526f92d60ad6be77bb03fceb,DyK1015+660.00_伯舒拉岭隧道进口右线地震波反射法超前地质预报报告(DyK1015+660～DyK1015+760)-20240406.pdf,DyK1015+750～DyK1015+760 段围岩岩质较软，节理裂隙发育，岩体较破碎 -破碎，掌子面存在滴渗水-线状出水，其中DyK1015+750 位置附近存在掉块 及出水风险,"[{'span_id': 'span_963b4124b9b4c4cf', 'page_number': 11, 'bbox': None, 'raw_text': 'DyK1015+750～DyK1015+760 段围岩岩质较软，节理裂隙发育，岩体较破碎 -破碎，掌子面存在滴渗水-线状出水，其中DyK1015+750 位置附近存在掉块 及出水风险', 'normalized_text': 'DyK1015+750～DyK1015+760 段围岩岩质较软，节理裂隙发育，岩体较破碎 -破碎，掌子面存在滴渗水-线状出水，其中DyK1015+750 位置附近存在掉块 及出水风险', 'extraction_method': 'pymupdf_page_text', 'source_role': 'chapter_7_assertion', 'table_index': None, 'row_index': None, 'column_index': None}]",TSP_REPORT,"{'kind': <SpatialKind.INTERVAL: 'INTERVAL'>, 'start_chainage': 1015750.0, 'end_chainage': 1015760.0, 'raw_expression': 'DyK1015+750～DyK1015+760', 'basis': 'tsp_chapter_7_assertion'}"
assert_c467b2b8dae09915,GRADE_SUMMARY,doc_9c9b28ca1b4ec7355d61f2d8_a0001,9c9b28ca1b4ec7355d61f2d8,{'suggested_grade': 'Ⅳ级'},[],CONSISTENT,['tblv2_c700a2ca852fcfff'],doc_9c9b28ca1b4ec7355d61f2d8,DyK1015+750.00_伯舒拉岭隧道进口右线地震波反射法超前地质预报报告(DyK1015+750～DyK1015+850)-20240416.pdf,DyK1015+750～DyK1015+764 段建议按Ⅳ级围岩施工，,"[{'span_id': 'span_f0a18009b451d2c0', 'page_number': 10, 'bbox': None, 'raw_text': 'DyK1015+750～DyK1015+764 段建议按Ⅳ级围岩施工，', 'normalized_text': 'DyK1015+750～DyK1015+764 段建议按Ⅳ级围岩施工，', 'extraction_method': 'pymupdf_page_text', 'source_role': 'chapter_7_assertion', 'table_index': None, 'row_index': None, 'column_index': None}]",TSP_REPORT,"{'kind': <SpatialKind.INTERVAL: 'INTERVAL'>, 'start_chainage': 1015750.0, 'end_chainage': 1015764.0, 'raw_expression': 'DyK1015+750～DyK1015+764', 'basis': 'tsp_chapter_7_assertion'}"
assert_614d0ceb73302586,GRADE_SUMMARY,doc_9c9b28ca1b4ec7355d61f2d8_a0002,9c9b28ca1b4ec7355d61f2d8,{'suggested_grade': 'Ⅴ级'},[],CONSISTENT,"['tblv2_fcc93ee662cfb49e', 'tblv2_58c061fc04d5f424']",doc_9c9b28ca1b4ec7355d61f2d8,DyK1015+750.00_伯舒拉岭隧道进口右线地震波反射法超前地质预报报告(DyK1015+750～DyK1015+850)-20240416.pdf,DyK1015+ 764～DyK1015+784 段建议按Ⅴ级围岩施工，,"[{'span_id': 'span_bf486d5a4bca01ab', 'page_number': 10, 'bbox': None, 'raw_text': 'DyK1015+ 764～DyK1015+784 段建议按Ⅴ级围岩施工，', 'normalized_text': 'DyK1015+ 764～DyK1015+784 段建议按Ⅴ级围岩施工，', 'extraction_method': 'pymupdf_page_text', 'source_role': 'chapter_7_assertion', 'table_index': None, 'row_index': None, 'column_index': None}]",TSP_REPORT,"{'kind': <SpatialKind.INTERVAL: 'INTERVAL'>, 'start_chainage': 1015764.0, 'end_chainage': 1015784.0, 'raw_expression': 'DyK1015+ 764～DyK1015+784', 'basis': 'tsp_chapter_7_assertion'}"
assert_8b342372ae861048,GRADE_SUMMARY,doc_9c9b28ca1b4ec7355d61f2d8_a0003,9c9b28ca1b4ec7355d61f2d8,{'suggested_grade': 'Ⅳ级'},[],CONSISTENT,['tblv2_965f1185eb47c881'],doc_9c9b28ca1b4ec7355d61f2d8,DyK1015+750.00_伯舒拉岭隧道进口右线地震波反射法超前地质预报报告(DyK1015+750～DyK1015+850)-20240416.pdf,DyK1015+784～DyK1015+794 段建议按Ⅳ级围岩施工，,"[{'span_id': 'span_a80850fa07457c14', 'page_number': 10, 'bbox': None, 'raw_text': 'DyK1015+784～DyK1015+794 段建议按Ⅳ级围岩施工，', 'normalized_text': 'DyK1015+784～DyK1015+794 段建议按Ⅳ级围岩施工，', 'extraction_method': 'pymupdf_page_text', 'source_role': 'chapter_7_assertion', 'table_index': None, 'row_index': None, 'column_index': None}]",TSP_REPORT,"{'kind': <SpatialKind.INTERVAL: 'INTERVAL'>, 'start_chainage': 1015784.0, 'end_chainage': 1015794.0, 'raw_expression': 'DyK1015+784～DyK1015+794', 'basis': 'tsp_chapter_7_assertion'}"
assert_efa143588b3408ec,GRADE_SUMMARY,doc_9c9b28ca1b4ec7355d61f2d8_a0004,9c9b28ca1b4ec7355d61f2d8,{'suggested_grade': 'Ⅳ级'},[],CONSISTENT,['tblv2_662e50fb041f73df'],doc_9c9b28ca1b4ec7355d61f2d8,DyK1015+750.00_伯舒拉岭隧道进口右线地震波反射法超前地质预报报告(DyK1015+750～DyK1015+850)-20240416.pdf,DyK1015+802～DyK1015+808 段建议按Ⅳ级围岩施工，,"[{'span_id': 'span_8fe5f4f37390d182', 'page_number': 10, 'bbox': None, 'raw_text': 'DyK1015+802～DyK1015+808 段建议按Ⅳ级围岩施工，', 'normalized_text': 'DyK1015+802～DyK1015+808 段建议按Ⅳ级围岩施工，', 'extraction_method': 'pymupdf_page_text', 'source_role': 'chapter_7_assertion', 'table_index': None, 'row_index': None, 'column_index': None}]",TSP_REPORT,"{'kind': <SpatialKind.INTERVAL: 'INTERVAL'>, 'start_chainage': 1015802.0, 'end_chainage': 1015808.0, 'raw_expression': 'DyK1015+802～DyK1015+808', 'basis': 'tsp_chapter_7_assertion'}"
assert_ef16550e18efe831,GRADE_SUMMARY,doc_9c9b28ca1b4ec7355d61f2d8_a0005,9c9b28ca1b4ec7355d61f2d8,{'suggested_grade': 'Ⅴ级'},[],CONSISTENT,"['tblv2_f5f8e3abf9ae4621', 'tblv2_bebab9076d6bdc01']",doc_9c9b28ca1b4ec7355d61f2d8,DyK1015+750.00_伯舒拉岭隧道进口右线地震波反射法超前地质预报报告(DyK1015+750～DyK1015+850)-20240416.pdf,DyK1015+808～ DyK1015+822 段建议按Ⅴ级围岩施工，,"[{'span_id': 'span_1b53308e678b9c69', 'page_number': 10, 'bbox': None, 'raw_text': 'DyK1015+808～ DyK1015+822 段建议按Ⅴ级围岩施工，', 'normalized_text': 'DyK1015+808～ DyK1015+822 段建议按Ⅴ级围岩施工，', 'extraction_method': 'pymupdf_page_text', 'source_role': 'chapter_7_assertion', 'table_index': None, 'row_index': None, 'column_index': None}]",TSP_REPORT,"{'kind': <SpatialKind.INTERVAL: 'INTERVAL'>, 'start_chainage': 1015808.0, 'end_chainage': 1015822.0, 'raw_expression': 'DyK1015+808～ DyK1015+822', 'basis': 'tsp_chapter_7_assertion'}"
assert_bbe204e69a7f320c,WATER_SUMMARY,doc_9c9b28ca1b4ec7355d61f2d8_a0006,9c9b28ca1b4ec7355d61f2d8,{'water_type': '线状出水'},[],CONSISTENT,['tblv2_c700a2ca852fcfff'],doc_9c9b28ca1b4ec7355d61f2d8,DyK1015+750.00_伯舒拉岭隧道进口右线地震波反射法超前地质预报报告(DyK1015+750～DyK1015+850)-20240416.pdf,（2）DyK1015+750～DyK1015+764 段地层岩性为石炭二叠系板岩夹变 质砂岩，节理裂隙发育，岩体较破碎-破碎，掌子面存在线状出水,"[{'span_id': 'span_1e5b1adc2f3ad32c', 'page_number': 10, 'bbox': None, 'raw_text': '（2）DyK1015+750～DyK1015+764 段地层岩性为石炭二叠系板岩夹变 质砂岩，节理裂隙发育，岩体较破碎-破碎，掌子面存在线状出水', 'normalized_text': '（2）DyK1015+750～DyK1015+764 段地层岩性为石炭二叠系板岩夹变 质砂岩，节理裂隙发育，岩体较破碎-破碎，掌子面存在线状出水', 'extraction_method': 'pymupdf_page_text', 'source_role': 'chapter_7_assertion', 'table_index': None, 'row_index': None, 'column_index': None}]",TSP_REPORT,"{'kind': <SpatialKind.INTERVAL: 'INTERVAL'>, 'start_chainage': 1015750.0, 'end_chainage': 1015764.0, 'raw_expression': 'DyK1015+750～DyK1015+764', 'basis': 'tsp_chapter_7_assertion'}"
assert_1784e41b54cc4a1a,WATER_SUMMARY,doc_9c9b28ca1b4ec7355d61f2d8_a0007,9c9b28ca1b4ec7355d61f2d8,{'water_type': '线-股状出水'},"['table water_type=线状出水; summary water_type=线-股状出水', 'table water_type=滴渗水-线状出水; summary water_type=线-股状出水', 'table water_type=滴渗水-线状出水; summary water_type=线-股状出水', 'table water_type=滴渗水-线状出水; summary water_type=线-股状出水']",CONFLICT,"['tblv2_fcc93ee662cfb49e', 'tblv2_58c061fc04d5f424', 'tblv2_965f1185eb47c881', 'tblv2_76170d9b158ac001', 'tblv2_662e50fb041f73df', 'tblv2_f5f8e3abf9ae4621', 'tblv2_bebab9076d6bdc01']",doc_9c9b28ca1b4ec7355d61f2d8,DyK1015+750.00_伯舒拉岭隧道进口右线地震波反射法超前地质预报报告(DyK1015+750～DyK1015+850)-20240416.pdf,DyK1015+ 764～DyK1015+822 段为F36 断层破碎带，DyK1015+764～DyK1015+770 段地层岩性为石炭二叠系板岩夹变质砂岩，局部夹压碎岩，节理裂隙发育， 岩体较破碎-破碎，掌子面存在线-股状出水，其中DyK1015+764 位置附近存,"[{'span_id': 'span_931d3d28abc2e286', 'page_number': 10, 'bbox': None, 'raw_text': 'DyK1015+ 764～DyK1015+822 段为F36 断层破碎带，DyK1015+764～DyK1015+770 段地层岩性为石炭二叠系板岩夹变质砂岩，局部夹压碎岩，节理裂隙发育， 岩体较破碎-破碎，掌子面存在线-股状出水，其中DyK1015+764 位置附近存', 'normalized_text': 'DyK1015+ 764～DyK1015+822 段为F36 断层破碎带，DyK1015+764～DyK1015+770 段地层岩性为石炭二叠系板岩夹变质砂岩，局部夹压碎岩，节理裂隙发育， 岩体较破碎-破碎，掌子面存在线-股状出水，其中DyK1015+764 位置附近存', 'extraction_method': 'pymupdf_page_text', 'source_role': 'chapter_7_assertion', 'table_index': None, 'row_index': None, 'column_index': None}]",TSP_REPORT,"{'kind': <SpatialKind.INTERVAL: 'INTERVAL'>, 'start_chainage': 1015764.0, 'end_chainage': 1015822.0, 'raw_expression': 'DyK1015+ 764～DyK1015+822', 'basis': 'tsp_chapter_7_assertion'}"
assert_3d6cb164eebe1c81,WATER_SUMMARY,doc_9c9b28ca1b4ec7355d61f2d8_a0008,9c9b28ca1b4ec7355d61f2d8,{'water_type': '线-股状出水'},[],CONSISTENT,['tblv2_fcc93ee662cfb49e'],doc_9c9b28ca1b4ec7355d61f2d8,DyK1015+750.00_伯舒拉岭隧道进口右线地震波反射法超前地质预报报告(DyK1015+750～DyK1015+850)-20240416.pdf,DyK1015+ 764～DyK1015+822 段为F36 断层破碎带，DyK1015+764～DyK1015+770 段地层岩性为石炭二叠系板岩夹变质砂岩，局部夹压碎岩，节理裂隙发育， 岩体较破碎-破碎，掌子面存在线-股状出水，其中DyK1015+764 位置附近存,"[{'span_id': 'span_931d3d28abc2e286', 'page_number': 10, 'bbox': None, 'raw_text': 'DyK1015+ 764～DyK1015+822 段为F36 断层破碎带，DyK1015+764～DyK1015+770 段地层岩性为石炭二叠系板岩夹变质砂岩，局部夹压碎岩，节理裂隙发育， 岩体较破碎-破碎，掌子面存在线-股状出水，其中DyK1015+764 位置附近存', 'normalized_text': 'DyK1015+ 764～DyK1015+822 段为F36 断层破碎带，DyK1015+764～DyK1015+770 段地层岩性为石炭二叠系板岩夹变质砂岩，局部夹压碎岩，节理裂隙发育， 岩体较破碎-破碎，掌子面存在线-股状出水，其中DyK1015+764 位置附近存', 'extraction_method': 'pymupdf_page_text', 'source_role': 'chapter_7_assertion', 'table_index': None, 'row_index': None, 'column_index': None}]",TSP_REPORT,"{'kind': <SpatialKind.INTERVAL: 'INTERVAL'>, 'start_chainage': 1015764.0, 'end_chainage': 1015770.0, 'raw_expression': 'DyK1015+764～DyK1015+770', 'basis': 'tsp_chapter_7_assertion'}"
assert_e00610256956da45,BLOCK_FALL_SUMMARY,doc_9c9b28ca1b4ec7355d61f2d8_a0009,9c9b28ca1b4ec7355d61f2d8,{'block_fall_or_collapse': '掉块风险'},[],CONSISTENT,['tblv2_58c061fc04d5f424'],doc_9c9b28ca1b4ec7355d61f2d8,DyK1015+750.00_伯舒拉岭隧道进口右线地震波反射法超前地质预报报告(DyK1015+750～DyK1015+850)-20240416.pdf,8 在掉块及出水风险；DyK1015+770～DyK1015+784 段地层岩性为石炭二叠系 板岩夹变质砂岩，局部夹压碎岩，节理裂隙发育密集，岩体破碎，掌子面存 在线状出水，其中DyK1015+770 位置附近存在掉块及溜坍风险，DyK1015+ 777 位置附近存在掉块及出水风险；DyK1015+784～DyK1015+794 段地层岩 性为石炭二叠系板岩夹变质砂岩，局部夹压碎岩及完整岩块，节理裂隙发育， 岩体破碎，掌子面存在滴渗水-线状出水；DyK1015+794～DyK1015+802 段 地层岩性为石炭二叠系板岩夹变质砂岩，局部夹压碎岩，节理裂隙发育密集， 岩体破碎，掌子面存在线-股状出水，其中DyK1015+797 位置附近存在掉块 溜坍及突涌水风险；DyK1015+802～DyK1015+808 段地层岩性为石炭二叠系 板岩夹变质砂岩，局部夹压碎岩及完整岩块，节理裂隙发育，岩体破碎，掌 子面存在滴渗水-线状出水；DyK1015+808～DyK1015+814 段地层岩性为石 炭二叠系板岩夹变质砂岩，局部夹压碎岩，节理裂隙发育密集，岩体破碎， 掌子面存在线-股状出水，其中DyK1015+808 位置附近存在掉块溜坍及出水 风险，DyK1015+812 位置附近存在突涌水风险；DyK1015+814～DyK1015+ 822 段地层岩性为石炭二叠系板岩夹变质砂岩，局部夹压碎岩，节理裂隙发 育密集，岩体破碎，掌子面存在滴渗水-线状出水，其中DyK1015+814 位置 附近存在掉块及溜坍风险；DyK1015+822～DyK1015+840 段地层岩性为石 炭二叠系板岩夹变质砂岩，节理裂隙发育，岩体较破碎-破碎，掌子面存在 线-股状出水，其中DyK1015+822 位置附近存在出水风险；DyK1015+840～ DyK1015+850 段地层岩性为石炭二叠系板岩夹变质砂岩，节理裂隙发育，岩 体较破碎-破碎。,"[{'span_id': 'span_d76718abd6490179', 'page_number': 11, 'bbox': None, 'raw_text': '8 在掉块及出水风险；DyK1015+770～DyK1015+784 段地层岩性为石炭二叠系 板岩夹变质砂岩，局部夹压碎岩，节理裂隙发育密集，岩体破碎，掌子面存 在线状出水，其中DyK1015+770 位置附近存在掉块及溜坍风险，DyK1015+ 777 位置附近存在掉块及出水风险；DyK1015+784～DyK1015+794 段地层岩 性为石炭二叠系板岩夹变质砂岩，局部夹压碎岩及完整岩块，节理裂隙发育， 岩体破碎，掌子面存在滴渗水-线状出水；DyK1015+794～DyK1015+802 段 地层岩性为石炭二叠系板岩夹变质砂岩，局部夹压碎岩，节理裂隙发育密集， 岩体破碎，掌子面存在线-股状出水，其中DyK1015+797 位置附近存在掉块 溜坍及突涌水风险；DyK1015+802～DyK1015+808 段地层岩性为石炭二叠系 板岩夹变质砂岩，局部夹压碎岩及完整岩块，节理裂隙发育，岩体破碎，掌 子面存在滴渗水-线状出水；DyK1015+808～DyK1015+814 段地层岩性为石 炭二叠系板岩夹变质砂岩，局部夹压碎岩，节理裂隙发育密集，岩体破碎， 掌子面存在线-股状出水，其中DyK1015+808 位置附近存在掉块溜坍及出水 风险，DyK1015+812 位置附近存在突涌水风险；DyK1015+814～DyK1015+ 822 段地层岩性为石炭二叠系板岩夹变质砂岩，局部夹压碎岩，节理裂隙发 育密集，岩体破碎，掌子面存在滴渗水-线状出水，其中DyK1015+814 位置 附近存在掉块及溜坍风险；DyK1015+822～DyK1015+840 段地层岩性为石 炭二叠系板岩夹变质砂岩，节理裂隙发育，岩体较破碎-破碎，掌子面存在 线-股状出水，其中DyK1015+822 位置附近存在出水风险；DyK1015+840～ DyK1015+850 段地层岩性为石炭二叠系板岩夹变质砂岩，节理裂隙发育，岩 体较破碎-破碎。', 'normalized_text': '8 在掉块及出水风险；DyK1015+770～DyK1015+784 段地层岩性为石炭二叠系 板岩夹变质砂岩，局部夹压碎岩，节理裂隙发育密集，岩体破碎，掌子面存 在线状出水，其中DyK1015+770 位置附近存在掉块及溜坍风险，DyK1015+ 777 位置附近存在掉块及出水风险；DyK1015+784～DyK1015+794 段地层岩 性为石炭二叠系板岩夹变质砂岩，局部夹压碎岩及完整岩块，节理裂隙发育， 岩体破碎，掌子面存在滴渗水-线状出水；DyK1015+794～DyK1015+802 段 地层岩性为石炭二叠系板岩夹变质砂岩，局部夹压碎岩，节理裂隙发育密集， 岩体破碎，掌子面存在线-股状出水，其中DyK1015+797 位置附近存在掉块 溜坍及突涌水风险；DyK1015+802～DyK1015+808 段地层岩性为石炭二叠系 板岩夹变质砂岩，局部夹压碎岩及完整岩块，节理裂隙发育，岩体破碎，掌 子面存在滴渗水-线状出水；DyK1015+808～DyK1015+814 段地层岩性为石 炭二叠系板岩夹变质砂岩，局部夹压碎岩，节理裂隙发育密集，岩体破碎， 掌子面存在线-股状出水，其中DyK1015+808 位置附近存在掉块溜坍及出水 风险，DyK1015+812 位置附近存在突涌水风险；DyK1015+814～DyK1015+ 822 段地层岩性为石炭二叠系板岩夹变质砂岩，局部夹压碎岩，节理裂隙发 育密集，岩体破碎，掌子面存在滴渗水-线状出水，其中DyK1015+814 位置 附近存在掉块及溜坍风险；DyK1015+822～DyK1015+840 段地层岩性为石 炭二叠系板岩夹变质砂岩，节理裂隙发育，岩体较破碎-破碎，掌子面存在 线-股状出水，其中DyK1015+822 位置附近存在出水风险；DyK1015+840～ DyK1015+850 段地层岩性为石炭二叠系板岩夹变质砂岩，节理裂隙发育，岩 体较破碎-破碎。', 'extraction_method': 'pymupdf_page_text', 'source_role': 'chapter_7_assertion', 'table_index': None, 'row_index': None, 'column_index': None}]",TSP_REPORT,"{'kind': <SpatialKind.INTERVAL: 'INTERVAL'>, 'start_chainage': 1015770.0, 'end_chainage': 1015784.0, 'raw_expression': 'DyK1015+770～DyK1015+784', 'basis': 'tsp_chapter_7_assertion'}"
assert_738def96f8e9cdfd,BLOCK_FALL_SUMMARY,doc_9c9b28ca1b4ec7355d61f2d8_a0010,9c9b28ca1b4ec7355d61f2d8,{'block_fall_or_collapse': '掉块风险'},[],CONSISTENT,['tblv2_965f1185eb47c881'],doc_9c9b28ca1b4ec7355d61f2d8,DyK1015+750.00_伯舒拉岭隧道进口右线地震波反射法超前地质预报报告(DyK1015+750～DyK1015+850)-20240416.pdf,8 在掉块及出水风险；DyK1015+770～DyK1015+784 段地层岩性为石炭二叠系 板岩夹变质砂岩，局部夹压碎岩，节理裂隙发育密集，岩体破碎，掌子面存 在线状出水，其中DyK1015+770 位置附近存在掉块及溜坍风险，DyK1015+ 777 位置附近存在掉块及出水风险；DyK1015+784～DyK1015+794 段地层岩 性为石炭二叠系板岩夹变质砂岩，局部夹压碎岩及完整岩块，节理裂隙发育， 岩体破碎，掌子面存在滴渗水-线状出水；DyK1015+794～DyK1015+802 段 地层岩性为石炭二叠系板岩夹变质砂岩，局部夹压碎岩，节理裂隙发育密集， 岩体破碎，掌子面存在线-股状出水，其中DyK1015+797 位置附近存在掉块 溜坍及突涌水风险；DyK1015+802～DyK1015+808 段地层岩性为石炭二叠系 板岩夹变质砂岩，局部夹压碎岩及完整岩块，节理裂隙发育，岩体破碎，掌 子面存在滴渗水-线状出水；DyK1015+808～DyK1015+814 段地层岩性为石 炭二叠系板岩夹变质砂岩，局部夹压碎岩，节理裂隙发育密集，岩体破碎， 掌子面存在线-股状出水，其中DyK1015+808 位置附近存在掉块溜坍及出水 风险，DyK1015+812 位置附近存在突涌水风险；DyK1015+814～DyK1015+ 822 段地层岩性为石炭二叠系板岩夹变质砂岩，局部夹压碎岩，节理裂隙发 育密集，岩体破碎，掌子面存在滴渗水-线状出水，其中DyK1015+814 位置 附近存在掉块及溜坍风险；DyK1015+822～DyK1015+840 段地层岩性为石 炭二叠系板岩夹变质砂岩，节理裂隙发育，岩体较破碎-破碎，掌子面存在 线-股状出水，其中DyK1015+822 位置附近存在出水风险；DyK1015+840～ DyK1015+850 段地层岩性为石炭二叠系板岩夹变质砂岩，节理裂隙发育，岩 体较破碎-破碎。,"[{'span_id': 'span_d76718abd6490179', 'page_number': 11, 'bbox': None, 'raw_text': '8 在掉块及出水风险；DyK1015+770～DyK1015+784 段地层岩性为石炭二叠系 板岩夹变质砂岩，局部夹压碎岩，节理裂隙发育密集，岩体破碎，掌子面存 在线状出水，其中DyK1015+770 位置附近存在掉块及溜坍风险，DyK1015+ 777 位置附近存在掉块及出水风险；DyK1015+784～DyK1015+794 段地层岩 性为石炭二叠系板岩夹变质砂岩，局部夹压碎岩及完整岩块，节理裂隙发育， 岩体破碎，掌子面存在滴渗水-线状出水；DyK1015+794～DyK1015+802 段 地层岩性为石炭二叠系板岩夹变质砂岩，局部夹压碎岩，节理裂隙发育密集， 岩体破碎，掌子面存在线-股状出水，其中DyK1015+797 位置附近存在掉块 溜坍及突涌水风险；DyK1015+802～DyK1015+808 段地层岩性为石炭二叠系 板岩夹变质砂岩，局部夹压碎岩及完整岩块，节理裂隙发育，岩体破碎，掌 子面存在滴渗水-线状出水；DyK1015+808～DyK1015+814 段地层岩性为石 炭二叠系板岩夹变质砂岩，局部夹压碎岩，节理裂隙发育密集，岩体破碎， 掌子面存在线-股状出水，其中DyK1015+808 位置附近存在掉块溜坍及出水 风险，DyK1015+812 位置附近存在突涌水风险；DyK1015+814～DyK1015+ 822 段地层岩性为石炭二叠系板岩夹变质砂岩，局部夹压碎岩，节理裂隙发 育密集，岩体破碎，掌子面存在滴渗水-线状出水，其中DyK1015+814 位置 附近存在掉块及溜坍风险；DyK1015+822～DyK1015+840 段地层岩性为石 炭二叠系板岩夹变质砂岩，节理裂隙发育，岩体较破碎-破碎，掌子面存在 线-股状出水，其中DyK1015+822 位置附近存在出水风险；DyK1015+840～ DyK1015+850 段地层岩性为石炭二叠系板岩夹变质砂岩，节理裂隙发育，岩 体较破碎-破碎。', 'normalized_text': '8 在掉块及出水风险；DyK1015+770～DyK1015+784 段地层岩性为石炭二叠系 板岩夹变质砂岩，局部夹压碎岩，节理裂隙发育密集，岩体破碎，掌子面存 在线状出水，其中DyK1015+770 位置附近存在掉块及溜坍风险，DyK1015+ 777 位置附近存在掉块及出水风险；DyK1015+784～DyK1015+794 段地层岩 性为石炭二叠系板岩夹变质砂岩，局部夹压碎岩及完整岩块，节理裂隙发育， 岩体破碎，掌子面存在滴渗水-线状出水；DyK1015+794～DyK1015+802 段 地层岩性为石炭二叠系板岩夹变质砂岩，局部夹压碎岩，节理裂隙发育密集， 岩体破碎，掌子面存在线-股状出水，其中DyK1015+797 位置附近存在掉块 溜坍及突涌水风险；DyK1015+802～DyK1015+808 段地层岩性为石炭二叠系 板岩夹变质砂岩，局部夹压碎岩及完整岩块，节理裂隙发育，岩体破碎，掌 子面存在滴渗水-线状出水；DyK1015+808～DyK1015+814 段地层岩性为石 炭二叠系板岩夹变质砂岩，局部夹压碎岩，节理裂隙发育密集，岩体破碎， 掌子面存在线-股状出水，其中DyK1015+808 位置附近存在掉块溜坍及出水 风险，DyK1015+812 位置附近存在突涌水风险；DyK1015+814～DyK1015+ 822 段地层岩性为石炭二叠系板岩夹变质砂岩，局部夹压碎岩，节理裂隙发 育密集，岩体破碎，掌子面存在滴渗水-线状出水，其中DyK1015+814 位置 附近存在掉块及溜坍风险；DyK1015+822～DyK1015+840 段地层岩性为石 炭二叠系板岩夹变质砂岩，节理裂隙发育，岩体较破碎-破碎，掌子面存在 线-股状出水，其中DyK1015+822 位置附近存在出水风险；DyK1015+840～ DyK1015+850 段地层岩性为石炭二叠系板岩夹变质砂岩，节理裂隙发育，岩 体较破碎-破碎。', 'extraction_method': 'pymupdf_page_text', 'source_role': 'chapter_7_assertion', 'table_index': None, 'row_index': None, 'column_index': None}]",TSP_REPORT,"{'kind': <SpatialKind.INTERVAL: 'INTERVAL'>, 'start_chainage': 1015784.0, 'end_chainage': 1015794.0, 'raw_expression': 'DyK1015+784～DyK1015+794', 'basis': 'tsp_chapter_7_assertion'}"
assert_3a21433b51a3c3e0,BLOCK_FALL_SUMMARY,doc_9c9b28ca1b4ec7355d61f2d8_a0011,9c9b28ca1b4ec7355d61f2d8,{'block_fall_or_collapse': '掉块风险'},[],CONSISTENT,['tblv2_76170d9b158ac001'],doc_9c9b28ca1b4ec7355d61f2d8,DyK1015+750.00_伯舒拉岭隧道进口右线地震波反射法超前地质预报报告(DyK1015+750～DyK1015+850)-20240416.pdf,8 在掉块及出水风险；DyK1015+770～DyK1015+784 段地层岩性为石炭二叠系 板岩夹变质砂岩，局部夹压碎岩，节理裂隙发育密集，岩体破碎，掌子面存 在线状出水，其中DyK1015+770 位置附近存在掉块及溜坍风险，DyK1015+ 777 位置附近存在掉块及出水风险；DyK1015+784～DyK1015+794 段地层岩 性为石炭二叠系板岩夹变质砂岩，局部夹压碎岩及完整岩块，节理裂隙发育， 岩体破碎，掌子面存在滴渗水-线状出水；DyK1015+794～DyK1015+802 段 地层岩性为石炭二叠系板岩夹变质砂岩，局部夹压碎岩，节理裂隙发育密集， 岩体破碎，掌子面存在线-股状出水，其中DyK1015+797 位置附近存在掉块 溜坍及突涌水风险；DyK1015+802～DyK1015+808 段地层岩性为石炭二叠系 板岩夹变质砂岩，局部夹压碎岩及完整岩块，节理裂隙发育，岩体破碎，掌 子面存在滴渗水-线状出水；DyK1015+808～DyK1015+814 段地层岩性为石 炭二叠系板岩夹变质砂岩，局部夹压碎岩，节理裂隙发育密集，岩体破碎， 掌子面存在线-股状出水，其中DyK1015+808 位置附近存在掉块溜坍及出水 风险，DyK1015+812 位置附近存在突涌水风险；DyK1015+814～DyK1015+ 822 段地层岩性为石炭二叠系板岩夹变质砂岩，局部夹压碎岩，节理裂隙发 育密集，岩体破碎，掌子面存在滴渗水-线状出水，其中DyK1015+814 位置 附近存在掉块及溜坍风险；DyK1015+822～DyK1015+840 段地层岩性为石 炭二叠系板岩夹变质砂岩，节理裂隙发育，岩体较破碎-破碎，掌子面存在 线-股状出水，其中DyK1015+822 位置附近存在出水风险；DyK1015+840～ DyK1015+850 段地层岩性为石炭二叠系板岩夹变质砂岩，节理裂隙发育，岩 体较破碎-破碎。,"[{'span_id': 'span_d76718abd6490179', 'page_number': 11, 'bbox': None, 'raw_text': '8 在掉块及出水风险；DyK1015+770～DyK1015+784 段地层岩性为石炭二叠系 板岩夹变质砂岩，局部夹压碎岩，节理裂隙发育密集，岩体破碎，掌子面存 在线状出水，其中DyK1015+770 位置附近存在掉块及溜坍风险，DyK1015+ 777 位置附近存在掉块及出水风险；DyK1015+784～DyK1015+794 段地层岩 性为石炭二叠系板岩夹变质砂岩，局部夹压碎岩及完整岩块，节理裂隙发育， 岩体破碎，掌子面存在滴渗水-线状出水；DyK1015+794～DyK1015+802 段 地层岩性为石炭二叠系板岩夹变质砂岩，局部夹压碎岩，节理裂隙发育密集， 岩体破碎，掌子面存在线-股状出水，其中DyK1015+797 位置附近存在掉块 溜坍及突涌水风险；DyK1015+802～DyK1015+808 段地层岩性为石炭二叠系 板岩夹变质砂岩，局部夹压碎岩及完整岩块，节理裂隙发育，岩体破碎，掌 子面存在滴渗水-线状出水；DyK1015+808～DyK1015+814 段地层岩性为石 炭二叠系板岩夹变质砂岩，局部夹压碎岩，节理裂隙发育密集，岩体破碎， 掌子面存在线-股状出水，其中DyK1015+808 位置附近存在掉块溜坍及出水 风险，DyK1015+812 位置附近存在突涌水风险；DyK1015+814～DyK1015+ 822 段地层岩性为石炭二叠系板岩夹变质砂岩，局部夹压碎岩，节理裂隙发 育密集，岩体破碎，掌子面存在滴渗水-线状出水，其中DyK1015+814 位置 附近存在掉块及溜坍风险；DyK1015+822～DyK1015+840 段地层岩性为石 炭二叠系板岩夹变质砂岩，节理裂隙发育，岩体较破碎-破碎，掌子面存在 线-股状出水，其中DyK1015+822 位置附近存在出水风险；DyK1015+840～ DyK1015+850 段地层岩性为石炭二叠系板岩夹变质砂岩，节理裂隙发育，岩 体较破碎-破碎。', 'normalized_text': '8 在掉块及出水风险；DyK1015+770～DyK1015+784 段地层岩性为石炭二叠系 板岩夹变质砂岩，局部夹压碎岩，节理裂隙发育密集，岩体破碎，掌子面存 在线状出水，其中DyK1015+770 位置附近存在掉块及溜坍风险，DyK1015+ 777 位置附近存在掉块及出水风险；DyK1015+784～DyK1015+794 段地层岩 性为石炭二叠系板岩夹变质砂岩，局部夹压碎岩及完整岩块，节理裂隙发育， 岩体破碎，掌子面存在滴渗水-线状出水；DyK1015+794～DyK1015+802 段 地层岩性为石炭二叠系板岩夹变质砂岩，局部夹压碎岩，节理裂隙发育密集， 岩体破碎，掌子面存在线-股状出水，其中DyK1015+797 位置附近存在掉块 溜坍及突涌水风险；DyK1015+802～DyK1015+808 段地层岩性为石炭二叠系 板岩夹变质砂岩，局部夹压碎岩及完整岩块，节理裂隙发育，岩体破碎，掌 子面存在滴渗水-线状出水；DyK1015+808～DyK1015+814 段地层岩性为石 炭二叠系板岩夹变质砂岩，局部夹压碎岩，节理裂隙发育密集，岩体破碎， 掌子面存在线-股状出水，其中DyK1015+808 位置附近存在掉块溜坍及出水 风险，DyK1015+812 位置附近存在突涌水风险；DyK1015+814～DyK1015+ 822 段地层岩性为石炭二叠系板岩夹变质砂岩，局部夹压碎岩，节理裂隙发 育密集，岩体破碎，掌子面存在滴渗水-线状出水，其中DyK1015+814 位置 附近存在掉块及溜坍风险；DyK1015+822～DyK1015+840 段地层岩性为石 炭二叠系板岩夹变质砂岩，节理裂隙发育，岩体较破碎-破碎，掌子面存在 线-股状出水，其中DyK1015+822 位置附近存在出水风险；DyK1015+840～ DyK1015+850 段地层岩性为石炭二叠系板岩夹变质砂岩，节理裂隙发育，岩 体较破碎-破碎。', 'extraction_method': 'pymupdf_page_text', 'source_role': 'chapter_7_assertion', 'table_index': None, 'row_index': None, 'column_index': None}]",TSP_REPORT,"{'kind': <SpatialKind.INTERVAL: 'INTERVAL'>, 'start_chainage': 1015794.0, 'end_chainage': 1015802.0, 'raw_expression': 'DyK1015+794～DyK1015+802', 'basis': 'tsp_chapter_7_assertion'}"
assert_ba369bc6909510dc,BLOCK_FALL_SUMMARY,doc_9c9b28ca1b4ec7355d61f2d8_a0012,9c9b28ca1b4ec7355d61f2d8,{'block_fall_or_collapse': '掉块风险'},[],CONSISTENT,['tblv2_662e50fb041f73df'],doc_9c9b28ca1b4ec7355d61f2d8,DyK1015+750.00_伯舒拉岭隧道进口右线地震波反射法超前地质预报报告(DyK1015+750～DyK1015+850)-20240416.pdf,8 在掉块及出水风险；DyK1015+770～DyK1015+784 段地层岩性为石炭二叠系 板岩夹变质砂岩，局部夹压碎岩，节理裂隙发育密集，岩体破碎，掌子面存 在线状出水，其中DyK1015+770 位置附近存在掉块及溜坍风险，DyK1015+ 777 位置附近存在掉块及出水风险；DyK1015+784～DyK1015+794 段地层岩 性为石炭二叠系板岩夹变质砂岩，局部夹压碎岩及完整岩块，节理裂隙发育， 岩体破碎，掌子面存在滴渗水-线状出水；DyK1015+794～DyK1015+802 段 地层岩性为石炭二叠系板岩夹变质砂岩，局部夹压碎岩，节理裂隙发育密集， 岩体破碎，掌子面存在线-股状出水，其中DyK1015+797 位置附近存在掉块 溜坍及突涌水风险；DyK1015+802～DyK1015+808 段地层岩性为石炭二叠系 板岩夹变质砂岩，局部夹压碎岩及完整岩块，节理裂隙发育，岩体破碎，掌 子面存在滴渗水-线状出水；DyK1015+808～DyK1015+814 段地层岩性为石 炭二叠系板岩夹变质砂岩，局部夹压碎岩，节理裂隙发育密集，岩体破碎， 掌子面存在线-股状出水，其中DyK1015+808 位置附近存在掉块溜坍及出水 风险，DyK1015+812 位置附近存在突涌水风险；DyK1015+814～DyK1015+ 822 段地层岩性为石炭二叠系板岩夹变质砂岩，局部夹压碎岩，节理裂隙发 育密集，岩体破碎，掌子面存在滴渗水-线状出水，其中DyK1015+814 位置 附近存在掉块及溜坍风险；DyK1015+822～DyK1015+840 段地层岩性为石 炭二叠系板岩夹变质砂岩，节理裂隙发育，岩体较破碎-破碎，掌子面存在 线-股状出水，其中DyK1015+822 位置附近存在出水风险；DyK1015+840～ DyK1015+850 段地层岩性为石炭二叠系板岩夹变质砂岩，节理裂隙发育，岩 体较破碎-破碎。,"[{'span_id': 'span_d76718abd6490179', 'page_number': 11, 'bbox': None, 'raw_text': '8 在掉块及出水风险；DyK1015+770～DyK1015+784 段地层岩性为石炭二叠系 板岩夹变质砂岩，局部夹压碎岩，节理裂隙发育密集，岩体破碎，掌子面存 在线状出水，其中DyK1015+770 位置附近存在掉块及溜坍风险，DyK1015+ 777 位置附近存在掉块及出水风险；DyK1015+784～DyK1015+794 段地层岩 性为石炭二叠系板岩夹变质砂岩，局部夹压碎岩及完整岩块，节理裂隙发育， 岩体破碎，掌子面存在滴渗水-线状出水；DyK1015+794～DyK1015+802 段 地层岩性为石炭二叠系板岩夹变质砂岩，局部夹压碎岩，节理裂隙发育密集， 岩体破碎，掌子面存在线-股状出水，其中DyK1015+797 位置附近存在掉块 溜坍及突涌水风险；DyK1015+802～DyK1015+808 段地层岩性为石炭二叠系 板岩夹变质砂岩，局部夹压碎岩及完整岩块，节理裂隙发育，岩体破碎，掌 子面存在滴渗水-线状出水；DyK1015+808～DyK1015+814 段地层岩性为石 炭二叠系板岩夹变质砂岩，局部夹压碎岩，节理裂隙发育密集，岩体破碎， 掌子面存在线-股状出水，其中DyK1015+808 位置附近存在掉块溜坍及出水 风险，DyK1015+812 位置附近存在突涌水风险；DyK1015+814～DyK1015+ 822 段地层岩性为石炭二叠系板岩夹变质砂岩，局部夹压碎岩，节理裂隙发 育密集，岩体破碎，掌子面存在滴渗水-线状出水，其中DyK1015+814 位置 附近存在掉块及溜坍风险；DyK1015+822～DyK1015+840 段地层岩性为石 炭二叠系板岩夹变质砂岩，节理裂隙发育，岩体较破碎-破碎，掌子面存在 线-股状出水，其中DyK1015+822 位置附近存在出水风险；DyK1015+840～ DyK1015+850 段地层岩性为石炭二叠系板岩夹变质砂岩，节理裂隙发育，岩 体较破碎-破碎。', 'normalized_text': '8 在掉块及出水风险；DyK1015+770～DyK1015+784 段地层岩性为石炭二叠系 板岩夹变质砂岩，局部夹压碎岩，节理裂隙发育密集，岩体破碎，掌子面存 在线状出水，其中DyK1015+770 位置附近存在掉块及溜坍风险，DyK1015+ 777 位置附近存在掉块及出水风险；DyK1015+784～DyK1015+794 段地层岩 性为石炭二叠系板岩夹变质砂岩，局部夹压碎岩及完整岩块，节理裂隙发育， 岩体破碎，掌子面存在滴渗水-线状出水；DyK1015+794～DyK1015+802 段 地层岩性为石炭二叠系板岩夹变质砂岩，局部夹压碎岩，节理裂隙发育密集， 岩体破碎，掌子面存在线-股状出水，其中DyK1015+797 位置附近存在掉块 溜坍及突涌水风险；DyK1015+802～DyK1015+808 段地层岩性为石炭二叠系 板岩夹变质砂岩，局部夹压碎岩及完整岩块，节理裂隙发育，岩体破碎，掌 子面存在滴渗水-线状出水；DyK1015+808～DyK1015+814 段地层岩性为石 炭二叠系板岩夹变质砂岩，局部夹压碎岩，节理裂隙发育密集，岩体破碎， 掌子面存在线-股状出水，其中DyK1015+808 位置附近存在掉块溜坍及出水 风险，DyK1015+812 位置附近存在突涌水风险；DyK1015+814～DyK1015+ 822 段地层岩性为石炭二叠系板岩夹变质砂岩，局部夹压碎岩，节理裂隙发 育密集，岩体破碎，掌子面存在滴渗水-线状出水，其中DyK1015+814 位置 附近存在掉块及溜坍风险；DyK1015+822～DyK1015+840 段地层岩性为石 炭二叠系板岩夹变质砂岩，节理裂隙发育，岩体较破碎-破碎，掌子面存在 线-股状出水，其中DyK1015+822 位置附近存在出水风险；DyK1015+840～ DyK1015+850 段地层岩性为石炭二叠系板岩夹变质砂岩，节理裂隙发育，岩 体较破碎-破碎。', 'extraction_method': 'pymupdf_page_text', 'source_role': 'chapter_7_assertion', 'table_index': None, 'row_index': None, 'column_index': None}]",TSP_REPORT,"{'kind': <SpatialKind.INTERVAL: 'INTERVAL'>, 'start_chainage': 1015802.0, 'end_chainage': 1015808.0, 'raw_expression': 'DyK1015+802～DyK1015+808', 'basis': 'tsp_chapter_7_assertion'}"
assert_27b41bee1b19277f,BLOCK_FALL_SUMMARY,doc_9c9b28ca1b4ec7355d61f2d8_a0013,9c9b28ca1b4ec7355d61f2d8,{'block_fall_or_collapse': '掉块风险'},[],CONSISTENT,['tblv2_f5f8e3abf9ae4621'],doc_9c9b28ca1b4ec7355d61f2d8,DyK1015+750.00_伯舒拉岭隧道进口右线地震波反射法超前地质预报报告(DyK1015+750～DyK1015+850)-20240416.pdf,8 在掉块及出水风险；DyK1015+770～DyK1015+784 段地层岩性为石炭二叠系 板岩夹变质砂岩，局部夹压碎岩，节理裂隙发育密集，岩体破碎，掌子面存 在线状出水，其中DyK1015+770 位置附近存在掉块及溜坍风险，DyK1015+ 777 位置附近存在掉块及出水风险；DyK1015+784～DyK1015+794 段地层岩 性为石炭二叠系板岩夹变质砂岩，局部夹压碎岩及完整岩块，节理裂隙发育， 岩体破碎，掌子面存在滴渗水-线状出水；DyK1015+794～DyK1015+802 段 地层岩性为石炭二叠系板岩夹变质砂岩，局部夹压碎岩，节理裂隙发育密集， 岩体破碎，掌子面存在线-股状出水，其中DyK1015+797 位置附近存在掉块 溜坍及突涌水风险；DyK1015+802～DyK1015+808 段地层岩性为石炭二叠系 板岩夹变质砂岩，局部夹压碎岩及完整岩块，节理裂隙发育，岩体破碎，掌 子面存在滴渗水-线状出水；DyK1015+808～DyK1015+814 段地层岩性为石 炭二叠系板岩夹变质砂岩，局部夹压碎岩，节理裂隙发育密集，岩体破碎， 掌子面存在线-股状出水，其中DyK1015+808 位置附近存在掉块溜坍及出水 风险，DyK1015+812 位置附近存在突涌水风险；DyK1015+814～DyK1015+ 822 段地层岩性为石炭二叠系板岩夹变质砂岩，局部夹压碎岩，节理裂隙发 育密集，岩体破碎，掌子面存在滴渗水-线状出水，其中DyK1015+814 位置 附近存在掉块及溜坍风险；DyK1015+822～DyK1015+840 段地层岩性为石 炭二叠系板岩夹变质砂岩，节理裂隙发育，岩体较破碎-破碎，掌子面存在 线-股状出水，其中DyK1015+822 位置附近存在出水风险；DyK1015+840～ DyK1015+850 段地层岩性为石炭二叠系板岩夹变质砂岩，节理裂隙发育，岩 体较破碎-破碎。,"[{'span_id': 'span_d76718abd6490179', 'page_number': 11, 'bbox': None, 'raw_text': '8 在掉块及出水风险；DyK1015+770～DyK1015+784 段地层岩性为石炭二叠系 板岩夹变质砂岩，局部夹压碎岩，节理裂隙发育密集，岩体破碎，掌子面存 在线状出水，其中DyK1015+770 位置附近存在掉块及溜坍风险，DyK1015+ 777 位置附近存在掉块及出水风险；DyK1015+784～DyK1015+794 段地层岩 性为石炭二叠系板岩夹变质砂岩，局部夹压碎岩及完整岩块，节理裂隙发育， 岩体破碎，掌子面存在滴渗水-线状出水；DyK1015+794～DyK1015+802 段 地层岩性为石炭二叠系板岩夹变质砂岩，局部夹压碎岩，节理裂隙发育密集， 岩体破碎，掌子面存在线-股状出水，其中DyK1015+797 位置附近存在掉块 溜坍及突涌水风险；DyK1015+802～DyK1015+808 段地层岩性为石炭二叠系 板岩夹变质砂岩，局部夹压碎岩及完整岩块，节理裂隙发育，岩体破碎，掌 子面存在滴渗水-线状出水；DyK1015+808～DyK1015+814 段地层岩性为石 炭二叠系板岩夹变质砂岩，局部夹压碎岩，节理裂隙发育密集，岩体破碎， 掌子面存在线-股状出水，其中DyK1015+808 位置附近存在掉块溜坍及出水 风险，DyK1015+812 位置附近存在突涌水风险；DyK1015+814～DyK1015+ 822 段地层岩性为石炭二叠系板岩夹变质砂岩，局部夹压碎岩，节理裂隙发 育密集，岩体破碎，掌子面存在滴渗水-线状出水，其中DyK1015+814 位置 附近存在掉块及溜坍风险；DyK1015+822～DyK1015+840 段地层岩性为石 炭二叠系板岩夹变质砂岩，节理裂隙发育，岩体较破碎-破碎，掌子面存在 线-股状出水，其中DyK1015+822 位置附近存在出水风险；DyK1015+840～ DyK1015+850 段地层岩性为石炭二叠系板岩夹变质砂岩，节理裂隙发育，岩 体较破碎-破碎。', 'normalized_text': '8 在掉块及出水风险；DyK1015+770～DyK1015+784 段地层岩性为石炭二叠系 板岩夹变质砂岩，局部夹压碎岩，节理裂隙发育密集，岩体破碎，掌子面存 在线状出水，其中DyK1015+770 位置附近存在掉块及溜坍风险，DyK1015+ 777 位置附近存在掉块及出水风险；DyK1015+784～DyK1015+794 段地层岩 性为石炭二叠系板岩夹变质砂岩，局部夹压碎岩及完整岩块，节理裂隙发育， 岩体破碎，掌子面存在滴渗水-线状出水；DyK1015+794～DyK1015+802 段 地层岩性为石炭二叠系板岩夹变质砂岩，局部夹压碎岩，节理裂隙发育密集， 岩体破碎，掌子面存在线-股状出水，其中DyK1015+797 位置附近存在掉块 溜坍及突涌水风险；DyK1015+802～DyK1015+808 段地层岩性为石炭二叠系 板岩夹变质砂岩，局部夹压碎岩及完整岩块，节理裂隙发育，岩体破碎，掌 子面存在滴渗水-线状出水；DyK1015+808～DyK1015+814 段地层岩性为石 炭二叠系板岩夹变质砂岩，局部夹压碎岩，节理裂隙发育密集，岩体破碎， 掌子面存在线-股状出水，其中DyK1015+808 位置附近存在掉块溜坍及出水 风险，DyK1015+812 位置附近存在突涌水风险；DyK1015+814～DyK1015+ 822 段地层岩性为石炭二叠系板岩夹变质砂岩，局部夹压碎岩，节理裂隙发 育密集，岩体破碎，掌子面存在滴渗水-线状出水，其中DyK1015+814 位置 附近存在掉块及溜坍风险；DyK1015+822～DyK1015+840 段地层岩性为石 炭二叠系板岩夹变质砂岩，节理裂隙发育，岩体较破碎-破碎，掌子面存在 线-股状出水，其中DyK1015+822 位置附近存在出水风险；DyK1015+840～ DyK1015+850 段地层岩性为石炭二叠系板岩夹变质砂岩，节理裂隙发育，岩 体较破碎-破碎。', 'extraction_method': 'pymupdf_page_text', 'source_role': 'chapter_7_assertion', 'table_index': None, 'row_index': None, 'column_index': None}]",TSP_REPORT,"{'kind': <SpatialKind.INTERVAL: 'INTERVAL'>, 'start_chainage': 1015808.0, 'end_chainage': 1015814.0, 'raw_expression': 'DyK1015+808～DyK1015+814', 'basis': 'tsp_chapter_7_assertion'}"
assert_4a2a3b2d9ad26a03,BLOCK_FALL_SUMMARY,doc_9c9b28ca1b4ec7355d61f2d8_a0014,9c9b28ca1b4ec7355d61f2d8,{'block_fall_or_collapse': '掉块风险'},[],CONSISTENT,['tblv2_bebab9076d6bdc01'],doc_9c9b28ca1b4ec7355d61f2d8,DyK1015+750.00_伯舒拉岭隧道进口右线地震波反射法超前地质预报报告(DyK1015+750～DyK1015+850)-20240416.pdf,8 在掉块及出水风险；DyK1015+770～DyK1015+784 段地层岩性为石炭二叠系 板岩夹变质砂岩，局部夹压碎岩，节理裂隙发育密集，岩体破碎，掌子面存 在线状出水，其中DyK1015+770 位置附近存在掉块及溜坍风险，DyK1015+ 777 位置附近存在掉块及出水风险；DyK1015+784～DyK1015+794 段地层岩 性为石炭二叠系板岩夹变质砂岩，局部夹压碎岩及完整岩块，节理裂隙发育， 岩体破碎，掌子面存在滴渗水-线状出水；DyK1015+794～DyK1015+802 段 地层岩性为石炭二叠系板岩夹变质砂岩，局部夹压碎岩，节理裂隙发育密集， 岩体破碎，掌子面存在线-股状出水，其中DyK1015+797 位置附近存在掉块 溜坍及突涌水风险；DyK1015+802～DyK1015+808 段地层岩性为石炭二叠系 板岩夹变质砂岩，局部夹压碎岩及完整岩块，节理裂隙发育，岩体破碎，掌 子面存在滴渗水-线状出水；DyK1015+808～DyK1015+814 段地层岩性为石 炭二叠系板岩夹变质砂岩，局部夹压碎岩，节理裂隙发育密集，岩体破碎， 掌子面存在线-股状出水，其中DyK1015+808 位置附近存在掉块溜坍及出水 风险，DyK1015+812 位置附近存在突涌水风险；DyK1015+814～DyK1015+ 822 段地层岩性为石炭二叠系板岩夹变质砂岩，局部夹压碎岩，节理裂隙发 育密集，岩体破碎，掌子面存在滴渗水-线状出水，其中DyK1015+814 位置 附近存在掉块及溜坍风险；DyK1015+822～DyK1015+840 段地层岩性为石 炭二叠系板岩夹变质砂岩，节理裂隙发育，岩体较破碎-破碎，掌子面存在 线-股状出水，其中DyK1015+822 位置附近存在出水风险；DyK1015+840～ DyK1015+850 段地层岩性为石炭二叠系板岩夹变质砂岩，节理裂隙发育，岩 体较破碎-破碎。,"[{'span_id': 'span_d76718abd6490179', 'page_number': 11, 'bbox': None, 'raw_text': '8 在掉块及出水风险；DyK1015+770～DyK1015+784 段地层岩性为石炭二叠系 板岩夹变质砂岩，局部夹压碎岩，节理裂隙发育密集，岩体破碎，掌子面存 在线状出水，其中DyK1015+770 位置附近存在掉块及溜坍风险，DyK1015+ 777 位置附近存在掉块及出水风险；DyK1015+784～DyK1015+794 段地层岩 性为石炭二叠系板岩夹变质砂岩，局部夹压碎岩及完整岩块，节理裂隙发育， 岩体破碎，掌子面存在滴渗水-线状出水；DyK1015+794～DyK1015+802 段 地层岩性为石炭二叠系板岩夹变质砂岩，局部夹压碎岩，节理裂隙发育密集， 岩体破碎，掌子面存在线-股状出水，其中DyK1015+797 位置附近存在掉块 溜坍及突涌水风险；DyK1015+802～DyK1015+808 段地层岩性为石炭二叠系 板岩夹变质砂岩，局部夹压碎岩及完整岩块，节理裂隙发育，岩体破碎，掌 子面存在滴渗水-线状出水；DyK1015+808～DyK1015+814 段地层岩性为石 炭二叠系板岩夹变质砂岩，局部夹压碎岩，节理裂隙发育密集，岩体破碎， 掌子面存在线-股状出水，其中DyK1015+808 位置附近存在掉块溜坍及出水 风险，DyK1015+812 位置附近存在突涌水风险；DyK1015+814～DyK1015+ 822 段地层岩性为石炭二叠系板岩夹变质砂岩，局部夹压碎岩，节理裂隙发 育密集，岩体破碎，掌子面存在滴渗水-线状出水，其中DyK1015+814 位置 附近存在掉块及溜坍风险；DyK1015+822～DyK1015+840 段地层岩性为石 炭二叠系板岩夹变质砂岩，节理裂隙发育，岩体较破碎-破碎，掌子面存在 线-股状出水，其中DyK1015+822 位置附近存在出水风险；DyK1015+840～ DyK1015+850 段地层岩性为石炭二叠系板岩夹变质砂岩，节理裂隙发育，岩 体较破碎-破碎。', 'normalized_text': '8 在掉块及出水风险；DyK1015+770～DyK1015+784 段地层岩性为石炭二叠系 板岩夹变质砂岩，局部夹压碎岩，节理裂隙发育密集，岩体破碎，掌子面存 在线状出水，其中DyK1015+770 位置附近存在掉块及溜坍风险，DyK1015+ 777 位置附近存在掉块及出水风险；DyK1015+784～DyK1015+794 段地层岩 性为石炭二叠系板岩夹变质砂岩，局部夹压碎岩及完整岩块，节理裂隙发育， 岩体破碎，掌子面存在滴渗水-线状出水；DyK1015+794～DyK1015+802 段 地层岩性为石炭二叠系板岩夹变质砂岩，局部夹压碎岩，节理裂隙发育密集， 岩体破碎，掌子面存在线-股状出水，其中DyK1015+797 位置附近存在掉块 溜坍及突涌水风险；DyK1015+802～DyK1015+808 段地层岩性为石炭二叠系 板岩夹变质砂岩，局部夹压碎岩及完整岩块，节理裂隙发育，岩体破碎，掌 子面存在滴渗水-线状出水；DyK1015+808～DyK1015+814 段地层岩性为石 炭二叠系板岩夹变质砂岩，局部夹压碎岩，节理裂隙发育密集，岩体破碎， 掌子面存在线-股状出水，其中DyK1015+808 位置附近存在掉块溜坍及出水 风险，DyK1015+812 位置附近存在突涌水风险；DyK1015+814～DyK1015+ 822 段地层岩性为石炭二叠系板岩夹变质砂岩，局部夹压碎岩，节理裂隙发 育密集，岩体破碎，掌子面存在滴渗水-线状出水，其中DyK1015+814 位置 附近存在掉块及溜坍风险；DyK1015+822～DyK1015+840 段地层岩性为石 炭二叠系板岩夹变质砂岩，节理裂隙发育，岩体较破碎-破碎，掌子面存在 线-股状出水，其中DyK1015+822 位置附近存在出水风险；DyK1015+840～ DyK1015+850 段地层岩性为石炭二叠系板岩夹变质砂岩，节理裂隙发育，岩 体较破碎-破碎。', 'extraction_method': 'pymupdf_page_text', 'source_role': 'chapter_7_assertion', 'table_index': None, 'row_index': None, 'column_index': None}]",TSP_REPORT,"{'kind': <SpatialKind.INTERVAL: 'INTERVAL'>, 'start_chainage': 1015814.0, 'end_chainage': 1015822.0, 'raw_expression': 'DyK1015+814～DyK1015+ 822', 'basis': 'tsp_chapter_7_assertion'}"
assert_54075eaa14897871,BLOCK_FALL_SUMMARY,doc_9c9b28ca1b4ec7355d61f2d8_a0015,9c9b28ca1b4ec7355d61f2d8,{'block_fall_or_collapse': '掉块风险'},[],CONSISTENT,['tblv2_a6246af4eab99f59'],doc_9c9b28ca1b4ec7355d61f2d8,DyK1015+750.00_伯舒拉岭隧道进口右线地震波反射法超前地质预报报告(DyK1015+750～DyK1015+850)-20240416.pdf,8 在掉块及出水风险；DyK1015+770～DyK1015+784 段地层岩性为石炭二叠系 板岩夹变质砂岩，局部夹压碎岩，节理裂隙发育密集，岩体破碎，掌子面存 在线状出水，其中DyK1015+770 位置附近存在掉块及溜坍风险，DyK1015+ 777 位置附近存在掉块及出水风险；DyK1015+784～DyK1015+794 段地层岩 性为石炭二叠系板岩夹变质砂岩，局部夹压碎岩及完整岩块，节理裂隙发育， 岩体破碎，掌子面存在滴渗水-线状出水；DyK1015+794～DyK1015+802 段 地层岩性为石炭二叠系板岩夹变质砂岩，局部夹压碎岩，节理裂隙发育密集， 岩体破碎，掌子面存在线-股状出水，其中DyK1015+797 位置附近存在掉块 溜坍及突涌水风险；DyK1015+802～DyK1015+808 段地层岩性为石炭二叠系 板岩夹变质砂岩，局部夹压碎岩及完整岩块，节理裂隙发育，岩体破碎，掌 子面存在滴渗水-线状出水；DyK1015+808～DyK1015+814 段地层岩性为石 炭二叠系板岩夹变质砂岩，局部夹压碎岩，节理裂隙发育密集，岩体破碎， 掌子面存在线-股状出水，其中DyK1015+808 位置附近存在掉块溜坍及出水 风险，DyK1015+812 位置附近存在突涌水风险；DyK1015+814～DyK1015+ 822 段地层岩性为石炭二叠系板岩夹变质砂岩，局部夹压碎岩，节理裂隙发 育密集，岩体破碎，掌子面存在滴渗水-线状出水，其中DyK1015+814 位置 附近存在掉块及溜坍风险；DyK1015+822～DyK1015+840 段地层岩性为石 炭二叠系板岩夹变质砂岩，节理裂隙发育，岩体较破碎-破碎，掌子面存在 线-股状出水，其中DyK1015+822 位置附近存在出水风险；DyK1015+840～ DyK1015+850 段地层岩性为石炭二叠系板岩夹变质砂岩，节理裂隙发育，岩 体较破碎-破碎。,"[{'span_id': 'span_d76718abd6490179', 'page_number': 11, 'bbox': None, 'raw_text': '8 在掉块及出水风险；DyK1015+770～DyK1015+784 段地层岩性为石炭二叠系 板岩夹变质砂岩，局部夹压碎岩，节理裂隙发育密集，岩体破碎，掌子面存 在线状出水，其中DyK1015+770 位置附近存在掉块及溜坍风险，DyK1015+ 777 位置附近存在掉块及出水风险；DyK1015+784～DyK1015+794 段地层岩 性为石炭二叠系板岩夹变质砂岩，局部夹压碎岩及完整岩块，节理裂隙发育， 岩体破碎，掌子面存在滴渗水-线状出水；DyK1015+794～DyK1015+802 段 地层岩性为石炭二叠系板岩夹变质砂岩，局部夹压碎岩，节理裂隙发育密集， 岩体破碎，掌子面存在线-股状出水，其中DyK1015+797 位置附近存在掉块 溜坍及突涌水风险；DyK1015+802～DyK1015+808 段地层岩性为石炭二叠系 板岩夹变质砂岩，局部夹压碎岩及完整岩块，节理裂隙发育，岩体破碎，掌 子面存在滴渗水-线状出水；DyK1015+808～DyK1015+814 段地层岩性为石 炭二叠系板岩夹变质砂岩，局部夹压碎岩，节理裂隙发育密集，岩体破碎， 掌子面存在线-股状出水，其中DyK1015+808 位置附近存在掉块溜坍及出水 风险，DyK1015+812 位置附近存在突涌水风险；DyK1015+814～DyK1015+ 822 段地层岩性为石炭二叠系板岩夹变质砂岩，局部夹压碎岩，节理裂隙发 育密集，岩体破碎，掌子面存在滴渗水-线状出水，其中DyK1015+814 位置 附近存在掉块及溜坍风险；DyK1015+822～DyK1015+840 段地层岩性为石 炭二叠系板岩夹变质砂岩，节理裂隙发育，岩体较破碎-破碎，掌子面存在 线-股状出水，其中DyK1015+822 位置附近存在出水风险；DyK1015+840～ DyK1015+850 段地层岩性为石炭二叠系板岩夹变质砂岩，节理裂隙发育，岩 体较破碎-破碎。', 'normalized_text': '8 在掉块及出水风险；DyK1015+770～DyK1015+784 段地层岩性为石炭二叠系 板岩夹变质砂岩，局部夹压碎岩，节理裂隙发育密集，岩体破碎，掌子面存 在线状出水，其中DyK1015+770 位置附近存在掉块及溜坍风险，DyK1015+ 777 位置附近存在掉块及出水风险；DyK1015+784～DyK1015+794 段地层岩 性为石炭二叠系板岩夹变质砂岩，局部夹压碎岩及完整岩块，节理裂隙发育， 岩体破碎，掌子面存在滴渗水-线状出水；DyK1015+794～DyK1015+802 段 地层岩性为石炭二叠系板岩夹变质砂岩，局部夹压碎岩，节理裂隙发育密集， 岩体破碎，掌子面存在线-股状出水，其中DyK1015+797 位置附近存在掉块 溜坍及突涌水风险；DyK1015+802～DyK1015+808 段地层岩性为石炭二叠系 板岩夹变质砂岩，局部夹压碎岩及完整岩块，节理裂隙发育，岩体破碎，掌 子面存在滴渗水-线状出水；DyK1015+808～DyK1015+814 段地层岩性为石 炭二叠系板岩夹变质砂岩，局部夹压碎岩，节理裂隙发育密集，岩体破碎， 掌子面存在线-股状出水，其中DyK1015+808 位置附近存在掉块溜坍及出水 风险，DyK1015+812 位置附近存在突涌水风险；DyK1015+814～DyK1015+ 822 段地层岩性为石炭二叠系板岩夹变质砂岩，局部夹压碎岩，节理裂隙发 育密集，岩体破碎，掌子面存在滴渗水-线状出水，其中DyK1015+814 位置 附近存在掉块及溜坍风险；DyK1015+822～DyK1015+840 段地层岩性为石 炭二叠系板岩夹变质砂岩，节理裂隙发育，岩体较破碎-破碎，掌子面存在 线-股状出水，其中DyK1015+822 位置附近存在出水风险；DyK1015+840～ DyK1015+850 段地层岩性为石炭二叠系板岩夹变质砂岩，节理裂隙发育，岩 体较破碎-破碎。', 'extraction_method': 'pymupdf_page_text', 'source_role': 'chapter_7_assertion', 'table_index': None, 'row_index': None, 'column_index': None}]",TSP_REPORT,"{'kind': <SpatialKind.INTERVAL: 'INTERVAL'>, 'start_chainage': 1015822.0, 'end_chainage': 1015840.0, 'raw_expression': 'DyK1015+822～DyK1015+840', 'basis': 'tsp_chapter_7_assertion'}"
assert_61d334b8b6b3f874,BLOCK_FALL_SUMMARY,doc_9c9b28ca1b4ec7355d61f2d8_a0016,9c9b28ca1b4ec7355d61f2d8,{'block_fall_or_collapse': '掉块风险'},[],CONSISTENT,['tblv2_b9e484eaf7b2994e'],doc_9c9b28ca1b4ec7355d61f2d8,DyK1015+750.00_伯舒拉岭隧道进口右线地震波反射法超前地质预报报告(DyK1015+750～DyK1015+850)-20240416.pdf,8 在掉块及出水风险；DyK1015+770～DyK1015+784 段地层岩性为石炭二叠系 板岩夹变质砂岩，局部夹压碎岩，节理裂隙发育密集，岩体破碎，掌子面存 在线状出水，其中DyK1015+770 位置附近存在掉块及溜坍风险，DyK1015+ 777 位置附近存在掉块及出水风险；DyK1015+784～DyK1015+794 段地层岩 性为石炭二叠系板岩夹变质砂岩，局部夹压碎岩及完整岩块，节理裂隙发育， 岩体破碎，掌子面存在滴渗水-线状出水；DyK1015+794～DyK1015+802 段 地层岩性为石炭二叠系板岩夹变质砂岩，局部夹压碎岩，节理裂隙发育密集， 岩体破碎，掌子面存在线-股状出水，其中DyK1015+797 位置附近存在掉块 溜坍及突涌水风险；DyK1015+802～DyK1015+808 段地层岩性为石炭二叠系 板岩夹变质砂岩，局部夹压碎岩及完整岩块，节理裂隙发育，岩体破碎，掌 子面存在滴渗水-线状出水；DyK1015+808～DyK1015+814 段地层岩性为石 炭二叠系板岩夹变质砂岩，局部夹压碎岩，节理裂隙发育密集，岩体破碎， 掌子面存在线-股状出水，其中DyK1015+808 位置附近存在掉块溜坍及出水 风险，DyK1015+812 位置附近存在突涌水风险；DyK1015+814～DyK1015+ 822 段地层岩性为石炭二叠系板岩夹变质砂岩，局部夹压碎岩，节理裂隙发 育密集，岩体破碎，掌子面存在滴渗水-线状出水，其中DyK1015+814 位置 附近存在掉块及溜坍风险；DyK1015+822～DyK1015+840 段地层岩性为石 炭二叠系板岩夹变质砂岩，节理裂隙发育，岩体较破碎-破碎，掌子面存在 线-股状出水，其中DyK1015+822 位置附近存在出水风险；DyK1015+840～ DyK1015+850 段地层岩性为石炭二叠系板岩夹变质砂岩，节理裂隙发育，岩 体较破碎-破碎。,"[{'span_id': 'span_d76718abd6490179', 'page_number': 11, 'bbox': None, 'raw_text': '8 在掉块及出水风险；DyK1015+770～DyK1015+784 段地层岩性为石炭二叠系 板岩夹变质砂岩，局部夹压碎岩，节理裂隙发育密集，岩体破碎，掌子面存 在线状出水，其中DyK1015+770 位置附近存在掉块及溜坍风险，DyK1015+ 777 位置附近存在掉块及出水风险；DyK1015+784～DyK1015+794 段地层岩 性为石炭二叠系板岩夹变质砂岩，局部夹压碎岩及完整岩块，节理裂隙发育， 岩体破碎，掌子面存在滴渗水-线状出水；DyK1015+794～DyK1015+802 段 地层岩性为石炭二叠系板岩夹变质砂岩，局部夹压碎岩，节理裂隙发育密集， 岩体破碎，掌子面存在线-股状出水，其中DyK1015+797 位置附近存在掉块 溜坍及突涌水风险；DyK1015+802～DyK1015+808 段地层岩性为石炭二叠系 板岩夹变质砂岩，局部夹压碎岩及完整岩块，节理裂隙发育，岩体破碎，掌 子面存在滴渗水-线状出水；DyK1015+808～DyK1015+814 段地层岩性为石 炭二叠系板岩夹变质砂岩，局部夹压碎岩，节理裂隙发育密集，岩体破碎， 掌子面存在线-股状出水，其中DyK1015+808 位置附近存在掉块溜坍及出水 风险，DyK1015+812 位置附近存在突涌水风险；DyK1015+814～DyK1015+ 822 段地层岩性为石炭二叠系板岩夹变质砂岩，局部夹压碎岩，节理裂隙发 育密集，岩体破碎，掌子面存在滴渗水-线状出水，其中DyK1015+814 位置 附近存在掉块及溜坍风险；DyK1015+822～DyK1015+840 段地层岩性为石 炭二叠系板岩夹变质砂岩，节理裂隙发育，岩体较破碎-破碎，掌子面存在 线-股状出水，其中DyK1015+822 位置附近存在出水风险；DyK1015+840～ DyK1015+850 段地层岩性为石炭二叠系板岩夹变质砂岩，节理裂隙发育，岩 体较破碎-破碎。', 'normalized_text': '8 在掉块及出水风险；DyK1015+770～DyK1015+784 段地层岩性为石炭二叠系 板岩夹变质砂岩，局部夹压碎岩，节理裂隙发育密集，岩体破碎，掌子面存 在线状出水，其中DyK1015+770 位置附近存在掉块及溜坍风险，DyK1015+ 777 位置附近存在掉块及出水风险；DyK1015+784～DyK1015+794 段地层岩 性为石炭二叠系板岩夹变质砂岩，局部夹压碎岩及完整岩块，节理裂隙发育， 岩体破碎，掌子面存在滴渗水-线状出水；DyK1015+794～DyK1015+802 段 地层岩性为石炭二叠系板岩夹变质砂岩，局部夹压碎岩，节理裂隙发育密集， 岩体破碎，掌子面存在线-股状出水，其中DyK1015+797 位置附近存在掉块 溜坍及突涌水风险；DyK1015+802～DyK1015+808 段地层岩性为石炭二叠系 板岩夹变质砂岩，局部夹压碎岩及完整岩块，节理裂隙发育，岩体破碎，掌 子面存在滴渗水-线状出水；DyK1015+808～DyK1015+814 段地层岩性为石 炭二叠系板岩夹变质砂岩，局部夹压碎岩，节理裂隙发育密集，岩体破碎， 掌子面存在线-股状出水，其中DyK1015+808 位置附近存在掉块溜坍及出水 风险，DyK1015+812 位置附近存在突涌水风险；DyK1015+814～DyK1015+ 822 段地层岩性为石炭二叠系板岩夹变质砂岩，局部夹压碎岩，节理裂隙发 育密集，岩体破碎，掌子面存在滴渗水-线状出水，其中DyK1015+814 位置 附近存在掉块及溜坍风险；DyK1015+822～DyK1015+840 段地层岩性为石 炭二叠系板岩夹变质砂岩，节理裂隙发育，岩体较破碎-破碎，掌子面存在 线-股状出水，其中DyK1015+822 位置附近存在出水风险；DyK1015+840～ DyK1015+850 段地层岩性为石炭二叠系板岩夹变质砂岩，节理裂隙发育，岩 体较破碎-破碎。', 'extraction_method': 'pymupdf_page_text', 'source_role': 'chapter_7_assertion', 'table_index': None, 'row_index': None, 'column_index': None}]",TSP_REPORT,"{'kind': <SpatialKind.INTERVAL: 'INTERVAL'>, 'start_chainage': 1015840.0, 'end_chainage': 1015850.0, 'raw_expression': 'DyK1015+840～ DyK1015+850', 'basis': 'tsp_chapter_7_assertion'}"
assert_11897b2b0e7c0253,WATER_SUMMARY,doc_9c9b28ca1b4ec7355d61f2d8_a0017,9c9b28ca1b4ec7355d61f2d8,{'water_type': '线状出水'},[],CONSISTENT,['tblv2_58c061fc04d5f424'],doc_9c9b28ca1b4ec7355d61f2d8,DyK1015+750.00_伯舒拉岭隧道进口右线地震波反射法超前地质预报报告(DyK1015+750～DyK1015+850)-20240416.pdf,DyK1015+770～DyK1015+784 段地层岩性为石炭二叠系 板岩夹变质砂岩，局部夹压碎岩，节理裂隙发育密集，岩体破碎，掌子面存 在线状出水，其中DyK1015+770 位置附近存在掉块及溜坍风险，DyK1015+ 777 位置附近存在掉块及出水风险,"[{'span_id': 'span_876fa68e609d71a6', 'page_number': 11, 'bbox': None, 'raw_text': 'DyK1015+770～DyK1015+784 段地层岩性为石炭二叠系 板岩夹变质砂岩，局部夹压碎岩，节理裂隙发育密集，岩体破碎，掌子面存 在线状出水，其中DyK1015+770 位置附近存在掉块及溜坍风险，DyK1015+ 777 位置附近存在掉块及出水风险', 'normalized_text': 'DyK1015+770～DyK1015+784 段地层岩性为石炭二叠系 板岩夹变质砂岩，局部夹压碎岩，节理裂隙发育密集，岩体破碎，掌子面存 在线状出水，其中DyK1015+770 位置附近存在掉块及溜坍风险，DyK1015+ 777 位置附近存在掉块及出水风险', 'extraction_method': 'pymupdf_page_text', 'source_role': 'chapter_7_assertion', 'table_index': None, 'row_index': None, 'column_index': None}]",TSP_REPORT,"{'kind': <SpatialKind.INTERVAL: 'INTERVAL'>, 'start_chainage': 1015770.0, 'end_chainage': 1015784.0, 'raw_expression': 'DyK1015+770～DyK1015+784', 'basis': 'tsp_chapter_7_assertion'}"
assert_d2e523db9b8e83dd,WATER_SUMMARY,doc_9c9b28ca1b4ec7355d61f2d8_a0018,9c9b28ca1b4ec7355d61f2d8,{'water_type': '滴渗水-线状出水'},[],CONSISTENT,['tblv2_965f1185eb47c881'],doc_9c9b28ca1b4ec7355d61f2d8,DyK1015+750.00_伯舒拉岭隧道进口右线地震波反射法超前地质预报报告(DyK1015+750～DyK1015+850)-20240416.pdf,DyK1015+784～DyK1015+794 段地层岩 性为石炭二叠系板岩夹变质砂岩，局部夹压碎岩及完整岩块，节理裂隙发育， 岩体破碎，掌子面存在滴渗水-线状出水,"[{'span_id': 'span_8cb30d0ac7513d2c', 'page_number': 11, 'bbox': None, 'raw_text': 'DyK1015+784～DyK1015+794 段地层岩 性为石炭二叠系板岩夹变质砂岩，局部夹压碎岩及完整岩块，节理裂隙发育， 岩体破碎，掌子面存在滴渗水-线状出水', 'normalized_text': 'DyK1015+784～DyK1015+794 段地层岩 性为石炭二叠系板岩夹变质砂岩，局部夹压碎岩及完整岩块，节理裂隙发育， 岩体破碎，掌子面存在滴渗水-线状出水', 'extraction_method': 'pymupdf_page_text', 'source_role': 'chapter_7_assertion', 'table_index': None, 'row_index': None, 'column_index': None}]",TSP_REPORT,"{'kind': <SpatialKind.INTERVAL: 'INTERVAL'>, 'start_chainage': 1015784.0, 'end_chainage': 1015794.0, 'raw_expression': 'DyK1015+784～DyK1015+794', 'basis': 'tsp_chapter_7_assertion'}"
assert_562c9e10b9ce78a1,WATER_SUMMARY,doc_9c9b28ca1b4ec7355d61f2d8_a0019,9c9b28ca1b4ec7355d61f2d8,{'water_type': '线-股状出水'},[],CONSISTENT,['tblv2_76170d9b158ac001'],doc_9c9b28ca1b4ec7355d61f2d8,DyK1015+750.00_伯舒拉岭隧道进口右线地震波反射法超前地质预报报告(DyK1015+750～DyK1015+850)-20240416.pdf,DyK1015+794～DyK1015+802 段 地层岩性为石炭二叠系板岩夹变质砂岩，局部夹压碎岩，节理裂隙发育密集， 岩体破碎，掌子面存在线-股状出水，其中DyK1015+797 位置附近存在掉块 溜坍及突涌水风险,"[{'span_id': 'span_8fee252faed68b94', 'page_number': 11, 'bbox': None, 'raw_text': 'DyK1015+794～DyK1015+802 段 地层岩性为石炭二叠系板岩夹变质砂岩，局部夹压碎岩，节理裂隙发育密集， 岩体破碎，掌子面存在线-股状出水，其中DyK1015+797 位置附近存在掉块 溜坍及突涌水风险', 'normalized_text': 'DyK1015+794～DyK1015+802 段 地层岩性为石炭二叠系板岩夹变质砂岩，局部夹压碎岩，节理裂隙发育密集， 岩体破碎，掌子面存在线-股状出水，其中DyK1015+797 位置附近存在掉块 溜坍及突涌水风险', 'extraction_method': 'pymupdf_page_text', 'source_role': 'chapter_7_assertion', 'table_index': None, 'row_index': None, 'column_index': None}]",TSP_REPORT,"{'kind': <SpatialKind.INTERVAL: 'INTERVAL'>, 'start_chainage': 1015794.0, 'end_chainage': 1015802.0, 'raw_expression': 'DyK1015+794～DyK1015+802', 'basis': 'tsp_chapter_7_assertion'}"
assert_88404f982b3493ea,WATER_SUMMARY,doc_9c9b28ca1b4ec7355d61f2d8_a0020,9c9b28ca1b4ec7355d61f2d8,{'water_type': '滴渗水-线状出水'},[],CONSISTENT,['tblv2_662e50fb041f73df'],doc_9c9b28ca1b4ec7355d61f2d8,DyK1015+750.00_伯舒拉岭隧道进口右线地震波反射法超前地质预报报告(DyK1015+750～DyK1015+850)-20240416.pdf,DyK1015+802～DyK1015+808 段地层岩性为石炭二叠系 板岩夹变质砂岩，局部夹压碎岩及完整岩块，节理裂隙发育，岩体破碎，掌 子面存在滴渗水-线状出水,"[{'span_id': 'span_6ccadf9d6c426ad7', 'page_number': 11, 'bbox': None, 'raw_text': 'DyK1015+802～DyK1015+808 段地层岩性为石炭二叠系 板岩夹变质砂岩，局部夹压碎岩及完整岩块，节理裂隙发育，岩体破碎，掌 子面存在滴渗水-线状出水', 'normalized_text': 'DyK1015+802～DyK1015+808 段地层岩性为石炭二叠系 板岩夹变质砂岩，局部夹压碎岩及完整岩块，节理裂隙发育，岩体破碎，掌 子面存在滴渗水-线状出水', 'extraction_method': 'pymupdf_page_text', 'source_role': 'chapter_7_assertion', 'table_index': None, 'row_index': None, 'column_index': None}]",TSP_REPORT,"{'kind': <SpatialKind.INTERVAL: 'INTERVAL'>, 'start_chainage': 1015802.0, 'end_chainage': 1015808.0, 'raw_expression': 'DyK1015+802～DyK1015+808', 'basis': 'tsp_chapter_7_assertion'}"
assert_80bdf47928b6ceaf,WATER_SUMMARY,doc_9c9b28ca1b4ec7355d61f2d8_a0021,9c9b28ca1b4ec7355d61f2d8,{'water_type': '线-股状出水'},[],CONSISTENT,['tblv2_f5f8e3abf9ae4621'],doc_9c9b28ca1b4ec7355d61f2d8,DyK1015+750.00_伯舒拉岭隧道进口右线地震波反射法超前地质预报报告(DyK1015+750～DyK1015+850)-20240416.pdf,DyK1015+808～DyK1015+814 段地层岩性为石 炭二叠系板岩夹变质砂岩，局部夹压碎岩，节理裂隙发育密集，岩体破碎， 掌子面存在线-股状出水，其中DyK1015+808 位置附近存在掉块溜坍及出水 风险，DyK1015+812 位置附近存在突涌水风险,"[{'span_id': 'span_450ee038135dbc1e', 'page_number': 11, 'bbox': None, 'raw_text': 'DyK1015+808～DyK1015+814 段地层岩性为石 炭二叠系板岩夹变质砂岩，局部夹压碎岩，节理裂隙发育密集，岩体破碎， 掌子面存在线-股状出水，其中DyK1015+808 位置附近存在掉块溜坍及出水 风险，DyK1015+812 位置附近存在突涌水风险', 'normalized_text': 'DyK1015+808～DyK1015+814 段地层岩性为石 炭二叠系板岩夹变质砂岩，局部夹压碎岩，节理裂隙发育密集，岩体破碎， 掌子面存在线-股状出水，其中DyK1015+808 位置附近存在掉块溜坍及出水 风险，DyK1015+812 位置附近存在突涌水风险', 'extraction_method': 'pymupdf_page_text', 'source_role': 'chapter_7_assertion', 'table_index': None, 'row_index': None, 'column_index': None}]",TSP_REPORT,"{'kind': <SpatialKind.INTERVAL: 'INTERVAL'>, 'start_chainage': 1015808.0, 'end_chainage': 1015814.0, 'raw_expression': 'DyK1015+808～DyK1015+814', 'basis': 'tsp_chapter_7_assertion'}"
assert_166199f79ee0fc38,WATER_SUMMARY,doc_9c9b28ca1b4ec7355d61f2d8_a0022,9c9b28ca1b4ec7355d61f2d8,{'water_type': '滴渗水-线状出水'},[],CONSISTENT,['tblv2_bebab9076d6bdc01'],doc_9c9b28ca1b4ec7355d61f2d8,DyK1015+750.00_伯舒拉岭隧道进口右线地震波反射法超前地质预报报告(DyK1015+750～DyK1015+850)-20240416.pdf,DyK1015+814～DyK1015+ 822 段地层岩性为石炭二叠系板岩夹变质砂岩，局部夹压碎岩，节理裂隙发 育密集，岩体破碎，掌子面存在滴渗水-线状出水，其中DyK1015+814 位置 附近存在掉块及溜坍风险,"[{'span_id': 'span_4c9f8804a5883cf8', 'page_number': 11, 'bbox': None, 'raw_text': 'DyK1015+814～DyK1015+ 822 段地层岩性为石炭二叠系板岩夹变质砂岩，局部夹压碎岩，节理裂隙发 育密集，岩体破碎，掌子面存在滴渗水-线状出水，其中DyK1015+814 位置 附近存在掉块及溜坍风险', 'normalized_text': 'DyK1015+814～DyK1015+ 822 段地层岩性为石炭二叠系板岩夹变质砂岩，局部夹压碎岩，节理裂隙发 育密集，岩体破碎，掌子面存在滴渗水-线状出水，其中DyK1015+814 位置 附近存在掉块及溜坍风险', 'extraction_method': 'pymupdf_page_text', 'source_role': 'chapter_7_assertion', 'table_index': None, 'row_index': None, 'column_index': None}]",TSP_REPORT,"{'kind': <SpatialKind.INTERVAL: 'INTERVAL'>, 'start_chainage': 1015814.0, 'end_chainage': 1015822.0, 'raw_expression': 'DyK1015+814～DyK1015+ 822', 'basis': 'tsp_chapter_7_assertion'}"
assert_6811dd44c0e6077d,WATER_SUMMARY,doc_9c9b28ca1b4ec7355d61f2d8_a0023,9c9b28ca1b4ec7355d61f2d8,{'water_type': '线-股状出水'},[],CONSISTENT,['tblv2_a6246af4eab99f59'],doc_9c9b28ca1b4ec7355d61f2d8,DyK1015+750.00_伯舒拉岭隧道进口右线地震波反射法超前地质预报报告(DyK1015+750～DyK1015+850)-20240416.pdf,DyK1015+822～DyK1015+840 段地层岩性为石 炭二叠系板岩夹变质砂岩，节理裂隙发育，岩体较破碎-破碎，掌子面存在 线-股状出水，其中DyK1015+822 位置附近存在出水风险,"[{'span_id': 'span_bf1926e88df6d8ae', 'page_number': 11, 'bbox': None, 'raw_text': 'DyK1015+822～DyK1015+840 段地层岩性为石 炭二叠系板岩夹变质砂岩，节理裂隙发育，岩体较破碎-破碎，掌子面存在 线-股状出水，其中DyK1015+822 位置附近存在出水风险', 'normalized_text': 'DyK1015+822～DyK1015+840 段地层岩性为石 炭二叠系板岩夹变质砂岩，节理裂隙发育，岩体较破碎-破碎，掌子面存在 线-股状出水，其中DyK1015+822 位置附近存在出水风险', 'extraction_method': 'pymupdf_page_text', 'source_role': 'chapter_7_assertion', 'table_index': None, 'row_index': None, 'column_index': None}]",TSP_REPORT,"{'kind': <SpatialKind.INTERVAL: 'INTERVAL'>, 'start_chainage': 1015822.0, 'end_chainage': 1015840.0, 'raw_expression': 'DyK1015+822～DyK1015+840', 'basis': 'tsp_chapter_7_assertion'}"
assert_b4b550c94374b7ea,RISK_SUMMARY,doc_9c9b28ca1b4ec7355d61f2d8_a0024,9c9b28ca1b4ec7355d61f2d8,"{'risk_categories': ['掉块', '出水', '突涌水'], 'source_risk_text': 'DyK1015+794～DyK1015+802 段 地层岩性为石炭二叠系板岩夹变质砂岩，局部夹压碎岩，节理裂隙发育密集， 岩体破碎，掌子面存在线-股状出水，其中DyK1015+797 位置附近存在掉块 溜坍及突涌水风险'}",[],CONSISTENT,['tblv2_76170d9b158ac001'],doc_9c9b28ca1b4ec7355d61f2d8,DyK1015+750.00_伯舒拉岭隧道进口右线地震波反射法超前地质预报报告(DyK1015+750～DyK1015+850)-20240416.pdf,DyK1015+794～DyK1015+802 段 地层岩性为石炭二叠系板岩夹变质砂岩，局部夹压碎岩，节理裂隙发育密集， 岩体破碎，掌子面存在线-股状出水，其中DyK1015+797 位置附近存在掉块 溜坍及突涌水风险,"[{'span_id': 'span_8fee252faed68b94', 'page_number': 11, 'bbox': None, 'raw_text': 'DyK1015+794～DyK1015+802 段 地层岩性为石炭二叠系板岩夹变质砂岩，局部夹压碎岩，节理裂隙发育密集， 岩体破碎，掌子面存在线-股状出水，其中DyK1015+797 位置附近存在掉块 溜坍及突涌水风险', 'normalized_text': 'DyK1015+794～DyK1015+802 段 地层岩性为石炭二叠系板岩夹变质砂岩，局部夹压碎岩，节理裂隙发育密集， 岩体破碎，掌子面存在线-股状出水，其中DyK1015+797 位置附近存在掉块 溜坍及突涌水风险', 'extraction_method': 'pymupdf_page_text', 'source_role': 'chapter_7_assertion', 'table_index': None, 'row_index': None, 'column_index': None}]",TSP_REPORT,"{'kind': <SpatialKind.INTERVAL: 'INTERVAL'>, 'start_chainage': 1015794.0, 'end_chainage': 1015802.0, 'raw_expression': 'DyK1015+794～DyK1015+802', 'basis': 'tsp_chapter_7_assertion'}"
assert_98b5f6f5cabfc4b4,RISK_SUMMARY,doc_9c9b28ca1b4ec7355d61f2d8_a0025,9c9b28ca1b4ec7355d61f2d8,"{'risk_categories': ['掉块', '出水', '突涌水'], 'source_risk_text': 'DyK1015+808～DyK1015+814 段地层岩性为石 炭二叠系板岩夹变质砂岩，局部夹压碎岩，节理裂隙发育密集，岩体破碎， 掌子面存在线-股状出水，其中DyK1015+808 位置附近存在掉块溜坍及出水 风险，DyK1015+812 位置附近存在突涌水风险'}",[],CONSISTENT,['tblv2_f5f8e3abf9ae4621'],doc_9c9b28ca1b4ec7355d61f2d8,DyK1015+750.00_伯舒拉岭隧道进口右线地震波反射法超前地质预报报告(DyK1015+750～DyK1015+850)-20240416.pdf,DyK1015+808～DyK1015+814 段地层岩性为石 炭二叠系板岩夹变质砂岩，局部夹压碎岩，节理裂隙发育密集，岩体破碎， 掌子面存在线-股状出水，其中DyK1015+808 位置附近存在掉块溜坍及出水 风险，DyK1015+812 位置附近存在突涌水风险,"[{'span_id': 'span_450ee038135dbc1e', 'page_number': 11, 'bbox': None, 'raw_text': 'DyK1015+808～DyK1015+814 段地层岩性为石 炭二叠系板岩夹变质砂岩，局部夹压碎岩，节理裂隙发育密集，岩体破碎， 掌子面存在线-股状出水，其中DyK1015+808 位置附近存在掉块溜坍及出水 风险，DyK1015+812 位置附近存在突涌水风险', 'normalized_text': 'DyK1015+808～DyK1015+814 段地层岩性为石 炭二叠系板岩夹变质砂岩，局部夹压碎岩，节理裂隙发育密集，岩体破碎， 掌子面存在线-股状出水，其中DyK1015+808 位置附近存在掉块溜坍及出水 风险，DyK1015+812 位置附近存在突涌水风险', 'extraction_method': 'pymupdf_page_text', 'source_role': 'chapter_7_assertion', 'table_index': None, 'row_index': None, 'column_index': None}]",TSP_REPORT,"{'kind': <SpatialKind.INTERVAL: 'INTERVAL'>, 'start_chainage': 1015808.0, 'end_chainage': 1015814.0, 'raw_expression': 'DyK1015+808～DyK1015+814', 'basis': 'tsp_chapter_7_assertion'}"
assert_8276ceccad0e5efa,GRADE_SUMMARY,doc_02c15c50d7f5c44364c9893e_a0001,02c15c50d7f5c44364c9893e,{'suggested_grade': 'Ⅴ级'},[],CONSISTENT,['tblv2_8775f32bdb6a0fb7'],doc_02c15c50d7f5c44364c9893e,DyK1017+125.00_伯舒拉岭隧道进口右线地震波反射法超前地质预报报告(DyK1017+125～DyK1017+225)-20240727.pdf,DyK1017+125～DyK1017+140 段建议按Ⅴ级围岩施工，,"[{'span_id': 'span_c2572deda465dfb9', 'page_number': 10, 'bbox': None, 'raw_text': 'DyK1017+125～DyK1017+140 段建议按Ⅴ级围岩施工，', 'normalized_text': 'DyK1017+125～DyK1017+140 段建议按Ⅴ级围岩施工，', 'extraction_method': 'pymupdf_page_text', 'source_role': 'chapter_7_assertion', 'table_index': None, 'row_index': None, 'column_index': None}]",TSP_REPORT,"{'kind': <SpatialKind.INTERVAL: 'INTERVAL'>, 'start_chainage': 1017125.0, 'end_chainage': 1017140.0, 'raw_expression': 'DyK1017+125～DyK1017+140', 'basis': 'tsp_chapter_7_assertion'}"
assert_e53909d7c5f974d6,GRADE_SUMMARY,doc_02c15c50d7f5c44364c9893e_a0002,02c15c50d7f5c44364c9893e,{'suggested_grade': 'Ⅳ级'},[],CONSISTENT,"['tblv2_7f44709b0f45e8d3', 'tblv2_57642e9d3b8d2cf6']",doc_02c15c50d7f5c44364c9893e,DyK1017+125.00_伯舒拉岭隧道进口右线地震波反射法超前地质预报报告(DyK1017+125～DyK1017+225)-20240727.pdf,DyK1017+ 140～DyK1017+156 段建议按Ⅳ级围岩施工，,"[{'span_id': 'span_60961ea870b6ee3e', 'page_number': 10, 'bbox': None, 'raw_text': 'DyK1017+ 140～DyK1017+156 段建议按Ⅳ级围岩施工，', 'normalized_text': 'DyK1017+ 140～DyK1017+156 段建议按Ⅳ级围岩施工，', 'extraction_method': 'pymupdf_page_text', 'source_role': 'chapter_7_assertion', 'table_index': None, 'row_index': None, 'column_index': None}]",TSP_REPORT,"{'kind': <SpatialKind.INTERVAL: 'INTERVAL'>, 'start_chainage': 1017140.0, 'end_chainage': 1017156.0, 'raw_expression': 'DyK1017+ 140～DyK1017+156', 'basis': 'tsp_chapter_7_assertion'}"
assert_fd0e89400a9257fd,GRADE_SUMMARY,doc_02c15c50d7f5c44364c9893e_a0003,02c15c50d7f5c44364c9893e,{'suggested_grade': 'Ⅴ级'},[],CONSISTENT,"['tblv2_f4e839c4daa684ed', 'tblv2_560bec7bef87faf9', 'tblv2_a1f735efd0be619c']",doc_02c15c50d7f5c44364c9893e,DyK1017+125.00_伯舒拉岭隧道进口右线地震波反射法超前地质预报报告(DyK1017+125～DyK1017+225)-20240727.pdf,DyK1017+156～DyK1017+188 段建议按Ⅴ级围岩施工，,"[{'span_id': 'span_557f0da76f337e59', 'page_number': 10, 'bbox': None, 'raw_text': 'DyK1017+156～DyK1017+188 段建议按Ⅴ级围岩施工，', 'normalized_text': 'DyK1017+156～DyK1017+188 段建议按Ⅴ级围岩施工，', 'extraction_method': 'pymupdf_page_text', 'source_role': 'chapter_7_assertion', 'table_index': None, 'row_index': None, 'column_index': None}]",TSP_REPORT,"{'kind': <SpatialKind.INTERVAL: 'INTERVAL'>, 'start_chainage': 1017156.0, 'end_chainage': 1017188.0, 'raw_expression': 'DyK1017+156～DyK1017+188', 'basis': 'tsp_chapter_7_assertion'}"
assert_93b39464dde07a2f,BLOCK_FALL_SUMMARY,doc_02c15c50d7f5c44364c9893e_a0004,02c15c50d7f5c44364c9893e,{'block_fall_or_collapse': '掉块风险'},[],CONSISTENT,['tblv2_8775f32bdb6a0fb7'],doc_02c15c50d7f5c44364c9893e,DyK1017+125.00_伯舒拉岭隧道进口右线地震波反射法超前地质预报报告(DyK1017+125～DyK1017+225)-20240727.pdf,（2）DyK1017+125～DyK1017+140 段地层岩性为石炭二叠系板岩夹变 质砂岩，弱风化，岩质软硬不均，节理裂隙较发育-发育，岩体较破碎-破碎， 掌子面存在滴渗水-线状出水，其中DyK1017+134 位置附近存在掉块溜坍及 出水风险；DyK1017+156～DyK1017+165 段地层岩性为石炭二叠系板岩，弱 风化，岩质较软，节理裂隙发育，岩体较破碎-破碎，掌子面右侧节理裂隙 发育密集，岩体破碎，掌子面存在滴渗水，其中DyK1017+156 位置附近存 在掉块溜坍及卡机风险；DyK1017+165～DyK1017+175 段地层岩性为石炭,"[{'span_id': 'span_ed6b2efe09f4b247', 'page_number': 10, 'bbox': None, 'raw_text': '（2）DyK1017+125～DyK1017+140 段地层岩性为石炭二叠系板岩夹变 质砂岩，弱风化，岩质软硬不均，节理裂隙较发育-发育，岩体较破碎-破碎， 掌子面存在滴渗水-线状出水，其中DyK1017+134 位置附近存在掉块溜坍及 出水风险；DyK1017+156～DyK1017+165 段地层岩性为石炭二叠系板岩，弱 风化，岩质较软，节理裂隙发育，岩体较破碎-破碎，掌子面右侧节理裂隙 发育密集，岩体破碎，掌子面存在滴渗水，其中DyK1017+156 位置附近存 在掉块溜坍及卡机风险；DyK1017+165～DyK1017+175 段地层岩性为石炭', 'normalized_text': '（2）DyK1017+125～DyK1017+140 段地层岩性为石炭二叠系板岩夹变 质砂岩，弱风化，岩质软硬不均，节理裂隙较发育-发育，岩体较破碎-破碎， 掌子面存在滴渗水-线状出水，其中DyK1017+134 位置附近存在掉块溜坍及 出水风险；DyK1017+156～DyK1017+165 段地层岩性为石炭二叠系板岩，弱 风化，岩质较软，节理裂隙发育，岩体较破碎-破碎，掌子面右侧节理裂隙 发育密集，岩体破碎，掌子面存在滴渗水，其中DyK1017+156 位置附近存 在掉块溜坍及卡机风险；DyK1017+165～DyK1017+175 段地层岩性为石炭', 'extraction_method': 'pymupdf_page_text', 'source_role': 'chapter_7_assertion', 'table_index': None, 'row_index': None, 'column_index': None}]",TSP_REPORT,"{'kind': <SpatialKind.INTERVAL: 'INTERVAL'>, 'start_chainage': 1017125.0, 'end_chainage': 1017140.0, 'raw_expression': 'DyK1017+125～DyK1017+140', 'basis': 'tsp_chapter_7_assertion'}"
assert_d530e3647a2ccf9a,BLOCK_FALL_SUMMARY,doc_02c15c50d7f5c44364c9893e_a0005,02c15c50d7f5c44364c9893e,{'block_fall_or_collapse': '掉块风险'},[],CONSISTENT,['tblv2_f4e839c4daa684ed'],doc_02c15c50d7f5c44364c9893e,DyK1017+125.00_伯舒拉岭隧道进口右线地震波反射法超前地质预报报告(DyK1017+125～DyK1017+225)-20240727.pdf,（2）DyK1017+125～DyK1017+140 段地层岩性为石炭二叠系板岩夹变 质砂岩，弱风化，岩质软硬不均，节理裂隙较发育-发育，岩体较破碎-破碎， 掌子面存在滴渗水-线状出水，其中DyK1017+134 位置附近存在掉块溜坍及 出水风险；DyK1017+156～DyK1017+165 段地层岩性为石炭二叠系板岩，弱 风化，岩质较软，节理裂隙发育，岩体较破碎-破碎，掌子面右侧节理裂隙 发育密集，岩体破碎，掌子面存在滴渗水，其中DyK1017+156 位置附近存 在掉块溜坍及卡机风险；DyK1017+165～DyK1017+175 段地层岩性为石炭,"[{'span_id': 'span_ed6b2efe09f4b247', 'page_number': 10, 'bbox': None, 'raw_text': '（2）DyK1017+125～DyK1017+140 段地层岩性为石炭二叠系板岩夹变 质砂岩，弱风化，岩质软硬不均，节理裂隙较发育-发育，岩体较破碎-破碎， 掌子面存在滴渗水-线状出水，其中DyK1017+134 位置附近存在掉块溜坍及 出水风险；DyK1017+156～DyK1017+165 段地层岩性为石炭二叠系板岩，弱 风化，岩质较软，节理裂隙发育，岩体较破碎-破碎，掌子面右侧节理裂隙 发育密集，岩体破碎，掌子面存在滴渗水，其中DyK1017+156 位置附近存 在掉块溜坍及卡机风险；DyK1017+165～DyK1017+175 段地层岩性为石炭', 'normalized_text': '（2）DyK1017+125～DyK1017+140 段地层岩性为石炭二叠系板岩夹变 质砂岩，弱风化，岩质软硬不均，节理裂隙较发育-发育，岩体较破碎-破碎， 掌子面存在滴渗水-线状出水，其中DyK1017+134 位置附近存在掉块溜坍及 出水风险；DyK1017+156～DyK1017+165 段地层岩性为石炭二叠系板岩，弱 风化，岩质较软，节理裂隙发育，岩体较破碎-破碎，掌子面右侧节理裂隙 发育密集，岩体破碎，掌子面存在滴渗水，其中DyK1017+156 位置附近存 在掉块溜坍及卡机风险；DyK1017+165～DyK1017+175 段地层岩性为石炭', 'extraction_method': 'pymupdf_page_text', 'source_role': 'chapter_7_assertion', 'table_index': None, 'row_index': None, 'column_index': None}]",TSP_REPORT,"{'kind': <SpatialKind.INTERVAL: 'INTERVAL'>, 'start_chainage': 1017156.0, 'end_chainage': 1017165.0, 'raw_expression': 'DyK1017+156～DyK1017+165', 'basis': 'tsp_chapter_7_assertion'}"
assert_c08456e5f75d2b4b,BLOCK_FALL_SUMMARY,doc_02c15c50d7f5c44364c9893e_a0006,02c15c50d7f5c44364c9893e,{'block_fall_or_collapse': '掉块风险'},[],CONSISTENT,['tblv2_560bec7bef87faf9'],doc_02c15c50d7f5c44364c9893e,DyK1017+125.00_伯舒拉岭隧道进口右线地震波反射法超前地质预报报告(DyK1017+125～DyK1017+225)-20240727.pdf,（2）DyK1017+125～DyK1017+140 段地层岩性为石炭二叠系板岩夹变 质砂岩，弱风化，岩质软硬不均，节理裂隙较发育-发育，岩体较破碎-破碎， 掌子面存在滴渗水-线状出水，其中DyK1017+134 位置附近存在掉块溜坍及 出水风险；DyK1017+156～DyK1017+165 段地层岩性为石炭二叠系板岩，弱 风化，岩质较软，节理裂隙发育，岩体较破碎-破碎，掌子面右侧节理裂隙 发育密集，岩体破碎，掌子面存在滴渗水，其中DyK1017+156 位置附近存 在掉块溜坍及卡机风险；DyK1017+165～DyK1017+175 段地层岩性为石炭,"[{'span_id': 'span_ed6b2efe09f4b247', 'page_number': 10, 'bbox': None, 'raw_text': '（2）DyK1017+125～DyK1017+140 段地层岩性为石炭二叠系板岩夹变 质砂岩，弱风化，岩质软硬不均，节理裂隙较发育-发育，岩体较破碎-破碎， 掌子面存在滴渗水-线状出水，其中DyK1017+134 位置附近存在掉块溜坍及 出水风险；DyK1017+156～DyK1017+165 段地层岩性为石炭二叠系板岩，弱 风化，岩质较软，节理裂隙发育，岩体较破碎-破碎，掌子面右侧节理裂隙 发育密集，岩体破碎，掌子面存在滴渗水，其中DyK1017+156 位置附近存 在掉块溜坍及卡机风险；DyK1017+165～DyK1017+175 段地层岩性为石炭', 'normalized_text': '（2）DyK1017+125～DyK1017+140 段地层岩性为石炭二叠系板岩夹变 质砂岩，弱风化，岩质软硬不均，节理裂隙较发育-发育，岩体较破碎-破碎， 掌子面存在滴渗水-线状出水，其中DyK1017+134 位置附近存在掉块溜坍及 出水风险；DyK1017+156～DyK1017+165 段地层岩性为石炭二叠系板岩，弱 风化，岩质较软，节理裂隙发育，岩体较破碎-破碎，掌子面右侧节理裂隙 发育密集，岩体破碎，掌子面存在滴渗水，其中DyK1017+156 位置附近存 在掉块溜坍及卡机风险；DyK1017+165～DyK1017+175 段地层岩性为石炭', 'extraction_method': 'pymupdf_page_text', 'source_role': 'chapter_7_assertion', 'table_index': None, 'row_index': None, 'column_index': None}]",TSP_REPORT,"{'kind': <SpatialKind.INTERVAL: 'INTERVAL'>, 'start_chainage': 1017165.0, 'end_chainage': 1017175.0, 'raw_expression': 'DyK1017+165～DyK1017+175', 'basis': 'tsp_chapter_7_assertion'}"
assert_5d46efb57c6d8d47,WATER_SUMMARY,doc_02c15c50d7f5c44364c9893e_a0007,02c15c50d7f5c44364c9893e,{'water_type': '滴渗水-线状出水'},[],CONSISTENT,['tblv2_8775f32bdb6a0fb7'],doc_02c15c50d7f5c44364c9893e,DyK1017+125.00_伯舒拉岭隧道进口右线地震波反射法超前地质预报报告(DyK1017+125～DyK1017+225)-20240727.pdf,（2）DyK1017+125～DyK1017+140 段地层岩性为石炭二叠系板岩夹变 质砂岩，弱风化，岩质软硬不均，节理裂隙较发育-发育，岩体较破碎-破碎， 掌子面存在滴渗水-线状出水，其中DyK1017+134 位置附近存在掉块溜坍及 出水风险,"[{'span_id': 'span_0e5cd7f97f0e923f', 'page_number': 10, 'bbox': None, 'raw_text': '（2）DyK1017+125～DyK1017+140 段地层岩性为石炭二叠系板岩夹变 质砂岩，弱风化，岩质软硬不均，节理裂隙较发育-发育，岩体较破碎-破碎， 掌子面存在滴渗水-线状出水，其中DyK1017+134 位置附近存在掉块溜坍及 出水风险', 'normalized_text': '（2）DyK1017+125～DyK1017+140 段地层岩性为石炭二叠系板岩夹变 质砂岩，弱风化，岩质软硬不均，节理裂隙较发育-发育，岩体较破碎-破碎， 掌子面存在滴渗水-线状出水，其中DyK1017+134 位置附近存在掉块溜坍及 出水风险', 'extraction_method': 'pymupdf_page_text', 'source_role': 'chapter_7_assertion', 'table_index': None, 'row_index': None, 'column_index': None}]",TSP_REPORT,"{'kind': <SpatialKind.INTERVAL: 'INTERVAL'>, 'start_chainage': 1017125.0, 'end_chainage': 1017140.0, 'raw_expression': 'DyK1017+125～DyK1017+140', 'basis': 'tsp_chapter_7_assertion'}"
assert_1f2658b3225c37dd,WATER_SUMMARY,doc_02c15c50d7f5c44364c9893e_a0008,02c15c50d7f5c44364c9893e,{'water_type': '滴渗水'},[],CONSISTENT,['tblv2_f4e839c4daa684ed'],doc_02c15c50d7f5c44364c9893e,DyK1017+125.00_伯舒拉岭隧道进口右线地震波反射法超前地质预报报告(DyK1017+125～DyK1017+225)-20240727.pdf,DyK1017+156～DyK1017+165 段地层岩性为石炭二叠系板岩，弱 风化，岩质较软，节理裂隙发育，岩体较破碎-破碎，掌子面右侧节理裂隙 发育密集，岩体破碎，掌子面存在滴渗水，其中DyK1017+156 位置附近存 在掉块溜坍及卡机风险,"[{'span_id': 'span_fa0bd1b98baa62fd', 'page_number': 10, 'bbox': None, 'raw_text': 'DyK1017+156～DyK1017+165 段地层岩性为石炭二叠系板岩，弱 风化，岩质较软，节理裂隙发育，岩体较破碎-破碎，掌子面右侧节理裂隙 发育密集，岩体破碎，掌子面存在滴渗水，其中DyK1017+156 位置附近存 在掉块溜坍及卡机风险', 'normalized_text': 'DyK1017+156～DyK1017+165 段地层岩性为石炭二叠系板岩，弱 风化，岩质较软，节理裂隙发育，岩体较破碎-破碎，掌子面右侧节理裂隙 发育密集，岩体破碎，掌子面存在滴渗水，其中DyK1017+156 位置附近存 在掉块溜坍及卡机风险', 'extraction_method': 'pymupdf_page_text', 'source_role': 'chapter_7_assertion', 'table_index': None, 'row_index': None, 'column_index': None}]",TSP_REPORT,"{'kind': <SpatialKind.INTERVAL: 'INTERVAL'>, 'start_chainage': 1017156.0, 'end_chainage': 1017165.0, 'raw_expression': 'DyK1017+156～DyK1017+165', 'basis': 'tsp_chapter_7_assertion'}"
assert_cb7c6a637c5eee9d,RISK_SUMMARY,doc_02c15c50d7f5c44364c9893e_a0009,02c15c50d7f5c44364c9893e,"{'risk_categories': ['掉块', '卡机'], 'source_risk_text': 'DyK1017+156～DyK1017+165 段地层岩性为石炭二叠系板岩，弱 风化，岩质较软，节理裂隙发育，岩体较破碎-破碎，掌子面右侧节理裂隙 发育密集，岩体破碎，掌子面存在滴渗水，其中DyK1017+156 位置附近存 在掉块溜坍及卡机风险'}",[],CONSISTENT,['tblv2_f4e839c4daa684ed'],doc_02c15c50d7f5c44364c9893e,DyK1017+125.00_伯舒拉岭隧道进口右线地震波反射法超前地质预报报告(DyK1017+125～DyK1017+225)-20240727.pdf,DyK1017+156～DyK1017+165 段地层岩性为石炭二叠系板岩，弱 风化，岩质较软，节理裂隙发育，岩体较破碎-破碎，掌子面右侧节理裂隙 发育密集，岩体破碎，掌子面存在滴渗水，其中DyK1017+156 位置附近存 在掉块溜坍及卡机风险,"[{'span_id': 'span_fa0bd1b98baa62fd', 'page_number': 10, 'bbox': None, 'raw_text': 'DyK1017+156～DyK1017+165 段地层岩性为石炭二叠系板岩，弱 风化，岩质较软，节理裂隙发育，岩体较破碎-破碎，掌子面右侧节理裂隙 发育密集，岩体破碎，掌子面存在滴渗水，其中DyK1017+156 位置附近存 在掉块溜坍及卡机风险', 'normalized_text': 'DyK1017+156～DyK1017+165 段地层岩性为石炭二叠系板岩，弱 风化，岩质较软，节理裂隙发育，岩体较破碎-破碎，掌子面右侧节理裂隙 发育密集，岩体破碎，掌子面存在滴渗水，其中DyK1017+156 位置附近存 在掉块溜坍及卡机风险', 'extraction_method': 'pymupdf_page_text', 'source_role': 'chapter_7_assertion', 'table_index': None, 'row_index': None, 'column_index': None}]",TSP_REPORT,"{'kind': <SpatialKind.INTERVAL: 'INTERVAL'>, 'start_chainage': 1017156.0, 'end_chainage': 1017165.0, 'raw_expression': 'DyK1017+156～DyK1017+165', 'basis': 'tsp_chapter_7_assertion'}"
assert_ec29f01afbf47adb,BLOCK_FALL_SUMMARY,doc_02c15c50d7f5c44364c9893e_a0010,02c15c50d7f5c44364c9893e,{'block_fall_or_collapse': '掉块风险'},[],CONSISTENT,['tblv2_a1f735efd0be619c'],doc_02c15c50d7f5c44364c9893e,DyK1017+125.00_伯舒拉岭隧道进口右线地震波反射法超前地质预报报告(DyK1017+125～DyK1017+225)-20240727.pdf,8 二叠系板岩，弱风化，岩质较软，节理裂隙发育，岩体较破碎-破碎，掌子 面右侧节理裂隙发育密集，岩体破碎，掌子面存在滴渗水-线状出水，其中 DyK1017+165 位置附近存在掉块溜坍、出水及卡机风险；DyK1017+175～ DyK1017+188 段地层岩性为石炭二叠系板岩，弱风化，岩质较软，节理裂隙 发育，岩体较破碎-破碎，掌子面右侧节理裂隙发育密集，岩体破碎，掌子 面存在滴渗水，其中DyK1017+179 位置附近存在掉块溜坍及卡机风险。 以 上段落在开挖后及时对左右两侧尤其右侧边墙处松动的岩块进行处理，对局 部岩体破碎、易掉块的位置应提前支护， 防止掉块，如有异常及时上报， 确保隧道施工和人员安全，避免设备受损和卡机。对于出水段落必要时加强 拱底防、排水措施。,"[{'span_id': 'span_2d116677ae31e4e5', 'page_number': 11, 'bbox': None, 'raw_text': '8 二叠系板岩，弱风化，岩质较软，节理裂隙发育，岩体较破碎-破碎，掌子 面右侧节理裂隙发育密集，岩体破碎，掌子面存在滴渗水-线状出水，其中 DyK1017+165 位置附近存在掉块溜坍、出水及卡机风险；DyK1017+175～ DyK1017+188 段地层岩性为石炭二叠系板岩，弱风化，岩质较软，节理裂隙 发育，岩体较破碎-破碎，掌子面右侧节理裂隙发育密集，岩体破碎，掌子 面存在滴渗水，其中DyK1017+179 位置附近存在掉块溜坍及卡机风险。 以 上段落在开挖后及时对左右两侧尤其右侧边墙处松动的岩块进行处理，对局 部岩体破碎、易掉块的位置应提前支护， 防止掉块，如有异常及时上报， 确保隧道施工和人员安全，避免设备受损和卡机。对于出水段落必要时加强 拱底防、排水措施。', 'normalized_text': '8 二叠系板岩，弱风化，岩质较软，节理裂隙发育，岩体较破碎-破碎，掌子 面右侧节理裂隙发育密集，岩体破碎，掌子面存在滴渗水-线状出水，其中 DyK1017+165 位置附近存在掉块溜坍、出水及卡机风险；DyK1017+175～ DyK1017+188 段地层岩性为石炭二叠系板岩，弱风化，岩质较软，节理裂隙 发育，岩体较破碎-破碎，掌子面右侧节理裂隙发育密集，岩体破碎，掌子 面存在滴渗水，其中DyK1017+179 位置附近存在掉块溜坍及卡机风险。 以 上段落在开挖后及时对左右两侧尤其右侧边墙处松动的岩块进行处理，对局 部岩体破碎、易掉块的位置应提前支护， 防止掉块，如有异常及时上报， 确保隧道施工和人员安全，避免设备受损和卡机。对于出水段落必要时加强 拱底防、排水措施。', 'extraction_method': 'pymupdf_page_text', 'source_role': 'chapter_7_assertion', 'table_index': None, 'row_index': None, 'column_index': None}]",TSP_REPORT,"{'kind': <SpatialKind.INTERVAL: 'INTERVAL'>, 'start_chainage': 1017175.0, 'end_chainage': 1017188.0, 'raw_expression': 'DyK1017+175～ DyK1017+188', 'basis': 'tsp_chapter_7_assertion'}"
assert_cf9759f085d02661,WATER_SUMMARY,doc_02c15c50d7f5c44364c9893e_a0011,02c15c50d7f5c44364c9893e,{'water_type': '滴渗水'},[],CONSISTENT,['tblv2_a1f735efd0be619c'],doc_02c15c50d7f5c44364c9893e,DyK1017+125.00_伯舒拉岭隧道进口右线地震波反射法超前地质预报报告(DyK1017+125～DyK1017+225)-20240727.pdf,DyK1017+175～ DyK1017+188 段地层岩性为石炭二叠系板岩，弱风化，岩质较软，节理裂隙 发育，岩体较破碎-破碎，掌子面右侧节理裂隙发育密集，岩体破碎，掌子 面存在滴渗水，其中DyK1017+179 位置附近存在掉块溜坍及卡机风险,"[{'span_id': 'span_90f463cbc8922829', 'page_number': 11, 'bbox': None, 'raw_text': 'DyK1017+175～ DyK1017+188 段地层岩性为石炭二叠系板岩，弱风化，岩质较软，节理裂隙 发育，岩体较破碎-破碎，掌子面右侧节理裂隙发育密集，岩体破碎，掌子 面存在滴渗水，其中DyK1017+179 位置附近存在掉块溜坍及卡机风险', 'normalized_text': 'DyK1017+175～ DyK1017+188 段地层岩性为石炭二叠系板岩，弱风化，岩质较软，节理裂隙 发育，岩体较破碎-破碎，掌子面右侧节理裂隙发育密集，岩体破碎，掌子 面存在滴渗水，其中DyK1017+179 位置附近存在掉块溜坍及卡机风险', 'extraction_method': 'pymupdf_page_text', 'source_role': 'chapter_7_assertion', 'table_index': None, 'row_index': None, 'column_index': None}]",TSP_REPORT,"{'kind': <SpatialKind.INTERVAL: 'INTERVAL'>, 'start_chainage': 1017175.0, 'end_chainage': 1017188.0, 'raw_expression': 'DyK1017+175～ DyK1017+188', 'basis': 'tsp_chapter_7_assertion'}"
assert_c9ccf7d96dab51e9,RISK_SUMMARY,doc_02c15c50d7f5c44364c9893e_a0012,02c15c50d7f5c44364c9893e,"{'risk_categories': ['掉块', '卡机'], 'source_risk_text': 'DyK1017+175～ DyK1017+188 段地层岩性为石炭二叠系板岩，弱风化，岩质较软，节理裂隙 发育，岩体较破碎-破碎，掌子面右侧节理裂隙发育密集，岩体破碎，掌子 面存在滴渗水，其中DyK1017+179 位置附近存在掉块溜坍及卡机风险'}",[],CONSISTENT,['tblv2_a1f735efd0be619c'],doc_02c15c50d7f5c44364c9893e,DyK1017+125.00_伯舒拉岭隧道进口右线地震波反射法超前地质预报报告(DyK1017+125～DyK1017+225)-20240727.pdf,DyK1017+175～ DyK1017+188 段地层岩性为石炭二叠系板岩，弱风化，岩质较软，节理裂隙 发育，岩体较破碎-破碎，掌子面右侧节理裂隙发育密集，岩体破碎，掌子 面存在滴渗水，其中DyK1017+179 位置附近存在掉块溜坍及卡机风险,"[{'span_id': 'span_90f463cbc8922829', 'page_number': 11, 'bbox': None, 'raw_text': 'DyK1017+175～ DyK1017+188 段地层岩性为石炭二叠系板岩，弱风化，岩质较软，节理裂隙 发育，岩体较破碎-破碎，掌子面右侧节理裂隙发育密集，岩体破碎，掌子 面存在滴渗水，其中DyK1017+179 位置附近存在掉块溜坍及卡机风险', 'normalized_text': 'DyK1017+175～ DyK1017+188 段地层岩性为石炭二叠系板岩，弱风化，岩质较软，节理裂隙 发育，岩体较破碎-破碎，掌子面右侧节理裂隙发育密集，岩体破碎，掌子 面存在滴渗水，其中DyK1017+179 位置附近存在掉块溜坍及卡机风险', 'extraction_method': 'pymupdf_page_text', 'source_role': 'chapter_7_assertion', 'table_index': None, 'row_index': None, 'column_index': None}]",TSP_REPORT,"{'kind': <SpatialKind.INTERVAL: 'INTERVAL'>, 'start_chainage': 1017175.0, 'end_chainage': 1017188.0, 'raw_expression': 'DyK1017+175～ DyK1017+188', 'basis': 'tsp_chapter_7_assertion'}"
assert_a897503ce9e82c4e,GRADE_SUMMARY,doc_f0472a89bd7fa4fcf169c354_a0001,f0472a89bd7fa4fcf169c354,{'suggested_grade': 'Ⅴ级'},[],CONSISTENT,"['tblv2_471747ad70ae909b', 'tblv2_7fec77708d0caea7', 'tblv2_03647ff1c0397776', 'tblv2_134793afd3cc3f28', 'tblv2_452509cf1bb23531', 'tblv2_cdac86a184e27709', 'tblv2_6816b0f2178502ea']",doc_f0472a89bd7fa4fcf169c354,DyK1017+215.00_伯舒拉岭隧道进口右线地震波反射法超前地质预报报告(DyK1017+215～DyK1017+315)-20240808.pdf,DyK1017+215～DyK1017+315 段建议按Ⅴ级围岩施工,"[{'span_id': 'span_545e212567c1fb9d', 'page_number': 10, 'bbox': None, 'raw_text': 'DyK1017+215～DyK1017+315 段建议按Ⅴ级围岩施工', 'normalized_text': 'DyK1017+215～DyK1017+315 段建议按Ⅴ级围岩施工', 'extraction_method': 'pymupdf_page_text', 'source_role': 'chapter_7_assertion', 'table_index': None, 'row_index': None, 'column_index': None}]",TSP_REPORT,"{'kind': <SpatialKind.INTERVAL: 'INTERVAL'>, 'start_chainage': 1017215.0, 'end_chainage': 1017315.0, 'raw_expression': 'DyK1017+215～DyK1017+315', 'basis': 'tsp_chapter_7_assertion'}"
assert_0d09d8f56b14222e,BLOCK_FALL_SUMMARY,doc_f0472a89bd7fa4fcf169c354_a0002,f0472a89bd7fa4fcf169c354,{'block_fall_or_collapse': '掉块风险'},[],CONSISTENT,['tblv2_7fec77708d0caea7'],doc_f0472a89bd7fa4fcf169c354,DyK1017+215.00_伯舒拉岭隧道进口右线地震波反射法超前地质预报报告(DyK1017+215～DyK1017+315)-20240808.pdf,（2）DyK1017+228～DyK1017+245 段受F37 断层破碎带影响，地层岩 性为石炭二叠系板岩夹变质砂岩，岩质软硬不均，节理裂隙极发育，岩体破 碎-极破碎，掌子面存在线状出水，其中DyK1017+228、+239 位置附近存在 掉块坍塌、出水及卡机风险；DyK1017+245～DyK1017+259 段受F37 断层 破碎带影响，地层岩性为石炭二叠系板岩夹变质砂岩，岩质软硬不均，节理 裂隙极发育，岩体破碎-极破碎，掌子面存在线-股状出水，出水量较前一段 有所增加，其中DyK1017+245 位置附近存在掉块坍塌、突涌水及卡机风险； DyK1017+259～DyK1017+269 段受F37 断层破碎带影响，地层岩性为石炭 二叠系板岩夹变质砂岩，弱风化，岩质软硬不均，节理裂隙极发育，岩体极 破碎，掌子面存在线-股状出水，出水量较前一段稍减小，其中DyK1017+259,"[{'span_id': 'span_9920de64f7ec0318', 'page_number': 10, 'bbox': None, 'raw_text': '（2）DyK1017+228～DyK1017+245 段受F37 断层破碎带影响，地层岩 性为石炭二叠系板岩夹变质砂岩，岩质软硬不均，节理裂隙极发育，岩体破 碎-极破碎，掌子面存在线状出水，其中DyK1017+228、+239 位置附近存在 掉块坍塌、出水及卡机风险；DyK1017+245～DyK1017+259 段受F37 断层 破碎带影响，地层岩性为石炭二叠系板岩夹变质砂岩，岩质软硬不均，节理 裂隙极发育，岩体破碎-极破碎，掌子面存在线-股状出水，出水量较前一段 有所增加，其中DyK1017+245 位置附近存在掉块坍塌、突涌水及卡机风险； DyK1017+259～DyK1017+269 段受F37 断层破碎带影响，地层岩性为石炭 二叠系板岩夹变质砂岩，弱风化，岩质软硬不均，节理裂隙极发育，岩体极 破碎，掌子面存在线-股状出水，出水量较前一段稍减小，其中DyK1017+259', 'normalized_text': '（2）DyK1017+228～DyK1017+245 段受F37 断层破碎带影响，地层岩 性为石炭二叠系板岩夹变质砂岩，岩质软硬不均，节理裂隙极发育，岩体破 碎-极破碎，掌子面存在线状出水，其中DyK1017+228、+239 位置附近存在 掉块坍塌、出水及卡机风险；DyK1017+245～DyK1017+259 段受F37 断层 破碎带影响，地层岩性为石炭二叠系板岩夹变质砂岩，岩质软硬不均，节理 裂隙极发育，岩体破碎-极破碎，掌子面存在线-股状出水，出水量较前一段 有所增加，其中DyK1017+245 位置附近存在掉块坍塌、突涌水及卡机风险； DyK1017+259～DyK1017+269 段受F37 断层破碎带影响，地层岩性为石炭 二叠系板岩夹变质砂岩，弱风化，岩质软硬不均，节理裂隙极发育，岩体极 破碎，掌子面存在线-股状出水，出水量较前一段稍减小，其中DyK1017+259', 'extraction_method': 'pymupdf_page_text', 'source_role': 'chapter_7_assertion', 'table_index': None, 'row_index': None, 'column_index': None}]",TSP_REPORT,"{'kind': <SpatialKind.INTERVAL: 'INTERVAL'>, 'start_chainage': 1017228.0, 'end_chainage': 1017245.0, 'raw_expression': 'DyK1017+228～DyK1017+245', 'basis': 'tsp_chapter_7_assertion'}"
assert_56eba07408369655,BLOCK_FALL_SUMMARY,doc_f0472a89bd7fa4fcf169c354_a0003,f0472a89bd7fa4fcf169c354,{'block_fall_or_collapse': '掉块风险'},[],CONSISTENT,['tblv2_03647ff1c0397776'],doc_f0472a89bd7fa4fcf169c354,DyK1017+215.00_伯舒拉岭隧道进口右线地震波反射法超前地质预报报告(DyK1017+215～DyK1017+315)-20240808.pdf,（2）DyK1017+228～DyK1017+245 段受F37 断层破碎带影响，地层岩 性为石炭二叠系板岩夹变质砂岩，岩质软硬不均，节理裂隙极发育，岩体破 碎-极破碎，掌子面存在线状出水，其中DyK1017+228、+239 位置附近存在 掉块坍塌、出水及卡机风险；DyK1017+245～DyK1017+259 段受F37 断层 破碎带影响，地层岩性为石炭二叠系板岩夹变质砂岩，岩质软硬不均，节理 裂隙极发育，岩体破碎-极破碎，掌子面存在线-股状出水，出水量较前一段 有所增加，其中DyK1017+245 位置附近存在掉块坍塌、突涌水及卡机风险； DyK1017+259～DyK1017+269 段受F37 断层破碎带影响，地层岩性为石炭 二叠系板岩夹变质砂岩，弱风化，岩质软硬不均，节理裂隙极发育，岩体极 破碎，掌子面存在线-股状出水，出水量较前一段稍减小，其中DyK1017+259,"[{'span_id': 'span_9920de64f7ec0318', 'page_number': 10, 'bbox': None, 'raw_text': '（2）DyK1017+228～DyK1017+245 段受F37 断层破碎带影响，地层岩 性为石炭二叠系板岩夹变质砂岩，岩质软硬不均，节理裂隙极发育，岩体破 碎-极破碎，掌子面存在线状出水，其中DyK1017+228、+239 位置附近存在 掉块坍塌、出水及卡机风险；DyK1017+245～DyK1017+259 段受F37 断层 破碎带影响，地层岩性为石炭二叠系板岩夹变质砂岩，岩质软硬不均，节理 裂隙极发育，岩体破碎-极破碎，掌子面存在线-股状出水，出水量较前一段 有所增加，其中DyK1017+245 位置附近存在掉块坍塌、突涌水及卡机风险； DyK1017+259～DyK1017+269 段受F37 断层破碎带影响，地层岩性为石炭 二叠系板岩夹变质砂岩，弱风化，岩质软硬不均，节理裂隙极发育，岩体极 破碎，掌子面存在线-股状出水，出水量较前一段稍减小，其中DyK1017+259', 'normalized_text': '（2）DyK1017+228～DyK1017+245 段受F37 断层破碎带影响，地层岩 性为石炭二叠系板岩夹变质砂岩，岩质软硬不均，节理裂隙极发育，岩体破 碎-极破碎，掌子面存在线状出水，其中DyK1017+228、+239 位置附近存在 掉块坍塌、出水及卡机风险；DyK1017+245～DyK1017+259 段受F37 断层 破碎带影响，地层岩性为石炭二叠系板岩夹变质砂岩，岩质软硬不均，节理 裂隙极发育，岩体破碎-极破碎，掌子面存在线-股状出水，出水量较前一段 有所增加，其中DyK1017+245 位置附近存在掉块坍塌、突涌水及卡机风险； DyK1017+259～DyK1017+269 段受F37 断层破碎带影响，地层岩性为石炭 二叠系板岩夹变质砂岩，弱风化，岩质软硬不均，节理裂隙极发育，岩体极 破碎，掌子面存在线-股状出水，出水量较前一段稍减小，其中DyK1017+259', 'extraction_method': 'pymupdf_page_text', 'source_role': 'chapter_7_assertion', 'table_index': None, 'row_index': None, 'column_index': None}]",TSP_REPORT,"{'kind': <SpatialKind.INTERVAL: 'INTERVAL'>, 'start_chainage': 1017245.0, 'end_chainage': 1017259.0, 'raw_expression': 'DyK1017+245～DyK1017+259', 'basis': 'tsp_chapter_7_assertion'}"
assert_257d150fa6357d1e,BLOCK_FALL_SUMMARY,doc_f0472a89bd7fa4fcf169c354_a0004,f0472a89bd7fa4fcf169c354,{'block_fall_or_collapse': '掉块风险'},[],CONSISTENT,['tblv2_134793afd3cc3f28'],doc_f0472a89bd7fa4fcf169c354,DyK1017+215.00_伯舒拉岭隧道进口右线地震波反射法超前地质预报报告(DyK1017+215～DyK1017+315)-20240808.pdf,（2）DyK1017+228～DyK1017+245 段受F37 断层破碎带影响，地层岩 性为石炭二叠系板岩夹变质砂岩，岩质软硬不均，节理裂隙极发育，岩体破 碎-极破碎，掌子面存在线状出水，其中DyK1017+228、+239 位置附近存在 掉块坍塌、出水及卡机风险；DyK1017+245～DyK1017+259 段受F37 断层 破碎带影响，地层岩性为石炭二叠系板岩夹变质砂岩，岩质软硬不均，节理 裂隙极发育，岩体破碎-极破碎，掌子面存在线-股状出水，出水量较前一段 有所增加，其中DyK1017+245 位置附近存在掉块坍塌、突涌水及卡机风险； DyK1017+259～DyK1017+269 段受F37 断层破碎带影响，地层岩性为石炭 二叠系板岩夹变质砂岩，弱风化，岩质软硬不均，节理裂隙极发育，岩体极 破碎，掌子面存在线-股状出水，出水量较前一段稍减小，其中DyK1017+259,"[{'span_id': 'span_9920de64f7ec0318', 'page_number': 10, 'bbox': None, 'raw_text': '（2）DyK1017+228～DyK1017+245 段受F37 断层破碎带影响，地层岩 性为石炭二叠系板岩夹变质砂岩，岩质软硬不均，节理裂隙极发育，岩体破 碎-极破碎，掌子面存在线状出水，其中DyK1017+228、+239 位置附近存在 掉块坍塌、出水及卡机风险；DyK1017+245～DyK1017+259 段受F37 断层 破碎带影响，地层岩性为石炭二叠系板岩夹变质砂岩，岩质软硬不均，节理 裂隙极发育，岩体破碎-极破碎，掌子面存在线-股状出水，出水量较前一段 有所增加，其中DyK1017+245 位置附近存在掉块坍塌、突涌水及卡机风险； DyK1017+259～DyK1017+269 段受F37 断层破碎带影响，地层岩性为石炭 二叠系板岩夹变质砂岩，弱风化，岩质软硬不均，节理裂隙极发育，岩体极 破碎，掌子面存在线-股状出水，出水量较前一段稍减小，其中DyK1017+259', 'normalized_text': '（2）DyK1017+228～DyK1017+245 段受F37 断层破碎带影响，地层岩 性为石炭二叠系板岩夹变质砂岩，岩质软硬不均，节理裂隙极发育，岩体破 碎-极破碎，掌子面存在线状出水，其中DyK1017+228、+239 位置附近存在 掉块坍塌、出水及卡机风险；DyK1017+245～DyK1017+259 段受F37 断层 破碎带影响，地层岩性为石炭二叠系板岩夹变质砂岩，岩质软硬不均，节理 裂隙极发育，岩体破碎-极破碎，掌子面存在线-股状出水，出水量较前一段 有所增加，其中DyK1017+245 位置附近存在掉块坍塌、突涌水及卡机风险； DyK1017+259～DyK1017+269 段受F37 断层破碎带影响，地层岩性为石炭 二叠系板岩夹变质砂岩，弱风化，岩质软硬不均，节理裂隙极发育，岩体极 破碎，掌子面存在线-股状出水，出水量较前一段稍减小，其中DyK1017+259', 'extraction_method': 'pymupdf_page_text', 'source_role': 'chapter_7_assertion', 'table_index': None, 'row_index': None, 'column_index': None}]",TSP_REPORT,"{'kind': <SpatialKind.INTERVAL: 'INTERVAL'>, 'start_chainage': 1017259.0, 'end_chainage': 1017269.0, 'raw_expression': 'DyK1017+259～DyK1017+269', 'basis': 'tsp_chapter_7_assertion'}"
assert_08c8a63269a6d132,WATER_SUMMARY,doc_f0472a89bd7fa4fcf169c354_a0005,f0472a89bd7fa4fcf169c354,{'water_type': '线状出水'},[],CONSISTENT,['tblv2_7fec77708d0caea7'],doc_f0472a89bd7fa4fcf169c354,DyK1017+215.00_伯舒拉岭隧道进口右线地震波反射法超前地质预报报告(DyK1017+215～DyK1017+315)-20240808.pdf,（2）DyK1017+228～DyK1017+245 段受F37 断层破碎带影响，地层岩 性为石炭二叠系板岩夹变质砂岩，岩质软硬不均，节理裂隙极发育，岩体破 碎-极破碎，掌子面存在线状出水，其中DyK1017+228、+239 位置附近存在 掉块坍塌、出水及卡机风险,"[{'span_id': 'span_37c5c65a1264cdc4', 'page_number': 10, 'bbox': None, 'raw_text': '（2）DyK1017+228～DyK1017+245 段受F37 断层破碎带影响，地层岩 性为石炭二叠系板岩夹变质砂岩，岩质软硬不均，节理裂隙极发育，岩体破 碎-极破碎，掌子面存在线状出水，其中DyK1017+228、+239 位置附近存在 掉块坍塌、出水及卡机风险', 'normalized_text': '（2）DyK1017+228～DyK1017+245 段受F37 断层破碎带影响，地层岩 性为石炭二叠系板岩夹变质砂岩，岩质软硬不均，节理裂隙极发育，岩体破 碎-极破碎，掌子面存在线状出水，其中DyK1017+228、+239 位置附近存在 掉块坍塌、出水及卡机风险', 'extraction_method': 'pymupdf_page_text', 'source_role': 'chapter_7_assertion', 'table_index': None, 'row_index': None, 'column_index': None}]",TSP_REPORT,"{'kind': <SpatialKind.INTERVAL: 'INTERVAL'>, 'start_chainage': 1017228.0, 'end_chainage': 1017245.0, 'raw_expression': 'DyK1017+228～DyK1017+245', 'basis': 'tsp_chapter_7_assertion'}"
assert_bfac72738c60cf60,WATER_SUMMARY,doc_f0472a89bd7fa4fcf169c354_a0006,f0472a89bd7fa4fcf169c354,{'water_type': '线-股状出水'},[],CONSISTENT,['tblv2_03647ff1c0397776'],doc_f0472a89bd7fa4fcf169c354,DyK1017+215.00_伯舒拉岭隧道进口右线地震波反射法超前地质预报报告(DyK1017+215～DyK1017+315)-20240808.pdf,DyK1017+245～DyK1017+259 段受F37 断层 破碎带影响，地层岩性为石炭二叠系板岩夹变质砂岩，岩质软硬不均，节理 裂隙极发育，岩体破碎-极破碎，掌子面存在线-股状出水，出水量较前一段 有所增加，其中DyK1017+245 位置附近存在掉块坍塌、突涌水及卡机风险,"[{'span_id': 'span_ab7325d826d3efe3', 'page_number': 10, 'bbox': None, 'raw_text': 'DyK1017+245～DyK1017+259 段受F37 断层 破碎带影响，地层岩性为石炭二叠系板岩夹变质砂岩，岩质软硬不均，节理 裂隙极发育，岩体破碎-极破碎，掌子面存在线-股状出水，出水量较前一段 有所增加，其中DyK1017+245 位置附近存在掉块坍塌、突涌水及卡机风险', 'normalized_text': 'DyK1017+245～DyK1017+259 段受F37 断层 破碎带影响，地层岩性为石炭二叠系板岩夹变质砂岩，岩质软硬不均，节理 裂隙极发育，岩体破碎-极破碎，掌子面存在线-股状出水，出水量较前一段 有所增加，其中DyK1017+245 位置附近存在掉块坍塌、突涌水及卡机风险', 'extraction_method': 'pymupdf_page_text', 'source_role': 'chapter_7_assertion', 'table_index': None, 'row_index': None, 'column_index': None}]",TSP_REPORT,"{'kind': <SpatialKind.INTERVAL: 'INTERVAL'>, 'start_chainage': 1017245.0, 'end_chainage': 1017259.0, 'raw_expression': 'DyK1017+245～DyK1017+259', 'basis': 'tsp_chapter_7_assertion'}"
assert_89b5dd989f3714d9,WATER_SUMMARY,doc_f0472a89bd7fa4fcf169c354_a0007,f0472a89bd7fa4fcf169c354,{'water_type': '线-股状出水'},[],CONSISTENT,['tblv2_134793afd3cc3f28'],doc_f0472a89bd7fa4fcf169c354,DyK1017+215.00_伯舒拉岭隧道进口右线地震波反射法超前地质预报报告(DyK1017+215～DyK1017+315)-20240808.pdf,DyK1017+259～DyK1017+269 段受F37 断层破碎带影响，地层岩性为石炭 二叠系板岩夹变质砂岩，弱风化，岩质软硬不均，节理裂隙极发育，岩体极 破碎，掌子面存在线-股状出水，出水量较前一段稍减小，其中DyK1017+259,"[{'span_id': 'span_b641ce169ff1bff3', 'page_number': 10, 'bbox': None, 'raw_text': 'DyK1017+259～DyK1017+269 段受F37 断层破碎带影响，地层岩性为石炭 二叠系板岩夹变质砂岩，弱风化，岩质软硬不均，节理裂隙极发育，岩体极 破碎，掌子面存在线-股状出水，出水量较前一段稍减小，其中DyK1017+259', 'normalized_text': 'DyK1017+259～DyK1017+269 段受F37 断层破碎带影响，地层岩性为石炭 二叠系板岩夹变质砂岩，弱风化，岩质软硬不均，节理裂隙极发育，岩体极 破碎，掌子面存在线-股状出水，出水量较前一段稍减小，其中DyK1017+259', 'extraction_method': 'pymupdf_page_text', 'source_role': 'chapter_7_assertion', 'table_index': None, 'row_index': None, 'column_index': None}]",TSP_REPORT,"{'kind': <SpatialKind.INTERVAL: 'INTERVAL'>, 'start_chainage': 1017259.0, 'end_chainage': 1017269.0, 'raw_expression': 'DyK1017+259～DyK1017+269', 'basis': 'tsp_chapter_7_assertion'}"
assert_1f8069a6f9fca450,RISK_SUMMARY,doc_f0472a89bd7fa4fcf169c354_a0008,f0472a89bd7fa4fcf169c354,"{'risk_categories': ['掉块', '坍塌', '出水', '卡机'], 'source_risk_text': '（2）DyK1017+228～DyK1017+245 段受F37 断层破碎带影响，地层岩 性为石炭二叠系板岩夹变质砂岩，岩质软硬不均，节理裂隙极发育，岩体破 碎-极破碎，掌子面存在线状出水，其中DyK1017+228、+239 位置附近存在 掉块坍塌、出水及卡机风险'}",[],CONSISTENT,['tblv2_7fec77708d0caea7'],doc_f0472a89bd7fa4fcf169c354,DyK1017+215.00_伯舒拉岭隧道进口右线地震波反射法超前地质预报报告(DyK1017+215～DyK1017+315)-20240808.pdf,（2）DyK1017+228～DyK1017+245 段受F37 断层破碎带影响，地层岩 性为石炭二叠系板岩夹变质砂岩，岩质软硬不均，节理裂隙极发育，岩体破 碎-极破碎，掌子面存在线状出水，其中DyK1017+228、+239 位置附近存在 掉块坍塌、出水及卡机风险,"[{'span_id': 'span_37c5c65a1264cdc4', 'page_number': 10, 'bbox': None, 'raw_text': '（2）DyK1017+228～DyK1017+245 段受F37 断层破碎带影响，地层岩 性为石炭二叠系板岩夹变质砂岩，岩质软硬不均，节理裂隙极发育，岩体破 碎-极破碎，掌子面存在线状出水，其中DyK1017+228、+239 位置附近存在 掉块坍塌、出水及卡机风险', 'normalized_text': '（2）DyK1017+228～DyK1017+245 段受F37 断层破碎带影响，地层岩 性为石炭二叠系板岩夹变质砂岩，岩质软硬不均，节理裂隙极发育，岩体破 碎-极破碎，掌子面存在线状出水，其中DyK1017+228、+239 位置附近存在 掉块坍塌、出水及卡机风险', 'extraction_method': 'pymupdf_page_text', 'source_role': 'chapter_7_assertion', 'table_index': None, 'row_index': None, 'column_index': None}]",TSP_REPORT,"{'kind': <SpatialKind.INTERVAL: 'INTERVAL'>, 'start_chainage': 1017228.0, 'end_chainage': 1017245.0, 'raw_expression': 'DyK1017+228～DyK1017+245', 'basis': 'tsp_chapter_7_assertion'}"
assert_a0fd8c209e5f91c0,RISK_SUMMARY,doc_f0472a89bd7fa4fcf169c354_a0009,f0472a89bd7fa4fcf169c354,"{'risk_categories': ['掉块', '坍塌', '出水', '卡机', '突涌水'], 'source_risk_text': 'DyK1017+245～DyK1017+259 段受F37 断层 破碎带影响，地层岩性为石炭二叠系板岩夹变质砂岩，岩质软硬不均，节理 裂隙极发育，岩体破碎-极破碎，掌子面存在线-股状出水，出水量较前一段 有所增加，其中DyK1017+245 位置附近存在掉块坍塌、突涌水及卡机风险'}",[],CONSISTENT,['tblv2_03647ff1c0397776'],doc_f0472a89bd7fa4fcf169c354,DyK1017+215.00_伯舒拉岭隧道进口右线地震波反射法超前地质预报报告(DyK1017+215～DyK1017+315)-20240808.pdf,DyK1017+245～DyK1017+259 段受F37 断层 破碎带影响，地层岩性为石炭二叠系板岩夹变质砂岩，岩质软硬不均，节理 裂隙极发育，岩体破碎-极破碎，掌子面存在线-股状出水，出水量较前一段 有所增加，其中DyK1017+245 位置附近存在掉块坍塌、突涌水及卡机风险,"[{'span_id': 'span_ab7325d826d3efe3', 'page_number': 10, 'bbox': None, 'raw_text': 'DyK1017+245～DyK1017+259 段受F37 断层 破碎带影响，地层岩性为石炭二叠系板岩夹变质砂岩，岩质软硬不均，节理 裂隙极发育，岩体破碎-极破碎，掌子面存在线-股状出水，出水量较前一段 有所增加，其中DyK1017+245 位置附近存在掉块坍塌、突涌水及卡机风险', 'normalized_text': 'DyK1017+245～DyK1017+259 段受F37 断层 破碎带影响，地层岩性为石炭二叠系板岩夹变质砂岩，岩质软硬不均，节理 裂隙极发育，岩体破碎-极破碎，掌子面存在线-股状出水，出水量较前一段 有所增加，其中DyK1017+245 位置附近存在掉块坍塌、突涌水及卡机风险', 'extraction_method': 'pymupdf_page_text', 'source_role': 'chapter_7_assertion', 'table_index': None, 'row_index': None, 'column_index': None}]",TSP_REPORT,"{'kind': <SpatialKind.INTERVAL: 'INTERVAL'>, 'start_chainage': 1017245.0, 'end_chainage': 1017259.0, 'raw_expression': 'DyK1017+245～DyK1017+259', 'basis': 'tsp_chapter_7_assertion'}"
assert_bec18cd734e0173d,BLOCK_FALL_SUMMARY,doc_f0472a89bd7fa4fcf169c354_a0010,f0472a89bd7fa4fcf169c354,{'block_fall_or_collapse': '掉块风险'},[],CONSISTENT,['tblv2_452509cf1bb23531'],doc_f0472a89bd7fa4fcf169c354,DyK1017+215.00_伯舒拉岭隧道进口右线地震波反射法超前地质预报报告(DyK1017+215～DyK1017+315)-20240808.pdf,8 位置附近存在掉块坍塌、出水及卡机风险，+264 位置附近存在突涌水及卡 机风险；DyK1017+269～DyK1017+289 段进入F37 断层破碎带，地层岩性 为石炭二叠系板岩，局部夹压碎岩及断层角砾，岩质软，节理裂隙极发育， 岩体极破碎，掌子面存在线-股状出水，其中DyK1017+269、+274、+279 位 置附近存在掉块坍塌、出水及卡机风险，+276、+282 位置附近存在突涌水 及卡机风险。DyK1017+289～DyK1017+307 段为F37 断层破碎带，地层岩 性为石炭二叠系板岩夹变质砂岩，局部夹压碎岩及岩块，岩质软硬不均，节 理裂隙发育，岩体破碎，掌子面存在滴渗水-线状出水；DyK1017+307～ DyK1017+315 段为F37 断层破碎带，地层岩性为石炭二叠系板岩夹变质砂 岩，局部夹压碎岩，岩质软硬不均，节理裂隙极发育，岩体破碎-极破碎， 掌子面存在线-股状出水，其中DyK1017+307 位置附近存在掉块坍塌、突涌 水及卡机风险。以上段落在开挖后及时对左右两侧边墙处松动的岩块进行处 理，对局部岩体破碎、易掉块的位置应提前支护，防止掉块，如有异常及时 上报，确保隧道施工和人员安全，避免设备受损和卡机。对于出水段落必要 时加强拱底防、排水措施，同时存在软岩大变形，做好变形监测等措施。,"[{'span_id': 'span_9373c73f0e08d376', 'page_number': 11, 'bbox': None, 'raw_text': '8 位置附近存在掉块坍塌、出水及卡机风险，+264 位置附近存在突涌水及卡 机风险；DyK1017+269～DyK1017+289 段进入F37 断层破碎带，地层岩性 为石炭二叠系板岩，局部夹压碎岩及断层角砾，岩质软，节理裂隙极发育， 岩体极破碎，掌子面存在线-股状出水，其中DyK1017+269、+274、+279 位 置附近存在掉块坍塌、出水及卡机风险，+276、+282 位置附近存在突涌水 及卡机风险。DyK1017+289～DyK1017+307 段为F37 断层破碎带，地层岩 性为石炭二叠系板岩夹变质砂岩，局部夹压碎岩及岩块，岩质软硬不均，节 理裂隙发育，岩体破碎，掌子面存在滴渗水-线状出水；DyK1017+307～ DyK1017+315 段为F37 断层破碎带，地层岩性为石炭二叠系板岩夹变质砂 岩，局部夹压碎岩，岩质软硬不均，节理裂隙极发育，岩体破碎-极破碎， 掌子面存在线-股状出水，其中DyK1017+307 位置附近存在掉块坍塌、突涌 水及卡机风险。以上段落在开挖后及时对左右两侧边墙处松动的岩块进行处 理，对局部岩体破碎、易掉块的位置应提前支护，防止掉块，如有异常及时 上报，确保隧道施工和人员安全，避免设备受损和卡机。对于出水段落必要 时加强拱底防、排水措施，同时存在软岩大变形，做好变形监测等措施。', 'normalized_text': '8 位置附近存在掉块坍塌、出水及卡机风险，+264 位置附近存在突涌水及卡 机风险；DyK1017+269～DyK1017+289 段进入F37 断层破碎带，地层岩性 为石炭二叠系板岩，局部夹压碎岩及断层角砾，岩质软，节理裂隙极发育， 岩体极破碎，掌子面存在线-股状出水，其中DyK1017+269、+274、+279 位 置附近存在掉块坍塌、出水及卡机风险，+276、+282 位置附近存在突涌水 及卡机风险。DyK1017+289～DyK1017+307 段为F37 断层破碎带，地层岩 性为石炭二叠系板岩夹变质砂岩，局部夹压碎岩及岩块，岩质软硬不均，节 理裂隙发育，岩体破碎，掌子面存在滴渗水-线状出水；DyK1017+307～ DyK1017+315 段为F37 断层破碎带，地层岩性为石炭二叠系板岩夹变质砂 岩，局部夹压碎岩，岩质软硬不均，节理裂隙极发育，岩体破碎-极破碎， 掌子面存在线-股状出水，其中DyK1017+307 位置附近存在掉块坍塌、突涌 水及卡机风险。以上段落在开挖后及时对左右两侧边墙处松动的岩块进行处 理，对局部岩体破碎、易掉块的位置应提前支护，防止掉块，如有异常及时 上报，确保隧道施工和人员安全，避免设备受损和卡机。对于出水段落必要 时加强拱底防、排水措施，同时存在软岩大变形，做好变形监测等措施。', 'extraction_method': 'pymupdf_page_text', 'source_role': 'chapter_7_assertion', 'table_index': None, 'row_index': None, 'column_index': None}]",TSP_REPORT,"{'kind': <SpatialKind.INTERVAL: 'INTERVAL'>, 'start_chainage': 1017269.0, 'end_chainage': 1017289.0, 'raw_expression': 'DyK1017+269～DyK1017+289', 'basis': 'tsp_chapter_7_assertion'}"
assert_f4fa7978cf1e7940,BLOCK_FALL_SUMMARY,doc_f0472a89bd7fa4fcf169c354_a0011,f0472a89bd7fa4fcf169c354,{'block_fall_or_collapse': '掉块风险'},[],CONSISTENT,['tblv2_cdac86a184e27709'],doc_f0472a89bd7fa4fcf169c354,DyK1017+215.00_伯舒拉岭隧道进口右线地震波反射法超前地质预报报告(DyK1017+215～DyK1017+315)-20240808.pdf,8 位置附近存在掉块坍塌、出水及卡机风险，+264 位置附近存在突涌水及卡 机风险；DyK1017+269～DyK1017+289 段进入F37 断层破碎带，地层岩性 为石炭二叠系板岩，局部夹压碎岩及断层角砾，岩质软，节理裂隙极发育， 岩体极破碎，掌子面存在线-股状出水，其中DyK1017+269、+274、+279 位 置附近存在掉块坍塌、出水及卡机风险，+276、+282 位置附近存在突涌水 及卡机风险。DyK1017+289～DyK1017+307 段为F37 断层破碎带，地层岩 性为石炭二叠系板岩夹变质砂岩，局部夹压碎岩及岩块，岩质软硬不均，节 理裂隙发育，岩体破碎，掌子面存在滴渗水-线状出水；DyK1017+307～ DyK1017+315 段为F37 断层破碎带，地层岩性为石炭二叠系板岩夹变质砂 岩，局部夹压碎岩，岩质软硬不均，节理裂隙极发育，岩体破碎-极破碎， 掌子面存在线-股状出水，其中DyK1017+307 位置附近存在掉块坍塌、突涌 水及卡机风险。以上段落在开挖后及时对左右两侧边墙处松动的岩块进行处 理，对局部岩体破碎、易掉块的位置应提前支护，防止掉块，如有异常及时 上报，确保隧道施工和人员安全，避免设备受损和卡机。对于出水段落必要 时加强拱底防、排水措施，同时存在软岩大变形，做好变形监测等措施。,"[{'span_id': 'span_9373c73f0e08d376', 'page_number': 11, 'bbox': None, 'raw_text': '8 位置附近存在掉块坍塌、出水及卡机风险，+264 位置附近存在突涌水及卡 机风险；DyK1017+269～DyK1017+289 段进入F37 断层破碎带，地层岩性 为石炭二叠系板岩，局部夹压碎岩及断层角砾，岩质软，节理裂隙极发育， 岩体极破碎，掌子面存在线-股状出水，其中DyK1017+269、+274、+279 位 置附近存在掉块坍塌、出水及卡机风险，+276、+282 位置附近存在突涌水 及卡机风险。DyK1017+289～DyK1017+307 段为F37 断层破碎带，地层岩 性为石炭二叠系板岩夹变质砂岩，局部夹压碎岩及岩块，岩质软硬不均，节 理裂隙发育，岩体破碎，掌子面存在滴渗水-线状出水；DyK1017+307～ DyK1017+315 段为F37 断层破碎带，地层岩性为石炭二叠系板岩夹变质砂 岩，局部夹压碎岩，岩质软硬不均，节理裂隙极发育，岩体破碎-极破碎， 掌子面存在线-股状出水，其中DyK1017+307 位置附近存在掉块坍塌、突涌 水及卡机风险。以上段落在开挖后及时对左右两侧边墙处松动的岩块进行处 理，对局部岩体破碎、易掉块的位置应提前支护，防止掉块，如有异常及时 上报，确保隧道施工和人员安全，避免设备受损和卡机。对于出水段落必要 时加强拱底防、排水措施，同时存在软岩大变形，做好变形监测等措施。', 'normalized_text': '8 位置附近存在掉块坍塌、出水及卡机风险，+264 位置附近存在突涌水及卡 机风险；DyK1017+269～DyK1017+289 段进入F37 断层破碎带，地层岩性 为石炭二叠系板岩，局部夹压碎岩及断层角砾，岩质软，节理裂隙极发育， 岩体极破碎，掌子面存在线-股状出水，其中DyK1017+269、+274、+279 位 置附近存在掉块坍塌、出水及卡机风险，+276、+282 位置附近存在突涌水 及卡机风险。DyK1017+289～DyK1017+307 段为F37 断层破碎带，地层岩 性为石炭二叠系板岩夹变质砂岩，局部夹压碎岩及岩块，岩质软硬不均，节 理裂隙发育，岩体破碎，掌子面存在滴渗水-线状出水；DyK1017+307～ DyK1017+315 段为F37 断层破碎带，地层岩性为石炭二叠系板岩夹变质砂 岩，局部夹压碎岩，岩质软硬不均，节理裂隙极发育，岩体破碎-极破碎， 掌子面存在线-股状出水，其中DyK1017+307 位置附近存在掉块坍塌、突涌 水及卡机风险。以上段落在开挖后及时对左右两侧边墙处松动的岩块进行处 理，对局部岩体破碎、易掉块的位置应提前支护，防止掉块，如有异常及时 上报，确保隧道施工和人员安全，避免设备受损和卡机。对于出水段落必要 时加强拱底防、排水措施，同时存在软岩大变形，做好变形监测等措施。', 'extraction_method': 'pymupdf_page_text', 'source_role': 'chapter_7_assertion', 'table_index': None, 'row_index': None, 'column_index': None}]",TSP_REPORT,"{'kind': <SpatialKind.INTERVAL: 'INTERVAL'>, 'start_chainage': 1017289.0, 'end_chainage': 1017307.0, 'raw_expression': 'DyK1017+289～DyK1017+307', 'basis': 'tsp_chapter_7_assertion'}"
assert_32a2d4986ab3cb85,BLOCK_FALL_SUMMARY,doc_f0472a89bd7fa4fcf169c354_a0012,f0472a89bd7fa4fcf169c354,{'block_fall_or_collapse': '掉块风险'},[],CONSISTENT,['tblv2_6816b0f2178502ea'],doc_f0472a89bd7fa4fcf169c354,DyK1017+215.00_伯舒拉岭隧道进口右线地震波反射法超前地质预报报告(DyK1017+215～DyK1017+315)-20240808.pdf,8 位置附近存在掉块坍塌、出水及卡机风险，+264 位置附近存在突涌水及卡 机风险；DyK1017+269～DyK1017+289 段进入F37 断层破碎带，地层岩性 为石炭二叠系板岩，局部夹压碎岩及断层角砾，岩质软，节理裂隙极发育， 岩体极破碎，掌子面存在线-股状出水，其中DyK1017+269、+274、+279 位 置附近存在掉块坍塌、出水及卡机风险，+276、+282 位置附近存在突涌水 及卡机风险。DyK1017+289～DyK1017+307 段为F37 断层破碎带，地层岩 性为石炭二叠系板岩夹变质砂岩，局部夹压碎岩及岩块，岩质软硬不均，节 理裂隙发育，岩体破碎，掌子面存在滴渗水-线状出水；DyK1017+307～ DyK1017+315 段为F37 断层破碎带，地层岩性为石炭二叠系板岩夹变质砂 岩，局部夹压碎岩，岩质软硬不均，节理裂隙极发育，岩体破碎-极破碎， 掌子面存在线-股状出水，其中DyK1017+307 位置附近存在掉块坍塌、突涌 水及卡机风险。以上段落在开挖后及时对左右两侧边墙处松动的岩块进行处 理，对局部岩体破碎、易掉块的位置应提前支护，防止掉块，如有异常及时 上报，确保隧道施工和人员安全，避免设备受损和卡机。对于出水段落必要 时加强拱底防、排水措施，同时存在软岩大变形，做好变形监测等措施。,"[{'span_id': 'span_9373c73f0e08d376', 'page_number': 11, 'bbox': None, 'raw_text': '8 位置附近存在掉块坍塌、出水及卡机风险，+264 位置附近存在突涌水及卡 机风险；DyK1017+269～DyK1017+289 段进入F37 断层破碎带，地层岩性 为石炭二叠系板岩，局部夹压碎岩及断层角砾，岩质软，节理裂隙极发育， 岩体极破碎，掌子面存在线-股状出水，其中DyK1017+269、+274、+279 位 置附近存在掉块坍塌、出水及卡机风险，+276、+282 位置附近存在突涌水 及卡机风险。DyK1017+289～DyK1017+307 段为F37 断层破碎带，地层岩 性为石炭二叠系板岩夹变质砂岩，局部夹压碎岩及岩块，岩质软硬不均，节 理裂隙发育，岩体破碎，掌子面存在滴渗水-线状出水；DyK1017+307～ DyK1017+315 段为F37 断层破碎带，地层岩性为石炭二叠系板岩夹变质砂 岩，局部夹压碎岩，岩质软硬不均，节理裂隙极发育，岩体破碎-极破碎， 掌子面存在线-股状出水，其中DyK1017+307 位置附近存在掉块坍塌、突涌 水及卡机风险。以上段落在开挖后及时对左右两侧边墙处松动的岩块进行处 理，对局部岩体破碎、易掉块的位置应提前支护，防止掉块，如有异常及时 上报，确保隧道施工和人员安全，避免设备受损和卡机。对于出水段落必要 时加强拱底防、排水措施，同时存在软岩大变形，做好变形监测等措施。', 'normalized_text': '8 位置附近存在掉块坍塌、出水及卡机风险，+264 位置附近存在突涌水及卡 机风险；DyK1017+269～DyK1017+289 段进入F37 断层破碎带，地层岩性 为石炭二叠系板岩，局部夹压碎岩及断层角砾，岩质软，节理裂隙极发育， 岩体极破碎，掌子面存在线-股状出水，其中DyK1017+269、+274、+279 位 置附近存在掉块坍塌、出水及卡机风险，+276、+282 位置附近存在突涌水 及卡机风险。DyK1017+289～DyK1017+307 段为F37 断层破碎带，地层岩 性为石炭二叠系板岩夹变质砂岩，局部夹压碎岩及岩块，岩质软硬不均，节 理裂隙发育，岩体破碎，掌子面存在滴渗水-线状出水；DyK1017+307～ DyK1017+315 段为F37 断层破碎带，地层岩性为石炭二叠系板岩夹变质砂 岩，局部夹压碎岩，岩质软硬不均，节理裂隙极发育，岩体破碎-极破碎， 掌子面存在线-股状出水，其中DyK1017+307 位置附近存在掉块坍塌、突涌 水及卡机风险。以上段落在开挖后及时对左右两侧边墙处松动的岩块进行处 理，对局部岩体破碎、易掉块的位置应提前支护，防止掉块，如有异常及时 上报，确保隧道施工和人员安全，避免设备受损和卡机。对于出水段落必要 时加强拱底防、排水措施，同时存在软岩大变形，做好变形监测等措施。', 'extraction_method': 'pymupdf_page_text', 'source_role': 'chapter_7_assertion', 'table_index': None, 'row_index': None, 'column_index': None}]",TSP_REPORT,"{'kind': <SpatialKind.INTERVAL: 'INTERVAL'>, 'start_chainage': 1017307.0, 'end_chainage': 1017315.0, 'raw_expression': 'DyK1017+307～ DyK1017+315', 'basis': 'tsp_chapter_7_assertion'}"
assert_776fd820c205f5b6,WATER_SUMMARY,doc_f0472a89bd7fa4fcf169c354_a0013,f0472a89bd7fa4fcf169c354,{'water_type': '线-股状出水'},[],CONSISTENT,['tblv2_452509cf1bb23531'],doc_f0472a89bd7fa4fcf169c354,DyK1017+215.00_伯舒拉岭隧道进口右线地震波反射法超前地质预报报告(DyK1017+215～DyK1017+315)-20240808.pdf,DyK1017+269～DyK1017+289 段进入F37 断层破碎带，地层岩性 为石炭二叠系板岩，局部夹压碎岩及断层角砾，岩质软，节理裂隙极发育， 岩体极破碎，掌子面存在线-股状出水，其中DyK1017+269、+274、+279 位 置附近存在掉块坍塌、出水及卡机风险，+276、+282 位置附近存在突涌水 及卡机风险,"[{'span_id': 'span_87406958cc1c56e2', 'page_number': 11, 'bbox': None, 'raw_text': 'DyK1017+269～DyK1017+289 段进入F37 断层破碎带，地层岩性 为石炭二叠系板岩，局部夹压碎岩及断层角砾，岩质软，节理裂隙极发育， 岩体极破碎，掌子面存在线-股状出水，其中DyK1017+269、+274、+279 位 置附近存在掉块坍塌、出水及卡机风险，+276、+282 位置附近存在突涌水 及卡机风险', 'normalized_text': 'DyK1017+269～DyK1017+289 段进入F37 断层破碎带，地层岩性 为石炭二叠系板岩，局部夹压碎岩及断层角砾，岩质软，节理裂隙极发育， 岩体极破碎，掌子面存在线-股状出水，其中DyK1017+269、+274、+279 位 置附近存在掉块坍塌、出水及卡机风险，+276、+282 位置附近存在突涌水 及卡机风险', 'extraction_method': 'pymupdf_page_text', 'source_role': 'chapter_7_assertion', 'table_index': None, 'row_index': None, 'column_index': None}]",TSP_REPORT,"{'kind': <SpatialKind.INTERVAL: 'INTERVAL'>, 'start_chainage': 1017269.0, 'end_chainage': 1017289.0, 'raw_expression': 'DyK1017+269～DyK1017+289', 'basis': 'tsp_chapter_7_assertion'}"
assert_4f3353fbff61c8e9,WATER_SUMMARY,doc_f0472a89bd7fa4fcf169c354_a0014,f0472a89bd7fa4fcf169c354,{'water_type': '滴渗水-线状出水'},[],CONSISTENT,['tblv2_cdac86a184e27709'],doc_f0472a89bd7fa4fcf169c354,DyK1017+215.00_伯舒拉岭隧道进口右线地震波反射法超前地质预报报告(DyK1017+215～DyK1017+315)-20240808.pdf,DyK1017+289～DyK1017+307 段为F37 断层破碎带，地层岩 性为石炭二叠系板岩夹变质砂岩，局部夹压碎岩及岩块，岩质软硬不均，节 理裂隙发育，岩体破碎，掌子面存在滴渗水-线状出水,"[{'span_id': 'span_e2587f43d5699818', 'page_number': 11, 'bbox': None, 'raw_text': 'DyK1017+289～DyK1017+307 段为F37 断层破碎带，地层岩 性为石炭二叠系板岩夹变质砂岩，局部夹压碎岩及岩块，岩质软硬不均，节 理裂隙发育，岩体破碎，掌子面存在滴渗水-线状出水', 'normalized_text': 'DyK1017+289～DyK1017+307 段为F37 断层破碎带，地层岩 性为石炭二叠系板岩夹变质砂岩，局部夹压碎岩及岩块，岩质软硬不均，节 理裂隙发育，岩体破碎，掌子面存在滴渗水-线状出水', 'extraction_method': 'pymupdf_page_text', 'source_role': 'chapter_7_assertion', 'table_index': None, 'row_index': None, 'column_index': None}]",TSP_REPORT,"{'kind': <SpatialKind.INTERVAL: 'INTERVAL'>, 'start_chainage': 1017289.0, 'end_chainage': 1017307.0, 'raw_expression': 'DyK1017+289～DyK1017+307', 'basis': 'tsp_chapter_7_assertion'}"
assert_7c3d0f6841b03040,WATER_SUMMARY,doc_f0472a89bd7fa4fcf169c354_a0015,f0472a89bd7fa4fcf169c354,{'water_type': '线-股状出水'},[],CONSISTENT,['tblv2_6816b0f2178502ea'],doc_f0472a89bd7fa4fcf169c354,DyK1017+215.00_伯舒拉岭隧道进口右线地震波反射法超前地质预报报告(DyK1017+215～DyK1017+315)-20240808.pdf,DyK1017+307～ DyK1017+315 段为F37 断层破碎带，地层岩性为石炭二叠系板岩夹变质砂 岩，局部夹压碎岩，岩质软硬不均，节理裂隙极发育，岩体破碎-极破碎， 掌子面存在线-股状出水，其中DyK1017+307 位置附近存在掉块坍塌、突涌 水及卡机风险,"[{'span_id': 'span_09e2406f6cd1adbc', 'page_number': 11, 'bbox': None, 'raw_text': 'DyK1017+307～ DyK1017+315 段为F37 断层破碎带，地层岩性为石炭二叠系板岩夹变质砂 岩，局部夹压碎岩，岩质软硬不均，节理裂隙极发育，岩体破碎-极破碎， 掌子面存在线-股状出水，其中DyK1017+307 位置附近存在掉块坍塌、突涌 水及卡机风险', 'normalized_text': 'DyK1017+307～ DyK1017+315 段为F37 断层破碎带，地层岩性为石炭二叠系板岩夹变质砂 岩，局部夹压碎岩，岩质软硬不均，节理裂隙极发育，岩体破碎-极破碎， 掌子面存在线-股状出水，其中DyK1017+307 位置附近存在掉块坍塌、突涌 水及卡机风险', 'extraction_method': 'pymupdf_page_text', 'source_role': 'chapter_7_assertion', 'table_index': None, 'row_index': None, 'column_index': None}]",TSP_REPORT,"{'kind': <SpatialKind.INTERVAL: 'INTERVAL'>, 'start_chainage': 1017307.0, 'end_chainage': 1017315.0, 'raw_expression': 'DyK1017+307～ DyK1017+315', 'basis': 'tsp_chapter_7_assertion'}"
assert_0589dc8b3e5090d5,RISK_SUMMARY,doc_f0472a89bd7fa4fcf169c354_a0016,f0472a89bd7fa4fcf169c354,"{'risk_categories': ['掉块', '坍塌', '出水', '卡机', '突涌水'], 'source_risk_text': 'DyK1017+269～DyK1017+289 段进入F37 断层破碎带，地层岩性 为石炭二叠系板岩，局部夹压碎岩及断层角砾，岩质软，节理裂隙极发育， 岩体极破碎，掌子面存在线-股状出水，其中DyK1017+269、+274、+279 位 置附近存在掉块坍塌、出水及卡机风险，+276、+282 位置附近存在突涌水 及卡机风险'}",[],CONSISTENT,['tblv2_452509cf1bb23531'],doc_f0472a89bd7fa4fcf169c354,DyK1017+215.00_伯舒拉岭隧道进口右线地震波反射法超前地质预报报告(DyK1017+215～DyK1017+315)-20240808.pdf,DyK1017+269～DyK1017+289 段进入F37 断层破碎带，地层岩性 为石炭二叠系板岩，局部夹压碎岩及断层角砾，岩质软，节理裂隙极发育， 岩体极破碎，掌子面存在线-股状出水，其中DyK1017+269、+274、+279 位 置附近存在掉块坍塌、出水及卡机风险，+276、+282 位置附近存在突涌水 及卡机风险,"[{'span_id': 'span_87406958cc1c56e2', 'page_number': 11, 'bbox': None, 'raw_text': 'DyK1017+269～DyK1017+289 段进入F37 断层破碎带，地层岩性 为石炭二叠系板岩，局部夹压碎岩及断层角砾，岩质软，节理裂隙极发育， 岩体极破碎，掌子面存在线-股状出水，其中DyK1017+269、+274、+279 位 置附近存在掉块坍塌、出水及卡机风险，+276、+282 位置附近存在突涌水 及卡机风险', 'normalized_text': 'DyK1017+269～DyK1017+289 段进入F37 断层破碎带，地层岩性 为石炭二叠系板岩，局部夹压碎岩及断层角砾，岩质软，节理裂隙极发育， 岩体极破碎，掌子面存在线-股状出水，其中DyK1017+269、+274、+279 位 置附近存在掉块坍塌、出水及卡机风险，+276、+282 位置附近存在突涌水 及卡机风险', 'extraction_method': 'pymupdf_page_text', 'source_role': 'chapter_7_assertion', 'table_index': None, 'row_index': None, 'column_index': None}]",TSP_REPORT,"{'kind': <SpatialKind.INTERVAL: 'INTERVAL'>, 'start_chainage': 1017269.0, 'end_chainage': 1017289.0, 'raw_expression': 'DyK1017+269～DyK1017+289', 'basis': 'tsp_chapter_7_assertion'}"
assert_3bb9b747904abbc0,RISK_SUMMARY,doc_f0472a89bd7fa4fcf169c354_a0017,f0472a89bd7fa4fcf169c354,"{'risk_categories': ['掉块', '坍塌', '出水', '卡机'], 'source_risk_text': 'DyK1017+307～ DyK1017+315 段为F37 断层破碎带，地层岩性为石炭二叠系板岩夹变质砂 岩，局部夹压碎岩，岩质软硬不均，节理裂隙极发育，岩体破碎-极破碎， 掌子面存在线-股状出水，其中DyK1017+307 位置附近存在掉块坍塌、突涌 水及卡机风险'}",[],CONSISTENT,['tblv2_6816b0f2178502ea'],doc_f0472a89bd7fa4fcf169c354,DyK1017+215.00_伯舒拉岭隧道进口右线地震波反射法超前地质预报报告(DyK1017+215～DyK1017+315)-20240808.pdf,DyK1017+307～ DyK1017+315 段为F37 断层破碎带，地层岩性为石炭二叠系板岩夹变质砂 岩，局部夹压碎岩，岩质软硬不均，节理裂隙极发育，岩体破碎-极破碎， 掌子面存在线-股状出水，其中DyK1017+307 位置附近存在掉块坍塌、突涌 水及卡机风险,"[{'span_id': 'span_09e2406f6cd1adbc', 'page_number': 11, 'bbox': None, 'raw_text': 'DyK1017+307～ DyK1017+315 段为F37 断层破碎带，地层岩性为石炭二叠系板岩夹变质砂 岩，局部夹压碎岩，岩质软硬不均，节理裂隙极发育，岩体破碎-极破碎， 掌子面存在线-股状出水，其中DyK1017+307 位置附近存在掉块坍塌、突涌 水及卡机风险', 'normalized_text': 'DyK1017+307～ DyK1017+315 段为F37 断层破碎带，地层岩性为石炭二叠系板岩夹变质砂 岩，局部夹压碎岩，岩质软硬不均，节理裂隙极发育，岩体破碎-极破碎， 掌子面存在线-股状出水，其中DyK1017+307 位置附近存在掉块坍塌、突涌 水及卡机风险', 'extraction_method': 'pymupdf_page_text', 'source_role': 'chapter_7_assertion', 'table_index': None, 'row_index': None, 'column_index': None}]",TSP_REPORT,"{'kind': <SpatialKind.INTERVAL: 'INTERVAL'>, 'start_chainage': 1017307.0, 'end_chainage': 1017315.0, 'raw_expression': 'DyK1017+307～ DyK1017+315', 'basis': 'tsp_chapter_7_assertion'}"
assert_46f3ce02bb4a62fd,GRADE_SUMMARY,doc_699573f6fb9dc9e1feaadbff_a0001,699573f6fb9dc9e1feaadbff,{'suggested_grade': 'Ⅴ级'},[],CONSISTENT,"['tblv2_3492e0c8409222f9', 'tblv2_cfcfe62d0f439d09', 'tblv2_0230d624d4601ab6', 'tblv2_711dd79f494877d0', 'tblv2_44862d4d4a2de532', 'tblv2_2cb7fb5362122e9b', 'tblv2_64d519fb8d74a574', 'tblv2_c9d877d82118bb16', 'tblv2_046fbdcc4331c093', 'tblv2_f3911f4b44aa18d7', 'tblv2_5458147f3ff609d4', 'tblv2_063aa8c0cb4ecc8e']",doc_699573f6fb9dc9e1feaadbff,DyK1017+305.00_伯舒拉岭隧道进口右线地震波反射法超前地质预报报告(DyK1017+305～DyK1017+405)-20240901.pdf,DyK1017+305～DyK1017+405 段建议按Ⅴ级围岩施工,"[{'span_id': 'span_ac12472b0223022d', 'page_number': 10, 'bbox': None, 'raw_text': 'DyK1017+305～DyK1017+405 段建议按Ⅴ级围岩施工', 'normalized_text': 'DyK1017+305～DyK1017+405 段建议按Ⅴ级围岩施工', 'extraction_method': 'pymupdf_page_text', 'source_role': 'chapter_7_assertion', 'table_index': None, 'row_index': None, 'column_index': None}]",TSP_REPORT,"{'kind': <SpatialKind.INTERVAL: 'INTERVAL'>, 'start_chainage': 1017305.0, 'end_chainage': 1017405.0, 'raw_expression': 'DyK1017+305～DyK1017+405', 'basis': 'tsp_chapter_7_assertion'}"
assert_cf71f54b27ad2bdb,BLOCK_FALL_SUMMARY,doc_699573f6fb9dc9e1feaadbff_a0002,699573f6fb9dc9e1feaadbff,{'block_fall_or_collapse': '掉块风险'},[],CONSISTENT,['tblv2_cfcfe62d0f439d09'],doc_699573f6fb9dc9e1feaadbff,DyK1017+305.00_伯舒拉岭隧道进口右线地震波反射法超前地质预报报告(DyK1017+305～DyK1017+405)-20240901.pdf,（2）DyK1017+319～DyK1017+324 段已进入F37 断层破碎带，地层岩 性以断层角砾、压碎岩为主，原岩主要为板岩，岩质软，节理裂隙发育-极 发育，岩体破碎-极破碎，DyK1017+319 位置附近存在掉块坍塌及卡机风险； DyK1017+324～DyK1017+330 段已进入F37 断层破碎带，地层岩性以断层 角砾、压碎岩为主，原岩主要为板岩，节理裂隙发育-极发育，岩体破碎-极 破碎，掌子面存在线状出水，DyK1017+324 位置附近存在出水及卡机风险； DyK1017+330～DyK1017+335 段已进入F37 断层破碎带，地层岩性以断层 角砾、压碎岩为主，原岩主要为板岩，岩质软，节理裂隙发育-极发育，岩 体破碎-极破碎， DyK1017+332 位置附近存在掉块坍塌及卡机风险； DyK1017+335～DyK1017+340 段已进入F37 断层破碎带，地层岩性以断层,"[{'span_id': 'span_0b4b860c1ab189b3', 'page_number': 10, 'bbox': None, 'raw_text': '（2）DyK1017+319～DyK1017+324 段已进入F37 断层破碎带，地层岩 性以断层角砾、压碎岩为主，原岩主要为板岩，岩质软，节理裂隙发育-极 发育，岩体破碎-极破碎，DyK1017+319 位置附近存在掉块坍塌及卡机风险； DyK1017+324～DyK1017+330 段已进入F37 断层破碎带，地层岩性以断层 角砾、压碎岩为主，原岩主要为板岩，节理裂隙发育-极发育，岩体破碎-极 破碎，掌子面存在线状出水，DyK1017+324 位置附近存在出水及卡机风险； DyK1017+330～DyK1017+335 段已进入F37 断层破碎带，地层岩性以断层 角砾、压碎岩为主，原岩主要为板岩，岩质软，节理裂隙发育-极发育，岩 体破碎-极破碎， DyK1017+332 位置附近存在掉块坍塌及卡机风险； DyK1017+335～DyK1017+340 段已进入F37 断层破碎带，地层岩性以断层', 'normalized_text': '（2）DyK1017+319～DyK1017+324 段已进入F37 断层破碎带，地层岩 性以断层角砾、压碎岩为主，原岩主要为板岩，岩质软，节理裂隙发育-极 发育，岩体破碎-极破碎，DyK1017+319 位置附近存在掉块坍塌及卡机风险； DyK1017+324～DyK1017+330 段已进入F37 断层破碎带，地层岩性以断层 角砾、压碎岩为主，原岩主要为板岩，节理裂隙发育-极发育，岩体破碎-极 破碎，掌子面存在线状出水，DyK1017+324 位置附近存在出水及卡机风险； DyK1017+330～DyK1017+335 段已进入F37 断层破碎带，地层岩性以断层 角砾、压碎岩为主，原岩主要为板岩，岩质软，节理裂隙发育-极发育，岩 体破碎-极破碎， DyK1017+332 位置附近存在掉块坍塌及卡机风险； DyK1017+335～DyK1017+340 段已进入F37 断层破碎带，地层岩性以断层', 'extraction_method': 'pymupdf_page_text', 'source_role': 'chapter_7_assertion', 'table_index': None, 'row_index': None, 'column_index': None}]",TSP_REPORT,"{'kind': <SpatialKind.INTERVAL: 'INTERVAL'>, 'start_chainage': 1017319.0, 'end_chainage': 1017324.0, 'raw_expression': 'DyK1017+319～DyK1017+324', 'basis': 'tsp_chapter_7_assertion'}"
assert_3f4577dbee8a8de1,BLOCK_FALL_SUMMARY,doc_699573f6fb9dc9e1feaadbff_a0003,699573f6fb9dc9e1feaadbff,{'block_fall_or_collapse': '掉块风险'},[],CONSISTENT,['tblv2_0230d624d4601ab6'],doc_699573f6fb9dc9e1feaadbff,DyK1017+305.00_伯舒拉岭隧道进口右线地震波反射法超前地质预报报告(DyK1017+305～DyK1017+405)-20240901.pdf,（2）DyK1017+319～DyK1017+324 段已进入F37 断层破碎带，地层岩 性以断层角砾、压碎岩为主，原岩主要为板岩，岩质软，节理裂隙发育-极 发育，岩体破碎-极破碎，DyK1017+319 位置附近存在掉块坍塌及卡机风险； DyK1017+324～DyK1017+330 段已进入F37 断层破碎带，地层岩性以断层 角砾、压碎岩为主，原岩主要为板岩，节理裂隙发育-极发育，岩体破碎-极 破碎，掌子面存在线状出水，DyK1017+324 位置附近存在出水及卡机风险； DyK1017+330～DyK1017+335 段已进入F37 断层破碎带，地层岩性以断层 角砾、压碎岩为主，原岩主要为板岩，岩质软，节理裂隙发育-极发育，岩 体破碎-极破碎， DyK1017+332 位置附近存在掉块坍塌及卡机风险； DyK1017+335～DyK1017+340 段已进入F37 断层破碎带，地层岩性以断层,"[{'span_id': 'span_0b4b860c1ab189b3', 'page_number': 10, 'bbox': None, 'raw_text': '（2）DyK1017+319～DyK1017+324 段已进入F37 断层破碎带，地层岩 性以断层角砾、压碎岩为主，原岩主要为板岩，岩质软，节理裂隙发育-极 发育，岩体破碎-极破碎，DyK1017+319 位置附近存在掉块坍塌及卡机风险； DyK1017+324～DyK1017+330 段已进入F37 断层破碎带，地层岩性以断层 角砾、压碎岩为主，原岩主要为板岩，节理裂隙发育-极发育，岩体破碎-极 破碎，掌子面存在线状出水，DyK1017+324 位置附近存在出水及卡机风险； DyK1017+330～DyK1017+335 段已进入F37 断层破碎带，地层岩性以断层 角砾、压碎岩为主，原岩主要为板岩，岩质软，节理裂隙发育-极发育，岩 体破碎-极破碎， DyK1017+332 位置附近存在掉块坍塌及卡机风险； DyK1017+335～DyK1017+340 段已进入F37 断层破碎带，地层岩性以断层', 'normalized_text': '（2）DyK1017+319～DyK1017+324 段已进入F37 断层破碎带，地层岩 性以断层角砾、压碎岩为主，原岩主要为板岩，岩质软，节理裂隙发育-极 发育，岩体破碎-极破碎，DyK1017+319 位置附近存在掉块坍塌及卡机风险； DyK1017+324～DyK1017+330 段已进入F37 断层破碎带，地层岩性以断层 角砾、压碎岩为主，原岩主要为板岩，节理裂隙发育-极发育，岩体破碎-极 破碎，掌子面存在线状出水，DyK1017+324 位置附近存在出水及卡机风险； DyK1017+330～DyK1017+335 段已进入F37 断层破碎带，地层岩性以断层 角砾、压碎岩为主，原岩主要为板岩，岩质软，节理裂隙发育-极发育，岩 体破碎-极破碎， DyK1017+332 位置附近存在掉块坍塌及卡机风险； DyK1017+335～DyK1017+340 段已进入F37 断层破碎带，地层岩性以断层', 'extraction_method': 'pymupdf_page_text', 'source_role': 'chapter_7_assertion', 'table_index': None, 'row_index': None, 'column_index': None}]",TSP_REPORT,"{'kind': <SpatialKind.INTERVAL: 'INTERVAL'>, 'start_chainage': 1017324.0, 'end_chainage': 1017330.0, 'raw_expression': 'DyK1017+324～DyK1017+330', 'basis': 'tsp_chapter_7_assertion'}"
assert_460aa9ab516ab398,BLOCK_FALL_SUMMARY,doc_699573f6fb9dc9e1feaadbff_a0004,699573f6fb9dc9e1feaadbff,{'block_fall_or_collapse': '掉块风险'},[],CONSISTENT,['tblv2_711dd79f494877d0'],doc_699573f6fb9dc9e1feaadbff,DyK1017+305.00_伯舒拉岭隧道进口右线地震波反射法超前地质预报报告(DyK1017+305～DyK1017+405)-20240901.pdf,（2）DyK1017+319～DyK1017+324 段已进入F37 断层破碎带，地层岩 性以断层角砾、压碎岩为主，原岩主要为板岩，岩质软，节理裂隙发育-极 发育，岩体破碎-极破碎，DyK1017+319 位置附近存在掉块坍塌及卡机风险； DyK1017+324～DyK1017+330 段已进入F37 断层破碎带，地层岩性以断层 角砾、压碎岩为主，原岩主要为板岩，节理裂隙发育-极发育，岩体破碎-极 破碎，掌子面存在线状出水，DyK1017+324 位置附近存在出水及卡机风险； DyK1017+330～DyK1017+335 段已进入F37 断层破碎带，地层岩性以断层 角砾、压碎岩为主，原岩主要为板岩，岩质软，节理裂隙发育-极发育，岩 体破碎-极破碎， DyK1017+332 位置附近存在掉块坍塌及卡机风险； DyK1017+335～DyK1017+340 段已进入F37 断层破碎带，地层岩性以断层,"[{'span_id': 'span_0b4b860c1ab189b3', 'page_number': 10, 'bbox': None, 'raw_text': '（2）DyK1017+319～DyK1017+324 段已进入F37 断层破碎带，地层岩 性以断层角砾、压碎岩为主，原岩主要为板岩，岩质软，节理裂隙发育-极 发育，岩体破碎-极破碎，DyK1017+319 位置附近存在掉块坍塌及卡机风险； DyK1017+324～DyK1017+330 段已进入F37 断层破碎带，地层岩性以断层 角砾、压碎岩为主，原岩主要为板岩，节理裂隙发育-极发育，岩体破碎-极 破碎，掌子面存在线状出水，DyK1017+324 位置附近存在出水及卡机风险； DyK1017+330～DyK1017+335 段已进入F37 断层破碎带，地层岩性以断层 角砾、压碎岩为主，原岩主要为板岩，岩质软，节理裂隙发育-极发育，岩 体破碎-极破碎， DyK1017+332 位置附近存在掉块坍塌及卡机风险； DyK1017+335～DyK1017+340 段已进入F37 断层破碎带，地层岩性以断层', 'normalized_text': '（2）DyK1017+319～DyK1017+324 段已进入F37 断层破碎带，地层岩 性以断层角砾、压碎岩为主，原岩主要为板岩，岩质软，节理裂隙发育-极 发育，岩体破碎-极破碎，DyK1017+319 位置附近存在掉块坍塌及卡机风险； DyK1017+324～DyK1017+330 段已进入F37 断层破碎带，地层岩性以断层 角砾、压碎岩为主，原岩主要为板岩，节理裂隙发育-极发育，岩体破碎-极 破碎，掌子面存在线状出水，DyK1017+324 位置附近存在出水及卡机风险； DyK1017+330～DyK1017+335 段已进入F37 断层破碎带，地层岩性以断层 角砾、压碎岩为主，原岩主要为板岩，岩质软，节理裂隙发育-极发育，岩 体破碎-极破碎， DyK1017+332 位置附近存在掉块坍塌及卡机风险； DyK1017+335～DyK1017+340 段已进入F37 断层破碎带，地层岩性以断层', 'extraction_method': 'pymupdf_page_text', 'source_role': 'chapter_7_assertion', 'table_index': None, 'row_index': None, 'column_index': None}]",TSP_REPORT,"{'kind': <SpatialKind.INTERVAL: 'INTERVAL'>, 'start_chainage': 1017330.0, 'end_chainage': 1017335.0, 'raw_expression': 'DyK1017+330～DyK1017+335', 'basis': 'tsp_chapter_7_assertion'}"
assert_a456d0c5b276ebe2,BLOCK_FALL_SUMMARY,doc_699573f6fb9dc9e1feaadbff_a0005,699573f6fb9dc9e1feaadbff,{'block_fall_or_collapse': '掉块风险'},[],CONSISTENT,['tblv2_44862d4d4a2de532'],doc_699573f6fb9dc9e1feaadbff,DyK1017+305.00_伯舒拉岭隧道进口右线地震波反射法超前地质预报报告(DyK1017+305～DyK1017+405)-20240901.pdf,（2）DyK1017+319～DyK1017+324 段已进入F37 断层破碎带，地层岩 性以断层角砾、压碎岩为主，原岩主要为板岩，岩质软，节理裂隙发育-极 发育，岩体破碎-极破碎，DyK1017+319 位置附近存在掉块坍塌及卡机风险； DyK1017+324～DyK1017+330 段已进入F37 断层破碎带，地层岩性以断层 角砾、压碎岩为主，原岩主要为板岩，节理裂隙发育-极发育，岩体破碎-极 破碎，掌子面存在线状出水，DyK1017+324 位置附近存在出水及卡机风险； DyK1017+330～DyK1017+335 段已进入F37 断层破碎带，地层岩性以断层 角砾、压碎岩为主，原岩主要为板岩，岩质软，节理裂隙发育-极发育，岩 体破碎-极破碎， DyK1017+332 位置附近存在掉块坍塌及卡机风险； DyK1017+335～DyK1017+340 段已进入F37 断层破碎带，地层岩性以断层,"[{'span_id': 'span_0b4b860c1ab189b3', 'page_number': 10, 'bbox': None, 'raw_text': '（2）DyK1017+319～DyK1017+324 段已进入F37 断层破碎带，地层岩 性以断层角砾、压碎岩为主，原岩主要为板岩，岩质软，节理裂隙发育-极 发育，岩体破碎-极破碎，DyK1017+319 位置附近存在掉块坍塌及卡机风险； DyK1017+324～DyK1017+330 段已进入F37 断层破碎带，地层岩性以断层 角砾、压碎岩为主，原岩主要为板岩，节理裂隙发育-极发育，岩体破碎-极 破碎，掌子面存在线状出水，DyK1017+324 位置附近存在出水及卡机风险； DyK1017+330～DyK1017+335 段已进入F37 断层破碎带，地层岩性以断层 角砾、压碎岩为主，原岩主要为板岩，岩质软，节理裂隙发育-极发育，岩 体破碎-极破碎， DyK1017+332 位置附近存在掉块坍塌及卡机风险； DyK1017+335～DyK1017+340 段已进入F37 断层破碎带，地层岩性以断层', 'normalized_text': '（2）DyK1017+319～DyK1017+324 段已进入F37 断层破碎带，地层岩 性以断层角砾、压碎岩为主，原岩主要为板岩，岩质软，节理裂隙发育-极 发育，岩体破碎-极破碎，DyK1017+319 位置附近存在掉块坍塌及卡机风险； DyK1017+324～DyK1017+330 段已进入F37 断层破碎带，地层岩性以断层 角砾、压碎岩为主，原岩主要为板岩，节理裂隙发育-极发育，岩体破碎-极 破碎，掌子面存在线状出水，DyK1017+324 位置附近存在出水及卡机风险； DyK1017+330～DyK1017+335 段已进入F37 断层破碎带，地层岩性以断层 角砾、压碎岩为主，原岩主要为板岩，岩质软，节理裂隙发育-极发育，岩 体破碎-极破碎， DyK1017+332 位置附近存在掉块坍塌及卡机风险； DyK1017+335～DyK1017+340 段已进入F37 断层破碎带，地层岩性以断层', 'extraction_method': 'pymupdf_page_text', 'source_role': 'chapter_7_assertion', 'table_index': None, 'row_index': None, 'column_index': None}]",TSP_REPORT,"{'kind': <SpatialKind.INTERVAL: 'INTERVAL'>, 'start_chainage': 1017335.0, 'end_chainage': 1017340.0, 'raw_expression': 'DyK1017+335～DyK1017+340', 'basis': 'tsp_chapter_7_assertion'}"
assert_bb507c7bd322765c,WATER_SUMMARY,doc_699573f6fb9dc9e1feaadbff_a0006,699573f6fb9dc9e1feaadbff,{'water_type': '线状出水'},[],CONSISTENT,['tblv2_0230d624d4601ab6'],doc_699573f6fb9dc9e1feaadbff,DyK1017+305.00_伯舒拉岭隧道进口右线地震波反射法超前地质预报报告(DyK1017+305～DyK1017+405)-20240901.pdf,DyK1017+324～DyK1017+330 段已进入F37 断层破碎带，地层岩性以断层 角砾、压碎岩为主，原岩主要为板岩，节理裂隙发育-极发育，岩体破碎-极 破碎，掌子面存在线状出水，DyK1017+324 位置附近存在出水及卡机风险,"[{'span_id': 'span_1d1cdabc5fbdd34e', 'page_number': 10, 'bbox': None, 'raw_text': 'DyK1017+324～DyK1017+330 段已进入F37 断层破碎带，地层岩性以断层 角砾、压碎岩为主，原岩主要为板岩，节理裂隙发育-极发育，岩体破碎-极 破碎，掌子面存在线状出水，DyK1017+324 位置附近存在出水及卡机风险', 'normalized_text': 'DyK1017+324～DyK1017+330 段已进入F37 断层破碎带，地层岩性以断层 角砾、压碎岩为主，原岩主要为板岩，节理裂隙发育-极发育，岩体破碎-极 破碎，掌子面存在线状出水，DyK1017+324 位置附近存在出水及卡机风险', 'extraction_method': 'pymupdf_page_text', 'source_role': 'chapter_7_assertion', 'table_index': None, 'row_index': None, 'column_index': None}]",TSP_REPORT,"{'kind': <SpatialKind.INTERVAL: 'INTERVAL'>, 'start_chainage': 1017324.0, 'end_chainage': 1017330.0, 'raw_expression': 'DyK1017+324～DyK1017+330', 'basis': 'tsp_chapter_7_assertion'}"
assert_7d29b74e2a65a03a,RISK_SUMMARY,doc_699573f6fb9dc9e1feaadbff_a0007,699573f6fb9dc9e1feaadbff,"{'risk_categories': ['掉块', '坍塌', '卡机'], 'source_risk_text': '（2）DyK1017+319～DyK1017+324 段已进入F37 断层破碎带，地层岩 性以断层角砾、压碎岩为主，原岩主要为板岩，岩质软，节理裂隙发育-极 发育，岩体破碎-极破碎，DyK1017+319 位置附近存在掉块坍塌及卡机风险'}",[],CONSISTENT,['tblv2_cfcfe62d0f439d09'],doc_699573f6fb9dc9e1feaadbff,DyK1017+305.00_伯舒拉岭隧道进口右线地震波反射法超前地质预报报告(DyK1017+305～DyK1017+405)-20240901.pdf,（2）DyK1017+319～DyK1017+324 段已进入F37 断层破碎带，地层岩 性以断层角砾、压碎岩为主，原岩主要为板岩，岩质软，节理裂隙发育-极 发育，岩体破碎-极破碎，DyK1017+319 位置附近存在掉块坍塌及卡机风险,"[{'span_id': 'span_6f0bcea250caf448', 'page_number': 10, 'bbox': None, 'raw_text': '（2）DyK1017+319～DyK1017+324 段已进入F37 断层破碎带，地层岩 性以断层角砾、压碎岩为主，原岩主要为板岩，岩质软，节理裂隙发育-极 发育，岩体破碎-极破碎，DyK1017+319 位置附近存在掉块坍塌及卡机风险', 'normalized_text': '（2）DyK1017+319～DyK1017+324 段已进入F37 断层破碎带，地层岩 性以断层角砾、压碎岩为主，原岩主要为板岩，岩质软，节理裂隙发育-极 发育，岩体破碎-极破碎，DyK1017+319 位置附近存在掉块坍塌及卡机风险', 'extraction_method': 'pymupdf_page_text', 'source_role': 'chapter_7_assertion', 'table_index': None, 'row_index': None, 'column_index': None}]",TSP_REPORT,"{'kind': <SpatialKind.INTERVAL: 'INTERVAL'>, 'start_chainage': 1017319.0, 'end_chainage': 1017324.0, 'raw_expression': 'DyK1017+319～DyK1017+324', 'basis': 'tsp_chapter_7_assertion'}"
assert_84df45ef7f5f142e,RISK_SUMMARY,doc_699573f6fb9dc9e1feaadbff_a0008,699573f6fb9dc9e1feaadbff,"{'risk_categories': ['出水', '卡机'], 'source_risk_text': 'DyK1017+324～DyK1017+330 段已进入F37 断层破碎带，地层岩性以断层 角砾、压碎岩为主，原岩主要为板岩，节理裂隙发育-极发育，岩体破碎-极 破碎，掌子面存在线状出水，DyK1017+324 位置附近存在出水及卡机风险'}",[],CONSISTENT,['tblv2_0230d624d4601ab6'],doc_699573f6fb9dc9e1feaadbff,DyK1017+305.00_伯舒拉岭隧道进口右线地震波反射法超前地质预报报告(DyK1017+305～DyK1017+405)-20240901.pdf,DyK1017+324～DyK1017+330 段已进入F37 断层破碎带，地层岩性以断层 角砾、压碎岩为主，原岩主要为板岩，节理裂隙发育-极发育，岩体破碎-极 破碎，掌子面存在线状出水，DyK1017+324 位置附近存在出水及卡机风险,"[{'span_id': 'span_1d1cdabc5fbdd34e', 'page_number': 10, 'bbox': None, 'raw_text': 'DyK1017+324～DyK1017+330 段已进入F37 断层破碎带，地层岩性以断层 角砾、压碎岩为主，原岩主要为板岩，节理裂隙发育-极发育，岩体破碎-极 破碎，掌子面存在线状出水，DyK1017+324 位置附近存在出水及卡机风险', 'normalized_text': 'DyK1017+324～DyK1017+330 段已进入F37 断层破碎带，地层岩性以断层 角砾、压碎岩为主，原岩主要为板岩，节理裂隙发育-极发育，岩体破碎-极 破碎，掌子面存在线状出水，DyK1017+324 位置附近存在出水及卡机风险', 'extraction_method': 'pymupdf_page_text', 'source_role': 'chapter_7_assertion', 'table_index': None, 'row_index': None, 'column_index': None}]",TSP_REPORT,"{'kind': <SpatialKind.INTERVAL: 'INTERVAL'>, 'start_chainage': 1017324.0, 'end_chainage': 1017330.0, 'raw_expression': 'DyK1017+324～DyK1017+330', 'basis': 'tsp_chapter_7_assertion'}"
assert_cac80f5fbafcc399,RISK_SUMMARY,doc_699573f6fb9dc9e1feaadbff_a0009,699573f6fb9dc9e1feaadbff,"{'risk_categories': ['掉块', '坍塌', '卡机'], 'source_risk_text': 'DyK1017+330～DyK1017+335 段已进入F37 断层破碎带，地层岩性以断层 角砾、压碎岩为主，原岩主要为板岩，岩质软，节理裂隙发育-极发育，岩 体破碎-极破碎， DyK1017+332 位置附近存在掉块坍塌及卡机风险'}",[],CONSISTENT,['tblv2_711dd79f494877d0'],doc_699573f6fb9dc9e1feaadbff,DyK1017+305.00_伯舒拉岭隧道进口右线地震波反射法超前地质预报报告(DyK1017+305～DyK1017+405)-20240901.pdf,DyK1017+330～DyK1017+335 段已进入F37 断层破碎带，地层岩性以断层 角砾、压碎岩为主，原岩主要为板岩，岩质软，节理裂隙发育-极发育，岩 体破碎-极破碎， DyK1017+332 位置附近存在掉块坍塌及卡机风险,"[{'span_id': 'span_9bd050fcfcf87923', 'page_number': 10, 'bbox': None, 'raw_text': 'DyK1017+330～DyK1017+335 段已进入F37 断层破碎带，地层岩性以断层 角砾、压碎岩为主，原岩主要为板岩，岩质软，节理裂隙发育-极发育，岩 体破碎-极破碎， DyK1017+332 位置附近存在掉块坍塌及卡机风险', 'normalized_text': 'DyK1017+330～DyK1017+335 段已进入F37 断层破碎带，地层岩性以断层 角砾、压碎岩为主，原岩主要为板岩，岩质软，节理裂隙发育-极发育，岩 体破碎-极破碎， DyK1017+332 位置附近存在掉块坍塌及卡机风险', 'extraction_method': 'pymupdf_page_text', 'source_role': 'chapter_7_assertion', 'table_index': None, 'row_index': None, 'column_index': None}]",TSP_REPORT,"{'kind': <SpatialKind.INTERVAL: 'INTERVAL'>, 'start_chainage': 1017330.0, 'end_chainage': 1017335.0, 'raw_expression': 'DyK1017+330～DyK1017+335', 'basis': 'tsp_chapter_7_assertion'}"
assert_6f870745e7d6d86d,BLOCK_FALL_SUMMARY,doc_699573f6fb9dc9e1feaadbff_a0010,699573f6fb9dc9e1feaadbff,{'block_fall_or_collapse': '掉块风险'},[],CONSISTENT,['tblv2_2cb7fb5362122e9b'],doc_699573f6fb9dc9e1feaadbff,DyK1017+305.00_伯舒拉岭隧道进口右线地震波反射法超前地质预报报告(DyK1017+305～DyK1017+405)-20240901.pdf,8 角砾、压碎岩为主，原岩主要为板岩，节理裂隙发育-极发育，岩体破碎-极 破碎，掌子面存在线状出水，DyK1017+335 位置附近存在出水及卡机风险。 DyK1017+340～DyK1017+349 段已进入F37 断层破碎带，地层岩性以断层 角砾、压碎岩为主，原岩主要为板岩，岩质软，节理裂隙发育-极发育，岩 体破碎-极破碎，掌子面存在线状出水， DyK1017+341、+347 位置附近存在 掉块坍塌、出水及卡机风险；DyK1017+350～DyK1017+364 段已进入F37 断层破碎带，地层岩性以断层角砾、压碎岩为主，原岩主要为板岩，岩质软， 节理裂隙发育-极发育，岩体破碎-极破碎，掌子面存在线状出水，DyK1017 +354 位置附近存在掉块坍塌、出水及卡机风险；DyK1017+374～DyK1017+ 387 段已进入F37 断层破碎带，地层岩性以断层角砾、压碎岩为主，原岩主 要为板岩，岩质软，节理裂隙发育-极发育，岩体破碎-极破碎，掌子面存在 线状出水，DyK1017+374、+383 位置附近存在掉块坍塌、出水及卡机风险； DyK1017+387～DyK1017+393 段已进入F37 断层破碎带，地层岩性以断层 角砾、压碎岩为主，原岩主要为板岩，岩质软，节理裂隙发育，岩体破碎， 掌子面存在线-股状出水，DyK1017+387 位置附近存在突涌水及卡机风险。 以上段落在开挖后及时对左右两侧边墙处松动的岩块进行处理，对局部岩体 破碎、易掉块的位置应提前支护，防止掉块，如有异常及时上报，确保隧道 施工和人员安全，避免设备受损和卡机。对于出水段落必要时加强拱底防、 排水措施，同时存在软岩大变形，做好变形监测等措施。,"[{'span_id': 'span_20e950ffffbc4146', 'page_number': 11, 'bbox': None, 'raw_text': '8 角砾、压碎岩为主，原岩主要为板岩，节理裂隙发育-极发育，岩体破碎-极 破碎，掌子面存在线状出水，DyK1017+335 位置附近存在出水及卡机风险。 DyK1017+340～DyK1017+349 段已进入F37 断层破碎带，地层岩性以断层 角砾、压碎岩为主，原岩主要为板岩，岩质软，节理裂隙发育-极发育，岩 体破碎-极破碎，掌子面存在线状出水， DyK1017+341、+347 位置附近存在 掉块坍塌、出水及卡机风险；DyK1017+350～DyK1017+364 段已进入F37 断层破碎带，地层岩性以断层角砾、压碎岩为主，原岩主要为板岩，岩质软， 节理裂隙发育-极发育，岩体破碎-极破碎，掌子面存在线状出水，DyK1017 +354 位置附近存在掉块坍塌、出水及卡机风险；DyK1017+374～DyK1017+ 387 段已进入F37 断层破碎带，地层岩性以断层角砾、压碎岩为主，原岩主 要为板岩，岩质软，节理裂隙发育-极发育，岩体破碎-极破碎，掌子面存在 线状出水，DyK1017+374、+383 位置附近存在掉块坍塌、出水及卡机风险； DyK1017+387～DyK1017+393 段已进入F37 断层破碎带，地层岩性以断层 角砾、压碎岩为主，原岩主要为板岩，岩质软，节理裂隙发育，岩体破碎， 掌子面存在线-股状出水，DyK1017+387 位置附近存在突涌水及卡机风险。 以上段落在开挖后及时对左右两侧边墙处松动的岩块进行处理，对局部岩体 破碎、易掉块的位置应提前支护，防止掉块，如有异常及时上报，确保隧道 施工和人员安全，避免设备受损和卡机。对于出水段落必要时加强拱底防、 排水措施，同时存在软岩大变形，做好变形监测等措施。', 'normalized_text': '8 角砾、压碎岩为主，原岩主要为板岩，节理裂隙发育-极发育，岩体破碎-极 破碎，掌子面存在线状出水，DyK1017+335 位置附近存在出水及卡机风险。 DyK1017+340～DyK1017+349 段已进入F37 断层破碎带，地层岩性以断层 角砾、压碎岩为主，原岩主要为板岩，岩质软，节理裂隙发育-极发育，岩 体破碎-极破碎，掌子面存在线状出水， DyK1017+341、+347 位置附近存在 掉块坍塌、出水及卡机风险；DyK1017+350～DyK1017+364 段已进入F37 断层破碎带，地层岩性以断层角砾、压碎岩为主，原岩主要为板岩，岩质软， 节理裂隙发育-极发育，岩体破碎-极破碎，掌子面存在线状出水，DyK1017 +354 位置附近存在掉块坍塌、出水及卡机风险；DyK1017+374～DyK1017+ 387 段已进入F37 断层破碎带，地层岩性以断层角砾、压碎岩为主，原岩主 要为板岩，岩质软，节理裂隙发育-极发育，岩体破碎-极破碎，掌子面存在 线状出水，DyK1017+374、+383 位置附近存在掉块坍塌、出水及卡机风险； DyK1017+387～DyK1017+393 段已进入F37 断层破碎带，地层岩性以断层 角砾、压碎岩为主，原岩主要为板岩，岩质软，节理裂隙发育，岩体破碎， 掌子面存在线-股状出水，DyK1017+387 位置附近存在突涌水及卡机风险。 以上段落在开挖后及时对左右两侧边墙处松动的岩块进行处理，对局部岩体 破碎、易掉块的位置应提前支护，防止掉块，如有异常及时上报，确保隧道 施工和人员安全，避免设备受损和卡机。对于出水段落必要时加强拱底防、 排水措施，同时存在软岩大变形，做好变形监测等措施。', 'extraction_method': 'pymupdf_page_text', 'source_role': 'chapter_7_assertion', 'table_index': None, 'row_index': None, 'column_index': None}]",TSP_REPORT,"{'kind': <SpatialKind.INTERVAL: 'INTERVAL'>, 'start_chainage': 1017340.0, 'end_chainage': 1017349.0, 'raw_expression': 'DyK1017+340～DyK1017+349', 'basis': 'tsp_chapter_7_assertion'}"
assert_82af5b8c140be2e1,BLOCK_FALL_SUMMARY,doc_699573f6fb9dc9e1feaadbff_a0011,699573f6fb9dc9e1feaadbff,{'block_fall_or_collapse': '掉块风险'},[],CONSISTENT,"['tblv2_64d519fb8d74a574', 'tblv2_c9d877d82118bb16']",doc_699573f6fb9dc9e1feaadbff,DyK1017+305.00_伯舒拉岭隧道进口右线地震波反射法超前地质预报报告(DyK1017+305～DyK1017+405)-20240901.pdf,8 角砾、压碎岩为主，原岩主要为板岩，节理裂隙发育-极发育，岩体破碎-极 破碎，掌子面存在线状出水，DyK1017+335 位置附近存在出水及卡机风险。 DyK1017+340～DyK1017+349 段已进入F37 断层破碎带，地层岩性以断层 角砾、压碎岩为主，原岩主要为板岩，岩质软，节理裂隙发育-极发育，岩 体破碎-极破碎，掌子面存在线状出水， DyK1017+341、+347 位置附近存在 掉块坍塌、出水及卡机风险；DyK1017+350～DyK1017+364 段已进入F37 断层破碎带，地层岩性以断层角砾、压碎岩为主，原岩主要为板岩，岩质软， 节理裂隙发育-极发育，岩体破碎-极破碎，掌子面存在线状出水，DyK1017 +354 位置附近存在掉块坍塌、出水及卡机风险；DyK1017+374～DyK1017+ 387 段已进入F37 断层破碎带，地层岩性以断层角砾、压碎岩为主，原岩主 要为板岩，岩质软，节理裂隙发育-极发育，岩体破碎-极破碎，掌子面存在 线状出水，DyK1017+374、+383 位置附近存在掉块坍塌、出水及卡机风险； DyK1017+387～DyK1017+393 段已进入F37 断层破碎带，地层岩性以断层 角砾、压碎岩为主，原岩主要为板岩，岩质软，节理裂隙发育，岩体破碎， 掌子面存在线-股状出水，DyK1017+387 位置附近存在突涌水及卡机风险。 以上段落在开挖后及时对左右两侧边墙处松动的岩块进行处理，对局部岩体 破碎、易掉块的位置应提前支护，防止掉块，如有异常及时上报，确保隧道 施工和人员安全，避免设备受损和卡机。对于出水段落必要时加强拱底防、 排水措施，同时存在软岩大变形，做好变形监测等措施。,"[{'span_id': 'span_20e950ffffbc4146', 'page_number': 11, 'bbox': None, 'raw_text': '8 角砾、压碎岩为主，原岩主要为板岩，节理裂隙发育-极发育，岩体破碎-极 破碎，掌子面存在线状出水，DyK1017+335 位置附近存在出水及卡机风险。 DyK1017+340～DyK1017+349 段已进入F37 断层破碎带，地层岩性以断层 角砾、压碎岩为主，原岩主要为板岩，岩质软，节理裂隙发育-极发育，岩 体破碎-极破碎，掌子面存在线状出水， DyK1017+341、+347 位置附近存在 掉块坍塌、出水及卡机风险；DyK1017+350～DyK1017+364 段已进入F37 断层破碎带，地层岩性以断层角砾、压碎岩为主，原岩主要为板岩，岩质软， 节理裂隙发育-极发育，岩体破碎-极破碎，掌子面存在线状出水，DyK1017 +354 位置附近存在掉块坍塌、出水及卡机风险；DyK1017+374～DyK1017+ 387 段已进入F37 断层破碎带，地层岩性以断层角砾、压碎岩为主，原岩主 要为板岩，岩质软，节理裂隙发育-极发育，岩体破碎-极破碎，掌子面存在 线状出水，DyK1017+374、+383 位置附近存在掉块坍塌、出水及卡机风险； DyK1017+387～DyK1017+393 段已进入F37 断层破碎带，地层岩性以断层 角砾、压碎岩为主，原岩主要为板岩，岩质软，节理裂隙发育，岩体破碎， 掌子面存在线-股状出水，DyK1017+387 位置附近存在突涌水及卡机风险。 以上段落在开挖后及时对左右两侧边墙处松动的岩块进行处理，对局部岩体 破碎、易掉块的位置应提前支护，防止掉块，如有异常及时上报，确保隧道 施工和人员安全，避免设备受损和卡机。对于出水段落必要时加强拱底防、 排水措施，同时存在软岩大变形，做好变形监测等措施。', 'normalized_text': '8 角砾、压碎岩为主，原岩主要为板岩，节理裂隙发育-极发育，岩体破碎-极 破碎，掌子面存在线状出水，DyK1017+335 位置附近存在出水及卡机风险。 DyK1017+340～DyK1017+349 段已进入F37 断层破碎带，地层岩性以断层 角砾、压碎岩为主，原岩主要为板岩，岩质软，节理裂隙发育-极发育，岩 体破碎-极破碎，掌子面存在线状出水， DyK1017+341、+347 位置附近存在 掉块坍塌、出水及卡机风险；DyK1017+350～DyK1017+364 段已进入F37 断层破碎带，地层岩性以断层角砾、压碎岩为主，原岩主要为板岩，岩质软， 节理裂隙发育-极发育，岩体破碎-极破碎，掌子面存在线状出水，DyK1017 +354 位置附近存在掉块坍塌、出水及卡机风险；DyK1017+374～DyK1017+ 387 段已进入F37 断层破碎带，地层岩性以断层角砾、压碎岩为主，原岩主 要为板岩，岩质软，节理裂隙发育-极发育，岩体破碎-极破碎，掌子面存在 线状出水，DyK1017+374、+383 位置附近存在掉块坍塌、出水及卡机风险； DyK1017+387～DyK1017+393 段已进入F37 断层破碎带，地层岩性以断层 角砾、压碎岩为主，原岩主要为板岩，岩质软，节理裂隙发育，岩体破碎， 掌子面存在线-股状出水，DyK1017+387 位置附近存在突涌水及卡机风险。 以上段落在开挖后及时对左右两侧边墙处松动的岩块进行处理，对局部岩体 破碎、易掉块的位置应提前支护，防止掉块，如有异常及时上报，确保隧道 施工和人员安全，避免设备受损和卡机。对于出水段落必要时加强拱底防、 排水措施，同时存在软岩大变形，做好变形监测等措施。', 'extraction_method': 'pymupdf_page_text', 'source_role': 'chapter_7_assertion', 'table_index': None, 'row_index': None, 'column_index': None}]",TSP_REPORT,"{'kind': <SpatialKind.INTERVAL: 'INTERVAL'>, 'start_chainage': 1017350.0, 'end_chainage': 1017364.0, 'raw_expression': 'DyK1017+350～DyK1017+364', 'basis': 'tsp_chapter_7_assertion'}"
assert_dc9dc5c93d0be42d,BLOCK_FALL_SUMMARY,doc_699573f6fb9dc9e1feaadbff_a0012,699573f6fb9dc9e1feaadbff,{'block_fall_or_collapse': '掉块风险'},[],CONSISTENT,['tblv2_f3911f4b44aa18d7'],doc_699573f6fb9dc9e1feaadbff,DyK1017+305.00_伯舒拉岭隧道进口右线地震波反射法超前地质预报报告(DyK1017+305～DyK1017+405)-20240901.pdf,8 角砾、压碎岩为主，原岩主要为板岩，节理裂隙发育-极发育，岩体破碎-极 破碎，掌子面存在线状出水，DyK1017+335 位置附近存在出水及卡机风险。 DyK1017+340～DyK1017+349 段已进入F37 断层破碎带，地层岩性以断层 角砾、压碎岩为主，原岩主要为板岩，岩质软，节理裂隙发育-极发育，岩 体破碎-极破碎，掌子面存在线状出水， DyK1017+341、+347 位置附近存在 掉块坍塌、出水及卡机风险；DyK1017+350～DyK1017+364 段已进入F37 断层破碎带，地层岩性以断层角砾、压碎岩为主，原岩主要为板岩，岩质软， 节理裂隙发育-极发育，岩体破碎-极破碎，掌子面存在线状出水，DyK1017 +354 位置附近存在掉块坍塌、出水及卡机风险；DyK1017+374～DyK1017+ 387 段已进入F37 断层破碎带，地层岩性以断层角砾、压碎岩为主，原岩主 要为板岩，岩质软，节理裂隙发育-极发育，岩体破碎-极破碎，掌子面存在 线状出水，DyK1017+374、+383 位置附近存在掉块坍塌、出水及卡机风险； DyK1017+387～DyK1017+393 段已进入F37 断层破碎带，地层岩性以断层 角砾、压碎岩为主，原岩主要为板岩，岩质软，节理裂隙发育，岩体破碎， 掌子面存在线-股状出水，DyK1017+387 位置附近存在突涌水及卡机风险。 以上段落在开挖后及时对左右两侧边墙处松动的岩块进行处理，对局部岩体 破碎、易掉块的位置应提前支护，防止掉块，如有异常及时上报，确保隧道 施工和人员安全，避免设备受损和卡机。对于出水段落必要时加强拱底防、 排水措施，同时存在软岩大变形，做好变形监测等措施。,"[{'span_id': 'span_20e950ffffbc4146', 'page_number': 11, 'bbox': None, 'raw_text': '8 角砾、压碎岩为主，原岩主要为板岩，节理裂隙发育-极发育，岩体破碎-极 破碎，掌子面存在线状出水，DyK1017+335 位置附近存在出水及卡机风险。 DyK1017+340～DyK1017+349 段已进入F37 断层破碎带，地层岩性以断层 角砾、压碎岩为主，原岩主要为板岩，岩质软，节理裂隙发育-极发育，岩 体破碎-极破碎，掌子面存在线状出水， DyK1017+341、+347 位置附近存在 掉块坍塌、出水及卡机风险；DyK1017+350～DyK1017+364 段已进入F37 断层破碎带，地层岩性以断层角砾、压碎岩为主，原岩主要为板岩，岩质软， 节理裂隙发育-极发育，岩体破碎-极破碎，掌子面存在线状出水，DyK1017 +354 位置附近存在掉块坍塌、出水及卡机风险；DyK1017+374～DyK1017+ 387 段已进入F37 断层破碎带，地层岩性以断层角砾、压碎岩为主，原岩主 要为板岩，岩质软，节理裂隙发育-极发育，岩体破碎-极破碎，掌子面存在 线状出水，DyK1017+374、+383 位置附近存在掉块坍塌、出水及卡机风险； DyK1017+387～DyK1017+393 段已进入F37 断层破碎带，地层岩性以断层 角砾、压碎岩为主，原岩主要为板岩，岩质软，节理裂隙发育，岩体破碎， 掌子面存在线-股状出水，DyK1017+387 位置附近存在突涌水及卡机风险。 以上段落在开挖后及时对左右两侧边墙处松动的岩块进行处理，对局部岩体 破碎、易掉块的位置应提前支护，防止掉块，如有异常及时上报，确保隧道 施工和人员安全，避免设备受损和卡机。对于出水段落必要时加强拱底防、 排水措施，同时存在软岩大变形，做好变形监测等措施。', 'normalized_text': '8 角砾、压碎岩为主，原岩主要为板岩，节理裂隙发育-极发育，岩体破碎-极 破碎，掌子面存在线状出水，DyK1017+335 位置附近存在出水及卡机风险。 DyK1017+340～DyK1017+349 段已进入F37 断层破碎带，地层岩性以断层 角砾、压碎岩为主，原岩主要为板岩，岩质软，节理裂隙发育-极发育，岩 体破碎-极破碎，掌子面存在线状出水， DyK1017+341、+347 位置附近存在 掉块坍塌、出水及卡机风险；DyK1017+350～DyK1017+364 段已进入F37 断层破碎带，地层岩性以断层角砾、压碎岩为主，原岩主要为板岩，岩质软， 节理裂隙发育-极发育，岩体破碎-极破碎，掌子面存在线状出水，DyK1017 +354 位置附近存在掉块坍塌、出水及卡机风险；DyK1017+374～DyK1017+ 387 段已进入F37 断层破碎带，地层岩性以断层角砾、压碎岩为主，原岩主 要为板岩，岩质软，节理裂隙发育-极发育，岩体破碎-极破碎，掌子面存在 线状出水，DyK1017+374、+383 位置附近存在掉块坍塌、出水及卡机风险； DyK1017+387～DyK1017+393 段已进入F37 断层破碎带，地层岩性以断层 角砾、压碎岩为主，原岩主要为板岩，岩质软，节理裂隙发育，岩体破碎， 掌子面存在线-股状出水，DyK1017+387 位置附近存在突涌水及卡机风险。 以上段落在开挖后及时对左右两侧边墙处松动的岩块进行处理，对局部岩体 破碎、易掉块的位置应提前支护，防止掉块，如有异常及时上报，确保隧道 施工和人员安全，避免设备受损和卡机。对于出水段落必要时加强拱底防、 排水措施，同时存在软岩大变形，做好变形监测等措施。', 'extraction_method': 'pymupdf_page_text', 'source_role': 'chapter_7_assertion', 'table_index': None, 'row_index': None, 'column_index': None}]",TSP_REPORT,"{'kind': <SpatialKind.INTERVAL: 'INTERVAL'>, 'start_chainage': 1017374.0, 'end_chainage': 1017387.0, 'raw_expression': 'DyK1017+374～DyK1017+ 387', 'basis': 'tsp_chapter_7_assertion'}"
assert_44134182e2f34a37,BLOCK_FALL_SUMMARY,doc_699573f6fb9dc9e1feaadbff_a0013,699573f6fb9dc9e1feaadbff,{'block_fall_or_collapse': '掉块风险'},[],CONSISTENT,['tblv2_5458147f3ff609d4'],doc_699573f6fb9dc9e1feaadbff,DyK1017+305.00_伯舒拉岭隧道进口右线地震波反射法超前地质预报报告(DyK1017+305～DyK1017+405)-20240901.pdf,8 角砾、压碎岩为主，原岩主要为板岩，节理裂隙发育-极发育，岩体破碎-极 破碎，掌子面存在线状出水，DyK1017+335 位置附近存在出水及卡机风险。 DyK1017+340～DyK1017+349 段已进入F37 断层破碎带，地层岩性以断层 角砾、压碎岩为主，原岩主要为板岩，岩质软，节理裂隙发育-极发育，岩 体破碎-极破碎，掌子面存在线状出水， DyK1017+341、+347 位置附近存在 掉块坍塌、出水及卡机风险；DyK1017+350～DyK1017+364 段已进入F37 断层破碎带，地层岩性以断层角砾、压碎岩为主，原岩主要为板岩，岩质软， 节理裂隙发育-极发育，岩体破碎-极破碎，掌子面存在线状出水，DyK1017 +354 位置附近存在掉块坍塌、出水及卡机风险；DyK1017+374～DyK1017+ 387 段已进入F37 断层破碎带，地层岩性以断层角砾、压碎岩为主，原岩主 要为板岩，岩质软，节理裂隙发育-极发育，岩体破碎-极破碎，掌子面存在 线状出水，DyK1017+374、+383 位置附近存在掉块坍塌、出水及卡机风险； DyK1017+387～DyK1017+393 段已进入F37 断层破碎带，地层岩性以断层 角砾、压碎岩为主，原岩主要为板岩，岩质软，节理裂隙发育，岩体破碎， 掌子面存在线-股状出水，DyK1017+387 位置附近存在突涌水及卡机风险。 以上段落在开挖后及时对左右两侧边墙处松动的岩块进行处理，对局部岩体 破碎、易掉块的位置应提前支护，防止掉块，如有异常及时上报，确保隧道 施工和人员安全，避免设备受损和卡机。对于出水段落必要时加强拱底防、 排水措施，同时存在软岩大变形，做好变形监测等措施。,"[{'span_id': 'span_20e950ffffbc4146', 'page_number': 11, 'bbox': None, 'raw_text': '8 角砾、压碎岩为主，原岩主要为板岩，节理裂隙发育-极发育，岩体破碎-极 破碎，掌子面存在线状出水，DyK1017+335 位置附近存在出水及卡机风险。 DyK1017+340～DyK1017+349 段已进入F37 断层破碎带，地层岩性以断层 角砾、压碎岩为主，原岩主要为板岩，岩质软，节理裂隙发育-极发育，岩 体破碎-极破碎，掌子面存在线状出水， DyK1017+341、+347 位置附近存在 掉块坍塌、出水及卡机风险；DyK1017+350～DyK1017+364 段已进入F37 断层破碎带，地层岩性以断层角砾、压碎岩为主，原岩主要为板岩，岩质软， 节理裂隙发育-极发育，岩体破碎-极破碎，掌子面存在线状出水，DyK1017 +354 位置附近存在掉块坍塌、出水及卡机风险；DyK1017+374～DyK1017+ 387 段已进入F37 断层破碎带，地层岩性以断层角砾、压碎岩为主，原岩主 要为板岩，岩质软，节理裂隙发育-极发育，岩体破碎-极破碎，掌子面存在 线状出水，DyK1017+374、+383 位置附近存在掉块坍塌、出水及卡机风险； DyK1017+387～DyK1017+393 段已进入F37 断层破碎带，地层岩性以断层 角砾、压碎岩为主，原岩主要为板岩，岩质软，节理裂隙发育，岩体破碎， 掌子面存在线-股状出水，DyK1017+387 位置附近存在突涌水及卡机风险。 以上段落在开挖后及时对左右两侧边墙处松动的岩块进行处理，对局部岩体 破碎、易掉块的位置应提前支护，防止掉块，如有异常及时上报，确保隧道 施工和人员安全，避免设备受损和卡机。对于出水段落必要时加强拱底防、 排水措施，同时存在软岩大变形，做好变形监测等措施。', 'normalized_text': '8 角砾、压碎岩为主，原岩主要为板岩，节理裂隙发育-极发育，岩体破碎-极 破碎，掌子面存在线状出水，DyK1017+335 位置附近存在出水及卡机风险。 DyK1017+340～DyK1017+349 段已进入F37 断层破碎带，地层岩性以断层 角砾、压碎岩为主，原岩主要为板岩，岩质软，节理裂隙发育-极发育，岩 体破碎-极破碎，掌子面存在线状出水， DyK1017+341、+347 位置附近存在 掉块坍塌、出水及卡机风险；DyK1017+350～DyK1017+364 段已进入F37 断层破碎带，地层岩性以断层角砾、压碎岩为主，原岩主要为板岩，岩质软， 节理裂隙发育-极发育，岩体破碎-极破碎，掌子面存在线状出水，DyK1017 +354 位置附近存在掉块坍塌、出水及卡机风险；DyK1017+374～DyK1017+ 387 段已进入F37 断层破碎带，地层岩性以断层角砾、压碎岩为主，原岩主 要为板岩，岩质软，节理裂隙发育-极发育，岩体破碎-极破碎，掌子面存在 线状出水，DyK1017+374、+383 位置附近存在掉块坍塌、出水及卡机风险； DyK1017+387～DyK1017+393 段已进入F37 断层破碎带，地层岩性以断层 角砾、压碎岩为主，原岩主要为板岩，岩质软，节理裂隙发育，岩体破碎， 掌子面存在线-股状出水，DyK1017+387 位置附近存在突涌水及卡机风险。 以上段落在开挖后及时对左右两侧边墙处松动的岩块进行处理，对局部岩体 破碎、易掉块的位置应提前支护，防止掉块，如有异常及时上报，确保隧道 施工和人员安全，避免设备受损和卡机。对于出水段落必要时加强拱底防、 排水措施，同时存在软岩大变形，做好变形监测等措施。', 'extraction_method': 'pymupdf_page_text', 'source_role': 'chapter_7_assertion', 'table_index': None, 'row_index': None, 'column_index': None}]",TSP_REPORT,"{'kind': <SpatialKind.INTERVAL: 'INTERVAL'>, 'start_chainage': 1017387.0, 'end_chainage': 1017393.0, 'raw_expression': 'DyK1017+387～DyK1017+393', 'basis': 'tsp_chapter_7_assertion'}"
assert_427a87d9b3950417,WATER_SUMMARY,doc_699573f6fb9dc9e1feaadbff_a0014,699573f6fb9dc9e1feaadbff,{'water_type': '线状出水'},[],CONSISTENT,['tblv2_2cb7fb5362122e9b'],doc_699573f6fb9dc9e1feaadbff,DyK1017+305.00_伯舒拉岭隧道进口右线地震波反射法超前地质预报报告(DyK1017+305～DyK1017+405)-20240901.pdf,DyK1017+340～DyK1017+349 段已进入F37 断层破碎带，地层岩性以断层 角砾、压碎岩为主，原岩主要为板岩，岩质软，节理裂隙发育-极发育，岩 体破碎-极破碎，掌子面存在线状出水， DyK1017+341、+347 位置附近存在 掉块坍塌、出水及卡机风险,"[{'span_id': 'span_b5f9e29af36b22eb', 'page_number': 11, 'bbox': None, 'raw_text': 'DyK1017+340～DyK1017+349 段已进入F37 断层破碎带，地层岩性以断层 角砾、压碎岩为主，原岩主要为板岩，岩质软，节理裂隙发育-极发育，岩 体破碎-极破碎，掌子面存在线状出水， DyK1017+341、+347 位置附近存在 掉块坍塌、出水及卡机风险', 'normalized_text': 'DyK1017+340～DyK1017+349 段已进入F37 断层破碎带，地层岩性以断层 角砾、压碎岩为主，原岩主要为板岩，岩质软，节理裂隙发育-极发育，岩 体破碎-极破碎，掌子面存在线状出水， DyK1017+341、+347 位置附近存在 掉块坍塌、出水及卡机风险', 'extraction_method': 'pymupdf_page_text', 'source_role': 'chapter_7_assertion', 'table_index': None, 'row_index': None, 'column_index': None}]",TSP_REPORT,"{'kind': <SpatialKind.INTERVAL: 'INTERVAL'>, 'start_chainage': 1017340.0, 'end_chainage': 1017349.0, 'raw_expression': 'DyK1017+340～DyK1017+349', 'basis': 'tsp_chapter_7_assertion'}"
assert_c5950c7d59e1837f,WATER_SUMMARY,doc_699573f6fb9dc9e1feaadbff_a0015,699573f6fb9dc9e1feaadbff,{'water_type': '线状出水'},[],CONSISTENT,"['tblv2_64d519fb8d74a574', 'tblv2_c9d877d82118bb16']",doc_699573f6fb9dc9e1feaadbff,DyK1017+305.00_伯舒拉岭隧道进口右线地震波反射法超前地质预报报告(DyK1017+305～DyK1017+405)-20240901.pdf,DyK1017+350～DyK1017+364 段已进入F37 断层破碎带，地层岩性以断层角砾、压碎岩为主，原岩主要为板岩，岩质软， 节理裂隙发育-极发育，岩体破碎-极破碎，掌子面存在线状出水，DyK1017 +354 位置附近存在掉块坍塌、出水及卡机风险,"[{'span_id': 'span_5851841451cf8997', 'page_number': 11, 'bbox': None, 'raw_text': 'DyK1017+350～DyK1017+364 段已进入F37 断层破碎带，地层岩性以断层角砾、压碎岩为主，原岩主要为板岩，岩质软， 节理裂隙发育-极发育，岩体破碎-极破碎，掌子面存在线状出水，DyK1017 +354 位置附近存在掉块坍塌、出水及卡机风险', 'normalized_text': 'DyK1017+350～DyK1017+364 段已进入F37 断层破碎带，地层岩性以断层角砾、压碎岩为主，原岩主要为板岩，岩质软， 节理裂隙发育-极发育，岩体破碎-极破碎，掌子面存在线状出水，DyK1017 +354 位置附近存在掉块坍塌、出水及卡机风险', 'extraction_method': 'pymupdf_page_text', 'source_role': 'chapter_7_assertion', 'table_index': None, 'row_index': None, 'column_index': None}]",TSP_REPORT,"{'kind': <SpatialKind.INTERVAL: 'INTERVAL'>, 'start_chainage': 1017350.0, 'end_chainage': 1017364.0, 'raw_expression': 'DyK1017+350～DyK1017+364', 'basis': 'tsp_chapter_7_assertion'}"
assert_f61079d2ac4f7a7f,WATER_SUMMARY,doc_699573f6fb9dc9e1feaadbff_a0016,699573f6fb9dc9e1feaadbff,{'water_type': '线状出水'},[],CONSISTENT,['tblv2_f3911f4b44aa18d7'],doc_699573f6fb9dc9e1feaadbff,DyK1017+305.00_伯舒拉岭隧道进口右线地震波反射法超前地质预报报告(DyK1017+305～DyK1017+405)-20240901.pdf,DyK1017+374～DyK1017+ 387 段已进入F37 断层破碎带，地层岩性以断层角砾、压碎岩为主，原岩主 要为板岩，岩质软，节理裂隙发育-极发育，岩体破碎-极破碎，掌子面存在 线状出水，DyK1017+374、+383 位置附近存在掉块坍塌、出水及卡机风险,"[{'span_id': 'span_0c3dbcdd5054650f', 'page_number': 11, 'bbox': None, 'raw_text': 'DyK1017+374～DyK1017+ 387 段已进入F37 断层破碎带，地层岩性以断层角砾、压碎岩为主，原岩主 要为板岩，岩质软，节理裂隙发育-极发育，岩体破碎-极破碎，掌子面存在 线状出水，DyK1017+374、+383 位置附近存在掉块坍塌、出水及卡机风险', 'normalized_text': 'DyK1017+374～DyK1017+ 387 段已进入F37 断层破碎带，地层岩性以断层角砾、压碎岩为主，原岩主 要为板岩，岩质软，节理裂隙发育-极发育，岩体破碎-极破碎，掌子面存在 线状出水，DyK1017+374、+383 位置附近存在掉块坍塌、出水及卡机风险', 'extraction_method': 'pymupdf_page_text', 'source_role': 'chapter_7_assertion', 'table_index': None, 'row_index': None, 'column_index': None}]",TSP_REPORT,"{'kind': <SpatialKind.INTERVAL: 'INTERVAL'>, 'start_chainage': 1017374.0, 'end_chainage': 1017387.0, 'raw_expression': 'DyK1017+374～DyK1017+ 387', 'basis': 'tsp_chapter_7_assertion'}"
assert_cd715ccafcc38e67,WATER_SUMMARY,doc_699573f6fb9dc9e1feaadbff_a0017,699573f6fb9dc9e1feaadbff,{'water_type': '线-股状出水'},[],CONSISTENT,['tblv2_5458147f3ff609d4'],doc_699573f6fb9dc9e1feaadbff,DyK1017+305.00_伯舒拉岭隧道进口右线地震波反射法超前地质预报报告(DyK1017+305～DyK1017+405)-20240901.pdf,DyK1017+387～DyK1017+393 段已进入F37 断层破碎带，地层岩性以断层 角砾、压碎岩为主，原岩主要为板岩，岩质软，节理裂隙发育，岩体破碎， 掌子面存在线-股状出水，DyK1017+387 位置附近存在突涌水及卡机风险,"[{'span_id': 'span_67ebaf17ed0b2d58', 'page_number': 11, 'bbox': None, 'raw_text': 'DyK1017+387～DyK1017+393 段已进入F37 断层破碎带，地层岩性以断层 角砾、压碎岩为主，原岩主要为板岩，岩质软，节理裂隙发育，岩体破碎， 掌子面存在线-股状出水，DyK1017+387 位置附近存在突涌水及卡机风险', 'normalized_text': 'DyK1017+387～DyK1017+393 段已进入F37 断层破碎带，地层岩性以断层 角砾、压碎岩为主，原岩主要为板岩，岩质软，节理裂隙发育，岩体破碎， 掌子面存在线-股状出水，DyK1017+387 位置附近存在突涌水及卡机风险', 'extraction_method': 'pymupdf_page_text', 'source_role': 'chapter_7_assertion', 'table_index': None, 'row_index': None, 'column_index': None}]",TSP_REPORT,"{'kind': <SpatialKind.INTERVAL: 'INTERVAL'>, 'start_chainage': 1017387.0, 'end_chainage': 1017393.0, 'raw_expression': 'DyK1017+387～DyK1017+393', 'basis': 'tsp_chapter_7_assertion'}"
assert_d69fcec0b6fb9140,RISK_SUMMARY,doc_699573f6fb9dc9e1feaadbff_a0018,699573f6fb9dc9e1feaadbff,"{'risk_categories': ['掉块', '坍塌', '出水', '卡机'], 'source_risk_text': 'DyK1017+340～DyK1017+349 段已进入F37 断层破碎带，地层岩性以断层 角砾、压碎岩为主，原岩主要为板岩，岩质软，节理裂隙发育-极发育，岩 体破碎-极破碎，掌子面存在线状出水， DyK1017+341、+347 位置附近存在 掉块坍塌、出水及卡机风险'}",[],CONSISTENT,['tblv2_2cb7fb5362122e9b'],doc_699573f6fb9dc9e1feaadbff,DyK1017+305.00_伯舒拉岭隧道进口右线地震波反射法超前地质预报报告(DyK1017+305～DyK1017+405)-20240901.pdf,DyK1017+340～DyK1017+349 段已进入F37 断层破碎带，地层岩性以断层 角砾、压碎岩为主，原岩主要为板岩，岩质软，节理裂隙发育-极发育，岩 体破碎-极破碎，掌子面存在线状出水， DyK1017+341、+347 位置附近存在 掉块坍塌、出水及卡机风险,"[{'span_id': 'span_b5f9e29af36b22eb', 'page_number': 11, 'bbox': None, 'raw_text': 'DyK1017+340～DyK1017+349 段已进入F37 断层破碎带，地层岩性以断层 角砾、压碎岩为主，原岩主要为板岩，岩质软，节理裂隙发育-极发育，岩 体破碎-极破碎，掌子面存在线状出水， DyK1017+341、+347 位置附近存在 掉块坍塌、出水及卡机风险', 'normalized_text': 'DyK1017+340～DyK1017+349 段已进入F37 断层破碎带，地层岩性以断层 角砾、压碎岩为主，原岩主要为板岩，岩质软，节理裂隙发育-极发育，岩 体破碎-极破碎，掌子面存在线状出水， DyK1017+341、+347 位置附近存在 掉块坍塌、出水及卡机风险', 'extraction_method': 'pymupdf_page_text', 'source_role': 'chapter_7_assertion', 'table_index': None, 'row_index': None, 'column_index': None}]",TSP_REPORT,"{'kind': <SpatialKind.INTERVAL: 'INTERVAL'>, 'start_chainage': 1017340.0, 'end_chainage': 1017349.0, 'raw_expression': 'DyK1017+340～DyK1017+349', 'basis': 'tsp_chapter_7_assertion'}"
assert_7ab62b2624cd227e,RISK_SUMMARY,doc_699573f6fb9dc9e1feaadbff_a0019,699573f6fb9dc9e1feaadbff,"{'risk_categories': ['掉块', '坍塌', '出水', '卡机'], 'source_risk_text': 'DyK1017+350～DyK1017+364 段已进入F37 断层破碎带，地层岩性以断层角砾、压碎岩为主，原岩主要为板岩，岩质软， 节理裂隙发育-极发育，岩体破碎-极破碎，掌子面存在线状出水，DyK1017 +354 位置附近存在掉块坍塌、出水及卡机风险'}",[],CONSISTENT,"['tblv2_64d519fb8d74a574', 'tblv2_c9d877d82118bb16']",doc_699573f6fb9dc9e1feaadbff,DyK1017+305.00_伯舒拉岭隧道进口右线地震波反射法超前地质预报报告(DyK1017+305～DyK1017+405)-20240901.pdf,DyK1017+350～DyK1017+364 段已进入F37 断层破碎带，地层岩性以断层角砾、压碎岩为主，原岩主要为板岩，岩质软， 节理裂隙发育-极发育，岩体破碎-极破碎，掌子面存在线状出水，DyK1017 +354 位置附近存在掉块坍塌、出水及卡机风险,"[{'span_id': 'span_5851841451cf8997', 'page_number': 11, 'bbox': None, 'raw_text': 'DyK1017+350～DyK1017+364 段已进入F37 断层破碎带，地层岩性以断层角砾、压碎岩为主，原岩主要为板岩，岩质软， 节理裂隙发育-极发育，岩体破碎-极破碎，掌子面存在线状出水，DyK1017 +354 位置附近存在掉块坍塌、出水及卡机风险', 'normalized_text': 'DyK1017+350～DyK1017+364 段已进入F37 断层破碎带，地层岩性以断层角砾、压碎岩为主，原岩主要为板岩，岩质软， 节理裂隙发育-极发育，岩体破碎-极破碎，掌子面存在线状出水，DyK1017 +354 位置附近存在掉块坍塌、出水及卡机风险', 'extraction_method': 'pymupdf_page_text', 'source_role': 'chapter_7_assertion', 'table_index': None, 'row_index': None, 'column_index': None}]",TSP_REPORT,"{'kind': <SpatialKind.INTERVAL: 'INTERVAL'>, 'start_chainage': 1017350.0, 'end_chainage': 1017364.0, 'raw_expression': 'DyK1017+350～DyK1017+364', 'basis': 'tsp_chapter_7_assertion'}"
assert_30e0c415945779ad,RISK_SUMMARY,doc_699573f6fb9dc9e1feaadbff_a0020,699573f6fb9dc9e1feaadbff,"{'risk_categories': ['掉块', '坍塌', '出水', '卡机'], 'source_risk_text': 'DyK1017+374～DyK1017+ 387 段已进入F37 断层破碎带，地层岩性以断层角砾、压碎岩为主，原岩主 要为板岩，岩质软，节理裂隙发育-极发育，岩体破碎-极破碎，掌子面存在 线状出水，DyK1017+374、+383 位置附近存在掉块坍塌、出水及卡机风险'}",[],CONSISTENT,['tblv2_f3911f4b44aa18d7'],doc_699573f6fb9dc9e1feaadbff,DyK1017+305.00_伯舒拉岭隧道进口右线地震波反射法超前地质预报报告(DyK1017+305～DyK1017+405)-20240901.pdf,DyK1017+374～DyK1017+ 387 段已进入F37 断层破碎带，地层岩性以断层角砾、压碎岩为主，原岩主 要为板岩，岩质软，节理裂隙发育-极发育，岩体破碎-极破碎，掌子面存在 线状出水，DyK1017+374、+383 位置附近存在掉块坍塌、出水及卡机风险,"[{'span_id': 'span_0c3dbcdd5054650f', 'page_number': 11, 'bbox': None, 'raw_text': 'DyK1017+374～DyK1017+ 387 段已进入F37 断层破碎带，地层岩性以断层角砾、压碎岩为主，原岩主 要为板岩，岩质软，节理裂隙发育-极发育，岩体破碎-极破碎，掌子面存在 线状出水，DyK1017+374、+383 位置附近存在掉块坍塌、出水及卡机风险', 'normalized_text': 'DyK1017+374～DyK1017+ 387 段已进入F37 断层破碎带，地层岩性以断层角砾、压碎岩为主，原岩主 要为板岩，岩质软，节理裂隙发育-极发育，岩体破碎-极破碎，掌子面存在 线状出水，DyK1017+374、+383 位置附近存在掉块坍塌、出水及卡机风险', 'extraction_method': 'pymupdf_page_text', 'source_role': 'chapter_7_assertion', 'table_index': None, 'row_index': None, 'column_index': None}]",TSP_REPORT,"{'kind': <SpatialKind.INTERVAL: 'INTERVAL'>, 'start_chainage': 1017374.0, 'end_chainage': 1017387.0, 'raw_expression': 'DyK1017+374～DyK1017+ 387', 'basis': 'tsp_chapter_7_assertion'}"
assert_8ae0f87cb5def086,RISK_SUMMARY,doc_699573f6fb9dc9e1feaadbff_a0021,699573f6fb9dc9e1feaadbff,"{'risk_categories': ['出水', '卡机', '突涌水'], 'source_risk_text': 'DyK1017+387～DyK1017+393 段已进入F37 断层破碎带，地层岩性以断层 角砾、压碎岩为主，原岩主要为板岩，岩质软，节理裂隙发育，岩体破碎， 掌子面存在线-股状出水，DyK1017+387 位置附近存在突涌水及卡机风险'}",[],CONSISTENT,['tblv2_5458147f3ff609d4'],doc_699573f6fb9dc9e1feaadbff,DyK1017+305.00_伯舒拉岭隧道进口右线地震波反射法超前地质预报报告(DyK1017+305～DyK1017+405)-20240901.pdf,DyK1017+387～DyK1017+393 段已进入F37 断层破碎带，地层岩性以断层 角砾、压碎岩为主，原岩主要为板岩，岩质软，节理裂隙发育，岩体破碎， 掌子面存在线-股状出水，DyK1017+387 位置附近存在突涌水及卡机风险,"[{'span_id': 'span_67ebaf17ed0b2d58', 'page_number': 11, 'bbox': None, 'raw_text': 'DyK1017+387～DyK1017+393 段已进入F37 断层破碎带，地层岩性以断层 角砾、压碎岩为主，原岩主要为板岩，岩质软，节理裂隙发育，岩体破碎， 掌子面存在线-股状出水，DyK1017+387 位置附近存在突涌水及卡机风险', 'normalized_text': 'DyK1017+387～DyK1017+393 段已进入F37 断层破碎带，地层岩性以断层 角砾、压碎岩为主，原岩主要为板岩，岩质软，节理裂隙发育，岩体破碎， 掌子面存在线-股状出水，DyK1017+387 位置附近存在突涌水及卡机风险', 'extraction_method': 'pymupdf_page_text', 'source_role': 'chapter_7_assertion', 'table_index': None, 'row_index': None, 'column_index': None}]",TSP_REPORT,"{'kind': <SpatialKind.INTERVAL: 'INTERVAL'>, 'start_chainage': 1017387.0, 'end_chainage': 1017393.0, 'raw_expression': 'DyK1017+387～DyK1017+393', 'basis': 'tsp_chapter_7_assertion'}"
assert_df09ab4e31352066,GRADE_SUMMARY,doc_ffbefe95742f621fcb678877_a0001,ffbefe95742f621fcb678877,{'suggested_grade': 'Ⅴ级'},[],CONSISTENT,"['tblv2_f8a8f297cf92a9b7', 'tblv2_cfb60af7b2714adf', 'tblv2_7c7b2ac735bb772c', 'tblv2_cfe6cd2e415339a7', 'tblv2_2a12dbdc5c21751f', 'tblv2_073b753e9d787eca', 'tblv2_fe93e108a444aacc', 'tblv2_008e20bcd8af3114', 'tblv2_39b5043b11a5c3c6', 'tblv2_f8a000a6910a514e', 'tblv2_8dffd892c9be0bfa', 'tblv2_c2c950ac1cf7c143', 'tblv2_b70b2edd635634da']",doc_ffbefe95742f621fcb678877,DyK1017+423.00_伯舒拉岭隧道进口右线地震波反射法超前地质预报报告(DyK1017+423～DyK1017+523)-20241107.pdf,DyK1017+423～DyK1017+523 段建议按Ⅴ级围岩施工,"[{'span_id': 'span_8cb061719443b284', 'page_number': 10, 'bbox': None, 'raw_text': 'DyK1017+423～DyK1017+523 段建议按Ⅴ级围岩施工', 'normalized_text': 'DyK1017+423～DyK1017+523 段建议按Ⅴ级围岩施工', 'extraction_method': 'pymupdf_page_text', 'source_role': 'chapter_7_assertion', 'table_index': None, 'row_index': None, 'column_index': None}]",TSP_REPORT,"{'kind': <SpatialKind.INTERVAL: 'INTERVAL'>, 'start_chainage': 1017423.0, 'end_chainage': 1017523.0, 'raw_expression': 'DyK1017+423～DyK1017+523', 'basis': 'tsp_chapter_7_assertion'}"
assert_d32cbaa1bd3663df,BLOCK_FALL_SUMMARY,doc_ffbefe95742f621fcb678877_a0002,ffbefe95742f621fcb678877,{'block_fall_or_collapse': '掉块风险'},[],CONSISTENT,['tblv2_f8a8f297cf92a9b7'],doc_ffbefe95742f621fcb678877,DyK1017+423.00_伯舒拉岭隧道进口右线地震波反射法超前地质预报报告(DyK1017+423～DyK1017+523)-20241107.pdf,（2）DyK1017+423～DyK1017+436 段围岩节理裂隙发育-极发育，岩体 破碎-极破碎，掌子面存在滴渗水，其中DyK1017+433 位置附近存在掉块坍 塌及卡机风险；DyK1017+447～DyK1017+454 段围岩节理裂隙发育-极发育， 岩体破碎-极破碎，掌子面存在线状出水，其中DyK1017+447 位置附近存在 掉块坍塌、出水及卡机风险；DyK1017+464～DyK1017+470 段围岩节理裂 隙发育，岩体破碎，掌子面存在线状出水，其中DyK1017+464 位置附近存 在掉块坍塌、出水及卡机风险；DyK1017+475～DyK1017+482 段围岩节理 裂隙发育-极发育，岩体破碎-极破碎，掌子面存在滴渗水-线状出水，其中 DyK1017+475 位置附近存在掉块坍塌、出水及卡机风险；DyK1017+490～ DyK1017+494 段围岩节理裂隙发育，岩体破碎，其中DyK1017+490 位置附 近存在掉块坍塌及卡机风险；DyK1017+494～DyK1017+500 段围岩节理裂 隙发育，岩体破碎，掌子面存在滴渗水-线状出水，其中DyK1017+497 位置 附近存在掉块坍塌、出水及卡机风险；DyK1017+500～DyK1017+509 段围,"[{'span_id': 'span_02d5f356f297e859', 'page_number': 10, 'bbox': None, 'raw_text': '（2）DyK1017+423～DyK1017+436 段围岩节理裂隙发育-极发育，岩体 破碎-极破碎，掌子面存在滴渗水，其中DyK1017+433 位置附近存在掉块坍 塌及卡机风险；DyK1017+447～DyK1017+454 段围岩节理裂隙发育-极发育， 岩体破碎-极破碎，掌子面存在线状出水，其中DyK1017+447 位置附近存在 掉块坍塌、出水及卡机风险；DyK1017+464～DyK1017+470 段围岩节理裂 隙发育，岩体破碎，掌子面存在线状出水，其中DyK1017+464 位置附近存 在掉块坍塌、出水及卡机风险；DyK1017+475～DyK1017+482 段围岩节理 裂隙发育-极发育，岩体破碎-极破碎，掌子面存在滴渗水-线状出水，其中 DyK1017+475 位置附近存在掉块坍塌、出水及卡机风险；DyK1017+490～ DyK1017+494 段围岩节理裂隙发育，岩体破碎，其中DyK1017+490 位置附 近存在掉块坍塌及卡机风险；DyK1017+494～DyK1017+500 段围岩节理裂 隙发育，岩体破碎，掌子面存在滴渗水-线状出水，其中DyK1017+497 位置 附近存在掉块坍塌、出水及卡机风险；DyK1017+500～DyK1017+509 段围', 'normalized_text': '（2）DyK1017+423～DyK1017+436 段围岩节理裂隙发育-极发育，岩体 破碎-极破碎，掌子面存在滴渗水，其中DyK1017+433 位置附近存在掉块坍 塌及卡机风险；DyK1017+447～DyK1017+454 段围岩节理裂隙发育-极发育， 岩体破碎-极破碎，掌子面存在线状出水，其中DyK1017+447 位置附近存在 掉块坍塌、出水及卡机风险；DyK1017+464～DyK1017+470 段围岩节理裂 隙发育，岩体破碎，掌子面存在线状出水，其中DyK1017+464 位置附近存 在掉块坍塌、出水及卡机风险；DyK1017+475～DyK1017+482 段围岩节理 裂隙发育-极发育，岩体破碎-极破碎，掌子面存在滴渗水-线状出水，其中 DyK1017+475 位置附近存在掉块坍塌、出水及卡机风险；DyK1017+490～ DyK1017+494 段围岩节理裂隙发育，岩体破碎，其中DyK1017+490 位置附 近存在掉块坍塌及卡机风险；DyK1017+494～DyK1017+500 段围岩节理裂 隙发育，岩体破碎，掌子面存在滴渗水-线状出水，其中DyK1017+497 位置 附近存在掉块坍塌、出水及卡机风险；DyK1017+500～DyK1017+509 段围', 'extraction_method': 'pymupdf_page_text', 'source_role': 'chapter_7_assertion', 'table_index': None, 'row_index': None, 'column_index': None}]",TSP_REPORT,"{'kind': <SpatialKind.INTERVAL: 'INTERVAL'>, 'start_chainage': 1017423.0, 'end_chainage': 1017436.0, 'raw_expression': 'DyK1017+423～DyK1017+436', 'basis': 'tsp_chapter_7_assertion'}"
assert_2c0dfc90800141d0,BLOCK_FALL_SUMMARY,doc_ffbefe95742f621fcb678877_a0003,ffbefe95742f621fcb678877,{'block_fall_or_collapse': '掉块风险'},[],CONSISTENT,['tblv2_7c7b2ac735bb772c'],doc_ffbefe95742f621fcb678877,DyK1017+423.00_伯舒拉岭隧道进口右线地震波反射法超前地质预报报告(DyK1017+423～DyK1017+523)-20241107.pdf,（2）DyK1017+423～DyK1017+436 段围岩节理裂隙发育-极发育，岩体 破碎-极破碎，掌子面存在滴渗水，其中DyK1017+433 位置附近存在掉块坍 塌及卡机风险；DyK1017+447～DyK1017+454 段围岩节理裂隙发育-极发育， 岩体破碎-极破碎，掌子面存在线状出水，其中DyK1017+447 位置附近存在 掉块坍塌、出水及卡机风险；DyK1017+464～DyK1017+470 段围岩节理裂 隙发育，岩体破碎，掌子面存在线状出水，其中DyK1017+464 位置附近存 在掉块坍塌、出水及卡机风险；DyK1017+475～DyK1017+482 段围岩节理 裂隙发育-极发育，岩体破碎-极破碎，掌子面存在滴渗水-线状出水，其中 DyK1017+475 位置附近存在掉块坍塌、出水及卡机风险；DyK1017+490～ DyK1017+494 段围岩节理裂隙发育，岩体破碎，其中DyK1017+490 位置附 近存在掉块坍塌及卡机风险；DyK1017+494～DyK1017+500 段围岩节理裂 隙发育，岩体破碎，掌子面存在滴渗水-线状出水，其中DyK1017+497 位置 附近存在掉块坍塌、出水及卡机风险；DyK1017+500～DyK1017+509 段围,"[{'span_id': 'span_02d5f356f297e859', 'page_number': 10, 'bbox': None, 'raw_text': '（2）DyK1017+423～DyK1017+436 段围岩节理裂隙发育-极发育，岩体 破碎-极破碎，掌子面存在滴渗水，其中DyK1017+433 位置附近存在掉块坍 塌及卡机风险；DyK1017+447～DyK1017+454 段围岩节理裂隙发育-极发育， 岩体破碎-极破碎，掌子面存在线状出水，其中DyK1017+447 位置附近存在 掉块坍塌、出水及卡机风险；DyK1017+464～DyK1017+470 段围岩节理裂 隙发育，岩体破碎，掌子面存在线状出水，其中DyK1017+464 位置附近存 在掉块坍塌、出水及卡机风险；DyK1017+475～DyK1017+482 段围岩节理 裂隙发育-极发育，岩体破碎-极破碎，掌子面存在滴渗水-线状出水，其中 DyK1017+475 位置附近存在掉块坍塌、出水及卡机风险；DyK1017+490～ DyK1017+494 段围岩节理裂隙发育，岩体破碎，其中DyK1017+490 位置附 近存在掉块坍塌及卡机风险；DyK1017+494～DyK1017+500 段围岩节理裂 隙发育，岩体破碎，掌子面存在滴渗水-线状出水，其中DyK1017+497 位置 附近存在掉块坍塌、出水及卡机风险；DyK1017+500～DyK1017+509 段围', 'normalized_text': '（2）DyK1017+423～DyK1017+436 段围岩节理裂隙发育-极发育，岩体 破碎-极破碎，掌子面存在滴渗水，其中DyK1017+433 位置附近存在掉块坍 塌及卡机风险；DyK1017+447～DyK1017+454 段围岩节理裂隙发育-极发育， 岩体破碎-极破碎，掌子面存在线状出水，其中DyK1017+447 位置附近存在 掉块坍塌、出水及卡机风险；DyK1017+464～DyK1017+470 段围岩节理裂 隙发育，岩体破碎，掌子面存在线状出水，其中DyK1017+464 位置附近存 在掉块坍塌、出水及卡机风险；DyK1017+475～DyK1017+482 段围岩节理 裂隙发育-极发育，岩体破碎-极破碎，掌子面存在滴渗水-线状出水，其中 DyK1017+475 位置附近存在掉块坍塌、出水及卡机风险；DyK1017+490～ DyK1017+494 段围岩节理裂隙发育，岩体破碎，其中DyK1017+490 位置附 近存在掉块坍塌及卡机风险；DyK1017+494～DyK1017+500 段围岩节理裂 隙发育，岩体破碎，掌子面存在滴渗水-线状出水，其中DyK1017+497 位置 附近存在掉块坍塌、出水及卡机风险；DyK1017+500～DyK1017+509 段围', 'extraction_method': 'pymupdf_page_text', 'source_role': 'chapter_7_assertion', 'table_index': None, 'row_index': None, 'column_index': None}]",TSP_REPORT,"{'kind': <SpatialKind.INTERVAL: 'INTERVAL'>, 'start_chainage': 1017447.0, 'end_chainage': 1017454.0, 'raw_expression': 'DyK1017+447～DyK1017+454', 'basis': 'tsp_chapter_7_assertion'}"
assert_2c43a26bc01b9494,BLOCK_FALL_SUMMARY,doc_ffbefe95742f621fcb678877_a0004,ffbefe95742f621fcb678877,{'block_fall_or_collapse': '掉块风险'},[],CONSISTENT,['tblv2_2a12dbdc5c21751f'],doc_ffbefe95742f621fcb678877,DyK1017+423.00_伯舒拉岭隧道进口右线地震波反射法超前地质预报报告(DyK1017+423～DyK1017+523)-20241107.pdf,（2）DyK1017+423～DyK1017+436 段围岩节理裂隙发育-极发育，岩体 破碎-极破碎，掌子面存在滴渗水，其中DyK1017+433 位置附近存在掉块坍 塌及卡机风险；DyK1017+447～DyK1017+454 段围岩节理裂隙发育-极发育， 岩体破碎-极破碎，掌子面存在线状出水，其中DyK1017+447 位置附近存在 掉块坍塌、出水及卡机风险；DyK1017+464～DyK1017+470 段围岩节理裂 隙发育，岩体破碎，掌子面存在线状出水，其中DyK1017+464 位置附近存 在掉块坍塌、出水及卡机风险；DyK1017+475～DyK1017+482 段围岩节理 裂隙发育-极发育，岩体破碎-极破碎，掌子面存在滴渗水-线状出水，其中 DyK1017+475 位置附近存在掉块坍塌、出水及卡机风险；DyK1017+490～ DyK1017+494 段围岩节理裂隙发育，岩体破碎，其中DyK1017+490 位置附 近存在掉块坍塌及卡机风险；DyK1017+494～DyK1017+500 段围岩节理裂 隙发育，岩体破碎，掌子面存在滴渗水-线状出水，其中DyK1017+497 位置 附近存在掉块坍塌、出水及卡机风险；DyK1017+500～DyK1017+509 段围,"[{'span_id': 'span_02d5f356f297e859', 'page_number': 10, 'bbox': None, 'raw_text': '（2）DyK1017+423～DyK1017+436 段围岩节理裂隙发育-极发育，岩体 破碎-极破碎，掌子面存在滴渗水，其中DyK1017+433 位置附近存在掉块坍 塌及卡机风险；DyK1017+447～DyK1017+454 段围岩节理裂隙发育-极发育， 岩体破碎-极破碎，掌子面存在线状出水，其中DyK1017+447 位置附近存在 掉块坍塌、出水及卡机风险；DyK1017+464～DyK1017+470 段围岩节理裂 隙发育，岩体破碎，掌子面存在线状出水，其中DyK1017+464 位置附近存 在掉块坍塌、出水及卡机风险；DyK1017+475～DyK1017+482 段围岩节理 裂隙发育-极发育，岩体破碎-极破碎，掌子面存在滴渗水-线状出水，其中 DyK1017+475 位置附近存在掉块坍塌、出水及卡机风险；DyK1017+490～ DyK1017+494 段围岩节理裂隙发育，岩体破碎，其中DyK1017+490 位置附 近存在掉块坍塌及卡机风险；DyK1017+494～DyK1017+500 段围岩节理裂 隙发育，岩体破碎，掌子面存在滴渗水-线状出水，其中DyK1017+497 位置 附近存在掉块坍塌、出水及卡机风险；DyK1017+500～DyK1017+509 段围', 'normalized_text': '（2）DyK1017+423～DyK1017+436 段围岩节理裂隙发育-极发育，岩体 破碎-极破碎，掌子面存在滴渗水，其中DyK1017+433 位置附近存在掉块坍 塌及卡机风险；DyK1017+447～DyK1017+454 段围岩节理裂隙发育-极发育， 岩体破碎-极破碎，掌子面存在线状出水，其中DyK1017+447 位置附近存在 掉块坍塌、出水及卡机风险；DyK1017+464～DyK1017+470 段围岩节理裂 隙发育，岩体破碎，掌子面存在线状出水，其中DyK1017+464 位置附近存 在掉块坍塌、出水及卡机风险；DyK1017+475～DyK1017+482 段围岩节理 裂隙发育-极发育，岩体破碎-极破碎，掌子面存在滴渗水-线状出水，其中 DyK1017+475 位置附近存在掉块坍塌、出水及卡机风险；DyK1017+490～ DyK1017+494 段围岩节理裂隙发育，岩体破碎，其中DyK1017+490 位置附 近存在掉块坍塌及卡机风险；DyK1017+494～DyK1017+500 段围岩节理裂 隙发育，岩体破碎，掌子面存在滴渗水-线状出水，其中DyK1017+497 位置 附近存在掉块坍塌、出水及卡机风险；DyK1017+500～DyK1017+509 段围', 'extraction_method': 'pymupdf_page_text', 'source_role': 'chapter_7_assertion', 'table_index': None, 'row_index': None, 'column_index': None}]",TSP_REPORT,"{'kind': <SpatialKind.INTERVAL: 'INTERVAL'>, 'start_chainage': 1017464.0, 'end_chainage': 1017470.0, 'raw_expression': 'DyK1017+464～DyK1017+470', 'basis': 'tsp_chapter_7_assertion'}"
assert_b89662f5f9561ee0,BLOCK_FALL_SUMMARY,doc_ffbefe95742f621fcb678877_a0005,ffbefe95742f621fcb678877,{'block_fall_or_collapse': '掉块风险'},[],CONSISTENT,['tblv2_fe93e108a444aacc'],doc_ffbefe95742f621fcb678877,DyK1017+423.00_伯舒拉岭隧道进口右线地震波反射法超前地质预报报告(DyK1017+423～DyK1017+523)-20241107.pdf,（2）DyK1017+423～DyK1017+436 段围岩节理裂隙发育-极发育，岩体 破碎-极破碎，掌子面存在滴渗水，其中DyK1017+433 位置附近存在掉块坍 塌及卡机风险；DyK1017+447～DyK1017+454 段围岩节理裂隙发育-极发育， 岩体破碎-极破碎，掌子面存在线状出水，其中DyK1017+447 位置附近存在 掉块坍塌、出水及卡机风险；DyK1017+464～DyK1017+470 段围岩节理裂 隙发育，岩体破碎，掌子面存在线状出水，其中DyK1017+464 位置附近存 在掉块坍塌、出水及卡机风险；DyK1017+475～DyK1017+482 段围岩节理 裂隙发育-极发育，岩体破碎-极破碎，掌子面存在滴渗水-线状出水，其中 DyK1017+475 位置附近存在掉块坍塌、出水及卡机风险；DyK1017+490～ DyK1017+494 段围岩节理裂隙发育，岩体破碎，其中DyK1017+490 位置附 近存在掉块坍塌及卡机风险；DyK1017+494～DyK1017+500 段围岩节理裂 隙发育，岩体破碎，掌子面存在滴渗水-线状出水，其中DyK1017+497 位置 附近存在掉块坍塌、出水及卡机风险；DyK1017+500～DyK1017+509 段围,"[{'span_id': 'span_02d5f356f297e859', 'page_number': 10, 'bbox': None, 'raw_text': '（2）DyK1017+423～DyK1017+436 段围岩节理裂隙发育-极发育，岩体 破碎-极破碎，掌子面存在滴渗水，其中DyK1017+433 位置附近存在掉块坍 塌及卡机风险；DyK1017+447～DyK1017+454 段围岩节理裂隙发育-极发育， 岩体破碎-极破碎，掌子面存在线状出水，其中DyK1017+447 位置附近存在 掉块坍塌、出水及卡机风险；DyK1017+464～DyK1017+470 段围岩节理裂 隙发育，岩体破碎，掌子面存在线状出水，其中DyK1017+464 位置附近存 在掉块坍塌、出水及卡机风险；DyK1017+475～DyK1017+482 段围岩节理 裂隙发育-极发育，岩体破碎-极破碎，掌子面存在滴渗水-线状出水，其中 DyK1017+475 位置附近存在掉块坍塌、出水及卡机风险；DyK1017+490～ DyK1017+494 段围岩节理裂隙发育，岩体破碎，其中DyK1017+490 位置附 近存在掉块坍塌及卡机风险；DyK1017+494～DyK1017+500 段围岩节理裂 隙发育，岩体破碎，掌子面存在滴渗水-线状出水，其中DyK1017+497 位置 附近存在掉块坍塌、出水及卡机风险；DyK1017+500～DyK1017+509 段围', 'normalized_text': '（2）DyK1017+423～DyK1017+436 段围岩节理裂隙发育-极发育，岩体 破碎-极破碎，掌子面存在滴渗水，其中DyK1017+433 位置附近存在掉块坍 塌及卡机风险；DyK1017+447～DyK1017+454 段围岩节理裂隙发育-极发育， 岩体破碎-极破碎，掌子面存在线状出水，其中DyK1017+447 位置附近存在 掉块坍塌、出水及卡机风险；DyK1017+464～DyK1017+470 段围岩节理裂 隙发育，岩体破碎，掌子面存在线状出水，其中DyK1017+464 位置附近存 在掉块坍塌、出水及卡机风险；DyK1017+475～DyK1017+482 段围岩节理 裂隙发育-极发育，岩体破碎-极破碎，掌子面存在滴渗水-线状出水，其中 DyK1017+475 位置附近存在掉块坍塌、出水及卡机风险；DyK1017+490～ DyK1017+494 段围岩节理裂隙发育，岩体破碎，其中DyK1017+490 位置附 近存在掉块坍塌及卡机风险；DyK1017+494～DyK1017+500 段围岩节理裂 隙发育，岩体破碎，掌子面存在滴渗水-线状出水，其中DyK1017+497 位置 附近存在掉块坍塌、出水及卡机风险；DyK1017+500～DyK1017+509 段围', 'extraction_method': 'pymupdf_page_text', 'source_role': 'chapter_7_assertion', 'table_index': None, 'row_index': None, 'column_index': None}]",TSP_REPORT,"{'kind': <SpatialKind.INTERVAL: 'INTERVAL'>, 'start_chainage': 1017475.0, 'end_chainage': 1017482.0, 'raw_expression': 'DyK1017+475～DyK1017+482', 'basis': 'tsp_chapter_7_assertion'}"
assert_55797d75f1d43690,BLOCK_FALL_SUMMARY,doc_ffbefe95742f621fcb678877_a0006,ffbefe95742f621fcb678877,{'block_fall_or_collapse': '掉块风险'},[],CONSISTENT,['tblv2_39b5043b11a5c3c6'],doc_ffbefe95742f621fcb678877,DyK1017+423.00_伯舒拉岭隧道进口右线地震波反射法超前地质预报报告(DyK1017+423～DyK1017+523)-20241107.pdf,（2）DyK1017+423～DyK1017+436 段围岩节理裂隙发育-极发育，岩体 破碎-极破碎，掌子面存在滴渗水，其中DyK1017+433 位置附近存在掉块坍 塌及卡机风险；DyK1017+447～DyK1017+454 段围岩节理裂隙发育-极发育， 岩体破碎-极破碎，掌子面存在线状出水，其中DyK1017+447 位置附近存在 掉块坍塌、出水及卡机风险；DyK1017+464～DyK1017+470 段围岩节理裂 隙发育，岩体破碎，掌子面存在线状出水，其中DyK1017+464 位置附近存 在掉块坍塌、出水及卡机风险；DyK1017+475～DyK1017+482 段围岩节理 裂隙发育-极发育，岩体破碎-极破碎，掌子面存在滴渗水-线状出水，其中 DyK1017+475 位置附近存在掉块坍塌、出水及卡机风险；DyK1017+490～ DyK1017+494 段围岩节理裂隙发育，岩体破碎，其中DyK1017+490 位置附 近存在掉块坍塌及卡机风险；DyK1017+494～DyK1017+500 段围岩节理裂 隙发育，岩体破碎，掌子面存在滴渗水-线状出水，其中DyK1017+497 位置 附近存在掉块坍塌、出水及卡机风险；DyK1017+500～DyK1017+509 段围,"[{'span_id': 'span_02d5f356f297e859', 'page_number': 10, 'bbox': None, 'raw_text': '（2）DyK1017+423～DyK1017+436 段围岩节理裂隙发育-极发育，岩体 破碎-极破碎，掌子面存在滴渗水，其中DyK1017+433 位置附近存在掉块坍 塌及卡机风险；DyK1017+447～DyK1017+454 段围岩节理裂隙发育-极发育， 岩体破碎-极破碎，掌子面存在线状出水，其中DyK1017+447 位置附近存在 掉块坍塌、出水及卡机风险；DyK1017+464～DyK1017+470 段围岩节理裂 隙发育，岩体破碎，掌子面存在线状出水，其中DyK1017+464 位置附近存 在掉块坍塌、出水及卡机风险；DyK1017+475～DyK1017+482 段围岩节理 裂隙发育-极发育，岩体破碎-极破碎，掌子面存在滴渗水-线状出水，其中 DyK1017+475 位置附近存在掉块坍塌、出水及卡机风险；DyK1017+490～ DyK1017+494 段围岩节理裂隙发育，岩体破碎，其中DyK1017+490 位置附 近存在掉块坍塌及卡机风险；DyK1017+494～DyK1017+500 段围岩节理裂 隙发育，岩体破碎，掌子面存在滴渗水-线状出水，其中DyK1017+497 位置 附近存在掉块坍塌、出水及卡机风险；DyK1017+500～DyK1017+509 段围', 'normalized_text': '（2）DyK1017+423～DyK1017+436 段围岩节理裂隙发育-极发育，岩体 破碎-极破碎，掌子面存在滴渗水，其中DyK1017+433 位置附近存在掉块坍 塌及卡机风险；DyK1017+447～DyK1017+454 段围岩节理裂隙发育-极发育， 岩体破碎-极破碎，掌子面存在线状出水，其中DyK1017+447 位置附近存在 掉块坍塌、出水及卡机风险；DyK1017+464～DyK1017+470 段围岩节理裂 隙发育，岩体破碎，掌子面存在线状出水，其中DyK1017+464 位置附近存 在掉块坍塌、出水及卡机风险；DyK1017+475～DyK1017+482 段围岩节理 裂隙发育-极发育，岩体破碎-极破碎，掌子面存在滴渗水-线状出水，其中 DyK1017+475 位置附近存在掉块坍塌、出水及卡机风险；DyK1017+490～ DyK1017+494 段围岩节理裂隙发育，岩体破碎，其中DyK1017+490 位置附 近存在掉块坍塌及卡机风险；DyK1017+494～DyK1017+500 段围岩节理裂 隙发育，岩体破碎，掌子面存在滴渗水-线状出水，其中DyK1017+497 位置 附近存在掉块坍塌、出水及卡机风险；DyK1017+500～DyK1017+509 段围', 'extraction_method': 'pymupdf_page_text', 'source_role': 'chapter_7_assertion', 'table_index': None, 'row_index': None, 'column_index': None}]",TSP_REPORT,"{'kind': <SpatialKind.INTERVAL: 'INTERVAL'>, 'start_chainage': 1017490.0, 'end_chainage': 1017494.0, 'raw_expression': 'DyK1017+490～ DyK1017+494', 'basis': 'tsp_chapter_7_assertion'}"
assert_0c9cbcdb1fe0ac56,BLOCK_FALL_SUMMARY,doc_ffbefe95742f621fcb678877_a0007,ffbefe95742f621fcb678877,{'block_fall_or_collapse': '掉块风险'},[],CONSISTENT,['tblv2_f8a000a6910a514e'],doc_ffbefe95742f621fcb678877,DyK1017+423.00_伯舒拉岭隧道进口右线地震波反射法超前地质预报报告(DyK1017+423～DyK1017+523)-20241107.pdf,（2）DyK1017+423～DyK1017+436 段围岩节理裂隙发育-极发育，岩体 破碎-极破碎，掌子面存在滴渗水，其中DyK1017+433 位置附近存在掉块坍 塌及卡机风险；DyK1017+447～DyK1017+454 段围岩节理裂隙发育-极发育， 岩体破碎-极破碎，掌子面存在线状出水，其中DyK1017+447 位置附近存在 掉块坍塌、出水及卡机风险；DyK1017+464～DyK1017+470 段围岩节理裂 隙发育，岩体破碎，掌子面存在线状出水，其中DyK1017+464 位置附近存 在掉块坍塌、出水及卡机风险；DyK1017+475～DyK1017+482 段围岩节理 裂隙发育-极发育，岩体破碎-极破碎，掌子面存在滴渗水-线状出水，其中 DyK1017+475 位置附近存在掉块坍塌、出水及卡机风险；DyK1017+490～ DyK1017+494 段围岩节理裂隙发育，岩体破碎，其中DyK1017+490 位置附 近存在掉块坍塌及卡机风险；DyK1017+494～DyK1017+500 段围岩节理裂 隙发育，岩体破碎，掌子面存在滴渗水-线状出水，其中DyK1017+497 位置 附近存在掉块坍塌、出水及卡机风险；DyK1017+500～DyK1017+509 段围,"[{'span_id': 'span_02d5f356f297e859', 'page_number': 10, 'bbox': None, 'raw_text': '（2）DyK1017+423～DyK1017+436 段围岩节理裂隙发育-极发育，岩体 破碎-极破碎，掌子面存在滴渗水，其中DyK1017+433 位置附近存在掉块坍 塌及卡机风险；DyK1017+447～DyK1017+454 段围岩节理裂隙发育-极发育， 岩体破碎-极破碎，掌子面存在线状出水，其中DyK1017+447 位置附近存在 掉块坍塌、出水及卡机风险；DyK1017+464～DyK1017+470 段围岩节理裂 隙发育，岩体破碎，掌子面存在线状出水，其中DyK1017+464 位置附近存 在掉块坍塌、出水及卡机风险；DyK1017+475～DyK1017+482 段围岩节理 裂隙发育-极发育，岩体破碎-极破碎，掌子面存在滴渗水-线状出水，其中 DyK1017+475 位置附近存在掉块坍塌、出水及卡机风险；DyK1017+490～ DyK1017+494 段围岩节理裂隙发育，岩体破碎，其中DyK1017+490 位置附 近存在掉块坍塌及卡机风险；DyK1017+494～DyK1017+500 段围岩节理裂 隙发育，岩体破碎，掌子面存在滴渗水-线状出水，其中DyK1017+497 位置 附近存在掉块坍塌、出水及卡机风险；DyK1017+500～DyK1017+509 段围', 'normalized_text': '（2）DyK1017+423～DyK1017+436 段围岩节理裂隙发育-极发育，岩体 破碎-极破碎，掌子面存在滴渗水，其中DyK1017+433 位置附近存在掉块坍 塌及卡机风险；DyK1017+447～DyK1017+454 段围岩节理裂隙发育-极发育， 岩体破碎-极破碎，掌子面存在线状出水，其中DyK1017+447 位置附近存在 掉块坍塌、出水及卡机风险；DyK1017+464～DyK1017+470 段围岩节理裂 隙发育，岩体破碎，掌子面存在线状出水，其中DyK1017+464 位置附近存 在掉块坍塌、出水及卡机风险；DyK1017+475～DyK1017+482 段围岩节理 裂隙发育-极发育，岩体破碎-极破碎，掌子面存在滴渗水-线状出水，其中 DyK1017+475 位置附近存在掉块坍塌、出水及卡机风险；DyK1017+490～ DyK1017+494 段围岩节理裂隙发育，岩体破碎，其中DyK1017+490 位置附 近存在掉块坍塌及卡机风险；DyK1017+494～DyK1017+500 段围岩节理裂 隙发育，岩体破碎，掌子面存在滴渗水-线状出水，其中DyK1017+497 位置 附近存在掉块坍塌、出水及卡机风险；DyK1017+500～DyK1017+509 段围', 'extraction_method': 'pymupdf_page_text', 'source_role': 'chapter_7_assertion', 'table_index': None, 'row_index': None, 'column_index': None}]",TSP_REPORT,"{'kind': <SpatialKind.INTERVAL: 'INTERVAL'>, 'start_chainage': 1017494.0, 'end_chainage': 1017500.0, 'raw_expression': 'DyK1017+494～DyK1017+500', 'basis': 'tsp_chapter_7_assertion'}"
assert_faa30c3378b5b1a2,BLOCK_FALL_SUMMARY,doc_ffbefe95742f621fcb678877_a0008,ffbefe95742f621fcb678877,{'block_fall_or_collapse': '掉块风险'},[],CONSISTENT,['tblv2_8dffd892c9be0bfa'],doc_ffbefe95742f621fcb678877,DyK1017+423.00_伯舒拉岭隧道进口右线地震波反射法超前地质预报报告(DyK1017+423～DyK1017+523)-20241107.pdf,（2）DyK1017+423～DyK1017+436 段围岩节理裂隙发育-极发育，岩体 破碎-极破碎，掌子面存在滴渗水，其中DyK1017+433 位置附近存在掉块坍 塌及卡机风险；DyK1017+447～DyK1017+454 段围岩节理裂隙发育-极发育， 岩体破碎-极破碎，掌子面存在线状出水，其中DyK1017+447 位置附近存在 掉块坍塌、出水及卡机风险；DyK1017+464～DyK1017+470 段围岩节理裂 隙发育，岩体破碎，掌子面存在线状出水，其中DyK1017+464 位置附近存 在掉块坍塌、出水及卡机风险；DyK1017+475～DyK1017+482 段围岩节理 裂隙发育-极发育，岩体破碎-极破碎，掌子面存在滴渗水-线状出水，其中 DyK1017+475 位置附近存在掉块坍塌、出水及卡机风险；DyK1017+490～ DyK1017+494 段围岩节理裂隙发育，岩体破碎，其中DyK1017+490 位置附 近存在掉块坍塌及卡机风险；DyK1017+494～DyK1017+500 段围岩节理裂 隙发育，岩体破碎，掌子面存在滴渗水-线状出水，其中DyK1017+497 位置 附近存在掉块坍塌、出水及卡机风险；DyK1017+500～DyK1017+509 段围,"[{'span_id': 'span_02d5f356f297e859', 'page_number': 10, 'bbox': None, 'raw_text': '（2）DyK1017+423～DyK1017+436 段围岩节理裂隙发育-极发育，岩体 破碎-极破碎，掌子面存在滴渗水，其中DyK1017+433 位置附近存在掉块坍 塌及卡机风险；DyK1017+447～DyK1017+454 段围岩节理裂隙发育-极发育， 岩体破碎-极破碎，掌子面存在线状出水，其中DyK1017+447 位置附近存在 掉块坍塌、出水及卡机风险；DyK1017+464～DyK1017+470 段围岩节理裂 隙发育，岩体破碎，掌子面存在线状出水，其中DyK1017+464 位置附近存 在掉块坍塌、出水及卡机风险；DyK1017+475～DyK1017+482 段围岩节理 裂隙发育-极发育，岩体破碎-极破碎，掌子面存在滴渗水-线状出水，其中 DyK1017+475 位置附近存在掉块坍塌、出水及卡机风险；DyK1017+490～ DyK1017+494 段围岩节理裂隙发育，岩体破碎，其中DyK1017+490 位置附 近存在掉块坍塌及卡机风险；DyK1017+494～DyK1017+500 段围岩节理裂 隙发育，岩体破碎，掌子面存在滴渗水-线状出水，其中DyK1017+497 位置 附近存在掉块坍塌、出水及卡机风险；DyK1017+500～DyK1017+509 段围', 'normalized_text': '（2）DyK1017+423～DyK1017+436 段围岩节理裂隙发育-极发育，岩体 破碎-极破碎，掌子面存在滴渗水，其中DyK1017+433 位置附近存在掉块坍 塌及卡机风险；DyK1017+447～DyK1017+454 段围岩节理裂隙发育-极发育， 岩体破碎-极破碎，掌子面存在线状出水，其中DyK1017+447 位置附近存在 掉块坍塌、出水及卡机风险；DyK1017+464～DyK1017+470 段围岩节理裂 隙发育，岩体破碎，掌子面存在线状出水，其中DyK1017+464 位置附近存 在掉块坍塌、出水及卡机风险；DyK1017+475～DyK1017+482 段围岩节理 裂隙发育-极发育，岩体破碎-极破碎，掌子面存在滴渗水-线状出水，其中 DyK1017+475 位置附近存在掉块坍塌、出水及卡机风险；DyK1017+490～ DyK1017+494 段围岩节理裂隙发育，岩体破碎，其中DyK1017+490 位置附 近存在掉块坍塌及卡机风险；DyK1017+494～DyK1017+500 段围岩节理裂 隙发育，岩体破碎，掌子面存在滴渗水-线状出水，其中DyK1017+497 位置 附近存在掉块坍塌、出水及卡机风险；DyK1017+500～DyK1017+509 段围', 'extraction_method': 'pymupdf_page_text', 'source_role': 'chapter_7_assertion', 'table_index': None, 'row_index': None, 'column_index': None}]",TSP_REPORT,"{'kind': <SpatialKind.INTERVAL: 'INTERVAL'>, 'start_chainage': 1017500.0, 'end_chainage': 1017509.0, 'raw_expression': 'DyK1017+500～DyK1017+509', 'basis': 'tsp_chapter_7_assertion'}"
assert_431407226e6d4202,WATER_SUMMARY,doc_ffbefe95742f621fcb678877_a0009,ffbefe95742f621fcb678877,{'water_type': '滴渗水'},[],CONSISTENT,['tblv2_f8a8f297cf92a9b7'],doc_ffbefe95742f621fcb678877,DyK1017+423.00_伯舒拉岭隧道进口右线地震波反射法超前地质预报报告(DyK1017+423～DyK1017+523)-20241107.pdf,（2）DyK1017+423～DyK1017+436 段围岩节理裂隙发育-极发育，岩体 破碎-极破碎，掌子面存在滴渗水，其中DyK1017+433 位置附近存在掉块坍 塌及卡机风险,"[{'span_id': 'span_18801004b2529787', 'page_number': 10, 'bbox': None, 'raw_text': '（2）DyK1017+423～DyK1017+436 段围岩节理裂隙发育-极发育，岩体 破碎-极破碎，掌子面存在滴渗水，其中DyK1017+433 位置附近存在掉块坍 塌及卡机风险', 'normalized_text': '（2）DyK1017+423～DyK1017+436 段围岩节理裂隙发育-极发育，岩体 破碎-极破碎，掌子面存在滴渗水，其中DyK1017+433 位置附近存在掉块坍 塌及卡机风险', 'extraction_method': 'pymupdf_page_text', 'source_role': 'chapter_7_assertion', 'table_index': None, 'row_index': None, 'column_index': None}]",TSP_REPORT,"{'kind': <SpatialKind.INTERVAL: 'INTERVAL'>, 'start_chainage': 1017423.0, 'end_chainage': 1017436.0, 'raw_expression': 'DyK1017+423～DyK1017+436', 'basis': 'tsp_chapter_7_assertion'}"
assert_f0191977d1bf9f2f,WATER_SUMMARY,doc_ffbefe95742f621fcb678877_a0010,ffbefe95742f621fcb678877,{'water_type': '线状出水'},[],CONSISTENT,['tblv2_7c7b2ac735bb772c'],doc_ffbefe95742f621fcb678877,DyK1017+423.00_伯舒拉岭隧道进口右线地震波反射法超前地质预报报告(DyK1017+423～DyK1017+523)-20241107.pdf,DyK1017+447～DyK1017+454 段围岩节理裂隙发育-极发育， 岩体破碎-极破碎，掌子面存在线状出水，其中DyK1017+447 位置附近存在 掉块坍塌、出水及卡机风险,"[{'span_id': 'span_5e113e7a73c809e1', 'page_number': 10, 'bbox': None, 'raw_text': 'DyK1017+447～DyK1017+454 段围岩节理裂隙发育-极发育， 岩体破碎-极破碎，掌子面存在线状出水，其中DyK1017+447 位置附近存在 掉块坍塌、出水及卡机风险', 'normalized_text': 'DyK1017+447～DyK1017+454 段围岩节理裂隙发育-极发育， 岩体破碎-极破碎，掌子面存在线状出水，其中DyK1017+447 位置附近存在 掉块坍塌、出水及卡机风险', 'extraction_method': 'pymupdf_page_text', 'source_role': 'chapter_7_assertion', 'table_index': None, 'row_index': None, 'column_index': None}]",TSP_REPORT,"{'kind': <SpatialKind.INTERVAL: 'INTERVAL'>, 'start_chainage': 1017447.0, 'end_chainage': 1017454.0, 'raw_expression': 'DyK1017+447～DyK1017+454', 'basis': 'tsp_chapter_7_assertion'}"
assert_bcccbaa17110442c,WATER_SUMMARY,doc_ffbefe95742f621fcb678877_a0011,ffbefe95742f621fcb678877,{'water_type': '线状出水'},[],CONSISTENT,['tblv2_2a12dbdc5c21751f'],doc_ffbefe95742f621fcb678877,DyK1017+423.00_伯舒拉岭隧道进口右线地震波反射法超前地质预报报告(DyK1017+423～DyK1017+523)-20241107.pdf,DyK1017+464～DyK1017+470 段围岩节理裂 隙发育，岩体破碎，掌子面存在线状出水，其中DyK1017+464 位置附近存 在掉块坍塌、出水及卡机风险,"[{'span_id': 'span_7e517c069e3bce9c', 'page_number': 10, 'bbox': None, 'raw_text': 'DyK1017+464～DyK1017+470 段围岩节理裂 隙发育，岩体破碎，掌子面存在线状出水，其中DyK1017+464 位置附近存 在掉块坍塌、出水及卡机风险', 'normalized_text': 'DyK1017+464～DyK1017+470 段围岩节理裂 隙发育，岩体破碎，掌子面存在线状出水，其中DyK1017+464 位置附近存 在掉块坍塌、出水及卡机风险', 'extraction_method': 'pymupdf_page_text', 'source_role': 'chapter_7_assertion', 'table_index': None, 'row_index': None, 'column_index': None}]",TSP_REPORT,"{'kind': <SpatialKind.INTERVAL: 'INTERVAL'>, 'start_chainage': 1017464.0, 'end_chainage': 1017470.0, 'raw_expression': 'DyK1017+464～DyK1017+470', 'basis': 'tsp_chapter_7_assertion'}"
assert_bc0664d7c907b23c,WATER_SUMMARY,doc_ffbefe95742f621fcb678877_a0012,ffbefe95742f621fcb678877,{'water_type': '滴渗水-线状出水'},[],CONSISTENT,['tblv2_fe93e108a444aacc'],doc_ffbefe95742f621fcb678877,DyK1017+423.00_伯舒拉岭隧道进口右线地震波反射法超前地质预报报告(DyK1017+423～DyK1017+523)-20241107.pdf,DyK1017+475～DyK1017+482 段围岩节理 裂隙发育-极发育，岩体破碎-极破碎，掌子面存在滴渗水-线状出水，其中 DyK1017+475 位置附近存在掉块坍塌、出水及卡机风险,"[{'span_id': 'span_f44e5fd0d8fdc88c', 'page_number': 10, 'bbox': None, 'raw_text': 'DyK1017+475～DyK1017+482 段围岩节理 裂隙发育-极发育，岩体破碎-极破碎，掌子面存在滴渗水-线状出水，其中 DyK1017+475 位置附近存在掉块坍塌、出水及卡机风险', 'normalized_text': 'DyK1017+475～DyK1017+482 段围岩节理 裂隙发育-极发育，岩体破碎-极破碎，掌子面存在滴渗水-线状出水，其中 DyK1017+475 位置附近存在掉块坍塌、出水及卡机风险', 'extraction_method': 'pymupdf_page_text', 'source_role': 'chapter_7_assertion', 'table_index': None, 'row_index': None, 'column_index': None}]",TSP_REPORT,"{'kind': <SpatialKind.INTERVAL: 'INTERVAL'>, 'start_chainage': 1017475.0, 'end_chainage': 1017482.0, 'raw_expression': 'DyK1017+475～DyK1017+482', 'basis': 'tsp_chapter_7_assertion'}"
assert_011695b949931291,WATER_SUMMARY,doc_ffbefe95742f621fcb678877_a0013,ffbefe95742f621fcb678877,{'water_type': '滴渗水-线状出水'},[],CONSISTENT,['tblv2_f8a000a6910a514e'],doc_ffbefe95742f621fcb678877,DyK1017+423.00_伯舒拉岭隧道进口右线地震波反射法超前地质预报报告(DyK1017+423～DyK1017+523)-20241107.pdf,DyK1017+494～DyK1017+500 段围岩节理裂 隙发育，岩体破碎，掌子面存在滴渗水-线状出水，其中DyK1017+497 位置 附近存在掉块坍塌、出水及卡机风险,"[{'span_id': 'span_01a83bea1bae778b', 'page_number': 10, 'bbox': None, 'raw_text': 'DyK1017+494～DyK1017+500 段围岩节理裂 隙发育，岩体破碎，掌子面存在滴渗水-线状出水，其中DyK1017+497 位置 附近存在掉块坍塌、出水及卡机风险', 'normalized_text': 'DyK1017+494～DyK1017+500 段围岩节理裂 隙发育，岩体破碎，掌子面存在滴渗水-线状出水，其中DyK1017+497 位置 附近存在掉块坍塌、出水及卡机风险', 'extraction_method': 'pymupdf_page_text', 'source_role': 'chapter_7_assertion', 'table_index': None, 'row_index': None, 'column_index': None}]",TSP_REPORT,"{'kind': <SpatialKind.INTERVAL: 'INTERVAL'>, 'start_chainage': 1017494.0, 'end_chainage': 1017500.0, 'raw_expression': 'DyK1017+494～DyK1017+500', 'basis': 'tsp_chapter_7_assertion'}"
assert_da3653017c319f95,RISK_SUMMARY,doc_ffbefe95742f621fcb678877_a0014,ffbefe95742f621fcb678877,"{'risk_categories': ['掉块', '卡机'], 'source_risk_text': '（2）DyK1017+423～DyK1017+436 段围岩节理裂隙发育-极发育，岩体 破碎-极破碎，掌子面存在滴渗水，其中DyK1017+433 位置附近存在掉块坍 塌及卡机风险'}",[],CONSISTENT,['tblv2_f8a8f297cf92a9b7'],doc_ffbefe95742f621fcb678877,DyK1017+423.00_伯舒拉岭隧道进口右线地震波反射法超前地质预报报告(DyK1017+423～DyK1017+523)-20241107.pdf,（2）DyK1017+423～DyK1017+436 段围岩节理裂隙发育-极发育，岩体 破碎-极破碎，掌子面存在滴渗水，其中DyK1017+433 位置附近存在掉块坍 塌及卡机风险,"[{'span_id': 'span_18801004b2529787', 'page_number': 10, 'bbox': None, 'raw_text': '（2）DyK1017+423～DyK1017+436 段围岩节理裂隙发育-极发育，岩体 破碎-极破碎，掌子面存在滴渗水，其中DyK1017+433 位置附近存在掉块坍 塌及卡机风险', 'normalized_text': '（2）DyK1017+423～DyK1017+436 段围岩节理裂隙发育-极发育，岩体 破碎-极破碎，掌子面存在滴渗水，其中DyK1017+433 位置附近存在掉块坍 塌及卡机风险', 'extraction_method': 'pymupdf_page_text', 'source_role': 'chapter_7_assertion', 'table_index': None, 'row_index': None, 'column_index': None}]",TSP_REPORT,"{'kind': <SpatialKind.INTERVAL: 'INTERVAL'>, 'start_chainage': 1017423.0, 'end_chainage': 1017436.0, 'raw_expression': 'DyK1017+423～DyK1017+436', 'basis': 'tsp_chapter_7_assertion'}"
assert_2a56c5ea7901a9e8,RISK_SUMMARY,doc_ffbefe95742f621fcb678877_a0015,ffbefe95742f621fcb678877,"{'risk_categories': ['掉块', '坍塌', '出水', '卡机'], 'source_risk_text': 'DyK1017+447～DyK1017+454 段围岩节理裂隙发育-极发育， 岩体破碎-极破碎，掌子面存在线状出水，其中DyK1017+447 位置附近存在 掉块坍塌、出水及卡机风险'}",[],CONSISTENT,['tblv2_7c7b2ac735bb772c'],doc_ffbefe95742f621fcb678877,DyK1017+423.00_伯舒拉岭隧道进口右线地震波反射法超前地质预报报告(DyK1017+423～DyK1017+523)-20241107.pdf,DyK1017+447～DyK1017+454 段围岩节理裂隙发育-极发育， 岩体破碎-极破碎，掌子面存在线状出水，其中DyK1017+447 位置附近存在 掉块坍塌、出水及卡机风险,"[{'span_id': 'span_5e113e7a73c809e1', 'page_number': 10, 'bbox': None, 'raw_text': 'DyK1017+447～DyK1017+454 段围岩节理裂隙发育-极发育， 岩体破碎-极破碎，掌子面存在线状出水，其中DyK1017+447 位置附近存在 掉块坍塌、出水及卡机风险', 'normalized_text': 'DyK1017+447～DyK1017+454 段围岩节理裂隙发育-极发育， 岩体破碎-极破碎，掌子面存在线状出水，其中DyK1017+447 位置附近存在 掉块坍塌、出水及卡机风险', 'extraction_method': 'pymupdf_page_text', 'source_role': 'chapter_7_assertion', 'table_index': None, 'row_index': None, 'column_index': None}]",TSP_REPORT,"{'kind': <SpatialKind.INTERVAL: 'INTERVAL'>, 'start_chainage': 1017447.0, 'end_chainage': 1017454.0, 'raw_expression': 'DyK1017+447～DyK1017+454', 'basis': 'tsp_chapter_7_assertion'}"
assert_760b52d1bf653950,RISK_SUMMARY,doc_ffbefe95742f621fcb678877_a0016,ffbefe95742f621fcb678877,"{'risk_categories': ['掉块', '坍塌', '出水', '卡机'], 'source_risk_text': 'DyK1017+464～DyK1017+470 段围岩节理裂 隙发育，岩体破碎，掌子面存在线状出水，其中DyK1017+464 位置附近存 在掉块坍塌、出水及卡机风险'}",[],CONSISTENT,['tblv2_2a12dbdc5c21751f'],doc_ffbefe95742f621fcb678877,DyK1017+423.00_伯舒拉岭隧道进口右线地震波反射法超前地质预报报告(DyK1017+423～DyK1017+523)-20241107.pdf,DyK1017+464～DyK1017+470 段围岩节理裂 隙发育，岩体破碎，掌子面存在线状出水，其中DyK1017+464 位置附近存 在掉块坍塌、出水及卡机风险,"[{'span_id': 'span_7e517c069e3bce9c', 'page_number': 10, 'bbox': None, 'raw_text': 'DyK1017+464～DyK1017+470 段围岩节理裂 隙发育，岩体破碎，掌子面存在线状出水，其中DyK1017+464 位置附近存 在掉块坍塌、出水及卡机风险', 'normalized_text': 'DyK1017+464～DyK1017+470 段围岩节理裂 隙发育，岩体破碎，掌子面存在线状出水，其中DyK1017+464 位置附近存 在掉块坍塌、出水及卡机风险', 'extraction_method': 'pymupdf_page_text', 'source_role': 'chapter_7_assertion', 'table_index': None, 'row_index': None, 'column_index': None}]",TSP_REPORT,"{'kind': <SpatialKind.INTERVAL: 'INTERVAL'>, 'start_chainage': 1017464.0, 'end_chainage': 1017470.0, 'raw_expression': 'DyK1017+464～DyK1017+470', 'basis': 'tsp_chapter_7_assertion'}"
assert_fa08e1a17c7be68f,RISK_SUMMARY,doc_ffbefe95742f621fcb678877_a0017,ffbefe95742f621fcb678877,"{'risk_categories': ['掉块', '坍塌', '出水', '卡机'], 'source_risk_text': 'DyK1017+475～DyK1017+482 段围岩节理 裂隙发育-极发育，岩体破碎-极破碎，掌子面存在滴渗水-线状出水，其中 DyK1017+475 位置附近存在掉块坍塌、出水及卡机风险'}",[],CONSISTENT,['tblv2_fe93e108a444aacc'],doc_ffbefe95742f621fcb678877,DyK1017+423.00_伯舒拉岭隧道进口右线地震波反射法超前地质预报报告(DyK1017+423～DyK1017+523)-20241107.pdf,DyK1017+475～DyK1017+482 段围岩节理 裂隙发育-极发育，岩体破碎-极破碎，掌子面存在滴渗水-线状出水，其中 DyK1017+475 位置附近存在掉块坍塌、出水及卡机风险,"[{'span_id': 'span_f44e5fd0d8fdc88c', 'page_number': 10, 'bbox': None, 'raw_text': 'DyK1017+475～DyK1017+482 段围岩节理 裂隙发育-极发育，岩体破碎-极破碎，掌子面存在滴渗水-线状出水，其中 DyK1017+475 位置附近存在掉块坍塌、出水及卡机风险', 'normalized_text': 'DyK1017+475～DyK1017+482 段围岩节理 裂隙发育-极发育，岩体破碎-极破碎，掌子面存在滴渗水-线状出水，其中 DyK1017+475 位置附近存在掉块坍塌、出水及卡机风险', 'extraction_method': 'pymupdf_page_text', 'source_role': 'chapter_7_assertion', 'table_index': None, 'row_index': None, 'column_index': None}]",TSP_REPORT,"{'kind': <SpatialKind.INTERVAL: 'INTERVAL'>, 'start_chainage': 1017475.0, 'end_chainage': 1017482.0, 'raw_expression': 'DyK1017+475～DyK1017+482', 'basis': 'tsp_chapter_7_assertion'}"
assert_ffa7f3cc111c80e9,RISK_SUMMARY,doc_ffbefe95742f621fcb678877_a0018,ffbefe95742f621fcb678877,"{'risk_categories': ['掉块', '坍塌', '卡机'], 'source_risk_text': 'DyK1017+490～ DyK1017+494 段围岩节理裂隙发育，岩体破碎，其中DyK1017+490 位置附 近存在掉块坍塌及卡机风险'}",[],CONSISTENT,['tblv2_39b5043b11a5c3c6'],doc_ffbefe95742f621fcb678877,DyK1017+423.00_伯舒拉岭隧道进口右线地震波反射法超前地质预报报告(DyK1017+423～DyK1017+523)-20241107.pdf,DyK1017+490～ DyK1017+494 段围岩节理裂隙发育，岩体破碎，其中DyK1017+490 位置附 近存在掉块坍塌及卡机风险,"[{'span_id': 'span_b3d04d07c3034aea', 'page_number': 10, 'bbox': None, 'raw_text': 'DyK1017+490～ DyK1017+494 段围岩节理裂隙发育，岩体破碎，其中DyK1017+490 位置附 近存在掉块坍塌及卡机风险', 'normalized_text': 'DyK1017+490～ DyK1017+494 段围岩节理裂隙发育，岩体破碎，其中DyK1017+490 位置附 近存在掉块坍塌及卡机风险', 'extraction_method': 'pymupdf_page_text', 'source_role': 'chapter_7_assertion', 'table_index': None, 'row_index': None, 'column_index': None}]",TSP_REPORT,"{'kind': <SpatialKind.INTERVAL: 'INTERVAL'>, 'start_chainage': 1017490.0, 'end_chainage': 1017494.0, 'raw_expression': 'DyK1017+490～ DyK1017+494', 'basis': 'tsp_chapter_7_assertion'}"
assert_5cc6ccbfc318604e,RISK_SUMMARY,doc_ffbefe95742f621fcb678877_a0019,ffbefe95742f621fcb678877,"{'risk_categories': ['掉块', '坍塌', '出水', '卡机'], 'source_risk_text': 'DyK1017+494～DyK1017+500 段围岩节理裂 隙发育，岩体破碎，掌子面存在滴渗水-线状出水，其中DyK1017+497 位置 附近存在掉块坍塌、出水及卡机风险'}",[],CONSISTENT,['tblv2_f8a000a6910a514e'],doc_ffbefe95742f621fcb678877,DyK1017+423.00_伯舒拉岭隧道进口右线地震波反射法超前地质预报报告(DyK1017+423～DyK1017+523)-20241107.pdf,DyK1017+494～DyK1017+500 段围岩节理裂 隙发育，岩体破碎，掌子面存在滴渗水-线状出水，其中DyK1017+497 位置 附近存在掉块坍塌、出水及卡机风险,"[{'span_id': 'span_01a83bea1bae778b', 'page_number': 10, 'bbox': None, 'raw_text': 'DyK1017+494～DyK1017+500 段围岩节理裂 隙发育，岩体破碎，掌子面存在滴渗水-线状出水，其中DyK1017+497 位置 附近存在掉块坍塌、出水及卡机风险', 'normalized_text': 'DyK1017+494～DyK1017+500 段围岩节理裂 隙发育，岩体破碎，掌子面存在滴渗水-线状出水，其中DyK1017+497 位置 附近存在掉块坍塌、出水及卡机风险', 'extraction_method': 'pymupdf_page_text', 'source_role': 'chapter_7_assertion', 'table_index': None, 'row_index': None, 'column_index': None}]",TSP_REPORT,"{'kind': <SpatialKind.INTERVAL: 'INTERVAL'>, 'start_chainage': 1017494.0, 'end_chainage': 1017500.0, 'raw_expression': 'DyK1017+494～DyK1017+500', 'basis': 'tsp_chapter_7_assertion'}"
assert_db026795fe49e7c3,BLOCK_FALL_SUMMARY,doc_ffbefe95742f621fcb678877_a0020,ffbefe95742f621fcb678877,{'block_fall_or_collapse': '掉块风险'},[],CONSISTENT,['tblv2_b70b2edd635634da'],doc_ffbefe95742f621fcb678877,DyK1017+423.00_伯舒拉岭隧道进口右线地震波反射法超前地质预报报告(DyK1017+423～DyK1017+523)-20241107.pdf,8 岩节理裂隙发育-极发育，岩体破碎-极破碎，掌子面存在滴渗水-线状出水， 其中DyK1017+500 位置附近存在掉块坍塌、出水及卡机风险；DyK1017+516 ～DyK1017+523 段围岩节理裂隙发育-极发育，岩体破碎-极破碎，掌子面存 在滴渗水，其中DyK1017+516 位置附近存在掉块坍塌及卡机风险。以上段 落在开挖后及时对左右两侧边墙处松动的岩块进行处理，对局部岩体破碎、 易掉块的位置应提前支护，防止掉块，如有异常及时上报，确保隧道施工和 人员安全，避免设备受损和卡机。对于出水段落必要时加强拱底防、排水措 施，同时存在软岩大变形，做好变形监测等措施。,"[{'span_id': 'span_ee5ba50df2334804', 'page_number': 11, 'bbox': None, 'raw_text': '8 岩节理裂隙发育-极发育，岩体破碎-极破碎，掌子面存在滴渗水-线状出水， 其中DyK1017+500 位置附近存在掉块坍塌、出水及卡机风险；DyK1017+516 ～DyK1017+523 段围岩节理裂隙发育-极发育，岩体破碎-极破碎，掌子面存 在滴渗水，其中DyK1017+516 位置附近存在掉块坍塌及卡机风险。以上段 落在开挖后及时对左右两侧边墙处松动的岩块进行处理，对局部岩体破碎、 易掉块的位置应提前支护，防止掉块，如有异常及时上报，确保隧道施工和 人员安全，避免设备受损和卡机。对于出水段落必要时加强拱底防、排水措 施，同时存在软岩大变形，做好变形监测等措施。', 'normalized_text': '8 岩节理裂隙发育-极发育，岩体破碎-极破碎，掌子面存在滴渗水-线状出水， 其中DyK1017+500 位置附近存在掉块坍塌、出水及卡机风险；DyK1017+516 ～DyK1017+523 段围岩节理裂隙发育-极发育，岩体破碎-极破碎，掌子面存 在滴渗水，其中DyK1017+516 位置附近存在掉块坍塌及卡机风险。以上段 落在开挖后及时对左右两侧边墙处松动的岩块进行处理，对局部岩体破碎、 易掉块的位置应提前支护，防止掉块，如有异常及时上报，确保隧道施工和 人员安全，避免设备受损和卡机。对于出水段落必要时加强拱底防、排水措 施，同时存在软岩大变形，做好变形监测等措施。', 'extraction_method': 'pymupdf_page_text', 'source_role': 'chapter_7_assertion', 'table_index': None, 'row_index': None, 'column_index': None}]",TSP_REPORT,"{'kind': <SpatialKind.INTERVAL: 'INTERVAL'>, 'start_chainage': 1017516.0, 'end_chainage': 1017523.0, 'raw_expression': 'DyK1017+516 ～DyK1017+523', 'basis': 'tsp_chapter_7_assertion'}"
assert_f569be036a801ac1,WATER_SUMMARY,doc_ffbefe95742f621fcb678877_a0021,ffbefe95742f621fcb678877,{'water_type': '滴渗水'},[],CONSISTENT,['tblv2_b70b2edd635634da'],doc_ffbefe95742f621fcb678877,DyK1017+423.00_伯舒拉岭隧道进口右线地震波反射法超前地质预报报告(DyK1017+423～DyK1017+523)-20241107.pdf,DyK1017+516 ～DyK1017+523 段围岩节理裂隙发育-极发育，岩体破碎-极破碎，掌子面存 在滴渗水，其中DyK1017+516 位置附近存在掉块坍塌及卡机风险,"[{'span_id': 'span_31b75a5d102354ac', 'page_number': 11, 'bbox': None, 'raw_text': 'DyK1017+516 ～DyK1017+523 段围岩节理裂隙发育-极发育，岩体破碎-极破碎，掌子面存 在滴渗水，其中DyK1017+516 位置附近存在掉块坍塌及卡机风险', 'normalized_text': 'DyK1017+516 ～DyK1017+523 段围岩节理裂隙发育-极发育，岩体破碎-极破碎，掌子面存 在滴渗水，其中DyK1017+516 位置附近存在掉块坍塌及卡机风险', 'extraction_method': 'pymupdf_page_text', 'source_role': 'chapter_7_assertion', 'table_index': None, 'row_index': None, 'column_index': None}]",TSP_REPORT,"{'kind': <SpatialKind.INTERVAL: 'INTERVAL'>, 'start_chainage': 1017516.0, 'end_chainage': 1017523.0, 'raw_expression': 'DyK1017+516 ～DyK1017+523', 'basis': 'tsp_chapter_7_assertion'}"
assert_22e5643a1c640d95,RISK_SUMMARY,doc_ffbefe95742f621fcb678877_a0022,ffbefe95742f621fcb678877,"{'risk_categories': ['掉块', '坍塌', '卡机'], 'source_risk_text': 'DyK1017+516 ～DyK1017+523 段围岩节理裂隙发育-极发育，岩体破碎-极破碎，掌子面存 在滴渗水，其中DyK1017+516 位置附近存在掉块坍塌及卡机风险'}",[],CONSISTENT,['tblv2_b70b2edd635634da'],doc_ffbefe95742f621fcb678877,DyK1017+423.00_伯舒拉岭隧道进口右线地震波反射法超前地质预报报告(DyK1017+423～DyK1017+523)-20241107.pdf,DyK1017+516 ～DyK1017+523 段围岩节理裂隙发育-极发育，岩体破碎-极破碎，掌子面存 在滴渗水，其中DyK1017+516 位置附近存在掉块坍塌及卡机风险,"[{'span_id': 'span_31b75a5d102354ac', 'page_number': 11, 'bbox': None, 'raw_text': 'DyK1017+516 ～DyK1017+523 段围岩节理裂隙发育-极发育，岩体破碎-极破碎，掌子面存 在滴渗水，其中DyK1017+516 位置附近存在掉块坍塌及卡机风险', 'normalized_text': 'DyK1017+516 ～DyK1017+523 段围岩节理裂隙发育-极发育，岩体破碎-极破碎，掌子面存 在滴渗水，其中DyK1017+516 位置附近存在掉块坍塌及卡机风险', 'extraction_method': 'pymupdf_page_text', 'source_role': 'chapter_7_assertion', 'table_index': None, 'row_index': None, 'column_index': None}]",TSP_REPORT,"{'kind': <SpatialKind.INTERVAL: 'INTERVAL'>, 'start_chainage': 1017516.0, 'end_chainage': 1017523.0, 'raw_expression': 'DyK1017+516 ～DyK1017+523', 'basis': 'tsp_chapter_7_assertion'}"
